timestamp,site
2013-11-12 13:36:12,fpdownload2.macromedia.com
2013-11-12 13:36:17,www.google.com
2013-11-12 13:37:05,www.google.fr
2013-11-12 13:37:06,apis.google.com
2013-11-12 13:37:07,www.google.com
2013-11-12 13:37:16,www.google.fr
2013-11-12 13:37:16,www.hotmail.fr
2013-11-12 13:37:16,apis.google.com
2013-11-12 13:37:16,www.google.com
2013-11-12 13:37:17,login.live.com
2013-11-12 13:37:19,login.live.com
2013-11-12 13:37:19,www.google.fr
2013-11-12 13:37:21,windowslive.tt.omtrdc.net
2013-11-12 13:37:32,windowslive.tt.omtrdc.net
2013-11-12 13:37:38,login.live.com
2013-11-12 13:37:40,login.live.com
2013-11-12 13:37:43,mail.live.com
2013-11-12 13:37:43,cid-12c08f65f558fcfe.users.storage.live.com
2013-11-12 13:37:44,dub112.mail.live.com
2013-11-12 13:37:44,h.live.com
2013-11-12 13:37:48,dub112.mail.live.com
2013-11-12 13:37:49,h.live.com
2013-11-12 13:37:49,people.directory.live.com
2013-11-12 13:37:49,windowslive.tt.omtrdc.net
2013-11-12 13:37:50,secure.shared.live.com
2013-11-12 13:37:50,h.live.com
2013-11-12 13:37:51,api.skype.com
2013-11-12 13:37:51,go.trouter.io
2013-11-12 13:37:51,js.live.net
2013-11-12 13:37:51,secure.shared.live.com
2013-11-12 13:37:52,dub112.mail.live.com
2013-11-12 13:37:52,login.live.com
2013-11-12 13:37:53,storage.live.com
2013-11-12 13:37:53,api.skype.com
2013-11-12 13:37:54,p.sfx.ms
2013-11-12 13:37:54,h.live.com
2013-11-12 13:37:55,prod.registrar.skype.com
2013-11-12 13:38:04,login.live.com
2013-11-12 13:38:05,dub112.mail.live.com
2013-11-12 13:38:11,secure.shared.live.com
2013-11-12 13:39:08,go.microsoft.com
2013-11-12 13:39:08,ieonline.microsoft.com
2013-11-12 13:39:11,h.live.com
2013-11-12 13:39:14,dub112.mail.live.com
2013-11-12 13:39:15,dub112.afx.ms
2013-11-12 13:39:41,dub112.mail.live.com
2013-11-12 13:40:49,dub112.mail.live.com
2013-11-12 13:41:25,p.sfx.ms
2013-11-12 13:41:50,api.skype.com
2013-11-12 13:42:53,dub112.afx.ms
2013-11-12 13:42:53,dub112.mail.live.com
2013-11-12 13:43:45,people.directory.live.com
2013-11-12 13:46:31,p.sfx.ms
2013-11-12 13:48:45,people.directory.live.com
2013-11-12 13:50:21,cid-12c08f65f558fcfe.users.storage.live.com
2013-11-12 13:53:46,people.directory.live.com
2013-11-12 13:53:54,office14client.microsoft.com
2013-11-12 13:53:55,office.microsoft.com
2013-11-12 13:53:56,office.microsoft.com
2013-11-12 13:53:57,office.microsoft.com
2013-11-12 13:54:33,h.live.com
2013-11-12 13:54:41,dub112.mail.live.com
2013-11-12 13:54:42,dub112.afx.ms
2013-11-12 13:57:20,dub112.mail.live.com
2013-11-12 13:57:23,dub112.afx.ms
2013-11-12 13:58:18,h.live.com
2013-11-12 13:58:26,dub112.mail.live.com
2013-11-12 13:58:28,dub112.afx.ms
2013-11-12 13:58:48,people.directory.live.com
2014-01-16 08:29:24,fpdownload2.macromedia.com
2014-01-16 08:29:30,ieonline.microsoft.com
2014-01-16 08:29:35,www.google.com
2014-01-16 08:29:35,www.bing.com
2014-01-16 08:29:55,www.google.fr
2014-01-16 08:29:56,www.google.com
2014-01-16 08:29:56,apis.google.com
2014-01-16 08:30:13,www.google.fr
2014-01-16 08:30:13,www.google.com
2014-01-16 08:30:13,apis.google.com
2014-01-16 08:31:30,ieonline.microsoft.com
2014-01-16 08:31:30,go.microsoft.com
2014-01-22 08:21:55,www.google.com
2014-01-22 08:23:55,go.microsoft.com
2014-01-22 08:23:55,ieonline.microsoft.com
2014-01-22 08:41:16,www.google.fr
2014-01-22 08:41:17,www.google.com
2014-01-22 08:41:17,apis.google.com
2014-01-22 08:42:58,www.google.fr
2014-01-22 08:43:15,apis.google.com
2014-01-22 08:43:15,www.google.com
2014-01-22 08:43:15,www.google.fr
2014-01-22 08:43:16,static.ccm2.net
2014-01-22 08:43:16,ajax.googleapis.com
2014-01-22 08:43:16,www.google.fr
2014-01-22 08:43:16,sante-medecine.commentcamarche.net
2014-01-22 08:43:16,home.edt02.net
2014-01-22 08:43:16,platform.twitter.com
2014-01-22 08:43:16,www.facebook.com
2014-01-22 08:43:16,static.commentcamarche.net
2014-01-22 08:43:16,r.ccm2.net
2014-01-22 08:43:16,ba.commentcamarche.net
2014-01-22 08:43:17,apis.google.com
2014-01-22 08:43:17,ajax.googleapis.com
2014-01-22 08:43:17,static.ccm2.net
2014-01-22 08:43:17,www.facebook.com
2014-01-22 08:43:18,accounts.google.com
2014-01-22 08:43:18,twitter.com
2014-01-22 08:43:18,apis.google.com
2014-01-22 08:43:19,connect.facebook.net
2014-01-22 08:43:19,twitter.com
2014-01-22 08:43:19,s-static.ak.facebook.com
2014-01-22 08:43:19,ba.commentcamarche.net
2014-01-22 08:43:19,pixel.alephd.com
2014-01-22 08:43:19,www.commentcamarche.net
2014-01-22 08:43:19,static.ccm2.net
2014-01-22 08:43:19,its.tradelab.fr
2014-01-22 08:43:19,static.ak.facebook.com
2014-01-22 08:43:19,www.facebook.com
2014-01-22 08:43:19,platform.twitter.com
2014-01-22 08:43:19,static.ccmbg.com
2014-01-22 08:43:39,www.google.fr
2014-01-22 08:43:39,lectures.revues.org
2014-01-22 08:43:40,edge.sharethis.com
2014-01-22 08:43:40,auth.openedition.org
2014-01-22 08:43:40,lectures.revues.org
2014-01-22 08:43:40,w.sharethis.com
2014-01-22 08:43:40,static.openedition.org
2014-01-22 08:43:50,twitter.com
2014-01-22 08:44:20,its.tradelab.fr
2014-01-22 08:45:19,sante-medecine.commentcamarche.net
2014-01-22 08:45:19,www.facebook.com
2014-01-22 08:45:57,www.santemagazine.fr
2014-01-22 08:45:57,www.google.fr
2014-01-22 08:45:58,www.santemagazine.fr
2014-01-22 08:45:58,wtpn.twenga.fr
2014-01-22 08:45:59,i10.twenga.com
2014-01-22 08:45:59,rbx-cdn-tpn.c4tw.net
2014-01-22 08:45:59,rbp.mxptint.net
2014-01-22 08:45:59,s0r.c4tw.net
2014-01-22 08:45:59,www.santemagazine.fr
2014-01-22 08:45:59,i11.twenga.com
2014-01-22 08:45:59,pr.ybp.yahoo.com
2014-01-22 08:45:59,videosfr.s3.amazonaws.com
2014-01-22 08:45:59,rp.gwallet.com
2014-01-22 08:46:00,www.santemagazine.fr
2014-01-22 08:46:00,pub.epresse.fr
2014-01-22 08:46:00,match.rtbidder.net
2014-01-22 08:46:01,pub.epresse.fr
2014-01-22 08:46:01,pixel2368.everesttech.net
2014-01-22 08:46:02,pub.epresse.fr
2014-01-22 08:46:03,pub.epresse.fr
2014-01-22 08:46:04,pub.epresse.fr
2014-01-22 08:46:07,www.google.fr
2014-01-22 08:46:09,www.youtube.com
2014-01-22 08:46:09,runners.fr
2014-01-22 08:46:09,ajax.googleapis.com
2014-01-22 08:46:10,graph.facebook.com
2014-01-22 08:46:10,s-static.ak.facebook.com
2014-01-22 08:46:10,runners.fr
2014-01-22 08:46:10,static.ak.facebook.com
2014-01-22 08:46:10,s.ytimg.com
2014-01-22 08:46:10,www.facebook.com
2014-01-22 08:46:11,s.ytimg.com
2014-01-22 08:46:12,s.ytimg.com
2014-01-22 08:46:13,s.ytimg.com
2014-01-22 08:46:13,runners.fr
2014-01-22 08:46:13,i1.ytimg.com
2014-01-22 08:46:14,i1.ytimg.com
2014-01-22 08:46:15,www.google.fr
2014-01-22 08:46:17,www.e-sante.fr
2014-01-22 08:46:18,apis.google.com
2014-01-22 08:46:18,www.e-sante.fr
2014-01-22 08:46:18,platform.twitter.com
2014-01-22 08:46:18,www.facebook.com
2014-01-22 08:46:18,d2zwke71d0db6m.cloudfront.net
2014-01-22 08:46:19,apis.google.com
2014-01-22 08:46:19,accounts.google.com
2014-01-22 08:46:19,www.e-sante.fr
2014-01-22 08:46:19,platform.twitter.com
2014-01-22 08:46:20,apis.google.com
2014-01-22 08:46:20,www.facebook.com
2014-01-22 08:46:20,www.e-sante.fr
2014-01-22 08:46:20,platform.twitter.com
2014-01-22 08:46:21,twitter.com
2014-01-22 08:46:21,ce.lijit.com
2014-01-22 08:46:21,www.facebook.com
2014-01-22 08:46:22,www.google.com
2014-01-22 08:46:22,twitter.com
2014-01-22 08:46:23,adventori.com
2014-01-22 08:46:23,www.google.fr
2014-01-22 08:46:25,static.ak.connect.facebook.com
2014-01-22 08:46:25,widgets.twimg.com
2014-01-22 08:46:25,www.cliniquestamour.com
2014-01-22 08:46:25,www.google.fr
2014-01-22 08:46:26,www.cliniquestamour.com
2014-01-22 08:46:26,dpi1c6z6qg9qf.cloudfront.net
2014-01-22 08:46:27,www.cliniquestamour.com
2014-01-22 08:46:27,tutorialize.s3.amazonaws.com
2014-01-22 08:46:27,tutorialize.me
2014-01-22 08:46:28,static.ak.facebook.com
2014-01-22 08:46:28,www.santemagazine.fr
2014-01-22 08:46:28,www.facebook.com
2014-01-22 08:46:28,www.cliniquestamour.com
2014-01-22 08:46:28,s-static.ak.facebook.com
2014-01-22 08:46:29,www.cliniquestamour.com
2014-01-22 08:46:31,www.santemagazine.fr
2014-01-22 08:46:31,www.cliniquestamour.com
2014-01-22 08:46:48,runners.fr
2014-01-22 08:46:49,pixel2368.everesttech.net
2014-01-22 08:47:32,www.e-sante.fr
2014-01-22 08:47:35,www.e-sante.fr
2014-01-22 08:49:24,pub.epresse.fr
2014-01-22 08:49:25,pub.epresse.fr
2014-01-22 08:53:05,www.google.fr
2014-01-22 08:53:05,sport-exces.kazeo.com
2014-01-22 08:53:06,sport-exces.kazeo.com
2014-01-22 08:53:06,style2.ad6.fr
2014-01-22 08:53:06,api.adyoulike.com
2014-01-22 08:53:06,www.kazeo.com
2014-01-22 08:53:06,connect.facebook.net
2014-01-22 08:53:06,ei4nytn1w8.s.ad6media.fr
2014-01-22 08:53:06,static.ak.facebook.com
2014-01-22 08:53:06,s-static.ak.facebook.com
2014-01-22 08:53:06,platform.twitter.com
2014-01-22 08:53:06,gtbvm6ujqk.s.ad6media.fr
2014-01-22 08:53:07,accounts.google.com
2014-01-22 08:53:07,apis.google.com
2014-01-22 08:53:07,code.jquery.com
2014-01-22 08:53:07,www.facebook.com
2014-01-22 08:53:07,cdnjs.cloudflare.com
2014-01-22 08:53:08,sport-exces.kazeo.com
2014-01-22 08:53:08,style2.ad6.fr
2014-01-22 08:53:08,www.facebook.com
2014-01-22 08:53:08,ei4nytn1w8.s.ad6media.fr
2014-01-22 08:53:08,images.orangepublicite.fr
2014-01-22 08:53:08,accounts.google.com
2014-01-22 08:53:08,apis.google.com
2014-01-22 08:53:09,twitter.com
2014-01-22 08:53:09,sport-exces.kazeo.com
2014-01-22 08:53:09,www.toner.fr
2014-01-22 08:53:10,twitter.com
2014-01-22 08:53:10,visuels.toner.fr
2014-01-22 08:53:10,www.toner.fr
2014-01-22 08:53:10,dc1w54.wysistat.com
2014-01-22 08:53:11,www.google.fr
2014-01-22 08:53:11,ajax.googleapis.com
2014-01-22 08:53:11,rainbow-fr.mythings.com
2014-01-22 08:53:11,ei4nytn1w8.s.ad6media.fr
2014-01-22 08:53:11,s3.amazonaws.com
2014-01-22 08:53:11,www.google.com
2014-01-22 08:53:12,eagle.email-match.com
2014-01-22 08:53:12,dpm.zebestof.com
2014-01-22 08:53:12,deliv.leboncoin.fr
2014-01-22 08:53:12,s3.amazonaws.com
2014-01-22 08:53:12,atout.email-match.com
2014-01-22 08:53:13,atout.email-match.com
2014-01-22 08:53:13,www.toner.fr
2014-01-22 08:53:13,rainbow-fr.mythings.com
2014-01-22 08:53:13,cookieb.mythings.com
2014-01-22 08:53:13,www.facebook.com
2014-01-22 08:53:13,www.google.fr
2014-01-22 08:53:13,asset.email-match.com
2014-01-22 08:53:13,www.google.com
2014-01-22 08:53:13,fbrainboweu-va-p.mythings.com
2014-01-22 08:53:13,eagle.email-match.com
2014-01-22 08:53:14,cookieb.mythings.com
2014-01-22 08:53:16,y.one.impact-ad.jp
2014-01-22 08:53:16,ce.lijit.com
2014-01-22 08:53:17,y.one.impact-ad.jp
2014-01-22 08:53:18,dtm.eastbay.com
2014-01-22 08:53:18,apnx-match.dotomi.com
2014-01-22 08:53:26,www.toner.fr
2014-01-22 08:53:26,style2.ad6.fr
2014-01-22 08:53:26,ei4nytn1w8.s.ad6media.fr
2014-01-22 08:54:30,www.google.fr
2014-01-22 08:54:56,www.google.fr
2014-01-22 08:54:57,grandquebec.com
2014-01-22 08:54:57,adcontrol.cherchons.com
2014-01-22 08:54:58,developer.android.com
2014-01-22 08:54:58,grandquebec.com
2014-01-22 08:54:58,www.grandquebec.com
2014-01-22 08:54:59,adcontrol.cherchons.com
2014-01-22 08:54:59,grandquebec.com
2014-01-22 08:54:59,img5.cherchons.com
2014-01-22 08:55:00,s-static.ak.facebook.com
2014-01-22 08:55:00,cs.specificclick.net
2014-01-22 08:55:00,www.google.fr
2014-01-22 08:55:00,loadr.exelator.com
2014-01-22 08:55:00,static.ak.facebook.com
2014-01-22 08:55:00,t.brand-server.com
2014-01-22 08:55:00,www.facebook.com
2014-01-22 08:55:01,loadr.exelator.com
2014-01-22 08:55:01,grandquebec.com
2014-01-22 08:55:01,accounts.google.com
2014-01-22 08:55:01,apis.google.com
2014-01-22 08:55:02,rqasf.qc.ca
2014-01-22 08:55:03,twitter.com
2014-01-22 08:55:03,platform.twitter.com
2014-01-22 08:55:03,rqasf.qc.ca
2014-01-22 08:55:05,www.google.fr
2014-01-22 08:55:05,courirauzes.midiblogs.com
2014-01-22 08:55:05,blogs-admin.midilibre.fr
2014-01-22 08:55:05,www.google.com
2014-01-22 08:55:05,static.blogs.midilibre.com
2014-01-22 08:55:05,blogs-admin.journaux-du-midi.com
2014-01-22 08:55:05,www.compteur.org
2014-01-22 08:55:05,www.i-tchat.com
2014-01-22 08:55:06,www.googleapis.com
2014-01-22 08:55:06,courirauzes.midiblogs.com
2014-01-22 08:55:06,static.blogs.midilibre.com
2014-01-22 08:55:06,www.i-tchat.com
2014-01-22 08:55:06,ghgkmy8j7y.s.ad6media.fr
2014-01-22 08:55:06,clients1.google.com
2014-01-22 08:55:06,www.google.com
2014-01-22 08:55:06,picasaweb.google.com
2014-01-22 08:55:07,picasaweb.google.com
2014-01-22 08:55:08,lh4.ggpht.com
2014-01-22 08:55:08,lh3.ggpht.com
2014-01-22 08:55:08,picasaweb.google.com
2014-01-22 08:55:08,www.googleapis.com
2014-01-22 08:55:08,lh5.ggpht.com
2014-01-22 08:55:11,lh6.ggpht.com
2014-01-22 08:55:34,twitter.com
2014-01-22 08:55:35,lh6.ggpht.com
2014-01-22 08:55:59,lh3.ggpht.com
2014-01-22 08:56:01,style2.ad6.fr
2014-01-22 08:56:01,m.ad6media.fr
2014-01-22 08:56:01,ghgkmy8j7y.s.ad6media.fr
2014-01-22 08:56:02,m.ad6media.fr
2014-01-22 08:56:24,lh3.ggpht.com
2014-01-22 08:56:50,lh4.ggpht.com
2014-01-22 09:30:03,ad.foxitsoftware.com
2014-01-22 09:34:40,www.google.fr
2014-01-22 09:34:51,clients1.google.fr
2014-01-22 09:34:51,www.google.fr
2014-01-22 09:35:01,www.google.fr
2014-01-22 09:35:14,clients1.google.fr
2014-01-22 09:35:14,www.google.fr
2014-01-22 09:35:38,www.google.fr
2014-01-22 09:35:39,www.google.fr
2014-01-22 09:35:39,ajax.googleapis.com
2014-01-22 09:35:39,runners.fr
2014-01-22 09:35:39,connect.facebook.net
2014-01-22 09:35:39,www.youtube.com
2014-01-22 09:35:39,apis.google.com
2014-01-22 09:35:39,s-static.ak.facebook.com
2014-01-22 09:35:39,static.ak.facebook.com
2014-01-22 09:35:41,i1.ytimg.com
2014-01-22 09:35:41,www.facebook.com
2014-01-22 09:35:42,i1.ytimg.com
2014-01-22 09:35:42,www.facebook.com
2014-01-22 09:35:42,www.google.fr
2014-01-22 09:35:42,graph.facebook.com
2014-01-22 09:41:32,www.google.fr
2014-01-22 09:41:50,static.ccmbg.com
2014-01-22 09:41:50,www.google.fr
2014-01-22 09:41:50,www.linternaute.com
2014-01-22 09:41:50,ajax.googleapis.com
2014-01-22 09:41:50,r.ccmbg.com
2014-01-22 09:41:51,www.linternaute.com
2014-01-22 09:41:51,r.ccmbg.com
2014-01-22 09:41:51,static.ccmbg.com
2014-01-22 09:41:51,ajax.googleapis.com
2014-01-22 09:41:51,dab.linternaute.com
2014-01-22 09:41:51,home.edt02.net
2014-01-22 09:41:52,static.ccmbg.com
2014-01-22 09:41:52,dab.linternaute.com
2014-01-22 09:41:52,p.ccmbg.com
2014-01-22 09:41:52,player.ooyala.com
2014-01-22 09:41:52,pixel.alephd.com
2014-01-22 09:41:52,www.linternaute.com
2014-01-22 09:41:53,r.ccmbg.com
2014-01-22 09:41:53,player.ooyala.com
2014-01-22 09:41:53,www.facebook.com
2014-01-22 09:41:53,www.francetvinfo.fr
2014-01-22 09:41:53,www.linternaute.com
2014-01-22 09:41:53,pixel.alephd.com
2014-01-22 09:41:53,cdn-api.ooyala.com
2014-01-22 09:41:53,mm.eulerian.net
2014-01-22 09:41:53,i-linter.linternaute.com
2014-01-22 09:41:53,video.journaldesfemmes.com
2014-01-22 09:41:53,static.ccmbg.com
2014-01-22 09:41:54,static.ccmbg.com
2014-01-22 09:41:54,player.ooyala.com
2014-01-22 09:41:54,ak.c.ooyala.com
2014-01-22 09:41:54,r.ccmbg.com
2014-01-22 09:41:55,ec.c.ooyala.com
2014-01-22 09:41:55,ak.c.ooyala.com
2014-01-22 09:41:55,r.ccmbg.com
2014-01-22 09:41:55,l.ooyala.com
2014-01-22 09:41:56,www.groupon.fr
2014-01-22 09:41:56,l.ooyala.com
2014-01-22 09:41:59,opf.ooyala.com
2014-01-22 09:42:01,home.edt02.net
2014-01-22 09:42:01,www.facebook.com
2014-01-22 09:42:01,ba.commentcamarche.net
2014-01-22 09:42:01,platform.twitter.com
2014-01-22 09:42:01,www.google.fr
2014-01-22 09:42:01,sante-medecine.commentcamarche.net
2014-01-22 09:42:02,apis.google.com
2014-01-22 09:42:02,www.facebook.com
2014-01-22 09:42:02,twitter.com
2014-01-22 09:42:03,www.facebook.com
2014-01-22 09:42:03,platform.twitter.com
2014-01-22 09:42:03,static.ak.facebook.com
2014-01-22 09:42:03,twitter.com
2014-01-22 09:42:03,apis.google.com
2014-01-22 09:42:03,s-static.ak.facebook.com
2014-01-22 09:42:03,pixel.alephd.com
2014-01-22 09:42:05,adventori.com
2014-01-22 09:42:33,twitter.com
2014-02-19 08:14:31,www.google.fr
2014-02-19 08:14:32,apis.google.com
2014-02-19 08:14:34,www.google.com
2014-02-19 08:14:41,www.google.com
2014-02-19 08:14:41,apis.google.com
2014-02-19 08:14:41,www.google.fr
2014-02-19 08:15:10,player.vimeo.com
2014-02-19 08:17:08,ieonline.microsoft.com
2014-02-19 08:57:12,www.google.fr
2014-02-19 08:57:51,www.google.fr
2014-02-19 08:57:51,www.lefigaro.fr
2014-02-19 08:57:51,admin.brightcove.com
2014-02-19 08:57:51,assets1.lefigaro.fr
2014-02-19 08:57:51,assets2.lefigaro.fr
2014-02-19 08:57:51,assets4.lefigaro.fr
2014-02-19 08:57:51,assets3.lefigaro.fr
2014-02-19 08:57:51,plus.lefigaro.fr
2014-02-19 08:57:51,recette.master.assets.dev.lefigaro.fr
2014-02-19 08:57:51,api.fidji.lefigaro.fr
2014-02-19 08:57:52,assets1.lefigaro.fr
2014-02-19 08:57:52,assets2.lefigaro.fr
2014-02-19 08:57:52,www.lefigaro.fr
2014-02-19 08:57:54,www.lefigaro.fr
2014-02-19 08:57:56,www.lefigaro.fr
2014-02-19 08:58:03,www.lefigaro.fr
2014-02-19 08:58:03,plus.lefigaro.fr
2014-02-19 08:58:03,assets4.lefigaro.fr
2014-02-19 08:58:03,ajax.googleapis.com
2014-02-19 08:58:04,plus.lefigaro.fr
2014-02-19 08:58:04,assets3.lefigaro.fr
2014-02-19 08:58:04,assets1.lefigaro.fr
2014-02-19 08:58:04,assets-data.lefigaro.fr
2014-02-19 08:58:05,assets1.lefigaro.fr
2014-02-19 08:58:05,videosfr.s3.amazonaws.com
2014-02-19 08:58:05,api.fidji.lefigaro.fr
2014-02-19 08:58:05,assets2.lefigaro.fr
2014-02-19 08:58:06,assets3.lefigaro.fr
2014-02-19 08:58:06,assets1.lefigaro.fr
2014-02-19 08:58:07,fpdownload2.macromedia.com
2014-02-19 08:58:07,s374.meetrics.net
2014-02-19 08:58:07,www.lefigaro.fr
2014-02-19 08:58:07,recette.master.assets.dev.lefigaro.fr
2014-02-19 08:58:08,recette.master.assets.dev.lefigaro.fr
2014-02-19 08:58:08,rubicon-match.dotomi.com
2014-02-19 08:58:08,dtm.neimanmarcus.com
2014-02-19 08:58:09,fr.ad4mat.net
2014-02-19 08:58:10,recette.master.assets.dev.lefigaro.fr
2014-02-19 08:58:10,pr.ybp.yahoo.com
2014-02-19 08:58:11,rp.gwallet.com
2014-02-19 08:58:11,dnn506yrbagrg.cloudfront.net
2014-02-19 08:58:11,assets3.lefigaro.fr
2014-02-19 08:58:12,assets3.lefigaro.fr
2014-02-19 08:58:12,assets-pub.lefigaro.fr
2014-02-19 08:58:12,assets2.lefigaro.fr
2014-02-19 08:58:12,um.simpli.fi
2014-02-19 08:58:12,match.rtbidder.net
2014-02-19 08:58:13,www.lefigaro.fr
2014-02-19 08:58:13,i1-js-14-3-01-10340-730059647-i.init.cedexis-radar.net
2014-02-19 08:58:13,ec2-us-west-1a.cedexis.com
2014-02-19 08:58:14,ec2-us-west-1a.cedexis.com
2014-02-19 08:58:15,i1-js-14-3-01-10036-377510624-i.init.cedexis-radar.net
2014-02-19 08:58:15,i1-js-14-3-01-10036-223829590-i.init.cedexis-radar.net
2014-02-19 08:58:16,cloudfront-dsa.cedexis.com
2014-02-19 08:58:16,creative.us.cf.adotube.com
2014-02-19 08:58:17,cloudfront-dsa.cedexis.com
2014-02-19 08:58:17,creative.us.cf.adotube.com
2014-02-19 08:58:18,www.lefigaro.fr
2014-02-19 08:58:19,www.lefigaro.fr
2014-02-19 08:58:21,static.ak.facebook.com
2014-02-19 08:58:21,connect.facebook.net
2014-02-19 08:58:21,s-static.ak.facebook.com
2014-02-19 08:58:24,apis.google.com
2014-02-19 08:58:28,pixel2368.everesttech.net
2014-02-19 08:58:30,assets1.lefigaro.fr
2014-02-19 08:58:41,fr.ad4mat.net
2014-02-19 08:58:41,static.ad4mat.net
2014-02-19 08:58:41,cyrillus.commander1.com
2014-02-19 08:58:41,media.cyrillus.fr
2014-02-19 08:58:41,ea.numericable.fr
2014-02-19 08:58:41,connect.facebook.net
2014-02-19 08:58:41,platform.twitter.com
2014-02-19 08:59:34,www.google.fr
2014-02-19 08:59:41,pixel2368.everesttech.net
2014-02-19 09:00:41,apis.google.com
2014-02-19 09:00:53,assets4.lefigaro.fr
2014-02-19 09:00:53,www.lefigaro.fr
2014-02-19 09:00:54,api.fidji.lefigaro.fr
2014-02-19 09:00:54,assets2.lefigaro.fr
2014-02-19 09:00:54,plus.lefigaro.fr
2014-02-19 09:00:54,connect.facebook.net
2014-02-19 09:00:54,assets5.lefigaro.fr
2014-02-19 09:00:54,www.lefigaro.fr
2014-02-19 09:00:54,ajax.googleapis.com
2014-02-19 09:00:54,assets6.lefigaro.fr
2014-02-19 09:01:06,ajax.googleapis.com
2014-02-19 09:01:07,assets4.lefigaro.fr
2014-02-19 09:01:07,assets5.lefigaro.fr
2014-02-19 09:01:07,api.fidji.lefigaro.fr
2014-02-19 09:01:07,www.facebook.com
2014-02-19 09:01:08,ajax.googleapis.com
2014-02-19 09:01:08,www.lefigaro.fr
2014-02-19 09:01:08,s-static.ak.facebook.com
2014-02-19 09:01:08,plus.lefigaro.fr
2014-02-19 09:01:08,assets4.lefigaro.fr
2014-02-19 09:01:08,assets-pub.lefigaro.fr
2014-02-19 09:01:08,static.ak.facebook.com
2014-02-19 09:01:08,assets5.lefigaro.fr
2014-02-19 09:01:09,apis.google.com
2014-02-19 09:01:09,platform.twitter.com
2014-02-19 09:01:09,www.facebook.com
2014-02-19 09:01:09,rbp.mxptint.net
2014-02-19 09:01:09,foglio.basilic.io
2014-02-19 09:01:09,www.lefigaro.fr
2014-02-19 09:01:09,www.ticketac.com
2014-02-19 09:01:09,assets5.lefigaro.fr
2014-02-19 09:01:09,platform.linkedin.com
2014-02-19 09:01:09,lefigaro.fr
2014-02-19 09:01:09,dnn506yrbagrg.cloudfront.net
2014-02-19 09:01:09,www.linkedin.com
2014-02-19 09:01:10,api.fidji.lefigaro.fr
2014-02-19 09:01:10,www.lefigaro.fr
2014-02-19 09:01:10,assets6.lefigaro.fr
2014-02-19 09:01:10,plus.lefigaro.fr
2014-02-19 09:01:11,assets4.lefigaro.fr
2014-02-19 09:01:11,plus.lefigaro.fr
2014-02-19 09:01:11,static.ak.facebook.com
2014-02-19 09:01:11,www.facebook.com
2014-02-19 09:01:11,api.fidji.lefigaro.fr
2014-02-19 09:01:11,s-static.ak.facebook.com
2014-02-19 09:01:12,accounts.google.com
2014-02-19 09:01:13,video.lefigaro.fr
2014-02-19 09:01:14,www.linkedin.com
2014-02-19 09:01:14,platform.linkedin.com
2014-02-19 09:01:14,foglio.basilic.io
2014-02-19 09:01:14,dnn506yrbagrg.cloudfront.net
2014-02-19 09:01:14,c1.adform.net
2014-02-19 09:01:14,www.facebook.com
2014-02-19 09:01:19,twitter.com
2014-02-19 09:01:24,twitter.com
2014-02-19 09:01:24,apis.google.com
2014-02-19 09:01:24,accounts.google.com
2014-02-19 09:01:25,apis.google.com
2014-02-19 09:01:26,apis.google.com
2014-02-19 09:01:30,plus.lefigaro.fr
2014-02-19 09:01:30,api.fidji.lefigaro.fr
2014-02-19 09:01:32,i1-js-14-3-01-10077-143916929-i.init.cedexis-radar.net
2014-02-19 09:01:33,i1-js-14-3-01-10036-985244351-i.init.cedexis-radar.net
2014-02-19 09:01:33,transact-can.cedexis.com
2014-02-19 09:01:34,api.fidji.lefigaro.fr
2014-02-19 09:01:34,netdna.cedexis.com
2014-02-19 09:01:34,level3.cedexis.com
2014-02-19 09:01:34,twitter.com
2014-02-19 09:01:35,netdna.cedexis.com
2014-02-19 09:01:35,plus.lefigaro.fr
2014-02-19 09:01:37,i1-js-14-3-01-10036-660807096-i.init.cedexis-radar.net
2014-02-19 09:01:37,br.ecritel.bench.cedexis.com
2014-02-19 09:01:38,www.lefigaro.fr
2014-02-19 09:01:38,cloudfront.cedexis.com
2014-02-19 09:01:38,akamai.cedexis.com
2014-02-19 09:01:39,sita-fra.bench.cedexis.com
2014-02-19 09:01:40,www.lefigaro.fr
2014-02-19 09:01:41,www.lefigaro.fr
2014-02-19 09:01:49,twitter.com
2014-02-19 09:01:50,twitter.com
2014-02-19 09:01:54,twitter.com
2014-02-19 09:02:02,www.linkedin.com
2014-02-19 09:03:40,www.lefigaro.fr
2014-02-19 09:03:41,apis.google.com
2014-02-19 09:04:10,www.google.fr
2014-02-19 09:04:11,jeuxde.com
2014-02-19 09:04:11,feeds.feedburner.com
2014-02-19 09:04:11,self-promo.com
2014-02-19 09:04:11,jeux.chauffeurdebuzz.com
2014-02-19 09:04:11,komo.fr
2014-02-19 09:04:11,www.chauffeurdebuzz.com
2014-02-19 09:04:11,www.facebook.com
2014-02-19 09:04:12,komo.fr
2014-02-19 09:04:12,www.chauffeurdebuzz.com
2014-02-19 09:04:21,www.google.fr
2014-02-19 09:04:25,www.google.fr
2014-02-19 09:04:25,www.linkedin.com
2014-02-19 09:04:26,www.lefigaro.fr
2014-02-19 09:05:09,www.google.fr
2014-02-19 09:05:17,www.google.fr
2014-02-19 09:05:22,www.google.fr
2014-02-19 09:05:24,www.ladocumentationfrancaise.fr
2014-02-19 09:05:24,business.pinterest.com
2014-02-19 09:05:25,www.ladocumentationfrancaise.fr
2014-02-19 09:05:27,www.google.fr
2014-02-19 09:05:27,www.ladocumentationfrancaise.fr
2014-02-19 09:06:29,www.google.fr
2014-02-19 09:06:29,www.atlantico.fr
2014-02-19 09:06:30,www.atlantico.fr
2014-02-19 09:06:30,platform.twitter.com
2014-02-19 09:06:30,api.adyoulike.com
2014-02-19 09:06:30,www.facebook.com
2014-02-19 09:06:30,pixel.alephd.com
2014-02-19 09:06:30,player.mediabong.com
2014-02-19 09:06:31,its.tradelab.fr
2014-02-19 09:06:31,pixel.alephd.com
2014-02-19 09:06:32,platform.twitter.com
2014-02-19 09:06:32,static.videostep.com
2014-02-19 09:06:32,www.facebook.com
2014-02-19 09:06:32,s-static.ak.facebook.com
2014-02-19 09:06:32,kweb.videostep.com
2014-02-19 09:06:32,www.atlantico.fr
2014-02-19 09:06:32,pixel.alephd.com
2014-02-19 09:06:32,its.tradelab.fr
2014-02-19 09:06:32,static.ak.facebook.com
2014-02-19 09:06:32,connect.facebook.net
2014-02-19 09:06:32,mm.eulerian.net
2014-02-19 09:06:33,its.tradelab.fr
2014-02-19 09:06:33,platform.twitter.com
2014-02-19 09:06:33,static.videostep.com
2014-02-19 09:06:33,u.videostep.com
2014-02-19 09:06:33,rp.gwallet.com
2014-02-19 09:06:34,its.tradelab.fr
2014-02-19 09:06:34,rp.gwallet.com
2014-02-19 09:06:35,player.mediabong.com
2014-02-19 09:06:35,s.videostep.com
2014-02-19 09:06:35,static.mediabong.com
2014-02-19 09:06:35,korriban.mediabong.com
2014-02-19 09:06:35,kweb.videostep.com
2014-02-19 09:06:35,u.videostep.com
2014-02-19 09:06:35,api.adyoulike.com
2014-02-19 09:06:35,static.videostep.com
2014-02-19 09:06:36,korriban.mediabong.com
2014-02-19 09:06:36,www.atlantico.fr
2014-02-19 09:06:36,files.player.mediabong.com
2014-02-19 09:06:36,static.mediabong.com
2014-02-19 09:06:37,korriban.mediabong.com
2014-02-19 09:06:37,video.mediabong.com
2014-02-19 09:06:37,s.videostep.com
2014-02-19 09:06:37,platform.twitter.com
2014-02-19 09:06:37,www.facebook.com
2014-02-19 09:06:40,s.videostep.com
2014-02-19 09:06:42,twitter.com
2014-02-19 09:06:50,s.videostep.com
2014-02-19 09:07:10,s.videostep.com
2014-02-19 09:07:13,twitter.com
2014-02-19 09:07:44,www.google.fr
2014-02-19 09:07:48,www.google.fr
2014-02-19 09:07:50,s.videostep.com
2014-02-19 09:07:51,www.google.fr
2014-02-19 09:07:56,www.google.fr
2014-02-19 09:07:58,www.google.fr
2014-02-19 09:08:16,www.google.fr
2014-02-19 09:08:20,clients1.google.fr
2014-02-19 09:08:21,www.google.fr
2014-02-19 09:08:21,www.franceinter.fr
2014-02-19 09:08:26,clients1.google.fr
2014-02-19 09:08:26,www.facebook.com
2014-02-19 09:08:26,www.franceinter.fr
2014-02-19 09:08:26,code.jquery.com
2014-02-19 09:08:27,www.franceinter.fr
2014-02-19 09:08:28,www.facebook.com
2014-02-19 09:08:28,ajax.googleapis.com
2014-02-19 09:08:28,www.dailymotion.com
2014-02-19 09:08:28,www.franceinter.fr
2014-02-19 09:08:29,www.franceinter.fr
2014-02-19 09:08:29,dnn506yrbagrg.cloudfront.net
2014-02-19 09:08:29,apis.google.com
2014-02-19 09:08:29,www.dailymotion.com
2014-02-19 09:08:31,accounts.google.com
2014-02-19 09:08:41,www.google.fr
2014-02-19 09:08:45,clients1.google.fr
2014-02-19 09:08:45,www.google.fr
2014-02-19 09:08:45,accounts.google.com
2014-02-19 09:08:45,apis.google.com
2014-02-19 09:08:57,www.google.fr
2014-02-19 09:08:59,www.google.fr
2014-02-19 09:09:00,www.google.fr
2014-02-19 09:09:04,www.google.fr
2014-02-19 09:09:05,csimg.leguide.com
2014-02-19 09:09:05,statsweb.proxad.net
2014-02-19 09:09:05,img3.free.fr
2014-02-19 09:09:05,portail.free.fr
2014-02-19 09:09:05,actualite.portail.free.fr
2014-02-19 09:09:05,i.huffpost.com
2014-02-19 09:09:05,www.google.fr
2014-02-19 09:09:05,player.mediabong.com
2014-02-19 09:09:05,endor.mediabong.com
2014-02-19 09:09:07,api.adyoulike.com
2014-02-19 09:09:07,csimg.leguide.com
2014-02-19 09:09:07,img3.free.fr
2014-02-19 09:09:08,x2.vindicosuite.com
2014-02-19 09:09:08,actualite.portail.free.fr
2014-02-19 09:09:08,endor.mediabong.com
2014-02-19 09:09:08,premium.hi-mediaserver.com
2014-02-19 09:09:08,choices.truste.com
2014-02-19 09:09:09,eulerian.canal-plus.com
2014-02-19 09:09:21,clients1.google.fr
2014-02-19 09:09:21,www.google.fr
2014-02-19 09:11:28,www.google.fr
2014-02-19 09:13:00,bits.wikimedia.org
2014-02-19 09:13:00,fr.wikipedia.org
2014-02-19 09:13:00,login.wikimedia.org
2014-02-19 09:13:00,meta.wikimedia.org
2014-02-19 09:13:00,www.google.fr
2014-02-19 09:13:02,bits.wikimedia.org
2014-02-19 09:13:02,meta.wikimedia.org
2014-02-19 09:13:02,fr.wikipedia.org
2014-02-19 09:13:29,clients1.google.fr
2014-02-19 09:13:29,www.google.fr
2014-02-19 09:13:41,www.google.fr
2014-02-19 09:13:44,www.google.fr
2014-02-19 09:13:52,www.google.fr
2014-02-19 09:13:52,www.europebybike.info
2014-02-19 09:13:53,www.europebybike.info
2014-02-19 09:13:53,cdnjs.cloudflare.com
2014-02-19 09:14:00,www.europebybike.info
2014-02-19 09:14:04,www.google.fr
2014-02-19 09:16:08,www.google.fr
2014-02-19 09:37:38,www.atlantico.fr
2014-02-19 09:37:39,www.atlantico.fr
2014-02-19 09:37:39,platform.twitter.com
2014-02-19 09:37:39,api.adyoulike.com
2014-02-19 09:37:39,player.mediabong.com
2014-02-19 09:37:39,www.facebook.com
2014-02-19 09:37:39,listener.ezakus.net
2014-02-19 09:37:40,pixel.alephd.com
2014-02-19 09:37:40,images.orangepublicite.fr
2014-02-19 09:37:41,its.tradelab.fr
2014-02-19 09:37:41,pixel.alephd.com
2014-02-19 09:37:42,videosfr.s3.amazonaws.com
2014-02-19 09:37:42,connect.facebook.net
2014-02-19 09:37:42,static.ak.facebook.com
2014-02-19 09:37:42,s-static.ak.facebook.com
2014-02-19 09:37:42,pixel.alephd.com
2014-02-19 09:37:43,kweb.videostep.com
2014-02-19 09:37:43,www.atlantico.fr
2014-02-19 09:37:43,static.videostep.com
2014-02-19 09:37:43,www.facebook.com
2014-02-19 09:37:43,platform.twitter.com
2014-02-19 09:37:43,u.videostep.com
2014-02-19 09:37:44,api.adyoulike.com
2014-02-19 09:37:44,its.tradelab.fr
2014-02-19 09:37:44,u.videostep.com
2014-02-19 09:37:44,adventori.com
2014-02-19 09:37:44,kweb.videostep.com
2014-02-19 09:37:44,s.videostep.com
2014-02-19 09:37:44,static.videostep.com
2014-02-19 09:37:48,api.adyoulike.com
2014-02-19 09:37:48,static.mediabong.com
2014-02-19 09:37:48,player.mediabong.com
2014-02-19 09:37:48,s.videostep.com
2014-02-19 09:37:48,twitter.com
2014-02-19 09:37:50,um.simpli.fi
2014-02-19 09:37:50,apnx-match.dotomi.com
2014-02-19 09:37:50,dtm.crateandbarrel.com
2014-02-19 09:37:51,i1-js-14-3-01-10077-809957463-i.init.cedexis-radar.net
2014-02-19 09:37:52,iad.rackspace.bench.cedexis.com
2014-02-19 09:37:53,transact-can.cedexis.com
2014-02-19 09:37:54,fastly.bench.cedexis.com
2014-02-19 09:37:54,fastly.bench.cedexis.com.global.prod.fastly.net
2014-02-19 09:37:55,fastly.bench.cedexis.com
2014-02-19 09:37:57,probe.cedexis.org
2014-02-19 09:37:58,s.videostep.com
2014-02-19 09:37:58,probe.cedexis.org
2014-02-19 09:38:19,s.videostep.com
2014-02-19 09:38:58,platform.twitter.com
2014-02-19 09:38:59,s.videostep.com
2014-02-19 09:43:26,www.google.fr
2014-02-19 09:43:27,www.europebybike.info
2014-02-19 09:44:05,clients1.google.fr
2014-02-19 09:44:06,clients1.google.fr
2014-02-19 09:44:08,clients1.google.fr
2014-02-19 09:44:08,www.google.fr
2014-02-19 09:44:09,www.europebybike.info
2014-02-19 09:46:09,www.google.fr
2014-03-04 10:20:23,gtglobal-ocsp.geotrust.com
2014-03-04 10:20:23,clients1.google.com
2014-03-04 10:20:30,clients1.google.com
2014-03-04 10:20:31,clients1.google.com
2014-03-04 10:21:17,gtssl-ocsp.geotrust.com
2014-03-04 10:22:02,clients1.google.com
2014-03-04 10:22:21,clients1.google.com
2014-03-04 10:23:35,safebrowsing-cache.google.com
2014-03-04 10:23:35,safebrowsing.clients.google.com
2014-03-04 10:24:51,accounts.youtube.com
2014-03-04 10:24:52,accounts.google.fr
2014-03-04 10:25:01,www.google.fr
2014-03-04 10:25:13,www.google.com
2014-03-04 10:25:16,plus.google.com
2014-03-04 10:25:35,clients2.google.com
2014-03-04 10:25:36,drive.google.com
2014-03-04 10:25:37,clients6.google.com
2014-03-04 10:25:37,apis.google.com
2014-03-04 10:25:38,accounts.google.com
2014-03-04 10:26:10,www.google.fr
2014-03-04 10:26:11,translate.google.com
2014-03-04 10:26:14,translate.google.com
2014-03-04 10:26:14,www.google.com
2014-03-04 10:26:15,gg.google.com
2014-03-04 10:26:16,ocsp.thawte.com
2014-03-04 10:26:17,translate.google.com
2014-03-04 10:26:18,translate.google.com
2014-03-04 10:26:19,translate.google.com
2014-03-04 10:26:21,translate.google.com
2014-03-04 10:26:24,translate.google.com
2014-03-04 10:26:24,gg.google.com
2014-03-04 10:26:26,translate.google.com
2014-03-04 10:26:29,sb-ssl.google.com
2014-03-04 10:28:16,ocsp.verisign.com
2014-03-04 10:29:05,www.google.com
2014-03-04 10:29:06,www.google.fr
2014-03-04 10:29:07,plus.google.com
2014-03-04 10:30:16,ocsp.digicert.com
2014-03-04 10:30:34,translate.google.com
2014-03-04 10:30:37,translate.google.com
2014-03-04 10:30:38,translate.google.com
2014-03-04 10:30:39,translate.google.com
2014-03-04 10:30:40,translate.google.com
2014-03-04 10:30:41,translate.google.com
2014-03-04 10:30:43,translate.google.com
2014-03-04 10:30:47,translate.google.com
2014-03-04 10:30:48,translate.google.com
2014-03-04 10:30:52,translate.google.com
2014-03-04 10:33:16,drive.google.com
2014-03-04 10:35:24,www.google.com
2014-03-04 10:35:25,www.google.com
2014-03-04 10:35:42,www.google.fr
2014-03-04 10:35:42,www.altissia.com
2014-03-04 10:35:43,www.altissia.com
2014-03-04 10:35:43,www.google.com
2014-03-04 10:35:58,platform.twitter.com
2014-03-04 10:35:58,www.google.fr
2014-03-04 10:35:58,www.anglaisfacile.com
2014-03-04 10:35:59,www.facebook.com
2014-03-04 10:35:59,www.anglaisfacile.com
2014-03-04 10:35:59,platform.twitter.com
2014-03-04 10:36:00,evsecure-ocsp.verisign.com
2014-03-04 10:36:00,www.anglaisfacile.com
2014-03-04 10:36:28,www.facebook.com
2014-03-04 10:36:28,www.anglaisfacile.com
2014-03-04 10:36:28,www.google.fr
2014-03-04 10:36:45,twitter.com
2014-03-04 10:37:49,clients2.google.com
2014-03-04 10:38:27,www.google.com
2014-03-04 10:38:56,accounts.google.com
2014-03-04 10:39:23,www.google.fr
2014-03-04 10:40:49,clients6.google.com
2014-03-04 10:40:58,translate.google.com
2014-03-04 10:40:59,translate.google.com
2014-03-04 10:41:00,translate.google.com
2014-03-04 10:41:01,translate.google.com
2014-03-04 10:41:02,translate.google.com
2014-03-04 10:41:03,translate.google.com
2014-03-04 10:41:05,translate.google.com
2014-03-04 10:41:06,translate.google.com
2014-03-04 10:41:07,translate.google.com
2014-03-04 10:41:07,clients2.google.com
2014-03-04 10:41:09,translate.google.com
2014-03-04 10:41:11,apis.google.com
2014-03-04 10:41:11,translate.google.com
2014-03-04 10:41:13,plus.google.com
2014-03-04 10:41:16,translate.google.com
2014-03-04 10:41:16,drive.google.com
2014-03-04 10:41:33,translate.google.com
2014-03-04 10:41:34,translate.google.com
2014-03-04 10:41:35,translate.google.com
2014-03-04 10:41:36,translate.google.com
2014-03-04 10:41:41,translate.google.com
2014-03-04 10:41:45,translate.google.com
2014-03-04 10:41:51,translate.google.com
2014-03-04 10:41:53,translate.google.com
2014-03-04 10:41:56,translate.google.com
2014-03-04 10:41:58,translate.google.com
2014-03-04 10:42:01,translate.google.com
2014-03-04 10:42:13,www.google.com
2014-03-04 10:44:12,www.google.fr
2014-03-04 10:44:12,www.anglaisfacile.com
2014-03-04 10:44:12,www.facebook.com
2014-03-04 10:44:21,www.google.fr
2014-03-04 10:44:22,www.altissia.com
2014-03-04 10:44:22,www.google.com
2014-03-04 10:44:43,twitter.com
2014-03-04 10:44:48,www.google.fr
2014-03-04 10:44:48,www.anglaisfacile.com
2014-03-04 10:44:49,www.anglaisfacile.com
2014-03-04 10:44:49,www.facebook.com
2014-03-04 10:45:20,twitter.com
2014-03-04 10:46:09,translate.google.com
2014-03-04 10:46:11,translate.google.com
2014-03-04 10:46:12,translate.google.com
2014-03-04 10:46:13,translate.google.com
2014-03-04 10:46:14,translate.google.com
2014-03-04 10:46:16,translate.google.com
2014-03-04 10:46:21,translate.google.com
2014-03-04 10:46:26,translate.google.com
2014-03-04 10:46:28,translate.google.com
2014-03-04 10:46:31,translate.google.com
2014-03-04 10:46:32,translate.google.com
2014-03-04 10:46:33,translate.google.com
2014-03-04 10:46:34,translate.google.com
2014-03-04 10:46:35,translate.google.com
2014-03-04 10:46:37,translate.google.com
2014-03-04 10:46:40,translate.google.com
2014-03-04 10:47:06,plus.google.com
2014-03-04 10:47:06,www.google.com
2014-03-04 10:47:16,drive.google.com
2014-03-04 10:47:44,apis.google.com
2014-03-04 10:47:44,www.google.fr
2014-03-04 10:48:24,translate.google.com
2014-03-04 10:48:25,translate.google.com
2014-03-04 10:48:26,translate.google.com
2014-03-04 10:48:28,translate.google.com
2014-03-04 10:48:31,translate.google.com
2014-03-04 10:48:32,translate.google.com
2014-03-04 10:48:33,translate.google.com
2014-03-04 10:48:34,translate.google.com
2014-03-04 10:48:39,translate.google.com
2014-03-04 10:48:40,translate.google.com
2014-03-04 10:48:45,translate.google.com
2014-03-04 10:49:07,translate.google.com
2014-03-04 10:49:08,translate.google.com
2014-03-04 10:49:09,translate.google.com
2014-03-04 10:49:10,translate.google.com
2014-03-04 10:49:15,translate.google.com
2014-03-04 10:49:22,inputtools.google.com
2014-03-04 10:49:52,translate.google.com
2014-03-04 10:49:54,translate.google.com
2014-03-04 10:49:55,translate.google.com
2014-03-04 10:49:56,translate.google.com
2014-03-04 10:49:59,translate.google.com
2014-03-04 10:50:00,translate.google.com
2014-03-04 10:50:02,translate.google.com
2014-03-04 10:50:03,translate.google.com
2014-03-04 10:50:04,translate.google.com
2014-03-04 10:50:07,translate.google.com
2014-03-04 10:50:09,translate.google.com
2014-03-04 10:50:11,translate.google.com
2014-03-04 10:52:54,safebrowsing-cache.google.com
2014-03-04 10:52:54,safebrowsing.clients.google.com
2014-03-04 10:55:18,drive.google.com
2014-03-04 10:55:26,docs.google.com
2014-03-04 10:55:29,plus.google.com
2014-03-04 10:56:10,translate.google.com
2014-03-04 10:56:11,translate.google.com
2014-03-04 10:56:12,translate.google.com
2014-03-04 10:56:15,translate.google.com
2014-03-04 10:56:16,translate.google.com
2014-03-04 10:56:18,translate.google.com
2014-03-04 10:56:23,translate.google.com
2014-03-04 10:56:48,translate.google.com
2014-03-04 10:56:49,translate.google.com
2014-03-04 10:56:50,translate.google.com
2014-03-04 10:56:51,translate.google.com
2014-03-04 10:56:52,translate.google.com
2014-03-04 10:56:53,translate.google.com
2014-03-04 10:56:54,translate.google.com
2014-03-04 10:56:55,translate.google.com
2014-03-04 10:56:56,translate.google.com
2014-03-04 10:56:57,translate.google.com
2014-03-04 10:56:58,translate.google.com
2014-03-04 10:57:01,translate.google.com
2014-03-04 10:57:02,translate.google.com
2014-03-04 10:57:05,translate.google.com
2014-03-04 10:57:07,translate.google.com
2014-03-04 10:59:19,plus.google.com
2014-03-04 10:59:24,translate.google.com
2014-03-04 10:59:25,translate.google.com
2014-03-04 10:59:26,translate.google.com
2014-03-04 10:59:27,translate.google.com
2014-03-04 10:59:32,translate.google.com
2014-03-04 10:59:57,inputtools.google.com
2014-03-04 11:00:01,translate.google.com
2014-03-04 11:00:02,translate.google.com
2014-03-04 11:00:03,translate.google.com
2014-03-04 11:00:05,translate.google.com
2014-03-04 11:00:09,translate.google.com
2014-03-04 11:00:10,translate.google.com
2014-03-04 11:00:22,translate.google.com
2014-03-04 11:00:23,translate.google.com
2014-03-04 11:00:24,translate.google.com
2014-03-04 11:00:25,translate.google.com
2014-03-04 11:00:30,translate.google.com
2014-03-04 11:00:31,translate.google.com
2014-03-04 11:01:16,drive.google.com
2014-03-04 11:02:04,translate.google.com
2014-03-04 11:02:54,translate.google.com
2014-03-04 11:03:00,translate.google.com
2014-03-04 11:03:02,translate.google.com
2014-03-04 11:03:07,translate.google.com
2014-03-04 11:03:09,translate.google.com
2014-03-04 11:03:20,translate.google.com
2014-03-04 11:03:22,translate.google.com
2014-03-04 11:03:27,translate.google.com
2014-03-04 11:03:28,translate.google.com
2014-03-04 11:03:29,translate.google.com
2014-03-04 11:03:31,translate.google.com
2014-03-04 11:03:32,translate.google.com
2014-03-04 11:03:33,translate.google.com
2014-03-04 11:03:34,translate.google.com
2014-03-04 11:03:38,translate.google.com
2014-03-04 11:03:39,translate.google.com
2014-03-04 11:06:03,plus.google.com
2014-03-04 11:07:04,www.google.com
2014-03-04 11:10:10,fr.wikipedia.org
2014-03-04 11:10:10,www.google.fr
2014-03-04 11:10:10,bits.wikimedia.org
2014-03-04 11:10:11,login.wikimedia.org
2014-03-04 11:10:11,bits.wikimedia.org
2014-03-04 11:10:11,meta.wikimedia.org
2014-03-04 11:10:11,fr.wikipedia.org
2014-03-04 11:10:20,www.google.fr
2014-03-04 11:10:20,www.marmiton.org
2014-03-04 11:10:20,network.aufeminin.com
2014-03-04 11:10:21,connect.facebook.net
2014-03-04 11:10:21,www.marmiton.org
2014-03-04 11:10:21,network.aufeminin.com
2014-03-04 11:10:21,www.facebook.com
2014-03-04 11:10:21,cdnvideo.aufeminin.com
2014-03-04 11:10:21,ws.bo.queboirequemanger.com
2014-03-04 11:10:21,www.aufeminin.com
2014-03-04 11:10:21,platform.twitter.com
2014-03-04 11:10:22,www.aufeminin.com
2014-03-04 11:10:22,www.facebook.com
2014-03-04 11:10:22,platform.twitter.com
2014-03-04 11:10:22,www.google.com
2014-03-04 11:10:22,static.ak.facebook.com
2014-03-04 11:10:22,ce.lijit.com
2014-03-04 11:10:22,tck.toc.io
2014-03-04 11:10:23,www.marmiton.org
2014-03-04 11:10:23,www.facebook.com
2014-03-04 11:10:23,platform.twitter.com
2014-03-04 11:10:24,ocsp.verisign.com
2014-03-04 11:10:53,twitter.com
2014-03-04 11:11:03,www.marmiton.org
2014-03-04 11:11:07,www.marmiton.org
2014-03-04 11:11:13,translate.google.com
2014-03-04 11:11:14,translate.google.com
2014-03-04 11:11:15,translate.google.com
2014-03-04 11:11:16,drive.google.com
2014-03-04 11:11:16,plus.google.com
2014-03-04 11:11:16,www.google.com
2014-03-04 11:11:20,translate.google.com
2014-03-04 11:11:33,www.marmiton.org
2014-03-04 11:11:40,www.google.fr
2014-03-04 11:11:41,translate.google.com
2014-03-04 11:11:43,translate.google.com
2014-03-04 11:11:45,translate.google.com
2014-03-04 11:11:46,translate.google.com
2014-03-04 11:11:49,translate.google.com
2014-03-04 11:11:51,translate.google.com
2014-03-04 11:11:52,translate.google.com
2014-03-04 11:11:53,translate.google.com
2014-03-04 11:11:56,www.marmiton.org
2014-03-04 11:11:58,translate.google.com
2014-03-04 11:12:08,www.marmiton.org
2014-03-04 11:12:11,translate.google.com
2014-03-04 11:12:12,translate.google.com
2014-03-04 11:12:13,translate.google.com
2014-03-04 11:12:14,translate.google.com
2014-03-04 11:12:16,translate.google.com
2014-03-04 11:12:17,s-static.ak.facebook.com
2014-03-04 11:12:17,cdns.gigya.com
2014-03-04 11:12:18,platform.twitter.com
2014-03-04 11:12:21,translate.google.com
2014-03-04 11:13:17,apis.google.com
2014-03-04 11:13:18,i1.ytimg.com
2014-03-04 11:13:19,accounts.google.com
2014-03-04 11:13:24,www.facebook.com
2014-03-04 11:13:33,www.marmiton.org
2014-03-04 11:15:14,www.marmiton.org
2014-03-04 11:15:27,plus.google.com
2014-03-04 11:16:42,translate.google.com
2014-03-04 11:16:43,translate.google.com
2014-03-04 11:16:47,translate.google.com
2014-03-04 11:16:50,translate.google.com
2014-03-04 11:16:52,translate.google.com
2014-03-04 11:18:15,translate.google.com
2014-03-04 11:19:02,translate.google.com
2014-03-04 11:19:07,translate.google.com
2014-03-04 11:19:10,translate.google.com
2014-03-04 11:19:13,translate.google.com
2014-03-04 11:19:18,translate.google.com
2014-03-04 11:19:18,plus.google.com
2014-03-04 11:19:19,translate.google.com
2014-03-04 11:19:20,translate.google.com
2014-03-04 11:19:26,translate.google.com
2014-03-04 11:20:33,translate.google.com
2014-03-04 11:20:34,translate.google.com
2014-03-04 11:20:35,translate.google.com
2014-03-04 11:20:37,translate.google.com
2014-03-04 11:20:38,translate.google.com
2014-03-04 11:20:39,translate.google.com
2014-03-04 11:20:40,translate.google.com
2014-03-04 11:20:45,translate.google.com
2014-03-04 11:20:47,translate.google.com
2014-03-04 11:20:49,translate.google.com
2014-03-04 11:20:51,translate.google.com
2014-03-04 11:20:52,translate.google.com
2014-03-04 11:20:53,translate.google.com
2014-03-04 11:20:54,translate.google.com
2014-03-04 11:20:55,translate.google.com
2014-03-04 11:20:56,translate.google.com
2014-03-04 11:21:01,translate.google.com
2014-03-04 11:21:13,translate.google.com
2014-03-04 11:21:14,translate.google.com
2014-03-04 11:21:15,translate.google.com
2014-03-04 11:21:19,translate.google.com
2014-03-04 11:21:28,translate.google.com
2014-03-04 11:21:31,translate.google.com
2014-03-04 11:21:33,translate.google.com
2014-03-04 11:22:27,safebrowsing-cache.google.com
2014-03-04 11:22:27,safebrowsing.clients.google.com
2014-03-04 11:23:03,0.drive.google.com
2014-03-04 11:23:06,translate.google.com
2014-03-04 11:23:45,inputtools.google.com
2014-03-04 11:23:58,translate.google.com
2014-03-04 11:23:59,translate.google.com
2014-03-04 11:24:01,translate.google.com
2014-03-04 11:24:02,translate.google.com
2014-03-04 11:24:03,translate.google.com
2014-03-04 11:24:05,translate.google.com
2014-03-04 11:24:08,translate.google.com
2014-03-04 11:24:10,translate.google.com
2014-03-04 11:24:11,translate.google.com
2014-03-04 11:24:47,translate.google.com
2014-03-04 11:24:49,translate.google.com
2014-03-04 11:24:52,translate.google.com
2014-03-04 11:25:16,drive.google.com
2014-03-04 11:25:32,translate.google.com
2014-03-04 11:25:33,translate.google.com
2014-03-04 11:25:34,translate.google.com
2014-03-04 11:25:35,translate.google.com
2014-03-04 11:25:36,translate.google.com
2014-03-04 11:25:37,translate.google.com
2014-03-04 11:25:38,translate.google.com
2014-03-04 11:25:41,translate.google.com
2014-03-04 11:25:42,translate.google.com
2014-03-04 11:25:47,translate.google.com
2014-03-04 11:27:00,inputtools.google.com
2014-03-04 11:29:20,translate.google.com
2014-03-04 11:29:21,translate.google.com
2014-03-04 11:29:23,translate.google.com
2014-03-04 11:29:25,translate.google.com
2014-03-04 11:29:26,translate.google.com
2014-03-04 11:29:31,translate.google.com
2014-03-04 11:30:08,translate.google.com
2014-03-04 11:30:09,translate.google.com
2014-03-04 11:30:10,translate.google.com
2014-03-04 11:30:11,translate.google.com
2014-03-04 11:30:12,translate.google.com
2014-03-04 11:30:16,translate.google.com
2014-03-04 11:30:17,translate.google.com
2014-03-04 11:30:18,translate.google.com
2014-03-04 11:30:20,translate.google.com
2014-03-04 11:30:21,translate.google.com
2014-03-04 11:30:22,translate.google.com
2014-03-04 11:30:27,translate.google.com
2014-03-04 11:31:00,translate.google.com
2014-03-04 11:31:01,translate.google.com
2014-03-04 11:31:05,translate.google.com
2014-03-04 11:33:44,translate.google.com
2014-03-04 11:33:45,translate.google.com
2014-03-04 11:33:46,translate.google.com
2014-03-04 11:33:48,translate.google.com
2014-03-04 11:33:49,translate.google.com
2014-03-04 11:33:50,translate.google.com
2014-03-04 11:33:52,translate.google.com
2014-03-04 11:33:53,translate.google.com
2014-03-04 11:33:56,translate.google.com
2014-03-04 11:34:02,translate.google.com
2014-03-04 11:35:28,plus.google.com
2014-03-04 11:37:21,clients1.google.com
2014-03-04 11:37:22,gtglobal-ocsp.geotrust.com
2014-03-04 11:37:30,clients1.google.com
2014-03-04 11:38:58,ocsp.tcs.terena.org
2014-03-04 11:38:58,ocsp.usertrust.com
2014-03-04 11:39:34,0.talkgadget.google.com
2014-03-04 11:39:35,docs.google.com
2014-03-04 11:40:17,maps-api-ssl.google.com
2014-03-04 11:40:19,accounts.google.com
2014-03-04 11:40:19,apis.google.com
2014-03-04 11:40:23,clients6.google.com
2014-03-04 11:40:28,www.google.fr
2014-03-04 11:40:29,www.birmingham.ac.uk
2014-03-04 11:40:30,www.birmingham.ac.uk
2014-03-04 11:40:33,www.birmingham.ac.uk
2014-03-04 11:40:34,www.birmingham.ac.uk
2014-03-04 11:40:41,talkgadget.google.com
2014-03-04 11:40:46,connect.facebook.net
2014-03-04 11:40:56,www.sport.bham.ac.uk
2014-03-04 11:41:05,www.birmingham.ac.uk
2014-03-04 11:41:06,www.birmingham.ac.uk
2014-03-04 11:41:10,www.google.com
2014-03-04 11:41:16,drive.google.com
2014-03-04 11:41:22,www.birmingham.ac.uk
2014-03-04 11:41:25,www.birmingham.ac.uk
2014-03-04 11:41:51,wwwimages.adobe.com
2014-03-04 11:41:51,www.adobe.com
2014-03-04 11:41:51,www.birmingham.ac.uk
2014-03-04 11:43:21,plus.google.com
2014-03-04 11:43:24,www.google.fr
2014-03-04 11:47:17,drive.google.com
2014-03-04 11:47:21,0.docs.google.com
2014-03-04 11:47:22,www.google.com
2014-03-04 11:47:22,www.google.fr
2014-03-04 11:47:23,docs.google.com
2014-03-04 11:47:23,clients1.google.com
2014-03-04 11:47:33,drive.google.com
2014-03-04 11:47:33,accounts.google.fr
2014-03-04 11:47:33,accounts.google.com
2014-03-04 11:47:33,docs.google.com
2014-03-04 11:47:33,0.drive.google.com
2014-03-04 11:47:33,0.talkgadget.google.com
2014-03-04 11:47:33,gg.google.com
2014-03-04 11:47:33,www.google.com
2014-03-04 11:47:33,accounts.youtube.com
2014-03-26 08:01:05,www.google.com
2014-03-26 08:01:13,www.google.fr
2014-03-26 08:01:15,www.google.fr
2014-03-26 08:01:17,apis.google.com
2014-03-26 08:01:17,www.google.com
2014-03-26 08:01:29,apis.google.com
2014-03-26 08:01:29,www.google.com
2014-03-26 08:01:29,www.google.fr
2014-03-26 08:02:52,go.microsoft.com
2014-03-26 08:02:52,ieonline.microsoft.com
2014-03-26 08:39:55,www.google.fr
2014-03-26 08:40:08,www.google.fr
2014-03-26 08:40:25,office.microsoft.com
2014-03-26 08:40:25,www.google.fr
2014-03-26 08:40:26,c.msn.com
2014-03-26 08:40:26,js.microsoft.com
2014-03-26 08:40:26,office.microsoft.com
2014-03-26 08:40:27,office.microsoft.com
2014-03-26 08:40:27,js.microsoft.com
2014-03-26 08:40:27,c.msn.com
2014-03-26 08:40:29,office.microsoft.com
2014-03-26 08:47:47,www.google.fr
2014-03-26 08:58:41,www.google.fr
2014-03-26 09:00:29,www.google.fr
2014-03-26 09:01:33,www.commentcamarche.net
2014-03-26 09:01:33,www.google.fr
2014-03-26 09:01:33,static.ccm2.net
2014-03-26 09:01:33,ba.commentcamarche.net
2014-03-26 09:01:33,r.ccmbg.com
2014-03-26 09:01:34,ba.commentcamarche.net
2014-03-26 09:01:34,ajax.googleapis.com
2014-03-26 09:01:34,static.ccm2.net
2014-03-26 09:01:34,www.facebook.com
2014-03-26 09:01:34,platform.twitter.com
2014-03-26 09:01:35,ajax.googleapis.com
2014-03-26 09:01:35,static.ccm2.net
2014-03-26 09:01:36,static.ccm2.net
2014-03-26 09:01:37,ba.commentcamarche.net
2014-03-26 09:01:37,connect.facebook.net
2014-03-26 09:01:37,www.facebook.com
2014-03-26 09:01:37,platform.twitter.com
2014-03-26 09:01:37,static.ccm2.net
2014-03-26 09:01:37,twitter.com
2014-03-26 09:01:37,static.ccmbg.com
2014-03-26 09:01:38,s-static.ak.facebook.com
2014-03-26 09:01:38,static.ak.facebook.com
2014-03-26 09:01:39,static.ccmbg.com
2014-03-26 09:01:39,twitter.com
2014-03-26 09:01:40,twitter.com
2014-03-26 09:01:40,static.ccm2.net
2014-03-26 09:01:40,www.facebook.com
2014-03-26 09:01:41,static.ccmbg.com
2014-03-26 09:01:41,fpdownload2.macromedia.com
2014-03-26 09:01:43,www.commentcamarche.net
2014-03-26 09:01:44,static.ccm2.net
2014-03-26 09:01:44,static.ebz.io
2014-03-26 09:01:53,www.google.fr
2014-03-26 09:01:54,www.google.fr
2014-03-26 09:01:54,office.microsoft.com
2014-03-26 09:01:55,js.microsoft.com
2014-03-26 09:01:55,c.msn.com
2014-03-26 09:01:55,office.microsoft.com
2014-03-26 09:02:00,www.google.fr
2014-03-26 09:02:01,office.microsoft.com
2014-03-26 09:02:01,c.msn.com
2014-03-26 09:02:02,office.microsoft.com
2014-03-26 09:02:12,office.microsoft.com
2014-03-26 09:02:30,www.google.fr
2014-03-26 09:02:31,office.microsoft.com
2014-03-26 09:02:31,c.msn.com
2014-03-26 09:04:20,www.google.fr
2014-03-27 10:16:33,www.google.com
2014-03-27 10:16:37,www.google.fr
2014-03-27 10:16:40,www.google.com
2014-03-27 10:16:41,apis.google.com
2014-03-27 10:16:49,www.google.com
2014-03-27 10:16:49,www.google.fr
2014-03-27 10:16:50,apis.google.com
2014-03-27 10:16:50,www.google.fr
2014-03-27 10:17:03,www.google.fr
2014-03-27 10:17:04,www.google.fr
2014-03-27 10:17:07,mail.google.com
2014-03-27 10:17:07,www.google.com
2014-03-27 10:17:07,accounts.google.com
2014-03-27 10:17:09,accounts.youtube.com
2014-03-27 10:17:10,www.google.fr
2014-03-27 10:17:46,www.google.com
2014-03-27 10:17:47,accounts.google.fr
2014-03-27 10:17:53,accounts.youtube.com
2014-03-27 10:17:53,accounts.google.com
2014-03-27 10:17:53,accounts.google.fr
2014-03-27 10:17:53,mail.google.com
2014-03-27 10:17:54,mail.google.com
2014-03-27 10:17:54,www.google.com
2014-03-27 10:17:55,clients2.google.com
2014-03-27 10:17:55,apis.google.com
2014-03-27 10:17:55,plus.google.com
2014-03-27 10:17:56,plus.google.com
2014-03-27 10:17:59,clients2.google.com
2014-03-27 10:18:00,mail.google.com
2014-03-27 10:18:02,plus.google.com
2014-03-27 10:18:03,talkgadget.google.com
2014-03-27 10:18:03,mail.google.com
2014-03-27 10:18:03,accounts.google.com
2014-03-27 10:18:05,talkgadget.google.com
2014-03-27 10:18:05,mail.google.com
2014-03-27 10:18:07,mail.google.com
2014-03-27 10:18:07,plus.google.com
2014-03-27 10:18:07,talkgadget.google.com
2014-03-27 10:18:08,clients6.google.com
2014-03-27 10:18:10,talkgadget.google.com
2014-03-27 10:18:10,accounts.google.com
2014-03-27 10:18:13,apis.google.com
2014-03-27 10:18:18,clients6.google.com
2014-03-27 10:18:19,clients6.google.com
2014-03-27 10:18:21,drive.google.com
2014-03-27 10:18:32,drive.google.com
2014-03-27 10:18:34,ieonline.microsoft.com
2014-03-27 10:18:34,go.microsoft.com
2014-03-27 10:18:35,drive.google.com
2014-03-27 10:18:35,plus.google.com
2014-03-27 10:18:36,0.drive.google.com
2014-03-27 10:18:38,apis.google.com
2014-03-27 10:18:39,0.drive.google.com
2014-03-27 10:18:40,docs.google.com
2014-03-27 10:18:40,plus.google.com
2014-03-27 10:18:41,talkgadget.google.com
2014-03-27 10:18:41,docs.google.com
2014-03-27 10:18:42,drive.google.com
2014-03-27 10:18:42,docs.google.com
2014-03-27 10:18:42,plus.google.com
2014-03-27 10:18:45,clients6.google.com
2014-03-27 10:18:46,docs.google.com
2014-03-27 10:18:46,plus.google.com
2014-03-27 10:18:47,clients6.google.com
2014-03-27 10:18:47,mail.google.com
2014-03-27 10:18:48,docs.google.com
2014-03-27 10:18:52,docs.google.com
2014-03-27 10:18:53,docs.google.com
2014-03-27 10:18:54,docs.google.com
2014-03-27 10:18:57,docs.google.com
2014-03-27 10:18:58,docs.google.com
2014-03-27 10:18:59,docs.google.com
2014-03-27 10:19:00,docs.google.com
2014-03-27 10:19:01,docs.google.com
2014-03-27 10:19:02,docs.google.com
2014-03-27 10:19:05,www.google.com
2014-03-27 10:19:16,www.google.com
2014-03-27 10:19:16,docs.google.com
2014-03-27 10:19:18,talkgadget.google.com
2014-03-27 10:19:19,0.docs.google.com
2014-03-27 10:19:20,www.google.com
2014-03-27 10:19:20,docs.google.com
2014-03-27 10:19:21,docs.google.com
2014-03-27 10:19:23,0.docs.google.com
2014-03-27 10:19:31,gg.google.com
2014-03-27 10:19:54,apis.google.com
2014-03-27 10:20:20,apis.google.com
2014-03-27 10:20:34,www.google.fr
2014-03-27 10:20:37,plus.google.com
2014-03-27 10:20:38,www.google.com
2014-03-27 10:20:42,plus.google.com
2014-03-27 10:20:43,mw2.google.com
2014-03-27 10:21:26,gg.google.com
2014-03-27 10:21:26,drive.google.com
2014-03-27 10:21:26,docs.google.com
2014-03-27 10:21:26,www.google.fr
2014-03-27 10:21:28,www.phoenixcollege.edu
2014-03-27 10:21:29,www.phoenixcollege.edu
2014-03-27 10:21:30,www.phoenixcollege.edu
2014-03-27 10:21:31,www.phoenixcollege.edu
2014-03-27 10:21:32,www.phoenixcollege.edu
2014-03-27 10:21:33,www.google.com
2014-03-27 10:21:33,www.phoenixcollege.edu
2014-03-27 10:21:51,talkgadget.google.com
2014-03-27 10:21:52,www.google.fr
2014-03-27 10:21:53,phoenix.about.com
2014-03-27 10:21:54,0.tqn.com
2014-03-27 10:21:54,static.nrelate.com
2014-03-27 10:21:54,www.google.com
2014-03-27 10:21:55,mail.google.com
2014-03-27 10:21:56,phoenix.about.com
2014-03-27 10:21:58,www.google.fr
2014-03-27 10:21:58,0.tqn.com
2014-03-27 10:21:58,www.google.com
2014-03-27 10:21:59,www.google.com
2014-03-27 10:21:59,z.about.com
2014-03-27 10:21:59,0.tqn.com
2014-03-27 10:22:00,cm.yieldoptimizer.com
2014-03-27 10:22:00,www.google.com
2014-03-27 10:22:00,0.tqn.com
2014-03-27 10:22:09,www.google.com
2014-03-27 10:22:09,www.google.fr
2014-03-27 10:22:09,plus.google.com
2014-03-27 10:22:09,mw2.google.com
2014-03-27 10:22:10,www.google.fr
2014-03-27 10:22:10,www.phoenixcollege.edu
2014-03-27 10:22:11,www.phoenixcollege.edu
2014-03-27 10:22:12,www.phoenixcollege.edu
2014-03-27 10:22:13,www.phoenixcollege.edu
2014-03-27 10:22:14,www.phoenixcollege.edu
2014-03-27 10:22:15,www.google.com
2014-03-27 10:22:15,www.phoenixcollege.edu
2014-03-27 10:22:25,www.phoenixcollege.edu
2014-03-27 10:23:16,www.google.fr
2014-03-27 10:23:20,www.australiansportsacademy.edu.au
2014-03-27 10:23:21,ajax.googleapis.com
2014-03-27 10:23:21,accounts.google.com
2014-03-27 10:23:21,www.australiansportsacademy.edu.au
2014-03-27 10:23:22,www.australiansportsacademy.edu.au
2014-03-27 10:23:22,ajax.googleapis.com
2014-03-27 10:23:22,apis.google.com
2014-03-27 10:23:23,www.australiansportsacademy.edu.au
2014-03-27 10:23:25,www.australiansportsacademy.edu.au
2014-03-27 10:23:26,www.australiansportsacademy.edu.au
2014-03-27 10:23:27,www.australiansportsacademy.edu.au
2014-03-27 10:23:28,www.australiansportsacademy.edu.au
2014-03-27 10:23:29,www.australiansportsacademy.edu.au
2014-03-27 10:23:29,0.drive.google.com
2014-03-27 10:23:30,www.australiansportsacademy.edu.au
2014-03-27 10:23:31,www.australiansportsacademy.edu.au
2014-03-27 10:23:31,australiansportsacademy.edu.au
2014-03-27 10:23:32,australiansportsacademy.edu.au
2014-03-27 10:23:33,www.australiansportsacademy.edu.au
2014-03-27 10:23:34,www.australiansportsacademy.edu.au
2014-03-27 10:23:35,www.australiansportsacademy.edu.au
2014-03-27 10:23:36,www.australiansportsacademy.edu.au
2014-03-27 10:23:53,www.google.fr
2014-03-27 10:23:53,plus.google.com
2014-03-27 10:23:55,mail.google.com
2014-03-27 10:23:57,www.nzis.co.nz
2014-03-27 10:23:57,www.google.fr
2014-03-27 10:23:58,www.nzis.co.nz
2014-03-27 10:24:01,www.nzis.co.nz
2014-03-27 10:24:01,twitter-badges.s3.amazonaws.com
2014-03-27 10:24:02,www.nzis.co.nz
2014-03-27 10:24:03,www.nzis.co.nz
2014-03-27 10:24:04,nzis.co.nz
2014-03-27 10:24:06,clients6.google.com
2014-03-27 10:24:07,www.nzis.co.nz
2014-03-27 10:24:08,www.facebook.com
2014-03-27 10:24:08,www.nzis.co.nz
2014-03-27 10:24:09,www.nzis.co.nz
2014-03-27 10:24:10,www.nzis.co.nz
2014-03-27 10:24:11,www.nzis.co.nz
2014-03-27 10:24:17,docs.google.com
2014-03-27 10:24:25,nzis.co.nz
2014-03-27 10:24:27,nzis.co.nz
2014-03-27 10:24:27,www.google.fr
2014-03-27 10:24:28,www.phoenixcollege.edu
2014-03-27 10:24:29,www.google.com
2014-03-27 10:25:00,www.nzis.co.nz
2014-03-27 10:25:01,www.nzis.co.nz
2014-03-27 10:25:02,maps.google.co.nz
2014-03-27 10:25:02,www.facebook.com
2014-03-27 10:25:02,www.nzis.co.nz
2014-03-27 10:25:03,www.nzis.co.nz
2014-03-27 10:25:03,maps.googleapis.com
2014-03-27 10:25:05,maps.googleapis.com
2014-03-27 10:25:05,www.google.com
2014-03-27 10:25:05,maps.google.co.nz
2014-03-27 10:25:06,maps.googleapis.com
2014-03-27 10:25:06,mts0.google.com
2014-03-27 10:25:06,mts1.google.com
2014-03-27 10:25:07,www.google.com
2014-03-27 10:25:07,mts1.google.com
2014-03-27 10:25:07,mts0.google.com
2014-03-27 10:25:07,khms0.google.com
2014-03-27 10:25:07,maps.googleapis.com
2014-03-27 10:25:08,mts0.google.com
2014-03-27 10:25:08,maps.googleapis.com
2014-03-27 10:25:08,mts1.google.com
2014-03-27 10:25:09,www.google.com
2014-03-27 10:25:09,khms0.google.com
2014-03-27 10:25:09,maps.googleapis.com
2014-03-27 10:25:10,mts0.google.com
2014-03-27 10:25:12,nzis.co.nz
2014-03-27 10:25:51,plus.google.com
2014-03-27 10:25:51,www.google.fr
2014-03-27 10:25:51,drive.google.com
2014-03-27 10:25:52,www.phoenixcollege.edu
2014-03-27 10:25:53,www.phoenixcollege.edu
2014-03-27 10:25:54,www.google.com
2014-03-27 10:25:54,www.phoenixcollege.edu
2014-03-27 10:25:55,www.phoenixcollege.edu
2014-03-27 10:25:56,mail.google.com
2014-03-27 10:26:16,www.phoenixcollege.edu
2014-03-27 10:26:17,www.phoenixcollege.edu
2014-03-27 10:26:17,www.google.com
2014-03-27 10:26:29,mts1.google.com
2014-03-27 10:26:29,maps.googleapis.com
2014-03-27 10:26:29,mts0.google.com
2014-03-27 10:26:42,www.phoenixcollege.edu
2014-03-27 10:26:43,www.phoenixcollege.edu
2014-03-27 10:26:44,www.phoenixcollege.edu
2014-03-27 10:26:45,www.google.com
2014-03-27 10:26:45,www.phoenixcollege.edu
2014-03-27 10:27:05,www.phoenixcollege.edu
2014-03-27 10:28:33,www.nzis.co.nz
2014-03-27 10:28:35,www.nzis.co.nz
2014-03-27 10:28:36,www.nzis.co.nz
2014-03-27 10:28:58,mail.google.com
2014-03-27 10:29:00,plus.google.com
2014-03-27 10:29:00,clients6.google.com
2014-03-27 10:29:13,mail.google.com
2014-03-27 10:29:14,talkgadget.google.com
2014-03-27 10:29:21,mail.google.com
2014-03-27 10:29:31,clients6.google.com
2014-03-27 10:29:32,accounts.google.com
2014-03-27 10:29:33,www.google.com
2014-03-27 10:29:33,clients2.google.com
2014-03-27 10:29:34,plus.google.com
2014-03-27 10:29:34,mail.google.com
2014-03-27 10:29:34,apis.google.com
2014-03-27 10:29:34,talkgadget.google.com
2014-03-27 10:29:41,plus.google.com
2014-03-27 10:29:44,plus.google.com
2014-03-27 10:29:46,plus.google.com
2014-03-27 10:30:18,plus.google.com
2014-03-27 10:30:21,1.docs.google.com
2014-03-27 10:30:24,1.docs.google.com
2014-03-27 10:30:26,1.talkgadget.google.com
2014-03-27 10:30:27,docs.google.com
2014-03-27 10:30:28,docs.google.com
2014-03-27 10:30:47,1.talkgadget.google.com
2014-03-27 10:30:53,1.talkgadget.google.com
2014-03-27 10:30:54,www.nzis.co.nz
2014-03-27 10:30:54,1.talkgadget.google.com
2014-03-27 10:30:56,www.nzis.co.nz
2014-03-27 10:30:56,www.facebook.com
2014-03-27 10:30:57,www.nzis.co.nz
2014-03-27 10:30:58,www.nzis.co.nz
2014-03-27 10:31:21,mail.google.com
2014-03-27 10:31:34,clients6.google.com
2014-03-27 10:31:35,apis.google.com
2014-03-27 10:31:35,plus.google.com
2014-03-27 10:31:35,1.talkgadget.google.com
2014-03-27 10:31:36,1.docs.google.com
2014-03-27 10:31:36,1.talkgadget.google.com
2014-03-27 10:31:36,docs.google.com
2014-03-27 10:31:43,talkgadget.google.com
2014-03-27 10:32:15,www.facebook.com
2014-03-27 10:32:15,www.nzis.co.nz
2014-03-27 10:32:16,www.nzis.co.nz
2014-03-27 10:32:48,www.nzis.co.nz
2014-03-27 10:32:48,www.facebook.com
2014-03-27 10:32:49,www.nzis.co.nz
2014-03-27 10:32:50,www.nzis.co.nz
2014-03-27 10:32:53,maps.google.co.nz
2014-03-27 10:32:58,talkgadget.google.com
2014-03-27 10:33:42,plus.google.com
2014-03-27 10:35:21,mail.google.com
2014-03-27 10:35:23,www.google.com
2014-03-27 10:35:23,maps.googleapis.com
2014-03-27 10:35:23,mts0.google.com
2014-03-27 10:35:23,mts1.google.com
2014-03-27 10:35:35,clients6.google.com
2014-03-27 10:35:36,1.talkgadget.google.com
2014-03-27 10:36:50,www.nzis.co.nz
2014-03-27 10:36:50,www.facebook.com
2014-03-27 10:36:51,www.nzis.co.nz
2014-03-27 10:36:52,www.nzis.co.nz
2014-03-27 10:37:01,drive.google.com
2014-03-27 10:37:02,www.google.fr
2014-03-27 10:37:07,docs.google.com
2014-03-27 10:38:03,www.google.fr
2014-03-27 10:38:06,www.bond.edu.au
2014-03-27 10:38:07,www.bond.edu.au
2014-03-27 10:38:08,www.bond.edu.au
2014-03-27 10:38:11,www.bond.edu.au
2014-03-27 10:38:14,www.bond.edu.au
2014-03-27 10:38:17,www.bond.edu.au
2014-03-27 10:38:20,www.google.fr
2014-03-27 10:38:44,www.uct.ac.za
2014-03-27 10:38:48,plus.google.com
2014-03-27 10:38:48,www.google.fr
2014-03-27 10:38:54,www.uct.ac.za
2014-03-27 10:38:56,www.uct.ac.za
2014-03-27 10:38:57,www.uct.ac.za
2014-03-27 10:39:00,www.uct.ac.za
2014-03-27 10:39:01,www.uct.ac.za
2014-03-27 10:39:02,www.uct.ac.za
2014-03-27 10:39:04,www.uct.ac.za
2014-03-27 10:39:08,www.uct.ac.za
2014-03-27 10:39:09,www.uct.ac.za
2014-03-27 10:39:10,www.uct.ac.za
2014-03-27 10:39:12,www.uct.ac.za
2014-03-27 10:40:04,www.bucs.org.uk
2014-03-27 10:40:09,plus.google.com
2014-03-27 10:40:09,www.google.fr
2014-03-27 10:40:09,www.bucs.org.uk
2014-03-27 10:40:10,www.bucs.org.uk
2014-03-27 10:40:11,www.bucs.org.uk
2014-03-27 10:40:24,www.bucs.org.uk
2014-03-27 10:40:25,www.bucs.org.uk
2014-03-27 10:40:27,www.sport.bham.ac.uk
2014-03-27 10:40:28,www.bucs.org.uk
2014-03-27 10:40:28,www.google.fr
2014-03-27 10:40:28,www.sport.bham.ac.uk
2014-03-27 10:40:29,www.google.com
2014-03-27 10:40:29,common.nemisys.uk.com
2014-03-27 10:40:29,www.sport.bham.ac.uk
2014-03-27 10:40:31,connect.facebook.net
2014-03-27 10:40:31,s-static.ak.facebook.com
2014-03-27 10:40:31,www.sport.bham.ac.uk
2014-03-27 10:40:49,connect.facebook.net
2014-03-27 10:40:49,www.bucs.org.uk
2014-03-27 10:40:49,www.sport.bham.ac.uk
2014-03-27 10:40:49,common.nemisys.uk.com
2014-03-27 10:40:50,connect.facebook.net
2014-03-27 10:40:50,www.google.com
2014-03-27 10:40:50,www.sport.bham.ac.uk
2014-03-27 10:40:51,static.ak.facebook.com
2014-03-27 10:40:51,www.google.com
2014-03-27 10:40:51,s-static.ak.facebook.com
2014-03-27 10:40:52,www.youtube.com
2014-03-27 10:40:52,www.google.com
2014-03-27 10:40:52,www.sport.bham.ac.uk
2014-03-27 10:40:52,clients1.google.com
2014-03-27 10:40:53,www.youtube.com
2014-03-27 10:40:53,www.googleapis.com
2014-03-27 10:40:55,s.ytimg.com
2014-03-27 10:40:58,www.googleapis.com
2014-03-27 10:40:58,s.ytimg.com
2014-03-27 10:40:58,www.sport.bham.ac.uk
2014-03-27 10:40:59,i1.ytimg.com
2014-03-27 10:41:44,www.youtube.com
2014-03-27 10:41:44,www.sport.bham.ac.uk
2014-03-27 10:41:46,www.google.com
2014-03-27 10:41:46,s-static.ak.facebook.com
2014-03-27 10:41:46,static.ak.facebook.com
2014-03-27 10:41:47,s.ytimg.com
2014-03-27 10:41:47,i1.ytimg.com
2014-03-27 10:41:47,drive.google.com
2014-03-27 10:41:47,www.googleapis.com
2014-03-27 10:41:47,clients1.google.com
2014-03-27 10:41:47,www.google.com
2014-03-27 10:41:48,www.sport.bham.ac.uk
2014-03-27 10:43:41,drive.google.com
2014-03-27 10:43:42,www.sport.bham.ac.uk
2014-03-27 10:43:43,www.sport.bham.ac.uk
2014-03-27 10:43:44,static.ak.facebook.com
2014-03-27 10:43:44,s-static.ak.facebook.com
2014-03-27 10:43:45,www.googleapis.com
2014-03-27 10:43:45,www.google.com
2014-03-27 10:43:46,www.sport.bham.ac.uk
2014-03-27 10:43:46,www.google.com
2014-03-27 10:43:46,clients1.google.com
2014-03-27 10:43:47,clients6.google.com
2014-03-27 10:43:47,www.sport.bham.ac.uk
2014-03-27 10:43:57,plus.google.com
2014-03-27 10:43:58,talkgadget.google.com
2014-03-27 10:44:33,connect.facebook.net
2014-03-27 10:44:33,www.sport.bham.ac.uk
2014-03-27 10:44:34,s-static.ak.facebook.com
2014-03-27 10:44:34,static.ak.facebook.com
2014-03-27 10:44:35,www.googleapis.com
2014-03-27 10:44:35,www.google.com
2014-03-27 10:44:35,clients1.google.com
2014-03-27 10:44:35,www.sport.bham.ac.uk
2014-03-27 10:45:22,mail.google.com
2014-03-27 10:45:40,www.sport.bham.ac.uk
2014-03-27 10:46:19,docs.google.com
2014-03-27 10:47:58,talkgadget.google.com
2014-03-27 10:48:34,drive.google.com
2014-03-27 10:48:36,docs.google.com
2014-03-27 10:48:51,clients6.google.com
2014-03-27 10:49:57,www.google.fr
2014-03-27 10:49:58,translate.google.com
2014-03-27 10:49:59,translate.google.com
2014-03-27 10:49:59,www.google.fr
2014-03-27 10:49:59,plus.google.com
2014-03-27 10:50:03,translate.google.com
2014-03-27 10:50:04,translate.google.com
2014-03-27 10:50:04,www.google.fr
2014-03-27 10:50:05,www.google.fr
2014-03-27 10:50:05,translate.google.com
2014-03-27 10:50:06,translate.google.com
2014-03-27 10:50:07,translate.google.com
2014-03-27 10:50:08,translate.google.com
2014-03-27 10:50:14,translate.google.com
2014-03-27 10:50:16,www.google.com
2014-03-27 10:50:16,translate.google.com
2014-03-27 10:50:17,www.google.com
2014-03-27 10:50:18,translate.google.com
2014-03-27 10:50:21,translate.google.com
2014-03-27 10:50:24,translate.google.com
2014-03-27 10:50:27,translate.google.com
2014-03-27 10:50:29,translate.google.com
2014-03-27 10:51:11,plus.google.com
2014-03-27 10:51:11,drive.google.com
2014-03-27 10:51:25,docs.google.com
2014-03-27 10:51:28,talkgadget.google.com
2014-03-27 10:51:33,www.google.fr
2014-03-27 10:51:33,plus.google.com
2014-03-27 10:52:14,www.sport.bham.ac.uk
2014-03-27 10:52:17,www.sport.bham.ac.uk
2014-03-27 10:52:20,s-static.ak.facebook.com
2014-03-27 10:52:20,static.ak.facebook.com
2014-03-27 10:52:21,www.youtube.com
2014-03-27 10:52:22,www.googleapis.com
2014-03-27 10:52:22,www.google.com
2014-03-27 10:52:22,clients1.google.com
2014-03-27 10:52:23,www.google.com
2014-03-27 10:52:23,www.sport.bham.ac.uk
2014-03-27 10:53:01,www.birmingham.ac.uk
2014-03-27 10:53:01,s.ytimg.com
2014-03-27 10:53:01,www.youtube.com
2014-03-27 10:53:02,www.birmingham.ac.uk
2014-03-27 10:53:03,www.birmingham.ac.uk
2014-03-27 10:53:04,www.birmingham.ac.uk
2014-03-27 10:53:05,www.birmingham.ac.uk
2014-03-27 10:53:05,www.youtube.com
2014-03-27 10:53:06,widget.unistats.ac.uk
2014-03-27 10:53:06,www.birmingham.ac.uk
2014-03-27 10:53:06,www.youtube.com
2014-03-27 10:53:07,www.youtube.com
2014-03-27 10:53:07,www.birmingham.ac.uk
2014-03-27 10:53:08,widget.unistats.ac.uk
2014-03-27 10:53:08,ajax.googleapis.com
2014-03-27 10:53:08,www.youtube.com
2014-03-27 10:53:14,ajax.googleapis.com
2014-03-27 10:53:15,widget.unistats.ac.uk
2014-03-27 10:53:17,www.birmingham.ac.uk
2014-03-27 10:53:21,www.sport.bham.ac.uk
2014-03-27 10:53:23,s-static.ak.facebook.com
2014-03-27 10:53:23,static.ak.facebook.com
2014-03-27 10:53:25,www.googleapis.com
2014-03-27 10:53:25,clients1.google.com
2014-03-27 10:53:25,www.google.com
2014-03-27 10:53:26,www.sport.bham.ac.uk
2014-03-27 10:53:47,clients6.google.com
2014-03-27 10:55:33,www.sport.bham.ac.uk
2014-03-27 10:55:39,static.ak.facebook.com
2014-03-27 10:55:39,s-static.ak.facebook.com
2014-03-27 10:55:41,www.youtube.com
2014-03-27 10:55:43,www.sport.bham.ac.uk
2014-03-27 10:55:43,clients1.google.com
2014-03-27 10:55:43,www.google.com
2014-03-27 10:55:46,www.youtube.com
2014-03-27 10:55:46,www.googleapis.com
2014-03-27 10:55:46,www.sport.bham.ac.uk
2014-03-27 10:55:47,www.sport.bham.ac.uk
2014-03-27 10:55:49,www.sport.bham.ac.uk
2014-03-27 10:55:50,static.ak.facebook.com
2014-03-27 10:55:51,s-static.ak.facebook.com
2014-03-27 10:55:51,www.googleapis.com
2014-03-27 10:55:51,www.youtube.com
2014-03-27 10:55:53,www.google.com
2014-03-27 10:55:54,www.google.com
2014-03-27 10:55:54,clients1.google.com
2014-03-27 10:55:54,www.sport.bham.ac.uk
2014-03-27 10:55:56,www.sport.bham.ac.uk
2014-03-27 10:55:56,s.ytimg.com
2014-03-27 10:56:10,i1.ytimg.com
2014-03-27 10:56:40,docs.google.com
2014-03-27 10:57:32,i1.ytimg.com
2014-03-27 10:57:32,www.sport.bham.ac.uk
2014-03-27 10:57:32,s.ytimg.com
2014-03-27 10:58:58,talkgadget.google.com
2014-03-27 10:59:46,clients6.google.com
2014-03-27 11:00:34,drive.google.com
2014-03-27 11:00:58,www.sport.bham.ac.uk
2014-03-27 11:00:59,www.sport.bham.ac.uk
2014-03-27 11:01:03,static.ak.facebook.com
2014-03-27 11:01:03,s-static.ak.facebook.com
2014-03-27 11:01:03,www.sport.bham.ac.uk
2014-03-27 11:01:07,www.sport.bham.ac.uk
2014-03-27 11:01:07,www.google.com
2014-03-27 11:01:07,clients1.google.com
2014-03-27 11:01:36,mail.google.com
2014-03-27 11:01:36,clients6.google.com
2014-03-27 11:01:36,docs.google.com
2014-03-27 11:01:36,talkgadget.google.com
2014-03-27 11:01:36,www.ucb.ac.uk
2014-03-27 11:01:36,plus.google.com
2014-03-27 11:01:37,www.ucb.ac.uk
2014-03-27 11:01:37,s3.amazonaws.com
2014-03-27 11:01:38,www.ucb.ac.uk
2014-03-27 11:01:40,ajax.googleapis.com
2014-03-27 11:01:44,www.ucb.ac.uk
2014-03-27 11:01:47,www.ucb.ac.uk
2014-03-27 11:01:50,www.ucb.ac.uk
2014-03-27 11:02:07,plus.google.com
2014-03-27 11:02:40,translate.google.com
2014-03-27 11:02:41,translate.google.com
2014-03-27 11:02:44,translate.google.com
2014-03-27 11:02:49,translate.google.com
2014-03-27 11:02:54,translate.google.com
2014-03-27 11:03:03,translate.google.com
2014-03-27 11:03:04,translate.google.com
2014-03-27 11:03:05,translate.google.com
2014-03-27 11:03:07,translate.google.com
2014-03-27 11:03:08,translate.google.com
2014-03-27 11:03:12,translate.google.com
2014-03-27 11:03:18,translate.google.com
2014-03-27 11:05:04,www.googleapis.com
2014-03-27 11:05:40,ajax.googleapis.com
2014-03-27 11:08:34,drive.google.com
2014-03-27 11:08:59,talkgadget.google.com
2014-03-27 11:09:30,talkgadget.google.com
2014-03-27 11:09:30,0.drive.google.com
2014-03-27 11:09:31,0.docs.google.com
2014-03-27 11:09:32,docs.google.com
2014-03-27 11:09:32,talkgadget.google.com
2014-03-27 11:09:32,clients6.google.com
2014-03-27 11:14:40,ieonline.microsoft.com
2014-03-27 11:14:44,www.bing.com
2014-03-27 11:14:44,www.google.com
2014-03-27 11:14:49,www.google.fr
2014-03-27 11:14:52,www.google.fr
2014-03-27 11:14:54,www.google.com
2014-03-27 11:14:54,apis.google.com
2014-03-27 11:14:55,mail.google.com
2014-03-27 11:14:56,accounts.google.com
2014-03-27 11:14:56,apis.google.com
2014-03-27 11:14:56,accounts.youtube.com
2014-03-27 11:14:57,www.google.fr
2014-03-27 11:15:31,www.google.fr
2014-03-27 11:15:31,accounts.google.fr
2014-03-27 11:15:32,www.google.com
2014-03-27 11:15:32,www.google.fr
2014-03-27 11:15:34,accounts.google.com
2014-03-27 11:15:34,accounts.youtube.com
2014-03-27 11:15:35,accounts.google.fr
2014-03-27 11:15:35,mail.google.com
2014-03-27 11:15:35,clients2.google.com
2014-03-27 11:15:37,www.google.com
2014-03-27 11:15:37,plus.google.com
2014-03-27 11:15:39,clients2.google.com
2014-03-27 11:15:41,mail.google.com
2014-03-27 11:15:41,talkgadget.google.com
2014-03-27 11:15:42,plus.google.com
2014-03-27 11:15:46,talkgadget.google.com
2014-03-27 11:15:46,drive.google.com
2014-03-27 11:15:46,accounts.google.com
2014-03-27 11:15:47,mail.google.com
2014-03-27 11:15:48,mail.google.com
2014-03-27 11:15:48,talkgadget.google.com
2014-03-27 11:15:48,plus.google.com
2014-03-27 11:15:48,www.google.com
2014-03-27 11:15:50,apis.google.com
2014-03-27 11:15:51,drive.google.com
2014-03-27 11:15:51,apis.google.com
2014-03-27 11:15:52,0.drive.google.com
2014-03-27 11:15:52,clients6.google.com
2014-03-27 11:15:53,talkgadget.google.com
2014-03-27 11:15:53,plus.google.com
2014-03-27 11:15:53,accounts.google.com
2014-03-27 11:15:55,apis.google.com
2014-03-27 11:15:56,0.drive.google.com
2014-03-27 11:15:57,drive.google.com
2014-03-27 11:15:58,docs.google.com
2014-03-27 11:15:59,drive.google.com
2014-03-27 11:15:59,plus.google.com
2014-03-27 11:16:00,docs.google.com
2014-03-27 11:16:01,docs.google.com
2014-03-27 11:16:03,docs.google.com
2014-03-27 11:16:05,docs.google.com
2014-03-27 11:16:06,docs.google.com
2014-03-27 11:16:07,docs.google.com
2014-03-27 11:16:08,docs.google.com
2014-03-27 11:16:08,plus.google.com
2014-03-27 11:16:09,docs.google.com
2014-03-27 11:16:10,docs.google.com
2014-03-27 11:16:11,docs.google.com
2014-03-27 11:16:11,drive.google.com
2014-03-27 11:16:12,docs.google.com
2014-03-27 11:16:13,docs.google.com
2014-03-27 11:16:16,clients2.google.com
2014-03-27 11:16:19,drive.google.com
2014-03-27 11:16:19,www.google.com
2014-03-27 11:16:20,0.docs.google.com
2014-03-27 11:16:21,clients2.google.com
2014-03-27 11:16:22,docs.google.com
2014-03-27 11:16:22,www.google.com
2014-03-27 11:16:23,docs.google.com
2014-03-27 11:16:24,0.docs.google.com
2014-03-27 11:16:24,accounts.google.com
2014-03-27 11:16:24,docs.google.com
2014-03-27 11:16:24,clients6.google.com
2014-03-27 11:16:24,apis.google.com
2014-03-27 11:16:39,go.microsoft.com
2014-03-27 11:16:41,mail.google.com
2014-03-27 11:16:46,clients6.google.com
2014-03-27 11:16:46,apis.google.com
2014-03-27 11:16:46,www.google.fr
2014-03-27 11:16:49,gg.google.com
2014-03-27 11:17:09,www.google.fr
2014-03-27 11:17:09,plus.google.com
2014-03-27 11:17:09,talkgadget.google.com
2014-03-27 11:17:09,clients6.google.com
2014-03-27 11:17:09,www.birmingham.ac.uk
2014-03-27 11:17:10,www.birmingham.ac.uk
2014-03-27 11:17:18,plus.google.com
2014-03-27 11:17:19,www.sport.bham.ac.uk
2014-03-27 11:17:19,common.nemisys.uk.com
2014-03-27 11:17:19,www.google.com
2014-03-27 11:17:19,www.google.fr
2014-03-27 11:17:20,www.sport.bham.ac.uk
2014-03-27 11:17:21,connect.facebook.net
2014-03-27 11:17:22,www.sport.bham.ac.uk
2014-03-27 11:17:22,s-static.ak.facebook.com
2014-03-27 11:17:26,connect.facebook.net
2014-03-27 11:17:26,www.sport.bham.ac.uk
2014-03-27 11:17:27,s-static.ak.facebook.com
2014-03-27 11:17:27,www.sport.bham.ac.uk
2014-03-27 11:17:27,static.ak.facebook.com
2014-03-27 11:17:27,www.google.com
2014-03-27 11:17:27,connect.facebook.net
2014-03-27 11:17:28,www.googleapis.com
2014-03-27 11:17:28,clients1.google.com
2014-03-27 11:17:28,www.sport.bham.ac.uk
2014-03-27 11:17:28,www.google.com
2014-03-27 11:17:28,www.youtube.com
2014-03-27 11:17:29,www.youtube.com
2014-03-27 11:17:29,s.ytimg.com
2014-03-27 11:17:31,www.youtube.com
2014-03-27 11:17:31,www.sport.bham.ac.uk
2014-03-27 11:17:31,www.googleapis.com
2014-03-27 11:17:31,i1.ytimg.com
2014-03-27 11:17:35,ieonline.microsoft.com
2014-03-27 11:17:57,www.sport.bham.ac.uk
2014-03-27 11:17:57,www.google.com
2014-03-27 11:17:57,s.ytimg.com
2014-03-27 11:18:17,docs.google.com
2014-03-27 11:19:06,www.google.fr
2014-03-27 11:19:08,plus.google.com
2014-03-27 11:19:12,plus.google.com
2014-03-27 11:19:16,talkgadget.google.com
2014-03-27 11:19:36,mail.google.com
2014-03-27 11:19:40,plus.google.com
2014-03-27 11:19:40,www.google.fr
2014-03-27 11:19:40,www.birmingham.ac.uk
2014-03-27 11:19:45,www.birmingham.ac.uk
2014-03-27 11:19:45,www.google.fr
2014-03-27 11:19:46,www.birmingham.ac.uk
2014-03-27 11:20:24,clients6.google.com
2014-03-27 11:20:24,apis.google.com
2014-03-27 11:20:24,accounts.google.com
2014-03-27 11:20:28,www.sport.bham.ac.uk
2014-03-27 11:20:28,i1.ytimg.com
2014-03-27 11:20:28,mail.google.com
2014-03-27 11:20:28,clients6.google.com
2014-03-27 11:20:29,www.sport.bham.ac.uk
2014-03-27 11:20:29,s-static.ak.facebook.com
2014-03-27 11:20:29,www.googleapis.com
2014-03-27 11:20:29,www.youtube.com
2014-03-27 11:20:29,static.ak.facebook.com
2014-03-27 11:20:30,clients1.google.com
2014-03-27 11:20:30,www.google.com
2014-03-27 11:20:30,www.sport.bham.ac.uk
2014-03-27 11:20:32,www.youtube.com
2014-03-27 11:20:32,clients1.google.com
2014-03-27 11:20:32,static.ak.facebook.com
2014-03-27 11:20:32,www.sport.bham.ac.uk
2014-03-27 11:20:32,s-static.ak.facebook.com
2014-03-27 11:20:50,gg.google.com
2014-03-27 11:22:18,docs.google.com
2014-03-27 11:23:52,drive.google.com
2014-03-27 11:24:32,www.googleapis.com
2014-03-27 11:24:32,www.youtube.com
2014-03-27 11:24:36,mail.google.com
2014-03-27 11:27:15,plus.google.com
2014-03-27 11:27:15,mail.google.com
2014-03-27 11:27:15,clients6.google.com
2014-03-27 11:27:15,talkgadget.google.com
2014-03-27 11:27:16,www.birmingham.ac.uk
2014-03-27 11:27:17,www.birmingham.ac.uk
2014-03-27 11:27:18,widget.unistats.ac.uk
2014-03-27 11:27:18,www.birmingham.ac.uk
2014-03-27 11:27:18,www.youtube.com
2014-03-27 11:27:18,docs.google.com
2014-03-27 11:27:18,ajax.googleapis.com
2014-03-27 11:27:19,ajax.googleapis.com
2014-03-27 11:27:19,widget.unistats.ac.uk
2014-03-27 11:27:19,www.birmingham.ac.uk
2014-03-27 11:27:20,www.youtube.com
2014-03-27 11:27:23,s.ytimg.com
2014-03-27 11:27:27,i1.ytimg.com
2014-03-27 11:27:52,drive.google.com
2014-03-27 11:29:02,s.ytimg.com
2014-03-27 11:29:02,i1.ytimg.com
2014-03-27 11:29:02,www.youtube.com
2014-03-27 11:29:03,www.birmingham.ac.uk
2014-03-27 11:29:08,www.birmingham.ac.uk
2014-03-27 11:29:09,www.birmingham.ac.uk
2014-03-27 11:29:15,www.birmingham.ac.uk
2014-03-27 11:29:16,www.birmingham.ac.uk
2014-03-27 11:29:27,www.birmingham.ac.uk
2014-03-27 11:29:27,www.adobe.com
2014-03-27 11:29:27,wwwimages.adobe.com
2014-03-27 11:29:28,www.birmingham.ac.uk
2014-03-27 11:29:50,www.birmingham.ac.uk
2014-03-27 11:29:51,www.birmingham.ac.uk
2014-03-27 11:30:08,www.birmingham.ac.uk
2014-03-27 11:30:18,www.birmingham.ac.uk
2014-03-27 11:30:22,plus.google.com
2014-03-27 11:30:25,www.birmingham.ac.uk
2014-03-27 11:30:28,www.birmingham.ac.uk
2014-03-27 11:30:30,www.birmingham.ac.uk
2014-03-27 11:30:31,www.birmingham.ac.uk
2014-03-27 11:30:43,www.google.fr
2014-03-27 11:30:49,mw2.google.com
2014-03-27 11:31:17,mw2.google.com
2014-03-27 11:31:17,www.google.fr
2014-03-27 11:31:17,www.birmingham.ac.uk
2014-03-27 11:31:17,plus.google.com
2014-03-27 11:31:26,docs.google.com
2014-03-27 11:31:37,mail.google.com
2014-03-27 11:31:43,www.google.fr
2014-03-27 11:31:52,drive.google.com
2014-03-27 11:31:53,www.google.fr
2014-03-27 11:31:54,plus.google.com
2014-03-27 11:31:54,www.google.fr
2014-03-27 11:31:54,translate.google.com
2014-03-27 11:31:55,translate.google.com
2014-03-27 11:31:57,translate.google.com
2014-03-27 11:31:58,translate.google.com
2014-03-27 11:31:59,translate.google.com
2014-03-27 11:32:00,translate.google.com
2014-03-27 11:32:01,translate.google.com
2014-03-27 11:32:02,www.google.com
2014-03-27 11:32:02,translate.google.com
2014-03-27 11:32:03,plus.google.com
2014-03-27 11:32:05,translate.google.com
2014-03-27 11:32:07,translate.google.com
2014-03-27 11:32:56,www.google.fr
2014-03-27 11:34:38,mail.google.com
2014-03-27 11:35:52,drive.google.com
2014-03-27 11:36:26,docs.google.com
2014-03-27 11:36:35,mail.google.com
2014-03-27 11:36:35,translate.google.com
2014-03-27 11:36:36,translate.google.com
2014-03-27 11:36:40,translate.google.com
2014-03-27 11:36:42,translate.google.com
2014-03-27 11:36:43,translate.google.com
2014-03-27 11:36:45,translate.google.com
2014-03-27 11:36:46,translate.google.com
2014-03-27 11:36:49,translate.google.com
2014-03-27 11:36:54,translate.google.com
2014-03-27 11:38:01,talkgadget.google.com
2014-03-27 11:39:52,drive.google.com
2014-03-27 11:39:54,clients6.google.com
2014-03-27 11:40:28,translate.google.com
2014-03-27 11:40:28,mail.google.com
2014-03-27 11:40:28,talkgadget.google.com
2014-03-27 11:40:29,translate.google.com
2014-03-27 11:40:30,translate.google.com
2014-03-27 11:40:35,translate.google.com
2014-03-27 11:41:38,www.birmingham.ac.uk
2014-03-27 11:42:35,docs.google.com
2014-03-27 11:43:52,drive.google.com
2014-03-27 11:44:39,mail.google.com
2014-03-27 11:45:54,clients6.google.com
2014-03-27 11:45:57,plus.google.com
2014-03-27 11:46:05,translate.google.com
2014-03-27 11:46:05,talkgadget.google.com
2014-03-27 11:46:05,mail.google.com
2014-03-27 11:46:06,translate.google.com
2014-03-27 11:46:07,translate.google.com
2014-03-27 11:46:08,translate.google.com
2014-03-27 11:46:08,clients6.google.com
2014-03-27 11:46:09,translate.google.com
2014-03-27 11:46:10,translate.google.com
2014-03-27 11:46:11,translate.google.com
2014-03-27 11:46:13,translate.google.com
2014-03-27 11:46:14,translate.google.com
2014-03-27 11:46:16,translate.google.com
2014-03-27 11:46:20,clients6.google.com
2014-03-27 11:46:20,translate.google.com
2014-03-27 11:46:21,translate.google.com
2014-03-27 11:46:25,translate.google.com
2014-03-27 11:47:18,docs.google.com
2014-03-27 11:48:24,translate.google.com
2014-03-27 11:48:24,plus.google.com
2014-03-27 11:48:24,talkgadget.google.com
2014-03-27 11:48:25,translate.google.com
2014-03-27 11:48:26,translate.google.com
2014-03-27 11:48:27,translate.google.com
2014-03-27 11:48:31,translate.google.com
2014-03-27 11:48:32,translate.google.com
2014-03-27 11:48:34,translate.google.com
2014-03-27 11:48:37,translate.google.com
2014-03-27 11:48:51,www.sport.bham.ac.uk
2014-03-27 11:48:56,connect.facebook.net
2014-03-27 11:48:57,static.ak.facebook.com
2014-03-27 11:48:57,s-static.ak.facebook.com
2014-03-27 11:48:58,clients1.google.com
2014-03-27 11:48:58,www.google.com
2014-03-27 11:48:58,www.sport.bham.ac.uk
2014-03-27 11:49:09,www.birmingham.ac.uk
2014-03-27 11:49:27,www.facebook.com
2014-03-27 11:49:46,docs.google.com
2014-03-27 11:49:54,translate.google.com
2014-03-27 11:49:55,translate.google.com
2014-03-27 11:49:58,www.googleapis.com
2014-03-27 11:49:58,translate.google.com
2014-03-27 11:50:00,translate.google.com
2014-03-27 11:50:03,translate.google.com
2014-03-27 11:50:22,plus.google.com
2014-03-27 11:51:25,docs.google.com
2014-03-27 11:51:52,drive.google.com
2014-03-27 11:53:22,accounts.youtube.com
2014-03-27 11:53:28,www.google.fr
2014-03-27 11:53:28,accounts.google.fr
2014-03-27 11:53:28,docs.google.com
2014-03-27 11:53:28,drive.google.com
2014-03-27 11:53:29,accounts.google.com
2014-03-27 11:53:29,mail.google.com
2014-03-27 11:53:29,0.docs.google.com
2014-03-27 11:53:29,www.google.com
2014-03-27 11:53:29,docs.google.com
2014-03-27 11:53:29,www.google.fr
2014-03-27 11:53:42,0.drive.google.com
2014-03-27 11:53:46,talkgadget.google.com
2014-03-27 11:53:54,mail.google.com
2014-03-27 11:54:08,accounts.google.fr
2014-03-27 11:54:08,mail.google.com
2014-03-27 11:54:08,drive.google.com
2014-03-27 11:54:08,www.google.com
2014-03-27 11:54:08,accounts.google.com
2014-03-27 11:54:08,accounts.youtube.com
2014-03-27 11:54:14,accounts.google.com
2014-03-27 11:54:14,talkgadget.google.com
2014-03-27 11:54:14,clients6.google.com
2014-03-27 11:54:14,www.google.com
2014-03-27 11:54:14,accounts.youtube.com
2014-03-27 11:54:14,mail.google.com
