timestamp,site
2014-01-17 13:45:10,fpdownload2.macromedia.com
2014-01-17 13:45:27,go.microsoft.com
2014-01-17 13:45:27,windows.microsoft.com
2014-01-17 13:45:27,res2.windows.microsoft.com
2014-01-17 13:45:27,res1.windows.microsoft.com
2014-01-17 13:45:27,ajax.microsoft.com
2014-01-17 13:45:27,js.microsoft.com
2014-01-17 13:45:28,windows.microsoft.com
2014-01-17 13:45:28,js.microsoft.com
2014-01-17 13:45:28,res1.windows.microsoft.com
2014-01-17 13:45:28,res2.windows.microsoft.com
2014-01-17 13:45:37,www.bing.com
2014-01-17 13:45:38,www.bing.com
2014-01-17 13:45:39,www.bing.com
2014-01-17 13:45:40,www.bing.com
2014-01-17 13:45:40,cms.abmr.net
2014-01-17 13:45:50,login.live.com
2014-01-17 13:46:44,ieonline.microsoft.com
2014-01-25 09:59:59,fpdownload2.macromedia.com
2014-01-25 10:00:07,www.google.com
2014-01-25 10:00:07,www.bing.com
2014-01-25 10:00:15,www.google.fr
2014-01-25 10:00:16,www.google.fr
2014-01-25 10:00:17,www.google.com
2014-01-25 10:00:18,apis.google.com
2014-01-25 10:00:35,apis.google.com
2014-01-25 10:00:35,www.google.fr
2014-01-25 10:00:35,www.google.com
2014-01-25 10:02:07,ieonline.microsoft.com
2014-01-25 10:02:07,go.microsoft.com
2014-01-25 10:15:34,www.google.fr
2014-01-25 10:15:35,www.google.fr
2014-01-25 10:15:55,www.google.fr
2014-01-25 10:16:12,www.google.fr
2014-01-25 10:16:18,www.google.fr
2014-01-25 10:18:00,www.google.fr
2014-01-25 10:18:01,www.google.fr
2014-01-25 10:18:15,sa.kewego.com
2014-01-25 10:18:15,www.google.fr
2014-01-25 10:18:15,widget.achetezfacile.com
2014-01-25 10:18:15,www.lequipe.fr
2014-01-25 10:18:15,medias.lequipe.fr
2014-01-25 10:18:15,static.lequipe.fr
2014-01-25 10:18:16,www.lequipe.fr
2014-01-25 10:18:16,www.facebook.com
2014-01-25 10:18:16,static.lequipe.fr
2014-01-25 10:18:16,ta.kewego.com
2014-01-25 10:18:16,netstorage.lequipe.fr
2014-01-25 10:18:16,s.kewego.com
2014-01-25 10:18:16,platform.twitter.com
2014-01-25 10:18:17,www.lequipe.fr
2014-01-25 10:18:17,ta.kewego.com
2014-01-25 10:18:17,twitter.com
2014-01-25 10:18:17,foglio.basilic.io
2014-01-25 10:18:17,static.lequipe.fr
2014-01-25 10:18:17,widget.achetezfacile.com
2014-01-25 10:18:18,apis.google.com
2014-01-25 10:18:18,twitter.com
2014-01-25 10:18:18,ce.lijit.com
2014-01-25 10:18:18,www.facebook.com
2014-01-25 10:18:18,cm.adgrx.com
2014-01-25 10:18:18,ajax.googleapis.com
2014-01-25 10:18:18,medias.lequipe.fr
2014-01-25 10:18:19,www.facebook.com
2014-01-25 10:18:19,xml.betclick.com
2014-01-25 10:18:19,cm.adgrx.com
2014-01-25 10:18:19,i.htfacile.fr
2014-01-25 10:18:19,match.rtbidder.net
2014-01-25 10:18:19,static.lequipe.fr
2014-01-25 10:18:19,rbp.mxptint.net
2014-01-25 10:18:19,apis.google.com
2014-01-25 10:18:20,ta.kewego.com
2014-01-25 10:18:20,apis.google.com
2014-01-25 10:18:20,xml.betclick.com
2014-01-25 10:18:20,s.kewego.com
2014-01-25 10:18:20,sa.kewego.com
2014-01-25 10:18:20,i.kewego.com
2014-01-25 10:18:20,www.google.com
2014-01-25 10:18:21,apis.google.com
2014-01-25 10:18:21,pixel2368.everesttech.net
2014-01-25 10:18:21,accounts.google.com
2014-01-25 10:18:23,static.lequipe.fr
2014-01-25 10:18:23,medias.lequipe.fr
2014-01-25 10:18:25,medias.lequipe.fr
2014-01-25 10:18:28,medias.lequipe.fr
2014-01-25 10:18:28,pixel2368.everesttech.net
2014-01-25 10:18:28,accounts.google.com
2014-01-25 10:18:29,medias.lequipe.fr
2014-01-25 10:18:32,medias.lequipe.fr
2014-01-25 10:18:34,medias.lequipe.fr
2014-01-25 10:18:35,static.lequipe.fr
2014-01-25 10:18:35,medias.lequipe.fr
2014-01-25 10:18:36,medias.lequipe.fr
2014-01-25 10:18:40,medias.lequipe.fr
2014-01-25 10:18:41,medias.lequipe.fr
2014-01-25 10:18:42,medias.lequipe.fr
2014-01-25 10:18:43,static.lequipe.fr
2014-01-25 10:18:51,www.lequipe.fr
2014-01-25 10:18:51,medias.lequipe.fr
2014-01-25 10:18:53,static.lequipe.fr
2014-01-25 10:18:53,medias.lequipe.fr
2014-01-25 10:18:54,static.lequipe.fr
2014-01-25 10:19:19,www.lequipe.fr
2014-01-25 10:19:22,static.lequipe.fr
2014-01-25 10:19:26,cloudfront.cedexis.com
2014-01-25 10:19:26,i1-js-14-3-01-10044-151299824-i.init.cedexis-radar.net
2014-01-25 10:19:27,cloudfront.cedexis.com
2014-01-25 10:19:28,cdn-ovh1.lequipe.fr
2014-01-25 10:19:46,www.google.com
2014-01-25 10:19:52,www.google.com
2014-01-25 10:19:57,www.google.fr
2014-01-25 10:19:57,160.92.123.193
2014-01-25 10:20:57,www.google.fr
2014-01-25 10:21:53,www.google.fr
2014-01-25 10:21:54,www.google.fr
2014-01-25 10:21:55,apis.google.com
2014-01-25 10:21:55,www.facebook.com
2014-01-25 10:21:55,images.eveiletjeux.net
2014-01-25 10:21:56,s-static.ak.facebook.com
2014-01-25 10:21:56,www.facebook.com
2014-01-25 10:21:56,static.ak.facebook.com
2014-01-25 10:21:56,accounts.google.com
2014-01-25 10:21:56,apis.google.com
2014-01-25 10:22:07,accounts.google.com
2014-01-25 10:22:07,s-static.ak.facebook.com
2014-01-25 10:22:14,s-static.ak.facebook.com
2014-01-25 10:22:21,s-static.ak.facebook.com
2014-01-25 10:23:08,s-static.ak.facebook.com
2014-01-25 10:23:11,s-static.ak.facebook.com
2014-01-25 10:23:17,s-static.ak.facebook.com
2014-01-25 10:23:22,s-static.ak.facebook.com
2014-01-25 10:23:23,s-static.ak.facebook.com
2014-01-25 10:23:52,apis.google.com
2014-01-25 10:23:52,www.google.fr
2014-01-25 10:23:53,api.ning.com
2014-01-25 10:23:57,office14client.microsoft.com
2014-01-25 10:23:57,api.ning.com
2014-01-25 10:23:58,office.microsoft.com
2014-01-25 10:23:59,office.microsoft.com
2014-01-25 10:25:52,www.google.fr
2014-01-25 10:27:40,www.google.fr
2014-01-25 10:27:43,www.google.fr
2014-01-25 10:27:44,www.google.fr
2014-01-25 10:27:53,clients1.google.fr
2014-01-25 10:27:53,www.google.fr
2014-01-25 10:28:05,www.grappa.univ-lille3.fr
2014-01-25 10:28:05,www.google.fr
2014-01-25 10:28:06,www.grappa.univ-lille3.fr
2014-01-25 10:28:07,www.google.fr
2014-01-25 10:28:07,www.grappa.univ-lille3.fr
2014-01-25 10:28:19,www.grappa.univ-lille3.fr
2014-01-25 10:28:19,www.google.fr
2014-01-25 10:29:40,www.google.fr
2014-01-25 10:29:41,www.google.com
2014-01-25 10:29:47,iz.sports.orange.fr
2014-01-25 10:29:47,www.google.com
2014-01-25 10:29:47,www.google.fr
2014-01-25 10:29:47,sports.orange.fr
2014-01-25 10:29:47,c.woopic.com
2014-01-25 10:29:47,images.newsweb.fr
2014-01-25 10:29:47,c.orange.fr
2014-01-25 10:29:47,team.newsweb.fr
2014-01-25 10:29:47,iz.orange.fr
2014-01-25 10:29:48,c.orange.fr
2014-01-25 10:29:48,cshoppingbox.partner.leguide.com
2014-01-25 10:29:48,cimg.leguide.com
2014-01-25 10:29:48,images.newsweb.fr
2014-01-25 10:29:48,c.woopic.com
2014-01-25 10:29:48,code.jquery.com
2014-01-25 10:29:49,csimg.leguide.com
2014-01-25 10:29:49,images.orangepublicite.fr
2014-01-25 10:29:49,cimg.leguide.com
2014-01-25 10:29:49,c.woopic.com
2014-01-25 10:29:50,c.woopic.com
2014-01-25 10:29:50,www.nocibe.fr
2014-01-25 10:29:51,c.orange.fr
2014-01-25 10:29:51,ap.orange.fr
2014-01-25 10:29:51,www.facebook.com
2014-01-25 10:31:31,www.google.fr
2014-01-25 10:31:31,clients1.google.fr
2014-01-25 10:31:57,images.newsweb.fr
2014-01-25 10:31:57,media.sports.fr
2014-01-25 10:32:31,r.orange.fr
2014-01-25 10:32:31,sports.orange.fr
2014-01-25 10:32:31,iz.sports.orange.fr
2014-01-25 10:32:31,c.orange.fr
2014-01-25 10:32:32,cimg.leguide.com
2014-01-25 10:32:32,csimg.leguide.com
2014-01-25 10:32:32,iz.orange.fr
2014-01-25 10:32:33,images.orangepublicite.fr
2014-01-25 10:32:33,listener.ezakus.net
2014-01-25 10:32:39,sports.orange.fr
2014-01-25 10:32:39,c.orange.fr
2014-01-25 10:32:39,r.orange.fr
2014-01-25 10:32:40,iz.orange.fr
2014-01-25 10:32:40,cimg.leguide.com
2014-01-25 10:32:40,csimg.leguide.com
2014-01-25 10:32:40,images.orangepublicite.fr
2014-01-25 10:32:40,iz.sports.orange.fr
2014-01-25 10:32:40,sports.orange.fr
2014-01-25 10:32:44,r.orange.fr
2014-01-25 10:32:44,sports.orange.fr
2014-01-25 10:32:45,c.orange.fr
2014-01-25 10:32:45,iz.sports.orange.fr
2014-01-25 10:32:45,iz.orange.fr
2014-01-25 10:32:45,cimg.leguide.com
2014-01-25 10:32:45,csimg.leguide.com
2014-01-25 10:32:48,rover.ebay.com
2014-01-25 10:32:50,adventori.com
2014-01-25 10:32:51,apnx-match.dotomi.com
2014-01-25 10:33:17,www.google.fr
2014-01-25 10:34:06,www.google.fr
2014-01-25 10:34:16,www.google.fr
2014-01-25 10:34:16,www.pronosoft.com
2014-01-25 10:34:16,ajax.googleapis.com
2014-01-25 10:34:16,parionsweb.loa24.com
2014-01-25 10:34:17,parionsweb.loa24.com
2014-01-25 10:34:17,www.pronosoft.com
2014-01-25 10:34:18,parionsweb.loa24.com
2014-01-25 10:34:18,hal9000.redintelligence.net
2014-01-25 10:34:19,hal9000.redintelligence.net
2014-01-25 10:34:19,www.pronosoft.com
2014-01-25 10:34:19,ea.numericable.fr
2014-01-25 10:35:11,www.google.fr
2014-01-25 10:43:29,sports.orange.fr
2014-01-25 10:43:30,c.orange.fr
2014-01-25 10:43:30,iz.sports.orange.fr
2014-01-25 10:43:30,iz.orange.fr
2014-01-25 10:43:30,images.newsweb.fr
2014-01-25 10:43:31,cimg.leguide.com
2014-01-25 10:43:31,csimg.leguide.com
2014-01-25 10:43:33,r.orange.fr
2014-01-25 10:43:34,sports.orange.fr
2014-01-25 10:43:34,c.orange.fr
2014-01-25 10:43:34,iz.sports.orange.fr
2014-01-25 10:43:34,iz.orange.fr
2014-01-25 10:43:34,cimg.leguide.com
2014-01-25 10:43:35,csimg.leguide.com
2014-01-25 10:43:35,images.orangepublicite.fr
2014-01-25 10:43:47,r.orange.fr
2014-01-25 10:43:47,sports.orange.fr
2014-01-25 10:43:47,c.orange.fr
2014-01-25 10:43:47,iz.sports.orange.fr
2014-01-25 10:43:47,iz.orange.fr
2014-01-25 10:43:48,sports.orange.fr
2014-01-25 10:43:48,cimg.leguide.com
2014-01-25 10:43:48,csimg.leguide.com
2014-01-25 10:43:49,sports.orange.fr
2014-01-25 10:43:49,webdyn.orange.sports.fr
2014-01-25 10:44:06,sports.orange.fr
2014-01-25 10:44:06,c.orange.fr
2014-01-25 10:44:06,r.orange.fr
2014-01-25 10:44:07,iz.orange.fr
2014-01-25 10:44:07,cimg.leguide.com
2014-01-25 10:44:07,images.orangepublicite.fr
2014-01-25 10:44:07,csimg.leguide.com
2014-01-25 10:44:07,iz.sports.orange.fr
2014-01-25 10:44:22,c.orange.fr
2014-01-25 10:44:22,sports.orange.fr
2014-01-25 10:44:22,r.orange.fr
2014-01-25 10:44:23,csimg.leguide.com
2014-01-25 10:44:23,cimg.leguide.com
2014-01-25 10:44:23,iz.orange.fr
2014-01-25 10:44:23,iz.sports.orange.fr
2014-01-25 10:44:27,www.facebook.com
2014-01-25 10:44:27,rover.ebay.com
2014-01-25 10:44:27,images.orangepublicite.fr
2014-01-25 10:44:32,r.orange.fr
2014-01-25 10:44:32,sports.orange.fr
2014-01-25 10:44:32,iz.sports.orange.fr
2014-01-25 10:44:32,iz.orange.fr
2014-01-25 10:44:32,c.orange.fr
2014-01-25 10:44:33,cimg.leguide.com
2014-01-25 10:44:33,csimg.leguide.com
2014-01-25 10:44:36,rover.ebay.com
2014-01-25 10:44:36,images.orangepublicite.fr
2014-01-25 10:45:41,r.orange.fr
2014-01-25 10:45:41,sports.orange.fr
2014-01-25 10:45:41,c.orange.fr
2014-01-25 10:45:42,iz.sports.orange.fr
2014-01-25 10:45:42,iz.orange.fr
2014-01-25 10:45:42,cimg.leguide.com
2014-01-25 10:45:42,csimg.leguide.com
2014-01-25 10:45:42,images.orangepublicite.fr
2014-01-25 10:45:43,images.orangepublicite.fr
2014-01-25 10:45:44,iz.sports.orange.fr
2014-01-25 10:45:44,c.orange.fr
2014-01-25 10:45:44,sports.orange.fr
2014-01-25 10:45:45,iz.orange.fr
2014-01-25 10:45:45,cimg.leguide.com
2014-01-25 10:45:45,csimg.leguide.com
2014-01-25 10:45:48,rover.ebay.com
2014-01-25 10:45:49,images.orangepublicite.fr
2014-01-25 10:47:49,images.orangepublicite.fr
2014-01-25 10:49:01,r.orange.fr
2014-01-25 10:49:01,sports.orange.fr
2014-01-25 10:49:01,c.orange.fr
2014-01-25 10:49:01,iz.sports.orange.fr
2014-01-25 10:49:01,iz.orange.fr
2014-01-25 10:49:02,cimg.leguide.com
2014-01-25 10:49:02,csimg.leguide.com
2014-01-25 10:49:05,images.orangepublicite.fr
2014-01-25 10:49:05,rover.ebay.com
2014-01-25 10:49:06,images.orangepublicite.fr
2014-01-25 10:49:59,r.orange.fr
2014-01-25 10:49:59,sports.orange.fr
2014-01-25 10:49:59,platform.twitter.com
2014-01-25 10:49:59,c.orange.fr
2014-01-25 10:49:59,static.wikipedia.woopic.com
2014-01-25 10:50:00,c.woopic.com
2014-01-25 10:50:00,iz.sports.orange.fr
2014-01-25 10:50:00,iz.orange.fr
2014-01-25 10:50:00,connect.facebook.net
2014-01-25 10:50:00,www.facebook.com
2014-01-25 10:50:00,s-static.ak.facebook.com
2014-01-25 10:50:00,cimg.leguide.com
2014-01-25 10:50:00,static.ak.facebook.com
2014-01-25 10:50:00,apis.google.com
2014-01-25 10:50:01,csimg.leguide.com
2014-01-25 10:50:01,images.orangepublicite.fr
2014-01-25 10:50:01,accounts.google.com
2014-01-25 10:50:02,apis.google.com
2014-01-25 10:50:02,accounts.google.com
2014-01-25 10:50:02,platform.twitter.com
2014-01-25 10:50:03,twitter.com
2014-01-25 10:50:03,apis.google.com
2014-01-25 10:50:34,twitter.com
2014-01-25 10:51:19,c.orange.fr
2014-01-25 10:51:19,sports.orange.fr
2014-01-25 10:51:19,r.orange.fr
2014-01-25 10:51:20,sports.orange.fr
2014-01-25 10:51:20,iz.sports.orange.fr
2014-01-25 10:51:20,iz.orange.fr
2014-01-25 10:51:20,cimg.leguide.com
2014-01-25 10:51:20,csimg.leguide.com
2014-01-25 10:51:21,pmu.eficiens-serving.com
2014-01-25 10:51:22,pmu.eficiens-serving.com
2014-01-25 10:52:20,sports.orange.fr
2014-01-25 10:52:21,cimg.leguide.com
2014-01-25 10:52:21,code.jquery.com
2014-01-25 10:52:21,cshoppingbox.partner.leguide.com
2014-01-25 10:52:21,iz.orange.fr
2014-01-25 10:52:21,iz.sports.orange.fr
2014-01-25 10:52:21,c.woopic.com
2014-01-25 10:52:21,sports.orange.fr
2014-01-25 10:52:21,c.orange.fr
2014-01-25 10:52:22,csimg.leguide.com
2014-01-25 10:52:22,images.orangepublicite.fr
2014-01-25 10:52:22,c.woopic.com
2014-01-25 10:52:23,ap.orange.fr
2014-01-25 10:52:31,www.google.fr
2014-01-25 10:52:33,www.google.fr
2014-01-25 10:52:34,www.google.fr
2014-01-25 10:53:21,c.woopic.com
2014-01-25 10:53:21,sports.orange.fr
2014-01-25 10:53:21,c.orange.fr
2014-01-25 10:53:22,cshoppingbox.partner.leguide.com
2014-01-25 10:53:22,csimg.leguide.com
2014-01-25 10:53:22,c.woopic.com
2014-01-25 10:53:22,c.orange.fr
2014-01-25 10:53:22,code.jquery.com
2014-01-25 10:53:22,cimg.leguide.com
2014-01-25 10:53:22,iz.orange.fr
2014-01-25 10:53:22,iz.sports.orange.fr
2014-01-25 10:53:23,csimg.leguide.com
2014-01-25 10:53:26,rover.ebay.com
2014-01-25 10:53:27,c.woopic.com
2014-01-25 10:53:27,ap.orange.fr
2014-01-25 10:54:22,c.orange.fr
2014-01-25 10:54:22,c.woopic.com
2014-01-25 10:54:22,sports.orange.fr
2014-01-25 10:54:23,cimg.leguide.com
2014-01-25 10:54:23,iz.sports.orange.fr
2014-01-25 10:54:23,iz.orange.fr
2014-01-25 10:54:23,c.woopic.com
2014-01-25 10:54:23,cshoppingbox.partner.leguide.com
2014-01-25 10:54:23,c.orange.fr
2014-01-25 10:54:23,csimg.leguide.com
2014-01-25 10:54:23,code.jquery.com
2014-01-25 10:54:27,rover.ebay.com
2014-01-25 10:54:27,images.orangepublicite.fr
2014-01-25 10:54:27,c.woopic.com
2014-01-25 10:54:28,ap.orange.fr
2014-01-25 10:54:30,www.google.fr
2014-01-25 10:54:33,sports.orange.fr
2014-01-25 10:54:33,c.orange.fr
2014-01-25 10:54:34,iz.sports.orange.fr
2014-01-25 10:54:34,iz.orange.fr
2014-01-25 10:54:35,ea.achatdesign.com
2014-01-25 10:55:39,fr-fr.facebook.com
2014-01-25 10:55:57,www.google.fr
2014-01-25 10:55:57,www.foot33.fr
2014-01-25 10:55:58,www.footengo.fr
2014-01-25 10:55:58,www.foot33.fr
2014-01-25 10:55:59,www.foot33.fr
2014-01-25 10:56:00,www.foot33.fr
2014-01-25 10:56:30,www.google.fr
2014-01-25 10:58:10,www.lequipe.fr
2014-01-25 10:58:10,static.lequipe.fr
2014-01-25 10:58:10,sa.kewego.com
2014-01-25 10:58:10,widget.achetezfacile.com
2014-01-25 10:58:10,www.facebook.com
2014-01-25 10:58:10,platform.twitter.com
2014-01-25 10:58:10,www.google.fr
2014-01-25 10:58:11,netstorage.lequipe.fr
2014-01-25 10:58:11,ta.kewego.com
2014-01-25 10:58:12,apis.google.com
2014-01-25 10:58:12,foglio.basilic.io
2014-01-25 10:58:12,static.lequipe.fr
2014-01-25 10:58:12,www.lequipe.fr
2014-01-25 10:58:12,c1.adform.net
2014-01-25 10:58:12,www.google.fr
2014-01-25 10:58:12,widget.achetezfacile.com
2014-01-25 10:58:12,medias.lequipe.fr
2014-01-25 10:58:13,um.simpli.fi
2014-01-25 10:58:13,rp.gwallet.com
2014-01-25 10:58:13,i.htfacile.fr
2014-01-25 10:58:13,rubicon-match.dotomi.com
2014-01-25 10:58:13,apis.google.com
2014-01-25 10:58:14,xml.betclick.com
2014-01-25 10:58:14,twitter.com
2014-01-25 10:58:17,www.lequipe.fr
2014-01-25 10:58:17,connect.facebook.net
2014-01-25 10:58:17,sa.kewego.com
2014-01-25 10:58:17,platform.twitter.com
2014-01-25 10:58:17,static.lequipe.fr
2014-01-25 10:58:17,medias.lequipe.fr
2014-01-25 10:58:17,i1-js-14-3-01-10077-831967503-i.init.cedexis-radar.net
2014-01-25 10:58:17,i1-js-14-3-01-10077-346208291-i.init.cedexis-radar.net
2014-01-25 10:58:18,netstorage.lequipe.fr
2014-01-25 10:58:18,www2.lequipe.fr
2014-01-25 10:58:18,www.lequipe.fr
2014-01-25 10:58:18,ta.kewego.com
2014-01-25 10:58:18,www.facebook.com
2014-01-25 10:58:19,apis.google.com
2014-01-25 10:58:19,twitter.com
2014-01-25 10:58:19,widget.achetezfacile.com
2014-01-25 10:58:19,www.lequipe.fr
2014-01-25 10:58:19,s-static.ak.facebook.com
2014-01-25 10:58:19,i.htfacile.fr
2014-01-25 10:58:19,www2.lequipe.fr
2014-01-25 10:58:19,foglio.basilic.io
2014-01-25 10:58:19,static.lequipe.fr
2014-01-25 10:58:19,static.ak.facebook.com
2014-01-25 10:58:19,platform.twitter.com
2014-01-25 10:58:19,www.facebook.com
2014-01-25 10:58:20,pr.ybp.yahoo.com
2014-01-25 10:58:20,platform.twitter.com
2014-01-25 10:58:21,xml.betclick.com
2014-01-25 10:58:24,platform.twitter.com
2014-01-25 10:58:33,static.lequipe.fr
2014-01-25 10:58:33,sa.kewego.com
2014-01-25 10:58:33,platform.twitter.com
2014-01-25 10:58:33,www.lequipe.fr
2014-01-25 10:58:34,www.facebook.com
2014-01-25 10:58:34,twitter.com
2014-01-25 10:58:35,apis.google.com
2014-01-25 10:58:35,foglio.basilic.io
2014-01-25 10:58:35,www.lequipe.fr
2014-01-25 10:58:35,widget.achetezfacile.com
2014-01-25 10:58:35,i.htfacile.fr
2014-01-25 10:58:36,static.ak.facebook.com
2014-01-25 10:58:36,medias.lequipe.fr
2014-01-25 10:58:36,www.lequipe.fr
2014-01-25 10:58:36,www.facebook.com
2014-01-25 10:58:36,s-static.ak.facebook.com
2014-01-25 10:59:18,160.92.123.193
2014-01-25 10:59:24,160.92.123.193
2014-01-25 10:59:28,www.lequipemagazine.fr
2014-01-25 10:59:28,platform.twitter.com
2014-01-25 10:59:28,apis.google.com
2014-01-25 10:59:28,static.lequipe.fr
2014-01-25 10:59:28,medias.lequipe.fr
2014-01-25 10:59:29,www.lequipemagazine.fr
2014-01-25 10:59:29,eulerian.canal-plus.com
2014-01-25 10:59:29,s-static.ak.facebook.com
2014-01-25 10:59:29,www.facebook.com
2014-01-25 10:59:29,static.ak.facebook.com
2014-01-25 10:59:35,iz.sports.orange.fr
2014-01-25 10:59:35,c.orange.fr
2014-01-25 10:59:35,c.woopic.com
2014-01-25 10:59:35,sports.orange.fr
2014-01-25 10:59:35,images.newsweb.fr
2014-01-25 10:59:36,code.jquery.com
2014-01-25 10:59:36,iz.orange.fr
2014-01-25 10:59:36,c.woopic.com
2014-01-25 10:59:36,images.newsweb.fr
2014-01-25 10:59:36,cshoppingbox.partner.leguide.com
2014-01-25 10:59:36,c.orange.fr
2014-01-25 10:59:36,cimg.leguide.com
2014-01-25 10:59:37,csimg.leguide.com
2014-01-25 10:59:37,160.92.123.193
2014-01-25 10:59:37,www.lequipe.fr
2014-01-25 10:59:39,rover.ebay.com
2014-01-25 10:59:39,images.orangepublicite.fr
2014-01-25 10:59:39,c.woopic.com
2014-01-25 10:59:40,ap.orange.fr
2014-01-25 10:59:40,c.woopic.com
2014-01-25 10:59:42,www.lequipe21.fr
2014-01-25 10:59:42,static.lequipe.fr
2014-01-25 10:59:42,platform.twitter.com
2014-01-25 10:59:42,pbs.twimg.com
2014-01-25 10:59:42,medias.lequipe.fr
2014-01-25 10:59:43,www.lequipe21.fr
2014-01-25 10:59:43,eulerian.canal-plus.com
2014-01-25 10:59:43,ajax.googleapis.com
2014-01-25 10:59:43,www.google.com
2014-01-25 10:59:44,www.google.com
2014-01-25 10:59:44,ajax.googleapis.com
2014-01-25 10:59:44,s-static.ak.facebook.com
2014-01-25 10:59:44,i4.ytimg.com
2014-01-25 10:59:44,www.lequipe21.fr
2014-01-25 10:59:44,static.ak.facebook.com
2014-01-25 10:59:47,graph.facebook.com
2014-01-25 10:59:47,www.lequipe21.fr
2014-01-25 10:59:56,www.lequipe.fr
2014-01-25 10:59:56,static.lequipe.fr
2014-01-25 10:59:56,sa.kewego.com
2014-01-25 10:59:57,www.facebook.com
2014-01-25 10:59:57,netstorage.lequipe.fr
2014-01-25 10:59:57,twitter.com
2014-01-25 10:59:58,foglio.basilic.io
2014-01-25 10:59:58,widget.achetezfacile.com
2014-01-25 10:59:58,twitter.com
2014-01-25 10:59:58,static.lequipe.fr
2014-01-25 10:59:58,www.lequipe.fr
2014-01-25 10:59:59,i.htfacile.fr
2014-01-25 10:59:59,apis.google.com
2014-01-25 11:00:00,apis.google.com
2014-01-25 11:00:00,xml.betclick.com
2014-01-25 11:00:04,i1-js-14-3-01-10044-370285500-i.init.cedexis-radar.net
2014-01-25 11:00:05,eu-ams1.joyent.bench.cedexis.com
2014-01-25 11:00:06,eu-ams1.joyent.bench.cedexis.com
2014-01-25 11:00:07,cdn-ovh1.lequipe.fr
2014-01-25 11:00:37,160.92.123.193
2014-01-25 11:00:38,www.lequipe.fr
2014-01-25 11:01:00,160.92.123.193
2014-01-25 11:01:17,medias.lequipe.fr
2014-01-25 11:01:17,www.lequipe.fr
2014-01-25 11:01:17,static.lequipe.fr
2014-01-25 11:01:18,medias.lequipe.fr
2014-01-25 11:01:18,platform.twitter.com
2014-01-25 11:01:18,www.facebook.com
2014-01-25 11:01:18,netstorage.lequipe.fr
2014-01-25 11:01:18,static.lequipe.fr
2014-01-25 11:01:18,www.lequipe.fr
2014-01-25 11:01:19,www.lequipe.fr
2014-01-25 11:01:19,widget.achetezfacile.com
2014-01-25 11:01:19,twitter.com
2014-01-25 11:01:20,www.facebook.com
2014-01-25 11:01:20,apis.google.com
2014-01-25 11:01:20,www.lequipe.fr
2014-01-25 11:01:20,medias.lequipe.fr
2014-01-25 11:01:20,static.ak.facebook.com
2014-01-25 11:01:20,foglio.basilic.io
2014-01-25 11:01:20,s-static.ak.facebook.com
2014-01-25 11:01:20,i.htfacile.fr
2014-01-25 11:01:21,eulerian.canal-plus.com
2014-01-25 11:01:21,xml.betclick.com
2014-01-25 11:01:37,160.92.123.193
2014-01-25 11:01:39,www.lequipe.fr
2014-01-25 11:02:03,160.92.123.193
2014-01-25 11:02:21,www.lequipe.fr
2014-01-25 11:02:21,160.92.123.193
2014-01-25 11:02:35,160.92.123.193
2014-01-25 11:02:37,160.92.123.193
2014-01-25 11:02:38,160.92.123.193
2014-01-25 11:04:26,yt3.ggpht.com
2014-01-25 11:04:26,s.ytimg.com
2014-01-25 11:04:26,i1.ytimg.com
2014-01-25 11:04:26,www.youtube.com
2014-01-25 11:04:26,yt4.ggpht.com
2014-01-25 11:04:27,yt4.ggpht.com
2014-01-25 11:04:27,yt3.ggpht.com
2014-01-25 11:04:27,s.ytimg.com
2014-01-25 11:04:27,i1.ytimg.com
2014-01-25 11:04:28,www.google.com
2014-01-25 11:04:28,apis.google.com
2014-01-25 11:04:28,www.youtube.com
2014-01-25 11:04:28,i1.ytimg.com
2014-01-25 11:04:28,s.ytimg.com
2014-01-25 11:04:29,i1.ytimg.com
2014-01-25 11:04:29,s.youtube.com
2014-01-25 11:04:29,s.ytimg.com
2014-01-25 11:04:29,r2---sn-gxo5uxg-jqbe.googlevideo.com
2014-01-25 11:04:29,www.youtube.com
2014-01-25 11:04:31,s.youtube.com
2014-01-25 11:04:32,s.ytimg.com
2014-01-25 11:04:34,www.youtube.com
2014-01-25 11:04:38,s.youtube.com
2014-01-25 11:04:40,iz.orange.fr
2014-01-25 11:04:40,iz.sports.orange.fr
2014-01-25 11:04:40,c.woopic.com
2014-01-25 11:04:40,c.orange.fr
2014-01-25 11:04:40,images.newsweb.fr
2014-01-25 11:04:40,sports.orange.fr
2014-01-25 11:04:41,cshoppingbox.partner.leguide.com
2014-01-25 11:04:41,s.youtube.com
2014-01-25 11:04:41,images.newsweb.fr
2014-01-25 11:04:42,c.orange.fr
2014-01-25 11:04:42,cimg.leguide.com
2014-01-25 11:04:42,code.jquery.com
2014-01-25 11:04:42,csimg.leguide.com
2014-01-25 11:04:43,www.youtube.com
2014-01-25 11:04:43,s.ytimg.com
2014-01-25 11:04:43,r1---sn-gxo5uxg-jqbe.googlevideo.com
2014-01-25 11:04:43,www.youtube-nocookie.com
2014-01-25 11:04:43,i1.ytimg.com
2014-01-25 11:04:43,www.google.com
2014-01-25 11:04:43,yt3.ggpht.com
2014-01-25 11:04:43,s.youtube.com
2014-01-25 11:04:43,www.google.fr
2014-01-25 11:04:44,www.eficiens-serving2.com
2014-01-25 11:04:44,ap.orange.fr
2014-01-25 11:04:44,c.woopic.com
2014-01-25 11:04:44,www.youtube.com
2014-01-25 11:04:45,apis.google.com
2014-01-25 11:04:45,plus.googleapis.com
2014-01-25 11:04:45,r1---sn-gxo5uxg-jqbe.googlevideo.com
2014-01-25 11:04:45,www.youtube.com
2014-01-25 11:04:45,s.youtube.com
2014-01-25 11:04:46,plus.googleapis.com
2014-01-25 11:04:46,r1---sn-gxo5uxg-jqbe.googlevideo.com
2014-01-25 11:04:49,plus.googleapis.com
2014-01-25 11:04:49,r1---sn-gxo5uxg-jqbe.googlevideo.com
2014-01-25 11:04:51,s.ytimg.com
2014-01-25 11:04:51,clients1.google.com
2014-01-25 11:04:53,s.youtube.com
2014-01-25 11:04:55,s.youtube.com
2014-01-25 11:04:55,www.youtube.com
2014-01-25 11:05:00,i1.ytimg.com
2014-01-25 11:05:01,r1---sn-gxo5uxg-jqbe.googlevideo.com
2014-01-25 11:05:03,s.youtube.com
2014-01-25 11:05:05,s.youtube.com
2014-01-25 11:05:13,s.youtube.com
2014-01-25 11:05:22,r1---sn-gxo5uxg-jqbe.googlevideo.com
2014-01-25 11:05:35,s.youtube.com
2014-01-25 11:05:36,r1---sn-gxo5uxg-jqbe.googlevideo.com
2014-01-25 11:05:49,s.youtube.com
2014-01-25 11:05:49,i1.ytimg.com
2014-01-25 11:05:51,r1---sn-gxo5uxg-jqbe.googlevideo.com
2014-01-25 11:05:54,r1---sn-gxo5uxg-jqbe.googlevideo.com
2014-01-25 11:06:05,s.youtube.com
2014-01-25 11:06:06,r1---sn-gxo5uxg-jqbe.googlevideo.com
2014-01-25 11:06:21,r1---sn-gxo5uxg-jqbe.googlevideo.com
2014-01-25 11:06:22,r1---sn-gxo5uxg-jqbe.googlevideo.com
2014-01-25 11:06:29,s.youtube.com
2014-01-25 11:06:35,s.youtube.com
2014-01-25 11:06:36,r1---sn-gxo5uxg-jqbe.googlevideo.com
2014-01-25 11:06:51,r1---sn-gxo5uxg-jqbe.googlevideo.com
2014-01-25 11:06:52,r1---sn-gxo5uxg-jqbe.googlevideo.com
2014-01-25 11:07:03,plus.googleapis.com
2014-01-25 11:07:05,s.youtube.com
2014-01-25 11:07:06,r1---sn-gxo5uxg-jqbe.googlevideo.com
2014-01-25 11:07:09,s.youtube.com
2014-01-25 11:07:20,r1---sn-gxo5uxg-jqbe.googlevideo.com
2014-01-25 11:07:21,r1---sn-gxo5uxg-jqbe.googlevideo.com
2014-01-25 11:07:35,s.youtube.com
2014-01-25 11:07:36,r1---sn-gxo5uxg-jqbe.googlevideo.com
2014-01-25 11:07:46,www.youtube.com
2014-01-25 11:07:49,s.youtube.com
2014-01-25 11:07:51,r1---sn-gxo5uxg-jqbe.googlevideo.com
2014-01-25 11:07:53,r1---sn-gxo5uxg-jqbe.googlevideo.com
2014-01-25 11:08:05,s.youtube.com
2014-01-25 11:08:06,r1---sn-gxo5uxg-jqbe.googlevideo.com
2014-01-25 11:08:21,r1---sn-gxo5uxg-jqbe.googlevideo.com
2014-01-25 11:08:23,r1---sn-gxo5uxg-jqbe.googlevideo.com
2014-01-25 11:08:29,s.youtube.com
2014-01-25 11:08:35,s.youtube.com
2014-01-25 11:08:36,r1---sn-gxo5uxg-jqbe.googlevideo.com
2014-01-25 11:09:05,s.youtube.com
2014-01-25 11:09:05,plus.googleapis.com
2014-01-25 11:09:09,s.youtube.com
2014-01-25 11:09:14,i1.ytimg.com
2014-01-25 11:09:14,plus.googleapis.com
2014-01-25 11:09:35,www.youtube.com
2014-01-25 11:09:35,s.youtube.com
2014-01-25 11:09:41,i1.ytimg.com
2014-01-25 11:09:43,clients1.google.com
2014-01-25 11:09:44,www.youtube.com
2014-01-25 11:09:44,s.youtube.com
2014-01-25 11:09:44,clients1.google.com
2014-01-25 11:09:44,s.ytimg.com
2014-01-25 11:09:44,sports.orange.fr
2014-01-25 11:09:44,c.woopic.com
2014-01-25 11:09:44,c.orange.fr
2014-01-25 11:09:45,c.woopic.com
2014-01-25 11:09:45,clients1.google.com
2014-01-25 11:09:45,iz.sports.orange.fr
2014-01-25 11:09:45,images.newsweb.fr
2014-01-25 11:09:45,iz.orange.fr
2014-01-25 11:09:45,cshoppingbox.partner.leguide.com
2014-01-25 11:09:46,cimg.leguide.com
2014-01-25 11:09:46,c.orange.fr
2014-01-25 11:09:46,code.jquery.com
2014-01-25 11:09:46,csimg.leguide.com
2014-01-25 11:09:46,clients1.google.com
2014-01-25 11:09:47,c.woopic.com
2014-01-25 11:09:47,clients1.google.com
2014-01-25 11:09:47,ap.orange.fr
2014-01-25 11:09:48,www.google.com
2014-01-25 11:09:48,i1.ytimg.com
2014-01-25 11:09:48,plus.googleapis.com
2014-01-25 11:09:48,www.youtube.com
2014-01-25 11:09:48,s.ytimg.com
2014-01-25 11:09:49,s.youtube.com
2014-01-25 11:09:49,i1.ytimg.com
2014-01-25 11:09:49,www.youtube.com
2014-01-25 11:09:49,i4.ytimg.com
2014-01-25 11:09:49,s.ytimg.com
2014-01-25 11:09:53,yt3.ggpht.com
2014-01-25 11:09:53,i4.ytimg.com
2014-01-25 11:09:53,r3---sn-gxo5uxg-jqbe.googlevideo.com
2014-01-25 11:09:53,www.youtube.com
2014-01-25 11:09:53,i1.ytimg.com
2014-01-25 11:09:53,s.youtube.com
2014-01-25 11:09:54,r3---sn-gxo5uxg-jqbe.googlevideo.com
2014-01-25 11:09:54,s.youtube.com
2014-01-25 11:09:55,i1.ytimg.com
2014-01-25 11:09:58,r3---sn-gxo5uxg-jqbe.googlevideo.com
2014-01-25 11:10:03,s.youtube.com
2014-01-25 11:10:05,s.youtube.com
2014-01-25 11:10:09,plus.googleapis.com
2014-01-25 11:10:09,i1.ytimg.com
2014-01-25 11:10:09,s.youtube.com
2014-01-25 11:10:10,www.youtube.com
2014-01-25 11:10:11,i1.ytimg.com
2014-01-25 11:10:15,i1.ytimg.com
2014-01-25 11:10:22,yt3.ggpht.com
2014-01-25 11:10:22,s.youtube.com
2014-01-25 11:10:22,www.youtube.com
2014-01-25 11:10:22,i1.ytimg.com
2014-01-25 11:10:22,r1---sn-gxo5uxg-jqbe.googlevideo.com
2014-01-25 11:10:32,s.youtube.com
2014-01-25 11:10:43,s.youtube.com
2014-01-25 11:10:43,www.youtube.com
2014-01-25 11:10:49,www.youtube.com
2014-01-25 11:10:49,s.youtube.com
2014-01-25 11:10:52,s.youtube.com
2014-01-25 11:10:52,i1.ytimg.com
2014-01-25 11:10:52,www.youtube.com
2014-01-25 11:11:02,plus.googleapis.com
2014-01-25 11:11:02,yt3.ggpht.com
2014-01-25 11:11:02,r1---sn-gxo5uxg-jqbe.googlevideo.com
2014-01-25 11:11:02,i1.ytimg.com
2014-01-25 11:11:02,www.youtube.com
2014-01-25 11:11:03,www.youtube.com
2014-01-25 11:11:03,i1.ytimg.com
2014-01-25 11:11:03,r1---sn-gxo5uxg-jqbe.googlevideo.com
2014-01-25 11:11:03,s.youtube.com
2014-01-25 11:11:04,s.youtube.com
2014-01-25 11:11:12,s.youtube.com
2014-01-25 11:11:14,s.youtube.com
2014-01-25 11:11:24,s.youtube.com
2014-01-25 11:11:27,www.youtube.com
2014-01-25 11:11:29,www.youtube.com
2014-01-25 11:11:36,www.youtube.com
2014-01-25 11:11:36,s.youtube.com
2014-01-25 11:11:44,clients1.google.com
2014-01-25 11:11:45,clients1.google.com
2014-01-25 11:11:46,clients1.google.com
2014-01-25 11:11:47,clients1.google.com
2014-01-25 11:11:48,www.google.com
2014-01-25 11:11:48,www.youtube.com
2014-01-25 11:11:48,i1.ytimg.com
2014-01-25 11:11:48,plus.googleapis.com
2014-01-25 11:11:48,s.youtube.com
2014-01-25 11:11:49,s.youtube.com
2014-01-25 11:11:49,www.youtube.com
2014-01-25 11:11:50,www.youtube.com
2014-01-25 11:12:01,www.youtube.com
2014-01-25 11:12:01,r4---sn-gxo5uxg-jqbe.googlevideo.com
2014-01-25 11:12:01,i1.ytimg.com
2014-01-25 11:12:01,s.youtube.com
2014-01-25 11:12:02,r4---sn-gxo5uxg-jqbe.googlevideo.com
2014-01-25 11:12:03,s.youtube.com
2014-01-25 11:12:11,s.youtube.com
2014-01-25 11:12:14,s.youtube.com
2014-01-25 11:12:20,r4---sn-gxo5uxg-jqbe.googlevideo.com
2014-01-25 11:12:24,s.youtube.com
2014-01-25 11:12:29,r4---sn-gxo5uxg-jqbe.googlevideo.com
2014-01-25 11:12:35,r4---sn-gxo5uxg-jqbe.googlevideo.com
2014-01-25 11:12:41,s.youtube.com
2014-01-25 11:12:50,s.youtube.com
2014-01-25 11:13:11,plus.googleapis.com
2014-01-25 11:13:11,s.youtube.com
2014-01-25 11:13:12,i1.ytimg.com
2014-01-25 11:13:18,www.youtube.com
2014-01-25 11:13:27,clients1.google.com
2014-01-25 11:13:28,www.youtube.com
2014-01-25 11:13:28,clients1.google.com
2014-01-25 11:13:29,clients1.google.com
2014-01-25 11:13:30,s.youtube.com
2014-01-25 11:13:30,clients1.google.com
2014-01-25 11:13:32,clients1.google.com
2014-01-25 11:13:33,clients1.google.com
2014-01-25 11:13:34,clients1.google.com
2014-01-25 11:13:35,www.google.com
2014-01-25 11:13:35,www.youtube.com
2014-01-25 11:13:36,www.youtube.com
2014-01-25 11:13:36,s.youtube.com
2014-01-25 11:13:36,i1.ytimg.com
2014-01-25 11:13:36,s.ytimg.com
2014-01-25 11:13:36,yt3.ggpht.com
2014-01-25 11:13:38,www.youtube.com
2014-01-25 11:13:38,s.ytimg.com
2014-01-25 11:13:38,r1---sn-gxo5uxg-jqbe.googlevideo.com
2014-01-25 11:13:39,lh6.ggpht.com
2014-01-25 11:13:39,yt3.ggpht.com
2014-01-25 11:13:39,apis.google.com
2014-01-25 11:13:39,s.ytimg.com
2014-01-25 11:13:39,www.youtube.com
2014-01-25 11:13:39,i1.ytimg.com
2014-01-25 11:13:39,s.youtube.com
2014-01-25 11:13:39,r1---sn-gxo5uxg-jqbe.googlevideo.com
2014-01-25 11:13:40,www.youtube.com
2014-01-25 11:13:40,r1---sn-gxo5uxg-jqbe.googlevideo.com
2014-01-25 11:13:40,s.youtube.com
2014-01-25 11:13:42,plus.googleapis.com
2014-01-25 11:13:42,lh6.ggpht.com
2014-01-25 11:13:42,www.youtube.com
2014-01-25 11:13:42,i1.ytimg.com
2014-01-25 11:13:43,yt3.ggpht.com
2014-01-25 11:13:44,www.youtube.com
2014-01-25 11:13:45,www.youtube.com
2014-01-25 11:13:46,www.youtube.com
2014-01-25 11:13:47,clients1.google.com
2014-01-25 11:13:50,clients1.google.com
2014-01-25 11:13:51,clients1.google.com
2014-01-25 11:13:52,clients1.google.com
2014-01-25 11:13:53,clients1.google.com
2014-01-25 11:13:54,clients1.google.com
2014-01-25 11:13:54,www.google.com
2014-01-25 11:13:55,www.youtube.com
2014-01-25 11:13:57,yt3.ggpht.com
2014-01-25 11:13:57,www.youtube.com
2014-01-25 11:13:57,i1.ytimg.com
2014-01-25 11:13:57,yt4.ggpht.com
2014-01-25 11:14:17,www.google.fr
2014-01-25 11:14:40,www.google.fr
2014-01-25 11:14:40,www.lequipe.fr
2014-01-25 11:14:40,medias.lequipe.fr
2014-01-25 11:14:40,ajax.googleapis.com
2014-01-25 11:14:40,platform.twitter.com
2014-01-25 11:14:40,static.lequipe.fr
2014-01-25 11:14:40,yt4.ggpht.com
2014-01-25 11:14:41,www.facebook.com
2014-01-25 11:14:41,static.lequipe.fr
2014-01-25 11:14:42,apis.google.com
2014-01-25 11:14:42,eulerian.canal-plus.com
2014-01-25 11:14:42,twitter.com
2014-01-25 11:14:42,netstorage.lequipe.fr
2014-01-25 11:14:42,widget.achetezfacile.com
2014-01-25 11:14:42,videosfr.s3.amazonaws.com
2014-01-25 11:14:42,static.ak.facebook.com
2014-01-25 11:14:42,www.facebook.com
2014-01-25 11:14:42,i.htfacile.fr
2014-01-25 11:14:42,s-static.ak.facebook.com
2014-01-25 11:14:47,c.woopic.com
2014-01-25 11:14:47,c.orange.fr
2014-01-25 11:14:47,sports.orange.fr
2014-01-25 11:14:48,c.woopic.com
2014-01-25 11:14:48,images.newsweb.fr
2014-01-25 11:14:48,iz.orange.fr
2014-01-25 11:14:48,iz.sports.orange.fr
2014-01-25 11:14:49,cshoppingbox.partner.leguide.com
2014-01-25 11:14:49,c.orange.fr
2014-01-25 11:14:49,cimg.leguide.com
2014-01-25 11:14:49,code.jquery.com
2014-01-25 11:14:49,csimg.leguide.com
2014-01-25 11:14:49,c.woopic.com
2014-01-25 11:14:50,c.woopic.com
2014-01-25 11:14:50,ap.orange.fr
2014-01-25 11:15:13,twitter.com
2014-01-25 11:15:47,statique.foot-national.com
2014-01-25 11:15:47,160.92.123.193
2014-01-25 11:15:47,www.google.fr
2014-01-25 11:15:47,www.foot-national.com
2014-01-25 11:15:47,sc.tynt.com
2014-01-25 11:15:48,s-static.ak.facebook.com
2014-01-25 11:15:48,disqus.com
2014-01-25 11:15:48,statique.foot-national.com
2014-01-25 11:15:48,static.ak.facebook.com
2014-01-25 11:15:48,widget.achetezfacile.com
2014-01-25 11:15:48,go.disqus.com
2014-01-25 11:15:48,footnational.disqus.com
2014-01-25 11:15:48,platform.twitter.com
2014-01-25 11:15:48,connect.facebook.net
2014-01-25 11:15:48,www.facebook.com
2014-01-25 11:15:48,i.htfacile.fr
2014-01-25 11:15:49,disqus.com
2014-01-25 11:15:50,statique.foot-national.com
2014-01-25 11:15:50,ban.unclejeans.com
2014-01-25 11:15:51,accounts.google.com
2014-01-25 11:15:51,apis.google.com
2014-01-25 11:15:51,statique.foot-national.com
2014-01-25 11:15:51,www.facebook.com
2014-01-25 11:15:52,statique.foot-national.com
2014-01-25 11:15:53,de.tynt.com
2014-01-25 11:16:22,twitter.com
2014-01-25 11:16:30,www.google.fr
2014-01-25 11:16:30,www.lestitisdupsg.fr
2014-01-25 11:16:31,i.radionomy.com
2014-01-25 11:16:31,api.radionomy.com
2014-01-25 11:16:31,static.radionomy.com
2014-01-25 11:16:31,listen.radionomy.com
2014-01-25 11:16:31,canal-supporters.com
2014-01-25 11:16:31,www.lestitisdupsg.fr
2014-01-25 11:16:31,www.radionomy.com
2014-01-25 11:16:36,www.google.fr
2014-01-25 11:16:37,www.lestitisdupsg.fr
2014-01-25 11:16:38,www.radionomy.com
2014-01-25 11:17:43,clients1.google.fr
2014-01-25 11:17:53,www.google.fr
2014-01-25 11:17:53,clients1.google.fr
2014-01-25 11:17:57,www.google.fr
2014-01-25 11:18:42,www.google.fr
2014-01-25 11:18:42,clients1.google.fr
2014-01-25 11:18:43,clients1.google.fr
2014-01-25 11:18:43,www.google.fr
2014-01-25 11:18:43,www.transfermarkt.de
2014-01-25 11:18:43,connect.facebook.net
2014-01-25 11:18:43,platform.twitter.com
2014-01-25 11:18:43,static.transfermarkt.net
2014-01-25 11:18:44,s-static.ak.facebook.com
2014-01-25 11:18:44,static.ak.facebook.com
2014-01-25 11:18:48,static.transfermarkt.net
2014-01-25 11:18:48,www.facebook.com
2014-01-25 11:18:48,www.transfermarkt.de
2014-01-25 11:18:49,apis.google.com
2014-01-25 11:18:49,accounts.google.com
2014-01-25 11:18:49,www.facebook.com
2014-01-25 11:18:49,platform.twitter.com
2014-01-25 11:18:49,www.transfermarkt.de
2014-01-25 11:18:49,static.transfermarkt.net
2014-01-25 11:19:17,twitter.com
2014-01-25 11:19:18,yt4.ggpht.com
2014-01-25 11:19:18,www.google.fr
2014-01-25 11:19:18,twitter.com
2014-01-25 11:19:18,www.youtube.com
2014-01-25 11:19:18,i1.ytimg.com
2014-01-25 11:19:19,s.ytimg.com
2014-01-25 11:19:20,i1.ytimg.com
2014-01-25 11:19:20,www.google.com
2014-01-25 11:19:20,www.youtube.com
2014-01-25 11:19:20,s.youtube.com
2014-01-25 11:19:20,r2---sn-gxo5uxg-jqbe.googlevideo.com
2014-01-25 11:19:21,s.youtube.com
2014-01-25 11:19:21,clients1.google.com
2014-01-25 11:19:21,r2---sn-gxo5uxg-jqbe.googlevideo.com
2014-01-25 11:19:22,i1.ytimg.com
2014-01-25 11:19:22,www.youtube.com
2014-01-25 11:19:22,s.youtube.com
2014-01-25 11:19:22,www.google.com
2014-01-25 11:19:22,r2---sn-gxo5uxg-jqbe.googlevideo.com
2014-01-25 11:19:24,www.youtube.com
2014-01-25 11:19:26,www.youtube.com
2014-01-25 11:19:30,s.youtube.com
2014-01-25 11:19:30,i1.ytimg.com
2014-01-25 11:19:30,www.youtube-nocookie.com
2014-01-25 11:19:30,r3---sn-gxo5uxg-jqbe.googlevideo.com
2014-01-25 11:19:30,www.youtube.com
2014-01-25 11:19:30,www.google.fr
2014-01-25 11:19:30,yt3.ggpht.com
2014-01-25 11:19:31,s.youtube.com
2014-01-25 11:19:31,www.youtube.com
2014-01-25 11:19:31,r3---sn-gxo5uxg-jqbe.googlevideo.com
2014-01-25 11:19:32,s.youtube.com
2014-01-25 11:19:40,r3---sn-gxo5uxg-jqbe.googlevideo.com
2014-01-25 11:19:40,s.youtube.com
2014-01-25 11:19:41,www.youtube.com
2014-01-25 11:19:42,s.youtube.com
2014-01-25 11:19:44,www.google.fr
2014-01-25 11:19:50,images.newsweb.fr
2014-01-25 11:19:50,sports.orange.fr
2014-01-25 11:19:50,s.youtube.com
2014-01-25 11:19:51,iz.orange.fr
2014-01-25 11:19:51,iz.sports.orange.fr
2014-01-25 11:19:51,c.woopic.com
2014-01-25 11:19:51,c.orange.fr
2014-01-25 11:19:51,images.newsweb.fr
2014-01-25 11:19:52,code.jquery.com
2014-01-25 11:19:52,c.orange.fr
2014-01-25 11:19:52,cimg.leguide.com
2014-01-25 11:19:52,csimg.leguide.com
2014-01-25 11:19:52,cshoppingbox.partner.leguide.com
2014-01-25 11:19:53,s.youtube.com
2014-01-25 11:19:55,rover.ebay.com
2014-01-25 11:19:56,images.orangepublicite.fr
2014-01-25 11:19:56,c.woopic.com
2014-01-25 11:19:57,ap.orange.fr
2014-01-25 11:20:19,www.google.fr
2014-01-25 11:20:20,www.google.fr
2014-01-25 11:20:20,www.leopardsfoot.com
2014-01-25 11:20:21,static.ak.facebook.com
2014-01-25 11:20:21,s-static.ak.facebook.com
2014-01-25 11:20:21,www.leopardsfoot.com
2014-01-25 11:20:21,www.facebook.com
2014-01-25 11:20:22,www.leopardsfoot.com
2014-01-25 11:20:25,i1.ytimg.com
2014-01-25 11:20:27,r3---sn-gxo5uxg-jqbe.googlevideo.com
2014-01-25 11:20:32,r3---sn-gxo5uxg-jqbe.googlevideo.com
2014-01-25 11:20:32,s.youtube.com
2014-01-25 11:20:38,i1.ytimg.com
2014-01-25 11:20:39,s.ytimg.com
2014-01-25 11:20:39,www.youtube.com
2014-01-25 11:20:42,plus.googleapis.com
2014-01-25 11:20:42,s.youtube.com
2014-01-25 11:20:47,s.youtube.com
2014-01-25 11:20:52,s.youtube.com
2014-01-25 11:20:54,r3---sn-gxo5uxg-jqbe.googlevideo.com
2014-01-25 11:21:00,r3---sn-gxo5uxg-jqbe.googlevideo.com
2014-01-25 11:21:09,r3---sn-gxo5uxg-jqbe.googlevideo.com
2014-01-25 11:21:15,r3---sn-gxo5uxg-jqbe.googlevideo.com
2014-01-25 11:21:22,s.youtube.com
2014-01-25 11:21:24,r3---sn-gxo5uxg-jqbe.googlevideo.com
2014-01-25 11:21:27,s.youtube.com
2014-01-25 11:21:30,r3---sn-gxo5uxg-jqbe.googlevideo.com
2014-01-25 11:21:39,s.ytimg.com
2014-01-25 11:21:39,www.youtube.com
2014-01-25 11:21:39,apis.google.com
2014-01-25 11:21:39,r3---sn-gxo5uxg-jqbe.googlevideo.com
2014-01-25 11:21:45,s.ytimg.com
2014-01-25 11:21:45,r3---sn-gxo5uxg-jqbe.googlevideo.com
2014-01-25 11:21:52,s.youtube.com
2014-01-25 11:21:54,r3---sn-gxo5uxg-jqbe.googlevideo.com
2014-01-25 11:21:56,images.orangepublicite.fr
2014-01-25 11:22:00,r3---sn-gxo5uxg-jqbe.googlevideo.com
2014-01-25 11:22:07,s.youtube.com
2014-01-25 11:22:09,r3---sn-gxo5uxg-jqbe.googlevideo.com
2014-01-25 11:22:15,r3---sn-gxo5uxg-jqbe.googlevideo.com
2014-01-25 11:22:22,s.youtube.com
2014-01-25 11:22:24,r3---sn-gxo5uxg-jqbe.googlevideo.com
2014-01-25 11:22:31,r3---sn-gxo5uxg-jqbe.googlevideo.com
2014-01-25 11:22:40,i1.ytimg.com
2014-01-25 11:22:45,r3---sn-gxo5uxg-jqbe.googlevideo.com
2014-01-25 11:22:47,s.youtube.com
2014-01-25 11:22:52,s.youtube.com
2014-01-25 11:22:57,www.youtube.com
2014-01-25 11:23:11,i1.ytimg.com
2014-01-25 11:23:22,s.youtube.com
2014-01-25 11:23:27,s.youtube.com
2014-01-25 11:23:39,i1.ytimg.com
2014-01-25 11:23:40,i1.ytimg.com
2014-01-25 11:23:42,s.youtube.com
2014-01-25 11:23:42,www.youtube.com
2014-01-25 11:23:46,clients1.google.com
2014-01-25 11:23:47,clients1.google.com
2014-01-25 11:23:48,clients1.google.com
2014-01-25 11:23:51,www.google.com
2014-01-25 11:23:51,www.youtube.com
2014-01-25 11:23:51,i1.ytimg.com
2014-01-25 11:23:52,s.youtube.com
2014-01-25 11:23:52,i1.ytimg.com
2014-01-25 11:23:52,www.youtube.com
2014-01-25 11:23:53,www.youtube.com
2014-01-25 11:23:54,i1.ytimg.com
2014-01-25 11:23:57,i1.ytimg.com
2014-01-25 11:24:05,i1.ytimg.com
2014-01-25 11:24:07,i1.ytimg.com
2014-01-25 11:24:16,i1.ytimg.com
2014-01-25 11:24:16,www.youtube.com
2014-01-25 11:24:16,r3---sn-gxo5uxg-jqbe.googlevideo.com
2014-01-25 11:24:17,i1.ytimg.com
2014-01-25 11:24:17,s.youtube.com
2014-01-25 11:24:17,www.youtube.com
2014-01-25 11:24:17,r3---sn-gxo5uxg-jqbe.googlevideo.com
2014-01-25 11:24:17,r7---sn-cg07luek.googlevideo.com
2014-01-25 11:24:18,r3---sn-gxo5uxg-jqbe.googlevideo.com
2014-01-25 11:24:18,r7---sn-cg07luek.googlevideo.com
2014-01-25 11:24:18,i1.ytimg.com
2014-01-25 11:24:19,r7---sn-cg07luek.googlevideo.com
2014-01-25 11:24:20,s.youtube.com
2014-01-25 11:24:26,s.youtube.com
2014-01-25 11:24:30,s.youtube.com
2014-01-25 11:24:36,s.youtube.com
2014-01-25 11:24:39,r3---sn-gxo5uxg-jqbe.googlevideo.com
2014-01-25 11:24:39,r7---sn-cg07luek.googlevideo.com
2014-01-25 11:24:40,s.youtube.com
2014-01-25 11:24:55,r3---sn-gxo5uxg-jqbe.googlevideo.com
2014-01-25 11:24:55,r7---sn-cg07luek.googlevideo.com
2014-01-25 11:24:57,sports.orange.fr
2014-01-25 11:24:57,c.woopic.com
2014-01-25 11:24:57,c.orange.fr
2014-01-25 11:24:58,iz.orange.fr
2014-01-25 11:24:58,c.woopic.com
2014-01-25 11:24:58,images.newsweb.fr
2014-01-25 11:24:58,iz.sports.orange.fr
2014-01-25 11:24:59,cshoppingbox.partner.leguide.com
2014-01-25 11:24:59,c.orange.fr
2014-01-25 11:24:59,cimg.leguide.com
2014-01-25 11:24:59,code.jquery.com
2014-01-25 11:24:59,csimg.leguide.com
2014-01-25 11:25:00,images.orangepublicite.fr
2014-01-25 11:25:00,c.woopic.com
2014-01-25 11:25:00,ap.orange.fr
2014-01-25 11:25:06,s.youtube.com
2014-01-25 11:25:10,r3---sn-gxo5uxg-jqbe.googlevideo.com
2014-01-25 11:25:10,r7---sn-cg07luek.googlevideo.com
2014-01-25 11:25:19,plus.googleapis.com
2014-01-25 11:25:19,s.youtube.com
2014-01-25 11:25:32,i1.ytimg.com
2014-01-25 11:25:33,i1.ytimg.com
2014-01-25 11:25:37,s.youtube.com
2014-01-25 11:25:38,plus.googleapis.com
2014-01-25 11:25:38,i1.ytimg.com
2014-01-25 11:25:39,i1.ytimg.com
2014-01-25 11:25:53,www.youtube.com
2014-01-25 11:25:59,s.youtube.com
2014-01-25 11:26:05,clients1.google.com
2014-01-25 11:26:06,clients1.google.com
2014-01-25 11:26:07,i1.ytimg.com
2014-01-25 11:26:07,www.youtube.com
2014-01-25 11:26:07,s.youtube.com
2014-01-25 11:26:07,plus.googleapis.com
2014-01-25 11:26:07,www.google.com
2014-01-25 11:26:08,www.youtube.com
2014-01-25 11:26:08,i1.ytimg.com
2014-01-25 11:26:08,s.youtube.com
2014-01-25 11:26:09,www.youtube.com
2014-01-25 11:26:14,i1.ytimg.com
2014-01-25 11:26:17,www.youtube.com
2014-01-25 11:26:17,i1.ytimg.com
2014-01-25 11:26:17,plus.googleapis.com
2014-01-25 11:26:17,r1---sn-gxo5uxg-jqbe.googlevideo.com
2014-01-25 11:26:17,s.youtube.com
2014-01-25 11:26:21,r1---sn-gxo5uxg-jqbe.googlevideo.com
2014-01-25 11:26:22,r1---sn-gxo5uxg-jqbe.googlevideo.com
2014-01-25 11:26:27,s.youtube.com
2014-01-25 11:26:28,s.youtube.com
2014-01-25 11:26:32,r1---sn-gxo5uxg-jqbe.googlevideo.com
2014-01-25 11:26:37,r1---sn-gxo5uxg-jqbe.googlevideo.com
2014-01-25 11:26:37,www.youtube.com
2014-01-25 11:26:38,s.youtube.com
2014-01-25 11:26:48,s.youtube.com
2014-01-25 11:26:51,i1.ytimg.com
2014-01-25 11:26:52,r1---sn-gxo5uxg-jqbe.googlevideo.com
2014-01-25 11:26:56,r1---sn-gxo5uxg-jqbe.googlevideo.com
2014-01-25 11:26:57,s.youtube.com
2014-01-25 11:26:58,r1---sn-gxo5uxg-jqbe.googlevideo.com
2014-01-25 11:26:58,www.youtube.com
2014-01-25 11:26:59,r1---sn-gxo5uxg-jqbe.googlevideo.com
2014-01-25 11:27:00,r1---sn-gxo5uxg-jqbe.googlevideo.com
2014-01-25 11:27:00,images.orangepublicite.fr
2014-01-25 11:27:01,r1---sn-gxo5uxg-jqbe.googlevideo.com
2014-01-25 11:27:02,r1---sn-gxo5uxg-jqbe.googlevideo.com
2014-01-25 11:27:04,r1---sn-gxo5uxg-jqbe.googlevideo.com
2014-01-25 11:27:05,r1---sn-gxo5uxg-jqbe.googlevideo.com
2014-01-25 11:27:06,i1.ytimg.com
2014-01-25 11:27:06,r1---sn-gxo5uxg-jqbe.googlevideo.com
2014-01-25 11:27:07,s.youtube.com
2014-01-25 11:27:09,r1---sn-gxo5uxg-jqbe.googlevideo.com
2014-01-25 11:27:10,r1---sn-gxo5uxg-jqbe.googlevideo.com
2014-01-25 11:27:17,r1---sn-gxo5uxg-jqbe.googlevideo.com
2014-01-25 11:27:18,r1---sn-gxo5uxg-jqbe.googlevideo.com
2014-01-25 11:27:18,plus.googleapis.com
2014-01-25 11:27:19,s.youtube.com
2014-01-25 11:27:19,r1---sn-gxo5uxg-jqbe.googlevideo.com
2014-01-25 11:27:20,i1.ytimg.com
2014-01-25 11:27:21,r1---sn-gxo5uxg-jqbe.googlevideo.com
2014-01-25 11:27:22,r1---sn-gxo5uxg-jqbe.googlevideo.com
2014-01-25 11:27:23,r1---sn-gxo5uxg-jqbe.googlevideo.com
2014-01-25 11:27:24,r1---sn-gxo5uxg-jqbe.googlevideo.com
2014-01-25 11:27:25,r1---sn-gxo5uxg-jqbe.googlevideo.com
2014-01-25 11:27:26,i1.ytimg.com
2014-01-25 11:27:27,r1---sn-gxo5uxg-jqbe.googlevideo.com
2014-01-25 11:27:27,s.youtube.com
2014-01-25 11:27:28,r1---sn-gxo5uxg-jqbe.googlevideo.com
2014-01-25 11:27:37,s.youtube.com
2014-01-25 11:27:59,s.youtube.com
2014-01-25 11:28:02,r1---sn-gxo5uxg-jqbe.googlevideo.com
2014-01-25 11:28:02,i1.ytimg.com
2014-01-25 11:28:03,r1---sn-gxo5uxg-jqbe.googlevideo.com
2014-01-25 11:28:04,r1---sn-gxo5uxg-jqbe.googlevideo.com
2014-01-25 11:28:05,r1---sn-gxo5uxg-jqbe.googlevideo.com
2014-01-25 11:28:06,r1---sn-gxo5uxg-jqbe.googlevideo.com
2014-01-25 11:28:06,i1.ytimg.com
2014-01-25 11:28:07,s.youtube.com
2014-01-25 11:28:09,r1---sn-gxo5uxg-jqbe.googlevideo.com
2014-01-25 11:28:17,s.youtube.com
2014-01-25 11:28:27,s.youtube.com
2014-01-25 11:28:30,r1---sn-gxo5uxg-jqbe.googlevideo.com
2014-01-25 11:28:38,r1---sn-gxo5uxg-jqbe.googlevideo.com
2014-01-25 11:28:39,s.youtube.com
2014-01-25 11:28:53,r1---sn-gxo5uxg-jqbe.googlevideo.com
2014-01-25 11:28:54,r1---sn-gxo5uxg-jqbe.googlevideo.com
2014-01-25 11:28:55,r1---sn-gxo5uxg-jqbe.googlevideo.com
2014-01-25 11:28:55,i1.ytimg.com
2014-01-25 11:28:56,r1---sn-gxo5uxg-jqbe.googlevideo.com
2014-01-25 11:28:57,r1---sn-gxo5uxg-jqbe.googlevideo.com
2014-01-25 11:28:57,s.youtube.com
2014-01-25 11:28:58,i1.ytimg.com
2014-01-25 11:28:58,r1---sn-gxo5uxg-jqbe.googlevideo.com
2014-01-25 11:28:59,r1---sn-gxo5uxg-jqbe.googlevideo.com
2014-01-25 11:29:01,r1---sn-gxo5uxg-jqbe.googlevideo.com
2014-01-25 11:29:03,r1---sn-gxo5uxg-jqbe.googlevideo.com
2014-01-25 11:29:08,s.youtube.com
2014-01-25 11:29:18,s.youtube.com
2014-01-25 11:29:19,s.youtube.com
2014-01-25 11:29:20,r1---sn-gxo5uxg-jqbe.googlevideo.com
2014-01-25 11:29:21,i1.ytimg.com
2014-01-25 11:29:21,r1---sn-gxo5uxg-jqbe.googlevideo.com
2014-01-25 11:29:22,r1---sn-gxo5uxg-jqbe.googlevideo.com
2014-01-25 11:29:23,r1---sn-gxo5uxg-jqbe.googlevideo.com
2014-01-25 11:29:25,r1---sn-gxo5uxg-jqbe.googlevideo.com
2014-01-25 11:29:26,r1---sn-gxo5uxg-jqbe.googlevideo.com
2014-01-25 11:29:28,s.youtube.com
2014-01-25 11:29:29,r1---sn-gxo5uxg-jqbe.googlevideo.com
2014-01-25 11:29:30,r1---sn-gxo5uxg-jqbe.googlevideo.com
2014-01-25 11:29:30,i1.ytimg.com
2014-01-25 11:29:31,r1---sn-gxo5uxg-jqbe.googlevideo.com
2014-01-25 11:29:32,r1---sn-gxo5uxg-jqbe.googlevideo.com
2014-01-25 11:29:34,www.youtube.com
2014-01-25 11:29:34,r1---sn-gxo5uxg-jqbe.googlevideo.com
2014-01-25 11:29:34,i1.ytimg.com
2014-01-25 11:29:35,r1---sn-gxo5uxg-jqbe.googlevideo.com
2014-01-25 11:29:36,r1---sn-gxo5uxg-jqbe.googlevideo.com
2014-01-25 11:29:38,r1---sn-gxo5uxg-jqbe.googlevideo.com
2014-01-25 11:29:38,s.youtube.com
2014-01-25 11:29:40,i1.ytimg.com
2014-01-25 11:29:40,s.youtube.com
2014-01-25 11:29:40,www.youtube.com
2014-01-25 11:29:42,www.youtube.com
2014-01-25 11:29:47,i1.ytimg.com
2014-01-25 11:29:48,i1.ytimg.com
2014-01-25 11:29:58,www.youtube.com
2014-01-25 11:29:58,r3---sn-gxo5uxg-jqbe.googlevideo.com
2014-01-25 11:29:58,i1.ytimg.com
2014-01-25 11:29:59,i1.ytimg.com
2014-01-25 11:29:59,s.youtube.com
2014-01-25 11:29:59,r3---sn-gxo5uxg-jqbe.googlevideo.com
2014-01-25 11:29:59,www.youtube.com
2014-01-25 11:30:00,sports.orange.fr
2014-01-25 11:30:01,iz.orange.fr
2014-01-25 11:30:01,images.newsweb.fr
2014-01-25 11:30:01,c.woopic.com
2014-01-25 11:30:01,c.orange.fr
2014-01-25 11:30:01,sports.orange.fr
2014-01-25 11:30:01,iz.sports.orange.fr
2014-01-25 11:30:02,cshoppingbox.partner.leguide.com
2014-01-25 11:30:02,c.orange.fr
2014-01-25 11:30:02,cimg.leguide.com
2014-01-25 11:30:02,code.jquery.com
2014-01-25 11:30:02,csimg.leguide.com
2014-01-25 11:30:03,c.woopic.com
2014-01-25 11:30:04,ap.orange.fr
2014-01-25 11:30:06,r3---sn-gxo5uxg-jqbe.googlevideo.com
2014-01-25 11:30:08,s.youtube.com
2014-01-25 11:30:17,r3---sn-gxo5uxg-jqbe.googlevideo.com
2014-01-25 11:30:18,s.youtube.com
2014-01-25 11:30:28,s.youtube.com
2014-01-25 11:30:38,s.youtube.com
2014-01-25 11:30:55,s.youtube.com
2014-01-25 11:31:01,www.youtube.com
2014-01-25 11:31:01,plus.googleapis.com
2014-01-25 11:31:08,www.youtube.com
2014-01-25 11:31:08,s.youtube.com
2014-01-25 11:31:17,s.youtube.com
2014-01-25 11:31:17,www.youtube.com
2014-01-25 11:31:19,www.youtube.com
2014-01-25 11:31:19,s.youtube.com
2014-01-25 11:31:19,i1.ytimg.com
2014-01-25 11:31:21,www.youtube.com
2014-01-25 11:31:26,i1.ytimg.com
2014-01-25 11:31:38,i1.ytimg.com
2014-01-25 11:31:38,www.youtube.com
2014-01-25 11:31:39,www.youtube.com
2014-01-25 11:31:40,www.youtube.com
2014-01-25 11:31:49,apis.google.com
2014-01-25 11:31:49,yt4.ggpht.com
2014-01-25 11:31:49,i1.ytimg.com
2014-01-25 11:31:55,i1.ytimg.com
2014-01-25 11:31:59,i1.ytimg.com
2014-01-25 11:32:12,i1.ytimg.com
2014-01-25 11:32:12,www.youtube.com
2014-01-25 11:32:12,yt3.ggpht.com
2014-01-25 11:32:13,i1.ytimg.com
2014-01-25 11:32:13,www.youtube.com
2014-01-25 11:32:14,www.youtube.com
2014-01-25 11:32:19,i1.ytimg.com
2014-01-25 11:32:20,i1.ytimg.com
2014-01-25 11:32:35,i1.ytimg.com
2014-01-25 11:32:35,r2---sn-gxo5uxg-jqbe.googlevideo.com
2014-01-25 11:32:35,s.youtube.com
2014-01-25 11:32:35,yt4.ggpht.com
2014-01-25 11:32:35,www.youtube.com
2014-01-25 11:32:36,r6---sn-cg07luee.googlevideo.com
2014-01-25 11:32:36,r2---sn-gxo5uxg-jqbe.googlevideo.com
2014-01-25 11:32:36,s.youtube.com
2014-01-25 11:32:37,r6---sn-cg07luee.googlevideo.com
2014-01-25 11:32:38,s.youtube.com
2014-01-25 11:32:40,r2---sn-gxo5uxg-jqbe.googlevideo.com
2014-01-25 11:32:40,r6---sn-cg07luee.googlevideo.com
2014-01-25 11:32:42,r2---sn-gxo5uxg-jqbe.googlevideo.com
2014-01-25 11:32:42,r6---sn-cg07luee.googlevideo.com
2014-01-25 11:32:45,s.youtube.com
2014-01-25 11:32:48,s.youtube.com
2014-01-25 11:32:55,r2---sn-gxo5uxg-jqbe.googlevideo.com
2014-01-25 11:32:55,r6---sn-cg07luee.googlevideo.com
2014-01-25 11:32:58,r2---sn-gxo5uxg-jqbe.googlevideo.com
2014-01-25 11:32:58,r6---sn-cg07luee.googlevideo.com
2014-01-25 11:32:58,s.youtube.com
2014-01-25 11:33:03,i1.ytimg.com
2014-01-25 11:33:05,r2---sn-gxo5uxg-jqbe.googlevideo.com
2014-01-25 11:33:06,r6---sn-cg07luee.googlevideo.com
2014-01-25 11:33:06,r2---sn-gxo5uxg-jqbe.googlevideo.com
2014-01-25 11:33:07,r6---sn-cg07luee.googlevideo.com
2014-01-25 11:33:09,r2---sn-gxo5uxg-jqbe.googlevideo.com
2014-01-25 11:33:10,r6---sn-cg07luee.googlevideo.com
2014-01-25 11:33:10,r2---sn-gxo5uxg-jqbe.googlevideo.com
2014-01-25 11:33:11,r6---sn-cg07luee.googlevideo.com
2014-01-25 11:33:11,r2---sn-gxo5uxg-jqbe.googlevideo.com
2014-01-25 11:33:11,i1.ytimg.com
2014-01-25 11:33:12,r2---sn-gxo5uxg-jqbe.googlevideo.com
2014-01-25 11:33:12,r6---sn-cg07luee.googlevideo.com
2014-01-25 11:33:13,r2---sn-gxo5uxg-jqbe.googlevideo.com
2014-01-25 11:33:14,r2---sn-gxo5uxg-jqbe.googlevideo.com
2014-01-25 11:33:14,r6---sn-cg07luee.googlevideo.com
2014-01-25 11:33:15,r6---sn-cg07luee.googlevideo.com
2014-01-25 11:33:15,s.youtube.com
2014-01-25 11:33:15,r2---sn-gxo5uxg-jqbe.googlevideo.com
2014-01-25 11:33:18,r2---sn-gxo5uxg-jqbe.googlevideo.com
2014-01-25 11:33:18,r6---sn-cg07luee.googlevideo.com
2014-01-25 11:33:19,r6---sn-cg07luee.googlevideo.com
2014-01-25 11:33:19,r2---sn-gxo5uxg-jqbe.googlevideo.com
2014-01-25 11:33:20,s.youtube.com
2014-01-25 11:33:20,r6---sn-cg07luee.googlevideo.com
2014-01-25 11:33:20,r2---sn-gxo5uxg-jqbe.googlevideo.com
2014-01-25 11:33:21,r2---sn-gxo5uxg-jqbe.googlevideo.com
2014-01-25 11:33:21,r6---sn-cg07luee.googlevideo.com
2014-01-25 11:33:22,r2---sn-gxo5uxg-jqbe.googlevideo.com
2014-01-25 11:33:22,r6---sn-cg07luee.googlevideo.com
2014-01-25 11:33:25,s.youtube.com
2014-01-25 11:33:27,r2---sn-gxo5uxg-jqbe.googlevideo.com
2014-01-25 11:33:28,r2---sn-gxo5uxg-jqbe.googlevideo.com
2014-01-25 11:33:28,r6---sn-cg07luee.googlevideo.com
2014-01-25 11:33:28,i1.ytimg.com
2014-01-25 11:33:29,r2---sn-gxo5uxg-jqbe.googlevideo.com
2014-01-25 11:33:30,r2---sn-gxo5uxg-jqbe.googlevideo.com
2014-01-25 11:33:30,r6---sn-cg07luee.googlevideo.com
2014-01-25 11:33:31,r6---sn-cg07luee.googlevideo.com
2014-01-25 11:33:32,r2---sn-gxo5uxg-jqbe.googlevideo.com
2014-01-25 11:33:32,r6---sn-cg07luee.googlevideo.com
2014-01-25 11:33:33,r6---sn-cg07luee.googlevideo.com
2014-01-25 11:33:33,r2---sn-gxo5uxg-jqbe.googlevideo.com
2014-01-25 11:33:34,r2---sn-gxo5uxg-jqbe.googlevideo.com
2014-01-25 11:33:34,r6---sn-cg07luee.googlevideo.com
2014-01-25 11:33:35,s.youtube.com
2014-01-25 11:33:36,i1.ytimg.com
2014-01-25 11:33:37,r2---sn-gxo5uxg-jqbe.googlevideo.com
2014-01-25 11:33:37,r6---sn-cg07luee.googlevideo.com
2014-01-25 11:33:37,plus.googleapis.com
2014-01-25 11:33:38,r6---sn-cg07luee.googlevideo.com
2014-01-25 11:33:38,r2---sn-gxo5uxg-jqbe.googlevideo.com
2014-01-25 11:33:39,r6---sn-cg07luee.googlevideo.com
2014-01-25 11:33:39,r2---sn-gxo5uxg-jqbe.googlevideo.com
2014-01-25 11:33:40,r2---sn-gxo5uxg-jqbe.googlevideo.com
2014-01-25 11:33:40,r6---sn-cg07luee.googlevideo.com
2014-01-25 11:33:41,r2---sn-gxo5uxg-jqbe.googlevideo.com
2014-01-25 11:33:41,r6---sn-cg07luee.googlevideo.com
2014-01-25 11:33:41,i1.ytimg.com
2014-01-25 11:33:42,r2---sn-gxo5uxg-jqbe.googlevideo.com
2014-01-25 11:33:42,r6---sn-cg07luee.googlevideo.com
2014-01-25 11:33:43,r2---sn-gxo5uxg-jqbe.googlevideo.com
2014-01-25 11:33:43,r6---sn-cg07luee.googlevideo.com
2014-01-25 11:33:44,r6---sn-cg07luee.googlevideo.com
2014-01-25 11:33:44,r2---sn-gxo5uxg-jqbe.googlevideo.com
2014-01-25 11:33:45,r2---sn-gxo5uxg-jqbe.googlevideo.com
2014-01-25 11:33:45,r6---sn-cg07luee.googlevideo.com
2014-01-25 11:33:45,s.youtube.com
2014-01-25 11:33:46,r6---sn-cg07luee.googlevideo.com
2014-01-25 11:33:46,r2---sn-gxo5uxg-jqbe.googlevideo.com
2014-01-25 11:33:47,r2---sn-gxo5uxg-jqbe.googlevideo.com
2014-01-25 11:33:47,r6---sn-cg07luee.googlevideo.com
2014-01-25 11:33:48,r6---sn-cg07luee.googlevideo.com
2014-01-25 11:33:48,r2---sn-gxo5uxg-jqbe.googlevideo.com
2014-01-25 11:33:49,r6---sn-cg07luee.googlevideo.com
2014-01-25 11:33:50,r2---sn-gxo5uxg-jqbe.googlevideo.com
2014-01-25 11:33:50,r6---sn-cg07luee.googlevideo.com
2014-01-25 11:33:51,r2---sn-gxo5uxg-jqbe.googlevideo.com
2014-01-25 11:33:51,r6---sn-cg07luee.googlevideo.com
2014-01-25 11:33:55,r2---sn-gxo5uxg-jqbe.googlevideo.com
2014-01-25 11:33:55,s.youtube.com
2014-01-25 11:33:55,r6---sn-cg07luee.googlevideo.com
2014-01-25 11:34:00,s.youtube.com
2014-01-25 11:34:07,r2---sn-gxo5uxg-jqbe.googlevideo.com
2014-01-25 11:34:07,r6---sn-cg07luee.googlevideo.com
2014-01-25 11:34:10,r6---sn-cg07luee.googlevideo.com
2014-01-25 11:34:10,r2---sn-gxo5uxg-jqbe.googlevideo.com
2014-01-25 11:34:12,i1.ytimg.com
2014-01-25 11:34:14,r2---sn-gxo5uxg-jqbe.googlevideo.com
2014-01-25 11:34:14,r6---sn-cg07luee.googlevideo.com
2014-01-25 11:34:15,r6---sn-cg07luee.googlevideo.com
2014-01-25 11:34:15,s.youtube.com
2014-01-25 11:34:16,r2---sn-gxo5uxg-jqbe.googlevideo.com
2014-01-25 11:34:17,r6---sn-cg07luee.googlevideo.com
2014-01-25 11:34:17,r2---sn-gxo5uxg-jqbe.googlevideo.com
2014-01-25 11:34:18,r2---sn-gxo5uxg-jqbe.googlevideo.com
2014-01-25 11:34:18,r6---sn-cg07luee.googlevideo.com
2014-01-25 11:34:19,r2---sn-gxo5uxg-jqbe.googlevideo.com
2014-01-25 11:34:19,r6---sn-cg07luee.googlevideo.com
2014-01-25 11:34:20,r2---sn-gxo5uxg-jqbe.googlevideo.com
2014-01-25 11:34:20,r6---sn-cg07luee.googlevideo.com
2014-01-25 11:34:21,r6---sn-cg07luee.googlevideo.com
2014-01-25 11:34:21,r2---sn-gxo5uxg-jqbe.googlevideo.com
2014-01-25 11:34:25,s.youtube.com
2014-01-25 11:34:27,r2---sn-gxo5uxg-jqbe.googlevideo.com
2014-01-25 11:34:27,r6---sn-cg07luee.googlevideo.com
2014-01-25 11:34:27,i1.ytimg.com
2014-01-25 11:34:28,r6---sn-cg07luee.googlevideo.com
2014-01-25 11:34:28,r2---sn-gxo5uxg-jqbe.googlevideo.com
2014-01-25 11:34:29,r6---sn-cg07luee.googlevideo.com
2014-01-25 11:34:29,r2---sn-gxo5uxg-jqbe.googlevideo.com
2014-01-25 11:34:30,r2---sn-gxo5uxg-jqbe.googlevideo.com
2014-01-25 11:34:30,r6---sn-cg07luee.googlevideo.com
2014-01-25 11:34:32,r2---sn-gxo5uxg-jqbe.googlevideo.com
2014-01-25 11:34:32,r6---sn-cg07luee.googlevideo.com
2014-01-25 11:34:33,r2---sn-gxo5uxg-jqbe.googlevideo.com
2014-01-25 11:34:33,r6---sn-cg07luee.googlevideo.com
2014-01-25 11:34:34,r6---sn-cg07luee.googlevideo.com
2014-01-25 11:34:34,r2---sn-gxo5uxg-jqbe.googlevideo.com
2014-01-25 11:34:35,s.youtube.com
2014-01-25 11:34:35,r2---sn-gxo5uxg-jqbe.googlevideo.com
2014-01-25 11:34:35,r6---sn-cg07luee.googlevideo.com
2014-01-25 11:34:36,r2---sn-gxo5uxg-jqbe.googlevideo.com
2014-01-25 11:34:37,r2---sn-gxo5uxg-jqbe.googlevideo.com
2014-01-25 11:34:37,r6---sn-cg07luee.googlevideo.com
2014-01-25 11:34:38,i1.ytimg.com
2014-01-25 11:34:39,r2---sn-gxo5uxg-jqbe.googlevideo.com
2014-01-25 11:34:39,r6---sn-cg07luee.googlevideo.com
2014-01-25 11:34:40,r6---sn-cg07luee.googlevideo.com
2014-01-25 11:34:40,r2---sn-gxo5uxg-jqbe.googlevideo.com
2014-01-25 11:34:40,s.youtube.com
2014-01-25 11:34:41,r2---sn-gxo5uxg-jqbe.googlevideo.com
2014-01-25 11:34:41,r6---sn-cg07luee.googlevideo.com
2014-01-25 11:34:42,r6---sn-cg07luee.googlevideo.com
2014-01-25 11:34:42,r2---sn-gxo5uxg-jqbe.googlevideo.com
2014-01-25 11:34:43,r6---sn-cg07luee.googlevideo.com
2014-01-25 11:34:43,r2---sn-gxo5uxg-jqbe.googlevideo.com
2014-01-25 11:34:45,s.youtube.com
2014-01-25 11:34:47,r2---sn-gxo5uxg-jqbe.googlevideo.com
2014-01-25 11:34:47,r6---sn-cg07luee.googlevideo.com
2014-01-25 11:34:48,r2---sn-gxo5uxg-jqbe.googlevideo.com
2014-01-25 11:34:48,r6---sn-cg07luee.googlevideo.com
2014-01-25 11:34:49,r2---sn-gxo5uxg-jqbe.googlevideo.com
2014-01-25 11:34:49,r6---sn-cg07luee.googlevideo.com
2014-01-25 11:34:51,r6---sn-cg07luee.googlevideo.com
2014-01-25 11:34:51,r2---sn-gxo5uxg-jqbe.googlevideo.com
2014-01-25 11:34:52,r6---sn-cg07luee.googlevideo.com
2014-01-25 11:34:53,i1.ytimg.com
2014-01-25 11:34:54,r2---sn-gxo5uxg-jqbe.googlevideo.com
2014-01-25 11:34:54,r6---sn-cg07luee.googlevideo.com
2014-01-25 11:34:55,r6---sn-cg07luee.googlevideo.com
2014-01-25 11:34:55,r2---sn-gxo5uxg-jqbe.googlevideo.com
2014-01-25 11:34:55,s.youtube.com
2014-01-25 11:34:56,r6---sn-cg07luee.googlevideo.com
2014-01-25 11:34:56,i1.ytimg.com
2014-01-25 11:34:57,i1.ytimg.com
2014-01-25 11:35:04,iz.orange.fr
2014-01-25 11:35:04,iz.sports.orange.fr
2014-01-25 11:35:04,c.orange.fr
2014-01-25 11:35:04,images.newsweb.fr
2014-01-25 11:35:04,c.woopic.com
2014-01-25 11:35:04,sports.orange.fr
2014-01-25 11:35:05,images.newsweb.fr
2014-01-25 11:35:05,cshoppingbox.partner.leguide.com
2014-01-25 11:35:05,s.youtube.com
2014-01-25 11:35:06,cimg.leguide.com
2014-01-25 11:35:06,c.orange.fr
2014-01-25 11:35:06,code.jquery.com
2014-01-25 11:35:06,csimg.leguide.com
2014-01-25 11:35:06,c.woopic.com
2014-01-25 11:35:07,c.woopic.com
2014-01-25 11:35:07,ap.orange.fr
2014-01-25 11:35:20,s.youtube.com
2014-01-25 11:35:36,s.youtube.com
2014-01-25 11:36:06,apis.google.com
2014-02-22 10:10:27,www.google.fr
2014-02-22 10:10:41,www.google.fr
2014-02-22 10:10:57,www.google.fr
2014-02-22 10:10:58,apis.google.com
2014-02-22 10:11:00,www.google.com
2014-02-22 10:11:11,apis.google.com
2014-02-22 10:11:11,www.google.fr
2014-02-22 10:11:12,www.google.fr
2014-02-22 10:11:12,www.google.com
2014-02-22 10:13:29,ieonline.microsoft.com
2014-02-22 10:27:57,player.vimeo.com
2014-02-22 10:27:58,fpdownload2.macromedia.com
2014-02-22 10:31:08,player.vimeo.com
2014-02-22 10:35:01,www.google.fr
2014-02-22 10:35:15,www.google.fr
2014-02-22 10:35:16,apis.google.com
2014-02-22 10:35:18,www.google.com
2014-02-22 10:35:22,apis.google.com
2014-02-22 10:35:22,www.google.fr
2014-02-22 10:35:22,www.google.com
2014-02-22 10:35:51,player.vimeo.com
2014-02-22 11:28:37,www.google.fr
2014-02-22 11:28:51,www.google.fr
2014-02-22 11:28:52,apis.google.com
2014-02-22 11:28:54,www.google.com
2014-02-22 11:28:59,www.google.fr
2014-02-22 11:28:59,www.google.com
2014-02-22 11:28:59,apis.google.com
2014-02-22 11:30:01,player.vimeo.com
2014-03-29 10:00:43,www.google.fr
2014-03-29 10:00:57,www.google.fr
2014-03-29 10:00:58,apis.google.com
2014-03-29 10:01:00,www.google.com
2014-03-29 10:01:38,www.google.fr
2014-03-29 10:01:39,apis.google.com
2014-03-29 10:01:39,www.google.com
2014-03-29 10:01:39,www.google.fr
2014-03-29 10:03:46,ieonline.microsoft.com
2014-03-29 10:37:24,www.google.fr
2014-03-29 10:37:36,www.google.fr
2014-03-29 10:37:59,www.google.fr
2014-03-29 10:37:59,www.laici.va
2014-03-29 10:38:00,www.laici.va
2014-03-29 10:38:01,www.laici.va
2014-03-29 10:42:14,ajax.googleapis.com
2014-03-29 10:42:14,www.google.fr
2014-03-29 10:42:14,www.slate.fr
2014-03-29 10:42:15,www.slate.fr
2014-03-29 10:42:15,www.google.com
2014-03-29 10:42:15,s.ytimg.com
2014-03-29 10:42:15,www.youtube.com
2014-03-29 10:42:16,s.ytimg.com
2014-03-29 10:42:16,i1.ytimg.com
2014-03-29 10:42:16,fpdownload2.macromedia.com
2014-03-29 10:42:16,www.slate.fr
2014-03-29 10:42:16,assets.ebz.io
2014-03-29 10:42:17,i1.ytimg.com
2014-03-29 10:42:28,apis.google.com
2014-03-29 10:44:20,www.google.fr
2014-03-29 10:44:28,apis.google.com
2014-03-29 11:10:01,www.google.fr
2014-03-29 11:10:01,www.lefigaro.fr
2014-03-29 11:10:02,plus.lefigaro.fr
2014-03-29 11:10:02,assets4.lefigaro.fr
2014-03-29 11:10:02,assets2.lefigaro.fr
2014-03-29 11:10:02,ajax.googleapis.com
2014-03-29 11:10:02,www.lefigaro.fr
2014-03-29 11:10:02,assets3.lefigaro.fr
2014-03-29 11:10:02,assets5.lefigaro.fr
2014-03-29 11:10:03,assets5.lefigaro.fr
2014-03-29 11:10:03,assets1.lefigaro.fr
2014-03-29 11:10:03,connect.facebook.net
2014-03-29 11:10:03,plus.lefigaro.fr
2014-03-29 11:10:03,assets-data.lefigaro.fr
2014-03-29 11:10:03,assets4.lefigaro.fr
2014-03-29 11:10:03,static.ak.facebook.com
2014-03-29 11:10:03,api.fidji.lefigaro.fr
2014-03-29 11:10:03,www.lefigaro.fr
2014-03-29 11:10:04,assets-pub.lefigaro.fr
2014-03-29 11:10:04,www.facebook.com
2014-03-29 11:10:04,api.fidji.lefigaro.fr
2014-03-29 11:10:04,plus.lefigaro.fr
2014-03-29 11:10:05,apis.google.com
2014-03-29 11:10:05,foglio.basilic.io
2014-03-29 11:10:05,www.facebook.com
2014-03-29 11:10:05,pr.ybp.yahoo.com
2014-03-29 11:10:05,platform.linkedin.com
2014-03-29 11:10:05,www.lefigaro.fr
2014-03-29 11:10:05,assets5.lefigaro.fr
2014-03-29 11:10:05,assets6.lefigaro.fr
2014-03-29 11:10:05,plus.lefigaro.fr
2014-03-29 11:10:05,video.lefigaro.fr
2014-03-29 11:10:05,dnn506yrbagrg.cloudfront.net
2014-03-29 11:10:06,apis.google.com
2014-03-29 11:10:06,www.linkedin.com
2014-03-29 11:10:10,platform.twitter.com
2014-03-29 11:10:10,s-static.ak.facebook.com
2014-03-29 11:10:10,apis.google.com
2014-03-29 11:10:13,twitter.com
2014-03-29 11:10:15,twitter.com
2014-03-29 11:10:17,accounts.google.com
2014-03-29 11:10:19,twitter.com
2014-03-29 11:10:19,s-static.ak.facebook.com
2014-03-29 11:10:20,twitter.com
2014-03-29 11:10:21,i1-js-14-3-01-10077-329477641-i.init.cedexis-radar.net
2014-03-29 11:10:22,accounts.google.com
2014-03-29 11:10:22,i1-js-14-3-01-10036-147613170-i.init.cedexis-radar.net
2014-03-29 11:10:23,www.linkedin.com
2014-03-29 11:10:27,www.google.fr
2014-03-29 11:10:27,clients1.google.fr
2014-03-29 11:10:55,www.google.fr
2014-03-29 11:10:56,www.lematin.ch
2014-03-29 11:10:56,tfn.das.tamedia.ch
2014-03-29 11:10:56,files.newsnetz.ch
2014-03-29 11:10:56,www.google.fr
2014-03-29 11:10:57,files.newsnetz.ch
2014-03-29 11:10:57,lematin.wemfbox.ch
2014-03-29 11:10:57,files.newsnet.ch
2014-03-29 11:10:57,cdn-templates.cxpublic.com
2014-03-29 11:10:57,newsnetz.wemfbox.ch
2014-03-29 11:10:58,www.lematin.ch
2014-03-29 11:10:58,files.newsnetz.ch
2014-03-29 11:10:58,lematin.ch
2014-03-29 11:10:59,files.newsnetz.ch
2014-03-29 11:10:59,www.lematin.ch
2014-03-29 11:10:59,www.jobup.ch
2014-03-29 11:10:59,epaper.tamedia.ch
2014-03-29 11:10:59,videosfr.s3.amazonaws.com
2014-03-29 11:10:59,www.jobup-host.ch
2014-03-29 11:10:59,dnn506yrbagrg.cloudfront.net
2014-03-29 11:11:00,www.cembra.ch
2014-03-29 11:11:01,www.lematin.ch
2014-03-29 11:11:19,apis.google.com
2014-03-29 11:11:19,www.lesechos.fr
2014-03-29 11:11:19,www.google.fr
2014-03-29 11:11:20,pics.2012.lesechos.com
2014-03-29 11:11:20,www.lesechos.fr
2014-03-29 11:11:20,bourse.lesechos.fr
2014-03-29 11:11:20,pics.lesechos.com
2014-03-29 11:11:21,connect.facebook.net
2014-03-29 11:11:21,its.tradelab.fr
2014-03-29 11:11:21,www.lesechos.fr
2014-03-29 11:11:21,bourse.lesechos.fr
2014-03-29 11:11:21,pics.2012.lesechos.com
2014-03-29 11:11:22,accounts.google.com
2014-03-29 11:11:22,apis.google.com
2014-03-29 11:11:22,www.linkedin.com
2014-03-29 11:11:22,www.facebook.com
2014-03-29 11:11:22,pics.2012.lesechos.com
2014-03-29 11:11:22,platform.twitter.com
2014-03-29 11:11:22,www.lesechos.fr
2014-03-29 11:11:22,its.tradelab.fr
2014-03-29 11:11:22,platform.linkedin.com
2014-03-29 11:11:23,twitter.com
2014-03-29 11:11:34,www.google.fr
2014-03-29 11:11:35,www.olympic.org
2014-03-29 11:12:08,www.google.fr
2014-03-29 11:12:09,businessclefs.files.wordpress.com
2014-03-29 11:12:09,s1.wp.com
2014-03-29 11:12:09,s2.wp.com
2014-03-29 11:12:09,s0.wp.com
2014-03-29 11:12:10,platform.twitter.com
2014-03-29 11:12:10,businessclefs.files.wordpress.com
2014-03-29 11:12:10,businessclefs.wordpress.com
2014-03-29 11:12:10,s1.wp.com
2014-03-29 11:12:10,1.gravatar.com
2014-03-29 11:12:10,s2.wp.com
2014-03-29 11:12:11,0.gravatar.com
2014-03-29 11:12:11,s2.wp.com
2014-03-29 11:12:11,businessclefs.files.wordpress.com
2014-03-29 11:12:11,s1.wp.com
2014-03-29 11:12:12,s0.wp.com
2014-03-29 11:12:12,s2.wp.com
2014-03-29 11:12:12,images.covers.com
2014-03-29 11:12:12,images.newsmax.com
2014-03-29 11:12:13,assets.vice.com
2014-03-29 11:12:15,public-api.wordpress.com
2014-03-29 11:12:17,www.google.fr
2014-03-29 11:12:18,businessclefs.wordpress.com
2014-03-29 11:12:19,public-api.wordpress.com
2014-03-29 11:12:19,s0.wp.com
2014-03-29 11:12:19,apis.google.com
2014-03-29 11:12:20,s0.wp.com
2014-03-29 11:12:20,apis.google.com
2014-03-29 11:12:20,accounts.google.com
2014-03-29 11:12:20,s1.wp.com
2014-03-29 11:12:20,widgets.wp.com
2014-03-29 11:12:20,0.gravatar.com
2014-03-29 11:12:20,businessclefs.wordpress.com
2014-03-29 11:12:21,public-api.wordpress.com
2014-03-29 11:12:21,accounts.google.com
2014-03-29 11:12:21,widgets.wp.com
2014-03-29 11:12:21,s0.wp.com
2014-03-29 11:12:22,widgets.wp.com
2014-03-29 11:12:22,s0.wp.com
2014-03-29 11:12:32,businessclefs.files.wordpress.com
2014-03-29 11:12:32,businessclefs.wordpress.com
2014-03-29 11:12:32,s2.wp.com
2014-03-29 11:12:33,d202m5krfqbpi5.cloudfront.net
2014-03-29 11:12:41,businessclefs.wordpress.com
2014-03-29 11:12:41,d202m5krfqbpi5.cloudfront.net
2014-03-29 11:12:55,api.facebook.com
2014-03-29 11:12:59,www.google.fr
2014-03-29 11:13:01,meta.wikimedia.org
2014-03-29 11:13:01,login.wikimedia.org
2014-03-29 11:13:01,fr.wikipedia.org
2014-03-29 11:13:01,bits.wikimedia.org
2014-03-29 11:13:01,accounts.google.com
2014-03-29 11:13:01,public-api.wordpress.com
2014-03-29 11:13:13,bourse.latribune.fr
2014-03-29 11:13:13,static.latribune.fr
2014-03-29 11:13:13,www.latribune.fr
2014-03-29 11:13:13,www.google.fr
2014-03-29 11:13:14,www.youtube.com
2014-03-29 11:13:14,sync.uuidcshmg.com
2014-03-29 11:13:14,platform.twitter.com
2014-03-29 11:13:14,static.latribune.fr
2014-03-29 11:13:14,apis.google.com
2014-03-29 11:13:15,www.facebook.com
2014-03-29 11:13:15,static.latribune.fr
2014-03-29 11:13:15,franchise.latribune.fr
2014-03-29 11:13:16,apis.google.com
2014-03-29 11:13:16,accounts.google.com
2014-03-29 11:13:16,franchise.latribune.fr
2014-03-29 11:13:16,twitter.com
2014-03-29 11:13:17,franchise.latribune.fr
2014-03-29 11:13:17,static.latribune.fr
2014-03-29 11:13:17,www.latribune.fr
2014-03-29 11:13:17,i1.ytimg.com
2014-03-29 11:13:17,premium.hi-mediaserver.com
2014-03-29 11:13:18,dps.bing.com
2014-03-29 11:13:18,i1.ytimg.com
2014-03-29 11:13:19,fr-himedia.videoplaza.tv
2014-03-29 11:13:26,cm.adgrx.com
2014-03-29 11:13:26,www.facebook.com
2014-03-29 11:13:27,um.simpli.fi
2014-03-29 11:13:49,adventori.com
2014-03-29 11:13:49,c1.adform.net
2014-03-29 11:13:56,pixel2368.everesttech.net
2014-03-29 11:14:03,www.google.fr
2014-03-29 11:14:24,www.google.fr
2014-03-29 11:14:25,www.facebook.com
2014-03-29 11:14:25,pixel2368.everesttech.net
2014-03-29 11:14:25,s2.wp.com
2014-03-29 11:14:25,s0.wp.com
2014-03-29 11:14:26,r-login.wordpress.com
2014-03-29 11:14:26,sportetsociete.files.wordpress.com
2014-03-29 11:14:26,sportetsociete.org
2014-03-29 11:14:26,s2.wp.com
2014-03-29 11:14:27,s0.wp.com
2014-03-29 11:14:27,sportetsociete.files.wordpress.com
2014-03-29 11:14:27,static.polldaddy.com
2014-03-29 11:14:27,www.facebook.com
2014-03-29 11:14:27,s2.wp.com
2014-03-29 11:14:27,i0.poll.fm
2014-03-29 11:14:27,platform.twitter.com
2014-03-29 11:14:28,0.gravatar.com
2014-03-29 11:14:28,sportetsociete.files.wordpress.com
2014-03-29 11:14:48,www.google.fr
2014-03-29 11:14:49,www.google.fr
2014-03-29 11:14:49,twitter.com
2014-03-29 11:14:49,clients1.google.fr
2014-03-29 11:14:56,www.google.fr
2014-03-29 11:14:56,www.budget.gc.ca
2014-03-29 11:14:57,www.budget.gc.ca
2014-03-29 11:15:02,www.budget.gc.ca
2014-03-29 11:15:04,clients1.google.fr
2014-03-29 11:15:04,www.google.fr
2014-03-29 11:15:09,les-carnets-d-afs.blogspot.com
2014-03-29 11:15:09,www.google.fr
2014-03-29 11:15:10,www.google.fr
2014-03-29 11:15:10,les-carnets-d-afs.blogspot.fr
2014-03-29 11:15:10,www.google.com
2014-03-29 11:15:12,img1.blogblog.com
2014-03-29 11:15:12,www.blogger.com
2014-03-29 11:15:13,apis.google.com
2014-03-29 11:15:13,www.blogger.com
2014-03-29 11:15:13,i.creativecommons.org
2014-03-29 11:15:13,les-carnets-d-afs.blogspot.fr
2014-03-29 11:15:13,www.google.com
2014-03-29 11:15:13,img2.blogblog.com
2014-03-29 11:15:13,img1.blogblog.com
2014-03-29 11:15:13,www.blogblog.com
2014-03-29 11:15:47,apis.google.com
2014-03-29 11:15:47,img1.blogblog.com
2014-03-29 11:15:52,apis.google.com
2014-03-29 11:15:52,accounts.google.com
2014-03-29 11:15:52,clients1.google.fr
2014-03-29 11:15:52,www.google.fr
2014-03-29 11:15:52,www.blogger.com
2014-03-29 11:15:53,owni.fr
2014-03-29 11:15:53,www.google.fr
2014-03-29 11:15:54,opendatafrance.net
2014-03-29 11:15:54,www.google.fr
2014-03-29 11:15:54,owni.fr
2014-03-29 11:15:55,owni.fr
2014-03-29 11:15:55,widget.uservoice.com
2014-03-29 11:15:55,platform.twitter.com
2014-03-29 11:15:55,opendatafrance.net
2014-03-29 11:15:56,platform.twitter.com
2014-03-29 11:15:56,owni.fr
2014-03-29 11:15:56,i.creativecommons.org
2014-03-29 11:15:56,s.informationisbeautifulawards.com
2014-03-29 11:16:05,www.google.fr
2014-03-29 11:16:15,www.tbs-sct.gc.ca
2014-03-29 11:16:17,clients1.google.fr
2014-03-29 11:16:17,www.tbs-sct.gc.ca
2014-03-29 11:16:17,www.google.fr
2014-03-29 11:16:18,www.tbs-sct.gc.ca
2014-03-29 11:16:20,www.tbs-sct.gc.ca
2014-03-29 11:16:21,www.tbs-sct.gc.ca
2014-03-29 11:16:26,www.tbs-sct.gc.ca
2014-03-29 11:16:26,www.google.fr
2014-03-29 11:16:27,www.tbs-sct.gc.ca
2014-03-29 11:16:27,businessclefs.wordpress.com
2014-03-29 11:16:28,clients1.google.fr
2014-03-29 11:16:28,www.google.fr
2014-03-29 11:16:28,images.newsmax.com
2014-03-29 11:16:29,www.themanual.com
2014-03-29 11:16:33,accounts.google.com
2014-03-29 11:16:33,public-api.wordpress.com
2014-03-29 11:16:42,api.facebook.com
2014-03-29 11:16:45,www.google.fr
2014-03-29 11:16:46,public-api.wordpress.com
2014-03-29 11:16:46,clients1.google.fr
2014-03-29 11:16:46,www.capital.fr
2014-03-29 11:16:46,www.beead.fr
2014-03-29 11:16:46,www.google.com
2014-03-29 11:16:46,www.ebz.io
2014-03-29 11:16:46,platform.linkedin.com
2014-03-29 11:16:46,www.google.fr
2014-03-29 11:16:46,d1447tq2m68ekg.cloudfront.net
2014-03-29 11:16:46,bdm.capital.fr
2014-03-29 11:16:46,api.adyoulike.com
2014-03-29 11:16:46,platform.twitter.com
2014-03-29 11:16:47,accounts.google.com
2014-03-29 11:16:47,apis.google.com
2014-03-29 11:16:47,bdm.capital.fr
2014-03-29 11:16:47,www.capital.fr
2014-03-29 11:16:47,www.google.com
2014-03-29 11:16:47,emailretargeting.com
2014-03-29 11:16:47,www.linkedin.com
2014-03-29 11:16:48,www.capital.fr
2014-03-29 11:16:48,static.cloud-media.fr
2014-03-29 11:16:48,www.facebook.com
2014-03-29 11:16:49,www.google.com
2014-03-29 11:16:49,www.facebook.com
2014-03-29 11:16:49,twitter.com
2014-03-29 11:16:50,www.capital.fr
2014-03-29 11:16:50,www.googleapis.com
2014-03-29 11:16:50,www.facebook.com
2014-03-29 11:16:50,fo-static.omnitagjs.com
2014-03-29 11:16:56,fbstatic-a.akamaihd.net
2014-03-29 11:16:57,www.linkedin.com
2014-03-29 11:17:58,www.google.fr
2014-03-29 11:17:59,google.ezakus.net
2014-03-29 11:17:59,www.lesechos.fr
2014-03-29 11:17:59,platform.linkedin.com
2014-03-29 11:18:00,www.facebook.com
2014-03-29 11:18:00,www.linkedin.com
2014-03-29 11:18:00,www.lesechos.fr
2014-03-29 11:18:02,i1-js-14-3-01-10292-726839199-i.init.cedexis-radar.net
2014-03-29 11:18:03,gce-us-central1-a.bench.cedexis.com
2014-03-29 11:18:03,radar.cedexis.swiftserve.com
2014-03-29 11:18:04,probe.cedexis.org
2014-03-29 11:18:04,radar.cedexis.swiftserve.com
2014-03-29 11:18:05,www.lesechos.fr
2014-03-29 11:18:05,cedexis.cdnvideo.ru
2014-03-29 11:18:06,www.lesechos.fr
2014-03-29 11:18:06,cloudfront.cedexis.com
2014-03-29 11:18:07,www.linkedin.com
2014-03-29 11:18:14,files.newsnet.ch
2014-03-29 11:18:14,tfn.das.tamedia.ch
2014-03-29 11:18:14,files.newsnetz.ch
2014-03-29 11:18:14,www.google.fr
2014-03-29 11:18:14,apis.google.com
2014-03-29 11:18:14,twitter.com
2014-03-29 11:18:14,www.lematin.ch
2014-03-29 11:18:15,dnn506yrbagrg.cloudfront.net
2014-03-29 11:18:15,files.newsnet.ch
2014-03-29 11:18:15,files.newsnetz.ch
2014-03-29 11:18:15,lematin.ch
2014-03-29 11:18:15,lematin.wemfbox.ch
2014-03-29 11:18:15,newsnetz.wemfbox.ch
2014-03-29 11:18:15,www.lematin.ch
2014-03-29 11:18:15,www.jobup.ch
2014-03-29 11:18:15,www.cembra.ch
2014-03-29 11:18:15,epaper.tamedia.ch
2014-03-29 11:18:20,p1cluster.cxense.com
2014-03-29 11:19:21,www.google.fr
2014-03-29 11:19:22,businessclefs.files.wordpress.com
2014-03-29 11:19:23,www.google.fr
2014-03-29 11:19:23,clients1.google.fr
2014-03-29 11:19:23,businessclefs.wordpress.com
2014-03-29 11:19:23,0.gravatar.com
2014-03-29 11:19:23,1.gravatar.com
2014-03-29 11:19:28,public-api.wordpress.com
2014-03-29 11:19:28,www.google.fr
2014-03-29 11:19:29,businessclefs.wordpress.com
2014-03-29 11:19:30,www.google.fr
2014-03-29 11:19:36,accounts.google.com
2014-03-29 11:19:38,businessclefs.wordpress.com
2014-03-29 11:19:38,public-api.wordpress.com
2014-03-29 11:19:39,accounts.google.com
2014-03-29 11:19:48,www.google.fr
2014-03-29 11:19:48,www.latribune.fr
2014-03-29 11:19:48,accounts.google.com
2014-03-29 11:19:49,clients1.google.fr
2014-03-29 11:19:49,public-api.wordpress.com
2014-03-29 11:19:49,www.google.fr
2014-03-29 11:19:49,platform.twitter.com
2014-03-29 11:19:49,sync.uuidcshmg.com
2014-03-29 11:19:49,franchise.latribune.fr
2014-03-29 11:19:49,www.latribune.fr
2014-03-29 11:19:49,www.youtube.com
2014-03-29 11:19:50,www.facebook.com
2014-03-29 11:19:50,i1.ytimg.com
2014-03-29 11:19:50,s374.meetrics.net
2014-03-29 11:19:51,platform.linkedin.com
2014-03-29 11:19:51,apis.google.com
2014-03-29 11:19:52,platform.twitter.com
2014-03-29 11:19:52,krxd.nexac.com
2014-03-29 11:19:52,platform.linkedin.com
2014-03-29 11:19:52,api.facebook.com
2014-03-29 11:19:52,apis.google.com
2014-03-29 11:19:52,www.linkedin.com
2014-03-29 11:19:53,apnx-match.dotomi.com
2014-03-29 11:19:54,dtm.venus.com
2014-03-29 11:19:55,www.linkedin.com
2014-03-29 11:19:59,twitter.com
2014-03-29 11:23:56,www.google.fr
2014-03-29 11:23:56,clients1.google.fr
2014-03-29 11:24:02,www.google.fr
2014-03-29 11:30:29,www.budget.gc.ca
2014-03-29 11:30:29,www.google.fr
2014-03-29 11:30:30,www.budget.gc.ca
2014-03-29 11:30:32,www.budget.gc.ca
2014-03-29 11:30:36,www.budget.gc.ca
2014-03-29 11:30:52,www.europebybike.info
2014-03-29 11:30:52,www.google.fr
2014-03-29 11:30:53,www.google.fr
2014-03-29 11:30:53,clients1.google.fr
2014-03-29 11:30:53,cdnjs.cloudflare.com
2014-03-29 11:30:53,www.europebybike.info
