timestamp,site
2013-11-20 13:55:24,clients1.google.com
2013-11-20 13:55:24,gtglobal-ocsp.geotrust.com
2013-11-20 13:55:25,clients1.google.com
2013-11-20 13:55:28,clients1.google.com
2013-11-20 13:55:29,clients1.google.com
2013-11-20 13:56:14,clients1.google.com
2013-11-20 13:57:05,www.google.fr
2013-11-20 13:57:08,drive.google.com
2013-11-20 13:57:08,accounts.google.fr
2013-11-20 13:57:08,docs.google.com
2013-11-20 13:57:08,accounts.google.com
2013-11-20 13:57:08,www.google.com
2013-11-20 13:57:08,www.google.fr
2013-11-20 13:57:08,0.drive.google.com
2013-11-20 13:57:08,accounts.youtube.com
2013-11-20 13:57:08,apis.google.com
2013-11-20 13:57:08,clients2.google.com
2013-11-20 13:57:08,plus.google.com
2013-11-20 14:01:57,gtssl-ocsp.geotrust.com
2013-11-20 14:01:58,gtssl-ocsp.geotrust.com
2013-11-20 14:02:04,geo.mozilla.org
2013-11-20 14:02:24,clients1.google.com
2013-11-20 14:02:24,gtglobal-ocsp.geotrust.com
2013-11-20 14:02:28,www.google.fr
2013-11-20 14:02:28,ent.u-clermont1.fr
2013-11-20 14:02:28,www.u-clermont1.fr
2013-11-20 14:02:31,www.google.fr
2013-11-20 14:02:32,ocsp.usertrust.com
2013-11-20 14:02:32,clients1.google.com
2013-11-20 14:02:32,ocsp.tcs.terena.org
2013-11-20 14:02:33,clients1.google.com
2013-11-20 14:03:09,safebrowsing.clients.google.com
2013-11-20 14:03:09,safebrowsing-cache.google.com
2013-11-20 14:03:10,safebrowsing-cache.google.com
2013-11-20 14:05:20,www.google.com
2013-11-20 14:05:22,www.google.fr
2013-11-20 14:05:48,ocsp.thawte.com
2013-11-20 14:06:04,sb-ssl.google.com
2013-11-20 14:07:48,ocsp.verisign.com
2013-11-20 14:09:48,ocsp.digicert.com
2013-11-20 14:27:08,gtglobal-ocsp.geotrust.com
2013-11-20 14:27:08,clients1.google.com
2013-11-20 14:27:09,clients1.google.com
2013-11-20 14:27:21,ocsp.tcs.terena.org
2013-11-20 14:27:21,clients1.google.com
2013-11-20 14:27:21,www.google.fr
2013-11-20 14:27:22,clients1.google.com
2013-11-20 14:27:22,ocsp.usertrust.com
2013-11-20 14:29:59,mail.google.com
2013-11-20 14:29:59,clients1.google.com
2013-11-20 14:29:59,www.google.fr
2013-11-20 14:30:14,ocsp.thawte.com
2013-11-20 14:32:12,www.google.fr
2013-11-20 14:32:12,www.google.com
2013-11-20 14:32:12,clients6.google.com
2013-11-20 14:32:12,accounts.youtube.com
2013-11-20 14:32:12,clients2.google.com
2013-11-20 14:32:12,accounts.google.fr
2013-11-20 14:32:12,apis.google.com
2013-11-20 14:32:12,mail.google.com
2013-11-20 14:32:12,plus.google.com
2013-11-20 14:32:12,talkgadget.google.com
2013-11-20 14:32:12,accounts.google.com
2013-11-20 14:57:57,gtssl-ocsp.geotrust.com
2013-11-20 14:57:58,gtssl-ocsp.geotrust.com
2013-11-20 14:58:05,geo.mozilla.org
2013-11-25 15:55:33,clients1.google.com
2013-11-25 15:55:34,gtglobal-ocsp.geotrust.com
2013-11-25 15:55:35,clients1.google.com
2013-11-25 15:55:39,clients1.google.com
2013-11-25 15:55:40,clients1.google.com
2013-11-25 15:56:45,www.google.com
2013-11-25 15:56:45,apis.google.com
2013-11-25 15:56:45,www.google.fr
2013-11-25 15:56:45,accounts.google.com
2013-11-25 15:56:45,accounts.youtube.com
2013-11-25 16:03:54,clients1.google.com
2013-11-25 16:03:54,gtglobal-ocsp.geotrust.com
2013-11-25 16:03:58,www.google.fr
2013-11-25 16:03:58,news.google.fr
2013-11-25 16:04:00,news.google.fr
2013-11-25 16:04:00,clients1.google.fr
2013-11-25 16:04:00,www.youtube.com
2013-11-25 16:04:00,s.ytimg.com
2013-11-25 16:04:01,s.ytimg.com
2013-11-25 16:04:01,i1.ytimg.com
2013-11-25 16:04:04,www.youtube.com
2013-11-25 16:04:04,s.ytimg.com
2013-11-25 16:05:35,ocsp.verisign.com
2013-11-25 16:06:51,www.google.com
2013-11-25 16:06:52,www.google.fr
2013-11-25 16:06:55,apis.google.com
2014-01-28 14:34:12,www.google.fr
2014-01-28 14:34:13,res1.windows.microsoft.com
2014-01-28 14:34:13,js.microsoft.com
2014-01-28 14:34:24,www.google.fr
2014-01-28 14:34:27,www.google.com
2014-01-28 14:34:29,www.bing.com
2014-01-28 14:34:44,www.google.fr
2014-01-28 14:34:52,www.cryptage.org
2014-01-28 14:34:52,www.google.fr
2014-01-28 14:34:52,www.google.com
2014-01-28 14:34:53,www.cryptage.org
2014-01-28 14:34:53,www.google.com
2014-01-28 14:34:53,www.google.fr
2014-01-28 14:34:54,www.google.com
2014-01-28 14:35:14,www.cryptage.org
2014-01-28 14:36:29,ieonline.microsoft.com
2014-01-28 14:36:29,go.microsoft.com
2014-01-28 14:36:50,www.cryptage.org
2014-01-28 14:37:36,www.google.fr
2014-01-28 14:37:54,meta.wikimedia.org
2014-01-28 14:37:54,fr.wikipedia.org
2014-01-28 14:37:54,bits.wikimedia.org
2014-01-28 14:37:54,www.google.fr
2014-01-28 14:37:54,login.wikimedia.org
2014-01-28 14:38:01,fr.wikipedia.org
2014-01-28 14:38:01,bits.wikimedia.org
2014-01-28 14:38:02,meta.wikimedia.org
2014-01-28 14:38:02,fr.wikipedia.org
2014-01-28 14:39:05,fr.wikipedia.org
2014-01-28 14:39:05,bits.wikimedia.org
2014-01-28 14:39:05,meta.wikimedia.org
2014-01-28 14:39:08,fr.wikipedia.org
2014-01-28 14:39:09,fr.wikipedia.org
2014-01-28 14:39:09,meta.wikimedia.org
2014-01-28 14:45:51,www.google.fr
2014-01-28 14:49:25,www.google.fr
2014-01-28 14:49:30,cryptotpe.free.fr
2014-01-28 14:49:30,www.google.fr
2014-01-28 14:49:35,www.google.fr
2014-01-28 14:49:35,alexandre.goyon.pagesperso-orange.fr
2014-01-28 14:49:36,alexandre.goyon.pagesperso-orange.fr
2014-01-28 14:49:36,pages.perso.orange.fr
2014-01-28 14:50:35,alexandre.goyon.pagesperso-orange.fr
2014-01-28 14:50:40,www.google.fr
2014-01-28 14:50:46,maps.google.fr
2014-01-28 14:50:58,maps.google.fr
2014-01-28 14:50:59,maps-api-ssl.google.com
2014-01-28 14:50:59,www.google.fr
2014-01-28 14:50:59,maps.google.fr
2014-01-28 14:51:00,mts1.google.com
2014-01-28 14:51:00,www.bing.com
2014-01-28 14:51:00,maps-api-ssl.google.com
2014-01-28 14:51:00,mts0.google.com
2014-01-28 14:51:01,www.bing.com
2014-01-28 14:51:02,mts0.google.com
2014-01-28 14:51:02,cms.abmr.net
2014-01-28 14:51:02,www.bing.com
2014-01-28 14:51:02,mts1.google.com
2014-01-28 14:51:03,mts1.google.com
2014-01-28 14:51:04,mts1.google.com
2014-01-28 14:51:04,maps.google.fr
2014-01-28 14:51:04,mts0.google.com
2014-01-28 14:51:06,www.bing.com
2014-01-28 14:51:12,login.live.com
2014-01-28 14:51:13,www.google.fr
2014-01-28 14:51:15,www.google.fr
2014-01-28 14:53:38,mts0.google.com
2014-01-28 14:53:38,maps.google.fr
2014-01-28 14:53:38,mts1.google.com
2014-01-28 14:53:39,mts1.google.com
2014-01-28 14:53:39,mts0.google.com
2014-01-28 14:53:39,maps.google.fr
2014-01-28 14:53:40,mts0.google.com
2014-01-28 14:53:40,mts1.google.com
2014-01-28 14:53:40,maps.google.fr
2014-01-28 14:53:41,mts0.google.com
2014-01-28 14:53:51,mts1.google.com
2014-01-28 14:53:52,mts1.google.com
2014-01-28 14:54:01,mts0.google.com
2014-01-28 14:54:01,mts1.google.com
2014-01-28 14:54:01,maps.google.fr
2014-01-28 14:54:02,maps.google.fr
2014-01-28 14:54:02,mts1.google.com
2014-01-28 14:54:02,mts0.google.com
2014-01-28 14:54:03,mts1.google.com
2014-01-28 14:54:03,mts0.google.com
2014-01-28 14:54:04,maps.google.fr
2014-01-28 14:54:04,mts0.google.com
2014-01-28 14:54:04,mts1.google.com
2014-01-28 14:54:30,mts1.google.com
2014-01-28 14:54:30,mts0.google.com
2014-01-28 14:54:30,maps.google.fr
2014-01-28 14:56:24,maps.google.fr
2014-01-28 14:56:24,mts0.google.com
2014-01-28 14:56:24,mts1.google.com
2014-01-28 14:58:26,accounts.google.com
2014-01-28 14:58:53,accounts.google.fr
2014-01-28 14:59:01,apis.google.com
2014-01-28 14:59:02,www.google.com
2014-01-28 14:59:02,plus.google.com
2014-01-28 14:59:15,www.google.fr
2014-01-28 14:59:15,accounts.google.fr
2014-01-28 14:59:15,drive.google.com
2014-01-28 14:59:15,accounts.google.com
2014-01-28 14:59:16,www.google.fr
2014-01-28 14:59:16,plus.google.com
2014-01-28 14:59:16,apis.google.com
2014-01-28 14:59:16,www.google.com
2014-01-28 14:59:17,drive.google.com
2014-01-28 14:59:18,drive.google.com
2014-01-28 14:59:18,ieonline.microsoft.com
2014-01-28 14:59:19,0.drive.google.com
2014-01-28 14:59:19,drive.google.com
2014-01-28 14:59:20,drive.google.com
2014-01-28 14:59:20,0.drive.google.com
2014-01-28 14:59:21,0.drive.google.com
2014-01-28 14:59:25,docs.google.com
2014-01-28 14:59:25,drive.google.com
2014-01-28 14:59:26,www.google.com
2014-01-28 14:59:26,drive.google.com
2014-01-28 14:59:26,docs.google.com
2014-01-28 14:59:26,apis.google.com
2014-01-28 14:59:27,docs.google.com
2014-01-28 14:59:40,docs.google.com
2014-01-28 15:00:16,docs.google.com
2014-01-28 15:00:16,gg.google.com
2014-01-28 15:00:20,www.google.fr
2014-01-28 15:00:45,drive.google.com
2014-01-28 15:00:48,plus.google.com
2014-01-28 15:01:11,clients2.google.com
2014-01-28 15:01:11,gg.google.com
2014-01-28 15:01:17,clients2.google.com
2014-01-28 15:01:30,docs.google.com
2014-01-28 15:01:32,docs.google.com
2014-01-28 15:01:33,docs.google.com
2014-01-28 15:01:34,docs.google.com
2014-01-28 15:01:35,apis.google.com
2014-01-28 15:01:35,www.google.com
2014-01-28 15:01:35,docs.google.com
2014-01-28 15:01:36,docs.google.com
2014-01-28 15:01:37,0.docs.google.com
2014-01-28 15:01:38,accounts.google.com
2014-01-28 15:01:38,0.docs.google.com
2014-01-28 15:01:49,plus.google.com
2014-01-28 15:01:51,plus.google.com
2014-01-28 15:01:52,clients6.google.com
2014-01-28 15:02:17,www.google.fr
2014-01-28 15:02:17,0.drive.google.com
2014-01-28 15:02:17,drive.google.com
2014-01-28 15:02:37,0.docs.google.com
2014-01-28 15:02:37,www.google.com
2014-01-28 15:02:44,0.docs.google.com
2014-01-28 15:03:26,0.docs.google.com
2014-01-28 15:05:03,0.docs.google.com
2014-01-28 15:05:20,drive.google.com
2014-01-28 15:05:36,accounts.google.fr
2014-01-28 15:05:38,accounts.google.com
2014-01-28 15:05:38,mail.google.com
2014-01-28 15:05:39,www.google.com
2014-01-28 15:05:39,accounts.google.com
2014-01-28 15:05:39,drive.google.com
2014-01-28 15:05:41,mail.google.com
2014-01-28 15:05:43,drive.google.com
2014-01-28 15:05:44,docs.google.com
2014-01-28 15:05:47,www.google.com
2014-01-28 15:05:47,accounts.google.com
2014-01-28 15:05:47,accounts.google.fr
2014-01-28 15:05:49,1.drive.google.com
2014-01-28 15:05:51,www.google.com
2014-01-28 15:05:51,plus.google.com
2014-01-28 15:05:52,clients6.google.com
2014-01-28 15:05:52,apis.google.com
2014-01-28 15:05:52,www.google.com
2014-01-28 15:05:57,drive.google.com
2014-01-28 15:06:01,docs.google.com
2014-01-28 15:06:01,www.google.com
2014-01-28 15:06:01,1.drive.google.com
2014-01-28 15:06:03,mail.google.com
2014-01-28 15:06:06,docs.google.com
2014-01-28 15:06:06,mail.google.com
2014-01-28 15:06:06,www.google.fr
2014-01-28 15:06:06,www.google.com
2014-01-28 15:06:39,0.docs.google.com
2014-01-28 15:06:39,2.drive.google.com
2014-01-28 15:06:39,www.google.com
2014-01-28 15:06:39,mail.google.com
2014-01-28 15:06:40,www.google.com
2014-01-28 15:06:40,accounts.google.com
2014-01-28 15:06:40,accounts.google.fr
2014-01-28 15:06:40,2.drive.google.com
2014-01-28 15:06:44,www.google.com
2014-01-28 15:06:45,drive.google.com
2014-01-28 15:06:45,docs.google.com
2014-01-28 15:06:51,docs.google.com
2014-01-28 15:06:57,docs.google.com
2014-01-28 15:07:02,docs.google.com
2014-01-28 15:07:02,0.docs.google.com
2014-01-28 15:07:03,0.docs.google.com
2014-01-28 15:07:03,docs.google.com
2014-01-28 15:07:05,docs.google.com
2014-01-28 15:07:08,docs.google.com
2014-01-28 15:07:40,docs.google.com
2014-01-28 15:08:44,docs.google.com
2014-01-28 15:08:44,0.docs.google.com
2014-01-28 15:09:55,www.google.com
2014-01-28 15:10:45,docs.google.com
2014-01-28 15:10:45,plus.google.com
2014-01-28 15:10:46,docs.google.com
2014-01-28 15:10:46,drive.google.com
2014-01-28 15:10:47,docs.google.com
2014-01-28 15:12:17,gg.google.com
2014-01-28 15:12:52,drive.google.com
2014-01-28 15:14:39,drive.google.com
2014-01-28 15:16:58,www.google.fr
2014-01-28 15:18:39,drive.google.com
2014-01-28 15:18:40,drive.google.com
2014-01-28 15:19:16,www.google.fr
2014-01-28 15:19:16,apis.google.com
2014-01-28 15:19:16,plus.google.com
2014-01-28 15:20:40,drive.google.com
2014-01-28 15:20:46,plus.google.com
2014-01-28 15:20:57,plus.google.com
2014-01-28 15:21:10,drive.google.com
2014-01-28 15:21:14,drive.google.com
2014-01-28 15:21:15,drive.google.com
2014-01-28 15:21:16,drive.google.com
2014-01-28 15:21:17,drive.google.com
2014-01-28 15:21:20,drive.google.com
2014-01-28 15:21:23,2.drive.google.com
2014-01-28 15:21:23,drive.google.com
2014-01-28 15:21:24,plus.google.com
2014-01-28 15:21:24,drive.google.com
2014-01-28 15:21:25,drive.google.com
2014-01-28 15:21:26,3.drive.google.com
2014-01-28 15:21:27,3.drive.google.com
2014-01-28 15:21:27,lh3.google.com
2014-01-28 15:21:28,docs.google.com
2014-01-28 15:21:28,drive.google.com
2014-01-28 15:21:28,www.google.com
2014-01-28 15:21:29,docs.google.com
2014-01-28 15:21:29,drive.google.com
2014-01-28 15:21:38,lh3.google.com
2014-01-28 15:23:33,drive.google.com
2014-01-28 15:25:29,docs.google.com
2014-01-28 15:25:30,docs.google.com
2014-01-28 15:25:34,plus.google.com
2014-01-28 15:26:24,gg.google.com
2014-01-28 15:27:34,drive.google.com
2014-01-28 15:27:44,3.drive.google.com
2014-01-28 15:27:44,www.google.fr
2014-01-28 15:27:46,accounts.google.com
2014-01-28 15:27:46,www.google.com
2014-01-28 15:27:46,drive.google.com
2014-01-28 15:27:46,accounts.google.fr
2014-02-27 21:19:09,office14client.microsoft.com
2014-02-27 21:19:10,office.microsoft.com
2014-02-27 21:19:14,office.microsoft.com
2014-03-03 12:34:35,ieonline.microsoft.com
2014-03-03 12:34:35,go.microsoft.com
2014-03-04 19:15:04,office14client.microsoft.com
2014-03-04 19:15:05,office.microsoft.com
2014-03-04 19:15:07,office.microsoft.com
2014-03-04 19:24:11,www.google.com
2014-03-04 19:24:27,www.google.fr
2014-03-04 19:24:30,www.google.fr
2014-03-04 19:24:33,www.google.com
2014-03-04 19:24:34,apis.google.com
2014-03-04 19:24:54,www.google.fr
2014-03-04 19:24:54,www.google.com
2014-03-04 19:24:54,fr-fr.facebook.com
2014-03-04 19:24:55,fbstatic-a.akamaihd.net
2014-03-04 19:24:56,www.google.fr
2014-03-04 19:24:56,apis.google.com
2014-03-04 19:25:22,www.google.fr
2014-03-04 19:25:23,www.facebook.com
2014-03-04 19:25:23,fbstatic-a.akamaihd.net
2014-03-04 19:25:24,fbstatic-a.akamaihd.net
2014-03-04 19:25:25,fr-fr.facebook.com
2014-03-04 19:25:25,fbstatic-a.akamaihd.net
2014-03-04 19:25:25,www.facebook.com
2014-03-04 19:25:26,fbstatic-a.akamaihd.net
2014-03-04 19:25:26,fbcdn-vthumb-a.akamaihd.net
2014-03-04 19:25:26,fbexternal-a.akamaihd.net
2014-03-04 19:25:26,fbcdn-creative-a.akamaihd.net
2014-03-04 19:25:26,fbcdn-photos-b-a.akamaihd.net
2014-03-04 19:25:27,fbcdn-sphotos-b-a.akamaihd.net
2014-03-04 19:25:27,fbstatic-a.akamaihd.net
2014-03-04 19:25:27,fbexternal-a.akamaihd.net
2014-03-04 19:25:28,fbcdn-vthumb-a.akamaihd.net
2014-03-04 19:25:28,fbexternal-a.akamaihd.net
2014-03-04 19:25:28,www.facebook.com
2014-03-04 19:25:28,fbstatic-a.akamaihd.net
2014-03-04 19:25:29,fbcdn-creative-a.akamaihd.net
2014-03-04 19:25:29,fbstatic-a.akamaihd.net
2014-03-04 19:25:29,fbexternal-a.akamaihd.net
2014-03-04 19:25:29,fbcdn-photos-b-a.akamaihd.net
2014-03-04 19:25:30,fbstatic-a.akamaihd.net
2014-03-04 19:25:31,fbstatic-a.akamaihd.net
2014-03-04 19:25:31,fbcdn-photos-h-a.akamaihd.net
2014-03-04 19:25:33,fbstatic-a.akamaihd.net
2014-03-04 19:25:37,fbstatic-a.akamaihd.net
2014-03-04 19:25:47,fbcdn-sphotos-b-a.akamaihd.net
2014-03-04 19:25:48,fbcdn-vthumb-a.akamaihd.net
2014-03-04 19:25:48,fbcdn-photos-h-a.akamaihd.net
2014-03-04 19:25:48,www.facebook.com
2014-03-04 19:25:49,www.facebook.com
2014-03-04 19:25:50,www.facebook.com
2014-03-04 19:25:51,www.facebook.com
2014-03-04 19:25:52,fbstatic-a.akamaihd.net
2014-03-04 19:25:53,s-static.ak.facebook.com
2014-03-04 19:25:53,fbstatic-a.akamaihd.net
2014-03-04 19:25:57,go.microsoft.com
2014-03-04 19:25:57,ieonline.microsoft.com
2014-03-04 19:25:58,s-static.ak.facebook.com
2014-03-04 19:25:58,fbstatic-a.akamaihd.net
2014-03-04 19:26:02,fbstatic-a.akamaihd.net
2014-03-04 19:26:02,www.facebook.com
2014-03-04 19:26:04,www.facebook.com
2014-03-04 19:26:15,attachment.fbsbx.com
2014-03-04 19:27:06,ieonline.microsoft.com
2014-03-04 19:27:47,www.facebook.com
2014-03-04 19:27:47,attachment.fbsbx.com
2014-03-04 19:28:34,fbcdn-sphotos-d-a.akamaihd.net
2014-03-04 19:29:48,attachment.fbsbx.com
2014-03-04 19:31:04,www.facebook.com
2014-03-04 19:33:04,www.facebook.com
2014-03-04 19:34:24,fbstatic-a.akamaihd.net
2014-03-04 19:34:25,fbcdn-vthumb-a.akamaihd.net
2014-03-04 19:34:34,fbcdn-sphotos-d-a.akamaihd.net
2014-03-04 19:36:25,www.facebook.com
2014-03-04 19:36:34,attachment.fbsbx.com
2014-03-04 19:37:46,www.facebook.com
2014-03-04 19:39:27,fbcdn-creative-a.akamaihd.net
2014-03-04 19:39:28,fbcdn-creative-a.akamaihd.net
2014-03-04 19:39:33,attachment.fbsbx.com
2014-03-04 19:39:33,www.facebook.com
2014-03-04 19:39:33,fbstatic-a.akamaihd.net
2014-03-04 19:39:33,fbcdn-sphotos-c-a.akamaihd.net
2014-03-04 19:39:34,fbstatic-a.akamaihd.net
2014-03-04 19:39:34,fbcdn-sphotos-c-a.akamaihd.net
2014-03-04 19:39:34,fbcdn-sphotos-h-a.akamaihd.net
2014-03-04 19:39:34,fbcdn-sphotos-b-a.akamaihd.net
2014-03-04 19:39:34,fbcdn-sphotos-g-a.akamaihd.net
2014-03-04 19:39:34,fbcdn-photos-f-a.akamaihd.net
2014-03-04 19:39:34,www.facebook.com
2014-03-04 19:39:35,fbstatic-a.akamaihd.net
2014-03-04 19:39:35,fbcdn-creative-a.akamaihd.net
2014-03-04 19:39:35,fbexternal-a.akamaihd.net
2014-03-04 19:39:36,fbstatic-a.akamaihd.net
2014-03-04 19:39:38,fbcdn-sphotos-c-a.akamaihd.net
2014-03-04 19:39:38,fbcdn-sphotos-h-a.akamaihd.net
2014-03-04 19:39:38,fbcdn-photos-h-a.akamaihd.net
2014-03-04 19:39:38,fbcdn-sphotos-g-a.akamaihd.net
2014-03-04 19:39:38,fbcdn-photos-f-a.akamaihd.net
2014-03-04 19:39:39,www.facebook.com
2014-03-04 19:39:39,fbcdn-creative-a.akamaihd.net
2014-03-04 19:39:39,fbstatic-a.akamaihd.net
2014-03-04 19:39:42,fbstatic-a.akamaihd.net
2014-03-04 19:39:42,fbcdn-video-a.akamaihd.net
2014-03-04 19:39:42,www.facebook.com
2014-03-04 19:39:54,www.facebook.com
2014-03-04 19:40:08,www.facebook.com
2014-03-04 19:40:08,fbstatic-a.akamaihd.net
2014-03-04 19:40:08,fbexternal-a.akamaihd.net
2014-03-04 19:40:08,fbcdn-sphotos-h-a.akamaihd.net
2014-03-04 19:40:08,fbcdn-video-a.akamaihd.net
2014-03-04 20:24:42,www.gmail.com
2014-03-04 20:24:42,mail.google.com
2014-03-04 20:24:44,accounts.google.com
2014-03-04 20:24:46,accounts.youtube.com
2014-03-04 20:24:49,mail.google.com
2014-03-04 20:25:02,accounts.google.fr
2014-03-04 20:25:07,accounts.google.com
2014-03-04 20:25:07,accounts.youtube.com
2014-03-04 20:25:09,www.google.com
2014-03-04 20:25:09,accounts.google.fr
2014-03-04 20:25:09,clients2.google.com
2014-03-04 20:25:09,mail.google.com
2014-03-04 20:25:10,mail.google.com
2014-03-04 20:25:13,plus.google.com
2014-03-04 20:25:13,apis.google.com
2014-03-04 20:25:14,plus.google.com
2014-03-04 20:25:14,clients2.google.com
2014-03-04 20:25:15,mail.google.com
2014-03-04 20:25:16,accounts.google.com
2014-03-04 20:25:16,www.google.com
2014-03-04 20:25:16,apis.google.com
2014-03-04 20:25:16,mail.google.com
2014-03-04 20:25:16,plus.google.com
2014-03-04 20:25:17,mail.google.com
2014-03-04 20:25:17,talkgadget.google.com
2014-03-04 20:25:18,mail.google.com
2014-03-04 20:25:21,plus.google.com
2014-03-04 20:25:23,gm1.ggpht.com
2014-03-04 20:25:24,talkgadget.google.com
2014-03-04 20:25:26,mail.google.com
2014-03-04 20:25:26,plus.google.com
2014-03-04 20:25:26,gm1.ggpht.com
2014-03-04 20:25:26,talkgadget.google.com
2014-03-04 20:25:27,clients6.google.com
2014-03-04 20:25:27,talkgadget.google.com
2014-03-04 20:25:27,apis.google.com
2014-03-04 20:25:28,accounts.google.com
2014-03-04 20:25:29,apis.google.com
2014-03-04 20:25:29,mail.google.com
2014-03-04 20:25:29,clients6.google.com
2014-03-04 20:25:46,plus.google.com
2014-03-04 20:25:50,drive.google.com
2014-03-04 20:25:52,drive.google.com
2014-03-04 20:25:53,apis.google.com
2014-03-04 20:25:53,drive.google.com
2014-03-04 20:25:54,drive.google.com
2014-03-04 20:25:55,drive.google.com
2014-03-04 20:25:55,0.drive.google.com
2014-03-04 20:25:57,plus.google.com
2014-03-04 20:25:59,0.drive.google.com
2014-03-04 20:26:00,plus.google.com
2014-03-04 20:26:00,drive.google.com
2014-03-04 20:26:00,docs.google.com
2014-03-04 20:26:01,drive.google.com
2014-03-04 20:26:01,docs.google.com
2014-03-04 20:26:01,apis.google.com
2014-03-04 20:26:03,docs.google.com
2014-03-04 20:26:03,plus.google.com
2014-03-04 20:26:04,docs.google.com
2014-03-04 20:26:06,docs.google.com
2014-03-04 20:26:07,docs.google.com
2014-03-04 20:26:08,docs.google.com
2014-03-04 20:26:09,docs.google.com
2014-03-04 20:26:28,docs.google.com
2014-03-04 20:26:31,apis.google.com
2014-03-04 20:26:31,clients6.google.com
2014-03-04 20:26:31,plus.google.com
2014-03-04 20:26:31,www.google.com
2014-03-04 20:26:37,clients6.google.com
2014-03-04 20:26:37,talkgadget.google.com
2014-03-04 20:26:37,docs.google.com
2014-03-04 20:26:41,www.google.com
2014-03-04 20:26:41,talkgadget.google.com
2014-03-04 20:26:42,docs.google.com
2014-03-04 20:26:43,0.docs.google.com
2014-03-04 20:26:45,0.docs.google.com
2014-03-04 20:26:45,docs.google.com
2014-03-04 20:26:52,gg.google.com
2014-03-04 20:27:10,apis.google.com
2014-03-04 20:27:25,accounts.google.com
2014-03-04 20:27:37,docs.google.com
2014-03-04 20:27:54,drive.google.com
2014-03-04 20:29:10,mail.google.com
2014-03-04 20:29:25,talkgadget.google.com
2014-03-04 20:30:11,docs.google.com
2014-03-04 20:30:52,gg.google.com
2014-03-04 20:31:10,mail.google.com
2014-03-04 20:31:24,clients6.google.com
2014-03-04 20:31:55,drive.google.com
2014-03-04 20:33:54,drive.google.com
2014-03-04 20:34:11,mail.google.com
2014-03-04 20:35:35,talkgadget.google.com
2014-03-04 20:36:40,talkgadget.google.com
2014-03-04 20:37:11,mail.google.com
2014-03-04 20:37:55,drive.google.com
2014-03-04 20:39:26,plus.google.com
2014-03-04 20:39:32,clients6.google.com
2014-03-04 20:39:37,plus.google.com
2014-03-04 20:39:54,drive.google.com
2014-03-04 20:40:21,plus.google.com
2014-03-04 20:41:12,mail.google.com
2014-03-04 20:43:55,drive.google.com
2014-03-04 20:44:10,talkgadget.google.com
2014-03-04 20:44:53,clients6.google.com
2014-03-04 20:45:54,drive.google.com
2014-03-04 20:46:12,mail.google.com
2014-03-04 20:46:42,talkgadget.google.com
2014-03-04 20:49:32,clients6.google.com
2014-03-04 20:49:37,docs.google.com
2014-03-04 20:49:37,plus.google.com
2014-03-04 20:49:55,drive.google.com
2014-03-04 20:50:22,plus.google.com
2014-03-04 20:50:36,talkgadget.google.com
2014-03-04 20:51:13,mail.google.com
2014-03-04 20:52:48,talkgadget.google.com
2014-03-04 20:53:19,drive.google.com
2014-03-04 20:55:10,talkgadget.google.com
2014-03-04 20:55:32,clients6.google.com
2014-03-04 20:55:48,mail.google.com
2014-03-04 20:57:14,mail.google.com
2014-03-04 20:58:33,talkgadget.google.com
2014-03-04 20:58:49,plus.google.com
2014-03-04 20:59:32,clients6.google.com
2014-03-04 20:59:37,plus.google.com
2014-03-04 20:59:40,docs.google.com
2014-03-04 21:01:14,mail.google.com
2014-03-04 21:02:40,talkgadget.google.com
2014-03-04 21:03:54,drive.google.com
2014-03-04 21:04:56,0.drive.google.com
2014-03-04 21:04:56,drive.google.com
2014-03-04 21:04:56,talkgadget.google.com
2014-03-04 21:04:56,clients6.google.com
2014-03-04 21:04:56,mail.google.com
2014-03-04 21:04:57,0.docs.google.com
2014-03-04 21:49:47,www.google.fr
2014-03-04 21:49:53,www.google.fr
2014-03-04 21:49:55,www.google.com
2014-03-04 21:49:56,apis.google.com
2014-03-04 21:50:26,www.google.com
2014-03-04 21:50:26,www.google.fr
2014-03-04 21:50:39,www.google.fr
2014-03-04 21:50:40,mail.google.com
2014-03-04 21:50:43,accounts.google.com
2014-03-04 21:50:44,apis.google.com
2014-03-04 21:50:44,www.google.fr
2014-03-04 21:50:45,accounts.youtube.com
2014-03-04 21:50:46,www.google.fr
2014-03-04 21:50:46,mail.google.com
2014-03-04 21:51:02,accounts.google.fr
2014-03-04 21:51:06,accounts.google.com
2014-03-04 21:51:08,www.google.com
2014-03-04 21:51:08,clients2.google.com
2014-03-04 21:51:08,accounts.google.fr
2014-03-04 21:51:08,mail.google.com
2014-03-04 21:51:08,accounts.youtube.com
2014-03-04 21:51:09,clients2.google.com
2014-03-04 21:51:09,mail.google.com
2014-03-04 21:51:10,plus.google.com
2014-03-04 21:51:11,plus.google.com
2014-03-04 21:51:14,talkgadget.google.com
2014-03-04 21:51:15,talkgadget.google.com
2014-03-04 21:51:15,mail.google.com
2014-03-04 21:51:18,talkgadget.google.com
2014-03-04 21:51:19,plus.google.com
2014-03-04 21:51:19,mail.google.com
2014-03-04 21:51:20,apis.google.com
2014-03-04 21:51:20,mail.google.com
2014-03-04 21:51:20,clients6.google.com
2014-03-04 21:51:20,talkgadget.google.com
2014-03-04 21:51:21,accounts.google.com
2014-03-04 21:51:22,apis.google.com
2014-03-04 21:51:22,clients6.google.com
2014-03-04 21:51:23,clients6.google.com
2014-03-04 21:51:26,clients6.google.com
2014-03-04 21:52:21,plus.google.com
2014-03-04 21:52:21,clients6.google.com
2014-03-04 21:52:21,mail.google.com
2014-03-04 21:52:21,www.mailforgood.com
2014-03-04 21:52:22,www.helloasso.com
2014-03-04 21:52:36,ieonline.microsoft.com
2014-03-04 21:53:39,talkgadget.google.com
2014-03-04 21:55:15,talkgadget.google.com
2014-03-04 21:55:15,accounts.google.com
2014-03-04 21:55:15,accounts.youtube.com
2014-03-04 21:55:15,www.google.com
2014-03-04 21:55:15,clients6.google.com
2014-03-04 21:55:15,mail.google.com
2014-03-04 21:55:15,plus.google.com
2014-03-04 22:55:24,www.google.com
2014-03-04 22:55:24,gtglobal-ocsp.geotrust.com
2014-03-04 22:55:24,clients1.google.com
2014-03-04 22:55:25,clients1.google.com
2014-03-04 22:55:29,clients1.google.com
2014-03-04 22:55:29,mail.google.com
2014-03-04 22:55:29,www.google.fr
2014-03-04 22:55:30,clients1.google.com
2014-03-04 22:55:32,clients1.google.com
2014-03-04 22:56:03,safebrowsing-cache.google.com
2014-03-04 22:56:03,safebrowsing.clients.google.com
2014-03-04 22:56:04,safebrowsing-cache.google.com
2014-03-04 22:56:05,safebrowsing-cache.google.com
2014-03-04 22:56:15,gtssl-ocsp.geotrust.com
2014-03-04 22:58:23,www.google.fr
2014-03-04 22:58:44,accounts.youtube.com
2014-03-04 22:58:44,accounts.google.fr
2014-03-04 22:58:49,www.google.com
2014-03-04 22:58:50,clients2.google.com
2014-03-04 22:58:55,accounts.google.com
2014-03-04 22:58:57,drive.google.com
2014-03-04 22:58:58,sb-ssl.google.com
2014-03-04 22:59:25,apis.google.com
2014-03-04 23:00:16,plus.google.com
2014-03-04 23:00:53,clients6.google.com
2014-03-04 23:01:09,ocsp.thawte.com
2014-03-04 23:02:30,www.google.fr
2014-03-04 23:02:31,www.u-clermont1.fr
2014-03-04 23:02:31,ent.u-clermont1.fr
2014-03-04 23:02:35,ocsp.usertrust.com
2014-03-04 23:02:35,ocsp.tcs.terena.org
2014-03-04 23:02:49,ent.u-clermont1.fr
2014-03-04 23:02:50,ent.u-clermont1.fr
2014-03-04 23:02:50,economie.u-clermont1.fr
2014-03-04 23:02:54,ocsp.tcs.terena.org
2014-03-04 23:02:55,ent.udamail.fr
2014-03-04 23:03:00,ent.udamail.fr
2014-03-04 23:03:10,ocsp.verisign.com
2014-03-04 23:03:38,www.u-clermont1.fr
2014-03-04 23:04:10,ent.udamail.fr
2014-03-04 23:04:54,ent.udamail.fr
2014-03-04 23:05:09,ocsp.digicert.com
2014-03-04 23:05:20,www.google.com
2014-03-04 23:05:22,plus.google.com
2014-03-04 23:05:24,www.google.fr
2014-03-04 23:07:35,ent.u-clermont1.fr
2014-03-04 23:07:38,ent.udamail.fr
2014-03-04 23:07:38,filez.u-clermont1.fr
2014-03-04 23:07:38,ent.u-clermont1.fr
2014-03-04 23:07:39,reunions.u-clermont1.fr
2014-03-04 23:07:39,edt.u-clermont1.fr
2014-03-04 23:07:39,trombi.u-clermont1.fr
2014-03-04 23:07:39,claropers.u-clermont1.fr
2014-03-04 23:07:39,ent.u-clermont1.fr
2014-03-04 23:07:39,claroiut.u-clermont1.fr
2014-03-04 23:07:39,claromed.u-clermont1.fr
2014-03-04 23:07:39,clarotertiaire.u-clermont1.fr
2014-03-04 23:07:40,ent.u-clermont1.fr
2014-03-04 23:07:44,grr.u-clermont1.fr
2014-03-04 23:07:54,claromed.u-clermont1.fr
2014-03-04 23:07:54,clarotertiaire.u-clermont1.fr
2014-03-04 23:07:54,c2i.u-clermont1.fr
2014-03-04 23:07:54,claroiut.u-clermont1.fr
2014-03-04 23:07:55,c2i.u-clermont1.fr
2014-03-04 23:07:56,ocsp.verisign.com
2014-03-04 23:08:25,ocsp.verisign.com
2014-03-04 23:08:54,ent.udamail.fr
2014-03-04 23:08:56,clients6.google.com
2014-03-04 23:10:17,fbstatic-a.akamaihd.net
2014-03-04 23:10:17,fbcdn-photos-h-a.akamaihd.net
2014-03-04 23:10:17,fbcdn-sphotos-f-a.akamaihd.net
2014-03-04 23:10:17,fbcdn-creative-a.akamaihd.net
2014-03-04 23:10:18,fbcdn-creative-a.akamaihd.net
2014-03-04 23:10:21,fbstatic-a.akamaihd.net
2014-03-04 23:10:24,www.google.fr
2014-03-04 23:10:28,talkgadget.google.com
2014-03-04 23:10:28,plus.google.com
2014-03-04 23:10:28,www.google.fr
2014-03-04 23:10:28,fbcdn-sphotos-h-a.akamaihd.net
2014-03-04 23:10:28,accounts.google.fr
2014-03-04 23:10:28,accounts.youtube.com
2014-03-04 23:10:28,fbcdn-sphotos-e-a.akamaihd.net
2014-03-04 23:10:28,accounts.google.com
2014-03-04 23:10:28,fbcdn-photos-b-a.akamaihd.net
2014-03-04 23:10:28,fbcdn-vthumb-a.akamaihd.net
2014-03-04 23:10:28,fbcdn-sphotos-c-a.akamaihd.net
2014-03-04 23:10:28,www.facebook.com
2014-03-04 23:10:28,fbexternal-a.akamaihd.net
2014-03-04 23:10:28,fbcdn-sphotos-b-a.akamaihd.net
2014-03-04 23:10:28,fbstatic-a.akamaihd.net
2014-03-04 23:10:28,mail.google.com
2014-03-04 23:10:28,www.google.com
2014-03-04 23:10:28,fr-fr.facebook.com
2014-04-04 09:22:39,ocsp.thawte.com
2014-04-04 09:22:39,clients1.google.com
2014-04-04 09:22:39,gtglobal-ocsp.geotrust.com
2014-04-04 09:22:43,clients1.google.com
2014-04-04 09:22:50,www.google.fr
2014-04-04 09:22:50,python.lycee.free.fr
2014-04-04 09:22:51,python.lycee.free.fr
2014-04-04 09:22:51,www.google.fr
2014-04-04 09:22:53,www.developpez.net
2014-04-04 09:22:53,www.google.com
2014-04-04 09:22:53,ajax.googleapis.com
2014-04-04 09:22:54,www.developpez.net
2014-04-04 09:22:54,ajax.googleapis.com
2014-04-04 09:22:54,www.google.com
2014-04-04 09:22:54,sync.uuidcshmg.com
2014-04-04 09:22:55,ocsp.verisign.com
2014-04-04 09:22:56,dps.bing.com
2014-04-04 09:23:11,www.facebook.com
2014-04-04 09:23:11,sb-ssl.google.com
2014-04-04 09:23:11,apis.google.com
2014-04-04 09:23:11,www.google.com
2014-04-04 09:23:11,www.google.fr
2014-04-04 09:29:34,ocsp.thawte.com
2014-04-04 09:30:25,www.google.com
2014-04-04 09:30:25,gtglobal-ocsp.geotrust.com
2014-04-04 09:30:25,clients1.google.com
2014-04-04 09:30:28,www.google.com
2014-04-04 09:30:28,clients1.google.com
2014-04-04 09:30:34,www.google.fr
2014-04-04 09:30:35,login.wikimedia.org
2014-04-04 09:30:35,bits.wikimedia.org
2014-04-04 09:30:35,fr.wikibooks.org
2014-04-04 09:30:36,bits.wikimedia.org
2014-04-04 09:30:36,meta.wikimedia.org
2014-04-04 09:32:47,safebrowsing-cache.google.com
2014-04-04 09:32:47,safebrowsing.clients.google.com
2014-04-04 09:32:48,safebrowsing-cache.google.com
2014-04-04 09:33:25,www.google.com
2014-04-04 09:33:28,www.google.fr
2014-04-04 09:37:25,ocsp.verisign.com
2014-04-04 09:39:25,ocsp.digicert.com
2014-04-04 12:18:59,clients1.google.com
2014-04-04 12:18:59,gtglobal-ocsp.geotrust.com
2014-04-04 12:19:00,clients1.google.com
2014-04-04 12:19:03,clients1.google.com
2014-04-04 12:19:57,gtssl-ocsp.geotrust.com
2014-04-04 12:19:59,safebrowsing.clients.google.com
2014-04-04 12:19:59,safebrowsing-cache.google.com
2014-04-04 12:20:00,safebrowsing-cache.google.com
2014-04-04 12:21:51,clients1.google.com
2014-04-04 12:22:01,clients1.google.com
2014-04-04 12:22:55,sb-ssl.google.com
2014-04-04 12:24:35,accounts.youtube.com
2014-04-04 12:24:36,accounts.google.fr
2014-04-04 12:24:42,www.google.fr
2014-04-04 12:24:44,www.google.com
2014-04-04 12:24:47,plus.google.com
2014-04-04 12:24:55,ocsp.thawte.com
2014-04-04 12:25:20,apis.google.com
2014-04-04 12:25:20,accounts.google.com
2014-04-04 12:25:21,clients6.google.com
2014-04-04 12:25:42,www.google.fr
2014-04-04 12:25:43,ocsp.tcs.terena.org
2014-04-04 12:25:43,clients1.google.com
2014-04-04 12:25:43,ocsp.usertrust.com
2014-04-04 12:25:50,gg.google.com
2014-04-04 12:26:47,drive.google.com
2014-04-04 12:26:54,ocsp.verisign.com
2014-04-04 12:27:35,docs.google.com
2014-04-04 12:28:02,plus.google.com
2014-04-04 12:28:02,www.google.fr
2014-04-04 12:28:02,0.drive.google.com
2014-04-04 12:28:02,www.google.com
2014-04-04 12:28:02,0.docs.google.com
2014-04-04 12:30:14,clients1.google.com
2014-04-04 12:30:14,gtglobal-ocsp.geotrust.com
2014-04-04 12:30:24,ocsp.verisign.com
2014-04-04 12:30:51,clients1.google.com
2014-04-04 12:30:52,clients1.google.com
2014-04-04 12:30:58,www.google.com
2014-04-04 12:30:59,clients1.google.com
2014-04-04 12:31:13,gtssl-ocsp.geotrust.com
2014-04-04 12:31:24,mods.gdfspfg.com
2014-04-04 12:31:24,boutique-online.orange.fr
2014-04-04 12:31:24,www.degrouptest.com
2014-04-04 12:31:24,connect.facebook.net
2014-04-04 12:31:24,www.google.fr
2014-04-04 12:31:25,www.degrouptest.com
2014-04-04 12:31:25,connect.facebook.net
2014-04-04 12:31:25,static.ak.facebook.com
2014-04-04 12:31:25,platform.twitter.com
2014-04-04 12:31:25,speed.degrouptest.com
2014-04-04 12:31:25,widget.achetezfacile.com
2014-04-04 12:31:25,s3.amazonaws.com
2014-04-04 12:31:25,ajax.googleapis.com
2014-04-04 12:31:26,evsecure-ocsp.verisign.com
2014-04-04 12:31:26,www.facebook.com
2014-04-04 12:31:26,cdnjs.cloudflare.com
2014-04-04 12:31:26,www.degrouptest.com
2014-04-04 12:31:26,degrouptest.com
2014-04-04 12:31:26,ajax.googleapis.com
2014-04-04 12:31:27,www.google.com
2014-04-04 12:31:52,www.google.fr
2014-04-04 12:31:53,www.facebook.com
2014-04-04 12:31:53,www.google.fr
2014-04-04 12:31:53,www.google.com
2014-04-04 12:31:53,www.speedtest.net
2014-04-04 12:31:53,c.speedtest.net
2014-04-04 12:31:53,widget.uservoice.com
2014-04-04 12:31:54,c.speedtest.net
2014-04-04 12:31:54,www.google.com
2014-04-04 12:31:54,gtssl-ocsp.geotrust.com
2014-04-04 12:31:54,www.facebook.com
2014-04-04 12:31:54,www.google.fr
2014-04-04 12:31:57,twitter.com
2014-04-04 12:32:07,www.google.fr
2014-04-04 12:32:07,get.adobe.com
2014-04-04 12:32:08,wwwimages.adobe.com
2014-04-04 12:32:09,wwwimages.adobe.com
2014-04-04 12:32:09,p.typekit.net
2014-04-04 12:32:09,www.adobe.com
2014-04-04 12:32:10,wwwimages.adobe.com
2014-04-04 12:32:10,stats.adobe.com
2014-04-04 12:32:10,get.adobe.com
2014-04-04 12:32:20,fbstatic-a.akamaihd.net
2014-04-04 12:32:21,fbstatic-a.akamaihd.net
2014-04-04 12:32:28,wwwimages.adobe.com
2014-04-04 12:32:28,stats.adobe.com
2014-04-04 12:32:28,safebrowsing.clients.google.com
2014-04-04 12:32:28,get.adobe.com
2014-04-04 12:32:28,p.typekit.net
2014-04-04 12:32:29,safebrowsing-cache.google.com
2014-04-04 12:33:20,s-static.ak.facebook.com
2014-04-04 12:33:30,www.google.fr
2014-04-04 12:33:30,platform.linkedin.com
2014-04-04 12:33:30,portableapps.com
2014-04-04 12:33:31,platform.twitter.com
2014-04-04 12:33:31,x.translateth.is
2014-04-04 12:33:31,portableapps.com
2014-04-04 12:33:31,www.stumbleupon.com
2014-04-04 12:33:31,sourceforge.net
2014-04-04 12:33:31,platform.linkedin.com
2014-04-04 12:33:31,www.linkedin.com
2014-04-04 12:33:31,www.facebook.com
2014-04-04 12:33:31,www.google.fr
2014-04-04 12:33:32,platform.stumbleupon.com
2014-04-04 12:33:32,sourceforge.net
2014-04-04 12:33:32,www.01net.com
2014-04-04 12:33:32,a.fsdn.com
2014-04-04 12:33:33,www.01net.com
2014-04-04 12:33:33,portableapps.com
2014-04-04 12:33:33,fr-fr.facebook.com
2014-04-04 12:33:34,www.facebook.com
2014-04-04 12:33:34,www.01net.com
2014-04-04 12:33:34,pixel.alephd.com
2014-04-04 12:33:35,badge.stumbleupon.com
2014-04-04 12:33:35,its.tradelab.fr
2014-04-04 12:33:35,pixel.alephd.com
2014-04-04 12:33:35,ce.lijit.com
2014-04-04 12:33:36,www.01net.com
2014-04-04 12:33:37,www.01net.com
2014-04-04 12:33:37,mm.eulerian.net
2014-04-04 12:33:37,pixel.alephd.com
2014-04-04 12:33:37,www.facebook.com
2014-04-04 12:33:38,ad.referencement.01net.com
2014-04-04 12:33:38,pixel.alephd.com
2014-04-04 12:33:38,connect.facebook.net
2014-04-04 12:33:38,platform.twitter.com
2014-04-04 12:33:38,videosfr.s3.amazonaws.com
2014-04-04 12:33:38,gtssl-ocsp.geotrust.com
2014-04-04 12:33:39,pixel.alephd.com
2014-04-04 12:33:39,col001.ip-label.net
2014-04-04 12:33:39,www.facebook.com
2014-04-04 12:33:41,dps.bing.com
2014-04-04 12:33:51,www.01net.com
2014-04-04 12:33:53,support.google.com
2014-04-04 12:33:55,sourceforge.net
2014-04-04 12:33:56,consent-st.truste.com
2014-04-04 12:33:56,a.fsdn.com
2014-04-04 12:33:56,www.01net.com
2014-04-04 12:33:56,images.sourceforge.net
2014-04-04 12:33:57,sourceforge.net
2014-04-04 12:33:57,d.startpagea.com
2014-04-04 12:33:57,consent-st.truste.com
2014-04-04 12:33:58,pixel.alephd.com
2014-04-04 12:33:58,www.google.com
2014-04-04 12:33:59,dl.google.com
2014-04-04 12:33:59,pixel.alephd.com
2014-04-04 12:33:59,images.orangepublicite.fr
2014-04-04 12:33:59,www.01net.com
2014-04-04 12:33:59,www.facebook.com
2014-04-04 12:33:59,ajax.googleapis.com
2014-04-04 12:34:00,www.google.com
2014-04-04 12:34:00,pixel.alephd.com
2014-04-04 12:34:00,its.tradelab.fr
2014-04-04 12:34:02,ad.referencement.01net.com
2014-04-04 12:34:02,freefr.dl.sourceforge.net
2014-04-04 12:34:02,platform.twitter.com
2014-04-04 12:34:02,col001.ip-label.net
2014-04-04 12:34:02,www.facebook.com
2014-04-04 12:34:03,platform.twitter.com
2014-04-04 12:34:03,pixel.alephd.com
2014-04-04 12:34:04,tools.google.com
2014-04-04 12:34:05,c1.adform.net
2014-04-04 12:34:05,get3.adobe.com
2014-04-04 12:34:09,twitter.com
2014-04-04 12:34:12,pixel.alephd.com
2014-04-04 12:34:12,www.01net.com
2014-04-04 12:34:14,creative.metalyzer.com
2014-04-04 12:34:14,pixel.alephd.com
2014-04-04 12:34:14,its.tradelab.fr
2014-04-04 12:34:15,pixel.alephd.com
2014-04-04 12:34:15,hal9000.redintelligence.net
2014-04-04 12:34:15,um.simpli.fi
2014-04-04 12:34:15,www.facebook.com
2014-04-04 12:34:16,ad.referencement.01net.com
2014-04-04 12:34:16,ocsp.usertrust.com
2014-04-04 12:34:16,rapidssl-ocsp.geotrust.com
2014-04-04 12:34:16,ocsp.comodoca.com
2014-04-04 12:34:16,platform.twitter.com
2014-04-04 12:34:16,n16.hal9000.redintelligence.net
2014-04-04 12:34:16,hal9000.redintelligence.net
2014-04-04 12:34:16,its.tradelab.fr
2014-04-04 12:34:17,platform.twitter.com
2014-04-04 12:34:17,www.facebook.com
2014-04-04 12:34:17,col001.ip-label.net
2014-04-04 12:34:17,pixel.alephd.com
2014-04-04 12:34:20,akamai.cedexis.com
2014-04-04 12:34:20,i1-js-14-3-01-10077-765667391-i.init.cedexis-radar.net
2014-04-04 12:34:21,akamai.cedexis.com
2014-04-04 12:34:26,pixel.alephd.com
2014-04-04 12:34:27,maps.googleapis.com
2014-04-04 12:34:32,its.tradelab.fr
2014-04-04 12:34:33,user-disp.tidaltv.com
2014-04-04 12:34:33,www.01net.com
2014-04-04 12:34:33,d2yp9b3a29g3i2.cloudfront.net
2014-04-04 12:34:34,www.01net.com
2014-04-04 12:34:35,pixel.alephd.com
2014-04-04 12:34:36,www.01net.com
2014-04-04 12:34:36,pixel.alephd.com
2014-04-04 12:34:36,www.facebook.com
2014-04-04 12:34:37,www.01net.com
2014-04-04 12:34:37,pixel.alephd.com
2014-04-04 12:34:38,platform.twitter.com
2014-04-04 12:34:38,col001.ip-label.net
2014-04-04 12:34:39,cm.adgrx.com
2014-04-04 12:34:39,pixel.alephd.com
2014-04-04 12:34:41,ocsp.comodoca.com
2014-04-04 12:34:42,adventori.com
2014-04-04 12:34:48,pixel.alephd.com
2014-04-04 12:34:53,dl.google.com
2014-04-04 12:34:57,pixel2368.everesttech.net
2014-04-04 12:35:09,images.sourceforge.net
2014-04-04 12:35:09,sourceforge.net
2014-04-04 12:35:10,d.startpagea.com
2014-04-04 12:35:10,sourceforge.net
2014-04-04 12:35:12,twitter.com
2014-04-04 12:35:13,ocsp.digicert.com
2014-04-04 12:35:23,sb-ssl.google.com
2014-04-04 12:35:34,pbs.twimg.com
2014-04-04 12:35:35,pbs.twimg.com
2014-04-04 12:35:35,platform.twitter.com
2014-04-04 12:35:36,ocsp.usertrust.com
2014-04-04 12:35:36,ocsp.tcs.terena.org
2014-04-04 12:35:43,syndication.twitter.com
2014-04-04 12:35:43,owncloud.org
2014-04-04 12:35:43,stats.owncloud.org
2014-04-04 12:35:45,owncloud.org
2014-04-04 12:36:04,dl.google.com
2014-04-04 12:36:12,ocsp.thawte.com
2014-04-04 12:36:23,www.google.com
2014-04-04 12:36:24,www.google.fr
2014-04-04 12:36:25,www.google.com
2014-04-04 12:36:25,s.ytimg.com
2014-04-04 12:36:25,stats.owncloud.org
2014-04-04 12:36:25,owncloud.org
2014-04-04 12:36:25,www.youtube.com
2014-04-04 12:36:26,s.ytimg.com
2014-04-04 12:36:26,www.youtube.com
2014-04-04 12:36:26,owncloud.org
2014-04-04 12:36:26,i1.ytimg.com
2014-04-04 12:36:27,apis.google.com
2014-04-04 12:36:28,accounts.google.com
2014-04-04 12:37:18,www.facebook.com
2014-04-04 12:37:41,cache.pack.google.com
2014-04-04 12:37:41,r4---sn-gxo5uxg-jqbe.c.pack.google.com
2014-04-04 12:38:10,www.wolframalpha.com
2014-04-04 12:38:17,www.wolframalpha.com
2014-04-04 12:38:17,ajax.googleapis.com
2014-04-04 12:38:18,www.wolframalpha.com
2014-04-04 12:38:19,www.wolframalpha.com
2014-04-04 12:38:22,accounts.google.com
2014-04-04 12:38:23,www.wolframalpha.com
2014-04-04 12:38:26,accounts.google.fr
2014-04-04 12:38:26,www.google.com
2014-04-04 12:38:26,www.wolframalpha.com
2014-04-04 12:38:27,www.wolframalpha.com
2014-04-04 12:38:28,www.wolframalpha.com
2014-04-04 12:38:29,www.wolframalpha.com
2014-04-04 12:38:46,update.megasoftware.net
2014-04-04 12:40:25,clients3.google.com
2014-04-04 12:40:25,history.google.com
2014-04-04 12:40:25,clients6.google.com
2014-04-04 12:40:25,accounts.google.com
2014-04-04 12:40:25,www.google.com
2014-04-04 12:40:25,safebrowsing-cache.google.com
2014-04-04 12:40:25,safebrowsing.google.com
2014-04-04 12:40:25,accounts.youtube.com
2014-04-04 12:40:25,www.google.fr
2014-04-04 12:40:25,clients4.google.com
2014-04-04 12:40:25,www.googleapis.com
2014-04-04 12:40:25,plus.google.com
2014-04-04 12:40:25,apis.google.com
2014-04-04 12:40:25,clients2.google.com
2014-04-04 12:40:25,translate.googleapis.com
2014-04-04 12:40:25,clients1.google.com
2014-04-04 12:40:47,accounts.google.com
2014-04-04 12:44:37,translate.googleapis.com
2014-04-04 12:44:37,www.googleapis.com
2014-04-04 12:44:37,clients2.google.com
2014-04-04 12:44:37,accounts.google.com
2014-04-04 12:44:37,clients4.google.com
2014-04-04 12:44:38,www.googleapis.com
2014-04-04 12:44:41,www.google.com
2014-04-04 12:44:43,www.google.fr
2014-04-04 12:44:43,safebrowsing-cache.google.com
2014-04-04 12:44:43,safebrowsing.google.com
2014-04-04 12:46:30,dl.google.com
2014-04-04 12:47:44,clients4.google.com
2014-04-04 12:47:44,translate.googleapis.com
2014-04-04 12:47:44,clients2.google.com
2014-04-04 12:47:44,clients3.google.com
2014-04-04 12:47:44,www.google.com
2014-04-04 12:47:44,www.google.fr
2014-04-04 12:47:54,clients2.google.com
2014-04-04 12:47:54,translate.googleapis.com
2014-04-04 12:47:54,clients4.google.com
2014-04-04 12:48:40,translate.googleapis.com
2014-04-04 12:48:40,www.google.com
2014-04-04 12:48:40,clients2.google.com
2014-04-04 12:48:40,clients4.google.com
2014-04-04 12:57:22,gtglobal-ocsp.geotrust.com
2014-04-04 12:57:22,clients1.google.com
2014-04-04 12:57:23,clients1.google.com
2014-04-04 12:57:24,clients1.google.com
2014-04-04 12:57:30,safebrowsing-cache.google.com
2014-04-04 12:57:30,safebrowsing.clients.google.com
2014-04-04 12:57:46,clients1.google.com
2014-04-04 12:57:58,clients1.google.com
2014-04-04 12:58:21,gtssl-ocsp.geotrust.com
2014-04-04 12:58:49,plus.google.com
2014-04-04 12:58:49,0.drive.google.com
2014-04-04 12:58:49,docs.google.com
2014-04-04 12:58:49,0.talkgadget.google.com
2014-04-04 12:58:49,0.docs.google.com
2014-04-04 12:58:49,drive.google.com
2014-04-04 12:58:49,accounts.google.com
2014-04-04 12:58:49,accounts.youtube.com
2014-04-04 12:58:49,www.google.fr
2014-04-04 12:58:49,www.google.com
2014-04-04 12:58:49,clients6.google.com
2014-04-04 12:58:49,sb-ssl.google.com
2014-04-04 12:58:49,gg.google.com
2014-04-04 12:58:49,accounts.google.fr
2014-04-04 12:58:49,apis.google.com
2014-04-04 12:58:51,clients2.google.com
2014-04-04 12:58:51,translate.googleapis.com
2014-04-04 12:58:51,www.google.com
2014-04-04 12:58:51,clients4.google.com
2014-04-04 12:58:51,hl2rcv.adobe.com
2014-04-04 13:01:14,clients1.google.com
2014-04-04 13:01:14,gtglobal-ocsp.geotrust.com
2014-04-04 13:01:18,www.google.fr
2014-04-04 13:01:19,drive.google.com
2014-04-04 13:01:19,clients1.google.com
2014-04-04 13:01:43,clients1.google.com
2014-04-04 13:01:55,clients1.google.com
2014-04-04 13:02:07,gtssl-ocsp.geotrust.com
2014-04-04 13:02:35,clients1.google.com
2014-04-04 13:02:52,clients6.google.com
2014-04-04 13:02:52,apis.google.com
2014-04-04 13:02:52,www.google.com
2014-04-04 13:02:52,www.google.fr
2014-04-04 13:02:52,gg.google.com
2014-04-04 13:02:52,accounts.google.com
2014-04-04 13:02:52,accounts.google.fr
2014-04-04 13:02:52,drive.google.com
2014-04-04 13:02:52,0.drive.google.com
2014-04-04 13:02:52,docs.google.com
2014-04-04 13:02:52,0.docs.google.com
2014-04-04 13:02:52,accounts.youtube.com
2014-04-04 13:02:52,plus.google.com
2014-04-04 13:03:58,gtglobal-ocsp.geotrust.com
2014-04-04 13:03:58,clients1.google.com
2014-04-04 13:03:59,clients1.google.com
2014-04-04 13:04:02,www.google.fr
2014-04-04 13:04:03,drive.google.com
2014-04-04 13:04:03,clients1.google.com
2014-04-04 13:04:25,clients1.google.com
2014-04-04 13:04:35,clients1.google.com
2014-04-04 13:04:57,gtssl-ocsp.geotrust.com
2014-04-04 13:06:15,safebrowsing-cache.google.com
2014-04-04 13:06:15,safebrowsing.clients.google.com
2014-04-04 13:06:59,www.google.fr
2014-04-04 13:07:19,accounts.youtube.com
2014-04-04 13:07:20,accounts.google.fr
2014-04-04 13:07:22,plus.google.com
2014-04-04 13:07:32,www.google.com
2014-04-04 13:07:49,clients2.google.com
2014-04-04 13:07:50,accounts.google.com
2014-04-04 13:07:50,clients6.google.com
2014-04-04 13:07:50,apis.google.com
2014-04-04 13:08:21,gg.google.com
2014-04-04 13:09:07,hl2rcv.adobe.com
2014-04-04 13:09:10,sb-ssl.google.com
2014-04-04 13:09:55,ocsp.thawte.com
2014-04-04 13:11:00,apis.google.com
2014-04-04 13:11:01,clients6.google.com
2014-04-04 13:11:18,docs.google.com
2014-04-04 13:11:55,ocsp.verisign.com
2014-04-04 13:13:10,0.drive.google.com
2014-04-04 13:13:10,0.docs.google.com
2014-04-04 13:13:10,drive.google.com
2014-04-15 13:26:15,office14client.microsoft.com
2014-04-15 13:26:15,office.microsoft.com
2014-04-15 13:26:17,office.microsoft.com
2014-04-15 13:26:18,office.microsoft.com
2014-04-15 13:29:41,clients2.google.com
2014-04-15 13:29:41,www.google.com
2014-04-15 13:29:41,translate.googleapis.com
2014-04-15 13:29:41,clients4.google.com
2014-04-15 13:29:41,clients3.google.com
2014-04-22 13:24:10,www.google.fr
2014-04-22 13:24:12,apis.google.com
2014-04-22 13:24:14,www.google.com
2014-04-22 13:26:29,www.google.com
2014-04-22 13:26:29,www.google.fr
2014-04-22 13:26:33,apis.google.com
2014-04-22 13:27:05,ieonline.microsoft.com
2014-04-22 13:27:35,www.google.fr
2014-04-22 13:27:41,www.google.com
2014-04-22 13:27:41,apis.google.com
2014-04-22 13:27:42,www.google.fr
2014-04-22 13:29:46,www.google.com
2014-04-22 13:30:09,sb-ssl.google.com
2014-04-22 13:33:09,www.google.fr
2014-04-22 13:33:09,www.google.com
2014-04-22 13:33:09,apis.google.com
2014-04-25 08:10:36,ocsp.thawte.com
2014-04-25 08:10:45,clients1.google.com
2014-04-25 08:10:45,gtglobal-ocsp.geotrust.com
2014-04-25 08:10:48,clients1.google.com
2014-04-25 08:10:49,clients1.google.com
2014-04-25 08:11:35,clients1.google.com
2014-04-25 08:11:40,safebrowsing.clients.google.com
2014-04-25 08:11:41,safebrowsing-cache.google.com
2014-04-25 08:11:42,safebrowsing-cache.google.com
2014-04-25 08:12:31,www.google.fr
2014-04-25 08:12:31,ent.univ-bpclermont.fr
2014-04-25 08:12:32,ent.univ-bpclermont.fr
2014-04-25 08:12:32,www.univ-bpclermont.fr
2014-04-25 08:12:32,clients1.google.com
2014-04-25 08:12:32,ocsp.tcs.terena.org
2014-04-25 08:12:32,ocsp.usertrust.com
2014-04-25 08:12:33,www.univ-bpclermont.fr
2014-04-25 08:12:35,www.univ-bpclermont.fr
2014-04-25 08:12:36,www.univ-bpclermont.fr
2014-04-25 08:12:47,ent.univ-bpclermont.fr
2014-04-25 08:12:48,ent.univ-bpclermont.fr
2014-04-25 08:12:48,www.univ-bpclermont.fr
2014-04-25 08:13:06,claroline.univ-bpclermont.fr
2014-04-25 08:13:06,ent.univ-bpclermont.fr
2014-04-25 08:13:06,www.univ-bpclermont.fr
2014-04-25 08:13:07,claroline.univ-bpclermont.fr
2014-04-25 08:13:08,claroline.univ-bpclermont.fr
2014-04-25 08:13:16,claroline.univ-bpclermont.fr
2014-04-25 08:13:17,claroline.univ-bpclermont.fr
2014-04-25 08:13:22,claroline.univ-bpclermont.fr
2014-04-25 08:13:24,claroline.univ-bpclermont.fr
2014-04-25 08:13:26,claroline.univ-bpclermont.fr
2014-04-25 08:13:43,ent.univ-bpclermont.fr
2014-04-25 08:14:08,accounts.youtube.com
2014-04-25 08:14:09,accounts.google.com
2014-04-25 08:14:10,accounts.google.fr
2014-04-25 08:14:12,id.google.fr
2014-04-25 08:14:29,apis.google.com
2014-04-25 08:14:36,docs.google.com
2014-04-25 08:14:38,ocsp.comodoca.com
2014-04-25 08:14:39,ocsp.usertrust.com
2014-04-25 08:15:00,clients1.google.com
2014-04-25 08:15:25,plus.google.com
2014-04-25 08:15:26,www.google.fr
2014-04-25 08:15:28,gg.google.com
2014-04-25 08:16:03,www.neutrondrive.com
2014-04-25 08:16:25,ocsp.verisign.com
2014-04-25 08:17:55,www.youtube.com
2014-04-25 08:17:56,s.ytimg.com
2014-04-25 08:17:56,apis.google.com
2014-04-25 08:17:59,docs.google.com
2014-04-25 08:18:13,accounts.google.com
2014-04-25 08:18:13,www.google.com
2014-04-25 08:18:13,docs.google.com
2014-04-25 08:18:25,ocsp.digicert.com
2014-04-25 08:18:29,drive.google.com
2014-04-25 08:23:59,www.neutrondrive.com
2014-04-25 08:25:25,plus.google.com
2014-04-25 08:28:59,docs.google.com
2014-04-25 08:29:09,gg.google.com
2014-04-25 08:32:29,drive.google.com
2014-04-25 08:33:14,claroline.univ-bpclermont.fr
2014-04-25 08:34:42,plus.google.com
2014-04-25 08:36:29,drive.google.com
2014-04-25 08:37:06,claroline.univ-bpclermont.fr
2014-04-25 08:39:45,safebrowsing-cache.google.com
2014-04-25 08:39:45,safebrowsing.clients.google.com
2014-04-25 08:44:29,drive.google.com
2014-04-25 08:44:43,plus.google.com
2014-04-25 08:48:14,plus.google.com
2014-04-25 08:52:29,drive.google.com
2014-04-25 08:54:42,plus.google.com
2014-04-25 08:55:41,www.google.com
2014-04-25 08:55:42,maps.googleapis.com
2014-04-25 08:55:42,www.google.com
2014-04-25 08:55:42,mw1.google.com
2014-04-25 08:55:43,maps.googleapis.com
2014-04-25 08:55:45,mw1.google.com
2014-04-25 08:55:46,mw1.google.com
2014-04-25 08:55:48,maps.googleapis.com
2014-04-25 08:55:48,mw1.google.com
2014-04-25 08:55:50,mw1.google.com
2014-04-25 08:55:51,mw1.google.com
2014-04-25 08:55:53,mw1.google.com
2014-04-25 08:55:54,mw1.google.com
2014-04-25 08:55:59,mw1.google.com
2014-04-25 08:55:59,www.google.com
2014-04-25 08:56:04,mw1.google.com
2014-04-25 08:56:09,mw1.google.com
2014-04-25 08:56:13,mw1.google.com
2014-04-25 08:56:32,www.google.com
2014-04-25 08:56:37,mw1.google.com
2014-04-25 08:56:39,mw1.google.com
2014-04-25 08:56:46,mw1.google.com
2014-04-25 08:56:47,mw1.google.com
2014-04-25 08:56:55,mw1.google.com
2014-04-25 08:56:56,mw1.google.com
2014-04-25 08:56:57,mw1.google.com
2014-04-25 08:56:58,mw1.google.com
2014-04-25 08:56:59,mw1.google.com
2014-04-25 08:57:00,mw1.google.com
2014-04-25 08:57:01,mw1.google.com
2014-04-25 08:57:02,mw1.google.com
2014-04-25 08:57:03,mw1.google.com
2014-04-25 08:57:04,mw1.google.com
2014-04-25 08:58:16,sci.sciences.univ-bpclermont.fr
2014-04-25 08:58:17,sci.sciences.univ-bpclermont.fr
2014-04-25 08:58:25,clients1.google.com
2014-04-25 08:58:25,www.google.fr
2014-04-25 08:58:25,mail.google.com
2014-04-25 08:58:42,ocsp.digicert.com
2014-04-25 08:58:42,www.facebook.com
2014-04-25 08:58:42,gtssl2-ocsp.geotrust.com
2014-04-25 08:58:43,tutorielsinformatique.wordpress.com
2014-04-25 08:58:43,ocsp.godaddy.com
2014-04-25 08:58:43,ocsp.digicert.com
2014-04-25 08:58:43,evsecure-ocsp.verisign.com
2014-04-25 08:58:44,ocsp.godaddy.com
2014-04-25 08:59:13,twitter.com
2014-04-25 08:59:13,secure.gravatar.com
2014-04-25 08:59:15,www.google.com
2014-04-25 08:59:42,tutorielsinformatique.files.wordpress.com
2014-04-25 08:59:43,tutorielsinformatique.files.wordpress.com
2014-04-25 08:59:58,public-api.wordpress.com
2014-04-25 09:00:29,drive.google.com
2014-04-25 09:00:30,sci.sciences.univ-bpclermont.fr
2014-04-25 09:00:30,s-static.ak.facebook.com
2014-04-25 09:00:30,static.ak.facebook.com
2014-04-25 09:00:30,www.toobigtouse.com
2014-04-25 09:00:30,connect.facebook.net
2014-04-25 09:00:31,www.facebook.com
2014-04-25 09:00:31,www.toobigtouse.com
2014-04-25 09:00:37,2.gravatar.com
2014-04-25 09:00:37,s2.wp.com
2014-04-25 09:00:37,1.gravatar.com
2014-04-25 09:00:37,s1.wp.com
2014-04-25 09:00:37,i0.wp.com
2014-04-25 09:00:38,platform.twitter.com
2014-04-25 09:00:38,2.gravatar.com
2014-04-25 09:00:38,platform.linkedin.com
2014-04-25 09:00:38,s1.wp.com
2014-04-25 09:00:38,s2.wp.com
2014-04-25 09:00:38,0.gravatar.com
2014-04-25 09:00:38,i0.wp.com
2014-04-25 09:00:39,s0.wp.com
2014-04-25 09:00:39,www.linkedin.com
2014-04-25 09:00:40,www.linkedin.com
2014-04-25 09:00:41,www.toosmalltouse.com
2014-04-25 09:00:42,www.toosmalltouse.com
2014-04-25 09:00:49,www.toosmalltouse.com
2014-04-25 09:01:20,www.google.fr
2014-04-25 09:01:25,clients2.google.com
2014-04-25 09:01:25,www.google.fr
2014-04-25 09:01:33,talkgadget.google.com
2014-04-25 09:01:34,clients6.google.com
2014-04-25 09:01:34,mail.google.com
2014-04-25 09:01:38,apis.google.com
2014-04-25 09:01:38,accounts.google.com
2014-04-25 09:01:41,www.ascii-fr.com
2014-04-25 09:01:41,www.google.com
2014-04-25 09:01:51,www.squid-cache.org
2014-04-25 09:02:14,www.ascii-fr.com
2014-04-25 09:02:36,www.google.com
2014-04-25 09:02:36,www.toosmalltouse.com
2014-04-25 09:03:46,www.google.com
2014-04-25 09:03:46,www.gothengine.com
2014-04-25 09:03:47,gothengine.com
2014-04-25 09:03:47,www.google.com
2014-04-25 09:03:48,hal9000.redintelligence.net
2014-04-25 09:03:49,hal9000.redintelligence.net
2014-04-25 09:03:50,ea.numericable.fr
2014-04-25 09:03:50,www.castorama.fr
2014-04-25 09:03:50,www.gothengine.com
2014-04-25 09:03:50,ocsp.godaddy.com
2014-04-25 09:03:51,www.gothengine.com
2014-04-25 09:04:01,www.google.com
2014-04-25 09:04:01,www.google.fr
2014-04-25 09:04:08,maps.google.com
2014-04-25 09:04:19,id.google.fr
2014-04-25 09:04:32,60.45.63.26
2014-04-25 09:04:33,60.45.63.26
2014-04-25 09:04:34,60.45.63.26
2014-04-25 09:04:35,60.45.63.26
2014-04-25 09:04:35,www.google.com
2014-04-25 09:04:36,60.45.63.26
2014-04-25 09:04:38,60.45.63.26
2014-04-25 09:04:40,60.45.63.26
2014-04-25 09:04:41,60.45.63.26
2014-04-25 09:04:42,60.45.63.26
2014-04-25 09:04:46,60.45.63.26
2014-04-25 09:04:47,60.45.63.26
2014-04-25 09:04:48,60.45.63.26
2014-04-25 09:04:49,60.45.63.26
2014-04-25 09:04:50,60.45.63.26
2014-04-25 09:04:51,60.45.63.26
2014-04-25 09:04:52,60.45.63.26
2014-04-25 09:04:53,60.45.63.26
2014-04-25 09:04:54,60.45.63.26
2014-04-25 09:04:55,60.45.63.26
2014-04-25 09:04:56,60.45.63.26
2014-04-25 09:04:57,60.45.63.26
2014-04-25 09:04:59,60.45.63.26
2014-04-25 09:05:00,60.45.63.26
2014-04-25 09:05:01,60.45.63.26
2014-04-25 09:05:02,60.45.63.26
2014-04-25 09:05:03,60.45.63.26
2014-04-25 09:05:04,60.45.63.26
2014-04-25 09:05:27,www.squid-cache.org
2014-04-25 09:05:32,www.googleapis.com
2014-04-25 09:06:07,60.45.63.26
2014-04-25 09:06:16,60.45.63.26
2014-04-25 09:06:17,60.45.63.26
2014-04-25 09:06:18,60.45.63.26
2014-04-25 09:06:19,60.45.63.26
2014-04-25 09:06:20,60.45.63.26
2014-04-25 09:06:21,60.45.63.26
2014-04-25 09:06:22,60.45.63.26
2014-04-25 09:06:25,60.45.63.26
2014-04-25 09:06:26,60.45.63.26
2014-04-25 09:06:27,60.45.63.26
2014-04-25 09:06:29,60.45.63.26
2014-04-25 09:06:30,60.45.63.26
2014-04-25 09:06:42,accounts.google.com
2014-04-25 09:06:42,apis.google.com
2014-04-25 09:06:57,clients1.google.fr
2014-04-25 09:06:58,www.google.fr
2014-04-25 09:07:02,60.45.63.26
2014-04-25 09:07:03,maps.google.com
2014-04-25 09:07:06,geo0.ggpht.com
2014-04-25 09:07:07,geo0.ggpht.com
2014-04-25 09:07:10,geo3.ggpht.com
2014-04-25 09:07:10,geo2.ggpht.com
2014-04-25 09:07:10,geo1.ggpht.com
2014-04-25 09:07:32,plus.google.com
2014-04-25 09:07:34,www.google.com
2014-04-25 09:07:43,60.45.63.26
2014-04-25 09:07:47,60.45.63.26
2014-04-25 09:07:48,60.45.63.26
2014-04-25 09:07:49,60.45.63.26
2014-04-25 09:07:50,60.45.63.26
2014-04-25 09:07:51,60.45.63.26
2014-04-25 09:07:52,60.45.63.26
2014-04-25 09:07:52,www.google.com
2014-04-25 09:07:58,www.google.com
2014-04-25 09:07:59,www.nyc.gov
2014-04-25 09:08:00,www1.nyc.gov
2014-04-25 09:08:00,www.nyc.gov
2014-04-25 09:08:01,www.nyc.gov
2014-04-25 09:08:01,a858-sdc.nyc.gov
2014-04-25 09:08:02,a858-sdc.nyc.gov
2014-04-25 09:08:02,www.nyc.gov
2014-04-25 09:08:04,60.45.63.26
2014-04-25 09:08:05,60.45.63.26
2014-04-25 09:08:06,60.45.63.26
2014-04-25 09:08:07,60.45.63.26
2014-04-25 09:08:08,60.45.63.26
2014-04-25 09:08:08,www.nyc.gov
2014-04-25 09:08:15,www.nyc.gov
2014-04-25 09:08:18,60.45.63.26
2014-04-25 09:08:21,www.nyc.gov
2014-04-25 09:08:24,60.45.63.26
2014-04-25 09:08:28,60.45.63.26
2014-04-25 09:08:29,60.45.63.26
2014-04-25 09:08:30,drive.google.com
2014-04-25 09:08:31,60.45.63.26
2014-04-25 09:08:37,60.45.63.26
2014-04-25 09:09:29,60.45.63.26
2014-04-25 09:09:39,www.google.com
2014-04-25 09:09:51,safebrowsing.clients.google.com
2014-04-25 09:09:51,safebrowsing-cache.google.com
2014-04-25 09:09:52,safebrowsing-cache.google.com
2014-04-25 09:09:54,www.google.com
2014-04-25 09:09:55,www.cvedetails.com
2014-04-25 09:09:56,www.cvedetails.com
2014-04-25 09:09:56,www.google.com
2014-04-25 09:09:57,clients1.google.com
2014-04-25 09:09:58,www.cvedetails.com
2014-04-25 09:09:58,www.google.com
2014-04-25 09:09:59,www.einet.net
2014-04-25 09:10:00,www.einet.net
2014-04-25 09:10:01,ecx.images-amazon.com
2014-04-25 09:10:11,www.cvedetails.com
2014-04-25 09:10:12,www.cvedetails.com
2014-04-25 09:10:12,www.google.com
2014-04-25 09:10:24,osvdb.org
2014-04-25 09:10:25,osvdb.org
2014-04-25 09:10:31,osvdb.org
2014-04-25 09:10:31,ajax.googleapis.com
2014-04-25 09:10:32,api.recaptcha.net
2014-04-25 09:10:32,ajax.cloudflare.com
2014-04-25 09:10:32,osvdb.org
2014-04-25 09:10:37,opensecurityfoundation.org
2014-04-25 09:10:38,clients1.google.com
2014-04-25 09:11:46,www.google.com
2014-04-25 09:12:04,0.drive.google.com
2014-04-25 09:12:35,clients1.google.com
2014-04-25 09:13:03,www.google.com
2014-04-25 09:13:11,clients1.google.com
2014-04-25 09:13:12,gtglobal-ocsp.geotrust.com
2014-04-25 09:13:33,accounts.google.com
2014-04-25 09:14:17,www.google.com
2014-04-25 09:14:17,www.webworldcam.com
2014-04-25 09:14:18,www.webworldcam.com
2014-04-25 09:14:18,128.101.105.82
2014-04-25 09:14:19,128.101.105.82
2014-04-25 09:14:20,128.101.105.82
2014-04-25 09:14:42,128.101.105.82
2014-04-25 09:14:44,128.101.105.82
2014-04-25 09:15:05,128.101.105.82
2014-04-25 09:15:07,128.101.105.82
2014-04-25 09:15:08,128.101.105.82
2014-04-25 09:15:11,128.101.105.82
2014-04-25 09:15:14,128.101.105.82
2014-04-25 09:15:21,128.101.105.82
2014-04-25 09:15:24,www.google.com
2014-04-25 09:15:28,www.google.com
2014-04-25 09:15:37,www.webcamvue.com
2014-04-25 09:15:38,doug1izaerwt3.cloudfront.net
2014-04-25 09:15:38,www.webcamvue.com
2014-04-25 09:15:38,dnn506yrbagrg.cloudfront.net
2014-04-25 09:15:39,www.facebook.com
2014-04-25 09:15:43,clients1.google.com
2014-04-25 09:16:06,www.google.com
2014-04-25 09:16:07,geo0.ggpht.com
2014-04-25 09:16:07,storage.googleapis.com
2014-04-25 09:16:30,drive.google.com
2014-04-25 09:18:33,www.google.com
2014-04-25 09:18:33,plus.google.com
2014-04-25 09:18:34,clients1.google.com
2014-04-25 09:18:37,www.google.com
2014-04-25 09:19:09,www.google.com
2014-04-25 09:19:21,www.google.com
2014-04-25 09:20:22,www.google.com
2014-04-25 09:21:03,evsecure-ocsp.geotrust.com
2014-04-25 09:21:03,gtextval2-ocsp.geotrust.com
2014-04-25 09:21:05,clients1.google.com
2014-04-25 09:21:06,clients1.google.com
2014-04-25 09:21:06,ocsp.comodoca.com
2014-04-25 09:21:06,www.facebook.com
2014-04-25 09:21:07,ocsp.globalsign.com
2014-04-25 09:21:07,ocsp.usertrust.com
2014-04-25 09:21:07,evsecure-ocsp.geotrust.com
2014-04-25 09:21:07,gtssl-ocsp.geotrust.com
2014-04-25 09:21:07,evssl-ocsp.geotrust.com
2014-04-25 09:21:08,www.facebook.com
2014-04-25 09:21:09,s-static.ak.facebook.com
2014-04-25 09:21:09,www.facebook.com
2014-04-25 09:21:10,www.facebook.com
2014-04-25 09:21:11,www.facebook.com
2014-04-25 09:21:15,www.le-vpn.com
2014-04-25 09:21:18,www.linkedin.com
2014-04-25 09:21:26,www.google.fr
2014-04-25 09:21:27,www.google.fr
2014-04-25 09:21:27,forum.ovh.com
2014-04-25 09:21:28,www.commentcamarche.net
2014-04-25 09:21:29,r.ccmbg.com
2014-04-25 09:21:29,forum.ovh.com
2014-04-25 09:21:29,static.ccm2.net
2014-04-25 09:21:29,ba.commentcamarche.net
2014-04-25 09:21:30,forum.ovh.com
2014-04-25 09:21:30,static.ccm2.net
2014-04-25 09:21:31,style2.ad6.fr
2014-04-25 09:21:31,static.ccm2.net
2014-04-25 09:21:31,platform.twitter.com
2014-04-25 09:21:31,ba.commentcamarche.net
2014-04-25 09:21:31,kh6qrx0f8h.s.ad6media.fr
2014-04-25 09:21:31,www.facebook.com
2014-04-25 09:21:33,img.loccitane.com
2014-04-25 09:21:33,static.ccm2.net
2014-04-25 09:21:34,platform.twitter.com
2014-04-25 09:21:34,static.ccm2.net
2014-04-25 09:21:34,connect.facebook.net
2014-04-25 09:21:34,ba.commentcamarche.net
2014-04-25 09:21:34,www.commentcamarche.net
2014-04-25 09:21:34,www.facebook.com
2014-04-25 09:21:34,ocsp.thawte.com
2014-04-25 09:21:35,static.ccmbg.com
2014-04-25 09:21:35,static.ccm2.net
2014-04-25 09:21:35,ba.commentcamarche.net
2014-04-25 09:21:35,s-static.ak.facebook.com
2014-04-25 09:21:35,static.ak.facebook.com
2014-04-25 09:21:36,www.facebook.com
2014-04-25 09:21:36,kh6qrx0f8h.s.ad6media.fr
2014-04-25 09:21:38,www.commentcamarche.net
2014-04-25 09:21:51,www.iana.org
2014-04-25 09:21:52,www.iana.org
2014-04-25 09:21:53,www.iana.org
2014-04-25 09:21:55,twitter.com
2014-04-25 09:21:55,www.cloudflare.com
2014-04-25 09:21:55,static.ccm2.net
2014-04-25 09:21:59,www.le-vpn.com
2014-04-25 09:22:00,www.le-vpn.com
2014-04-25 09:22:11,smarticon.geotrust.com
2014-04-25 09:22:51,www.google.com
2014-04-25 09:22:53,www.google.com
2014-04-25 09:22:54,gch-cam2.urmc.rochester.edu
2014-04-25 09:22:55,gch-cam2.urmc.rochester.edu
2014-04-25 09:22:56,gch-cam2.urmc.rochester.edu
2014-04-25 09:23:01,connect.facebook.net
2014-04-25 09:23:02,platform.twitter.com
2014-04-25 09:23:04,platform.linkedin.com
2014-04-25 09:23:04,platform.twitter.com
2014-04-25 09:23:26,www.google.com
2014-04-25 09:23:42,www.google.com
2014-04-25 09:23:43,www.google.com
2014-04-25 09:23:56,www.google.com
2014-04-25 09:24:02,maps.google.com
2014-04-25 09:24:04,apis.google.com
2014-04-25 09:24:05,mts1.googleapis.com
2014-04-25 09:24:05,accounts.google.com
2014-04-25 09:24:05,mts0.googleapis.com
2014-04-25 09:24:08,www.google.com
2014-04-25 09:24:11,maps.googleapis.com
2014-04-25 09:24:12,www.google.com
2014-04-25 09:24:13,www.google.com
2014-04-25 09:24:17,203.141.205.180
2014-04-25 09:24:20,203.141.205.180
2014-04-25 09:24:22,www.google.com
2014-04-25 09:24:24,www.google.com
2014-04-25 09:24:24,ajax.googleapis.com
2014-04-25 09:24:26,camera-a1.town.anamizu.ishikawa.jp
2014-04-25 09:24:27,camera-a1.town.anamizu.ishikawa.jp
2014-04-25 09:24:29,ocsp.digicert.com
2014-04-25 09:24:33,ocsp.digicert.com
2014-04-25 09:24:40,support.mozilla.org
2014-04-25 09:25:01,www.google.com
2014-04-25 09:25:10,www.google.com
2014-04-25 09:25:30,clients1.google.fr
2014-04-25 09:25:33,www.google.fr
2014-04-25 09:25:57,www.google.com
2014-04-25 09:25:58,www.swissfilm.tv
2014-04-25 09:27:08,www.bbox.ch
2014-04-25 09:27:20,www.google.com
2014-04-25 09:27:22,210.167.76.204
2014-04-25 09:27:24,210.167.76.204
2014-04-25 09:27:25,210.167.76.204
2014-04-25 09:27:26,210.167.76.204
2014-04-25 09:27:28,210.167.76.204
2014-04-25 09:27:31,210.167.76.204
2014-04-25 09:27:38,210.167.76.204
2014-04-25 09:27:39,210.167.76.204
2014-04-25 09:27:40,210.167.76.204
2014-04-25 09:27:41,210.167.76.204
2014-04-25 09:27:42,210.167.76.204
2014-04-25 09:27:43,210.167.76.204
2014-04-25 09:27:44,210.167.76.204
2014-04-25 09:27:45,210.167.76.204
2014-04-25 09:27:57,210.167.76.204
2014-04-25 09:27:57,clients1.google.com
2014-04-25 09:27:57,plus.google.com
2014-04-25 09:27:58,www.google.com
2014-04-25 09:27:59,www.google.com
2014-04-25 09:28:30,drive.google.com
2014-04-25 09:28:44,www.google.com
2014-04-25 09:28:47,www.google.com
2014-04-25 09:28:48,206.128.127.131
2014-04-25 09:28:49,206.128.127.131
2014-04-25 09:28:51,206.128.127.131
2014-04-25 09:28:53,www.google.com
2014-04-25 09:28:55,www.google.com
2014-04-25 09:28:56,202.183.63.208
2014-04-25 09:28:57,202.183.63.208
2014-04-25 09:28:58,202.183.63.208
2014-04-25 09:28:59,202.183.63.208
2014-04-25 09:29:00,202.183.63.208
2014-04-25 09:29:01,202.183.63.208
2014-04-25 09:29:04,202.183.63.208
2014-04-25 09:29:05,202.183.63.208
2014-04-25 09:29:09,202.183.63.208
2014-04-25 09:29:10,202.183.63.208
2014-04-25 09:29:11,202.183.63.208
2014-04-25 09:29:12,202.183.63.208
2014-04-25 09:29:13,202.183.63.208
2014-04-25 09:29:14,202.183.63.208
2014-04-25 09:29:15,202.183.63.208
2014-04-25 09:29:16,202.183.63.208
2014-04-25 09:29:16,202.183.54.12
2014-04-25 09:29:17,202.183.63.213
2014-04-25 09:29:21,202.183.63.208
2014-04-25 09:29:21,202.183.54.12
2014-04-25 09:29:22,202.183.63.213
2014-04-25 09:29:24,202.183.54.12
2014-04-25 09:29:26,202.183.63.208
2014-04-25 09:29:27,202.183.63.213
2014-04-25 09:29:28,202.183.54.12
2014-04-25 09:29:29,202.183.54.12
2014-04-25 09:29:30,202.183.63.208
2014-04-25 09:29:31,202.183.63.213
2014-04-25 09:29:32,202.183.54.12
2014-04-25 09:29:35,202.183.63.208
2014-04-25 09:29:36,202.183.54.12
2014-04-25 09:29:36,202.183.63.213
2014-04-25 09:29:39,202.183.54.12
2014-04-25 09:29:40,202.183.63.208
2014-04-25 09:29:41,202.183.63.213
2014-04-25 09:29:44,202.183.54.12
2014-04-25 09:29:44,202.183.63.208
2014-04-25 09:29:46,202.183.63.213
2014-04-25 09:29:49,202.183.54.12
2014-04-25 09:29:49,202.183.63.208
2014-04-25 09:29:51,202.183.63.213
2014-04-25 09:29:53,202.183.63.208
2014-04-25 09:29:54,202.183.54.12
2014-04-25 09:29:55,202.183.63.213
2014-04-25 09:29:59,www.google.com
2014-04-25 09:29:59,www.xmarks.com
2014-04-25 09:30:00,thumbs.xmarks.com
2014-04-25 09:30:00,platform.twitter.com
2014-04-25 09:30:00,static.xmarks.com
2014-04-25 09:30:00,www.xmarks.com
2014-04-25 09:30:01,thumbs.xmarks.com
2014-04-25 09:30:01,www.xmarks.com
2014-04-25 09:30:01,www.google.com
2014-04-25 09:30:01,static.xmarks.com
2014-04-25 09:30:02,platform.twitter.com
2014-04-25 09:30:02,www.google.com
2014-04-25 09:30:02,i4.ytimg.com
2014-04-25 09:30:04,www.google.com
2014-04-25 09:30:04,115.30.191.21
2014-04-25 09:30:05,www.google.com
2014-04-25 09:30:05,115.30.191.21
2014-04-25 09:30:06,2ch-b.ru
2014-04-25 09:30:06,115.30.191.21
2014-04-25 09:30:07,www.rt-ns.ru
2014-04-25 09:30:07,2ch-b.ru
2014-04-25 09:30:07,115.30.191.21
2014-04-25 09:30:08,2ch-b.ru
2014-04-25 09:30:09,115.30.191.21
2014-04-25 09:30:10,115.30.191.21
2014-04-25 09:30:12,onlinecamgirls.ru
2014-04-25 09:30:12,rt-sign.ru
2014-04-25 09:30:12,hotbonga.ru
2014-04-25 09:30:13,bongacams.com
2014-04-25 09:30:13,bongacash.com
2014-04-25 09:30:13,runetki.com
2014-04-25 09:30:13,115.30.191.21
2014-04-25 09:30:13,nl.bongacams.com
2014-04-25 09:30:15,115.30.191.21
2014-04-25 09:30:20,115.30.191.21
2014-04-25 09:30:32,twitter.com
2014-04-25 09:30:34,www.google.com
2014-04-25 09:30:35,203.112.63.12
2014-04-25 09:30:36,www.google.com
2014-04-25 09:30:36,203.112.63.12
2014-04-25 09:30:37,203.112.63.12
2014-04-25 09:30:38,203.112.63.12
2014-04-25 09:30:41,203.112.63.12
2014-04-25 09:30:44,203.112.63.12
2014-04-25 09:30:45,203.112.63.12
2014-04-25 09:30:46,203.112.63.12
2014-04-25 09:30:47,203.112.63.12
2014-04-25 09:30:48,203.112.63.12
2014-04-25 09:30:49,203.112.63.12
2014-04-25 09:30:55,203.112.63.12
2014-04-25 09:31:02,203.112.63.12
2014-04-25 09:31:08,203.112.63.12
2014-04-25 09:31:14,203.112.63.12
2014-04-25 09:31:15,203.112.63.12
2014-04-25 09:31:16,203.112.63.12
2014-04-25 09:31:19,www.google.com
2014-04-25 09:31:19,203.112.63.12
2014-04-25 09:31:20,67.53.48.2
2014-04-25 09:31:21,67.53.48.2
2014-04-25 09:31:22,67.53.48.2
2014-04-25 09:31:23,67.53.48.2
2014-04-25 09:31:23,www.google.com
2014-04-25 09:31:24,67.53.48.2
2014-04-25 09:31:25,203.112.63.12
2014-04-25 09:31:26,74.50.147.105
2014-04-25 09:31:27,www.google.com
2014-04-25 09:31:27,67.53.48.2
2014-04-25 09:31:29,219.117.218.85
2014-04-25 09:31:31,203.112.63.12
2014-04-25 09:31:31,219.117.218.85
2014-04-25 09:31:32,219.117.218.85
2014-04-25 09:31:33,219.117.218.85
2014-04-25 09:31:34,67.53.48.2
2014-04-25 09:31:35,kishi831.com
2014-04-25 09:31:35,67.53.48.2
2014-04-25 09:31:37,219.117.218.85
2014-04-25 09:31:38,203.112.63.12
2014-04-25 09:31:39,67.53.48.2
2014-04-25 09:31:39,219.117.218.85
2014-04-25 09:31:45,203.112.63.12
2014-04-25 09:31:51,203.112.63.12
2014-04-25 09:31:54,scorpius.jp
2014-04-25 09:31:54,74.50.147.105
2014-04-25 09:31:58,203.112.63.12
2014-04-25 09:32:05,203.112.63.12
2014-04-25 09:32:12,203.112.63.12
2014-04-25 09:32:15,219.117.218.85
2014-04-25 09:32:18,203.112.63.12
2014-04-25 09:32:25,203.112.63.12
2014-04-25 09:32:29,219.117.218.85
2014-04-25 09:32:30,203.112.63.12
2014-04-25 09:32:53,scorpius.jp
2014-04-25 09:33:25,www.google.com
2014-04-25 09:33:27,www.google.com
2014-04-25 09:33:28,www.google.com
2014-04-25 09:33:30,218.47.39.195
2014-04-25 09:33:31,218.47.39.195
2014-04-25 09:33:32,218.47.39.195
2014-04-25 09:33:33,218.47.39.195
2014-04-25 09:33:34,218.47.39.195
2014-04-25 09:33:35,218.47.39.195
2014-04-25 09:33:36,218.47.39.195
2014-04-25 09:33:38,218.47.39.195
2014-04-25 09:33:39,218.47.39.195
2014-04-25 09:33:40,218.47.39.195
2014-04-25 09:33:43,218.47.39.195
2014-04-25 09:34:16,clients1.google.com
2014-04-25 09:34:22,218.47.39.195
2014-04-25 09:34:27,218.47.39.195
2014-04-25 09:34:28,218.47.39.195
2014-04-25 09:34:31,218.47.39.195
2014-04-25 09:34:34,218.47.39.195
2014-04-25 09:34:35,218.47.39.195
2014-04-25 09:34:36,218.47.39.195
2014-04-25 09:34:37,218.47.39.195
2014-04-25 09:34:38,218.47.39.195
2014-04-25 09:34:40,218.47.39.195
2014-04-25 09:34:48,218.47.39.195
2014-04-25 09:34:51,218.47.39.195
2014-04-25 09:34:52,218.47.39.195
2014-04-25 09:34:53,218.47.39.195
2014-04-25 09:34:55,218.47.39.195
2014-04-25 09:34:56,218.47.39.195
2014-04-25 09:34:57,218.47.39.195
2014-04-25 09:34:58,218.47.39.195
2014-04-25 09:35:06,218.47.39.195
2014-04-25 09:35:07,218.47.39.195
2014-04-25 09:35:12,218.47.39.195
2014-04-25 09:35:16,www.google.com
2014-04-25 09:35:17,210.128.81.133
2014-04-25 09:35:17,www.google.com
2014-04-25 09:35:18,210.128.81.133
2014-04-25 09:35:19,210.128.81.133
2014-04-25 09:35:20,210.128.81.133
2014-04-25 09:35:22,210.128.81.133
2014-04-25 09:35:23,210.128.81.133
2014-04-25 09:35:24,www.wingdewa.com
2014-04-25 09:35:26,210.128.81.133
2014-04-25 09:35:27,www.google.com
2014-04-25 09:35:29,210.128.81.133
2014-04-25 09:35:35,210.128.81.133
2014-04-25 09:35:39,210.128.81.133
2014-04-25 09:35:40,210.128.81.133
2014-04-25 09:35:41,210.128.81.133
2014-04-25 09:35:42,210.128.81.133
2014-04-25 09:35:43,210.128.81.133
2014-04-25 09:35:45,210.128.81.133
2014-04-25 09:35:47,210.128.81.133
2014-04-25 09:35:50,210.128.81.133
2014-04-25 09:35:53,scorpius.jp
2014-04-25 09:35:54,210.128.81.133
2014-04-25 09:36:03,clients1.google.fr
2014-04-25 09:36:15,www.google.fr
2014-04-25 09:36:26,80.254.191.189
2014-04-25 09:37:01,80.254.191.189
2014-04-25 09:37:03,www.google.com
2014-04-25 09:37:05,www.google.com
2014-04-25 09:37:07,178.75.164.191
2014-04-25 09:37:07,www.google.com
2014-04-25 09:37:08,178.75.164.191
2014-04-25 09:37:09,178.75.164.191
2014-04-25 09:37:09,www.google.com
2014-04-25 09:37:10,178.75.164.191
2014-04-25 09:37:11,support.cc9.jp
2014-04-25 09:37:12,178.75.164.191
2014-04-25 09:37:14,178.75.164.191
2014-04-25 09:37:18,178.75.164.191
2014-04-25 09:37:22,178.75.164.191
2014-04-25 09:37:27,178.75.164.191
2014-04-25 09:37:31,178.75.164.191
2014-04-25 09:37:35,178.75.164.191
2014-04-25 09:37:39,178.75.164.191
2014-04-25 09:37:43,178.75.164.191
2014-04-25 09:37:48,178.75.164.191
2014-04-25 09:37:52,178.75.164.191
2014-04-25 09:37:56,178.75.164.191
2014-04-25 09:38:00,178.75.164.191
2014-04-25 09:38:04,178.75.164.191
2014-04-25 09:38:07,178.75.164.191
2014-04-25 09:38:08,178.75.164.191
2014-04-25 09:38:09,178.75.164.191
2014-04-25 09:38:19,178.75.164.191
2014-04-25 09:38:20,plus.google.com
2014-04-25 09:38:20,clients1.google.com
2014-04-25 09:38:20,178.75.164.191
2014-04-25 09:38:21,www.google.com
2014-04-25 09:38:23,178.75.164.191
2014-04-25 09:38:24,178.75.164.191
2014-04-25 09:38:25,178.75.164.191
2014-04-25 09:38:26,178.75.164.191
2014-04-25 09:38:27,178.75.164.191
2014-04-25 09:38:30,178.75.164.191
2014-04-25 09:38:31,178.75.164.191
2014-04-25 09:38:33,178.75.164.191
2014-04-25 09:38:34,178.75.164.191
2014-04-25 09:38:36,178.75.164.191
2014-04-25 09:38:44,safebrowsing.clients.google.com
2014-04-25 09:38:44,safebrowsing-cache.google.com
2014-04-25 09:38:45,safebrowsing-cache.google.com
2014-04-25 09:39:04,www.google.com
2014-04-25 09:39:05,www.google.com
2014-04-25 09:39:06,skycam.sebewaing.net
2014-04-25 09:39:06,210.156.129.164
2014-04-25 09:39:07,210.156.129.164
2014-04-25 09:39:07,skycam.sebewaing.net
2014-04-25 09:39:08,210.156.129.164
2014-04-25 09:39:08,skycam.sebewaing.net
2014-04-25 09:39:09,skycam.sebewaing.net
2014-04-25 09:39:09,210.156.129.164
2014-04-25 09:39:10,210.156.129.164
2014-04-25 09:39:11,210.156.129.164
2014-04-25 09:39:12,skycam.sebewaing.net
2014-04-25 09:39:14,210.156.129.164
2014-04-25 09:39:15,210.156.129.164
2014-04-25 09:39:18,210.156.129.164
2014-04-25 09:39:23,210.156.129.164
2014-04-25 09:39:32,210.156.129.164
2014-04-25 09:39:37,210.156.129.164
2014-04-25 09:39:38,210.156.129.164
2014-04-25 09:39:39,210.156.129.164
2014-04-25 09:39:40,210.156.129.164
2014-04-25 09:39:42,210.156.129.164
2014-04-25 09:39:43,skycam.sebewaing.net
2014-04-25 09:39:43,210.156.129.164
2014-04-25 09:39:44,skycam.sebewaing.net
2014-04-25 09:39:45,skycam.sebewaing.net
2014-04-25 09:39:49,skycam.sebewaing.net
2014-04-25 09:39:56,www.google.com
2014-04-25 09:39:58,www.google.com
2014-04-25 09:39:59,116.193.97.222
2014-04-25 09:40:00,www.google.com
2014-04-25 09:40:00,116.193.97.222
2014-04-25 09:40:01,116.193.97.222
2014-04-25 09:40:01,80.254.191.189
2014-04-25 09:40:02,60.33.230.11
2014-04-25 09:40:02,116.193.97.222
2014-04-25 09:40:03,116.193.97.222
2014-04-25 09:40:03,60.33.230.11
2014-04-25 09:40:04,60.33.230.11
2014-04-25 09:40:04,116.193.97.222
2014-04-25 09:40:07,116.193.97.222
2014-04-25 09:40:08,60.33.230.11
2014-04-25 09:40:14,116.193.97.222
2014-04-25 09:40:22,60.33.230.11
2014-04-25 09:40:26,www.google.com
2014-04-25 09:40:27,www.google.com
2014-04-25 09:40:28,59.146.77.13
2014-04-25 09:40:29,59.146.77.13
2014-04-25 09:40:30,59.146.77.13
2014-04-25 09:40:31,59.146.77.13
2014-04-25 09:40:32,59.146.77.13
2014-04-25 09:40:32,www.google.com
2014-04-25 09:40:33,59.146.77.13
2014-04-25 09:40:33,www.google.com
2014-04-25 09:40:34,210.157.212.145
2014-04-25 09:40:35,59.146.77.13
2014-04-25 09:40:35,210.157.212.145
2014-04-25 09:40:36,210.157.212.145
2014-04-25 09:40:36,59.146.77.13
2014-04-25 09:40:37,210.157.212.145
2014-04-25 09:40:38,59.146.77.13
2014-04-25 09:40:38,210.157.212.145
2014-04-25 09:40:41,210.157.212.145
2014-04-25 09:40:42,210.157.212.145
2014-04-25 09:40:45,210.157.212.145
2014-04-25 09:40:51,210.157.212.145
2014-04-25 09:41:02,210.157.212.145
2014-04-25 09:41:12,210.157.212.145
2014-04-25 09:41:22,210.157.212.145
2014-04-25 09:41:33,210.157.212.145
2014-04-25 09:41:43,210.157.212.145
2014-04-25 09:41:54,210.157.212.145
2014-04-25 09:42:05,210.157.212.145
2014-04-25 09:42:15,210.157.212.145
2014-04-25 09:42:25,210.157.212.145
2014-04-25 09:42:36,210.157.212.145
2014-04-25 09:42:46,210.157.212.145
2014-04-25 09:42:56,210.157.212.145
2014-04-25 09:43:07,210.157.212.145
2014-04-25 09:43:12,59.146.77.13
2014-04-25 09:43:16,210.157.212.145
2014-04-25 09:43:24,clients1.google.com
2014-04-25 09:43:25,www.google.com
2014-04-25 09:43:26,210.157.212.145
2014-04-25 09:43:36,210.157.212.145
2014-04-25 09:43:46,210.157.212.145
2014-04-25 09:43:51,www.google.com
2014-04-25 09:43:57,www.google.com
2014-04-25 09:43:59,event2-cam.gyozakan.jp
2014-04-25 09:44:00,event2-cam.gyozakan.jp
2014-04-25 09:44:01,event2-cam.gyozakan.jp
2014-04-25 09:44:02,event2-cam.gyozakan.jp
2014-04-25 09:44:03,event2-cam.gyozakan.jp
2014-04-25 09:44:03,www.gyozakan.jp
2014-04-25 09:44:04,event2-cam.gyozakan.jp
2014-04-25 09:44:07,event2-cam.gyozakan.jp
2014-04-25 09:44:55,event2-cam.gyozakan.jp
2014-04-25 09:44:56,event2-cam.gyozakan.jp
2014-04-25 09:44:57,event2-cam.gyozakan.jp
2014-04-25 09:44:58,event2-cam.gyozakan.jp
2014-04-25 09:45:18,event2-cam.gyozakan.jp
2014-04-25 09:45:19,event2-cam.gyozakan.jp
2014-04-25 09:45:22,event2-cam.gyozakan.jp
2014-04-25 09:45:23,event2-cam.gyozakan.jp
2014-04-25 09:45:24,event2-cam.gyozakan.jp
2014-04-25 09:45:27,event2-cam.gyozakan.jp
2014-04-25 09:45:32,event2-cam.gyozakan.jp
2014-04-25 09:46:35,www.google.com
2014-04-25 09:46:35,clients1.google.com
2014-04-25 09:46:35,0.drive.google.com
2014-04-25 09:46:35,drive.google.com
2014-04-25 09:46:35,plus.google.com
