timestamp,site
2014-02-21 13:35:18,www.bing.com
2014-02-21 13:35:19,www.bing.com
2014-02-21 13:35:20,www.bing.com
2014-02-21 13:35:20,cms.abmr.net
2014-02-21 13:35:28,www.bing.com
2014-02-21 13:35:30,login.live.com
2014-02-21 13:36:08,player.vimeo.com
2014-02-21 13:36:46,office14client.microsoft.com
2014-02-21 13:36:46,office.microsoft.com
2014-02-21 13:36:49,office.microsoft.com
2014-02-21 13:38:04,www.bing.com
2014-02-21 13:38:07,www.bing.com
2014-02-21 13:38:07,www.ncbi.nlm.nih.gov
2014-02-21 13:38:07,static.pubmed.gov
2014-02-21 13:38:08,static.pubmed.gov
2014-02-21 13:38:08,www.ncbi.nlm.nih.gov
2014-02-21 13:38:09,ieonline.microsoft.com
2014-02-21 13:38:09,go.microsoft.com
2014-02-21 13:38:15,login.live.com
2014-02-21 13:38:24,www.ncbi.nlm.nih.gov
2014-02-21 13:38:24,blast.ncbi.nlm.nih.gov
2014-02-21 13:38:25,blast.ncbi.nlm.nih.gov
2014-02-21 13:38:33,blast.ncbi.nlm.nih.gov
2014-02-21 13:38:34,www.ncbi.nlm.nih.gov
2014-02-21 13:38:34,blast.ncbi.nlm.nih.gov
2014-02-21 13:38:35,blast.ncbi.nlm.nih.gov
2014-02-21 13:41:15,blast.ncbi.nlm.nih.gov
2014-02-21 13:42:10,blast.ncbi.nlm.nih.gov
2014-02-21 13:42:11,blast.ncbi.nlm.nih.gov
2014-02-21 13:42:12,blast.ncbi.nlm.nih.gov
2014-02-21 13:42:41,blast.ncbi.nlm.nih.gov
2014-02-21 13:43:12,blast.ncbi.nlm.nih.gov
2014-02-21 13:43:13,blast.ncbi.nlm.nih.gov
2014-02-21 13:43:14,blast.ncbi.nlm.nih.gov
2014-02-21 13:44:18,blast.ncbi.nlm.nih.gov
2014-02-21 13:44:19,blast.ncbi.nlm.nih.gov
2014-02-21 13:44:20,blast.ncbi.nlm.nih.gov
2014-02-21 13:45:37,www.bing.com
2014-02-21 13:45:39,www.bing.com
2014-02-21 13:45:43,www.bing.com
2014-02-21 13:45:48,login.live.com
2014-02-21 13:45:50,login.live.com
2014-02-21 13:45:53,www.bing.com
2014-02-21 13:45:54,www.bing.com
2014-02-21 13:46:04,ssl.bing.com
2014-02-21 13:46:05,www.bing.com
2014-02-21 13:46:06,drive.google.com
2014-02-21 13:46:07,drive.google.com
2014-02-21 13:46:10,drive.google.com
2014-02-21 13:46:10,www.google.com
2014-02-21 13:46:11,www.google.com
2014-02-21 13:46:11,apis.google.com
2014-02-21 13:46:12,www.google.com
2014-02-21 13:46:12,www.google.fr
2014-02-21 13:46:13,accounts.google.com
2014-02-21 13:46:13,drive.google.com
2014-02-21 13:46:20,accounts.google.com
2014-02-21 13:46:25,accounts.youtube.com
2014-02-21 13:46:25,apis.google.com
2014-02-21 13:46:50,apis.google.com
2014-02-21 13:46:58,accounts.google.fr
2014-02-21 13:46:59,www.google.com
2014-02-21 13:47:00,accounts.google.com
2014-02-21 13:47:00,apis.google.com
2014-02-21 13:47:00,accounts.youtube.com
2014-02-21 13:47:00,accounts.google.fr
2014-02-21 13:47:00,drive.google.com
2014-02-21 13:47:01,drive.google.com
2014-02-21 13:47:03,0.drive.google.com
2014-02-21 13:47:05,0.drive.google.com
2014-02-21 13:47:08,docs.google.com
2014-02-21 13:47:08,plus.google.com
2014-02-21 13:47:08,www.google.com
2014-02-21 13:47:08,drive.google.com
2014-02-21 13:47:09,www.google.com
2014-02-21 13:47:09,apis.google.com
2014-02-21 13:47:09,docs.google.com
2014-02-21 13:47:09,drive.google.com
2014-02-21 13:47:09,plus.google.com
2014-02-21 13:47:10,drive.google.com
2014-02-21 13:47:10,docs.google.com
2014-02-21 13:47:11,drive.google.com
2014-02-21 13:47:32,docs.google.com
2014-02-21 13:47:35,apis.google.com
2014-02-21 13:47:36,0.docs.google.com
2014-02-21 13:47:37,0.docs.google.com
2014-02-21 13:47:41,docs.google.com
2014-02-21 13:47:54,blast.ncbi.nlm.nih.gov
2014-02-21 13:47:58,blast.ncbi.nlm.nih.gov
2014-02-21 13:47:59,blast.ncbi.nlm.nih.gov
2014-02-21 13:48:00,www.ncbi.nlm.nih.gov
2014-02-21 13:48:00,blast.ncbi.nlm.nih.gov
2014-02-21 13:48:01,blast.ncbi.nlm.nih.gov
2014-02-21 13:48:02,gg.google.com
2014-02-21 13:48:02,blast.ncbi.nlm.nih.gov
2014-02-21 13:48:03,www.ncbi.nlm.nih.gov
2014-02-21 13:48:03,blast.ncbi.nlm.nih.gov
2014-02-21 13:48:04,blast.ncbi.nlm.nih.gov
2014-02-21 13:49:03,drive.google.com
2014-02-21 13:50:30,blast.ncbi.nlm.nih.gov
2014-02-21 13:50:31,blast.ncbi.nlm.nih.gov
2014-02-21 13:51:37,apis.google.com
2014-02-21 13:51:40,docs.google.com
2014-02-21 13:52:03,gg.google.com
2014-02-21 13:53:03,drive.google.com
2014-02-21 13:55:01,blast.ncbi.nlm.nih.gov
2014-02-21 13:55:03,blast.ncbi.nlm.nih.gov
2014-02-21 13:57:03,drive.google.com
2014-02-21 13:58:48,blast.ncbi.nlm.nih.gov
2014-02-21 13:58:48,www.ncbi.nlm.nih.gov
2014-02-21 13:58:49,www.ncbi.nlm.nih.gov
2014-02-21 13:58:56,www.ncbi.nlm.nih.gov
2014-02-21 13:58:56,static.pubmed.gov
2014-02-21 13:58:57,static.pubmed.gov
2014-02-21 13:58:57,www.ncbi.nlm.nih.gov
2014-02-21 14:01:03,drive.google.com
2014-02-21 14:01:10,plus.google.com
2014-02-21 14:01:20,plus.google.com
2014-02-21 14:01:40,docs.google.com
2014-02-21 14:04:04,blast.ncbi.nlm.nih.gov
2014-02-21 14:05:51,blast.ncbi.nlm.nih.gov
2014-02-21 14:05:51,www.ncbi.nlm.nih.gov
2014-02-21 14:05:52,www.ncbi.nlm.nih.gov
2014-02-21 14:05:53,static.pubmed.gov
2014-02-21 14:05:53,www.ncbi.nlm.nih.gov
2014-02-21 14:05:54,static.pubmed.gov
2014-02-21 14:06:41,www.ncbi.nlm.nih.gov
2014-02-21 14:06:44,www.ncbi.nlm.nih.gov
2014-02-21 14:06:48,blast.ncbi.nlm.nih.gov
2014-02-21 14:07:03,drive.google.com
2014-02-21 14:11:20,plus.google.com
2014-02-21 14:13:46,www.ncbi.nlm.nih.gov
2014-02-21 14:13:46,blast.ncbi.nlm.nih.gov
2014-02-21 14:13:47,static.pubmed.gov
2014-02-21 14:13:47,www.ncbi.nlm.nih.gov
2014-02-21 14:13:48,www.ncbi.nlm.nih.gov
2014-02-21 14:13:49,www.ncbi.nlm.nih.gov
2014-02-21 14:13:50,www.ncbi.nlm.nih.gov
2014-02-21 14:13:51,www.ncbi.nlm.nih.gov
2014-02-21 14:13:52,www.ncbi.nlm.nih.gov
2014-02-21 14:13:55,www.ncbi.nlm.nih.gov
2014-02-21 14:14:19,blast.ncbi.nlm.nih.gov
2014-02-21 14:14:19,www.ncbi.nlm.nih.gov
2014-02-21 14:14:21,www.ncbi.nlm.nih.gov
2014-02-21 14:14:29,www.ncbi.nlm.nih.gov
2014-02-21 14:14:53,blast.ncbi.nlm.nih.gov
2014-02-21 14:14:54,www.ncbi.nlm.nih.gov
2014-02-21 14:15:03,drive.google.com
2014-02-21 14:15:03,static.pubmed.gov
2014-02-21 14:21:20,plus.google.com
2014-02-21 14:27:04,drive.google.com
2014-02-21 14:31:21,plus.google.com
2014-02-21 14:34:47,blast.ncbi.nlm.nih.gov
2014-02-21 14:34:52,blast.ncbi.nlm.nih.gov
2014-02-21 14:34:53,blast.ncbi.nlm.nih.gov
2014-02-21 14:34:56,blast.ncbi.nlm.nih.gov
2014-02-21 14:34:57,blast.ncbi.nlm.nih.gov
2014-02-21 14:35:23,blast.ncbi.nlm.nih.gov
2014-02-21 14:35:28,blast.ncbi.nlm.nih.gov
2014-02-21 14:35:29,blast.ncbi.nlm.nih.gov
2014-02-21 14:35:31,www.ncbi.nlm.nih.gov
2014-02-21 14:35:32,blast.ncbi.nlm.nih.gov
2014-02-21 14:35:34,www.ncbi.nlm.nih.gov
2014-02-21 14:35:35,blast.ncbi.nlm.nih.gov
2014-02-21 14:35:37,www.ncbi.nlm.nih.gov
2014-02-21 14:35:37,blast.ncbi.nlm.nih.gov
2014-02-21 14:35:39,www.ncbi.nlm.nih.gov
2014-02-21 14:35:40,blast.ncbi.nlm.nih.gov
2014-02-21 14:35:42,www.ncbi.nlm.nih.gov
2014-02-21 14:35:43,blast.ncbi.nlm.nih.gov
2014-02-21 14:35:45,www.ncbi.nlm.nih.gov
2014-02-21 14:35:45,blast.ncbi.nlm.nih.gov
2014-02-21 14:35:49,www.ncbi.nlm.nih.gov
2014-02-21 14:35:50,blast.ncbi.nlm.nih.gov
2014-02-21 14:35:51,blast.ncbi.nlm.nih.gov
2014-02-21 14:35:52,blast.ncbi.nlm.nih.gov
2014-02-21 14:35:54,www.ncbi.nlm.nih.gov
2014-02-21 14:35:54,blast.ncbi.nlm.nih.gov
2014-02-21 14:35:55,blast.ncbi.nlm.nih.gov
2014-02-21 14:36:33,blast.ncbi.nlm.nih.gov
2014-02-21 14:39:11,docs.google.com
2014-02-21 14:41:03,drive.google.com
2014-02-21 14:41:21,plus.google.com
2014-02-21 14:42:46,blast.ncbi.nlm.nih.gov
2014-02-21 14:42:48,static.pubmed.gov
2014-02-21 14:42:48,www.ncbi.nlm.nih.gov
2014-02-21 14:42:49,www.ncbi.nlm.nih.gov
2014-02-21 14:43:15,www.ncbi.nlm.nih.gov
2014-02-21 14:43:16,www.ncbi.nlm.nih.gov
2014-02-21 14:43:17,www.ncbi.nlm.nih.gov
2014-02-21 14:43:18,www.ncbi.nlm.nih.gov
2014-02-21 14:43:19,www.ncbi.nlm.nih.gov
2014-02-21 14:44:33,blast.ncbi.nlm.nih.gov
2014-02-21 14:44:38,blast.ncbi.nlm.nih.gov
2014-02-21 14:44:39,blast.ncbi.nlm.nih.gov
2014-02-21 14:44:40,www.ncbi.nlm.nih.gov
2014-02-21 14:44:41,blast.ncbi.nlm.nih.gov
2014-02-21 14:44:42,blast.ncbi.nlm.nih.gov
2014-02-21 14:44:48,www.ncbi.nlm.nih.gov
2014-02-21 14:44:49,blast.ncbi.nlm.nih.gov
2014-02-21 14:44:50,www.ncbi.nlm.nih.gov
2014-02-21 14:45:04,drive.google.com
2014-02-21 14:48:26,0.drive.google.com
2014-02-21 14:49:11,0.docs.google.com
2014-02-21 14:49:14,docs.google.com
2014-02-21 14:51:21,plus.google.com
2014-02-21 15:01:21,plus.google.com
2014-02-21 15:02:57,blast.ncbi.nlm.nih.gov
2014-02-21 15:02:58,blast.ncbi.nlm.nih.gov
2014-02-21 15:03:04,blast.ncbi.nlm.nih.gov
2014-02-21 15:03:05,blast.ncbi.nlm.nih.gov
2014-02-21 15:03:41,blast.ncbi.nlm.nih.gov
2014-02-21 15:03:46,blast.ncbi.nlm.nih.gov
2014-02-21 15:03:48,blast.ncbi.nlm.nih.gov
2014-02-21 15:03:50,www.ncbi.nlm.nih.gov
2014-02-21 15:03:51,blast.ncbi.nlm.nih.gov
2014-02-21 15:03:53,www.ncbi.nlm.nih.gov
2014-02-21 15:03:53,blast.ncbi.nlm.nih.gov
2014-02-21 15:03:55,www.ncbi.nlm.nih.gov
2014-02-21 15:03:56,blast.ncbi.nlm.nih.gov
2014-02-21 15:03:58,www.ncbi.nlm.nih.gov
2014-02-21 15:03:59,blast.ncbi.nlm.nih.gov
2014-02-21 15:04:01,www.ncbi.nlm.nih.gov
2014-02-21 15:04:02,blast.ncbi.nlm.nih.gov
2014-02-21 15:04:03,blast.ncbi.nlm.nih.gov
2014-02-21 15:04:04,www.ncbi.nlm.nih.gov
2014-02-21 15:04:05,blast.ncbi.nlm.nih.gov
2014-02-21 15:04:29,blast.ncbi.nlm.nih.gov
2014-02-21 15:04:30,blast.ncbi.nlm.nih.gov
2014-02-21 15:04:31,blast.ncbi.nlm.nih.gov
2014-02-21 15:05:03,blast.ncbi.nlm.nih.gov
2014-02-21 15:05:04,blast.ncbi.nlm.nih.gov
2014-02-21 15:05:05,blast.ncbi.nlm.nih.gov
2014-02-21 15:05:10,blast.ncbi.nlm.nih.gov
2014-02-21 15:05:51,www.bing.com
2014-02-21 15:05:53,www.bing.com
2014-02-21 15:05:53,www.ncbi.nlm.nih.gov
2014-02-21 15:05:54,www.ncbi.nlm.nih.gov
2014-02-21 15:05:59,www.ncbi.nlm.nih.gov
2014-02-21 15:05:59,blast.ncbi.nlm.nih.gov
2014-02-21 15:06:00,blast.ncbi.nlm.nih.gov
2014-02-21 15:06:02,login.live.com
2014-02-21 15:06:04,blast.ncbi.nlm.nih.gov
2014-02-21 15:06:05,blast.ncbi.nlm.nih.gov
2014-02-21 15:06:21,blast.ncbi.nlm.nih.gov
2014-02-21 15:06:25,blast.ncbi.nlm.nih.gov
2014-02-21 15:06:27,blast.ncbi.nlm.nih.gov
2014-02-21 15:06:28,blast.ncbi.nlm.nih.gov
2014-02-21 15:06:29,blast.ncbi.nlm.nih.gov
2014-02-21 15:06:29,www.ncbi.nlm.nih.gov
2014-02-21 15:06:30,blast.ncbi.nlm.nih.gov
2014-02-21 15:06:31,blast.ncbi.nlm.nih.gov
2014-02-21 15:06:32,blast.ncbi.nlm.nih.gov
2014-02-21 15:07:25,docs.google.com
2014-02-21 15:08:29,blast.ncbi.nlm.nih.gov
2014-02-21 15:08:30,blast.ncbi.nlm.nih.gov
2014-02-21 15:08:32,blast.ncbi.nlm.nih.gov
2014-02-21 15:08:33,blast.ncbi.nlm.nih.gov
2014-02-21 15:08:34,blast.ncbi.nlm.nih.gov
2014-02-21 15:08:41,blast.ncbi.nlm.nih.gov
2014-02-21 15:08:46,blast.ncbi.nlm.nih.gov
2014-02-21 15:08:47,blast.ncbi.nlm.nih.gov
2014-02-21 15:08:49,www.ncbi.nlm.nih.gov
2014-02-21 15:08:50,blast.ncbi.nlm.nih.gov
2014-02-21 15:08:52,www.ncbi.nlm.nih.gov
2014-02-21 15:08:53,blast.ncbi.nlm.nih.gov
2014-02-21 15:08:55,blast.ncbi.nlm.nih.gov
2014-02-21 15:08:55,www.ncbi.nlm.nih.gov
2014-02-21 15:08:57,www.ncbi.nlm.nih.gov
2014-02-21 15:08:58,blast.ncbi.nlm.nih.gov
2014-02-21 15:09:00,www.ncbi.nlm.nih.gov
2014-02-21 15:09:01,blast.ncbi.nlm.nih.gov
2014-02-21 15:09:03,drive.google.com
2014-02-21 15:09:03,www.ncbi.nlm.nih.gov
2014-02-21 15:09:03,blast.ncbi.nlm.nih.gov
2014-02-21 15:09:06,www.ncbi.nlm.nih.gov
2014-02-21 15:09:08,blast.ncbi.nlm.nih.gov
2014-02-21 15:09:10,blast.ncbi.nlm.nih.gov
2014-02-21 15:09:11,blast.ncbi.nlm.nih.gov
2014-02-21 15:09:11,www.ncbi.nlm.nih.gov
2014-02-21 15:09:12,blast.ncbi.nlm.nih.gov
2014-02-21 15:09:32,blast.ncbi.nlm.nih.gov
2014-02-21 15:09:40,blast.ncbi.nlm.nih.gov
2014-02-21 15:11:22,plus.google.com
2014-02-21 15:13:04,drive.google.com
2014-02-21 15:15:15,docs.google.com
2014-02-21 15:15:23,docs.google.com
2014-02-21 15:15:24,drive.google.com
2014-02-21 15:15:27,1.drive.google.com
2014-02-21 15:15:28,1.drive.google.com
2014-02-21 15:15:30,drive.google.com
2014-02-21 15:15:35,drive.google.com
2014-02-21 15:15:42,www.google.com
2014-02-21 15:15:42,docs.google.com
2014-02-21 15:15:42,plus.google.com
2014-02-21 15:15:42,clients2.google.com
2014-02-21 15:15:44,clients2.google.com
2014-02-21 15:16:24,0.docs.google.com
2014-02-21 15:16:24,drive.google.com
2014-02-21 15:16:24,www.ncbi.nlm.nih.gov
2014-02-21 15:16:24,blast.ncbi.nlm.nih.gov
2014-02-21 15:16:24,docs.google.com
2014-02-21 15:16:25,1.drive.google.com
2014-02-21 15:16:25,0.drive.google.com
2014-02-21 15:16:25,docs.google.com
2014-02-21 15:16:25,plus.google.com
2014-02-21 15:16:25,www.google.com
2014-02-25 08:09:50,armmf.adobe.com
2014-02-25 08:09:52,armmf.adobe.com
2014-02-25 08:09:53,armmf.adobe.com
2014-02-25 08:09:54,go.microsoft.com
2014-02-25 08:09:55,www.iegallery.com
2014-02-25 08:09:55,armmf.adobe.com
2014-02-25 08:09:56,www.iegallery.com
2014-02-25 08:09:57,www.iegallery.com
2014-02-25 08:10:00,api.bing.com
2014-02-25 08:10:01,api.bing.com
2014-02-25 08:10:02,www.bing.com
2014-02-25 08:10:03,www.bing.com
2014-02-25 08:10:04,login.live.com
2014-02-25 08:10:04,www.bing.com
2014-02-25 08:10:15,player.vimeo.com
2014-02-25 08:12:20,api.bing.com
2014-02-25 08:12:21,api.bing.com
2014-02-25 08:12:22,api.bing.com
2014-02-25 08:12:25,www.bing.com
2014-02-25 08:12:28,www.bing.com
2014-02-25 08:12:28,cms.abmr.net
2014-02-25 08:12:28,login.live.com
2014-02-25 08:12:29,www.ncbi.nlm.nih.gov
2014-02-25 08:12:29,static.pubmed.gov
2014-02-25 08:12:30,www.ncbi.nlm.nih.gov
2014-02-25 08:12:34,www.ncbi.nlm.nih.gov
2014-02-25 08:12:34,blast.ncbi.nlm.nih.gov
2014-02-25 08:12:35,blast.ncbi.nlm.nih.gov
2014-02-25 08:15:33,api.bing.com
2014-02-25 08:15:34,api.bing.com
2014-02-25 08:15:35,api.bing.com
2014-02-25 08:15:36,api.bing.com
2014-02-25 08:15:37,www.bing.com
2014-02-25 08:15:37,api.bing.com
2014-02-25 08:15:38,www.bing.com
2014-02-25 08:15:40,www.bing.com
2014-02-25 08:15:40,login.live.com
2014-02-25 08:15:40,drive.google.com
2014-02-25 08:15:40,www.google.com
2014-02-25 08:15:41,www.google.com
2014-02-25 08:15:41,drive.google.com
2014-02-25 08:15:41,apis.google.com
2014-02-25 08:15:42,accounts.google.com
2014-02-25 08:15:42,apis.google.com
2014-02-25 08:15:43,accounts.google.com
2014-02-25 08:15:43,www.google.fr
2014-02-25 08:15:43,www.google.com
2014-02-25 08:15:44,accounts.google.com
2014-02-25 08:15:44,drive.google.com
2014-02-25 08:15:44,www.google.com
2014-02-25 08:15:46,accounts.google.com
2014-02-25 08:15:46,accounts.youtube.com
2014-02-25 08:16:18,accounts.google.fr
2014-02-25 08:16:19,accounts.google.com
2014-02-25 08:16:19,accounts.youtube.com
2014-02-25 08:16:19,accounts.google.fr
2014-02-25 08:16:19,drive.google.com
2014-02-25 08:16:19,apis.google.com
2014-02-25 08:16:20,apis.google.com
2014-02-25 08:16:20,drive.google.com
2014-02-25 08:16:21,drive.google.com
2014-02-25 08:16:21,0.drive.google.com
2014-02-25 08:16:22,drive.google.com
2014-02-25 08:16:25,www.google.com
2014-02-25 08:16:25,drive.google.com
2014-02-25 08:16:26,docs.google.com
2014-02-25 08:16:27,drive.google.com
2014-02-25 08:16:28,docs.google.com
2014-02-25 08:16:28,plus.google.com
2014-02-25 08:16:29,drive.google.com
2014-02-25 08:16:29,plus.google.com
2014-02-25 08:16:29,apis.google.com
2014-02-25 08:16:42,drive.google.com
2014-02-25 08:16:44,drive.google.com
2014-02-25 08:16:47,accounts.google.com
2014-02-25 08:17:20,drive.google.com
2014-02-25 08:17:20,gg.google.com
2014-02-25 08:17:22,drive.google.com
2014-02-25 08:17:32,gg.google.com
2014-02-25 08:17:37,drive.google.com
2014-02-25 08:18:18,drive.google.com
2014-02-25 08:18:23,www.bing.com
2014-02-25 08:18:25,drive.google.com
2014-02-25 08:18:25,login.live.com
2014-02-25 08:18:26,ssl.bing.com
2014-02-25 08:18:26,drive.google.com
2014-02-25 08:18:26,www.bing.com
2014-02-25 08:18:26,www.google.com
2014-02-25 08:18:27,www.google.com
2014-02-25 08:18:28,www.google.com
2014-02-25 08:18:28,apis.google.com
2014-02-25 08:18:29,apis.google.com
2014-02-25 08:18:29,drive.google.com
2014-02-25 08:18:31,1.drive.google.com
2014-02-25 08:18:31,drive.google.com
2014-02-25 08:18:36,docs.google.com
2014-02-25 08:18:36,drive.google.com
2014-02-25 08:18:36,www.google.com
2014-02-25 08:18:40,docs.google.com
2014-02-25 08:18:45,plus.google.com
2014-02-25 08:18:51,drive.google.com
2014-02-25 08:19:01,drive.google.com
2014-02-25 08:19:16,drive.google.com
2014-02-25 08:19:21,drive.google.com
2014-02-25 08:19:21,apis.google.com
2014-02-25 08:19:21,plus.google.com
2014-02-25 08:19:22,apis.google.com
2014-02-25 08:19:22,plus.google.com
2014-02-25 08:19:22,docs.google.com
2014-02-25 08:19:23,accounts.google.com
2014-02-25 08:19:23,www.google.com
2014-02-25 08:19:32,drive.google.com
2014-02-25 08:19:53,drive.google.com
2014-02-25 08:20:08,drive.google.com
2014-02-25 08:21:10,drive.google.com
2014-02-25 08:21:18,accounts.google.com
2014-02-25 08:21:18,docs.google.com
2014-02-25 08:21:18,drive.google.com
2014-02-25 08:21:19,gg.google.com
2014-02-25 08:21:20,drive.google.com
2014-02-25 08:22:13,drive.google.com
2014-02-25 08:22:25,blast.ncbi.nlm.nih.gov
2014-02-25 08:22:26,blast.ncbi.nlm.nih.gov
2014-02-25 08:22:26,www.ncbi.nlm.nih.gov
2014-02-25 08:22:27,www.ncbi.nlm.nih.gov
2014-02-25 08:22:27,blast.ncbi.nlm.nih.gov
2014-02-25 08:22:42,drive.google.com
2014-02-25 08:22:45,blast.ncbi.nlm.nih.gov
2014-02-25 08:22:46,blast.ncbi.nlm.nih.gov
2014-02-25 08:22:47,0.drive.google.com
2014-02-25 08:22:47,blast.ncbi.nlm.nih.gov
2014-02-25 08:23:02,drive.google.com
2014-02-25 08:23:02,www.bing.com
2014-02-25 08:23:03,drive.google.com
2014-02-25 08:23:03,www.bing.com
2014-02-25 08:23:04,drive.google.com
2014-02-25 08:23:04,www.bing.com
2014-02-25 08:23:05,apis.google.com
2014-02-25 08:23:05,login.live.com
2014-02-25 08:23:05,www.google.com
2014-02-25 08:23:06,apis.google.com
2014-02-25 08:23:07,www.google.com
2014-02-25 08:23:08,drive.google.com
2014-02-25 08:23:09,2.drive.google.com
2014-02-25 08:23:09,drive.google.com
2014-02-25 08:23:14,www.google.com
2014-02-25 08:23:14,docs.google.com
2014-02-25 08:23:14,drive.google.com
2014-02-25 08:23:20,drive.google.com
2014-02-25 08:23:20,blast.ncbi.nlm.nih.gov
2014-02-25 08:23:20,docs.google.com
2014-02-25 08:23:21,docs.google.com
2014-02-25 08:23:21,plus.google.com
2014-02-25 08:23:21,drive.google.com
2014-02-25 08:23:21,2.drive.google.com
2014-02-25 08:23:21,1.drive.google.com
2014-02-25 08:23:44,www.google.com
2014-02-25 08:23:45,apis.google.com
2014-02-25 08:23:45,www.google.com
2014-02-25 08:23:45,accounts.google.com
2014-02-25 08:23:50,api.bing.com
2014-02-25 08:23:51,api.bing.com
2014-02-25 08:23:52,www.bing.com
2014-02-25 08:23:53,www.bing.com
2014-02-25 08:23:54,www.bing.com
2014-02-25 08:23:54,accounts.google.com
2014-02-25 08:23:55,login.live.com
2014-02-25 08:23:55,www.bing.com
2014-02-25 08:23:55,ssl.bing.com
2014-02-25 08:24:03,ssl.bing.com
2014-02-25 08:24:03,www.bing.com
2014-02-25 08:24:08,www.bing.com
2014-02-25 08:24:08,api.bing.com
2014-02-25 08:24:10,www.bing.com
2014-02-25 08:24:10,api.bing.com
2014-02-25 08:24:12,login.live.com
2014-02-25 08:24:12,www.bing.com
2014-02-25 08:24:14,www.ncbi.nlm.nih.gov
2014-02-25 08:24:17,www.ncbi.nlm.nih.gov
2014-02-25 08:24:30,www.ncbi.nlm.nih.gov
2014-02-25 08:24:33,blast.ncbi.nlm.nih.gov
2014-02-25 08:24:33,www.ncbi.nlm.nih.gov
2014-02-25 08:24:34,www.bing.com
2014-02-25 08:24:34,blast.ncbi.nlm.nih.gov
2014-02-25 08:25:44,www.bing.com
2014-02-25 08:25:46,www.bing.com
2014-02-25 08:25:46,login.live.com
2014-02-25 08:25:46,blast.ncbi.nlm.nih.gov
2014-03-27 08:08:34,www.google.com
2014-03-27 08:08:34,clients1.google.com
2014-03-27 08:08:34,gtglobal-ocsp.geotrust.com
2014-03-27 08:08:36,clients1.google.com
2014-03-27 08:08:40,www.google.fr
2014-03-27 08:08:45,annotathon.org
2014-03-27 08:09:07,annotathon.org
2014-03-27 08:09:16,annotathon.org
2014-03-27 08:09:20,annotathon.org
2014-03-27 08:09:21,annotathon.org
2014-03-27 08:09:23,annotathon.org
2014-03-27 08:09:24,annotathon.org
2014-03-27 08:09:24,annotathon.univ-mrs.fr
2014-03-27 08:09:53,annotathon.org
2014-03-27 08:09:54,annotathon.org
2014-03-27 08:10:24,annotathon.org
2014-03-27 08:10:54,annotathon.org
2014-03-27 08:11:18,safebrowsing.clients.google.com
2014-03-27 08:11:18,safebrowsing-cache.google.com
2014-03-27 08:11:18,annotathon.org
2014-03-27 08:11:19,safebrowsing-cache.google.com
2014-03-27 08:11:24,annotathon.org
2014-03-27 08:11:33,apis.google.com
2014-03-27 08:11:34,www.google.com
2014-03-27 08:11:36,www.google.fr
2014-03-27 08:11:48,annotathon.org
2014-03-27 08:11:54,annotathon.org
2014-03-27 08:12:18,annotathon.org
2014-03-27 08:12:24,annotathon.org
2014-03-27 08:12:28,www.google.com
2014-03-27 08:12:31,www.google.fr
2014-03-27 08:12:31,www.ncbi.nlm.nih.gov
2014-03-27 08:12:32,www.ncbi.nlm.nih.gov
2014-03-27 08:12:32,blast.ncbi.nlm.nih.gov
2014-03-27 08:12:35,blast.ncbi.nlm.nih.gov
2014-03-27 08:12:36,blast.ncbi.nlm.nih.gov
2014-03-27 08:12:36,www.ncbi.nlm.nih.gov
2014-03-27 08:12:37,blast.ncbi.nlm.nih.gov
2014-03-27 08:12:48,annotathon.org
2014-03-27 08:12:52,blast.ncbi.nlm.nih.gov
2014-03-27 08:12:54,annotathon.org
2014-03-27 08:12:54,blast.ncbi.nlm.nih.gov
2014-03-27 08:13:00,blast.ncbi.nlm.nih.gov
2014-03-27 08:13:02,blast.ncbi.nlm.nih.gov
2014-03-27 08:13:04,www.ncbi.nlm.nih.gov
2014-03-27 08:13:04,blast.ncbi.nlm.nih.gov
2014-03-27 08:13:07,www.ncbi.nlm.nih.gov
2014-03-27 08:13:08,blast.ncbi.nlm.nih.gov
2014-03-27 08:13:10,blast.ncbi.nlm.nih.gov
2014-03-27 08:13:10,www.ncbi.nlm.nih.gov
2014-03-27 08:13:12,www.ncbi.nlm.nih.gov
2014-03-27 08:13:13,blast.ncbi.nlm.nih.gov
2014-03-27 08:13:15,www.ncbi.nlm.nih.gov
2014-03-27 08:13:16,blast.ncbi.nlm.nih.gov
2014-03-27 08:13:18,annotathon.org
2014-03-27 08:13:18,www.ncbi.nlm.nih.gov
2014-03-27 08:13:18,blast.ncbi.nlm.nih.gov
2014-03-27 08:13:19,www.ncbi.nlm.nih.gov
2014-03-27 08:13:21,blast.ncbi.nlm.nih.gov
2014-03-27 08:13:21,www.ncbi.nlm.nih.gov
2014-03-27 08:13:22,blast.ncbi.nlm.nih.gov
2014-03-27 08:13:24,www.ncbi.nlm.nih.gov
2014-03-27 08:13:24,annotathon.org
2014-03-27 08:13:25,blast.ncbi.nlm.nih.gov
2014-03-27 08:13:29,blast.ncbi.nlm.nih.gov
2014-03-27 08:13:30,blast.ncbi.nlm.nih.gov
2014-03-27 08:13:39,blast.ncbi.nlm.nih.gov
2014-03-27 08:13:44,www.ncbi.nlm.nih.gov
2014-03-27 08:13:45,www.ncbi.nlm.nih.gov
2014-03-27 08:13:48,annotathon.org
2014-03-27 08:13:48,blast.ncbi.nlm.nih.gov
2014-03-27 08:13:49,blast.ncbi.nlm.nih.gov
2014-03-27 08:13:50,blast.ncbi.nlm.nih.gov
2014-03-27 08:13:53,blast.ncbi.nlm.nih.gov
2014-03-27 08:13:54,blast.ncbi.nlm.nih.gov
2014-03-27 08:13:54,annotathon.org
2014-03-27 08:14:13,ocsp.thawte.com
2014-03-27 08:14:14,sb-ssl.google.com
2014-03-27 08:14:18,annotathon.org
2014-03-27 08:14:24,annotathon.org
2014-03-27 08:14:48,annotathon.org
2014-03-27 08:14:54,annotathon.org
2014-03-27 08:15:18,annotathon.org
2014-03-27 08:15:20,blast.ncbi.nlm.nih.gov
2014-03-27 08:15:24,annotathon.org
2014-03-27 08:15:26,www.google.com
2014-03-27 08:15:26,www.google.fr
2014-03-27 08:15:48,annotathon.org
2014-03-27 08:15:53,annotathon.org
2014-03-27 08:15:54,annotathon.org
2014-03-27 08:15:56,annotathon.univ-mrs.fr
2014-03-27 08:15:56,annotathon.org
2014-03-27 08:16:18,annotathon.org
2014-03-27 08:16:24,annotathon.org
2014-03-27 08:16:48,annotathon.org
2014-03-27 08:16:54,annotathon.org
2014-03-27 08:17:18,annotathon.org
2014-03-27 08:17:24,annotathon.org
2014-03-27 08:17:48,annotathon.org
2014-03-27 08:17:54,annotathon.org
2014-03-27 08:18:18,annotathon.org
2014-03-27 08:18:24,annotathon.org
2014-03-27 08:18:48,annotathon.org
2014-03-27 08:18:54,annotathon.org
2014-03-27 08:19:19,annotathon.org
2014-03-27 08:19:25,annotathon.org
2014-03-27 08:19:49,annotathon.org
2014-03-27 08:19:55,annotathon.org
2014-03-27 08:20:19,annotathon.org
2014-03-27 08:20:21,www.phylogeny.fr
2014-03-27 08:20:22,www.phylogeny.fr
2014-03-27 08:20:25,annotathon.org
2014-03-27 08:20:39,annotathon.org
2014-03-27 08:20:40,annotathon.org
2014-03-27 08:20:45,www.phylogeny.fr
2014-03-27 08:20:55,annotathon.org
2014-03-27 08:21:10,annotathon.org
2014-03-27 08:21:25,annotathon.org
2014-03-27 08:21:40,annotathon.org
2014-03-27 08:21:55,annotathon.org
2014-03-27 08:22:10,annotathon.org
2014-03-27 08:22:18,www.phylogeny.fr
2014-03-27 08:22:25,www.phylogeny.fr
2014-03-27 08:22:25,annotathon.org
2014-03-27 08:22:30,www.phylogeny.fr
2014-03-27 08:22:31,www.phylogeny.fr
2014-03-27 08:22:40,annotathon.org
2014-03-27 08:22:55,annotathon.org
2014-03-27 08:22:58,annotathon.org
2014-03-27 08:23:10,annotathon.org
2014-03-27 08:23:25,annotathon.org
2014-03-27 08:23:40,annotathon.org
2014-03-27 08:23:55,annotathon.org
2014-03-27 08:24:10,annotathon.org
2014-03-27 08:24:25,annotathon.org
2014-03-27 08:24:39,annotathon.org
2014-03-27 08:24:55,annotathon.org
2014-03-27 08:25:09,annotathon.org
2014-03-27 08:25:25,annotathon.org
2014-03-27 08:25:39,annotathon.org
2014-03-27 08:25:55,annotathon.org
2014-03-27 08:25:56,annotathon.org
2014-03-27 08:26:09,annotathon.org
2014-03-27 08:26:25,annotathon.org
2014-03-27 08:26:39,annotathon.org
2014-03-27 08:26:55,annotathon.org
2014-03-27 08:27:09,annotathon.org
2014-03-27 08:27:25,annotathon.org
2014-03-27 08:27:39,annotathon.org
2014-03-27 08:27:55,annotathon.org
2014-03-27 08:28:09,annotathon.org
2014-03-27 08:28:25,annotathon.org
2014-03-27 08:28:39,annotathon.org
2014-03-27 08:28:55,annotathon.org
2014-03-27 08:29:09,annotathon.org
2014-03-27 08:29:25,annotathon.org
2014-03-27 08:29:39,annotathon.org
2014-03-27 08:29:55,annotathon.org
2014-03-27 08:30:09,annotathon.org
2014-03-27 08:30:25,annotathon.org
2014-03-27 08:30:39,annotathon.org
2014-03-27 08:30:53,www.phylogeny.fr
2014-03-27 08:30:55,annotathon.org
2014-03-27 08:30:57,www.phylogeny.fr
2014-03-27 08:31:03,www.phylogeny.fr
2014-03-27 08:31:09,annotathon.org
2014-03-27 08:31:25,annotathon.org
2014-03-27 08:31:39,annotathon.org
2014-03-27 08:31:55,annotathon.org
2014-03-27 08:32:09,annotathon.org
2014-03-27 08:32:25,annotathon.org
2014-03-27 08:32:39,annotathon.org
2014-03-27 08:32:55,annotathon.org
2014-03-27 08:33:09,annotathon.org
2014-03-27 08:33:25,annotathon.org
2014-03-27 08:33:39,annotathon.org
2014-03-27 08:33:55,annotathon.org
2014-03-27 08:34:09,annotathon.org
2014-03-27 08:34:25,annotathon.org
2014-03-27 08:34:39,annotathon.org
2014-03-27 08:34:55,annotathon.org
2014-03-27 08:34:58,blast.ncbi.nlm.nih.gov
2014-03-27 08:34:59,www.ncbi.nlm.nih.gov
2014-03-27 08:35:00,blast.ncbi.nlm.nih.gov
2014-03-27 08:35:00,www.ncbi.nlm.nih.gov
2014-03-27 08:35:02,blast.ncbi.nlm.nih.gov
2014-03-27 08:35:02,www.ncbi.nlm.nih.gov
2014-03-27 08:35:03,www.ncbi.nlm.nih.gov
2014-03-27 08:35:04,www.ncbi.nlm.nih.gov
2014-03-27 08:35:04,blast.ncbi.nlm.nih.gov
2014-03-27 08:35:05,www.ncbi.nlm.nih.gov
2014-03-27 08:35:06,www.ncbi.nlm.nih.gov
2014-03-27 08:35:06,static.pubmed.gov
2014-03-27 08:35:07,static.pubmed.gov
2014-03-27 08:35:07,www.ncbi.nlm.nih.gov
2014-03-27 08:35:08,www.ncbi.nlm.nih.gov
2014-03-27 08:35:09,annotathon.org
2014-03-27 08:35:14,blast.ncbi.nlm.nih.gov
2014-03-27 08:35:14,www.ncbi.nlm.nih.gov
2014-03-27 08:35:15,blast.ncbi.nlm.nih.gov
2014-03-27 08:35:15,www.ncbi.nlm.nih.gov
2014-03-27 08:35:16,www.ncbi.nlm.nih.gov
2014-03-27 08:35:17,www.ncbi.nlm.nih.gov
2014-03-27 08:35:18,www.ncbi.nlm.nih.gov
2014-03-27 08:35:19,static.pubmed.gov
2014-03-27 08:35:25,annotathon.org
2014-03-27 08:35:31,www.ncbi.nlm.nih.gov
2014-03-27 08:35:34,www.ncbi.nlm.nih.gov
2014-03-27 08:35:35,www.ncbi.nlm.nih.gov
2014-03-27 08:35:39,annotathon.org
2014-03-27 08:35:55,annotathon.org
2014-03-27 08:35:58,blast.ncbi.nlm.nih.gov
2014-03-27 08:35:59,blast.ncbi.nlm.nih.gov
2014-03-27 08:36:00,blast.ncbi.nlm.nih.gov
2014-03-27 08:36:01,www.ncbi.nlm.nih.gov
2014-03-27 08:36:02,blast.ncbi.nlm.nih.gov
2014-03-27 08:36:03,blast.ncbi.nlm.nih.gov
2014-03-27 08:36:04,blast.ncbi.nlm.nih.gov
2014-03-27 08:36:05,blast.ncbi.nlm.nih.gov
2014-03-27 08:36:06,blast.ncbi.nlm.nih.gov
2014-03-27 08:36:07,blast.ncbi.nlm.nih.gov
2014-03-27 08:36:09,annotathon.org
2014-03-27 08:36:25,annotathon.org
2014-03-27 08:36:33,blast.ncbi.nlm.nih.gov
2014-03-27 08:36:34,blast.ncbi.nlm.nih.gov
2014-03-27 08:36:36,www.ncbi.nlm.nih.gov
2014-03-27 08:36:37,blast.ncbi.nlm.nih.gov
2014-03-27 08:36:38,www.ncbi.nlm.nih.gov
2014-03-27 08:36:39,blast.ncbi.nlm.nih.gov
2014-03-27 08:36:39,annotathon.org
2014-03-27 08:36:42,www.ncbi.nlm.nih.gov
2014-03-27 08:36:42,blast.ncbi.nlm.nih.gov
2014-03-27 08:36:44,blast.ncbi.nlm.nih.gov
2014-03-27 08:36:46,www.ncbi.nlm.nih.gov
2014-03-27 08:36:51,blast.ncbi.nlm.nih.gov
2014-03-27 08:36:53,blast.ncbi.nlm.nih.gov
2014-03-27 08:36:53,www.ncbi.nlm.nih.gov
2014-03-27 08:36:55,blast.ncbi.nlm.nih.gov
2014-03-27 08:36:55,annotathon.org
2014-03-27 08:36:56,blast.ncbi.nlm.nih.gov
2014-03-27 08:36:58,www.ncbi.nlm.nih.gov
2014-03-27 08:36:58,blast.ncbi.nlm.nih.gov
2014-03-27 08:36:59,blast.ncbi.nlm.nih.gov
2014-03-27 08:37:01,www.ncbi.nlm.nih.gov
2014-03-27 08:37:02,blast.ncbi.nlm.nih.gov
2014-03-27 08:37:03,blast.ncbi.nlm.nih.gov
2014-03-27 08:37:04,blast.ncbi.nlm.nih.gov
2014-03-27 08:37:09,annotathon.org
2014-03-27 08:37:25,annotathon.org
2014-03-27 08:37:39,annotathon.org
2014-03-27 08:37:41,blast.ncbi.nlm.nih.gov
2014-03-27 08:37:42,blast.ncbi.nlm.nih.gov
2014-03-27 08:37:43,blast.ncbi.nlm.nih.gov
2014-03-27 08:37:45,blast.ncbi.nlm.nih.gov
2014-03-27 08:37:46,blast.ncbi.nlm.nih.gov
2014-03-27 08:37:55,annotathon.org
2014-03-27 08:37:56,blast.ncbi.nlm.nih.gov
2014-03-27 08:37:58,blast.ncbi.nlm.nih.gov
2014-03-27 08:38:00,www.ncbi.nlm.nih.gov
2014-03-27 08:38:01,blast.ncbi.nlm.nih.gov
2014-03-27 08:38:03,www.ncbi.nlm.nih.gov
2014-03-27 08:38:03,blast.ncbi.nlm.nih.gov
2014-03-27 08:38:05,www.ncbi.nlm.nih.gov
2014-03-27 08:38:06,blast.ncbi.nlm.nih.gov
2014-03-27 08:38:08,www.ncbi.nlm.nih.gov
2014-03-27 08:38:09,blast.ncbi.nlm.nih.gov
2014-03-27 08:38:09,annotathon.org
2014-03-27 08:38:11,blast.ncbi.nlm.nih.gov
2014-03-27 08:38:11,www.ncbi.nlm.nih.gov
2014-03-27 08:38:12,www.ncbi.nlm.nih.gov
2014-03-27 08:38:13,www.ncbi.nlm.nih.gov
2014-03-27 08:38:14,blast.ncbi.nlm.nih.gov
2014-03-27 08:38:17,www.ncbi.nlm.nih.gov
2014-03-27 08:38:19,blast.ncbi.nlm.nih.gov
2014-03-27 08:38:20,www.ncbi.nlm.nih.gov
2014-03-27 08:38:20,static.pubmed.gov
2014-03-27 08:38:21,www.ncbi.nlm.nih.gov
2014-03-27 08:38:22,www.ncbi.nlm.nih.gov
2014-03-27 08:38:23,www.ncbi.nlm.nih.gov
2014-03-27 08:38:24,www.ncbi.nlm.nih.gov
2014-03-27 08:38:25,annotathon.org
2014-03-27 08:38:26,blast.ncbi.nlm.nih.gov
2014-03-27 08:38:28,blast.ncbi.nlm.nih.gov
2014-03-27 08:38:29,blast.ncbi.nlm.nih.gov
2014-03-27 08:38:30,www.ncbi.nlm.nih.gov
2014-03-27 08:38:31,blast.ncbi.nlm.nih.gov
2014-03-27 08:38:40,annotathon.org
2014-03-27 08:38:55,annotathon.org
2014-03-27 08:39:09,annotathon.org
2014-03-27 08:39:25,annotathon.org
2014-03-27 08:39:39,annotathon.org
2014-03-27 08:39:55,annotathon.org
2014-03-27 08:40:09,annotathon.org
2014-03-27 08:40:16,static.pubmed.gov
2014-03-27 08:40:20,www.ncbi.nlm.nih.gov
2014-03-27 08:40:25,www.ncbi.nlm.nih.gov
2014-03-27 08:40:25,annotathon.org
2014-03-27 08:40:26,www.ncbi.nlm.nih.gov
2014-03-27 08:40:39,annotathon.org
2014-03-27 08:40:47,www.ncbi.nlm.nih.gov
2014-03-27 08:40:55,www.ncbi.nlm.nih.gov
2014-03-27 08:40:55,annotathon.org
2014-03-27 08:40:56,www.ncbi.nlm.nih.gov
2014-03-27 08:41:10,annotathon.org
2014-03-27 08:41:25,annotathon.org
2014-03-27 08:41:40,annotathon.org
2014-03-27 08:41:55,annotathon.org
2014-03-27 08:41:57,safebrowsing.clients.google.com
2014-03-27 08:41:57,safebrowsing-cache.google.com
2014-03-27 08:42:10,annotathon.org
2014-03-27 08:42:12,www.ncbi.nlm.nih.gov
2014-03-27 08:42:18,www.ncbi.nlm.nih.gov
2014-03-27 08:42:19,www.ncbi.nlm.nih.gov
2014-03-27 08:42:25,annotathon.org
2014-03-27 08:42:40,annotathon.org
2014-03-27 08:42:55,annotathon.org
2014-03-27 08:43:10,annotathon.org
2014-03-27 08:43:25,annotathon.org
2014-03-27 08:43:37,www.phylogeny.fr
2014-03-27 08:43:40,annotathon.org
2014-03-27 08:43:55,annotathon.org
2014-03-27 08:44:10,annotathon.org
2014-03-27 08:44:25,annotathon.org
2014-03-27 08:44:40,annotathon.org
2014-03-27 08:44:55,annotathon.org
2014-03-27 08:45:10,annotathon.org
2014-03-27 08:45:25,annotathon.org
2014-03-27 08:45:28,www.ncbi.nlm.nih.gov
2014-03-27 08:45:31,www.ncbi.nlm.nih.gov
2014-03-27 08:45:40,annotathon.org
2014-03-27 08:45:55,annotathon.org
2014-03-27 08:46:10,annotathon.org
2014-03-27 08:46:25,annotathon.org
2014-03-27 08:46:40,annotathon.org
2014-03-27 08:46:55,annotathon.org
2014-03-27 08:47:03,www.ncbi.nlm.nih.gov
2014-03-27 08:47:06,www.ncbi.nlm.nih.gov
2014-03-27 08:47:10,annotathon.org
2014-03-27 08:47:25,annotathon.org
2014-03-27 08:47:40,annotathon.org
2014-03-27 08:47:55,annotathon.org
2014-03-27 08:48:10,annotathon.org
2014-03-27 08:48:18,www.ncbi.nlm.nih.gov
2014-03-27 08:48:19,www.ncbi.nlm.nih.gov
2014-03-27 08:48:21,www.ncbi.nlm.nih.gov
2014-03-27 08:48:25,www.ncbi.nlm.nih.gov
2014-03-27 08:48:25,static.pubmed.gov
2014-03-27 08:48:25,annotathon.org
2014-03-27 08:48:40,annotathon.org
2014-03-27 08:48:52,www.ncbi.nlm.nih.gov
2014-03-27 08:48:55,annotathon.org
2014-03-27 08:49:02,www.ncbi.nlm.nih.gov
2014-03-27 08:49:10,annotathon.org
2014-03-27 08:49:18,www.ncbi.nlm.nih.gov
2014-03-27 08:49:19,www.ncbi.nlm.nih.gov
2014-03-27 08:49:20,static.pubmed.gov
2014-03-27 08:49:20,www.ncbi.nlm.nih.gov
2014-03-27 08:49:21,www.ncbi.nlm.nih.gov
2014-03-27 08:49:24,www.ncbi.nlm.nih.gov
2014-03-27 08:49:25,www.ncbi.nlm.nih.gov
2014-03-27 08:49:25,annotathon.org
2014-03-27 08:49:26,www.ncbi.nlm.nih.gov
2014-03-27 08:49:27,www.ncbi.nlm.nih.gov
2014-03-27 08:49:35,www.ncbi.nlm.nih.gov
2014-03-27 08:49:39,www.ncbi.nlm.nih.gov
2014-03-27 08:49:40,annotathon.org
2014-03-27 08:49:41,www.ncbi.nlm.nih.gov
2014-03-27 08:49:42,www.ncbi.nlm.nih.gov
2014-03-27 08:49:55,annotathon.org
2014-03-27 08:50:10,annotathon.org
2014-03-27 08:50:25,annotathon.org
2014-03-27 08:50:31,www.google.fr
2014-03-27 08:50:32,fr.wikipedia.org
2014-03-27 08:50:32,bits.wikimedia.org
2014-03-27 08:50:32,meta.wikimedia.org
2014-03-27 08:50:32,login.wikimedia.org
2014-03-27 08:50:40,annotathon.org
2014-03-27 08:50:55,annotathon.org
2014-03-27 08:51:10,annotathon.org
2014-03-27 08:51:10,www.ncbi.nlm.nih.gov
2014-03-27 08:51:15,www.ncbi.nlm.nih.gov
2014-03-27 08:51:25,annotathon.org
2014-03-27 08:51:40,annotathon.org
2014-03-27 08:51:55,annotathon.org
2014-03-27 08:52:10,annotathon.org
2014-03-27 08:52:25,annotathon.org
2014-03-27 08:52:30,www.ncbi.nlm.nih.gov
2014-03-27 08:52:31,www.ncbi.nlm.nih.gov
2014-03-27 08:52:32,www.ncbi.nlm.nih.gov
2014-03-27 08:52:33,www.ncbi.nlm.nih.gov
2014-03-27 08:52:37,www.ncbi.nlm.nih.gov
2014-03-27 08:52:39,static.pubmed.gov
2014-03-27 08:52:39,www.ncbi.nlm.nih.gov
2014-03-27 08:52:40,annotathon.org
2014-03-27 08:52:40,www.ncbi.nlm.nih.gov
2014-03-27 08:52:55,annotathon.org
2014-03-27 08:53:10,annotathon.org
2014-03-27 08:53:25,annotathon.org
2014-03-27 08:53:25,www.google.com
2014-03-27 08:53:26,www.google.fr
2014-03-27 08:53:29,www.ncbi.nlm.nih.gov
2014-03-27 08:53:34,www.ncbi.nlm.nih.gov
2014-03-27 08:53:40,annotathon.org
2014-03-27 08:53:55,annotathon.org
2014-03-27 08:53:57,www.ncbi.nlm.nih.gov
2014-03-27 08:53:58,www.ncbi.nlm.nih.gov
2014-03-27 08:53:59,www.ncbi.nlm.nih.gov
2014-03-27 08:54:00,www.ncbi.nlm.nih.gov
2014-03-27 08:54:01,www.ncbi.nlm.nih.gov
2014-03-27 08:54:10,annotathon.org
2014-03-27 08:54:25,annotathon.org
2014-03-27 08:54:40,annotathon.org
2014-03-27 08:54:55,annotathon.org
2014-03-27 08:55:10,annotathon.org
2014-03-27 08:55:25,annotathon.org
2014-03-27 08:55:40,annotathon.org
2014-03-27 08:55:41,www.ncbi.nlm.nih.gov
2014-03-27 08:55:47,www.ncbi.nlm.nih.gov
2014-03-27 08:55:48,www.ncbi.nlm.nih.gov
2014-03-27 08:55:55,annotathon.org
2014-03-27 08:56:10,annotathon.org
2014-03-27 08:56:25,annotathon.org
2014-03-27 08:56:35,www.ncbi.nlm.nih.gov
2014-03-27 08:56:36,www.ncbi.nlm.nih.gov
2014-03-27 08:56:37,www.ncbi.nlm.nih.gov
2014-03-27 08:56:38,www.ncbi.nlm.nih.gov
2014-03-27 08:56:40,annotathon.org
2014-03-27 08:56:55,annotathon.org
2014-03-27 08:57:10,annotathon.org
2014-03-27 08:57:25,annotathon.org
2014-03-27 08:57:40,annotathon.org
2014-03-27 08:57:55,annotathon.org
2014-03-27 08:58:10,annotathon.org
2014-03-27 08:58:24,www.ncbi.nlm.nih.gov
2014-03-27 08:58:25,annotathon.org
2014-03-27 08:58:40,annotathon.org
2014-03-27 08:58:43,www.ncbi.nlm.nih.gov
2014-03-27 08:58:47,www.ncbi.nlm.nih.gov
2014-03-27 08:58:50,www.ncbi.nlm.nih.gov
2014-03-27 08:58:51,www.ncbi.nlm.nih.gov
2014-03-27 08:58:55,annotathon.org
2014-03-27 08:59:10,annotathon.org
2014-03-27 08:59:17,www.phylogeny.fr
2014-03-27 08:59:25,annotathon.org
2014-03-27 08:59:40,annotathon.org
2014-03-27 08:59:55,annotathon.org
2014-03-27 09:00:10,annotathon.org
2014-03-27 09:00:25,annotathon.org
2014-03-27 09:00:40,annotathon.org
2014-03-27 09:00:55,annotathon.org
2014-03-27 09:01:10,annotathon.org
2014-03-27 09:01:17,www.phylogeny.fr
2014-03-27 09:01:25,annotathon.org
2014-03-27 09:01:40,annotathon.org
2014-03-27 09:01:55,annotathon.org
2014-03-27 09:01:58,www.phylogeny.fr
2014-03-27 09:02:10,annotathon.org
2014-03-27 09:02:25,annotathon.org
2014-03-27 09:02:40,annotathon.org
2014-03-27 09:02:50,www.phylogeny.fr
2014-03-27 09:02:55,annotathon.org
2014-03-27 09:02:57,www.phylogeny.fr
2014-03-27 09:03:00,www.phylogeny.fr
2014-03-27 09:03:02,www.phylogeny.fr
2014-03-27 09:03:05,www.phylogeny.fr
2014-03-27 09:03:07,www.phylogeny.fr
2014-03-27 09:03:10,www.phylogeny.fr
2014-03-27 09:03:10,annotathon.org
2014-03-27 09:03:12,www.phylogeny.fr
2014-03-27 09:03:15,www.phylogeny.fr
2014-03-27 09:03:17,www.phylogeny.fr
2014-03-27 09:03:20,www.phylogeny.fr
2014-03-27 09:03:22,www.phylogeny.fr
2014-03-27 09:03:25,annotathon.org
2014-03-27 09:03:29,www.phylogeny.fr
2014-03-27 09:03:30,www.phylogeny.fr
2014-03-27 09:03:31,www.phylogeny.fr
2014-03-27 09:03:34,www.phylogeny.fr
2014-03-27 09:03:40,annotathon.org
2014-03-27 09:03:55,annotathon.org
2014-03-27 09:04:10,annotathon.org
2014-03-27 09:04:25,annotathon.org
2014-03-27 09:04:40,annotathon.org
2014-03-27 09:04:55,annotathon.org
2014-03-27 09:05:02,www.phylogeny.fr
2014-03-27 09:05:03,www.phylogeny.fr
2014-03-27 09:05:10,annotathon.org
2014-03-27 09:05:25,annotathon.org
2014-03-27 09:05:40,annotathon.org
2014-03-27 09:05:43,www.phylogeny.fr
2014-03-27 09:05:44,www.phylogeny.fr
2014-03-27 09:05:55,annotathon.org
2014-03-27 09:06:10,annotathon.org
2014-03-27 09:06:19,www.phylogeny.fr
2014-03-27 09:06:25,annotathon.org
2014-03-27 09:06:28,www.phylogeny.fr
2014-03-27 09:06:29,www.phylogeny.fr
2014-03-27 09:06:37,www.phylogeny.fr
2014-03-27 09:06:38,www.phylogeny.fr
2014-03-27 09:06:39,www.phylogeny.fr
2014-03-27 09:06:40,www.phylogeny.fr
2014-03-27 09:06:40,annotathon.org
2014-03-27 09:06:41,www.phylogeny.fr
2014-03-27 09:06:55,annotathon.org
2014-03-27 09:07:10,annotathon.org
2014-03-27 09:07:25,annotathon.org
2014-03-27 09:07:40,annotathon.org
2014-03-27 09:07:55,annotathon.org
2014-03-27 09:08:10,annotathon.org
2014-03-27 09:08:25,annotathon.org
2014-03-27 09:08:40,annotathon.org
2014-03-27 09:08:43,www.phylogeny.fr
2014-03-27 09:08:55,annotathon.org
2014-03-27 09:09:04,www.phylogeny.fr
2014-03-27 09:09:10,annotathon.org
2014-03-27 09:09:11,www.phylogeny.fr
2014-03-27 09:09:25,annotathon.org
2014-03-27 09:09:26,www.phylogeny.fr
2014-03-27 09:09:40,annotathon.org
2014-03-27 09:09:55,annotathon.org
2014-03-27 09:10:10,annotathon.org
2014-03-27 09:10:24,safebrowsing.clients.google.com
2014-03-27 09:10:24,safebrowsing-cache.google.com
2014-03-27 09:10:25,safebrowsing-cache.google.com
2014-03-27 09:10:25,annotathon.org
2014-03-27 09:10:40,annotathon.org
2014-03-27 09:10:55,annotathon.org
2014-03-27 09:11:06,www.ncbi.nlm.nih.gov
2014-03-27 09:11:10,annotathon.org
2014-03-27 09:11:12,www.ncbi.nlm.nih.gov
2014-03-27 09:11:13,www.ncbi.nlm.nih.gov
2014-03-27 09:11:25,annotathon.org
2014-03-27 09:11:40,annotathon.org
2014-03-27 09:11:55,annotathon.org
2014-03-27 09:12:10,annotathon.org
2014-03-27 09:12:20,www.ncbi.nlm.nih.gov
2014-03-27 09:12:21,www.ncbi.nlm.nih.gov
2014-03-27 09:12:22,www.ncbi.nlm.nih.gov
2014-03-27 09:12:23,www.ncbi.nlm.nih.gov
2014-03-27 09:12:24,www.ncbi.nlm.nih.gov
2014-03-27 09:12:25,annotathon.org
2014-03-27 09:12:40,annotathon.org
2014-03-27 09:12:55,annotathon.org
2014-03-27 09:13:07,www.ncbi.nlm.nih.gov
2014-03-27 09:13:08,www.ncbi.nlm.nih.gov
2014-03-27 09:13:10,annotathon.org
2014-03-27 09:13:14,www.ncbi.nlm.nih.gov
2014-03-27 09:13:25,annotathon.org
2014-03-27 09:13:40,annotathon.org
2014-03-27 09:13:55,annotathon.org
2014-03-27 09:13:56,www.ncbi.nlm.nih.gov
2014-03-27 09:13:59,www.ncbi.nlm.nih.gov
2014-03-27 09:14:00,www.ncbi.nlm.nih.gov
2014-03-27 09:14:09,www.ncbi.nlm.nih.gov
2014-03-27 09:14:10,annotathon.org
2014-03-27 09:14:13,www.ncbi.nlm.nih.gov
2014-03-27 09:14:25,annotathon.org
2014-03-27 09:14:40,annotathon.org
2014-03-27 09:14:51,www.ncbi.nlm.nih.gov
2014-03-27 09:14:52,www.ncbi.nlm.nih.gov
2014-03-27 09:14:53,www.ncbi.nlm.nih.gov
2014-03-27 09:14:54,www.ncbi.nlm.nih.gov
2014-03-27 09:14:55,www.ncbi.nlm.nih.gov
2014-03-27 09:14:55,annotathon.org
2014-03-27 09:15:00,www.ncbi.nlm.nih.gov
2014-03-27 09:15:01,static.pubmed.gov
2014-03-27 09:15:01,www.ncbi.nlm.nih.gov
2014-03-27 09:15:02,www.ncbi.nlm.nih.gov
2014-03-27 09:15:06,www.ncbi.nlm.nih.gov
2014-03-27 09:15:07,www.ncbi.nlm.nih.gov
2014-03-27 09:15:08,www.ncbi.nlm.nih.gov
2014-03-27 09:15:09,www.ncbi.nlm.nih.gov
2014-03-27 09:15:10,annotathon.org
2014-03-27 09:15:11,www.ncbi.nlm.nih.gov
2014-03-27 09:15:17,www.ncbi.nlm.nih.gov
2014-03-27 09:15:18,www.ncbi.nlm.nih.gov
2014-03-27 09:15:19,www.ncbi.nlm.nih.gov
2014-03-27 09:15:25,annotathon.org
2014-03-27 09:15:32,www.ncbi.nlm.nih.gov
2014-03-27 09:15:33,www.ncbi.nlm.nih.gov
2014-03-27 09:15:40,annotathon.org
2014-03-27 09:15:46,www.ncbi.nlm.nih.gov
2014-03-27 09:15:51,www.ncbi.nlm.nih.gov
2014-03-27 09:15:55,annotathon.org
2014-03-27 09:16:10,annotathon.org
2014-03-27 09:16:25,annotathon.org
2014-03-27 09:16:40,annotathon.org
2014-03-27 09:16:55,annotathon.org
2014-03-27 09:17:10,annotathon.org
2014-03-27 09:17:20,www.ncbi.nlm.nih.gov
2014-03-27 09:17:22,www.ncbi.nlm.nih.gov
2014-03-27 09:17:23,www.ncbi.nlm.nih.gov
2014-03-27 09:17:24,www.ncbi.nlm.nih.gov
2014-03-27 09:17:25,annotathon.org
2014-03-27 09:17:25,www.ncbi.nlm.nih.gov
2014-03-27 09:17:26,www.ncbi.nlm.nih.gov
2014-03-27 09:17:30,www.ncbi.nlm.nih.gov
2014-03-27 09:17:31,www.ncbi.nlm.nih.gov
2014-03-27 09:17:40,annotathon.org
2014-03-27 09:17:55,annotathon.org
2014-03-27 09:18:05,www.ncbi.nlm.nih.gov
2014-03-27 09:18:10,annotathon.org
2014-03-27 09:18:14,www.ncbi.nlm.nih.gov
2014-03-27 09:18:25,annotathon.org
2014-03-27 09:18:40,annotathon.org
2014-03-27 09:18:55,annotathon.org
2014-03-27 09:18:56,www.ncbi.nlm.nih.gov
2014-03-27 09:18:57,www.ncbi.nlm.nih.gov
2014-03-27 09:18:58,www.ncbi.nlm.nih.gov
2014-03-27 09:18:59,www.ncbi.nlm.nih.gov
2014-03-27 09:19:10,annotathon.org
2014-03-27 09:19:25,annotathon.org
2014-03-27 09:19:35,www.ncbi.nlm.nih.gov
2014-03-27 09:19:40,annotathon.org
2014-03-27 09:19:41,www.ncbi.nlm.nih.gov
2014-03-27 09:19:42,www.ncbi.nlm.nih.gov
2014-03-27 09:19:45,www.ncbi.nlm.nih.gov
2014-03-27 09:19:50,www.ncbi.nlm.nih.gov
2014-03-27 09:19:55,annotathon.org
2014-03-27 09:20:10,annotathon.org
2014-03-27 09:20:25,annotathon.org
2014-03-27 09:20:40,annotathon.org
2014-03-27 09:20:55,annotathon.org
2014-03-27 09:21:10,annotathon.org
2014-03-27 09:21:20,annotathon.org
2014-03-27 09:21:21,annotathon.org
2014-03-27 09:21:22,annotathon.org
2014-03-27 09:21:52,annotathon.org
2014-03-27 09:22:22,annotathon.org
2014-03-27 09:22:34,www.ncbi.nlm.nih.gov
2014-03-27 09:22:35,www.ncbi.nlm.nih.gov
2014-03-27 09:22:36,www.ncbi.nlm.nih.gov
2014-03-27 09:22:37,www.ncbi.nlm.nih.gov
2014-03-27 09:22:38,www.ncbi.nlm.nih.gov
2014-03-27 09:22:52,annotathon.org
2014-03-27 09:23:22,annotathon.org
2014-03-27 09:23:52,annotathon.org
2014-03-27 09:24:22,annotathon.org
2014-03-27 09:24:52,annotathon.org
2014-03-27 09:25:22,annotathon.org
2014-03-27 09:25:52,annotathon.org
2014-03-27 09:26:22,annotathon.org
2014-03-27 09:26:52,annotathon.org
2014-03-27 09:27:22,annotathon.org
2014-03-27 09:27:52,annotathon.org
2014-03-27 09:28:22,annotathon.org
2014-03-27 09:28:52,annotathon.org
2014-03-27 09:29:22,annotathon.org
2014-03-27 09:29:52,annotathon.org
2014-03-27 09:30:22,annotathon.org
2014-03-27 09:30:52,annotathon.org
2014-03-27 09:31:22,annotathon.org
2014-03-27 09:31:52,annotathon.org
2014-03-27 09:32:22,annotathon.org
2014-03-27 09:32:52,annotathon.org
2014-03-27 09:33:22,annotathon.org
2014-03-27 09:33:52,annotathon.org
2014-03-27 09:34:22,annotathon.org
2014-03-27 09:34:52,annotathon.org
2014-03-27 09:34:58,www.ncbi.nlm.nih.gov
2014-03-27 09:35:04,www.ncbi.nlm.nih.gov
2014-03-27 09:35:05,static.pubmed.gov
2014-03-27 09:35:05,www.ncbi.nlm.nih.gov
2014-03-27 09:35:06,www.ncbi.nlm.nih.gov
2014-03-27 09:35:22,annotathon.org
2014-03-27 09:35:52,annotathon.org
2014-03-27 09:36:22,annotathon.org
2014-03-27 09:36:52,annotathon.org
2014-03-27 09:37:22,annotathon.org
2014-03-27 09:37:52,annotathon.org
2014-03-27 09:38:22,annotathon.org
2014-03-27 09:38:31,annotathon.org
2014-03-27 09:38:39,www.phylogeny.fr
2014-03-27 09:38:42,www.phylogeny.fr
2014-03-27 09:38:47,www.phylogeny.fr
2014-03-27 09:38:52,annotathon.org
2014-03-27 09:39:02,www.phylogeny.fr
2014-03-27 09:39:08,www.phylogeny.fr
2014-03-27 09:39:22,annotathon.org
2014-03-27 09:39:41,www.phylogeny.fr
2014-03-27 09:39:47,www.phylogeny.fr
2014-03-27 09:39:48,www.phylogeny.fr
2014-03-27 09:39:51,www.phylogeny.fr
2014-03-27 09:39:52,annotathon.org
2014-03-27 09:39:53,www.phylogeny.fr
2014-03-27 09:39:56,www.phylogeny.fr
2014-03-27 09:39:59,safebrowsing-cache.google.com
2014-03-27 09:39:59,safebrowsing.clients.google.com
2014-03-27 09:40:07,www.phylogeny.fr
2014-03-27 09:40:08,www.phylogeny.fr
2014-03-27 09:40:09,www.phylogeny.fr
2014-03-27 09:40:10,www.phylogeny.fr
2014-03-27 09:40:11,www.phylogeny.fr
2014-03-27 09:40:22,annotathon.org
2014-03-27 09:40:49,www.phylogeny.fr
2014-03-27 09:40:52,annotathon.org
2014-03-27 09:41:22,annotathon.org
2014-03-27 09:41:52,annotathon.org
2014-03-27 09:42:22,annotathon.org
2014-03-27 09:42:50,annotathon.org
2014-03-27 09:42:51,annotathon.org
2014-03-27 09:43:21,annotathon.org
2014-03-27 09:43:51,annotathon.org
2014-03-27 09:44:21,annotathon.org
2014-03-27 09:44:51,annotathon.org
2014-03-27 09:45:03,www.phylogeny.fr
2014-03-27 09:45:12,www.phylogeny.fr
2014-03-27 09:45:13,www.phylogeny.fr
2014-03-27 09:45:16,www.phylogeny.fr
2014-03-27 09:45:21,annotathon.org
2014-03-27 09:45:26,www.phylogeny.fr
2014-03-27 09:45:28,www.phylogeny.fr
2014-03-27 09:45:29,www.phylogeny.fr
2014-03-27 09:45:44,www.phylogeny.fr
2014-03-27 09:45:51,annotathon.org
2014-03-27 09:46:06,www.phylogeny.fr
2014-03-27 09:46:21,annotathon.org
2014-03-27 09:46:51,annotathon.org
2014-03-27 09:47:10,www.phylogeny.fr
2014-03-27 09:47:21,annotathon.org
2014-03-27 09:47:24,www.phylogeny.fr
2014-03-27 09:47:36,www.phylogeny.fr
2014-03-27 09:47:37,www.phylogeny.fr
2014-03-27 09:47:38,www.phylogeny.fr
2014-03-27 09:47:51,annotathon.org
2014-03-27 09:48:09,www.phylogeny.fr
2014-03-27 09:48:21,annotathon.org
2014-03-27 09:48:51,annotathon.org
2014-03-27 09:48:55,www.phylogeny.fr
2014-03-27 09:49:06,www.phylogeny.fr
2014-03-27 09:49:21,annotathon.org
2014-03-27 09:49:51,annotathon.org
2014-03-27 09:50:21,annotathon.org
2014-03-27 09:50:46,www.phylogeny.fr
2014-03-27 09:50:51,annotathon.org
2014-03-27 09:51:21,annotathon.org
2014-03-27 09:51:28,www.phylogeny.fr
2014-03-27 09:51:38,www.phylogeny.fr
2014-03-27 09:51:39,www.phylogeny.fr
2014-03-27 09:51:41,www.phylogeny.fr
2014-03-27 09:51:44,www.phylogeny.fr
2014-03-27 09:51:46,www.phylogeny.fr
2014-03-27 09:51:49,www.phylogeny.fr
2014-03-27 09:51:51,annotathon.org
2014-03-27 09:51:52,www.phylogeny.fr
2014-03-27 09:51:54,www.phylogeny.fr
2014-03-27 09:51:57,www.phylogeny.fr
2014-03-27 09:51:59,www.phylogeny.fr
2014-03-27 09:52:02,www.phylogeny.fr
2014-03-27 09:52:05,www.phylogeny.fr
2014-03-27 09:52:08,www.phylogeny.fr
2014-03-27 09:52:11,www.phylogeny.fr
2014-03-27 09:52:24,annotathon.org
2014-03-27 09:52:25,www.phylogeny.fr
2014-03-27 09:52:28,www.phylogeny.fr
2014-03-27 09:52:30,www.phylogeny.fr
2014-03-27 09:52:33,www.phylogeny.fr
2014-03-27 09:52:36,www.phylogeny.fr
2014-03-27 09:52:39,www.phylogeny.fr
2014-03-27 09:52:41,www.phylogeny.fr
2014-03-27 09:52:44,www.phylogeny.fr
2014-03-27 09:52:47,www.phylogeny.fr
2014-03-27 09:52:49,www.phylogeny.fr
2014-03-27 09:52:51,annotathon.org
2014-03-27 09:52:52,www.phylogeny.fr
2014-03-27 09:52:54,www.phylogeny.fr
2014-03-27 09:52:57,www.phylogeny.fr
2014-03-27 09:53:00,www.phylogeny.fr
2014-03-27 09:53:03,www.phylogeny.fr
2014-03-27 09:53:05,www.phylogeny.fr
2014-03-27 09:53:08,www.phylogeny.fr
2014-03-27 09:53:11,www.phylogeny.fr
2014-03-27 09:53:14,www.phylogeny.fr
2014-03-27 09:53:17,www.phylogeny.fr
2014-03-27 09:53:19,www.phylogeny.fr
2014-03-27 09:53:21,annotathon.org
2014-03-27 09:53:22,www.phylogeny.fr
2014-03-27 09:53:24,www.phylogeny.fr
2014-03-27 09:53:27,www.phylogeny.fr
2014-03-27 09:53:30,www.phylogeny.fr
2014-03-27 09:53:32,www.phylogeny.fr
2014-03-27 09:53:35,www.phylogeny.fr
2014-03-27 09:53:38,www.phylogeny.fr
2014-03-27 09:53:40,www.phylogeny.fr
2014-03-27 09:53:43,www.phylogeny.fr
2014-03-27 09:53:45,www.phylogeny.fr
2014-03-27 09:53:48,www.phylogeny.fr
2014-03-27 09:53:51,annotathon.org
2014-03-27 09:53:51,www.phylogeny.fr
2014-03-27 09:54:00,www.phylogeny.fr
2014-03-27 09:54:01,www.phylogeny.fr
2014-03-27 09:54:21,annotathon.org
2014-03-27 09:54:51,annotathon.org
2014-03-27 09:55:21,annotathon.org
2014-03-27 09:55:38,annotathon.org
2014-03-27 09:55:48,annotathon.org
2014-03-27 09:55:53,www.ncbi.nlm.nih.gov
2014-03-27 09:55:54,blast.ncbi.nlm.nih.gov
2014-03-27 09:55:55,annotathon.org
2014-04-04 10:06:34,clients1.google.com
2014-04-04 10:06:34,gtglobal-ocsp.geotrust.com
2014-04-04 10:06:37,clients1.google.com
2014-04-04 10:06:39,www.google.fr
2014-04-04 10:06:45,annotathon.org
2014-04-04 10:07:11,annotathon.org
2014-04-04 10:07:19,safebrowsing-cache.google.com
2014-04-04 10:07:19,safebrowsing.clients.google.com
2014-04-04 10:07:20,safebrowsing-cache.google.com
2014-04-04 10:07:30,gtssl-ocsp.geotrust.com
2014-04-04 10:07:55,annotathon.org
2014-04-04 10:08:17,annotathon.org
2014-04-04 10:08:20,annotathon.org
2014-04-04 10:08:23,annotathon.org
2014-04-04 10:08:23,annotathon.univ-mrs.fr
2014-04-04 10:08:24,annotathon.org
2014-04-04 10:08:47,annotathon.org
2014-04-04 10:08:54,annotathon.org
2014-04-04 10:09:17,annotathon.org
2014-04-04 10:09:24,annotathon.org
2014-04-04 10:09:33,www.google.fr
2014-04-04 10:09:33,apis.google.com
2014-04-04 10:09:33,www.google.com
2014-04-04 10:09:47,annotathon.org
2014-04-04 10:09:54,annotathon.org
2014-04-04 10:10:14,sb-ssl.google.com
2014-04-04 10:10:17,annotathon.org
2014-04-04 10:10:24,javadl-esd-secure.oracle.com
2014-04-04 10:10:24,annotathon.org
2014-04-04 10:10:38,annotathon.org
2014-04-04 10:10:39,annotathon.org
2014-04-04 10:10:44,annotathon.org
2014-04-04 10:10:47,annotathon.org
2014-04-04 10:10:51,annotathon.org
2014-04-04 10:11:02,www.google.com
2014-04-04 10:11:07,www.ncbi.nlm.nih.gov
2014-04-04 10:11:07,www.google.fr
2014-04-04 10:11:13,www.ncbi.nlm.nih.gov
2014-04-04 10:11:16,www.ncbi.nlm.nih.gov
2014-04-04 10:11:17,annotathon.org
2014-04-04 10:11:21,annotathon.org
2014-04-04 10:11:29,www.google.fr
2014-04-04 10:11:30,www.ncbi.nlm.nih.gov
2014-04-04 10:11:30,blast.ncbi.nlm.nih.gov
2014-04-04 10:11:31,blast.ncbi.nlm.nih.gov
2014-04-04 10:11:33,blast.ncbi.nlm.nih.gov
2014-04-04 10:11:33,www.ncbi.nlm.nih.gov
2014-04-04 10:11:34,blast.ncbi.nlm.nih.gov
2014-04-04 10:11:37,blast.ncbi.nlm.nih.gov
2014-04-04 10:11:38,blast.ncbi.nlm.nih.gov
2014-04-04 10:11:41,blast.ncbi.nlm.nih.gov
2014-04-04 10:11:42,blast.ncbi.nlm.nih.gov
2014-04-04 10:11:43,blast.ncbi.nlm.nih.gov
2014-04-04 10:11:46,blast.ncbi.nlm.nih.gov
2014-04-04 10:11:47,annotathon.org
2014-04-04 10:11:49,blast.ncbi.nlm.nih.gov
2014-04-04 10:11:51,annotathon.org
2014-04-04 10:11:51,blast.ncbi.nlm.nih.gov
2014-04-04 10:11:54,blast.ncbi.nlm.nih.gov
2014-04-04 10:11:57,blast.ncbi.nlm.nih.gov
2014-04-04 10:12:00,blast.ncbi.nlm.nih.gov
2014-04-04 10:12:04,blast.ncbi.nlm.nih.gov
2014-04-04 10:12:11,blast.ncbi.nlm.nih.gov
2014-04-04 10:12:17,annotathon.org
2014-04-04 10:12:20,blast.ncbi.nlm.nih.gov
2014-04-04 10:12:21,annotathon.org
2014-04-04 10:12:27,ocsp.thawte.com
2014-04-04 10:12:30,blast.ncbi.nlm.nih.gov
2014-04-04 10:12:44,blast.ncbi.nlm.nih.gov
2014-04-04 10:12:47,annotathon.org
2014-04-04 10:12:51,annotathon.org
2014-04-04 10:12:58,blast.ncbi.nlm.nih.gov
2014-04-04 10:13:14,blast.ncbi.nlm.nih.gov
2014-04-04 10:13:16,blast.ncbi.nlm.nih.gov
2014-04-04 10:13:17,blast.ncbi.nlm.nih.gov
2014-04-04 10:13:17,www.ncbi.nlm.nih.gov
2014-04-04 10:13:17,annotathon.org
2014-04-04 10:13:18,blast.ncbi.nlm.nih.gov
2014-04-04 10:13:19,blast.ncbi.nlm.nih.gov
2014-04-04 10:13:19,www.ncbi.nlm.nih.gov
2014-04-04 10:13:20,www.ncbi.nlm.nih.gov
2014-04-04 10:13:21,annotathon.org
2014-04-04 10:13:37,www.ncbi.nlm.nih.gov
2014-04-04 10:13:37,blast.ncbi.nlm.nih.gov
2014-04-04 10:13:37,www.google.fr
2014-04-04 10:13:38,blast.ncbi.nlm.nih.gov
2014-04-04 10:13:47,annotathon.org
2014-04-04 10:13:49,blast.ncbi.nlm.nih.gov
2014-04-04 10:13:50,blast.ncbi.nlm.nih.gov
2014-04-04 10:13:51,annotathon.org
2014-04-04 10:13:52,blast.ncbi.nlm.nih.gov
2014-04-04 10:13:56,blast.ncbi.nlm.nih.gov
2014-04-04 10:13:57,blast.ncbi.nlm.nih.gov
2014-04-04 10:14:00,blast.ncbi.nlm.nih.gov
2014-04-04 10:14:02,blast.ncbi.nlm.nih.gov
2014-04-04 10:14:05,blast.ncbi.nlm.nih.gov
2014-04-04 10:14:07,blast.ncbi.nlm.nih.gov
2014-04-04 10:14:15,blast.ncbi.nlm.nih.gov
2014-04-04 10:14:18,annotathon.org
2014-04-04 10:14:21,annotathon.org
2014-04-04 10:14:26,ocsp.verisign.com
2014-04-04 10:14:28,blast.ncbi.nlm.nih.gov
2014-04-04 10:14:43,www.ncbi.nlm.nih.gov
2014-04-04 10:14:45,blast.ncbi.nlm.nih.gov
2014-04-04 10:14:47,annotathon.org
2014-04-04 10:14:50,www.ncbi.nlm.nih.gov
2014-04-04 10:14:51,annotathon.org
2014-04-04 10:15:08,blast.ncbi.nlm.nih.gov
2014-04-04 10:15:17,annotathon.org
2014-04-04 10:15:21,annotathon.org
2014-04-04 10:15:35,blast.ncbi.nlm.nih.gov
2014-04-04 10:15:47,annotathon.org
2014-04-04 10:15:51,annotathon.org
2014-04-04 10:16:07,blast.ncbi.nlm.nih.gov
2014-04-04 10:16:17,annotathon.org
2014-04-04 10:16:20,blast.ncbi.nlm.nih.gov
2014-04-04 10:16:21,annotathon.org
2014-04-04 10:16:26,ocsp.digicert.com
2014-04-04 10:16:27,ocsp.digicert.com
2014-04-04 10:16:30,www.google.com
2014-04-04 10:16:31,www.google.fr
2014-04-04 10:16:34,blast.ncbi.nlm.nih.gov
2014-04-04 10:16:35,blast.ncbi.nlm.nih.gov
2014-04-04 10:16:38,www.ncbi.nlm.nih.gov
2014-04-04 10:16:39,www.ncbi.nlm.nih.gov
2014-04-04 10:16:40,www.ncbi.nlm.nih.gov
2014-04-04 10:16:47,annotathon.org
2014-04-04 10:16:50,www.ncbi.nlm.nih.gov
2014-04-04 10:16:51,annotathon.org
2014-04-04 10:17:00,www.ncbi.nlm.nih.gov
2014-04-04 10:17:02,www.ncbi.nlm.nih.gov
2014-04-04 10:17:07,www.ncbi.nlm.nih.gov
2014-04-04 10:17:17,annotathon.org
2014-04-04 10:17:21,annotathon.org
2014-04-04 10:17:23,www.google.fr
2014-04-04 10:17:23,www.ncbi.nlm.nih.gov
2014-04-04 10:17:24,blast.ncbi.nlm.nih.gov
2014-04-04 10:17:45,blast.ncbi.nlm.nih.gov
2014-04-04 10:17:46,blast.ncbi.nlm.nih.gov
2014-04-04 10:17:48,annotathon.org
2014-04-04 10:17:51,annotathon.org
2014-04-04 10:17:53,blast.ncbi.nlm.nih.gov
2014-04-04 10:17:55,blast.ncbi.nlm.nih.gov
2014-04-04 10:17:56,www.ncbi.nlm.nih.gov
2014-04-04 10:17:57,blast.ncbi.nlm.nih.gov
2014-04-04 10:17:59,www.ncbi.nlm.nih.gov
2014-04-04 10:18:00,blast.ncbi.nlm.nih.gov
2014-04-04 10:18:02,www.ncbi.nlm.nih.gov
2014-04-04 10:18:03,blast.ncbi.nlm.nih.gov
2014-04-04 10:18:05,www.ncbi.nlm.nih.gov
2014-04-04 10:18:05,blast.ncbi.nlm.nih.gov
2014-04-04 10:18:07,www.ncbi.nlm.nih.gov
2014-04-04 10:18:13,blast.ncbi.nlm.nih.gov
2014-04-04 10:18:16,blast.ncbi.nlm.nih.gov
2014-04-04 10:18:17,blast.ncbi.nlm.nih.gov
2014-04-04 10:18:17,www.ncbi.nlm.nih.gov
2014-04-04 10:18:18,annotathon.org
2014-04-04 10:18:18,blast.ncbi.nlm.nih.gov
2014-04-04 10:18:21,annotathon.org
2014-04-04 10:18:37,www.google.fr
2014-04-04 10:18:37,www.ncbi.nlm.nih.gov
2014-04-04 10:18:37,blast.ncbi.nlm.nih.gov
2014-04-04 10:18:38,blast.ncbi.nlm.nih.gov
2014-04-04 10:18:45,blast.ncbi.nlm.nih.gov
2014-04-04 10:18:46,blast.ncbi.nlm.nih.gov
2014-04-04 10:18:48,annotathon.org
2014-04-04 10:18:51,annotathon.org
2014-04-04 10:18:53,blast.ncbi.nlm.nih.gov
2014-04-04 10:18:55,blast.ncbi.nlm.nih.gov
2014-04-04 10:18:57,www.ncbi.nlm.nih.gov
2014-04-04 10:18:58,blast.ncbi.nlm.nih.gov
2014-04-04 10:19:00,www.ncbi.nlm.nih.gov
2014-04-04 10:19:00,blast.ncbi.nlm.nih.gov
2014-04-04 10:19:02,www.ncbi.nlm.nih.gov
2014-04-04 10:19:03,blast.ncbi.nlm.nih.gov
2014-04-04 10:19:05,www.ncbi.nlm.nih.gov
2014-04-04 10:19:06,blast.ncbi.nlm.nih.gov
2014-04-04 10:19:07,www.ncbi.nlm.nih.gov
2014-04-04 10:19:08,www.ncbi.nlm.nih.gov
2014-04-04 10:19:13,blast.ncbi.nlm.nih.gov
2014-04-04 10:19:14,blast.ncbi.nlm.nih.gov
2014-04-04 10:19:15,blast.ncbi.nlm.nih.gov
2014-04-04 10:19:15,www.ncbi.nlm.nih.gov
2014-04-04 10:19:16,blast.ncbi.nlm.nih.gov
2014-04-04 10:19:18,annotathon.org
2014-04-04 10:19:21,annotathon.org
2014-04-04 10:19:40,www.ncbi.nlm.nih.gov
2014-04-04 10:19:48,annotathon.org
2014-04-04 10:19:51,annotathon.org
2014-04-04 10:19:57,www.ncbi.nlm.nih.gov
2014-04-04 10:20:18,annotathon.org
2014-04-04 10:20:21,annotathon.org
2014-04-04 10:20:26,www.ncbi.nlm.nih.gov
2014-04-04 10:20:32,www.ncbi.nlm.nih.gov
2014-04-04 10:20:48,annotathon.org
2014-04-04 10:20:51,annotathon.org
2014-04-04 10:21:18,annotathon.org
2014-04-04 10:21:21,annotathon.org
2014-04-04 10:21:29,www.google.com
2014-04-04 10:21:30,www.google.fr
2014-04-04 10:21:48,annotathon.org
2014-04-04 10:21:51,annotathon.org
2014-04-04 10:22:18,annotathon.org
2014-04-04 10:22:21,annotathon.org
2014-04-04 10:22:48,annotathon.org
2014-04-04 10:22:51,annotathon.org
2014-04-04 10:23:18,annotathon.org
2014-04-04 10:23:21,annotathon.org
2014-04-04 10:23:48,annotathon.org
2014-04-04 10:23:51,annotathon.org
2014-04-04 10:24:05,www.ncbi.nlm.nih.gov
2014-04-04 10:24:06,www.ncbi.nlm.nih.gov
2014-04-04 10:24:07,www.ncbi.nlm.nih.gov
2014-04-04 10:24:18,annotathon.org
2014-04-04 10:24:21,annotathon.org
2014-04-04 10:24:22,www.ncbi.nlm.nih.gov
2014-04-04 10:24:48,annotathon.org
2014-04-04 10:24:51,annotathon.org
2014-04-04 10:24:53,annotathon.org
2014-04-04 10:24:54,annotathon.org
2014-04-04 10:25:05,annotathon.org
2014-04-04 10:25:18,annotathon.org
2014-04-04 10:25:35,annotathon.org
2014-04-04 10:25:48,annotathon.org
2014-04-04 10:26:05,annotathon.org
2014-04-04 10:26:18,annotathon.org
2014-04-04 10:26:35,annotathon.org
2014-04-04 10:26:48,annotathon.org
2014-04-04 10:27:05,annotathon.org
2014-04-04 10:27:18,annotathon.org
2014-04-04 10:27:35,annotathon.org
2014-04-04 10:27:48,annotathon.org
2014-04-04 10:28:05,annotathon.org
2014-04-04 10:28:18,annotathon.org
2014-04-04 10:28:35,annotathon.org
2014-04-04 10:28:48,annotathon.org
2014-04-04 10:29:05,annotathon.org
2014-04-04 10:29:18,annotathon.org
2014-04-04 10:29:35,annotathon.org
2014-04-04 10:29:48,annotathon.org
2014-04-04 10:30:04,www.ncbi.nlm.nih.gov
2014-04-04 10:30:05,annotathon.org
2014-04-04 10:30:07,www.ncbi.nlm.nih.gov
2014-04-04 10:30:18,annotathon.org
2014-04-04 10:30:35,annotathon.org
2014-04-04 10:30:48,annotathon.org
2014-04-04 10:31:06,annotathon.org
2014-04-04 10:31:18,annotathon.org
2014-04-04 10:31:36,annotathon.org
2014-04-04 10:31:48,annotathon.org
2014-04-04 10:32:06,annotathon.org
2014-04-04 10:32:18,annotathon.org
2014-04-04 10:32:36,annotathon.org
2014-04-04 10:32:40,annotathon.org
2014-04-04 10:32:48,annotathon.org
2014-04-04 10:33:10,annotathon.org
2014-04-04 10:33:18,annotathon.org
2014-04-04 10:33:40,annotathon.org
2014-04-04 10:33:48,annotathon.org
2014-04-04 10:34:10,annotathon.org
2014-04-04 10:34:17,www.ncbi.nlm.nih.gov
2014-04-04 10:34:18,annotathon.org
2014-04-04 10:34:18,www.ncbi.nlm.nih.gov
2014-04-04 10:34:19,www.ncbi.nlm.nih.gov
2014-04-04 10:34:21,www.ncbi.nlm.nih.gov
2014-04-04 10:34:40,annotathon.org
2014-04-04 10:34:43,www.squid-cache.org
2014-04-04 10:34:48,www.google.com
2014-04-04 10:34:48,annotathon.org
2014-04-04 10:35:10,annotathon.org
2014-04-04 10:35:11,www.google.fr
2014-04-04 10:35:11,ajax.googleapis.com
2014-04-04 10:35:12,www.gravatar.com
2014-04-04 10:35:12,www.biostars.org
2014-04-04 10:35:12,www.google.com
2014-04-04 10:35:12,i.creativecommons.org
2014-04-04 10:35:13,clients1.google.com
2014-04-04 10:35:13,www.google.com
2014-04-04 10:35:13,www.scfbio-iitd.res.in
2014-04-04 10:35:18,annotathon.org
2014-04-04 10:35:40,annotathon.org
2014-04-04 10:35:48,annotathon.org
2014-04-04 10:36:10,annotathon.org
2014-04-04 10:36:18,annotathon.org
2014-04-04 10:36:40,annotathon.org
2014-04-04 10:36:48,annotathon.org
2014-04-04 10:37:10,annotathon.org
2014-04-04 10:37:18,annotathon.org
2014-04-04 10:37:40,annotathon.org
2014-04-04 10:37:48,annotathon.org
2014-04-04 10:37:50,www.google.com
2014-04-04 10:37:51,www.google.fr
2014-04-04 10:38:08,www.googleapis.com
2014-04-04 10:38:10,annotathon.org
2014-04-04 10:38:18,annotathon.org
2014-04-04 10:38:41,annotathon.org
2014-04-04 10:38:48,annotathon.org
2014-04-04 10:39:09,safebrowsing.clients.google.com
2014-04-04 10:39:09,safebrowsing-cache.google.com
2014-04-04 10:39:11,annotathon.org
2014-04-04 10:39:18,annotathon.org
2014-04-04 10:39:41,annotathon.org
2014-04-04 10:39:48,annotathon.org
2014-04-04 10:40:11,annotathon.org
2014-04-04 10:40:18,annotathon.org
2014-04-04 10:40:41,annotathon.org
2014-04-04 10:40:48,annotathon.org
2014-04-04 10:41:11,annotathon.org
2014-04-04 10:41:18,annotathon.org
2014-04-04 10:41:41,annotathon.org
2014-04-04 10:41:48,annotathon.org
2014-04-04 10:42:11,annotathon.org
2014-04-04 10:42:18,annotathon.org
2014-04-04 10:42:38,www.ncbi.nlm.nih.gov
2014-04-04 10:42:41,annotathon.org
2014-04-04 10:42:48,annotathon.org
2014-04-04 10:43:10,www.ncbi.nlm.nih.gov
2014-04-04 10:43:11,annotathon.org
2014-04-04 10:43:12,www.ncbi.nlm.nih.gov
2014-04-04 10:43:15,www.ncbi.nlm.nih.gov
2014-04-04 10:43:16,www.ncbi.nlm.nih.gov
2014-04-04 10:43:18,annotathon.org
2014-04-04 10:43:18,www.ncbi.nlm.nih.gov
2014-04-04 10:43:20,www.ncbi.nlm.nih.gov
2014-04-04 10:43:41,annotathon.org
2014-04-04 10:43:46,www.ncbi.nlm.nih.gov
2014-04-04 10:43:47,www.ncbi.nlm.nih.gov
2014-04-04 10:43:48,annotathon.org
2014-04-04 10:43:49,www.ncbi.nlm.nih.gov
2014-04-04 10:43:50,www.ncbi.nlm.nih.gov
2014-04-04 10:43:52,www.ncbi.nlm.nih.gov
2014-04-04 10:43:56,www.ncbi.nlm.nih.gov
2014-04-04 10:44:11,annotathon.org
2014-04-04 10:44:18,annotathon.org
2014-04-04 10:44:35,www.ncbi.nlm.nih.gov
2014-04-04 10:44:41,annotathon.org
2014-04-04 10:44:46,www.ncbi.nlm.nih.gov
2014-04-04 10:44:47,www.ncbi.nlm.nih.gov
2014-04-04 10:44:48,annotathon.org
2014-04-04 10:44:54,www.ncbi.nlm.nih.gov
2014-04-04 10:44:55,www.ncbi.nlm.nih.gov
2014-04-04 10:45:11,annotathon.org
2014-04-04 10:45:18,annotathon.org
2014-04-04 10:45:41,annotathon.org
2014-04-04 10:45:48,annotathon.org
2014-04-04 10:46:11,annotathon.org
2014-04-04 10:46:18,annotathon.org
2014-04-04 10:46:41,annotathon.org
2014-04-04 10:46:48,annotathon.org
2014-04-04 10:46:56,blast.ncbi.nlm.nih.gov
2014-04-04 10:47:11,annotathon.org
2014-04-04 10:47:18,annotathon.org
2014-04-04 10:47:41,annotathon.org
2014-04-04 10:47:48,annotathon.org
2014-04-04 10:48:11,annotathon.org
2014-04-04 10:48:18,annotathon.org
2014-04-04 10:48:41,annotathon.org
2014-04-04 10:48:48,annotathon.org
2014-04-04 10:49:11,annotathon.org
2014-04-04 10:49:18,annotathon.org
2014-04-04 10:49:21,annotathon.org
2014-04-04 10:49:48,annotathon.org
2014-04-04 10:49:51,annotathon.org
2014-04-04 10:50:18,annotathon.org
2014-04-04 10:50:21,annotathon.org
2014-04-04 10:50:48,annotathon.org
2014-04-04 10:50:51,annotathon.org
2014-04-04 10:51:18,annotathon.org
2014-04-04 10:51:21,annotathon.org
2014-04-04 10:51:48,annotathon.org
2014-04-04 10:51:51,annotathon.org
2014-04-04 10:52:18,annotathon.org
2014-04-04 10:52:21,annotathon.org
2014-04-04 10:52:26,annotathon.org
2014-04-04 10:52:48,annotathon.org
2014-04-04 10:52:56,annotathon.org
2014-04-04 10:53:18,annotathon.org
2014-04-04 10:53:26,annotathon.org
2014-04-04 10:53:48,annotathon.org
2014-04-04 10:53:56,annotathon.org
2014-04-04 10:54:18,annotathon.org
2014-04-04 10:54:26,annotathon.org
2014-04-04 10:54:48,annotathon.org
2014-04-04 10:54:56,annotathon.org
2014-04-04 10:55:18,annotathon.org
2014-04-04 10:55:26,annotathon.org
2014-04-04 10:55:48,annotathon.org
2014-04-04 10:55:56,annotathon.org
2014-04-04 10:56:18,annotathon.org
2014-04-04 10:56:26,annotathon.org
2014-04-04 10:56:48,annotathon.org
2014-04-04 10:56:56,annotathon.org
2014-04-04 10:57:18,annotathon.org
2014-04-04 10:57:26,annotathon.org
2014-04-04 10:57:48,annotathon.org
2014-04-04 10:57:56,annotathon.org
2014-04-04 10:58:18,annotathon.org
2014-04-04 10:58:26,annotathon.org
2014-04-04 10:58:48,annotathon.org
2014-04-04 10:58:49,www.ncbi.nlm.nih.gov
2014-04-04 10:58:50,www.ncbi.nlm.nih.gov
2014-04-04 10:58:56,annotathon.org
2014-04-04 10:59:18,annotathon.org
2014-04-04 10:59:26,annotathon.org
2014-04-04 10:59:48,annotathon.org
2014-04-04 10:59:56,annotathon.org
2014-04-04 11:00:18,annotathon.org
2014-04-04 11:00:26,annotathon.org
2014-04-04 11:00:48,annotathon.org
2014-04-04 11:00:56,annotathon.org
2014-04-04 11:01:18,annotathon.org
2014-04-04 11:01:26,annotathon.org
2014-04-04 11:01:38,annotathon.org
2014-04-04 11:01:48,annotathon.org
2014-04-04 11:02:08,annotathon.org
2014-04-04 11:02:18,annotathon.org
2014-04-04 11:02:38,annotathon.org
2014-04-04 11:02:48,annotathon.org
2014-04-04 11:03:08,annotathon.org
2014-04-04 11:03:18,annotathon.org
2014-04-04 11:03:38,annotathon.org
2014-04-04 11:03:48,annotathon.org
2014-04-04 11:04:08,annotathon.org
2014-04-04 11:04:18,annotathon.org
2014-04-04 11:04:39,annotathon.org
2014-04-04 11:04:48,annotathon.org
2014-04-04 11:05:09,annotathon.org
2014-04-04 11:05:18,annotathon.org
2014-04-04 11:05:39,annotathon.org
2014-04-04 11:05:48,annotathon.org
2014-04-04 11:06:09,annotathon.org
2014-04-04 11:06:18,annotathon.org
2014-04-04 11:06:39,annotathon.org
2014-04-04 11:06:48,annotathon.org
2014-04-04 11:07:09,annotathon.org
2014-04-04 11:07:18,annotathon.org
2014-04-04 11:07:39,annotathon.org
2014-04-04 11:07:48,annotathon.org
2014-04-04 11:08:09,annotathon.org
2014-04-04 11:08:18,annotathon.org
2014-04-04 11:08:39,annotathon.org
2014-04-04 11:08:48,annotathon.org
2014-04-04 11:08:56,www.ncbi.nlm.nih.gov
2014-04-04 11:08:58,www.ncbi.nlm.nih.gov
2014-04-04 11:09:09,annotathon.org
2014-04-04 11:09:18,annotathon.org
2014-04-04 11:09:25,safebrowsing-cache.google.com
2014-04-04 11:09:25,safebrowsing.clients.google.com
2014-04-04 11:09:39,annotathon.org
2014-04-04 11:09:49,annotathon.org
2014-04-04 11:10:09,annotathon.org
2014-04-04 11:10:19,annotathon.org
2014-04-04 11:10:41,annotathon.org
2014-04-04 11:10:49,annotathon.org
2014-04-04 11:11:09,annotathon.org
2014-04-04 11:11:16,www.ncbi.nlm.nih.gov
2014-04-04 11:11:17,www.ncbi.nlm.nih.gov
2014-04-04 11:11:19,www.ncbi.nlm.nih.gov
2014-04-04 11:11:19,annotathon.org
2014-04-04 11:11:26,www.ncbi.nlm.nih.gov
2014-04-04 11:11:39,annotathon.org
2014-04-04 11:11:49,annotathon.org
2014-04-04 11:12:09,annotathon.org
2014-04-04 11:12:19,annotathon.org
2014-04-04 11:12:39,annotathon.org
2014-04-04 11:12:48,www.ncbi.nlm.nih.gov
2014-04-04 11:12:49,annotathon.org
2014-04-04 11:12:49,www.ncbi.nlm.nih.gov
2014-04-04 11:12:51,www.ncbi.nlm.nih.gov
2014-04-04 11:12:52,www.ncbi.nlm.nih.gov
2014-04-04 11:12:53,www.ncbi.nlm.nih.gov
2014-04-04 11:12:58,www.ncbi.nlm.nih.gov
2014-04-04 11:12:59,www.ncbi.nlm.nih.gov
2014-04-04 11:13:00,www.ncbi.nlm.nih.gov
2014-04-04 11:13:05,www.ncbi.nlm.nih.gov
2014-04-04 11:13:09,www.ncbi.nlm.nih.gov
2014-04-04 11:13:09,annotathon.org
2014-04-04 11:13:15,www.ncbi.nlm.nih.gov
2014-04-04 11:13:16,www.ncbi.nlm.nih.gov
2014-04-04 11:13:19,annotathon.org
2014-04-04 11:13:20,www.ncbi.nlm.nih.gov
2014-04-04 11:13:21,www.ncbi.nlm.nih.gov
2014-04-04 11:13:30,www.ncbi.nlm.nih.gov
2014-04-04 11:13:39,annotathon.org
2014-04-04 11:13:49,annotathon.org
2014-04-04 11:14:09,annotathon.org
2014-04-04 11:14:19,annotathon.org
2014-04-04 11:14:39,annotathon.org
2014-04-04 11:14:49,annotathon.org
2014-04-04 11:15:09,annotathon.org
2014-04-04 11:15:19,annotathon.org
2014-04-04 11:15:39,annotathon.org
2014-04-04 11:15:49,annotathon.org
2014-04-04 11:16:09,annotathon.org
2014-04-04 11:16:19,annotathon.org
2014-04-04 11:16:34,www.ncbi.nlm.nih.gov
2014-04-04 11:16:39,annotathon.org
2014-04-04 11:16:42,www.ncbi.nlm.nih.gov
2014-04-04 11:16:49,annotathon.org
2014-04-04 11:17:09,annotathon.org
2014-04-04 11:17:19,annotathon.org
2014-04-04 11:17:39,annotathon.org
2014-04-04 11:17:41,www.ncbi.nlm.nih.gov
2014-04-04 11:17:48,www.ncbi.nlm.nih.gov
2014-04-04 11:17:49,annotathon.org
2014-04-04 11:18:09,annotathon.org
2014-04-04 11:18:16,www.ncbi.nlm.nih.gov
2014-04-04 11:18:19,annotathon.org
2014-04-04 11:18:39,annotathon.org
2014-04-04 11:18:46,www.ncbi.nlm.nih.gov
2014-04-04 11:18:49,www.ncbi.nlm.nih.gov
2014-04-04 11:18:49,annotathon.org
2014-04-04 11:18:53,www.ncbi.nlm.nih.gov
2014-04-04 11:18:54,www.ncbi.nlm.nih.gov
2014-04-04 11:18:56,www.ncbi.nlm.nih.gov
2014-04-04 11:19:00,www.ncbi.nlm.nih.gov
2014-04-04 11:19:04,www.ncbi.nlm.nih.gov
2014-04-04 11:19:05,www.ncbi.nlm.nih.gov
2014-04-04 11:19:09,annotathon.org
2014-04-04 11:19:10,www.ncbi.nlm.nih.gov
2014-04-04 11:19:14,www.ncbi.nlm.nih.gov
2014-04-04 11:19:15,www.ncbi.nlm.nih.gov
2014-04-04 11:19:16,www.ncbi.nlm.nih.gov
2014-04-04 11:19:19,annotathon.org
2014-04-04 11:19:39,annotathon.org
2014-04-04 11:19:49,annotathon.org
2014-04-04 11:20:07,www.ncbi.nlm.nih.gov
2014-04-04 11:20:08,www.ncbi.nlm.nih.gov
2014-04-04 11:20:09,annotathon.org
2014-04-04 11:20:11,www.ncbi.nlm.nih.gov
2014-04-04 11:20:19,annotathon.org
2014-04-04 11:20:29,www.ncbi.nlm.nih.gov
2014-04-04 11:20:39,annotathon.org
2014-04-04 11:20:49,annotathon.org
2014-04-04 11:20:55,www.ncbi.nlm.nih.gov
2014-04-04 11:20:58,www.ncbi.nlm.nih.gov
2014-04-04 11:21:09,annotathon.org
2014-04-04 11:21:19,annotathon.org
2014-04-04 11:21:27,www.ncbi.nlm.nih.gov
2014-04-04 11:21:28,www.ncbi.nlm.nih.gov
2014-04-04 11:21:32,www.ncbi.nlm.nih.gov
2014-04-04 11:21:39,annotathon.org
2014-04-04 11:21:46,www.ncbi.nlm.nih.gov
2014-04-04 11:21:49,annotathon.org
2014-04-04 11:22:09,annotathon.org
2014-04-04 11:22:10,www.ncbi.nlm.nih.gov
2014-04-04 11:22:14,www.ncbi.nlm.nih.gov
2014-04-04 11:22:19,annotathon.org
2014-04-04 11:22:39,annotathon.org
2014-04-04 11:22:44,www.ncbi.nlm.nih.gov
2014-04-04 11:22:45,www.ncbi.nlm.nih.gov
2014-04-04 11:22:48,www.ncbi.nlm.nih.gov
2014-04-04 11:22:49,annotathon.org
2014-04-04 11:23:09,annotathon.org
2014-04-04 11:23:10,www.ncbi.nlm.nih.gov
2014-04-04 11:23:19,annotathon.org
2014-04-04 11:23:23,www.ncbi.nlm.nih.gov
2014-04-04 11:23:24,www.ncbi.nlm.nih.gov
2014-04-04 11:23:25,www.ncbi.nlm.nih.gov
2014-04-04 11:23:39,annotathon.org
2014-04-04 11:23:49,annotathon.org
2014-04-04 11:23:58,www.ncbi.nlm.nih.gov
2014-04-04 11:23:59,www.ncbi.nlm.nih.gov
2014-04-04 11:24:02,www.ncbi.nlm.nih.gov
2014-04-04 11:24:09,annotathon.org
2014-04-04 11:24:16,www.ncbi.nlm.nih.gov
2014-04-04 11:24:19,annotathon.org
2014-04-04 11:24:34,annotathon.org
2014-04-04 11:24:49,annotathon.org
2014-04-04 11:25:04,annotathon.org
2014-04-04 11:25:19,annotathon.org
2014-04-04 11:25:34,annotathon.org
2014-04-04 11:25:49,annotathon.org
2014-04-04 11:26:04,annotathon.org
2014-04-04 11:26:19,annotathon.org
2014-04-04 11:26:23,javadl-esd-secure.oracle.com
2014-04-04 11:26:34,annotathon.org
2014-04-04 11:26:49,annotathon.org
2014-04-04 11:27:04,annotathon.org
2014-04-04 11:27:13,www.ncbi.nlm.nih.gov
2014-04-04 11:27:14,www.ncbi.nlm.nih.gov
2014-04-04 11:27:16,www.ncbi.nlm.nih.gov
2014-04-04 11:27:19,annotathon.org
2014-04-04 11:27:27,www.ncbi.nlm.nih.gov
2014-04-04 11:27:34,annotathon.org
2014-04-04 11:27:38,www.google.com
2014-04-04 11:27:39,gtglobal-ocsp.geotrust.com
2014-04-04 11:27:39,clients1.google.com
2014-04-04 11:27:42,www.ncbi.nlm.nih.gov
2014-04-04 11:27:42,www.google.fr
2014-04-04 11:27:43,blast.ncbi.nlm.nih.gov
2014-04-04 11:27:46,blast.ncbi.nlm.nih.gov
2014-04-04 11:27:47,blast.ncbi.nlm.nih.gov
2014-04-04 11:27:49,annotathon.org
2014-04-04 11:27:52,blast.ncbi.nlm.nih.gov
2014-04-04 11:27:54,blast.ncbi.nlm.nih.gov
2014-04-04 11:27:57,blast.ncbi.nlm.nih.gov
2014-04-04 11:27:59,blast.ncbi.nlm.nih.gov
2014-04-04 11:28:03,blast.ncbi.nlm.nih.gov
2014-04-04 11:28:04,annotathon.org
2014-04-04 11:28:05,blast.ncbi.nlm.nih.gov
2014-04-04 11:28:08,blast.ncbi.nlm.nih.gov
2014-04-04 11:28:19,annotathon.org
2014-04-04 11:28:34,annotathon.org
2014-04-04 11:28:49,annotathon.org
2014-04-04 11:29:04,annotathon.org
2014-04-04 11:29:19,annotathon.org
2014-04-04 11:29:34,annotathon.org
2014-04-04 11:29:49,annotathon.org
2014-04-04 11:30:04,annotathon.org
2014-04-04 11:30:19,annotathon.org
2014-04-04 11:30:34,www.google.com
2014-04-04 11:30:34,annotathon.org
2014-04-04 11:30:35,www.google.fr
2014-04-04 11:30:49,annotathon.org
2014-04-04 11:31:04,annotathon.org
2014-04-04 11:31:17,annotathon.org
2014-04-04 11:31:18,annotathon.org
2014-04-04 11:31:19,annotathon.org
2014-04-04 11:31:48,annotathon.org
2014-04-04 11:31:49,annotathon.org
2014-04-04 11:32:18,annotathon.org
2014-04-04 11:32:19,annotathon.org
2014-04-04 11:32:48,annotathon.org
2014-04-04 11:32:49,annotathon.org
2014-04-04 11:32:58,annotathon.org
2014-04-04 11:33:19,annotathon.org
2014-04-04 11:33:28,annotathon.org
2014-04-04 11:33:49,annotathon.org
2014-04-04 11:33:58,annotathon.org
2014-04-04 11:34:10,annotathon.org
2014-04-04 11:34:13,annotathon.org
2014-04-04 11:34:19,annotathon.org
2014-04-04 11:34:43,annotathon.org
2014-04-04 11:34:49,annotathon.org
2014-04-04 11:35:13,annotathon.org
2014-04-04 11:35:19,annotathon.org
2014-04-04 11:35:43,annotathon.org
2014-04-04 11:35:49,annotathon.org
2014-04-04 11:36:13,annotathon.org
2014-04-04 11:36:19,annotathon.org
2014-04-04 11:36:43,annotathon.org
2014-04-04 11:36:49,annotathon.org
2014-04-04 11:37:13,annotathon.org
2014-04-04 11:37:19,annotathon.org
2014-04-04 11:37:26,www.google.com
2014-04-04 11:37:32,www.google.fr
2014-04-04 11:37:33,ocsp.tcs.terena.org
2014-04-04 11:37:33,ocsp.usertrust.com
2014-04-04 11:37:33,clients1.google.com
2014-04-04 11:37:43,annotathon.org
2014-04-04 11:37:49,annotathon.org
2014-04-04 11:38:13,annotathon.org
2014-04-04 11:38:19,annotathon.org
2014-04-04 11:38:43,annotathon.org
2014-04-04 11:38:49,annotathon.org
2014-04-04 11:39:13,annotathon.org
2014-04-04 11:39:19,annotathon.org
2014-04-04 11:39:43,annotathon.org
2014-04-04 11:39:49,annotathon.org
2014-04-04 11:39:58,safebrowsing-cache.google.com
2014-04-04 11:39:58,safebrowsing.clients.google.com
2014-04-04 11:39:58,blast.ncbi.nlm.nih.gov
2014-04-04 11:39:59,blast.ncbi.nlm.nih.gov
2014-04-04 11:40:00,blast.ncbi.nlm.nih.gov
2014-04-04 11:40:13,annotathon.org
2014-04-04 11:40:19,annotathon.org
2014-04-04 11:40:23,www.google.com
2014-04-04 11:40:24,www.google.fr
2014-04-04 11:40:43,annotathon.org
2014-04-04 11:40:49,annotathon.org
2014-04-04 11:40:58,annotathon.org
2014-04-04 11:41:13,annotathon.org
2014-04-04 11:41:28,annotathon.org
2014-04-04 11:41:43,annotathon.org
2014-04-04 11:41:58,annotathon.org
2014-04-04 11:42:13,annotathon.org
2014-04-04 11:42:28,annotathon.org
2014-04-04 11:42:43,annotathon.org
2014-04-04 11:42:58,annotathon.org
2014-04-04 11:43:13,annotathon.org
2014-04-04 11:43:28,annotathon.org
2014-04-04 11:43:43,annotathon.org
2014-04-04 11:43:58,annotathon.org
2014-04-04 11:44:13,annotathon.org
2014-04-04 11:44:28,annotathon.org
2014-04-04 11:44:43,annotathon.org
2014-04-04 11:44:58,annotathon.org
2014-04-04 11:45:13,annotathon.org
2014-04-04 11:45:28,annotathon.org
2014-04-04 11:45:43,annotathon.org
2014-04-04 11:45:58,annotathon.org
2014-04-04 11:46:13,annotathon.org
2014-04-04 11:46:28,annotathon.org
2014-04-04 11:46:41,annotathon.org
2014-04-04 11:46:43,annotathon.org
2014-04-04 11:47:13,annotathon.org
2014-04-04 11:47:43,annotathon.org
2014-04-04 11:48:13,annotathon.org
2014-04-04 11:48:27,annotathon.org
2014-04-04 11:48:28,annotathon.org
2014-04-22 08:03:54,annotathon.org
2014-04-22 08:03:56,annotathon.org
2014-04-22 08:03:57,annotathon.org
2014-04-22 08:03:58,annotathon.org
2014-04-22 08:04:00,annotathon.org
2014-04-22 08:04:00,annotathon.univ-mrs.fr
2014-04-22 08:04:06,gtssl-ocsp.geotrust.com
2014-04-22 08:04:30,annotathon.org
2014-04-22 08:04:55,safebrowsing.clients.google.com
2014-04-22 08:04:55,safebrowsing-cache.google.com
2014-04-22 08:04:56,safebrowsing-cache.google.com
2014-04-22 08:04:57,safebrowsing-cache.google.com
2014-04-22 08:05:00,annotathon.org
2014-04-22 08:05:30,annotathon.org
2014-04-22 08:06:00,annotathon.org
2014-04-22 08:06:07,apis.google.com
2014-04-22 08:06:08,www.google.com
2014-04-22 08:06:08,www.google.fr
2014-04-22 08:06:30,annotathon.org
2014-04-22 08:07:51,sb-ssl.google.com
2014-04-22 08:13:23,www.google.com
2014-04-22 08:13:24,www.google.fr
2014-04-22 08:52:05,www.google.com
2014-04-22 08:52:06,www.google.fr
2014-04-22 09:04:24,www.google.com
2014-04-22 09:04:26,www.google.fr
2014-04-22 09:22:54,www.google.com
2014-04-22 09:22:55,www.google.fr
2014-04-22 09:32:04,www.google.com
2014-04-22 09:35:03,www.google.com
2014-04-22 09:35:04,www.google.fr
2014-04-22 09:44:21,www.google.com
2014-04-22 09:44:22,www.google.fr
