timestamp,site
2013-12-17 10:13:04,clients1.google.com
2013-12-17 10:13:04,gtglobal-ocsp.geotrust.com
2013-12-17 10:13:04,safebrowsing.clients.google.com
2013-12-17 10:13:05,safebrowsing-cache.google.com
2013-12-17 10:13:06,safebrowsing-cache.google.com
2013-12-17 10:13:07,safebrowsing-cache.google.com
2013-12-17 10:13:08,safebrowsing-cache.google.com
2013-12-17 10:13:09,safebrowsing-cache.google.com
2013-12-17 10:13:19,www.google.fr
2013-12-17 10:13:20,ocsp.tcs.terena.org
2013-12-17 10:13:20,clients1.google.com
2013-12-17 10:13:20,ocsp.usertrust.com
2013-12-17 10:13:21,clients1.google.com
2013-12-17 10:15:59,sb-ssl.google.com
2013-12-17 10:16:01,www.google.com
2013-12-17 10:16:02,apis.google.com
2013-12-17 10:16:12,www.google.fr
2013-12-17 10:17:08,ocsp.thawte.com
2013-12-17 10:19:08,ocsp.verisign.com
2013-12-17 10:21:08,ocsp.digicert.com
2013-12-17 10:42:08,safebrowsing.clients.google.com
2013-12-17 10:42:08,safebrowsing-cache.google.com
2013-12-17 10:42:09,safebrowsing-cache.google.com
2013-12-17 11:12:32,safebrowsing.clients.google.com
2013-12-17 11:12:32,safebrowsing-cache.google.com
2013-12-17 11:12:33,safebrowsing-cache.google.com
2013-12-17 11:41:55,safebrowsing.clients.google.com
2013-12-17 11:41:55,safebrowsing-cache.google.com
2013-12-17 12:08:15,ocsp.tcs.terena.org
2013-12-17 12:08:16,ocsp.usertrust.com
2014-02-14 15:48:20,ocsp.thawte.com
2014-02-14 15:48:27,ocsp.tcs.terena.org
2014-02-14 15:48:27,ocsp.usertrust.com
2014-02-14 15:48:56,clients1.google.com
2014-02-14 15:48:56,gtglobal-ocsp.geotrust.com
2014-02-14 15:48:57,clients1.google.com
2014-02-14 15:49:00,www.google.fr
2014-02-14 15:49:01,clients1.google.com
2014-02-14 15:51:53,apis.google.com
2014-02-14 15:51:54,www.google.com
2014-02-14 15:51:55,www.google.fr
2014-02-14 15:53:20,safebrowsing-cache.google.com
2014-02-14 15:53:20,safebrowsing.clients.google.com
2014-02-14 15:55:58,ocsp.verisign.com
2014-02-14 15:57:58,ocsp.digicert.com
2014-02-14 16:23:47,safebrowsing.clients.google.com
2014-02-14 16:23:47,safebrowsing-cache.google.com
2014-02-14 16:23:48,safebrowsing-cache.google.com
2014-02-14 16:53:34,safebrowsing.clients.google.com
2014-02-14 16:53:34,safebrowsing-cache.google.com
2014-02-14 17:01:10,ocsp.tcs.terena.org
2014-02-14 17:01:11,ocsp.usertrust.com
2014-02-14 17:01:11,ocsp.tcs.terena.org
2014-02-14 17:23:01,safebrowsing.clients.google.com
2014-02-14 17:23:01,safebrowsing-cache.google.com
2014-02-14 17:23:02,safebrowsing-cache.google.com
2014-02-14 17:24:10,clients1.google.com
2014-02-14 17:24:10,gtglobal-ocsp.geotrust.com
2014-02-14 17:24:16,www.google.com
2014-02-14 17:24:16,nicolasj.developpez.com
2014-02-14 17:24:16,www.google.fr
2014-02-14 17:24:16,www.developpez.com
2014-02-14 17:24:17,www.google.com
2014-02-14 17:24:17,premium.hi-mediaserver.com
2014-02-14 17:24:17,www.developpez.com
2014-02-14 17:24:17,nicolasj.developpez.com
2014-02-14 17:24:18,www.developpez.com
2014-02-14 17:24:18,nicolasj.developpez.com
2014-02-14 17:24:18,www.facebook.com
2014-02-14 17:24:34,www.google.fr
2014-02-14 17:24:35,www.areaprog.com
2014-02-14 17:24:36,www.areaprog.com
2014-02-14 17:24:36,connect.facebook.net
2014-02-14 17:24:36,platform.twitter.com
2014-02-14 17:24:36,static.ak.facebook.com
2014-02-14 17:24:36,www.facebook.com
2014-02-14 17:24:37,s-static.ak.facebook.com
2014-02-14 17:24:37,platform.twitter.com
2014-02-14 17:24:37,hal9000.redintelligence.net
2014-02-14 17:24:38,n23.hal9000.redintelligence.net
2014-02-14 17:24:38,hal9000.redintelligence.net
2014-02-14 17:24:38,www.google.com
2014-02-14 17:24:38,clients1.google.com
2014-02-14 17:24:38,evsecure-ocsp.verisign.com
2014-02-14 17:24:39,ea.numericable.fr
2014-02-14 17:25:08,twitter.com
2014-02-14 17:27:07,www.google.com
2014-02-14 17:27:08,www.google.fr
2014-02-14 17:27:11,bits.wikimedia.org
2014-02-14 17:27:11,fr.wikipedia.org
2014-02-14 17:27:11,bit.ly
2014-02-14 17:27:12,meta.wikimedia.org
2014-02-14 17:27:12,bits.wikimedia.org
2014-02-14 17:27:12,login.wikimedia.org
2014-02-14 17:27:12,fr.wikipedia.org
2014-03-21 15:45:41,clients1.google.com
2014-03-21 15:45:41,gtglobal-ocsp.geotrust.com
2014-03-21 15:45:41,ocsp.thawte.com
2014-03-21 15:45:49,clients1.google.com
2014-03-21 15:45:58,www.google.fr
2014-03-21 15:45:59,ocsp.tcs.terena.org
2014-03-21 15:45:59,clients1.google.com
2014-03-21 15:45:59,ocsp.usertrust.com
2014-03-21 15:46:03,www.squid-cache.org
2014-03-21 15:46:36,www.footmercato.net
2014-03-21 15:46:36,images.footmercato.net
2014-03-21 15:46:36,www.google.fr
2014-03-21 15:46:37,static.eplayer.performgroup.com
2014-03-21 15:46:37,www.footmercato.net
2014-03-21 15:46:37,images.footmercato.net
2014-03-21 15:46:38,www.footmercato.net
2014-03-21 15:46:38,images.footmercato.net
2014-03-21 15:46:38,images.eplayer.performgroup.com
2014-03-21 15:46:39,www.audienceinsights.net
2014-03-21 15:46:40,www.anonymousdmp.com
2014-03-21 15:46:40,connect.facebook.net
2014-03-21 15:46:42,www.footmercato.net
2014-03-21 15:46:42,static.ak.facebook.com
2014-03-21 15:46:43,s-static.ak.facebook.com
2014-03-21 15:46:44,www.footmercato.net
2014-03-21 15:46:45,www.footmercato.net
2014-03-21 15:46:47,www.facebook.com
2014-03-21 15:46:47,www.footmercato.net
2014-03-21 15:46:48,tracking.veoxa.com
2014-03-21 15:46:48,www.footmercato.net
2014-03-21 15:46:49,www.footmercato.net
2014-03-21 15:46:49,static.veoxa.com
2014-03-21 15:46:51,www.footmercato.net
2014-03-21 15:47:18,images.performgroup.com
2014-03-21 15:47:18,img1.cfstatic.com
2014-03-21 15:47:18,www.livefoot.fr
2014-03-21 15:47:18,www.google.fr
2014-03-21 15:47:18,api.adyoulike.com
2014-03-21 15:47:19,www.facebook.com
2014-03-21 15:47:19,www.livefoot.fr
2014-03-21 15:47:19,www.google.fr
2014-03-21 15:47:19,platform.twitter.com
2014-03-21 15:47:19,www.topmercato.com
2014-03-21 15:47:20,sync.uuidcshmg.com
2014-03-21 15:47:22,www.facebook.com
2014-03-21 15:47:22,www.google.com
2014-03-21 15:47:23,clients1.google.com
2014-03-21 15:47:24,codeorigin.jquery.com
2014-03-21 15:47:24,cdnjs.cloudflare.com
2014-03-21 15:47:24,cshoppingbox.partner.leguide.com
2014-03-21 15:47:24,cimg.leguide.com
2014-03-21 15:47:25,code.jquery.com
2014-03-21 15:47:26,platform.twitter.com
2014-03-21 15:47:26,clients1.google.com
2014-03-21 15:47:26,fo-static.omnitagjs.com
2014-03-21 15:47:27,www.google.com
2014-03-21 15:47:28,evsecure-ocsp.verisign.com
2014-03-21 15:47:30,www.livefoot.fr
2014-03-21 15:47:38,www.livefoot.fr
2014-03-21 15:47:58,www.facebook.com
2014-03-21 15:47:58,www.footmarseille.com
2014-03-21 15:47:58,ajax.googleapis.com
2014-03-21 15:47:59,k4reszrc94.s.ad6media.fr
2014-03-21 15:47:59,www.footmarseille.com
2014-03-21 15:47:59,www.dailymotion.com
2014-03-21 15:47:59,twitter.com
2014-03-21 15:48:00,www.footmarseille.com
2014-03-21 15:48:00,twitter.com
2014-03-21 15:48:01,platform.twitter.com
2014-03-21 15:48:01,ajax.googleapis.com
2014-03-21 15:48:02,www.footmarseille.com
2014-03-21 15:48:03,www.footmarseille.com
2014-03-21 15:48:18,www.livefoot.fr
2014-03-21 15:48:33,twitter.com
2014-03-21 15:48:37,sb-ssl.google.com
2014-03-21 15:48:38,safebrowsing.clients.google.com
2014-03-21 15:48:39,safebrowsing-cache.google.com
2014-03-21 15:48:46,www.google.com
2014-03-21 15:49:57,www.google.fr
2014-03-21 15:50:54,apis.google.com
2014-03-21 15:50:57,accounts.google.com
2014-03-21 15:51:19,www.google.fr
2014-03-21 15:51:19,fr.wikibooks.org
2014-03-21 15:51:19,bits.wikimedia.org
2014-03-21 15:51:20,login.wikimedia.org
2014-03-21 15:51:20,bits.wikimedia.org
2014-03-21 15:51:21,meta.wikimedia.org
2014-03-21 15:51:32,www.google.fr
2014-03-21 15:51:33,www.google.com
2014-03-21 15:51:33,fr.openclassrooms.com
2014-03-21 15:51:34,www.google.com
2014-03-21 15:51:34,doug1izaerwt3.cloudfront.net
2014-03-21 15:51:34,dnn506yrbagrg.cloudfront.net
2014-03-21 15:51:40,ocsp.digicert.com
2014-03-21 15:51:43,ocsp.digicert.com
2014-03-21 15:51:48,ocsp.verisign.com
2014-03-21 15:51:49,www.google.com
2014-03-21 15:51:52,fr.openclassrooms.com
2014-03-21 15:51:53,dnn506yrbagrg.cloudfront.net
2014-03-21 15:51:53,www.google.com
2014-03-21 15:51:53,fr.openclassrooms.com
2014-03-21 15:51:53,doug1izaerwt3.cloudfront.net
2014-03-21 15:52:00,www.google.com
2014-03-21 15:52:31,fr.openclassrooms.com
2014-03-21 15:52:34,doug1izaerwt3.cloudfront.net
2014-03-21 15:52:34,www.google.com
2014-03-21 15:52:34,fr.openclassrooms.com
2014-03-21 15:52:37,www.google.com
2014-03-21 15:52:38,fr.openclassrooms.com
2014-03-21 15:52:39,ocsp.verisign.com
2014-03-21 15:52:39,match.rtbidder.net
2014-03-21 15:52:40,ocsp.godaddy.com
2014-03-21 15:53:30,ocsp.verisign.com
2014-03-21 15:54:13,www.google.fr
2014-03-21 15:55:33,ocsp.digicert.com
2014-03-21 15:55:34,www.googleapis.com
2014-03-21 15:57:48,fr.openclassrooms.com
2014-03-21 15:57:49,www.google.com
2014-03-21 15:57:49,fr.openclassrooms.com
2014-03-21 15:57:50,doug1izaerwt3.cloudfront.net
2014-03-21 15:57:51,www.google.com
2014-03-21 15:57:52,fr.openclassrooms.com
2014-03-21 16:00:46,www.googleapis.com
2014-03-21 16:16:45,safebrowsing-cache.google.com
2014-03-21 16:16:45,safebrowsing.clients.google.com
2014-03-21 16:16:46,safebrowsing-cache.google.com
2014-03-21 16:47:52,safebrowsing-cache.google.com
2014-03-21 16:47:52,safebrowsing.clients.google.com
2014-03-21 16:47:53,safebrowsing-cache.google.com
2014-03-21 17:16:53,www.google.com
2014-03-21 17:16:56,clients1.google.com
2014-03-21 17:16:56,gtglobal-ocsp.geotrust.com
2014-03-21 17:16:59,ba.commentcamarche.net
2014-03-21 17:16:59,www.google.fr
2014-03-21 17:16:59,www.commentcamarche.net
2014-03-21 17:16:59,static.ccm2.net
2014-03-21 17:16:59,r.ccmbg.com
2014-03-21 17:16:59,clients1.google.com
2014-03-21 17:16:59,platform.twitter.com
2014-03-21 17:16:59,www.facebook.com
2014-03-21 17:17:01,ba.commentcamarche.net
2014-03-21 17:17:01,connect.facebook.net
2014-03-21 17:17:01,clients1.google.com
2014-03-21 17:17:01,static.ccm2.net
2014-03-21 17:17:02,static.ak.facebook.com
2014-03-21 17:17:02,s-static.ak.facebook.com
2014-03-21 17:17:03,pixel.alephd.com
2014-03-21 17:17:03,loadr.exelator.com
2014-03-21 17:17:04,platform.twitter.com
2014-03-21 17:17:04,ba.commentcamarche.net
2014-03-21 17:17:04,static.ccmbg.com
2014-03-21 17:17:04,www.facebook.com
2014-03-21 17:17:04,static.ccm2.net
2014-03-21 17:17:05,www.commentcamarche.net
2014-03-21 17:17:05,gtssl-ocsp.geotrust.com
2014-03-21 17:17:05,static.ccm2.net
2014-03-21 17:17:05,www.facebook.com
2014-03-21 17:17:31,www.google.fr
2014-03-21 17:17:32,www.developpez.net
2014-03-21 17:17:32,www.google.com
2014-03-21 17:17:32,ajax.googleapis.com
2014-03-21 17:17:33,www.google.com
2014-03-21 17:17:33,www.developpez.net
2014-03-21 17:17:34,twitter.com
2014-03-21 17:17:34,sync.uuidcshmg.com
2014-03-21 17:17:34,www.developpez.net
2014-03-21 17:18:16,www.google.fr
2014-03-21 17:18:17,fr.openclassrooms.com
2014-03-21 17:18:18,www.google.com
2014-03-21 17:18:18,fr.openclassrooms.com
2014-03-21 17:18:18,doug1izaerwt3.cloudfront.net
2014-03-21 17:18:18,dnn506yrbagrg.cloudfront.net
2014-03-21 17:18:20,www.google.com
2014-03-21 17:18:21,fr.openclassrooms.com
2014-03-21 17:18:23,fr.openclassrooms.com
2014-03-21 17:18:25,fr.openclassrooms.com
2014-03-21 17:18:26,fr.openclassrooms.com
2014-03-21 17:18:27,fr.openclassrooms.com
2014-03-21 17:18:28,dsp.active-agent.com
2014-03-21 17:18:53,safebrowsing.clients.google.com
2014-03-21 17:18:53,safebrowsing-cache.google.com
2014-03-21 17:18:54,safebrowsing-cache.google.com
2014-03-21 17:19:53,www.google.com
2014-03-21 17:19:54,ajax.googleapis.com
2014-03-21 17:20:27,www.google.fr
2014-03-21 17:21:17,www.googleapis.com
2014-03-21 17:25:25,www.google.com
2014-03-21 17:28:25,www.google.com
2014-03-21 17:28:26,www.google.fr
2014-03-21 17:37:55,ocsp.usertrust.com
2014-03-21 17:37:55,ocsp.tcs.terena.org
2014-04-04 13:30:41,clients1.google.com
2014-04-04 13:30:41,gtglobal-ocsp.geotrust.com
2014-04-04 13:30:41,ocsp.thawte.com
2014-04-04 13:31:02,clients1.google.com
2014-04-04 13:31:12,clients1.google.com
2014-04-04 13:31:25,www.google.fr
2014-04-04 13:31:26,ocsp.tcs.terena.org
2014-04-04 13:31:26,clients1.google.com
2014-04-04 13:31:26,ocsp.usertrust.com
2014-04-04 13:31:27,clients1.google.com
2014-04-04 13:31:55,safebrowsing.clients.google.com
2014-04-04 13:31:55,safebrowsing-cache.google.com
2014-04-04 13:33:36,sb-ssl.google.com
2014-04-04 13:33:37,www.google.fr
2014-04-04 13:33:37,www.google.com
2014-04-04 13:33:37,apis.google.com
2014-04-04 13:36:25,clients1.google.com
2014-04-04 13:36:25,ocsp.thawte.com
2014-04-04 13:36:25,gtglobal-ocsp.geotrust.com
2014-04-04 13:36:38,safebrowsing-cache.google.com
2014-04-04 13:36:38,safebrowsing.clients.google.com
2014-04-04 13:36:39,safebrowsing-cache.google.com
2014-04-04 13:38:44,clients1.google.com
2014-04-04 13:38:44,ocsp.tcs.terena.org
2014-04-04 13:38:44,ocsp.usertrust.com
2014-04-04 13:38:45,clients1.google.com
2014-04-04 13:39:20,sb-ssl.google.com
2014-04-04 13:44:16,ocsp.verisign.com
2014-04-04 13:46:16,ocsp.digicert.com
2014-04-04 14:07:07,safebrowsing.clients.google.com
2014-04-04 14:07:07,safebrowsing-cache.google.com
2014-04-04 14:29:44,clients1.google.com
2014-04-04 14:32:41,apis.google.com
2014-04-04 14:32:43,www.google.com
2014-04-04 14:32:44,www.google.fr
2014-04-04 14:37:24,safebrowsing.clients.google.com
2014-04-04 14:37:24,safebrowsing-cache.google.com
2014-04-04 14:37:25,safebrowsing-cache.google.com
2014-04-04 15:08:41,safebrowsing-cache.google.com
2014-04-04 15:08:41,safebrowsing.clients.google.com
2014-04-04 15:08:42,safebrowsing-cache.google.com
2014-04-18 13:44:14,ocsp.thawte.com
2014-04-18 13:44:14,clients1.google.com
2014-04-18 13:44:14,gtglobal-ocsp.geotrust.com
2014-04-18 13:44:31,www.google.com
2014-04-18 13:44:32,clients1.google.com
2014-04-18 13:44:39,www.google.fr
2014-04-18 13:44:40,www.sncf.com
2014-04-18 13:44:40,www.google.fr
2014-04-18 13:44:41,www.sncf.com
2014-04-18 13:44:42,www.sncf.com
2014-04-18 13:44:43,www.sncf.com
2014-04-18 13:44:44,www.sncf.com
2014-04-18 13:44:48,www.sncf.com
2014-04-18 13:45:10,www.sncf.com
2014-04-18 13:45:10,www.voyages-sncf.com
2014-04-18 13:45:10,www.squid-cache.org
2014-04-18 13:45:11,www.voyages-sncf.com
2014-04-18 13:45:20,www.sncf.com
2014-04-18 13:45:20,www.voyages-sncf.com
2014-04-18 13:45:27,www.sncf.com
2014-04-18 13:45:27,www.voyages-sncf.com
2014-04-18 13:45:46,www.google.fr
2014-04-18 13:45:46,sb-ssl.google.com
2014-04-18 13:45:46,apis.google.com
2014-04-18 13:45:46,www.google.com
2014-04-18 13:45:46,mw2.google.com
2014-04-18 14:14:46,www.facebook.com
2014-04-18 14:14:47,disqus.com
2014-04-18 14:14:51,www.foot01.com
2014-04-18 14:14:52,platform.twitter.com
2014-04-18 14:14:52,s1.spacefoot.com
2014-04-18 14:14:52,s3.spacefoot.com
2014-04-18 14:14:52,www.spacefoot.com
2014-04-18 14:14:53,nb-commons.storage.googleapis.com
2014-04-18 14:14:53,s2.spacefoot.com
2014-04-18 14:14:53,connect.facebook.net
2014-04-18 14:14:53,platform.twitter.com
2014-04-18 14:14:54,s-static.ak.facebook.com
2014-04-18 14:14:54,s1.spacefoot.com
2014-04-18 14:14:54,static.ak.facebook.com
2014-04-18 14:14:54,platform.twitter.com
2014-04-18 14:14:54,s3.spacefoot.com
2014-04-18 14:14:55,data.decathlon.fr
2014-04-18 14:14:55,s1.spacefoot.com
2014-04-18 14:14:56,s1.spacefoot.com
2014-04-18 14:14:56,apis.google.com
2014-04-18 14:14:56,www.spacefoot.com
2014-04-18 14:14:57,www.facebook.com
2014-04-18 14:14:57,www.spacefoot.com
2014-04-18 14:14:57,s1.spacefoot.com
2014-04-18 14:14:57,emauoq3juf.s.ad6media.fr
2014-04-18 14:14:57,platform.twitter.com
2014-04-18 14:14:57,s3.spacefoot.com
2014-04-18 14:14:59,nb-commons.storage.googleapis.com
2014-04-18 14:15:00,connect.facebook.net
2014-04-18 14:15:00,s2.spacefoot.com
2014-04-18 14:15:00,platform.twitter.com
2014-04-18 14:15:00,static.ak.facebook.com
2014-04-18 14:15:00,s1.spacefoot.com
2014-04-18 14:15:00,s-static.ak.facebook.com
2014-04-18 14:15:02,www.facebook.com
2014-04-18 14:15:02,emauoq3juf.s.ad6media.fr
2014-04-18 14:15:02,www.spacefoot.com
2014-04-18 14:15:03,platform.twitter.com
2014-04-18 14:15:04,www.sport.fr
2014-04-18 14:15:05,www.sport.fr
2014-04-18 14:15:07,www.audienceinsights.net
2014-04-18 14:15:07,adhosting.adxcore.com
2014-04-18 14:15:07,www.easyvoyage.com
2014-04-18 14:15:08,www.audienceinsights.net
2014-04-18 14:15:08,img.ev.mu
2014-04-18 14:15:08,www.easyvoyage.com
2014-04-18 14:15:08,ea.easyvoyage.com
2014-04-18 14:15:10,d1m6l9dfulcyw7.cloudfront.net
2014-04-18 14:15:10,ea.easyvoyage.com
2014-04-18 14:15:11,ocsp.thawte.com
2014-04-18 14:15:11,www.facebook.com
2014-04-18 14:15:12,www.google.fr
2014-04-18 14:15:12,user-disp.tidaltv.com
2014-04-18 14:15:12,www.google.com
2014-04-18 14:15:12,era.easyvoyage.com
2014-04-18 14:15:12,www.easyvoyage.com
2014-04-18 14:15:13,www.easyvoyage.com
2014-04-18 14:15:13,static.ak.facebook.com
2014-04-18 14:15:13,era.easyvoyage.com
2014-04-18 14:15:13,s-static.ak.facebook.com
2014-04-18 14:15:13,www.facebook.com
2014-04-18 14:15:32,twitter.com
2014-04-18 14:15:33,twitter.com
2014-04-18 14:15:33,syndication.twitter.com
2014-04-18 14:15:43,www.sport.fr
2014-04-18 14:15:43,twitter.com
2014-04-18 14:16:32,apis.google.com
2014-04-18 14:16:33,nb-commons.storage.googleapis.com
2014-04-18 14:16:33,www.spacefoot.com
2014-04-18 14:16:33,platform.twitter.com
2014-04-18 14:16:33,s3.spacefoot.com
2014-04-18 14:16:33,s1.spacefoot.com
2014-04-18 14:16:34,platform.twitter.com
2014-04-18 14:16:34,s2.spacefoot.com
2014-04-18 14:16:34,connect.facebook.net
2014-04-18 14:16:34,s1.spacefoot.com
2014-04-18 14:16:35,static.ak.facebook.com
2014-04-18 14:16:35,www.facebook.com
2014-04-18 14:16:35,www.spacefoot.com
2014-04-18 14:16:35,s1.spacefoot.com
2014-04-18 14:16:35,s-static.ak.facebook.com
2014-04-18 14:16:35,emauoq3juf.s.ad6media.fr
2014-04-18 14:16:36,platform.twitter.com
2014-04-18 14:16:36,eu-static04.sociomantic.com
2014-04-18 14:16:36,creative.metalyzer.com
2014-04-18 14:16:37,eu-static04.sociomantic.com
2014-04-18 14:16:51,tracking.eurosport.com
2014-04-18 14:16:51,layout3.eurosport.com
2014-04-18 14:16:51,layout1.eurosport.com
2014-04-18 14:16:51,mercato.eurosport.fr
2014-04-18 14:16:51,layout4.eurosport.com
2014-04-18 14:16:52,www.facebook.com
2014-04-18 14:16:53,layout.eurosport.com
2014-04-18 14:16:55,www.google.com
2014-04-18 14:16:55,www.google.fr
2014-04-18 14:16:55,x2.vindicosuite.com
2014-04-18 14:16:57,www.livefoot.fr
2014-04-18 14:16:57,api.adyoulike.com
2014-04-18 14:16:58,www.facebook.com
2014-04-18 14:16:59,www.facebook.com
2014-04-18 14:16:59,eurosportbet.loa24.com
2014-04-18 14:17:01,i5.eurosport.com
2014-04-18 14:17:01,i2.eurosport.com
2014-04-18 14:17:01,i3.eurosport.com
2014-04-18 14:17:01,fhnwrjfvou.s.ad6media.fr
2014-04-18 14:17:01,layout1.eurosport.com
2014-04-18 14:17:01,i4.eurosport.com
2014-04-18 14:17:02,s-static.ak.facebook.com
2014-04-18 14:17:02,go.disqus.com
2014-04-18 14:17:02,www.facebook.com
2014-04-18 14:17:02,layout2.eurosport.com
2014-04-18 14:17:02,www.newsring.fr
2014-04-18 14:17:02,eurosport-fr.disqus.com
2014-04-18 14:17:02,platform.twitter.com
2014-04-18 14:17:02,static.ak.facebook.com
2014-04-18 14:17:02,mercato.eurosport.fr
2014-04-18 14:17:03,go.disqus.com
2014-04-18 14:17:03,www.facebook.com
2014-04-18 14:17:03,eurosport-fr.disqus.com
2014-04-18 14:17:03,www.newsring.fr
2014-04-18 14:17:03,eurosportbet.loa24.com
2014-04-18 14:17:03,gtssl-ocsp.geotrust.com
2014-04-18 14:17:04,debats.terrafemina.com
2014-04-18 14:17:04,eurosportbet.loa24.com
2014-04-18 14:17:04,www.football-mag.fr
2014-04-18 14:17:04,disqus.com
2014-04-18 14:17:05,syndication.twitter.com
2014-04-18 14:17:08,disqus.com
2014-04-18 14:17:08,mercato.eurosport.fr
2014-04-18 14:17:09,www.facebook.com
2014-04-18 14:17:09,mercato.eurosport.fr
2014-04-18 14:17:09,disqus.com
2014-04-18 14:17:10,static.ak.facebook.com
2014-04-18 14:17:10,layout.eurosport.com
2014-04-18 14:17:10,s-static.ak.facebook.com
2014-04-18 14:17:10,disqus.com
2014-04-18 14:17:11,go.flx1.com
2014-04-18 14:17:11,disqus.com
2014-04-18 14:17:11,s374.meetrics.net
2014-04-18 14:17:12,go.flx1.com
2014-04-18 14:17:13,www.facebook.com
2014-04-18 14:17:21,twitter.com
2014-04-18 14:17:48,mercato.eurosport.fr
2014-04-18 14:17:49,tracking.eurosport.com
2014-04-18 14:17:49,www.facebook.com
2014-04-18 14:17:51,www.google.com
2014-04-18 14:17:51,www.google.fr
2014-04-18 14:17:51,eurosportbet.loa24.com
2014-04-18 14:17:52,www.newsring.fr
2014-04-18 14:17:52,eurosportbet.loa24.com
2014-04-18 14:17:52,platform.twitter.com
2014-04-18 14:17:52,www.facebook.com
2014-04-18 14:17:52,layout5.eurosport.com
2014-04-18 14:17:52,go.disqus.com
2014-04-18 14:17:52,s-static.ak.facebook.com
2014-04-18 14:17:52,eurosport-fr.disqus.com
2014-04-18 14:17:52,static.ak.facebook.com
2014-04-18 14:17:53,debats.terrafemina.com
2014-04-18 14:17:53,disqus.com
2014-04-18 14:17:53,www.facebook.com
2014-04-18 14:17:54,disqus.com
2014-04-18 14:17:55,disqus.com
2014-04-18 14:18:23,twitter.com
2014-04-18 14:18:50,www.facebook.com
2014-04-18 14:18:58,b12.myspace.com
2014-04-18 14:19:04,w.sharethis.com
2014-04-18 14:19:04,www.livefoot.fr
2014-04-18 14:19:04,img1.cfstatic.com
2014-04-18 14:19:05,www.facebook.com
2014-04-18 14:19:05,images.performgroup.com
2014-04-18 14:19:06,www.chronofoot.com
2014-04-18 14:19:06,tv.cfstatic.com
2014-04-18 14:19:07,w.sharethis.com
2014-04-18 14:19:07,edge.sharethis.com
2014-04-18 14:19:07,tv.cfstatic.com
2014-04-18 14:19:08,wd.sharethis.com
2014-04-18 14:19:08,w.sharethis.com
2014-04-18 14:19:08,connect.facebook.net
2014-04-18 14:19:08,static.ak.facebook.com
2014-04-18 14:19:08,tv.cfstatic.com
2014-04-18 14:19:08,s-static.ak.facebook.com
2014-04-18 14:19:09,www.facebook.com
2014-04-18 14:19:16,tv.chronofoot.com
2014-04-18 14:19:37,twitter.com
2014-04-18 14:19:42,www.spacefoot.com
2014-04-18 14:19:43,static.ak.facebook.com
2014-04-18 14:19:44,platform.twitter.com
2014-04-18 14:19:44,emauoq3juf.s.ad6media.fr
2014-04-18 14:19:44,s-static.ak.facebook.com
2014-04-18 14:19:44,www.spacefoot.com
2014-04-18 14:19:44,www.facebook.com
2014-04-18 14:20:00,safebrowsing-cache.google.com
2014-04-18 14:20:00,safebrowsing.clients.google.com
2014-04-18 14:20:09,lequipe.fr
2014-04-18 14:20:09,www.lequipe.fr
2014-04-18 14:20:10,medias.lequipe.fr
2014-04-18 14:20:10,widget.achetezfacile.com
2014-04-18 14:20:10,sa.kewego.com
2014-04-18 14:20:10,static.lequipe.fr
2014-04-18 14:20:10,www.lequipe.fr
2014-04-18 14:20:11,platform.twitter.com
2014-04-18 14:20:11,static.lequipe.fr
2014-04-18 14:20:11,www.lequipe.fr
2014-04-18 14:20:11,www.facebook.com
2014-04-18 14:20:12,mediaspub.lequipe.fr
2014-04-18 14:20:12,netstorage.lequipe.fr
2014-04-18 14:20:12,widget.achetezfacile.com
2014-04-18 14:20:12,static.lequipe.fr
2014-04-18 14:20:12,medias.lequipe.fr
2014-04-18 14:20:12,www.lequipe.fr
2014-04-18 14:20:13,netstorage.lequipe.fr
2014-04-18 14:20:14,i.htfacile.fr
2014-04-18 14:20:14,netstorage.lequipe.fr
2014-04-18 14:20:14,ajax.googleapis.com
2014-04-18 14:20:14,syndication.twitter.com
2014-04-18 14:20:15,i.htfacile.fr
2014-04-18 14:20:15,ta.kewego.com
2014-04-18 14:20:15,www.lequipe.fr
2014-04-18 14:20:15,sa.kewego.com
2014-04-18 14:20:15,medias.lequipe.fr
2014-04-18 14:20:15,static.lequipe.fr
2014-04-18 14:20:16,twitter.com
2014-04-18 14:20:16,www.lequipe.fr
2014-04-18 14:20:16,ocsp.thawte.com
2014-04-18 14:20:17,static.lequipe.fr
2014-04-18 14:20:17,www.facebook.com
2014-04-18 14:20:17,widget.achetezfacile.com
2014-04-18 14:20:17,netstorage.lequipe.fr
2014-04-18 14:20:17,i.htfacile.fr
2014-04-18 14:20:17,medias.lequipe.fr
2014-04-18 14:20:18,netstorage.lequipe.fr
2014-04-18 14:20:19,ta.kewego.com
2014-04-18 14:20:19,fr.ad4mat.net
2014-04-18 14:20:20,fr.ad4mat.net
2014-04-18 14:20:21,banniere.reussissonsensemble.fr
2014-04-18 14:20:21,ad.publicidees.com
2014-04-18 14:20:21,www.comptoirsante.com
2014-04-18 14:20:29,twitter.com
2014-04-18 14:20:35,static.lequipe.fr
2014-04-18 14:20:35,160.92.123.193
2014-04-18 14:20:35,video.lequipe.fr
2014-04-18 14:20:35,sa.kewego.com
2014-04-18 14:20:35,ta.kewego.com
2014-04-18 14:20:36,s.kewego.com
2014-04-18 14:20:36,video.lequipe.fr
2014-04-18 14:20:36,ta.kewego.com
2014-04-18 14:20:36,www.lequipe.fr
2014-04-18 14:20:37,static.ak.facebook.com
2014-04-18 14:20:38,s-static.ak.facebook.com
2014-04-18 14:20:38,www.facebook.com
2014-04-18 14:20:38,www.lequipe.fr
2014-04-18 14:20:38,static.lequipe.fr
2014-04-18 14:20:39,ta.kewego.com
2014-04-18 14:20:39,s374.meetrics.net
2014-04-18 14:20:39,www.lequipe.fr
2014-04-18 14:21:03,video.lequipe.fr
2014-04-18 14:21:09,twitter.com
2014-04-18 14:21:20,video.lequipe.fr
2014-04-18 14:21:20,www.lequipe.fr
2014-04-18 14:21:21,www.lequipe.fr
2014-04-18 14:21:40,pbs.twimg.com
2014-04-18 14:21:44,lequipe.fr
2014-04-18 14:21:44,www.lequipe.fr
2014-04-18 14:21:44,sa.kewego.com
2014-04-18 14:21:45,www.facebook.com
2014-04-18 14:21:45,www.lequipe.fr
2014-04-18 14:21:45,static.lequipe.fr
2014-04-18 14:21:45,widget.achetezfacile.com
2014-04-18 14:21:46,i.htfacile.fr
2014-04-18 14:21:47,www.lequipe.fr
2014-04-18 14:21:49,www.lequipe.fr
2014-04-18 14:21:49,sa.kewego.com
2014-04-18 14:21:50,www.facebook.com
2014-04-18 14:21:50,static.lequipe.fr
2014-04-18 14:21:50,www.lequipe.fr
2014-04-18 14:21:50,widget.achetezfacile.com
2014-04-18 14:21:51,i.htfacile.fr
2014-04-18 14:21:52,www.lequipe.fr
2014-04-18 14:21:52,medias.lequipe.fr
2014-04-18 14:21:53,static.lequipe.fr
2014-04-18 14:21:53,www.facebook.com
2014-04-18 14:21:54,netstorage.lequipe.fr
2014-04-18 14:21:54,widget.achetezfacile.com
2014-04-18 14:21:54,static.lequipe.fr
2014-04-18 14:21:54,www.lequipe.fr
2014-04-18 14:21:54,medias.lequipe.fr
2014-04-18 14:21:55,its.tradelab.fr
2014-04-18 14:21:57,medias.lequipe.fr
2014-04-18 14:21:58,i1-js-14-3-01-10077-616254021-i.init.cedexis-radar.net
2014-04-18 14:21:58,i1-js-14-3-01-10077-950295303-i.init.cedexis-radar.net
2014-04-18 14:21:58,i1-js-14-3-01-10077-422018867-i.init.cedexis-radar.net
2014-04-18 14:21:58,i1-js-14-3-01-10077-375893498-i.init.cedexis-radar.net
2014-04-18 14:21:58,i1-js-14-3-01-10077-468240737-i.init.cedexis-radar.net
2014-04-18 14:21:58,i1-js-14-3-01-10077-795878174-i.init.cedexis-radar.net
2014-04-18 14:22:00,its.tradelab.fr
2014-04-18 14:22:01,its.tradelab.fr
2014-04-18 14:22:02,160.92.123.193
2014-04-18 14:22:24,twitter.com
2014-04-18 14:22:53,www.youtube.com
2014-04-18 14:22:53,s.ytimg.com
2014-04-18 14:22:53,www.youtube-nocookie.com
2014-04-18 14:22:53,r2---sn-gxo5uxg-jqbe.googlevideo.com
2014-04-18 14:22:53,www.google.fr
2014-04-18 14:22:54,s.ytimg.com
2014-04-18 14:22:54,i1.ytimg.com
2014-04-18 14:22:55,s.ytimg.com
2014-04-18 14:22:55,s.youtube.com
2014-04-18 14:22:56,www.google.com
2014-04-18 14:22:56,s.ytimg.com
2014-04-18 14:22:56,clients1.google.com
2014-04-18 14:22:58,www.youtube.com
2014-04-18 14:22:58,get.adobe.com
2014-04-18 14:22:59,wwwimages.adobe.com
2014-04-18 14:22:59,s.ytimg.com
2014-04-18 14:22:59,get.adobe.com
2014-04-18 14:22:59,i1.ytimg.com
2014-04-18 14:23:00,get.adobe.com
2014-04-18 14:23:00,stats.adobe.com
2014-04-18 14:23:00,wwwimages.adobe.com
2014-04-18 14:23:00,p.typekit.net
2014-04-18 14:23:00,www.adobe.com
2014-04-18 14:23:20,r2---sn-gxo5uxg-jqbe.googlevideo.com
2014-04-18 14:23:20,s.ytimg.com
2014-04-18 14:23:21,i1.ytimg.com
2014-04-18 14:23:21,s.youtube.com
2014-04-18 14:23:24,www.youtube.com
2014-04-18 14:23:33,accounts.google.com
2014-04-18 14:23:44,www.google.fr
2014-04-18 14:23:45,www.dailymotion.com
2014-04-18 14:23:46,s-static.ak.facebook.com
2014-04-18 14:23:46,static.ak.facebook.com
2014-04-18 14:23:46,www.dailymotion.com
2014-04-18 14:23:47,www.dailymotion.com
2014-04-18 14:23:49,www.dailymotion.com
2014-04-18 14:23:49,www.facebook.com
2014-04-18 14:23:50,http.tidaltv.com
2014-04-18 14:23:50,get.adobe.com
2014-04-18 14:23:50,eu-static09.sociomantic.com
2014-04-18 14:23:50,creative.metalyzer.com
2014-04-18 14:23:51,eu-static09.sociomantic.com
2014-04-18 14:23:51,p.typekit.net
2014-04-18 14:23:53,stats.adobe.com
2014-04-18 14:23:55,gtssl-ocsp.geotrust.com
2014-04-18 14:24:08,ocsp.digicert.com
2014-04-18 14:24:10,www.dailymotion.com
2014-04-18 14:24:11,hal9000.redintelligence.net
2014-04-18 14:24:12,n12.hal9000.redintelligence.net
2014-04-18 14:24:12,ad.publicidees.com
2014-04-18 14:24:12,banniere.reussissonsensemble.fr
2014-04-18 14:24:13,ocsp.usertrust.com
2014-04-18 14:24:13,ocsp.comodoca.com
2014-04-18 14:24:13,banniere.reussissonsensemble.fr
2014-04-18 14:24:17,get.adobe.com
2014-04-18 14:24:18,get.adobe.com
2014-04-18 14:24:18,stats.adobe.com
2014-04-18 14:24:18,p.typekit.net
2014-04-18 14:24:19,twitter.com
2014-04-18 14:24:22,get.adobe.com
2014-04-18 14:24:22,p.typekit.net
2014-04-18 14:24:25,linuxdownload.adobe.com
2014-04-18 14:24:31,www.dailymotion.com
2014-04-18 14:24:33,eu-static06.sociomantic.com
2014-04-18 14:24:33,creative.metalyzer.com
2014-04-18 14:24:36,eu-static06.sociomantic.com
2014-04-18 14:24:39,www.dailymotion.com
2014-04-18 14:24:40,http.tidaltv.com
2014-04-18 14:24:52,www.dailymotion.com
2014-04-18 14:24:53,hal9000.redintelligence.net
2014-04-18 14:24:54,www.uaredesign.com
2014-04-18 14:25:04,www.google.com
2014-04-18 14:25:13,www.dailymotion.com
2014-04-18 14:25:30,www.dailymotion.com
2014-04-18 14:25:33,http.tidaltv.com
2014-04-18 14:25:34,www.dailymotion.com
2014-04-18 14:25:36,up.adki.com
2014-04-18 14:25:43,platform.twitter.com
2014-04-18 14:25:51,apis.google.com
2014-04-18 14:25:54,yt3.ggpht.com
2014-04-18 14:25:56,www.dailymotion.com
2014-04-18 14:26:13,get3.adobe.com
2014-04-18 14:26:18,www.dailymotion.com
2014-04-18 14:26:19,i1.ytimg.com
2014-04-18 14:26:20,choices.truste.com
2014-04-18 14:26:21,plus.googleapis.com
2014-04-18 14:26:23,http.tidaltv.com
2014-04-18 14:26:23,www.dailymotion.com
2014-04-18 14:26:32,get.adobe.com
2014-04-18 14:26:33,get.adobe.com
2014-04-18 14:26:35,p.typekit.net
2014-04-18 14:26:36,stats.adobe.com
2014-04-18 14:26:36,survey.foreseeresults.com
2014-04-18 14:26:37,survey.foreseeresults.com
2014-04-18 14:26:38,survey.foreseeresults.com
2014-04-18 14:26:38,events.foreseeresults.com
2014-04-18 14:26:39,www.dailymotion.com
2014-04-18 14:26:39,www.google.fr
2014-04-18 14:26:40,www.adobe.com
2014-04-18 14:26:43,survey.foreseeresults.com
2014-04-18 14:26:43,events.foreseeresults.com
2014-04-18 14:26:55,get.adobe.com
2014-04-18 14:26:56,p.typekit.net
2014-04-18 14:26:58,fpdownload.macromedia.com
2014-04-18 14:27:00,www.dailymotion.com
2014-04-18 14:27:13,www.dailymotion.com
2014-04-18 14:27:14,http.tidaltv.com
2014-04-18 14:27:15,http.tidaltv.com
2014-04-18 14:27:21,www.dailymotion.com
2014-04-18 14:27:22,www.dailymotion.com
2014-04-18 14:27:24,choices.truste.com
2014-04-18 14:27:27,www.dailymotion.com
2014-04-18 14:27:28,www.dailymotion.com
2014-04-18 14:27:28,connect.facebook.net
2014-04-18 14:27:29,s-static.ak.facebook.com
2014-04-18 14:27:29,static.ak.facebook.com
2014-04-18 14:27:29,www.dailymotion.com
2014-04-18 14:27:29,platform.twitter.com
2014-04-18 14:27:30,www.facebook.com
2014-04-18 14:27:31,www.dailymotion.com
2014-04-18 14:27:32,http.tidaltv.com
2014-04-18 14:27:32,www.dailymotion.com
2014-04-18 14:27:44,www.mozilla.org
2014-04-18 14:27:46,ocsp.digicert.com
2014-04-18 14:27:52,www.mozilla.org
2014-04-18 14:27:56,www.dailymotion.com
2014-04-18 14:28:00,twitter.com
2014-04-18 14:28:18,www.dailymotion.com
2014-04-18 14:28:22,http.tidaltv.com
2014-04-18 14:28:22,www.dailymotion.com
2014-04-18 14:28:31,get3.adobe.com
2014-04-18 14:28:39,www.dailymotion.com
2014-04-18 14:29:01,www.dailymotion.com
2014-04-18 14:29:12,www.dailymotion.com
2014-04-18 14:29:13,http.tidaltv.com
2014-04-18 14:29:23,www.dailymotion.com
2014-04-18 14:29:24,platform.twitter.com
2014-04-18 14:29:45,www.dailymotion.com
2014-04-18 14:30:03,www.dailymotion.com
2014-04-18 14:30:06,www.dailymotion.com
2014-04-18 14:30:27,www.dailymotion.com
2014-04-18 14:30:49,www.dailymotion.com
2014-04-18 14:31:12,www.dailymotion.com
2014-04-18 14:31:13,ocsp.digicert.com
2014-04-18 14:31:13,ocsp2.globalsign.com
2014-04-18 14:31:13,ci.impdesk.com
2014-04-18 14:31:33,www.dailymotion.com
2014-04-18 14:31:56,www.dailymotion.com
2014-04-18 14:32:08,www.dailymotion.com
2014-04-18 14:32:17,www.dailymotion.com
2014-04-18 14:32:36,images.orangepublicite.fr
2014-04-18 14:32:36,eulerian.telechargement.fr
2014-04-18 14:32:56,www.dailymotion.com
2014-04-18 14:33:17,www.dailymotion.com
2014-04-18 14:33:55,www.dailymotion.com
2014-04-18 14:34:16,www.dailymotion.com
2014-04-18 14:34:37,www.dailymotion.com
2014-04-18 14:34:39,www.audienceinsights.net
2014-04-18 14:34:59,www.dailymotion.com
2014-04-18 14:35:46,get.adobe.com
2014-04-18 14:35:47,get.adobe.com
2014-04-18 14:35:47,p.typekit.net
2014-04-18 14:35:48,stats.adobe.com
2014-04-18 14:36:03,get.adobe.com
2014-04-18 14:36:04,p.typekit.net
2014-04-18 14:36:06,fpdownload.macromedia.com
2014-04-18 14:36:48,www.google.com
2014-04-18 14:36:57,www.google.fr
2014-04-18 14:36:57,www.commentcamarche.net
2014-04-18 14:36:57,static.ccm2.net
2014-04-18 14:36:57,r.ccmbg.com
2014-04-18 14:36:57,ba.commentcamarche.net
2014-04-18 14:36:58,platform.twitter.com
2014-04-18 14:36:58,static.ccm2.net
2014-04-18 14:36:58,kh6qrx0f8h.s.ad6media.fr
2014-04-18 14:36:58,ba.commentcamarche.net
2014-04-18 14:36:58,www.facebook.com
2014-04-18 14:36:59,ba.commentcamarche.net
2014-04-18 14:36:59,static.ccm2.net
2014-04-18 14:37:00,s-static.ak.facebook.com
2014-04-18 14:37:00,static.ak.facebook.com
2014-04-18 14:37:00,pixel.alephd.com
2014-04-18 14:37:00,ocsp.godaddy.com
2014-04-18 14:37:01,www.commentcamarche.net
2014-04-18 14:37:01,static.ccm2.net
2014-04-18 14:37:01,ba.commentcamarche.net
2014-04-18 14:37:01,www.facebook.com
2014-04-18 14:37:01,platform.twitter.com
2014-04-18 14:37:01,static.ccmbg.com
2014-04-18 14:37:02,www.commentcamarche.net
2014-04-18 14:37:02,static.ccm2.net
2014-04-18 14:37:02,www.facebook.com
2014-04-18 14:37:02,static.ccmbg.com
2014-04-18 14:37:03,www.commentcamarche.net
2014-04-18 14:37:32,twitter.com
2014-04-18 14:37:43,get3.adobe.com
2014-04-18 14:38:33,fpdownload.macromedia.com
2014-04-18 14:38:35,fpdownload.macromedia.com
2014-04-18 14:38:54,www.google.fr
2014-04-18 14:38:56,use.typekit.com
2014-04-18 14:38:56,forums.adobe.com
2014-04-18 14:38:57,forums.adobe.com
2014-04-18 14:38:58,forums.adobe.com
2014-04-18 14:38:59,forums.adobe.com
2014-04-18 14:38:59,p.typekit.net
2014-04-18 14:38:59,wwwimages.adobe.com
2014-04-18 14:38:59,www.google.com
2014-04-18 14:38:59,stats.adobe.com
2014-04-18 14:38:59,use.typekit.com
2014-04-18 14:39:00,forums.adobe.com
2014-04-18 14:39:01,platform.twitter.com
2014-04-18 14:39:14,stats.adobe.com
2014-04-18 14:39:14,doc.ubuntu-fr.org
2014-04-18 14:39:15,doc.ubuntu-fr.org
2014-04-18 14:39:15,www-static.ubuntu-fr.org
2014-04-18 14:39:16,wwwimages.adobe.com
2014-04-18 14:39:16,www-static.ubuntu-fr.org
2014-04-18 14:39:16,doc.ubuntu-fr.org
2014-04-18 14:39:17,www-static.ubuntu-fr.org
2014-04-18 14:39:29,get.adobe.com
2014-04-18 14:39:29,ocsp.verisign.com
2014-04-18 14:39:31,ocsp.verisign.com
2014-04-18 14:39:32,ocsp.verisign.com
2014-04-18 14:39:33,www.adobe.com
2014-04-18 14:39:40,get.adobe.com
2014-04-18 14:39:47,www.google.com
2014-04-18 14:39:48,linuxdownload.adobe.com
2014-04-18 14:39:50,get.adobe.com
2014-04-18 14:39:51,www.google.fr
2014-04-18 14:39:53,ajax.googleapis.com
2014-04-18 14:40:40,p.typekit.net
2014-04-18 14:40:40,get3.adobe.com
2014-04-18 14:42:00,go.microsoft.com
2014-04-18 14:42:00,windows.microsoft.com
2014-04-18 14:42:00,ajax.microsoft.com
2014-04-18 14:42:00,js.microsoft.com
2014-04-18 14:42:00,res1.windows.microsoft.com
2014-04-18 14:42:00,res2.windows.microsoft.com
2014-04-18 14:42:04,www.bing.com
2014-04-18 14:42:07,www.google.fr
2014-04-18 14:42:10,www.google.fr
2014-04-18 14:42:17,www.google.fr
2014-04-18 14:42:21,www.google.fr
2014-04-18 14:42:24,www.google.fr
2014-04-18 14:42:25,apis.google.com
2014-04-18 14:42:28,www.google.com
2014-04-18 14:42:39,www.bing.com
2014-04-18 14:42:40,www.bing.com
2014-04-18 14:42:40,cms.abmr.net
2014-04-18 14:42:41,login.live.com
2014-04-18 14:42:41,www.bing.com
2014-04-18 14:42:43,www.google.fr
2014-04-18 14:42:43,s.ytimg.com
2014-04-18 14:42:43,www.google.com
2014-04-18 14:42:43,apis.google.com
2014-04-18 14:42:44,s.ytimg.com
2014-04-18 14:42:44,www.youtube.com
2014-04-18 14:42:44,i1.ytimg.com
2014-04-18 14:42:44,www.google.fr
2014-04-18 14:42:45,s.ytimg.com
2014-04-18 14:42:45,apis.google.com
2014-04-18 14:42:47,www.youtube.com
2014-04-18 14:42:47,s.ytimg.com
2014-04-18 14:42:47,r3---sn-gxo5uxg-jqbe.googlevideo.com
2014-04-18 14:42:47,s.youtube.com
2014-04-18 14:42:48,s.youtube.com
2014-04-18 14:42:49,s.ytimg.com
2014-04-18 14:42:51,s.ytimg.com
2014-04-18 14:42:51,clients1.google.com
2014-04-18 14:42:52,s.youtube.com
2014-04-18 14:42:56,accounts.google.com
2014-04-18 14:42:56,yt3.ggpht.com
2014-04-18 14:42:57,yt3.ggpht.com
2014-04-18 14:42:57,accounts.google.com
2014-04-18 14:42:57,s.youtube.com
2014-04-18 14:42:58,s.youtube.com
2014-04-18 14:43:00,www.youtube.com
2014-04-18 14:43:02,i1.ytimg.com
2014-04-18 14:43:02,s.youtube.com
2014-04-18 14:43:02,apis.google.com
2014-04-18 14:43:21,clients1.google.com
2014-04-18 14:43:22,clients1.google.com
2014-04-18 14:43:23,clients1.google.com
2014-04-18 14:43:25,clients1.google.com
2014-04-18 14:43:28,i1.ytimg.com
2014-04-18 14:43:28,www.google.fr
2014-04-18 14:43:28,www.google.com
2014-04-18 14:43:28,www.youtube.com
2014-04-18 14:43:28,s.ytimg.com
2014-04-18 14:43:29,ea.numericable.fr
2014-04-18 14:43:30,ad.publicidees.com
2014-04-18 14:43:35,www.youtube.com
2014-04-18 14:43:35,r4---sn-gxo5uxg-jqbe.googlevideo.com
2014-04-18 14:43:35,www.youtube-nocookie.com
2014-04-18 14:43:36,s.ytimg.com
2014-04-18 14:43:36,yt3.ggpht.com
2014-04-18 14:43:36,i1.ytimg.com
2014-04-18 14:43:36,s.youtube.com
2014-04-18 14:43:36,www.google.com
2014-04-18 14:43:36,gdata.youtube.com
2014-04-18 14:43:36,www.youtube.com
2014-04-18 14:43:37,www.youtube.com
2014-04-18 14:43:37,gdata.youtube.com
2014-04-18 14:43:37,i1.ytimg.com
2014-04-18 14:43:37,s.youtube.com
2014-04-18 14:43:37,r3---sn-gxo5uxg-jqbe.googlevideo.com
2014-04-18 14:43:37,apis.google.com
2014-04-18 14:43:40,plus.googleapis.com
2014-04-18 14:43:41,plus.googleapis.com
2014-04-18 14:43:43,s.youtube.com
2014-04-18 14:43:43,plus.googleapis.com
2014-04-18 14:43:44,www.youtube.com
2014-04-18 14:43:44,r4---sn-gxo5uxg-jqbe.googlevideo.com
2014-04-18 14:43:45,www.google.com
2014-04-18 14:43:45,plus.googleapis.com
2014-04-18 14:43:45,r4---sn-gxo5uxg-jqbe.googlevideo.com
2014-04-18 14:43:45,s.youtube.com
2014-04-18 14:43:47,s.youtube.com
2014-04-18 14:43:48,r4---sn-gxo5uxg-jqbe.googlevideo.com
2014-04-18 14:43:49,s.youtube.com
2014-04-18 14:43:52,s.youtube.com
2014-04-18 14:43:55,s.youtube.com
2014-04-18 14:43:57,s.youtube.com
2014-04-18 14:43:59,r4---sn-gxo5uxg-jqbe.googlevideo.com
2014-04-18 14:44:02,s.youtube.com
2014-04-18 14:44:03,r4---sn-gxo5uxg-jqbe.googlevideo.com
2014-04-18 14:44:07,s.youtube.com
2014-04-18 14:44:18,r4---sn-gxo5uxg-jqbe.googlevideo.com
2014-04-18 14:44:20,r4---sn-gxo5uxg-jqbe.googlevideo.com
2014-04-18 14:44:25,s.youtube.com
2014-04-18 14:44:33,r4---sn-gxo5uxg-jqbe.googlevideo.com
2014-04-18 14:44:37,s.youtube.com
2014-04-18 14:44:42,r4---sn-gxo5uxg-jqbe.googlevideo.com
2014-04-18 14:44:48,r4---sn-gxo5uxg-jqbe.googlevideo.com
2014-04-18 14:44:55,s.youtube.com
2014-04-18 14:44:59,ieonline.microsoft.com
2014-04-18 14:44:59,go.microsoft.com
2014-04-18 14:45:03,r4---sn-gxo5uxg-jqbe.googlevideo.com
2014-04-18 14:45:11,r4---sn-gxo5uxg-jqbe.googlevideo.com
2014-04-18 14:45:17,s.youtube.com
2014-04-18 14:45:18,r4---sn-gxo5uxg-jqbe.googlevideo.com
2014-04-18 14:45:25,s.youtube.com
2014-04-18 14:45:33,r4---sn-gxo5uxg-jqbe.googlevideo.com
2014-04-18 14:45:36,r4---sn-gxo5uxg-jqbe.googlevideo.com
2014-04-18 14:45:48,r4---sn-gxo5uxg-jqbe.googlevideo.com
2014-04-18 14:45:55,s.youtube.com
2014-04-18 14:45:56,r4---sn-gxo5uxg-jqbe.googlevideo.com
2014-04-18 14:45:57,s.youtube.com
2014-04-18 14:46:03,r4---sn-gxo5uxg-jqbe.googlevideo.com
2014-04-18 14:46:18,r4---sn-gxo5uxg-jqbe.googlevideo.com
2014-04-18 14:46:21,r4---sn-gxo5uxg-jqbe.googlevideo.com
2014-04-18 14:46:25,s.youtube.com
2014-04-18 14:46:33,r4---sn-gxo5uxg-jqbe.googlevideo.com
2014-04-18 14:46:37,s.youtube.com
2014-04-18 14:46:45,www.youtube.com
2014-04-18 14:46:48,r4---sn-gxo5uxg-jqbe.googlevideo.com
2014-04-18 14:46:55,s.youtube.com
2014-04-18 14:46:57,r4---sn-gxo5uxg-jqbe.googlevideo.com
2014-04-18 14:47:03,r4---sn-gxo5uxg-jqbe.googlevideo.com
2014-04-18 14:47:17,s.youtube.com
2014-04-18 14:47:18,r4---sn-gxo5uxg-jqbe.googlevideo.com
2014-04-18 14:47:25,s.youtube.com
2014-04-18 14:47:52,i1.ytimg.com
2014-04-18 14:47:55,s.youtube.com
2014-04-18 14:47:57,s.youtube.com
2014-04-18 14:48:08,www.youtube.com
2014-04-18 14:48:19,s.youtube.com
2014-04-18 14:48:19,i1.ytimg.com
2014-04-18 14:48:19,r4---sn-gxo5uxg-jqbe.googlevideo.com
2014-04-18 14:48:19,www.youtube.com
2014-04-18 14:48:20,r4---sn-gxo5uxg-jqbe.googlevideo.com
2014-04-18 14:48:20,s.youtube.com
2014-04-18 14:48:20,www.youtube.com
2014-04-18 14:48:25,plus.googleapis.com
2014-04-18 14:48:25,s.youtube.com
2014-04-18 14:48:28,r4---sn-gxo5uxg-jqbe.googlevideo.com
2014-04-18 14:48:28,s.youtube.com
2014-04-18 14:48:30,s.youtube.com
2014-04-18 14:48:38,s.youtube.com
2014-04-18 14:48:39,r4---sn-gxo5uxg-jqbe.googlevideo.com
2014-04-18 14:48:44,r4---sn-gxo5uxg-jqbe.googlevideo.com
2014-04-18 14:48:48,s.youtube.com
2014-04-18 14:48:54,r4---sn-gxo5uxg-jqbe.googlevideo.com
2014-04-18 14:48:55,s.youtube.com
2014-04-18 14:49:00,s.youtube.com
2014-04-18 14:49:05,r4---sn-gxo5uxg-jqbe.googlevideo.com
2014-04-18 14:49:09,r4---sn-gxo5uxg-jqbe.googlevideo.com
2014-04-18 14:49:24,r4---sn-gxo5uxg-jqbe.googlevideo.com
2014-04-18 14:49:30,s.youtube.com
2014-04-18 14:49:35,s.youtube.com
2014-04-18 14:49:39,r4---sn-gxo5uxg-jqbe.googlevideo.com
2014-04-18 14:49:48,r4---sn-gxo5uxg-jqbe.googlevideo.com
2014-04-18 14:49:54,r4---sn-gxo5uxg-jqbe.googlevideo.com
2014-04-18 14:50:00,s.youtube.com
2014-04-18 14:50:07,r4---sn-gxo5uxg-jqbe.googlevideo.com
2014-04-18 14:50:09,r4---sn-gxo5uxg-jqbe.googlevideo.com
2014-04-18 14:50:16,s.youtube.com
2014-04-18 14:50:23,r4---sn-gxo5uxg-jqbe.googlevideo.com
2014-04-18 14:50:26,r4---sn-gxo5uxg-jqbe.googlevideo.com
2014-04-18 14:50:30,s.youtube.com
2014-04-18 14:50:38,r4---sn-gxo5uxg-jqbe.googlevideo.com
2014-04-18 14:50:49,r4---sn-gxo5uxg-jqbe.googlevideo.com
2014-04-18 14:50:53,r4---sn-gxo5uxg-jqbe.googlevideo.com
2014-04-18 14:50:56,s.youtube.com
2014-04-18 14:51:00,s.youtube.com
2014-04-18 14:51:05,r4---sn-gxo5uxg-jqbe.googlevideo.com
2014-04-18 14:51:08,r4---sn-gxo5uxg-jqbe.googlevideo.com
2014-04-18 14:51:20,www.youtube.com
2014-04-18 14:51:23,r4---sn-gxo5uxg-jqbe.googlevideo.com
2014-04-18 14:51:25,r4---sn-gxo5uxg-jqbe.googlevideo.com
2014-04-18 14:51:30,s.youtube.com
2014-04-18 14:51:36,s.youtube.com
2014-04-18 14:51:38,r4---sn-gxo5uxg-jqbe.googlevideo.com
2014-04-18 14:51:42,r4---sn-gxo5uxg-jqbe.googlevideo.com
2014-04-18 14:52:00,s.youtube.com
2014-04-18 14:52:16,s.youtube.com
2014-04-18 14:52:24,www.youtube.com
2014-04-18 14:52:29,clients1.google.com
2014-04-18 14:52:30,www.google.com
2014-04-18 14:52:30,s.youtube.com
2014-04-18 14:52:31,www.youtube.com
2014-04-18 14:52:31,i1.ytimg.com
2014-04-18 14:52:31,s.youtube.com
2014-04-18 14:52:35,www.youtube.com
2014-04-18 14:52:35,r4---sn-gxo5uxg-jqbe.googlevideo.com
2014-04-18 14:52:35,i1.ytimg.com
2014-04-18 14:52:35,yt3.ggpht.com
2014-04-18 14:52:36,r4---sn-gxo5uxg-jqbe.googlevideo.com
2014-04-18 14:52:36,i1.ytimg.com
2014-04-18 14:52:36,s.youtube.com
2014-04-18 14:52:36,www.youtube.com
2014-04-18 14:52:39,s.youtube.com
2014-04-18 14:52:39,plus.googleapis.com
2014-04-18 14:52:40,s.youtube.com
2014-04-18 14:52:41,r4---sn-gxo5uxg-jqbe.googlevideo.com
2014-04-18 14:52:45,s.youtube.com
2014-04-18 14:52:49,s.youtube.com
2014-04-18 14:52:54,r4---sn-gxo5uxg-jqbe.googlevideo.com
2014-04-18 14:52:55,r4---sn-gxo5uxg-jqbe.googlevideo.com
2014-04-18 14:52:59,s.youtube.com
2014-04-18 14:53:09,r4---sn-gxo5uxg-jqbe.googlevideo.com
2014-04-18 14:53:11,r4---sn-gxo5uxg-jqbe.googlevideo.com
2014-04-18 14:53:15,s.youtube.com
2014-04-18 14:53:21,s.youtube.com
2014-04-18 14:53:25,r4---sn-gxo5uxg-jqbe.googlevideo.com
2014-04-18 14:53:32,r4---sn-gxo5uxg-jqbe.googlevideo.com
2014-04-18 14:53:39,r4---sn-gxo5uxg-jqbe.googlevideo.com
2014-04-18 14:53:45,s.youtube.com
2014-04-18 14:53:54,r4---sn-gxo5uxg-jqbe.googlevideo.com
2014-04-18 14:53:56,r4---sn-gxo5uxg-jqbe.googlevideo.com
2014-04-18 14:54:01,s.youtube.com
2014-04-18 14:54:09,r4---sn-gxo5uxg-jqbe.googlevideo.com
2014-04-18 14:54:15,s.youtube.com
2014-04-18 14:54:20,r4---sn-gxo5uxg-jqbe.googlevideo.com
2014-04-18 14:54:24,r4---sn-gxo5uxg-jqbe.googlevideo.com
2014-04-18 14:54:37,r4---sn-gxo5uxg-jqbe.googlevideo.com
2014-04-18 14:54:39,r4---sn-gxo5uxg-jqbe.googlevideo.com
2014-04-18 14:54:41,s.youtube.com
2014-04-18 14:54:45,s.youtube.com
2014-04-18 14:54:54,r4---sn-gxo5uxg-jqbe.googlevideo.com
2014-04-18 14:55:00,r4---sn-gxo5uxg-jqbe.googlevideo.com
2014-04-18 14:55:09,r4---sn-gxo5uxg-jqbe.googlevideo.com
2014-04-18 14:55:15,s.youtube.com
2014-04-18 14:55:20,r4---sn-gxo5uxg-jqbe.googlevideo.com
2014-04-18 14:55:21,s.youtube.com
2014-04-18 14:55:24,r4---sn-gxo5uxg-jqbe.googlevideo.com
2014-04-18 14:55:36,www.youtube.com
2014-04-18 14:55:39,r4---sn-gxo5uxg-jqbe.googlevideo.com
2014-04-18 14:55:41,r4---sn-gxo5uxg-jqbe.googlevideo.com
2014-04-18 14:55:45,s.youtube.com
2014-04-18 14:55:54,r4---sn-gxo5uxg-jqbe.googlevideo.com
2014-04-18 14:55:56,r4---sn-gxo5uxg-jqbe.googlevideo.com
2014-04-18 14:56:01,s.youtube.com
2014-04-18 14:56:09,r4---sn-gxo5uxg-jqbe.googlevideo.com
2014-04-18 14:56:16,s.youtube.com
2014-04-18 14:56:16,r4---sn-gxo5uxg-jqbe.googlevideo.com
2014-04-18 14:56:24,r4---sn-gxo5uxg-jqbe.googlevideo.com
2014-04-18 14:56:42,s.youtube.com
2014-04-18 14:56:46,s.youtube.com
2014-04-18 14:57:16,s.youtube.com
2014-04-18 14:57:22,s.youtube.com
2014-04-18 14:57:35,www.youtube.com
2014-04-18 14:57:35,s.ytimg.com
2014-04-18 14:57:35,s.youtube.com
2014-04-25 14:28:35,ocsp.thawte.com
2014-04-25 14:28:46,sci.sciences.univ-bpclermont.fr
2014-04-25 14:28:47,sci.sciences.univ-bpclermont.fr
2014-04-25 14:28:52,www.google.com
2014-04-25 14:28:54,gtglobal-ocsp.geotrust.com
2014-04-25 14:28:54,clients1.google.com
2014-04-25 14:28:55,clients1.google.com
2014-04-25 14:29:00,www.google.fr
2014-04-25 14:29:00,fr.wikipedia.org
2014-04-25 14:29:01,bits.wikimedia.org
2014-04-25 14:29:01,fr.wikipedia.org
2014-04-25 14:29:01,meta.wikimedia.org
2014-04-25 14:29:02,meta.wikimedia.org
2014-04-25 14:29:05,fr.wikiversity.org
2014-04-25 14:29:05,bits.wikimedia.org
2014-04-25 14:29:05,meta.wikimedia.org
2014-04-25 14:30:59,safebrowsing.clients.google.com
2014-04-25 14:30:59,safebrowsing-cache.google.com
2014-04-25 14:31:00,safebrowsing-cache.google.com
2014-04-25 14:31:51,www.google.com
2014-04-25 14:31:53,www.google.fr
2014-04-25 14:33:59,www.squid-cache.org
2014-04-25 14:34:58,www.google.fr
2014-04-25 14:34:58,fr.openclassrooms.com
2014-04-25 14:34:59,static.siteduzero.com
2014-04-25 14:34:59,www.google.com
2014-04-25 14:34:59,fr.openclassrooms.com
2014-04-25 14:35:00,fr.openclassrooms.com
2014-04-25 14:35:00,doug1izaerwt3.cloudfront.net
2014-04-25 14:35:00,dnn506yrbagrg.cloudfront.net
2014-04-25 14:35:01,fr.openclassrooms.com
2014-04-25 14:35:01,www.google.com
2014-04-25 14:35:01,static.siteduzero.com
2014-04-25 14:35:02,www.google.com
2014-04-25 14:35:07,ocsp.verisign.com
2014-04-25 14:35:07,clients1.google.com
2014-04-25 14:35:27,fr.openclassrooms.com
2014-04-25 14:35:28,doug1izaerwt3.cloudfront.net
2014-04-25 14:35:28,fr.openclassrooms.com
2014-04-25 14:35:28,dnn506yrbagrg.cloudfront.net
2014-04-25 14:35:28,www.google.com
2014-04-25 14:35:34,www.google.com
2014-04-25 14:35:35,sd.symcd.com
2014-04-25 14:35:35,ocsp.godaddy.com
2014-04-25 14:35:43,fr.openclassrooms.com
2014-04-25 14:35:44,www.google.com
2014-04-25 14:35:45,dnn506yrbagrg.cloudfront.net
2014-04-25 14:35:45,doug1izaerwt3.cloudfront.net
2014-04-25 14:35:45,fr.openclassrooms.com
2014-04-25 14:35:48,www.google.com
2014-04-25 14:35:50,cs.specificclick.net
2014-04-25 14:35:52,um.simpli.fi
2014-04-25 14:36:10,fr.openclassrooms.com
2014-04-25 14:36:11,fr.openclassrooms.com
2014-04-25 14:36:11,www.google.com
2014-04-25 14:36:12,dnn506yrbagrg.cloudfront.net
2014-04-25 14:36:12,doug1izaerwt3.cloudfront.net
2014-04-25 14:36:14,www.google.com
2014-04-25 14:36:15,rp.gwallet.com
2014-04-25 14:36:22,clients1.google.com
2014-04-25 14:38:45,fr.openclassrooms.com
2014-04-25 14:38:47,www.google.com
2014-04-25 14:38:48,dnn506yrbagrg.cloudfront.net
2014-04-25 14:38:48,doug1izaerwt3.cloudfront.net
2014-04-25 14:38:48,fr.openclassrooms.com
2014-04-25 14:38:49,www.google.fr
2014-04-25 14:38:50,www.google.com
2014-04-25 14:38:51,www.footmercato.net
2014-04-25 14:38:52,images.footmercato.net
2014-04-25 14:38:53,www.footmercato.net
2014-04-25 14:38:53,images.footmercato.net
2014-04-25 14:38:54,static.eplayer.performgroup.com
2014-04-25 14:38:54,images.footmercato.net
2014-04-25 14:38:54,images.eplayer.performgroup.com
2014-04-25 14:38:54,www.footmercato.net
2014-04-25 14:38:55,www.audienceinsights.net
2014-04-25 14:38:55,www.anonymousdmp.com
2014-04-25 14:38:55,connect.facebook.net
2014-04-25 14:38:55,www.footmercato.net
2014-04-25 14:38:55,static.ak.facebook.com
2014-04-25 14:38:56,s-static.ak.facebook.com
2014-04-25 14:38:56,www.footmercato.net
2014-04-25 14:38:56,sci.sciences.univ-bpclermont.fr
2014-04-25 14:38:57,www.footmercato.net
2014-04-25 14:38:59,www.footmercato.net
2014-04-25 14:39:00,www.footmercato.net
2014-04-25 14:39:00,www.facebook.com
2014-04-25 14:39:00,rubicon-match.dotomi.com
2014-04-25 14:39:01,www.footmercato.net
2014-04-25 14:39:04,www.facebook.com
2014-04-25 14:39:04,www.audienceinsights.net
2014-04-25 14:39:05,graph.facebook.com
2014-04-25 14:39:05,www.audienceinsights.net
2014-04-25 14:39:05,media.conforama.fr
2014-04-25 14:39:05,clients1.google.com
2014-04-25 14:39:06,clients1.google.com
2014-04-25 14:39:14,www.google.com
2014-04-25 14:39:20,www.google.fr
2014-04-25 14:39:51,fr.openclassrooms.com
2014-04-25 14:39:52,www.google.com
2014-04-25 14:39:52,doug1izaerwt3.cloudfront.net
2014-04-25 14:39:52,dnn506yrbagrg.cloudfront.net
2014-04-25 14:39:56,www.google.com
2014-04-25 14:39:58,clients1.google.com
2014-04-25 14:40:09,fr.openclassrooms.com
2014-04-25 14:40:11,fr.openclassrooms.com
2014-04-25 14:40:11,doug1izaerwt3.cloudfront.net
2014-04-25 14:40:11,www.google.com
2014-04-25 14:40:14,dnn506yrbagrg.cloudfront.net
2014-04-25 14:40:14,fr.openclassrooms.com
2014-04-25 14:40:16,www.google.com
2014-04-25 14:40:18,fr.openclassrooms.com
2014-04-25 14:41:59,accounts.google.com
2014-04-25 14:43:02,apis.google.com
2014-04-25 14:43:11,www.googleapis.com
2014-04-25 14:43:23,fr.openclassrooms.com
2014-04-25 14:43:23,www.google.com
2014-04-25 14:43:23,dnn506yrbagrg.cloudfront.net
2014-04-25 14:43:23,doug1izaerwt3.cloudfront.net
2014-04-25 14:43:24,www.google.com
2014-04-25 14:43:28,match.rtbidder.net
2014-04-25 14:43:31,cs.specificclick.net
2014-04-25 14:43:31,admaym.com
2014-04-25 14:43:31,www.facebook.com
2014-04-25 14:43:32,y.one.impact-ad.jp
2014-04-25 14:43:32,s.kau.li
2014-04-25 14:43:32,ce.lijit.com
2014-04-25 14:43:32,gtssl-ocsp.geotrust.com
2014-04-25 14:44:04,www.googleapis.com
2014-04-25 14:44:04,www.footmercato.net
2014-04-25 14:44:05,connect.facebook.net
2014-04-25 14:44:05,www.audienceinsights.net
2014-04-25 14:44:05,www.footmercato.net
2014-04-25 14:44:05,static.eplayer.performgroup.com
2014-04-25 14:44:06,www.footmercato.net
2014-04-25 14:44:06,www.audienceinsights.net
2014-04-25 14:44:06,static.ak.facebook.com
2014-04-25 14:44:06,s-static.ak.facebook.com
2014-04-25 14:44:07,images.footmercato.net
2014-04-25 14:44:07,www.footmercato.net
2014-04-25 14:44:08,www.footmercato.net
2014-04-25 14:44:09,www.footmercato.net
2014-04-25 14:44:09,www.facebook.com
2014-04-25 14:44:09,images.eplayer.performgroup.com
2014-04-25 14:44:09,images.footmercato.net
2014-04-25 14:44:10,www.facebook.com
2014-04-25 14:44:10,www.footmercato.net
2014-04-25 14:44:11,media.conforama.fr
2014-04-25 14:44:12,www.facebook.com
2014-04-25 14:44:12,graph.facebook.com
2014-04-25 14:47:39,www.betclic.fr
2014-04-25 14:47:40,ocsp.netsolssl.com
2014-04-25 14:47:41,ocsp.digicert.com
2014-04-25 14:47:42,clients1.google.com
2014-04-25 14:47:43,ocsp.verisign.com
2014-04-25 14:47:56,www.footmercato.net
2014-04-25 14:47:57,www.footmercato.net
2014-04-25 14:47:57,images.footmercato.net
2014-04-25 14:47:58,platform.twitter.com
2014-04-25 14:48:00,www.audienceinsights.net
2014-04-25 14:48:01,www.audienceinsights.net
2014-04-25 14:48:02,static.ak.facebook.com
2014-04-25 14:48:02,s-static.ak.facebook.com
2014-04-25 14:48:03,ajax.googleapis.com
2014-04-25 14:48:03,www.dailymotion.com
2014-04-25 14:48:03,www.footmercato.net
2014-04-25 14:48:05,www.footmercato.net
2014-04-25 14:48:05,d2dbm37ookqqwg.cloudfront.net
2014-04-25 14:48:08,platform.twitter.com
2014-04-25 14:48:09,platform.twitter.com
2014-04-25 14:48:09,www.facebook.com
2014-04-25 14:48:09,boutique-online.orange.fr
2014-04-25 14:48:09,graph.facebook.com
2014-04-25 14:48:10,evsecure-ocsp.verisign.com
2014-04-25 14:48:11,evsecure-ocsp.verisign.com
2014-04-25 14:48:11,www.audienceinsights.net
2014-04-25 14:48:13,www.audienceinsights.net
2014-04-25 14:48:14,www.audienceinsights.net
2014-04-25 14:48:41,twitter.com
2014-04-25 14:48:42,twitter.com
2014-04-25 14:48:56,betclick.hs.llnwd.net
2014-04-25 14:48:58,betclick.hs.llnwd.net
2014-04-25 14:49:00,fr.openclassrooms.com
2014-04-25 14:49:02,doug1izaerwt3.cloudfront.net
2014-04-25 14:49:02,dnn506yrbagrg.cloudfront.net
2014-04-25 14:49:02,www.google.com
2014-04-25 14:49:03,www.google.com
2014-04-25 14:49:11,c1.adform.net
2014-04-25 14:49:11,dsp.active-agent.com
2014-04-25 14:49:36,www.betclic.fr
2014-04-25 14:49:37,www.betclic.fr
2014-04-25 14:49:39,dnn506yrbagrg.cloudfront.net
2014-04-25 14:49:52,www.footmercato.net
2014-04-25 14:49:53,www.footmercato.net
2014-04-25 14:49:54,www.audienceinsights.net
2014-04-25 14:49:55,s-static.ak.facebook.com
2014-04-25 14:49:55,static.ak.facebook.com
2014-04-25 14:49:57,www.facebook.com
2014-04-25 14:49:58,www.facebook.com
2014-04-25 14:50:00,www.facebook.com
2014-04-25 14:50:01,www.facebook.com
2014-04-25 14:50:01,dps.bing.com
2014-04-25 14:50:01,graph.facebook.com
2014-04-25 14:50:02,a248.e.akamai.net
2014-04-25 14:50:04,platform.twitter.com
2014-04-25 14:51:57,betclick.hs.llnwd.net
2014-04-25 14:51:59,www.googleapis.com
2014-04-25 14:53:57,apis.google.com
2014-04-25 14:54:20,www.footmercato.net
2014-04-25 14:54:21,www.footmercato.net
2014-04-25 14:54:21,images.footmercato.net
2014-04-25 14:54:21,www.audienceinsights.net
2014-04-25 14:54:22,www.audienceinsights.net
2014-04-25 14:54:22,static.ak.facebook.com
2014-04-25 14:54:22,s-static.ak.facebook.com
2014-04-25 14:54:24,www.footmercato.net
2014-04-25 14:54:25,www.facebook.com
2014-04-25 14:54:25,graph.facebook.com
2014-04-25 14:54:56,twitter.com
2014-04-25 14:55:58,www.glamourparis.com
2014-04-25 14:55:59,rm.piximedia.fr
2014-04-25 14:55:59,broadcast.piximedia.fr
2014-04-25 14:55:59,platform.tumblr.com
2014-04-25 14:55:59,api.adyoulike.com
2014-04-25 14:55:59,www.glamourparis.com
2014-04-25 14:56:00,platform.tumblr.com
2014-04-25 14:56:00,www.glamourparis.com
2014-04-25 14:56:00,broadcast.piximedia.fr
2014-04-25 14:56:00,www.footmercato.net
2014-04-25 14:56:00,videosfr.s3.amazonaws.com
2014-04-25 14:56:01,www.audienceinsights.net
2014-04-25 14:56:02,static.ak.facebook.com
2014-04-25 14:56:02,www.glamourparis.com
2014-04-25 14:56:02,s-static.ak.facebook.com
2014-04-25 14:56:03,static.ak.facebook.com
2014-04-25 14:56:03,www.audienceinsights.net
2014-04-25 14:56:03,www.glamourparis.com
2014-04-25 14:56:03,www.facebook.com
2014-04-25 14:56:04,www.glamourparis.com
2014-04-25 14:56:04,www.facebook.com
2014-04-25 14:56:04,s-static.ak.facebook.com
2014-04-25 14:56:04,graph.facebook.com
2014-04-25 14:56:05,www.glamourparis.com
2014-04-25 14:56:06,www.glamourparis.com
2014-04-25 14:56:06,broadcast.piximedia.fr
2014-04-25 14:56:07,broadcast.piximedia.fr
2014-04-25 14:56:08,www.facebook.com
2014-04-25 14:56:10,mm.eulerian.net
2014-04-25 14:56:15,www.facebook.com
2014-04-25 14:56:16,graph.facebook.com
2014-04-25 14:56:35,twitter.com
2014-04-25 14:56:52,www.google.com
2014-04-25 14:56:57,www.livefoot.fr
2014-04-25 14:56:57,img1.cfstatic.com
2014-04-25 14:56:57,img0.cfstatic.com
2014-04-25 14:56:57,www.google.fr
2014-04-25 14:56:58,www.facebook.com
2014-04-25 14:56:58,www.google.fr
2014-04-25 14:56:58,www.livefoot.fr
2014-04-25 14:56:58,sync.uuidcshmg.com
2014-04-25 14:56:59,cshoppingbox.partner.leguide.com
2014-04-25 14:56:59,codeorigin.jquery.com
2014-04-25 14:56:59,cdnjs.cloudflare.com
2014-04-25 14:56:59,cimg.leguide.com
2014-04-25 14:57:00,code.jquery.com
2014-04-25 14:57:01,ea.numericable.fr
2014-04-25 14:57:01,rapidssl-ocsp.geotrust.com
2014-04-25 14:57:02,www.livefoot.fr
2014-04-25 14:57:06,ajax.googleapis.com
2014-04-25 14:57:06,shea.swelen.com
2014-04-25 14:57:06,www.le10sport.com
2014-04-25 14:57:07,images.le10sport.com
2014-04-25 14:57:07,emailretargeting.com
2014-04-25 14:57:07,www.le10sport.com
2014-04-25 14:57:08,www.le10sport.com
2014-04-25 14:57:08,hal9000.redintelligence.net
2014-04-25 14:57:09,hal9000.redintelligence.net
2014-04-25 14:57:09,sync.uuidcshmg.com
2014-04-25 14:57:10,dc1w54.wysistat.com
2014-04-25 14:57:10,s-static.ak.facebook.com
2014-04-25 14:57:10,ea.le10sport.com
2014-04-25 14:57:10,boutique-online.orange.fr
2014-04-25 14:57:10,connect.facebook.net
2014-04-25 14:57:10,ea.numericable.fr
2014-04-25 14:57:10,static.ak.facebook.com
2014-04-25 14:57:11,user-disp.tidaltv.com
2014-04-25 14:57:11,www.facebook.com
2014-04-25 14:57:12,platform.twitter.com
2014-04-25 14:57:13,www.beead.fr
2014-04-25 14:57:16,www.livefoot.fr
2014-04-25 14:57:29,www.butfootballclub.fr
2014-04-25 14:57:30,www.butfootballclub.fr
2014-04-25 14:57:31,www.facebook.com
2014-04-25 14:57:31,ocsp.thawte.com
2014-04-25 14:57:31,ce.lijit.com
2014-04-25 14:57:31,c1.adform.net
2014-04-25 14:57:32,player.mediabong.com
2014-04-25 14:57:32,www.butfootballclub.fr
2014-04-25 14:57:32,casale-match.dotomi.com
2014-04-25 14:57:32,www.facebook.com
2014-04-25 14:57:32,platform.twitter.com
2014-04-25 14:57:33,endor.mediabong.com
2014-04-25 14:57:34,player.mediabong.net
2014-04-25 14:57:34,static.mediabong.com
2014-04-25 14:57:34,static.eplayer.performgroup.com
2014-04-25 14:57:35,butfootballclub.disqus.com
2014-04-25 14:57:35,static.eplayer.performgroup.com
2014-04-25 14:57:35,go.disqus.com
2014-04-25 14:57:35,ibeu2.mookie1.com
2014-04-25 14:57:35,www.facebook.com
2014-04-25 14:57:35,www.butfootballclub.fr
2014-04-25 14:57:35,disqus.com
2014-04-25 14:57:36,disqus.com
2014-04-25 14:57:36,ibeu2.mookie1.com
2014-04-25 14:57:37,vshop.fr
2014-04-25 14:57:37,disqus.com
2014-04-25 14:57:37,www.butfootballclub.fr
2014-04-25 14:57:37,vcash.fr
2014-04-25 14:57:38,ajax.googleapis.com
2014-04-25 14:57:38,vshop.fr
2014-04-25 14:57:38,js.sddan.com
2014-04-25 14:57:39,assets.ebz.io
2014-04-25 14:57:39,r.kelkoo.com
2014-04-25 14:57:39,a01.adoptima.com
2014-04-25 14:57:39,mediatag.gestionpub.com
2014-04-25 14:57:40,www.butfootballclub.fr
2014-04-25 14:57:40,cdnjs.cloudflare.com
2014-04-25 14:57:40,ajax.googleapis.com
2014-04-25 14:57:42,cdnjs.cloudflare.com
2014-04-25 14:57:42,code.jquery.com
2014-04-25 14:57:45,twitter.com
2014-04-25 14:59:20,images.le10sport.com
2014-04-25 14:59:28,www.le10sport.com
2014-04-25 14:59:29,www.le10sport.com
2014-04-25 14:59:29,images.le10sport.com
2014-04-25 14:59:47,sc.tynt.com
2014-04-25 14:59:47,cdj.topmercato.com
2014-04-25 14:59:47,www.topmercato.com
2014-04-25 14:59:48,www.audienceinsights.net
2014-04-25 14:59:48,www.topmercato.com
2014-04-25 14:59:49,www.audienceinsights.net
2014-04-25 14:59:50,www.google.com
2014-04-25 14:59:52,www.google.fr
2014-04-25 15:00:19,f4rzhq3es6.s.ad6media.fr
2014-04-25 15:00:19,s-static.ak.facebook.com
2014-04-25 15:00:19,static.ak.facebook.com
2014-04-25 15:00:19,www.dailymotion.com
2014-04-25 15:00:19,www.facebook.com
2014-04-25 15:00:19,www.topmercato.com
2014-04-25 15:00:20,www.topmercato.com
2014-04-25 15:00:20,www.facebook.com
2014-04-25 15:00:28,plusone.google.com
2014-04-25 15:00:40,de.tynt.com
2014-04-25 15:00:52,twitter.com
2014-04-25 15:02:16,safebrowsing-cache.google.com
2014-04-25 15:02:16,safebrowsing.clients.google.com
2014-04-25 15:02:17,safebrowsing-cache.google.com
2014-04-25 15:02:29,www.topmercato.com
2014-04-25 15:02:29,sc.tynt.com
2014-04-25 15:02:29,www.audienceinsights.net
2014-04-25 15:02:30,www.topmercato.com
2014-04-25 15:02:30,www.dailymotion.com
2014-04-25 15:02:31,www.facebook.com
2014-04-25 15:02:32,s-static.ak.facebook.com
2014-04-25 15:02:32,www.topmercato.com
2014-04-25 15:02:32,f4rzhq3es6.s.ad6media.fr
2014-04-25 15:02:32,static.ak.facebook.com
2014-04-25 15:02:32,www.facebook.com
2014-04-25 15:02:33,www.facebook.com
2014-04-25 15:02:43,accounts.google.com
2014-04-25 15:03:03,twitter.com
2014-04-25 15:03:06,s3.spacefoot.com
2014-04-25 15:03:06,s1.spacefoot.com
2014-04-25 15:03:06,s2.spacefoot.com
2014-04-25 15:03:06,www.spacefoot.com
2014-04-25 15:03:07,nb-commons.storage.googleapis.com
2014-04-25 15:03:08,s-static.ak.facebook.com
2014-04-25 15:03:08,37438nbfah.s.ad6media.fr
2014-04-25 15:03:08,www.facebook.com
2014-04-25 15:03:08,emauoq3juf.s.ad6media.fr
2014-04-25 15:03:08,hal9000.redintelligence.net
2014-04-25 15:03:08,www.spacefoot.com
2014-04-25 15:03:08,static.ak.facebook.com
2014-04-25 15:03:08,s1.spacefoot.com
2014-04-25 15:03:09,ad.publicidees.com
2014-04-25 15:03:09,hal9000.redintelligence.net
2014-04-25 15:03:10,pictures.modz.fr
2014-04-25 15:03:10,ocsp.godaddy.com
2014-04-25 15:03:10,a.nonstoppartner.net
2014-04-25 15:03:10,ad.publicidees.com
2014-04-25 15:03:10,http.tidaltv.com
2014-04-25 15:03:10,www.outiror.com
2014-04-25 15:03:11,www.spacefoot.com
2014-04-25 15:03:11,banniere.reussissonsensemble.fr
2014-04-25 15:03:12,a.nonstoppartner.net
2014-04-25 15:03:16,s.ytimg.com
2014-04-25 15:03:39,twitter.com
2014-04-25 15:04:47,apis.google.com
2014-04-25 15:04:47,www.youtube.com
2014-04-25 15:04:47,s3.spacefoot.com
2014-04-25 15:04:47,platform.twitter.com
2014-04-25 15:04:47,accounts.google.com
2014-04-25 15:04:47,s1.spacefoot.com
2014-04-25 15:04:47,www.spacefoot.com
2014-04-25 15:04:50,37438nbfah.s.ad6media.fr
2014-04-25 15:04:50,emauoq3juf.s.ad6media.fr
2014-04-25 15:04:50,www.spacefoot.com
2014-04-25 15:04:50,connect.facebook.net
2014-04-25 15:04:50,s2.spacefoot.com
2014-04-25 15:04:50,platform.twitter.com
2014-04-25 15:04:50,s1.spacefoot.com
2014-04-25 15:04:50,s-static.ak.facebook.com
2014-04-25 15:04:50,static.ak.facebook.com
2014-04-25 15:04:51,fr.ad4mat.net
2014-04-25 15:04:52,static.ad4mat.net
2014-04-25 15:04:52,fr.ad4mat.net
2014-04-25 15:04:52,ad.publicidees.com
2014-04-25 15:04:52,ea.numericable.fr
2014-04-25 15:04:53,event.etam.com
2014-04-25 15:04:53,cyrillus.commander1.com
2014-04-25 15:04:53,media.cyrillus.fr
2014-04-25 15:05:07,www.facebook.com
2014-04-25 15:05:21,twitter.com
2014-04-25 15:05:46,www.livefoot.fr
2014-04-25 15:05:46,api.adyoulike.com
2014-04-25 15:05:46,www.google.fr
2014-04-25 15:05:47,www.facebook.com
2014-04-25 15:05:47,www.livefoot.fr
2014-04-25 15:05:47,www.google.fr
2014-04-25 15:05:48,www.livefoot.fr
2014-04-25 15:05:48,platform.twitter.com
2014-04-25 15:05:48,sync.uuidcshmg.com
2014-04-25 15:05:49,www.facebook.com
2014-04-25 15:05:50,img1.cfstatic.com
2014-04-25 15:05:50,img0.cfstatic.com
2014-04-25 15:05:52,cimg.leguide.com
2014-04-25 15:05:53,krxd.nexac.com
2014-04-25 15:05:54,platform.twitter.com
2014-04-25 15:05:54,jslog.krxd.net
2014-04-25 15:06:23,twitter.com
2014-04-25 15:08:24,sport24.lefigaro.fr
2014-04-25 15:08:25,assets4.lefigaro.fr
2014-04-25 15:08:25,assets-data.lefigaro.fr
2014-04-25 15:08:25,assets2.lefigaro.fr
2014-04-25 15:08:25,assets3.lefigaro.fr
2014-04-25 15:08:25,sport24.lefigaro.fr
2014-04-25 15:08:25,assets1.lefigaro.fr
2014-04-25 15:08:26,sport24.lefigaro.fr
2014-04-25 15:08:27,platform.linkedin.com
2014-04-25 15:08:27,sport24.lefigaro.fr
2014-04-25 15:08:28,sport24.lefigaro.fr
2014-04-25 15:08:28,s-static.ak.facebook.com
2014-04-25 15:08:28,static.ak.facebook.com
2014-04-25 15:08:28,www.lefigaro.fr
2014-04-25 15:08:28,platform.linkedin.com
2014-04-25 15:08:28,static.eplayer.performgroup.com
2014-04-25 15:08:29,www.lefigaro.fr
2014-04-25 15:08:29,sport24.lefigaro.fr
2014-04-25 15:08:30,sport24.lefigaro.fr
2014-04-25 15:08:31,sport24.lefigaro.fr
2014-04-25 15:08:32,its.tradelab.fr
2014-04-25 15:08:32,www.facebook.com
2014-04-25 15:08:32,sport24.lefigaro.fr
2014-04-25 15:08:32,dnn506yrbagrg.cloudfront.net
2014-04-25 15:08:32,pbs.twimg.com
2014-04-25 15:08:32,assets1.lefigaro.fr
2014-04-25 15:08:35,sport24.lefigaro.fr
2014-04-25 15:08:48,gtssl-ocsp.geotrust.com
2014-04-25 15:09:03,twitter.com
2014-04-25 15:09:32,its.tradelab.fr
2014-04-25 15:09:39,www.betclic.fr
2014-04-25 15:10:03,www.linkedin.com
2014-04-25 15:11:22,apis.google.com
2014-04-25 15:11:24,accounts.google.com
2014-04-25 15:11:36,fr.openclassrooms.com
2014-04-25 15:11:37,www.google.com
2014-04-25 15:11:37,doug1izaerwt3.cloudfront.net
2014-04-25 15:11:37,dnn506yrbagrg.cloudfront.net
2014-04-25 15:11:38,www.google.com
2014-04-25 15:12:10,www.football-mag.fr
2014-04-25 15:12:11,api.adyoulike.com
2014-04-25 15:12:12,www.facebook.com
2014-04-25 15:12:13,static.ak.facebook.com
2014-04-25 15:12:13,ocsp.godaddy.com
2014-04-25 15:12:13,s-static.ak.facebook.com
2014-04-25 15:12:14,images.orangepublicite.fr
2014-04-25 15:12:14,cshoppingbox.partner.leguide.com
2014-04-25 15:12:15,code.jquery.com
2014-04-25 15:12:15,cimg.leguide.com
2014-04-25 15:12:15,www.facebook.com
2014-04-25 15:12:15,csimg.leguide.com
2014-04-25 15:12:16,www.facebook.com
2014-04-25 15:12:26,fr.openclassrooms.com
2014-04-25 15:12:27,www.google.com
2014-04-25 15:12:27,dnn506yrbagrg.cloudfront.net
2014-04-25 15:12:27,doug1izaerwt3.cloudfront.net
2014-04-25 15:12:28,www.google.com
2014-04-25 15:12:47,twitter.com
2014-04-25 15:13:43,www.livefoot.fr
2014-04-25 15:13:46,www.facebook.com
2014-04-25 15:13:46,www.google.fr
2014-04-25 15:13:46,api.adyoulike.com
2014-04-25 15:13:46,www.livefoot.fr
2014-04-25 15:13:46,platform.twitter.com
2014-04-25 15:13:47,www.facebook.com
2014-04-25 15:13:47,img1.cfstatic.com
2014-04-25 15:13:47,img0.cfstatic.com
2014-04-25 15:13:48,fhnwrjfvou.s.ad6media.fr
2014-04-25 15:13:49,cimg.leguide.com
2014-04-25 15:13:52,www.spacefoot.com
2014-04-25 15:13:53,www.spacefoot.com
2014-04-25 15:13:53,www.facebook.com
2014-04-25 15:13:53,static.ak.facebook.com
2014-04-25 15:13:53,s-static.ak.facebook.com
2014-04-25 15:13:54,emauoq3juf.s.ad6media.fr
2014-04-25 15:13:54,platform.twitter.com
2014-04-25 15:13:54,ocsp.digicert.com
2014-04-25 15:13:54,www.facebook.com
2014-04-25 15:13:54,http.tidaltv.com
2014-04-25 15:13:54,37438nbfah.s.ad6media.fr
2014-04-25 15:13:55,ocsp.digicert.com
2014-04-25 15:13:55,fr.ad4mat.net
2014-04-25 15:14:03,www.foot01.com
2014-04-25 15:14:03,static.foot01.com
2014-04-25 15:14:04,static.foot01.com
2014-04-25 15:14:04,www.facebook.com
2014-04-25 15:14:04,www.foot01.com
2014-04-25 15:14:05,www.foot01.com
2014-04-25 15:14:05,sbj4bytkf4.s.ad6media.fr
2014-04-25 15:14:06,ocsp.thawte.com
2014-04-25 15:14:06,static.ak.facebook.com
2014-04-25 15:14:06,s-static.ak.facebook.com
2014-04-25 15:14:09,www.foot01.com
2014-04-25 15:14:10,foot01.disqus.com
2014-04-25 15:14:10,sync.uuidcshmg.com
2014-04-25 15:14:10,www.facebook.com
2014-04-25 15:14:11,premium.hi-mediaserver.com
2014-04-25 15:14:11,go.disqus.com
2014-04-25 15:14:12,disqus.com
2014-04-25 15:14:12,fr.ad4mat.net
2014-04-25 15:14:13,fr.ad4mat.net
2014-04-25 15:14:13,boutique-online.orange.fr
2014-04-25 15:14:13,disqus.com
2014-04-25 15:14:13,static.ad4mat.net
2014-04-25 15:14:14,disqus.com
2014-04-25 15:14:14,ea.numericable.fr
2014-04-25 15:14:15,ea.numericable.fr
2014-04-25 15:14:15,disqus.com
2014-04-25 15:14:15,www.facebook.com
2014-04-25 15:14:15,boutique-online.orange.fr
2014-04-25 15:14:24,syndication.twitter.com
2014-04-25 15:14:25,twitter.com
2014-04-25 15:14:25,o.twimg.com
2014-04-25 15:14:35,twitter.com
2014-04-25 15:14:36,www.facebook.com
2014-04-25 15:15:04,www.foot01.com
2014-04-25 15:15:05,www.foot01.com
2014-04-25 15:15:13,www.foot01.com
2014-04-25 15:15:23,www.le10sport.com
2014-04-25 15:15:24,www.le10sport.com
2014-04-25 15:15:24,shea.swelen.com
2014-04-25 15:15:24,www.googleapis.com
2014-04-25 15:15:25,www.le10sport.com
2014-04-25 15:15:28,rapidssl-ocsp.geotrust.com
2014-04-25 15:15:28,sync.uuidcshmg.com
2014-04-25 15:15:28,premium.hi-mediaserver.com
2014-04-25 15:15:29,s-static.ak.facebook.com
2014-04-25 15:15:29,ea.le10sport.com
2014-04-25 15:15:29,static.ak.facebook.com
2014-04-25 15:15:29,connect.facebook.net
2014-04-25 15:15:29,dc1w54.wysistat.com
2014-04-25 15:15:31,sbj4bytkf4.s.ad6media.fr
2014-04-25 15:15:31,www.facebook.com
2014-04-25 15:15:31,style2.ad6.fr
2014-04-25 15:15:31,m.ad6media.fr
2014-04-25 15:15:32,platform.twitter.com
2014-04-25 15:15:33,www.beead.fr
2014-04-25 15:15:50,pbs.twimg.com
2014-04-25 15:15:51,platform.twitter.com
2014-04-25 15:16:02,twitter.com
2014-04-25 15:16:13,www.le10sport.com
2014-04-25 15:16:33,i.ssix.io
2014-04-25 15:16:47,www.le10sport.com
2014-04-25 15:16:48,www.le10sport.com
2014-04-25 15:17:00,accounts.google.com
2014-04-25 15:18:27,apis.google.com
2014-04-25 15:18:50,www.livefoot.fr
2014-04-25 15:18:51,www.livefoot.fr
2014-04-25 15:18:51,www.google.fr
2014-04-25 15:18:51,api.adyoulike.com
2014-04-25 15:18:51,platform.twitter.com
2014-04-25 15:18:51,www.facebook.com
2014-04-25 15:18:52,www.facebook.com
2014-04-25 15:18:52,img1.cfstatic.com
2014-04-25 15:18:52,img0.cfstatic.com
2014-04-25 15:18:53,img0.cfstatic.com
2014-04-25 15:18:53,fhnwrjfvou.s.ad6media.fr
2014-04-25 15:18:55,cimg.leguide.com
2014-04-25 15:18:56,www.sport.fr
2014-04-25 15:18:58,www.sport.fr
2014-04-25 15:18:59,www.sport.fr
2014-04-25 15:18:59,www.audienceinsights.net
2014-04-25 15:19:00,www.sport.fr
2014-04-25 15:19:00,football.sport.fr
2014-04-25 15:19:00,www.dailymotion.com
2014-04-25 15:19:01,football.sport.fr
2014-04-25 15:19:01,www.sport.fr
2014-04-25 15:19:01,www.dailymotion.com
2014-04-25 15:19:01,www.audienceinsights.net
2014-04-25 15:19:02,www.sport.fr
2014-04-25 15:19:02,football.sport.fr
2014-04-25 15:19:02,www.dailymotion.com
2014-04-25 15:19:03,www.audienceinsights.net
2014-04-25 15:19:03,static.ak.facebook.com
2014-04-25 15:19:03,football.sport.fr
2014-04-25 15:19:03,sc.tynt.com
2014-04-25 15:19:03,s-static.ak.facebook.com
2014-04-25 15:19:06,www.audienceinsights.net
2014-04-25 15:19:07,www.castorama.fr
2014-04-25 15:19:07,www.audienceinsights.net
2014-04-25 15:19:08,www.facebook.com
2014-04-25 15:19:08,de.tynt.com
2014-04-25 15:19:33,twitter.com
2014-04-25 15:19:37,www.sport.fr
2014-04-25 15:19:38,www.audienceinsights.net
2014-04-25 15:19:39,www.audienceinsights.net
2014-04-25 15:19:40,www.audienceinsights.net
2014-04-25 15:19:41,www.audienceinsights.net
2014-04-25 15:20:11,www.sport.fr
2014-04-25 15:20:12,www.sport.fr
2014-04-25 15:20:13,img.publicidees.com
2014-04-25 15:20:13,www.audienceinsights.net
2014-04-25 15:20:13,www.footcenter.fr
2014-04-25 15:20:13,ad.publicidees.com
2014-04-25 15:20:14,www.audienceinsights.net
2014-04-25 15:20:16,www.audienceinsights.net
2014-04-25 15:20:17,www.audienceinsights.net
2014-04-25 15:20:33,www.topmercato.com
2014-04-25 15:20:34,cdj.topmercato.com
2014-04-25 15:20:34,sc.tynt.com
2014-04-25 15:20:34,www.topmercato.com
2014-04-25 15:20:34,www.audienceinsights.net
2014-04-25 15:20:34,www.dailymotion.com
2014-04-25 15:20:35,www.facebook.com
2014-04-25 15:20:35,www.topmercato.com
2014-04-25 15:20:35,www.audienceinsights.net
2014-04-25 15:20:37,www.facebook.com
2014-04-25 15:20:37,www.topmercato.com
2014-04-25 15:20:37,static.ak.facebook.com
2014-04-25 15:20:37,s-static.ak.facebook.com
2014-04-25 15:20:38,f4rzhq3es6.s.ad6media.fr
2014-04-25 15:20:38,www.topmercato.com
2014-04-25 15:20:38,www.facebook.com
2014-04-25 15:20:39,www.footespagnol.fr
2014-04-25 15:20:39,www.beead.fr
2014-04-25 15:20:39,s0.wp.com
2014-04-25 15:20:39,s.gravatar.com
2014-04-25 15:20:39,www.facebook.com
2014-04-25 15:20:40,www.footespagnol.fr
2014-04-25 15:20:41,www.audienceinsights.net
2014-04-25 15:20:41,www.footespagnol.fr
2014-04-25 15:20:42,www.footespagnol.fr
2014-04-25 15:20:42,www.facebook.com
2014-04-25 15:20:42,connect.facebook.net
2014-04-25 15:20:42,www.audienceinsights.net
2014-04-25 15:20:42,static.ak.facebook.com
2014-04-25 15:20:43,rapidssl-ocsp.geotrust.com
2014-04-25 15:20:43,www.footespagnol.fr
2014-04-25 15:20:43,s-static.ak.facebook.com
2014-04-25 15:20:43,eulerian.canal-plus.com
2014-04-25 15:20:44,www.facebook.com
2014-04-25 15:20:44,s.gravatar.com
2014-04-25 15:20:44,vrb2m26exl.s.ad6media.fr
2014-04-25 15:20:59,platform.twitter.com
2014-04-25 15:21:15,twitter.com
2014-04-25 15:22:00,accounts.google.com
2014-04-25 15:22:34,www.google.fr
2014-04-25 15:22:34,www.zone-telechargement.com
2014-04-25 15:22:35,www.zone-telechargement.com
2014-04-25 15:22:35,images.zone-telechargement.com
2014-04-25 15:22:35,regie.espace-plus.net
2014-04-25 15:22:36,www.facebook.com
2014-04-25 15:22:36,regie.espace-plus.net
2014-04-25 15:22:36,images.zone-telechargement.com
2014-04-25 15:22:36,media.espace-plus.net
2014-04-25 15:22:36,www.zone-telechargement.com
2014-04-25 15:22:44,www.zone-telechargement.com
2014-04-25 15:22:44,images.zone-telechargement.com
2014-04-25 15:22:45,www.zone-telechargement.com
2014-04-25 15:22:45,regie.espace-plus.net
2014-04-25 15:22:45,www.facebook.com
2014-04-25 15:22:45,media.espace-plus.net
2014-04-25 15:22:53,de.tynt.com
2014-04-25 15:22:53,www.zone-telechargement.com
2014-04-25 15:23:29,apis.google.com
2014-04-25 15:23:31,www.zone-telechargement.com
2014-04-25 15:23:32,www.facebook.com
2014-04-25 15:23:32,regie.espace-plus.net
2014-04-25 15:23:35,de.tynt.com
2014-04-25 15:23:36,www.youtube.com
2014-04-25 15:24:06,id.google.fr
2014-04-25 15:24:06,www.google.fr
2014-04-25 15:24:06,www.google.com
2014-04-25 15:25:44,ocsp.thawte.com
2014-04-25 15:25:52,clients1.google.com
2014-04-25 15:25:52,gtglobal-ocsp.geotrust.com
2014-04-25 15:25:52,www.google.com
2014-04-25 15:25:54,clients1.google.com
2014-04-25 15:25:55,clients1.google.com
2014-04-25 15:26:18,safebrowsing.clients.google.com
2014-04-25 15:26:18,safebrowsing-cache.google.com
2014-04-25 15:28:50,www.google.com
2014-04-25 15:29:28,www.google.fr
2014-04-25 15:55:22,safebrowsing.clients.google.com
2014-04-25 15:55:22,safebrowsing-cache.google.com
2014-04-25 15:55:23,safebrowsing-cache.google.com
2014-04-25 16:25:05,safebrowsing.clients.google.com
2014-04-25 16:25:05,safebrowsing-cache.google.com
2014-04-25 16:25:06,safebrowsing-cache.google.com
2014-04-25 16:55:47,safebrowsing.clients.google.com
2014-04-25 16:55:47,safebrowsing-cache.google.com
2014-04-25 17:24:10,safebrowsing-cache.google.com
2014-04-25 17:24:10,safebrowsing.clients.google.com
2014-04-25 17:24:11,safebrowsing-cache.google.com
2014-04-25 17:52:13,safebrowsing-cache.google.com
2014-04-25 17:52:13,safebrowsing.clients.google.com
2014-04-25 18:23:07,safebrowsing.clients.google.com
2014-04-25 18:23:07,safebrowsing-cache.google.com
2014-04-25 18:54:38,safebrowsing.clients.google.com
2014-04-25 18:54:38,safebrowsing-cache.google.com
2014-04-25 19:25:40,safebrowsing-cache.google.com
2014-04-25 19:25:40,safebrowsing.clients.google.com
2014-04-25 19:54:01,safebrowsing.clients.google.com
2014-04-25 19:54:01,safebrowsing-cache.google.com
2014-04-25 20:25:53,safebrowsing-cache.google.com
2014-04-25 20:25:53,safebrowsing.clients.google.com
2014-04-25 20:55:44,safebrowsing.clients.google.com
2014-04-25 20:55:44,safebrowsing-cache.google.com
2014-04-25 21:24:29,safebrowsing.clients.google.com
2014-04-25 21:24:29,safebrowsing-cache.google.com
2014-04-25 21:56:03,safebrowsing-cache.google.com
2014-04-25 21:56:03,safebrowsing.clients.google.com
2014-04-25 22:24:22,safebrowsing-cache.google.com
2014-04-25 22:24:22,safebrowsing.clients.google.com
2014-04-25 22:55:38,safebrowsing-cache.google.com
2014-04-25 22:55:38,safebrowsing.clients.google.com
2014-04-25 23:24:27,safebrowsing-cache.google.com
2014-04-25 23:24:27,safebrowsing.clients.google.com
2014-04-25 23:54:05,safebrowsing.clients.google.com
2014-04-25 23:54:05,safebrowsing-cache.google.com
