timestamp,site
2013-11-28 14:06:58,www.google.fr
2013-11-28 14:06:59,apis.google.com
2013-11-28 14:07:00,www.google.com
2013-11-28 14:07:04,accounts.google.com
2013-11-28 14:07:05,apis.google.com
2013-11-28 14:07:05,www.google.fr
2013-11-28 14:07:05,accounts.youtube.com
2013-11-28 14:07:18,www.google.fr
2013-11-28 14:07:18,accounts.google.fr
2013-11-28 14:07:19,www.google.com
2013-11-28 14:07:25,accounts.youtube.com
2013-11-28 14:07:25,accounts.google.fr
2013-11-28 14:07:33,www.google.fr
2013-11-28 14:07:34,accounts.google.com
2013-11-28 14:07:35,docs.google.com
2013-11-28 14:07:35,www.google.com
2013-11-28 14:07:36,drive.google.com
2013-11-28 14:07:37,www.google.com
2013-11-28 14:07:37,0.drive.google.com
2013-11-28 14:07:37,accounts.google.com
2013-11-28 14:07:37,docs.google.com
2013-11-28 14:07:38,drive.google.com
2013-11-28 14:07:38,apis.google.com
2013-11-28 14:07:39,drive.google.com
2013-11-28 14:07:39,0.drive.google.com
2013-11-28 14:07:41,docs.google.com
2013-11-28 14:07:48,docs.google.com
2013-11-28 14:07:48,apis.google.com
2013-11-28 14:07:48,0.docs.google.com
2013-11-28 14:07:50,accounts.google.com
2013-11-28 14:07:50,docs.google.com
2013-11-28 14:07:50,clients6.google.com
2013-11-28 14:07:53,0.docs.google.com
2013-11-28 14:07:53,docs.google.com
2013-11-28 14:08:13,accounts.google.com
2013-11-28 14:08:13,apis.google.com
2013-11-28 14:08:13,clients6.google.com
2013-11-28 14:08:24,gg.google.com
2013-11-28 14:08:37,www.google.com
2013-11-28 14:08:37,gg.google.com
2013-11-28 14:09:41,ieonline.microsoft.com
2013-11-28 14:09:41,go.microsoft.com
2013-11-28 14:09:43,docs.google.com
2013-11-28 14:09:48,drive.google.com
2013-11-28 14:09:52,0.docs.google.com
2013-11-28 14:09:52,gg.google.com
2013-11-28 14:09:52,docs.google.com
2013-11-28 14:09:53,www.google.com
2013-11-28 14:09:53,1.docs.google.com
2013-11-28 14:09:56,1.docs.google.com
2013-11-28 14:10:32,docs.google.com
2013-11-28 14:10:33,1.docs.google.com
2013-11-28 14:10:35,www.google.com
2013-11-28 14:10:35,docs.google.com
2013-11-28 14:10:36,javadl-esd-secure.oracle.com
2013-11-28 14:10:36,docs.google.com
2013-11-28 14:10:36,0.drive.google.com
2013-11-28 14:10:36,gg.google.com
2013-11-28 14:10:36,drive.google.com
2013-11-28 14:10:37,www.google.com
2013-11-28 14:11:26,1.drive.google.com
2013-11-28 14:11:27,accounts.google.fr
2013-11-28 14:11:27,accounts.youtube.com
2013-11-28 14:11:27,www.google.com
2013-11-28 14:11:27,accounts.google.com
2013-11-28 14:11:27,docs.google.com
2013-11-28 14:11:28,1.drive.google.com
2013-11-28 14:11:32,www.google.com
2013-11-28 14:11:32,plus.google.com
2013-11-28 14:11:32,drive.google.com
2013-11-28 14:11:33,docs.google.com
2013-11-28 14:11:33,clients6.google.com
2013-11-28 14:11:33,apis.google.com
2013-11-28 14:11:33,www.google.com
2013-11-28 14:11:34,drive.google.com
2013-11-28 14:11:37,docs.google.com
2013-11-28 14:11:38,docs.google.com
2013-11-28 14:11:39,apis.google.com
2013-11-28 14:11:39,plus.google.com
2013-11-28 14:11:39,docs.google.com
2013-11-28 14:11:39,1.drive.google.com
2013-11-28 14:15:38,www.google.com
2013-11-28 14:15:39,accounts.google.fr
2013-11-28 14:15:39,drive.google.com
2013-11-28 14:15:39,www.google.com
2013-11-28 14:15:39,accounts.google.com
2013-11-28 14:15:39,accounts.youtube.com
2013-11-28 14:33:22,2.drive.google.com
2013-11-28 14:33:22,accounts.google.com
2013-11-28 14:33:22,accounts.youtube.com
2013-11-28 14:33:22,accounts.google.fr
2013-11-28 14:33:23,2.drive.google.com
2013-11-28 14:33:28,drive.google.com
2013-11-28 14:33:29,docs.google.com
2013-11-28 14:33:29,www.google.com
2013-11-28 14:33:31,clients2.google.com
2013-11-28 14:33:33,2.docs.google.com
2013-11-28 14:33:34,clients2.google.com
2013-11-28 14:33:36,docs.google.com
2013-11-28 14:33:36,clients6.google.com
2013-11-28 14:33:38,2.docs.google.com
2013-11-28 14:33:46,gg.google.com
2013-11-28 14:33:58,docs.google.com
2013-11-28 14:33:58,www.google.com
2013-11-28 14:33:59,docs.google.com
2013-11-28 14:33:59,2.docs.google.com
2013-11-28 14:33:59,accounts.google.com
2013-11-28 14:34:00,accounts.google.fr
2013-11-28 14:34:00,gg.google.com
2013-11-28 14:34:00,accounts.youtube.com
2013-11-28 14:34:01,www.google.com
2013-11-28 14:35:55,docs.google.com
2013-11-28 14:36:01,accounts.youtube.com
2013-11-28 14:36:01,accounts.google.com
2013-11-28 14:36:01,www.google.com
2013-11-28 14:36:01,accounts.google.fr
2013-11-28 14:36:01,2.docs.google.com
2013-11-28 14:37:29,docs.google.com
2013-11-28 14:37:29,drive.google.com
2013-11-28 14:37:29,plus.google.com
2013-11-28 14:37:42,drive.google.com
2013-11-28 14:38:21,gg.google.com
2013-11-28 14:43:22,drive.google.com
2013-11-28 14:47:41,plus.google.com
2013-11-28 15:11:30,2.drive.google.com
2013-11-28 15:11:30,www.google.com
2013-11-28 15:11:32,javadl-esd-secure.oracle.com
2013-11-28 15:18:51,www.google.fr
2013-11-28 15:18:53,accounts.google.com
2013-11-28 15:18:53,www.google.com
2013-11-28 15:18:54,accounts.youtube.com
2013-11-28 15:19:18,accounts.google.fr
2013-11-28 15:19:26,accounts.youtube.com
2013-11-28 15:19:26,accounts.google.fr
2013-11-28 15:19:26,www.google.fr
2013-11-28 15:19:26,docs.google.com
2013-11-28 15:19:27,drive.google.com
2013-11-28 15:19:28,0.drive.google.com
2013-11-28 15:19:28,www.google.com
2013-11-28 15:19:29,0.drive.google.com
2013-11-28 15:19:29,accounts.google.com
2013-11-28 15:19:30,docs.google.com
2013-11-28 15:19:34,clients2.google.com
2013-11-28 15:19:35,0.docs.google.com
2013-11-28 15:19:35,apis.google.com
2013-11-28 15:19:38,clients6.google.com
2013-11-28 15:19:39,0.docs.google.com
2013-11-28 15:19:47,docs.google.com
2013-11-28 15:19:50,drive.google.com
2013-11-28 15:19:50,0.drive.google.com
2013-11-28 15:19:51,docs.google.com
2013-11-28 15:19:51,drive.google.com
2013-11-28 15:19:59,0.docs.google.com
2013-11-28 15:19:59,clients2.google.com
2013-11-28 15:19:59,apis.google.com
2013-11-28 15:19:59,accounts.google.fr
2013-11-28 15:19:59,drive.google.com
2013-11-28 15:19:59,www.google.com
2013-11-28 15:19:59,accounts.google.com
2013-11-28 15:19:59,accounts.youtube.com
2013-11-28 15:19:59,docs.google.com
2014-01-04 14:15:23,www.google.fr
2014-01-04 14:15:25,www.google.com
2014-01-04 14:15:26,www.google.fr
2014-01-04 14:15:28,www.google.com
2014-01-04 14:15:29,apis.google.com
2014-01-04 14:15:31,accounts.google.com
2014-01-04 14:15:31,apis.google.com
2014-01-04 14:15:31,accounts.youtube.com
2014-01-04 14:15:45,www.google.fr
2014-01-04 14:15:46,accounts.google.fr
2014-01-04 14:15:46,www.google.fr
2014-01-04 14:15:47,www.google.com
2014-01-04 14:15:47,plus.google.com
2014-01-04 14:15:50,drive.google.com
2014-01-04 14:15:51,accounts.google.com
2014-01-04 14:15:51,accounts.youtube.com
2014-01-04 14:15:51,accounts.google.fr
2014-01-04 14:15:52,www.google.fr
2014-01-04 14:15:53,www.google.fr
2014-01-04 14:15:53,www.google.com
2014-01-04 14:15:53,drive.google.com
2014-01-04 14:15:53,apis.google.com
2014-01-04 14:15:54,0.drive.google.com
2014-01-04 14:15:55,plus.google.com
2014-01-04 14:15:57,0.drive.google.com
2014-01-04 14:15:59,docs.google.com
2014-01-04 14:15:59,apis.google.com
2014-01-04 14:15:59,drive.google.com
2014-01-04 14:16:00,drive.google.com
2014-01-04 14:16:00,docs.google.com
2014-01-04 14:16:00,plus.google.com
2014-01-04 14:16:02,docs.google.com
2014-01-04 14:16:04,docs.google.com
2014-01-04 14:16:05,docs.google.com
2014-01-04 14:16:06,plus.google.com
2014-01-04 14:16:06,docs.google.com
2014-01-04 14:16:07,docs.google.com
2014-01-04 14:16:08,docs.google.com
2014-01-04 14:16:09,docs.google.com
2014-01-04 14:16:16,docs.google.com
2014-01-04 14:16:26,docs.google.com
2014-01-04 14:16:27,www.google.com
2014-01-04 14:16:32,www.google.com
2014-01-04 14:16:32,docs.google.com
2014-01-04 14:16:34,docs.google.com
2014-01-04 14:16:35,apis.google.com
2014-01-04 14:16:35,0.docs.google.com
2014-01-04 14:16:41,0.docs.google.com
2014-01-04 14:16:43,clients2.google.com
2014-01-04 14:16:43,clients6.google.com
2014-01-04 14:16:44,accounts.google.com
2014-01-04 14:16:45,0.docs.google.com
2014-01-04 14:16:45,plus.google.com
2014-01-04 14:16:45,apis.google.com
2014-01-04 14:16:45,0.talkgadget.google.com
2014-01-04 14:16:46,apis.google.com
2014-01-04 14:16:46,0.talkgadget.google.com
2014-01-04 14:16:46,drive.google.com
2014-01-04 14:16:48,1.docs.google.com
2014-01-04 14:16:48,accounts.google.com
2014-01-04 14:16:49,drive.google.com
2014-01-04 14:16:49,clients2.google.com
2014-01-04 14:16:51,clients6.google.com
2014-01-04 14:16:52,0.talkgadget.google.com
2014-01-04 14:16:52,plus.google.com
2014-01-04 14:16:52,gg.google.com
2014-01-04 14:16:56,docs.google.com
2014-01-04 14:16:59,docs.google.com
2014-01-04 14:16:59,1.talkgadget.google.com
2014-01-04 14:17:00,apis.google.com
2014-01-04 14:17:02,apis.google.com
2014-01-04 14:17:02,1.talkgadget.google.com
2014-01-04 14:17:04,gg.google.com
2014-01-04 14:17:04,docs.google.com
2014-01-04 14:17:24,ieonline.microsoft.com
2014-01-04 14:17:24,go.microsoft.com
2014-01-04 14:17:26,apis.google.com
2014-01-04 14:17:30,plus.google.com
2014-01-04 14:17:31,0.talkgadget.google.com
2014-01-04 14:17:31,0.docs.google.com
2014-01-04 14:17:31,docs.google.com
2014-01-04 14:17:38,docs.google.com
2014-01-04 14:17:40,0.talkgadget.google.com
2014-01-04 14:17:41,plus.google.com
2014-01-04 14:17:44,0.talkgadget.google.com
2014-01-04 14:17:45,0.talkgadget.google.com
2014-01-04 14:17:46,0.talkgadget.google.com
2014-01-04 14:17:48,2.docs.google.com
2014-01-04 14:17:50,2.docs.google.com
2014-01-04 14:17:50,0.talkgadget.google.com
2014-01-04 14:18:02,1.talkgadget.google.com
2014-01-04 14:18:05,1.talkgadget.google.com
2014-01-04 14:18:24,drive.google.com
2014-01-04 14:19:54,drive.google.com
2014-01-04 14:19:54,www.google.com
2014-01-04 14:19:54,docs.google.com
2014-01-04 14:20:02,clients6.google.com
2014-01-04 14:20:03,3.docs.google.com
2014-01-04 14:20:07,3.docs.google.com
2014-01-04 14:20:08,3.talkgadget.google.com
2014-01-04 14:20:08,docs.google.com
2014-01-04 14:20:10,docs.google.com
2014-01-04 14:20:10,3.talkgadget.google.com
2014-01-04 14:20:12,clients6.google.com
2014-01-04 14:20:12,3.talkgadget.google.com
2014-01-04 14:20:12,docs.google.com
2014-01-04 14:21:09,plus.google.com
2014-01-04 14:21:09,3.talkgadget.google.com
2014-01-04 14:21:54,drive.google.com
2014-01-04 14:22:03,www.google.com
2014-01-04 14:22:03,1.talkgadget.google.com
2014-01-04 14:22:10,3.talkgadget.google.com
2014-01-04 14:23:10,3.talkgadget.google.com
2014-01-04 14:23:16,drive.google.com
2014-01-04 14:25:10,www.google.com
2014-01-04 14:26:10,3.talkgadget.google.com
2014-01-04 14:27:09,docs.google.com
2014-01-04 14:27:09,2.docs.google.com
2014-01-04 14:27:15,plus.google.com
2014-01-04 14:27:54,drive.google.com
2014-01-04 14:30:02,1.talkgadget.google.com
2014-01-04 14:31:16,plus.google.com
2014-01-04 14:31:28,1.docs.google.com
2014-01-04 14:31:28,docs.google.com
2014-01-04 14:31:28,1.talkgadget.google.com
2014-01-04 14:31:36,3.talkgadget.google.com
2014-01-04 14:31:37,3.docs.google.com
2014-01-04 14:31:39,drive.google.com
2014-01-04 14:31:49,3.talkgadget.google.com
2014-01-04 14:31:49,4.docs.google.com
2014-01-04 14:31:50,4.docs.google.com
2014-01-04 14:31:51,4.talkgadget.google.com
2014-01-04 14:31:53,docs.google.com
2014-01-04 14:31:53,4.talkgadget.google.com
2014-01-04 14:31:55,4.talkgadget.google.com
2014-01-04 14:31:55,docs.google.com
2014-01-04 14:31:55,clients6.google.com
2014-01-04 14:32:53,4.talkgadget.google.com
2014-01-04 14:32:53,docs.google.com
2014-01-04 14:32:53,plus.google.com
2014-01-04 14:33:52,4.talkgadget.google.com
2014-01-04 14:34:32,4.talkgadget.google.com
2014-01-04 14:35:28,1.talkgadget.google.com
2014-01-04 14:35:40,drive.google.com
2014-01-04 14:35:41,docs.google.com
2014-01-04 14:35:48,4.talkgadget.google.com
2014-01-04 14:35:50,drive.google.com
2014-01-04 14:35:50,translate.google.fr
2014-01-04 14:35:51,translate.google.fr
2014-01-04 14:35:52,fpdownload2.macromedia.com
2014-01-04 14:35:52,translate.google.fr
2014-01-04 14:36:16,translate.google.fr
2014-01-04 14:36:17,translate.google.fr
2014-01-04 14:36:18,translate.google.fr
2014-01-04 14:36:20,translate.google.fr
2014-01-04 14:36:22,translate.google.fr
2014-01-04 14:36:26,translate.google.fr
2014-01-04 14:36:27,translate.google.fr
2014-01-04 14:36:28,translate.google.fr
2014-01-04 14:36:29,translate.google.fr
2014-01-04 14:36:30,translate.google.fr
2014-01-04 14:36:31,translate.google.fr
2014-01-04 14:36:33,translate.google.fr
2014-01-04 14:36:38,translate.google.fr
2014-01-04 14:36:40,translate.google.fr
2014-01-04 14:36:41,translate.google.fr
2014-01-04 14:36:42,translate.google.fr
2014-01-04 14:36:43,translate.google.fr
2014-01-04 14:36:44,translate.google.fr
2014-01-04 14:36:46,translate.google.fr
2014-01-04 14:36:51,translate.google.fr
2014-01-04 14:36:53,www.google.com
2014-01-04 14:37:06,docs.google.com
2014-01-04 14:37:13,plus.google.com
2014-01-04 14:37:13,translate.google.fr
2014-01-04 14:37:15,translate.google.fr
2014-01-04 14:37:19,translate.google.fr
2014-01-04 14:37:23,translate.google.fr
2014-01-04 14:37:27,translate.google.fr
2014-01-04 14:37:27,apis.google.com
2014-01-04 14:37:28,4.talkgadget.google.com
2014-01-04 14:37:28,translate.google.fr
2014-01-04 14:37:28,docs.google.com
2014-01-04 14:37:29,translate.google.fr
2014-01-04 14:37:34,translate.google.fr
2014-01-04 14:37:37,translate.google.fr
2014-01-04 14:37:38,translate.google.fr
2014-01-04 14:37:40,translate.google.fr
2014-01-04 14:37:43,translate.google.fr
2014-01-04 14:37:47,plus.google.com
2014-01-04 14:37:47,docs.google.com
2014-01-04 14:37:47,www.google.com
2014-01-04 14:37:47,translate.google.fr
2014-01-04 14:37:52,translate.google.fr
2014-01-04 14:37:54,translate.google.fr
2014-01-04 14:37:54,drive.google.com
2014-01-04 14:38:00,translate.google.fr
2014-01-04 14:38:04,translate.google.fr
2014-01-04 14:38:06,translate.google.fr
2014-01-04 14:38:11,translate.google.fr
2014-01-04 14:38:13,translate.google.fr
2014-01-04 14:38:14,translate.google.fr
2014-01-04 14:38:19,translate.google.fr
2014-01-04 14:38:21,translate.google.fr
2014-01-04 14:38:22,translate.google.fr
2014-01-04 14:38:26,translate.google.fr
2014-01-04 14:38:27,translate.google.fr
2014-01-04 14:38:28,translate.google.fr
2014-01-04 14:38:29,translate.google.fr
2014-01-04 14:38:30,translate.google.fr
2014-01-04 14:38:31,translate.google.fr
2014-01-04 14:38:32,translate.google.fr
2014-01-04 14:38:34,translate.google.fr
2014-01-04 14:38:35,translate.google.fr
2014-01-04 14:38:36,translate.google.fr
2014-01-04 14:38:38,translate.google.fr
2014-01-04 14:38:39,translate.google.fr
2014-01-04 14:38:40,translate.google.fr
2014-01-04 14:38:41,translate.google.fr
2014-01-04 14:38:42,translate.google.fr
2014-01-04 14:38:43,translate.google.fr
2014-01-04 14:38:45,translate.google.fr
2014-01-04 14:38:50,translate.google.fr
2014-01-04 14:39:02,translate.google.fr
2014-01-04 14:39:03,translate.google.fr
2014-01-04 14:39:04,translate.google.fr
2014-01-04 14:39:06,translate.google.fr
2014-01-04 14:39:08,translate.google.fr
2014-01-04 14:39:09,translate.google.fr
2014-01-04 14:39:11,translate.google.fr
2014-01-04 14:39:12,translate.google.fr
2014-01-04 14:39:13,translate.google.fr
2014-01-04 14:39:15,translate.google.fr
2014-01-04 14:39:17,translate.google.fr
2014-01-04 14:39:18,translate.google.fr
2014-01-04 14:39:21,translate.google.fr
2014-01-04 14:39:25,translate.google.fr
2014-01-04 14:39:27,translate.google.fr
2014-01-04 14:39:28,translate.google.fr
2014-01-04 14:39:29,translate.google.fr
2014-01-04 14:39:34,translate.google.fr
2014-01-04 14:39:41,translate.google.fr
2014-01-04 14:39:42,translate.google.fr
2014-01-04 14:39:43,translate.google.fr
2014-01-04 14:39:44,translate.google.fr
2014-01-04 14:39:48,translate.google.fr
2014-01-04 14:39:49,translate.google.fr
2014-01-04 14:39:53,translate.google.fr
2014-01-04 14:40:10,translate.google.fr
2014-01-04 14:40:12,translate.google.fr
2014-01-04 14:40:13,translate.google.fr
2014-01-04 14:40:14,translate.google.fr
2014-01-04 14:40:15,translate.google.fr
2014-01-04 14:40:16,translate.google.fr
2014-01-04 14:40:18,translate.google.fr
2014-01-04 14:40:19,translate.google.fr
2014-01-04 14:40:22,translate.google.fr
2014-01-04 14:40:23,translate.google.fr
2014-01-04 14:40:24,translate.google.fr
2014-01-04 14:40:26,translate.google.fr
2014-01-04 14:40:29,translate.google.fr
2014-01-04 14:40:30,translate.google.fr
2014-01-04 14:40:32,translate.google.fr
2014-01-04 14:40:33,translate.google.fr
2014-01-04 14:40:34,translate.google.fr
2014-01-04 14:40:35,translate.google.fr
2014-01-04 14:40:37,translate.google.fr
2014-01-04 14:40:38,translate.google.fr
2014-01-04 14:40:42,translate.google.fr
2014-01-04 14:40:43,translate.google.fr
2014-01-04 14:40:56,translate.google.fr
2014-01-04 14:41:04,translate.google.fr
2014-01-04 14:41:06,translate.google.fr
2014-01-04 14:41:09,translate.google.fr
2014-01-04 14:41:10,translate.google.fr
2014-01-04 14:41:11,translate.google.fr
2014-01-04 14:41:12,translate.google.fr
2014-01-04 14:41:14,translate.google.fr
2014-01-04 14:41:15,translate.google.fr
2014-01-04 14:41:19,translate.google.fr
2014-01-04 14:41:21,translate.google.fr
2014-01-04 14:41:24,translate.google.fr
2014-01-04 14:41:30,translate.google.fr
2014-01-04 14:41:31,translate.google.fr
2014-01-04 14:41:32,translate.google.fr
2014-01-04 14:41:33,translate.google.fr
2014-01-04 14:41:36,translate.google.fr
2014-01-04 14:41:40,translate.google.fr
2014-01-04 14:41:51,translate.google.fr
2014-01-04 14:41:52,translate.google.fr
2014-01-04 14:41:54,drive.google.com
2014-01-04 14:41:56,translate.google.fr
2014-01-04 14:41:57,translate.google.fr
2014-01-04 14:41:58,translate.google.fr
2014-01-04 14:41:59,translate.google.fr
2014-01-04 14:42:00,translate.google.fr
2014-01-04 14:42:02,translate.google.fr
2014-01-04 14:42:03,translate.google.fr
2014-01-04 14:42:06,translate.google.fr
2014-01-04 14:42:08,translate.google.fr
2014-01-04 14:42:11,translate.google.fr
2014-01-04 14:42:19,translate.google.fr
2014-01-04 14:42:23,translate.google.fr
2014-01-04 14:42:24,translate.google.fr
2014-01-04 14:42:36,translate.google.fr
2014-01-04 14:42:36,4.talkgadget.google.com
2014-01-04 14:43:09,docs.google.com
2014-01-04 14:43:09,translate.google.fr
2014-01-04 14:43:28,translate.google.fr
2014-01-04 14:43:30,translate.google.fr
2014-01-04 14:43:31,translate.google.fr
2014-01-04 14:43:32,translate.google.fr
2014-01-04 14:43:33,translate.google.fr
2014-01-04 14:43:34,translate.google.fr
2014-01-04 14:43:36,translate.google.fr
2014-01-04 14:43:38,translate.google.fr
2014-01-04 14:43:40,translate.google.fr
2014-01-04 14:43:43,translate.google.fr
2014-01-04 14:43:45,translate.google.fr
2014-01-04 14:43:45,4.talkgadget.google.com
2014-01-04 14:43:47,translate.google.fr
2014-01-04 14:43:48,translate.google.fr
2014-01-04 14:43:53,translate.google.fr
2014-01-04 14:43:54,translate.google.fr
2014-01-04 14:43:54,docs.google.com
2014-01-04 14:44:44,translate.google.fr
2014-01-04 14:44:46,translate.google.fr
2014-01-04 14:44:52,translate.google.fr
2014-01-04 14:45:02,translate.google.fr
2014-01-04 14:45:08,translate.google.fr
2014-01-04 14:45:15,translate.google.fr
2014-01-04 14:45:15,docs.google.com
2014-01-04 14:45:19,translate.google.fr
2014-01-04 14:45:21,translate.google.fr
2014-01-04 14:45:32,translate.google.fr
2014-01-04 14:45:33,translate.google.fr
2014-01-04 14:45:34,translate.google.fr
2014-01-04 14:45:35,translate.google.fr
2014-01-04 14:45:36,translate.google.fr
2014-01-04 14:47:54,drive.google.com
2014-01-04 14:49:37,docs.google.com
2014-01-04 14:50:22,plus.google.com
2014-01-04 14:51:54,drive.google.com
2014-01-04 14:53:54,drive.google.com
2014-01-04 14:55:53,4.talkgadget.google.com
2014-01-04 14:57:54,drive.google.com
2014-01-04 14:59:55,docs.google.com
2014-01-04 15:01:53,4.talkgadget.google.com
2014-01-04 15:06:01,4.talkgadget.google.com
2014-01-04 15:06:17,4.talkgadget.google.com
2014-01-04 15:06:52,4.talkgadget.google.com
2014-01-04 15:07:54,drive.google.com
2014-01-04 15:09:16,4.docs.google.com
2014-01-04 15:09:16,4.talkgadget.google.com
2014-01-04 15:09:18,4.talkgadget.google.com
2014-01-04 15:10:06,4.docs.google.com
2014-01-04 15:10:17,apis.google.com
2014-01-04 15:10:17,docs.google.com
2014-01-04 15:10:22,plus.google.com
2014-01-04 15:10:32,4.talkgadget.google.com
2014-01-04 15:10:32,4.docs.google.com
2014-01-04 15:10:53,plus.google.com
2014-01-04 15:12:52,4.docs.google.com
2014-01-04 15:12:52,4.talkgadget.google.com
2014-01-04 15:13:00,4.docs.google.com
2014-01-04 15:13:07,www.google.fr
2014-01-04 15:13:18,www.google.com
2014-01-04 15:13:32,www.google.fr
2014-01-04 15:13:33,ajax.googleapis.com
2014-01-04 15:13:33,www.pronosoft.com
2014-01-04 15:13:33,www.google.fr
2014-01-04 15:13:33,plus.google.com
2014-01-04 15:13:34,www.pronosoft.com
2014-01-04 15:13:35,www.pronosoft.com
2014-01-04 15:13:41,www.pronosoft.com
2014-01-04 15:13:42,www.pronosoft.com
2014-01-04 15:13:43,www.pronosoft.com
2014-01-04 15:13:44,parionsweb.loa24.com
2014-01-04 15:13:44,www.pronosoft.com
2014-01-04 15:13:45,parionsweb.loa24.com
2014-01-04 15:13:45,www.pronosoft.com
2014-01-04 15:13:45,xml.betclick.com
2014-01-04 15:13:47,xml.betclick.com
2014-01-04 15:13:50,www.pronosoft.com
2014-01-04 15:13:51,www.pronosoft.com
2014-01-04 15:13:53,4.talkgadget.google.com
2014-01-04 15:13:53,www.pronosoft.com
2014-01-04 15:13:54,www.pronosoft.com
2014-01-04 15:13:55,www.pronosoft.com
2014-01-04 15:13:57,4.talkgadget.google.com
2014-01-04 15:13:59,4.talkgadget.google.com
2014-01-04 15:15:36,www.pronosoft.com
2014-01-04 15:15:41,parionsweb.loa24.com
2014-01-04 15:15:43,parionsweb.loa24.com
2014-01-04 15:15:45,www.pronosoft.com
2014-01-04 15:16:06,xml.betclick.com
2014-01-04 15:16:13,www.google.com
2014-01-04 15:16:14,www.pronosoft.com
2014-01-04 15:16:15,www.betclic.fr
2014-01-04 15:16:22,www.betclic.fr
2014-01-04 15:16:24,accounts.google.com
2014-01-04 15:16:25,www.betclic.fr
2014-01-04 15:16:26,betclick.hs.llnwd.net
2014-01-04 15:16:26,www.betclic.fr
2014-01-04 15:16:27,betclick.hs.llnwd.net
2014-01-04 15:16:28,betclick.hs.llnwd.net
2014-01-04 15:16:29,betclick.hs.llnwd.net
2014-01-04 15:16:32,betclick.hs.llnwd.net
2014-01-04 15:16:33,dnn506yrbagrg.cloudfront.net
2014-01-04 15:16:59,0.drive.google.com
2014-01-04 15:17:19,4.talkgadget.google.com
2014-01-04 15:17:20,4.talkgadget.google.com
2014-01-04 15:17:21,4.talkgadget.google.com
2014-01-04 15:17:26,plus.google.com
2014-01-04 15:17:42,betclick.hs.llnwd.net
2014-01-04 15:17:47,betclick.hs.llnwd.net
2014-01-04 15:17:48,4.talkgadget.google.com
2014-01-04 15:17:50,betclick.hs.llnwd.net
2014-01-04 15:17:56,dnn506yrbagrg.cloudfront.net
2014-01-04 15:18:18,4.docs.google.com
2014-01-04 15:18:19,4.talkgadget.google.com
2014-01-04 15:18:26,www.google.com
2014-01-04 15:19:45,docs.google.com
2014-01-04 15:19:54,drive.google.com
2014-01-04 15:21:27,plus.google.com
2014-01-04 15:22:26,www.google.com
2014-01-04 15:22:31,4.talkgadget.google.com
2014-01-04 15:23:46,docs.google.com
2014-01-04 15:23:54,drive.google.com
2014-01-04 15:25:09,translate.google.fr
2014-01-04 15:25:13,translate.google.fr
2014-01-04 15:25:20,translate.google.fr
2014-01-04 15:25:21,translate.google.fr
2014-01-04 15:25:22,translate.google.fr
2014-01-04 15:25:23,translate.google.fr
2014-01-04 15:25:27,translate.google.fr
2014-01-04 15:25:32,translate.google.fr
2014-01-04 15:25:33,translate.google.fr
2014-01-04 15:25:34,translate.google.fr
2014-01-04 15:25:36,translate.google.fr
2014-01-04 15:25:37,translate.google.fr
2014-01-04 15:25:38,translate.google.fr
2014-01-04 15:25:40,translate.google.fr
2014-01-04 15:25:43,translate.google.fr
2014-01-04 15:25:46,translate.google.fr
2014-01-04 15:25:52,translate.google.fr
2014-01-04 15:26:22,plus.google.com
2014-01-04 15:27:41,docs.google.com
2014-01-04 15:29:55,docs.google.com
2014-01-04 15:29:57,4.talkgadget.google.com
2014-01-04 15:30:02,lh4.google.com
2014-01-04 15:30:02,drive.google.com
2014-01-04 15:30:05,4.docs.google.com
2014-01-04 15:30:07,lh4.google.com
2014-01-04 15:30:08,0.drive.google.com
2014-01-04 15:30:09,plus.google.com
2014-01-04 15:30:09,www.google.fr
2014-01-04 15:30:09,www.google.com
2014-01-04 15:30:10,accounts.google.com
2014-01-04 15:30:10,www.google.com
2014-01-04 15:30:10,www.google.fr
2014-01-04 15:31:10,4.talkgadget.google.com
2014-01-04 15:31:10,docs.google.com
2014-01-04 15:31:18,accounts.youtube.com
2014-01-04 15:31:21,accounts.youtube.com
2014-01-04 15:31:21,accounts.google.com
2014-01-04 15:31:21,www.google.com
2014-01-04 15:31:21,drive.google.com
2014-01-04 15:31:21,accounts.google.fr
2014-01-21 14:52:25,fpdownload2.macromedia.com
2014-01-21 14:52:32,www.google.fr
2014-01-21 14:52:33,www.google.fr
2014-01-21 14:52:34,www.google.com
2014-01-21 14:52:35,apis.google.com
2014-01-21 14:52:38,www.google.fr
2014-01-21 14:52:39,www.hotmail.com
2014-01-21 14:52:40,login.live.com
2014-01-21 14:52:41,www.google.com
2014-01-21 14:52:41,apis.google.com
2014-01-21 14:52:41,www.google.fr
2014-01-21 14:52:42,www.google.fr
2014-01-21 14:52:42,login.live.com
2014-01-21 14:52:43,www.google.fr
2014-01-21 14:52:44,windowslive.tt.omtrdc.net
2014-01-21 14:52:55,windowslive.tt.omtrdc.net
2014-01-21 14:52:57,login.live.com
2014-01-21 14:52:58,login.live.com
2014-01-21 14:53:00,mail.live.com
2014-01-21 14:53:00,cid-02b63548e1813f54.users.storage.live.com
2014-01-21 14:53:00,www.google.com
2014-01-21 14:53:00,accounts.google.com
2014-01-21 14:53:02,accounts.youtube.com
2014-01-21 14:53:02,dub126.mail.live.com
2014-01-21 14:53:02,people.directory.live.com
2014-01-21 14:53:02,windowslive.tt.omtrdc.net
2014-01-21 14:53:02,h.live.com
2014-01-21 14:53:03,h.live.com
2014-01-21 14:53:06,h.live.com
2014-01-21 14:53:06,secure.shared.live.com
2014-01-21 14:53:08,blufiles.storage.msn.com
2014-01-21 14:53:09,js.live.net
2014-01-21 14:53:09,secure.shared.live.com
2014-01-21 14:53:09,go.trouter.io
2014-01-21 14:53:10,go.trouter.io
2014-01-21 14:53:10,bn1304files.storage.live.com
2014-01-21 14:53:10,dub126.mail.live.com
2014-01-21 14:53:10,h.live.com
2014-01-21 14:53:10,storage.live.com
2014-01-21 14:53:10,h2.msn.com
2014-01-21 14:53:10,dub126.afx.ms
2014-01-21 14:53:11,p.sfx.ms
2014-01-21 14:53:11,h2.msn.com
2014-01-21 14:53:12,p.sfx.ms
2014-01-21 14:53:13,secure.shared.live.com
2014-01-21 14:53:21,g.msn.com
2014-01-21 14:53:24,accounts.google.fr
2014-01-21 14:53:25,www.google.com
2014-01-21 14:53:27,plus.google.com
2014-01-21 14:53:27,apis.google.com
2014-01-21 14:53:28,g.msn.com
2014-01-21 14:53:29,cid-02b63548e1813f54.users.storage.live.com
2014-01-21 14:53:30,login.live.com
2014-01-21 14:53:31,dub126.mail.live.com
2014-01-21 14:53:31,go.trouter.io
2014-01-21 14:53:31,plus.google.com
2014-01-21 14:53:31,h.live.com
2014-01-21 14:53:32,g.live.com
2014-01-21 14:53:33,drive.google.com
2014-01-21 14:53:33,accounts.google.com
2014-01-21 14:53:34,accounts.youtube.com
2014-01-21 14:53:34,accounts.google.fr
2014-01-21 14:53:34,www.google.fr
2014-01-21 14:53:34,windowslive.tt.omtrdc.net
2014-01-21 14:53:34,fr.msn.com
2014-01-21 14:53:35,c.fr.msn.com
2014-01-21 14:53:35,www.bing.com
2014-01-21 14:53:35,plus.google.com
2014-01-21 14:53:35,www.google.fr
2014-01-21 14:53:35,www.google.com
2014-01-21 14:53:35,drive.google.com
2014-01-21 14:53:35,apis.google.com
2014-01-21 14:53:36,0.drive.google.com
2014-01-21 14:53:36,platform.twitter.com
2014-01-21 14:53:36,drive.google.com
2014-01-21 14:53:36,c.fr.msn.com
2014-01-21 14:53:36,www.facebook.com
2014-01-21 14:53:36,api.bing.com
2014-01-21 14:53:36,h2.msn.com
2014-01-21 14:53:37,platform.twitter.com
2014-01-21 14:53:37,pbs.twimg.com
2014-01-21 14:53:37,0.drive.google.com
2014-01-21 14:53:38,twitter.com
2014-01-21 14:53:39,pbs.twimg.com
2014-01-21 14:53:41,docs.google.com
2014-01-21 14:53:41,www.google.com
2014-01-21 14:53:42,www.google.com
2014-01-21 14:53:42,plus.google.com
2014-01-21 14:53:42,drive.google.com
2014-01-21 14:53:42,docs.google.com
2014-01-21 14:53:43,docs.google.com
2014-01-21 14:53:56,docs.google.com
2014-01-21 14:54:00,www.google.fr
2014-01-21 14:54:02,plus.google.com
2014-01-21 14:54:07,twitter.com
2014-01-21 14:54:07,www.google.fr
2014-01-21 14:54:07,platform.twitter.com
2014-01-21 14:54:07,plus.google.com
2014-01-21 14:54:08,ajax.googleapis.com
2014-01-21 14:54:08,www.google.fr
2014-01-21 14:54:08,plus.google.com
2014-01-21 14:54:35,gg.google.com
2014-01-21 14:54:35,docs.google.com
2014-01-21 14:54:59,docs.google.com
2014-01-21 14:55:00,docs.google.com
2014-01-21 14:55:05,docs.google.com
2014-01-21 14:55:12,docs.google.com
2014-01-21 14:55:17,docs.google.com
2014-01-21 14:55:18,ieonline.microsoft.com
2014-01-21 14:56:44,www.google.com
2014-01-21 14:56:45,drive.google.com
2014-01-21 14:56:46,gg.google.com
2014-01-21 14:56:46,www.google.fr
2014-01-21 14:56:46,0.drive.google.com
2014-01-21 14:56:46,plus.google.com
2014-01-21 14:56:55,accounts.google.com
2014-01-21 14:56:55,accounts.youtube.com
2014-01-21 14:56:55,drive.google.com
2014-01-21 14:56:55,accounts.google.fr
2014-01-21 14:56:55,www.google.com
2014-01-21 15:11:53,www.google.fr
2014-01-21 15:11:54,www.google.fr
2014-01-21 15:11:56,www.bing.com
2014-01-21 15:11:56,www.google.com
2014-01-21 15:12:01,www.google.fr
2014-01-21 15:12:02,ajax.googleapis.com
2014-01-21 15:12:02,www.google.fr
2014-01-21 15:12:02,parionsweb.loa24.com
2014-01-21 15:12:02,www.pronosoft.com
2014-01-21 15:12:03,parionsweb.loa24.com
2014-01-21 15:12:03,www.pronosoft.com
2014-01-21 15:12:05,www.pronosoft.com
2014-01-21 15:12:06,www.pronosoft.com
2014-01-21 15:12:06,parionsweb.loa24.com
2014-01-21 15:12:07,www.pronosoft.com
2014-01-21 15:12:10,www.google.com
2014-01-21 15:13:13,www.pronosoft.com
2014-01-21 15:13:15,www.pronosoft.com
2014-01-21 15:13:16,www.pronosoft.com
2014-01-21 15:13:46,go.microsoft.com
2014-01-21 15:13:46,ieonline.microsoft.com
2014-01-21 15:13:50,www.pronosoft.com
2014-01-21 15:13:51,wwwimages.adobe.com
2014-01-21 15:13:51,www.adobe.com
2014-01-21 15:13:51,www.pronosoft.com
2014-01-21 15:13:51,static.winamax.fr
2014-01-21 15:13:52,static.winamax.fr
2014-01-21 15:13:54,www.pronosoft.com
2014-02-18 13:58:37,ieonline.microsoft.com
2014-02-18 13:58:41,www.google.com
2014-02-18 13:58:41,www.google.fr
2014-02-18 13:58:43,www.google.fr
2014-02-18 13:58:44,apis.google.com
2014-02-18 13:58:45,www.google.com
2014-02-18 13:58:50,accounts.youtube.com
2014-02-18 13:58:50,accounts.google.com
2014-02-18 13:58:51,www.google.fr
2014-02-18 13:58:51,apis.google.com
2014-02-18 13:59:05,www.google.fr
2014-02-18 13:59:05,accounts.google.fr
2014-02-18 13:59:06,www.google.com
2014-02-18 13:59:06,plus.google.com
2014-02-18 13:59:11,accounts.youtube.com
2014-02-18 13:59:11,plus.google.com
2014-02-18 13:59:11,drive.google.com
2014-02-18 13:59:12,www.google.com
2014-02-18 13:59:12,drive.google.com
2014-02-18 13:59:12,accounts.google.com
2014-02-18 13:59:12,accounts.google.fr
2014-02-18 13:59:12,www.google.fr
2014-02-18 13:59:12,apis.google.com
2014-02-18 13:59:13,apis.google.com
2014-02-18 13:59:13,drive.google.com
2014-02-18 13:59:13,0.drive.google.com
2014-02-18 13:59:14,plus.google.com
2014-02-18 13:59:15,0.drive.google.com
2014-02-18 13:59:16,docs.google.com
2014-02-18 13:59:18,www.google.com
2014-02-18 13:59:19,docs.google.com
2014-02-18 13:59:19,plus.google.com
2014-02-18 13:59:19,drive.google.com
2014-02-18 13:59:20,docs.google.com
2014-02-18 13:59:21,plus.google.com
2014-02-18 13:59:21,www.google.com
2014-02-18 13:59:21,docs.google.com
2014-02-18 13:59:22,docs.google.com
2014-02-18 13:59:22,www.google.com
2014-02-18 13:59:23,apis.google.com
2014-02-18 13:59:23,docs.google.com
2014-02-18 13:59:23,0.docs.google.com
2014-02-18 13:59:24,docs.google.com
2014-02-18 13:59:24,clients6.google.com
2014-02-18 13:59:24,accounts.google.com
2014-02-18 13:59:25,accounts.google.com
2014-02-18 13:59:25,apis.google.com
2014-02-18 13:59:25,0.docs.google.com
2014-02-18 13:59:25,docs.google.com
2014-02-18 13:59:28,clients6.google.com
2014-02-18 13:59:37,www.google.fr
2014-02-18 13:59:46,www.google.fr
2014-02-18 13:59:47,plus.google.com
2014-02-18 13:59:51,www.google.fr
2014-02-18 13:59:51,translate.google.fr
2014-02-18 13:59:52,plus.google.com
2014-02-18 13:59:52,translate.google.fr
2014-02-18 13:59:53,translate.google.fr
2014-02-18 13:59:57,plus.google.com
2014-02-18 13:59:57,www.google.fr
2014-02-18 13:59:58,plus.google.com
2014-02-18 14:00:03,plus.google.com
2014-02-18 14:00:04,plus.google.com
2014-02-18 14:00:04,www.lequipe.fr
2014-02-18 14:00:04,www.google.fr
2014-02-18 14:00:05,medias.lequipe.fr
2014-02-18 14:00:05,sa.kewego.com
2014-02-18 14:00:05,www.lequipe.fr
2014-02-18 14:00:05,static.lequipe.fr
2014-02-18 14:00:06,www.lequipe.fr
2014-02-18 14:00:06,static.lequipe.fr
2014-02-18 14:00:06,medias.lequipe.fr
2014-02-18 14:00:06,widget.achetezfacile.com
2014-02-18 14:00:06,www.facebook.com
2014-02-18 14:00:07,mediaspub.lequipe.fr
2014-02-18 14:00:07,www.lequipe.fr
2014-02-18 14:00:07,platform.twitter.com
2014-02-18 14:00:07,netstorage.lequipe.fr
2014-02-18 14:00:07,foglio.basilic.io
2014-02-18 14:00:07,static.lequipe.fr
2014-02-18 14:00:07,widget.achetezfacile.com
2014-02-18 14:00:08,twitter.com
2014-02-18 14:00:08,apis.google.com
2014-02-18 14:00:08,i.htfacile.fr
2014-02-18 14:00:08,ajax.googleapis.com
2014-02-18 14:00:09,accounts.google.com
2014-02-18 14:00:09,apis.google.com
2014-02-18 14:00:09,twitter.com
2014-02-18 14:00:10,um.simpli.fi
2014-02-18 14:00:10,ea.numericable.fr
2014-02-18 14:00:10,www.effiliation-hebergement.com
2014-02-18 14:00:10,rubicon-match.dotomi.com
2014-02-18 14:00:10,match.rtbidder.net
2014-02-18 14:00:10,pixel2368.everesttech.net
2014-02-18 14:00:11,dtm.crateandbarrel.com
2014-02-18 14:00:13,gg.google.com
2014-02-18 14:00:15,gg.google.com
2014-02-18 14:00:15,drive.google.com
2014-02-18 14:00:15,docs.google.com
2014-02-18 14:00:15,plus.google.com
2014-02-18 14:00:15,apis.google.com
2014-02-18 14:00:15,medias.lequipe.fr
2014-02-18 14:00:15,code.jquery.com
2014-02-18 14:00:15,www.lequipe.fr
2014-02-18 14:00:16,connect.facebook.net
2014-02-18 14:00:16,medias.lequipe.fr
2014-02-18 14:00:16,www.facebook.com
2014-02-18 14:00:16,www.lequipe.fr
2014-02-18 14:00:16,platform.twitter.com
2014-02-18 14:00:16,static.lequipe.fr
2014-02-18 14:00:17,twitter.com
2014-02-18 14:00:17,platform.twitter.com
2014-02-18 14:00:17,static.lequipe.fr
2014-02-18 14:00:17,www.lequipe.fr
2014-02-18 14:00:17,netstorage.lequipe.fr
2014-02-18 14:00:17,widget.achetezfacile.com
2014-02-18 14:00:17,fr.ad4mat.net
2014-02-18 14:00:17,apis.google.com
2014-02-18 14:00:17,www.facebook.com
2014-02-18 14:00:17,static.ak.facebook.com
2014-02-18 14:00:18,s-static.ak.facebook.com
2014-02-18 14:00:18,apis.google.com
2014-02-18 14:00:18,twitter.com
2014-02-18 14:00:18,syndication.twitter.com
2014-02-18 14:00:18,ajax.googleapis.com
2014-02-18 14:00:18,i.htfacile.fr
2014-02-18 14:00:18,platform.twitter.com
2014-02-18 14:00:18,www.lequipe.fr
2014-02-18 14:00:21,pbs.twimg.com
2014-02-18 14:00:21,syndication.twitter.com
2014-02-18 14:00:21,twitter.com
2014-02-18 14:00:36,go.microsoft.com
2014-02-18 14:00:36,ieonline.microsoft.com
2014-02-18 14:00:50,twitter.com
2014-02-18 14:00:50,www.google.fr
2014-02-18 14:01:01,www.google.fr
2014-02-18 14:01:01,pixel2368.everesttech.net
2014-02-18 14:01:01,plus.google.com
2014-02-18 14:01:01,www.google.com
2014-02-18 14:01:01,www.sochi2014.com
2014-02-18 14:01:02,vkontakte.ru
2014-02-18 14:01:02,platform.twitter.com
2014-02-18 14:01:03,www.facebook.com
2014-02-18 14:01:03,accounts.google.com
2014-02-18 14:01:03,s-static.ak.facebook.com
2014-02-18 14:01:03,static.ak.facebook.com
2014-02-18 14:01:03,apis.google.com
2014-02-18 14:01:03,www.youtube.com
2014-02-18 14:01:03,vk.com
2014-02-18 14:01:04,www.youtube.com
2014-02-18 14:01:04,twitter.com
2014-02-18 14:01:04,s.ytimg.com
2014-02-18 14:01:04,apis.google.com
2014-02-18 14:01:04,yt3.ggpht.com
2014-02-18 14:01:05,yt3.ggpht.com
2014-02-18 14:01:05,platform.twitter.com
2014-02-18 14:01:05,s.ytimg.com
2014-02-18 14:01:05,www.youtube.com
2014-02-18 14:01:07,www.sochi2014.com
2014-02-18 14:01:12,www.sochi2014.com
2014-02-18 14:01:16,www.lequipe.fr
2014-02-18 14:01:17,www.sochi2014.com
2014-02-18 14:01:17,www.lequipe.fr
2014-02-18 14:01:17,pbs.twimg.com
2014-02-18 14:01:18,www.lequipe.fr
2014-02-18 14:01:23,www.sochi2014.com
2014-02-18 14:01:28,www.sochi2014.com
2014-02-18 14:01:33,www.sochi2014.com
2014-02-18 14:01:37,plus.google.com
2014-02-18 14:01:39,www.sochi2014.com
2014-02-18 14:01:44,www.sochi2014.com
2014-02-18 14:01:49,www.sochi2014.com
2014-02-18 14:01:54,www.sochi2014.com
2014-02-18 14:01:59,www.sochi2014.com
2014-02-18 14:02:02,www.sochi2014.com
2014-02-18 14:02:02,platform.twitter.com
2014-02-18 14:02:03,static.ak.facebook.com
2014-02-18 14:02:03,www.facebook.com
2014-02-18 14:02:03,vk.com
2014-02-18 14:02:03,platform.twitter.com
2014-02-18 14:02:03,s-static.ak.facebook.com
2014-02-18 14:02:03,www.youtube.com
2014-02-18 14:02:04,vk.com
2014-02-18 14:02:04,twitter.com
2014-02-18 14:02:04,apis.google.com
2014-02-18 14:02:06,platform.twitter.com
2014-02-18 14:02:16,platform.twitter.com
2014-02-18 14:02:16,www.lequipe.fr
2014-02-18 14:02:16,pbs.twimg.com
2014-02-18 14:02:17,platform.twitter.com
2014-02-18 14:02:17,www.lequipe.fr
2014-02-18 14:02:18,www.lequipe.fr
2014-02-18 14:02:19,pmu.eficiens-serving.com
2014-02-18 14:02:19,pr.ybp.yahoo.com
2014-02-18 14:02:19,syndication.twitter.com
2014-02-18 14:02:19,eulerian.canal-plus.com
2014-02-18 14:02:20,www.lequipe.fr
2014-02-18 14:02:50,twitter.com
2014-02-18 14:03:05,www.youtube.com
2014-02-18 14:03:06,apis.google.com
2014-02-18 14:03:06,www.youtube.com
2014-02-18 14:03:06,s-static.ak.facebook.com
2014-02-18 14:03:06,vk.com
2014-02-18 14:03:06,twitter.com
2014-02-18 14:03:06,www.facebook.com
2014-02-18 14:03:06,static.ak.facebook.com
2014-02-18 14:03:07,platform.twitter.com
2014-02-18 14:03:10,www.google.fr
2014-02-18 14:03:10,plus.google.com
2014-02-18 14:03:10,www.youtube.com
2014-02-18 14:03:16,www.lequipe.fr
2014-02-18 14:03:17,www.lequipe.fr
2014-02-18 14:03:20,platform.twitter.com
2014-02-18 14:03:20,www.lequipe.fr
2014-02-18 14:03:28,docs.google.com
2014-02-18 14:04:16,www.lequipe.fr
2014-02-18 14:04:17,www.lequipe.fr
2014-02-18 14:04:17,platform.twitter.com
2014-02-18 14:04:17,eulerian.canal-plus.com
2014-02-18 14:04:18,www.google.fr
2014-02-18 14:04:19,banniere.reussissonsensemble.fr
2014-02-18 14:04:19,www.facebook.com
2014-02-18 14:04:19,syndication.twitter.com
2014-02-18 14:04:19,rbp.mxptint.net
2014-02-18 14:04:21,ad.publicidees.com
2014-02-18 14:04:22,www.lequipe.fr
2014-02-18 14:04:50,twitter.com
2014-02-18 14:05:36,www.google.fr
2014-02-18 14:06:22,translate.google.fr
2014-02-18 14:06:24,translate.google.fr
2014-02-18 14:06:27,translate.google.fr
2014-02-18 14:06:37,translate.google.fr
2014-02-18 14:06:38,www.google.com
2014-02-18 14:06:38,translate.google.fr
2014-02-18 14:06:43,translate.google.fr
2014-02-18 14:07:20,platform.twitter.com
2014-02-18 14:07:39,translate.google.fr
2014-02-18 14:07:40,fpdownload2.macromedia.com
2014-02-18 14:07:41,plus.google.com
2014-02-18 14:07:41,translate.google.fr
2014-02-18 14:07:45,plus.google.com
2014-02-18 14:07:48,translate.google.fr
2014-02-18 14:07:49,translate.google.fr
2014-02-18 14:07:50,translate.google.fr
2014-02-18 14:07:51,translate.google.fr
2014-02-18 14:07:56,translate.google.fr
2014-02-18 14:08:00,translate.google.fr
2014-02-18 14:08:02,translate.google.fr
2014-02-18 14:08:04,translate.google.fr
2014-02-18 14:08:06,translate.google.fr
2014-02-18 14:08:08,translate.google.fr
2014-02-18 14:08:10,translate.google.fr
2014-02-18 14:08:11,translate.google.fr
2014-02-18 14:08:12,translate.google.fr
2014-02-18 14:08:14,translate.google.fr
2014-02-18 14:08:16,translate.google.fr
2014-02-18 14:08:17,translate.google.fr
2014-02-18 14:08:19,translate.google.fr
2014-02-18 14:08:24,translate.google.fr
2014-02-18 14:08:28,translate.google.fr
2014-02-18 14:08:30,translate.google.fr
2014-02-18 14:08:32,translate.google.fr
2014-02-18 14:08:34,translate.google.fr
2014-02-18 14:08:35,translate.google.fr
2014-02-18 14:08:36,translate.google.fr
2014-02-18 14:08:37,translate.google.fr
2014-02-18 14:08:38,translate.google.fr
2014-02-18 14:08:39,translate.google.fr
2014-02-18 14:08:42,translate.google.fr
2014-02-18 14:08:43,translate.google.fr
2014-02-18 14:08:44,translate.google.fr
2014-02-18 14:08:46,translate.google.fr
2014-02-18 14:08:48,translate.google.fr
2014-02-18 14:08:49,translate.google.fr
2014-02-18 14:08:50,translate.google.fr
2014-02-18 14:08:52,translate.google.fr
2014-02-18 14:08:53,translate.google.fr
2014-02-18 14:08:54,translate.google.fr
2014-02-18 14:08:56,translate.google.fr
2014-02-18 14:08:59,translate.google.fr
2014-02-18 14:09:01,translate.google.fr
2014-02-18 14:09:02,translate.google.fr
2014-02-18 14:09:03,translate.google.fr
2014-02-18 14:09:04,translate.google.fr
2014-02-18 14:09:06,translate.google.fr
2014-02-18 14:09:08,translate.google.fr
2014-02-18 14:09:10,translate.google.fr
2014-02-18 14:09:12,translate.google.fr
2014-02-18 14:09:13,translate.google.fr
2014-02-18 14:09:14,translate.google.fr
2014-02-18 14:09:15,translate.google.fr
2014-02-18 14:09:21,translate.google.fr
2014-02-18 14:09:39,plus.google.com
2014-02-18 14:09:39,translate.google.fr
2014-02-18 14:09:40,translate.google.fr
2014-02-18 14:09:45,translate.google.fr
2014-02-18 14:09:49,translate.google.fr
2014-02-18 14:09:50,translate.google.fr
2014-02-18 14:09:51,translate.google.fr
2014-02-18 14:09:52,translate.google.fr
2014-02-18 14:09:56,translate.google.fr
2014-02-18 14:09:57,translate.google.fr
2014-02-18 14:09:58,translate.google.fr
2014-02-18 14:10:00,translate.google.fr
2014-02-18 14:10:03,translate.google.fr
2014-02-18 14:10:04,translate.google.fr
2014-02-18 14:10:06,translate.google.fr
2014-02-18 14:10:07,translate.google.fr
2014-02-18 14:10:08,translate.google.fr
2014-02-18 14:10:12,translate.google.fr
2014-02-18 14:10:13,translate.google.fr
2014-02-18 14:10:14,translate.google.fr
2014-02-18 14:10:18,translate.google.fr
2014-02-18 14:10:19,translate.google.fr
2014-02-18 14:10:21,translate.google.fr
2014-02-18 14:10:22,translate.google.fr
2014-02-18 14:10:23,translate.google.fr
2014-02-18 14:10:25,translate.google.fr
2014-02-18 14:10:27,translate.google.fr
2014-02-18 14:10:29,translate.google.fr
2014-02-18 14:10:30,translate.google.fr
2014-02-18 14:10:33,translate.google.fr
2014-02-18 14:10:34,translate.google.fr
2014-02-18 14:10:35,translate.google.fr
2014-02-18 14:10:36,translate.google.fr
2014-02-18 14:10:37,translate.google.fr
2014-02-18 14:10:39,translate.google.fr
2014-02-18 14:10:40,translate.google.fr
2014-02-18 14:10:41,translate.google.fr
2014-02-18 14:10:43,translate.google.fr
2014-02-18 14:10:45,translate.google.fr
2014-02-18 14:10:46,translate.google.fr
2014-02-18 14:10:49,translate.google.fr
2014-02-18 14:10:51,translate.google.fr
2014-02-18 14:10:56,translate.google.fr
2014-02-18 14:11:13,drive.google.com
2014-02-18 14:11:31,translate.google.fr
2014-02-18 14:11:31,plus.google.com
2014-02-18 14:11:35,translate.google.fr
2014-02-18 14:11:37,translate.google.fr
2014-02-18 14:11:39,translate.google.fr
2014-02-18 14:11:40,translate.google.fr
2014-02-18 14:11:42,translate.google.fr
2014-02-18 14:11:43,translate.google.fr
2014-02-18 14:11:45,translate.google.fr
2014-02-18 14:11:46,translate.google.fr
2014-02-18 14:11:47,translate.google.fr
2014-02-18 14:11:48,translate.google.fr
2014-02-18 14:11:53,translate.google.fr
2014-02-18 14:11:58,translate.google.fr
2014-02-18 14:12:20,docs.google.com
2014-02-18 14:13:10,translate.google.fr
2014-02-18 14:13:19,translate.google.fr
2014-02-18 14:13:20,translate.google.fr
2014-02-18 14:13:25,translate.google.fr
2014-02-18 14:13:25,plus.google.com
2014-02-18 14:13:35,plus.google.com
2014-02-18 14:13:54,translate.google.fr
2014-02-18 14:13:55,translate.google.fr
2014-02-18 14:13:59,translate.google.fr
2014-02-18 14:14:11,translate.google.fr
2014-02-18 14:14:12,translate.google.fr
2014-02-18 14:14:13,translate.google.fr
2014-02-18 14:14:22,translate.google.fr
2014-02-18 14:14:26,translate.google.fr
2014-02-18 14:14:27,translate.google.fr
2014-02-18 14:14:28,translate.google.fr
2014-02-18 14:14:29,translate.google.fr
2014-02-18 14:14:32,translate.google.fr
2014-02-18 14:14:37,translate.google.fr
2014-02-18 14:14:40,translate.google.fr
2014-02-18 14:14:46,translate.google.fr
2014-02-18 14:14:47,translate.google.fr
2014-02-18 14:14:48,translate.google.fr
2014-02-18 14:14:49,translate.google.fr
2014-02-18 14:14:50,translate.google.fr
2014-02-18 14:14:52,translate.google.fr
2014-02-18 14:14:57,translate.google.fr
2014-02-18 14:14:58,translate.google.fr
2014-02-18 14:14:59,translate.google.fr
2014-02-18 14:15:01,translate.google.fr
2014-02-18 14:15:04,translate.google.fr
2014-02-18 14:15:05,translate.google.fr
2014-02-18 14:15:11,translate.google.fr
2014-02-18 14:15:19,translate.google.fr
2014-02-18 14:15:21,translate.google.fr
2014-02-18 14:15:23,translate.google.fr
2014-02-18 14:15:25,translate.google.fr
2014-02-18 14:15:26,translate.google.fr
2014-02-18 14:15:29,translate.google.fr
2014-02-18 14:15:33,translate.google.fr
2014-02-18 14:15:36,translate.google.fr
2014-02-18 14:15:38,translate.google.fr
2014-02-18 14:15:42,docs.google.com
2014-02-18 14:16:36,translate.google.fr
2014-02-18 14:16:38,translate.google.fr
2014-02-18 14:16:40,translate.google.fr
2014-02-18 14:16:44,translate.google.fr
2014-02-18 14:16:45,translate.google.fr
2014-02-18 14:16:46,translate.google.fr
2014-02-18 14:16:50,translate.google.fr
2014-02-18 14:17:08,translate.google.fr
2014-02-18 14:17:14,translate.google.fr
2014-02-18 14:17:14,drive.google.com
2014-02-18 14:19:34,plus.google.com
2014-02-18 14:20:16,translate.google.fr
2014-02-18 14:20:19,translate.google.fr
2014-02-18 14:20:20,translate.google.fr
2014-02-18 14:20:23,translate.google.fr
2014-02-18 14:20:25,translate.google.fr
2014-02-18 14:20:27,translate.google.fr
2014-02-18 14:20:29,translate.google.fr
2014-02-18 14:20:31,translate.google.fr
2014-02-18 14:20:33,translate.google.fr
2014-02-18 14:20:34,translate.google.fr
2014-02-18 14:20:39,translate.google.fr
2014-02-18 14:21:59,translate.google.fr
2014-02-18 14:22:01,translate.google.fr
2014-02-18 14:22:02,translate.google.fr
2014-02-18 14:22:03,translate.google.fr
2014-02-18 14:22:07,translate.google.fr
2014-02-18 14:22:09,translate.google.fr
2014-02-18 14:22:14,translate.google.fr
2014-02-18 14:22:15,translate.google.fr
2014-02-18 14:22:16,translate.google.fr
2014-02-18 14:22:17,translate.google.fr
2014-02-18 14:22:19,translate.google.fr
2014-02-18 14:22:21,translate.google.fr
2014-02-18 14:22:26,translate.google.fr
2014-02-18 14:22:32,translate.google.fr
2014-02-18 14:22:37,translate.google.fr
2014-02-18 14:23:13,drive.google.com
2014-02-18 14:24:20,docs.google.com
2014-02-18 14:28:12,translate.google.fr
2014-02-18 14:28:13,translate.google.fr
2014-02-18 14:28:15,translate.google.fr
2014-02-18 14:28:17,translate.google.fr
2014-02-18 14:28:21,translate.google.fr
2014-02-18 14:28:26,translate.google.fr
2014-02-18 14:28:33,translate.google.fr
2014-02-18 14:28:35,translate.google.fr
2014-02-18 14:28:37,translate.google.fr
2014-02-18 14:28:39,translate.google.fr
2014-02-18 14:28:42,translate.google.fr
2014-02-18 14:28:43,translate.google.fr
2014-02-18 14:28:45,translate.google.fr
2014-02-18 14:28:49,translate.google.fr
2014-02-18 14:28:53,translate.google.fr
2014-02-18 14:28:54,translate.google.fr
2014-02-18 14:28:59,translate.google.fr
2014-02-18 14:29:00,translate.google.fr
2014-02-18 14:29:03,translate.google.fr
2014-02-18 14:29:04,translate.google.fr
2014-02-18 14:29:05,translate.google.fr
2014-02-18 14:29:07,translate.google.fr
2014-02-18 14:29:09,translate.google.fr
2014-02-18 14:29:11,translate.google.fr
2014-02-18 14:29:12,translate.google.fr
2014-02-18 14:29:15,translate.google.fr
2014-02-18 14:29:17,translate.google.fr
2014-02-18 14:29:19,translate.google.fr
2014-02-18 14:29:20,translate.google.fr
2014-02-18 14:29:25,translate.google.fr
2014-02-18 14:29:26,translate.google.fr
2014-02-18 14:29:27,translate.google.fr
2014-02-18 14:29:29,translate.google.fr
2014-02-18 14:29:31,translate.google.fr
2014-02-18 14:29:32,translate.google.fr
2014-02-18 14:29:37,translate.google.fr
2014-02-18 14:29:39,translate.google.fr
2014-02-18 14:29:42,translate.google.fr
2014-02-18 14:29:43,translate.google.fr
2014-02-18 14:29:47,translate.google.fr
2014-02-18 14:29:49,translate.google.fr
2014-02-18 14:29:50,translate.google.fr
2014-02-18 14:29:51,translate.google.fr
2014-02-18 14:29:52,translate.google.fr
2014-02-18 14:29:57,translate.google.fr
2014-02-18 14:30:58,drive.google.com
2014-02-18 14:31:02,plus.google.com
2014-02-18 14:31:02,1.docs.google.com
2014-02-18 14:31:02,drive.google.com
2014-02-18 14:31:04,clients6.google.com
2014-02-18 14:31:05,1.docs.google.com
2014-02-18 14:31:06,1.talkgadget.google.com
2014-02-18 14:31:06,docs.google.com
2014-02-18 14:31:07,docs.google.com
2014-02-18 14:31:07,1.talkgadget.google.com
2014-02-18 14:31:09,plus.google.com
2014-02-18 14:31:09,apis.google.com
2014-02-18 14:31:09,1.talkgadget.google.com
2014-02-18 14:31:09,docs.google.com
2014-02-18 14:31:51,translate.google.fr
2014-02-18 14:31:51,plus.google.com
2014-02-18 14:31:54,translate.google.fr
2014-02-18 14:31:55,translate.google.fr
2014-02-18 14:31:56,translate.google.fr
2014-02-18 14:31:58,translate.google.fr
2014-02-18 14:31:59,translate.google.fr
2014-02-18 14:32:00,1.talkgadget.google.com
2014-02-18 14:32:01,translate.google.fr
2014-02-18 14:32:03,translate.google.fr
2014-02-18 14:32:05,translate.google.fr
2014-02-18 14:32:06,translate.google.fr
2014-02-18 14:32:07,1.talkgadget.google.com
2014-02-18 14:32:07,translate.google.fr
2014-02-18 14:32:09,translate.google.fr
2014-02-18 14:32:11,translate.google.fr
2014-02-18 14:32:12,translate.google.fr
2014-02-18 14:32:13,1.talkgadget.google.com
2014-02-18 14:32:13,translate.google.fr
2014-02-18 14:32:15,translate.google.fr
2014-02-18 14:32:17,translate.google.fr
2014-02-18 14:32:18,translate.google.fr
2014-02-18 14:32:19,translate.google.fr
2014-02-18 14:32:24,translate.google.fr
2014-02-18 14:32:26,translate.google.fr
2014-02-18 14:32:27,translate.google.fr
2014-02-18 14:32:28,translate.google.fr
2014-02-18 14:32:29,translate.google.fr
2014-02-18 14:32:30,translate.google.fr
2014-02-18 14:32:33,translate.google.fr
2014-02-18 14:32:34,translate.google.fr
2014-02-18 14:32:35,translate.google.fr
2014-02-18 14:32:37,translate.google.fr
2014-02-18 14:32:38,translate.google.fr
2014-02-18 14:32:43,translate.google.fr
2014-02-18 14:32:44,translate.google.fr
2014-02-18 14:32:45,translate.google.fr
2014-02-18 14:32:46,translate.google.fr
2014-02-18 14:32:52,translate.google.fr
2014-02-18 14:32:54,translate.google.fr
2014-02-18 14:32:56,translate.google.fr
2014-02-18 14:32:57,translate.google.fr
2014-02-18 14:32:58,translate.google.fr
2014-02-18 14:32:59,translate.google.fr
2014-02-18 14:33:01,translate.google.fr
2014-02-18 14:33:03,translate.google.fr
2014-02-18 14:33:05,translate.google.fr
2014-02-18 14:33:06,translate.google.fr
2014-02-18 14:33:07,translate.google.fr
2014-02-18 14:33:08,1.talkgadget.google.com
2014-02-18 14:33:08,translate.google.fr
2014-02-18 14:33:11,translate.google.fr
2014-02-18 14:33:13,translate.google.fr
2014-02-18 14:33:15,translate.google.fr
2014-02-18 14:33:16,translate.google.fr
2014-02-18 14:33:17,translate.google.fr
2014-02-18 14:33:18,translate.google.fr
2014-02-18 14:33:19,translate.google.fr
2014-02-18 14:33:20,translate.google.fr
2014-02-18 14:33:21,translate.google.fr
2014-02-18 14:33:22,translate.google.fr
2014-02-18 14:33:23,translate.google.fr
2014-02-18 14:33:25,translate.google.fr
2014-02-18 14:33:26,translate.google.fr
2014-02-18 14:33:27,translate.google.fr
2014-02-18 14:33:30,translate.google.fr
2014-02-18 14:33:32,translate.google.fr
2014-02-18 14:33:34,translate.google.fr
2014-02-18 14:33:35,translate.google.fr
2014-02-18 14:33:36,translate.google.fr
2014-02-18 14:33:41,translate.google.fr
2014-02-18 14:33:43,translate.google.fr
2014-02-18 14:33:44,translate.google.fr
2014-02-18 14:33:45,translate.google.fr
2014-02-18 14:33:47,translate.google.fr
2014-02-18 14:33:49,translate.google.fr
2014-02-18 14:33:53,translate.google.fr
2014-02-18 14:33:54,translate.google.fr
2014-02-18 14:33:55,translate.google.fr
2014-02-18 14:33:56,translate.google.fr
2014-02-18 14:34:02,translate.google.fr
2014-02-18 14:34:25,translate.google.fr
2014-02-18 14:34:26,translate.google.fr
2014-02-18 14:34:27,translate.google.fr
2014-02-18 14:34:28,translate.google.fr
2014-02-18 14:34:33,translate.google.fr
2014-02-18 14:34:40,translate.google.fr
2014-02-18 14:34:42,translate.google.fr
2014-02-18 14:34:47,translate.google.fr
2014-02-18 14:34:49,translate.google.fr
2014-02-18 14:34:52,translate.google.fr
2014-02-18 14:34:53,translate.google.fr
2014-02-18 14:34:58,translate.google.fr
2014-02-18 14:35:03,translate.google.fr
2014-02-18 14:35:07,translate.google.fr
2014-02-18 14:35:08,translate.google.fr
2014-02-18 14:35:10,translate.google.fr
2014-02-18 14:35:11,translate.google.fr
2014-02-18 14:35:12,translate.google.fr
2014-02-18 14:35:13,translate.google.fr
2014-02-18 14:35:14,drive.google.com
2014-02-18 14:35:15,translate.google.fr
2014-02-18 14:35:17,translate.google.fr
2014-02-18 14:35:18,translate.google.fr
2014-02-18 14:35:19,translate.google.fr
2014-02-18 14:35:21,translate.google.fr
2014-02-18 14:35:22,translate.google.fr
2014-02-18 14:35:23,translate.google.fr
2014-02-18 14:35:25,translate.google.fr
2014-02-18 14:35:26,translate.google.fr
2014-02-18 14:35:27,translate.google.fr
2014-02-18 14:35:29,translate.google.fr
2014-02-18 14:35:30,translate.google.fr
2014-02-18 14:35:33,translate.google.fr
2014-02-18 14:35:34,translate.google.fr
2014-02-18 14:35:35,translate.google.fr
2014-02-18 14:35:37,translate.google.fr
2014-02-18 14:35:38,translate.google.fr
2014-02-18 14:35:43,translate.google.fr
2014-02-18 14:35:45,translate.google.fr
2014-02-18 14:35:46,translate.google.fr
2014-02-18 14:35:48,translate.google.fr
2014-02-18 14:35:49,translate.google.fr
2014-02-18 14:35:52,translate.google.fr
2014-02-18 14:35:53,translate.google.fr
2014-02-18 14:35:56,translate.google.fr
2014-02-18 14:36:01,docs.google.com
2014-02-18 14:36:07,www.google.com
2014-02-18 14:36:13,translate.google.fr
2014-02-18 14:36:15,translate.google.fr
2014-02-18 14:36:20,docs.google.com
2014-02-18 14:36:27,translate.google.fr
2014-02-18 14:36:30,translate.google.fr
2014-02-18 14:36:34,translate.google.fr
2014-02-18 14:36:35,translate.google.fr
2014-02-18 14:36:36,translate.google.fr
2014-02-18 14:36:38,translate.google.fr
2014-02-18 14:36:42,translate.google.fr
2014-02-18 14:36:47,translate.google.fr
2014-02-18 14:36:48,translate.google.fr
2014-02-18 14:36:49,translate.google.fr
2014-02-18 14:36:54,translate.google.fr
2014-02-18 14:37:02,translate.google.fr
2014-02-18 14:37:03,translate.google.fr
2014-02-18 14:37:05,translate.google.fr
2014-02-18 14:37:09,translate.google.fr
2014-02-18 14:37:10,translate.google.fr
2014-02-18 14:37:11,translate.google.fr
2014-02-18 14:37:13,translate.google.fr
2014-02-18 14:37:18,translate.google.fr
2014-02-18 14:37:20,translate.google.fr
2014-02-18 14:37:21,translate.google.fr
2014-02-18 14:37:22,translate.google.fr
2014-02-18 14:37:23,translate.google.fr
2014-02-18 14:37:26,translate.google.fr
2014-02-18 14:37:27,translate.google.fr
2014-02-18 14:37:28,translate.google.fr
2014-02-18 14:37:30,translate.google.fr
2014-02-18 14:37:33,translate.google.fr
2014-02-18 14:37:34,translate.google.fr
2014-02-18 14:37:35,translate.google.fr
2014-02-18 14:37:36,translate.google.fr
2014-02-18 14:37:40,translate.google.fr
2014-02-18 14:37:42,translate.google.fr
2014-02-18 14:37:43,translate.google.fr
2014-02-18 14:37:44,translate.google.fr
2014-02-18 14:37:45,translate.google.fr
2014-02-18 14:37:49,translate.google.fr
2014-02-18 14:37:51,translate.google.fr
2014-02-18 14:37:54,translate.google.fr
2014-02-18 14:37:56,translate.google.fr
2014-02-18 14:37:58,translate.google.fr
2014-02-18 14:38:02,translate.google.fr
2014-02-18 14:38:04,translate.google.fr
2014-02-18 14:38:05,translate.google.fr
2014-02-18 14:38:06,translate.google.fr
2014-02-18 14:38:07,translate.google.fr
2014-02-18 14:38:08,translate.google.fr
2014-02-18 14:38:10,translate.google.fr
2014-02-18 14:38:12,translate.google.fr
2014-02-18 14:38:13,translate.google.fr
2014-02-18 14:38:14,translate.google.fr
2014-02-18 14:38:16,translate.google.fr
2014-02-18 14:38:17,translate.google.fr
2014-02-18 14:38:19,translate.google.fr
2014-02-18 14:38:22,translate.google.fr
2014-02-18 14:38:24,translate.google.fr
2014-02-18 14:39:56,plus.google.com
2014-02-18 14:40:28,translate.google.fr
2014-02-18 14:40:31,translate.google.fr
2014-02-18 14:40:32,translate.google.fr
2014-02-18 14:40:33,translate.google.fr
2014-02-18 14:40:35,translate.google.fr
2014-02-18 14:40:37,translate.google.fr
2014-02-18 14:40:42,translate.google.fr
2014-02-18 14:41:11,translate.google.fr
2014-02-18 14:41:13,translate.google.fr
2014-02-18 14:41:14,translate.google.fr
2014-02-18 14:41:15,translate.google.fr
2014-02-18 14:41:17,translate.google.fr
2014-02-18 14:41:21,translate.google.fr
2014-02-18 14:41:23,translate.google.fr
2014-02-18 14:41:25,translate.google.fr
2014-02-18 14:41:27,translate.google.fr
2014-02-18 14:41:29,translate.google.fr
2014-02-18 14:41:30,translate.google.fr
2014-02-18 14:41:32,translate.google.fr
2014-02-18 14:41:33,translate.google.fr
2014-02-18 14:41:35,translate.google.fr
2014-02-18 14:41:36,translate.google.fr
2014-02-18 14:41:37,translate.google.fr
2014-02-18 14:41:42,translate.google.fr
2014-02-18 14:41:44,translate.google.fr
2014-02-18 14:41:45,translate.google.fr
2014-02-18 14:41:47,translate.google.fr
2014-02-18 14:41:48,translate.google.fr
2014-02-18 14:41:49,translate.google.fr
2014-02-18 14:41:50,translate.google.fr
2014-02-18 14:41:55,translate.google.fr
2014-02-18 14:41:57,translate.google.fr
2014-02-18 14:42:05,translate.google.fr
2014-02-18 14:42:06,translate.google.fr
2014-02-18 14:42:07,translate.google.fr
2014-02-18 14:42:08,translate.google.fr
2014-02-18 14:42:09,translate.google.fr
2014-02-18 14:42:11,translate.google.fr
2014-02-18 14:42:16,translate.google.fr
2014-02-18 14:42:17,translate.google.fr
2014-02-18 14:42:18,translate.google.fr
2014-02-18 14:42:20,translate.google.fr
2014-02-18 14:42:21,translate.google.fr
2014-02-18 14:42:33,translate.google.fr
2014-02-18 14:42:37,translate.google.fr
2014-02-18 14:42:38,translate.google.fr
2014-02-18 14:42:39,translate.google.fr
2014-02-18 14:42:46,docs.google.com
2014-02-18 14:43:17,translate.google.fr
2014-02-18 14:43:18,translate.google.fr
2014-02-18 14:43:19,translate.google.fr
2014-02-18 14:43:23,translate.google.fr
2014-02-18 14:43:24,translate.google.fr
2014-02-18 14:43:25,translate.google.fr
2014-02-18 14:43:26,translate.google.fr
2014-02-18 14:43:28,translate.google.fr
2014-02-18 14:43:30,translate.google.fr
2014-02-18 14:43:31,translate.google.fr
2014-02-18 14:43:32,translate.google.fr
2014-02-18 14:43:37,translate.google.fr
2014-02-18 14:45:08,translate.google.fr
2014-02-18 14:45:18,translate.google.fr
2014-02-18 14:45:21,translate.google.fr
2014-02-18 14:45:23,translate.google.fr
2014-02-18 14:45:24,translate.google.fr
2014-02-18 14:45:27,translate.google.fr
2014-02-18 14:46:08,1.talkgadget.google.com
2014-02-18 14:46:58,translate.google.fr
2014-02-18 14:46:59,translate.google.fr
2014-02-18 14:47:00,translate.google.fr
2014-02-18 14:47:04,translate.google.fr
2014-02-18 14:47:15,drive.google.com
2014-02-18 14:49:03,docs.google.com
2014-02-18 14:50:47,docs.google.com
2014-02-18 14:51:13,drive.google.com
2014-02-18 14:51:39,plus.google.com
2014-02-18 14:52:38,plus.google.com
2014-02-18 14:55:14,drive.google.com
2014-02-18 14:55:29,docs.google.com
2014-02-18 14:55:30,docs.google.com
2014-02-18 14:55:35,docs.google.com
2014-02-18 14:55:39,gg.google.com
2014-02-18 14:56:20,docs.google.com
2014-02-18 14:59:13,drive.google.com
2014-02-18 14:59:33,www.google.fr
2014-02-18 14:59:34,plus.google.com
2014-02-18 14:59:38,www.solidays.org
2014-02-18 14:59:38,www.google.fr
2014-02-18 14:59:39,www.solidays.org
2014-02-18 14:59:40,www.solidays.org
2014-02-18 14:59:41,www.digitick.com
2014-02-18 14:59:41,static2.digitick.com
2014-02-18 14:59:42,www.solidays.org
2014-02-18 14:59:42,static2.digitick.com
2014-02-18 14:59:44,static2.digitick.com
2014-02-18 14:59:44,www.digitick.com
2014-02-18 14:59:56,plus.google.com
2014-02-18 15:00:04,www.solidays.org
2014-02-18 15:00:06,plus.google.com
2014-02-18 15:00:10,plus.google.com
2014-02-18 15:00:33,0.drive.google.com
2014-02-18 15:00:37,0.docs.google.com
2014-02-18 15:00:45,www.google.fr
2014-02-18 15:00:45,plus.google.com
2014-02-18 15:00:46,d1447tq2m68ekg.cloudfront.net
2014-02-18 15:00:46,static.pluzzvad.hubee.tv
2014-02-18 15:00:46,static.francetv.fr
2014-02-18 15:00:46,www.google.fr
2014-02-18 15:00:46,pluzz.francetv.fr
2014-02-18 15:00:46,static-pluzz.francetv.fr
2014-02-18 15:00:47,www.facebook.com
2014-02-18 15:00:47,pluzz.francetv.fr
2014-02-18 15:00:47,static.pluzzvad.hubee.tv
2014-02-18 15:00:47,static.francetv.fr
2014-02-18 15:00:47,webservices.francetelevisions.fr
2014-02-18 15:00:47,static-pluzz.francetv.fr
2014-02-18 15:00:48,static.pluzzvad.hubee.tv
2014-02-18 15:00:48,static.francetv.fr
2014-02-18 15:00:48,d7v0k4dt27zlp.cloudfront.net
2014-02-18 15:00:49,static.ak.facebook.com
2014-02-18 15:00:49,connect.facebook.net
2014-02-18 15:00:49,pluzz.francetv.fr
2014-02-18 15:00:49,d16s8pqtk4uodx.cloudfront.net
2014-02-18 15:00:49,s-static.ak.facebook.com
2014-02-18 15:00:49,www.facebook.com
2014-02-18 15:00:49,d7v0k4dt27zlp.cloudfront.net
2014-02-18 15:00:50,d16s8pqtk4uodx.cloudfront.net
2014-02-18 15:00:50,www.google.com
2014-02-18 15:00:50,static.francetv.fr
2014-02-18 15:00:50,its.tradelab.fr
2014-02-18 15:01:20,docs.google.com
2014-02-18 15:01:42,1.talkgadget.google.com
2014-02-18 15:01:42,docs.google.com
2014-02-18 15:01:43,1.docs.google.com
2014-02-18 15:01:43,docs.google.com
2014-02-18 15:02:41,translate.google.fr
2014-02-18 15:02:43,translate.google.fr
2014-02-18 15:02:46,translate.google.fr
2014-02-18 15:02:48,drive.google.com
2014-02-18 15:02:48,1.talkgadget.google.com
2014-02-18 15:02:48,translate.google.fr
2014-02-18 15:02:49,translate.google.fr
2014-02-18 15:06:49,plus.google.com
2014-02-18 15:06:53,docs.google.com
2014-02-18 15:09:22,translate.google.fr
2014-02-18 15:09:24,translate.google.fr
2014-02-18 15:09:26,translate.google.fr
2014-02-18 15:09:27,translate.google.fr
2014-02-18 15:09:33,translate.google.fr
2014-02-18 15:09:52,translate.google.fr
2014-02-18 15:12:09,plus.google.com
2014-02-18 15:12:50,plus.google.com
2014-02-18 15:13:13,drive.google.com
2014-02-18 15:13:32,docs.google.com
2014-02-18 15:17:00,plus.google.com
2014-02-18 15:17:14,drive.google.com
2014-02-18 15:19:13,drive.google.com
2014-02-18 15:20:36,drive.google.com
2014-02-18 15:20:36,translate.google.fr
2014-02-18 15:20:41,translate.google.fr
2014-02-18 15:20:49,docs.google.com
2014-02-18 15:23:52,www.google.fr
2014-02-18 15:23:53,www.google.fr
2014-02-18 15:23:54,www.google.com
2014-02-18 15:23:54,plus.google.com
2014-02-18 15:23:59,plus.google.com
2014-02-18 15:25:52,www.google.com
2014-02-18 15:25:52,plus.google.com
2014-02-18 15:25:52,www.google.fr
2014-02-18 15:25:55,translate.google.fr
2014-02-18 15:26:06,translate.google.fr
2014-02-18 15:26:27,drive.google.com
2014-02-18 15:26:27,translate.google.fr
2014-02-18 15:26:37,docs.google.com
2014-02-18 15:27:25,translate.google.fr
2014-02-18 15:27:31,translate.google.fr
2014-02-18 15:27:38,translate.google.fr
2014-02-18 15:28:07,translate.google.fr
2014-02-18 15:28:15,translate.google.fr
2014-02-18 15:28:18,translate.google.fr
2014-02-18 15:28:26,docs.google.com
2014-02-18 15:29:21,docs.google.com
2014-02-18 15:29:30,2.docs.google.com
2014-02-18 15:29:31,0.docs.google.com
2014-02-18 15:29:35,2.docs.google.com
2014-02-18 15:29:36,2.talkgadget.google.com
2014-02-18 15:29:37,2.talkgadget.google.com
2014-02-18 15:29:37,docs.google.com
2014-02-18 15:29:38,2.talkgadget.google.com
2014-02-18 15:29:38,plus.google.com
2014-02-18 15:29:38,docs.google.com
2014-02-18 15:29:40,apis.google.com
2014-02-18 15:29:40,docs.google.com
2014-02-18 15:29:40,2.talkgadget.google.com
2014-02-18 15:30:01,translate.google.fr
2014-02-18 15:30:02,plus.google.com
2014-02-18 15:30:02,translate.google.fr
2014-02-18 15:30:04,translate.google.fr
2014-02-18 15:30:05,translate.google.fr
2014-02-18 15:30:07,plus.google.com
2014-02-18 15:30:09,translate.google.fr
2014-02-18 15:30:29,docs.google.com
2014-02-18 15:30:38,2.talkgadget.google.com
2014-02-18 15:30:38,plus.google.com
2014-02-18 15:30:38,apis.google.com
2014-02-18 15:31:13,drive.google.com
2014-02-18 15:31:55,docs.google.com
2014-02-18 15:31:55,2.talkgadget.google.com
2014-02-18 15:31:55,2.docs.google.com
2014-02-18 15:31:58,plus.google.com
2014-02-18 15:31:58,translate.google.fr
2014-02-18 15:32:30,drive.google.com
2014-02-18 15:32:30,plus.google.com
2014-02-18 15:32:30,www.google.com
2014-02-18 15:32:30,0.drive.google.com
2014-02-18 15:32:30,www.google.fr
2014-02-18 15:32:51,www.google.com
2014-02-18 15:32:51,accounts.youtube.com
2014-02-18 15:32:51,www.google.fr
2014-02-18 15:32:51,accounts.google.com
2014-02-18 15:32:51,2.talkgadget.google.com
2014-02-18 15:32:51,drive.google.com
2014-02-18 15:32:51,accounts.google.fr
2014-04-02 14:02:00,www.google.com
2014-04-02 14:02:03,www.google.fr
2014-04-02 14:02:04,www.google.com
2014-04-02 14:02:05,apis.google.com
2014-04-02 14:02:14,accounts.google.com
2014-04-02 14:02:15,accounts.youtube.com
2014-04-02 14:02:15,apis.google.com
2014-04-02 14:02:15,www.google.fr
2014-04-02 14:02:32,www.google.fr
2014-04-02 14:02:32,accounts.google.fr
2014-04-02 14:02:33,www.google.com
2014-04-02 14:02:34,plus.google.com
2014-04-02 14:02:39,plus.google.com
2014-04-02 14:02:41,accounts.youtube.com
2014-04-02 14:02:42,accounts.google.fr
2014-04-02 14:02:44,drive.google.com
2014-04-02 14:02:44,www.google.fr
2014-04-02 14:02:45,accounts.google.com
2014-04-02 14:02:45,apis.google.com
2014-04-02 14:02:45,www.google.com
2014-04-02 14:02:45,www.google.fr
2014-04-02 14:02:46,drive.google.com
2014-04-02 14:02:46,www.google.com
2014-04-02 14:02:46,plus.google.com
2014-04-02 14:02:47,0.drive.google.com
2014-04-02 14:02:47,apis.google.com
2014-04-02 14:02:51,www.google.fr
2014-04-02 14:02:52,drive.google.com
2014-04-02 14:02:52,www.google.com
2014-04-02 14:02:53,drive.google.com
2014-04-02 14:02:53,plus.google.com
2014-04-02 14:02:53,docs.google.com
2014-04-02 14:02:54,docs.google.com
2014-04-02 14:02:57,www.hotmail.com
2014-04-02 14:02:57,www.google.fr
2014-04-02 14:02:59,login.live.com
2014-04-02 14:03:00,login.live.com
2014-04-02 14:03:00,www.google.fr
2014-04-02 14:03:01,windowslive.tt.omtrdc.net
2014-04-02 14:03:12,windowslive.tt.omtrdc.net
2014-04-02 14:03:42,docs.google.com
2014-04-02 14:03:46,gg.google.com
2014-04-02 14:03:46,clients2.google.com
2014-04-02 14:03:47,clients2.google.com
2014-04-02 14:03:47,docs.google.com
2014-04-02 14:03:48,docs.google.com
2014-04-02 14:03:48,www.google.com
2014-04-02 14:03:49,apis.google.com
2014-04-02 14:03:49,docs.google.com
2014-04-02 14:03:49,clients6.google.com
2014-04-02 14:03:49,accounts.google.com
2014-04-02 14:03:49,0.docs.google.com
2014-04-02 14:03:50,docs.google.com
2014-04-02 14:03:51,accounts.google.com
2014-04-02 14:03:51,0.docs.google.com
2014-04-02 14:03:51,docs.google.com
2014-04-02 14:03:51,apis.google.com
2014-04-02 14:03:52,clients6.google.com
2014-04-02 14:03:52,0.talkgadget.google.com
2014-04-02 14:03:54,plus.google.com
2014-04-02 14:03:54,0.talkgadget.google.com
2014-04-02 14:03:55,go.microsoft.com
2014-04-02 14:03:55,ieonline.microsoft.com
2014-04-02 14:03:56,docs.google.com
2014-04-02 14:03:56,apis.google.com
2014-04-02 14:03:56,0.talkgadget.google.com
2014-04-02 14:04:00,0.talkgadget.google.com
2014-04-02 14:04:11,login.live.com
2014-04-02 14:04:13,login.live.com
2014-04-02 14:04:15,mail.live.com
2014-04-02 14:04:15,people.directory.live.com
2014-04-02 14:04:17,dub126.mail.live.com
2014-04-02 14:04:18,dub126.mail.live.com
2014-04-02 14:04:18,windowslive.tt.omtrdc.net
2014-04-02 14:04:19,cid-02b63548e1813f54.users.storage.live.com
2014-04-02 14:04:19,h.live.com
2014-04-02 14:04:20,h.live.com
2014-04-02 14:04:20,people.directory.live.com
2014-04-02 14:04:20,dub126.mail.live.com
2014-04-02 14:04:21,h.live.com
2014-04-02 14:04:21,dub126.mail.live.com
2014-04-02 14:04:22,dub126.mail.live.com
2014-04-02 14:04:23,h.live.com
2014-04-02 14:04:23,blufiles.storage.msn.com
2014-04-02 14:04:23,dub126.mail.live.com
2014-04-02 14:04:24,dub126.mail.live.com
2014-04-02 14:04:25,js.live.net
2014-04-02 14:04:25,h.live.com
2014-04-02 14:04:26,dub126.mail.live.com
2014-04-02 14:04:27,dub126.mail.live.com
2014-04-02 14:04:28,s3.amazonaws.com
2014-04-02 14:04:28,secure.shared.live.com
2014-04-02 14:04:28,dub126.mail.live.com
2014-04-02 14:04:28,appsuite-production.s3.amazonaws.com
2014-04-02 14:04:29,dub126.mail.live.com
2014-04-02 14:04:29,api.skype.com
2014-04-02 14:04:29,p.sfx.ms
2014-04-02 14:04:29,h.live.com
2014-04-02 14:04:30,login.live.com
2014-04-02 14:04:30,go.trouter.io
2014-04-02 14:04:30,secure.shared.live.com
2014-04-02 14:04:30,appsuite-production.s3.amazonaws.com
2014-04-02 14:04:31,h.live.com
2014-04-02 14:04:31,go.trouter.io
2014-04-02 14:04:31,dub126.mail.live.com
2014-04-02 14:04:31,storage.live.com
2014-04-02 14:04:31,s3.amazonaws.com
2014-04-02 14:04:32,dub126.mail.live.com
2014-04-02 14:04:32,prod.registrar.skype.com
2014-04-02 14:04:33,secure.shared.live.com
2014-04-02 14:04:33,api.skype.com
2014-04-02 14:04:33,bn1303files.storage.live.com
2014-04-02 14:04:33,login.live.com
2014-04-02 14:04:34,h.live.com
2014-04-02 14:04:34,go.trouter.io
2014-04-02 14:04:35,dub126.mail.live.com
2014-04-02 14:04:35,cid-02b63548e1813f54.users.storage.live.com
2014-04-02 14:04:35,g.live.com
2014-04-02 14:04:36,login.skype.com
2014-04-02 14:04:38,c.fr.msn.com
2014-04-02 14:04:38,h2.msn.com
2014-04-02 14:04:38,windowslive.tt.omtrdc.net
2014-04-02 14:04:38,www.bing.com
2014-04-02 14:04:38,fr.msn.com
2014-04-02 14:04:39,msfs.nspmotion.com
2014-04-02 14:04:39,api.bing.com
2014-04-02 14:04:39,www.bing.com
2014-04-02 14:04:39,ia.nspmotion.com
2014-04-02 14:04:40,platform.twitter.com
2014-04-02 14:04:40,msfs.nspmotion.com
2014-04-02 14:04:40,h2.msn.com
2014-04-02 14:04:41,ia.nspmotion.com
2014-04-02 14:04:41,fpdownload2.macromedia.com
2014-04-02 14:04:41,msfs.nspmotion.com
2014-04-02 14:04:41,platform.twitter.com
2014-04-02 14:04:47,drive.google.com
2014-04-02 14:05:50,0.talkgadget.google.com
2014-04-02 14:05:51,docs.google.com
2014-04-02 14:05:55,drive.google.com
2014-04-02 14:05:55,docs.google.com
2014-04-02 14:06:00,1.docs.google.com
2014-04-02 14:06:00,apis.google.com
2014-04-02 14:06:01,1.docs.google.com
2014-04-02 14:06:03,1.talkgadget.google.com
2014-04-02 14:06:04,docs.google.com
2014-04-02 14:06:05,1.talkgadget.google.com
2014-04-02 14:06:05,docs.google.com
2014-04-02 14:06:05,plus.google.com
2014-04-02 14:06:07,apis.google.com
2014-04-02 14:06:07,docs.google.com
2014-04-02 14:06:07,plus.google.com
2014-04-02 14:06:07,1.talkgadget.google.com
2014-04-02 14:06:55,docs.google.com
2014-04-02 14:07:05,www.google.com
2014-04-02 14:07:05,1.talkgadget.google.com
2014-04-02 14:07:33,1.talkgadget.google.com
2014-04-02 14:07:47,gg.google.com
2014-04-02 14:07:54,plus.google.com
2014-04-02 14:08:05,1.talkgadget.google.com
2014-04-02 14:08:22,www.google.fr
2014-04-02 14:08:24,plus.google.com
2014-04-02 14:08:28,www.google.fr
2014-04-02 14:08:28,translate.google.fr
2014-04-02 14:08:29,translate.google.fr
2014-04-02 14:08:29,plus.google.com
2014-04-02 14:08:30,translate.google.fr
2014-04-02 14:08:34,plus.google.com
2014-04-02 14:08:54,www.google.com
2014-04-02 14:09:51,apis.google.com
2014-04-02 14:09:56,drive.google.com
2014-04-02 14:10:22,plus.google.com
2014-04-02 14:10:22,www.google.fr
2014-04-02 14:10:47,apis.google.com
2014-04-02 14:10:47,drive.google.com
2014-04-02 14:11:05,www.google.com
2014-04-02 14:11:18,1.talkgadget.google.com
2014-04-02 14:11:52,translate.google.fr
2014-04-02 14:11:53,translate.google.fr
2014-04-02 14:11:57,translate.google.fr
2014-04-02 14:12:08,1.talkgadget.google.com
2014-04-02 14:14:41,docs.google.com
2014-04-02 14:16:46,docs.google.com
2014-04-02 14:16:47,0.talkgadget.google.com
2014-04-02 14:16:47,drive.google.com
2014-04-02 14:16:51,plus.google.com
2014-04-02 14:16:52,docs.google.com
2014-04-02 14:16:52,1.talkgadget.google.com
2014-04-02 14:16:53,plus.google.com
2014-04-02 14:16:55,www.google.fr
2014-04-02 14:16:55,0.drive.google.com
2014-04-02 14:16:56,www.google.fr
2014-04-02 14:16:56,plus.google.com
2014-04-02 14:17:07,0.talkgadget.google.com
2014-04-02 14:17:07,accounts.youtube.com
2014-04-02 14:17:07,accounts.google.com
2014-04-02 14:17:07,www.google.com
2014-04-02 14:17:07,drive.google.com
2014-04-02 14:17:07,accounts.google.fr
2014-04-02 14:17:07,0.docs.google.com
2014-04-02 14:17:07,1.talkgadget.google.com
2014-04-02 14:17:07,docs.google.com
2014-04-02 14:17:07,1.docs.google.com
2014-04-02 14:19:37,www.google.fr
2014-04-02 14:19:39,www.google.com
2014-04-02 14:19:40,apis.google.com
2014-04-02 14:19:52,accounts.google.com
2014-04-02 14:19:53,www.google.fr
2014-04-02 14:19:53,accounts.youtube.com
2014-04-02 14:19:53,apis.google.com
2014-04-02 14:20:20,www.google.fr
2014-04-02 14:20:20,accounts.google.fr
2014-04-02 14:20:21,www.google.com
2014-04-02 14:20:22,plus.google.com
2014-04-02 14:20:27,plus.google.com
2014-04-02 14:22:11,ieonline.microsoft.com
2014-04-02 14:22:48,plus.google.com
2014-04-02 14:22:51,drive.google.com
2014-04-02 14:22:51,accounts.google.com
2014-04-02 14:22:51,accounts.youtube.com
2014-04-02 14:22:51,accounts.google.fr
2014-04-02 14:22:51,www.google.fr
2014-04-02 14:22:52,www.google.fr
2014-04-02 14:22:53,apis.google.com
2014-04-02 14:22:53,plus.google.com
2014-04-02 14:22:53,www.google.com
2014-04-02 14:22:53,drive.google.com
2014-04-02 14:22:54,apis.google.com
2014-04-02 14:22:54,drive.google.com
2014-04-02 14:22:54,0.drive.google.com
2014-04-02 14:22:56,0.drive.google.com
2014-04-02 14:22:59,www.google.com
2014-04-02 14:22:59,drive.google.com
2014-04-02 14:23:00,www.google.com
2014-04-02 14:23:00,drive.google.com
2014-04-02 14:23:00,plus.google.com
2014-04-02 14:23:00,docs.google.com
2014-04-02 14:23:01,docs.google.com
2014-04-02 14:23:02,docs.google.com
2014-04-02 14:23:03,docs.google.com
2014-04-02 14:23:04,docs.google.com
2014-04-02 14:23:05,docs.google.com
2014-04-02 14:23:08,docs.google.com
2014-04-02 14:23:09,clients2.google.com
2014-04-02 14:23:10,docs.google.com
2014-04-02 14:23:10,clients2.google.com
2014-04-02 14:23:11,docs.google.com
2014-04-02 14:23:11,www.google.com
2014-04-02 14:23:11,0.docs.google.com
2014-04-02 14:23:11,apis.google.com
2014-04-02 14:23:12,clients6.google.com
2014-04-02 14:23:12,docs.google.com
2014-04-02 14:23:12,0.docs.google.com
2014-04-02 14:23:12,1.docs.google.com
2014-04-02 14:23:12,accounts.google.com
2014-04-02 14:23:13,apis.google.com
2014-04-02 14:23:13,www.google.com
2014-04-02 14:23:13,1.docs.google.com
2014-04-02 14:23:13,0.talkgadget.google.com
2014-04-02 14:23:13,docs.google.com
2014-04-02 14:23:13,accounts.google.com
2014-04-02 14:23:13,clients6.google.com
2014-04-02 14:23:14,docs.google.com
2014-04-02 14:23:14,1.talkgadget.google.com
2014-04-02 14:23:15,plus.google.com
2014-04-02 14:23:15,docs.google.com
2014-04-02 14:23:15,0.talkgadget.google.com
2014-04-02 14:23:15,1.talkgadget.google.com
2014-04-02 14:23:17,plus.google.com
2014-04-02 14:23:17,0.talkgadget.google.com
2014-04-02 14:23:17,1.talkgadget.google.com
2014-04-02 14:23:17,apis.google.com
2014-04-02 14:23:53,docs.google.com
2014-04-02 14:23:53,gg.google.com
2014-04-02 14:24:14,0.talkgadget.google.com
2014-04-02 14:24:15,1.talkgadget.google.com
2014-04-02 14:24:16,www.google.com
2014-04-02 14:24:18,1.talkgadget.google.com
2014-04-02 14:24:20,0.talkgadget.google.com
2014-04-02 14:26:08,0.talkgadget.google.com
2014-04-02 14:27:03,docs.google.com
2014-04-02 14:27:04,docs.google.com
2014-04-02 14:27:06,drive.google.com
2014-04-02 14:27:07,docs.google.com
2014-04-02 14:27:08,0.talkgadget.google.com
2014-04-02 14:27:16,2.docs.google.com
2014-04-02 14:27:18,clients6.google.com
2014-04-02 14:27:19,2.docs.google.com
2014-04-02 14:27:35,docs.google.com
2014-04-02 14:27:53,gg.google.com
2014-04-02 14:28:13,docs.google.com
2014-04-02 14:28:14,www.google.com
2014-04-02 14:28:15,0.talkgadget.google.com
2014-04-02 14:28:16,www.google.com
2014-04-02 14:28:20,docs.google.com
2014-04-02 14:28:32,translate.google.fr
2014-04-02 14:28:32,www.google.fr
2014-04-02 14:28:32,drive.google.com
2014-04-02 14:28:33,plus.google.com
2014-04-02 14:28:33,translate.google.fr
2014-04-02 14:28:33,www.google.fr
2014-04-02 14:31:15,docs.google.com
2014-04-02 14:31:16,docs.google.com
2014-04-02 14:32:05,drive.google.com
2014-04-02 14:32:05,plus.google.com
2014-04-02 14:32:05,translate.google.fr
2014-04-02 14:32:06,translate.google.fr
2014-04-02 14:32:07,translate.google.fr
2014-04-02 14:32:11,translate.google.fr
2014-04-02 14:32:26,docs.google.com
2014-04-02 14:33:00,translate.google.fr
2014-04-02 14:33:17,docs.google.com
2014-04-02 14:33:17,1.talkgadget.google.com
2014-04-02 14:34:19,1.talkgadget.google.com
2014-04-02 14:34:19,1.docs.google.com
2014-04-02 14:34:19,docs.google.com
2014-04-02 14:35:52,www.google.fr
2014-04-02 14:35:53,plus.google.com
2014-04-02 14:35:57,www.google.fr
2014-04-02 14:35:57,translate.google.fr
2014-04-02 14:35:58,plus.google.com
2014-04-02 14:35:59,translate.google.fr
2014-04-02 14:36:01,translate.google.fr
2014-04-02 14:36:02,translate.google.fr
2014-04-02 14:36:03,plus.google.com
2014-04-02 14:36:03,translate.google.fr
2014-04-02 14:36:04,translate.google.fr
2014-04-02 14:36:05,translate.google.fr
2014-04-02 14:36:05,www.google.com
2014-04-02 14:36:09,translate.google.fr
2014-04-02 14:36:10,translate.google.fr
2014-04-02 14:36:15,0.talkgadget.google.com
2014-04-02 14:36:27,translate.google.fr
2014-04-02 14:36:29,translate.google.fr
2014-04-02 14:36:30,translate.google.fr
2014-04-02 14:36:32,translate.google.fr
2014-04-02 14:36:33,translate.google.fr
2014-04-02 14:36:34,translate.google.fr
2014-04-02 14:36:39,translate.google.fr
2014-04-02 14:36:54,drive.google.com
2014-04-02 14:37:08,plus.google.com
2014-04-02 14:37:30,translate.google.fr
2014-04-02 14:37:30,www.google.fr
2014-04-02 14:37:30,plus.google.com
2014-04-02 14:40:45,docs.google.com
2014-04-02 14:40:55,drive.google.com
2014-04-02 14:42:14,docs.google.com
2014-04-02 14:42:45,plus.google.com
2014-04-02 14:42:54,drive.google.com
2014-04-02 14:44:59,translate.google.fr
2014-04-02 14:45:00,translate.google.fr
2014-04-02 14:45:01,translate.google.fr
2014-04-02 14:45:02,translate.google.fr
2014-04-02 14:45:03,translate.google.fr
2014-04-02 14:45:04,translate.google.fr
2014-04-02 14:45:05,translate.google.fr
2014-04-02 14:45:06,translate.google.fr
2014-04-02 14:45:08,translate.google.fr
2014-04-02 14:45:10,translate.google.fr
2014-04-02 14:45:11,translate.google.fr
2014-04-02 14:45:12,translate.google.fr
2014-04-02 14:45:13,translate.google.fr
2014-04-02 14:45:17,translate.google.fr
2014-04-02 14:45:18,translate.google.fr
2014-04-02 14:45:23,translate.google.fr
2014-04-02 14:45:25,translate.google.fr
2014-04-02 14:45:26,translate.google.fr
2014-04-02 14:45:27,translate.google.fr
2014-04-02 14:45:28,translate.google.fr
2014-04-02 14:45:29,translate.google.fr
2014-04-02 14:45:30,translate.google.fr
2014-04-02 14:45:35,translate.google.fr
2014-04-02 14:45:51,translate.google.fr
2014-04-02 14:45:52,translate.google.fr
2014-04-02 14:45:55,translate.google.fr
2014-04-02 14:45:56,translate.google.fr
2014-04-02 14:45:57,translate.google.fr
2014-04-02 14:45:58,translate.google.fr
2014-04-02 14:45:59,translate.google.fr
2014-04-02 14:46:01,translate.google.fr
2014-04-02 14:46:02,translate.google.fr
2014-04-02 14:46:04,translate.google.fr
2014-04-02 14:46:07,translate.google.fr
2014-04-02 14:46:08,translate.google.fr
2014-04-02 14:46:09,translate.google.fr
2014-04-02 14:46:14,translate.google.fr
2014-04-02 14:46:19,translate.google.fr
2014-04-02 14:46:25,translate.google.fr
2014-04-02 14:46:28,translate.google.fr
2014-04-02 14:46:29,translate.google.fr
2014-04-02 14:46:31,translate.google.fr
2014-04-02 14:46:32,translate.google.fr
2014-04-02 14:46:33,translate.google.fr
2014-04-02 14:46:34,translate.google.fr
2014-04-02 14:46:36,translate.google.fr
2014-04-02 14:46:37,translate.google.fr
2014-04-02 14:46:38,translate.google.fr
2014-04-02 14:46:39,translate.google.fr
2014-04-02 14:46:41,translate.google.fr
2014-04-02 14:46:42,translate.google.fr
2014-04-02 14:46:43,translate.google.fr
2014-04-02 14:46:44,translate.google.fr
2014-04-02 14:46:47,translate.google.fr
2014-04-02 14:46:49,translate.google.fr
2014-04-02 14:46:51,translate.google.fr
2014-04-02 14:46:52,translate.google.fr
2014-04-02 14:46:53,translate.google.fr
2014-04-02 14:46:55,drive.google.com
2014-04-02 14:46:55,translate.google.fr
2014-04-02 14:47:00,translate.google.fr
2014-04-02 14:47:07,translate.google.fr
2014-04-02 14:47:11,translate.google.fr
2014-04-02 14:47:13,translate.google.fr
2014-04-02 14:47:15,plus.google.com
2014-04-02 14:47:15,translate.google.fr
2014-04-02 14:47:19,translate.google.fr
2014-04-02 14:47:21,translate.google.fr
2014-04-02 14:47:23,translate.google.fr
2014-04-02 14:47:25,translate.google.fr
2014-04-02 14:47:26,translate.google.fr
2014-04-02 14:47:27,translate.google.fr
2014-04-02 14:47:29,translate.google.fr
2014-04-02 14:47:30,translate.google.fr
2014-04-02 14:47:33,translate.google.fr
2014-04-02 14:47:34,translate.google.fr
2014-04-02 14:47:37,translate.google.fr
2014-04-02 14:47:43,translate.google.fr
2014-04-02 14:47:44,translate.google.fr
2014-04-02 14:47:45,translate.google.fr
2014-04-02 14:47:47,translate.google.fr
2014-04-02 14:47:48,translate.google.fr
2014-04-02 14:47:49,translate.google.fr
2014-04-02 14:47:50,translate.google.fr
2014-04-02 14:47:51,translate.google.fr
2014-04-02 14:47:53,translate.google.fr
2014-04-02 14:47:54,translate.google.fr
2014-04-02 14:47:55,translate.google.fr
2014-04-02 14:47:57,translate.google.fr
2014-04-02 14:47:58,translate.google.fr
2014-04-02 14:47:59,translate.google.fr
2014-04-02 14:48:04,translate.google.fr
2014-04-02 14:48:06,translate.google.fr
2014-04-02 14:48:48,translate.google.fr
2014-04-02 14:48:49,translate.google.fr
2014-04-02 14:49:04,translate.google.fr
2014-04-02 14:49:05,translate.google.fr
2014-04-02 14:49:06,translate.google.fr
2014-04-02 14:49:07,translate.google.fr
2014-04-02 14:49:09,translate.google.fr
2014-04-02 14:49:11,translate.google.fr
2014-04-02 14:49:12,translate.google.fr
2014-04-02 14:49:17,translate.google.fr
2014-04-02 14:49:18,translate.google.fr
2014-04-02 14:49:19,translate.google.fr
2014-04-02 14:49:20,translate.google.fr
2014-04-02 14:49:21,translate.google.fr
2014-04-02 14:49:22,translate.google.fr
2014-04-02 14:49:23,translate.google.fr
2014-04-02 14:49:24,translate.google.fr
2014-04-02 14:49:25,translate.google.fr
2014-04-02 14:49:26,translate.google.fr
2014-04-02 14:49:29,translate.google.fr
2014-04-02 14:49:30,translate.google.fr
2014-04-02 14:49:31,translate.google.fr
2014-04-02 14:49:33,translate.google.fr
2014-04-02 14:49:38,translate.google.fr
2014-04-02 14:50:15,translate.google.fr
2014-04-02 14:50:17,translate.google.fr
2014-04-02 14:50:19,translate.google.fr
2014-04-02 14:50:20,translate.google.fr
2014-04-02 14:50:21,translate.google.fr
2014-04-02 14:50:26,translate.google.fr
2014-04-02 14:50:28,translate.google.fr
2014-04-02 14:50:29,translate.google.fr
2014-04-02 14:50:33,translate.google.fr
2014-04-02 14:50:34,translate.google.fr
2014-04-02 14:50:39,translate.google.fr
2014-04-02 14:50:41,docs.google.com
2014-04-02 14:50:54,drive.google.com
2014-04-02 14:51:15,0.talkgadget.google.com
2014-04-02 14:54:24,docs.google.com
2014-04-02 14:54:54,drive.google.com
2014-04-02 14:55:14,docs.google.com
2014-04-02 14:57:08,plus.google.com
2014-04-02 15:02:00,apis.google.com
2014-04-02 15:02:06,apis.google.com
2014-04-02 15:02:45,plus.google.com
2014-04-02 15:04:55,drive.google.com
2014-04-02 15:05:29,translate.google.fr
2014-04-02 15:05:30,translate.google.fr
2014-04-02 15:05:33,translate.google.fr
2014-04-02 15:05:35,translate.google.fr
2014-04-02 15:05:40,docs.google.com
2014-04-02 15:06:23,translate.google.fr
2014-04-02 15:06:24,translate.google.fr
2014-04-02 15:06:27,apis.google.com
2014-04-02 15:06:29,translate.google.fr
2014-04-02 15:06:33,translate.google.fr
2014-04-02 15:06:34,translate.google.fr
2014-04-02 15:06:35,translate.google.fr
2014-04-02 15:06:36,translate.google.fr
2014-04-02 15:06:38,translate.google.fr
2014-04-02 15:06:40,translate.google.fr
2014-04-02 15:06:56,translate.google.fr
2014-04-02 15:06:58,translate.google.fr
2014-04-02 15:07:03,translate.google.fr
2014-04-02 15:07:27,plus.google.com
2014-04-02 15:07:27,translate.google.fr
2014-04-02 15:07:29,translate.google.fr
2014-04-02 15:07:34,translate.google.fr
2014-04-02 15:09:05,translate.google.fr
2014-04-02 15:09:08,translate.google.fr
2014-04-02 15:09:08,inputtools.google.com
2014-04-02 15:09:10,translate.google.fr
2014-04-02 15:09:13,translate.google.fr
2014-04-02 15:11:09,inputtools.google.com
2014-04-02 15:16:15,0.talkgadget.google.com
2014-04-02 15:17:08,plus.google.com
2014-04-02 15:22:45,plus.google.com
2014-04-02 15:22:54,drive.google.com
2014-04-02 15:23:12,docs.google.com
2014-04-02 15:23:49,docs.google.com
2014-04-02 15:23:56,0.docs.google.com
2014-04-02 15:24:03,0.drive.google.com
2014-04-02 15:28:17,plus.google.com
2014-04-02 15:29:04,2.docs.google.com
2014-04-02 15:29:42,0.talkgadget.google.com
2014-04-02 15:32:28,docs.google.com
2014-04-02 15:32:29,docs.google.com
2014-04-02 15:32:31,docs.google.com
2014-04-02 15:32:32,0.talkgadget.google.com
2014-04-02 15:32:32,accounts.youtube.com
2014-04-02 15:32:34,docs.google.com
2014-04-02 15:32:34,0.drive.google.com
2014-04-02 15:32:34,accounts.google.fr
2014-04-02 15:32:34,www.google.com
2014-04-02 15:32:34,0.docs.google.com
2014-04-02 15:32:34,www.google.fr
2014-04-02 15:32:41,0.talkgadget.google.com
2014-04-02 15:32:41,accounts.youtube.com
2014-04-02 15:32:41,accounts.google.com
2014-04-02 15:32:41,www.google.com
2014-04-02 15:32:41,accounts.google.fr
2014-04-02 15:32:41,2.docs.google.com
