timestamp,site
2013-10-12 13:47:37,fpdownload2.macromedia.com
2013-10-12 13:48:12,pierre.colomb.me
2013-10-12 13:48:39,pierre.colomb.me
2013-10-12 13:48:48,pierre.colomb.me
2013-10-12 13:49:02,pierre.colomb.me
2013-10-12 13:51:08,javadl-esd.sun.com
2013-10-12 13:51:09,javadl-esd.sun.com
2013-10-12 14:02:20,pierre.colomb.me
2013-10-12 14:02:24,pierre.colomb.me
2013-10-12 14:04:56,www.google.com
2013-10-12 14:04:56,www.google.fr
2013-10-12 14:05:11,www.google.fr
2013-10-12 14:05:14,www.google.com
2013-10-12 14:05:25,www.google.com
2013-10-12 14:06:00,pierre.colomb.me
2013-10-12 14:06:25,www.google.fr
2013-10-12 14:08:10,www.google.fr
2013-10-12 14:08:17,www.google.com
2013-10-12 14:08:17,www.google.fr
2013-10-12 14:08:24,www.google.fr
2013-10-12 14:08:28,www.google.com
2013-10-12 14:09:07,fr.wikipedia.org
2013-10-12 14:09:07,bits.wikimedia.org
2013-10-12 14:09:07,www.google.fr
2013-10-12 14:09:08,bits.wikimedia.org
2013-10-12 14:09:08,login.wikimedia.org
2013-10-12 14:09:08,meta.wikimedia.org
2013-10-12 14:09:08,fr.wikipedia.org
2013-10-12 14:09:08,www.google.fr
2013-10-12 14:09:09,www.labri.fr
2013-10-12 14:09:24,bits.wikimedia.org
2013-10-12 14:09:29,www.google.com
2013-10-12 14:09:57,liris.cnrs.fr
2013-10-12 14:09:57,www.google.fr
2013-10-12 14:10:24,bits.wikimedia.org
2013-10-12 14:10:35,fr.wikipedia.org
2013-10-12 14:10:51,www.google.fr
2013-10-12 14:11:31,www.google.fr
2013-10-12 14:27:18,www.google.fr
2013-10-12 14:27:22,www.google.com
2013-10-12 14:27:53,www.google.com
2013-10-12 14:27:53,jfod.cnam.fr
2013-10-12 14:27:53,www.google.fr
2013-10-12 14:27:54,jfod.cnam.fr
2013-10-12 14:51:46,www.squid-cache.org
2013-10-12 14:51:55,www.google.fr
2013-10-12 14:52:09,www.google.fr
2013-10-12 14:52:12,www.google.com
2013-10-12 14:52:18,www.google.fr
2013-10-12 14:52:19,www.lifl.fr
2013-10-12 14:53:14,www.google.com
2013-10-12 14:53:19,www.google.fr
2013-10-12 15:33:14,www.google.com
2013-10-12 15:33:14,www.google.fr
2013-10-12 15:33:28,www.google.fr
2013-10-12 15:33:31,www.google.com
2013-10-12 15:34:32,www.google.com
2013-10-12 15:35:02,www.google.fr
2013-11-19 10:18:06,armmf.adobe.com
2013-11-19 10:18:08,armmf.adobe.com
2013-11-19 10:18:10,armdl.adobe.com
2013-11-19 10:20:16,www.oracle.com
2013-11-19 10:20:17,apex.oracle.com
2013-11-19 10:20:17,www.oracle.com
2013-11-19 10:22:53,javadl-esd-secure.oracle.com
2013-11-19 10:26:23,javadl-esd-secure.oracle.com
2013-11-19 10:32:21,gtssl-ocsp.geotrust.com
2013-11-19 10:32:22,gtssl-ocsp.geotrust.com
2013-11-19 10:32:27,clients1.google.com
2013-11-19 10:32:27,geo.mozilla.org
2013-11-19 10:32:28,gtglobal-ocsp.geotrust.com
2013-11-19 10:32:28,clients1.google.com
2013-11-19 10:32:31,www.google.fr
2013-11-19 10:32:31,clients1.google.com
2013-11-19 10:32:31,ocsp.tcs.terena.org
2013-11-19 10:32:31,ocsp.usertrust.com
2013-11-19 10:32:38,clients1.google.com
2013-11-19 10:35:05,safebrowsing.clients.google.com
2013-11-19 10:35:05,safebrowsing-cache.google.com
2013-11-19 10:35:06,safebrowsing-cache.google.com
2013-11-19 10:35:24,www.google.com
2013-11-19 10:35:24,apis.google.com
2013-11-19 10:35:25,www.google.fr
2013-11-19 10:38:20,ocsp.thawte.com
2013-11-19 10:40:19,ocsp.verisign.com
2013-11-19 10:42:19,ocsp.digicert.com
2013-11-19 10:43:10,www.google.fr
2013-11-19 10:43:11,docs.oracle.com
2013-11-19 10:43:57,www.google.fr
2013-11-19 10:43:58,www.iselfschooling.com
2013-11-19 10:43:59,www.google.com
2013-11-19 10:43:59,www.iselfschooling.com
2013-11-19 10:43:59,clients1.google.com
2013-11-19 10:45:54,www.google.com
2013-11-19 10:46:47,www.google.fr
2013-11-19 10:48:15,www.google.com
2013-11-19 10:48:16,www.google.com
2013-11-19 10:48:34,www.google.fr
2013-11-19 10:48:35,www.1keydata.com
2013-11-19 10:48:35,www.google.com
2013-11-19 10:48:35,connect.facebook.net
2013-11-19 10:48:35,platform.twitter.com
2013-11-19 10:48:36,s-static.ak.facebook.com
2013-11-19 10:48:36,evsecure-ocsp.verisign.com
2013-11-19 10:48:36,clients1.google.com
2013-11-19 10:48:36,www.facebook.com
2013-11-19 10:48:36,platform.twitter.com
2013-11-19 10:48:36,static.ak.facebook.com
2013-11-19 10:49:06,twitter.com
2013-11-19 10:50:16,dl.javafx.com
2013-11-19 10:51:17,www.google.com
2013-11-19 10:51:18,id.google.fr
2013-11-19 10:51:27,www.google.fr
2013-11-19 10:51:31,apis.google.com
2013-11-19 10:51:33,accounts.google.com
2013-11-19 10:58:59,www.google.fr
2013-11-19 10:59:21,www.google.fr
2013-11-19 10:59:21,psoug.org
2013-11-19 10:59:21,apis.google.com
2013-11-19 10:59:22,psoug.org
2013-11-19 10:59:23,hal9000.redintelligence.net
2013-11-19 10:59:23,um.simpli.fi
2013-11-19 10:59:24,boutique-online.orange.fr
2013-11-19 10:59:24,ad.publicidees.com
2013-11-19 10:59:24,hal9000.redintelligence.net
2013-11-19 10:59:24,n22.hal9000.redintelligence.net
2013-11-19 10:59:24,ea.numericable.fr
2013-11-19 11:01:42,www.google.com
2013-11-19 11:01:52,www.google.fr
2013-11-19 11:02:17,apis.google.com
2013-11-19 11:02:18,accounts.google.com
2013-11-19 11:06:15,safebrowsing.clients.google.com
2013-11-19 11:06:15,safebrowsing-cache.google.com
2013-11-19 11:06:16,safebrowsing-cache.google.com
2013-11-19 11:06:50,psoug.org
2013-11-19 11:09:45,www.google.fr
2013-11-19 11:09:46,apis.google.com
2013-11-19 11:11:01,gtssl-ocsp.geotrust.com
2013-11-19 11:11:03,ocsp.verisign.com
2013-11-19 11:11:04,ocsp.digicert.com
2013-11-19 11:12:59,forums.oracle.com
2013-11-19 11:13:00,forums.oracle.com
2013-11-19 11:13:49,www.google.com
2013-11-19 11:13:58,www.google.fr
2013-11-19 11:14:05,forums.oracle.com
2013-11-19 11:16:06,forums.oracle.com
2013-11-19 11:20:06,forums.oracle.com
2013-11-19 11:23:37,www.google.com
2013-11-19 11:26:11,mail.google.com
2013-11-19 11:26:11,www.google.fr
2013-11-19 11:26:12,clients1.google.com
2013-11-19 11:26:34,id.google.fr
2013-11-19 11:29:04,www.google.fr
2013-11-19 11:29:07,apis.google.com
2013-11-19 11:29:08,www.google.com
2013-11-19 11:29:12,accounts.youtube.com
2013-11-19 11:29:12,mail.google.com
2013-11-19 11:29:13,accounts.google.com
2013-11-19 11:34:24,safebrowsing-cache.google.com
2013-11-19 11:34:24,safebrowsing.clients.google.com
2013-11-19 11:41:57,clients1.google.com
2013-11-19 11:41:58,gtglobal-ocsp.geotrust.com
2013-11-19 11:42:12,img483.imageshack.us
2013-11-19 11:42:12,grosbillfree.free.fr
2013-11-19 11:42:12,www.google.com
2013-11-19 11:42:12,media.koreus.com
2013-11-19 11:42:12,www.koreus.com
2013-11-19 11:42:12,www.google.fr
2013-11-19 11:42:13,imageshack.us
2013-11-19 11:42:13,style2.ad6.fr
2013-11-19 11:42:13,www.google.fr
2013-11-19 11:42:13,clmrfpnzpd.b.ad6media.fr
2013-11-19 11:42:13,o1fi67p86o.s.ad6media.fr
2013-11-19 11:42:14,img114.imageshack.us
2013-11-19 11:42:15,o1fi67p86o.s.ad6media.fr
2013-11-19 11:42:15,www.google.com
2013-11-19 11:42:15,www.koreus.com
2013-11-19 11:42:15,www.google.fr
2013-11-19 11:42:15,img132.imageshack.us
2013-11-19 11:42:16,clmrfpnzpd.b.ad6media.fr
2013-11-19 11:42:19,img132.imageshack.us
2013-11-19 11:44:54,www.google.com
2013-11-19 11:44:59,clients1.google.fr
2013-11-19 11:45:21,www.google.fr
2013-11-19 11:58:18,www.google.com
2013-11-19 11:58:26,docs.oracle.com
2013-11-19 11:58:26,www.google.fr
2013-11-19 11:58:26,www.oracle.com
2013-11-19 11:58:27,docs.oracle.com
2013-11-19 11:58:53,www.google.fr
2013-11-19 11:58:54,www.dba-oracle.com
2013-11-19 11:58:54,www.google.com
2013-11-19 11:58:54,dba-oracle.com
2013-11-19 11:58:54,www.google.fr
2013-11-19 11:58:55,www.fast-track.cc
2013-11-19 11:58:55,www.dba-oracle.com
2013-11-19 11:58:55,www.google.com
2013-11-19 11:58:55,www.google.fr
2013-11-19 11:59:36,docs.oracle.com
2013-11-19 11:59:36,www.google.fr
2013-11-19 11:59:37,docs.oracle.com
2013-11-19 12:01:19,www.google.com
2013-11-19 12:02:27,www.google.fr
2013-11-19 12:06:08,safebrowsing.clients.google.com
2013-11-19 12:06:08,safebrowsing-cache.google.com
2013-11-19 12:06:45,www.google.fr
2013-11-19 12:06:45,mail.google.com
2013-11-19 12:06:46,mail.google.com
2013-11-19 12:06:48,clients1.google.com
2013-11-19 12:07:03,clients1.google.com
2013-11-19 12:07:04,clients1.google.com
2013-11-19 12:09:40,www.google.fr
2013-11-19 12:09:54,accounts.youtube.com
2013-11-19 12:09:56,accounts.google.fr
2013-11-19 12:09:56,accounts.google.com
2013-11-19 12:09:57,clients2.google.com
2013-11-19 12:09:59,www.google.com
2013-11-19 12:09:59,chatenabled.mail.google.com
2013-11-19 12:10:02,apis.google.com
2013-11-19 12:10:27,plus.google.com
2013-11-19 12:11:06,mail.google.com
2013-11-19 12:12:56,www.google.fr
2013-11-19 12:12:57,www.trucsweb.com
2013-11-19 12:12:58,www.trucsweb.com
2013-11-19 12:14:47,www.google.com
2013-11-19 12:15:08,www.google.fr
2013-11-19 13:48:23,clients1.google.com
2013-11-19 13:48:24,gtglobal-ocsp.geotrust.com
2013-11-19 13:48:24,clients1.google.com
2013-11-19 13:48:25,clients1.google.com
2013-11-19 13:48:27,ocsp.tcs.terena.org
2013-11-19 13:48:27,clients1.google.com
2013-11-19 13:48:27,www.google.fr
2013-11-19 13:48:28,ocsp.usertrust.com
2013-11-19 13:48:49,javadl-esd-secure.oracle.com
2013-11-19 13:50:51,safebrowsing.clients.google.com
2013-11-19 13:50:51,safebrowsing-cache.google.com
2013-11-19 13:50:52,safebrowsing-cache.google.com
2013-11-19 13:51:07,javadl-esd-secure.oracle.com
2013-11-19 13:51:21,www.google.com
2013-11-19 13:51:21,apis.google.com
2013-11-19 13:51:22,www.google.fr
2013-11-19 13:55:45,clients1.google.fr
2013-11-19 13:57:23,www.google.com
2013-11-19 13:57:29,www.google.fr
2013-11-19 14:19:00,safebrowsing-cache.google.com
2013-11-19 14:19:00,safebrowsing.clients.google.com
2013-11-19 14:19:01,safebrowsing-cache.google.com
2013-11-19 14:32:59,mail.google.com
2013-11-19 14:32:59,www.google.fr
2013-11-19 14:32:59,clients1.google.com
2013-11-19 14:33:08,clients1.google.com
2013-11-19 14:33:15,www.squid-cache.org
2013-11-19 14:33:21,ocsp.verisign.com
2013-11-19 14:33:23,ocsp.thawte.com
2013-11-19 14:33:38,particuliers.secure.lcl.fr
2013-11-19 14:33:39,particuliers.secure.lcl.fr
2013-11-19 14:35:59,clients2.google.com
2013-11-19 14:36:01,apis.google.com
2013-11-19 14:36:01,accounts.google.com
2013-11-19 14:36:02,chatenabled.mail.google.com
2013-11-19 14:36:13,www.google.com
2013-11-19 14:36:16,www.google.fr
2013-11-19 14:37:14,plus.google.com
2013-11-19 14:37:14,docs.google.com
2013-11-19 14:42:19,mail.google.com
2013-11-21 12:40:22,fpdownload2.macromedia.com
2013-11-21 12:40:26,go.microsoft.com
2013-11-21 12:40:26,res2.windows.microsoft.com
2013-11-21 12:40:26,res1.windows.microsoft.com
2013-11-21 12:40:26,ajax.microsoft.com
2013-11-21 12:40:26,windows.microsoft.com
2013-11-21 12:40:26,js.microsoft.com
2013-11-21 12:40:27,js.microsoft.com
2013-11-21 12:40:27,res1.windows.microsoft.com
2013-11-21 12:40:27,res2.windows.microsoft.com
2013-11-21 12:40:27,windows.microsoft.com
2013-11-21 12:40:28,windows.microsoft.com
2013-11-21 12:40:28,res1.windows.microsoft.com
2013-11-21 12:40:28,js.microsoft.com
2013-11-21 12:40:29,www.bing.com
2013-11-21 12:40:29,res1.windows.microsoft.com
2013-11-21 12:40:30,ieonline.microsoft.com
2013-11-21 12:40:57,api.bing.com
2013-11-21 12:40:58,api.bing.com
2013-11-21 12:40:59,www.google.fr
2013-11-21 12:40:59,www.google.com
2013-11-21 12:40:59,api.bing.com
2013-11-21 12:41:00,www.google.fr
2013-11-21 12:41:01,apis.google.com
2013-11-21 12:41:02,www.google.com
2013-11-21 12:42:24,ieonline.microsoft.com
2013-11-21 12:42:24,go.microsoft.com
2013-11-21 12:42:25,www.google.com
2013-11-21 12:42:25,www.google.fr
2013-11-21 12:42:25,apis.google.com
2013-11-21 12:44:39,api.bing.com
2013-11-21 12:44:40,api.bing.com
2013-11-21 12:44:41,api.bing.com
2013-11-21 12:44:43,api.bing.com
2013-11-21 12:44:44,api.bing.com
2013-11-21 12:44:44,www.bing.com
2013-11-21 12:44:45,www.bing.com
2013-11-21 12:44:47,www.bing.com
2013-11-21 12:44:47,cms.abmr.net
2013-11-21 12:44:52,www.bing.com
2013-11-21 12:44:53,www.bing.com
2013-11-21 12:45:12,www.google.fr
2013-11-21 12:45:12,www.4chan.org
2013-11-21 12:45:12,www.squid-cache.org
2013-11-21 12:45:42,www.google.fr
2013-11-21 12:45:42,www.nofrag.com
2013-11-21 12:45:43,l0vck4d41g.b.ad6media.fr
2013-11-21 12:45:44,cdn-widget.dlgamer.com
2013-11-21 12:45:44,www.nofrag.com
2013-11-21 12:45:44,l0vck4d41g.b.ad6media.fr
2013-11-21 12:45:45,www.facebook.com
2013-11-21 12:45:45,img.youtube.com
2013-11-21 12:45:45,gdata.youtube.com
2013-11-21 12:45:45,www.nofrag.com
2013-11-21 12:45:54,api.bing.com
2013-11-21 12:45:55,api.bing.com
2013-11-21 12:45:56,api.bing.com
2013-11-21 12:45:57,api.bing.com
2013-11-21 12:45:59,www.youtube.com
2013-11-21 12:45:59,s.ytimg.com
2013-11-21 12:45:59,i1.ytimg.com
2013-11-21 12:46:00,www.google.com
2013-11-21 12:46:01,s.ytimg.com
2013-11-21 12:46:01,i1.ytimg.com
2013-11-21 12:46:02,s.ytimg.com
2013-11-21 12:46:02,i1.ytimg.com
2013-11-21 12:46:03,s.ytimg.com
2013-11-21 12:46:04,clients1.google.com
2013-11-21 12:46:04,apis.google.com
2013-11-21 12:46:05,clients1.google.com
2013-11-21 12:46:06,clients1.google.com
2013-11-21 12:46:06,s.ytimg.com
2013-11-21 12:46:07,clients1.google.com
2013-11-21 12:46:08,clients1.google.com
2013-11-21 12:46:09,www.google.com
2013-11-21 12:46:09,s.ytimg.com
2013-11-21 12:46:09,clients1.google.com
2013-11-21 12:46:10,www.youtube.com
2013-11-21 12:46:10,i1.ytimg.com
2013-11-21 12:46:10,www.google.fr
2013-11-21 12:46:10,www.google.com
2013-11-21 12:46:10,s.ytimg.com
2013-11-21 12:46:11,i1.ytimg.com
2013-11-21 12:46:11,s.ytimg.com
2013-11-21 12:46:13,r4---sn-gxo5uxg-jqbe.googlevideo.com
2013-11-21 12:46:13,www.youtube.com
2013-11-21 12:46:13,adventori.com
2013-11-21 12:46:15,s.youtube.com
2013-11-21 12:46:15,s.ytimg.com
2013-11-21 12:46:15,www.youtube.com
2013-11-21 12:46:15,r4---sn-gxo5uxg-jqbe.googlevideo.com
2013-11-21 12:46:15,i1.ytimg.com
2013-11-21 12:46:16,s.ytimg.com
2013-11-21 12:46:16,r4---sn-gxo5uxg-jqbe.googlevideo.com
2013-11-21 12:46:16,www.youtube.com
2013-11-21 12:46:16,www.google.com
2013-11-21 12:46:16,r4---sn-cg07lued.googlevideo.com
2013-11-21 12:46:16,lh4.ggpht.com
2013-11-21 12:46:17,www.youtube.com
2013-11-21 12:46:17,r4---sn-cg07lued.googlevideo.com
2013-11-21 12:46:17,r4---sn-gxo5uxg-jqbe.googlevideo.com
2013-11-21 12:46:17,lh4.ggpht.com
2013-11-21 12:46:18,apis.google.com
2013-11-21 12:46:18,r4---sn-gxo5uxg-jqbe.googlevideo.com
2013-11-21 12:46:18,s.ytimg.com
2013-11-21 12:46:18,r4---sn-cg07lued.googlevideo.com
2013-11-21 12:46:18,www.youtube.com
2013-11-21 12:46:18,i1.ytimg.com
2013-11-21 12:46:19,r4---sn-cg07lued.googlevideo.com
2013-11-21 12:46:19,s.youtube.com
2013-11-21 12:46:19,i1.ytimg.com
2013-11-21 12:46:19,www.youtube.com
2013-11-21 12:46:20,i1.ytimg.com
2013-11-21 12:46:20,www.youtube.com
2013-11-21 12:46:20,r4---sn-gxo5uxg-jqbe.googlevideo.com
2013-11-21 12:46:20,plus.googleapis.com
2013-11-21 12:46:21,r4---sn-cg07lued.googlevideo.com
2013-11-21 12:46:22,r4---sn-gxo5uxg-jqbe.googlevideo.com
2013-11-21 12:46:22,r4---sn-cg07lued.googlevideo.com
2013-11-21 12:46:22,s.youtube.com
2013-11-21 12:46:22,plus.googleapis.com
2013-11-21 12:46:22,i1.ytimg.com
2013-11-21 12:46:23,s.youtube.com
2013-11-21 12:46:23,r4---sn-cg07lued.googlevideo.com
2013-11-21 12:46:23,plus.googleapis.com
2013-11-21 12:46:23,r4---sn-gxo5uxg-jqbe.googlevideo.com
2013-11-21 12:46:24,r4---sn-cg07lued.googlevideo.com
2013-11-21 12:46:25,i1.ytimg.com
2013-11-21 12:46:25,r4---sn-cg07lued.googlevideo.com
2013-11-21 12:46:25,r4---sn-gxo5uxg-jqbe.googlevideo.com
2013-11-21 12:46:26,r4---sn-gxo5uxg-jqbe.googlevideo.com
2013-11-21 12:46:26,r4---sn-cg07lued.googlevideo.com
2013-11-21 12:46:27,www.youtube.com
2013-11-21 12:46:29,r4---sn-cg07lued.googlevideo.com
2013-11-21 12:46:30,r4---sn-cg07lued.googlevideo.com
2013-11-21 12:46:30,r4---sn-gxo5uxg-jqbe.googlevideo.com
2013-11-21 12:46:33,www.youtube.com
2013-11-21 12:46:33,s.youtube.com
2013-11-21 12:46:33,i1.ytimg.com
2013-11-21 12:46:33,r4---sn-gxo5uxg-jqbe.googlevideo.com
2013-11-21 12:46:33,r4---sn-cg07lued.googlevideo.com
2013-11-21 12:46:34,i1.ytimg.com
2013-11-21 12:46:34,www.youtube.com
2013-11-21 12:46:34,r4---sn-cg07lued.googlevideo.com
2013-11-21 12:46:34,r4---sn-gxo5uxg-jqbe.googlevideo.com
2013-11-21 12:46:35,s.youtube.com
2013-11-21 12:46:36,r4---sn-gxo5uxg-jqbe.googlevideo.com
2013-11-21 12:46:37,r4---sn-cg07lued.googlevideo.com
2013-11-21 12:46:38,r4---sn-gxo5uxg-jqbe.googlevideo.com
2013-11-21 12:46:38,r4---sn-cg07lued.googlevideo.com
2013-11-21 12:46:40,r4---sn-cg07lued.googlevideo.com
2013-11-21 12:46:43,s.youtube.com
2013-11-21 12:46:45,r4---sn-gxo5uxg-jqbe.googlevideo.com
2013-11-21 12:46:47,r4---sn-cg07lued.googlevideo.com
2013-11-21 12:46:52,r4---sn-gxo5uxg-jqbe.googlevideo.com
2013-11-21 12:46:55,r4---sn-cg07lued.googlevideo.com
2013-11-21 12:47:00,r4---sn-gxo5uxg-jqbe.googlevideo.com
2013-11-21 12:47:01,r4---sn-cg07lued.googlevideo.com
2013-11-21 12:47:05,s.youtube.com
2013-11-21 12:47:07,r4---sn-gxo5uxg-jqbe.googlevideo.com
2013-11-21 12:47:08,r4---sn-cg07lued.googlevideo.com
2013-11-21 12:47:16,r4---sn-gxo5uxg-jqbe.googlevideo.com
2013-11-21 12:47:16,s.youtube.com
2013-11-21 12:47:17,r4---sn-cg07lued.googlevideo.com
2013-11-21 12:47:25,r4---sn-gxo5uxg-jqbe.googlevideo.com
2013-11-21 12:47:27,r4---sn-cg07lued.googlevideo.com
2013-11-21 12:47:30,r4---sn-gxo5uxg-jqbe.googlevideo.com
2013-11-21 12:47:32,r4---sn-cg07lued.googlevideo.com
2013-11-21 12:47:35,s.youtube.com
2013-11-21 12:47:39,r4---sn-gxo5uxg-jqbe.googlevideo.com
2013-11-21 12:47:41,r4---sn-cg07lued.googlevideo.com
2013-11-21 12:47:46,r4---sn-gxo5uxg-jqbe.googlevideo.com
2013-11-21 12:47:47,r4---sn-cg07lued.googlevideo.com
2013-11-21 12:47:53,r4---sn-gxo5uxg-jqbe.googlevideo.com
2013-11-21 12:47:55,r4---sn-cg07lued.googlevideo.com
2013-11-21 12:47:56,s.youtube.com
2013-11-21 12:48:01,r4---sn-gxo5uxg-jqbe.googlevideo.com
2013-11-21 12:48:02,r4---sn-cg07lued.googlevideo.com
2013-11-21 12:48:05,s.youtube.com
2013-11-21 12:48:09,r4---sn-gxo5uxg-jqbe.googlevideo.com
2013-11-21 12:48:11,r4---sn-cg07lued.googlevideo.com
2013-11-21 12:48:16,r4---sn-gxo5uxg-jqbe.googlevideo.com
2013-11-21 12:48:19,r4---sn-cg07lued.googlevideo.com
2013-11-21 12:48:24,r4---sn-gxo5uxg-jqbe.googlevideo.com
2013-11-21 12:48:27,r4---sn-cg07lued.googlevideo.com
2013-11-21 12:48:31,r4---sn-gxo5uxg-jqbe.googlevideo.com
2013-11-21 12:48:32,r4---sn-cg07lued.googlevideo.com
2013-11-21 12:48:35,s.youtube.com
2013-11-21 12:48:36,s.youtube.com
2013-11-21 12:48:39,r4---sn-gxo5uxg-jqbe.googlevideo.com
2013-11-21 12:48:42,r4---sn-cg07lued.googlevideo.com
2013-11-21 12:48:47,r4---sn-gxo5uxg-jqbe.googlevideo.com
2013-11-21 12:48:48,r4---sn-cg07lued.googlevideo.com
2013-11-21 12:48:56,r4---sn-gxo5uxg-jqbe.googlevideo.com
2013-11-21 12:48:59,r4---sn-cg07lued.googlevideo.com
2013-11-21 12:49:01,r4---sn-gxo5uxg-jqbe.googlevideo.com
2013-11-21 12:49:03,r4---sn-cg07lued.googlevideo.com
2013-11-21 12:49:05,s.youtube.com
2013-11-21 12:49:12,r4---sn-gxo5uxg-jqbe.googlevideo.com
2013-11-21 12:49:14,r4---sn-cg07lued.googlevideo.com
2013-11-21 12:49:16,s.youtube.com
2013-11-21 12:49:16,r4---sn-gxo5uxg-jqbe.googlevideo.com
2013-11-21 12:49:18,r4---sn-cg07lued.googlevideo.com
2013-11-21 12:49:21,www.youtube.com
2013-11-21 12:49:27,r4---sn-gxo5uxg-jqbe.googlevideo.com
2013-11-21 12:49:29,r4---sn-cg07lued.googlevideo.com
2013-11-21 12:49:31,r4---sn-gxo5uxg-jqbe.googlevideo.com
2013-11-21 12:49:33,r4---sn-cg07lued.googlevideo.com
2013-11-21 12:49:35,s.youtube.com
2013-11-21 12:49:42,r4---sn-gxo5uxg-jqbe.googlevideo.com
2013-11-21 12:49:44,r4---sn-cg07lued.googlevideo.com
2013-11-21 12:49:46,r4---sn-gxo5uxg-jqbe.googlevideo.com
2013-11-21 12:49:48,r4---sn-cg07lued.googlevideo.com
2013-11-21 12:49:56,s.youtube.com
2013-11-21 12:49:57,r4---sn-gxo5uxg-jqbe.googlevideo.com
2013-11-21 12:49:59,r4---sn-cg07lued.googlevideo.com
2013-11-21 12:50:02,r4---sn-gxo5uxg-jqbe.googlevideo.com
2013-11-21 12:50:02,r4---sn-cg07lued.googlevideo.com
2013-11-21 12:50:05,s.youtube.com
2013-11-21 12:50:32,s.ytimg.com
2013-11-21 12:50:33,i1.ytimg.com
2013-11-21 12:50:35,s.youtube.com
2013-11-21 12:50:36,s.youtube.com
2013-11-21 12:51:03,s.youtube.com
2013-11-21 12:51:16,s.youtube.com
2013-11-21 12:51:18,clients1.google.com
2013-11-21 12:51:27,api.bing.com
2013-11-21 12:51:28,api.bing.com
2013-11-21 12:51:29,api.bing.com
2013-11-21 12:51:30,api.bing.com
2013-11-21 12:51:30,leboncoin.fr
2013-11-21 12:51:30,www.leboncoin.fr
2013-11-21 12:51:30,static.leboncoin.fr
2013-11-21 12:51:31,deliv.leboncoin.fr
2013-11-21 12:51:31,static.leboncoin.fr
2013-11-21 12:51:32,deliv.leboncoin.fr
2013-11-21 12:51:32,static.leboncoin.fr
2013-11-21 12:51:32,193.164.197.40
2013-11-21 12:51:32,193.164.196.50
2013-11-21 12:51:32,193.164.196.40
2013-11-21 12:51:32,193.164.196.60
2013-11-21 12:51:32,193.164.197.60
2013-11-21 12:51:32,193.164.197.50
2013-11-21 12:51:32,193.164.196.30
2013-11-21 12:51:32,193.164.197.30
2013-11-21 12:51:32,www.leboncoin.fr
2013-11-21 12:51:33,193.164.196.50
2013-11-21 12:51:33,193.164.196.40
2013-11-21 12:51:33,193.164.197.30
2013-11-21 12:51:33,193.164.197.40
2013-11-21 12:51:33,193.164.197.60
2013-11-21 12:51:33,deliv.leboncoin.fr
2013-11-21 12:51:33,static.leboncoin.fr
2013-11-21 12:51:34,www.leboncoin.fr
2013-11-21 12:51:34,compteperso.leboncoin.fr
2013-11-21 12:51:39,compteperso.leboncoin.fr
2013-11-21 12:51:48,193.164.196.60
2013-11-21 12:51:48,193.164.197.40
2013-11-21 12:51:48,193.164.197.50
2013-11-21 12:51:48,www.google.com
2013-11-21 12:51:48,193.164.197.60
2013-11-21 12:51:48,193.164.196.30
2013-11-21 12:51:48,193.164.197.30
2013-11-21 12:51:48,www.leboncoin.fr
2013-11-21 12:51:48,193.164.196.50
2013-11-21 12:51:48,193.164.196.40
2013-11-21 12:51:49,193.164.197.30
2013-11-21 12:51:49,193.164.197.50
2013-11-21 12:51:52,deliv.leboncoin.fr
2013-11-21 12:51:52,www.google.com
2013-11-21 12:52:05,www.leboncoin.fr
2013-11-21 12:52:06,www.leboncoin.fr
2013-11-21 12:52:06,static.leboncoin.fr
2013-11-21 12:52:06,193.164.196.30
2013-11-21 12:52:06,deliv.leboncoin.fr
2013-11-21 12:52:06,mm.eulerian.net
2013-11-21 12:52:33,www.leboncoin.fr
2013-11-21 12:52:34,www.leboncoin.fr
2013-11-21 12:52:35,www.leboncoin.fr
2013-11-21 12:52:37,www.leboncoin.fr
2013-11-21 12:52:37,www.google.com
2013-11-21 12:52:38,www.google.com
2013-11-21 12:52:41,www.leboncoin.fr
2013-11-21 12:52:41,193.164.196.50
2013-11-21 12:52:41,deliv.leboncoin.fr
2013-11-21 12:52:44,www.leboncoin.fr
2013-11-21 12:52:44,static.leboncoin.fr
2013-11-21 12:52:44,193.164.196.30
2013-11-21 12:52:44,deliv.leboncoin.fr
2013-11-21 12:52:44,mm.eulerian.net
2013-11-21 12:54:36,api.bing.com
2013-11-21 12:54:37,api.bing.com
2013-11-21 12:54:37,www.bing.com
2013-11-21 12:54:38,www.bing.com
2013-11-21 12:54:40,www.bing.com
2013-11-21 12:54:41,www.bing.com
2013-11-21 12:54:41,ts2.mm.bing.net
2013-11-21 12:54:41,ts3.mm.bing.net
2013-11-21 12:54:41,ts1.mm.bing.net
2013-11-21 12:54:41,ts4.mm.bing.net
2013-11-21 12:54:42,ts4.mm.bing.net
2013-11-21 12:54:42,ts2.mm.bing.net
2013-11-21 12:54:42,ts1.mm.bing.net
2013-11-21 12:54:42,ts3.mm.bing.net
2013-11-21 12:54:42,www.bing.com
2013-11-21 12:54:43,ts2.mm.bing.net
2013-11-21 12:54:43,www.bing.com
2013-11-21 12:54:43,ts3.mm.bing.net
2013-11-21 12:54:43,ts4.mm.bing.net
2013-11-21 12:54:43,ts1.mm.bing.net
2013-11-21 12:55:09,www.leboncoin.fr
2013-11-21 12:55:10,www.leboncoin.fr
2013-11-21 12:55:15,www.leboncoin.fr
2013-11-21 12:55:15,193.164.197.30
2013-11-21 12:55:15,193.164.197.50
2013-11-21 12:55:15,193.164.196.30
2013-11-21 12:55:15,193.164.197.40
2013-11-21 12:55:15,193.164.196.60
2013-11-21 12:55:15,deliv.leboncoin.fr
2013-11-21 12:55:16,www.google.com
2013-11-21 12:55:19,www.google.com
2013-11-21 12:55:23,static.leboncoin.fr
2013-11-21 12:55:23,deliv.leboncoin.fr
2013-11-21 12:55:23,193.164.196.40
2013-11-21 12:55:23,193.164.197.40
2013-11-21 12:55:23,www.leboncoin.fr
2013-11-21 12:55:24,193.164.197.40
2013-11-21 12:55:24,mm.eulerian.net
2013-11-21 12:55:24,static.leboncoin.fr
2013-11-21 12:55:24,deliv.leboncoin.fr
2013-11-21 12:55:25,eulerian.canal-plus.com
2013-11-21 12:55:34,193.164.196.40
2013-11-21 12:55:48,193.164.197.40
2013-11-21 12:56:32,www.leboncoin.fr
2013-11-21 12:56:32,static.leboncoin.fr
2013-11-21 12:56:33,static.leboncoin.fr
2013-11-21 12:56:33,eulerian.canal-plus.com
2013-11-21 12:56:33,mm.eulerian.net
2013-11-21 12:56:33,193.164.197.30
2013-11-21 12:56:33,193.164.196.50
2013-11-21 12:56:33,deliv.leboncoin.fr
2013-11-21 12:56:36,193.164.196.50
2013-11-21 12:56:38,193.164.197.30
2013-11-21 12:56:56,www.leboncoin.fr
2013-11-21 12:56:56,deliv.leboncoin.fr
2013-11-21 12:56:56,www.google.com
2013-11-21 12:56:57,eulerian.canal-plus.com
2013-11-21 12:57:15,www.leboncoin.fr
2013-11-21 12:57:16,deliv.leboncoin.fr
2013-11-21 12:57:16,www.leboncoin.fr
2013-11-21 12:57:16,193.164.197.40
2013-11-21 12:57:16,193.164.196.60
2013-11-21 12:57:16,193.164.196.40
2013-11-21 12:57:16,www.google.com
2013-11-21 12:57:21,deliv.leboncoin.fr
2013-11-21 12:57:21,193.164.197.50
2013-11-21 12:57:21,193.164.196.50
2013-11-21 12:57:21,www.leboncoin.fr
2013-11-21 12:57:21,static.leboncoin.fr
2013-11-21 12:57:22,eulerian.canal-plus.com
2013-11-21 12:57:22,193.164.196.50
2013-11-21 12:57:22,static.leboncoin.fr
2013-11-21 12:57:22,mm.eulerian.net
2013-11-21 12:57:23,193.164.197.50
2013-11-21 12:57:36,api.bing.com
2013-11-21 12:57:38,api.bing.com
2013-11-21 12:57:39,www.bing.com
2013-11-21 12:57:40,www.bing.com
2013-11-21 12:57:43,deliv.leboncoin.fr
2013-11-21 12:57:44,deliv.leboncoin.fr
2013-11-21 12:57:45,deliv.leboncoin.fr
2013-11-21 12:57:47,www.google.com
2013-11-21 12:57:47,www.google.fr
2013-11-21 12:57:50,www.google.fr
2013-11-21 12:57:55,www.google.fr
2013-11-21 12:57:57,clients1.google.fr
2013-11-21 12:57:59,clients1.google.fr
2013-11-21 12:58:08,www.google.fr
2013-11-21 12:58:08,www.overclock.net
2013-11-21 12:58:09,www.google.fr
2013-11-21 12:58:09,www.overclock.net
2013-11-21 12:58:11,www.overclock.net
2013-11-21 12:58:11,www.google.fr
2013-11-21 12:58:19,www.google.fr
2013-11-21 12:58:20,www.legitreviews.com
2013-11-21 12:58:20,www.google.fr
2013-11-21 12:59:04,www.legitreviews.com
2013-11-21 12:59:43,www.google.fr
2013-11-21 12:59:45,clients1.google.fr
2013-11-21 12:59:45,www.google.fr
2013-11-21 12:59:47,clients1.google.fr
2013-11-21 12:59:47,www.google.fr
2013-11-21 12:59:49,clients1.google.fr
2013-11-21 12:59:49,www.google.fr
2013-11-21 12:59:52,www.google.fr
2013-11-21 12:59:52,clients1.google.fr
2013-11-21 13:00:03,www.google.fr
2013-11-21 13:00:03,clients1.google.fr
2013-11-21 13:00:15,www.google.fr
2013-11-21 13:00:15,clients1.google.fr
2013-11-21 13:00:38,www.google.fr
2013-11-21 13:00:58,www.google.fr
2013-11-21 13:00:58,media.bestofmicro.com
2013-11-21 13:00:59,m.bestofmedia.com
2013-11-21 13:00:59,ajax.googleapis.com
2013-11-21 13:00:59,www.google.fr
2013-11-21 13:01:00,media.bestofmicro.com
2013-11-21 13:01:13,m.bestofmedia.com
2013-11-21 13:01:13,www.google.fr
2013-11-21 13:01:14,m.bestofmedia.com
2013-11-21 13:01:14,ajax.googleapis.com
2013-11-21 13:01:14,www.google.fr
2013-11-21 13:01:15,www.beead.fr
2013-11-21 13:01:18,www.google.fr
2013-11-21 13:01:18,clients1.google.fr
2013-11-21 13:01:19,www.google.fr
2013-11-21 13:01:19,clients1.google.fr
2013-11-21 13:01:26,www.google.fr
2013-11-21 13:01:30,s.ytimg.com
2013-11-21 13:01:30,r2---sn-gxo5uxg-jqbe.googlevideo.com
2013-11-21 13:01:30,www.youtube.com
2013-11-21 13:01:30,www.google.fr
2013-11-21 13:01:32,i1.ytimg.com
2013-11-21 13:01:32,www.google.fr
2013-11-21 13:01:32,s.youtube.com
2013-11-21 13:01:32,www.youtube.com
2013-11-21 13:01:32,r2---sn-gxo5uxg-jqbe.googlevideo.com
2013-11-21 13:01:33,r2---sn-gxo5uxg-jqbe.googlevideo.com
2013-11-21 13:01:33,www.youtube.com
2013-11-21 13:01:33,clients1.google.com
2013-11-21 13:01:33,s.ytimg.com
2013-11-21 13:01:34,www.youtube.com
2013-11-21 13:01:34,s.youtube.com
2013-11-21 13:01:34,r2---sn-gxo5uxg-jqbe.googlevideo.com
2013-11-21 13:01:34,plus.googleapis.com
2013-11-21 13:01:35,clients1.google.com
2013-11-21 13:01:36,www.youtube.com
2013-11-21 13:01:36,clients1.google.com
2013-11-21 13:01:36,i1.ytimg.com
2013-11-21 13:01:37,www.google.com
2013-11-21 13:01:37,www.youtube.com
2013-11-21 13:01:37,clients1.google.com
2013-11-21 13:01:37,r2---sn-gxo5uxg-jqbe.googlevideo.com
2013-11-21 13:01:38,i1.ytimg.com
2013-11-21 13:01:39,i1.ytimg.com
2013-11-21 13:01:39,www.youtube.com
2013-11-21 13:01:53,www.youtube.com
2013-11-21 13:01:53,r4---sn-gxo5uxg-jqbe.googlevideo.com
2013-11-21 13:01:54,www.youtube.com
2013-11-21 13:01:54,r4---sn-gxo5uxg-jqbe.googlevideo.com
2013-11-21 13:01:54,s.youtube.com
2013-11-21 13:01:54,i1.ytimg.com
2013-11-21 13:01:55,i1.ytimg.com
2013-11-21 13:01:55,r4---sn-gxo5uxg-jqbe.googlevideo.com
2013-11-21 13:01:55,www.youtube.com
2013-11-21 13:01:55,lh5.ggpht.com
2013-11-21 13:01:56,r4---sn-gxo5uxg-jqbe.googlevideo.com
2013-11-21 13:01:56,s.youtube.com
2013-11-21 13:01:56,www.youtube.com
2013-11-21 13:01:56,i1.ytimg.com
2013-11-21 13:01:56,lh5.ggpht.com
2013-11-21 13:01:57,plus.googleapis.com
2013-11-21 13:01:57,i1.ytimg.com
2013-11-21 13:01:57,r4---sn-gxo5uxg-jqbe.googlevideo.com
2013-11-21 13:01:58,i1.ytimg.com
2013-11-21 13:01:58,www.youtube.com
2013-11-21 13:01:59,r4---sn-gxo5uxg-jqbe.googlevideo.com
2013-11-21 13:01:59,www.youtube.com
2013-11-21 13:01:59,s.youtube.com
2013-11-21 13:01:59,i1.ytimg.com
2013-11-21 13:02:00,i1.ytimg.com
2013-11-21 13:02:04,s.youtube.com
2013-11-21 13:02:04,r4---sn-gxo5uxg-jqbe.googlevideo.com
2013-11-21 13:02:09,s.youtube.com
2013-11-21 13:02:09,r4---sn-gxo5uxg-jqbe.googlevideo.com
2013-11-21 13:02:19,r4---sn-gxo5uxg-jqbe.googlevideo.com
2013-11-21 13:02:19,s.youtube.com
2013-11-21 13:02:25,r4---sn-gxo5uxg-jqbe.googlevideo.com
2013-11-21 13:02:34,s.youtube.com
2013-11-21 13:02:34,r4---sn-gxo5uxg-jqbe.googlevideo.com
2013-11-21 13:02:40,r4---sn-gxo5uxg-jqbe.googlevideo.com
2013-11-21 13:02:50,r4---sn-gxo5uxg-jqbe.googlevideo.com
2013-11-21 13:02:56,r4---sn-gxo5uxg-jqbe.googlevideo.com
2013-11-21 13:02:56,s.youtube.com
2013-11-21 13:03:04,s.youtube.com
2013-11-21 13:03:07,r4---sn-gxo5uxg-jqbe.googlevideo.com
2013-11-21 13:03:11,r4---sn-gxo5uxg-jqbe.googlevideo.com
2013-11-21 13:03:27,i1.ytimg.com
2013-11-21 13:04:03,i1.ytimg.com
2013-11-21 13:04:56,clients1.google.com
2013-11-21 13:05:21,www.youtube.com
2013-11-21 13:05:22,s.youtube.com
2013-11-21 13:05:22,www.youtube.com
2013-11-21 13:05:22,r4---sn-gxo5uxg-jqbe.googlevideo.com
2013-11-21 13:05:22,www.youtube-nocookie.com
2013-11-21 13:05:23,www.youtube.com
2013-11-21 13:05:23,i1.ytimg.com
2013-11-21 13:05:24,www.youtube.com
2013-11-21 13:05:25,www.youtube.com
2013-11-21 13:05:25,i4.ytimg.com
2013-11-21 13:05:25,gdata.youtube.com
2013-11-21 13:05:25,i1.ytimg.com
2013-11-21 13:05:25,plus.googleapis.com
2013-11-21 13:05:26,r2---sn-gxo5uxg-jqbe.googlevideo.com
2013-11-21 13:05:26,www.youtube.com
2013-11-21 13:05:26,gdata.youtube.com
2013-11-21 13:05:26,s.youtube.com
2013-11-21 13:05:26,i1.ytimg.com
2013-11-21 13:05:27,i1.ytimg.com
2013-11-21 13:05:27,r2---sn-gxo5uxg-jqbe.googlevideo.com
2013-11-21 13:05:27,www.youtube.com
2013-11-21 13:05:28,s.youtube.com
2013-11-21 13:05:28,r2---sn-gxo5uxg-jqbe.googlevideo.com
2013-11-21 13:05:30,s.youtube.com
2013-11-21 13:05:32,r2---sn-gxo5uxg-jqbe.googlevideo.com
2013-11-21 13:05:36,s.youtube.com
2013-11-21 13:05:37,r4---sn-gxo5uxg-jqbe.googlevideo.com
2013-11-21 13:05:37,www.youtube.com
2013-11-21 13:05:38,r4---sn-gxo5uxg-jqbe.googlevideo.com
2013-11-21 13:05:38,s.youtube.com
2013-11-21 13:05:39,r4---sn-gxo5uxg-jqbe.googlevideo.com
2013-11-21 13:05:40,s.youtube.com
2013-11-21 13:05:41,s.youtube.com
2013-11-21 13:05:42,r4---sn-gxo5uxg-jqbe.googlevideo.com
2013-11-21 13:05:42,clients1.google.com
2013-11-21 13:05:43,r4---sn-gxo5uxg-jqbe.googlevideo.com
2013-11-21 13:05:44,clients1.google.com
2013-11-21 13:05:44,r4---sn-gxo5uxg-jqbe.googlevideo.com
2013-11-21 13:05:45,clients1.google.com
2013-11-21 13:05:46,clients1.google.com
2013-11-21 13:05:46,s.youtube.com
2013-11-21 13:05:47,clients1.google.com
2013-11-21 13:05:47,s.youtube.com
2013-11-21 13:05:48,www.google.com
2013-11-21 13:05:48,www.youtube.com
2013-11-21 13:05:48,clients1.google.com
2013-11-21 13:05:49,i1.ytimg.com
2013-11-21 13:05:49,s.ytimg.com
2013-11-21 13:05:50,i2.ytimg.com
2013-11-21 13:05:50,i1.ytimg.com
2013-11-21 13:05:50,www.youtube.com
2013-11-21 13:05:53,clients1.google.com
2013-11-21 13:05:54,clients1.google.com
2013-11-21 13:05:55,clients1.google.com
2013-11-21 13:05:56,www.google.com
2013-11-21 13:05:56,www.youtube.com
2013-11-21 13:05:57,i1.ytimg.com
2013-11-21 13:05:58,i3.ytimg.com
2013-11-21 13:06:00,r3---sn-gxo5uxg-jqbe.googlevideo.com
2013-11-21 13:06:00,www.youtube-nocookie.com
2013-11-21 13:06:00,www.youtube.com
2013-11-21 13:06:02,i1.ytimg.com
2013-11-21 13:06:03,s.youtube.com
2013-11-21 13:06:03,r3---sn-gxo5uxg-jqbe.googlevideo.com
2013-11-21 13:06:03,www.youtube.com
2013-11-21 13:06:04,r3---sn-gxo5uxg-jqbe.googlevideo.com
2013-11-21 13:06:04,www.youtube.com
2013-11-21 13:06:04,lh5.ggpht.com
2013-11-21 13:06:05,plus.googleapis.com
2013-11-21 13:06:06,i1.ytimg.com
2013-11-21 13:06:06,www.youtube.com
2013-11-21 13:06:06,hal9000.redintelligence.net
2013-11-21 13:06:07,hal9000.redintelligence.net
2013-11-21 13:06:08,ad.publicidees.com
2013-11-21 13:06:11,s.youtube.com
2013-11-21 13:06:11,r3---sn-gxo5uxg-jqbe.googlevideo.com
2013-11-21 13:06:12,r3---sn-gxo5uxg-jqbe.googlevideo.com
2013-11-21 13:06:13,www.youtube.com
2013-11-21 13:06:16,s.youtube.com
2013-11-21 13:06:17,r3---sn-gxo5uxg-jqbe.googlevideo.com
2013-11-21 13:06:18,r3---sn-gxo5uxg-jqbe.googlevideo.com
2013-11-21 13:06:18,i1.ytimg.com
2013-11-21 13:06:18,www.youtube.com
2013-11-21 13:06:19,r3---sn-gxo5uxg-jqbe.googlevideo.com
2013-11-21 13:06:20,r3---sn-gxo5uxg-jqbe.googlevideo.com
2013-11-21 13:06:21,r3---sn-gxo5uxg-jqbe.googlevideo.com
2013-11-21 13:06:22,s.youtube.com
2013-11-21 13:06:23,www.youtube.com
2013-11-21 13:06:24,s.youtube.com
2013-11-21 13:06:33,r3---sn-gxo5uxg-jqbe.googlevideo.com
2013-11-21 13:06:35,s.youtube.com
2013-11-21 13:06:36,r3---sn-gxo5uxg-jqbe.googlevideo.com
2013-11-21 13:06:45,s.youtube.com
2013-11-21 13:06:48,r3---sn-gxo5uxg-jqbe.googlevideo.com
2013-11-21 13:06:51,r3---sn-gxo5uxg-jqbe.googlevideo.com
2013-11-21 13:06:53,www.youtube.com
2013-11-21 13:06:54,www.youtube.com
2013-11-21 13:06:56,clients1.google.com
2013-11-21 13:08:06,api.bing.com
2013-11-21 13:08:07,www.google.com
2013-11-21 13:08:07,www.google.fr
2013-11-21 13:08:56,www.google.fr
2013-11-21 13:08:56,www.aljacob.com
2013-11-21 13:08:57,www.aljacob.com
2013-11-21 13:09:30,www.google.fr
2013-11-21 13:09:30,www.faurebenjamin.com
2013-11-21 13:09:31,www.faurebenjamin.com
2013-11-21 13:09:57,www.aljacob.com
2013-11-21 13:10:02,www.aljacob.com
2013-11-21 13:10:23,www.aljacob.com
2013-11-21 13:10:24,www.aljacob.com
2013-11-21 13:10:44,www.google.fr
2013-11-21 13:12:14,www.aljacob.com
2013-11-21 13:12:18,www.aljacob.com
2013-11-21 13:12:19,www.aljacob.com
2013-11-21 13:12:19,code.jquery.com
2013-11-21 13:12:20,www.aljacob.com
2013-11-21 13:12:21,www.aljacob.com
2013-11-21 13:12:23,www.aljacob.com
2013-11-21 13:13:31,www.aljacob.com
2013-11-21 13:13:32,www.aljacob.com
2013-11-21 13:13:34,www.aljacob.com
2013-11-21 13:13:35,www.aljacob.com
2013-11-21 13:13:36,www.aljacob.com
2013-11-21 13:13:37,www.aljacob.com
2013-11-21 13:13:41,www.youtube.com
2013-11-21 13:13:41,www.aljacob.com
2013-11-21 13:13:43,i1.ytimg.com
2013-11-21 13:13:44,i1.ytimg.com
2013-11-21 13:13:45,i1.ytimg.com
2013-11-21 13:13:46,i1.ytimg.com
2013-11-21 13:13:47,i1.ytimg.com
2013-11-21 13:13:48,i1.ytimg.com
2013-11-21 13:13:49,i1.ytimg.com
2013-11-21 13:15:22,www.youtube.com
2013-11-21 13:15:23,r4---sn-gxo5uxg-jqbe.googlevideo.com
2013-11-21 13:15:23,www.youtube.com
2013-11-21 13:15:23,r4---sn-cg07luee.googlevideo.com
2013-11-21 13:15:23,i1.ytimg.com
2013-11-21 13:15:23,s.youtube.com
2013-11-21 13:15:24,r4---sn-gxo5uxg-jqbe.googlevideo.com
2013-11-21 13:15:24,s.youtube.com
2013-11-21 13:15:25,s.youtube.com
2013-11-21 13:15:25,r4---sn-cg07luee.googlevideo.com
2013-11-21 13:15:32,s.youtube.com
2013-11-21 13:15:35,s.youtube.com
2013-11-21 13:15:39,i1.ytimg.com
2013-11-21 13:15:45,s.youtube.com
2013-11-21 13:16:00,www.youtube.com
2013-11-21 13:16:02,s.youtube.com
2013-11-21 13:16:04,www.youtube.com
2013-11-21 13:16:05,www.youtube.com
2013-11-21 13:16:05,i1.ytimg.com
2013-11-21 13:16:05,r3---sn-gxo5uxg-jqbe.googlevideo.com
2013-11-21 13:16:05,s.youtube.com
2013-11-21 13:16:06,r3---sn-cg07luee.googlevideo.com
2013-11-21 13:16:07,s.youtube.com
2013-11-21 13:16:10,s.youtube.com
2013-11-21 13:16:11,s.youtube.com
2013-11-21 13:16:14,s.youtube.com
2013-11-21 13:16:16,www.youtube.com
2013-11-21 13:16:17,s.youtube.com
2013-11-21 13:16:18,s.youtube.com
2013-11-21 13:16:27,s.youtube.com
2013-11-21 13:16:32,www.youtube.com
2013-11-21 13:16:33,i1.ytimg.com
2013-11-21 13:16:33,r2---sn-gxo5uxg-jqbe.googlevideo.com
2013-11-21 13:16:33,www.youtube.com
2013-11-21 13:16:33,s.youtube.com
2013-11-21 13:16:34,r2---sn-cg07luel.googlevideo.com
2013-11-21 13:16:35,s.youtube.com
2013-11-21 13:16:35,r2---sn-cg07luel.googlevideo.com
2013-11-21 13:16:37,s.youtube.com
2013-11-21 13:16:39,www.youtube.com
2013-11-21 13:16:40,s.youtube.com
2013-11-21 13:16:40,www.youtube.com
2013-11-21 13:16:41,r1---sn-gxo5uxg-jqbe.googlevideo.com
2013-11-21 13:16:41,i1.ytimg.com
2013-11-21 13:16:41,s.youtube.com
2013-11-21 13:16:41,www.youtube.com
2013-11-21 13:16:42,r1---sn-cg07luel.googlevideo.com
2013-11-21 13:16:42,s.youtube.com
2013-11-21 13:16:47,s.youtube.com
2013-11-21 13:16:50,s.youtube.com
2013-11-21 13:16:52,www.youtube.com
2013-11-21 13:16:52,s.youtube.com
2013-11-21 13:16:54,s.youtube.com
2013-11-21 13:16:58,s.youtube.com
2013-11-21 13:17:03,s.youtube.com
2013-11-21 13:17:07,s.youtube.com
2013-11-21 13:17:07,r2---sn-gxo5uxg-jqbe.googlevideo.com
2013-11-21 13:17:07,www.youtube.com
2013-11-21 13:17:08,r6---sn-cg07lued.googlevideo.com
2013-11-21 13:17:09,s.youtube.com
2013-11-21 13:17:09,r6---sn-cg07lued.googlevideo.com
2013-11-21 13:17:09,r2---sn-gxo5uxg-jqbe.googlevideo.com
2013-11-21 13:17:10,r6---sn-cg07lued.googlevideo.com
2013-11-21 13:17:10,r2---sn-gxo5uxg-jqbe.googlevideo.com
2013-11-21 13:17:14,s.youtube.com
2013-11-21 13:17:17,s.youtube.com
2013-11-21 13:17:19,s.youtube.com
2013-11-21 13:17:28,api.bing.com
2013-11-21 13:17:29,s.youtube.com
2013-11-21 13:17:29,www.google.fr
2013-11-21 13:17:29,www.google.com
2013-11-21 13:17:33,i1.ytimg.com
2013-11-21 13:17:39,s.youtube.com
2013-11-21 13:17:47,s.youtube.com
2013-11-21 13:17:52,www.google.fr
2013-11-21 13:17:52,s.youtube.com
2013-11-21 13:17:52,www.youtube.com
2013-11-21 13:17:53,fr.tuto.com
2013-11-21 13:17:53,w.sharethis.com
2013-11-21 13:17:53,code.jquery.com
2013-11-21 13:17:53,www.google.fr
2013-11-21 13:17:53,ajax.googleapis.com
2013-11-21 13:17:54,i.weecast.fr
2013-11-21 13:17:54,fr.tuto.com
2013-11-21 13:17:55,fr.tuto.com
2013-11-21 13:17:56,fr.tuto.com
2013-11-21 13:17:56,connect.facebook.net
2013-11-21 13:17:58,apis.google.com
2013-11-21 13:17:59,www.google.fr
2013-11-21 13:17:59,www.google.com
2013-11-21 13:18:00,static.ak.facebook.com
2013-11-21 13:18:00,fr.tuto.com
2013-11-21 13:18:00,apis.google.com
2013-11-21 13:18:00,accounts.google.com
2013-11-21 13:18:01,www.facebook.com
2013-11-21 13:18:01,s-static.ak.facebook.com
2013-11-21 13:18:01,apis.google.com
2013-11-21 13:18:02,accounts.google.com
2013-11-21 13:18:02,apis.google.com
2013-11-21 13:18:02,www.facebook.com
2013-11-21 13:18:05,s.youtube.com
2013-11-21 13:18:05,fr.tuto.com
2013-11-21 13:18:06,edge.sharethis.com
2013-11-21 13:18:06,w.sharethis.com
2013-11-21 13:18:19,www.google.fr
2013-11-21 13:18:32,s.youtube.com
2013-11-21 13:18:35,www.google.fr
2013-11-21 13:18:36,www.google.fr
2013-11-21 13:18:36,fr.linkedin.com
2013-11-21 13:18:37,www.linkedin.com
2013-11-21 13:18:38,www.linkedin.com
2013-11-21 13:18:38,fr.linkedin.com
2013-11-21 13:18:45,www.withdesigners.com
2013-11-21 13:18:45,www.google.fr
2013-11-21 13:18:46,platform.twitter.com
2013-11-21 13:18:46,www.withdesigners.com
2013-11-21 13:18:47,www.withdesigners.com
2013-11-21 13:18:48,www.withdesigners.com
2013-11-21 13:18:49,www.facebook.com
2013-11-21 13:18:49,www.withdesigners.com
2013-11-21 13:18:50,platform.twitter.com
2013-11-21 13:18:50,static.ak.facebook.com
2013-11-21 13:18:50,www.facebook.com
2013-11-21 13:18:50,www.withdesigners.com
2013-11-21 13:18:50,www.google.fr
2013-11-21 13:18:50,www.google.com
2013-11-21 13:18:50,s-static.ak.facebook.com
2013-11-21 13:18:51,www.withdesigners.com
2013-11-21 13:18:52,twitter.com
2013-11-21 13:18:54,www.google.fr
2013-11-21 13:18:57,clients1.google.fr
2013-11-21 13:18:58,www.google.fr
2013-11-21 13:19:00,clients1.google.fr
2013-11-21 13:19:01,www.google.fr
2013-11-21 13:19:02,www.google.fr
2013-11-21 13:19:14,clients1.google.fr
2013-11-21 13:19:14,www.google.fr
2013-11-21 13:19:23,www.google.fr
2013-11-21 13:19:34,api.bing.com
2013-11-21 13:19:35,www.google.fr
2013-11-21 13:19:35,api.bing.com
2013-11-21 13:19:35,www.google.com
2013-11-21 13:19:39,www.google.fr
2013-11-21 13:19:55,www.google.fr
2013-11-21 13:19:55,forum.free-h.org
2013-11-21 13:19:56,forum.free-h.org
2013-11-21 13:20:05,api.bing.com
2013-11-21 13:20:05,franck-periex.free-h.fr
2013-11-21 13:20:26,www.google.fr
2013-11-21 13:20:27,www.google.fr
2013-11-21 13:20:27,www.dailymotion.com
2013-11-21 13:20:27,connect.facebook.net
2013-11-21 13:20:28,saas.gravityrd.com
2013-11-21 13:20:28,www.facebook.com
2013-11-21 13:20:28,www.google.fr
2013-11-21 13:20:29,static.ak.facebook.com
2013-11-21 13:20:29,www.dailymotion.com
2013-11-21 13:20:29,s-static.ak.facebook.com
2013-11-21 13:20:29,www.google.fr
2013-11-21 13:20:30,www.dailymotion.com
2013-11-21 13:20:30,www.facebook.com
2013-11-21 13:20:36,www.dailymotion.com
2013-11-21 13:20:37,www.dailymotion.com
2013-11-21 13:20:38,ajax.googleapis.com
2013-11-21 13:20:38,s-static.ak.facebook.com
2013-11-21 13:20:38,static.ak.facebook.com
2013-11-21 13:20:39,www.dailymotion.com
2013-11-21 13:20:39,platform.twitter.com
2013-11-21 13:20:39,www.facebook.com
2013-11-21 13:20:39,saas.gravityrd.com
2013-11-21 13:20:40,www.dailymotion.com
2013-11-21 13:20:41,platform.twitter.com
2013-11-21 13:20:41,twitter.com
2013-11-21 13:20:42,pr.ybp.yahoo.com
2013-11-21 13:20:53,www.dailymotion.com
2013-11-21 13:20:54,www.dailymotion.com
2013-11-21 13:20:54,connect.facebook.net
2013-11-21 13:20:55,saas.gravityrd.com
2013-11-21 13:20:55,static.ak.facebook.com
2013-11-21 13:20:55,www.dailymotion.com
2013-11-21 13:20:55,www.facebook.com
2013-11-21 13:20:55,s-static.ak.facebook.com
2013-11-21 13:20:55,ajax.googleapis.com
2013-11-21 13:20:56,platform.twitter.com
2013-11-21 13:20:57,www.dailymotion.com
2013-11-21 13:20:57,platform.twitter.com
2013-11-21 13:21:06,api.bing.com
2013-11-21 13:21:07,api.bing.com
2013-11-21 13:21:08,www.bing.com
2013-11-21 13:21:11,twitter.com
2013-11-28 13:22:26,armmf.adobe.com
2013-11-28 13:24:38,snippets-stats.mozilla.org
2013-11-28 13:24:40,s-static.ak.facebook.com
2013-11-28 13:24:56,s-static.ak.facebook.com
2013-11-28 13:25:26,twitter.com
2013-11-28 13:26:38,platform.twitter.com
2013-11-28 13:27:14,javadl-esd-secure.oracle.com
2013-11-28 13:27:32,www.google.com
2013-11-28 13:27:32,www.google.fr
2013-11-28 13:27:53,apis.google.com
2013-11-28 13:27:54,accounts.google.com
2013-11-28 13:30:51,api.facebook.com
2013-11-28 13:31:16,s-static.ak.facebook.com
2013-11-28 13:31:16,www.facebook.com
2013-11-28 13:31:17,www.facebook.com
2013-11-28 13:31:47,twitter.com
2013-11-28 13:31:57,syndication.twitter.com
2013-11-28 13:32:00,public-api.wordpress.com
2013-11-28 13:32:02,api.facebook.com
2013-11-28 13:32:33,s-static.ak.facebook.com
2013-11-28 13:32:33,www.facebook.com
2013-11-28 13:32:46,s0.wp.com
2013-11-28 13:32:48,s1.wp.com
2013-11-28 13:32:48,twitter.com
2013-11-28 13:32:52,pbs.twimg.com
2013-11-28 13:32:52,o.twimg.com
2013-11-28 13:32:58,platform.twitter.com
2013-11-28 13:33:00,pixel2368.everesttech.net
2013-11-28 13:33:29,id.google.fr
2013-11-28 13:33:31,public-api.wordpress.com
2013-11-28 13:33:42,www.google.com
2013-11-28 13:33:53,clients1.google.fr
2013-11-28 13:34:05,ajax.googleapis.com
2013-11-28 13:34:28,www.google.fr
2013-11-28 13:35:00,accounts.google.com
2013-11-28 13:35:31,twitter.com
2013-11-28 13:35:33,pbs.twimg.com
2013-11-28 13:35:55,s-static.ak.facebook.com
2013-11-28 13:36:01,syndication.twitter.com
2013-11-28 13:36:15,pbs.twimg.com
2013-11-28 13:36:16,pbs.twimg.com
2013-11-28 13:36:28,s-static.ak.facebook.com
2013-11-28 13:36:30,www.facebook.com
2013-11-28 13:36:57,pbs.twimg.com
2013-11-28 13:36:58,twitter.com
2013-11-28 13:37:12,s-static.ak.facebook.com
2013-11-28 13:37:13,www.facebook.com
2013-11-28 13:37:41,twitter.com
2013-11-28 13:38:23,platform.twitter.com
2013-11-28 13:39:23,accounts.google.com
2013-11-28 13:39:30,clients1.google.fr
2013-11-28 13:39:33,apis.google.com
2013-11-28 13:39:33,www.google.com
2013-11-28 13:39:33,www.google.fr
2013-11-28 13:39:35,javadl-esd-secure.oracle.com
2013-12-19 13:33:56,fpdownload2.macromedia.com
2013-12-19 13:34:11,www.google.com
2013-12-19 13:34:11,www.google.fr
2013-12-19 13:34:39,www.google.fr
2013-12-19 13:34:41,www.google.fr
2013-12-19 13:34:49,www.google.fr
2013-12-19 13:34:57,www.google.com
2013-12-19 13:34:58,www.google.com
2013-12-19 13:35:05,www.google.fr
2013-12-19 13:35:07,www.google.fr
2013-12-19 13:35:07,www.google.com
2013-12-19 13:35:09,www.google.com
2013-12-19 13:35:10,www.google.com
2013-12-19 13:35:11,www.google.fr
2013-12-19 13:35:11,auvergnenouvelles.tumblr.com
2013-12-19 13:35:11,static.tumblr.com
2013-12-19 13:35:11,assets.tumblr.com
2013-12-19 13:35:12,31.media.tumblr.com
2013-12-19 13:35:12,www.facebook.com
2013-12-19 13:35:12,platform.twitter.com
2013-12-19 13:35:12,static.tumblr.com
2013-12-19 13:35:12,connect.facebook.net
2013-12-19 13:35:12,ajax.googleapis.com
2013-12-19 13:35:12,24.media.tumblr.com
2013-12-19 13:35:13,assets.tumblr.com
2013-12-19 13:35:14,s-static.ak.facebook.com
2013-12-19 13:35:14,static.ak.facebook.com
2013-12-19 13:35:14,www.tumblr.com
2013-12-19 13:35:14,assets.tumblr.com
2013-12-19 13:35:15,assets.tumblr.com
2013-12-19 13:35:15,www.tumblr.com
2013-12-19 13:35:16,31.media.tumblr.com
2013-12-19 13:35:16,auvergnenouvelles.tumblr.com
2013-12-19 13:35:16,static.tumblr.com
2013-12-19 13:35:16,ajax.googleapis.com
2013-12-19 13:35:16,assets.tumblr.com
2013-12-19 13:35:16,platform.twitter.com
2013-12-19 13:35:16,www.facebook.com
2013-12-19 13:35:16,connect.facebook.net
2013-12-19 13:35:16,24.media.tumblr.com
2013-12-19 13:35:17,static.ak.facebook.com
2013-12-19 13:35:17,www.tumblr.com
2013-12-19 13:35:17,assets.tumblr.com
2013-12-19 13:35:17,s-static.ak.facebook.com
2013-12-19 13:35:18,assets.tumblr.com
2013-12-19 13:35:18,24.media.tumblr.com
2013-12-19 13:35:18,www.tumblr.com
2013-12-19 13:35:19,www.tumblr.com
2013-12-19 13:35:19,assets.tumblr.com
2013-12-19 13:35:20,www.facebook.com
2013-12-19 13:35:20,www.tumblr.com
2013-12-19 13:35:21,pbs.twimg.com
2013-12-19 13:35:21,platform.twitter.com
2013-12-19 13:35:21,www.tumblr.com
2013-12-19 13:35:21,www.facebook.com
2013-12-19 13:35:22,www.google.com
2013-12-19 13:35:22,pbs.twimg.com
2013-12-19 13:35:23,www.google.fr
2013-12-19 13:35:23,www.tumblr.com
2013-12-19 13:35:23,platform.twitter.com
2013-12-19 13:35:24,www.google.fr
2013-12-19 13:35:24,assets.tumblr.com
2013-12-19 13:35:25,www.tumblr.com
2013-12-19 13:35:25,www.google.fr
2013-12-19 13:35:26,platform.twitter.com
2013-12-19 13:35:26,24.media.tumblr.com
2013-12-19 13:35:26,assets.tumblr.com
2013-12-19 13:35:36,twitter.com
2013-12-19 13:35:39,id.google.fr
2013-12-19 13:35:40,clients1.google.fr
2013-12-19 13:35:57,twitter.com
2013-12-19 13:35:57,www.google.com
2013-12-19 13:35:58,www.squid-cache.org
2013-12-19 13:35:58,ajax.googleapis.com
2013-12-19 13:36:13,static.ak.facebook.com
2013-12-19 13:36:13,auvergnenouvelles.tumblr.com
2013-12-19 13:36:14,s-static.ak.facebook.com
2013-12-19 13:36:14,www.facebook.com
2013-12-19 13:36:14,24.media.tumblr.com
2013-12-19 13:36:15,www.tumblr.com
2013-12-19 13:36:15,www.facebook.com
2013-12-19 13:36:16,www.facebook.com
2013-12-19 13:36:16,www.tumblr.com
2013-12-19 13:36:26,www.squid-cache.org
2013-12-19 13:36:34,www.google.fr
2013-12-19 13:36:46,twitter.com
2013-12-19 13:37:44,www.facebook.com
2013-12-19 13:37:49,www.google.fr
2013-12-19 13:37:50,auvergnenouvelles.tumblr.com
2013-12-19 13:37:50,static.tumblr.com
2013-12-19 13:37:50,www.facebook.com
2013-12-19 13:37:50,www.tumblr.com
2013-12-19 13:37:51,www.tumblr.com
2013-12-19 13:37:51,static.ak.facebook.com
2013-12-19 13:37:51,www.facebook.com
2013-12-19 13:37:52,www.facebook.com
2013-12-19 13:37:52,platform.twitter.com
2013-12-19 13:37:52,s-static.ak.facebook.com
2013-12-19 13:37:52,twitter.com
2013-12-19 13:38:18,www.bing.com
2013-12-19 13:38:19,www.bing.com
2013-12-19 13:38:20,twitter.com
2013-12-19 13:38:20,www.bing.com
2013-12-19 13:38:20,cms.abmr.net
2013-12-19 13:38:20,fr.youtube.com
2013-12-19 13:38:20,login.live.com
2013-12-19 13:38:21,www.bing.com
2013-12-19 13:38:21,www.youtube.com
2013-12-19 13:38:21,s.ytimg.com
2013-12-19 13:38:21,i1.ytimg.com
2013-12-19 13:38:22,i1.ytimg.com
2013-12-19 13:38:22,s.ytimg.com
2013-12-19 13:38:27,s.ytimg.com
2013-12-19 13:38:27,www.youtube.com
2013-12-19 13:38:27,r4---sn-gxo5uxg-jqbe.googlevideo.com
2013-12-19 13:38:28,s.ytimg.com
2013-12-19 13:38:28,s.youtube.com
2013-12-19 13:38:28,www.youtube.com
2013-12-19 13:38:30,r4---sn-gxo5uxg-jqbe.googlevideo.com
2013-12-19 13:38:30,s.youtube.com
2013-12-19 13:38:30,www.youtube.com
2013-12-19 13:38:34,s.youtube.com
2013-12-19 13:38:37,www.youtube.com
2013-12-19 13:38:37,s.ytimg.com
2013-12-19 13:38:37,i1.ytimg.com
2013-12-19 13:38:38,s.youtube.com
2013-12-19 13:38:39,www.youtube.com
2013-12-19 13:38:39,s.ytimg.com
2013-12-19 13:38:39,i1.ytimg.com
2013-12-19 13:38:40,i1.ytimg.com
2013-12-19 13:38:40,apis.google.com
2013-12-19 13:38:41,www.youtube.com
2013-12-19 13:38:41,i1.ytimg.com
2013-12-19 13:38:41,apis.google.com
2013-12-19 13:38:44,s.youtube.com
2013-12-19 13:38:44,plus.googleapis.com
2013-12-19 13:38:44,apis.google.com
2013-12-19 13:38:45,plus.googleapis.com
2013-12-19 13:38:48,s.youtube.com
2013-12-19 13:38:49,www.youtube.com
2013-12-19 13:38:54,s.youtube.com
2013-12-19 13:39:05,s.youtube.com
2013-12-19 13:39:05,www.youtube.com
2013-12-19 13:39:05,s.ytimg.com
2013-12-19 13:39:31,s.ytimg.com
2013-12-19 13:39:32,clients1.google.com
2013-12-19 13:39:33,clients1.google.com
2013-12-19 13:39:34,clients1.google.com
2013-12-19 13:39:35,clients1.google.com
2013-12-19 13:39:36,clients1.google.com
2013-12-19 13:39:37,s.youtube.com
2013-12-19 13:39:39,i1.ytimg.com
2013-12-19 13:39:39,www.google.com
2013-12-19 13:39:39,s.ytimg.com
2013-12-19 13:39:39,www.youtube.com
2013-12-19 13:39:40,adventori.com
2013-12-19 13:39:41,s.ytimg.com
2013-12-19 13:39:41,i1.ytimg.com
2013-12-19 13:39:42,www.youtube.com
2013-12-19 13:39:43,r2---sn-gxo5uxg-jqbe.googlevideo.com
2013-12-19 13:39:43,www.youtube-nocookie.com
2013-12-19 13:39:43,s.youtube.com
2013-12-19 13:39:43,s.ytimg.com
2013-12-19 13:39:44,apis.google.com
2013-12-19 13:39:44,www.youtube.com
2013-12-19 13:39:44,gdata.youtube.com
2013-12-19 13:39:44,i1.ytimg.com
2013-12-19 13:39:45,gdata.youtube.com
2013-12-19 13:39:45,i1.ytimg.com
2013-12-19 13:39:45,s.youtube.com
2013-12-19 13:39:45,www.youtube.com
2013-12-19 13:39:45,r2---sn-gxo5uxg-jqbe.googlevideo.com
2013-12-19 13:39:46,www.google.com
2013-12-19 13:39:46,www.youtube.com
2013-12-19 13:39:46,i1.ytimg.com
2013-12-19 13:39:47,www.google.com
2013-12-19 13:39:47,www.youtube.com
2013-12-19 13:39:48,plus.googleapis.com
2013-12-19 13:39:48,apis.google.com
2013-12-19 13:39:49,s.youtube.com
2013-12-19 13:39:49,www.youtube.com
2013-12-19 13:39:49,i1.ytimg.com
2013-12-19 13:39:51,i1.ytimg.com
2013-12-19 13:39:52,s.youtube.com
2013-12-19 13:39:52,i1.ytimg.com
2013-12-19 13:39:52,www.youtube.com
2013-12-19 13:39:52,r2---sn-gxo5uxg-jqbe.googlevideo.com
2013-12-19 13:39:55,s.youtube.com
2013-12-19 13:39:59,s.youtube.com
2013-12-19 13:40:00,i1.ytimg.com
2013-12-19 13:40:02,s.youtube.com
2013-12-19 13:40:05,s.youtube.com
2013-12-19 13:40:09,s.youtube.com
2013-12-19 13:40:15,s.youtube.com
2013-12-19 13:40:18,i1.ytimg.com
2013-12-19 13:40:19,r1---sn-gxo5uxg-jqbe.googlevideo.com
2013-12-19 13:40:19,www.youtube.com
2013-12-19 13:40:19,s.ytimg.com
2013-12-19 13:40:20,s.youtube.com
2013-12-19 13:40:20,www.youtube.com
2013-12-19 13:40:21,gdata.youtube.com
2013-12-19 13:40:21,i1.ytimg.com
2013-12-19 13:40:21,www.youtube.com
2013-12-19 13:40:22,gdata.youtube.com
2013-12-19 13:40:22,www.youtube.com
2013-12-19 13:40:22,i1.ytimg.com
2013-12-19 13:40:22,s.youtube.com
2013-12-19 13:40:22,r2---sn-gxo5uxg-jqbe.googlevideo.com
2013-12-19 13:40:23,s.ytimg.com
2013-12-19 13:40:23,s.youtube.com
2013-12-19 13:40:24,www.youtube.com
2013-12-19 13:40:25,plus.googleapis.com
2013-12-19 13:40:26,www.youtube.com
2013-12-19 13:40:26,i1.ytimg.com
2013-12-19 13:40:30,clients1.google.com
2013-12-19 13:40:31,s.youtube.com
2013-12-19 13:40:32,s.youtube.com
2013-12-19 13:40:36,www.youtube.com
2013-12-19 13:40:39,www.youtube.com
2013-12-19 13:40:42,s.youtube.com
2013-12-19 13:40:43,s.youtube.com
2013-12-19 13:40:44,www.youtube.com
2013-12-19 13:40:44,s.youtube.com
2013-12-19 13:40:45,i1.ytimg.com
2013-12-19 13:40:45,s.youtube.com
2013-12-19 13:40:46,i1.ytimg.com
2013-12-19 13:40:46,r1---sn-gxo5uxg-jqbe.googlevideo.com
2013-12-19 13:40:47,i1.ytimg.com
2013-12-19 13:40:52,r1---sn-gxo5uxg-jqbe.googlevideo.com
2013-12-19 13:40:52,s.youtube.com
2013-12-19 13:40:54,s.youtube.com
2013-12-19 13:40:55,s.youtube.com
2013-12-19 13:41:05,s.youtube.com
2013-12-19 13:41:17,s.youtube.com
2013-12-19 13:41:24,s.youtube.com
2013-12-19 13:41:31,i1.ytimg.com
2013-12-19 13:41:34,s.youtube.com
2013-12-19 13:41:44,s.youtube.com
2013-12-19 13:41:50,r1---sn-gxo5uxg-jqbe.googlevideo.com
2013-12-19 13:41:57,s.youtube.com
2013-12-19 13:42:14,s.youtube.com
2013-12-19 13:42:37,s.youtube.com
2013-12-19 13:42:44,s.youtube.com
2013-12-19 13:43:15,s.youtube.com
2013-12-19 13:43:17,s.youtube.com
2013-12-19 13:43:45,s.youtube.com
2013-12-19 13:43:48,www.youtube.com
2013-12-19 13:43:58,s.youtube.com
2013-12-19 13:44:15,s.youtube.com
2013-12-19 13:44:30,i1.ytimg.com
2013-12-19 13:44:38,s.youtube.com
2013-12-19 13:44:45,s.youtube.com
2013-12-19 13:45:15,s.youtube.com
2013-12-19 13:45:18,s.youtube.com
2013-12-19 13:45:45,s.youtube.com
2013-12-19 13:45:58,s.youtube.com
2013-12-19 13:46:15,s.youtube.com
2013-12-19 13:46:38,s.youtube.com
2013-12-19 13:46:45,s.youtube.com
2013-12-19 13:47:15,s.youtube.com
2013-12-19 13:47:18,s.youtube.com
2013-12-19 13:47:45,s.youtube.com
2013-12-19 13:47:58,s.youtube.com
2013-12-19 13:48:15,s.youtube.com
2013-12-19 13:48:38,s.youtube.com
2013-12-19 13:48:45,s.youtube.com
2013-12-19 13:49:15,s.youtube.com
2013-12-19 13:49:18,s.youtube.com
2013-12-19 13:49:26,clients1.google.com
2013-12-19 13:49:27,clients1.google.com
2013-12-19 13:49:27,s.youtube.com
2013-12-19 13:49:28,www.google.com
2013-12-19 13:49:29,www.youtube.com
2013-12-19 13:49:29,i1.ytimg.com
2013-12-19 13:49:31,i1.ytimg.com
2013-12-19 13:49:38,www.google.com
2013-12-19 13:49:38,www.google.fr
2013-12-19 13:49:46,www.google.fr
2013-12-19 13:49:46,www.google.com
2013-12-19 13:49:53,www.google.fr
2013-12-19 13:49:57,www.google.com
2013-12-19 13:50:41,www.youtube.com
2013-12-19 13:50:41,r1---sn-gxo5uxg-jqbe.googlevideo.com
2013-12-19 13:50:42,s.youtube.com
2013-12-19 13:50:42,www.youtube.com
2013-12-19 13:50:43,i1.ytimg.com
2013-12-19 13:50:45,www.youtube.com
2013-12-19 13:50:46,www.youtube.com
2013-12-19 13:50:46,gdata.youtube.com
2013-12-19 13:50:46,s.ytimg.com
2013-12-19 13:50:46,i1.ytimg.com
2013-12-19 13:50:48,i1.ytimg.com
2013-12-19 13:50:49,s.ytimg.com
2013-12-19 13:50:49,www.youtube.com
2013-12-19 13:50:49,i1.ytimg.com
2013-12-19 13:50:50,i1.ytimg.com
2013-12-19 13:50:51,i1.ytimg.com
2013-12-19 13:50:51,s.ytimg.com
2013-12-19 13:50:54,www.youtube.com
2013-12-19 13:50:54,i1.ytimg.com
2013-12-19 13:50:58,www.google.com
2013-12-19 13:51:22,www.youtube-nocookie.com
2013-12-19 13:51:22,r1---sn-gxo5uxg-jqbe.googlevideo.com
2013-12-19 13:51:22,www.youtube.com
2013-12-19 13:51:24,www.youtube.com
2013-12-19 13:51:24,i1.ytimg.com
2013-12-19 13:51:24,www.google.fr
2013-12-19 13:51:24,s.youtube.com
2013-12-19 13:51:25,www.youtube.com
2013-12-19 13:51:25,i1.ytimg.com
2013-12-19 13:51:25,gdata.youtube.com
2013-12-19 13:51:25,s.youtube.com
2013-12-19 13:51:26,r1---sn-gxo5uxg-jqbe.googlevideo.com
2013-12-19 13:51:26,www.youtube.com
2013-12-19 13:51:26,s.youtube.com
2013-12-19 13:51:32,s.youtube.com
2013-12-19 13:51:32,www.youtube.com
2013-12-19 13:51:33,s.youtube.com
2013-12-19 13:51:35,r1---sn-gxo5uxg-jqbe.googlevideo.com
2013-12-19 13:51:35,s.youtube.com
2013-12-19 13:51:37,i1.ytimg.com
2013-12-19 13:51:38,s.youtube.com
2013-12-19 13:51:39,www.youtube.com
2013-12-19 13:51:40,apis.google.com
2013-12-19 13:51:41,apis.google.com
2013-12-19 13:51:41,www.youtube.com
2013-12-19 13:51:41,i1.ytimg.com
2013-12-19 13:51:48,s.youtube.com
2013-12-19 13:51:48,apis.google.com
2013-12-19 13:51:49,s.youtube.com
2013-12-19 13:51:51,plus.googleapis.com
2013-12-19 13:51:52,plus.googleapis.com
2013-12-19 13:51:59,s.youtube.com
2013-12-19 13:52:12,s.youtube.com
2013-12-19 13:52:24,s.youtube.com
2013-12-19 13:52:42,s.youtube.com
2013-12-19 13:53:04,s.youtube.com
2013-12-19 13:53:12,s.youtube.com
2013-12-19 13:53:21,i1.ytimg.com
2013-12-19 13:53:24,s.youtube.com
2013-12-19 13:53:31,r1---sn-gxo5uxg-jqbe.googlevideo.com
2013-12-19 13:53:33,s.youtube.com
2013-12-19 13:53:44,s.youtube.com
2013-12-19 13:54:03,s.youtube.com
2013-12-19 13:54:24,s.youtube.com
2013-12-19 13:54:33,s.youtube.com
2013-12-19 13:54:34,www.youtube.com
2013-12-19 13:55:03,s.youtube.com
2013-12-19 13:55:04,s.youtube.com
2013-12-19 13:55:33,s.youtube.com
2013-12-19 13:55:44,s.youtube.com
2013-12-19 13:56:03,s.youtube.com
2013-12-19 13:56:24,s.youtube.com
2013-12-19 13:56:33,s.youtube.com
2013-12-19 13:57:03,s.youtube.com
2013-12-19 13:57:04,s.youtube.com
2013-12-19 13:57:33,s.youtube.com
2013-12-19 13:57:44,s.youtube.com
2013-12-19 13:58:04,s.youtube.com
2013-12-19 13:58:07,i1.ytimg.com
2013-12-19 13:58:23,www.youtube.com
2013-12-19 13:58:24,s.youtube.com
2013-12-19 13:58:34,s.youtube.com
2013-12-19 13:58:37,s.youtube.com
2013-12-19 13:58:37,www.youtube.com
2013-12-19 13:58:37,s.ytimg.com
2013-12-19 13:58:55,clients1.google.com
2013-12-19 13:58:56,clients1.google.com
2013-12-19 13:58:57,clients1.google.com
2013-12-19 13:58:58,clients1.google.com
2013-12-19 13:58:59,clients1.google.com
2013-12-19 13:59:02,www.google.com
2013-12-19 13:59:02,www.youtube.com
2013-12-19 13:59:02,i1.ytimg.com
2013-12-19 13:59:03,s.ytimg.com
2013-12-19 13:59:03,adventori.com
2013-12-19 13:59:04,i1.ytimg.com
2013-12-19 13:59:12,s.youtube.com
2013-12-19 13:59:12,i1.ytimg.com
2013-12-19 13:59:12,www.youtube.com
2013-12-19 13:59:12,r2---sn-gxo5uxg-jqbe.googlevideo.com
2013-12-19 13:59:13,s.youtube.com
2013-12-19 13:59:13,i1.ytimg.com
2013-12-19 13:59:14,r2---sn-gxo5uxg-jqbe.googlevideo.com
2013-12-19 13:59:15,www.youtube.com
2013-12-19 13:59:16,plus.googleapis.com
2013-12-19 13:59:17,www.youtube.com
2013-12-19 13:59:22,s.youtube.com
2013-12-19 13:59:23,i1.ytimg.com
2013-12-19 13:59:23,s.youtube.com
2013-12-19 13:59:33,s.youtube.com
2013-12-19 13:59:43,s.youtube.com
2013-12-19 13:59:52,i1.ytimg.com
2013-12-19 13:59:52,s.youtube.com
2013-12-19 14:00:08,www.youtube.com
2013-12-19 14:00:14,i1.ytimg.com
2013-12-19 14:00:14,s.youtube.com
2013-12-19 14:00:22,s.youtube.com
2013-12-19 14:00:22,www.youtube.com
2013-12-19 14:00:23,i1.ytimg.com
2013-12-19 14:00:33,s.youtube.com
2013-12-19 14:00:42,i1.ytimg.com
2013-12-19 14:00:54,s.youtube.com
2013-12-19 14:01:23,i1.ytimg.com
2013-12-19 14:01:23,plus.googleapis.com
2013-12-19 14:01:34,s.youtube.com
2013-12-19 14:02:15,i1.ytimg.com
2013-12-19 14:02:28,clients1.google.com
2013-12-19 14:02:36,clients1.google.com
2013-12-19 14:02:37,clients1.google.com
2013-12-19 14:02:38,clients1.google.com
2013-12-19 14:02:39,clients1.google.com
2013-12-19 14:02:42,clients1.google.com
2013-12-19 14:02:43,clients1.google.com
2013-12-19 14:02:44,www.google.com
2013-12-19 14:02:44,www.youtube.com
2013-12-19 14:02:45,i1.ytimg.com
2013-12-19 14:02:45,s.ytimg.com
2013-12-19 14:02:45,plus.googleapis.com
2013-12-19 14:02:46,i1.ytimg.com
2013-12-19 14:02:47,www.youtube.com
2013-12-19 14:02:50,i1.ytimg.com
2013-12-19 14:03:02,clients1.google.com
2013-12-19 14:03:03,clients1.google.com
2013-12-19 14:03:04,clients1.google.com
2013-12-19 14:03:06,www.google.com
2013-12-19 14:03:06,www.youtube.com
2013-12-19 14:03:06,i1.ytimg.com
2013-12-19 14:03:07,i1.ytimg.com
2013-12-19 14:03:11,i1.ytimg.com
2013-12-19 14:03:13,i1.ytimg.com
2013-12-19 14:03:19,i1.ytimg.com
2013-12-19 14:03:22,www.youtube.com
2013-12-19 14:03:22,r2---sn-gxo5uxg-jqbe.googlevideo.com
2013-12-19 14:03:23,s.youtube.com
2013-12-19 14:03:23,www.youtube.com
2013-12-19 14:03:23,www.youtube-nocookie.com
2013-12-19 14:03:24,i1.ytimg.com
2013-12-19 14:03:25,www.youtube.com
2013-12-19 14:03:26,www.youtube.com
2013-12-19 14:03:26,i1.ytimg.com
2013-12-19 14:03:28,www.youtube.com
2013-12-19 14:03:49,s.youtube.com
2013-12-19 14:03:49,i1.ytimg.com
2013-12-19 14:03:49,r2---sn-gxo5uxg-jqbe.googlevideo.com
2013-12-19 14:03:49,www.youtube.com
2013-12-19 14:03:49,plus.googleapis.com
2013-12-19 14:03:50,s.youtube.com
2013-12-19 14:03:52,i1.ytimg.com
2013-12-19 14:03:59,s.youtube.com
2013-12-19 14:04:00,s.youtube.com
2013-12-19 14:04:10,s.youtube.com
2013-12-19 14:04:25,i1.ytimg.com
2013-12-19 14:04:29,s.youtube.com
2013-12-19 14:04:38,s.youtube.com
2013-12-19 14:04:42,www.youtube.com
2013-12-19 14:04:55,s.youtube.com
2013-12-19 14:04:55,www.youtube.com
2013-12-19 14:05:01,clients1.google.com
2013-12-19 14:05:05,www.youtube.com
2013-12-19 14:05:05,r2---sn-gxo5uxg-jqbe.googlevideo.com
2013-12-19 14:05:05,i1.ytimg.com
2013-12-19 14:05:05,www.youtube-nocookie.com
2013-12-19 14:05:06,s.youtube.com
2013-12-19 14:05:06,r2---sn-gxo5uxg-jqbe.googlevideo.com
2013-12-19 14:05:06,www.youtube.com
2013-12-19 14:05:07,s.youtube.com
2013-12-19 14:05:07,www.youtube.com
2013-12-19 14:05:08,i1.ytimg.com
2013-12-19 14:05:09,s.youtube.com
2013-12-19 14:05:10,www.youtube.com
2013-12-19 14:05:12,plus.googleapis.com
2013-12-19 14:05:12,www.youtube.com
2013-12-19 14:05:16,s.youtube.com
2013-12-19 14:05:19,s.youtube.com
2013-12-19 14:05:22,www.youtube.com
2013-12-19 14:05:22,s.youtube.com
2013-12-19 14:05:22,www.youtube-nocookie.com
2013-12-19 14:05:22,r2---sn-gxo5uxg-jqbe.googlevideo.com
2013-12-19 14:05:23,www.youtube.com
2013-12-19 14:05:23,i1.ytimg.com
2013-12-19 14:05:23,gdata.youtube.com
2013-12-19 14:05:24,s.youtube.com
2013-12-19 14:05:24,www.youtube.com
2013-12-19 14:05:24,gdata.youtube.com
2013-12-19 14:05:24,i1.ytimg.com
2013-12-19 14:05:25,s.youtube.com
2013-12-19 14:05:25,www.youtube.com
2013-12-19 14:05:27,www.youtube.com
2013-12-19 14:05:27,r2---sn-gxo5uxg-jqbe.googlevideo.com
2013-12-19 14:05:27,i1.ytimg.com
2013-12-19 14:05:30,s.youtube.com
2013-12-19 14:05:33,www.youtube.com
2013-12-19 14:05:33,plus.googleapis.com
2013-12-19 14:05:34,s.youtube.com
2013-12-19 14:05:34,r2---sn-gxo5uxg-jqbe.googlevideo.com
2013-12-19 14:05:35,s.youtube.com
2013-12-19 14:05:42,clients1.google.com
2013-12-19 14:05:43,clients1.google.com
2013-12-19 14:05:44,clients1.google.com
2013-12-19 14:05:45,clients1.google.com
2013-12-19 14:05:46,clients1.google.com
2013-12-19 14:05:47,clients1.google.com
2013-12-19 14:05:48,clients1.google.com
2013-12-19 14:05:48,www.google.com
2013-12-19 14:05:48,www.youtube.com
2013-12-19 14:05:49,i1.ytimg.com
2013-12-19 14:05:50,www.google.com
2013-12-19 14:05:51,i1.ytimg.com
2013-12-19 14:05:53,clients1.google.com
2013-12-19 14:05:58,www.google.com
2013-12-19 14:05:58,www.google.fr
2013-12-19 14:06:06,www.google.fr
2013-12-19 14:06:07,www.google.fr
2013-12-19 14:06:07,webchoc.com
2013-12-19 14:06:08,www.squid-cache.org
2013-12-19 14:06:26,clients1.google.com
2013-12-19 14:06:27,clients1.google.com
2013-12-19 14:06:28,clients1.google.com
2013-12-19 14:06:29,clients1.google.com
2013-12-19 14:06:30,clients1.google.com
2013-12-19 14:06:31,clients1.google.com
2013-12-19 14:06:32,clients1.google.com
2013-12-19 14:06:33,clients1.google.com
2013-12-19 14:06:34,www.youtube.com
2013-12-19 14:06:34,www.google.com
2013-12-19 14:06:35,i1.ytimg.com
2013-12-19 14:06:36,i1.ytimg.com
2013-12-19 14:06:36,www.youtube.com
2013-12-19 14:06:37,i1.ytimg.com
2013-12-19 14:06:42,clients1.google.com
2013-12-19 14:06:43,clients1.google.com
2013-12-19 14:06:44,clients1.google.com
2013-12-19 14:06:45,clients1.google.com
2013-12-19 14:06:46,clients1.google.com
2013-12-19 14:06:47,clients1.google.com
2013-12-19 14:06:48,clients1.google.com
2013-12-19 14:06:49,clients1.google.com
2013-12-19 14:06:50,clients1.google.com
2013-12-19 14:06:51,clients1.google.com
2013-12-19 14:06:52,clients1.google.com
2013-12-19 14:06:52,www.google.com
2013-12-19 14:06:52,www.youtube.com
2013-12-19 14:06:52,i1.ytimg.com
2013-12-19 14:06:53,i1.ytimg.com
2013-12-19 14:06:54,i1.ytimg.com
2013-12-19 14:06:56,clients1.google.com
2013-12-19 14:06:57,clients1.google.com
2013-12-19 14:06:58,clients1.google.com
2013-12-19 14:06:59,www.google.com
2013-12-19 14:06:59,www.youtube.com
2013-12-19 14:06:59,i1.ytimg.com
2013-12-19 14:07:00,www.youtube.com
2013-12-19 14:07:00,i1.ytimg.com
2013-12-19 14:07:01,r2---sn-gxo5uxg-jqbe.googlevideo.com
2013-12-19 14:07:01,www.youtube.com
2013-12-19 14:07:02,r2---sn-gxo5uxg-jqbe.googlevideo.com
2013-12-19 14:07:02,www.youtube.com
2013-12-19 14:07:02,s.youtube.com
2013-12-19 14:07:03,i1.ytimg.com
2013-12-19 14:07:04,www.youtube.com
2013-12-19 14:07:05,i1.ytimg.com
2013-12-19 14:07:05,www.youtube.com
2013-12-19 14:07:05,s.youtube.com
2013-12-19 14:07:06,plus.googleapis.com
2013-12-19 14:07:07,r6---sn-cg07luez.googlevideo.com
2013-12-19 14:07:07,www.youtube.com
2013-12-19 14:07:07,s.youtube.com
2013-12-19 14:07:12,s.youtube.com
2013-12-19 14:07:17,s.youtube.com
2013-12-19 14:07:21,www.google.fr
2013-12-19 14:07:27,s.youtube.com
2013-12-19 14:07:42,s.youtube.com
2013-12-19 14:08:12,s.youtube.com
2013-12-19 14:08:13,s.youtube.com
2013-12-19 14:08:18,i1.ytimg.com
2013-12-19 14:08:19,i1.ytimg.com
2013-12-19 14:08:42,s.youtube.com
2013-12-19 14:08:53,s.youtube.com
2013-12-19 14:09:09,i1.ytimg.com
2013-12-19 14:09:11,r2---sn-gxo5uxg-jqbe.googlevideo.com
2013-12-19 14:09:13,s.youtube.com
2013-12-19 14:09:14,r6---sn-4g57kuer.googlevideo.com
2013-12-19 14:09:23,s.youtube.com
2013-12-19 14:09:33,s.youtube.com
2013-12-19 14:09:47,i1.ytimg.com
2013-12-19 14:09:49,i1.ytimg.com
2013-12-19 14:09:52,www.youtube.com
2013-12-19 14:09:53,s.youtube.com
2013-12-19 14:09:53,clients1.google.com
2013-12-19 14:09:54,clients1.google.com
2013-12-19 14:09:55,clients1.google.com
2013-12-19 14:09:56,clients1.google.com
2013-12-19 14:09:57,clients1.google.com
2013-12-19 14:10:00,clients1.google.com
2013-12-19 14:10:01,clients1.google.com
2013-12-19 14:10:01,www.google.com
2013-12-19 14:10:01,www.youtube.com
2013-12-19 14:10:02,i1.ytimg.com
2013-12-19 14:10:02,www.youtube.com
2013-12-19 14:10:03,i1.ytimg.com
2013-12-19 14:10:05,clients1.google.com
2013-12-19 14:10:06,clients1.google.com
2013-12-19 14:10:07,clients1.google.com
2013-12-19 14:10:08,clients1.google.com
2013-12-19 14:10:08,www.google.com
2013-12-19 14:10:09,www.youtube.com
2013-12-19 14:10:09,i1.ytimg.com
2013-12-19 14:10:10,www.youtube.com
2013-12-19 14:10:10,i1.ytimg.com
2013-12-19 14:10:12,www.youtube.com
2013-12-19 14:10:13,s.youtube.com
2013-12-19 14:10:13,www.youtube.com
2013-12-19 14:10:13,r16---sn-tt17rn7d.googlevideo.com
2013-12-19 14:10:14,i1.ytimg.com
2013-12-19 14:10:14,s.youtube.com
2013-12-19 14:10:15,r3---sn-cg07luel.googlevideo.com
2013-12-19 14:10:16,www.youtube.com
2013-12-19 14:10:18,www.youtube.com
2013-12-19 14:10:23,s.youtube.com
2013-12-19 14:10:33,s.youtube.com
2013-12-19 14:10:43,s.youtube.com
2013-12-19 14:10:48,s.youtube.com
2013-12-19 14:10:53,s.youtube.com
2013-12-19 14:11:03,s.youtube.com
2013-12-19 14:11:10,clients1.google.com
2013-12-19 14:11:14,clients1.google.com
2013-12-19 14:11:15,clients1.google.com
2013-12-19 14:11:16,clients1.google.com
2013-12-19 14:11:17,clients1.google.com
2013-12-19 14:11:18,clients1.google.com
2013-12-19 14:11:19,clients1.google.com
2013-12-19 14:11:20,clients1.google.com
2013-12-19 14:11:21,clients1.google.com
2013-12-19 14:11:23,www.google.com
2013-12-19 14:11:23,www.youtube.com
2013-12-19 14:11:23,i1.ytimg.com
2013-12-19 14:11:23,plus.googleapis.com
2013-12-19 14:11:25,i1.ytimg.com
2013-12-19 14:11:29,www.youtube-nocookie.com
2013-12-19 14:11:29,r2---sn-gxo5uxg-jqbe.googlevideo.com
2013-12-19 14:11:29,www.youtube.com
2013-12-19 14:11:30,s.youtube.com
2013-12-19 14:11:30,www.youtube.com
2013-12-19 14:11:30,i1.ytimg.com
2013-12-19 14:11:31,www.youtube.com
2013-12-19 14:11:31,r2---sn-gxo5uxg-jqbe.googlevideo.com
2013-12-19 14:11:31,s.youtube.com
2013-12-19 14:11:32,www.youtube.com
2013-12-19 14:11:32,hal9000.redintelligence.net
2013-12-19 14:11:32,www.news-parfums.com
2013-12-19 14:11:34,www.youtube.com
2013-12-19 14:11:37,i1.ytimg.com
2013-12-19 14:11:37,plus.googleapis.com
2013-12-19 14:11:39,s.youtube.com
2013-12-19 14:11:41,s.youtube.com
2013-12-19 14:11:42,i1.ytimg.com
2013-12-19 14:11:42,www.youtube.com
2013-12-19 14:11:43,www.youtube.com
2013-12-19 14:11:49,s.youtube.com
2013-12-19 14:11:59,s.youtube.com
2013-12-19 14:12:00,www.youtube.com
2013-12-19 14:12:07,s.youtube.com
2013-12-19 14:12:07,www.youtube.com
2013-12-19 14:12:10,i1.ytimg.com
2013-12-19 14:12:13,www.youtube.com
2013-12-19 14:12:13,r3---sn-gxo5uxg-jqbe.googlevideo.com
2013-12-19 14:12:14,i1.ytimg.com
2013-12-19 14:12:14,r3---sn-gxo5uxg-jqbe.googlevideo.com
2013-12-19 14:12:14,s.youtube.com
2013-12-19 14:12:14,www.youtube-nocookie.com
2013-12-19 14:12:14,www.youtube.com
2013-12-19 14:12:15,i1.ytimg.com
2013-12-19 14:12:16,www.youtube.com
2013-12-19 14:12:17,plus.googleapis.com
2013-12-19 14:12:17,i1.ytimg.com
2013-12-19 14:12:18,www.youtube.com
2013-12-19 14:12:21,s.youtube.com
2013-12-19 14:12:24,s.youtube.com
2013-12-19 14:12:26,i1.ytimg.com
2013-12-19 14:12:31,s.youtube.com
2013-12-19 14:12:41,s.youtube.com
2013-12-19 14:12:48,www.youtube.com
2013-12-19 14:12:54,s.youtube.com
2013-12-19 14:12:56,s.youtube.com
2013-12-19 14:12:56,www.youtube.com
2013-12-19 14:12:59,clients1.google.com
2013-12-19 14:13:00,s.youtube.com
2013-12-19 14:13:01,clients1.google.com
2013-12-19 14:13:02,clients1.google.com
2013-12-19 14:13:03,clients1.google.com
2013-12-19 14:13:04,clients1.google.com
2013-12-19 14:13:04,i1.ytimg.com
2013-12-19 14:13:04,www.youtube.com
2013-12-19 14:13:04,www.google.com
2013-12-19 14:13:05,www.youtube.com
2013-12-19 14:13:05,i1.ytimg.com
2013-12-19 14:13:07,i1.ytimg.com
2013-12-19 14:13:08,i1.ytimg.com
2013-12-19 14:13:10,i1.ytimg.com
2013-12-19 14:13:12,i1.ytimg.com
2013-12-19 14:13:17,i1.ytimg.com
2013-12-19 14:13:21,www.youtube.com
2013-12-19 14:13:21,i1.ytimg.com
2013-12-19 14:13:29,i1.ytimg.com
2013-12-19 14:13:30,i1.ytimg.com
2013-12-19 14:13:34,i1.ytimg.com
2013-12-19 14:13:37,i1.ytimg.com
2013-12-19 14:13:41,www.youtube.com
2013-12-19 14:13:41,i1.ytimg.com
2013-12-19 14:13:42,i1.ytimg.com
2013-12-19 14:13:43,i1.ytimg.com
2013-12-19 14:13:49,i1.ytimg.com
2013-12-19 14:13:56,i1.ytimg.com
2013-12-19 14:13:57,i1.ytimg.com
2013-12-19 14:13:59,i1.ytimg.com
2013-12-19 14:14:22,www.youtube.com
2013-12-19 14:14:23,www.youtube.com
2013-12-19 14:14:34,www.youtube.com
2013-12-19 14:14:35,r2---sn-gxo5uxg-jqbe.googlevideo.com
2013-12-19 14:14:36,i1.ytimg.com
2013-12-19 14:14:38,www.youtube.com
2013-12-19 14:14:38,clients1.google.com
2013-12-19 14:14:43,clients1.google.com
2013-12-19 14:14:44,clients1.google.com
2013-12-19 14:14:45,clients1.google.com
2013-12-19 14:14:46,clients1.google.com
2013-12-19 14:14:47,clients1.google.com
2013-12-19 14:14:48,clients1.google.com
2013-12-19 14:14:49,i1.ytimg.com
2013-12-19 14:14:49,www.youtube.com
2013-12-19 14:14:49,www.google.com
2013-12-19 14:14:49,clients1.google.com
2013-12-19 14:14:51,i1.ytimg.com
2013-12-19 14:14:53,apis.google.com
2013-12-19 14:14:53,i1.ytimg.com
2013-12-19 14:14:53,lh3.ggpht.com
2013-12-19 14:14:56,i1.ytimg.com
2013-12-19 14:14:58,i1.ytimg.com
2013-12-19 14:14:59,i1.ytimg.com
2013-12-19 14:15:00,i1.ytimg.com
2013-12-19 14:15:06,www.youtube.com
2013-12-19 14:15:06,r2---sn-gxo5uxg-jqbe.googlevideo.com
2013-12-19 14:15:07,www.youtube-nocookie.com
2013-12-19 14:15:08,www.youtube.com
2013-12-19 14:15:08,r2---sn-gxo5uxg-jqbe.googlevideo.com
2013-12-19 14:15:08,s.youtube.com
2013-12-19 14:15:09,i1.ytimg.com
2013-12-19 14:15:10,i1.ytimg.com
2013-12-19 14:15:11,www.youtube.com
2013-12-19 14:15:11,s.youtube.com
2013-12-19 14:15:12,apis.google.com
2013-12-19 14:15:12,r2---sn-gxo5uxg-jqbe.googlevideo.com
2013-12-19 14:15:13,apis.google.com
2013-12-19 14:15:13,www.youtube.com
2013-12-19 14:15:13,s.youtube.com
2013-12-19 14:15:14,apis.google.com
2013-12-19 14:15:16,plus.googleapis.com
2013-12-19 14:15:17,plus.googleapis.com
2013-12-19 14:15:17,apis.google.com
2013-12-19 14:15:18,i1.ytimg.com
2013-12-19 14:15:18,s.youtube.com
2013-12-19 14:15:23,s.youtube.com
2013-12-19 14:15:33,s.youtube.com
2013-12-19 14:15:48,s.youtube.com
2013-12-19 14:15:59,s.youtube.com
2013-12-19 14:16:11,i1.ytimg.com
2013-12-19 14:16:18,s.youtube.com
2013-12-19 14:16:23,www.youtube.com
2013-12-19 14:16:33,www.google.com
2013-12-19 14:16:33,www.google.fr
2013-12-19 14:16:36,clients1.google.com
2013-12-19 14:16:39,www.google.com
2013-12-19 14:16:39,www.google.fr
2013-12-19 14:16:39,s.youtube.com
2013-12-19 14:16:41,s.youtube.com
2013-12-19 14:16:41,www.youtube.com
2013-12-19 14:16:45,www.google.fr
2013-12-19 14:16:46,www.google.fr
2013-12-19 14:16:49,www.google.com
2013-12-19 14:16:54,clients1.google.com
2013-12-19 14:16:59,i1.ytimg.com
2013-12-19 14:16:59,www.youtube.com
2013-12-19 14:17:00,www.youtube.com
2013-12-19 14:17:00,i1.ytimg.com
2013-12-19 14:17:00,www.youtube-nocookie.com
2013-12-19 14:17:00,s.youtube.com
2013-12-19 14:17:01,www.youtube.com
2013-12-19 14:17:02,s.youtube.com
2013-12-19 14:17:02,r4---sn-4g57kuee.googlevideo.com
2013-12-19 14:17:02,www.youtube.com
2013-12-19 14:17:03,www.youtube.com
2013-12-19 14:17:03,i1.ytimg.com
2013-12-19 14:17:04,i1.ytimg.com
2013-12-19 14:17:04,www.youtube.com
2013-12-19 14:17:05,i1.ytimg.com
2013-12-19 14:17:05,s.youtube.com
2013-12-19 14:17:10,s.youtube.com
2013-12-19 14:17:12,www.youtube.com
2013-12-19 14:17:14,i1.ytimg.com
2013-12-19 14:17:15,s.youtube.com
2013-12-19 14:17:16,i1.ytimg.com
2013-12-19 14:17:17,www.youtube.com
2013-12-19 14:17:25,s.youtube.com
2013-12-19 14:17:34,s.youtube.com
2013-12-19 14:17:40,s.youtube.com
2013-12-19 14:17:41,plus.googleapis.com
2013-12-19 14:17:41,i1.ytimg.com
2013-12-19 14:17:57,www.youtube.com
2013-12-19 14:18:10,s.youtube.com
2013-12-19 14:18:11,www.youtube.com
2013-12-19 14:18:11,s.youtube.com
2013-12-19 14:18:14,s.youtube.com
2013-12-19 14:18:28,i1.ytimg.com
2013-12-19 14:18:29,i1.ytimg.com
2013-12-19 14:18:31,clients1.google.com
2013-12-19 14:18:33,clients1.google.com
2013-12-19 14:18:34,clients1.google.com
2013-12-19 14:18:35,clients1.google.com
2013-12-19 14:18:36,www.google.com
2013-12-19 14:18:37,www.youtube.com
2013-12-19 14:18:37,i1.ytimg.com
2013-12-19 14:18:38,i1.ytimg.com
2013-12-19 14:18:41,clients1.google.com
2013-12-19 14:18:42,clients1.google.com
2013-12-19 14:18:43,clients1.google.com
2013-12-19 14:18:44,www.google.com
2013-12-19 14:18:44,www.youtube.com
2013-12-19 14:18:44,i1.ytimg.com
2013-12-19 14:18:46,www.youtube.com
2013-12-19 14:18:47,i1.ytimg.com
2013-12-19 14:18:47,www.youtube.com
2013-12-19 14:18:47,r4---sn-gxo5uxg-jqbe.googlevideo.com
2013-12-19 14:18:47,s.youtube.com
2013-12-19 14:18:48,www.youtube.com
2013-12-19 14:18:48,i1.ytimg.com
2013-12-19 14:18:49,www.youtube.com
2013-12-19 14:18:49,s.youtube.com
2013-12-19 14:18:50,i1.ytimg.com
2013-12-19 14:18:51,www.youtube.com
2013-12-19 14:18:51,r4---sn-4g57kues.googlevideo.com
2013-12-19 14:18:51,plus.googleapis.com
2013-12-19 14:18:55,s.youtube.com
2013-12-19 14:18:57,s.youtube.com
2013-12-19 14:19:05,s.youtube.com
2013-12-19 14:19:06,www.youtube.com
2013-12-19 14:19:15,s.youtube.com
2013-12-19 14:19:25,s.youtube.com
2013-12-19 14:19:27,s.youtube.com
2013-12-19 14:19:57,s.youtube.com
2013-12-19 14:20:05,s.youtube.com
2013-12-19 14:20:11,i1.ytimg.com
2013-12-19 14:20:13,i1.ytimg.com
2013-12-19 14:20:14,i1.ytimg.com
2013-12-19 14:20:35,www.google.fr
2013-12-19 14:20:48,www.google.fr
2013-12-19 14:20:48,r2---sn-gxo5uxg-jqbe.googlevideo.com
2013-12-19 14:20:48,www.youtube.com
2013-12-19 14:20:49,i1.ytimg.com
2013-12-19 14:20:49,www.youtube-nocookie.com
2013-12-19 14:20:49,s.youtube.com
2013-12-19 14:20:49,www.youtube.com
2013-12-19 14:20:49,www.google.com
2013-12-19 14:20:49,www.google.fr
2013-12-19 14:20:50,i1.ytimg.com
2013-12-19 14:20:51,www.youtube.com
2013-12-19 14:20:52,plus.googleapis.com
2013-12-19 14:20:52,s.youtube.com
2013-12-19 14:20:52,www.youtube.com
2013-12-19 14:20:53,s.youtube.com
2013-12-19 14:20:54,i1.ytimg.com
2013-12-19 14:20:54,www.youtube.com
2013-12-19 14:20:54,r2---sn-gxo5uxg-jqbe.googlevideo.com
2013-12-19 14:20:55,i1.ytimg.com
2013-12-19 14:21:01,s.youtube.com
2013-12-19 14:21:02,www.youtube.com
2013-12-19 14:21:03,s.youtube.com
2013-12-19 14:21:05,www.youtube.com
2013-12-19 14:21:13,s.youtube.com
2013-12-19 14:21:25,s.youtube.com
2013-12-19 14:21:31,s.youtube.com
2013-12-19 14:21:41,i1.ytimg.com
2013-12-19 14:21:55,www.youtube.com
2013-12-19 14:22:01,s.youtube.com
2013-12-19 14:22:05,s.youtube.com
2013-12-19 14:22:11,s.youtube.com
2013-12-19 14:22:11,www.youtube.com
2013-12-19 14:22:29,clients1.google.com
2013-12-19 14:22:32,apis.google.com
2013-12-19 14:22:35,www.google.fr
2013-12-19 14:22:44,www.google.fr
2013-12-19 14:22:45,apis.google.com
2013-12-19 14:22:45,fr.wikipedia.org
2013-12-19 14:22:45,bits.wikimedia.org
2013-12-19 14:22:46,www.google.fr
2013-12-19 14:22:46,bits.wikimedia.org
2013-12-19 14:22:46,meta.wikimedia.org
2013-12-19 14:22:46,login.wikimedia.org
2013-12-19 14:22:47,www.google.com
2013-12-19 14:22:47,premium.hi-mediaserver.com
2013-12-19 14:22:47,ajax.googleapis.com
2013-12-19 14:22:47,fr.wikipedia.org
2013-12-19 14:22:47,meta.wikimedia.org
2013-12-19 14:22:47,bits.wikimedia.org
2013-12-19 14:22:47,www.developpez.net
2013-12-19 14:22:48,www.developpez.net
2013-12-19 14:22:58,www.developpez.net
2013-12-19 14:23:04,bits.wikimedia.org
2013-12-19 14:23:05,www.developpez.net
2013-12-19 14:23:06,www.developpez.net
2013-12-19 14:23:06,premium.hi-mediaserver.com
2013-12-19 14:23:07,www.developpez.net
2013-12-19 14:23:08,www.developpez.net
2013-12-19 14:23:38,www.google.fr
2013-12-19 14:23:47,www.developpez.com
2013-12-19 14:23:47,thierry-leriche-dessirier.developpez.com
2013-12-19 14:23:50,www.developpez.com
2013-12-19 14:23:50,thierry-leriche-dessirier.developpez.com
2013-12-19 14:23:51,premium.hi-mediaserver.com
2013-12-19 14:23:51,www.developpez.com
2013-12-19 14:23:51,thierry-leriche-dessirier.developpez.com
2013-12-19 14:23:52,www.google.fr
2013-12-19 14:23:52,www.facebook.com
2013-12-19 14:23:53,forum-images.hardware.fr
2013-12-19 14:23:53,thierry-leriche-dessirier.developpez.com
2013-12-19 14:23:53,forum.hardware.fr
2013-12-19 14:23:53,www.google.fr
2013-12-19 14:23:54,wtpn.twenga.fr
2013-12-19 14:23:54,forum-images.hardware.fr
2013-12-19 14:23:54,fr.primary.affinitad.com
2013-12-19 14:23:55,rbx-cdn-tpn.c4tw.net
2013-12-19 14:23:55,forum.hardware.fr
2013-12-19 14:23:55,fr.primary.affinitad.com
2013-12-19 14:24:00,fr.primary.affinitad.com
2013-12-19 14:24:00,rbx-cdn-tpn.c4tw.net
2013-12-19 14:24:35,thierry-leriche-dessirier.developpez.com
2013-12-19 14:26:15,www.google.fr
2013-12-19 14:26:17,www.developpez.com
2013-12-19 14:26:17,cyberzoide.developpez.com
2013-12-19 14:26:18,www.developpez.com
2013-12-19 14:26:18,cyberzoide.developpez.com
2013-12-19 14:26:19,cyberzoide.developpez.com
2013-12-19 14:26:21,premium.hi-mediaserver.com
2013-12-19 14:26:21,cyberzoide.developpez.com
2013-12-19 14:26:21,www.developpez.com
2013-12-19 14:26:22,www.developpez.com
2013-12-19 14:29:56,www.google.fr
2013-12-19 14:32:17,www.google.fr
2013-12-19 14:32:18,www.fevrierdorian.com
2013-12-19 14:32:19,www.fevrierdorian.com
2013-12-19 14:32:19,www.gravatar.com
2013-12-19 14:32:41,fr.openclassrooms.com
2013-12-19 14:32:41,www.google.fr
2013-12-19 14:32:42,html5shiv.googlecode.com
2013-12-19 14:32:42,fr.openclassrooms.com
2013-12-19 14:32:43,www.google.com
2013-12-19 14:32:43,fr.openclassrooms.com
2013-12-19 14:32:44,www.google.com
2013-12-19 14:32:44,fr.openclassrooms.com
2013-12-19 14:32:46,www.googleapis.com
2013-12-19 14:32:47,fr.openclassrooms.com
2013-12-19 14:32:48,dnn506yrbagrg.cloudfront.net
2013-12-19 14:32:48,fr.openclassrooms.com
2013-12-19 14:32:49,static.galerieslafayette.com
2013-12-19 14:32:49,www.galerieslafayette.com
2013-12-19 14:32:49,fr.openclassrooms.com
2013-12-19 14:32:49,ea.galerieslafayette.com
2013-12-19 14:32:50,static.galerieslafayette.com
2013-12-19 14:32:50,www.galerieslafayette.com
2013-12-19 14:32:52,static.galerieslafayette.com
2013-12-19 14:32:52,connect.facebook.net
2013-12-19 14:32:53,rainbow-fr.mythings.com
2013-12-19 14:32:53,ea.galerieslafayette.com
2013-12-19 14:32:53,static.galerieslafayette.com
2013-12-19 14:32:54,ea.galerieslafayette.com
2013-12-19 14:33:01,ea.galerieslafayette.com
2013-12-19 14:33:01,dc1w54.wysistat.com
2013-12-19 14:33:25,static.ak.facebook.com
2013-12-19 14:33:25,s-static.ak.facebook.com
2013-12-19 14:33:25,www.facebook.com
2013-12-19 14:33:25,graphstream.sourceforge.net
2013-12-19 14:33:26,graphstream-project.org
2013-12-19 14:33:26,ajax.googleapis.com
2013-12-19 14:33:27,graphstream-project.org
2013-12-19 14:33:47,github.com
2013-12-19 14:33:57,github.com
2013-12-19 14:34:00,github.global.ssl.fastly.net
2013-12-19 14:34:07,github.com
2013-12-19 14:34:11,graphstream-project.org
2013-12-19 14:34:14,www.google.fr
2013-12-19 14:34:16,github.com
2013-12-19 14:34:17,github.com
2013-12-19 14:34:18,www.bing.com
2013-12-19 14:34:19,www.bing.com
2013-12-19 14:34:20,www.bing.com
2013-12-19 14:34:26,github.com
2013-12-19 14:34:27,github.com
2013-12-19 14:34:31,login.live.com
2013-12-19 14:34:34,www.bing.com
2013-12-19 14:34:35,graphstream-project.org
2013-12-19 14:34:36,graphstream-project.org
2013-12-19 14:34:37,graphstream-project.org
2013-12-19 14:34:45,www.bing.com
2013-12-19 14:34:45,ssl.bing.com
2013-12-19 14:34:45,0.gravatar.com
2013-12-19 14:34:51,accounts.google.com
2013-12-19 14:35:39,apis.google.com
2013-12-19 14:35:45,www.bing.com
2013-12-19 14:35:55,ssl.bing.com
2013-12-19 14:35:56,accounts.google.com
2013-12-19 14:35:56,gephi.org
2013-12-19 14:35:57,graphstream-project.org
2013-12-19 14:35:57,gephi.org
2013-12-19 14:36:07,www.youtube.com
2013-12-19 14:36:07,gephi.org
2013-12-19 14:36:09,gephi.org
2013-12-19 14:36:09,maps.google.com
2013-12-19 14:36:10,maps.google.com
2013-12-19 14:36:12,www.paypalobjects.com
2013-12-19 14:36:12,gephi.org
2013-12-19 14:36:17,s.ytimg.com
2013-12-19 14:36:17,i0.wp.com
2013-12-19 14:36:17,secure.gravatar.com
2013-12-19 14:36:17,gephi.org
2013-12-19 14:36:17,mts1.google.com
2013-12-19 14:36:18,secure.gravatar.com
2013-12-19 14:36:18,mts0.google.com
2013-12-19 14:36:18,mts1.google.com
2013-12-19 14:36:18,i0.wp.com
2013-12-19 14:36:19,i0.wp.com
2013-12-19 14:36:19,secure.gravatar.com
2013-12-19 14:36:19,mts0.google.com
2013-12-19 14:36:19,mts1.google.com
2013-12-19 14:36:19,www.paypalobjects.com
2013-12-19 14:36:20,connect.facebook.net
2013-12-19 14:36:21,mts0.google.com
2013-12-19 14:36:21,gephi.org
2013-12-19 14:36:21,mts1.google.com
2013-12-19 14:36:21,maps.google.com
2013-12-19 14:36:21,connect.facebook.net
2013-12-19 14:36:21,i1.ytimg.com
2013-12-19 14:36:22,maps-api-ssl.google.com
2013-12-19 14:36:22,cbk0.google.com
2013-12-19 14:36:22,gephi.org
2013-12-19 14:36:22,s-static.ak.facebook.com
2013-12-19 14:36:22,mts1.google.com
2013-12-19 14:36:24,cbk0.google.com
2013-12-19 14:36:24,maps.google.com
2013-12-19 14:36:24,www.facebook.com
2013-12-19 14:36:24,mts0.google.com
2013-12-19 14:36:24,maps-api-ssl.google.com
2013-12-19 14:36:25,maps.google.com
2013-12-19 14:36:25,chart.googleapis.com
2013-12-19 14:36:26,chart.googleapis.com
2013-12-19 14:36:54,stackoverflow.com
2013-12-19 14:36:54,ajax.googleapis.com
2013-12-19 14:36:54,www.google.fr
2013-12-19 14:37:04,www.gravatar.com
2013-12-19 14:37:05,www.gravatar.com
2013-12-19 14:37:05,cdn-careers.sstatic.net
2013-12-19 14:37:05,stackoverflow.com
2013-12-19 14:37:06,careers.stackoverflow.com
2013-12-19 14:37:18,jung.sourceforge.net
2013-12-19 14:37:19,jung.sourceforge.net
2013-12-19 14:37:19,sourceforge.net
2013-12-19 14:37:20,stackauth.com
2013-12-19 14:37:20,adzerk-www.s3.amazonaws.com
2013-12-19 14:37:21,adzerk-www.s3.amazonaws.com
2013-12-19 14:37:23,a248.e.akamai.net
2013-12-19 14:37:35,stackauth.com
2013-12-19 14:37:36,jung.sourceforge.net
2013-12-19 14:37:37,sourceforge.net
2013-12-19 14:37:38,jung.sourceforge.net
2013-12-19 14:37:44,jung.sourceforge.net
2013-12-19 14:37:45,sourceforge.net
2013-12-19 14:37:51,maps-api-ssl.google.com
2013-12-19 14:37:52,jung.sourceforge.net
2013-12-19 14:38:10,office14client.microsoft.com
2013-12-19 14:38:11,jung.sourceforge.net
2013-12-19 14:38:12,office.microsoft.com
2013-12-19 14:38:15,office.microsoft.com
2013-12-19 14:38:24,a248.e.akamai.net
2013-12-19 14:38:34,stackoverflow.com
2013-12-19 14:38:34,www.bing.com
2013-12-19 14:38:35,www.bing.com
2013-12-19 14:38:36,www.bing.com
2013-12-19 14:38:37,login.live.com
2013-12-19 14:38:37,stackoverflow.com
2013-12-19 14:38:38,stackoverflow.com
2013-12-19 14:38:41,www.grotto-networking.com
2013-12-19 14:40:17,www.google.fr
2013-12-19 14:40:27,maps.google.com
2014-03-24 14:10:08,www.google.com
2014-03-24 14:10:08,clients1.google.com
2014-03-24 14:10:09,www.google.com
2014-03-24 14:10:09,clients1.google.com
2014-03-24 14:10:10,clients1.google.com
2014-03-24 14:10:11,gtglobal-ocsp.geotrust.com
2014-03-24 14:10:12,gtglobal-ocsp.geotrust.com
2014-03-24 14:10:13,gtglobal-ocsp.geotrust.com
2014-03-24 14:10:13,clients1.google.com
2014-03-24 14:10:21,www.google.fr
2014-03-24 14:10:22,www.malgouyres.org
2014-03-24 14:10:25,www.malgouyres.org
2014-03-24 14:10:43,www.malgouyres.org
2014-03-24 14:10:43,plugins.longtailvideo.com
2014-03-24 14:10:44,l.longtailvideo.com
2014-03-24 14:10:44,www.malgouyres.org
2014-03-24 14:10:45,www.malgouyres.org
2014-03-24 14:10:46,www.malgouyres.org
2014-03-24 14:10:47,www.malgouyres.org
2014-03-24 14:10:48,www.malgouyres.org
2014-03-24 14:10:49,www.malgouyres.org
2014-03-24 14:10:50,www.malgouyres.org
2014-03-24 14:10:51,www.malgouyres.org
2014-03-24 14:10:52,www.malgouyres.org
2014-03-24 14:10:53,www.malgouyres.org
2014-03-24 14:10:54,www.malgouyres.org
2014-03-24 14:10:55,www.malgouyres.org
2014-03-24 14:10:56,www.malgouyres.org
2014-03-24 14:10:57,www.malgouyres.org
2014-03-24 14:11:04,gtssl-ocsp.geotrust.com
2014-03-24 14:11:07,safebrowsing.clients.google.com
2014-03-24 14:11:07,safebrowsing-cache.google.com
2014-03-24 14:12:01,ocsp.verisign.com
2014-03-24 14:13:09,apis.google.com
2014-03-24 14:13:10,www.google.com
2014-03-24 14:13:15,clients1.google.fr
2014-03-24 14:13:17,www.google.fr
2014-03-24 14:14:01,ocsp.digicert.com
2014-03-24 14:14:02,sb-ssl.google.com
2014-03-24 14:15:03,windows.microsoft.com
2014-03-24 14:15:03,res2.windows.microsoft.com
2014-03-24 14:15:03,ajax.microsoft.com
2014-03-24 14:15:03,js.microsoft.com
2014-03-24 14:15:03,go.microsoft.com
2014-03-24 14:15:03,res1.windows.microsoft.com
2014-03-24 14:15:04,res1.windows.microsoft.com
2014-03-24 14:15:04,js.microsoft.com
2014-03-24 14:15:04,windows.microsoft.com
2014-03-24 14:15:15,www.bing.com
2014-03-24 14:18:01,go.microsoft.com
2014-03-24 14:18:01,ieonline.microsoft.com
2014-03-24 14:20:01,ocsp.thawte.com
