timestamp,site
2013-02-12 15:59:37,www.google.fr
2013-02-12 15:59:39,www.squid-cache.org
2013-02-12 15:59:39,www.google.fr
2013-02-12 15:59:41,www.google.fr
2013-02-12 15:59:47,apis.google.com
2013-02-12 15:59:48,www.google.com
2013-02-12 16:00:03,www.google.fr
2013-02-12 16:00:03,www.google.com
2013-02-12 16:00:03,apis.google.com
2013-02-12 16:00:04,orbitron.fr.malavida.com
2013-02-12 16:00:05,www.google.fr
2013-02-12 16:00:05,static.malavida.com
2013-02-12 16:00:06,platform.twitter.com
2013-02-12 16:00:06,static.malavida.com
2013-02-12 16:00:06,imag.malavida.com
2013-02-12 16:00:08,static.malavida.com
2013-02-12 16:00:08,connect.facebook.net
2013-02-12 16:00:08,imag.malavida.com
2013-02-12 16:00:14,static.malavida.com
2013-02-12 16:00:15,platform.twitter.com
2013-02-12 16:00:16,www.facebook.com
2013-02-12 16:00:16,s-static.ak.facebook.com
2013-02-12 16:00:16,static.ak.facebook.com
2013-02-12 16:00:19,twitter.com
2013-02-12 16:00:19,www.facebook.com
2013-02-12 16:00:20,twitter.com
2013-02-12 16:00:21,www.facebook.com
2013-02-12 16:00:23,fr.malavida.com
2013-02-12 16:00:24,www.google.com
2013-02-12 16:00:24,twitter.com
2013-02-12 16:00:25,select.brealtime.com
2013-02-12 16:00:26,www.facebook.com
2013-02-12 16:00:30,code.jquery.com
2013-02-12 16:00:31,code.jquery.com
2013-02-12 16:00:39,www.google.com
2013-02-12 16:00:42,www.google.com
2013-02-12 16:00:46,www.google.fr
2013-02-12 16:00:51,www.google.fr
2013-02-12 16:00:52,www.stoff.pl
2013-02-12 16:00:53,www.google.fr
2013-02-12 16:00:53,www.stoff.pl
2013-02-12 16:00:55,www.stoff.pl
2013-02-12 16:01:00,www.stoff.pl
2013-02-12 16:01:06,www.google.fr
2013-02-12 16:01:06,winter.group.shef.ac.uk
2013-02-12 16:01:06,www.google.com
2013-02-12 16:01:07,winter.group.shef.ac.uk
2013-02-12 16:01:07,www.webelements.com
2013-02-12 16:01:43,winter.group.shef.ac.uk
2013-02-12 16:01:44,winter.group.shef.ac.uk
2013-02-12 16:01:44,fpdownload2.macromedia.com
2013-02-12 16:01:52,winter.group.shef.ac.uk
2013-02-12 16:01:53,winter.group.shef.ac.uk
2013-02-12 16:02:06,winter.group.shef.ac.uk
2013-02-12 16:02:07,winter.group.shef.ac.uk
2013-02-12 16:02:14,winter.group.shef.ac.uk
2013-02-12 16:02:14,ieonline.microsoft.com
2013-02-12 16:02:15,winter.group.shef.ac.uk
2013-02-12 16:02:22,winter.group.shef.ac.uk
2013-02-12 16:02:31,winter.group.shef.ac.uk
2013-02-12 16:02:32,winter.group.shef.ac.uk
2013-02-12 16:02:45,winter.group.shef.ac.uk
2013-02-12 16:02:59,winter.group.shef.ac.uk
2013-02-12 16:03:11,winter.group.shef.ac.uk
2013-02-12 16:03:18,winter.group.shef.ac.uk
2013-02-12 16:03:19,winter.group.shef.ac.uk
2013-02-12 16:03:22,winter.group.shef.ac.uk
2013-02-12 16:03:23,winter.group.shef.ac.uk
2013-02-12 16:03:30,winter.group.shef.ac.uk
2013-02-12 16:03:37,www.webelements.com
2013-02-12 16:03:38,www.webelements.com
2013-02-12 16:03:42,www.webelements.com
2013-02-12 16:03:43,accounts.google.com
2013-02-12 16:03:44,apis.google.com
2013-02-12 16:03:47,www.webelements.com
2013-02-12 16:03:47,apis.google.com
2013-02-12 16:03:52,accounts.google.com
2013-02-12 16:03:52,apis.google.com
2013-02-12 16:03:52,translate.google.com
2013-02-12 16:03:52,www.google.com
2013-02-12 16:03:52,www.webelements.com
2013-02-12 16:03:53,www.webelements.com
2013-02-12 16:03:56,www.google.com
2013-02-12 16:03:56,translate.googleapis.com
2013-02-12 16:03:56,www.webelements.com
2013-02-12 16:03:57,www.webelements.com
2013-02-12 16:04:08,winter.group.shef.ac.uk
2013-02-12 16:04:09,winter.group.shef.ac.uk
2013-02-12 16:06:09,winter.group.shef.ac.uk
2013-02-12 16:06:09,apis.google.com
2013-02-12 16:41:26,winter.group.shef.ac.uk
2013-02-12 16:41:40,winter.group.shef.ac.uk
2013-02-12 16:41:50,winter.group.shef.ac.uk
2013-02-12 16:44:41,www.google.fr
2013-02-12 16:44:46,www.google.fr
2013-02-12 16:44:48,fr.wikipedia.org
2013-02-12 16:44:48,bits.wikimedia.org
2013-02-12 16:44:48,www.google.fr
2013-02-12 16:44:49,fr.wikipedia.org
2013-02-12 16:44:49,meta.wikimedia.org
2013-02-12 16:44:49,bits.wikimedia.org
2013-02-12 16:44:50,bits.wikimedia.org
2013-02-12 16:44:50,login.wikimedia.org
2013-02-12 16:44:51,login.wikimedia.org
2013-02-12 16:44:51,bits.wikimedia.org
2013-02-12 16:44:51,fr.wikipedia.org
2013-02-12 16:44:52,fr.wikipedia.org
2013-02-12 16:44:52,bits.wikimedia.org
2013-02-12 16:44:52,meta.wikimedia.org
2013-02-12 16:45:09,fr.wikipedia.org
2013-02-12 16:46:14,www.google.fr
2013-02-12 16:55:49,winter.group.shef.ac.uk
2013-02-12 16:57:49,winter.group.shef.ac.uk
2013-02-12 16:59:54,winter.group.shef.ac.uk
2013-02-12 17:00:11,winter.group.shef.ac.uk
2013-02-12 17:00:15,winter.group.shef.ac.uk
2013-02-12 17:00:16,winter.group.shef.ac.uk
2013-02-12 17:00:20,winter.group.shef.ac.uk
2013-02-12 17:00:22,winter.group.shef.ac.uk
2013-02-12 17:00:23,winter.group.shef.ac.uk
2013-02-12 17:00:26,winter.group.shef.ac.uk
2013-11-20 16:05:23,fpdownload2.macromedia.com
2013-11-20 16:05:30,www.bing.com
2013-11-20 16:05:30,www.google.com
2013-11-20 16:05:38,www.google.fr
2013-11-20 16:05:40,apis.google.com
2013-11-20 16:05:41,www.google.com
2013-11-20 16:06:17,www.google.fr
2013-11-20 16:06:18,c1.soft112.com
2013-11-20 16:06:18,gaussview.soft112.com
2013-11-20 16:06:18,c3.soft112.com
2013-11-20 16:06:18,apis.google.com
2013-11-20 16:06:18,www.google.com
2013-11-20 16:06:18,www.google.fr
2013-11-20 16:06:19,c3.soft112.com
2013-11-20 16:06:21,platform.twitter.com
2013-11-20 16:06:21,connect.facebook.net
2013-11-20 16:06:21,www.facebook.com
2013-11-20 16:06:21,s-static.ak.facebook.com
2013-11-20 16:06:21,static.ak.facebook.com
2013-11-20 16:06:22,accounts.google.com
2013-11-20 16:06:22,platform.twitter.com
2013-11-20 16:06:22,www.facebook.com
2013-11-20 16:06:23,twitter.com
2013-11-20 16:06:24,www.soft112.com
2013-11-20 16:06:24,accounts.google.com
2013-11-20 16:06:24,www.google.com
2013-11-20 16:06:24,apis.google.com
2013-11-20 16:06:35,www.google.fr
2013-11-20 16:06:54,twitter.com
2013-11-20 16:07:01,www.google.fr
2013-11-20 16:07:03,www.ncbi.nlm.nih.gov
2013-11-20 16:07:03,www.google.fr
2013-11-20 16:07:04,www.ncbi.nlm.nih.gov
2013-11-20 16:07:04,static.pubmed.gov
2013-11-20 16:07:05,static.pubmed.gov
2013-11-20 16:07:05,www.ncbi.nlm.nih.gov
2013-11-20 16:07:06,www.ncbi.nlm.nih.gov
2013-11-20 16:07:06,static.pubmed.gov
2013-11-20 16:07:07,static.pubmed.gov
2013-11-20 16:07:07,www.ncbi.nlm.nih.gov
2013-11-20 16:07:08,www.ncbi.nlm.nih.gov
2013-11-20 16:07:09,www.ncbi.nlm.nih.gov
2013-11-20 16:08:13,ieonline.microsoft.com
2013-11-20 16:08:14,go.microsoft.com
2013-11-20 16:09:11,www.ncbi.nlm.nih.gov
2013-11-20 16:09:37,www.google.fr
2013-11-20 16:09:38,www.google.fr
2013-11-20 16:09:44,www.google.fr
2013-11-20 16:09:44,fr.wikipedia.org
2013-11-20 16:09:45,bits.wikimedia.org
2013-11-20 16:09:45,fr.wikipedia.org
2013-11-20 16:09:46,meta.wikimedia.org
2013-11-20 16:09:46,bits.wikimedia.org
2013-11-20 16:09:46,fr.wikipedia.org
2013-11-20 16:09:47,login.wikimedia.org
2013-11-20 16:09:47,bits.wikimedia.org
2013-11-20 16:10:46,bits.wikimedia.org
2013-11-20 16:10:47,fr.wikipedia.org
2013-11-20 16:10:47,login.wikimedia.org
2013-11-20 16:13:18,www.google.fr
2013-11-20 16:13:34,fr.wikipedia.org
2013-11-20 16:13:34,bits.wikimedia.org
2013-11-20 16:13:34,www.google.fr
2013-11-20 16:13:35,meta.wikimedia.org
2013-11-20 16:13:35,fr.wikipedia.org
2013-11-20 16:13:50,www.google.fr
2013-11-20 16:13:51,www.google.fr
2013-11-20 16:13:51,web.pdx.edu
2013-11-20 16:13:52,web.pdx.edu
2013-11-20 16:13:53,web.pdx.edu
2013-11-20 16:13:53,www.google.fr
2013-11-20 16:13:54,web.pdx.edu
2013-11-20 16:14:01,www.google.fr
2013-11-20 16:14:01,clients1.google.fr
2013-11-20 16:14:02,www.google.fr
2013-11-20 16:14:02,web.pdx.edu
2013-11-20 16:14:03,web.pdx.edu
2013-11-20 16:14:04,web.pdx.edu
2013-11-20 16:14:05,www.google.fr
2013-11-20 16:14:05,web.pdx.edu
2013-11-20 16:14:06,web.pdx.edu
2013-11-20 16:14:09,clients1.google.fr
2013-11-20 16:14:09,www.google.fr
2013-11-20 16:14:11,www.beilstein-journals.org
2013-11-20 16:14:11,www.google.fr
2013-11-20 16:14:12,www.beilstein-journals.org
2013-11-20 16:14:13,www.beilstein-journals.org
2013-11-20 16:14:14,www.beilstein-journals.org
2013-11-20 16:14:14,piwik.kemhost.de
2013-11-20 16:14:15,www.google.fr
2013-11-20 16:14:15,www.beilstein-journals.org
2013-11-20 16:14:16,www.beilstein-journals.org
2013-11-20 16:14:17,www.beilstein-journals.org
2013-11-20 16:14:20,piwik.kemhost.de
2013-11-20 16:14:22,piwik.kemhost.de
2013-11-20 16:16:22,www.google.fr
2013-11-20 16:16:22,clients1.google.fr
2013-11-20 16:24:35,clients1.google.fr
2013-11-20 16:24:35,www.google.fr
2013-11-20 16:24:47,www.google.fr
2013-11-20 16:24:51,www.google.fr
2013-11-20 16:25:42,www.google.fr
2013-11-20 16:25:42,www.futura-sciences.com
2013-11-20 16:25:43,www.facebook.com
2013-11-20 16:25:43,www.futura-sciences.com
2013-11-20 16:25:44,apis.google.com
2013-11-20 16:25:45,apis.google.com
2013-11-20 16:25:45,www.futura-sciences.com
2013-11-20 16:25:45,accounts.google.com
2013-11-20 16:25:47,apis.google.com
2013-11-20 16:25:47,accounts.google.com
2013-11-20 16:25:53,www.futura-sciences.com
2013-11-20 16:26:47,connect.facebook.net
2013-11-20 16:26:47,platform.twitter.com
2013-11-20 16:26:48,static.ak.facebook.com
2013-11-20 16:26:48,www.facebook.com
2013-11-20 16:26:48,s-static.ak.facebook.com
2013-11-20 16:26:49,www.facebook.com
2013-11-20 16:26:49,twitter.com
2013-11-20 16:26:49,apis.google.com
2013-11-20 16:26:50,platform.twitter.com
2013-11-20 16:26:51,platform.twitter.com
2013-11-20 16:26:51,hal9000.redintelligence.net
2013-11-20 16:26:53,twitter.com
2013-11-20 16:27:03,twitter.com
2013-11-20 16:28:53,platform.twitter.com
2013-11-20 16:38:24,www.google.fr
2013-11-20 16:38:25,www.google.fr
2013-11-20 16:38:44,www.google.fr
2013-11-20 16:38:45,www.uni-giessen.de
2013-11-20 16:40:45,www.google.fr
2013-11-20 16:47:19,www.google.fr
2013-11-20 16:49:20,www.google.fr
2013-12-12 16:46:20,fpdownload2.macromedia.com
2013-12-12 16:47:14,www.google.fr
2013-12-12 16:47:26,apis.google.com
2013-12-12 16:47:26,www.google.fr
2013-12-12 16:47:29,www.google.com
2013-12-12 16:47:40,www.google.fr
2013-12-12 16:47:40,apis.google.com
2013-12-12 16:47:40,www.google.com
2013-12-12 16:47:41,www.jeulin.fr
2013-12-12 16:47:41,www.google.fr
2013-12-12 16:47:42,www.jeulin.fr
2013-12-12 16:47:54,www.jeulin.fr
2013-12-12 16:47:54,ajax.googleapis.com
2013-12-12 16:47:55,www.jeulin.fr
2013-12-12 16:47:57,www.jeulin.fr
2013-12-12 16:48:08,www.google.fr
2013-12-12 16:48:18,www.google.fr
2013-12-12 16:48:18,www.doclab.it
2013-12-12 16:48:19,www.doclab.it
2013-12-12 16:48:19,www.google.fr
2013-12-12 16:48:20,www.doclab.it
2013-12-12 16:48:28,www.google.fr
2013-12-12 16:48:45,www.google.fr
2013-12-12 16:48:47,www.google.fr
2013-12-12 16:48:47,apis.google.com
2013-12-12 16:48:47,ajax.googleapis.com
2013-12-12 16:48:47,static.solvusoft.com
2013-12-12 16:48:47,www.solvusoft.com
2013-12-12 16:48:47,connect.facebook.net
2013-12-12 16:48:48,static.ak.facebook.com
2013-12-12 16:48:48,s-static.ak.facebook.com
2013-12-12 16:48:48,apis.google.com
2013-12-12 16:49:00,accounts.google.com
2013-12-12 16:49:01,apis.google.com
2013-12-12 16:49:01,www.google.fr
2013-12-12 16:49:02,www.google.fr
2013-12-12 16:49:02,jq3wezh8dw.s.ad6media.fr
2013-12-12 16:49:02,ajax.googleapis.com
2013-12-12 16:49:02,forums.macg.co
2013-12-12 16:49:03,forums.macg.co
2013-12-12 16:49:03,ppoc.free.fr
2013-12-12 16:49:04,forums.macg.co
2013-12-12 16:49:04,www.google.com
2013-12-12 16:49:05,forums.macg.co
2013-12-12 16:49:11,m.ad6media.fr
2013-12-12 16:49:11,jq3wezh8dw.s.ad6media.fr
2013-12-12 16:49:12,style2.ad6.fr
2013-12-12 16:49:12,jq3wezh8dw.s.ad6media.fr
2013-12-12 16:49:12,ad.publicidees.com
2013-12-12 16:49:12,img.publicidees.com
2013-12-12 16:49:13,jq3wezh8dw.s.ad6media.fr
2013-12-12 16:49:16,www.micromania.fr
2014-03-19 08:06:39,www.bing.com
2014-03-19 08:06:39,www.google.com
2014-03-19 08:08:39,ieonline.microsoft.com
2014-03-19 08:08:39,go.microsoft.com
2014-03-19 08:08:51,office14client.microsoft.com
2014-03-19 08:08:52,office.microsoft.com
2014-03-19 08:18:30,www.google.fr
2014-03-19 08:18:31,www.google.com
2014-03-19 08:18:31,apis.google.com
2014-03-19 08:19:38,www.google.com
2014-03-19 08:19:38,apis.google.com
2014-03-19 08:19:38,www.google.fr
2014-03-19 08:19:39,www.sitew.com
2014-03-19 08:19:39,mfs1.cdnsw.com
2014-03-19 08:19:39,mfs0.cdnsw.com
2014-03-19 08:19:39,mfs3.cdnsw.com
2014-03-19 08:19:39,mfs2.cdnsw.com
2014-03-19 08:19:39,www.aveniretcuisinemoleculaire.sitew.fr
2014-03-19 08:19:39,www.google.fr
2014-03-19 08:19:39,ssl.sitew.org
2014-03-19 08:19:39,st3.sitew.org
2014-03-19 08:19:40,i.ytimg.com
2014-03-19 08:19:40,www.youtube.com
2014-03-19 08:19:40,st3.sitew.org
2014-03-19 08:19:40,s.ytimg.com
2014-03-19 08:19:40,www.google.com
2014-03-19 08:19:40,www.aveniretcuisinemoleculaire.sitew.fr
2014-03-19 08:19:41,ssl.sitew.org
2014-03-19 08:19:41,s.ytimg.com
2014-03-19 08:19:41,www.youtube.com
2014-03-19 08:19:42,i1.ytimg.com
2014-03-19 08:20:52,tpe-cuisine.moleculaire.over-blog.fr
2014-03-19 08:20:52,img.over-blog.com
2014-03-19 08:20:52,a403.idata.over-blog.com
2014-03-19 08:20:52,a397.idata.over-blog.com
2014-03-19 08:20:52,a406.idata.over-blog.com
2014-03-19 08:20:52,a404.idata.over-blog.com
2014-03-19 08:20:52,www.google.fr
2014-03-19 08:20:52,fdata.over-blog.net
2014-03-19 08:20:53,fdata.over-blog.net
2014-03-19 08:20:53,yui.yahooapis.com
2014-03-19 08:20:54,www.audienceinsights.net
2014-03-19 08:20:54,fdata.over-blog.net
2014-03-19 08:20:54,tpe-cuisine.moleculaire.over-blog.fr
2014-03-19 08:20:55,fdata.over-blog.net
2014-03-19 08:20:55,ea.numericable.fr
2014-03-19 08:20:55,www.google.fr
2014-03-19 08:20:55,premium.hi-mediaserver.com
2014-03-19 08:20:56,s-static.ak.facebook.com
2014-03-19 08:20:56,apis.google.com
2014-03-19 08:20:56,www.linkedin.com
2014-03-19 08:20:56,www.slideshare.net
2014-03-19 08:20:56,fdata.over-blog.net
2014-03-19 08:20:56,platform.linkedin.com
2014-03-19 08:20:56,platform.twitter.com
2014-03-19 08:20:56,connect.facebook.net
2014-03-19 08:20:56,it3yv1v73b.s.ad6media.fr
2014-03-19 08:20:56,static.ak.facebook.com
2014-03-19 08:20:57,www.linkedin.com
2014-03-19 08:20:57,apis.google.com
2014-03-19 08:20:57,twitter.com
2014-03-19 08:20:58,cdn01.smartling.com
2014-03-19 08:20:58,apis.google.com
2014-03-19 08:20:58,accounts.google.com
2014-03-19 08:20:58,twitter.com
2014-03-19 08:20:59,accounts.google.com
2014-03-19 08:20:59,apis.google.com
2014-03-19 08:21:00,www.linkedin.com
2014-03-19 08:21:00,apis.google.com
2014-03-19 08:21:01,platform.linkedin.com
2014-03-19 08:21:01,connect.facebook.net
2014-03-19 08:21:01,platform.twitter.com
2014-03-19 08:21:01,apis.google.com
2014-03-19 08:21:02,static.ak.facebook.com
2014-03-19 08:21:02,platform.twitter.com
2014-03-19 08:21:02,platform.linkedin.com
2014-03-19 08:21:02,www.facebook.com
2014-03-19 08:21:02,s-static.ak.facebook.com
2014-03-19 08:21:02,www.linkedin.com
2014-03-19 08:21:03,www.linkedin.com
2014-03-19 08:21:23,www.linkedin.com
2014-03-19 08:21:27,www.linkedin.com
2014-03-19 08:21:28,www.linkedin.com
2014-03-19 08:21:35,www.linkedin.com
2014-03-19 08:21:40,www.linkedin.com
2014-03-19 08:21:41,www.google.com
2014-03-19 08:21:54,www.linkedin.com
2014-03-19 08:22:00,www.linkedin.com
2014-03-19 08:22:01,www.linkedin.com
2014-03-19 08:22:08,dsp.active-agent.com
2014-03-19 08:22:08,www.linkedin.com
2014-03-19 08:22:15,www.linkedin.com
2014-03-19 08:22:35,www.linkedin.com
2014-03-19 08:22:36,um.simpli.fi
2014-03-19 08:22:36,www.linkedin.com
2014-03-19 08:22:43,www.linkedin.com
2014-03-19 08:22:45,www.google.fr
2014-03-19 08:22:48,www.linkedin.com
2014-03-19 08:22:54,apis.google.com
2014-03-19 08:22:54,www.facebook.com
2014-03-19 08:22:54,fdata.over-blog.net
2014-03-19 08:22:55,static.ebz.io
2014-03-19 08:22:55,www.facebook.com
2014-03-19 08:22:56,www.linkedin.com
2014-03-19 08:22:56,www.facebook.com
2014-03-19 08:24:30,www.google.fr
2014-03-19 08:24:30,clients1.google.fr
2014-03-19 08:24:31,clients1.google.fr
2014-03-19 08:25:46,www.lefigaro.fr
2014-03-19 08:25:46,www.google.fr
2014-03-19 08:25:47,assets2.lefigaro.fr
2014-03-19 08:25:47,assets3.lefigaro.fr
2014-03-19 08:25:47,ajax.googleapis.com
2014-03-19 08:25:47,assets4.lefigaro.fr
2014-03-19 08:25:47,www.lefigaro.fr
2014-03-19 08:25:47,assets5.lefigaro.fr
2014-03-19 08:25:47,plus.lefigaro.fr
2014-03-19 08:25:47,www.google.fr
2014-03-19 08:25:49,www.google.fr
2014-03-19 08:25:50,www.lefigaro.fr
2014-03-19 08:25:50,assets5.lefigaro.fr
2014-03-19 08:25:50,api.fidji.lefigaro.fr
2014-03-19 08:25:50,assets6.lefigaro.fr
2014-03-19 08:25:50,ajax.googleapis.com
2014-03-19 08:25:50,plus.lefigaro.fr
2014-03-19 08:25:51,www.lefigaro.fr
2014-03-19 08:25:51,ajax.googleapis.com
2014-03-19 08:25:51,assets4.lefigaro.fr
2014-03-19 08:25:51,assets-data.lefigaro.fr
2014-03-19 08:25:51,plus.lefigaro.fr
2014-03-19 08:25:51,assets1.lefigaro.fr
2014-03-19 08:25:51,assets3.lefigaro.fr
2014-03-19 08:25:51,assets5.lefigaro.fr
2014-03-19 08:25:51,broadcast.piximedia.fr
2014-03-19 08:25:51,rm.piximedia.fr
2014-03-19 08:25:52,assets1.lefigaro.fr
2014-03-19 08:25:52,static.ak.facebook.com
2014-03-19 08:25:52,plus.lefigaro.fr
2014-03-19 08:25:52,www.facebook.com
2014-03-19 08:25:52,s-static.ak.facebook.com
2014-03-19 08:25:52,assets-data.lefigaro.fr
2014-03-19 08:25:52,assets-pub.lefigaro.fr
2014-03-19 08:25:53,platform.twitter.com
2014-03-19 08:25:53,apis.google.com
2014-03-19 08:25:53,accounts.google.com
2014-03-19 08:25:53,assets5.lefigaro.fr
2014-03-19 08:25:53,plus.lefigaro.fr
2014-03-19 08:25:53,www.lefigaro.fr
2014-03-19 08:25:53,dnn506yrbagrg.cloudfront.net
2014-03-19 08:25:53,foglio.basilic.io
2014-03-19 08:25:53,c1.adform.net
2014-03-19 08:25:53,platform.linkedin.com
2014-03-19 08:25:53,www.facebook.com
2014-03-19 08:25:53,api.fidji.lefigaro.fr
2014-03-19 08:25:54,twitter.com
2014-03-19 08:25:54,www.lefigaro.fr
2014-03-19 08:25:54,www.linkedin.com
2014-03-19 08:25:55,perpetuo-onl.basilic.io
2014-03-19 08:25:55,broadcast.piximedia.fr
2014-03-19 08:25:57,i1-js-14-3-01-10036-198589351-i.init.cedexis-radar.net
2014-03-19 08:25:57,i1-js-14-3-01-10077-83255773-i.init.cedexis-radar.net
2014-03-19 08:25:57,limelight.cedexis.com
2014-03-19 08:25:57,accounts.google.com
2014-03-19 08:25:57,twitter.com
2014-03-19 08:25:58,limelight.cedexis.com
2014-03-19 08:25:58,lon.rackspace.bench.cedexis.com
2014-03-19 08:25:59,limelight.cedexis.com
2014-03-19 08:25:59,lon.rackspace.bench.cedexis.com
2014-03-19 08:25:59,www.lefigaro.fr
2014-03-19 08:26:00,www.lefigaro.fr
2014-03-19 08:26:25,twitter.com
2014-03-19 08:41:25,www.linkedin.com
2014-03-19 08:56:31,www.google.fr
2014-03-19 08:56:37,www.google.fr
2014-03-19 08:56:39,www.google.fr
2014-03-19 08:56:39,www.google.com
2014-03-19 08:56:39,platform.twitter.com
2014-03-19 08:56:39,www.fao.org
2014-03-19 08:56:40,platform.twitter.com
2014-03-19 08:56:40,www.fao.org
2014-03-19 08:56:40,twitter.com
2014-03-19 08:57:01,pbs.twimg.com
2014-03-19 08:57:01,platform.twitter.com
2014-03-19 08:57:01,clients1.google.com
2014-03-19 08:57:01,www.google.com
2014-03-19 08:57:01,www.fao.org
2014-03-19 08:57:01,twitter.com
2014-03-19 08:57:02,www.googleapis.com
2014-03-19 08:57:02,www.google.com
2014-03-19 08:57:07,www.fao.org
2014-03-19 08:57:07,www.google.com
2014-03-19 08:58:31,www.googleapis.com
2014-03-19 08:59:06,www.google.com
2014-03-19 09:00:45,www.fao.org
2014-03-19 09:00:48,www.fao.org
2014-03-19 09:00:50,www.fao.org
2014-03-19 09:05:07,www.fao.org
2014-03-19 09:07:39,www.fao.org
2014-03-19 09:07:40,www.fao.org
2014-03-19 09:07:47,www.fao.org
2014-03-19 09:16:27,www.google.fr
2014-03-19 09:18:05,www.google.fr
2014-03-19 09:18:06,www.google.com
2014-03-19 09:18:06,clients1.google.fr
2014-03-19 09:18:23,clients1.google.fr
2014-03-19 09:18:23,www.google.fr
2014-03-19 09:18:24,www.google.fr
2014-03-19 09:18:29,www.google.fr
2014-03-19 09:18:48,clients1.google.fr
2014-03-19 09:18:48,www.google.fr
2014-03-19 09:18:53,www.google.fr
2014-03-19 09:18:56,www.google.fr
2014-03-19 09:18:58,www.google.fr
2014-03-19 09:19:03,www.google.fr
2014-03-19 09:19:03,static.freepik.com
2014-03-19 09:19:04,ajax.googleapis.com
2014-03-19 09:19:04,www.google.fr
2014-03-19 09:19:04,fr.freepik.com
2014-03-19 09:19:04,apis.google.com
2014-03-19 09:19:04,cdn4.freepik.com
2014-03-19 09:19:04,cdn2.freepik.com
2014-03-19 09:19:04,cdn1.freepik.com
2014-03-19 09:19:04,cdn3.freepik.com
2014-03-19 09:19:04,204.10.32.68
2014-03-19 09:19:04,connect.facebook.net
2014-03-19 09:19:04,cdnss.freepik.com
2014-03-19 09:19:04,www.freepik.com
2014-03-19 09:19:05,cdnss.freepik.com
2014-03-19 09:19:05,graph.facebook.com
2014-03-19 09:19:05,s-static.ak.facebook.com
2014-03-19 09:19:05,api.pinterest.com
2014-03-19 09:19:05,c1.adform.net
2014-03-19 09:19:05,static.freepik.com
2014-03-19 09:19:05,fr.freepik.com
2014-03-19 09:19:05,static.ak.facebook.com
2014-03-19 09:19:05,apis.google.com
2014-03-19 09:19:06,www.google.fr
2014-03-19 09:19:25,s-static.ak.facebook.com
2014-03-19 09:19:26,s-static.ak.facebook.com
2014-03-19 09:19:29,s-static.ak.facebook.com
2014-03-19 09:19:30,s-static.ak.facebook.com
2014-03-19 09:19:31,s-static.ak.facebook.com
2014-03-19 09:19:32,s-static.ak.facebook.com
2014-03-19 09:19:33,s-static.ak.facebook.com
2014-03-19 09:19:34,s-static.ak.facebook.com
2014-03-19 09:19:35,s-static.ak.facebook.com
2014-03-19 09:19:36,s-static.ak.facebook.com
2014-03-19 09:19:37,s-static.ak.facebook.com
2014-03-19 09:19:40,www.google.fr
2014-03-19 09:19:41,id.google.fr
2014-03-19 09:19:48,clients1.google.fr
2014-03-19 09:19:48,www.google.fr
2014-03-19 09:19:48,id.google.fr
2014-03-19 09:19:58,www.google.fr
2014-03-19 09:20:01,www.google.fr
2014-03-19 09:20:05,www.google.fr
2014-03-19 09:20:09,www.google.fr
2014-03-19 09:20:21,www.google.fr
2014-03-19 09:20:27,www.google.fr
2014-03-19 09:20:42,clients1.google.fr
2014-03-19 09:20:42,www.google.fr
2014-03-19 09:20:51,www.google.fr
2014-03-19 09:20:58,www.google.fr
2014-03-19 09:21:04,statique.telerama.fr
2014-03-19 09:21:04,www.telerama.fr
2014-03-19 09:21:04,images.telerama.fr
2014-03-19 09:21:04,www.google.fr
2014-03-19 09:21:05,listener.ezakus.net
2014-03-19 09:21:05,stats-telerama.sdv.fr
2014-03-19 09:21:05,platform.twitter.com
2014-03-19 09:21:05,images.telerama.fr
2014-03-19 09:21:05,static.ak.facebook.com
2014-03-19 09:21:05,connect.facebook.net
2014-03-19 09:21:05,accounts.google.com
2014-03-19 09:21:05,apis.google.com
2014-03-19 09:21:05,s-static.ak.facebook.com
2014-03-19 09:21:05,www.telerama.fr
2014-03-19 09:21:05,statique.telerama.fr
2014-03-19 09:21:05,icon.telerama.fr
2014-03-19 09:21:06,www.telerama.fr
2014-03-19 09:21:06,platform.twitter.com
2014-03-19 09:21:06,www.facebook.com
2014-03-19 09:21:06,pixel.alephd.com
2014-03-19 09:21:06,icon.telerama.fr
2014-03-19 09:21:06,statique.telerama.fr
2014-03-19 09:21:06,television.telerama.fr
2014-03-19 09:21:06,captcha.sdv.fr
2014-03-19 09:21:06,twitter.com
2014-03-19 09:21:06,apis.google.com
2014-03-19 09:21:07,mm.eulerian.net
2014-03-19 09:21:07,its.tradelab.fr
2014-03-19 09:21:07,www.facebook.com
2014-03-19 09:21:07,twitter.com
2014-03-19 09:21:07,icon.telerama.fr
2014-03-19 09:21:08,tc.airfrance.com
2014-03-19 09:21:09,www.facebook.com
2014-03-19 09:21:10,www.facebook.com
2014-03-19 09:21:11,www.facebook.com
2014-03-19 09:21:12,www.facebook.com
2014-03-19 09:21:14,www.facebook.com
2014-03-19 09:21:16,www.facebook.com
2014-03-19 09:21:58,www.facebook.com
2014-03-19 09:22:13,tc.airfrance.com
2014-03-19 09:23:04,www.facebook.com
2014-03-19 09:23:05,www.facebook.com
2014-03-19 09:23:10,www.google.fr
2014-03-19 09:23:12,www.google.com
2014-03-19 09:23:12,clients1.google.fr
2014-03-19 09:27:12,www.google.fr
2014-03-19 09:27:23,www.google.fr
2014-03-19 09:27:36,clients1.google.fr
2014-03-19 09:31:23,www.google.fr
2014-03-19 09:36:16,clients1.google.fr
2014-03-19 09:36:16,www.google.fr
2014-03-19 09:36:41,clients1.google.fr
2014-03-19 09:36:41,www.google.fr
2014-03-19 09:37:17,www.google.fr
2014-03-19 09:37:17,static.ccmbg.com
2014-03-19 09:37:17,www.linternaute.com
2014-03-19 09:37:17,r.ccmbg.com
2014-03-19 09:37:18,acf.linternaute.com
2014-03-19 09:37:18,www.linternaute.com
2014-03-19 09:37:18,static.ccmbg.com
2014-03-19 09:37:18,pixel.alephd.com
2014-03-19 09:37:18,www.francetvinfo.fr
2014-03-19 09:37:19,www.francetvinfo.fr
2014-03-19 09:37:19,acf.linternaute.com
2014-03-19 09:37:19,pixel.alephd.com
2014-03-19 09:37:19,videosfr.s3.amazonaws.com
2014-03-19 09:37:20,ajax.googleapis.com
2014-03-19 09:37:20,acf.linternaute.com
2014-03-19 09:37:20,static.ccmbg.com
2014-03-19 09:37:20,www.linternaute.com
2014-03-19 09:37:20,r.ccmbg.com
2014-03-19 09:37:21,platform.twitter.com
2014-03-19 09:37:21,static.ebz.io
2014-03-19 09:37:21,apis.google.com
2014-03-19 09:37:21,s-static.ak.facebook.com
2014-03-19 09:37:21,connect.facebook.net
2014-03-19 09:37:21,www.facebook.com
2014-03-19 09:37:21,twitter.com
2014-03-19 09:37:21,accounts.google.com
2014-03-19 09:37:21,static.ak.facebook.com
2014-03-19 09:37:22,widgets.pinterest.com
2014-03-19 09:37:22,apis.google.com
2014-03-19 09:37:22,www.linkedin.com
2014-03-19 09:37:24,platform.twitter.com
2014-03-19 09:37:30,apis.google.com
2014-03-19 09:37:30,accounts.google.com
2014-03-19 09:37:30,eab.linternaute.com
2014-03-19 09:37:30,www.linternaute.com
2014-03-19 09:37:30,www.beead.fr
2014-03-19 09:37:31,platform.twitter.com
2014-03-19 09:37:31,www.francetvinfo.fr
2014-03-19 09:37:31,eab.linternaute.com
2014-03-19 09:37:31,twitter.com
2014-03-19 09:37:31,pixel.alephd.com
2014-03-19 09:37:31,www.linternaute.com
2014-03-19 09:37:32,platform.twitter.com
2014-03-19 09:37:33,static.ak.facebook.com
2014-03-19 09:37:33,www.facebook.com
2014-03-19 09:37:33,widgets.pinterest.com
2014-03-19 09:37:33,www.linkedin.com
2014-03-19 09:37:33,s-static.ak.facebook.com
2014-03-19 09:37:33,apis.google.com
2014-03-19 09:37:34,cm.adgrx.com
2014-03-19 09:37:35,apnx-match.dotomi.com
2014-03-19 09:37:35,dtm.neimanmarcus.com
2014-03-19 09:37:35,platform.twitter.com
2014-03-19 09:37:36,um.simpli.fi
2014-03-19 09:38:03,twitter.com
2014-03-19 09:38:39,www.google.fr
2014-03-19 09:38:40,www.google.fr
2014-03-19 09:39:05,www.google.fr
2014-03-19 09:39:05,images.cuisineaz.com
2014-03-19 09:39:05,graph.facebook.com
2014-03-19 09:39:06,ajax.googleapis.com
2014-03-19 09:39:06,cdnjs.cloudflare.com
2014-03-19 09:39:06,platform.twitter.com
2014-03-19 09:39:06,images.cuisineaz.com
2014-03-19 09:39:06,static.ak.facebook.com
2014-03-19 09:39:06,x2.vindicosuite.com
2014-03-19 09:39:06,accounts.google.com
2014-03-19 09:39:06,apis.google.com
2014-03-19 09:39:06,s-static.ak.facebook.com
2014-03-19 09:39:07,accounts.google.com
2014-03-19 09:39:07,apis.google.com
2014-03-19 09:39:07,www.facebook.com
2014-03-19 09:39:07,rbp.mxptint.net
2014-03-19 09:39:07,rp.gwallet.com
2014-03-19 09:39:07,adx.districtm.ca
2014-03-19 09:39:07,static.districtm.ca
2014-03-19 09:39:08,images.cuisineaz.com
2014-03-19 09:39:08,pr.ybp.yahoo.com
2014-03-19 09:39:09,apis.google.com
2014-03-19 09:39:09,www.youtube.com
2014-03-19 09:39:09,www.facebook.com
2014-03-19 09:39:09,dtm.neimanmarcus.com
2014-03-19 09:39:09,platform.twitter.com
2014-03-19 09:39:09,rubicon-match.dotomi.com
2014-03-19 09:39:09,bv42ot789u.s.ad6media.fr
2014-03-19 09:39:09,um.simpli.fi
2014-03-19 09:39:10,admaym.com
2014-03-19 09:39:10,images.cuisineaz.com
2014-03-19 09:39:10,cs.specificclick.net
2014-03-19 09:39:10,twitter.com
2014-03-19 09:39:10,apis.google.com
2014-03-19 09:39:10,www.facebook.com
2014-03-19 09:39:10,ce.lijit.com
2014-03-19 09:39:11,apis.google.com
2014-03-19 09:39:11,twitter.com
2014-03-19 09:39:11,s.ytimg.com
2014-03-19 09:39:11,www.youtube.com
2014-03-19 09:39:11,y.one.impact-ad.jp
2014-03-19 09:39:11,cdnjs.cloudflare.com
2014-03-19 09:39:11,s.kau.li
2014-03-19 09:39:11,code.jquery.com
2014-03-19 09:39:13,www.youtube.com
2014-03-19 09:39:22,bv42ot789u.s.ad6media.fr
2014-03-19 09:39:22,m.ad6media.fr
2014-03-19 09:39:23,static.ak.facebook.com
2014-03-19 09:39:23,apis.google.com
2014-03-19 09:39:23,s-static.ak.facebook.com
2014-03-19 09:39:23,style2.ad6.fr
2014-03-19 09:39:23,bv42ot789u.s.ad6media.fr
2014-03-19 09:39:23,graph.facebook.com
2014-03-19 09:39:23,bienvenue.willemsefrance.fr
2014-03-19 09:39:23,platform.twitter.com
2014-03-19 09:39:23,static.districtm.ca
2014-03-19 09:39:23,images.cuisineaz.com
2014-03-19 09:39:23,x2.vindicosuite.com
2014-03-19 09:39:24,apis.google.com
2014-03-19 09:39:24,ce.lijit.com
2014-03-19 09:39:24,www.facebook.com
2014-03-19 09:39:24,bv42ot789u.s.ad6media.fr
2014-03-19 09:39:25,www.facebook.com
2014-03-19 09:39:25,m.ad6media.fr
2014-03-19 09:39:25,rp.gwallet.com
2014-03-19 09:39:27,212.83.158.208
2014-03-19 09:39:27,track.viewster.com
2014-03-19 09:39:28,static.ak.facebook.com
2014-03-19 09:39:28,x2.vindicosuite.com
2014-03-19 09:39:28,banniere.reussissonsensemble.fr
2014-03-19 09:39:28,s.ytimg.com
2014-03-19 09:39:28,platform.twitter.com
2014-03-19 09:39:28,s-static.ak.facebook.com
2014-03-19 09:39:28,graph.facebook.com
2014-03-19 09:39:29,banniere.reussissonsensemble.fr
2014-03-19 09:39:29,match.rtbidder.net
2014-03-19 09:39:29,apis.google.com
2014-03-19 09:39:29,www.filedanstachambre.com
2014-03-19 09:39:30,bv42ot789u.s.ad6media.fr
2014-03-19 09:39:30,images.cuisineaz.com
2014-03-19 09:39:30,www.youtube.com
2014-03-19 09:39:30,www.facebook.com
2014-03-19 09:39:30,platform.twitter.com
2014-03-19 09:39:31,twitter.com
2014-03-19 09:39:31,rp.gwallet.com
2014-03-19 09:39:31,bv42ot789u.s.ad6media.fr
2014-03-19 09:39:32,platform.twitter.com
2014-03-19 09:39:32,graph.facebook.com
2014-03-19 09:39:32,www.facebook.com
2014-03-19 09:39:32,apis.google.com
2014-03-19 09:39:32,www.youtube.com
2014-03-19 09:39:33,platform.twitter.com
2014-03-19 09:39:33,s-static.ak.facebook.com
2014-03-19 09:39:33,static.ak.facebook.com
2014-03-19 09:39:33,x2.vindicosuite.com
2014-03-19 09:39:34,twitter.com
2014-03-19 09:39:34,adventori.com
2014-03-19 09:39:34,apis.google.com
2014-03-19 09:39:35,platform.twitter.com
2014-03-19 09:39:35,www.facebook.com
2014-03-19 09:39:35,bv42ot789u.s.ad6media.fr
2014-03-19 09:39:36,c1.adform.net
2014-03-19 09:39:36,apis.google.com
2014-03-19 09:39:36,twitter.com
2014-03-19 09:39:36,www.youtube.com
2014-03-19 09:39:37,i1-js-14-3-01-13180-223282810-i.init.cedexis-radar.net
2014-03-19 09:39:38,monitoring.cuisineaz.com
2014-03-19 09:39:38,ec2-eu-west-1a.cedexis.com
2014-03-19 09:39:41,i1-js-14-3-01-13180-282408283-i.init.cedexis-radar.net
2014-03-19 09:39:42,fastly.bench.cedexis.com.global.prod.fastly.net
2014-03-19 09:39:42,monitoring.cuisineaz.com
2014-03-19 09:39:42,vnx.numergy.bench.cedexis.com
2014-03-19 09:39:42,fastly.bench.cedexis.com
2014-03-19 09:39:43,graph.facebook.com
2014-03-19 09:39:44,static.ak.facebook.com
2014-03-19 09:39:44,s-static.ak.facebook.com
2014-03-19 09:39:44,x2.vindicosuite.com
2014-03-19 09:39:48,graph.facebook.com
2014-03-19 09:39:48,x2.vindicosuite.com
2014-03-19 09:39:48,www.youtube.com
2014-03-19 09:39:48,apis.google.com
2014-03-19 09:39:48,www.google.fr
2014-03-19 09:39:49,apis.google.com
2014-03-19 09:39:49,static.ak.facebook.com
2014-03-19 09:39:49,s-static.ak.facebook.com
2014-03-19 09:39:50,match.rtbidder.net
2014-03-19 09:39:50,bv42ot789u.s.ad6media.fr
2014-03-19 09:39:51,www.facebook.com
2014-03-19 09:39:51,platform.twitter.com
2014-03-19 09:39:51,www.youtube.com
2014-03-19 09:39:51,apis.google.com
2014-03-19 09:39:52,twitter.com
2014-03-19 09:39:58,212.83.158.208
2014-03-19 09:40:03,cloudfront.cedexis.com
2014-03-19 09:40:03,i1-js-14-3-01-13180-127024513-i.init.cedexis-radar.net
2014-03-19 09:40:04,monitoring.cuisineaz.com
2014-03-19 09:40:04,ec2-us-west-1a.cedexis.com
2014-03-19 09:41:22,www.youtube.com
2014-03-19 09:42:26,www.youtube.com
2014-03-19 09:50:15,www.google.fr
2014-03-19 09:50:22,s.ytimg.com
2014-03-19 09:50:22,fr.youtube.com
2014-03-19 09:50:22,www.google.fr
2014-03-19 09:50:23,i1.ytimg.com
2014-03-19 09:50:23,www.youtube.com
2014-03-19 09:50:23,s.ytimg.com
2014-03-19 09:50:23,www.google.fr
2014-03-19 09:50:24,apis.google.com
2014-03-19 09:50:24,s.ytimg.com
2014-03-19 09:50:24,s.youtube.com
2014-03-19 09:50:24,yt3.ggpht.com
2014-03-19 09:50:25,accounts.google.com
2014-03-19 09:50:25,clients1.google.com
2014-03-19 09:50:26,yt3.ggpht.com
2014-03-19 09:50:26,clients1.google.com
2014-03-19 09:50:27,clients1.google.com
2014-03-19 09:50:28,s.ytimg.com
2014-03-19 09:50:30,yt3.ggpht.com
2014-03-19 09:50:30,www.google.com
2014-03-19 09:50:31,www.youtube.com
2014-03-19 09:50:31,s.ytimg.com
2014-03-19 09:50:31,i4.ytimg.com
2014-03-19 09:50:31,i2.ytimg.com
2014-03-19 09:50:31,yt3.ggpht.com
2014-03-19 09:50:31,i1.ytimg.com
2014-03-19 09:50:31,apis.google.com
2014-03-19 09:50:32,banner.nonstoppartner.net
2014-03-19 09:50:32,a.nonstoppartner.net
2014-03-19 09:50:32,banniere.reussissonsensemble.fr
2014-03-19 09:50:33,i1.ytimg.com
2014-03-19 09:50:35,yt3.ggpht.com
2014-03-19 09:50:35,apis.google.com
2014-03-19 09:50:35,www.youtube.com
2014-03-19 09:50:35,s.ytimg.com
2014-03-19 09:50:35,i1.ytimg.com
2014-03-19 09:50:36,i1.ytimg.com
2014-03-19 09:50:36,s.youtube.com
2014-03-19 09:50:36,www.youtube.com
2014-03-19 09:50:36,yt3.ggpht.com
2014-03-19 09:50:43,yt3.ggpht.com
2014-03-19 09:50:43,i1.ytimg.com
2014-03-19 09:50:45,s.ytimg.com
2014-03-19 09:50:45,i1.ytimg.com
2014-03-19 09:50:51,s.youtube.com
2014-03-19 09:50:55,i1.ytimg.com
2014-03-19 09:50:56,s.youtube.com
2014-03-19 09:51:01,apis.google.com
2014-03-19 09:51:01,www.youtube.com
2014-03-19 09:51:01,yt3.ggpht.com
2014-03-19 09:51:01,i1.ytimg.com
2014-03-19 09:51:02,i1.ytimg.com
2014-03-19 09:51:15,clients1.google.com
2014-03-19 09:51:16,clients1.google.com
2014-03-19 09:51:18,www.google.com
2014-03-19 09:51:19,i1.ytimg.com
2014-03-19 09:51:19,www.youtube.com
2014-03-19 09:51:20,www.groupon.fr
2014-03-19 09:51:27,clients1.google.com
2014-03-19 09:51:28,www.youtube.com
2014-03-19 09:51:28,www.google.com
2014-03-19 09:51:28,clients1.google.com
2014-03-19 09:51:28,i1.ytimg.com
2014-03-19 09:51:28,yt3.ggpht.com
2014-03-19 09:51:28,apis.google.com
2014-03-19 09:51:29,www.youtube.com
2014-03-19 09:51:29,i1.ytimg.com
2014-03-19 09:51:41,clients1.google.com
2014-03-19 09:51:42,clients1.google.com
2014-03-19 09:51:43,clients1.google.com
2014-03-19 09:51:44,clients1.google.com
2014-03-19 09:51:45,clients1.google.com
2014-03-19 09:51:48,www.youtube.com
2014-03-19 09:51:48,www.google.com
2014-03-19 09:51:49,i4.ytimg.com
2014-03-19 09:51:59,clients1.google.com
2014-03-19 09:52:00,clients1.google.com
2014-03-19 09:52:03,i1.ytimg.com
2014-03-19 09:52:03,www.youtube.com
2014-03-19 09:52:03,www.google.com
2014-03-19 09:52:04,i1.ytimg.com
2014-03-19 09:52:07,s.youtube.com
2014-03-19 09:52:07,i1.ytimg.com
2014-03-19 09:52:07,www.youtube.com
2014-03-19 09:52:07,yt3.ggpht.com
2014-03-19 09:52:07,apis.google.com
2014-03-19 09:52:08,s.youtube.com
2014-03-19 09:52:09,i1.ytimg.com
2014-03-19 09:52:09,yt3.ggpht.com
2014-03-19 09:52:13,clients1.google.com
2014-03-19 09:52:14,clients1.google.com
2014-03-19 09:52:14,yt3.ggpht.com
2014-03-19 09:52:15,www.google.com
2014-03-19 09:52:16,yt3.ggpht.com
2014-03-19 09:52:16,www.youtube.com
2014-03-19 09:52:16,i1.ytimg.com
2014-03-19 09:52:22,clients1.google.com
2014-03-19 09:52:22,s.youtube.com
2014-03-19 09:52:23,clients1.google.com
2014-03-19 09:52:25,i1.ytimg.com
2014-03-19 09:52:25,www.youtube.com
2014-03-19 09:52:25,www.google.com
2014-03-19 09:52:26,i2.ytimg.com
2014-03-19 09:52:26,www.youtube.com
2014-03-19 09:52:27,s.youtube.com
2014-03-19 09:52:39,clients1.google.com
2014-03-19 09:52:40,clients1.google.com
2014-03-19 09:52:41,clients1.google.com
2014-03-19 09:52:42,yt3.ggpht.com
2014-03-19 09:52:42,www.google.com
2014-03-19 09:52:42,www.youtube.com
2014-03-19 09:52:42,i1.ytimg.com
2014-03-19 09:52:43,i1.ytimg.com
2014-03-19 09:52:43,i2.ytimg.com
2014-03-19 09:53:09,clients1.google.com
2014-03-19 09:53:10,clients1.google.com
2014-03-19 09:53:12,www.youtube.com
2014-03-19 09:53:12,www.google.com
2014-03-19 09:53:13,i1.ytimg.com
2014-03-19 09:53:13,www.youtube.com
2014-03-19 09:53:14,s.youtube.com
2014-03-19 09:53:19,yt3.ggpht.com
2014-03-19 09:53:19,apis.google.com
2014-03-19 09:53:19,www.youtube.com
2014-03-19 09:53:19,i1.ytimg.com
2014-03-19 09:53:20,s.youtube.com
2014-03-19 09:53:22,www.youtube.com
2014-03-19 09:53:58,yt3.ggpht.com
2014-03-19 09:53:58,www.youtube.com
2014-03-19 09:53:59,i1.ytimg.com
2014-03-19 09:53:59,s.youtube.com
2014-03-19 09:53:59,apis.google.com
2014-03-19 09:53:59,yt3.ggpht.com
2014-03-19 09:54:00,clients1.google.com
2014-03-19 09:54:02,clients1.google.com
2014-03-19 09:54:03,clients1.google.com
2014-03-19 09:54:04,clients1.google.com
2014-03-19 09:54:07,yt3.ggpht.com
2014-03-19 09:54:07,i1.ytimg.com
2014-03-19 09:54:07,www.google.com
2014-03-19 09:54:07,www.youtube.com
2014-03-19 09:54:08,i1.ytimg.com
2014-03-19 09:54:08,www.youtube.com
2014-03-19 09:54:22,www.youtube.com
2014-03-19 09:54:22,s.youtube.com
2014-03-19 09:54:22,s.ytimg.com
2014-03-19 09:54:22,r2---sn-gxo5uxg-jqbe.googlevideo.com
2014-03-19 09:54:22,www.youtube-nocookie.com
2014-03-19 09:54:22,i1.ytimg.com
2014-03-19 09:54:22,yt3.ggpht.com
2014-03-19 09:54:23,plus.googleapis.com
2014-03-19 09:54:24,plus.googleapis.com
2014-03-19 09:54:24,apis.google.com
2014-03-19 09:54:37,plus.googleapis.com
2014-03-19 09:54:37,s.youtube.com
2014-03-19 09:54:41,r2---sn-gxo5uxg-jqbe.googlevideo.com
2014-03-19 09:54:41,www.youtube.com
2014-03-19 09:54:41,s.ytimg.com
2014-03-19 09:54:41,www.youtube-nocookie.com
2014-03-19 09:54:42,s.youtube.com
2014-03-19 09:54:42,s.ytimg.com
2014-03-19 09:54:42,www.youtube.com
2014-03-19 09:54:45,i1.ytimg.com
2014-03-19 09:54:45,www.youtube.com
2014-03-19 09:54:47,clients1.google.com
2014-03-19 09:54:50,i1.ytimg.com
2014-03-19 09:54:57,s.youtube.com
2014-03-19 09:54:57,i1.ytimg.com
2014-03-19 09:55:02,s.youtube.com
2014-03-19 09:55:14,www.linternaute.com
2014-03-19 09:55:14,i-cms.linternaute.com
2014-03-19 09:55:26,apis.google.com
2014-03-19 09:55:26,yt3.ggpht.com
2014-03-25 09:42:09,www.google.com
2014-03-25 09:42:09,gtglobal-ocsp.geotrust.com
2014-03-25 09:42:09,clients1.google.com
2014-03-25 09:42:13,clients1.google.com
2014-03-25 09:42:16,gtssl-ocsp.geotrust.com
2014-03-25 09:42:17,www.google.fr
2014-03-25 09:42:17,www.agroparistech.fr
2014-03-25 09:42:18,www.agroparistech.fr
2014-03-25 09:42:18,ocsp.tcs.terena.org
2014-03-25 09:42:19,ocsp.usertrust.com
2014-03-25 09:42:19,www.agroparistech.fr
2014-03-25 09:42:34,www.agroparistech.fr
2014-03-25 09:43:14,www.google.fr
2014-03-25 09:43:14,tpe1ere-gastronomiemoleculaire.e-monsite.com
2014-03-25 09:43:15,tpe1ere-gastronomiemoleculaire.e-monsite.com
2014-03-25 09:43:15,ocsp.verisign.com
2014-03-25 09:43:15,pedagogie.ac-toulouse.fr
2014-03-25 09:43:15,s1.e-monsite.com
2014-03-25 09:43:15,static.e-monsite.com
2014-03-25 09:43:15,melusine.eu.org
2014-03-25 09:43:15,shea.swelen.com
2014-03-25 09:43:16,s2.e-monsite.com
2014-03-25 09:44:19,safebrowsing.clients.google.com
2014-03-25 09:44:19,pedagogie.ac-toulouse.fr
2014-03-25 09:44:19,ea.numericable.fr
2014-03-25 09:44:19,track.tnm.de
2014-03-25 09:44:19,cdn-files.deezer.com
2014-03-25 09:44:19,nb-commons.storage.googleapis.com
2014-03-25 09:44:19,www.deezer.com
2014-03-25 09:44:19,www.e-monsite.com
2014-03-25 09:44:20,static.track.tnm.de
2014-03-25 09:44:20,rapidssl-ocsp.geotrust.com
2014-03-25 09:44:20,tpe1ere-gastronomiemoleculaire.e-monsite.com
2014-03-25 09:44:20,boutique-online.orange.fr
2014-03-25 09:44:26,code.jquery.com
2014-03-25 09:44:26,retargeting.veoxa.com
2014-03-25 09:44:26,js.socialike-me.com
2014-03-25 09:44:26,ea.numericable.fr
2014-03-25 09:44:50,tpe1ere-gastronomiemoleculaire.e-monsite.com
2014-03-25 09:45:09,apis.google.com
2014-03-25 09:45:09,www.google.com
2014-03-25 09:45:15,ocsp.digicert.com
2014-03-25 09:45:26,ea.numericable.fr
2014-03-25 09:45:36,jennyfer.ugc.bazaarvoice.com
2014-03-25 09:45:36,www.jennyfer.com
2014-03-25 09:45:37,audna.httptrack.com
2014-03-25 09:45:37,connect.facebook.net
2014-03-25 09:45:37,s-static.ak.facebook.com
2014-03-25 09:45:37,www.jennyfer.com
2014-03-25 09:45:37,static.ak.facebook.com
2014-03-25 09:45:37,www.facebook.com
2014-03-25 09:45:38,ocsp.gandi.net
2014-03-25 09:45:38,ocsp.usertrust.com
2014-03-25 09:45:47,boutique-online.orange.fr
2014-03-25 09:46:01,safebrowsing-cache.google.com
2014-03-25 09:46:01,safebrowsing.clients.google.com
2014-03-25 09:46:02,safebrowsing-cache.google.com
2014-03-25 09:46:09,www.google.fr
2014-03-25 09:46:38,tpe1ere-gastronomiemoleculaire.e-monsite.com
2014-03-25 09:46:38,s2.e-monsite.com
2014-03-25 09:47:41,www.deezer.com
2014-03-25 09:47:41,www.e-monsite.com
2014-03-25 09:47:42,cdn-files.deezer.com
2014-03-25 09:48:56,sb-ssl.google.com
2014-03-25 09:50:54,tpe1ere-gastronomiemoleculaire.e-monsite.com
2014-03-25 09:50:55,s2.e-monsite.com
2014-03-25 09:51:15,ocsp.thawte.com
2014-03-25 09:51:58,www.youtube.com
2014-03-25 09:51:58,www.e-monsite.com
2014-03-25 09:51:58,www.deezer.com
2014-03-25 09:51:58,cdn-files.deezer.com
2014-03-25 09:51:59,clients1.google.com
2014-03-25 09:51:59,ocsp.tcs.terena.org
2014-03-25 09:53:33,tpe1ere-gastronomiemoleculaire.e-monsite.com
2014-03-25 09:54:36,cdn-files.deezer.com
2014-03-25 09:54:36,www.e-monsite.com
2014-03-25 09:54:36,www.deezer.com
2014-03-25 09:54:39,tpe1ere-gastronomiemoleculaire.e-monsite.com
2014-03-25 09:54:39,pedagogie.ac-toulouse.fr
2014-03-25 09:55:43,rp.gwallet.com
2014-03-25 09:55:43,www.deezer.com
2014-03-25 09:55:43,cdn-files.deezer.com
2014-03-25 09:55:43,www.facebook.com
2014-03-25 09:55:43,soundwave.bnmla.com
2014-03-25 09:55:43,www.e-monsite.com
2014-03-25 09:55:43,pedagogie.ac-toulouse.fr
2014-03-25 09:55:43,um.simpli.fi
2014-03-25 09:56:12,www.google.fr
2014-03-25 09:56:13,www.molecule-r.com
2014-03-25 09:56:13,www.google.fr
2014-03-25 09:56:14,www.facebook.com
2014-03-25 09:56:14,www.blog-moleculaire.com
2014-03-25 09:56:14,www.molecule-r.com
2014-03-25 09:56:14,www.google.com
2014-03-25 09:56:14,www.google.fr
2014-03-25 09:56:14,molecule-r.com
2014-03-25 09:56:15,s-static.ak.facebook.com
2014-03-25 09:56:15,www.blog-moleculaire.com
2014-03-25 09:56:15,connect.facebook.net
2014-03-25 09:56:15,www.facebook.com
2014-03-25 09:56:15,static.ak.facebook.com
2014-03-25 09:56:17,molecule-r.com
2014-03-25 09:56:18,www.google.fr
2014-03-25 09:56:20,www.google.fr
2014-03-25 09:56:20,www.pages.drexel.edu
2014-03-25 09:56:20,www.facebook.com
2014-03-25 09:56:20,www.futura-sciences.com
2014-03-25 09:56:21,clients1.google.com
2014-03-25 09:56:21,www.futura-sciences.com
2014-03-25 09:56:22,www.pages.drexel.edu
2014-03-25 09:56:22,www.google.com
2014-03-25 09:56:23,s-static.ak.facebook.com
2014-03-25 09:56:23,clients1.google.com
2014-03-25 09:56:23,www.pages.drexel.edu
2014-03-25 09:56:23,platform.twitter.com
2014-03-25 09:56:23,static.ak.facebook.com
2014-03-25 09:56:24,www.pages.drexel.edu
2014-03-25 09:56:24,evsecure-ocsp.verisign.com
2014-03-25 09:56:25,www.facebook.com
2014-03-25 09:56:25,www.futura-sciences.com
2014-03-25 09:56:26,platform.twitter.com
2014-03-25 09:56:27,www.futura-sciences.com
2014-03-25 09:56:53,www.molecule-r.com
2014-03-25 09:56:53,www.facebook.com
2014-03-25 09:56:53,www.google.com
2014-03-25 09:56:53,www.google.fr
2014-03-25 09:56:53,molecule-r.com
2014-03-25 09:56:54,molecule-r.com
2014-03-25 09:56:55,twitter.com
2014-03-25 09:57:14,www.molecule-r.com
2014-03-25 09:57:24,molecule-r.com
2014-03-25 09:57:25,www.molecule-r.com
2014-03-25 09:57:25,molecule-r.com
2014-03-25 09:57:26,www.molecule-r.com
2014-03-25 09:57:26,molecule-r.com
2014-03-25 09:58:19,www.google.fr
2014-03-25 09:58:19,www.google.com
2014-03-25 09:58:19,www.molecule-r.com
2014-03-25 09:58:22,platform.twitter.com
2014-03-25 09:58:23,www.molecule-r.com
2014-03-25 09:58:23,www.facebook.com
2014-03-25 09:58:23,www.google.com
2014-03-25 09:58:23,www.google.fr
2014-03-25 09:58:23,molecule-r.com
2014-03-25 09:58:41,www.google.com
2014-03-25 09:58:57,www.google.fr
2014-03-25 09:59:08,ajax.googleapis.com
2014-03-25 09:59:12,molecule-r.com
2014-03-25 09:59:17,accounts.google.com
2014-03-25 09:59:19,apis.google.com
2014-03-25 09:59:37,www.google.com
2014-03-25 09:59:37,www.google.fr
2014-03-25 09:59:38,www.molecule-r.com
2014-03-25 09:59:47,www.google.com
2014-03-25 09:59:47,www.facebook.com
2014-03-25 09:59:47,www.molecule-r.com
2014-03-25 09:59:48,www.molecule-r.com
2014-03-25 09:59:48,www.google.fr
2014-03-25 09:59:48,molecule-r.com
2014-03-25 10:00:20,molecule-r.com
2014-03-25 10:00:34,www.google.fr
2014-03-25 10:00:34,www.facebook.com
2014-03-25 10:00:34,www.google.com
2014-03-25 10:00:34,www.molecule-r.com
2014-03-25 10:00:41,www.molecule-r.com
2014-03-25 10:00:41,www.google.com
2014-03-25 10:00:41,www.facebook.com
2014-03-25 10:00:41,www.google.fr
2014-03-25 10:00:41,molecule-r.com
2014-03-25 10:00:44,www.molecule-r.com
2014-03-25 10:00:44,www.facebook.com
2014-03-25 10:00:44,www.google.com
2014-03-25 10:00:44,www.google.fr
2014-03-25 10:00:49,www.google.fr
2014-03-25 10:00:49,www.google.com
2014-03-25 10:00:49,www.facebook.com
2014-03-25 10:00:49,www.molecule-r.com
2014-03-25 10:00:50,molecule-r.com
2014-03-25 10:00:50,www.molecule-r.com
2014-03-25 10:01:04,s-static.ak.facebook.com
2014-03-25 10:01:04,www.blog-moleculaire.com
2014-03-25 10:01:04,static.ak.facebook.com
2014-03-25 10:01:05,www.facebook.com
2014-03-25 10:01:06,www.blog-moleculaire.com
2014-03-25 10:01:17,ecx.images-amazon.com
2014-03-25 10:01:18,www.futura-sciences.com
2014-03-25 10:01:19,www.futura-sciences.com
2014-03-25 10:02:26,s-static.ak.facebook.com
2014-03-25 10:02:26,static.ak.facebook.com
2014-03-25 10:02:26,www.facebook.com
2014-03-25 10:02:27,www.blog-moleculaire.com
2014-03-25 10:05:33,gtglobal-ocsp.geotrust.com
2014-03-25 10:05:33,ocsp.tcs.terena.org
2014-03-25 10:05:33,clients1.google.com
2014-03-25 10:05:34,clients1.google.com
2014-03-25 10:05:34,ocsp.usertrust.com
2014-03-25 10:06:27,gtssl-ocsp.geotrust.com
2014-03-25 10:18:25,www.google.com
2014-03-25 10:18:25,clients1.google.com
2014-03-25 10:18:25,gtglobal-ocsp.geotrust.com
2014-03-25 10:18:26,www.google.com
2014-03-25 10:18:36,clients1.google.com
2014-03-25 10:18:37,safebrowsing-cache.google.com
2014-03-25 10:18:37,safebrowsing.clients.google.com
2014-03-25 10:18:39,www.google.fr
2014-03-25 10:18:40,gastronomie-moleculaire-1s3.e-monsite.com
2014-03-25 10:18:40,static.e-monsite.com
2014-03-25 10:18:40,s3.e-monsite.com
2014-03-25 10:18:40,shea.swelen.com
2014-03-25 10:18:42,www.e-monsite.com
2014-03-25 10:18:43,www.google.fr
2014-03-25 10:18:43,gastronomie-moleculaire-1s3.e-monsite.com
2014-03-25 10:18:57,gtssl-ocsp.geotrust.com
2014-03-25 10:19:03,gastronomie-moleculaire-1s3.e-monsite.com
2014-03-25 10:19:03,www.google.fr
2014-03-25 10:19:05,www.google.fr
2014-03-25 10:19:06,www.molecule-r.com
2014-03-25 10:19:06,www.google.com
2014-03-25 10:19:06,clients1.google.com
2014-03-25 10:19:06,www.google.fr
2014-03-25 10:19:07,www.molecule-r.com
2014-03-25 10:19:07,www.facebook.com
2014-03-25 10:19:10,molecule-r.com
2014-03-25 10:19:27,www.google.fr
2014-03-25 10:19:28,g-ecx.images-amazon.com
2014-03-25 10:19:28,ecx.images-amazon.com
2014-03-25 10:19:28,z-ecx.images-amazon.com
2014-03-25 10:19:29,www.amazon.fr
2014-03-25 10:19:29,z-ecx.images-amazon.com
2014-03-25 10:19:29,ecx.images-amazon.com
2014-03-25 10:19:29,g-ecx.images-amazon.com
2014-03-25 10:19:29,www.google.fr
2014-03-25 10:19:30,blog.lemonde.fr
2014-03-25 10:19:30,g-ecx.images-amazon.com
2014-03-25 10:19:30,z-ecx.images-amazon.com
2014-03-25 10:19:30,www.amazon.fr
2014-03-25 10:19:30,amp2005.blog.lemonde.fr
2014-03-25 10:19:31,g-ecx.images-amazon.com
2014-03-25 10:19:31,z-ecx.images-amazon.com
2014-03-25 10:19:31,fls-eu.amazon.com
2014-03-25 10:19:31,blog.lemonde.fr
2014-03-25 10:19:31,ecx.images-amazon.com
2014-03-25 10:19:31,s1.lemde.fr
2014-03-25 10:19:31,www.amazon.fr
2014-03-25 10:19:31,df9v6ngw2bw7n.cloudfront.net
2014-03-25 10:19:31,amp2005.blog.lemonde.fr
2014-03-25 10:19:31,fls-eu.amazon.fr
2014-03-25 10:19:32,fls-eu.amazon.fr
2014-03-25 10:19:32,df9v6ngw2bw7n.cloudfront.net
2014-03-25 10:19:32,z-ecx.images-amazon.com
2014-03-25 10:19:32,ecx.images-amazon.com
2014-03-25 10:19:32,g-ecx.images-amazon.com
2014-03-25 10:19:32,amp2005.blog.lemonde.fr
2014-03-25 10:19:32,s1.lemde.fr
2014-03-25 10:19:33,s-static.ak.facebook.com
2014-03-25 10:19:33,z-ecx.images-amazon.com
2014-03-25 10:19:33,static.ak.facebook.com
2014-03-25 10:19:33,ocsp.verisign.com
2014-03-25 10:19:33,www.facebook.com
2014-03-25 10:19:33,d1b14unh5d6w7g.cloudfront.net
2014-03-25 10:19:33,1.gravatar.com
2014-03-25 10:19:33,amp2005.blog.lemonde.fr
2014-03-25 10:19:33,g-ecx.images-amazon.com
2014-03-25 10:19:33,s1.lemde.fr
2014-03-25 10:19:34,g-ecx.images-amazon.com
2014-03-25 10:19:34,z-ecx.images-amazon.com
2014-03-25 10:19:34,www.facebook.com
2014-03-25 10:19:55,ocsp.verisign.com
2014-03-25 10:20:00,produit.bienmanger.com
2014-03-25 10:20:00,www.google.fr
2014-03-25 10:20:00,www.bienmanger.com
2014-03-25 10:20:01,produit.bienmanger.com
2014-03-25 10:20:01,www.bienmanger.com
2014-03-25 10:20:02,www.bienmanger.com
2014-03-25 10:20:02,www.google.fr
2014-03-25 10:20:02,produit.bienmanger.com
2014-03-25 10:20:03,www.google.com
2014-03-25 10:20:03,www.google.fr
2014-03-25 10:20:03,ic2mp.labo.univ-poitiers.fr
2014-03-25 10:20:04,www.youtube.com
2014-03-25 10:20:04,s.ytimg.com
2014-03-25 10:20:04,ic2mp.labo.univ-poitiers.fr
2014-03-25 10:20:04,www.dailymotion.com
2014-03-25 10:20:04,ajax.googleapis.com
2014-03-25 10:20:04,www.google.com
2014-03-25 10:20:05,www.youtube.com
2014-03-25 10:20:05,s.ytimg.com
2014-03-25 10:20:05,ic2mp.labo.univ-poitiers.fr
2014-03-25 10:20:05,i1.ytimg.com
2014-03-25 10:20:06,ic2mp.labo.univ-poitiers.fr
2014-03-25 10:20:07,www.dailymotion.com
2014-03-25 10:20:07,ic2mp.labo.univ-poitiers.fr
2014-03-25 10:20:08,nb-commons.storage.googleapis.com
2014-03-25 10:20:08,www.e-monsite.com
2014-03-25 10:20:08,tracking.veoxa.com
2014-03-25 10:20:08,boutique-online.orange.fr
2014-03-25 10:20:09,rapidssl-ocsp.geotrust.com
2014-03-25 10:20:09,boutique-online.orange.fr
2014-03-25 10:20:51,code.jquery.com
2014-03-25 10:20:51,retargeting.veoxa.com
2014-03-25 10:20:51,js.socialike-me.com
2014-03-25 10:20:52,ea.numericable.fr
2014-03-25 10:21:11,gastronomie-moleculaire-1s3.e-monsite.com
2014-03-25 10:21:11,s3.e-monsite.com
2014-03-25 10:21:12,s3.e-monsite.com
2014-03-25 10:21:19,www.amazon.fr
2014-03-25 10:21:19,fls-eu.amazon.fr
2014-03-25 10:21:28,connect.facebook.net
2014-03-25 10:21:28,fls-eu.amazon.fr
2014-03-25 10:21:28,www.amazon.fr
2014-03-25 10:21:29,images-na.ssl-images-amazon.com
2014-03-25 10:21:31,sb-ssl.google.com
2014-03-25 10:21:32,www.google.com
2014-03-25 10:21:35,apis.google.com
2014-03-25 10:21:36,www.google.fr
2014-03-25 10:21:50,www.bienmanger.com
2014-03-25 10:21:52,www.jennyfer.com
2014-03-25 10:21:52,connect.facebook.net
2014-03-25 10:21:52,jennyfer.ugc.bazaarvoice.com
2014-03-25 10:21:53,www.facebook.com
2014-03-25 10:21:53,s-static.ak.facebook.com
2014-03-25 10:21:53,ocsp.gandi.net
2014-03-25 10:21:53,audna.httptrack.com
2014-03-25 10:21:53,ocsp.usertrust.com
2014-03-25 10:21:53,www.jennyfer.com
2014-03-25 10:21:53,static.ak.facebook.com
2014-03-25 10:21:55,ocsp.digicert.com
2014-03-25 10:22:02,s-static.ak.facebook.com
2014-03-25 10:22:02,www.facebook.com
2014-03-25 10:22:02,audna.httptrack.com
2014-03-25 10:22:02,static.ak.facebook.com
2014-03-25 10:22:02,www.jennyfer.com
2014-03-25 10:22:03,ajax.googleapis.com
2014-03-25 10:22:03,www.google.fr
2014-03-25 10:22:03,www.google.com
2014-03-25 10:22:03,www.jennyfer.com
2014-03-25 10:22:11,boutique-online.orange.fr
2014-03-25 10:22:12,boutique-online.orange.fr
2014-03-25 10:22:15,tracking.veoxa.com
2014-03-25 10:24:22,www.cuisinemoleculaire.com
2014-03-25 10:24:22,www.google.fr
2014-03-25 10:24:23,www.cuisinemoleculaire.com
2014-03-25 10:24:24,www.google.fr
2014-03-25 10:24:25,bits.wikimedia.org
2014-03-25 10:24:25,fr.wikipedia.org
2014-03-25 10:24:25,www.cuisinemoleculaire.com
2014-03-25 10:24:25,www.google.fr
2014-03-25 10:24:26,fr.wikipedia.org
2014-03-25 10:24:26,meta.wikimedia.org
2014-03-25 10:24:26,login.wikimedia.org
2014-03-25 10:24:26,bits.wikimedia.org
2014-03-25 10:24:26,www.cuisinemoleculaire.com
2014-03-25 10:24:27,static.ak.facebook.com
2014-03-25 10:24:27,www.cuisinemoleculaire.com
2014-03-25 10:24:27,www.google.fr
2014-03-25 10:24:27,platform.twitter.com
2014-03-25 10:24:28,s-static.ak.facebook.com
2014-03-25 10:24:28,evsecure-ocsp.verisign.com
2014-03-25 10:24:28,www.google.fr
2014-03-25 10:24:29,www.molecule-r.com
2014-03-25 10:24:29,molecule-r.com
2014-03-25 10:24:29,www.blog-moleculaire.com
2014-03-25 10:24:29,www.facebook.com
2014-03-25 10:24:30,www.facebook.com
2014-03-25 10:24:30,www.blog-moleculaire.com
2014-03-25 10:24:30,www.google.fr
2014-03-25 10:24:30,www.google.com
2014-03-25 10:24:30,www.molecule-r.com
2014-03-25 10:24:31,www.molecule-r.com
2014-03-25 10:24:59,twitter.com
2014-03-25 10:26:12,www.blog-moleculaire.com
2014-03-25 10:26:12,static.ak.facebook.com
2014-03-25 10:26:12,connect.facebook.net
2014-03-25 10:26:13,s-static.ak.facebook.com
2014-03-25 10:26:13,www.facebook.com
2014-03-25 10:26:15,www.blog-moleculaire.com
2014-03-25 10:27:41,www.google.fr
2014-03-25 10:27:55,ocsp.thawte.com
2014-03-25 10:29:10,www.google.fr
2014-03-25 10:29:10,www.lemonde.fr
2014-03-25 10:29:10,s1.lemde.fr
2014-03-25 10:29:11,s1.lemde.fr
2014-03-25 10:29:12,s1.lemde.fr
2014-03-25 10:29:12,kweb.videostep.com
2014-03-25 10:29:12,www.lemonde.fr
2014-03-25 10:29:12,cshoppingbox.partner.leguide.com
2014-03-25 10:29:12,live.lemde.fr
2014-03-25 10:29:12,www.facebook.com
2014-03-25 10:29:13,s1.lemde.fr
2014-03-25 10:29:13,www.facebook.com
2014-03-25 10:29:13,cm.adgrx.com
2014-03-25 10:29:13,videosfr.s3.amazonaws.com
2014-03-25 10:29:13,ce.lijit.com
2014-03-25 10:29:13,code.jquery.com
2014-03-25 10:29:13,cdnjs.cloudflare.com
2014-03-25 10:29:13,ajax.googleapis.com
2014-03-25 10:29:13,cshoppingbox.partner.leguide.com
2014-03-25 10:29:13,cimg.leguide.com
2014-03-25 10:29:13,static.videostep.com
2014-03-25 10:29:13,www.lemonde.fr
2014-03-25 10:29:14,www.lemonde.fr
2014-03-25 10:29:14,www.google.fr
2014-03-25 10:29:14,www.facebook.com
2014-03-25 10:29:14,static.ak.facebook.com
2014-03-25 10:29:14,s1.lemde.fr
2014-03-25 10:29:14,s-static.ak.facebook.com
2014-03-25 10:29:14,cimg.leguide.com
2014-03-25 10:29:15,s1.lemde.fr
2014-03-25 10:29:16,www.lemonde.fr
2014-03-25 10:29:16,www.google.fr
2014-03-25 10:29:16,www.player.previewnetworks.com
2014-03-25 10:29:16,tpecuisinemol.e-monsite.com
2014-03-25 10:29:16,s1.lemde.fr
2014-03-25 10:29:16,s2.e-monsite.com
2014-03-25 10:29:17,i1-js-14-3-01-10013-423915647-i.init.cedexis-radar.net
2014-03-25 10:29:17,www.lemonde.fr
2014-03-25 10:29:17,s1.lemde.fr
2014-03-25 10:29:17,www.google.fr
2014-03-25 10:29:17,www.telerama.fr
2014-03-25 10:29:17,statique.telerama.fr
2014-03-25 10:29:18,www.telerama.fr
2014-03-25 10:29:18,statique.telerama.fr
2014-03-25 10:29:18,images.telerama.fr
2014-03-25 10:29:18,stats-telerama.sdv.fr
2014-03-25 10:29:18,mm.eulerian.net
2014-03-25 10:29:18,listener.ezakus.net
2014-03-25 10:29:18,icon.telerama.fr
2014-03-25 10:29:19,www.telerama.fr
2014-03-25 10:29:19,www.facebook.com
2014-03-25 10:29:19,static.ak.facebook.com
2014-03-25 10:29:19,listener.ezakus.net
2014-03-25 10:29:19,icon.telerama.fr
2014-03-25 10:29:19,ec2-us-west-2a.cedexis.com
2014-03-25 10:29:20,s-static.ak.facebook.com
2014-03-25 10:29:20,www.facebook.com
2014-03-25 10:29:20,www.telerama.fr
2014-03-25 10:29:20,www.google.fr
2014-03-25 10:29:20,cloudfront.cedexis.com
2014-03-25 10:29:21,cloudfront.cedexis.com
2014-03-25 10:29:22,s-static.ak.facebook.com
2014-03-25 10:29:22,cedexis.cdnvideo.ru
2014-03-25 10:29:22,i1-js-14-3-01-10013-747283999-i.init.cedexis-radar.net
2014-03-25 10:29:22,eu-ams1.joyent.bench.cedexis.com
2014-03-25 10:29:22,www.telerama.fr
2014-03-25 10:29:22,static.ak.facebook.com
2014-03-25 10:29:22,statique.telerama.fr
2014-03-25 10:29:22,level3.cedexis.com
2014-03-25 10:29:22,stats-telerama.sdv.fr
2014-03-25 10:29:23,www.google.fr
2014-03-25 10:29:23,clients1.google.com
2014-03-25 10:29:23,www.telerama.fr
2014-03-25 10:29:23,level3.cedexis.com
2014-03-25 10:29:24,live.lemde.fr
2014-03-25 10:29:24,c1.adform.net
2014-03-25 10:29:24,vnx.numergy.bench.cedexis.com
2014-03-25 10:29:24,tpecuisine-moleculaire.e-monsite.com
2014-03-25 10:29:24,statique.telerama.fr
2014-03-25 10:29:24,icon.telerama.fr
2014-03-25 10:29:24,ec2-eu-west-1a.cedexis.com
2014-03-25 10:29:24,captcha.sdv.fr
2014-03-25 10:29:24,s3.e-monsite.com
2014-03-25 10:29:24,clients1.google.com
2014-03-25 10:29:25,icon.telerama.fr
2014-03-25 10:29:25,www.facebook.com
2014-03-25 10:29:26,icon.telerama.fr
2014-03-25 10:29:26,www.telerama.fr
2014-03-25 10:29:27,www.google.fr
2014-03-25 10:29:27,c1.adform.net
2014-03-25 10:29:27,www.e-monsite.com
2014-03-25 10:29:27,static.e-monsite.com
2014-03-25 10:29:27,www.marianne.net
2014-03-25 10:29:27,icon.telerama.fr
2014-03-25 10:29:28,www.marianne.net
2014-03-25 10:29:28,www.ultimedia.com
2014-03-25 10:29:28,adventori.com
2014-03-25 10:29:28,www.google.fr
2014-03-25 10:29:28,www.facebook.com
2014-03-25 10:29:28,platform.twitter.com
2014-03-25 10:29:28,www.telerama.fr
2014-03-25 10:29:28,www.e-monsite.com
2014-03-25 10:29:29,www.marianne.net
2014-03-25 10:29:29,r.ccmbg.com
2014-03-25 10:29:29,banniere.reussissonsensemble.fr
2014-03-25 10:29:29,television.telerama.fr
2014-03-25 10:29:29,icon.telerama.fr
2014-03-25 10:29:29,www.facebook.com
2014-03-25 10:29:29,static.ccmbg.com
2014-03-25 10:29:29,www.linternaute.com
2014-03-25 10:29:30,www.facebook.com
2014-03-25 10:29:30,ea.numericable.fr
2014-03-25 10:29:30,dbb.linternaute.com
2014-03-25 10:29:31,clients1.google.com
2014-03-25 10:29:31,ocsp.comodoca.com
2014-03-25 10:29:31,gtssl-ocsp.geotrust.com
2014-03-25 10:29:31,dbb.linternaute.com
2014-03-25 10:29:31,u.videostep.com
2014-03-25 10:29:32,s.videostep.com
2014-03-25 10:29:32,www.facebook.com
2014-03-25 10:29:32,www.marianne.net
2014-03-25 10:29:32,platform.twitter.com
2014-03-25 10:29:32,static.videostep.com
2014-03-25 10:29:32,tpecuisine-moleculaire.e-monsite.com
2014-03-25 10:29:32,cm.adgrx.com
2014-03-25 10:29:32,static.ccmbg.com
2014-03-25 10:29:32,apnx-match.dotomi.com
2014-03-25 10:29:33,www.marianne.net
2014-03-25 10:29:33,www.linternaute.com
2014-03-25 10:29:33,static.ccmbg.com
2014-03-25 10:29:33,um.simpli.fi
2014-03-25 10:29:34,i1-js-14-3-01-10077-976162858-i.init.cedexis-radar.net
2014-03-25 10:29:34,static.ccmbg.com
2014-03-25 10:29:34,ajax.googleapis.com
2014-03-25 10:29:34,www.marianne.net
2014-03-25 10:29:34,www.linternaute.com
2014-03-25 10:29:34,r.ccmbg.com
2014-03-25 10:29:34,i1-js-14-3-01-10077-3759720-i.init.cedexis-radar.net
2014-03-25 10:29:35,www.marianne.net
2014-03-25 10:29:35,r.ccmbg.com
2014-03-25 10:29:35,static.ccmbg.com
2014-03-25 10:29:35,loadr.exelator.com
2014-03-25 10:29:35,kweb.videostep.com
2014-03-25 10:29:35,static.videostep.com
2014-03-25 10:29:36,r.ccmbg.com
2014-03-25 10:29:36,www.marianne.net
2014-03-25 10:29:36,live.lemde.fr
2014-03-25 10:29:37,s-static.ak.facebook.com
2014-03-25 10:29:37,s.videostep.com
2014-03-25 10:29:37,static.ak.facebook.com
2014-03-25 10:29:37,www.facebook.com
2014-03-25 10:29:37,www.google.com
2014-03-25 10:29:37,www.ultimedia.com
2014-03-25 10:29:38,cedexis.cachefly.net
2014-03-25 10:29:39,platform.twitter.com
2014-03-25 10:29:39,hkg1.rackspace.bench.cedexis.com
2014-03-25 10:29:39,cedexis.cachefly.net
2014-03-25 10:29:40,iad1.rackspace.bench.cedexis.com
2014-03-25 10:29:40,hkg1.rackspace.bench.cedexis.com
2014-03-25 10:29:46,pixel2368.everesttech.net
2014-03-25 10:29:47,s.videostep.com
2014-03-25 10:29:48,live.lemde.fr
2014-03-25 10:29:53,u.videostep.com
2014-03-25 10:29:53,s.videostep.com
2014-03-25 10:29:56,s.videostep.com
2014-03-25 10:29:56,kwebstat.videostep.com
2014-03-25 10:29:56,static.videostep.com
2014-03-25 10:29:58,static.videostep.com
2014-03-25 10:29:58,s.videostep.com
2014-03-25 10:30:00,live.lemde.fr
2014-03-25 10:30:07,twitter.com
2014-03-25 10:30:08,s.videostep.com
2014-03-25 10:30:13,live.lemde.fr
2014-03-25 10:30:21,www.e-monsite.com
2014-03-25 10:30:22,tpecuisinemol.e-monsite.com
2014-03-25 10:30:25,live.lemde.fr
2014-03-25 10:30:28,s.videostep.com
2014-03-25 10:30:31,cimg.leguide.com
2014-03-25 10:30:55,static.ak.facebook.com
2014-03-25 10:30:55,connect.facebook.net
2014-03-25 10:30:55,www.jennyfer.com
2014-03-25 10:30:55,www.facebook.com
2014-03-25 10:30:55,s-static.ak.facebook.com
2014-03-25 10:30:56,audna.httptrack.com
2014-03-25 10:31:09,s.videostep.com
2014-03-25 10:31:19,www.effiliation-hebergement.com
2014-03-25 10:31:34,platform.twitter.com
2014-03-25 10:31:54,ea.numericable.fr
2014-03-25 10:31:57,www.oulala.free.fr
2014-03-25 10:31:57,www.cuisiniers.pro
2014-03-25 10:31:57,unesciencedansnosassiette.e-monsite.com
2014-03-25 10:31:57,www.google.fr
2014-03-25 10:31:58,www.google.fr
2014-03-25 10:31:59,www.google.fr
2014-03-25 10:31:59,www.nouvellecuisinebio.com
2014-03-25 10:32:00,ajax.googleapis.com
2014-03-25 10:32:00,www.slate.fr
2014-03-25 10:32:00,www.nouvellecuisinebio.com
2014-03-25 10:32:01,www.nouvellecuisinebio.com
2014-03-25 10:32:01,www.slate.fr
2014-03-25 10:32:02,www.slate.fr
2014-03-25 10:32:02,www.google.fr
2014-03-25 10:32:03,www.pourcel-chefs-blog.com
2014-03-25 10:32:03,la-cuisine-moleculaire.e-monsite.com
2014-03-25 10:32:03,www.google.fr
2014-03-25 10:32:04,www.pourcel-chefs-blog.com
2014-03-25 10:32:04,um.simpli.fi
2014-03-25 10:32:04,rp.gwallet.com
2014-03-25 10:32:04,www.google.fr
2014-03-25 10:32:04,soundwave.bnmla.com
2014-03-25 10:32:04,www.e-monsite.com
2014-03-25 10:32:05,www.westernunion.fr
2014-03-25 10:32:06,www.facebook.com
2014-03-25 10:32:06,assets.ebz.io
2014-03-25 10:32:06,www.hotellerie-restauration.ac-versailles.fr
2014-03-25 10:32:07,player.vimeo.com
2014-03-25 10:32:07,www.youtube.com
2014-03-25 10:32:07,tracking.veoxa.com
2014-03-25 10:32:07,www.pourcel-chefs-blog.com
2014-03-25 10:32:08,admin.brightcove.com
2014-03-25 10:32:08,fr.wikipedia.org
2014-03-25 10:32:08,www.pourcel-chefs-blog.com
2014-03-25 10:32:08,player.vimeo.com
2014-03-25 10:32:08,gtssl-ocsp.geotrust.com
2014-03-25 10:32:08,livepassdl.conviva.com
2014-03-25 10:32:08,www.slate.fr
2014-03-25 10:32:09,www.pourcel-chefs-blog.com
2014-03-25 10:32:09,www.hotellerie-restauration.ac-versailles.fr
2014-03-25 10:32:09,livepassdl.conviva.com
2014-03-25 10:32:09,ocsp.godaddy.com
2014-03-25 10:32:09,www.youtube.com
2014-03-25 10:32:10,ocsp.godaddy.com
2014-03-25 10:32:10,ea.numericable.fr
2014-03-25 10:32:10,www.youtube.com
2014-03-25 10:32:10,la-cuisine-moleculaire.e-monsite.com
2014-03-25 10:32:10,i1.ytimg.com
2014-03-25 10:32:11,pings.conviva.com
2014-03-25 10:32:12,pings.conviva.com
2014-03-25 10:32:28,clic.reussissonsensemble.fr
2014-03-25 10:32:39,twitter.com
2014-03-25 10:33:01,static.e-monsite.com
2014-03-25 10:33:01,unesciencedansnosassiette.e-monsite.com
2014-03-25 10:33:01,tracking.veoxa.com
2014-03-25 10:33:02,unesciencedansnosassiette.e-monsite.com
2014-03-25 10:33:03,www.pourcel-chefs-blog.com
2014-03-25 10:33:57,www.pourcel-chefs-blog.com
2014-03-25 10:34:08,ocsp.digicert.com
2014-03-25 10:34:08,fpdownload2.macromedia.com
2014-03-25 10:34:13,download.macromedia.com
2014-03-25 10:34:51,www.google.fr
2014-03-25 10:35:02,apis.google.com
2014-03-25 10:35:04,accounts.google.com
2014-03-25 10:35:33,boutique-online.orange.fr
2014-03-25 10:36:33,www.google.fr
2014-03-25 10:36:34,admin.brightcove.com
2014-03-25 10:36:34,www.ellequebec.com
2014-03-25 10:36:34,fdata.over-blog.net
2014-03-25 10:36:34,www.google.fr
2014-03-25 10:36:34,marcdelage.unblog.fr
2014-03-25 10:36:34,cuisine-chimique.over-blog.com
2014-03-25 10:36:34,tcadops.ca
2014-03-25 10:36:34,martin.blog.24heures.ch
2014-03-25 10:36:34,www.tcadops.ca
2014-03-25 10:36:35,scpc.tcmwebcorp.com
2014-03-25 10:36:35,www.agroparistech.fr
2014-03-25 10:36:35,www.stephan-lagorce.com
2014-03-25 10:36:35,clients1.google.com
2014-03-25 10:36:35,www.google.fr
2014-03-25 10:36:35,www.ellequebec.com
2014-03-25 10:36:35,fdata.over-blog.net
2014-03-25 10:36:35,tcadops.ca
2014-03-25 10:36:35,www.islamjeunesse.com
2014-03-25 10:36:35,yui.yahooapis.com
2014-03-25 10:36:36,www.stephan-lagorce.com
2014-03-25 10:36:36,idata.over-blog.com
2014-03-25 10:36:36,a133.idata.over-blog.com
2014-03-25 10:36:36,www.audienceinsights.net
2014-03-25 10:36:36,www.anonymousdmp.com
2014-03-25 10:36:37,ellequebec.disqus.com
2014-03-25 10:36:37,fdata.over-blog.net
2014-03-25 10:36:37,www.ellequebec.com
2014-03-25 10:36:37,cuisine-chimique.over-blog.com
2014-03-25 10:36:38,go.disqus.com
2014-03-25 10:36:38,admin.brightcove.com
2014-03-25 10:36:38,martin.blog.24heures.ch
2014-03-25 10:36:38,disqus.com
2014-03-25 10:36:39,static.ak.facebook.com
2014-03-25 10:36:39,premium.hi-mediaserver.com
2014-03-25 10:36:39,ea.numericable.fr
2014-03-25 10:36:39,platform.twitter.com
2014-03-25 10:36:39,disqus.com
2014-03-25 10:36:39,scpc.tcmwebcorp.com
2014-03-25 10:36:39,www.ellequebec.com
2014-03-25 10:36:40,fdata.over-blog.net
2014-03-25 10:36:40,platform.twitter.com
2014-03-25 10:36:40,www.google.com
2014-03-25 10:36:40,www.google.fr
2014-03-25 10:36:40,s-static.ak.facebook.com
2014-03-25 10:36:41,www.facebook.com
2014-03-25 10:36:41,www.ellequebec.com
2014-03-25 10:36:41,it3yv1v73b.s.ad6media.fr
2014-03-25 10:36:42,s-static.ak.facebook.com
2014-03-25 10:36:42,static.ak.facebook.com
2014-03-25 10:36:42,platform.linkedin.com
2014-03-25 10:36:42,fdata.over-blog.net
2014-03-25 10:36:43,www.linkedin.com
2014-03-25 10:36:44,www.facebook.com
2014-03-25 10:36:47,www.ellequebec.com
2014-03-25 10:36:49,www.google.fr
2014-03-25 10:36:49,chococuisinemoleculaire.e-monsite.com
2014-03-25 10:36:50,www.google.fr
2014-03-25 10:36:50,www.epicesetsaveurs.com
2014-03-25 10:36:51,t3156.trafiz.net
2014-03-25 10:36:51,www.epicesetsaveurs.com
2014-03-25 10:36:52,www.epicesetsaveurs.com
2014-03-25 10:36:55,www.google.fr
2014-03-25 10:36:56,img.youtube.com
2014-03-25 10:36:56,tpe-cuisine-moleculaire-de-hgf.e-monsite.com
2014-03-25 10:36:56,tpe-lacuisine-moleculaire.e-monsite.com
2014-03-25 10:36:56,i1.ytimg.com
2014-03-25 10:36:58,www.google.fr
2014-03-25 10:36:58,www.lyonresto.com
2014-03-25 10:36:59,www.google.fr
2014-03-25 10:36:59,www.lyonresto.com
2014-03-25 10:36:59,www.lametropole.com
2014-03-25 10:37:00,www.lametropole.com
2014-03-25 10:37:01,www.lametropole.com
2014-03-25 10:37:02,www.lametropole.com
2014-03-25 10:37:03,www.lametropole.com
2014-03-25 10:37:03,xmetropole.com
2014-03-25 10:37:04,xmetropole.com
2014-03-25 10:37:04,www.lametropole.com
2014-03-25 10:37:05,www.lametropole.com
2014-03-25 10:37:05,xmetropole.com
2014-03-25 10:37:05,www.youtube.com
2014-03-25 10:37:06,xmetropole.com
2014-03-25 10:37:06,www.lametropole.com
2014-03-25 10:37:15,ocsp.digicert.com
2014-03-25 10:37:21,twitter.com
2014-03-25 10:37:45,syndication.twitter.com
2014-03-25 10:37:47,it3yv1v73b.s.ad6media.fr
2014-03-25 10:37:47,m.ad6media.fr
2014-03-25 10:37:48,static.s-sfr.fr
2014-03-25 10:37:49,gtssl-ocsp.geotrust.com
2014-03-25 10:37:49,it3yv1v73b.s.ad6media.fr
2014-03-25 10:37:49,www.sfr.fr
2014-03-25 10:37:49,s2.s-sfr.fr
2014-03-25 10:37:49,s1.s-sfr.fr
2014-03-25 10:37:49,box.sfr.fr
2014-03-25 10:37:49,static.s-sfr.fr
2014-03-25 10:37:50,it3yv1v73b.s.ad6media.fr
2014-03-25 10:37:50,style2.ad6.fr
2014-03-25 10:37:50,d1m6l9dfulcyw7.cloudfront.net
2014-03-25 10:37:50,www.sfr.fr
2014-03-25 10:37:50,static.s-sfr.fr
2014-03-25 10:37:50,metrics.sfr.fr
2014-03-25 10:37:51,sfr.inq.com
2014-03-25 10:37:53,www.e-monsite.com
2014-03-25 10:37:54,tracking.veoxa.com
2014-03-25 10:37:54,chococuisinemoleculaire.e-monsite.com
2014-03-25 10:37:56,static.s-sfr.fr
2014-03-25 10:37:56,www.linkedin.com
2014-03-25 10:38:02,static.s-sfr.fr
2014-03-25 10:38:08,chococuisinemoleculaire.e-monsite.com
2014-03-25 10:38:32,twimg0-a.akamaihd.net
2014-03-25 10:38:41,pbs.twimg.com
2014-03-25 10:38:47,platform.twitter.com
2014-03-25 10:38:56,imagesup.org
2014-03-25 10:38:56,urpix.fr
2014-03-25 10:38:57,track.tnm.de
2014-03-25 10:38:57,static.track.tnm.de
2014-03-25 10:39:13,www.google.com
2014-03-25 10:39:15,syndication.twitter.com
2014-03-25 10:39:27,www.google.fr
2014-03-25 10:39:28,www.laboutiquedesinnovationsculinaires.com
2014-03-25 10:39:29,www.laboutiquedesinnovationsculinaires.com
2014-03-25 10:39:30,www.laboutiquedesinnovationsculinaires.com
2014-03-25 10:39:31,ocsp.comodoca.com
2014-03-25 10:39:31,ocsp.usertrust.com
2014-03-25 10:39:31,www.laboutiquedesinnovationsculinaires.com
2014-03-25 10:39:32,www.facebook.com
2014-03-25 10:39:32,platform.twitter.com
2014-03-25 10:39:33,mts1.google.com
2014-03-25 10:39:38,accounts.google.com
2014-03-25 10:39:38,apis.google.com
2014-03-25 10:39:40,www.gis.airliquide.com
2014-03-25 10:39:41,www.industriel-marchand.alfi.airliquide.fr
2014-03-25 10:39:45,sfr.inq.com
2014-03-25 10:39:54,ajax.googleapis.com
2014-03-25 10:39:55,clic.reussissonsensemble.fr
2014-03-25 10:39:57,p6.storage.canalblog.com
2014-03-25 10:39:57,www.scientigeek.com
2014-03-25 10:39:57,imagesup.org
2014-03-25 10:39:57,3.bp.blogspot.com
2014-03-25 10:39:57,tpe-lacuisine-moleculaire.e-monsite.com
2014-03-25 10:40:01,twimg0-a.akamaihd.net
2014-03-25 10:40:03,twitter.com
2014-03-25 10:40:21,static.s-sfr.fr
2014-03-25 10:40:21,www.sfr.fr
2014-03-25 10:40:29,khms0.google.com
2014-03-25 10:40:29,mts1.google.com
2014-03-25 10:40:29,mts0.google.com
2014-03-25 10:40:29,maps.googleapis.com
2014-03-25 10:40:29,www.google.fr
2014-03-25 10:40:29,maps.google.fr
2014-03-25 10:40:29,syndication.twitter.com
2014-03-25 10:40:29,www.google.com
2014-03-25 10:40:29,pbs.twimg.com
2014-04-04 15:28:26,gtglobal-ocsp.geotrust.com
2014-04-04 15:28:26,ocsp.usertrust.com
2014-04-04 15:28:26,ocsp.tcs.terena.org
2014-04-04 15:28:26,clients1.google.com
2014-04-04 15:29:21,gtssl-ocsp.geotrust.com
2014-04-04 15:31:21,clients1.google.com
2014-04-04 15:31:21,safebrowsing.clients.google.com
2014-04-04 15:31:22,safebrowsing-cache.google.com
2014-04-04 15:34:17,sb-ssl.google.com
2014-04-04 15:34:20,ocsp.thawte.com
2014-04-04 15:36:19,ocsp.verisign.com
2014-04-04 15:38:19,ocsp.digicert.com
2014-04-04 15:43:37,tpe1ere-gastronomiemoleculaire.e-monsite.com
2014-04-04 15:43:38,s2.e-monsite.com
2014-04-04 15:43:38,pedagogie.ac-toulouse.fr
2014-04-04 15:43:38,static.e-monsite.com
2014-04-04 15:43:38,melusine.eu.org
2014-04-04 15:43:38,s1.e-monsite.com
2014-04-04 15:43:38,shea.swelen.com
2014-04-04 15:44:20,clients1.google.com
2014-04-04 15:44:36,www.google.fr
2014-04-04 15:44:38,ajcn.nutrition.org
2014-04-04 15:44:39,ajcn.nutrition.org
2014-04-04 15:44:40,clients1.google.com
2014-04-04 15:44:40,ajcn.nutrition.org
2014-04-04 15:44:41,ajcn.nutrition.org
2014-04-04 15:44:42,ajcn.nutrition.org
2014-04-04 15:45:00,www.google.fr
2014-04-04 15:45:02,intl-ajcn.nutrition.org
2014-04-04 15:45:03,intl-ajcn.nutrition.org
2014-04-04 15:45:05,intl-ajcn.nutrition.org
2014-04-04 15:45:06,intl-ajcn.nutrition.org
2014-04-04 15:45:07,intl-ajcn.nutrition.org
2014-04-04 15:45:08,intl-ajcn.nutrition.org
2014-04-04 15:45:09,intl-ajcn.nutrition.org
2014-04-04 15:45:10,intl-ajcn.nutrition.org
2014-04-04 15:45:11,intl-ajcn.nutrition.org
2014-04-04 15:45:13,intl-ajcn.nutrition.org
2014-04-04 15:46:48,www.scom.ulaval.ca
2014-04-04 15:46:49,www.ulaval.ca
2014-04-04 15:46:49,www.scom.ulaval.ca
2014-04-04 15:47:18,www.pharmacorama.com
2014-04-04 15:47:18,www.google.com
2014-04-04 15:47:19,www.google.com
2014-04-04 15:47:20,connect.facebook.net
2014-04-04 15:47:20,www.pharmacorama.com
2014-04-04 15:47:20,apis.google.com
2014-04-04 15:47:21,www.google.com
2014-04-04 15:47:21,fpdownload2.macromedia.com
2014-04-04 15:47:21,static.ak.facebook.com
2014-04-04 15:47:24,www.facebook.com
2014-04-04 15:47:28,www.google.fr
2014-04-04 15:47:28,s-static.ak.facebook.com
2014-04-04 15:47:32,apis.google.com
2014-04-04 15:47:34,www.facebook.com
2014-04-04 15:47:35,accounts.google.com
2014-04-04 15:47:37,s-static.ak.facebook.com
2014-04-04 15:47:37,apis.google.com
2014-04-04 15:47:37,www.pharmacorama.com
2014-04-04 15:48:05,accounts.google.com
2014-04-04 15:48:05,apis.google.com
2014-04-04 15:49:35,www.facebook.com
2014-04-04 15:49:37,accounts.google.com
2014-04-04 15:50:35,ieonline.microsoft.com
2014-04-04 15:51:29,www.google.fr
2014-04-04 15:51:41,www.google.fr
2014-04-04 15:51:42,apis.google.com
2014-04-04 15:51:45,www.google.com
2014-04-04 15:51:55,www.google.fr
2014-04-04 15:52:09,www.google.fr
2014-04-04 15:54:03,www.google.fr
2014-04-04 15:54:16,apis.google.com
2014-04-04 15:54:16,www.google.fr
2014-04-04 15:54:16,www.google.com
2014-04-04 15:54:17,www.google.fr
2014-04-04 15:54:18,www.pharmacorama.com
2014-04-04 15:54:19,www.google.com
2014-04-04 15:54:19,apis.google.com
2014-04-04 15:54:22,www.facebook.com
2014-04-04 15:54:32,www.facebook.com
2014-04-04 15:54:32,www.pharmacorama.com
2014-04-04 15:55:30,www.google.com
2014-04-04 15:55:36,www.google.com
2014-04-04 15:55:36,www.facebook.com
2014-04-04 15:55:37,www.pharmacorama.com
2014-04-04 15:55:38,www.facebook.com
2014-04-04 15:55:49,fr.wikipedia.org
2014-04-04 15:55:49,bits.wikimedia.org
2014-04-04 15:55:49,apis.google.com
2014-04-04 15:55:49,www.google.fr
2014-04-04 15:55:49,login.wikimedia.org
2014-04-04 15:55:49,www.facebook.com
2014-04-04 15:55:50,fr.wikipedia.org
2014-04-04 15:55:50,bits.wikimedia.org
2014-04-04 15:55:50,meta.wikimedia.org
2014-04-04 15:56:15,www.google.fr
2014-04-04 15:57:08,www.pharmacorama.com
2014-04-04 15:57:08,www.google.fr
2014-04-04 15:57:09,www.facebook.com
2014-04-04 15:59:09,www.facebook.com
2014-04-04 15:59:10,apis.google.com
2014-04-04 16:00:47,safebrowsing.clients.google.com
2014-04-04 16:00:47,safebrowsing-cache.google.com
2014-04-04 16:03:27,www.ncbi.nlm.nih.gov
2014-04-04 16:03:28,static.pubmed.gov
2014-04-04 16:03:28,www.ncbi.nlm.nih.gov
2014-04-04 16:03:29,static.pubmed.gov
2014-04-04 16:03:33,intl-ajcn.nutrition.org
2014-04-04 16:03:34,intl-ajcn.nutrition.org
2014-04-04 16:03:35,intl-ajcn.nutrition.org
2014-04-04 16:03:36,accounts.google.com
2014-04-04 16:03:36,apis.google.com
2014-04-04 16:03:37,intl-ajcn.nutrition.org
2014-04-04 16:03:38,intl-ajcn.nutrition.org
2014-04-04 16:03:40,intl-ajcn.nutrition.org
2014-04-04 16:03:41,intl-ajcn.nutrition.org
2014-04-04 16:03:42,intl-ajcn.nutrition.org
2014-04-04 16:03:44,intl-ajcn.nutrition.org
2014-04-04 16:05:14,www.google.fr
2014-04-04 16:05:20,www.google.fr
2014-04-04 16:05:27,www.google.fr
2014-04-04 16:05:32,www.google.com
2014-04-04 16:05:38,www.google.fr
2014-04-04 16:05:47,www.google.fr
2014-04-04 16:05:48,www.who.int
2014-04-04 16:07:48,www.google.fr
2014-04-04 16:12:58,www.pharmacorama.com
2014-04-04 16:12:59,connect.facebook.net
2014-04-04 16:12:59,www.pharmacorama.com
2014-04-04 16:13:02,www.facebook.com
2014-04-04 16:13:11,apis.google.com
2014-04-04 16:13:13,www.facebook.com
2014-04-04 16:15:13,www.facebook.com
2014-04-04 16:15:13,apis.google.com
2014-04-04 16:15:38,www.google.fr
2014-04-04 16:15:53,www.google.com
2014-04-04 16:15:53,clients1.google.fr
2014-04-04 16:15:54,clients1.google.fr
2014-04-04 16:15:55,clients1.google.fr
2014-04-04 16:16:04,www.google.fr
2014-04-04 16:16:04,clients1.google.fr
2014-04-04 16:16:05,www.google.fr
2014-04-04 16:16:06,www.google.fr
2014-04-04 16:16:06,fr.wikipedia.org
2014-04-04 16:16:06,bits.wikimedia.org
2014-04-04 16:16:06,meta.wikimedia.org
2014-04-04 16:16:07,www.google.fr
2014-04-04 16:16:07,fr.wikipedia.org
2014-04-04 16:16:07,meta.wikimedia.org
2014-04-04 16:16:08,meta.wikimedia.org
2014-04-04 16:16:08,fr.wikipedia.org
2014-04-04 16:16:08,bits.wikimedia.org
2014-04-04 16:16:08,commons.wikimedia.org
2014-04-04 16:16:09,commons.wikimedia.org
2014-04-04 16:16:09,login.wikimedia.org
2014-04-04 16:16:09,bits.wikimedia.org
2014-04-04 16:16:09,meta.wikimedia.org
2014-04-04 16:16:10,bits.wikimedia.org
2014-04-04 16:16:10,commons.wikimedia.org
2014-04-04 16:19:16,bits.wikimedia.org
2014-04-04 16:19:22,www.google.fr
2014-04-04 16:19:36,www.google.com
2014-04-04 16:19:38,www.google.fr
2014-04-04 16:19:38,clients1.google.fr
2014-04-04 16:19:50,www.google.fr
2014-04-04 16:19:50,clients1.google.fr
2014-04-04 16:19:57,www.google.fr
2014-04-04 16:20:01,www.google.fr
2014-04-04 16:20:02,www.google.fr
2014-04-04 16:20:02,tracker.doloforge.com
2014-04-04 16:20:02,www.jle.com
2014-04-04 16:21:53,a136.idata.over-blog.com
2014-04-04 16:21:53,a133.idata.over-blog.com
2014-04-04 16:21:53,a406.idata.over-blog.com
2014-04-04 16:21:53,a54.idata.over-blog.com
2014-04-04 16:21:53,yui.yahooapis.com
2014-04-04 16:21:53,a407.idata.over-blog.com
2014-04-04 16:21:53,a395.idata.over-blog.com
2014-04-04 16:21:53,a392.idata.over-blog.com
2014-04-04 16:21:53,a142.idata.over-blog.com
2014-04-04 16:21:53,a402.idata.over-blog.com
2014-04-04 16:21:53,a404.idata.over-blog.com
2014-04-04 16:21:53,a141.idata.over-blog.com
2014-04-04 16:21:53,a405.idata.over-blog.com
2014-04-04 16:21:53,a398.idata.over-blog.com
2014-04-04 16:21:53,fdata.over-blog.net
2014-04-04 16:21:53,emulsion.over-blog.com
2014-04-04 16:21:53,img.over-blog.com
2014-04-04 16:21:53,a401.idata.over-blog.com
2014-04-04 16:21:54,emulsion.over-blog.com
2014-04-04 16:21:54,www.audienceinsights.net
2014-04-04 16:21:54,www.dailymotion.com
2014-04-04 16:21:54,sync.uuidcshmg.com
2014-04-04 16:21:54,www.anonymousdmp.com
2014-04-04 16:21:54,fdata.over-blog.net
2014-04-04 16:21:55,premium.hi-mediaserver.com
2014-04-04 16:21:55,mm.eulerian.net
2014-04-04 16:21:55,platform.twitter.com
2014-04-04 16:21:55,connect.facebook.net
2014-04-04 16:21:55,fdata.over-blog.net
2014-04-04 16:21:55,it3yv1v73b.s.ad6media.fr
2014-04-04 16:21:55,platform.linkedin.com
2014-04-04 16:21:56,platform.twitter.com
2014-04-04 16:21:56,platform.linkedin.com
2014-04-04 16:21:57,www.facebook.com
2014-04-04 16:22:01,www.facebook.com
2014-04-04 16:22:05,www.facebook.com
2014-04-04 16:22:05,twitter.com
2014-04-04 16:22:06,www.facebook.com
2014-04-04 16:22:06,twitter.com
2014-04-04 16:22:07,apis.google.com
2014-04-04 16:22:07,www.facebook.com
2014-04-04 16:22:08,www.facebook.com
2014-04-04 16:22:09,www.facebook.com
2014-04-04 16:22:09,www.audienceinsights.net
2014-04-04 16:22:09,www.linkedin.com
2014-04-04 16:22:10,dps.bing.com
2014-04-04 16:22:10,www.linkedin.com
2014-04-04 16:22:10,twitter.com
2014-04-04 16:22:10,www.facebook.com
2014-04-04 16:22:43,um.simpli.fi
2014-04-04 16:22:43,pixel2368.everesttech.net
2014-04-04 16:23:38,pixel2368.everesttech.net
2014-04-04 16:23:38,platform.twitter.com
2014-04-04 16:23:42,www.google.fr
2014-04-04 16:23:42,clients1.google.fr
2014-04-04 16:23:52,clients1.google.fr
2014-04-04 16:23:52,www.google.fr
2014-04-04 16:23:54,www.dailymotion.com
2014-04-04 16:24:00,www.google.fr
2014-04-04 16:24:00,www.cegep-ste-foy.qc.ca
2014-04-04 16:24:01,www.cegep-ste-foy.qc.ca
2014-04-04 16:24:03,www.cegep-ste-foy.qc.ca
2014-04-04 16:24:04,www.cegep-ste-foy.qc.ca
2014-04-04 16:24:05,www.cegep-ste-foy.qc.ca
2014-04-04 16:24:33,www.google.fr
2014-04-04 16:24:43,www.google.fr
2014-04-04 16:24:44,www.google.fr
2014-04-04 16:24:44,bits.wikimedia.org
2014-04-04 16:24:44,fr.wikipedia.org
2014-04-04 16:24:44,meta.wikimedia.org
2014-04-04 16:24:45,fr.wikipedia.org
2014-04-04 16:24:45,meta.wikimedia.org
2014-04-04 16:24:48,clients1.google.fr
2014-04-04 16:24:48,www.google.fr
2014-04-04 16:24:50,www.google.fr
2014-04-04 16:24:51,bits.wikimedia.org
2014-04-04 16:24:51,fr.wikiversity.org
2014-04-04 16:24:52,bits.wikimedia.org
2014-04-04 16:24:52,login.wikimedia.org
2014-04-04 16:24:52,meta.wikimedia.org
2014-04-04 16:25:54,www.dailymotion.com
2014-04-04 16:25:54,fdata.over-blog.net
2014-04-04 16:25:54,static.ebz.io
2014-04-04 16:25:54,platform.twitter.com
2014-04-04 16:26:55,www.linkedin.com
2014-04-04 16:27:05,fdata.over-blog.net
2014-04-04 16:27:05,emulsion.over-blog.com
2014-04-04 16:27:05,a392.idata.over-blog.com
2014-04-04 16:27:05,a142.idata.over-blog.com
2014-04-04 16:27:05,a395.idata.over-blog.com
2014-04-04 16:27:05,a407.idata.over-blog.com
2014-04-04 16:27:05,a133.idata.over-blog.com
2014-04-04 16:27:05,a136.idata.over-blog.com
2014-04-04 16:27:05,a406.idata.over-blog.com
2014-04-04 16:27:05,a405.idata.over-blog.com
2014-04-04 16:27:05,a398.idata.over-blog.com
2014-04-04 16:27:05,a401.idata.over-blog.com
2014-04-04 16:27:05,sync.uuidcshmg.com
2014-04-04 16:27:05,www.audienceinsights.net
2014-04-04 16:27:05,a404.idata.over-blog.com
2014-04-04 16:27:05,a402.idata.over-blog.com
2014-04-04 16:27:05,a54.idata.over-blog.com
2014-04-04 16:27:05,a141.idata.over-blog.com
2014-04-04 16:27:06,as.beead.net
2014-04-04 16:27:06,emulsion.over-blog.com
2014-04-04 16:27:06,fdata.over-blog.net
2014-04-04 16:27:06,www.dailymotion.com
2014-04-04 16:27:06,www.audienceinsights.net
2014-04-04 16:27:07,premium.hi-mediaserver.com
2014-04-04 16:27:07,cm.adgrx.com
2014-04-04 16:27:07,fdata.over-blog.net
2014-04-04 16:27:07,platform.linkedin.com
2014-04-04 16:27:08,as.beead.net
2014-04-04 16:27:17,www.facebook.com
2014-04-04 16:27:17,twitter.com
2014-04-04 16:27:18,twitter.com
2014-04-04 16:27:18,apis.google.com
2014-04-04 16:27:18,www.facebook.com
2014-04-04 16:27:19,krxd.nexac.com
2014-04-04 16:27:19,platform.twitter.com
2014-04-04 16:27:19,www.linkedin.com
2014-04-04 16:27:20,twitter.com
2014-04-04 16:27:20,adventori.com
2014-04-04 16:27:20,cm.adgrx.com
2014-04-04 16:27:20,dtm.venus.com
2014-04-04 16:27:20,apnx-match.dotomi.com
2014-04-04 16:27:21,adventori.com
2014-04-04 16:27:23,c1.adform.net
2014-04-04 16:27:24,user-disp.tidaltv.com
2014-04-04 16:29:27,melusine.eu.org
2014-04-04 16:29:27,static.e-monsite.com
2014-04-04 16:29:27,pedagogie.ac-toulouse.fr
2014-04-04 16:29:27,tpe1ere-gastronomiemoleculaire.e-monsite.com
2014-04-04 16:29:27,shea.swelen.com
2014-04-04 16:29:27,s2.e-monsite.com
2014-04-04 16:29:27,s1.e-monsite.com
2014-04-04 16:29:28,track.tnm.de
2014-04-04 16:29:28,www.moondreamwebstore.fr
2014-04-04 16:29:28,nb-commons.storage.googleapis.com
2014-04-04 16:29:28,www.deezer.com
2014-04-04 16:29:28,www.e-monsite.com
2014-04-04 16:29:28,static.e-monsite.com
2014-04-04 16:29:28,cdn-files.deezer.com
2014-04-04 16:29:29,cdn-files.deezer.com
2014-04-04 16:29:29,static.track.tnm.de
2014-04-04 16:29:30,www.deezer.com
2014-04-04 16:29:41,tpe1ere-gastronomiemoleculaire.e-monsite.com
2014-04-04 16:29:55,www.molecule-r.com
2014-04-04 16:29:56,www.molecule-r.com
2014-04-04 16:29:56,www.google.fr
2014-04-04 16:29:56,www.google.com
2014-04-04 16:29:56,molecule-r.com
2014-04-04 16:30:02,monsite-a-oim.pagesperso-orange.fr
2014-04-04 16:30:05,molecule-r.com
2014-04-04 16:30:05,monsite-a-oim.pagesperso-orange.fr
2014-04-04 16:30:07,molecule-r.com
2014-04-04 16:30:07,ajax.googleapis.com
2014-04-04 16:30:08,www.facebook.com
2014-04-04 16:30:08,www.molecule-r.com
2014-04-04 16:30:16,www.molecule-r.com
2014-04-04 16:30:16,www.google.fr
2014-04-04 16:30:16,www.google.com
2014-04-04 16:30:16,www.facebook.com
2014-04-04 16:30:17,www.molecule-r.com
2014-04-04 16:30:17,molecule-r.com
2014-04-04 16:30:23,www.google.fr
2014-04-04 16:30:30,www.google.fr
2014-04-04 16:30:31,apis.google.com
2014-04-04 16:30:33,www.google.com
2014-04-04 16:30:49,safebrowsing.clients.google.com
2014-04-04 16:30:49,safebrowsing-cache.google.com
2014-04-04 16:30:52,apis.google.com
2014-04-04 16:30:52,www.google.com
2014-04-04 16:30:52,www.google.fr
2014-04-04 16:30:52,fr.wikipedia.org
2014-04-04 16:30:52,bits.wikimedia.org
2014-04-04 16:30:52,meta.wikimedia.org
2014-04-04 16:31:06,fdata.over-blog.net
2014-04-04 16:31:30,s2.e-monsite.com
2014-04-04 16:40:12,www.linkedin.com
2014-04-04 16:43:25,ocsp.tcs.terena.org
2014-04-04 16:43:25,ocsp.usertrust.com
2014-04-22 14:45:45,www.google.fr
2014-04-22 14:45:47,www.google.com
2014-04-22 14:45:48,apis.google.com
2014-04-22 14:46:07,www.google.fr
2014-04-22 14:46:07,www.google.com
2014-04-22 14:46:07,apis.google.com
2014-04-22 14:46:08,www.univ-bpclermont.fr
2014-04-22 14:46:11,www.univ-bpclermont.fr
2014-04-22 14:46:33,www.univ-bpclermont.fr
2014-04-22 14:46:40,www.univ-bpclermont.fr
2014-04-22 14:47:14,www.univ-bpclermont.fr
2014-04-22 14:47:23,www.univ-bpclermont.fr
2014-04-22 14:47:58,www.google.fr
2014-04-22 14:48:02,www.google.fr
2014-04-22 14:48:08,ieonline.microsoft.com
2014-04-22 14:48:09,www.google.fr
2014-04-22 14:48:10,www.google.fr
2014-04-22 14:48:13,yt3.ggpht.com
2014-04-22 14:48:13,apis.google.com
2014-04-22 14:48:14,yt3.ggpht.com
2014-04-22 14:48:14,accounts.google.com
2014-04-22 14:48:15,apis.google.com
2014-04-22 14:48:17,apis.google.com
2014-04-22 14:48:18,accounts.google.com
2014-04-22 14:48:19,yt3.ggpht.com
2014-04-22 14:48:19,apis.google.com
2014-04-22 14:48:21,yt3.ggpht.com
2014-04-22 14:48:23,plus.googleapis.com
2014-04-22 14:48:23,apis.google.com
2014-04-22 14:48:24,plus.googleapis.com
2014-04-22 14:48:28,plus.googleapis.com
2014-04-22 14:48:39,yt3.ggpht.com
2014-04-22 14:48:49,yt3.ggpht.com
2014-04-22 14:48:50,plus.googleapis.com
2014-04-22 14:48:51,plus.googleapis.com
2014-04-22 14:48:58,plus.googleapis.com
2014-04-22 14:49:03,plus.googleapis.com
2014-04-22 14:49:05,plus.googleapis.com
2014-04-22 14:49:20,plus.googleapis.com
2014-04-22 14:49:20,www.google.fr
2014-04-22 14:49:24,yt3.ggpht.com
2014-04-22 14:49:26,apis.google.com
2014-04-22 14:49:26,plus.googleapis.com
2014-04-22 14:49:45,plus.googleapis.com
2014-04-22 14:50:05,www.univ-bpclermont.fr
2014-04-22 14:50:48,plus.googleapis.com
2014-04-22 14:50:49,yt3.ggpht.com
2014-04-22 14:50:51,plus.googleapis.com
2014-04-22 14:50:52,www.univ-bpclermont.fr
2014-04-22 14:53:46,plus.googleapis.com
2014-04-22 14:54:55,plus.googleapis.com
2014-04-22 15:01:06,www.google.fr
2014-04-22 15:01:07,www.google.fr
2014-04-22 15:01:10,clients1.google.fr
2014-04-22 15:01:12,www.google.fr
2014-04-22 15:01:13,www.google.fr
2014-04-22 15:01:13,clients1.google.fr
2014-04-22 15:01:31,www.google.fr
2014-04-22 15:01:32,www.google.fr
2014-04-22 15:01:33,www.google.fr
2014-04-22 15:01:35,www.google.fr
2014-04-22 15:01:47,www.google.fr
2014-04-22 15:01:50,www.google.fr
2014-04-22 15:01:52,www.google.fr
2014-04-22 15:01:55,www.google.fr
2014-04-22 15:01:58,www.google.fr
2014-04-22 15:02:04,www.google.fr
2014-04-22 15:02:19,www.google.fr
2014-04-22 15:02:30,www.google.fr
2014-04-22 15:02:36,www.google.fr
2014-04-22 15:02:39,www.google.fr
2014-04-22 15:02:47,www.google.fr
2014-04-22 15:02:55,clients1.google.fr
2014-04-22 15:02:55,www.google.fr
2014-04-22 15:02:59,www.google.fr
2014-04-22 15:03:03,www.google.fr
2014-04-22 15:03:08,www.google.fr
2014-04-22 15:03:11,www.google.fr
2014-04-22 15:03:16,www.google.fr
2014-04-22 15:03:16,clients1.google.fr
2014-04-22 15:03:25,clients1.google.fr
2014-04-22 15:03:25,www.google.fr
2014-04-22 15:03:29,www.google.fr
2014-04-22 15:03:33,www.google.fr
2014-04-22 15:03:35,www.google.fr
2014-04-22 15:03:37,www.google.fr
2014-04-22 15:03:55,www.google.fr
2014-04-22 15:03:55,clients1.google.fr
2014-04-22 15:06:34,www.google.com
2014-04-22 15:06:36,www.facebook.com
2014-04-22 15:06:37,www.google.com
2014-04-22 15:06:46,apis.google.com
2014-04-22 15:06:55,apis.google.com
2014-04-22 15:06:59,apis.google.com
2014-04-22 15:06:59,s-static.ak.facebook.com
2014-04-22 15:07:01,twitter.com
2014-04-22 15:07:02,twitter.com
2014-04-22 15:07:03,twitter.com
2014-04-22 15:07:03,apis.google.com
2014-04-22 15:07:04,apis.google.com
2014-04-22 15:07:05,apis.google.com
2014-04-22 15:07:05,twitter.com
2014-04-22 15:07:06,twitter.com
2014-04-22 15:07:07,twitter.com
2014-04-22 15:07:07,accounts.google.com
2014-04-22 15:07:19,platform.twitter.com
2014-04-22 15:07:35,www.google.fr
2014-04-22 15:08:10,accounts.google.com
2014-04-22 15:08:10,apis.google.com
2014-04-22 15:08:43,yt3.ggpht.com
2014-04-22 15:08:46,plus.googleapis.com
2014-04-22 15:10:04,www.google.fr
2014-04-22 15:10:33,plus.googleapis.com
2014-04-22 15:10:34,plus.googleapis.com
2014-04-22 15:10:43,plus.googleapis.com
2014-04-22 15:10:43,yt3.ggpht.com
2014-04-22 15:10:43,www.google.fr
2014-04-22 15:10:45,yt3.ggpht.com
2014-04-22 15:10:45,plus.googleapis.com
2014-04-22 15:10:51,yt3.ggpht.com
2014-04-22 15:10:51,plus.googleapis.com
2014-04-22 15:10:55,yt3.ggpht.com
2014-04-22 15:10:58,yt3.ggpht.com
2014-04-22 15:11:58,yt3.ggpht.com
2014-04-22 15:14:41,plus.googleapis.com
2014-04-22 15:14:53,www.google.fr
2014-04-22 15:15:12,www.google.fr
2014-04-22 15:15:13,www.google.fr
2014-04-22 15:15:15,clients1.google.fr
2014-04-22 15:15:17,clients1.google.fr
2014-04-22 15:15:18,www.google.fr
2014-04-22 15:15:29,www.google.fr
2014-04-22 15:18:47,yt3.ggpht.com
2014-04-22 15:18:48,plus.googleapis.com
2014-04-22 15:19:57,plus.googleapis.com
2014-04-22 15:20:57,plus.googleapis.com
2014-04-22 15:21:28,plus.googleapis.com
2014-04-22 15:26:28,plus.googleapis.com
2014-04-22 15:26:32,plus.googleapis.com
2014-04-22 15:26:33,plus.googleapis.com
2014-04-22 15:27:18,www.youtube.com
2014-04-22 15:28:23,plus.googleapis.com
2014-04-22 15:28:25,plus.googleapis.com
2014-04-22 15:28:42,yt3.ggpht.com
2014-04-22 15:29:45,plus.googleapis.com
2014-04-22 15:31:04,www.google.fr
2014-04-22 15:31:31,www.univ-bpclermont.fr
2014-04-22 15:32:15,www.univ-bpclermont.fr
2014-04-22 15:32:49,plus.googleapis.com
2014-04-22 15:33:01,www.univ-bpclermont.fr
2014-04-22 15:33:02,yt3.ggpht.com
2014-04-22 15:33:02,plus.googleapis.com
2014-04-22 15:33:29,www.univ-bpclermont.fr
2014-04-22 15:33:53,www.univ-bpclermont.fr
2014-04-22 15:34:09,www.univ-bpclermont.fr
2014-04-22 15:34:30,www.univ-bpclermont.fr
2014-04-22 15:34:43,lh3.ggpht.com
2014-04-22 15:34:44,lh3.ggpht.com
2014-04-22 15:34:45,plus.googleapis.com
2014-04-22 15:34:47,i1.ytimg.com
2014-04-22 15:34:49,www.univ-bpclermont.fr
2014-04-22 15:34:50,i1.ytimg.com
2014-04-22 15:35:10,i1.ytimg.com
2014-04-22 15:35:10,yt3.ggpht.com
2014-04-22 15:35:11,i1.ytimg.com
2014-04-22 15:35:21,plus.googleapis.com
2014-04-22 15:35:21,i1.ytimg.com
2014-04-22 15:35:25,yt3.ggpht.com
2014-04-22 15:35:29,plus.googleapis.com
2014-04-22 15:35:29,yt3.ggpht.com
2014-04-22 15:35:41,lh4.ggpht.com
2014-04-22 15:35:41,yt3.ggpht.com
2014-04-22 15:35:43,plus.googleapis.com
2014-04-22 15:35:43,lh4.ggpht.com
2014-04-22 15:36:01,yt3.ggpht.com
2014-04-22 15:37:02,plus.googleapis.com
2014-04-22 15:37:17,www.univ-bpclermont.fr
2014-04-22 15:37:20,www.univ-bpclermont.fr
2014-04-22 15:38:07,plus.googleapis.com
2014-04-22 15:38:18,plus.googleapis.com
2014-04-22 15:39:12,plus.googleapis.com
2014-04-22 15:39:54,www.google.fr
2014-04-22 15:39:56,www.google.com
2014-04-22 15:39:56,apis.google.com
2014-04-22 15:40:01,www.google.fr
2014-04-22 15:40:01,www.google.com
2014-04-22 15:40:01,apis.google.com
2014-04-22 15:40:02,www.univ-bpclermont.fr
2014-04-22 15:40:04,www.univ-bpclermont.fr
2014-04-22 15:40:10,sqm.telemetry.microsoft.com
2014-04-22 15:40:11,sqm.telemetry.microsoft.com
2014-04-22 15:40:14,www.univ-bpclermont.fr
2014-04-22 15:40:24,www.univ-bpclermont.fr
2014-04-22 15:40:25,www.univ-bpclermont.fr
2014-04-23 09:13:58,sci.sciences.univ-bpclermont.fr
2014-04-23 09:13:59,sci.sciences.univ-bpclermont.fr
2014-04-23 09:14:00,sci.sciences.univ-bpclermont.fr
2014-04-23 09:14:09,www.google.com
2014-04-23 09:14:17,sci.sciences.univ-bpclermont.fr
2014-04-23 09:14:18,sci.sciences.univ-bpclermont.fr
2014-04-23 09:14:18,ocsp.thawte.com
2014-04-23 09:14:23,o2i.univ-bpclermont.fr
2014-04-23 09:14:23,c2i.univ-bpclermont.fr
2014-04-23 09:15:19,gtssl-ocsp.geotrust.com
2014-04-23 09:15:26,o2i.univ-bpclermont.fr
2014-04-23 09:15:27,o2i.univ-bpclermont.fr
2014-04-23 09:15:34,o2i.univ-bpclermont.fr
2014-04-23 09:15:47,o2i.univ-bpclermont.fr
2014-04-23 09:16:05,go.microsoft.com
2014-04-23 09:16:05,ieonline.microsoft.com
2014-04-23 09:16:58,clients1.google.com
2014-04-23 09:16:58,gtglobal-ocsp.geotrust.com
2014-04-23 09:16:58,safebrowsing.clients.google.com
2014-04-23 09:16:58,safebrowsing-cache.google.com
2014-04-23 09:16:59,safebrowsing-cache.google.com
2014-04-23 09:17:00,safebrowsing-cache.google.com
2014-04-23 09:19:53,sb-ssl.google.com
2014-04-23 09:22:15,ocsp.verisign.com
2014-04-23 09:24:15,ocsp.digicert.com
2014-04-23 09:39:39,o2i.univ-bpclermont.fr
2014-04-23 09:39:44,o2i.univ-bpclermont.fr
