timestamp,site
2013-04-12 12:11:55,fpdownload2.macromedia.com
2013-04-12 12:11:59,yahoo.fr
2013-04-12 12:12:01,fr.yahoo.com
2013-04-12 12:12:02,fr.yahoo.com
2013-04-12 12:12:02,mail.yahoo.com
2013-04-12 12:12:14,login.yahoo.com
2013-04-12 12:12:15,login.yahoo.com
2013-04-12 12:12:18,login.yahoo.com
2013-04-12 12:12:24,login.yahoo.com
2013-04-12 12:12:25,fr-mg42.mail.yahoo.com
2013-04-12 12:12:26,fr-mg42.mail.yahoo.com
2013-04-12 12:12:28,prod4.rest-core.msg.yahoo.com
2013-04-12 12:12:30,prod4.rest-core.msg.yahoo.com
2013-04-12 12:12:30,fr-mg42.mail.yahoo.com
2013-04-12 12:12:32,fr-mg42.mail.yahoo.com
2013-04-12 12:12:32,ucs.query.yahoo.com
2013-04-12 12:12:33,fr-mg42.mail.yahoo.com
2013-04-12 12:12:33,ucs.query.yahoo.com
2013-04-12 12:12:35,prod4.rest-core.msg.yahoo.com
2013-04-12 12:12:35,login.yahoo.com
2013-04-12 12:12:36,fr.yahoo.com
2013-04-12 12:12:38,locdrop.query.yahoo.com
2013-04-12 12:12:38,mail.yahoo.com
2013-04-12 12:12:38,fr.yahoo.com
2013-04-12 12:12:39,fr.yahoo.com
2013-04-12 12:12:39,yui.yahooapis.com
2013-04-12 12:12:39,login.yahoo.com
2013-04-12 12:12:41,login.yahoo.com
2013-04-12 12:12:47,login.yahoo.com
2013-04-12 12:12:52,login.yahoo.com
2013-04-12 12:12:53,fr-mg42.mail.yahoo.com
2013-04-12 12:12:55,prod4.rest-core.msg.yahoo.com
2013-04-12 12:12:57,fr-mg42.mail.yahoo.com
2013-04-12 12:12:57,ucs.query.yahoo.com
2013-04-12 12:12:58,prod4.rest-core.msg.yahoo.com
2013-04-12 12:13:00,fr-mg42.mail.yahoo.com
2013-04-12 12:13:01,fr-mg42.mail.yahoo.com
2013-04-12 12:13:02,fr-mg42.mail.yahoo.com
2013-04-12 12:13:02,thumbp5-ir2.thumb.mail.yahoo.com
2013-04-12 12:13:03,thumbp5-ir2.thumb.mail.yahoo.com
2013-04-12 12:13:04,fr-mg42.mail.yahoo.com
2013-04-12 12:13:09,us-mg42.mail.yahoo.com
2013-04-12 12:14:26,fr-mg42.mail.yahoo.com
2013-04-12 12:14:28,thumbp5-ir2.thumb.mail.yahoo.com
2013-04-12 12:14:28,us-mg42.mail.yahoo.com
2013-04-12 12:14:28,fr-mg42.mail.yahoo.com
2013-04-12 12:14:29,fr-mg42.mail.yahoo.com
2013-04-12 12:14:41,service.centraltag.com
2013-04-12 12:15:14,thumbp5-ir2.thumb.mail.yahoo.com
2013-04-12 12:15:15,thumbp5-ir2.thumb.mail.yahoo.com
2013-04-12 12:16:09,fr-mg42.mail.yahoo.com
2013-04-12 12:16:18,prod4.rest-core.msg.yahoo.com
2013-04-12 12:16:18,login.yahoo.com
2013-04-12 12:16:19,fr.yahoo.com
2013-04-12 12:16:23,locdrop.query.yahoo.com
2013-04-12 12:16:27,fr.yahoo.com
2013-04-12 12:16:31,www.facebook.com
2013-04-12 12:16:46,fr.yahoo.com
2013-04-12 12:16:47,mail.yahoo.com
2013-04-12 12:16:48,login.yahoo.com
2013-04-12 12:16:49,login.yahoo.com
2013-10-12 13:49:24,yahoo.fr
2013-10-12 13:49:25,fr.yahoo.com
2013-10-12 13:49:27,fr.yahoo.com
2013-10-12 13:49:28,mail.yahoo.com
2013-10-12 13:49:34,mail.yahoo.com
2013-10-12 13:49:39,login.yahoo.com
2013-10-12 13:49:41,login.yahoo.com
2013-10-12 13:49:42,login.yahoo.com
2013-10-12 13:49:44,login.yahoo.com
2013-10-12 13:49:49,www.bing.com
2013-10-12 13:49:49,login.yahoo.com
2013-10-12 13:49:50,www.bing.com
2013-10-12 13:49:51,login.live.com
2013-10-12 13:49:51,cms.abmr.net
2013-10-12 13:49:51,www.bing.com
2013-10-12 13:49:51,www.sendmassage.com
2013-10-12 13:49:52,www.sendmassage.com
2013-10-12 13:49:52,www.facebook.com
2013-10-12 13:49:53,www.google.com
2013-10-12 13:49:53,www.sendmassage.com
2013-10-12 13:49:53,feeds.feedburner.com
2013-10-12 13:49:53,www.facebook.com
2013-10-12 13:49:54,www.groupon.fr
2013-10-12 13:49:54,www.sendmassage.com
2013-10-12 13:49:54,login.yahoo.com
2013-10-12 13:49:55,login.yahoo.com
2013-10-12 13:49:58,login.yahoo.com
2013-10-12 13:49:59,fr-mg42.mail.yahoo.com
2013-10-12 13:50:02,prod4.rest-core.msg.yahoo.com
2013-10-12 13:50:03,fr-mg42.mail.yahoo.com
2013-10-12 13:50:04,apis.google.com
2013-10-12 13:50:04,login.yahoo.com
2013-10-12 13:50:05,apis.google.com
2013-10-12 13:50:05,fr-mg42.mail.yahoo.com
2013-10-12 13:50:05,prod4.rest-core.msg.yahoo.com
2013-10-12 13:50:06,ucs.query.yahoo.com
2013-10-12 13:50:06,fr-mg42.mail.yahoo.com
2013-10-12 13:50:07,accounts.google.com
2013-10-12 13:50:07,fr-mg42.mail.yahoo.com
2013-10-12 13:50:10,www.sendmassage.com
2013-10-12 13:50:11,ucs.query.yahoo.com
2013-10-12 13:50:11,fr-mg42.mail.yahoo.com
2013-10-12 13:50:12,fr-mg42.mail.yahoo.com
2013-10-12 13:50:16,prod4.rest-core.msg.yahoo.com
2013-10-12 13:50:16,login.yahoo.com
2013-10-12 13:50:17,fr.yahoo.com
2013-10-12 13:50:19,www.sendmassage.com
2013-10-12 13:50:19,locdrop.query.yahoo.com
2013-10-12 13:50:19,connect.facebook.net
2013-10-12 13:50:19,fr.yahoo.com
2013-10-12 13:50:19,yui.yahooapis.com
2013-10-12 13:50:19,www.facebook.com
2013-10-12 13:50:19,static.ak.facebook.com
2013-10-12 13:50:19,accounts.google.com
2013-10-12 13:50:20,www.sendmassage.com
2013-10-12 13:50:20,www.google.com
2013-10-12 13:50:20,www.facebook.com
2013-10-12 13:50:20,platform.twitter.com
2013-10-12 13:50:20,apis.google.com
2013-10-12 13:50:21,www.google.com
2013-10-12 13:50:21,www.facebook.com
2013-10-12 13:50:21,www.sendmassage.com
2013-10-12 13:50:22,platform.twitter.com
2013-10-12 13:50:22,www.facebook.com
2013-10-12 13:50:22,apis.google.com
2013-10-12 13:50:26,s-static.ak.facebook.com
2013-10-12 13:50:29,s-static.ak.facebook.com
2013-10-12 13:50:31,twitter.com
2013-10-12 13:50:36,www.facebook.com
2013-10-12 13:50:37,fbstatic-a.akamaihd.net
2013-10-12 13:50:37,beacon4.abba.accenture.com
2013-10-12 13:50:37,www.facebook.com
2013-10-12 13:50:37,twitter.com
2013-10-12 13:51:00,fr.yahoo.com
2013-10-12 13:51:22,fbstatic-a.akamaihd.net
2013-10-12 13:51:23,www.facebook.com
2013-10-12 13:51:23,www.sendmassage.com
2013-10-12 13:51:24,www.facebook.com
2013-10-12 13:51:24,www.sendmassage.com
2013-10-12 13:51:26,www.sendmassage.com
2013-10-12 13:51:26,www.facebook.com
2013-10-12 13:51:28,fr.yahoo.com
2013-10-12 13:51:29,mail.yahoo.com
2013-10-12 13:51:30,login.yahoo.com
2013-10-12 13:51:31,login.yahoo.com
2013-10-12 13:51:37,login.yahoo.com
2013-10-12 13:51:38,fr-mg42.mail.yahoo.com
2013-10-12 13:51:40,prod4.rest-core.msg.yahoo.com
2013-10-12 13:51:41,fr-mg42.mail.yahoo.com
2013-10-12 13:51:43,prod4.rest-core.msg.yahoo.com
2013-10-12 13:51:43,ucs.query.yahoo.com
2013-10-12 13:51:44,fr-mg42.mail.yahoo.com
2013-10-12 13:51:45,fr-mg42.mail.yahoo.com
2013-10-12 13:52:48,www.sendmassage.com
2013-10-12 13:52:49,www.facebook.com
2013-10-12 13:52:49,www.google.com
2013-10-12 13:52:50,www.google.com
2013-10-12 13:52:50,www.facebook.com
2013-10-12 13:52:51,apis.google.com
2013-10-12 13:52:51,hal9000.redintelligence.net
2013-10-12 13:52:51,www.facebook.com
2013-10-12 13:52:52,ea.numericable.fr
2013-10-12 13:52:52,www.facebook.com
2013-10-12 13:52:52,twitter.com
2013-10-12 13:52:56,banniere.reussissonsensemble.fr
2013-10-12 13:52:57,banniere.reussissonsensemble.fr
2013-10-12 13:52:57,banner.nonstoppartner.net
2013-10-12 13:52:57,a.nonstoppartner.net
2013-10-12 13:53:07,banniere.reussissonsensemble.fr
2013-10-12 13:53:53,www.sendmassage.com
2013-10-12 13:53:54,www.facebook.com
2013-10-12 13:53:56,www.facebook.com
2013-10-12 13:54:02,fr-mg42.mail.yahoo.com
2013-10-12 13:54:07,prod4.rest-core.msg.yahoo.com
2013-10-12 13:54:07,login.yahoo.com
2013-10-12 13:54:08,fr.yahoo.com
2013-10-12 13:54:09,locdrop.query.yahoo.com
2013-10-12 13:54:09,fr.yahoo.com
2013-10-12 13:54:09,beacon4.abba.accenture.com
2013-10-12 13:54:10,fr.yahoo.com
2013-10-12 13:54:10,mail.yahoo.com
2013-10-12 13:54:11,login.yahoo.com
2013-10-12 13:54:12,login.yahoo.com
2013-10-12 13:54:19,login.yahoo.com
2013-10-12 13:54:21,fr-mg42.mail.yahoo.com
2013-10-12 13:54:23,prod4.rest-core.msg.yahoo.com
2013-10-12 13:54:24,fr-mg42.mail.yahoo.com
2013-10-12 13:54:27,ucs.query.yahoo.com
2013-10-12 13:54:27,fr-mg42.mail.yahoo.com
2013-10-12 13:54:27,prod4.rest-core.msg.yahoo.com
2013-10-12 13:54:29,fr-mg42.mail.yahoo.com
2013-10-12 13:54:30,fr-mg42.mail.yahoo.com
2013-10-12 13:54:30,www.facebook.com
2013-10-12 13:54:30,www.sendmassage.com
2013-10-12 13:54:31,www.facebook.com
2013-10-12 13:54:31,www.google.com
2013-10-12 13:54:32,apis.google.com
2013-10-12 13:54:32,www.facebook.com
2013-10-12 13:54:35,fr-mg42.mail.yahoo.com
2013-10-12 13:54:39,www.dropbox.com
2013-10-12 13:55:03,twitter.com
2013-10-12 13:55:08,fr-mg42.mail.yahoo.com
2013-10-12 13:55:24,www.sendmassage.com
2013-10-12 13:55:25,www.sendmassage.com
2013-10-12 13:55:25,www.facebook.com
2013-10-12 13:55:26,www.facebook.com
2013-10-12 13:55:28,www.facebook.com
2013-10-12 13:55:40,www.dropbox.com
2013-10-12 13:56:16,fr-mg42.mail.yahoo.com
2013-10-12 13:56:43,fr-mg42.mail.yahoo.com
2013-10-12 13:57:09,fr-mg42.mail.yahoo.com
2013-10-12 13:58:05,fr-mg42.mail.yahoo.com
2013-10-12 13:58:32,fr-mg42.mail.yahoo.com
2013-10-12 13:58:40,fr-mg42.mail.yahoo.com
2013-10-12 13:58:41,fr-mg42.mail.yahoo.com
2013-10-12 13:58:46,fr-mg42.mail.yahoo.com
2013-10-12 13:58:47,fr-mg42.mail.yahoo.com
2013-10-12 13:58:51,fr-mg42.mail.yahoo.com
2013-10-12 13:58:52,fr-mg42.mail.yahoo.com
2013-10-12 13:58:54,prod4.rest-core.msg.yahoo.com
2013-10-12 13:58:55,login.yahoo.com
2013-10-12 13:58:55,prod4.rest-core.msg.yahoo.com
2013-10-12 13:58:56,fr.yahoo.com
2013-10-12 13:58:57,beacon4.abba.accenture.com
2013-10-12 13:58:58,mail.yahoo.com
2013-10-12 13:58:58,fr.yahoo.com
2013-10-12 13:58:59,login.yahoo.com
2013-10-12 13:59:01,login.yahoo.com
2013-10-12 13:59:06,login.yahoo.com
2013-10-12 13:59:07,fr-mg42.mail.yahoo.com
2013-10-12 13:59:09,fr-mg42.mail.yahoo.com
2013-10-12 13:59:10,prod4.rest-core.msg.yahoo.com
2013-10-12 13:59:12,fr-mg42.mail.yahoo.com
2013-10-12 13:59:13,prod4.rest-core.msg.yahoo.com
2013-10-12 13:59:13,ucs.query.yahoo.com
2013-10-12 13:59:15,fr-mg42.mail.yahoo.com
2013-10-12 13:59:16,thumbp5-ir2.thumb.mail.yahoo.com
2013-10-12 13:59:18,fr-mg42.mail.yahoo.com
2013-10-12 13:59:24,us-mg42.mail.yahoo.com
2013-10-12 13:59:27,us-mg42.mail.yahoo.com
2013-10-12 13:59:27,fr-mg42.mail.yahoo.com
2013-10-12 13:59:28,fr-mg42.mail.yahoo.com
2013-10-12 13:59:31,fr-mg42.mail.yahoo.com
2013-10-12 13:59:32,fr-mg42.mail.yahoo.com
2013-10-12 13:59:37,login.yahoo.com
2013-10-12 13:59:37,prod4.rest-core.msg.yahoo.com
2013-10-12 13:59:38,fr.yahoo.com
2013-10-12 13:59:38,beacon4.abba.accenture.com
2013-10-12 13:59:39,locdrop.query.yahoo.com
2013-10-12 13:59:40,fr.yahoo.com
2013-10-12 15:46:48,yahoo.fr
2013-10-12 15:46:49,fr.yahoo.com
2013-10-12 15:46:50,fr.yahoo.com
2013-10-12 15:46:51,mail.yahoo.com
2013-10-12 15:46:53,www.sendmassage.com
2013-10-12 15:46:53,connect.facebook.net
2013-10-12 15:46:53,www.facebook.com
2013-10-12 15:46:54,platform.twitter.com
2013-10-12 15:46:54,www.google.com
2013-10-12 15:46:54,www.facebook.com
2013-10-12 15:46:55,www.facebook.com
2013-10-12 15:46:55,www.google.com
2013-10-12 15:46:56,www.sendmassage.com
2013-10-12 15:46:57,platform.twitter.com
2013-10-12 15:46:57,www.google.com
2013-10-12 15:46:57,www.facebook.com
2013-10-12 15:46:58,www.facebook.com
2013-10-12 15:46:58,www.google.com
2013-10-12 15:47:00,s-static.ak.facebook.com
2013-10-12 15:47:01,s-static.ak.facebook.com
2013-10-12 15:47:02,www.facebook.com
2013-10-12 15:47:02,platform.twitter.com
2013-10-12 15:47:02,www.google.com
2013-10-12 15:47:02,www.sendmassage.com
2013-10-12 15:47:03,www.google.com
2013-10-12 15:47:03,www.facebook.com
2013-10-12 15:47:04,www.facebook.com
2013-10-12 15:47:05,apis.google.com
2013-10-12 15:47:05,login.yahoo.com
2013-10-12 15:47:05,twitter.com
2013-10-12 15:47:06,apis.google.com
2013-10-12 15:47:06,twitter.com
2013-10-12 15:47:06,login.yahoo.com
2013-10-12 15:47:07,twitter.com
2013-10-12 15:47:07,apis.google.com
2013-10-12 15:47:09,www.facebook.com
2013-10-12 15:47:10,accounts.google.com
2013-10-12 15:47:10,login.yahoo.com
2013-10-12 15:47:10,www.facebook.com
2013-10-12 15:47:11,accounts.google.com
2013-10-12 15:47:11,twitter.com
2013-10-12 15:47:11,www.facebook.com
2013-10-12 15:47:14,fbstatic-a.akamaihd.net
2013-10-12 15:47:19,www.facebook.com
2013-10-12 15:47:19,fbstatic-a.akamaihd.net
2013-10-12 15:48:14,www.facebook.com
2013-10-12 15:48:14,www.sendmassage.com
2013-10-12 15:48:15,www.facebook.com
2013-10-12 15:48:17,www.facebook.com
2013-10-12 15:48:20,login.yahoo.com
2013-10-12 15:48:21,fr-mg42.mail.yahoo.com
2013-10-12 15:48:22,prod4.rest-core.msg.yahoo.com
2013-10-12 15:48:23,fr-mg42.mail.yahoo.com
2013-10-12 15:48:24,prod4.rest-core.msg.yahoo.com
2013-10-12 15:48:27,fr-mg42.mail.yahoo.com
2013-10-12 15:48:28,fr-mg42.mail.yahoo.com
2013-10-12 15:48:35,ucs.query.yahoo.com
2013-10-12 15:48:38,fr-mg42.mail.yahoo.com
2013-10-12 15:48:38,ucs.query.yahoo.com
2013-10-12 15:48:39,fr-mg42.mail.yahoo.com
2013-10-12 15:48:44,fr-mg42.mail.yahoo.com
2013-10-12 15:48:45,fr-mg42.mail.yahoo.com
2013-10-12 15:48:48,prod4.rest-core.msg.yahoo.com
2013-10-12 15:48:48,login.yahoo.com
2013-10-12 15:48:49,fr.yahoo.com
2013-10-12 15:48:51,locdrop.query.yahoo.com
2013-10-12 15:48:51,fr.yahoo.com
2013-10-12 15:48:52,mail.yahoo.com
2013-10-12 15:48:53,login.yahoo.com
2013-10-12 15:48:54,login.yahoo.com
2013-10-12 15:48:59,login.yahoo.com
2013-10-12 15:49:00,fr-mg42.mail.yahoo.com
2013-10-12 15:49:01,prod4.rest-core.msg.yahoo.com
2013-10-12 15:49:03,fr-mg42.mail.yahoo.com
2013-10-12 15:49:04,ucs.query.yahoo.com
2013-10-12 15:49:04,prod4.rest-core.msg.yahoo.com
2013-10-12 15:49:05,prod4.rest-core.msg.yahoo.com
2013-10-12 15:49:06,login.yahoo.com
2013-10-12 15:49:06,fr.yahoo.com
2013-10-12 15:49:06,fr-mg42.mail.yahoo.com
2013-10-12 15:49:08,fr.yahoo.com
2013-10-12 15:49:08,locdrop.query.yahoo.com
2013-10-12 15:49:12,platform.twitter.com
2013-10-12 15:49:12,www.sendmassage.com
2013-10-12 15:49:13,www.google.com
2013-10-12 15:49:13,www.facebook.com
2013-10-12 15:49:14,www.facebook.com
2013-10-12 15:49:14,www.google.com
2013-10-12 15:49:14,apis.google.com
2013-10-12 15:49:15,twitter.com
2013-10-12 15:49:15,www.facebook.com
2013-10-12 15:49:20,www.facebook.com
2013-10-12 15:49:25,beacon4.abba.accenture.com
2013-10-12 15:49:26,beacon4.abba.accenture.com
2013-10-12 15:50:10,www.google.com
2013-10-12 15:50:10,fbstatic-a.akamaihd.net
2013-10-12 15:50:25,www.sendmassage.com
2013-10-12 15:50:25,feeds.feedburner.com
2013-10-12 15:50:26,www.facebook.com
2013-10-12 15:50:28,www.facebook.com
2013-11-12 10:25:59,yahoo.fr
2013-11-12 10:26:00,fr.yahoo.com
2013-11-12 10:26:01,fr.yahoo.com
2013-11-12 10:26:02,mail.yahoo.com
2013-11-12 10:26:10,mail.yahoo.com
2013-11-12 10:26:17,rover.ebay.com
2013-11-12 10:26:18,login.yahoo.com
2013-11-12 10:26:19,login.yahoo.com
2013-11-12 10:26:21,login.yahoo.com
2013-11-12 10:26:24,login.yahoo.com
2013-11-12 10:26:27,login.yahoo.com
2013-11-12 10:26:28,fr-mg42.mail.yahoo.com
2013-11-12 10:26:32,prod4.rest-core.msg.yahoo.com
2013-11-12 10:26:34,fr-mg42.mail.yahoo.com
2013-11-12 10:26:35,prod4.rest-core.msg.yahoo.com
2013-11-12 10:26:36,download.skype.com
2013-11-12 10:26:36,api.skype.com
2013-11-12 10:26:37,fr-mg42.mail.yahoo.com
2013-11-12 10:26:38,fr-mg42.mail.yahoo.com
2013-11-12 10:26:39,fr-mg42.mail.yahoo.com
2013-11-12 10:26:40,ea.virginmobile.fr
2013-11-12 10:26:40,fr-mg42.mail.yahoo.com
2013-11-12 10:26:42,ucs.query.yahoo.com
2013-11-12 10:26:43,fr-mg42.mail.yahoo.com
2013-11-12 10:26:43,ucs.query.yahoo.com
2013-11-12 10:26:44,fr-mg42.mail.yahoo.com
2013-11-12 10:26:45,fr-mg42.mail.yahoo.com
2013-11-12 10:26:45,ea.virginmobile.fr
2013-11-12 10:26:47,ea.virginmobile.fr
2013-11-12 10:27:28,fr-mg42.mail.yahoo.com
2013-11-12 10:27:30,fr-mg42.mail.yahoo.com
2013-11-12 10:27:30,ea.virginmobile.fr
2013-11-12 10:27:32,fr-mg42.mail.yahoo.com
2013-11-12 10:27:33,fr-mg42.mail.yahoo.com
2013-11-12 10:27:37,fr-mg42.mail.yahoo.com
2013-11-12 10:27:41,fr-mg42.mail.yahoo.com
2013-11-12 10:27:42,fr-mg42.mail.yahoo.com
2013-11-12 10:27:43,fr-mg42.mail.yahoo.com
2013-11-12 10:27:44,ea.virginmobile.fr
2013-11-12 10:27:50,prod4.rest-core.msg.yahoo.com
2013-11-12 10:27:51,fr-mg42.mail.yahoo.com
2013-11-12 10:27:51,login.yahoo.com
2013-11-12 10:27:52,fr.yahoo.com
2013-11-12 10:27:54,fr.yahoo.com
2013-11-12 10:27:54,yui.yahooapis.com
2013-11-12 10:27:54,mail.yahoo.com
2013-11-12 10:27:55,login.yahoo.com
2013-11-12 10:27:55,image.edpn.ebay.com
2013-11-12 10:27:55,rpsx.ebay.com
2013-11-12 10:28:00,login.yahoo.com
2013-11-12 10:28:03,login.yahoo.com
2013-11-12 10:28:04,fr-mg42.mail.yahoo.com
2013-11-12 10:28:06,fr-mg42.mail.yahoo.com
2013-11-12 10:28:06,rover.ebay.com
2013-11-12 10:28:07,ucs.query.yahoo.com
2013-11-12 10:28:08,ea.virginmobile.fr
2013-11-12 10:28:09,prod4.rest-core.msg.yahoo.com
2013-11-12 10:28:10,fr-mg42.mail.yahoo.com
2013-11-12 10:28:11,fr-mg42.mail.yahoo.com
2013-11-12 10:28:16,fr-mg42.mail.yahoo.com
2013-11-12 10:28:17,thumbp5-ir2.thumb.mail.yahoo.com
2013-11-12 10:28:17,fr-mg42.mail.yahoo.com
2013-11-12 10:28:19,fr-mg42.mail.yahoo.com
2013-11-12 10:28:24,fr-mg42.mail.yahoo.com
2013-11-12 10:28:24,thumbp5-ir2.thumb.mail.yahoo.com
2013-11-12 10:28:50,thumbp5-ir2.thumb.mail.yahoo.com
2013-11-12 10:29:05,thumbp5-ir2.thumb.mail.yahoo.com
2013-11-12 10:29:05,fr-mg42.mail.yahoo.com
2013-11-12 10:29:06,thumbp5-ir2.thumb.mail.yahoo.com
2013-11-12 10:29:30,thumbp5-ir2.thumb.mail.yahoo.com
2013-11-12 10:29:41,fr-mg42.mail.yahoo.com
2013-11-12 10:29:43,fr-mg42.mail.yahoo.com
2013-11-12 10:29:45,fr-mg42.mail.yahoo.com
2013-11-12 10:29:46,fr-mg42.mail.yahoo.com
2013-11-12 10:29:50,thumbp5-ir2.thumb.mail.yahoo.com
2013-11-12 10:29:52,fr-mg42.mail.yahoo.com
2013-11-12 10:29:53,fr-mg42.mail.yahoo.com
2013-11-12 10:29:54,fr-mg42.mail.yahoo.com
2013-11-12 10:29:55,ea.virginmobile.fr
2013-11-12 10:29:57,fr-mg42.mail.yahoo.com
2013-11-12 10:29:58,fr-mg42.mail.yahoo.com
2013-11-12 10:29:59,thumbp5-ir2.thumb.mail.yahoo.com
2013-11-12 10:29:59,ea.virginmobile.fr
2013-11-12 10:30:01,fr-mg42.mail.yahoo.com
2013-11-12 10:30:02,fr-mg42.mail.yahoo.com
2013-11-12 10:30:03,thumbp5-ir2.thumb.mail.yahoo.com
2013-11-12 10:30:03,fr-mg42.mail.yahoo.com
2013-11-12 10:30:04,fr-mg42.mail.yahoo.com
2013-11-12 10:30:04,thumbp5-ir2.thumb.mail.yahoo.com
2013-11-12 10:30:05,fr-mg42.mail.yahoo.com
2013-11-12 10:30:06,fr-mg42.mail.yahoo.com
2013-11-12 10:30:17,fr-mg42.mail.yahoo.com
2013-11-12 10:30:20,fr-mg42.mail.yahoo.com
2013-11-12 10:30:26,fr-mg42.mail.yahoo.com
2013-11-12 10:30:27,ea.virginmobile.fr
2013-11-12 10:30:35,fr-mg42.mail.yahoo.com
2013-11-12 10:30:36,fr-mg42.mail.yahoo.com
2013-11-12 10:30:37,fr-mg42.mail.yahoo.com
2013-11-12 10:30:38,fr-mg42.mail.yahoo.com
2013-11-12 10:30:39,fr-mg42.mail.yahoo.com
2013-11-12 10:30:40,fr-mg42.mail.yahoo.com
2013-11-12 10:30:50,prod4.rest-core.msg.yahoo.com
2013-11-12 10:30:51,fr-mg42.mail.yahoo.com
2013-11-12 10:30:51,login.yahoo.com
2013-11-12 10:30:52,fr.yahoo.com
2013-11-12 10:30:54,mail.yahoo.com
2013-11-12 10:30:54,fr.yahoo.com
2013-11-12 10:30:54,locdrop.query.yahoo.com
2013-11-12 10:30:55,login.yahoo.com
2013-11-12 10:31:00,login.yahoo.com
2013-11-12 10:31:03,login.yahoo.com
2013-11-12 10:31:04,fr-mg42.mail.yahoo.com
2013-11-12 10:31:06,fr-mg42.mail.yahoo.com
2013-11-12 10:31:07,ucs.query.yahoo.com
2013-11-12 10:31:07,rover.ebay.com
2013-11-12 10:31:10,fr-mg42.mail.yahoo.com
2013-11-12 10:31:11,prod4.rest-core.msg.yahoo.com
2013-11-12 10:31:11,login.yahoo.com
2013-11-12 10:31:12,rover.ebay.com
2013-11-12 10:31:12,fr.yahoo.com
2013-11-12 10:31:13,rover.ebay.com
2013-11-12 10:31:16,locdrop.query.yahoo.com
2013-11-12 10:31:19,fr.yahoo.com
2013-11-12 10:31:21,rpsx.ebay.com
2013-11-12 10:31:21,image.edpn.ebay.com
2013-11-12 10:31:21,www.bing.com
2013-11-12 10:31:22,www.bing.com
2013-11-12 10:31:22,image.edpn.ebay.com
2013-11-12 10:31:23,www.bing.com
2013-11-12 10:31:24,login.live.com
2013-11-12 10:31:24,www.sendmassage.com
2013-11-12 10:31:24,www.facebook.com
2013-11-12 10:31:25,feeds.feedburner.com
2013-11-12 10:31:25,www.sendmassage.com
2013-11-12 10:31:25,www.google.com
2013-11-12 10:31:25,choices.truste.com
2013-11-12 10:31:25,www.facebook.com
2013-11-12 10:31:26,www.google.com
2013-11-12 10:31:26,static.ak.facebook.com
2013-11-12 10:31:26,platform.twitter.com
2013-11-12 10:31:26,www.facebook.com
2013-11-12 10:31:26,connect.facebook.net
2013-11-12 10:31:26,www.sendmassage.com
2013-11-12 10:31:27,platform.twitter.com
2013-11-12 10:31:27,www.google.com
2013-11-12 10:31:27,www.sendmassage.com
2013-11-12 10:31:27,www.facebook.com
2013-11-12 10:31:28,www.google.com
2013-11-12 10:31:31,image.edpn.ebay.com
2013-11-12 10:31:35,s-static.ak.facebook.com
2013-11-12 10:31:36,image.edpn.ebay.com
2013-11-12 10:31:37,twitter.com
2013-11-12 10:31:38,apis.google.com
2013-11-12 10:31:40,apis.google.com
2013-11-12 10:31:40,s-static.ak.facebook.com
2013-11-12 10:31:40,twitter.com
2013-11-12 10:31:41,image.edpn.ebay.com
2013-11-12 10:31:41,www.facebook.com
2013-11-12 10:31:42,www.facebook.com
2013-11-12 10:31:42,accounts.google.com
2013-11-12 10:31:42,fbstatic-a.akamaihd.net
2013-11-12 10:31:42,apis.google.com
2013-11-12 10:31:46,image.edpn.ebay.com
2013-11-12 10:31:51,image.edpn.ebay.com
2013-11-12 10:32:00,fr.yahoo.com
2013-11-12 10:32:47,fbstatic-a.akamaihd.net
2013-11-12 10:33:02,accounts.google.com
2013-11-12 10:33:02,fbstatic-a.akamaihd.net
2013-11-12 10:33:03,www.google.com
2013-11-12 10:33:04,www.google.com
2013-11-12 10:33:19,www.facebook.com
2013-11-12 10:33:19,www.sendmassage.com
2013-11-12 10:33:20,www.facebook.com
2013-11-12 10:33:20,www.sendmassage.com
2013-11-12 10:33:21,www.sendmassage.com
2013-11-12 10:33:22,www.sendmassage.com
2013-11-12 10:33:22,www.facebook.com
2013-11-12 12:00:13,yahoo.fr
2013-11-12 12:00:14,fr.yahoo.com
2013-11-12 12:00:16,fr.yahoo.com
2013-11-12 12:00:17,mail.yahoo.com
2013-11-12 12:00:23,mail.yahoo.com
2013-11-12 12:00:31,rover.ebay.com
2013-11-12 12:00:31,login.yahoo.com
2013-11-12 12:00:33,login.yahoo.com
2013-11-12 12:00:34,login.yahoo.com
2013-11-12 12:00:36,www.bing.com
2013-11-12 12:00:38,login.live.com
2013-11-12 12:00:38,www.sendmassage.com
2013-11-12 12:00:38,www.bing.com
2013-11-12 12:00:38,www.facebook.com
2013-11-12 12:00:39,login.yahoo.com
2013-11-12 12:00:39,www.sendmassage.com
2013-11-12 12:00:39,www.facebook.com
2013-11-12 12:00:48,login.yahoo.com
2013-11-12 12:00:49,fr-mg42.mail.yahoo.com
2013-11-12 12:00:51,fr-mg42.mail.yahoo.com
2013-11-12 12:00:52,apis.google.com
2013-11-12 12:00:53,apis.google.com
2013-11-12 12:00:53,prod4.rest-core.msg.yahoo.com
2013-11-12 12:00:55,fr-mg42.mail.yahoo.com
2013-11-12 12:00:55,accounts.google.com
2013-11-12 12:00:55,apis.google.com
2013-11-12 12:00:56,fr-mg42.mail.yahoo.com
2013-11-12 12:00:59,ucs.query.yahoo.com
2013-11-12 12:01:05,ucs.query.yahoo.com
2013-11-12 12:01:06,thumbp5-ir2.thumb.mail.yahoo.com
2013-11-12 12:01:06,fr-mg42.mail.yahoo.com
2013-11-12 12:01:07,fr-mg42.mail.yahoo.com
2013-11-12 12:01:12,us-mg42.mail.yahoo.com
2013-11-12 12:01:14,us-mg42.mail.yahoo.com
2013-11-12 12:01:25,apis.google.com
2013-11-12 12:01:59,www.sendmassage.com
2013-11-12 12:02:00,accounts.google.com
2013-11-12 12:02:00,www.facebook.com
2013-11-12 12:02:00,connect.facebook.net
2013-11-12 12:02:01,s-static.ak.facebook.com
2013-11-12 12:02:01,apis.google.com
2013-11-12 12:02:01,www.facebook.com
2013-11-12 12:02:01,www.google.com
2013-11-12 12:02:01,platform.twitter.com
2013-11-12 12:02:02,apis.google.com
2013-11-12 12:02:02,www.facebook.com
2013-11-12 12:02:02,choices.truste.com
2013-11-12 12:02:02,www.google.com
2013-11-12 12:02:03,choices.truste.com
2013-11-12 12:02:04,choices.truste.com
2013-11-12 12:02:14,twitter.com
2013-11-12 12:02:45,twitter.com
2013-11-12 12:03:00,www.google.com
2013-11-12 12:03:13,www.facebook.com
2013-11-12 12:03:13,www.sendmassage.com
2013-11-12 12:03:14,www.facebook.com
2013-11-12 12:03:14,s-static.ak.facebook.com
2013-11-12 12:03:16,www.facebook.com
2013-11-12 12:03:41,fr-mg42.mail.yahoo.com
2013-11-12 12:03:46,fr-mg42.mail.yahoo.com
2013-11-12 12:03:46,us-mg42.mail.yahoo.com
2013-11-12 12:03:46,thumbp5-ir2.thumb.mail.yahoo.com
2013-11-12 12:03:47,fr-mg42.mail.yahoo.com
2013-11-12 12:03:47,thumbp5-ir2.thumb.mail.yahoo.com
2013-11-12 12:05:34,fr-mg42.mail.yahoo.com
2013-11-12 12:05:52,fr-mg42.mail.yahoo.com
2013-11-12 12:05:53,fr-mg42.mail.yahoo.com
2013-11-12 12:05:54,thumbp5-ir2.thumb.mail.yahoo.com
2013-11-12 12:05:54,us-mg42.mail.yahoo.com
2013-11-12 12:05:55,thumbp5-ir2.thumb.mail.yahoo.com
2013-11-12 12:05:55,fr-mg42.mail.yahoo.com
2013-11-12 12:05:56,fr-mg42.mail.yahoo.com
2013-11-12 12:05:56,us-mg42.mail.yahoo.com
2013-11-12 12:05:56,thumbp5-ir2.thumb.mail.yahoo.com
2013-11-12 12:06:18,fr-mg42.mail.yahoo.com
2013-11-12 12:06:35,fr-mg42.mail.yahoo.com
2013-11-12 12:06:37,fr-mg42.mail.yahoo.com
2013-11-12 12:06:38,fr-mg42.mail.yahoo.com
2013-11-12 12:06:42,fr-mg42.mail.yahoo.com
2013-11-12 12:06:46,fr-mg42.mail.yahoo.com
2013-11-12 12:06:48,fr-mg42.mail.yahoo.com
2013-11-12 12:06:50,fr-mg42.mail.yahoo.com
2013-11-12 12:06:53,fr-mg42.mail.yahoo.com
2013-11-12 12:06:56,fr-mg42.mail.yahoo.com
2013-11-12 12:06:58,fr-mg42.mail.yahoo.com
2013-11-12 12:06:58,thumbp5-ir2.thumb.mail.yahoo.com
2013-11-12 12:07:00,fr-mg42.mail.yahoo.com
2013-11-12 12:07:05,fr-mg42.mail.yahoo.com
2013-11-12 12:07:10,thumbp5-ir2.thumb.mail.yahoo.com
2013-11-12 12:07:11,fr-mg42.mail.yahoo.com
2013-11-12 12:07:14,fr-mg42.mail.yahoo.com
2013-11-12 12:07:21,fr-mg42.mail.yahoo.com
2013-11-12 12:07:43,fr-mg42.mail.yahoo.com
2013-11-12 12:07:54,fr-mg42.mail.yahoo.com
2013-11-12 12:08:02,thumbp5-ir2.thumb.mail.yahoo.com
2013-11-12 12:08:05,s-static.ak.facebook.com
2013-11-12 12:08:05,www.sendmassage.com
2013-11-12 12:08:05,www.facebook.com
2013-11-12 12:08:05,www.google.com
2013-11-12 12:08:05,platform.twitter.com
2013-11-12 12:08:06,apis.google.com
2013-11-12 12:08:06,www.google.com
2013-11-12 12:08:06,www.facebook.com
2013-11-12 12:08:07,www.facebook.com
2013-11-12 12:08:37,twitter.com
2013-11-12 12:10:25,www.sendmassage.com
2013-11-12 12:10:27,s-static.ak.facebook.com
2013-11-12 12:10:27,www.sendmassage.com
2013-11-12 12:10:27,www.facebook.com
2013-11-12 12:10:29,www.facebook.com
2013-11-12 12:10:34,fr-mg42.mail.yahoo.com
2013-11-12 12:10:36,fr-mg42.mail.yahoo.com
2013-11-12 12:10:38,fr-mg42.mail.yahoo.com
2013-11-12 12:10:49,fr-mg42.mail.yahoo.com
2013-11-12 12:10:51,fr-mg42.mail.yahoo.com
2013-11-12 12:10:54,prod4.rest-core.msg.yahoo.com
2013-11-12 12:10:55,login.yahoo.com
2013-11-12 12:10:56,fr.yahoo.com
2013-11-12 12:10:57,fr.yahoo.com
2013-11-12 12:10:57,locdrop.query.yahoo.com
2013-11-12 12:10:58,rpsx.ebay.com
2013-11-12 12:10:58,fr.yahoo.com
2013-11-12 12:10:59,fr.yahoo.com
2013-11-12 12:11:00,mail.yahoo.com
2013-11-12 12:11:00,rpsx.ebay.com
2013-11-12 12:11:01,image.edpn.ebay.com
2013-11-12 12:11:01,login.yahoo.com
2013-11-12 12:11:06,login.yahoo.com
2013-11-12 12:11:08,login.yahoo.com
2013-11-12 12:11:09,fr-mg42.mail.yahoo.com
2013-11-12 12:11:10,rover.ebay.com
2013-11-12 12:11:12,ucs.query.yahoo.com
2013-11-12 12:11:12,fr-mg42.mail.yahoo.com
2013-11-12 12:11:13,prod4.rest-core.msg.yahoo.com
2013-11-12 12:11:16,fr-mg42.mail.yahoo.com
2013-11-12 12:11:17,fr-mg42.mail.yahoo.com
2013-11-12 12:11:18,fr-mg42.mail.yahoo.com
2013-11-12 12:11:18,thumbp5-ir2.thumb.mail.yahoo.com
2013-11-12 12:11:19,fr-mg42.mail.yahoo.com
2013-11-12 12:11:19,thumbp5-ir2.thumb.mail.yahoo.com
2013-11-12 12:11:20,fr-mg42.mail.yahoo.com
2013-11-12 12:11:20,thumbp5-ir2.thumb.mail.yahoo.com
2013-11-12 12:11:21,thumbp5-ir2.thumb.mail.yahoo.com
2013-11-12 12:11:31,fr-mg42.mail.yahoo.com
2013-11-12 12:11:32,fr-mg42.mail.yahoo.com
2013-11-12 12:11:36,fr-mg42.mail.yahoo.com
2013-11-12 12:11:39,fr-mg42.mail.yahoo.com
2013-11-12 12:12:52,fr-mg42.mail.yahoo.com
2013-11-12 12:12:56,fr-mg42.mail.yahoo.com
2013-11-12 12:12:57,fr-mg42.mail.yahoo.com
2013-11-12 12:15:58,fr-mg42.mail.yahoo.com
2013-11-12 12:17:05,fr-mg42.mail.yahoo.com
2013-11-12 12:17:06,fr-mg42.mail.yahoo.com
2013-11-12 12:17:11,fr-mg42.mail.yahoo.com
2013-11-12 12:17:28,fr-mg42.mail.yahoo.com
2013-11-12 12:17:29,fr-mg42.mail.yahoo.com
2013-11-12 12:17:34,www.sendmassage.com
2013-11-12 12:17:35,www.facebook.com
2013-11-12 12:17:35,s-static.ak.facebook.com
2013-11-12 12:17:36,www.facebook.com
2013-11-12 12:17:36,fpdownload2.macromedia.com
2013-11-12 12:17:36,www.google.com
2013-11-12 12:17:36,apis.google.com
2013-11-12 12:17:37,twitter.com
2013-11-12 12:18:36,fr-mg42.mail.yahoo.com
2013-11-12 12:18:37,fr-mg42.mail.yahoo.com
2013-11-12 12:18:38,fr-mg42.mail.yahoo.com
2013-11-12 12:18:41,www.sendmassage.com
2013-11-12 12:18:42,www.facebook.com
2013-11-12 12:18:42,connect.facebook.net
2013-11-12 12:18:42,www.google.com
2013-11-12 12:18:42,s-static.ak.facebook.com
2013-11-12 12:18:43,www.google.com
2013-11-12 12:18:43,www.facebook.com
2013-11-12 12:18:43,apis.google.com
2013-11-12 12:18:44,www.facebook.com
2013-11-12 12:18:44,twitter.com
2013-11-12 12:20:08,www.google.com
2013-11-12 12:20:09,www.google.com
2013-11-12 12:20:11,www.google.com
2013-11-12 12:20:13,www.google.com
2013-11-12 12:20:26,www.sendmassage.com
2013-11-12 12:20:27,www.sendmassage.com
2013-11-12 12:20:27,www.facebook.com
2013-11-12 12:20:28,s-static.ak.facebook.com
2013-11-12 12:20:28,www.facebook.com
2013-11-12 12:20:30,www.facebook.com
2013-11-12 12:20:34,fr-mg42.mail.yahoo.com
2013-11-12 12:20:35,fr-mg42.mail.yahoo.com
2013-11-12 12:20:41,www.facebook.com
2013-11-12 12:20:41,www.sendmassage.com
2013-11-12 12:20:42,www.facebook.com
2013-11-12 12:20:42,s-static.ak.facebook.com
2013-11-12 12:20:42,www.google.com
2013-11-12 12:20:43,www.facebook.com
2013-11-12 12:20:43,apis.google.com
2013-11-12 12:21:14,twitter.com
2013-11-12 12:21:18,fr-mg42.mail.yahoo.com
2013-11-12 12:21:41,www.sendmassage.com
2013-11-12 12:21:42,www.sendmassage.com
2013-11-12 12:21:42,www.facebook.com
2013-11-12 12:21:42,s-static.ak.facebook.com
2013-11-12 12:21:44,www.facebook.com
2013-11-12 12:21:46,fr-mg42.mail.yahoo.com
2013-11-12 12:21:47,fr-mg42.mail.yahoo.com
2013-11-12 12:21:48,fr-mg42.mail.yahoo.com
2013-11-12 12:22:02,www.sendmassage.com
2013-11-12 12:22:02,www.facebook.com
2013-11-12 12:22:03,www.google.com
2013-11-12 12:22:03,s-static.ak.facebook.com
2013-11-12 12:22:03,www.facebook.com
2013-11-12 12:22:04,twitter.com
2013-11-12 12:22:04,www.facebook.com
2013-11-12 12:22:04,apis.google.com
2013-11-12 12:22:47,www.google.com
2013-11-12 12:23:01,www.sendmassage.com
2013-11-12 12:23:02,s-static.ak.facebook.com
2013-11-12 12:23:02,www.sendmassage.com
2013-11-12 12:23:02,www.facebook.com
2013-11-12 12:23:03,apis.google.com
2013-11-12 12:23:03,www.google.com
2013-11-12 12:23:03,www.facebook.com
2013-11-12 12:23:04,www.facebook.com
2013-11-12 12:23:04,twitter.com
2013-11-12 12:23:27,www.sendmassage.com
2013-11-12 12:23:27,www.facebook.com
2013-11-12 12:23:28,www.facebook.com
2013-11-12 12:23:28,s-static.ak.facebook.com
2013-11-12 12:23:30,www.facebook.com
2013-11-12 12:23:33,fr-mg42.mail.yahoo.com
2013-11-12 12:23:46,www.facebook.com
2013-11-12 12:23:46,www.sendmassage.com
2013-11-12 12:23:47,www.google.com
2013-11-12 12:23:47,s-static.ak.facebook.com
2013-11-12 12:23:48,apis.google.com
2013-11-12 12:23:48,www.facebook.com
2013-11-12 12:23:49,www.facebook.com
2013-11-12 12:24:19,twitter.com
2013-11-12 12:25:01,fr-mg42.mail.yahoo.com
2013-11-12 12:25:02,fr-mg42.mail.yahoo.com
2013-11-12 12:25:03,fr-mg42.mail.yahoo.com
2013-11-12 12:25:05,fr-mg42.mail.yahoo.com
2013-11-12 12:25:09,www.sendmassage.com
2013-11-12 12:25:10,www.sendmassage.com
2013-11-12 12:25:10,s-static.ak.facebook.com
2013-11-12 12:25:10,www.facebook.com
2013-11-12 12:25:10,www.google.com
2013-11-12 12:25:11,www.facebook.com
2013-11-12 12:25:11,apis.google.com
2013-11-12 12:25:11,www.google.com
2013-11-12 12:25:12,www.facebook.com
2013-11-12 12:25:25,www.sendmassage.com
2013-11-12 12:25:26,www.facebook.com
2013-11-12 12:25:26,www.sendmassage.com
2013-11-12 12:25:26,twitter.com
2013-11-12 12:25:27,s-static.ak.facebook.com
2013-11-12 12:25:29,www.facebook.com
2013-11-12 12:25:38,fr-mg42.mail.yahoo.com
2013-11-12 12:25:39,fr-mg42.mail.yahoo.com
2013-11-12 12:25:40,fr-mg42.mail.yahoo.com
2013-11-12 12:25:45,www.sendmassage.com
2013-11-12 12:25:46,www.google.com
2013-11-12 12:25:46,www.facebook.com
2013-11-12 12:25:46,s-static.ak.facebook.com
2013-11-12 12:25:47,www.facebook.com
2013-11-12 12:25:47,www.google.com
2013-11-12 12:25:47,apis.google.com
2013-11-12 12:25:48,www.facebook.com
2013-11-12 12:25:48,twitter.com
2013-11-12 12:25:49,login.yahoo.com
2013-11-12 12:25:49,prod4.rest-core.msg.yahoo.com
2013-11-12 12:25:50,fr.yahoo.com
2013-11-12 12:25:51,locdrop.query.yahoo.com
2013-11-12 12:25:52,mail.yahoo.com
2013-11-12 12:25:52,fr.yahoo.com
2013-11-12 12:25:53,login.yahoo.com
2013-11-12 12:25:53,rpsx.ebay.com
2013-11-12 12:25:58,login.yahoo.com
2013-11-12 12:26:01,login.yahoo.com
2013-11-12 12:26:02,fr-mg42.mail.yahoo.com
2013-11-12 12:26:05,rover.ebay.com
2013-11-12 12:26:05,fr-mg42.mail.yahoo.com
2013-11-12 12:26:06,ucs.query.yahoo.com
2013-11-12 12:26:06,fr-mg42.mail.yahoo.com
2013-11-12 12:26:07,clicks.beap.bc.yahoo.com
2013-11-12 12:26:07,prod4.rest-core.msg.yahoo.com
2013-11-12 12:26:09,fr-mg42.mail.yahoo.com
2013-11-12 12:26:15,pclick.internal.yahoo.com
2013-11-12 12:26:16,pclick.internal.yahoo.com
2013-11-12 12:27:11,www.google.com
2013-11-12 12:27:16,www.google.com
2013-11-12 12:27:17,www.google.com
2013-11-12 12:27:20,www.google.com
2013-11-12 12:27:32,www.sendmassage.com
2013-11-12 12:27:33,www.facebook.com
2013-11-12 12:27:33,www.sendmassage.com
2013-11-12 12:27:34,s-static.ak.facebook.com
2013-11-12 12:27:36,www.facebook.com
2013-11-12 12:27:42,fr-mg42.mail.yahoo.com
2013-11-12 12:27:43,fr-mg42.mail.yahoo.com
2013-11-12 12:27:44,fr-mg42.mail.yahoo.com
2013-11-12 12:27:46,fr-mg42.mail.yahoo.com
2013-11-12 12:27:52,www.sendmassage.com
2013-11-12 12:27:53,s-static.ak.facebook.com
2013-11-12 12:27:53,www.google.com
2013-11-12 12:27:53,www.facebook.com
2013-11-12 12:27:54,www.facebook.com
2013-11-12 12:27:54,apis.google.com
2013-11-12 12:27:54,www.google.com
2013-11-12 12:27:55,www.facebook.com
2013-11-12 12:27:55,twitter.com
2013-11-12 12:28:42,www.google.com
2013-11-12 12:28:43,www.google.com
2013-11-12 12:28:54,apis.google.com
2013-11-12 12:29:15,www.sendmassage.com
2013-11-12 12:29:15,apis.google.com
2013-11-12 12:29:16,www.facebook.com
2013-11-12 12:29:16,www.sendmassage.com
2013-11-12 12:29:16,apis.google.com
2013-11-12 12:29:17,www.google.com
2013-11-12 12:29:17,apis.google.com
2013-11-12 12:29:17,s-static.ak.facebook.com
2013-11-12 12:29:18,www.facebook.com
2013-11-12 12:29:18,apis.google.com
2013-11-12 12:29:19,twitter.com
2013-11-12 12:29:19,www.facebook.com
2013-11-12 12:29:26,www.google.com
2013-11-12 12:29:38,www.sendmassage.com
2013-11-12 12:29:39,www.facebook.com
2013-11-12 12:29:39,www.sendmassage.com
2013-11-12 12:29:40,www.facebook.com
2013-11-12 12:29:40,s-static.ak.facebook.com
2013-11-12 12:29:42,www.facebook.com
2013-11-12 12:29:43,fr-mg42.mail.yahoo.com
2013-11-12 12:29:44,fr-mg42.mail.yahoo.com
2013-11-12 12:29:45,fr-mg42.mail.yahoo.com
2013-11-12 12:29:48,fr-mg42.mail.yahoo.com
2013-11-12 12:29:49,fr-mg42.mail.yahoo.com
2013-11-12 12:29:50,fr-mg42.mail.yahoo.com
2013-11-12 12:29:57,www.sendmassage.com
2013-11-12 12:29:58,s-static.ak.facebook.com
2013-11-12 12:29:58,www.facebook.com
2013-11-12 12:29:58,www.google.com
2013-11-12 12:29:59,apis.google.com
2013-11-12 12:29:59,www.google.com
2013-11-12 12:29:59,www.facebook.com
2013-11-12 12:30:00,www.facebook.com
2013-11-12 12:30:30,twitter.com
2013-11-12 12:31:14,www.google.com
2013-11-12 12:31:16,www.google.com
2013-11-12 12:31:21,www.google.com
2013-11-12 12:31:22,www.google.com
2013-11-12 12:31:40,www.sendmassage.com
2013-11-12 12:31:41,www.sendmassage.com
2013-11-12 12:31:42,s-static.ak.facebook.com
2013-11-12 12:31:42,www.google.com
2013-11-12 12:31:42,feeds.feedburner.com
2013-11-12 12:31:42,www.facebook.com
2013-11-12 12:31:42,www.sendmassage.com
2013-11-12 12:31:42,apis.google.com
2013-11-12 12:31:43,www.google.com
2013-11-12 12:31:43,www.facebook.com
2013-11-12 12:31:43,apis.google.com
2013-11-12 12:31:44,twitter.com
2013-11-12 12:31:44,www.facebook.com
2013-11-12 12:32:05,www.sendmassage.com
2013-11-12 12:32:06,www.sendmassage.com
2013-11-12 12:32:06,www.facebook.com
2013-11-12 12:32:06,s-static.ak.facebook.com
2013-11-12 12:32:09,www.facebook.com
2013-11-12 12:32:20,fr-mg42.mail.yahoo.com
2013-11-12 12:32:22,fr-mg42.mail.yahoo.com
2013-11-12 12:32:27,us-mg42.mail.yahoo.com
2013-11-12 12:32:27,thumbp5-ir2.thumb.mail.yahoo.com
2013-11-12 12:32:27,fr-mg42.mail.yahoo.com
2013-11-12 12:32:28,thumbp5-ir2.thumb.mail.yahoo.com
2013-11-12 12:34:43,fr-mg42.mail.yahoo.com
2013-11-12 12:34:47,www.sendmassage.com
2013-11-12 12:34:48,www.facebook.com
2013-11-12 12:34:48,s-static.ak.facebook.com
2013-11-12 12:34:49,www.google.com
2013-11-12 12:34:49,www.facebook.com
2013-11-12 12:34:50,apis.google.com
2013-11-12 12:34:50,www.facebook.com
2013-11-12 12:34:51,www.facebook.com
2013-11-12 12:34:51,twitter.com
2013-11-12 12:35:51,www.google.com
2013-11-12 12:35:52,www.google.com
2013-11-12 12:36:06,www.sendmassage.com
2013-11-12 12:36:07,www.facebook.com
2013-11-12 12:36:07,www.sendmassage.com
2013-11-12 12:36:07,s-static.ak.facebook.com
2013-11-12 12:36:09,www.facebook.com
2013-11-12 12:36:09,fr-mg42.mail.yahoo.com
2013-11-12 12:36:12,fr-mg42.mail.yahoo.com
2013-11-12 12:36:37,fr-mg42.mail.yahoo.com
2013-11-12 12:36:40,www.sendmassage.com
2013-11-12 12:36:41,www.facebook.com
2013-11-12 12:36:41,www.google.com
2013-11-12 12:36:41,s-static.ak.facebook.com
2013-11-12 12:36:42,www.google.com
2013-11-12 12:36:42,www.facebook.com
2013-11-12 12:36:43,www.facebook.com
2013-11-12 12:36:43,apis.google.com
2013-11-12 12:36:43,twitter.com
2013-11-12 12:37:59,www.sendmassage.com
2013-11-12 12:38:00,www.sendmassage.com
2013-11-12 12:38:00,www.facebook.com
2013-11-12 12:38:01,www.facebook.com
2013-11-12 12:38:01,s-static.ak.facebook.com
2013-11-12 12:38:03,www.facebook.com
2013-11-12 12:38:07,fr-mg42.mail.yahoo.com
2013-11-12 12:38:08,fr-mg42.mail.yahoo.com
2013-11-12 12:38:14,fr-mg42.mail.yahoo.com
2013-11-12 12:38:16,fr-mg42.mail.yahoo.com
2013-11-12 12:38:17,fr-mg42.mail.yahoo.com
2013-11-12 12:38:35,fr-mg42.mail.yahoo.com
2013-11-12 12:38:39,fr-mg42.mail.yahoo.com
2013-11-12 12:38:40,fr-mg42.mail.yahoo.com
2013-11-12 12:38:44,fr-mg42.mail.yahoo.com
2013-11-12 12:38:45,fr-mg42.mail.yahoo.com
2013-11-12 12:39:20,fr-mg42.mail.yahoo.com
2013-11-12 12:39:21,fr-mg42.mail.yahoo.com
2013-11-12 12:39:24,www.sendmassage.com
2013-11-12 12:39:25,www.google.com
2013-11-12 12:39:25,platform.twitter.com
2013-11-12 12:39:25,connect.facebook.net
2013-11-12 12:39:25,www.facebook.com
2013-11-12 12:39:25,s-static.ak.facebook.com
2013-11-12 12:39:26,apis.google.com
2013-11-12 12:39:26,www.google.com
2013-11-12 12:39:26,www.facebook.com
2013-11-12 12:39:27,twitter.com
2013-11-12 12:39:27,www.facebook.com
2013-11-12 12:40:35,www.google.com
2013-11-12 12:40:37,www.google.com
2013-11-12 12:40:48,www.facebook.com
2013-11-12 12:40:48,www.sendmassage.com
2013-11-12 12:40:49,www.facebook.com
2013-11-12 12:40:49,s-static.ak.facebook.com
2013-11-12 12:40:51,www.facebook.com
2013-11-12 12:40:56,fr-mg42.mail.yahoo.com
2013-11-12 12:41:03,fr-mg42.mail.yahoo.com
2013-11-12 12:41:10,fr-mg42.mail.yahoo.com
2013-11-12 12:41:11,fr-mg42.mail.yahoo.com
2013-11-12 12:41:12,fr-mg42.mail.yahoo.com
2013-11-12 12:41:17,s-static.ak.facebook.com
2013-11-12 12:41:17,www.sendmassage.com
2013-11-12 12:41:17,www.facebook.com
2013-11-12 12:41:17,www.google.com
2013-11-12 12:41:18,www.google.com
2013-11-12 12:41:18,www.facebook.com
2013-11-12 12:41:19,apis.google.com
2013-11-12 12:41:19,www.facebook.com
2013-11-12 12:41:23,fr-mg42.mail.yahoo.com
2013-11-12 12:41:24,fr-mg42.mail.yahoo.com
2013-11-12 12:41:30,fr-mg42.mail.yahoo.com
2013-11-12 12:41:49,twitter.com
2013-11-12 12:42:21,www.google.com
2013-11-12 12:42:25,www.google.com
2013-11-12 12:42:26,www.google.com
2013-11-12 12:42:27,www.google.com
2013-11-12 12:42:49,www.sendmassage.com
2013-11-12 12:42:50,www.sendmassage.com
2013-11-12 12:42:50,www.facebook.com
2013-11-12 12:42:50,s-static.ak.facebook.com
2013-11-12 12:42:52,www.facebook.com
2013-11-12 12:43:03,fr-mg42.mail.yahoo.com
2013-11-12 12:43:05,fr-mg42.mail.yahoo.com
2013-11-12 12:43:12,prod4.rest-core.msg.yahoo.com
2013-11-12 12:43:13,login.yahoo.com
2013-11-12 12:43:14,fr.yahoo.com
2013-11-12 12:43:16,fr.yahoo.com
2013-11-12 12:43:16,locdrop.query.yahoo.com
2013-11-12 12:43:17,mail.yahoo.com
2013-11-12 12:43:18,login.yahoo.com
2013-11-12 12:43:22,login.yahoo.com
2013-11-12 12:43:30,login.yahoo.com
2013-11-12 12:43:31,fr-mg42.mail.yahoo.com
2013-11-12 12:43:32,fr-mg42.mail.yahoo.com
2013-11-12 12:43:35,fr-mg42.mail.yahoo.com
2013-11-12 12:43:37,fr-mg42.mail.yahoo.com
2013-11-12 12:43:38,fr-mg42.mail.yahoo.com
2013-11-12 12:43:38,ucs.query.yahoo.com
2013-11-12 12:43:38,prod4.rest-core.msg.yahoo.com
2013-11-12 12:43:39,fr-mg42.mail.yahoo.com
2013-11-12 12:43:40,fr-mg42.mail.yahoo.com
2013-11-12 12:43:43,fr-mg42.mail.yahoo.com
2013-11-12 12:43:44,fr-mg42.mail.yahoo.com
2013-11-12 12:43:45,fr-mg42.mail.yahoo.com
2013-11-12 12:43:46,fr-mg42.mail.yahoo.com
2013-11-12 12:43:47,fr-mg42.mail.yahoo.com
2013-11-12 12:43:48,fr-mg42.mail.yahoo.com
2013-11-12 12:43:50,prod4.rest-core.msg.yahoo.com
2013-11-12 12:43:51,fr.yahoo.com
2013-11-12 12:43:51,login.yahoo.com
2013-11-12 12:43:53,locdrop.query.yahoo.com
2013-11-12 12:43:53,fr.yahoo.com
2013-11-12 12:43:55,rpsx.ebay.com
2013-11-12 12:43:56,image.edpn.ebay.com
2013-11-12 12:44:02,fr.yahoo.com
2013-11-12 12:44:05,image.edpn.ebay.com
2013-11-12 12:44:06,rover.ebay.com
2013-11-12 12:44:07,fr.search.yahoo.com
2013-11-12 12:44:09,fr.search.yahoo.com
2013-11-12 12:44:10,image.edpn.ebay.com
2013-11-12 12:44:10,rover.ebay.com
2013-11-12 12:44:10,fr.search.yahoo.com
2013-11-12 12:44:15,image.edpn.ebay.com
2013-11-12 12:44:20,image.edpn.ebay.com
2013-11-12 12:44:22,maps.googleapis.com
2013-11-12 12:44:25,image.edpn.ebay.com
2013-11-12 12:44:27,maps.googleapis.com
2013-11-12 12:44:27,apis.google.com
2013-11-12 12:44:30,accounts.google.com
2013-11-12 12:44:33,fr.search.yahoo.com
2013-11-12 12:44:33,accounts.google.com
2013-11-12 12:44:33,apis.google.com
2013-11-12 12:44:33,maps.googleapis.com
2013-11-12 12:44:34,maps.googleapis.com
2013-11-12 12:44:34,fr.yahoo.com
2013-11-12 12:44:44,maps.googleapis.com
2013-11-12 12:44:45,maps.googleapis.com
2013-11-12 12:44:48,d31om98y0oh1rn.cloudfront.net
2013-11-12 12:44:48,maps.googleapis.com
2013-11-12 12:44:49,apis.google.com
2013-11-12 12:44:49,d31om98y0oh1rn.cloudfront.net
2013-11-12 12:44:49,www.inchstatic.com
2013-11-12 12:44:50,d31om98y0oh1rn.cloudfront.net
2013-11-12 12:44:57,maps.googleapis.com
2013-11-12 12:44:57,d31om98y0oh1rn.cloudfront.net
2013-11-12 12:46:32,www.inchstatic.com
2013-11-12 12:46:33,d31om98y0oh1rn.cloudfront.net
2013-11-12 12:46:35,maps.googleapis.com
2013-11-12 12:46:36,maps.googleapis.com
2013-11-12 12:46:43,fr.yahoo.com
2013-11-12 12:46:47,apis.google.com
2013-11-12 13:41:01,yahoo.fr
2013-11-12 13:41:02,fr.yahoo.com
2013-11-12 13:41:05,fr.yahoo.com
2013-11-12 13:41:06,mail.yahoo.com
2013-11-12 13:41:12,mail.yahoo.com
2013-11-12 13:41:17,rover.ebay.com
2013-11-12 13:41:18,login.yahoo.com
2013-11-12 13:41:19,login.yahoo.com
2013-11-12 13:41:20,login.yahoo.com
2013-11-12 13:41:25,login.yahoo.com
2013-11-12 13:41:34,login.yahoo.com
2013-11-12 13:41:35,fr-mg42.mail.yahoo.com
2013-11-12 13:41:38,fr-mg42.mail.yahoo.com
2013-11-12 13:41:39,prod4.rest-core.msg.yahoo.com
2013-11-12 13:41:41,fr-mg42.mail.yahoo.com
2013-11-12 13:41:42,fr-mg42.mail.yahoo.com
2013-11-12 13:41:45,ucs.query.yahoo.com
2013-11-12 13:41:47,fr-mg42.mail.yahoo.com
2013-11-12 13:41:47,ucs.query.yahoo.com
2013-11-12 13:41:51,fr-mg42.mail.yahoo.com
2013-11-12 13:41:55,fr-mg42.mail.yahoo.com
2013-11-12 13:41:56,fr-mg42.mail.yahoo.com
2013-11-12 13:41:59,fr-mg42.mail.yahoo.com
2013-11-12 13:42:01,prod4.rest-core.msg.yahoo.com
2013-11-12 13:42:01,login.yahoo.com
2013-11-12 13:42:02,fr.yahoo.com
2013-11-12 13:42:04,locdrop.query.yahoo.com
2013-11-12 13:42:04,fr.yahoo.com
2013-11-12 13:42:04,rpsx.ebay.com
2013-11-12 13:42:05,rpsx.ebay.com
2013-11-12 13:42:06,image.edpn.ebay.com
2013-11-12 13:42:15,image.edpn.ebay.com
2013-11-12 13:42:16,rover.ebay.com
2013-11-12 13:42:20,image.edpn.ebay.com
2013-11-12 13:42:25,image.edpn.ebay.com
2013-11-12 13:42:30,image.edpn.ebay.com
2013-11-12 13:42:35,image.edpn.ebay.com
2013-11-12 13:47:35,rover.ebay.com
2013-11-12 17:15:49,www.google.fr
2013-11-12 17:15:49,apis.google.com
2013-11-12 17:15:52,www.google.com
2013-11-12 17:16:14,www.google.fr
2013-11-12 17:16:14,apis.google.com
2013-11-12 17:16:14,www.google.com
2013-11-12 17:16:15,www.dipolnet.com
2013-11-12 17:16:15,www.google.fr
2013-11-12 17:16:16,www.dipolnet.com
2013-11-12 17:17:58,www.google.fr
2013-11-12 17:17:59,www.giangrandi.ch
2013-11-12 17:17:59,www.google.fr
2013-11-20 17:39:23,fpdownload2.macromedia.com
2013-11-20 17:39:28,yahoo.fr
2013-11-20 17:39:29,fr.yahoo.com
2013-11-20 17:39:31,fr.yahoo.com
2013-11-20 17:39:31,locdrop.query.yahoo.com
2013-11-20 17:39:33,fr.yahoo.com
2013-11-20 17:39:33,mail.yahoo.com
2013-11-20 17:39:38,mail.yahoo.com
2013-11-20 17:39:41,www.sendmassage.com
2013-11-20 17:39:42,static.ak.facebook.com
2013-11-20 17:39:42,www.sendmassage.com
2013-11-20 17:39:42,connect.facebook.net
2013-11-20 17:39:43,www.sendmassage.com
2013-11-20 17:39:43,www.facebook.com
2013-11-20 17:39:43,platform.twitter.com
2013-11-20 17:39:43,www.google.com
2013-11-20 17:39:43,feeds.feedburner.com
2013-11-20 17:39:43,s-static.ak.facebook.com
2013-11-20 17:39:44,boutique-online.orange.fr
2013-11-20 17:39:44,www.sendmassage.com
2013-11-20 17:39:44,www.google.com
2013-11-20 17:39:44,hal9000.redintelligence.net
2013-11-20 17:39:44,n40.hal9000.redintelligence.net
2013-11-20 17:39:45,login.yahoo.com
2013-11-20 17:39:45,ea.numericable.fr
2013-11-20 17:39:46,login.yahoo.com
2013-11-20 17:39:49,login.yahoo.com
2013-11-20 17:39:53,twitter.com
2013-11-20 17:39:53,login.yahoo.com
2013-11-20 17:39:55,twitter.com
2013-11-20 17:39:55,apis.google.com
2013-11-20 17:39:57,apis.google.com
2013-11-20 17:39:57,accounts.google.com
2013-11-20 17:40:00,login.yahoo.com
2013-11-20 17:40:01,fr-mg42.mail.yahoo.com
2013-11-20 17:40:02,fr-mg42.mail.yahoo.com
2013-11-20 17:40:02,prod4.rest-core.msg.yahoo.com
2013-11-20 17:40:03,apis.google.com
2013-11-20 17:40:03,fr-mg42.mail.yahoo.com
2013-11-20 17:40:03,www.sendmassage.com
2013-11-20 17:40:04,accounts.google.com
2013-11-20 17:40:04,www.google.com
2013-11-20 17:40:04,static.ak.facebook.com
2013-11-20 17:40:04,prod4.rest-core.msg.yahoo.com
2013-11-20 17:40:04,www.facebook.com
2013-11-20 17:40:04,s-static.ak.facebook.com
2013-11-20 17:40:04,apis.google.com
2013-11-20 17:40:05,apis.google.com
2013-11-20 17:40:05,www.google.com
2013-11-20 17:40:05,www.facebook.com
2013-11-20 17:40:06,twitter.com
2013-11-20 17:40:06,www.facebook.com
2013-11-20 17:40:07,fr-mg42.mail.yahoo.com
2013-11-20 17:40:15,ucs.query.yahoo.com
2013-11-20 17:40:25,ucs.query.yahoo.com
2013-11-20 17:40:26,clicks.beap.bc.yahoo.com
2013-11-20 17:41:52,fr-mg42.mail.yahoo.com
2013-11-20 17:41:54,fr-mg42.mail.yahoo.com
2013-11-20 17:42:05,www.sendmassage.com
2013-11-20 17:42:06,service.centraltag.com
2013-11-20 17:42:20,fr-mg42.mail.yahoo.com
2013-11-20 17:42:21,fr-mg42.mail.yahoo.com
2013-11-20 17:42:22,fr-mg42.mail.yahoo.com
2013-11-20 17:42:49,fr-mg42.mail.yahoo.com
2013-11-20 17:42:54,fr-mg42.mail.yahoo.com
2013-11-20 17:43:17,fr-mg42.mail.yahoo.com
2013-11-20 17:43:18,fr-mg42.mail.yahoo.com
2013-11-20 17:43:19,fr-mg42.mail.yahoo.com
2013-11-20 17:43:21,fr-mg42.mail.yahoo.com
2013-11-20 17:43:22,fr-mg42.mail.yahoo.com
2013-11-20 17:43:23,fr-mg42.mail.yahoo.com
2013-11-20 17:43:24,fr-mg42.mail.yahoo.com
2013-11-20 17:43:40,prod4.rest-core.msg.yahoo.com
2013-11-20 17:43:40,login.yahoo.com
2013-11-20 17:43:41,fr.yahoo.com
2013-11-20 17:43:42,yui.yahooapis.com
2013-11-20 17:43:43,fr.yahoo.com
2013-11-20 17:43:43,locdrop.query.yahoo.com
2013-11-20 17:43:44,mail.yahoo.com
2013-11-20 17:43:45,login.yahoo.com
2013-11-20 17:43:46,login.yahoo.com
2013-11-20 17:43:51,login.yahoo.com
2013-11-20 17:43:52,fr-mg42.mail.yahoo.com
2013-11-20 17:43:54,prod4.rest-core.msg.yahoo.com
2013-11-20 17:43:55,fr-mg42.mail.yahoo.com
2013-11-20 17:43:56,ucs.query.yahoo.com
2013-11-20 17:43:56,prod4.rest-core.msg.yahoo.com
2013-11-20 17:43:58,fr-mg42.mail.yahoo.com
2013-11-20 17:44:00,fr-mg42.mail.yahoo.com
2013-11-20 17:44:03,fr-mg42.mail.yahoo.com
2013-11-20 17:44:05,adgallery.zenfs.com
2013-11-20 17:44:08,fr-mg42.mail.yahoo.com
2013-11-20 17:44:09,fr-mg42.mail.yahoo.com
2013-11-20 17:44:10,fr-mg42.mail.yahoo.com
2013-11-20 17:44:11,fr-mg42.mail.yahoo.com
2013-11-20 17:46:15,fr-mg42.mail.yahoo.com
2013-11-20 17:46:22,fr-mg42.mail.yahoo.com
2013-11-20 17:46:23,a248.e.akamai.net
2013-11-20 17:46:23,fr-mg42.mail.yahoo.com
2013-11-20 17:46:31,www.emploi.sncf.com
2013-11-20 17:47:03,fr-mg42.mail.yahoo.com
2013-11-20 17:47:06,prod4.rest-core.msg.yahoo.com
2013-11-20 17:47:07,fr-mg42.mail.yahoo.com
2013-11-20 17:47:09,prod4.rest-core.msg.yahoo.com
2013-11-20 17:47:10,fr-mg42.mail.yahoo.com
2013-11-20 17:47:11,prod4.rest-core.msg.yahoo.com
2013-11-20 17:47:13,fr-mg42.mail.yahoo.com
2013-11-20 17:47:14,fr-mg42.mail.yahoo.com
2013-11-20 17:47:19,fr-mg42.mail.yahoo.com
2013-11-20 17:47:20,fr-mg42.mail.yahoo.com
2013-11-20 17:47:21,fr-mg42.mail.yahoo.com
2013-11-20 17:47:53,www.google.com
2013-11-20 17:47:53,www.facebook.com
2013-11-20 17:47:53,s-static.ak.facebook.com
2013-11-20 17:47:53,www.sendmassage.com
2013-11-20 17:47:53,static.ak.facebook.com
2013-11-20 17:47:54,www.google.com
2013-11-20 17:47:54,www.facebook.com
2013-11-20 17:47:54,apis.google.com
2013-11-20 17:47:55,twitter.com
2013-11-20 17:48:50,www.facebook.com
2013-11-20 17:48:50,www.sendmassage.com
2013-11-20 17:48:51,www.facebook.com
2013-11-20 17:48:51,static.ak.facebook.com
2013-11-20 17:48:51,s-static.ak.facebook.com
2013-11-20 17:48:51,www.sendmassage.com
2013-11-20 17:48:53,www.facebook.com
2013-11-20 17:48:53,www.sendmassage.com
2013-11-20 17:48:58,fr-mg42.mail.yahoo.com
2013-11-20 17:48:59,fr-mg42.mail.yahoo.com
2013-11-20 17:49:00,fr-mg42.mail.yahoo.com
2013-11-20 17:49:04,fr-mg42.mail.yahoo.com
2013-11-20 17:49:04,a248.e.akamai.net
2013-11-20 17:49:06,fr-mg42.mail.yahoo.com
2013-11-20 17:49:07,fr-mg42.mail.yahoo.com
2013-11-20 17:49:08,fr-mg42.mail.yahoo.com
2013-11-20 17:49:10,fr-mg42.mail.yahoo.com
2013-11-20 17:49:11,fr-mg42.mail.yahoo.com
2013-11-20 17:49:13,fr-mg42.mail.yahoo.com
2013-11-20 17:49:21,fr-mg42.mail.yahoo.com
2013-11-20 17:49:23,fr-mg42.mail.yahoo.com
2013-11-20 17:49:33,fr-mg42.mail.yahoo.com
2013-11-20 17:49:36,fr-mg42.mail.yahoo.com
2013-11-20 17:49:41,fr-mg42.mail.yahoo.com
2013-11-20 17:49:42,fr-mg42.mail.yahoo.com
2013-11-20 17:49:44,fr-mg42.mail.yahoo.com
2013-11-20 17:49:46,fr-mg42.mail.yahoo.com
2013-11-20 17:50:04,fr-mg42.mail.yahoo.com
2013-11-20 17:50:27,prod4.rest-core.msg.yahoo.com
2013-11-20 17:50:35,fr.yahoo.com
2013-11-20 17:50:37,fr.yahoo.com
2013-11-20 17:50:38,fr.yahoo.com
2013-11-20 17:50:38,mail.yahoo.com
2013-11-20 17:50:42,mail.yahoo.com
2013-11-20 17:50:55,login.yahoo.com
2013-11-20 17:50:56,login.yahoo.com
2013-11-20 17:50:57,login.yahoo.com
2013-11-20 17:51:01,login.yahoo.com
2013-11-22 11:52:27,yahoo.fr
2013-11-22 11:52:28,fr.yahoo.com
2013-11-22 11:52:30,mail.yahoo.com
2013-11-22 11:52:30,fr.yahoo.com
2013-11-22 11:52:31,mail.yahoo.com
2013-11-22 11:52:42,login.yahoo.com
2013-11-22 11:52:43,login.yahoo.com
2013-11-22 11:52:44,login.yahoo.com
2013-11-22 11:52:49,login.yahoo.com
2013-11-22 11:52:54,login.yahoo.com
2013-11-22 11:52:55,fr-mg42.mail.yahoo.com
2013-11-22 11:52:57,fr-mg42.mail.yahoo.com
2013-11-22 11:52:59,prod4.rest-core.msg.yahoo.com
2013-11-22 11:53:01,fr-mg42.mail.yahoo.com
2013-11-22 11:53:02,prod4.rest-core.msg.yahoo.com
2013-11-22 11:53:04,fr-mg42.mail.yahoo.com
2013-11-22 11:53:05,fr-mg42.mail.yahoo.com
2013-11-22 11:53:05,ucs.query.yahoo.com
2013-11-22 11:53:06,ucs.query.yahoo.com
2013-11-22 11:53:06,fr-mg42.mail.yahoo.com
2013-11-22 11:53:08,fr-mg42.mail.yahoo.com
2013-11-22 11:53:12,fr-mg42.mail.yahoo.com
2013-11-22 11:53:13,fr-mg42.mail.yahoo.com
2013-11-22 11:54:24,fr-mg42.mail.yahoo.com
2013-11-22 11:54:25,fr-mg42.mail.yahoo.com
2013-11-22 11:54:26,fr-mg42.mail.yahoo.com
2013-11-22 11:54:30,fr-mg42.mail.yahoo.com
2013-11-22 11:54:31,fr-mg42.mail.yahoo.com
2013-11-22 11:54:53,fr-mg42.mail.yahoo.com
2013-11-22 11:54:55,fr-mg42.mail.yahoo.com
2013-11-22 11:54:56,fr-mg42.mail.yahoo.com
2013-11-22 11:54:57,fr-mg42.mail.yahoo.com
2013-11-22 11:55:01,fr-mg42.mail.yahoo.com
2013-11-22 11:55:02,fr-mg42.mail.yahoo.com
2013-11-22 11:55:03,fr-mg42.mail.yahoo.com
2013-11-22 11:55:05,fr-mg42.mail.yahoo.com
2013-11-22 11:55:06,fr-mg42.mail.yahoo.com
2013-11-22 11:55:07,fr-mg42.mail.yahoo.com
2013-11-22 11:55:08,fr-mg42.mail.yahoo.com
2013-11-22 11:55:11,fr-mg42.mail.yahoo.com
2013-11-22 11:55:12,fr-mg42.mail.yahoo.com
2013-11-22 11:55:27,fr-mg42.mail.yahoo.com
2013-11-22 11:55:28,fr-mg42.mail.yahoo.com
2013-11-22 11:55:29,fr-mg42.mail.yahoo.com
2013-11-22 11:56:28,us.lrd.yahoo.com
2013-11-22 11:56:29,login.yahoo.com
2013-11-22 11:56:29,prod4.rest-core.msg.yahoo.com
2013-11-22 11:56:30,fr.yahoo.com
2013-11-22 11:56:32,fr.yahoo.com
2013-11-22 11:56:32,mail.yahoo.com
2013-11-22 11:56:33,login.yahoo.com
2013-11-22 11:56:33,locdrop.query.yahoo.com
2013-11-22 11:56:33,yui.yahooapis.com
2013-11-22 11:56:33,fr.yahoo.com
2013-11-22 11:56:34,login.yahoo.com
2013-11-22 11:56:38,login.yahoo.com
2013-11-22 11:56:41,login.yahoo.com
2013-11-22 11:56:42,fr-mg42.mail.yahoo.com
2013-11-22 11:56:44,prod4.rest-core.msg.yahoo.com
2013-11-22 11:56:45,fr-mg42.mail.yahoo.com
2013-11-22 11:56:46,ucs.query.yahoo.com
2013-11-22 11:56:47,prod4.rest-core.msg.yahoo.com
2013-11-22 11:56:49,fr-mg42.mail.yahoo.com
2013-11-22 11:56:52,fr-mg42.mail.yahoo.com
2013-11-22 11:56:53,fr-mg42.mail.yahoo.com
2013-11-22 11:56:54,fr-mg42.mail.yahoo.com
2013-11-22 11:57:02,www.emploi.sncf.com
2013-11-22 11:57:03,www.emploi.sncf.com
2013-11-22 11:57:04,www.emploi.sncf.com
2013-11-22 11:57:05,www.emploi.sncf.com
2013-11-22 11:57:12,fr-mg42.mail.yahoo.com
2013-11-22 11:57:14,fr-mg42.mail.yahoo.com
2013-11-22 11:57:16,www.emploi.sncf.com
2013-11-22 11:57:22,fr-mg42.mail.yahoo.com
2013-11-22 11:57:29,fr-mg42.mail.yahoo.com
2013-11-22 11:57:30,fr-mg42.mail.yahoo.com
2013-11-22 11:57:46,www.emploi.sncf.com
2013-11-22 11:57:50,us.lrd.yahoo.com
2013-11-22 11:57:51,login.yahoo.com
2013-11-22 11:57:51,prod4.rest-core.msg.yahoo.com
2013-11-22 11:57:52,fr.yahoo.com
2013-11-22 11:57:54,yui.yahooapis.com
2013-11-22 11:57:54,fr.yahoo.com
2013-11-22 11:57:54,locdrop.query.yahoo.com
2013-11-22 11:58:34,fr.yahoo.com
2013-11-27 10:18:30,javadl-esd.sun.com
2013-12-12 10:09:32,yahoo.fr
2013-12-12 10:09:33,fr.yahoo.com
2013-12-12 10:09:35,fr.yahoo.com
2013-12-12 10:09:35,mail.yahoo.com
2013-12-12 10:09:37,mail.yahoo.com
2013-12-12 10:09:43,mail.yahoo.com
2013-12-12 10:09:49,login.yahoo.com
2013-12-12 10:09:50,login.yahoo.com
2013-12-12 10:09:51,login.yahoo.com
2013-12-12 10:09:56,login.yahoo.com
2013-12-12 10:10:02,login.yahoo.com
2013-12-12 10:10:03,fr-mg42.mail.yahoo.com
2013-12-12 10:10:07,prod4.rest-core.msg.yahoo.com
2013-12-12 10:10:08,fr-mg42.mail.yahoo.com
2013-12-12 10:10:09,fr-mg42.mail.yahoo.com
2013-12-12 10:10:10,prod4.rest-core.msg.yahoo.com
2013-12-12 10:10:11,thumbp5-ir2.thumb.mail.yahoo.com
2013-12-12 10:10:12,fr-mg42.mail.yahoo.com
2013-12-12 10:10:12,thumbp5-ir2.thumb.mail.yahoo.com
2013-12-12 10:10:13,fr-mg42.mail.yahoo.com
2013-12-12 10:10:14,fr-mg42.mail.yahoo.com
2013-12-12 10:10:17,ucs.query.yahoo.com
2013-12-12 10:10:18,us-mg42.mail.yahoo.com
2013-12-12 10:10:26,ucs.query.yahoo.com
2013-12-12 10:10:26,us-mg42.mail.yahoo.com
2013-12-12 10:11:28,fr-mg42.mail.yahoo.com
2013-12-12 10:11:28,us-mg42.mail.yahoo.com
2013-12-12 10:11:34,fr-mg42.mail.yahoo.com
2013-12-12 10:11:35,fr-mg42.mail.yahoo.com
2013-12-12 10:11:36,fr-mg42.mail.yahoo.com
2013-12-12 10:11:40,prod4.rest-core.msg.yahoo.com
2013-12-12 10:11:41,login.yahoo.com
2013-12-12 10:11:42,fr.yahoo.com
2013-12-12 10:11:43,fr.yahoo.com
2013-12-12 10:11:44,yui.yahooapis.com
2013-12-12 10:11:44,mail.yahoo.com
2013-12-12 10:11:44,fr.yahoo.com
2013-12-12 10:11:45,login.yahoo.com
2013-12-12 10:11:46,login.yahoo.com
2013-12-12 10:11:52,login.yahoo.com
2013-12-12 10:11:53,fr-mg42.mail.yahoo.com
2013-12-12 10:11:54,fr-mg42.mail.yahoo.com
2013-12-12 10:11:55,prod4.rest-core.msg.yahoo.com
2013-12-12 10:11:56,fr-mg42.mail.yahoo.com
2013-12-12 10:11:57,ucs.query.yahoo.com
2013-12-12 10:11:58,prod4.rest-core.msg.yahoo.com
2013-12-12 10:11:59,fr-mg42.mail.yahoo.com
2013-12-12 10:12:00,fr-mg42.mail.yahoo.com
2013-12-12 10:12:01,fr-mg42.mail.yahoo.com
2013-12-12 10:12:03,login.yahoo.com
2013-12-12 10:12:03,prod4.rest-core.msg.yahoo.com
2013-12-12 10:12:04,fr.yahoo.com
2013-12-12 10:12:06,locdrop.query.yahoo.com
2013-12-12 10:12:06,fr.yahoo.com
2013-12-12 10:12:11,fr-mg42.mail.yahoo.com
2013-12-12 10:12:15,fr.yahoo.com
2013-12-12 10:12:16,mail.yahoo.com
2013-12-12 10:12:17,login.yahoo.com
2013-12-12 10:12:18,login.yahoo.com
2013-12-12 10:12:25,login.yahoo.com
2013-12-12 10:12:28,login.yahoo.com
2013-12-12 10:12:29,login.yahoo.com
2013-12-12 10:12:30,fr-mg42.mail.yahoo.com
2013-12-12 10:12:31,fr-mg42.mail.yahoo.com
2013-12-12 10:12:32,prod4.rest-core.msg.yahoo.com
2013-12-12 10:12:34,fr-mg42.mail.yahoo.com
2013-12-12 10:12:35,prod4.rest-core.msg.yahoo.com
2013-12-12 10:12:35,ucs.query.yahoo.com
2013-12-12 10:12:37,fr-mg42.mail.yahoo.com
2013-12-12 10:12:38,fr-mg42.mail.yahoo.com
2013-12-12 10:12:42,fr-mg42.mail.yahoo.com
2013-12-12 10:12:43,fr-mg42.mail.yahoo.com
2013-12-12 10:12:44,fr-mg42.mail.yahoo.com
2013-12-12 10:12:45,fr-mg42.mail.yahoo.com
2013-12-12 10:12:46,fr-mg42.mail.yahoo.com
2013-12-12 10:12:47,fr-mg42.mail.yahoo.com
2013-12-12 10:12:48,www.google.fr
2013-12-12 10:12:48,fr-mg42.mail.yahoo.com
2013-12-12 10:12:49,apis.google.com
2013-12-12 10:12:49,fr-mg42.mail.yahoo.com
2013-12-12 10:12:51,www.dropbox.com
2013-12-12 10:12:51,www.google.com
2013-12-12 10:12:55,fr-mg42.mail.yahoo.com
2013-12-12 10:13:01,mobile.free.fr
2013-12-12 10:13:01,apis.google.com
2013-12-12 10:13:01,www.google.com
2013-12-12 10:13:01,www.google.fr
2013-12-12 10:13:02,mobile.free.fr
2013-12-12 10:13:19,mobile.free.fr
2013-12-12 10:13:52,www.dropbox.com
2013-12-12 10:14:13,mobile.free.fr
2013-12-12 10:14:16,fr-mg42.mail.yahoo.com
2013-12-12 10:14:19,fr-mg42.mail.yahoo.com
2013-12-12 10:14:20,fr-mg42.mail.yahoo.com
2013-12-12 10:14:25,fr-mg42.mail.yahoo.com
2013-12-12 10:14:26,fr-mg42.mail.yahoo.com
2013-12-12 10:15:14,mobile.free.fr
2013-12-12 10:15:29,fr-mg42.mail.yahoo.com
2013-12-12 10:15:33,prod4.rest-core.msg.yahoo.com
2013-12-12 11:04:17,fr.yahoo.com
2013-12-12 11:04:19,fr.yahoo.com
2013-12-12 11:04:20,mail.yahoo.com
2013-12-12 11:04:29,mail.yahoo.com
2013-12-12 11:04:32,login.yahoo.com
2013-12-12 11:04:34,login.yahoo.com
2013-12-12 11:04:35,login.yahoo.com
2013-12-12 11:04:41,login.yahoo.com
2013-12-12 11:05:19,login.yahoo.com
2013-12-12 11:05:20,fr-mg42.mail.yahoo.com
2013-12-12 11:05:22,prod4.rest-core.msg.yahoo.com
2013-12-12 11:05:23,fr-mg42.mail.yahoo.com
2013-12-12 11:05:25,prod4.rest-core.msg.yahoo.com
2013-12-12 11:05:26,fr-mg42.mail.yahoo.com
2013-12-12 11:05:27,fr-mg42.mail.yahoo.com
2013-12-12 11:05:28,fr-mg42.mail.yahoo.com
2013-12-12 11:05:30,ucs.query.yahoo.com
2013-12-12 11:05:31,fr-mg42.mail.yahoo.com
2013-12-12 11:05:32,ucs.query.yahoo.com
2013-12-12 11:05:32,fr-mg42.mail.yahoo.com
2013-12-12 11:05:38,fr-mg42.mail.yahoo.com
2013-12-12 11:05:47,fr-mg42.mail.yahoo.com
2013-12-12 11:05:50,www.dropbox.com
2013-12-12 11:06:51,www.dropbox.com
2013-12-12 11:06:53,fr-mg42.mail.yahoo.com
2013-12-12 11:07:40,fr-mg42.mail.yahoo.com
2013-12-12 11:07:45,fr-mg42.mail.yahoo.com
2013-12-12 11:07:46,fr-mg42.mail.yahoo.com
2013-12-12 11:07:49,fr-mg42.mail.yahoo.com
2013-12-12 11:07:51,fr-mg42.mail.yahoo.com
2013-12-12 11:07:57,fr-mg42.mail.yahoo.com
2013-12-12 11:08:00,fr-mg42.mail.yahoo.com
2013-12-12 11:08:03,fr-mg42.mail.yahoo.com
2013-12-12 11:08:07,fr-mg42.mail.yahoo.com
2013-12-12 11:08:14,fr-mg42.mail.yahoo.com
2013-12-12 11:08:16,prod4.rest-core.msg.yahoo.com
2013-12-12 11:08:17,prod4.rest-core.msg.yahoo.com
2013-12-12 11:08:18,fr.yahoo.com
2013-12-12 11:08:18,login.yahoo.com
2013-12-18 12:10:18,yahoo.fr
2013-12-18 12:10:19,fr.yahoo.com
2013-12-18 12:10:21,fr.yahoo.com
2013-12-18 12:10:22,mail.yahoo.com
2013-12-18 12:10:27,mail.yahoo.com
2013-12-18 12:10:35,mail.yahoo.com
2013-12-18 12:10:36,login.yahoo.com
2013-12-18 12:10:37,login.yahoo.com
2013-12-18 12:10:39,login.yahoo.com
2013-12-18 12:10:41,login.yahoo.com
2013-12-18 12:10:48,login.yahoo.com
2013-12-18 12:10:49,fr-mg42.mail.yahoo.com
2013-12-18 12:10:50,fr-mg42.mail.yahoo.com
2013-12-18 12:10:53,fr-mg42.mail.yahoo.com
2013-12-18 12:10:53,prod4.rest-core.msg.yahoo.com
2013-12-18 12:10:55,prod4.rest-core.msg.yahoo.com
2013-12-18 12:10:57,prod4.rest-core.msg.yahoo.com
2013-12-18 12:10:57,ucs.query.yahoo.com
2013-12-18 12:10:57,fr-mg42.mail.yahoo.com
2013-12-18 12:10:57,login.yahoo.com
2013-12-18 12:10:58,fr.yahoo.com
2013-12-18 12:10:58,fr-mg42.mail.yahoo.com
2013-12-18 12:11:00,yui.yahooapis.com
2013-12-18 12:11:00,mail.yahoo.com
2013-12-18 12:11:00,fr.yahoo.com
2013-12-18 12:11:01,fr.yahoo.com
2013-12-18 12:11:02,login.yahoo.com
2013-12-18 12:11:03,login.yahoo.com
2013-12-18 12:11:08,login.yahoo.com
2013-12-18 12:11:12,fr-mg42.mail.yahoo.com
2013-12-18 12:11:14,fr-mg42.mail.yahoo.com
2013-12-18 12:11:16,prod4.rest-core.msg.yahoo.com
2013-12-18 12:11:17,fr-mg42.mail.yahoo.com
2013-12-18 12:11:19,fr-mg42.mail.yahoo.com
2013-12-18 12:11:20,fr-mg42.mail.yahoo.com
2013-12-18 12:11:20,www.covoiturage.fr
2013-12-18 12:11:20,sndgd.blablacar.com
2013-12-18 12:11:21,ucs.query.yahoo.com
2013-12-18 12:11:22,ucs.query.yahoo.com
2013-12-18 12:11:22,fr-mg42.mail.yahoo.com
2013-12-18 12:11:23,sndgd.blablacar.com
2013-12-18 12:11:25,s-static.ak.facebook.com
2013-12-18 12:11:25,www.facebook.com
2013-12-18 12:11:25,www.covoiturage.fr
2013-12-18 12:11:25,static.ak.facebook.com
2013-12-18 12:11:25,bbcphotos.s3.amazonaws.com
2013-12-18 12:11:25,connect.facebook.net
2013-12-18 12:11:25,maps.google.com
2013-12-18 12:11:27,www.covoiturage.fr
2013-12-18 12:11:27,www.google.com
2013-12-18 12:11:27,www.google.fr
2013-12-18 12:11:27,www.facebook.com
2013-12-18 12:11:31,maps.googleapis.com
2013-12-18 12:11:50,www.covoiturage.fr
2013-12-18 12:12:04,www.covoiturage.fr
2013-12-18 12:12:05,www.covoiturage.fr
2013-12-18 12:12:12,www.covoiturage.fr
2013-12-18 12:12:12,www.facebook.com
2013-12-18 12:12:12,connect.facebook.net
2013-12-18 12:12:12,s-static.ak.facebook.com
2013-12-18 12:12:21,connect.facebook.net
2013-12-18 12:12:21,www.covoiturage.fr
2013-12-18 12:12:21,maps.google.com
2013-12-18 12:12:21,bbcphotos.s3.amazonaws.com
2013-12-18 12:12:22,bbcphotos.s3.amazonaws.com
2013-12-18 12:12:22,www.facebook.com
2013-12-18 12:12:22,s-static.ak.facebook.com
2013-12-18 12:12:22,static.ak.facebook.com
2013-12-18 12:12:27,maps.googleapis.com
2013-12-18 12:14:07,www.covoiturage.fr
2013-12-18 12:14:08,www.covoiturage.fr
2013-12-18 12:14:09,www.covoiturage.fr
2013-12-18 12:14:33,www.covoiturage.fr
2013-12-18 12:14:33,bbcphotos.s3.amazonaws.com
2013-12-18 12:14:34,bbcphotos.s3.amazonaws.com
2013-12-18 12:14:34,www.facebook.com
2013-12-18 12:14:34,static.ak.facebook.com
2013-12-18 12:14:34,s-static.ak.facebook.com
2013-12-18 12:14:34,www.covoiturage.fr
2013-12-18 12:14:40,www.covoiturage.fr
2013-12-18 12:14:41,www.covoiturage.fr
2013-12-18 12:14:41,bbcphotos.s3.amazonaws.com
2013-12-18 12:14:41,static.ak.facebook.com
2013-12-18 12:14:41,s-static.ak.facebook.com
2013-12-18 12:14:41,www.facebook.com
2013-12-18 12:14:42,www.facebook.com
2013-12-18 12:14:42,bbcphotos.s3.amazonaws.com
2013-12-18 12:14:43,www.covoiturage.fr
2013-12-18 12:14:45,www.facebook.com
2013-12-18 12:14:45,www.covoiturage.fr
2013-12-18 12:14:45,maps.google.com
2013-12-18 12:14:45,bbcphotos.s3.amazonaws.com
2013-12-18 12:14:45,s-static.ak.facebook.com
2013-12-18 12:14:45,static.ak.facebook.com
2013-12-18 12:14:46,www.facebook.com
2013-12-18 12:14:50,maps.googleapis.com
2013-12-18 12:14:57,fr-mg42.mail.yahoo.com
2013-12-18 12:14:59,fr-mg42.mail.yahoo.com
2013-12-18 12:15:01,fr-mg42.mail.yahoo.com
2013-12-18 12:15:02,fr-mg42.mail.yahoo.com
2013-12-18 12:15:12,login.yahoo.com
2013-12-18 12:15:12,prod4.rest-core.msg.yahoo.com
2013-12-18 12:15:14,fr.yahoo.com
2013-12-18 12:15:15,fr.yahoo.com
2013-12-18 12:15:16,mail.yahoo.com
2013-12-18 12:15:16,fr.yahoo.com
2013-12-18 12:15:17,login.yahoo.com
2013-12-18 12:15:18,login.yahoo.com
2013-12-18 12:15:29,login.yahoo.com
2013-12-18 12:15:30,fr-mg42.mail.yahoo.com
2013-12-18 12:15:33,fr-mg42.mail.yahoo.com
2013-12-18 12:15:36,prod4.rest-core.msg.yahoo.com
2013-12-18 12:15:36,ucs.query.yahoo.com
2013-12-18 12:15:37,fr-mg42.mail.yahoo.com
2013-12-18 12:15:38,fr-mg42.mail.yahoo.com
2013-12-18 12:15:39,fr-mg42.mail.yahoo.com
2013-12-18 12:15:39,www.facebook.com
2013-12-18 12:15:40,fr-mg42.mail.yahoo.com
2013-12-18 12:15:41,fr-mg42.mail.yahoo.com
2013-12-18 12:15:42,fr-mg42.mail.yahoo.com
2013-12-18 12:15:43,fr-mg42.mail.yahoo.com
2013-12-18 12:15:44,fr-mg42.mail.yahoo.com
2013-12-18 12:16:12,fr-mg42.mail.yahoo.com
2013-12-18 12:16:13,fr-mg42.mail.yahoo.com
2013-12-18 12:16:26,www.covoiturage.fr
2013-12-18 12:16:27,www.facebook.com
2013-12-18 12:16:27,www.covoiturage.fr
2013-12-18 12:16:27,bbcphotos.s3.amazonaws.com
2013-12-18 12:16:27,static.ak.facebook.com
2013-12-18 12:16:27,s-static.ak.facebook.com
2013-12-18 12:16:29,www.covoiturage.fr
2013-12-18 12:16:34,www.covoiturage.fr
2013-12-18 12:16:35,www.covoiturage.fr
2013-12-18 12:16:36,www.covoiturage.fr
2013-12-18 12:16:40,www.covoiturage.fr
2013-12-18 12:16:41,www.covoiturage.fr
2013-12-18 12:16:41,bbcphotos.s3.amazonaws.com
2013-12-18 12:16:42,www.covoiturage.fr
2013-12-18 12:16:42,bbcphotos.s3.amazonaws.com
2013-12-18 12:16:42,static.ak.facebook.com
2013-12-18 12:16:42,www.facebook.com
2013-12-18 12:16:42,s-static.ak.facebook.com
2013-12-18 12:16:44,www.facebook.com
2013-12-18 12:17:19,www.covoiturage.fr
2013-12-18 12:17:20,www.facebook.com
2013-12-18 12:17:20,s-static.ak.facebook.com
2013-12-18 12:17:20,static.ak.facebook.com
2013-12-18 12:17:20,bbcphotos.s3.amazonaws.com
2013-12-18 12:17:20,maps.google.com
2013-12-18 12:17:20,www.covoiturage.fr
2013-12-18 12:17:22,www.facebook.com
2013-12-18 12:17:25,maps.googleapis.com
2013-12-18 12:19:30,www.covoiturage.fr
2013-12-18 12:19:43,www.covoiturage.fr
2013-12-18 12:19:44,www.facebook.com
2013-12-18 12:19:44,s-static.ak.facebook.com
2013-12-18 12:19:44,fpdownload2.macromedia.com
2013-12-18 12:19:44,static.ak.facebook.com
2013-12-18 12:19:44,bbcphotos.s3.amazonaws.com
2013-12-18 12:20:16,fr-mg42.mail.yahoo.com
2013-12-18 12:20:17,fr-mg42.mail.yahoo.com
2013-12-18 12:20:26,fr-mg42.mail.yahoo.com
2013-12-18 12:20:49,fr-mg42.mail.yahoo.com
2013-12-18 12:20:50,fr-mg42.mail.yahoo.com
2013-12-18 12:20:54,fr-mg42.mail.yahoo.com
2013-12-18 12:21:30,fr-mg42.mail.yahoo.com
2013-12-18 12:21:37,fr-mg42.mail.yahoo.com
2013-12-18 12:21:51,static.ak.facebook.com
2013-12-18 12:21:51,www.covoiturage.fr
2013-12-18 12:21:51,s-static.ak.facebook.com
2013-12-18 12:21:51,www.facebook.com
2013-12-18 12:21:52,www.facebook.com
2013-12-18 12:22:15,www.google.fr
2013-12-18 12:22:16,apis.google.com
2013-12-18 12:22:19,www.google.com
2013-12-18 12:22:21,www.google.com
2013-12-18 12:22:21,apis.google.com
2013-12-18 12:22:21,www.google.fr
2013-12-18 12:22:35,maps.googleapis.com
2013-12-18 12:22:37,maps.googleapis.com
2013-12-18 12:22:40,maps.googleapis.com
2013-12-18 12:22:40,fr-mg42.mail.yahoo.com
2013-12-18 12:22:48,maps.googleapis.com
2013-12-18 12:22:48,apis.google.com
2013-12-18 12:22:48,d31om98y0oh1rn.cloudfront.net
2013-12-18 12:22:49,maps.googleapis.com
2013-12-18 12:22:49,d31om98y0oh1rn.cloudfront.net
2013-12-18 12:22:49,apis.google.com
2013-12-18 12:22:50,d31om98y0oh1rn.cloudfront.net
2013-12-18 12:22:52,accounts.google.com
2013-12-18 12:22:53,accounts.google.com
2013-12-18 12:22:53,d31om98y0oh1rn.cloudfront.net
2013-12-18 12:22:56,accounts.google.com
2013-12-18 12:22:56,maps.googleapis.com
2013-12-18 12:22:57,maps.googleapis.com
2013-12-18 12:23:00,fr-mg42.mail.yahoo.com
2013-12-18 12:23:05,static.s-sfr.fr
2013-12-18 12:23:05,www.sfr.fr
2013-12-18 12:23:05,apis.google.com
2013-12-18 12:23:15,prod4.rest-core.msg.yahoo.com
2013-12-18 12:23:15,login.yahoo.com
2013-12-18 12:23:16,fr.yahoo.com
2013-12-18 12:23:18,locdrop.query.yahoo.com
2013-12-18 12:23:18,fr.yahoo.com
2013-12-18 12:39:05,fr.yahoo.com
2013-12-18 12:39:23,locdrop.query.yahoo.com
2013-12-18 12:39:24,fr.yahoo.com
2013-12-18 12:40:04,fr.yahoo.com
2013-12-18 12:40:23,fr.yahoo.com
2013-12-18 12:40:24,mail.yahoo.com
2013-12-18 12:40:31,mail.yahoo.com
2013-12-18 12:40:40,login.yahoo.com
2013-12-18 12:40:41,login.yahoo.com
2013-12-18 12:40:42,login.yahoo.com
2013-12-18 12:40:43,login.yahoo.com
2013-12-18 12:40:49,login.yahoo.com
2013-12-18 12:40:50,fr-mg42.mail.yahoo.com
2013-12-18 12:40:51,fr-mg42.mail.yahoo.com
2013-12-18 12:40:53,fr-mg42.mail.yahoo.com
2013-12-18 12:40:54,fr-mg42.mail.yahoo.com
2013-12-18 12:40:55,prod4.rest-core.msg.yahoo.com
2013-12-18 12:40:55,fr-mg42.mail.yahoo.com
2013-12-18 12:40:56,fr-mg42.mail.yahoo.com
2013-12-18 12:40:57,fr-mg42.mail.yahoo.com
2013-12-18 12:40:58,fr-mg42.mail.yahoo.com
2013-12-18 12:41:00,ucs.query.yahoo.com
2013-12-18 12:41:02,fr-mg42.mail.yahoo.com
2013-12-18 12:41:03,ucs.query.yahoo.com
2013-12-18 12:41:03,fr-mg42.mail.yahoo.com
2013-12-18 12:41:04,fr-mg42.mail.yahoo.com
2013-12-18 12:41:06,fr-mg42.mail.yahoo.com
2013-12-18 12:41:14,fr-mg42.mail.yahoo.com
2013-12-18 12:41:17,fr-mg42.mail.yahoo.com
2013-12-18 12:41:21,fr-mg42.mail.yahoo.com
2013-12-18 12:41:22,fr-mg42.mail.yahoo.com
2013-12-18 12:41:26,fr-mg42.mail.yahoo.com
2013-12-18 12:41:27,fr-mg42.mail.yahoo.com
2013-12-18 12:41:30,fr-mg42.mail.yahoo.com
2013-12-18 12:41:31,fr-mg42.mail.yahoo.com
2013-12-18 12:41:32,fr-mg42.mail.yahoo.com
2013-12-18 12:41:43,fr-mg42.mail.yahoo.com
2013-12-18 12:41:45,fr-mg42.mail.yahoo.com
2013-12-18 12:41:46,fr-mg42.mail.yahoo.com
2013-12-18 12:41:54,fr-mg42.mail.yahoo.com
2013-12-18 12:41:55,fr-mg42.mail.yahoo.com
2013-12-18 12:44:56,fr-mg42.mail.yahoo.com
2013-12-18 12:45:51,fr-mg42.mail.yahoo.com
2013-12-18 12:47:54,fr-mg42.mail.yahoo.com
2013-12-18 12:47:56,fr-mg42.mail.yahoo.com
2013-12-18 12:47:57,fr-mg42.mail.yahoo.com
2013-12-18 12:47:59,fr-mg42.mail.yahoo.com
2013-12-18 12:48:00,fr-mg42.mail.yahoo.com
2013-12-18 12:48:01,fr-mg42.mail.yahoo.com
2013-12-18 12:48:02,fr-mg42.mail.yahoo.com
2013-12-18 12:48:03,fr-mg42.mail.yahoo.com
2013-12-18 12:48:04,fr-mg42.mail.yahoo.com
2013-12-18 12:48:05,fr-mg42.mail.yahoo.com
2013-12-18 12:48:06,fr-mg42.mail.yahoo.com
2013-12-18 12:48:08,fr-mg42.mail.yahoo.com
2013-12-18 12:48:09,fr-mg42.mail.yahoo.com
2013-12-18 12:48:10,fr-mg42.mail.yahoo.com
2013-12-18 12:48:11,fr-mg42.mail.yahoo.com
2013-12-18 12:48:13,prod4.rest-core.msg.yahoo.com
2013-12-18 12:48:15,fr-mg42.mail.yahoo.com
2013-12-18 12:48:28,fr-mg42.mail.yahoo.com
2013-12-18 12:48:58,fr.yahoo.com
2013-12-18 12:48:59,fr.yahoo.com
2013-12-18 12:48:59,mail.yahoo.com
2013-12-18 12:49:04,mail.yahoo.com
2013-12-18 12:49:04,login.yahoo.com
2013-12-18 12:49:05,mail.yahoo.com
2013-12-18 12:49:13,mail.yahoo.com
2013-12-18 12:49:14,login.yahoo.com
2013-12-18 12:49:16,login.yahoo.com
2013-12-18 12:49:17,login.yahoo.com
2013-12-18 12:49:21,login.yahoo.com
2013-12-18 12:49:28,login.yahoo.com
2013-12-18 12:49:29,fr-mg42.mail.yahoo.com
2013-12-18 12:49:31,fr-mg42.mail.yahoo.com
2013-12-18 12:49:33,sndgd.blablacar.com
2013-12-18 12:49:33,www.covoiturage.fr
2013-12-18 12:49:34,prod4.rest-core.msg.yahoo.com
2013-12-18 12:49:34,fr-mg42.mail.yahoo.com
2013-12-18 12:49:35,sndgd.blablacar.com
2013-12-18 12:49:35,fr-mg42.mail.yahoo.com
2013-12-18 12:49:36,fr-mg42.mail.yahoo.com
2013-12-18 12:49:37,bbcphotos.s3.amazonaws.com
2013-12-18 12:49:37,maps.google.com
2013-12-18 12:49:37,www.covoiturage.fr
2013-12-18 12:49:37,connect.facebook.net
2013-12-18 12:49:37,www.facebook.com
2013-12-18 12:49:37,s-static.ak.facebook.com
2013-12-18 12:49:37,static.ak.facebook.com
2013-12-18 12:49:38,www.facebook.com
2013-12-18 12:49:39,ucs.query.yahoo.com
2013-12-18 12:49:42,maps.googleapis.com
2013-12-18 12:49:48,www.covoiturage.fr
2013-12-18 12:50:02,www.covoiturage.fr
2013-12-18 12:50:10,www.covoiturage.fr
2013-12-18 12:50:10,s-static.ak.facebook.com
2013-12-18 12:50:10,connect.facebook.net
2013-12-18 12:50:10,www.facebook.com
2013-12-18 12:50:21,www.covoiturage.fr
2013-12-18 12:50:21,connect.facebook.net
2013-12-18 12:50:21,maps.google.com
2013-12-18 12:50:22,bbcphotos.s3.amazonaws.com
2013-12-18 12:50:22,www.covoiturage.fr
2013-12-18 12:50:22,static.ak.facebook.com
2013-12-18 12:50:22,ucs.query.yahoo.com
2013-12-18 12:50:22,s-static.ak.facebook.com
2013-12-18 12:50:22,www.facebook.com
2013-12-18 12:50:27,maps.googleapis.com
2013-12-18 12:52:44,www.covoiturage.fr
2013-12-18 12:52:45,www.covoiturage.fr
2013-12-18 12:52:52,fr-mg42.mail.yahoo.com
2013-12-18 12:52:53,fr-mg42.mail.yahoo.com
2013-12-18 12:52:56,fr-mg42.mail.yahoo.com
2013-12-18 12:52:57,fr-mg42.mail.yahoo.com
2013-12-18 12:53:05,fr-mg42.mail.yahoo.com
2013-12-18 12:53:06,fr-mg42.mail.yahoo.com
2013-12-18 12:53:08,fr-mg42.mail.yahoo.com
2013-12-18 12:53:09,fr-mg42.mail.yahoo.com
2013-12-18 12:53:17,www.covoiturage.fr
2013-12-18 12:53:17,bbcphotos.s3.amazonaws.com
2013-12-18 12:53:18,www.facebook.com
2013-12-18 12:53:18,s-static.ak.facebook.com
2013-12-18 12:53:18,static.ak.facebook.com
2013-12-18 12:53:24,www.covoiturage.fr
2013-12-18 12:53:31,www.covoiturage.fr
2013-12-18 12:53:31,bbcphotos.s3.amazonaws.com
2013-12-18 12:53:32,s-static.ak.facebook.com
2013-12-18 12:53:32,www.facebook.com
2013-12-18 12:53:32,bbcphotos.s3.amazonaws.com
2013-12-18 12:53:32,www.covoiturage.fr
2013-12-18 12:53:32,static.ak.facebook.com
2013-12-18 12:53:35,www.covoiturage.fr
2013-12-18 12:53:36,www.covoiturage.fr
2013-12-18 12:53:37,maps.google.com
2013-12-18 12:53:37,static.ak.facebook.com
2013-12-18 12:53:37,www.facebook.com
2013-12-18 12:53:37,s-static.ak.facebook.com
2013-12-18 12:53:37,www.covoiturage.fr
2013-12-18 12:53:37,bbcphotos.s3.amazonaws.com
2013-12-18 12:53:42,maps.googleapis.com
2013-12-18 12:54:21,fr-mg42.mail.yahoo.com
2013-12-18 12:54:23,fr-mg42.mail.yahoo.com
2013-12-18 12:54:56,fr-mg42.mail.yahoo.com
2013-12-18 12:54:57,fr-mg42.mail.yahoo.com
2013-12-18 12:55:03,fr-mg42.mail.yahoo.com
2013-12-18 12:55:11,www.covoiturage.fr
2013-12-18 12:55:11,www.facebook.com
2013-12-18 12:55:11,bbcphotos.s3.amazonaws.com
2013-12-18 12:55:11,maps.google.com
2013-12-18 12:55:11,static.ak.facebook.com
2013-12-18 12:55:11,s-static.ak.facebook.com
2013-12-18 12:55:12,www.facebook.com
2013-12-18 12:55:16,maps.googleapis.com
2013-12-18 12:55:18,www.covoiturage.fr
2013-12-18 12:55:18,bbcphotos.s3.amazonaws.com
2013-12-18 12:55:19,www.facebook.com
2013-12-18 12:55:19,static.ak.facebook.com
2013-12-18 12:55:19,s-static.ak.facebook.com
2013-12-18 12:55:21,www.covoiturage.fr
2013-12-18 12:55:25,www.covoiturage.fr
2013-12-18 12:55:30,www.covoiturage.fr
2013-12-18 12:55:31,www.covoiturage.fr
2013-12-18 12:55:31,s-static.ak.facebook.com
2013-12-18 12:55:31,bbcphotos.s3.amazonaws.com
2013-12-18 12:55:31,www.facebook.com
2013-12-18 12:55:31,static.ak.facebook.com
2013-12-18 12:55:50,fr-mg42.mail.yahoo.com
2013-12-18 12:55:58,www.facebook.com
2013-12-18 12:55:58,www.covoiturage.fr
2013-12-18 12:55:58,s-static.ak.facebook.com
2013-12-18 12:55:58,bbcphotos.s3.amazonaws.com
2013-12-18 12:56:58,www.covoiturage.fr
2013-12-18 12:57:12,www.covoiturage.fr
2013-12-18 12:57:12,s-static.ak.facebook.com
2013-12-18 12:57:12,bbcphotos.s3.amazonaws.com
2013-12-18 12:57:12,www.facebook.com
2013-12-18 12:57:13,www.facebook.com
2013-12-18 12:57:50,fr-mg42.mail.yahoo.com
2013-12-18 12:57:52,fr-mg42.mail.yahoo.com
2013-12-18 12:57:58,www.covoiturage.fr
2013-12-18 12:57:59,static.ak.facebook.com
2013-12-18 12:57:59,www.facebook.com
2013-12-18 12:57:59,s-static.ak.facebook.com
2013-12-18 12:58:02,www.covoiturage.fr
2013-12-18 12:58:02,static.ak.facebook.com
2013-12-18 12:58:02,s-static.ak.facebook.com
2013-12-18 12:58:02,www.facebook.com
2013-12-18 12:58:03,www.facebook.com
2013-12-18 12:58:07,fr-mg42.mail.yahoo.com
2013-12-18 12:58:08,fr-mg42.mail.yahoo.com
2013-12-18 12:58:35,fr-mg42.mail.yahoo.com
2013-12-18 12:58:36,fr-mg42.mail.yahoo.com
2013-12-18 12:58:38,fr-mg42.mail.yahoo.com
2013-12-18 12:58:41,prod4.rest-core.msg.yahoo.com
2013-12-18 12:58:42,login.yahoo.com
2013-12-18 12:58:43,fr.yahoo.com
2013-12-18 12:58:45,fr.yahoo.com
2013-12-18 12:58:50,www.covoiturage.fr
2014-01-20 11:41:56,fpdownload2.macromedia.com
2014-01-20 11:42:00,yahoo.fr
2014-01-20 11:42:01,fr.yahoo.com
2014-01-20 11:42:02,locdrop.query.yahoo.com
2014-01-20 11:42:02,fr.yahoo.com
2014-01-20 11:42:03,fr.yahoo.com
2014-01-20 11:42:03,mail.yahoo.com
2014-01-20 11:42:07,mail.yahoo.com
2014-01-20 11:42:09,fr.yahoo.com
2014-01-20 11:42:16,login.yahoo.com
2014-01-20 11:42:17,login.yahoo.com
2014-01-20 11:42:18,login.yahoo.com
2014-01-20 11:42:19,login.yahoo.com
2014-01-20 11:42:20,login.yahoo.com
2014-01-20 11:42:21,login.yahoo.com
2014-01-20 11:42:32,login.yahoo.com
2014-01-20 11:42:39,fr-mg42.mail.yahoo.com
2014-01-20 11:42:45,fr-mg42.mail.yahoo.com
2014-01-20 11:42:45,ycpi-mail-rest-core4.msg.yahoo.com
2014-01-20 11:42:46,fr-mg42.mail.yahoo.com
2014-01-20 11:42:46,ycpi-mail-rest-core4.msg.yahoo.com
2014-01-20 11:42:47,fr-mg42.mail.yahoo.com
2014-01-20 11:42:50,ycpi-mail-rest-core4.msg.yahoo.com
2014-01-20 11:42:52,fr-mg42.mail.yahoo.com
2014-01-20 11:42:53,ucs.query.yahoo.com
2014-01-20 11:43:06,ucs.query.yahoo.com
2014-01-20 11:43:06,fr-mg42.mail.yahoo.com
2014-01-20 11:44:46,ycpi-mail-rest-core4.msg.yahoo.com
2014-01-20 11:44:46,ieonline.microsoft.com
2014-01-31 13:57:30,yahoo.fr
2014-01-31 13:57:32,fr.yahoo.com
2014-01-31 13:57:32,locdrop.query.yahoo.com
2014-01-31 13:57:33,fr.yahoo.com
2014-01-31 13:57:34,fr.yahoo.com
2014-01-31 13:57:35,mail.yahoo.com
2014-01-31 13:57:39,mail.yahoo.com
2014-01-31 13:57:46,login.yahoo.com
2014-01-31 13:57:47,login.yahoo.com
2014-01-31 13:57:48,login.yahoo.com
2014-01-31 13:57:49,login.yahoo.com
2014-01-31 13:57:50,login.yahoo.com
2014-01-31 13:57:52,login.yahoo.com
2014-01-31 13:57:56,login.yahoo.com
2014-01-31 13:58:03,fr-mg42.mail.yahoo.com
2014-01-31 13:58:09,ycpi-mail-rest-core4.msg.yahoo.com
2014-01-31 13:58:12,ycpi-mail-rest-core4.msg.yahoo.com
2014-01-31 13:58:13,ucs.query.yahoo.com
2014-01-31 13:58:20,ucs.query.yahoo.com
2014-01-31 13:58:24,ucs.query.yahoo.com
2014-01-31 13:58:34,fr-mg42.mail.yahoo.com
2014-01-31 13:58:35,ycpi-mail-rest-core4.msg.yahoo.com
2014-01-31 13:58:35,login.yahoo.com
2014-01-31 13:58:36,fr.yahoo.com
2014-01-31 13:58:37,locdrop.query.yahoo.com
2014-01-31 13:58:37,fr.yahoo.com
2014-01-31 13:58:38,mail.yahoo.com
2014-01-31 13:58:38,fr.yahoo.com
2014-01-31 13:58:39,login.yahoo.com
2014-01-31 13:58:40,login.yahoo.com
2014-01-31 13:58:44,a248.e.akamai.net
2014-01-31 13:58:46,login.yahoo.com
2014-01-31 13:58:55,ycpi-mail-rest-core4.msg.yahoo.com
2014-01-31 13:58:57,ucs.query.yahoo.com
2014-01-31 13:59:04,ucs.query.yahoo.com
2014-01-31 13:59:05,fr-mg42.mail.yahoo.com
2014-01-31 13:59:06,login.yahoo.com
2014-01-31 13:59:07,ycpi-mail-rest-core4.msg.yahoo.com
2014-01-31 13:59:07,fr.yahoo.com
2014-01-31 13:59:08,fr.yahoo.com
2014-01-31 13:59:08,locdrop.query.yahoo.com
2014-01-31 13:59:09,ucs.query.yahoo.com
2014-01-31 13:59:11,ieonline.microsoft.com
2014-03-02 13:47:51,yahoo.fr
2014-03-02 13:47:52,yui.yahooapis.com
2014-03-02 13:47:53,fr.yahoo.com
2014-03-02 13:47:54,mail.yahoo.com
2014-03-02 13:47:54,fr.yahoo.com
2014-03-02 13:48:06,mail.yahoo.com
2014-03-02 13:48:08,login.yahoo.com
2014-03-02 13:48:09,login.yahoo.com
2014-03-02 13:48:10,login.yahoo.com
2014-03-02 13:48:14,login.yahoo.com
2014-03-02 13:48:15,login.yahoo.com
2014-03-02 13:48:16,login.yahoo.com
2014-03-02 13:48:21,login.yahoo.com
2014-03-02 13:48:28,fr-mg42.mail.yahoo.com
2014-03-02 13:48:34,ycpi-mail-rest-core4.msg.yahoo.com
2014-03-02 13:48:35,ycpi-mail-rest-core4.msg.yahoo.com
2014-03-02 13:48:38,fr-mg42.mail.yahoo.com
2014-03-02 13:48:39,ycpi-mail-rest-core4.msg.yahoo.com
2014-03-02 13:48:40,fr-mg42.mail.yahoo.com
2014-03-02 13:48:42,mg.mail.yahoo.com
2014-03-02 13:48:42,ucs.query.yahoo.com
2014-03-02 13:49:25,ucs.query.yahoo.com
2014-03-02 13:50:01,fr-mg42.mail.yahoo.com
2014-03-02 13:50:02,fr-mg42.mail.yahoo.com
2014-03-02 13:50:02,mg.mail.yahoo.com
2014-03-02 13:50:03,fr-mg42.mail.yahoo.com
2014-03-02 13:50:06,fr-mg42.mail.yahoo.com
2014-03-02 13:50:45,login.yahoo.com
2014-03-02 13:50:47,www.google.fr
2014-03-02 13:50:47,apis.google.com
2014-03-02 13:50:50,www.google.com
2014-03-02 13:50:59,ieonline.microsoft.com
2014-03-02 13:51:30,fr-mg42.mail.yahoo.com
2014-03-02 13:52:50,apis.google.com
2014-03-02 13:52:50,www.google.com
2014-03-02 13:52:50,www.google.fr
2014-03-02 13:54:31,fr-mg42.mail.yahoo.com
2014-03-02 13:56:11,fr-mg42.mail.yahoo.com
2014-03-02 13:56:15,ycpi-mail-rest-core4.msg.yahoo.com
2014-03-02 13:56:15,fr-mg42.mail.yahoo.com
2014-03-02 13:56:15,us.lrd.yahoo.com
2014-03-02 13:56:17,fr-mg42.mail.yahoo.com
2014-03-02 13:56:27,login.yahoo.com
2014-03-02 13:56:27,ycpi-mail-rest-core4.msg.yahoo.com
2014-03-02 13:56:27,mg.mail.yahoo.com
2014-03-02 13:56:28,fr.yahoo.com
2014-03-02 13:56:29,locdrop.query.yahoo.com
2014-03-02 13:56:29,ucs.query.yahoo.com
2014-03-02 13:56:29,yui.yahooapis.com
2014-03-02 13:56:29,fr.yahoo.com
2014-03-02 13:56:31,ucs.query.yahoo.com
2014-03-03 14:30:02,ieonline.microsoft.com
2014-03-03 14:38:16,login.yahoo.com
2014-03-03 14:38:17,login.yahoo.com
2014-03-03 14:38:19,login.yahoo.com
2014-03-03 14:38:20,login.yahoo.com
2014-03-03 14:38:22,login.yahoo.com
2014-03-03 14:38:30,login.yahoo.com
2014-03-03 14:38:40,login.yahoo.com
2014-03-03 14:38:42,login.yahoo.com
2014-03-03 14:38:45,fr-mg42.mail.yahoo.com
2014-03-03 14:38:55,fr-mg42.mail.yahoo.com
2014-03-03 14:38:56,fr-mg42.mail.yahoo.com
2014-03-03 14:38:57,fr-mg42.mail.yahoo.com
2014-03-03 14:38:59,ucs.query.yahoo.com
2014-03-03 14:39:02,ucs.query.yahoo.com
2014-03-03 14:39:03,ucs.query.yahoo.com
2014-03-03 14:39:04,ucs.query.yahoo.com
2014-03-03 14:39:05,ycpi-mail-rest-core4.msg.yahoo.com
2014-03-03 14:39:06,ycpi-mail-rest-core4.msg.yahoo.com
2014-03-03 14:39:07,ycpi-mail-rest-core4.msg.yahoo.com
2014-03-03 14:39:10,login.yahoo.com
2014-03-03 14:39:11,login.yahoo.com
2014-03-03 14:39:17,login.yahoo.com
2014-03-03 14:39:22,ycpi-mail-rest-core4.msg.yahoo.com
2014-03-03 14:39:22,fr-mg42.mail.yahoo.com
2014-03-03 14:39:22,ucs.query.yahoo.com
2014-03-03 14:39:23,ycpi-mail-rest-core4.msg.yahoo.com
2014-03-03 14:39:25,fr-mg42.mail.yahoo.com
2014-03-03 14:39:45,ycpi-mail-rest-core4.msg.yahoo.com
2014-03-03 14:39:50,fr-mg42.mail.yahoo.com
2014-03-03 14:39:52,fr-mg42.mail.yahoo.com
2014-03-03 14:39:53,ycpi-mail-rest-core4.msg.yahoo.com
2014-03-03 14:39:54,www.facebook.com
2014-03-03 14:39:58,ftn.fortuneo.fr
