timestamp,site
2014-02-21 10:05:53,www.bing.com
2014-02-21 10:05:54,www.bing.com
2014-02-21 10:05:55,login.live.com
2014-02-21 10:05:55,cms.abmr.net
2014-02-21 10:05:55,www.bing.com
2014-02-21 10:06:19,player.vimeo.com
2014-02-21 10:07:01,office14client.microsoft.com
2014-02-21 10:07:01,office.microsoft.com
2014-02-21 10:07:02,office.microsoft.com
2014-02-21 10:15:37,static.pubmed.gov
2014-02-21 10:15:37,www.ncbi.nlm.nih.gov
2014-02-21 10:15:38,www.ncbi.nlm.nih.gov
2014-02-21 10:15:55,www.ncbi.nlm.nih.gov
2014-02-21 10:16:00,www.ncbi.nlm.nih.gov
2014-02-21 10:16:04,www.ncbi.nlm.nih.gov
2014-02-21 10:16:23,www.ncbi.nlm.nih.gov
2014-02-21 10:16:24,www.ncbi.nlm.nih.gov
2014-02-21 10:16:25,www.ncbi.nlm.nih.gov
2014-02-21 10:16:28,www.ncbi.nlm.nih.gov
2014-02-21 10:16:29,www.ncbi.nlm.nih.gov
2014-02-21 10:16:30,www.ncbi.nlm.nih.gov
2014-02-21 10:16:55,blast.ncbi.nlm.nih.gov
2014-02-21 10:16:55,www.ncbi.nlm.nih.gov
2014-02-21 10:16:56,blast.ncbi.nlm.nih.gov
2014-02-21 10:17:01,www.ncbi.nlm.nih.gov
2014-02-21 10:17:01,blast.ncbi.nlm.nih.gov
2014-02-21 10:17:02,blast.ncbi.nlm.nih.gov
2014-02-21 10:17:02,www.ncbi.nlm.nih.gov
2014-02-21 10:17:03,blast.ncbi.nlm.nih.gov
2014-02-21 10:17:08,www.ncbi.nlm.nih.gov
2014-02-21 10:17:52,blast.ncbi.nlm.nih.gov
2014-02-21 10:19:57,blast.ncbi.nlm.nih.gov
2014-02-21 10:20:04,blast.ncbi.nlm.nih.gov
2014-02-21 10:21:05,blast.ncbi.nlm.nih.gov
2014-02-21 10:21:14,blast.ncbi.nlm.nih.gov
2014-02-21 10:21:15,blast.ncbi.nlm.nih.gov
2014-02-21 10:21:20,blast.ncbi.nlm.nih.gov
2014-02-21 10:21:22,blast.ncbi.nlm.nih.gov
2014-02-21 10:21:22,www.ncbi.nlm.nih.gov
2014-02-21 10:21:23,blast.ncbi.nlm.nih.gov
2014-02-21 10:21:24,blast.ncbi.nlm.nih.gov
2014-02-21 10:21:25,www.ncbi.nlm.nih.gov
2014-02-21 10:21:25,blast.ncbi.nlm.nih.gov
2014-02-21 10:21:26,blast.ncbi.nlm.nih.gov
2014-02-21 10:28:27,blast.ncbi.nlm.nih.gov
2014-02-21 10:33:28,blast.ncbi.nlm.nih.gov
2014-02-21 10:34:21,blast.ncbi.nlm.nih.gov
2014-02-21 10:36:03,blast.ncbi.nlm.nih.gov
2014-02-21 10:36:07,blast.ncbi.nlm.nih.gov
2014-02-21 10:36:09,blast.ncbi.nlm.nih.gov
2014-02-21 10:36:14,blast.ncbi.nlm.nih.gov
2014-02-21 10:36:16,blast.ncbi.nlm.nih.gov
2014-02-21 10:36:17,blast.ncbi.nlm.nih.gov
2014-02-21 10:36:18,blast.ncbi.nlm.nih.gov
2014-02-21 10:36:20,www.ncbi.nlm.nih.gov
2014-02-21 10:36:20,blast.ncbi.nlm.nih.gov
2014-02-21 10:36:21,blast.ncbi.nlm.nih.gov
2014-02-21 10:36:26,blast.ncbi.nlm.nih.gov
2014-02-21 10:36:32,blast.ncbi.nlm.nih.gov
2014-02-21 10:36:46,blast.ncbi.nlm.nih.gov
2014-02-21 10:36:47,blast.ncbi.nlm.nih.gov
2014-02-21 10:37:00,blast.ncbi.nlm.nih.gov
2014-02-21 10:37:38,blast.ncbi.nlm.nih.gov
2014-02-21 10:37:52,blast.ncbi.nlm.nih.gov
2014-02-21 10:37:54,blast.ncbi.nlm.nih.gov
2014-02-21 10:37:55,blast.ncbi.nlm.nih.gov
2014-02-21 10:37:57,blast.ncbi.nlm.nih.gov
2014-02-21 10:37:57,www.ncbi.nlm.nih.gov
2014-02-21 10:37:58,blast.ncbi.nlm.nih.gov
2014-02-21 10:39:28,blast.ncbi.nlm.nih.gov
2014-02-21 10:39:29,blast.ncbi.nlm.nih.gov
2014-02-21 10:39:35,blast.ncbi.nlm.nih.gov
2014-02-21 10:39:40,blast.ncbi.nlm.nih.gov
2014-02-21 10:39:42,blast.ncbi.nlm.nih.gov
2014-02-21 10:39:43,blast.ncbi.nlm.nih.gov
2014-02-21 10:39:44,blast.ncbi.nlm.nih.gov
2014-02-21 10:39:45,www.ncbi.nlm.nih.gov
2014-02-21 10:39:45,blast.ncbi.nlm.nih.gov
2014-02-21 10:39:46,blast.ncbi.nlm.nih.gov
2014-02-21 10:44:40,blast.ncbi.nlm.nih.gov
2014-02-21 10:44:43,www.ncbi.nlm.nih.gov
2014-02-21 10:44:43,static.pubmed.gov
2014-02-21 10:44:44,www.ncbi.nlm.nih.gov
2014-02-21 10:44:44,static.pubmed.gov
2014-02-21 10:44:45,www.ncbi.nlm.nih.gov
2014-02-21 10:44:47,www.ncbi.nlm.nih.gov
2014-02-21 10:44:48,www.ncbi.nlm.nih.gov
2014-02-21 10:44:49,www.ncbi.nlm.nih.gov
2014-02-21 10:44:50,www.ncbi.nlm.nih.gov
2014-02-21 10:45:16,blast.ncbi.nlm.nih.gov
2014-02-21 10:45:16,www.ncbi.nlm.nih.gov
2014-02-21 10:45:17,static.pubmed.gov
2014-02-21 10:45:17,www.ncbi.nlm.nih.gov
2014-02-21 10:45:18,www.ncbi.nlm.nih.gov
2014-02-21 10:45:18,static.pubmed.gov
2014-02-21 11:13:47,blast.ncbi.nlm.nih.gov
2014-02-21 11:13:48,blast.ncbi.nlm.nih.gov
2014-02-21 11:14:12,blast.ncbi.nlm.nih.gov
2014-02-21 11:14:19,blast.ncbi.nlm.nih.gov
2014-02-21 11:14:20,blast.ncbi.nlm.nih.gov
2014-02-21 11:14:22,www.ncbi.nlm.nih.gov
2014-02-21 11:14:23,blast.ncbi.nlm.nih.gov
2014-02-21 11:14:25,www.ncbi.nlm.nih.gov
2014-02-21 11:14:25,blast.ncbi.nlm.nih.gov
2014-02-21 11:14:27,www.ncbi.nlm.nih.gov
2014-02-21 11:14:28,blast.ncbi.nlm.nih.gov
2014-02-21 11:14:30,www.ncbi.nlm.nih.gov
2014-02-21 11:14:31,blast.ncbi.nlm.nih.gov
2014-02-21 11:14:33,www.ncbi.nlm.nih.gov
2014-02-21 11:14:38,blast.ncbi.nlm.nih.gov
2014-02-21 11:14:39,www.ncbi.nlm.nih.gov
2014-02-21 11:14:40,blast.ncbi.nlm.nih.gov
2014-02-21 11:14:41,blast.ncbi.nlm.nih.gov
2014-02-21 11:14:43,www.ncbi.nlm.nih.gov
2014-02-21 11:14:43,blast.ncbi.nlm.nih.gov
2014-02-21 11:14:44,blast.ncbi.nlm.nih.gov
2014-02-21 11:14:46,blast.ncbi.nlm.nih.gov
2014-02-21 11:14:48,www.ncbi.nlm.nih.gov
2014-02-21 11:14:49,www.ncbi.nlm.nih.gov
2014-02-21 11:15:01,blast.ncbi.nlm.nih.gov
2014-02-21 11:20:51,blast.ncbi.nlm.nih.gov
2014-02-21 11:20:51,static.pubmed.gov
2014-02-21 11:20:52,static.pubmed.gov
2014-02-21 11:20:52,www.ncbi.nlm.nih.gov
2014-02-21 11:33:43,blast.ncbi.nlm.nih.gov
2014-02-21 11:33:49,blast.ncbi.nlm.nih.gov
2014-02-21 11:34:16,blast.ncbi.nlm.nih.gov
2014-02-21 11:34:19,blast.ncbi.nlm.nih.gov
2014-02-21 11:34:20,blast.ncbi.nlm.nih.gov
2014-02-21 11:34:21,blast.ncbi.nlm.nih.gov
2014-02-21 11:35:12,blast.ncbi.nlm.nih.gov
2014-02-21 11:35:16,blast.ncbi.nlm.nih.gov
2014-02-21 11:35:20,blast.ncbi.nlm.nih.gov
2014-02-21 11:35:32,blast.ncbi.nlm.nih.gov
2014-02-21 11:36:28,blast.ncbi.nlm.nih.gov
2014-02-21 11:36:33,blast.ncbi.nlm.nih.gov
2014-02-21 11:36:38,blast.ncbi.nlm.nih.gov
2014-02-21 11:36:39,blast.ncbi.nlm.nih.gov
2014-02-21 11:36:41,www.ncbi.nlm.nih.gov
2014-02-21 11:36:42,blast.ncbi.nlm.nih.gov
2014-02-21 11:36:44,www.ncbi.nlm.nih.gov
2014-02-21 11:36:44,blast.ncbi.nlm.nih.gov
2014-02-21 11:36:46,www.ncbi.nlm.nih.gov
2014-02-21 11:36:47,blast.ncbi.nlm.nih.gov
2014-02-21 11:36:49,www.ncbi.nlm.nih.gov
2014-02-21 11:36:51,blast.ncbi.nlm.nih.gov
2014-02-21 11:36:53,www.ncbi.nlm.nih.gov
2014-02-21 11:36:58,blast.ncbi.nlm.nih.gov
2014-02-21 11:37:00,www.ncbi.nlm.nih.gov
2014-02-21 11:37:11,blast.ncbi.nlm.nih.gov
2014-02-21 11:37:12,blast.ncbi.nlm.nih.gov
2014-02-21 11:37:13,www.ncbi.nlm.nih.gov
2014-02-21 11:37:13,blast.ncbi.nlm.nih.gov
2014-02-21 11:37:26,blast.ncbi.nlm.nih.gov
2014-02-21 11:37:27,blast.ncbi.nlm.nih.gov
2014-02-21 11:37:30,blast.ncbi.nlm.nih.gov
2014-02-21 11:39:16,blast.ncbi.nlm.nih.gov
2014-02-21 11:39:16,www.ncbi.nlm.nih.gov
2014-02-28 10:07:00,www.bing.com
2014-02-28 10:07:01,www.bing.com
2014-02-28 10:07:02,login.live.com
2014-02-28 10:07:02,www.bing.com
2014-02-28 10:07:02,cms.abmr.net
2014-02-28 10:08:15,office14client.microsoft.com
2014-02-28 10:08:16,office.microsoft.com
2014-02-28 10:09:37,www.ncbi.nlm.nih.gov
2014-02-28 10:09:49,www.ncbi.nlm.nih.gov
2014-02-28 10:09:50,www.ncbi.nlm.nih.gov
2014-02-28 10:09:56,www.ncbi.nlm.nih.gov
2014-02-28 10:10:01,www.ncbi.nlm.nih.gov
2014-02-28 10:10:01,blast.ncbi.nlm.nih.gov
2014-02-28 10:10:02,blast.ncbi.nlm.nih.gov
2014-02-28 10:15:10,ocsp.digicert.com
2014-02-28 10:15:10,gtssl-ocsp.geotrust.com
2014-02-28 10:15:12,clients1.google.com
2014-02-28 10:15:12,gtglobal-ocsp.geotrust.com
2014-02-28 10:15:14,clients1.google.com
2014-02-28 10:15:17,www.mozilla.org
2014-02-28 10:15:18,www.mozilla.org
2014-02-28 10:15:55,blast.ncbi.nlm.nih.gov
2014-02-28 10:15:55,www.ncbi.nlm.nih.gov
2014-02-28 10:16:01,blast.ncbi.nlm.nih.gov
2014-02-28 10:16:01,www.ncbi.nlm.nih.gov
2014-02-28 10:16:02,blast.ncbi.nlm.nih.gov
2014-02-28 10:16:02,www.ncbi.nlm.nih.gov
2014-02-28 10:16:31,safebrowsing-cache.google.com
2014-02-28 10:16:31,safebrowsing.clients.google.com
2014-02-28 10:16:32,safebrowsing-cache.google.com
2014-02-28 10:16:46,blast.ncbi.nlm.nih.gov
2014-02-28 10:16:50,blast.ncbi.nlm.nih.gov
2014-02-28 10:16:52,blast.ncbi.nlm.nih.gov
2014-02-28 10:16:53,www.ncbi.nlm.nih.gov
2014-02-28 10:16:54,blast.ncbi.nlm.nih.gov
2014-02-28 10:16:56,www.ncbi.nlm.nih.gov
2014-02-28 10:16:57,blast.ncbi.nlm.nih.gov
2014-02-28 10:16:58,www.ncbi.nlm.nih.gov
2014-02-28 10:17:20,blast.ncbi.nlm.nih.gov
2014-02-28 10:17:20,www.squid-cache.org
2014-02-28 10:17:34,blast.ncbi.nlm.nih.gov
2014-02-28 10:17:35,blast.ncbi.nlm.nih.gov
2014-02-28 10:17:47,blast.ncbi.nlm.nih.gov
2014-02-28 10:17:51,blast.ncbi.nlm.nih.gov
2014-02-28 10:17:53,blast.ncbi.nlm.nih.gov
2014-02-28 10:17:54,www.ncbi.nlm.nih.gov
2014-02-28 10:17:55,blast.ncbi.nlm.nih.gov
2014-02-28 10:17:57,www.ncbi.nlm.nih.gov
2014-02-28 10:17:58,blast.ncbi.nlm.nih.gov
2014-02-28 10:17:59,blast.ncbi.nlm.nih.gov
2014-02-28 10:17:59,www.ncbi.nlm.nih.gov
2014-02-28 10:18:01,blast.ncbi.nlm.nih.gov
2014-02-28 10:18:02,www.ncbi.nlm.nih.gov
2014-02-28 10:18:03,blast.ncbi.nlm.nih.gov
2014-02-28 10:18:05,www.ncbi.nlm.nih.gov
2014-02-28 10:18:10,sb-ssl.google.com
2014-02-28 10:18:11,blast.ncbi.nlm.nih.gov
2014-02-28 10:18:12,www.ncbi.nlm.nih.gov
2014-02-28 10:18:23,blast.ncbi.nlm.nih.gov
2014-02-28 10:18:25,www.ncbi.nlm.nih.gov
2014-02-28 10:18:41,blast.ncbi.nlm.nih.gov
2014-02-28 10:18:43,www.ncbi.nlm.nih.gov
2014-02-28 10:19:03,blast.ncbi.nlm.nih.gov
2014-02-28 10:19:05,www.ncbi.nlm.nih.gov
2014-02-28 10:19:07,ocsp.thawte.com
2014-02-28 10:19:31,blast.ncbi.nlm.nih.gov
2014-02-28 10:19:39,www.ncbi.nlm.nih.gov
2014-02-28 10:20:01,blast.ncbi.nlm.nih.gov
2014-02-28 10:20:03,www.ncbi.nlm.nih.gov
2014-02-28 10:20:32,blast.ncbi.nlm.nih.gov
2014-02-28 10:20:34,www.ncbi.nlm.nih.gov
2014-02-28 10:21:02,blast.ncbi.nlm.nih.gov
2014-02-28 10:21:04,www.ncbi.nlm.nih.gov
2014-02-28 10:21:07,ocsp.verisign.com
2014-02-28 10:21:08,ocsp.thawte.com
2014-02-28 10:21:33,blast.ncbi.nlm.nih.gov
2014-02-28 10:21:35,www.ncbi.nlm.nih.gov
2014-02-28 10:22:03,blast.ncbi.nlm.nih.gov
2014-02-28 10:22:05,www.ncbi.nlm.nih.gov
2014-02-28 10:22:34,blast.ncbi.nlm.nih.gov
2014-02-28 10:22:35,www.ncbi.nlm.nih.gov
2014-02-28 10:23:04,blast.ncbi.nlm.nih.gov
2014-02-28 10:23:05,blast.ncbi.nlm.nih.gov
2014-02-28 10:23:06,blast.ncbi.nlm.nih.gov
2014-02-28 10:23:07,www.ncbi.nlm.nih.gov
2014-02-28 10:23:07,blast.ncbi.nlm.nih.gov
2014-02-28 10:23:07,ocsp.digicert.com
2014-02-28 10:23:13,blast.ncbi.nlm.nih.gov
2014-02-28 10:23:14,blast.ncbi.nlm.nih.gov
2014-02-28 10:23:15,blast.ncbi.nlm.nih.gov
2014-02-28 10:23:16,blast.ncbi.nlm.nih.gov
2014-02-28 10:27:16,www.ncbi.nlm.nih.gov
2014-02-28 10:35:56,www.ncbi.nlm.nih.gov
2014-02-28 10:36:44,www.ncbi.nlm.nih.gov
2014-02-28 10:37:23,www.ncbi.nlm.nih.gov
2014-02-28 10:37:24,www.ncbi.nlm.nih.gov
2014-02-28 10:37:24,static.pubmed.gov
2014-02-28 10:37:25,static.pubmed.gov
2014-02-28 10:37:25,www.ncbi.nlm.nih.gov
2014-02-28 10:37:26,static.pubmed.gov
2014-02-28 10:37:26,www.ncbi.nlm.nih.gov
2014-02-28 10:37:39,www.ncbi.nlm.nih.gov
2014-02-28 10:37:43,www.ncbi.nlm.nih.gov
2014-02-28 10:37:47,www.ncbi.nlm.nih.gov
2014-02-28 10:38:24,blast.ncbi.nlm.nih.gov
2014-02-28 10:38:24,www.ncbi.nlm.nih.gov
2014-02-28 10:38:26,www.ncbi.nlm.nih.gov
2014-02-28 10:38:27,blast.ncbi.nlm.nih.gov
2014-02-28 10:38:29,www.ncbi.nlm.nih.gov
2014-02-28 10:38:30,www.ncbi.nlm.nih.gov
2014-02-28 10:38:42,www.ncbi.nlm.nih.gov
2014-02-28 10:39:24,www.ncbi.nlm.nih.gov
2014-02-28 10:39:26,www.ncbi.nlm.nih.gov
2014-02-28 10:39:26,blast.ncbi.nlm.nih.gov
2014-02-28 10:39:27,blast.ncbi.nlm.nih.gov
2014-02-28 10:39:29,blast.ncbi.nlm.nih.gov
2014-02-28 10:39:30,blast.ncbi.nlm.nih.gov
2014-02-28 10:40:05,blast.ncbi.nlm.nih.gov
2014-02-28 10:40:12,blast.ncbi.nlm.nih.gov
2014-02-28 10:40:16,blast.ncbi.nlm.nih.gov
2014-02-28 10:40:17,blast.ncbi.nlm.nih.gov
2014-02-28 10:40:19,www.ncbi.nlm.nih.gov
2014-02-28 10:40:20,blast.ncbi.nlm.nih.gov
2014-02-28 10:40:21,www.ncbi.nlm.nih.gov
2014-02-28 10:40:22,blast.ncbi.nlm.nih.gov
2014-02-28 10:40:24,www.ncbi.nlm.nih.gov
2014-02-28 10:40:25,blast.ncbi.nlm.nih.gov
2014-02-28 10:40:27,www.ncbi.nlm.nih.gov
2014-02-28 10:40:27,blast.ncbi.nlm.nih.gov
2014-02-28 10:40:29,www.ncbi.nlm.nih.gov
2014-02-28 10:40:35,blast.ncbi.nlm.nih.gov
2014-02-28 10:40:36,www.ncbi.nlm.nih.gov
2014-02-28 10:40:48,blast.ncbi.nlm.nih.gov
2014-02-28 10:40:49,blast.ncbi.nlm.nih.gov
2014-02-28 10:40:50,www.ncbi.nlm.nih.gov
2014-02-28 10:40:51,blast.ncbi.nlm.nih.gov
2014-02-28 10:40:58,blast.ncbi.nlm.nih.gov
2014-02-28 10:41:04,blast.ncbi.nlm.nih.gov
2014-02-28 10:41:05,blast.ncbi.nlm.nih.gov
2014-02-28 10:42:36,blast.ncbi.nlm.nih.gov
2014-02-28 10:42:41,blast.ncbi.nlm.nih.gov
2014-02-28 10:42:47,blast.ncbi.nlm.nih.gov
2014-02-28 10:42:50,blast.ncbi.nlm.nih.gov
2014-02-28 10:42:51,blast.ncbi.nlm.nih.gov
2014-02-28 10:42:53,www.ncbi.nlm.nih.gov
2014-02-28 10:42:54,blast.ncbi.nlm.nih.gov
2014-02-28 10:42:56,www.ncbi.nlm.nih.gov
2014-02-28 10:42:56,blast.ncbi.nlm.nih.gov
2014-02-28 10:42:58,www.ncbi.nlm.nih.gov
2014-02-28 10:42:59,blast.ncbi.nlm.nih.gov
2014-02-28 10:43:01,blast.ncbi.nlm.nih.gov
2014-02-28 10:43:01,www.ncbi.nlm.nih.gov
2014-02-28 10:43:03,www.ncbi.nlm.nih.gov
2014-02-28 10:43:09,blast.ncbi.nlm.nih.gov
2014-02-28 10:43:11,www.ncbi.nlm.nih.gov
2014-02-28 10:43:21,blast.ncbi.nlm.nih.gov
2014-02-28 10:43:23,www.ncbi.nlm.nih.gov
2014-02-28 10:43:39,blast.ncbi.nlm.nih.gov
2014-02-28 10:43:40,www.ncbi.nlm.nih.gov
2014-02-28 10:43:40,blast.ncbi.nlm.nih.gov
2014-02-28 10:43:41,www.ncbi.nlm.nih.gov
2014-02-28 10:43:42,blast.ncbi.nlm.nih.gov
2014-02-28 10:43:43,www.ncbi.nlm.nih.gov
2014-02-28 10:43:43,blast.ncbi.nlm.nih.gov
2014-02-28 10:43:44,www.ncbi.nlm.nih.gov
2014-02-28 10:43:45,blast.ncbi.nlm.nih.gov
2014-02-28 10:43:46,www.ncbi.nlm.nih.gov
2014-02-28 10:43:46,blast.ncbi.nlm.nih.gov
2014-02-28 10:43:47,www.ncbi.nlm.nih.gov
2014-02-28 10:43:48,blast.ncbi.nlm.nih.gov
2014-02-28 10:43:49,www.ncbi.nlm.nih.gov
2014-02-28 10:43:49,blast.ncbi.nlm.nih.gov
2014-02-28 10:43:50,www.ncbi.nlm.nih.gov
2014-02-28 10:43:51,blast.ncbi.nlm.nih.gov
2014-02-28 10:43:52,blast.ncbi.nlm.nih.gov
2014-02-28 10:43:52,www.ncbi.nlm.nih.gov
2014-02-28 10:43:53,www.ncbi.nlm.nih.gov
2014-02-28 10:43:54,blast.ncbi.nlm.nih.gov
2014-02-28 10:43:55,blast.ncbi.nlm.nih.gov
2014-02-28 10:43:56,www.ncbi.nlm.nih.gov
2014-02-28 10:43:59,blast.ncbi.nlm.nih.gov
2014-02-28 10:44:13,blast.ncbi.nlm.nih.gov
2014-02-28 10:44:14,blast.ncbi.nlm.nih.gov
2014-02-28 10:44:15,blast.ncbi.nlm.nih.gov
2014-02-28 10:44:16,blast.ncbi.nlm.nih.gov
2014-02-28 10:44:17,blast.ncbi.nlm.nih.gov
2014-02-28 10:44:35,blast.ncbi.nlm.nih.gov
2014-02-28 10:44:39,blast.ncbi.nlm.nih.gov
2014-02-28 10:44:45,blast.ncbi.nlm.nih.gov
2014-02-28 10:44:51,blast.ncbi.nlm.nih.gov
2014-02-28 10:44:55,blast.ncbi.nlm.nih.gov
2014-02-28 10:44:56,blast.ncbi.nlm.nih.gov
2014-02-28 10:44:58,www.ncbi.nlm.nih.gov
2014-02-28 10:44:59,blast.ncbi.nlm.nih.gov
2014-02-28 10:45:00,www.ncbi.nlm.nih.gov
2014-02-28 10:45:01,blast.ncbi.nlm.nih.gov
2014-02-28 10:45:03,www.ncbi.nlm.nih.gov
2014-02-28 10:45:04,blast.ncbi.nlm.nih.gov
2014-02-28 10:45:06,safebrowsing.clients.google.com
2014-02-28 10:45:06,www.ncbi.nlm.nih.gov
2014-02-28 10:45:06,safebrowsing-cache.google.com
2014-02-28 10:45:06,blast.ncbi.nlm.nih.gov
2014-02-28 10:45:08,www.ncbi.nlm.nih.gov
2014-02-28 10:45:14,blast.ncbi.nlm.nih.gov
2014-02-28 10:45:16,www.ncbi.nlm.nih.gov
2014-02-28 10:45:27,blast.ncbi.nlm.nih.gov
2014-02-28 10:45:28,www.ncbi.nlm.nih.gov
2014-02-28 10:45:28,blast.ncbi.nlm.nih.gov
2014-02-28 10:45:29,www.ncbi.nlm.nih.gov
2014-02-28 10:45:30,blast.ncbi.nlm.nih.gov
2014-02-28 10:45:31,www.ncbi.nlm.nih.gov
2014-02-28 10:45:32,blast.ncbi.nlm.nih.gov
2014-02-28 10:45:33,www.ncbi.nlm.nih.gov
2014-02-28 10:45:33,blast.ncbi.nlm.nih.gov
2014-02-28 10:45:34,www.ncbi.nlm.nih.gov
2014-02-28 10:45:35,blast.ncbi.nlm.nih.gov
2014-02-28 10:45:36,www.ncbi.nlm.nih.gov
2014-02-28 10:45:36,blast.ncbi.nlm.nih.gov
2014-02-28 10:45:37,www.ncbi.nlm.nih.gov
2014-02-28 10:45:38,blast.ncbi.nlm.nih.gov
2014-02-28 10:45:39,blast.ncbi.nlm.nih.gov
2014-02-28 10:45:39,www.ncbi.nlm.nih.gov
2014-02-28 10:45:40,www.ncbi.nlm.nih.gov
2014-02-28 10:45:41,blast.ncbi.nlm.nih.gov
2014-02-28 10:45:42,www.ncbi.nlm.nih.gov
2014-02-28 10:45:42,blast.ncbi.nlm.nih.gov
2014-02-28 10:45:43,www.ncbi.nlm.nih.gov
2014-02-28 10:45:44,blast.ncbi.nlm.nih.gov
2014-02-28 10:45:45,blast.ncbi.nlm.nih.gov
2014-02-28 10:45:45,www.ncbi.nlm.nih.gov
2014-02-28 10:45:46,www.ncbi.nlm.nih.gov
2014-02-28 10:45:47,blast.ncbi.nlm.nih.gov
2014-02-28 10:45:48,www.ncbi.nlm.nih.gov
2014-02-28 10:45:48,blast.ncbi.nlm.nih.gov
2014-02-28 10:45:49,www.ncbi.nlm.nih.gov
2014-02-28 10:45:50,blast.ncbi.nlm.nih.gov
2014-02-28 10:45:51,www.ncbi.nlm.nih.gov
2014-02-28 10:45:51,blast.ncbi.nlm.nih.gov
2014-02-28 10:45:52,www.ncbi.nlm.nih.gov
2014-02-28 10:45:53,blast.ncbi.nlm.nih.gov
2014-02-28 10:45:54,blast.ncbi.nlm.nih.gov
2014-02-28 10:45:54,www.ncbi.nlm.nih.gov
2014-02-28 10:45:55,www.ncbi.nlm.nih.gov
2014-02-28 10:45:56,blast.ncbi.nlm.nih.gov
2014-02-28 10:45:57,www.ncbi.nlm.nih.gov
2014-02-28 10:45:57,blast.ncbi.nlm.nih.gov
2014-02-28 10:45:58,www.ncbi.nlm.nih.gov
2014-02-28 10:45:59,blast.ncbi.nlm.nih.gov
2014-02-28 10:46:00,www.ncbi.nlm.nih.gov
2014-02-28 10:46:00,blast.ncbi.nlm.nih.gov
2014-02-28 10:46:01,www.ncbi.nlm.nih.gov
2014-02-28 10:46:02,blast.ncbi.nlm.nih.gov
2014-02-28 10:46:03,www.ncbi.nlm.nih.gov
2014-02-28 10:46:06,blast.ncbi.nlm.nih.gov
2014-02-28 10:46:08,www.ncbi.nlm.nih.gov
2014-02-28 10:46:11,blast.ncbi.nlm.nih.gov
2014-02-28 10:46:33,blast.ncbi.nlm.nih.gov
2014-02-28 10:46:34,blast.ncbi.nlm.nih.gov
2014-02-28 10:47:15,blast.ncbi.nlm.nih.gov
2014-02-28 10:47:16,pis.foxitsoftware.com
2014-02-28 10:47:16,ad.foxitsoftware.com
2014-02-28 10:47:25,blast.ncbi.nlm.nih.gov
2014-02-28 10:47:30,blast.ncbi.nlm.nih.gov
2014-02-28 10:48:23,blast.ncbi.nlm.nih.gov
2014-02-28 10:48:28,blast.ncbi.nlm.nih.gov
2014-02-28 10:48:31,blast.ncbi.nlm.nih.gov
2014-02-28 10:48:44,blast.ncbi.nlm.nih.gov
2014-02-28 10:48:56,www.ncbi.nlm.nih.gov
2014-02-28 10:48:57,www.ncbi.nlm.nih.gov
2014-02-28 10:49:33,blast.ncbi.nlm.nih.gov
2014-02-28 10:49:39,blast.ncbi.nlm.nih.gov
2014-02-28 10:49:41,blast.ncbi.nlm.nih.gov
2014-02-28 10:49:43,blast.ncbi.nlm.nih.gov
2014-02-28 10:49:43,www.ncbi.nlm.nih.gov
2014-02-28 10:49:45,www.ncbi.nlm.nih.gov
2014-02-28 10:49:46,blast.ncbi.nlm.nih.gov
2014-02-28 10:49:47,www.ncbi.nlm.nih.gov
2014-02-28 10:49:48,blast.ncbi.nlm.nih.gov
2014-02-28 10:49:50,www.ncbi.nlm.nih.gov
2014-02-28 10:49:51,blast.ncbi.nlm.nih.gov
2014-02-28 10:49:52,www.ncbi.nlm.nih.gov
2014-02-28 10:49:58,blast.ncbi.nlm.nih.gov
2014-02-28 10:50:01,www.ncbi.nlm.nih.gov
2014-02-28 10:50:11,www.ncbi.nlm.nih.gov
2014-02-28 10:50:11,blast.ncbi.nlm.nih.gov
2014-02-28 10:50:12,blast.ncbi.nlm.nih.gov
2014-02-28 10:50:13,www.ncbi.nlm.nih.gov
2014-02-28 10:50:13,blast.ncbi.nlm.nih.gov
2014-02-28 10:50:14,blast.ncbi.nlm.nih.gov
2014-02-28 10:50:44,blast.ncbi.nlm.nih.gov
2014-02-28 10:51:22,blast.ncbi.nlm.nih.gov
2014-02-28 10:51:27,blast.ncbi.nlm.nih.gov
2014-02-28 10:51:29,blast.ncbi.nlm.nih.gov
2014-02-28 10:51:30,blast.ncbi.nlm.nih.gov
2014-02-28 10:51:32,blast.ncbi.nlm.nih.gov
2014-02-28 10:51:33,blast.ncbi.nlm.nih.gov
2014-02-28 10:51:36,blast.ncbi.nlm.nih.gov
2014-02-28 10:52:04,blast.ncbi.nlm.nih.gov
2014-02-28 10:53:03,blast.ncbi.nlm.nih.gov
2014-02-28 10:53:13,blast.ncbi.nlm.nih.gov
2014-02-28 10:53:13,www.ncbi.nlm.nih.gov
2014-02-28 10:53:14,www.ncbi.nlm.nih.gov
2014-02-28 10:53:16,static.pubmed.gov
2014-02-28 10:53:16,www.ncbi.nlm.nih.gov
2014-02-28 10:53:17,www.ncbi.nlm.nih.gov
2014-02-28 10:53:35,www.ncbi.nlm.nih.gov
2014-02-28 10:53:40,static.pubmed.gov
2014-02-28 10:53:40,www.ncbi.nlm.nih.gov
2014-02-28 10:53:41,static.pubmed.gov
2014-02-28 10:53:41,www.ncbi.nlm.nih.gov
2014-02-28 10:53:42,www.ncbi.nlm.nih.gov
2014-02-28 10:53:50,www.ncbi.nlm.nih.gov
2014-02-28 10:53:58,www.ncbi.nlm.nih.gov
2014-02-28 10:55:00,www.ncbi.nlm.nih.gov
2014-02-28 10:55:01,www.ncbi.nlm.nih.gov
2014-02-28 10:55:10,www.ncbi.nlm.nih.gov
2014-02-28 10:56:21,www.ncbi.nlm.nih.gov
2014-02-28 10:56:27,static.pubmed.gov
2014-02-28 10:56:27,www.ncbi.nlm.nih.gov
2014-02-28 10:56:28,www.ncbi.nlm.nih.gov
2014-02-28 10:56:37,www.ncbi.nlm.nih.gov
2014-02-28 10:56:39,www.ncbi.nlm.nih.gov
2014-02-28 10:56:45,www.ncbi.nlm.nih.gov
2014-02-28 10:56:46,www.ncbi.nlm.nih.gov
2014-02-28 10:56:48,www.ncbi.nlm.nih.gov
2014-02-28 10:56:59,www.ncbi.nlm.nih.gov
2014-02-28 10:57:05,www.ncbi.nlm.nih.gov
2014-02-28 10:57:06,www.ncbi.nlm.nih.gov
2014-02-28 10:57:27,www.ncbi.nlm.nih.gov
2014-02-28 10:57:28,www.ncbi.nlm.nih.gov
2014-02-28 10:58:33,www.ncbi.nlm.nih.gov
2014-02-28 10:58:39,www.ncbi.nlm.nih.gov
2014-02-28 10:58:40,www.ncbi.nlm.nih.gov
2014-02-28 10:58:53,www.ncbi.nlm.nih.gov
2014-02-28 10:58:57,www.ncbi.nlm.nih.gov
2014-02-28 10:59:21,www.ncbi.nlm.nih.gov
2014-02-28 10:59:25,www.ncbi.nlm.nih.gov
2014-02-28 10:59:26,static.pubmed.gov
2014-02-28 10:59:47,www.ncbi.nlm.nih.gov
2014-02-28 10:59:49,www.ncbi.nlm.nih.gov
2014-02-28 10:59:50,static.pubmed.gov
2014-02-28 10:59:52,static.pubmed.gov
2014-02-28 10:59:52,www.ncbi.nlm.nih.gov
2014-02-28 10:59:53,static.pubmed.gov
2014-02-28 10:59:53,www.ncbi.nlm.nih.gov
2014-02-28 11:00:24,static.pubmed.gov
2014-02-28 11:00:24,www.ncbi.nlm.nih.gov
2014-02-28 11:00:25,www.ncbi.nlm.nih.gov
2014-02-28 11:01:00,www.ncbi.nlm.nih.gov
2014-02-28 11:01:08,www.ncbi.nlm.nih.gov
2014-02-28 11:03:13,www.google.com
2014-02-28 11:03:13,clients1.google.com
2014-02-28 11:03:19,www.google.fr
2014-02-28 11:03:19,www.phylogeny.fr
2014-02-28 11:03:32,www.phylogeny.fr
2014-02-28 11:04:02,www.phylogeny.fr
2014-02-28 11:05:12,www.phylogeny.fr
2014-02-28 11:05:16,www.phylogeny.fr
2014-02-28 11:06:13,www.google.com
2014-02-28 11:06:13,www.google.fr
2014-02-28 11:06:13,apis.google.com
2014-02-28 11:07:00,www.phylogeny.fr
2014-02-28 11:07:09,www.phylogeny.fr
2014-02-28 11:07:39,www.phylogeny.fr
2014-02-28 11:07:45,www.phylogeny.fr
2014-02-28 11:07:49,www.phylogeny.fr
2014-02-28 11:08:32,www.phylogeny.fr
2014-02-28 11:12:01,www.phylogeny.fr
2014-02-28 11:13:01,www.phylogeny.fr
2014-02-28 11:15:04,www.phylogeny.fr
2014-02-28 11:16:56,safebrowsing.clients.google.com
2014-02-28 11:16:56,safebrowsing-cache.google.com
2014-02-28 11:18:08,www.phylogeny.fr
2014-02-28 11:20:11,www.phylogeny.fr
2014-02-28 11:20:19,www.phylogeny.fr
2014-02-28 11:20:20,www.phylogeny.fr
2014-02-28 11:20:23,www.phylogeny.fr
2014-02-28 11:20:25,www.phylogeny.fr
2014-02-28 11:20:31,www.phylogeny.fr
2014-02-28 11:20:32,www.phylogeny.fr
2014-02-28 11:20:34,www.phylogeny.fr
2014-02-28 11:20:35,www.phylogeny.fr
2014-02-28 11:20:36,www.phylogeny.fr
2014-02-28 11:21:21,www.phylogeny.fr
2014-02-28 11:21:30,www.phylogeny.fr
2014-02-28 11:21:41,www.phylogeny.fr
2014-02-28 11:23:06,www.phylogeny.fr
2014-02-28 11:23:30,www.phylogeny.fr
2014-02-28 11:23:36,www.phylogeny.fr
2014-02-28 11:23:37,www.phylogeny.fr
2014-02-28 11:23:51,www.phylogeny.fr
2014-02-28 11:25:02,www.phylogeny.fr
2014-02-28 11:25:10,www.phylogeny.fr
2014-02-28 11:25:27,www.phylogeny.fr
2014-02-28 11:25:51,www.phylogeny.fr
2014-02-28 11:25:59,www.phylogeny.fr
2014-02-28 11:26:00,www.phylogeny.fr
2014-02-28 11:26:02,www.phylogeny.fr
2014-02-28 11:26:08,www.phylogeny.fr
2014-02-28 11:26:09,www.phylogeny.fr
2014-02-28 11:26:10,www.phylogeny.fr
2014-02-28 11:26:48,www.phylogeny.fr
2014-02-28 11:26:55,www.phylogeny.fr
2014-02-28 11:27:01,www.phylogeny.fr
2014-02-28 11:27:11,www.phylogeny.fr
2014-02-28 11:27:12,www.phylogeny.fr
2014-02-28 11:32:17,www.phylogeny.fr
2014-02-28 11:33:00,www.phylogeny.fr
2014-02-28 11:33:24,www.phylogeny.fr
2014-02-28 11:33:27,www.phylogeny.fr
2014-02-28 11:33:31,www.phylogeny.fr
2014-02-28 11:33:32,www.phylogeny.fr
2014-02-28 11:33:50,www.phylogeny.fr
2014-02-28 11:33:51,www.phylogeny.fr
2014-02-28 11:33:58,www.phylogeny.fr
2014-02-28 11:35:27,www.phylogeny.fr
2014-02-28 11:35:28,www.phylogeny.fr
2014-02-28 11:36:43,www.phylogeny.fr
2014-02-28 11:36:58,www.phylogeny.fr
2014-02-28 11:37:02,www.phylogeny.fr
2014-02-28 11:37:30,www.phylogeny.fr
2014-02-28 11:37:31,www.phylogeny.fr
2014-02-28 11:37:37,www.phylogeny.fr
2014-02-28 11:37:42,www.phylogeny.fr
2014-02-28 11:37:55,www.phylogeny.fr
2014-02-28 11:38:23,www.phylogeny.fr
2014-02-28 11:38:24,www.phylogeny.fr
2014-02-28 11:38:25,www.phylogeny.fr
2014-02-28 11:38:26,www.phylogeny.fr
2014-02-28 11:38:27,www.phylogeny.fr
2014-02-28 11:38:28,www.phylogeny.fr
2014-02-28 11:38:34,www.phylogeny.fr
2014-02-28 11:38:54,www.phylogeny.fr
2014-02-28 11:39:36,www.phylogeny.fr
2014-02-28 11:39:37,www.phylogeny.fr
2014-02-28 11:39:40,www.phylogeny.fr
2014-02-28 11:39:43,www.phylogeny.fr
2014-02-28 11:40:07,www.phylogeny.fr
2014-02-28 11:40:13,www.phylogeny.fr
2014-02-28 11:40:20,www.phylogeny.fr
2014-02-28 11:40:21,www.phylogeny.fr
2014-02-28 11:40:27,www.phylogeny.fr
2014-02-28 11:40:28,www.phylogeny.fr
2014-02-28 11:40:29,www.phylogeny.fr
2014-02-28 11:40:30,www.phylogeny.fr
2014-02-28 11:40:31,www.phylogeny.fr
2014-02-28 11:41:05,www.phylogeny.fr
2014-02-28 11:41:12,www.phylogeny.fr
2014-02-28 11:41:23,www.phylogeny.fr
2014-02-28 11:41:49,www.phylogeny.fr
2014-02-28 11:41:53,www.phylogeny.fr
2014-02-28 11:41:57,www.phylogeny.fr
2014-02-28 11:42:01,www.phylogeny.fr
2014-02-28 11:42:04,www.phylogeny.fr
2014-02-28 11:42:07,www.phylogeny.fr
2014-02-28 11:42:09,www.phylogeny.fr
2014-02-28 11:42:12,www.phylogeny.fr
2014-02-28 11:42:15,www.phylogeny.fr
2014-02-28 11:42:17,www.phylogeny.fr
2014-02-28 11:42:20,www.phylogeny.fr
2014-02-28 11:42:22,www.phylogeny.fr
2014-02-28 11:42:25,www.phylogeny.fr
2014-02-28 11:42:27,www.phylogeny.fr
2014-02-28 11:42:29,www.phylogeny.fr
2014-02-28 11:42:32,www.phylogeny.fr
2014-02-28 11:42:34,www.phylogeny.fr
2014-02-28 11:42:37,www.phylogeny.fr
2014-02-28 11:42:39,www.phylogeny.fr
2014-02-28 11:42:41,www.phylogeny.fr
2014-02-28 11:42:44,www.phylogeny.fr
2014-02-28 11:42:46,www.phylogeny.fr
2014-02-28 11:42:49,www.phylogeny.fr
2014-02-28 11:42:51,www.phylogeny.fr
2014-02-28 11:42:54,www.phylogeny.fr
2014-02-28 11:42:56,www.phylogeny.fr
2014-02-28 11:42:58,www.phylogeny.fr
2014-02-28 11:43:01,www.phylogeny.fr
2014-02-28 11:43:03,www.phylogeny.fr
2014-02-28 11:43:06,www.phylogeny.fr
2014-02-28 11:43:08,www.phylogeny.fr
2014-02-28 11:43:10,www.phylogeny.fr
2014-02-28 11:43:13,www.phylogeny.fr
2014-02-28 11:43:15,www.phylogeny.fr
2014-02-28 11:43:18,www.phylogeny.fr
2014-02-28 11:43:20,www.phylogeny.fr
2014-02-28 11:43:22,www.phylogeny.fr
2014-02-28 11:43:25,www.phylogeny.fr
2014-02-28 11:43:28,www.phylogeny.fr
2014-02-28 11:43:30,www.phylogeny.fr
2014-02-28 11:43:32,www.phylogeny.fr
2014-02-28 11:43:39,www.phylogeny.fr
2014-02-28 11:43:40,www.phylogeny.fr
2014-02-28 11:43:41,www.phylogeny.fr
2014-02-28 11:43:42,www.phylogeny.fr
2014-02-28 11:43:56,www.phylogeny.fr
2014-02-28 11:44:03,www.phylogeny.fr
2014-02-28 11:44:09,www.phylogeny.fr
2014-02-28 11:44:10,www.phylogeny.fr
2014-02-28 11:44:18,www.phylogeny.fr
2014-02-28 11:44:19,www.phylogeny.fr
2014-02-28 11:44:20,www.phylogeny.fr
2014-02-28 11:44:21,www.phylogeny.fr
2014-02-28 11:44:23,www.phylogeny.fr
2014-02-28 11:44:26,www.phylogeny.fr
2014-02-28 11:44:27,www.phylogeny.fr
2014-02-28 11:44:32,www.phylogeny.fr
2014-02-28 11:44:46,www.phylogeny.fr
2014-02-28 11:45:53,safebrowsing-cache.google.com
2014-02-28 11:45:53,safebrowsing.clients.google.com
2014-02-28 11:45:54,safebrowsing-cache.google.com
2014-02-28 11:46:07,www.phylogeny.fr
2014-02-28 11:46:15,www.phylogeny.fr
2014-02-28 11:46:20,www.phylogeny.fr
2014-02-28 11:46:27,www.phylogeny.fr
2014-02-28 11:46:28,www.phylogeny.fr
2014-02-28 11:46:30,www.phylogeny.fr
2014-02-28 11:46:36,www.phylogeny.fr
2014-02-28 11:47:27,www.phylogeny.fr
2014-02-28 11:47:33,www.phylogeny.fr
2014-02-28 11:47:38,www.phylogeny.fr
2014-02-28 11:47:39,www.phylogeny.fr
2014-02-28 11:47:47,www.phylogeny.fr
2014-02-28 11:47:48,www.phylogeny.fr
2014-02-28 11:47:49,www.phylogeny.fr
2014-02-28 11:47:50,www.phylogeny.fr
2014-02-28 11:47:54,www.phylogeny.fr
2014-02-28 11:47:56,www.phylogeny.fr
2014-02-28 11:47:57,www.phylogeny.fr
2014-02-28 11:48:02,www.phylogeny.fr
2014-02-28 11:53:44,blast.ncbi.nlm.nih.gov
2014-02-28 11:53:45,blast.ncbi.nlm.nih.gov
2014-03-21 10:04:43,ieonline.microsoft.com
2014-03-21 10:04:43,go.microsoft.com
2014-03-21 10:04:44,res2.windows.microsoft.com
2014-03-21 10:04:44,js.microsoft.com
2014-03-21 10:04:44,res1.windows.microsoft.com
2014-03-21 10:04:44,windows.microsoft.com
2014-03-21 10:04:44,ajax.microsoft.com
2014-03-21 10:04:48,www.bing.com
2014-03-21 10:04:50,api.bing.com
2014-03-21 10:04:51,api.bing.com
2014-03-21 10:04:52,www.bing.com
2014-03-21 10:04:54,www.bing.com
2014-03-21 10:04:54,cms.abmr.net
2014-03-21 10:04:55,www.bing.com
2014-03-21 10:05:06,api.bing.com
2014-03-21 10:05:07,api.bing.com
2014-03-21 10:05:11,api.bing.com
2014-03-21 10:05:12,api.bing.com
2014-03-21 10:05:13,api.bing.com
2014-03-21 10:05:15,www.bing.com
2014-03-21 10:05:16,www.bing.com
2014-03-21 10:05:17,www.bing.com
2014-03-21 10:05:18,login.live.com
2014-03-21 10:05:18,www.bing.com
2014-03-21 10:05:22,annotathon.org
2014-03-21 10:05:22,www.bing.com
2014-03-21 10:05:22,ssl.bing.com
2014-03-21 10:05:30,annotathon.org
2014-03-21 10:05:56,annotathon.org
2014-03-21 10:06:09,annotathon.org
2014-03-21 10:06:12,annotathon.org
2014-03-21 10:06:15,annotathon.org
2014-03-21 10:06:15,annotathon.univ-mrs.fr
2014-03-21 10:06:43,go.microsoft.com
2014-03-21 10:06:43,ieonline.microsoft.com
2014-03-21 10:06:45,annotathon.org
2014-03-21 10:06:46,api.bing.com
2014-03-21 10:06:47,api.bing.com
2014-03-21 10:06:48,static.pubmed.gov
2014-03-21 10:06:48,www.ncbi.nlm.nih.gov
2014-03-21 10:06:49,static.pubmed.gov
2014-03-21 10:06:49,www.ncbi.nlm.nih.gov
2014-03-21 10:06:50,www.ncbi.nlm.nih.gov
2014-03-21 10:06:50,static.pubmed.gov
2014-03-21 10:06:54,www.ncbi.nlm.nih.gov
2014-03-21 10:06:54,blast.ncbi.nlm.nih.gov
2014-03-21 10:06:55,blast.ncbi.nlm.nih.gov
2014-03-21 10:07:15,annotathon.org
2014-03-21 10:07:15,api.bing.com
2014-03-21 10:07:16,api.bing.com
2014-03-21 10:07:17,api.bing.com
2014-03-21 10:07:18,www.bing.com
2014-03-21 10:07:19,www.bing.com
2014-03-21 10:07:20,www.bing.com
2014-03-21 10:07:20,www.ncbi.nlm.nih.gov
2014-03-21 10:07:42,www.ncbi.nlm.nih.gov
2014-03-21 10:07:43,www.ncbi.nlm.nih.gov
2014-03-21 10:07:45,www.ncbi.nlm.nih.gov
2014-03-21 10:07:45,annotathon.org
2014-03-21 10:08:03,www.ncbi.nlm.nih.gov
2014-03-21 10:08:03,blast.ncbi.nlm.nih.gov
2014-03-21 10:08:10,www.ncbi.nlm.nih.gov
2014-03-21 10:08:15,annotathon.org
2014-03-21 10:08:18,www.ncbi.nlm.nih.gov
2014-03-21 10:08:19,www.ncbi.nlm.nih.gov
2014-03-21 10:08:45,annotathon.org
2014-03-21 10:08:58,www.ncbi.nlm.nih.gov
2014-03-21 10:08:59,www.ncbi.nlm.nih.gov
2014-03-21 10:09:14,www.ncbi.nlm.nih.gov
2014-03-21 10:09:15,www.ncbi.nlm.nih.gov
2014-03-21 10:09:15,annotathon.org
2014-03-21 10:09:17,www.ncbi.nlm.nih.gov
2014-03-21 10:09:19,www.ncbi.nlm.nih.gov
2014-03-21 10:09:20,www.ncbi.nlm.nih.gov
2014-03-21 10:09:22,www.ncbi.nlm.nih.gov
2014-03-21 10:09:23,www.ncbi.nlm.nih.gov
2014-03-21 10:09:25,www.ncbi.nlm.nih.gov
2014-03-21 10:09:26,www.ncbi.nlm.nih.gov
2014-03-21 10:09:28,www.ncbi.nlm.nih.gov
2014-03-21 10:09:33,www.ncbi.nlm.nih.gov
2014-03-21 10:09:35,www.ncbi.nlm.nih.gov
2014-03-21 10:09:45,annotathon.org
2014-03-21 10:09:46,www.ncbi.nlm.nih.gov
2014-03-21 10:09:49,www.ncbi.nlm.nih.gov
2014-03-21 10:10:03,www.ncbi.nlm.nih.gov
2014-03-21 10:10:06,www.ncbi.nlm.nih.gov
2014-03-21 10:10:14,blast.ncbi.nlm.nih.gov
2014-03-21 10:10:15,blast.ncbi.nlm.nih.gov
2014-03-21 10:10:15,www.ncbi.nlm.nih.gov
2014-03-21 10:10:15,annotathon.org
2014-03-21 10:10:16,blast.ncbi.nlm.nih.gov
2014-03-21 10:10:26,www.ncbi.nlm.nih.gov
2014-03-21 10:10:28,www.ncbi.nlm.nih.gov
2014-03-21 10:10:45,annotathon.org
2014-03-21 10:10:54,www.ncbi.nlm.nih.gov
2014-03-21 10:10:56,www.ncbi.nlm.nih.gov
2014-03-21 10:11:15,annotathon.org
2014-03-21 10:11:24,www.ncbi.nlm.nih.gov
2014-03-21 10:11:26,www.ncbi.nlm.nih.gov
2014-03-21 10:11:45,annotathon.org
2014-03-21 10:11:55,www.ncbi.nlm.nih.gov
2014-03-21 10:11:58,www.ncbi.nlm.nih.gov
2014-03-21 10:12:15,annotathon.org
2014-03-21 10:12:26,www.ncbi.nlm.nih.gov
2014-03-21 10:12:28,www.ncbi.nlm.nih.gov
2014-03-21 10:12:45,annotathon.org
2014-03-21 10:12:56,www.ncbi.nlm.nih.gov
2014-03-21 10:12:58,www.ncbi.nlm.nih.gov
2014-03-21 10:13:15,annotathon.org
2014-03-21 10:13:27,www.ncbi.nlm.nih.gov
2014-03-21 10:13:29,www.ncbi.nlm.nih.gov
2014-03-21 10:13:45,annotathon.org
2014-03-21 10:13:58,www.ncbi.nlm.nih.gov
2014-03-21 10:13:59,www.ncbi.nlm.nih.gov
2014-03-21 10:14:00,www.ncbi.nlm.nih.gov
2014-03-21 10:14:02,www.ncbi.nlm.nih.gov
2014-03-21 10:14:15,annotathon.org
2014-03-21 10:14:45,annotathon.org
2014-03-21 10:15:15,annotathon.org
2014-03-21 10:15:45,annotathon.org
2014-03-21 10:15:52,office14client.microsoft.com
2014-03-21 10:15:53,office.microsoft.com
2014-03-21 10:16:15,annotathon.org
2014-03-21 10:16:45,annotathon.org
2014-03-21 10:17:15,annotathon.org
2014-03-21 10:17:45,annotathon.org
2014-03-21 10:18:15,annotathon.org
2014-03-21 10:18:45,annotathon.org
2014-03-21 10:19:15,annotathon.org
2014-03-21 10:19:27,www.ncbi.nlm.nih.gov
2014-03-21 10:19:28,www.ncbi.nlm.nih.gov
2014-03-21 10:19:34,blast.ncbi.nlm.nih.gov
2014-03-21 10:19:37,www.ncbi.nlm.nih.gov
2014-03-21 10:19:39,www.ncbi.nlm.nih.gov
2014-03-21 10:19:44,www.ncbi.nlm.nih.gov
2014-03-21 10:19:45,www.ncbi.nlm.nih.gov
2014-03-21 10:19:45,annotathon.org
2014-03-21 10:20:15,annotathon.org
2014-03-21 10:20:45,annotathon.org
2014-03-21 10:21:15,annotathon.org
2014-03-21 10:21:45,annotathon.org
2014-03-21 10:22:15,annotathon.org
2014-03-21 10:22:45,annotathon.org
2014-03-21 10:23:05,annotathon.org
2014-03-21 10:23:35,annotathon.org
2014-03-21 10:23:52,api.bing.com
2014-03-21 10:23:53,api.bing.com
2014-03-21 10:23:54,api.bing.com
2014-03-21 10:23:55,api.bing.com
2014-03-21 10:23:56,api.bing.com
2014-03-21 10:23:57,www.bing.com
2014-03-21 10:23:59,www.bing.com
2014-03-21 10:24:05,annotathon.org
2014-03-21 10:24:16,www.ncbi.nlm.nih.gov
2014-03-21 10:24:35,annotathon.org
2014-03-21 10:25:06,annotathon.org
2014-03-21 10:25:36,annotathon.org
2014-03-21 10:26:06,annotathon.org
2014-03-21 10:26:36,annotathon.org
2014-03-21 10:27:06,annotathon.org
2014-03-21 10:27:36,annotathon.org
2014-03-21 10:28:06,annotathon.org
2014-03-21 10:28:36,annotathon.org
2014-03-21 10:29:06,annotathon.org
2014-03-21 10:29:36,annotathon.org
2014-03-21 10:30:06,annotathon.org
2014-03-21 10:30:36,annotathon.org
2014-03-21 10:31:06,annotathon.org
2014-03-21 10:31:36,annotathon.org
2014-03-21 10:32:06,annotathon.org
2014-03-21 10:32:36,annotathon.org
2014-03-21 10:33:06,annotathon.org
2014-03-21 10:33:36,annotathon.org
2014-03-21 10:34:06,annotathon.org
2014-03-21 10:34:36,annotathon.org
2014-03-21 10:35:06,annotathon.org
2014-03-21 10:35:36,annotathon.org
2014-03-21 10:36:06,annotathon.org
2014-03-21 10:36:36,annotathon.org
2014-03-21 10:37:06,annotathon.org
2014-03-21 10:37:36,annotathon.org
2014-03-21 10:38:06,annotathon.org
2014-03-21 10:38:36,annotathon.org
2014-03-21 10:39:06,annotathon.org
2014-03-21 10:39:12,platform.twitter.com
2014-03-21 10:39:36,annotathon.org
2014-03-21 10:40:06,annotathon.org
2014-03-21 10:40:36,annotathon.org
2014-03-21 10:41:06,annotathon.org
2014-03-21 10:41:36,annotathon.org
2014-03-21 10:42:06,annotathon.org
2014-03-21 10:42:36,annotathon.org
2014-03-21 10:43:06,annotathon.org
2014-03-21 10:43:36,annotathon.org
2014-03-21 10:44:06,annotathon.org
2014-03-21 10:44:36,annotathon.org
2014-03-21 10:45:06,annotathon.org
2014-03-21 10:45:36,annotathon.org
2014-03-21 10:46:06,annotathon.org
2014-03-21 10:46:36,annotathon.org
2014-03-21 10:47:06,annotathon.org
2014-03-21 10:47:36,annotathon.org
2014-03-21 10:48:06,annotathon.org
2014-03-21 10:48:36,annotathon.org
2014-03-21 10:49:06,annotathon.org
2014-03-21 10:49:36,annotathon.org
2014-03-21 10:50:06,annotathon.org
2014-03-21 10:50:36,annotathon.org
2014-03-21 10:51:06,annotathon.org
2014-03-21 10:51:36,annotathon.org
2014-03-21 10:52:06,annotathon.org
2014-03-21 10:52:36,annotathon.org
2014-03-21 10:53:06,annotathon.org
2014-03-21 10:53:36,annotathon.org
2014-03-21 10:54:06,annotathon.org
2014-03-21 10:54:36,annotathon.org
2014-03-21 10:55:06,annotathon.org
2014-03-21 10:55:36,annotathon.org
2014-03-21 10:56:06,annotathon.org
2014-03-21 10:56:36,annotathon.org
2014-03-21 10:57:06,annotathon.org
2014-03-21 10:57:36,annotathon.org
2014-03-21 10:58:06,annotathon.org
2014-03-21 10:58:36,annotathon.org
2014-03-21 10:58:41,annotathon.org
2014-03-21 10:59:11,annotathon.org
2014-03-21 10:59:41,annotathon.org
2014-03-21 11:00:11,annotathon.org
2014-03-21 11:00:39,annotathon.org
2014-03-21 11:01:09,annotathon.org
2014-03-21 11:01:39,annotathon.org
2014-03-21 11:01:53,www.ncbi.nlm.nih.gov
2014-03-21 11:02:09,annotathon.org
2014-03-21 11:02:17,www.ncbi.nlm.nih.gov
2014-03-21 11:02:20,www.ncbi.nlm.nih.gov
2014-03-21 11:02:21,www.ncbi.nlm.nih.gov
2014-03-21 11:02:39,annotathon.org
2014-03-21 11:03:09,annotathon.org
2014-03-21 11:03:39,annotathon.org
2014-03-21 11:03:47,www.ncbi.nlm.nih.gov
2014-03-21 11:04:09,annotathon.org
2014-03-21 11:04:39,annotathon.org
2014-03-21 11:05:10,annotathon.org
2014-03-21 11:05:39,annotathon.org
2014-03-21 11:06:06,www.ncbi.nlm.nih.gov
2014-03-21 11:06:06,static.pubmed.gov
2014-03-21 11:06:07,static.pubmed.gov
2014-03-21 11:06:07,www.ncbi.nlm.nih.gov
2014-03-21 11:06:08,static.pubmed.gov
2014-03-21 11:06:09,annotathon.org
2014-03-21 11:06:39,annotathon.org
2014-03-21 11:06:53,www.ncbi.nlm.nih.gov
2014-03-21 11:06:56,www.ncbi.nlm.nih.gov
2014-03-21 11:07:04,www.ncbi.nlm.nih.gov
2014-03-21 11:07:09,www.ncbi.nlm.nih.gov
2014-03-21 11:07:09,annotathon.org
2014-03-21 11:07:10,www.ncbi.nlm.nih.gov
2014-03-21 11:07:11,www.ncbi.nlm.nih.gov
2014-03-21 11:07:12,www.ncbi.nlm.nih.gov
2014-03-21 11:07:14,www.ncbi.nlm.nih.gov
2014-03-21 11:07:15,www.ncbi.nlm.nih.gov
2014-03-21 11:07:16,www.ncbi.nlm.nih.gov
2014-03-21 11:07:17,www.ncbi.nlm.nih.gov
2014-03-21 11:07:18,www.ncbi.nlm.nih.gov
2014-03-21 11:07:19,www.ncbi.nlm.nih.gov
2014-03-21 11:07:21,www.ncbi.nlm.nih.gov
2014-03-21 11:07:22,www.ncbi.nlm.nih.gov
2014-03-21 11:07:23,www.ncbi.nlm.nih.gov
2014-03-21 11:07:24,www.ncbi.nlm.nih.gov
2014-03-21 11:07:25,www.ncbi.nlm.nih.gov
2014-03-21 11:07:27,www.ncbi.nlm.nih.gov
2014-03-21 11:07:29,www.ncbi.nlm.nih.gov
2014-03-21 11:07:30,www.ncbi.nlm.nih.gov
2014-03-21 11:07:32,www.ncbi.nlm.nih.gov
2014-03-21 11:07:33,www.ncbi.nlm.nih.gov
2014-03-21 11:07:34,www.ncbi.nlm.nih.gov
2014-03-21 11:07:35,www.ncbi.nlm.nih.gov
2014-03-21 11:07:36,www.ncbi.nlm.nih.gov
2014-03-21 11:07:37,www.ncbi.nlm.nih.gov
2014-03-21 11:07:38,www.ncbi.nlm.nih.gov
2014-03-21 11:07:39,www.ncbi.nlm.nih.gov
2014-03-21 11:07:39,annotathon.org
2014-03-21 11:07:40,www.ncbi.nlm.nih.gov
2014-03-21 11:07:41,www.ncbi.nlm.nih.gov
2014-03-21 11:07:42,www.ncbi.nlm.nih.gov
2014-03-21 11:07:43,www.ncbi.nlm.nih.gov
2014-03-21 11:07:44,www.ncbi.nlm.nih.gov
2014-03-21 11:07:45,www.ncbi.nlm.nih.gov
2014-03-21 11:08:09,annotathon.org
2014-03-21 11:08:30,www.ncbi.nlm.nih.gov
2014-03-21 11:08:35,www.ncbi.nlm.nih.gov
2014-03-21 11:08:36,www.ncbi.nlm.nih.gov
2014-03-21 11:08:39,annotathon.org
2014-03-21 11:08:47,www.ncbi.nlm.nih.gov
2014-03-21 11:08:50,www.ncbi.nlm.nih.gov
2014-03-21 11:08:51,www.ncbi.nlm.nih.gov
2014-03-21 11:08:53,www.ncbi.nlm.nih.gov
2014-03-21 11:08:54,www.ncbi.nlm.nih.gov
2014-03-21 11:09:09,annotathon.org
2014-03-21 11:09:39,annotathon.org
2014-03-21 11:10:09,annotathon.org
2014-03-21 11:10:39,annotathon.org
2014-03-21 11:10:56,www.ncbi.nlm.nih.gov
2014-03-21 11:10:57,www.ncbi.nlm.nih.gov
2014-03-21 11:11:09,annotathon.org
2014-03-21 11:11:39,annotathon.org
2014-03-21 11:12:09,annotathon.org
2014-03-21 11:12:39,annotathon.org
2014-03-21 11:13:09,annotathon.org
2014-03-21 11:13:39,annotathon.org
2014-03-21 11:14:09,annotathon.org
2014-03-21 11:14:39,annotathon.org
2014-03-21 11:15:09,annotathon.org
2014-03-21 11:15:39,annotathon.org
2014-03-21 11:16:09,annotathon.org
2014-03-21 11:16:39,annotathon.org
2014-03-21 11:17:09,annotathon.org
2014-03-21 11:17:39,annotathon.org
2014-03-21 11:18:09,annotathon.org
2014-03-21 11:18:39,annotathon.org
2014-03-21 11:19:09,annotathon.org
2014-03-21 11:19:39,annotathon.org
2014-03-21 11:20:09,annotathon.org
2014-03-21 11:20:18,annotathon.org
2014-03-21 11:20:48,annotathon.org
2014-03-21 11:21:18,annotathon.org
2014-03-21 11:21:48,annotathon.org
2014-03-21 11:22:18,annotathon.org
2014-03-21 11:22:48,annotathon.org
2014-03-21 11:23:18,annotathon.org
2014-03-21 11:23:48,annotathon.org
2014-03-21 11:24:18,annotathon.org
2014-03-21 11:24:48,annotathon.org
2014-03-21 11:25:18,annotathon.org
2014-03-21 11:25:48,annotathon.org
2014-03-21 11:26:18,annotathon.org
2014-03-21 11:26:48,annotathon.org
2014-03-21 11:27:18,annotathon.org
2014-03-21 11:27:48,annotathon.org
2014-03-21 11:28:18,annotathon.org
2014-03-21 11:28:48,annotathon.org
2014-03-21 11:29:18,annotathon.org
2014-03-21 11:29:48,annotathon.org
2014-03-21 11:30:18,annotathon.org
2014-03-21 11:30:48,annotathon.org
2014-03-21 11:31:18,annotathon.org
2014-03-21 11:31:48,annotathon.org
2014-03-21 11:32:18,annotathon.org
2014-03-21 11:32:48,annotathon.org
2014-03-21 11:33:18,annotathon.org
2014-03-21 11:33:48,annotathon.org
2014-03-21 11:34:18,annotathon.org
2014-03-21 11:34:48,annotathon.org
2014-03-21 11:35:18,annotathon.org
2014-03-21 11:35:48,annotathon.org
2014-03-21 11:36:18,annotathon.org
2014-03-21 11:36:48,annotathon.org
2014-03-21 11:37:18,annotathon.org
2014-03-21 11:37:48,annotathon.org
2014-03-21 11:38:18,annotathon.org
2014-03-21 11:38:48,annotathon.org
2014-03-21 11:39:01,annotathon.org
2014-03-21 11:39:31,annotathon.org
2014-03-21 11:40:01,annotathon.org
2014-03-21 11:40:31,annotathon.org
2014-03-21 11:41:01,annotathon.org
2014-03-21 11:41:31,annotathon.org
2014-03-21 11:42:01,annotathon.org
2014-03-21 11:42:31,annotathon.org
2014-03-21 11:43:01,annotathon.org
2014-03-21 11:43:31,annotathon.org
2014-03-21 11:44:01,annotathon.org
2014-03-21 11:44:03,www.ncbi.nlm.nih.gov
2014-03-21 11:44:06,www.ncbi.nlm.nih.gov
2014-03-21 11:44:31,annotathon.org
2014-03-21 11:45:01,annotathon.org
2014-03-21 11:45:06,www.ncbi.nlm.nih.gov
2014-03-21 11:45:31,annotathon.org
2014-03-21 11:45:42,www.ncbi.nlm.nih.gov
2014-03-21 11:46:01,annotathon.org
2014-03-21 11:46:31,annotathon.org
2014-03-21 11:47:01,annotathon.org
2014-03-21 11:47:29,annotathon.org
2014-03-21 11:47:59,annotathon.org
2014-03-21 11:48:29,annotathon.org
2014-03-21 11:48:59,annotathon.org
2014-03-21 11:49:29,annotathon.org
2014-03-21 11:49:59,annotathon.org
2014-03-21 11:50:29,annotathon.org
2014-03-21 11:50:59,annotathon.org
2014-03-21 11:51:29,annotathon.org
2014-03-21 11:52:00,annotathon.org
2014-03-21 11:52:29,annotathon.org
2014-03-21 11:52:59,annotathon.org
2014-03-21 11:53:29,annotathon.org
2014-03-21 11:53:51,annotathon.org
2014-03-21 11:54:02,annotathon.org
2014-03-21 11:54:05,annotathon.org
2014-03-21 11:54:07,annotathon.org
2014-03-21 11:54:11,annotathon.org
2014-03-21 11:54:23,www.ncbi.nlm.nih.gov
2014-03-28 10:07:45,api.bing.com
2014-03-28 10:07:46,api.bing.com
2014-03-28 10:07:47,api.bing.com
2014-03-28 10:07:54,annotathon.org
2014-03-28 10:07:55,annotathon.org
2014-03-28 10:08:04,annotathon.org
2014-03-28 10:08:05,annotathon.org
2014-03-28 10:08:09,annotathon.org
2014-03-28 10:08:17,annotathon.org
2014-03-28 10:08:21,annotathon.org
2014-03-28 10:08:22,annotathon.org
2014-03-28 10:08:52,annotathon.org
2014-03-28 10:09:22,annotathon.org
2014-03-28 10:09:52,annotathon.org
2014-03-28 10:10:22,annotathon.org
2014-03-28 10:10:26,api.bing.com
2014-03-28 10:10:27,api.bing.com
2014-03-28 10:10:28,blast.ncbi.nlm.nih.gov
2014-03-28 10:10:29,blast.ncbi.nlm.nih.gov
2014-03-28 10:10:30,blast.ncbi.nlm.nih.gov
2014-03-28 10:10:31,blast.ncbi.nlm.nih.gov
2014-03-28 10:10:32,blast.ncbi.nlm.nih.gov
2014-03-28 10:10:35,blast.ncbi.nlm.nih.gov
2014-03-28 10:10:36,blast.ncbi.nlm.nih.gov
2014-03-28 10:10:40,blast.ncbi.nlm.nih.gov
2014-03-28 10:10:42,blast.ncbi.nlm.nih.gov
2014-03-28 10:10:44,www.ncbi.nlm.nih.gov
2014-03-28 10:10:45,blast.ncbi.nlm.nih.gov
2014-03-28 10:10:47,www.ncbi.nlm.nih.gov
2014-03-28 10:10:47,blast.ncbi.nlm.nih.gov
2014-03-28 10:10:49,www.ncbi.nlm.nih.gov
2014-03-28 10:10:50,blast.ncbi.nlm.nih.gov
2014-03-28 10:10:52,blast.ncbi.nlm.nih.gov
2014-03-28 10:10:52,www.ncbi.nlm.nih.gov
2014-03-28 10:10:52,annotathon.org
2014-03-28 10:10:54,www.ncbi.nlm.nih.gov
2014-03-28 10:10:55,blast.ncbi.nlm.nih.gov
2014-03-28 10:10:57,www.ncbi.nlm.nih.gov
2014-03-28 10:10:58,blast.ncbi.nlm.nih.gov
2014-03-28 10:11:00,www.ncbi.nlm.nih.gov
2014-03-28 10:11:03,blast.ncbi.nlm.nih.gov
2014-03-28 10:11:04,blast.ncbi.nlm.nih.gov
2014-03-28 10:11:05,blast.ncbi.nlm.nih.gov
2014-03-28 10:11:07,www.ncbi.nlm.nih.gov
2014-03-28 10:11:07,blast.ncbi.nlm.nih.gov
2014-03-28 10:11:22,annotathon.org
2014-03-28 10:11:52,annotathon.org
2014-03-28 10:12:22,annotathon.org
2014-03-28 10:12:52,annotathon.org
2014-03-28 10:13:22,annotathon.org
2014-03-28 10:13:52,annotathon.org
2014-03-28 10:14:22,annotathon.org
2014-03-28 10:14:29,blast.ncbi.nlm.nih.gov
2014-03-28 10:14:39,blast.ncbi.nlm.nih.gov
2014-03-28 10:14:46,blast.ncbi.nlm.nih.gov
2014-03-28 10:14:47,blast.ncbi.nlm.nih.gov
2014-03-28 10:14:52,annotathon.org
2014-03-28 10:14:57,www.ncbi.nlm.nih.gov
2014-03-28 10:15:22,annotathon.org
2014-03-28 10:15:52,annotathon.org
2014-03-28 10:16:22,annotathon.org
2014-03-28 10:16:52,annotathon.org
2014-03-28 10:17:22,annotathon.org
2014-03-28 10:17:52,annotathon.org
2014-03-28 10:18:22,annotathon.org
2014-03-28 10:18:52,annotathon.org
2014-03-28 10:19:22,annotathon.org
2014-03-28 10:19:52,annotathon.org
2014-03-28 10:20:22,annotathon.org
2014-03-28 10:20:52,annotathon.org
2014-03-28 10:21:22,annotathon.org
2014-03-28 10:21:52,annotathon.org
2014-03-28 10:22:21,annotathon.org
2014-03-28 10:22:52,annotathon.org
2014-03-28 10:23:22,annotathon.org
2014-03-28 10:23:52,annotathon.org
2014-03-28 10:24:23,annotathon.org
2014-03-28 10:24:52,annotathon.org
2014-03-28 10:25:22,annotathon.org
2014-03-28 10:25:51,annotathon.org
2014-03-28 10:26:17,annotathon.org
2014-03-28 10:26:47,annotathon.org
2014-03-28 10:27:17,annotathon.org
2014-03-28 10:27:47,annotathon.org
2014-03-28 10:28:17,annotathon.org
2014-03-28 10:28:32,blast.ncbi.nlm.nih.gov
2014-03-28 10:28:40,blast.ncbi.nlm.nih.gov
2014-03-28 10:28:42,blast.ncbi.nlm.nih.gov
2014-03-28 10:28:43,blast.ncbi.nlm.nih.gov
2014-03-28 10:28:44,blast.ncbi.nlm.nih.gov
2014-03-28 10:28:47,annotathon.org
2014-03-28 10:29:17,annotathon.org
2014-03-28 10:29:42,static.pubmed.gov
2014-03-28 10:29:46,www.ncbi.nlm.nih.gov
2014-03-28 10:29:46,static.pubmed.gov
2014-03-28 10:29:47,www.ncbi.nlm.nih.gov
2014-03-28 10:29:47,annotathon.org
2014-03-28 10:29:49,www.ncbi.nlm.nih.gov
2014-03-28 10:30:12,blast.ncbi.nlm.nih.gov
2014-03-28 10:30:13,blast.ncbi.nlm.nih.gov
2014-03-28 10:30:15,blast.ncbi.nlm.nih.gov
2014-03-28 10:30:17,annotathon.org
2014-03-28 10:30:47,annotathon.org
2014-03-28 10:31:17,annotathon.org
2014-03-28 10:31:47,annotathon.org
2014-03-28 10:32:17,annotathon.org
2014-03-28 10:32:47,annotathon.org
2014-03-28 10:33:02,blast.ncbi.nlm.nih.gov
2014-03-28 10:33:17,annotathon.org
2014-03-28 10:33:47,annotathon.org
2014-03-28 10:34:17,annotathon.org
2014-03-28 10:34:34,annotathon.org
2014-03-28 10:34:35,annotathon.org
2014-03-28 10:34:43,annotathon.org
2014-03-28 10:34:45,annotathon.org
2014-03-28 10:35:15,annotathon.org
2014-03-28 10:35:45,annotathon.org
2014-03-28 10:35:52,annotathon.org
2014-03-28 10:36:22,annotathon.org
2014-03-28 10:36:40,blast.ncbi.nlm.nih.gov
2014-03-28 10:36:42,blast.ncbi.nlm.nih.gov
2014-03-28 10:36:42,www.ncbi.nlm.nih.gov
2014-03-28 10:36:43,www.ncbi.nlm.nih.gov
2014-03-28 10:36:45,static.pubmed.gov
2014-03-28 10:36:45,www.ncbi.nlm.nih.gov
2014-03-28 10:36:46,www.ncbi.nlm.nih.gov
2014-03-28 10:36:46,static.pubmed.gov
2014-03-28 10:36:52,annotathon.org
2014-03-28 10:37:22,annotathon.org
2014-03-28 10:37:52,annotathon.org
2014-03-28 10:38:14,www.ncbi.nlm.nih.gov
2014-03-28 10:38:14,static.pubmed.gov
2014-03-28 10:38:22,annotathon.org
2014-03-28 10:38:32,static.pubmed.gov
2014-03-28 10:38:52,annotathon.org
2014-03-28 10:39:13,www.ncbi.nlm.nih.gov
2014-03-28 10:39:14,www.ncbi.nlm.nih.gov
2014-03-28 10:39:15,www.ncbi.nlm.nih.gov
2014-03-28 10:39:18,www.ncbi.nlm.nih.gov
2014-03-28 10:39:19,www.ncbi.nlm.nih.gov
2014-03-28 10:39:20,www.ncbi.nlm.nih.gov
2014-03-28 10:39:22,www.ncbi.nlm.nih.gov
2014-03-28 10:39:22,static.pubmed.gov
2014-03-28 10:39:22,annotathon.org
2014-03-28 10:39:26,www.ncbi.nlm.nih.gov
2014-03-28 10:39:35,www.ncbi.nlm.nih.gov
2014-03-28 10:39:39,www.ncbi.nlm.nih.gov
2014-03-28 10:39:52,annotathon.org
2014-03-28 10:39:57,api.bing.com
2014-03-28 10:39:58,api.bing.com
2014-03-28 10:40:01,www.phylogeny.fr
2014-03-28 10:40:08,www.phylogeny.fr
2014-03-28 10:40:22,annotathon.org
2014-03-28 10:40:31,www.phylogeny.fr
2014-03-28 10:40:39,www.phylogeny.fr
2014-03-28 10:40:42,www.phylogeny.fr
2014-03-28 10:40:43,www.phylogeny.fr
2014-03-28 10:40:52,annotathon.org
2014-03-28 10:41:22,annotathon.org
2014-03-28 10:41:52,annotathon.org
2014-03-28 10:42:22,annotathon.org
2014-03-28 10:42:52,annotathon.org
2014-03-28 10:43:22,annotathon.org
2014-03-28 10:43:52,annotathon.org
2014-03-28 10:44:22,annotathon.org
2014-03-28 10:44:52,annotathon.org
2014-03-28 10:45:22,annotathon.org
2014-03-28 10:45:52,annotathon.org
2014-03-28 10:46:22,annotathon.org
2014-03-28 10:46:52,annotathon.org
2014-03-28 10:47:22,annotathon.org
2014-03-28 10:47:38,www.ncbi.nlm.nih.gov
2014-03-28 10:47:39,www.ncbi.nlm.nih.gov
2014-03-28 10:47:52,annotathon.org
2014-03-28 10:48:05,annotathon.org
2014-03-28 10:48:06,annotathon.org
2014-03-28 10:48:36,annotathon.org
2014-03-28 10:49:06,annotathon.org
2014-03-28 10:49:36,annotathon.org
2014-03-28 10:50:06,annotathon.org
2014-03-28 10:50:36,annotathon.org
2014-03-28 10:51:06,annotathon.org
2014-03-28 10:51:36,annotathon.org
2014-03-28 10:52:06,annotathon.org
2014-03-28 10:52:36,annotathon.org
2014-03-28 10:53:06,annotathon.org
2014-03-28 10:53:30,api.bing.com
2014-03-28 10:53:31,api.bing.com
2014-03-28 10:53:32,api.bing.com
2014-03-28 10:53:33,api.bing.com
2014-03-28 10:53:33,www.bing.com
2014-03-28 10:53:34,www.bing.com
2014-03-28 10:53:35,www.bing.com
2014-03-28 10:53:35,cms.abmr.net
2014-03-28 10:53:36,annotathon.org
2014-03-28 10:54:06,annotathon.org
2014-03-28 10:54:36,annotathon.org
2014-03-28 10:55:04,www.ncbi.nlm.nih.gov
2014-03-28 10:55:05,www.ncbi.nlm.nih.gov
2014-03-28 10:55:06,annotathon.org
2014-03-28 10:55:09,www.ncbi.nlm.nih.gov
2014-03-28 10:55:10,static.pubmed.gov
2014-03-28 10:55:10,www.ncbi.nlm.nih.gov
2014-03-28 10:55:11,www.ncbi.nlm.nih.gov
2014-03-28 10:55:13,www.ncbi.nlm.nih.gov
2014-03-28 10:55:14,www.ncbi.nlm.nih.gov
2014-03-28 10:55:16,www.ncbi.nlm.nih.gov
2014-03-28 10:55:19,www.ncbi.nlm.nih.gov
2014-03-28 10:55:24,www.ncbi.nlm.nih.gov
2014-03-28 10:55:36,annotathon.org
2014-03-28 10:55:48,www.ncbi.nlm.nih.gov
2014-03-28 10:55:51,www.ncbi.nlm.nih.gov
2014-03-28 10:55:54,www.ncbi.nlm.nih.gov
2014-03-28 10:55:56,www.ncbi.nlm.nih.gov
2014-03-28 10:55:57,www.ncbi.nlm.nih.gov
2014-03-28 10:56:01,www.ncbi.nlm.nih.gov
2014-03-28 10:56:06,annotathon.org
2014-03-28 10:56:36,annotathon.org
2014-03-28 10:57:06,annotathon.org
2014-03-28 10:57:36,annotathon.org
2014-03-28 10:58:06,annotathon.org
2014-03-28 10:58:36,annotathon.org
2014-03-28 10:59:06,annotathon.org
2014-03-28 10:59:36,annotathon.org
2014-03-28 11:00:06,annotathon.org
2014-03-28 11:00:36,annotathon.org
2014-03-28 11:01:06,annotathon.org
2014-03-28 11:01:36,annotathon.org
2014-03-28 11:02:06,annotathon.org
2014-03-28 11:02:29,www.ncbi.nlm.nih.gov
2014-03-28 11:02:36,annotathon.org
2014-03-28 11:02:46,www.ncbi.nlm.nih.gov
2014-03-28 11:03:06,annotathon.org
2014-03-28 11:03:36,annotathon.org
2014-03-28 11:03:47,annotathon.org
2014-03-28 11:04:02,www.ncbi.nlm.nih.gov
2014-03-28 11:04:07,www.ncbi.nlm.nih.gov
2014-03-28 11:04:08,www.ncbi.nlm.nih.gov
2014-03-28 11:04:09,www.ncbi.nlm.nih.gov
2014-03-28 11:04:17,annotathon.org
2014-03-28 11:04:47,annotathon.org
2014-03-28 11:05:17,annotathon.org
2014-03-28 11:05:47,annotathon.org
2014-03-28 11:06:17,annotathon.org
2014-03-28 11:06:47,annotathon.org
2014-03-28 11:06:51,annotathon.org
2014-03-28 11:06:52,annotathon.org
2014-03-28 11:07:21,annotathon.org
2014-03-28 11:07:51,annotathon.org
2014-03-28 11:08:21,annotathon.org
2014-03-28 11:08:51,annotathon.org
2014-03-28 11:09:21,annotathon.org
2014-03-28 11:09:51,annotathon.org
2014-03-28 11:13:10,annotathon.org
2014-03-28 11:13:21,annotathon.org
2014-03-28 11:13:51,annotathon.org
2014-03-28 11:14:21,annotathon.org
2014-03-28 11:14:33,www.ncbi.nlm.nih.gov
2014-03-28 11:14:33,blast.ncbi.nlm.nih.gov
2014-03-28 11:14:34,www.ncbi.nlm.nih.gov
2014-03-28 11:14:36,www.ncbi.nlm.nih.gov
2014-03-28 11:14:37,www.ncbi.nlm.nih.gov
2014-03-28 11:14:39,www.ncbi.nlm.nih.gov
2014-03-28 11:14:44,annotathon.org
2014-03-28 11:15:14,annotathon.org
2014-03-28 11:15:44,annotathon.org
2014-03-28 11:16:14,annotathon.org
2014-03-28 11:16:44,annotathon.org
2014-03-28 11:17:14,annotathon.org
2014-03-28 11:17:38,annotathon.org
2014-03-28 11:18:08,annotathon.org
2014-03-28 11:18:38,annotathon.org
2014-03-28 11:18:43,api.bing.com
2014-03-28 11:19:08,annotathon.org
2014-03-28 11:19:38,annotathon.org
2014-03-28 11:19:43,www.phylogeny.fr
2014-03-28 11:20:08,annotathon.org
2014-03-28 11:20:38,annotathon.org
2014-03-28 11:21:08,annotathon.org
2014-03-28 11:21:39,annotathon.org
2014-03-28 11:21:52,www.phylogeny.fr
2014-03-28 11:22:08,annotathon.org
2014-03-28 11:22:38,annotathon.org
2014-03-28 11:23:08,annotathon.org
2014-03-28 11:23:35,annotathon.org
2014-03-28 11:24:05,annotathon.org
2014-03-28 11:24:09,annotathon.org
2014-03-28 11:24:15,www.phylogeny.fr
2014-03-28 11:24:19,www.phylogeny.fr
2014-03-28 11:24:23,www.phylogeny.fr
2014-03-28 11:24:39,annotathon.org
2014-03-28 11:25:09,annotathon.org
2014-03-28 11:25:39,annotathon.org
2014-03-28 11:26:09,annotathon.org
2014-03-28 11:26:39,annotathon.org
2014-03-28 11:27:09,annotathon.org
2014-03-28 11:27:39,annotathon.org
2014-03-28 11:28:09,annotathon.org
2014-03-28 11:28:39,annotathon.org
2014-03-28 11:29:09,annotathon.org
2014-03-28 11:29:24,www.phylogeny.fr
2014-03-28 11:29:30,www.phylogeny.fr
2014-03-28 11:29:31,www.phylogeny.fr
2014-03-28 11:29:34,www.phylogeny.fr
2014-03-28 11:29:36,www.phylogeny.fr
2014-03-28 11:29:39,www.phylogeny.fr
2014-03-28 11:29:39,annotathon.org
2014-03-28 11:29:41,www.phylogeny.fr
2014-03-28 11:29:47,www.phylogeny.fr
2014-03-28 11:29:48,www.phylogeny.fr
2014-03-28 11:29:49,www.phylogeny.fr
2014-03-28 11:29:50,www.phylogeny.fr
2014-03-28 11:29:51,www.phylogeny.fr
2014-03-28 11:30:02,www.phylogeny.fr
2014-03-28 11:30:09,annotathon.org
2014-03-28 11:30:39,annotathon.org
2014-03-28 11:30:46,www.phylogeny.fr
2014-03-28 11:31:09,annotathon.org
2014-03-28 11:31:21,javadl-esd-secure.oracle.com
2014-03-28 11:31:39,annotathon.org
2014-03-28 11:32:09,annotathon.org
2014-03-28 11:32:39,annotathon.org
2014-03-28 11:33:09,annotathon.org
2014-03-28 11:33:39,annotathon.org
2014-03-28 11:34:09,annotathon.org
2014-03-28 11:34:25,www.phylogeny.fr
2014-03-28 11:34:39,annotathon.org
2014-03-28 11:34:48,www.phylogeny.fr
2014-03-28 11:34:54,www.phylogeny.fr
2014-03-28 11:34:55,www.phylogeny.fr
2014-03-28 11:34:56,www.phylogeny.fr
2014-03-28 11:35:09,annotathon.org
2014-03-28 11:35:39,annotathon.org
2014-03-28 11:35:49,www.phylogeny.fr
2014-03-28 11:36:09,annotathon.org
2014-03-28 11:36:39,annotathon.org
2014-03-28 11:36:51,annotathon.org
2014-03-28 11:37:21,annotathon.org
2014-03-28 11:37:51,annotathon.org
2014-03-28 11:38:21,annotathon.org
2014-03-28 11:38:51,annotathon.org
2014-03-28 11:39:21,annotathon.org
2014-03-28 11:39:51,annotathon.org
2014-03-28 11:40:21,annotathon.org
2014-03-28 11:40:51,annotathon.org
2014-03-28 11:41:21,annotathon.org
2014-03-28 11:41:51,annotathon.org
2014-03-28 11:42:21,annotathon.org
2014-03-28 11:42:29,annotathon.org
2014-03-28 11:42:59,annotathon.org
2014-03-28 11:43:01,www.phylogeny.fr
2014-03-28 11:43:11,www.phylogeny.fr
2014-03-28 11:43:16,www.phylogeny.fr
2014-03-28 11:43:17,www.phylogeny.fr
2014-03-28 11:43:20,www.phylogeny.fr
2014-03-28 11:43:23,www.phylogeny.fr
2014-03-28 11:43:25,www.phylogeny.fr
2014-03-28 11:43:29,annotathon.org
2014-03-28 11:43:30,www.phylogeny.fr
2014-03-28 11:43:31,www.phylogeny.fr
2014-03-28 11:43:47,annotathon.org
2014-03-28 11:43:48,annotathon.org
2014-03-28 11:43:58,api.bing.com
2014-03-28 11:44:00,api.bing.com
2014-03-28 11:44:01,www.bing.com
2014-03-28 11:44:03,www.bing.com
2014-03-28 11:44:18,annotathon.org
2014-03-28 11:44:47,annotathon.org
2014-03-28 11:45:17,annotathon.org
2014-03-28 11:45:47,annotathon.org
2014-03-28 11:45:54,www.ncbi.nlm.nih.gov
2014-03-28 11:45:54,blast.ncbi.nlm.nih.gov
2014-04-04 10:05:00,api.bing.com
2014-04-04 10:05:03,annotathon.org
2014-04-04 10:05:16,annotathon.org
2014-04-04 10:05:37,annotathon.org
2014-04-04 10:05:40,annotathon.org
2014-04-04 10:05:43,annotathon.org
2014-04-04 10:06:13,annotathon.org
2014-04-04 10:06:27,api.bing.com
2014-04-04 10:06:32,www.phylogeny.fr
2014-04-04 10:06:39,www.phylogeny.fr
2014-04-04 10:06:42,www.phylogeny.fr
2014-04-04 10:06:43,annotathon.org
2014-04-04 10:06:57,office.microsoft.com
2014-04-04 10:07:13,annotathon.org
2014-04-04 10:07:43,annotathon.org
2014-04-04 10:07:45,ieonline.microsoft.com
2014-04-04 10:08:13,annotathon.org
2014-04-04 10:08:43,annotathon.org
2014-04-04 10:08:49,www.phylogeny.fr
2014-04-04 10:08:53,www.phylogeny.fr
2014-04-04 10:08:54,www.phylogeny.fr
2014-04-04 10:08:56,www.phylogeny.fr
2014-04-04 10:08:59,www.phylogeny.fr
2014-04-04 10:09:01,www.phylogeny.fr
2014-04-04 10:09:06,www.phylogeny.fr
2014-04-04 10:09:07,www.phylogeny.fr
2014-04-04 10:09:08,www.phylogeny.fr
2014-04-04 10:09:10,www.phylogeny.fr
2014-04-04 10:09:13,annotathon.org
2014-04-04 10:09:20,www.phylogeny.fr
2014-04-04 10:09:43,annotathon.org
2014-04-04 10:10:00,www.phylogeny.fr
2014-04-04 10:10:13,annotathon.org
2014-04-04 10:10:36,www.phylogeny.fr
2014-04-04 10:10:40,javadl-esd-secure.oracle.com
2014-04-04 10:10:42,www.phylogeny.fr
2014-04-04 10:10:43,annotathon.org
2014-04-04 10:10:43,www.phylogeny.fr
2014-04-04 10:11:13,annotathon.org
2014-04-04 10:11:43,annotathon.org
2014-04-04 10:12:13,annotathon.org
2014-04-04 10:12:43,annotathon.org
2014-04-04 10:13:13,annotathon.org
2014-04-04 10:13:43,annotathon.org
2014-04-04 10:14:04,www.phylogeny.fr
2014-04-04 10:14:13,annotathon.org
2014-04-04 10:14:43,annotathon.org
2014-04-04 10:15:13,annotathon.org
2014-04-04 10:15:27,www.phylogeny.fr
2014-04-04 10:15:28,www.phylogeny.fr
2014-04-04 10:15:29,www.phylogeny.fr
2014-04-04 10:15:43,annotathon.org
2014-04-04 10:16:13,annotathon.org
2014-04-04 10:16:15,www.phylogeny.fr
2014-04-04 10:16:43,annotathon.org
2014-04-04 10:17:13,annotathon.org
2014-04-04 10:17:43,annotathon.org
2014-04-04 10:18:13,annotathon.org
2014-04-04 10:18:43,annotathon.org
2014-04-04 10:19:07,www.phylogeny.fr
2014-04-04 10:19:13,www.phylogeny.fr
2014-04-04 10:19:13,annotathon.org
2014-04-04 10:19:15,www.phylogeny.fr
2014-04-04 10:19:18,www.phylogeny.fr
2014-04-04 10:19:20,www.phylogeny.fr
2014-04-04 10:19:23,www.phylogeny.fr
2014-04-04 10:19:25,www.phylogeny.fr
2014-04-04 10:19:25,annotathon.org
2014-04-04 10:19:27,www.phylogeny.fr
2014-04-04 10:19:30,www.phylogeny.fr
2014-04-04 10:19:32,www.phylogeny.fr
2014-04-04 10:19:34,www.phylogeny.fr
2014-04-04 10:19:37,www.phylogeny.fr
2014-04-04 10:19:39,www.phylogeny.fr
2014-04-04 10:19:42,www.phylogeny.fr
2014-04-04 10:19:44,www.phylogeny.fr
2014-04-04 10:19:46,www.phylogeny.fr
2014-04-04 10:19:49,www.phylogeny.fr
2014-04-04 10:19:51,www.phylogeny.fr
2014-04-04 10:19:54,www.phylogeny.fr
2014-04-04 10:19:55,annotathon.org
2014-04-04 10:19:56,www.phylogeny.fr
2014-04-04 10:19:58,www.phylogeny.fr
2014-04-04 10:20:01,www.phylogeny.fr
2014-04-04 10:20:03,www.phylogeny.fr
2014-04-04 10:20:06,www.phylogeny.fr
2014-04-04 10:20:08,www.phylogeny.fr
2014-04-04 10:20:10,www.phylogeny.fr
2014-04-04 10:20:13,www.phylogeny.fr
2014-04-04 10:20:15,www.phylogeny.fr
2014-04-04 10:20:18,www.phylogeny.fr
2014-04-04 10:20:20,www.phylogeny.fr
2014-04-04 10:20:22,www.phylogeny.fr
2014-04-04 10:20:25,annotathon.org
2014-04-04 10:20:25,www.phylogeny.fr
2014-04-04 10:20:27,www.phylogeny.fr
2014-04-04 10:20:30,www.phylogeny.fr
2014-04-04 10:20:32,www.phylogeny.fr
2014-04-04 10:20:34,www.phylogeny.fr
2014-04-04 10:20:37,www.phylogeny.fr
2014-04-04 10:20:39,www.phylogeny.fr
2014-04-04 10:20:42,www.phylogeny.fr
2014-04-04 10:20:44,www.phylogeny.fr
2014-04-04 10:20:46,www.phylogeny.fr
2014-04-04 10:20:49,www.phylogeny.fr
2014-04-04 10:20:51,www.phylogeny.fr
2014-04-04 10:20:54,www.phylogeny.fr
2014-04-04 10:20:55,annotathon.org
2014-04-04 10:20:56,www.phylogeny.fr
2014-04-04 10:20:59,www.phylogeny.fr
2014-04-04 10:21:02,www.phylogeny.fr
2014-04-04 10:21:04,www.phylogeny.fr
2014-04-04 10:21:07,www.phylogeny.fr
2014-04-04 10:21:09,www.phylogeny.fr
2014-04-04 10:21:11,www.phylogeny.fr
2014-04-04 10:21:14,www.phylogeny.fr
2014-04-04 10:21:16,www.phylogeny.fr
2014-04-04 10:21:19,www.phylogeny.fr
2014-04-04 10:21:21,www.phylogeny.fr
2014-04-04 10:21:23,www.phylogeny.fr
2014-04-04 10:21:25,annotathon.org
2014-04-04 10:21:26,www.phylogeny.fr
2014-04-04 10:21:28,www.phylogeny.fr
2014-04-04 10:21:31,www.phylogeny.fr
2014-04-04 10:21:35,www.phylogeny.fr
2014-04-04 10:21:37,www.phylogeny.fr
2014-04-04 10:21:40,www.phylogeny.fr
2014-04-04 10:21:42,www.phylogeny.fr
2014-04-04 10:21:44,www.phylogeny.fr
2014-04-04 10:21:47,www.phylogeny.fr
2014-04-04 10:21:49,www.phylogeny.fr
2014-04-04 10:21:52,www.phylogeny.fr
2014-04-04 10:21:54,www.phylogeny.fr
2014-04-04 10:21:55,annotathon.org
2014-04-04 10:21:56,www.phylogeny.fr
2014-04-04 10:21:59,www.phylogeny.fr
2014-04-04 10:22:01,www.phylogeny.fr
2014-04-04 10:22:04,www.phylogeny.fr
2014-04-04 10:22:06,www.phylogeny.fr
2014-04-04 10:22:08,www.phylogeny.fr
2014-04-04 10:22:11,www.phylogeny.fr
2014-04-04 10:22:13,www.phylogeny.fr
2014-04-04 10:22:16,www.phylogeny.fr
2014-04-04 10:22:18,www.phylogeny.fr
2014-04-04 10:22:20,www.phylogeny.fr
2014-04-04 10:22:23,www.phylogeny.fr
2014-04-04 10:22:25,www.phylogeny.fr
2014-04-04 10:22:25,annotathon.org
2014-04-04 10:22:28,www.phylogeny.fr
2014-04-04 10:22:43,www.phylogeny.fr
2014-04-04 10:22:45,www.phylogeny.fr
2014-04-04 10:22:48,www.phylogeny.fr
2014-04-04 10:22:50,www.phylogeny.fr
2014-04-04 10:22:53,www.phylogeny.fr
2014-04-04 10:22:55,www.phylogeny.fr
2014-04-04 10:22:56,annotathon.org
2014-04-04 10:22:57,www.phylogeny.fr
2014-04-04 10:23:00,www.phylogeny.fr
2014-04-04 10:23:02,www.phylogeny.fr
2014-04-04 10:23:05,www.phylogeny.fr
2014-04-04 10:23:07,www.phylogeny.fr
2014-04-04 10:23:10,www.phylogeny.fr
2014-04-04 10:23:12,www.phylogeny.fr
2014-04-04 10:23:15,www.phylogeny.fr
2014-04-04 10:23:17,www.phylogeny.fr
2014-04-04 10:23:19,www.phylogeny.fr
2014-04-04 10:23:22,www.phylogeny.fr
2014-04-04 10:23:24,www.phylogeny.fr
2014-04-04 10:23:26,annotathon.org
2014-04-04 10:23:27,www.phylogeny.fr
2014-04-04 10:23:29,www.phylogeny.fr
2014-04-04 10:23:31,www.phylogeny.fr
2014-04-04 10:23:34,www.phylogeny.fr
2014-04-04 10:23:36,www.phylogeny.fr
2014-04-04 10:23:39,www.phylogeny.fr
2014-04-04 10:23:41,www.phylogeny.fr
2014-04-04 10:23:45,www.phylogeny.fr
2014-04-04 10:23:48,www.phylogeny.fr
2014-04-04 10:23:50,www.phylogeny.fr
2014-04-04 10:23:52,www.phylogeny.fr
2014-04-04 10:23:55,annotathon.org
2014-04-04 10:23:59,www.phylogeny.fr
2014-04-04 10:24:00,www.phylogeny.fr
2014-04-04 10:24:02,www.phylogeny.fr
2014-04-04 10:24:04,www.phylogeny.fr
2014-04-04 10:24:07,www.phylogeny.fr
2014-04-04 10:24:09,www.phylogeny.fr
2014-04-04 10:24:12,www.phylogeny.fr
2014-04-04 10:24:14,www.phylogeny.fr
2014-04-04 10:24:16,www.phylogeny.fr
2014-04-04 10:24:19,www.phylogeny.fr
2014-04-04 10:24:21,www.phylogeny.fr
2014-04-04 10:24:24,www.phylogeny.fr
2014-04-04 10:24:25,annotathon.org
2014-04-04 10:24:26,www.phylogeny.fr
2014-04-04 10:24:28,www.phylogeny.fr
2014-04-04 10:24:31,www.phylogeny.fr
2014-04-04 10:24:33,www.phylogeny.fr
2014-04-04 10:24:36,www.phylogeny.fr
2014-04-04 10:24:38,www.phylogeny.fr
2014-04-04 10:24:40,www.phylogeny.fr
2014-04-04 10:24:43,www.phylogeny.fr
2014-04-04 10:24:45,www.phylogeny.fr
2014-04-04 10:24:48,www.phylogeny.fr
2014-04-04 10:24:50,www.phylogeny.fr
2014-04-04 10:24:53,www.phylogeny.fr
2014-04-04 10:24:55,www.phylogeny.fr
2014-04-04 10:24:55,annotathon.org
2014-04-04 10:24:57,www.phylogeny.fr
2014-04-04 10:25:00,www.phylogeny.fr
2014-04-04 10:25:02,www.phylogeny.fr
2014-04-04 10:25:05,www.phylogeny.fr
2014-04-04 10:25:07,www.phylogeny.fr
2014-04-04 10:25:09,www.phylogeny.fr
2014-04-04 10:25:12,www.phylogeny.fr
2014-04-04 10:25:14,www.phylogeny.fr
2014-04-04 10:25:17,www.phylogeny.fr
2014-04-04 10:25:19,www.phylogeny.fr
2014-04-04 10:25:21,www.phylogeny.fr
2014-04-04 10:25:24,www.phylogeny.fr
2014-04-04 10:25:25,annotathon.org
2014-04-04 10:25:26,www.phylogeny.fr
2014-04-04 10:25:29,www.phylogeny.fr
2014-04-04 10:25:31,www.phylogeny.fr
2014-04-04 10:25:34,www.phylogeny.fr
2014-04-04 10:25:36,www.phylogeny.fr
2014-04-04 10:25:39,www.phylogeny.fr
2014-04-04 10:25:42,www.phylogeny.fr
2014-04-04 10:25:44,www.phylogeny.fr
2014-04-04 10:25:46,www.phylogeny.fr
2014-04-04 10:25:49,www.phylogeny.fr
2014-04-04 10:25:51,www.phylogeny.fr
2014-04-04 10:25:54,www.phylogeny.fr
2014-04-04 10:25:55,annotathon.org
2014-04-04 10:25:56,www.phylogeny.fr
2014-04-04 10:25:59,www.phylogeny.fr
2014-04-04 10:26:01,www.phylogeny.fr
2014-04-04 10:26:03,www.phylogeny.fr
2014-04-04 10:26:06,www.phylogeny.fr
2014-04-04 10:26:08,www.phylogeny.fr
2014-04-04 10:26:11,www.phylogeny.fr
2014-04-04 10:26:13,www.phylogeny.fr
2014-04-04 10:26:15,www.phylogeny.fr
2014-04-04 10:26:18,www.phylogeny.fr
2014-04-04 10:26:20,www.phylogeny.fr
2014-04-04 10:26:23,www.phylogeny.fr
2014-04-04 10:26:25,www.phylogeny.fr
2014-04-04 10:26:25,annotathon.org
2014-04-04 10:26:27,www.phylogeny.fr
2014-04-04 10:26:30,www.phylogeny.fr
2014-04-04 10:26:32,www.phylogeny.fr
2014-04-04 10:26:35,www.phylogeny.fr
2014-04-04 10:26:37,www.phylogeny.fr
2014-04-04 10:26:40,www.phylogeny.fr
2014-04-04 10:26:42,www.phylogeny.fr
2014-04-04 10:26:45,www.phylogeny.fr
2014-04-04 10:26:47,www.phylogeny.fr
2014-04-04 10:26:49,www.phylogeny.fr
2014-04-04 10:26:52,www.phylogeny.fr
2014-04-04 10:26:54,www.phylogeny.fr
2014-04-04 10:26:55,annotathon.org
2014-04-04 10:26:57,www.phylogeny.fr
2014-04-04 10:26:58,annotathon.org
2014-04-04 10:26:59,annotathon.org
2014-04-04 10:26:59,www.phylogeny.fr
2014-04-04 10:27:00,annotathon.org
2014-04-04 10:27:02,www.phylogeny.fr
2014-04-04 10:27:04,www.phylogeny.fr
2014-04-04 10:27:06,www.phylogeny.fr
2014-04-04 10:27:09,www.phylogeny.fr
2014-04-04 10:27:11,www.phylogeny.fr
2014-04-04 10:27:13,www.phylogeny.fr
2014-04-04 10:27:16,www.phylogeny.fr
2014-04-04 10:27:18,www.phylogeny.fr
2014-04-04 10:27:25,www.phylogeny.fr
2014-04-04 10:27:26,www.phylogeny.fr
2014-04-04 10:27:27,www.phylogeny.fr
2014-04-04 10:27:30,annotathon.org
2014-04-04 10:28:00,annotathon.org
2014-04-04 10:28:31,annotathon.org
2014-04-04 10:29:00,annotathon.org
2014-04-04 10:29:30,annotathon.org
2014-04-04 10:29:49,www.phylogeny.fr
2014-04-04 10:30:00,annotathon.org
2014-04-04 10:30:04,annotathon.org
2014-04-04 10:30:06,annotathon.org
2014-04-04 10:30:36,annotathon.org
2014-04-04 10:31:06,annotathon.org
2014-04-04 10:31:07,www.phylogeny.fr
2014-04-04 10:31:36,www.phylogeny.fr
2014-04-04 10:31:36,annotathon.org
2014-04-04 10:31:48,www.phylogeny.fr
2014-04-04 10:31:49,www.phylogeny.fr
2014-04-04 10:32:06,annotathon.org
2014-04-04 10:32:18,annotathon.org
2014-04-04 10:32:39,www.phylogeny.fr
2014-04-04 10:32:48,annotathon.org
2014-04-04 10:33:01,www.phylogeny.fr
2014-04-04 10:33:13,www.phylogeny.fr
2014-04-04 10:33:18,annotathon.org
2014-04-04 10:33:19,www.phylogeny.fr
2014-04-04 10:33:28,www.phylogeny.fr
2014-04-04 10:33:29,www.phylogeny.fr
2014-04-04 10:33:48,annotathon.org
2014-04-04 10:34:16,annotathon.org
2014-04-04 10:34:17,annotathon.org
2014-04-04 10:34:47,annotathon.org
2014-04-04 10:35:17,annotathon.org
2014-04-04 10:35:47,annotathon.org
2014-04-04 10:36:17,annotathon.org
2014-04-04 10:36:47,annotathon.org
2014-04-04 10:37:17,annotathon.org
2014-04-04 10:37:47,annotathon.org
2014-04-04 10:38:17,annotathon.org
2014-04-04 10:38:47,annotathon.org
2014-04-04 10:39:17,annotathon.org
2014-04-04 10:39:47,annotathon.org
2014-04-04 10:40:17,annotathon.org
2014-04-04 10:40:47,annotathon.org
2014-04-04 10:41:17,annotathon.org
2014-04-04 10:41:47,annotathon.org
2014-04-04 10:42:17,annotathon.org
2014-04-04 10:42:47,annotathon.org
2014-04-04 10:43:17,annotathon.org
2014-04-04 10:43:35,www.phylogeny.fr
2014-04-04 10:43:47,annotathon.org
2014-04-04 10:43:47,www.phylogeny.fr
2014-04-04 10:44:17,annotathon.org
2014-04-04 10:44:47,annotathon.org
2014-04-04 10:45:17,annotathon.org
2014-04-04 10:45:47,annotathon.org
2014-04-04 10:46:17,annotathon.org
2014-04-04 10:46:38,annotathon.org
2014-04-04 10:46:39,annotathon.org
2014-04-04 10:46:47,annotathon.org
2014-04-04 10:47:09,annotathon.org
2014-04-04 10:47:17,annotathon.org
2014-04-04 10:47:39,annotathon.org
2014-04-04 10:47:47,annotathon.org
2014-04-04 10:48:09,annotathon.org
2014-04-04 10:48:17,annotathon.org
2014-04-04 10:48:39,annotathon.org
2014-04-04 10:48:47,annotathon.org
2014-04-04 10:49:09,annotathon.org
2014-04-04 10:49:17,annotathon.org
2014-04-04 10:49:39,annotathon.org
2014-04-04 10:49:47,annotathon.org
2014-04-04 10:50:09,annotathon.org
2014-04-04 10:50:17,annotathon.org
2014-04-04 10:50:39,annotathon.org
2014-04-04 10:50:47,annotathon.org
2014-04-04 10:51:09,annotathon.org
2014-04-04 10:51:17,annotathon.org
2014-04-04 10:51:39,annotathon.org
2014-04-04 10:51:47,annotathon.org
2014-04-04 10:52:09,annotathon.org
2014-04-04 10:52:17,annotathon.org
2014-04-04 10:52:24,www.phylogeny.fr
2014-04-04 10:52:30,www.phylogeny.fr
2014-04-04 10:52:31,www.phylogeny.fr
2014-04-04 10:52:39,annotathon.org
2014-04-04 10:52:47,annotathon.org
2014-04-04 10:53:09,annotathon.org
2014-04-04 10:53:12,www.phylogeny.fr
2014-04-04 10:53:13,www.phylogeny.fr
2014-04-04 10:53:17,annotathon.org
2014-04-04 10:53:39,annotathon.org
2014-04-04 10:53:47,annotathon.org
2014-04-04 10:54:09,annotathon.org
2014-04-04 10:54:17,annotathon.org
2014-04-04 10:54:39,annotathon.org
2014-04-04 10:54:47,annotathon.org
2014-04-04 10:55:09,annotathon.org
2014-04-04 10:55:16,www.phylogeny.fr
2014-04-04 10:55:17,annotathon.org
2014-04-04 10:55:17,www.phylogeny.fr
2014-04-04 10:55:30,www.phylogeny.fr
2014-04-04 10:55:35,www.phylogeny.fr
2014-04-04 10:55:39,annotathon.org
2014-04-04 10:55:47,annotathon.org
2014-04-04 10:56:05,gtssl-ocsp.geotrust.com
2014-04-04 10:56:09,annotathon.org
2014-04-04 10:56:17,annotathon.org
2014-04-04 10:56:39,annotathon.org
2014-04-04 10:56:47,annotathon.org
2014-04-04 10:57:09,www.phylogeny.fr
2014-04-04 10:57:09,annotathon.org
2014-04-04 10:57:17,annotathon.org
2014-04-04 10:57:17,www.phylogeny.fr
2014-04-04 10:57:22,www.phylogeny.fr
2014-04-04 10:57:23,www.phylogeny.fr
2014-04-04 10:57:31,www.phylogeny.fr
2014-04-04 10:57:32,www.phylogeny.fr
2014-04-04 10:57:33,www.phylogeny.fr
2014-04-04 10:57:34,www.phylogeny.fr
2014-04-04 10:57:35,www.phylogeny.fr
2014-04-04 10:57:39,annotathon.org
2014-04-04 10:57:47,safebrowsing-cache.google.com
2014-04-04 10:57:47,clients1.google.com
2014-04-04 10:57:47,annotathon.org
2014-04-04 10:57:47,safebrowsing.clients.google.com
2014-04-04 10:57:47,gtglobal-ocsp.geotrust.com
2014-04-04 10:57:54,www.phylogeny.fr
2014-04-04 10:57:55,www.phylogeny.fr
2014-04-04 10:58:05,www.phylogeny.fr
2014-04-04 10:58:09,annotathon.org
2014-04-04 10:58:17,annotathon.org
2014-04-04 10:58:36,www.phylogeny.fr
2014-04-04 10:58:39,annotathon.org
2014-04-04 10:58:47,annotathon.org
2014-04-04 10:58:52,www.phylogeny.fr
2014-04-04 10:58:53,www.phylogeny.fr
2014-04-04 10:59:07,www.phylogeny.fr
2014-04-04 10:59:09,annotathon.org
2014-04-04 10:59:13,www.phylogeny.fr
2014-04-04 10:59:16,www.phylogeny.fr
2014-04-04 10:59:17,annotathon.org
2014-04-04 10:59:18,www.phylogeny.fr
2014-04-04 10:59:20,www.phylogeny.fr
2014-04-04 10:59:23,www.phylogeny.fr
2014-04-04 10:59:27,www.phylogeny.fr
2014-04-04 10:59:28,www.phylogeny.fr
2014-04-04 10:59:30,www.phylogeny.fr
2014-04-04 10:59:39,annotathon.org
2014-04-04 10:59:47,annotathon.org
2014-04-04 11:00:09,annotathon.org
2014-04-04 11:00:17,annotathon.org
2014-04-04 11:00:39,annotathon.org
2014-04-04 11:00:42,sb-ssl.google.com
2014-04-04 11:00:47,annotathon.org
2014-04-04 11:01:04,ocsp.thawte.com
2014-04-04 11:01:09,annotathon.org
2014-04-04 11:01:17,annotathon.org
2014-04-04 11:01:19,www.phylogeny.fr
2014-04-04 11:01:34,www.phylogeny.fr
2014-04-04 11:01:39,annotathon.org
2014-04-04 11:01:47,annotathon.org
2014-04-04 11:02:09,annotathon.org
2014-04-04 11:02:17,annotathon.org
2014-04-04 11:02:39,annotathon.org
2014-04-04 11:02:40,www.phylogeny.fr
2014-04-04 11:02:44,www.phylogeny.fr
2014-04-04 11:02:45,www.phylogeny.fr
2014-04-04 11:02:47,annotathon.org
2014-04-04 11:02:47,www.phylogeny.fr
2014-04-04 11:02:50,www.phylogeny.fr
2014-04-04 11:02:52,www.phylogeny.fr
2014-04-04 11:02:55,www.phylogeny.fr
2014-04-04 11:02:59,www.phylogeny.fr
2014-04-04 11:03:00,www.phylogeny.fr
2014-04-04 11:03:01,www.phylogeny.fr
2014-04-04 11:03:03,www.phylogeny.fr
2014-04-04 11:03:04,ocsp.verisign.com
2014-04-04 11:03:09,annotathon.org
2014-04-04 11:03:17,annotathon.org
2014-04-04 11:03:39,annotathon.org
2014-04-04 11:03:47,annotathon.org
2014-04-04 11:04:09,annotathon.org
2014-04-04 11:04:16,annotathon.univ-mrs.fr
2014-04-04 11:04:16,annotathon.org
2014-04-04 11:04:17,annotathon.org
2014-04-04 11:04:39,annotathon.org
2014-04-04 11:04:47,annotathon.org
2014-04-04 11:05:04,ocsp.digicert.com
2014-04-04 11:05:09,annotathon.org
2014-04-04 11:05:17,annotathon.org
2014-04-04 11:05:39,annotathon.org
2014-04-04 11:05:47,annotathon.org
2014-04-04 11:06:09,annotathon.org
2014-04-04 11:06:17,annotathon.org
2014-04-04 11:06:39,annotathon.org
2014-04-04 11:06:46,annotathon.org
2014-04-04 11:07:09,annotathon.org
2014-04-04 11:07:17,annotathon.org
2014-04-04 11:07:39,annotathon.org
2014-04-04 11:07:47,annotathon.org
2014-04-04 11:08:09,annotathon.org
2014-04-04 11:08:17,annotathon.org
2014-04-04 11:08:39,annotathon.org
2014-04-04 11:08:47,annotathon.org
2014-04-04 11:09:09,annotathon.org
2014-04-04 11:09:17,annotathon.org
2014-04-04 11:09:39,annotathon.org
2014-04-04 11:09:47,annotathon.org
2014-04-04 11:10:09,annotathon.org
2014-04-04 11:10:17,annotathon.org
2014-04-04 11:10:39,annotathon.org
2014-04-04 11:10:47,annotathon.org
2014-04-04 11:11:09,annotathon.org
2014-04-04 11:11:16,annotathon.org
2014-04-04 11:11:39,annotathon.org
2014-04-04 11:11:46,annotathon.org
2014-04-04 11:12:09,annotathon.org
2014-04-04 11:12:16,annotathon.org
2014-04-04 11:12:26,www.phylogeny.fr
2014-04-04 11:12:39,annotathon.org
2014-04-04 11:12:47,annotathon.org
2014-04-04 11:13:09,annotathon.org
2014-04-04 11:13:17,annotathon.org
2014-04-04 11:13:39,annotathon.org
2014-04-04 11:13:46,annotathon.org
2014-04-04 11:14:09,annotathon.org
2014-04-04 11:14:17,annotathon.org
2014-04-04 11:14:39,annotathon.org
2014-04-04 11:14:46,annotathon.org
2014-04-04 11:15:09,annotathon.org
2014-04-04 11:15:17,annotathon.org
2014-04-04 11:15:39,annotathon.org
2014-04-04 11:15:46,annotathon.org
2014-04-04 11:16:09,annotathon.org
2014-04-04 11:16:16,annotathon.org
2014-04-04 11:16:39,annotathon.org
2014-04-04 11:16:46,annotathon.org
2014-04-04 11:17:09,annotathon.org
2014-04-04 11:17:16,annotathon.org
2014-04-04 11:17:39,annotathon.org
2014-04-04 11:17:47,annotathon.org
2014-04-04 11:18:09,annotathon.org
2014-04-04 11:18:17,annotathon.org
2014-04-04 11:18:39,annotathon.org
2014-04-04 11:18:47,annotathon.org
2014-04-04 11:19:09,annotathon.org
2014-04-04 11:19:16,annotathon.org
2014-04-04 11:19:39,annotathon.org
2014-04-04 11:19:46,annotathon.org
2014-04-04 11:20:09,annotathon.org
2014-04-04 11:20:16,annotathon.org
2014-04-04 11:20:39,annotathon.org
2014-04-04 11:20:46,annotathon.org
2014-04-04 11:21:09,annotathon.org
2014-04-04 11:21:16,annotathon.org
2014-04-04 11:21:39,annotathon.org
2014-04-04 11:21:46,annotathon.org
2014-04-04 11:22:09,annotathon.org
2014-04-04 11:22:16,annotathon.org
2014-04-04 11:22:39,annotathon.org
2014-04-04 11:22:46,annotathon.org
2014-04-04 11:23:09,annotathon.org
2014-04-04 11:23:16,annotathon.org
2014-04-04 11:23:39,annotathon.org
2014-04-04 11:23:45,www.phylogeny.fr
2014-04-04 11:23:46,annotathon.org
2014-04-04 11:23:54,www.phylogeny.fr
2014-04-04 11:23:59,www.phylogeny.fr
2014-04-04 11:24:04,www.phylogeny.fr
2014-04-04 11:24:05,www.phylogeny.fr
2014-04-04 11:24:06,www.phylogeny.fr
2014-04-04 11:24:07,www.phylogeny.fr
2014-04-04 11:24:08,www.phylogeny.fr
2014-04-04 11:24:09,annotathon.org
2014-04-04 11:24:16,annotathon.org
2014-04-04 11:24:19,www.phylogeny.fr
2014-04-04 11:24:26,www.phylogeny.fr
2014-04-04 11:24:29,www.phylogeny.fr
2014-04-04 11:24:36,www.phylogeny.fr
2014-04-04 11:24:37,www.phylogeny.fr
2014-04-04 11:24:39,www.phylogeny.fr
2014-04-04 11:24:39,annotathon.org
2014-04-04 11:24:41,www.phylogeny.fr
2014-04-04 11:24:44,www.phylogeny.fr
2014-04-04 11:24:46,annotathon.org
2014-04-04 11:24:47,www.phylogeny.fr
2014-04-04 11:24:49,www.phylogeny.fr
2014-04-04 11:24:52,www.phylogeny.fr
2014-04-04 11:24:55,www.phylogeny.fr
2014-04-04 11:24:58,www.phylogeny.fr
2014-04-04 11:25:00,www.phylogeny.fr
2014-04-04 11:25:03,www.phylogeny.fr
2014-04-04 11:25:06,www.phylogeny.fr
2014-04-04 11:25:09,annotathon.org
2014-04-04 11:25:09,www.phylogeny.fr
2014-04-04 11:25:11,www.phylogeny.fr
2014-04-04 11:25:15,www.phylogeny.fr
2014-04-04 11:25:16,annotathon.org
2014-04-04 11:25:18,www.phylogeny.fr
2014-04-04 11:25:20,www.phylogeny.fr
2014-04-04 11:25:23,www.phylogeny.fr
2014-04-04 11:25:25,www.phylogeny.fr
2014-04-04 11:25:27,www.phylogeny.fr
2014-04-04 11:25:30,www.phylogeny.fr
2014-04-04 11:25:32,www.phylogeny.fr
2014-04-04 11:25:35,www.phylogeny.fr
2014-04-04 11:25:37,www.phylogeny.fr
2014-04-04 11:25:39,annotathon.org
2014-04-04 11:25:40,www.phylogeny.fr
2014-04-04 11:25:42,www.phylogeny.fr
2014-04-04 11:25:45,www.phylogeny.fr
2014-04-04 11:25:47,www.phylogeny.fr
2014-04-04 11:25:47,annotathon.org
2014-04-04 11:25:49,www.phylogeny.fr
2014-04-04 11:25:52,www.phylogeny.fr
2014-04-04 11:25:54,www.phylogeny.fr
2014-04-04 11:26:00,www.phylogeny.fr
2014-04-04 11:26:01,www.phylogeny.fr
2014-04-04 11:26:09,annotathon.org
2014-04-04 11:26:16,annotathon.org
2014-04-04 11:26:39,annotathon.org
2014-04-04 11:26:46,annotathon.org
2014-04-04 11:27:09,annotathon.org
2014-04-04 11:27:16,annotathon.org
2014-04-04 11:27:39,annotathon.org
2014-04-04 11:27:46,annotathon.org
2014-04-04 11:28:09,annotathon.org
2014-04-04 11:28:16,www.phylogeny.fr
2014-04-04 11:28:16,annotathon.org
2014-04-04 11:28:39,annotathon.org
2014-04-04 11:28:46,annotathon.org
2014-04-04 11:29:06,safebrowsing.clients.google.com
2014-04-04 11:29:06,www.phylogeny.fr
2014-04-04 11:29:06,safebrowsing-cache.google.com
2014-04-04 11:29:09,annotathon.org
2014-04-04 11:29:10,www.phylogeny.fr
2014-04-04 11:29:13,www.phylogeny.fr
2014-04-04 11:29:15,www.phylogeny.fr
2014-04-04 11:29:16,annotathon.org
2014-04-04 11:29:18,www.phylogeny.fr
2014-04-04 11:29:20,www.phylogeny.fr
2014-04-04 11:29:25,www.phylogeny.fr
2014-04-04 11:29:26,www.phylogeny.fr
2014-04-04 11:29:39,annotathon.org
2014-04-04 11:29:46,annotathon.org
2014-04-04 11:30:09,annotathon.org
2014-04-04 11:30:16,annotathon.org
2014-04-04 11:30:39,annotathon.org
2014-04-04 11:30:47,annotathon.org
2014-04-04 11:31:09,annotathon.org
2014-04-04 11:31:16,annotathon.org
2014-04-04 11:31:32,www.phylogeny.fr
2014-04-04 11:31:39,annotathon.org
2014-04-04 11:31:46,annotathon.org
2014-04-04 11:32:09,annotathon.org
2014-04-04 11:32:16,annotathon.org
2014-04-04 11:32:39,annotathon.org
2014-04-04 11:32:46,annotathon.org
2014-04-04 11:33:02,annotathon.org
2014-04-04 11:33:03,annotathon.org
2014-04-04 11:33:09,annotathon.org
2014-04-04 11:33:22,www.phylogeny.fr
2014-04-04 11:33:33,annotathon.org
2014-04-04 11:33:38,www.phylogeny.fr
2014-04-04 11:33:39,annotathon.org
2014-04-04 11:33:44,www.phylogeny.fr
2014-04-04 11:33:46,www.phylogeny.fr
2014-04-04 11:34:03,annotathon.org
2014-04-04 11:34:09,annotathon.org
2014-04-04 11:34:33,annotathon.org
2014-04-04 11:34:39,annotathon.org
2014-04-04 11:34:42,www.phylogeny.fr
2014-04-04 11:35:03,annotathon.org
2014-04-04 11:35:09,annotathon.org
2014-04-04 11:35:28,www.phylogeny.fr
2014-04-04 11:35:33,annotathon.org
2014-04-04 11:35:37,www.phylogeny.fr
2014-04-04 11:35:39,annotathon.org
2014-04-04 11:35:42,www.phylogeny.fr
2014-04-04 11:35:43,www.phylogeny.fr
2014-04-04 11:35:45,www.phylogeny.fr
2014-04-04 11:35:48,www.phylogeny.fr
2014-04-04 11:35:50,www.phylogeny.fr
2014-04-04 11:35:53,www.phylogeny.fr
2014-04-04 11:35:55,www.phylogeny.fr
2014-04-04 11:35:56,annotathon.org
2014-04-04 11:35:57,www.phylogeny.fr
2014-04-04 11:36:00,www.phylogeny.fr
2014-04-04 11:36:02,www.phylogeny.fr
2014-04-04 11:36:05,www.phylogeny.fr
2014-04-04 11:36:07,www.phylogeny.fr
2014-04-04 11:36:09,annotathon.org
2014-04-04 11:36:09,www.phylogeny.fr
2014-04-04 11:36:12,www.phylogeny.fr
2014-04-04 11:36:14,www.phylogeny.fr
2014-04-04 11:36:17,www.phylogeny.fr
2014-04-04 11:36:19,www.phylogeny.fr
2014-04-04 11:36:21,www.phylogeny.fr
2014-04-04 11:36:24,www.phylogeny.fr
2014-04-04 11:36:26,annotathon.org
2014-04-04 11:36:27,www.phylogeny.fr
2014-04-04 11:36:29,www.phylogeny.fr
2014-04-04 11:36:32,www.phylogeny.fr
2014-04-04 11:36:34,www.phylogeny.fr
2014-04-04 11:36:36,www.phylogeny.fr
2014-04-04 11:36:39,annotathon.org
2014-04-04 11:36:39,www.phylogeny.fr
2014-04-04 11:36:41,www.phylogeny.fr
2014-04-04 11:36:43,www.phylogeny.fr
2014-04-04 11:36:46,www.phylogeny.fr
2014-04-04 11:36:48,www.phylogeny.fr
2014-04-04 11:36:51,www.phylogeny.fr
2014-04-04 11:36:53,www.phylogeny.fr
2014-04-04 11:36:55,www.phylogeny.fr
2014-04-04 11:36:56,annotathon.org
2014-04-04 11:36:58,www.phylogeny.fr
2014-04-04 11:37:00,www.phylogeny.fr
2014-04-04 11:37:03,www.phylogeny.fr
2014-04-04 11:37:05,www.phylogeny.fr
2014-04-04 11:37:07,www.phylogeny.fr
2014-04-04 11:37:09,annotathon.org
2014-04-04 11:37:10,www.phylogeny.fr
2014-04-04 11:37:12,www.phylogeny.fr
2014-04-04 11:37:15,www.phylogeny.fr
2014-04-04 11:37:17,www.phylogeny.fr
2014-04-04 11:37:19,www.phylogeny.fr
2014-04-04 11:37:22,www.phylogeny.fr
2014-04-04 11:37:24,www.phylogeny.fr
2014-04-04 11:37:26,annotathon.org
2014-04-04 11:37:27,www.phylogeny.fr
2014-04-04 11:37:29,www.phylogeny.fr
2014-04-04 11:37:31,www.phylogeny.fr
2014-04-04 11:37:34,www.phylogeny.fr
2014-04-04 11:37:36,www.phylogeny.fr
2014-04-04 11:37:39,www.phylogeny.fr
2014-04-04 11:37:39,annotathon.org
2014-04-04 11:37:41,www.phylogeny.fr
2014-04-04 11:37:44,www.phylogeny.fr
2014-04-04 11:37:46,www.phylogeny.fr
2014-04-04 11:37:48,www.phylogeny.fr
2014-04-04 11:37:49,annotathon.org
2014-04-04 11:37:51,www.phylogeny.fr
2014-04-04 11:37:53,www.phylogeny.fr
2014-04-04 11:37:56,www.phylogeny.fr
2014-04-04 11:37:58,www.phylogeny.fr
2014-04-04 11:38:01,www.phylogeny.fr
2014-04-04 11:38:03,www.phylogeny.fr
2014-04-04 11:38:06,www.phylogeny.fr
2014-04-04 11:38:08,www.phylogeny.fr
2014-04-04 11:38:09,annotathon.org
2014-04-04 11:38:10,www.phylogeny.fr
2014-04-04 11:38:13,www.phylogeny.fr
2014-04-04 11:38:15,www.phylogeny.fr
2014-04-04 11:38:17,www.phylogeny.fr
2014-04-04 11:38:18,www.phylogeny.fr
2014-04-04 11:38:19,annotathon.org
2014-04-04 11:38:20,www.phylogeny.fr
2014-04-04 11:38:21,www.phylogeny.fr
2014-04-04 11:38:23,www.phylogeny.fr
2014-04-04 11:38:25,www.phylogeny.fr
2014-04-04 11:38:26,www.phylogeny.fr
2014-04-04 11:38:28,www.phylogeny.fr
2014-04-04 11:38:30,www.phylogeny.fr
2014-04-04 11:38:33,www.phylogeny.fr
2014-04-04 11:38:35,www.phylogeny.fr
2014-04-04 11:38:38,www.phylogeny.fr
2014-04-04 11:38:39,annotathon.org
2014-04-04 11:38:40,www.phylogeny.fr
2014-04-04 11:38:42,www.phylogeny.fr
2014-04-04 11:38:43,www.phylogeny.fr
2014-04-04 11:38:45,www.phylogeny.fr
2014-04-04 11:38:47,www.phylogeny.fr
2014-04-04 11:38:49,annotathon.org
2014-04-04 11:38:50,www.phylogeny.fr
2014-04-04 11:38:52,www.phylogeny.fr
2014-04-04 11:38:55,www.phylogeny.fr
2014-04-04 11:38:57,www.phylogeny.fr
2014-04-04 11:38:59,www.phylogeny.fr
2014-04-04 11:39:00,www.phylogeny.fr
2014-04-04 11:39:02,www.phylogeny.fr
2014-04-04 11:39:04,www.phylogeny.fr
2014-04-04 11:39:07,www.phylogeny.fr
2014-04-04 11:39:09,annotathon.org
2014-04-04 11:39:09,www.phylogeny.fr
2014-04-04 11:39:11,www.phylogeny.fr
2014-04-04 11:39:12,www.phylogeny.fr
2014-04-04 11:39:14,www.phylogeny.fr
2014-04-04 11:39:16,www.phylogeny.fr
2014-04-04 11:39:19,annotathon.org
2014-04-04 11:39:19,www.phylogeny.fr
2014-04-04 11:39:21,www.phylogeny.fr
2014-04-04 11:39:23,www.phylogeny.fr
2014-04-04 11:39:24,www.phylogeny.fr
2014-04-04 11:39:26,www.phylogeny.fr
2014-04-04 11:39:28,www.phylogeny.fr
2014-04-04 11:39:30,www.phylogeny.fr
2014-04-04 11:39:31,www.phylogeny.fr
2014-04-04 11:39:33,www.phylogeny.fr
2014-04-04 11:39:35,www.phylogeny.fr
2014-04-04 11:39:38,www.phylogeny.fr
2014-04-04 11:39:39,annotathon.org
2014-04-04 11:39:40,www.phylogeny.fr
2014-04-04 11:39:43,www.phylogeny.fr
2014-04-04 11:39:46,www.phylogeny.fr
2014-04-04 11:39:48,www.phylogeny.fr
2014-04-04 11:39:49,annotathon.org
2014-04-04 11:39:51,www.phylogeny.fr
2014-04-04 11:39:53,www.phylogeny.fr
2014-04-04 11:39:59,www.phylogeny.fr
2014-04-04 11:40:09,annotathon.org
2014-04-04 11:40:19,annotathon.org
2014-04-04 11:40:39,annotathon.org
2014-04-04 11:40:47,annotathon.org
2014-04-04 11:40:54,www.phylogeny.fr
2014-04-04 11:41:09,annotathon.org
2014-04-04 11:41:17,annotathon.org
2014-04-04 11:41:39,annotathon.org
2014-04-04 11:41:47,annotathon.org
2014-04-04 11:42:09,annotathon.org
2014-04-04 11:42:13,www.phylogeny.fr
2014-04-04 11:42:17,annotathon.org
2014-04-04 11:42:27,www.phylogeny.fr
2014-04-04 11:42:39,annotathon.org
2014-04-04 11:42:47,annotathon.org
2014-04-04 11:43:09,annotathon.org
2014-04-04 11:43:17,annotathon.org
2014-04-04 11:43:20,www.phylogeny.fr
2014-04-04 11:43:27,www.phylogeny.fr
2014-04-04 11:43:34,www.phylogeny.fr
2014-04-04 11:43:35,www.phylogeny.fr
2014-04-04 11:43:39,annotathon.org
2014-04-04 11:43:46,www.phylogeny.fr
2014-04-04 11:43:47,www.phylogeny.fr
2014-04-04 11:43:47,annotathon.org
2014-04-04 11:43:55,www.phylogeny.fr
2014-04-04 11:44:02,www.phylogeny.fr
2014-04-04 11:44:03,www.phylogeny.fr
2014-04-04 11:44:09,annotathon.org
2014-04-04 11:44:17,annotathon.org
2014-04-04 11:44:27,www.phylogeny.fr
2014-04-04 11:44:39,annotathon.org
2014-04-04 11:44:47,annotathon.org
2014-04-04 11:45:09,annotathon.org
2014-04-04 11:45:17,annotathon.org
2014-04-04 11:45:39,annotathon.org
2014-04-04 11:45:47,annotathon.org
2014-04-04 11:46:09,annotathon.org
2014-04-04 11:46:17,annotathon.org
2014-04-04 11:46:39,annotathon.org
2014-04-04 11:46:47,annotathon.org
2014-04-04 11:47:09,annotathon.org
2014-04-04 11:47:17,annotathon.org
2014-04-04 11:47:37,www.phylogeny.fr
2014-04-04 11:47:38,www.phylogeny.fr
2014-04-04 11:47:39,annotathon.org
2014-04-04 11:47:46,www.phylogeny.fr
2014-04-04 11:47:47,annotathon.org
2014-04-04 11:47:52,www.phylogeny.fr
2014-04-04 11:47:55,www.phylogeny.fr
2014-04-04 11:48:04,www.phylogeny.fr
2014-04-04 11:48:05,www.phylogeny.fr
2014-04-04 11:48:07,www.phylogeny.fr
2014-04-04 11:48:09,annotathon.org
2014-04-04 11:48:10,www.phylogeny.fr
2014-04-04 11:48:12,www.phylogeny.fr
2014-04-04 11:48:15,www.phylogeny.fr
2014-04-04 11:48:17,www.phylogeny.fr
2014-04-04 11:48:17,annotathon.org
2014-04-04 11:48:20,www.phylogeny.fr
2014-04-04 11:48:22,www.phylogeny.fr
2014-04-04 11:48:25,www.phylogeny.fr
2014-04-04 11:48:26,annotathon.org
2014-04-04 11:48:27,www.phylogeny.fr
2014-04-04 11:48:30,www.phylogeny.fr
2014-04-04 11:48:32,www.phylogeny.fr
2014-04-04 11:48:35,www.phylogeny.fr
2014-04-04 11:48:37,www.phylogeny.fr
2014-04-04 11:48:39,annotathon.org
2014-04-04 11:48:40,www.phylogeny.fr
2014-04-04 11:48:42,www.phylogeny.fr
2014-04-04 11:48:44,www.phylogeny.fr
2014-04-04 11:48:47,www.phylogeny.fr
2014-04-04 11:48:49,www.phylogeny.fr
2014-04-04 11:48:53,www.phylogeny.fr
2014-04-04 11:48:56,annotathon.org
2014-04-04 11:48:56,www.phylogeny.fr
2014-04-04 11:48:58,www.phylogeny.fr
2014-04-04 11:49:00,www.phylogeny.fr
2014-04-04 11:49:03,www.phylogeny.fr
2014-04-04 11:49:05,www.phylogeny.fr
2014-04-04 11:49:08,www.phylogeny.fr
2014-04-04 11:49:09,annotathon.org
2014-04-04 11:49:10,www.phylogeny.fr
2014-04-04 11:49:13,www.phylogeny.fr
2014-04-04 11:49:15,www.phylogeny.fr
2014-04-04 11:49:21,www.phylogeny.fr
2014-04-04 11:49:22,www.phylogeny.fr
2014-04-04 11:49:26,annotathon.org
2014-04-04 11:49:39,annotathon.org
2014-04-04 11:49:56,annotathon.org
2014-04-04 11:50:02,www.phylogeny.fr
2014-04-04 11:50:09,annotathon.org
2014-04-04 11:50:26,annotathon.org
2014-04-04 11:50:39,annotathon.org
2014-04-04 11:50:56,annotathon.org
2014-04-04 11:51:06,www.phylogeny.fr
2014-04-04 11:51:09,annotathon.org
2014-04-04 11:51:10,www.phylogeny.fr
2014-04-04 11:51:16,www.phylogeny.fr
2014-04-04 11:51:26,annotathon.org
2014-04-04 11:51:31,www.phylogeny.fr
2014-04-04 11:51:32,www.phylogeny.fr
2014-04-04 11:51:33,www.phylogeny.fr
2014-04-04 11:51:35,www.phylogeny.fr
2014-04-04 11:51:38,www.phylogeny.fr
2014-04-04 11:51:39,annotathon.org
2014-04-04 11:51:43,www.phylogeny.fr
2014-04-04 11:51:52,www.phylogeny.fr
2014-04-04 11:51:56,annotathon.org
2014-04-04 11:52:05,annotathon.org
2014-04-04 11:52:09,annotathon.org
2014-04-04 11:52:14,annotathon.org
