timestamp,site
2013-05-12 13:33:43,gtssl-ocsp.geotrust.com
2013-05-12 13:34:03,clients1.google.com
2013-05-12 13:34:04,clients1.google.com
2013-05-12 13:34:04,gtglobal-ocsp.geotrust.com
2013-05-12 13:34:07,www.google.fr
2013-05-12 13:34:07,clients1.google.com
2013-05-12 13:34:07,ocsp.tcs.terena.org
2013-05-12 13:34:07,ocsp.usertrust.com
2013-05-12 13:34:28,safebrowsing-cache.google.com
2013-05-12 13:34:28,safebrowsing.clients.google.com
2013-05-12 13:34:29,safebrowsing-cache.google.com
2013-05-12 13:34:30,safebrowsing-cache.google.com
2013-05-12 13:37:00,apis.google.com
2013-05-12 13:37:02,www.google.fr
2013-05-12 13:37:02,www.google.com
2013-05-12 13:39:24,ocsp.thawte.com
2013-05-12 14:05:06,safebrowsing.clients.google.com
2013-05-12 14:05:06,safebrowsing-cache.google.com
2013-05-12 14:05:07,safebrowsing-cache.google.com
2013-05-12 14:35:23,ocsp.digicert.com
2013-05-12 14:35:24,ocsp.digicert.com
2013-05-12 14:36:17,safebrowsing-cache.google.com
2013-05-12 14:36:17,safebrowsing.clients.google.com
2013-05-12 14:37:24,ocsp.verisign.com
2013-05-12 14:39:50,www.google.com
2013-05-12 14:39:53,gtglobal-ocsp.geotrust.com
2013-05-12 14:39:53,clients1.google.com
2013-05-12 14:39:57,www.google.fr
2013-05-12 14:39:58,bits.wikimedia.org
2013-05-12 14:39:58,fr.wikipedia.org
2013-05-12 14:39:59,bits.wikimedia.org
2013-05-12 14:39:59,fr.wikipedia.org
2013-05-12 14:39:59,meta.wikimedia.org
2013-05-12 14:40:00,ocsp.digicert.com
2013-05-12 14:40:01,bits.wikimedia.org
2013-05-12 14:41:00,login.wikimedia.org
2013-05-12 14:41:00,bits.wikimedia.org
2013-05-12 14:41:00,fr.wikipedia.org
2013-05-12 14:41:50,www.google.fr
2013-05-12 14:41:50,paquito.amposta.free.fr
2013-05-12 14:41:57,bits.wikimedia.org
2013-05-12 14:41:57,www.google.fr
2013-05-12 14:41:57,fr.wikipedia.org
2013-05-12 14:41:58,fr.wikipedia.org
2013-05-12 14:41:58,meta.wikimedia.org
2013-05-12 14:41:59,meta.wikimedia.org
2013-05-12 14:42:50,id.google.fr
2013-05-12 14:43:53,www.google.fr
2013-05-12 14:46:29,www.google.com
2013-05-12 14:46:32,www.google.fr
2013-05-12 14:49:57,uel.unisciel.fr
2013-05-12 14:49:57,www.google.fr
2013-05-12 14:49:58,uel.unisciel.fr
2013-05-12 14:50:00,uel.unisciel.fr
2013-05-12 14:50:16,math.unice.fr
2013-05-12 14:50:16,www.google.fr
2013-05-12 14:50:17,math.unice.fr
2013-05-12 14:52:43,www.google.fr
2013-05-12 14:58:29,www.google.fr
2013-05-12 15:04:30,lumimath.univ-mrs.fr
2013-05-12 15:04:30,www.google.fr
2013-05-12 15:05:31,safebrowsing-cache.google.com
2013-05-12 15:05:31,safebrowsing.clients.google.com
2013-05-12 15:06:49,fr.openclassrooms.com
2013-05-12 15:06:49,www.google.fr
2013-05-12 15:06:50,dnn506yrbagrg.cloudfront.net
2013-05-12 15:06:50,www.google.com
2013-05-12 15:06:50,fr.openclassrooms.com
2013-05-12 15:06:51,fr.openclassrooms.com
2013-05-12 15:06:51,cip.gagnoo.com
2013-05-12 15:06:51,clients1.google.com
2013-05-12 15:06:52,www.facebook.com
2013-05-12 15:06:52,ocsp.verisign.com
2013-05-12 15:06:53,ocsp.godaddy.com
2013-05-12 15:06:54,ocsp.digicert.com
2013-05-12 15:07:25,www.google.fr
2013-05-12 15:09:47,www.googleapis.com
2013-05-12 15:31:57,ocsp.tcs.terena.org
2013-05-12 15:31:57,ocsp.usertrust.com
2013-06-12 10:23:22,sigayret.fr
2013-06-12 10:23:31,sigayret.fr
2013-06-12 10:23:32,sigayret.fr
2013-06-12 10:23:48,safebrowsing.clients.google.com
2013-06-12 10:23:48,safebrowsing-cache.google.com
2013-06-12 10:23:49,safebrowsing-cache.google.com
2013-06-12 10:26:44,ocsp.thawte.com
2013-06-12 10:41:19,gtglobal-ocsp.geotrust.com
2013-06-12 10:41:19,clients1.google.com
2013-06-12 10:41:33,www.google.fr
2013-06-12 10:41:33,forum.ubuntu-fr.org
2013-06-12 10:41:33,www-static.ubuntu-fr.org
2013-06-12 10:41:33,piwik.infra.ubuntu-fr.org
2013-06-12 10:41:34,www-static.ubuntu-fr.org
2013-06-12 10:41:56,peperillon.free.fr
2013-06-12 10:42:20,www.google.fr
2013-06-12 10:42:21,forum.hardware.fr
2013-06-12 10:42:22,forum.hardware.fr
2013-06-12 10:42:22,forum-images.hardware.fr
2013-06-12 10:42:22,wtpn.twenga.fr
2013-06-12 10:42:23,wtpn.twenga.fr
2013-06-12 10:42:24,wtpn.twenga.fr
2013-06-12 10:42:24,clients1.google.com
2013-06-12 10:42:24,www.google.com
2013-06-12 10:42:24,rbx-cdn-tpn.c4tw.net
2013-06-12 10:42:25,forum.hardware.fr
2013-06-12 10:42:25,rbx-cdn-tpn.c4tw.net
2013-06-12 10:42:25,i10.twenga.com
2013-06-12 10:42:25,i11.twenga.com
2013-06-12 10:43:12,www.google.fr
2013-06-12 10:43:13,www.developpez.net
2013-06-12 10:43:14,www.google.com
2013-06-12 10:43:14,ajax.googleapis.com
2013-06-12 10:43:14,www.developpez.net
2013-06-12 10:43:15,premium.hi-mediaserver.com
2013-06-12 10:43:15,www.google.com
2013-06-12 10:43:15,www.developpez.net
2013-06-12 10:43:19,apnx-match.dotomi.com
2013-06-12 10:44:16,apis.google.com
2013-06-12 10:44:48,www.google.fr
2013-06-12 10:44:49,manpagesfr.free.fr
2013-06-12 10:45:53,www.google.com
2013-06-12 10:46:03,www.google.fr
2013-06-12 10:51:28,ocsp.tcs.terena.org
2013-06-12 10:51:28,ocsp.usertrust.com
2013-06-12 10:51:44,www.rocq.inria.fr
2013-06-12 10:52:12,safebrowsing.clients.google.com
2013-06-12 10:52:12,safebrowsing-cache.google.com
2013-06-12 10:52:13,safebrowsing-cache.google.com
2013-06-12 10:54:07,www.google.fr
2013-06-12 10:54:33,www.google.fr
2013-06-12 10:54:34,static.ccm2.net
2013-06-12 10:54:34,r.ccm2.net
2013-06-12 10:54:34,ba.commentcamarche.net
2013-06-12 10:54:34,clients1.google.com
2013-06-12 10:54:34,www.commentcamarche.net
2013-06-12 10:54:35,static.ccm2.net
2013-06-12 10:54:36,static.ccmbg.com
2013-06-12 10:54:36,connect.facebook.net
2013-06-12 10:54:36,ba.commentcamarche.net
2013-06-12 10:54:36,www.facebook.com
2013-06-12 10:54:36,platform.twitter.com
2013-06-12 10:54:36,static.ccm2.net
2013-06-12 10:54:37,s-static.ak.facebook.com
2013-06-12 10:54:37,static.ak.facebook.com
2013-06-12 10:54:37,www.facebook.com
2013-06-12 10:54:38,evsecure-ocsp.verisign.com
2013-06-12 10:54:39,www.commentcamarche.net
2013-06-12 10:54:48,www.google.fr
2013-06-12 10:54:49,www.facebook.com
2013-06-12 10:54:49,www.maths-forum.com
2013-06-12 10:54:50,www.maths-forum.com
2013-06-12 10:54:51,www.maths-forum.com
2013-06-12 10:54:56,www.developpez.com
2013-06-12 10:54:56,www.google.fr
2013-06-12 10:54:56,c.developpez.com
2013-06-12 10:54:57,c.developpez.com
2013-06-12 10:54:57,www.google.com
2013-06-12 10:54:57,premium.hi-mediaserver.com
2013-06-12 10:55:04,ocsp.comodoca.com
2013-06-12 10:55:09,twitter.com
2013-06-12 10:55:20,pixel2368.everesttech.net
2013-06-12 10:56:52,www.google.com
2013-06-12 10:56:57,www.generation-nt.com
2013-06-12 10:56:57,www.google.fr
2013-06-12 10:56:57,static.generation-nt.com
2013-06-12 10:56:57,ajax.googleapis.com
2013-06-12 10:56:58,img.youtube.com
2013-06-12 10:56:58,www.generation-nt.com
2013-06-12 10:56:58,img2.generation-nt.com
2013-06-12 10:56:58,static.generation-nt.com
2013-06-12 10:56:59,static.generation-nt.com
2013-06-12 10:56:59,www.generation-nt.com
2013-06-12 10:57:00,clients1.google.com
2013-06-12 10:57:00,www.generation-nt.com
2013-06-12 10:57:00,ogfzoyrk7u.s.ad6media.fr
2013-06-12 10:57:00,static.ak.facebook.com
2013-06-12 10:57:01,www.generation-nt.com
2013-06-12 10:57:01,emailretargeting.com
2013-06-12 10:57:01,static.natoms.com
2013-06-12 10:57:01,www.facebook.com
2013-06-12 10:57:01,s-static.ak.facebook.com
2013-06-12 10:57:01,hal9000.redintelligence.net
2013-06-12 10:57:02,static.natoms.com
2013-06-12 10:57:02,hal9000.redintelligence.net
2013-06-12 10:57:02,dc1w54.wysistat.com
2013-06-12 10:57:02,loadr.exelator.com
2013-06-12 10:57:02,clients1.google.com
2013-06-12 10:57:03,ajax.googleapis.com
2013-06-12 10:57:04,n35.hal9000.redintelligence.net
2013-06-12 10:57:04,static.natoms.com
2013-06-12 10:57:05,media.bestofmicro.com
2013-06-12 10:57:05,ocsp.thawte.com
2013-06-12 10:57:05,static.generation-nt.com
2013-06-12 10:57:06,ea.numericable.fr
2013-06-12 10:57:11,ogfzoyrk7u.s.ad6media.fr
2013-06-12 10:57:12,publicidees.spectacles.carrefour.fr
2013-06-12 10:57:12,m.ad6media.fr
2013-06-12 10:57:12,ogfzoyrk7u.s.ad6media.fr
2013-06-12 10:57:13,publicidees.spectacles.carrefour.fr
2013-06-12 10:57:14,img.youtube.com
2013-06-12 10:57:14,m.ad6media.fr
2013-06-12 10:57:14,publicidees.spectacles.carrefour.fr
2013-06-12 10:57:15,static.generation-nt.com
2013-06-12 10:57:27,www.google.fr
2013-06-12 10:57:29,ajax.googleapis.com
2013-06-12 10:58:12,www.google.fr
2013-06-12 10:58:12,fr.openclassrooms.com
2013-06-12 10:58:13,fr.openclassrooms.com
2013-06-12 10:58:14,www.google.com
2013-06-12 10:58:14,fr.openclassrooms.com
2013-06-12 10:58:14,dnn506yrbagrg.cloudfront.net
2013-06-12 10:58:15,fr.openclassrooms.com
2013-06-12 10:58:17,fr.openclassrooms.com
2013-06-12 10:58:17,www.google.com
2013-06-12 10:58:18,fr.openclassrooms.com
2013-06-12 10:58:18,www.google.com
2013-06-12 10:58:19,fr.openclassrooms.com
2013-06-12 10:58:26,fr.openclassrooms.com
2013-06-12 10:58:27,dnn506yrbagrg.cloudfront.net
2013-06-12 10:58:27,static.siteduzero.com
2013-06-12 10:58:27,www.google.com
2013-06-12 10:58:28,static.siteduzero.com
2013-06-12 10:58:28,fr.openclassrooms.com
2013-06-12 10:58:29,static.siteduzero.com
2013-06-12 10:58:30,fr.openclassrooms.com
2013-06-12 10:58:31,fr.openclassrooms.com
2013-06-12 10:58:31,cs.specificclick.net
2013-06-12 10:58:31,www.google.com
2013-06-12 10:58:33,www.google.com
2013-06-12 10:58:48,fr.openclassrooms.com
2013-06-12 10:58:49,www.google.com
2013-06-12 10:58:51,www.google.com
2013-06-12 10:58:53,fr.openclassrooms.com
2013-06-12 10:58:54,www.google.com
2013-06-12 10:58:54,fr.openclassrooms.com
2013-06-12 10:58:56,www.google.com
2013-06-12 10:59:20,fr.openclassrooms.com
2013-06-12 10:59:21,www.google.com
2013-06-12 10:59:21,fr.openclassrooms.com
2013-06-12 10:59:22,fr.openclassrooms.com
2013-06-12 10:59:23,www.google.com
2013-06-12 10:59:24,fr.openclassrooms.com
2013-06-12 10:59:25,rbp.mxptint.net
2013-06-12 10:59:26,pr.ybp.yahoo.com
2013-06-12 10:59:54,apis.google.com
2013-06-12 10:59:55,accounts.google.com
2013-06-12 11:01:05,www.google.fr
2013-06-12 11:02:18,www.googleapis.com
2013-06-12 11:22:47,safebrowsing-cache.google.com
2013-06-12 11:22:47,safebrowsing.clients.google.com
2013-06-12 11:34:17,www.google.com
2013-06-12 11:34:31,www.google.fr
2013-06-12 11:34:32,fr.openclassrooms.com
2013-06-12 11:34:32,mapage.noos.fr
2013-06-12 11:34:33,www.google.com
2013-06-12 11:34:33,dnn506yrbagrg.cloudfront.net
2013-06-12 11:34:39,www.google.com
2013-06-12 11:34:40,fr.openclassrooms.com
2013-06-12 11:34:41,fr.openclassrooms.com
2013-06-12 11:37:13,www.google.com
2013-06-12 11:37:18,id.google.fr
2013-06-12 11:37:19,www.google.fr
2013-06-12 11:37:34,www.googleapis.com
2013-06-12 11:40:05,www.google.fr
2013-06-12 11:40:05,fr.openclassrooms.com
2013-06-12 11:40:07,www.google.com
2013-06-12 11:40:08,dnn506yrbagrg.cloudfront.net
2013-06-12 11:40:09,www.google.com
2013-06-12 11:40:11,fr.openclassrooms.com
2013-06-12 11:40:12,um.simpli.fi
2013-06-12 11:40:17,fr.openclassrooms.com
2013-06-12 11:40:18,www.google.com
2013-06-12 11:40:18,fr.openclassrooms.com
2013-06-12 11:40:20,www.google.com
2013-06-12 11:40:22,fr.openclassrooms.com
2013-06-12 11:40:46,www.google.com
2013-06-12 11:43:00,www.google.fr
2013-06-12 11:43:15,www.googleapis.com
2013-06-12 11:53:53,safebrowsing-cache.google.com
2013-06-12 11:53:53,safebrowsing.clients.google.com
2013-06-12 11:53:54,safebrowsing-cache.google.com
2013-06-12 11:56:52,clients1.google.com
2013-06-12 11:56:53,gtglobal-ocsp.geotrust.com
2013-06-12 11:56:56,www.google.fr
2013-06-12 11:56:58,ocsp.usertrust.com
2013-06-12 11:56:58,ocsp.tcs.terena.org
2013-06-12 11:56:58,clients1.google.com
2013-06-12 11:58:58,id.google.fr
2013-06-12 11:58:58,www.google.fr
2013-06-12 11:58:58,www.google.com
2013-11-15 10:16:52,sigayret.fr
2013-11-15 10:16:55,snippets-stats.mozilla.org
2013-11-15 10:17:06,sigayret.fr
2013-11-15 10:17:07,sigayret.fr
2013-11-15 10:18:00,safebrowsing-cache.google.com
2013-11-15 10:18:00,safebrowsing.clients.google.com
2013-11-15 10:22:30,ocsp.thawte.com
2013-11-15 10:47:36,safebrowsing-cache.google.com
2013-11-15 10:47:36,safebrowsing.clients.google.com
2013-11-15 10:55:43,clients1.google.com
2013-11-15 10:55:44,clients1.google.com
2013-11-15 10:55:44,gtglobal-ocsp.geotrust.com
2013-11-15 10:55:49,www.google.fr
2013-11-15 10:55:50,ba.commentcamarche.net
2013-11-15 10:55:50,clients1.google.com
2013-11-15 10:55:50,r.ccm2.net
2013-11-15 10:55:50,www.commentcamarche.net
2013-11-15 10:55:50,static.ccm2.net
2013-11-15 10:55:51,platform.twitter.com
2013-11-15 10:55:51,www.facebook.com
2013-11-15 10:55:51,connect.facebook.net
2013-11-15 10:55:51,static.ak.facebook.com
2013-11-15 10:55:51,clients1.google.com
2013-11-15 10:55:52,platform.twitter.com
2013-11-15 10:55:52,www.facebook.com
2013-11-15 10:55:52,evsecure-ocsp.verisign.com
2013-11-15 10:55:53,ocsp.verisign.com
2013-11-15 10:56:22,twitter.com
2013-11-15 10:57:47,s-static.ak.facebook.com
2013-11-15 10:58:40,www.google.com
2013-11-15 10:58:41,www.google.fr
2013-11-15 10:58:45,apis.google.com
2013-11-15 10:58:48,accounts.google.com
2013-11-15 10:58:54,www.facebook.com
2013-11-15 11:15:02,fr.wikibooks.org
2013-11-15 11:15:02,bits.wikimedia.org
2013-11-15 11:15:02,www.google.fr
2013-11-15 11:15:03,bits.wikimedia.org
2013-11-15 11:15:03,fr.wikibooks.org
2013-11-15 11:15:04,meta.wikimedia.org
2013-11-15 11:15:04,fr.wikibooks.org
2013-11-15 11:15:04,ocsp.digicert.com
2013-11-15 11:15:04,bits.wikimedia.org
2013-11-15 11:15:39,www.google.fr
2013-11-15 11:15:40,www.commentcamarche.net
2013-11-15 11:15:40,ba.commentcamarche.net
2013-11-15 11:15:42,www.facebook.com
2013-11-15 11:15:43,www.facebook.com
2013-11-15 11:16:04,login.wikimedia.org
2013-11-15 11:16:04,fr.wikibooks.org
2013-11-15 11:16:06,ba.commentcamarche.net
2013-11-15 11:16:06,kh6qrx0f8h.s.ad6media.fr
2013-11-15 11:16:07,www.facebook.com
2013-11-15 11:16:14,www.google.fr
2013-11-15 11:16:15,www.commentcamarche.net
2013-11-15 11:16:15,ba.commentcamarche.net
2013-11-15 11:16:16,www.facebook.com
2013-11-15 11:16:16,connect.facebook.net
2013-11-15 11:16:16,rapidssl-ocsp.geotrust.com
2013-11-15 11:16:16,ba.commentcamarche.net
2013-11-15 11:16:28,twitter.com
2013-11-15 11:16:51,safebrowsing.clients.google.com
2013-11-15 11:16:51,safebrowsing-cache.google.com
2013-11-15 11:17:45,www.grappa.univ-lille3.fr
2013-11-15 11:17:45,www.google.fr
2013-11-15 11:17:46,www.grappa.univ-lille3.fr
2013-11-15 11:17:57,www.grappa.univ-lille3.fr
2013-11-15 11:17:58,www.grappa.univ-lille3.fr
2013-11-15 11:19:25,i1.ytimg.com
2013-11-15 11:19:25,s.ytimg.com
2013-11-15 11:19:25,www.youtube.com
2013-11-15 11:20:22,www.google.fr
2013-11-15 11:45:07,safebrowsing.clients.google.com
2013-11-15 11:45:07,safebrowsing-cache.google.com
2013-11-15 11:57:52,www.google.com
2013-11-15 11:57:54,gtglobal-ocsp.geotrust.com
2013-11-15 11:57:54,clients1.google.com
2013-11-15 11:58:01,www.google.fr
2013-11-15 11:58:22,www.pokepedia.fr
2013-11-15 11:58:23,www.pokepedia.fr
2013-11-15 11:58:24,www.pokepedia.fr
2013-11-15 11:58:29,www.pokepedia.fr
2013-11-15 11:58:30,www.pokepedia.fr
2013-11-15 11:58:30,i.creativecommons.org
2013-11-15 11:58:31,www.pokepedia.fr
2013-11-15 11:58:36,www.pokepedia.fr
2013-11-15 11:58:38,www.pokepedia.fr
2013-11-15 11:58:40,www.pokepedia.fr
2013-11-15 11:58:41,www.pokepedia.fr
2013-11-15 11:58:45,www.pokepedia.fr
2013-11-15 11:59:01,www.pokepedia.fr
2013-11-15 11:59:02,www.pokepedia.fr
2013-11-15 11:59:04,www.pokepedia.fr
2013-11-15 11:59:09,www.pokepedia.fr
2013-11-15 11:59:18,www.pokepedia.fr
2013-11-15 12:00:51,www.google.com
2013-11-15 12:00:52,www.google.fr
2013-11-15 12:08:09,ocsp.usertrust.com
2013-11-15 12:08:09,ocsp.tcs.terena.org
2013-11-21 14:43:49,gtssl-ocsp.geotrust.com
2013-11-21 14:43:51,gtssl-ocsp.geotrust.com
2013-11-21 14:43:54,clients1.google.com
2013-11-21 14:43:55,gtglobal-ocsp.geotrust.com
2013-11-21 14:43:55,clients1.google.com
2013-11-21 14:43:56,geo.mozilla.org
2013-11-21 14:43:59,www.google.fr
2013-11-21 14:43:59,clients1.google.com
2013-11-21 14:43:59,ocsp.tcs.terena.org
2013-11-21 14:43:59,ocsp.usertrust.com
2013-11-21 14:44:00,clients1.google.com
2013-11-21 14:45:45,safebrowsing.clients.google.com
2013-11-21 14:45:46,safebrowsing-cache.google.com
2013-11-21 14:46:52,apis.google.com
2013-11-21 14:46:53,www.google.com
2013-11-21 14:46:54,www.google.fr
2013-11-21 14:47:00,ocsp.digicert.com
2013-11-21 14:49:01,ocsp.verisign.com
2013-11-21 14:53:00,ocsp.thawte.com
2013-11-21 15:16:11,safebrowsing.clients.google.com
2013-11-21 15:16:11,safebrowsing-cache.google.com
2013-11-21 15:16:12,safebrowsing-cache.google.com
2013-11-21 15:26:49,gtglobal-ocsp.geotrust.com
2013-11-21 15:26:49,clients1.google.com
2013-11-21 15:26:50,clients1.google.com
2013-11-21 15:26:53,www.google.fr
2013-11-21 15:26:53,ocsp.tcs.terena.org
2013-11-21 15:26:54,ocsp.usertrust.com
2013-11-21 15:27:14,safebrowsing-cache.google.com
2013-11-21 15:27:14,safebrowsing.clients.google.com
2013-11-21 15:28:04,www.google.fr
2013-11-21 15:28:04,id.google.fr
2013-11-21 15:28:04,www.google.com
2013-11-27 08:05:19,gtssl-ocsp.geotrust.com
2013-11-27 08:05:54,sigayret.fr
2013-11-27 08:06:15,safebrowsing.clients.google.com
2013-11-27 08:06:15,safebrowsing-cache.google.com
2013-11-27 08:06:16,safebrowsing-cache.google.com
2013-11-27 08:10:58,ocsp.thawte.com
2013-11-27 08:35:20,safebrowsing.clients.google.com
2013-11-27 08:35:20,safebrowsing-cache.google.com
2013-11-27 08:35:21,safebrowsing-cache.google.com
2013-11-27 09:06:20,safebrowsing.clients.google.com
2013-11-27 09:06:20,safebrowsing-cache.google.com
2013-11-27 09:06:21,safebrowsing-cache.google.com
2013-11-27 09:06:58,ocsp.digicert.com
2013-11-27 09:08:58,ocsp.verisign.com
2013-11-27 09:34:27,safebrowsing.clients.google.com
2013-11-27 09:34:27,safebrowsing-cache.google.com
2013-11-27 09:34:28,safebrowsing-cache.google.com
2013-11-27 09:54:32,clients1.google.com
2013-11-27 09:54:32,www.google.com
2013-11-27 09:54:33,gtglobal-ocsp.geotrust.com
2013-11-27 09:54:33,clients1.google.com
2013-11-27 09:54:37,www.google.fr
2013-11-27 09:54:37,clients1.google.com
2013-11-27 09:54:37,ocsp.tcs.terena.org
2013-11-27 09:54:37,ocsp.usertrust.com
2013-11-27 09:54:38,clients1.google.com
2013-11-27 09:57:28,www.google.com
2013-11-27 09:57:28,id.google.fr
2013-11-27 09:57:29,apis.google.com
2013-11-27 09:57:29,www.google.fr
2013-11-27 09:59:41,www.google.fr
2013-11-27 10:02:32,www.google.com
2013-11-27 10:02:35,www.google.fr
2013-11-28 08:05:57,fpdownload2.macromedia.com
2013-11-28 08:06:31,www.bing.com
2013-11-28 08:06:32,www.bing.com
2013-11-28 08:06:33,www.bing.com
2013-11-28 08:06:34,cms.abmr.net
2013-11-28 08:06:37,www.bing.com
2013-11-28 08:06:44,login.live.com
2013-11-28 13:38:18,apis.google.com
2013-11-28 13:38:18,www.google.com
2013-11-28 13:38:19,www.google.fr
2013-11-28 15:11:08,login.wikimedia.org
2013-11-28 15:11:08,fr.wikipedia.org
2013-11-28 15:12:58,www.google.com
2013-11-28 15:13:03,www.google.fr
2013-12-12 13:47:37,gtssl-ocsp.geotrust.com
2013-12-12 13:47:38,clients1.google.com
2013-12-12 13:47:39,gtglobal-ocsp.geotrust.com
2013-12-12 13:47:42,clients1.google.com
2013-12-12 13:47:45,www.google.fr
2013-12-12 13:47:45,clients1.google.com
2013-12-12 13:47:45,ocsp.tcs.terena.org
2013-12-12 13:47:45,ocsp.usertrust.com
2013-12-12 13:47:46,clients1.google.com
2013-12-12 13:50:27,safebrowsing-cache.google.com
2013-12-12 13:50:27,safebrowsing.clients.google.com
2013-12-12 13:50:28,safebrowsing-cache.google.com
2013-12-12 13:50:33,sb-ssl.google.com
2013-12-12 13:50:38,apis.google.com
2013-12-12 13:50:39,www.google.com
2013-12-12 13:50:39,www.google.fr
2013-12-12 13:51:27,ocsp.digicert.com
2013-12-12 13:51:28,ocsp.digicert.com
2013-12-12 13:53:28,ocsp.verisign.com
2013-12-12 13:57:27,ocsp.thawte.com
2013-12-12 14:19:02,safebrowsing.clients.google.com
2013-12-12 14:19:02,safebrowsing-cache.google.com
2013-12-12 14:50:15,safebrowsing-cache.google.com
2013-12-12 14:50:15,safebrowsing.clients.google.com
2013-12-18 08:10:30,www.sigayret.fr
2013-12-18 08:10:30,www.w3.org
2013-12-18 08:10:30,sigayret.fr
2013-12-18 08:10:33,www.sigayret.fr
2013-12-18 08:10:33,sigayret.fr
2013-12-18 08:10:48,www.sigayret.fr
2013-12-18 08:10:48,sigayret.fr
2013-12-18 08:10:51,sigayret.fr
2013-12-18 08:10:54,www.sigayret.fr
2013-12-18 08:10:54,sigayret.fr
2013-12-18 08:11:05,www.sigayret.fr
2013-12-18 08:11:05,sigayret.fr
2013-12-18 08:11:30,www.sigayret.fr
2013-12-18 08:11:30,sigayret.fr
2013-12-18 08:11:39,www.sigayret.fr
2013-12-18 08:11:39,sigayret.fr
2013-12-18 08:11:45,sigayret.fr
2013-12-18 08:11:45,www.sigayret.fr
2013-12-18 08:11:52,www.sigayret.fr
2013-12-18 08:11:52,sigayret.fr
2013-12-18 08:12:07,sigayret.fr
2013-12-18 08:12:17,sigayret.fr
2013-12-18 08:12:45,www.google.com
2013-12-18 08:12:45,clients1.google.com
2013-12-18 08:12:46,www.google.com
2013-12-18 08:12:47,clients1.google.com
2013-12-18 08:12:47,gtglobal-ocsp.geotrust.com
2013-12-18 08:12:47,ocsp.tcs.terena.org
2013-12-18 08:12:47,ocsp.usertrust.com
2013-12-18 08:12:48,ocsp.comodoca.com
2013-12-18 08:12:48,www.google.com
2013-12-18 08:14:26,www.sigayret.fr
2013-12-18 08:15:28,newsrss.bbc.co.uk
2013-12-18 08:15:28,feeds.bbci.co.uk
2013-12-18 08:15:28,fxfeeds.mozilla.com
2013-12-18 08:28:20,www.google.com
2013-12-18 08:28:20,clients1.google.com
2013-12-18 08:28:22,www.google.com
2013-12-18 08:28:22,fr.openclassrooms.com
2013-12-18 08:28:24,dnn506yrbagrg.cloudfront.net
2013-12-18 08:28:26,jdn.monster.com
2013-12-18 08:28:26,choices.truste.com
2013-12-18 08:28:27,jdn.monster.com
2013-12-18 08:28:27,www.google.com
2013-12-18 08:28:27,clients1.google.com
2013-12-18 08:28:27,ocsp.comodoca.com
2013-12-18 08:28:29,ocsp.verisign.com
2013-12-18 08:28:35,fr.openclassrooms.com
2013-12-18 08:28:35,www.google.com
2013-12-18 08:28:36,fr.openclassrooms.com
2013-12-18 08:28:37,dnn506yrbagrg.cloudfront.net
2013-12-18 08:28:38,ea.smartbox.com
2013-12-18 08:28:38,choices.truste.com
2013-12-18 08:28:38,jdn.monster.com
2013-12-18 08:28:38,www.facebook.com
2013-12-18 08:28:39,fr.openclassrooms.com
2013-12-18 08:28:42,fr.openclassrooms.com
2013-12-18 08:28:49,pixel2368.everesttech.net
2013-12-18 08:29:34,choices.truste.com
2013-12-18 08:29:43,choices.truste.com
2013-12-18 08:29:51,jdn.monster.com
2013-12-18 08:32:36,www.googleapis.com
2013-12-18 08:34:23,www.sigayret.fr
2013-12-18 08:38:07,www.google.com
2013-12-18 08:38:07,clients1.google.com
2013-12-18 08:38:10,www.google.com
2013-12-18 08:38:11,www.areaprog.com
2013-12-18 08:38:11,connect.facebook.net
2013-12-18 08:38:12,www.facebook.com
2013-12-18 08:38:12,www.areaprog.com
2013-12-18 08:38:12,s-static.ak.facebook.com
2013-12-18 08:38:12,static.ak.facebook.com
2013-12-18 08:38:12,platform.twitter.com
2013-12-18 08:38:13,platform.twitter.com
2013-12-18 08:38:14,evsecure-ocsp.verisign.com
2013-12-18 08:38:44,twitter.com
2013-12-18 08:52:38,clients1.google.com
2013-12-18 08:52:38,www.google.com
2013-12-18 08:53:44,clients1.google.com
2013-12-18 08:53:45,clients1.google.com
2013-12-18 08:53:46,clients1.google.com
2013-12-18 08:53:49,www.google.com
2013-12-18 08:53:49,clients1.google.com
2013-12-18 09:02:01,clients1.google.com
2013-12-18 09:02:03,www.google.com
2013-12-18 09:02:04,clients1.google.com
2013-12-18 09:02:08,clients1.google.com
2013-12-18 09:02:09,www.google.com
2013-12-18 09:02:09,clients1.google.com
2013-12-18 09:02:12,forum.hardware.fr
2013-12-18 09:02:12,www.google.com
2013-12-18 09:02:13,wtpn.twenga.fr
2013-12-18 09:02:13,forum-images.hardware.fr
2013-12-18 09:02:13,forum.hardware.fr
2013-12-18 09:02:14,fr.primary.affinitad.com
2013-12-18 09:02:14,forum-images.hardware.fr
2013-12-18 09:02:15,wtpn.twenga.fr
2013-12-18 09:02:15,forum.hardware.fr
2013-12-18 09:02:15,rbx-cdn-tpn.c4tw.net
2013-12-18 09:02:17,www.google.com
2013-12-18 09:02:18,www.areaprog.com
2013-12-18 09:02:19,s-static.ak.facebook.com
2013-12-18 09:02:19,connect.facebook.net
2013-12-18 09:02:19,static.ak.facebook.com
2013-12-18 09:02:19,www.facebook.com
2013-12-18 09:02:20,platform.twitter.com
2013-12-18 09:02:20,hal9000.redintelligence.net
2013-12-18 09:02:21,hal9000.redintelligence.net
2013-12-18 09:02:21,n20.hal9000.redintelligence.net
2013-12-18 09:02:21,ea.numericable.fr
2013-12-18 09:02:35,clients1.google.com
2013-12-18 09:02:36,clients1.google.com
2013-12-18 09:02:41,www.google.com
2013-12-18 09:02:41,clients1.google.com
2013-12-18 09:02:42,www.google.com
2013-12-18 09:02:51,twitter.com
2013-12-18 09:04:26,www.google.com
2013-12-18 09:04:26,clients1.google.com
2013-12-18 09:04:26,img.youtube.com
2013-12-18 09:04:28,www.google.com
2013-12-18 09:04:28,clients1.google.com
2013-12-18 09:04:30,www.google.com
2013-12-18 09:04:30,fr.openclassrooms.com
2013-12-18 09:04:31,dnn506yrbagrg.cloudfront.net
2013-12-18 09:04:33,rubicon-match.dotomi.com
2013-12-18 09:04:36,www.facebook.com
2013-12-18 09:04:37,www.google.com
2013-12-18 09:04:37,fr.openclassrooms.com
2013-12-18 09:04:38,fr.openclassrooms.com
2013-12-18 09:04:40,dnn506yrbagrg.cloudfront.net
2013-12-18 09:04:46,apnx-match.dotomi.com
2013-12-18 09:08:38,www.googleapis.com
2013-12-18 09:30:28,feeds.bbci.co.uk
2013-12-18 09:30:28,newsrss.bbc.co.uk
2013-12-18 09:30:28,fxfeeds.mozilla.com
2013-12-18 10:08:12,ocsp.usertrust.com
2013-12-18 10:08:12,ocsp.tcs.terena.org
2013-12-18 10:08:12,ocsp.comodoca.com
2014-01-04 15:48:32,clients1.google.com
2014-01-04 15:48:32,www.google.com
2014-01-04 15:48:35,www.google.com
2014-01-04 15:48:36,ocsp.usertrust.com
2014-01-04 15:48:36,ocsp.tcs.terena.org
2014-01-04 15:48:36,gtglobal-ocsp.geotrust.com
2014-01-04 15:48:36,clients1.google.com
2014-01-04 15:48:36,www.google.com
2014-01-04 15:48:37,ocsp.comodoca.com
2014-01-04 15:51:42,safebrowsing.clients.google.com
2014-01-04 15:52:53,safebrowsing-cache.google.com
2014-01-04 15:52:55,safebrowsing-cache.google.com
2014-01-04 15:53:59,safebrowsing-cache.google.com
2014-01-04 15:54:02,safebrowsing-cache.google.com
2014-01-04 15:54:03,safebrowsing-cache.google.com
2014-01-04 15:55:04,safebrowsing-cache.google.com
2014-01-04 15:55:05,safebrowsing-cache.google.com
2014-01-04 15:55:06,safebrowsing-cache.google.com
2014-01-04 15:55:07,safebrowsing-cache.google.com
2014-01-04 15:58:15,ocsp.digicert.com
2014-01-04 16:10:16,www.google.com
2014-01-04 16:10:16,clients1.google.com
2014-01-04 16:10:18,www.google.com
2014-01-04 16:10:21,www.google.com
2014-01-04 16:10:21,ajax.googleapis.com
2014-01-04 16:10:21,www.developpez.net
2014-01-04 16:10:22,www.developpez.net
2014-01-04 16:10:22,www.google.com
2014-01-04 16:10:22,sync.uuidcshmg.com
2014-01-04 16:10:23,www.developpez.net
2014-01-04 16:10:24,www.developpez.net
2014-01-04 16:10:31,magazine.developpez.com
2014-01-04 16:10:31,java.developpez.com
2014-01-04 16:10:31,www.developpez.com
2014-01-04 16:10:32,java.developpez.com
2014-01-04 16:10:32,javaweb.developpez.com
2014-01-04 16:10:32,netbeans.developpez.com
2014-01-04 16:10:32,sync.uuidcshmg.com
2014-01-04 16:10:32,spring.developpez.com
2014-01-04 16:10:32,eclipse.developpez.com
2014-01-04 16:10:32,www.developpez.com
2014-01-04 16:10:32,magazine.developpez.com
2014-01-04 16:10:33,www.developpez.com
2014-01-04 16:10:34,java.developpez.com
2014-01-04 16:23:44,safebrowsing-cache.google.com
2014-01-04 16:23:44,safebrowsing.clients.google.com
2014-01-04 16:35:45,www.google.com
2014-01-04 16:35:45,java.developpez.com
2014-01-04 16:35:46,clients1.google.com
2014-01-04 16:35:49,www.google.com
2014-01-04 16:35:55,www.google.com
2014-01-04 16:35:55,docs.oracle.com
2014-01-04 16:36:01,clients1.google.com
2014-01-04 16:36:02,clients1.google.com
2014-01-04 16:36:03,clients1.google.com
2014-01-04 16:36:03,www.google.com
2014-01-04 16:55:23,safebrowsing.clients.google.com
2014-01-04 16:55:23,safebrowsing-cache.google.com
2014-01-04 17:03:21,fxfeeds.mozilla.com
2014-01-04 17:03:22,newsrss.bbc.co.uk
2014-01-04 17:03:22,feeds.bbci.co.uk
2014-01-04 17:25:14,safebrowsing.clients.google.com
2014-01-04 17:25:14,safebrowsing-cache.google.com
2014-01-04 17:26:01,clients1.google.com
2014-01-04 17:26:02,clients1.google.com
2014-01-04 17:26:03,clients1.google.com
2014-01-04 17:26:04,clients1.google.com
2014-01-04 17:26:05,clients1.google.com
2014-01-04 17:26:07,www.google.com
2014-01-04 17:26:08,clients1.google.com
2014-01-04 17:26:11,bits.wikimedia.org
2014-01-04 17:26:11,fr.wikipedia.org
2014-01-04 17:26:11,www.google.com
2014-01-04 17:26:12,bits.wikimedia.org
2014-01-04 17:26:12,meta.wikimedia.org
2014-01-04 17:26:12,fr.wikipedia.org
2014-01-04 17:26:12,login.wikimedia.org
2014-01-04 17:26:44,www.google.com
2014-01-04 17:26:44,fr.openclassrooms.com
2014-01-04 17:26:45,fr.openclassrooms.com
2014-01-04 17:26:45,www.google.com
2014-01-04 17:26:45,doug1izaerwt3.cloudfront.net
2014-01-04 17:26:46,fr.openclassrooms.com
2014-01-04 17:26:47,dnn506yrbagrg.cloudfront.net
2014-01-04 17:26:47,clients1.google.com
2014-01-04 17:26:47,gtglobal-ocsp.geotrust.com
2014-01-04 17:26:48,fr.openclassrooms.com
2014-01-04 17:26:55,gg.google.com
2014-01-04 17:27:24,www.google.com
2014-01-04 17:27:24,fr.openclassrooms.com
2014-01-04 17:27:25,www.google.com
2014-01-04 17:27:25,doug1izaerwt3.cloudfront.net
2014-01-04 17:27:26,dnn506yrbagrg.cloudfront.net
2014-01-04 17:27:28,fr.openclassrooms.com
2014-01-04 17:30:11,www.googleapis.com
2014-02-04 08:13:59,www.bing.com
2014-02-04 08:14:00,www.bing.com
2014-02-04 08:14:00,cms.abmr.net
2014-02-04 08:14:01,www.bing.com
2014-02-04 08:14:02,fpdownload2.macromedia.com
2014-02-04 08:14:06,cms.abmr.net
2014-02-04 08:14:06,www.bing.com
2014-02-04 08:14:07,login.live.com
2014-02-04 08:14:08,www.bing.com
2014-02-04 08:14:11,login.live.com
2014-02-04 08:15:05,gtglobal-ocsp.geotrust.com
2014-02-04 08:15:05,clients1.google.com
2014-02-04 08:15:09,www.google.fr
2014-02-04 08:15:09,apis.google.com
2014-02-04 08:15:10,ocsp.usertrust.com
2014-02-04 08:15:10,ocsp.tcs.terena.org
2014-02-04 08:15:10,clients1.google.com
2014-02-04 08:16:00,gtssl-ocsp.geotrust.com
2014-02-04 08:18:02,www.google.com
2014-02-04 08:18:05,www.google.fr
2014-02-04 08:18:10,safebrowsing.clients.google.com
2014-02-04 08:18:10,safebrowsing-cache.google.com
2014-02-04 08:20:54,ocsp.thawte.com
2014-02-04 08:21:05,sb-ssl.google.com
2014-02-04 08:22:54,ocsp.verisign.com
2014-02-04 08:24:55,ocsp.digicert.com
2014-02-04 08:48:39,safebrowsing-cache.google.com
2014-02-04 08:48:39,safebrowsing.clients.google.com
2014-02-04 09:17:04,safebrowsing-cache.google.com
2014-02-04 09:17:04,safebrowsing.clients.google.com
2014-02-04 09:45:26,safebrowsing-cache.google.com
2014-02-04 09:45:26,safebrowsing.clients.google.com
2014-02-13 15:31:43,ocsp.thawte.com
2014-02-13 15:32:00,gtglobal-ocsp.geotrust.com
2014-02-13 15:32:00,clients1.google.com
2014-02-13 15:32:03,ocsp.usertrust.com
2014-02-13 15:32:03,ocsp.tcs.terena.org
2014-02-13 15:32:03,clients1.google.com
2014-02-13 15:32:03,www.google.fr
2014-02-13 15:32:04,safebrowsing.clients.google.com
2014-02-13 15:32:04,clients1.google.com
2014-02-13 15:32:04,safebrowsing-cache.google.com
2014-02-13 15:32:05,safebrowsing-cache.google.com
2014-02-13 15:34:56,apis.google.com
2014-02-13 15:34:58,www.google.com
2014-02-13 15:34:59,www.google.fr
2014-02-13 15:39:19,ocsp.thawte.com
2014-02-13 15:39:54,clients1.google.com
2014-02-13 15:39:54,gtglobal-ocsp.geotrust.com
2014-02-13 15:39:55,clients1.google.com
2014-02-13 15:39:57,fr-fr.facebook.com
2014-02-13 15:40:07,fr-fr.facebook.com
2014-02-13 15:40:10,fr-fr.facebook.com
2014-02-13 15:40:18,clients1.google.com
2014-02-13 15:41:05,www.google.fr
2014-02-13 15:41:06,www.magiccorporation.com
2014-02-13 15:41:07,www.magiccorporation.com
2014-02-13 15:41:08,www.google.com
2014-02-13 15:41:08,www.magiccorporation.com
2014-02-13 15:41:08,www.facebook.com
2014-02-13 15:41:08,www.youtube.com
2014-02-13 15:41:08,s.ytimg.com
2014-02-13 15:41:09,s.ytimg.com
2014-02-13 15:41:11,www.magiccorporation.com
2014-02-13 15:41:14,www.magiccorporation.com
2014-02-13 15:41:17,www.magiccorporation.com
2014-02-13 15:41:20,www.magiccorporation.com
2014-02-13 15:41:21,www.magiccorporation.com
2014-02-13 15:41:22,www.magiccorporation.com
2014-02-13 15:41:25,www.magiccorporation.com
2014-02-13 15:41:26,www.magiccorporation.com
2014-02-13 15:41:28,www.magiccorporation.com
2014-02-13 15:41:32,www.magiccorporation.com
2014-02-13 15:41:34,www.wizards.com
2014-02-13 15:41:37,www.magiccorporation.com
2014-02-13 15:41:40,www.magiccorporation.com
2014-02-13 15:42:51,www.google.com
2014-02-13 15:42:52,www.magiccorporation.com
2014-02-13 15:42:54,www.magiccorporation.com
2014-02-13 15:42:56,www.magiccorporation.com
2014-02-13 15:42:57,www.magiccorporation.com
2014-02-13 15:42:59,www.magiccorporation.com
2014-02-13 15:43:04,ocsp.verisign.com
2014-02-13 15:43:21,ocsp.startssl.com
2014-02-13 15:43:23,clients1.google.com
2014-02-13 15:43:25,safebrowsing.clients.google.com
2014-02-13 15:43:25,safebrowsing-cache.google.com
2014-02-13 15:44:19,www.magiccorporation.com
2014-02-13 15:44:20,www.magiccorporation.com
2014-02-13 15:44:32,www.magiccorporation.com
2014-02-13 15:44:37,www.magiccorporation.com
2014-02-13 15:44:38,www.magiccorporation.com
2014-02-13 15:44:39,www.magiccorporation.com
2014-02-13 15:44:51,www.magiccorporation.com
2014-02-13 15:45:04,ocsp.digicert.com
2014-02-13 15:46:04,www.magiccorporation.com
2014-02-13 15:46:11,www.magiccorporation.com
2014-02-13 15:46:12,www.magiccorporation.com
2014-02-13 15:46:13,www.google.com
2014-02-13 15:46:13,www.magiccorporation.com
2014-02-13 15:46:16,www.google.fr
2014-02-13 15:46:17,www.magiccorporation.com
2014-02-13 15:46:18,www.magiccorporation.com
2014-02-13 15:46:18,www.wizards.com
2014-02-13 15:46:28,www.magiccorporation.com
2014-02-13 15:46:29,www.wizards.com
2014-02-13 15:46:31,www.magiccorporation.com
2014-02-13 15:46:32,www.magiccorporation.com
2014-02-13 15:46:37,www.magiccorporation.com
2014-02-13 15:47:51,ocsp.thawte.com
2014-02-13 15:48:51,safebrowsing.clients.google.com
2014-02-13 15:48:51,safebrowsing-cache.google.com
2014-02-13 15:50:25,validator.w3.org
2014-02-13 15:50:25,www.w3.org
2014-02-13 15:50:25,api.flattr.com
2014-02-13 15:50:26,validator.w3.org
2014-02-13 15:50:26,api.flattr.com
2014-02-13 15:50:26,flattr.com
2014-02-13 15:50:26,ocsp.gandi.net
2014-02-13 15:50:26,ocsp.usertrust.com
2014-02-13 15:51:31,validator-suite.w3.org
2014-02-13 15:52:02,www.google.com
2014-02-13 15:52:02,clients1.google.com
2014-02-13 15:52:02,gtglobal-ocsp.geotrust.com
2014-02-13 15:52:09,www.google.fr
2014-02-13 15:52:10,fr.openclassrooms.com
2014-02-13 15:52:10,www.google.com
2014-02-13 15:52:13,www.google.com
2014-02-13 15:52:13,fr.openclassrooms.com
2014-02-13 15:52:14,dnn506yrbagrg.cloudfront.net
2014-02-13 15:52:14,doug1izaerwt3.cloudfront.net
2014-02-13 15:52:16,clients1.google.com
2014-02-13 15:52:16,c1.adform.net
2014-02-13 15:52:16,www.google.com
2014-02-13 15:52:17,clients1.google.com
2014-02-13 15:52:23,fr.openclassrooms.com
2014-02-13 15:52:24,www.google.com
2014-02-13 15:52:24,fr.openclassrooms.com
2014-02-13 15:52:24,dnn506yrbagrg.cloudfront.net
2014-02-13 15:52:24,doug1izaerwt3.cloudfront.net
2014-02-13 15:52:28,its.tradelab.fr
2014-02-13 15:52:28,www.facebook.com
2014-02-13 15:52:43,its.tradelab.fr
2014-02-13 15:52:44,fr.openclassrooms.com
2014-02-13 15:52:44,www.google.com
2014-02-13 15:52:44,doug1izaerwt3.cloudfront.net
2014-02-13 15:52:55,fr.openclassrooms.com
2014-02-13 15:52:55,www.google.com
2014-02-13 15:52:55,doug1izaerwt3.cloudfront.net
2014-02-13 15:52:58,fr.openclassrooms.com
2014-02-13 15:52:59,fr.openclassrooms.com
2014-02-13 15:53:00,fr.openclassrooms.com
2014-02-13 15:53:00,cs.specificclick.net
2014-02-13 15:53:29,www.google.fr
2014-02-13 15:53:29,ocsp.tcs.terena.org
2014-02-13 15:53:30,ocsp.usertrust.com
2014-02-13 15:55:55,clients1.google.com
2014-02-13 15:55:56,www.googleapis.com
2014-02-13 15:55:59,www.google.fr
2014-02-13 15:56:00,fr.wikipedia.org
2014-02-13 15:56:00,bits.wikimedia.org
2014-02-13 15:56:00,login.wikimedia.org
2014-02-13 15:56:01,meta.wikimedia.org
2014-02-13 15:56:01,fr.wikipedia.org
2014-02-13 15:56:01,bits.wikimedia.org
2014-02-13 15:58:40,www.google.com
2014-02-13 15:58:42,www.google.fr
2014-02-13 16:00:28,validator.w3.org
2014-02-13 16:00:29,www.w3.org
2014-02-13 16:00:29,api.flattr.com
2014-02-13 16:00:29,validator.w3.org
2014-02-13 16:00:40,validator.w3.org
2014-02-13 16:00:41,www.w3.org
2014-02-13 16:00:41,api.flattr.com
2014-02-13 16:11:23,www.google.fr
2014-02-13 16:11:24,www.shapeways.com
2014-02-13 16:11:26,platform.twitter.com
2014-02-13 16:11:26,assets.pinterest.com
2014-02-13 16:11:26,www.shapeways.com
2014-02-13 16:12:41,www.google.fr
2014-02-13 16:12:41,www.geeksleague.be
2014-02-13 16:12:44,www.geeksleague.be
2014-02-13 16:12:45,1.gravatar.com
2014-02-13 16:12:45,platform.twitter.com
2014-02-13 16:12:45,www.geeksleague.be
2014-02-13 16:12:46,www.geeksleague.be
2014-02-13 16:12:46,api.pinterest.com
2014-02-13 16:12:47,graph.facebook.com
2014-02-13 16:12:47,platform.twitter.com
2014-02-13 16:12:47,gtssl-ocsp.geotrust.com
2014-02-13 16:12:47,www.geeksleague.be
2014-02-13 16:12:48,www.google.fr
2014-02-13 16:12:48,www.geeksleague.be
2014-02-13 16:12:49,evsecure-ocsp.verisign.com
2014-02-13 16:13:18,ocsp.digicert.com
2014-02-13 16:13:19,twitter.com
2014-02-13 16:13:48,syndication.twitter.com
2014-02-13 16:14:17,www.google.fr
2014-02-13 16:14:18,fr.openclassrooms.com
2014-02-13 16:14:19,doug1izaerwt3.cloudfront.net
2014-02-13 16:14:19,dnn506yrbagrg.cloudfront.net
2014-02-13 16:14:19,www.google.com
2014-02-13 16:14:21,its.tradelab.fr
2014-02-13 16:14:22,rp.gwallet.com
2014-02-13 16:14:22,match.rtbidder.net
2014-02-13 16:14:24,www.facebook.com
2014-02-13 16:14:24,admaym.com
2014-02-13 16:14:25,ce.lijit.com
2014-02-13 16:14:25,s.kau.li
2014-02-13 16:14:25,cs.specificclick.net
2014-02-13 16:14:25,y.one.impact-ad.jp
2014-02-13 16:14:44,pbs.twimg.com
2014-02-13 16:14:45,platform.twitter.com
2014-02-13 16:15:18,syndication.twitter.com
2014-02-13 16:15:20,clients1.google.fr
2014-02-13 16:15:23,its.tradelab.fr
2014-02-13 16:16:40,www.google.com
2014-02-13 16:16:48,syndication.twitter.com
2014-02-13 16:16:58,www.google.fr
2014-02-13 16:17:15,www.googleapis.com
2014-02-13 16:17:29,safebrowsing-cache.google.com
2014-02-13 16:17:29,safebrowsing.clients.google.com
2014-02-13 16:17:30,safebrowsing-cache.google.com
2014-02-13 16:18:18,syndication.twitter.com
2014-02-13 16:19:48,syndication.twitter.com
2014-02-13 16:20:07,fr.openclassrooms.com
2014-02-13 16:20:09,www.google.com
2014-02-13 16:20:10,dnn506yrbagrg.cloudfront.net
2014-02-13 16:20:10,doug1izaerwt3.cloudfront.net
2014-02-13 16:20:11,its.tradelab.fr
2014-02-13 16:20:12,its.tradelab.fr
2014-02-13 16:20:12,rbp.mxptint.net
2014-02-13 16:20:12,apnx-match.dotomi.com
2014-02-13 16:20:23,fr.openclassrooms.com
2014-02-13 16:20:28,www.google.com
2014-02-13 16:20:28,doug1izaerwt3.cloudfront.net
2014-02-13 16:20:37,fr.openclassrooms.com
2014-02-13 16:20:40,um.simpli.fi
2014-02-13 16:20:53,syndication.twitter.com
2014-02-13 16:21:15,fr.openclassrooms.com
2014-02-13 16:21:18,www.google.com
2014-02-13 16:21:19,doug1izaerwt3.cloudfront.net
2014-02-13 16:21:24,pr.ybp.yahoo.com
2014-02-13 16:22:20,syndication.twitter.com
2014-02-13 16:23:49,fr.wikipedia.org
2014-02-13 16:23:49,www.google.fr
2014-02-13 16:23:50,syndication.twitter.com
2014-02-13 16:23:50,bits.wikimedia.org
2014-02-13 16:23:51,meta.wikimedia.org
2014-02-13 16:23:51,fr.wikipedia.org
2014-02-13 16:23:52,meta.wikimedia.org
2014-02-13 16:23:57,fr.wikipedia.org
2014-02-13 16:23:57,www.google.fr
2014-02-13 16:23:58,fr.wikipedia.org
2014-02-13 16:23:58,meta.wikimedia.org
2014-02-13 16:24:16,www.googleapis.com
2014-02-13 16:25:20,syndication.twitter.com
2014-02-13 16:26:39,www.google.com
2014-02-13 16:26:42,www.google.fr
2014-02-13 16:26:50,syndication.twitter.com
2014-02-13 16:28:20,syndication.twitter.com
2014-02-13 16:29:50,syndication.twitter.com
2014-02-13 16:31:20,syndication.twitter.com
2014-02-13 16:33:06,syndication.twitter.com
2014-02-13 16:34:20,syndication.twitter.com
2014-02-13 16:35:50,syndication.twitter.com
2014-02-13 16:37:20,syndication.twitter.com
2014-02-13 16:38:50,syndication.twitter.com
2014-02-13 16:40:20,syndication.twitter.com
2014-02-13 16:41:51,syndication.twitter.com
2014-02-13 16:43:21,syndication.twitter.com
2014-02-13 16:44:28,fr.openclassrooms.com
2014-02-13 16:44:30,doug1izaerwt3.cloudfront.net
2014-02-13 16:44:30,www.google.com
2014-02-13 16:44:33,rubicon-match.dotomi.com
2014-02-13 16:44:34,fr.openclassrooms.com
2014-02-13 16:44:36,www.google.com
2014-02-13 16:44:36,doug1izaerwt3.cloudfront.net
2014-02-13 16:44:39,its.tradelab.fr
2014-02-13 16:44:41,adventori.com
2014-02-13 16:44:41,um.simpli.fi
2014-02-13 16:44:43,ocsp.comodoca.com
2014-02-13 16:44:51,syndication.twitter.com
2014-02-13 16:44:59,pixel2368.everesttech.net
2014-02-13 16:45:24,bits.wikimedia.org
2014-02-13 16:45:24,fr.wikipedia.org
2014-02-13 16:45:25,fr.wikipedia.org
2014-02-13 16:45:25,meta.wikimedia.org
2014-02-13 16:45:26,meta.wikimedia.org
2014-02-13 16:45:39,its.tradelab.fr
2014-02-13 16:46:21,syndication.twitter.com
2014-02-13 16:46:57,safebrowsing.clients.google.com
2014-02-13 16:46:57,safebrowsing-cache.google.com
2014-02-13 16:46:58,safebrowsing-cache.google.com
2014-02-13 16:47:34,www.googleapis.com
2014-02-13 16:47:51,syndication.twitter.com
2014-02-13 16:48:41,validator.w3.org
2014-02-13 16:48:41,api.flattr.com
2014-02-13 16:48:57,validator.w3.org
2014-02-13 16:48:57,api.flattr.com
2014-02-13 16:49:21,syndication.twitter.com
2014-02-13 16:50:51,syndication.twitter.com
2014-02-13 16:51:27,www.google.fr
2014-02-13 16:51:27,r.ccm2.net
2014-02-13 16:51:27,static.ccm2.net
2014-02-13 16:51:27,www.commentcamarche.net
2014-02-13 16:51:27,clients1.google.com
2014-02-13 16:51:27,ba.commentcamarche.net
2014-02-13 16:51:27,www.facebook.com
2014-02-13 16:51:28,static.ccm2.net
2014-02-13 16:51:28,www.facebook.com
2014-02-13 16:51:29,www.facebook.com
2014-02-13 16:51:29,platform.twitter.com
2014-02-13 16:51:30,connect.facebook.net
2014-02-13 16:51:30,www.commentcamarche.net
2014-02-13 16:51:30,platform.twitter.com
2014-02-13 16:51:30,static.ccm2.net
2014-02-13 16:51:30,ba.commentcamarche.net
2014-02-13 16:51:31,www.facebook.com
2014-02-13 16:51:31,static.ccmbg.com
2014-02-13 16:51:31,static.ak.facebook.com
2014-02-13 16:51:32,www.facebook.com
2014-02-13 16:51:32,s-static.ak.facebook.com
2014-02-13 16:51:33,clients1.google.com
2014-02-13 16:51:33,www.facebook.com
2014-02-13 16:51:34,rapidssl-ocsp.geotrust.com
2014-02-13 16:51:34,clients1.google.com
2014-02-13 16:51:34,www.commentcamarche.net
2014-02-13 16:51:34,eulerian.canal-plus.com
2014-02-13 16:52:02,twitter.com
2014-02-13 16:54:20,www.google.com
2014-02-13 16:54:21,ajax.googleapis.com
2014-02-13 16:54:22,www.google.fr
2014-02-13 16:54:27,apis.google.com
2014-02-13 16:54:28,accounts.google.com
2014-02-13 16:58:49,www.google.com
2014-02-13 16:59:02,gtglobal-ocsp.geotrust.com
2014-02-13 16:59:02,clients1.google.com
2014-02-13 16:59:13,clients1.google.com
2014-02-13 16:59:49,www.google.fr
2014-02-13 16:59:51,illiweb.com
2014-02-13 16:59:51,ajax.googleapis.com
2014-02-13 16:59:51,i48.servimg.com
2014-02-13 16:59:51,hitskin.com
2014-02-13 16:59:51,azurhyan.forumgratuit.org
2014-02-13 16:59:52,i48.servimg.com
2014-02-13 16:59:52,r29.imgfast.net
2014-02-13 16:59:52,illiweb.com
2014-02-13 16:59:52,hitskin.com
2014-02-13 16:59:54,illiweb.com
2014-02-13 16:59:55,azurhyan.forumgratuit.org
2014-02-13 17:01:58,www.google.com
2014-02-13 17:02:44,www.google.fr
2014-02-13 17:04:37,api.flattr.com
2014-02-13 17:04:37,validator.w3.org
2014-02-13 17:10:40,www.google.fr
2014-02-13 17:10:41,bits.wikimedia.org
2014-02-13 17:10:41,fr.wikipedia.org
2014-02-13 17:10:42,fr.wikipedia.org
2014-02-13 17:10:42,meta.wikimedia.org
2014-02-13 17:11:29,www.google.fr
2014-02-13 17:11:30,img1.blogblog.com
2014-02-13 17:11:30,malditorol.blogspot.fr
2014-02-13 17:11:30,img2.blogblog.com
2014-02-13 17:11:30,www.blogblog.com
2014-02-13 17:11:30,clients1.google.com
2014-02-13 17:11:30,www.google.com
2014-02-13 17:11:30,2.bp.blogspot.com
2014-02-13 17:11:30,malditorol.blogspot.com
2014-02-13 17:11:31,www.ivoox.com
2014-02-13 17:11:31,2.bp.blogspot.com
2014-02-13 17:11:31,1.bp.blogspot.com
2014-02-13 17:11:31,www.blogblog.com
2014-02-13 17:11:31,www.google.com
2014-02-13 17:11:31,4.bp.blogspot.com
2014-02-13 17:11:32,www.google.com
2014-02-13 17:11:32,www.ivoox.com
2014-02-13 17:11:33,www.google.com
2014-02-13 17:13:00,fr.wikipedia.org
2014-02-13 17:13:01,bits.wikimedia.org
2014-02-13 17:13:02,fr.wikipedia.org
2014-02-13 17:13:02,meta.wikimedia.org
2014-02-13 17:14:17,clients1.google.fr
2014-02-13 17:14:23,www.google.fr
2014-02-13 17:14:29,apis.google.com
2014-02-13 17:14:29,img1.blogblog.com
2014-02-13 17:14:29,www.blogger.com
2014-02-13 17:14:30,accounts.google.com
2014-02-13 17:14:31,www.google.com
2014-02-13 17:14:49,fr.wikipedia.org
2014-02-13 17:16:20,safebrowsing.clients.google.com
2014-02-13 17:16:20,safebrowsing-cache.google.com
2014-02-13 17:30:26,fr.wikipedia.org
2014-02-13 17:30:27,fr.wikipedia.org
2014-02-13 17:30:28,fr.wikipedia.org
2014-02-13 17:30:29,fr.wikipedia.org
2014-02-13 17:30:33,fr.wikipedia.org
2014-02-13 17:30:34,meta.wikimedia.org
2014-02-13 17:30:34,fr.wikipedia.org
2014-02-13 17:30:34,bits.wikimedia.org
2014-02-13 17:30:37,fr.wikipedia.org
2014-02-13 17:30:38,meta.wikimedia.org
2014-02-13 17:30:38,fr.wikipedia.org
2014-02-13 17:30:42,meta.wikimedia.org
2014-02-13 17:30:42,bits.wikimedia.org
2014-02-13 17:30:42,fr.wikipedia.org
2014-02-13 17:30:43,meta.wikimedia.org
2014-02-13 17:31:08,www.google.com
2014-02-13 17:31:40,www.google.fr
2014-02-13 17:31:41,www.cdiscount.com
2014-02-13 17:31:44,d1447tq2m68ekg.cloudfront.net
2014-02-13 17:31:44,logo.flixfacts.co.uk
2014-02-13 17:31:44,www.cdiscount.com
2014-02-13 17:31:45,t.flix360.com
2014-02-13 17:31:45,media.flixcar.com
2014-02-13 17:31:45,metrics.cdiscount.com
2014-02-13 17:31:47,logo.flixfacts.co.uk
2014-02-13 17:31:47,i7.3wregie.com
2014-02-13 17:31:47,media.flixcar.com
2014-02-13 17:31:47,stc.cm.chefjerome.com
2014-02-13 17:31:47,tck.toc.io
2014-02-13 17:31:48,www.google.fr
2014-02-13 17:31:48,www.google.com
2014-02-13 17:31:48,media.flixcar.com
2014-02-13 17:31:48,www.cdiscount.com
2014-02-13 17:31:48,metrics.cdiscount.com
2014-02-13 17:31:48,media.flixfacts.com
2014-02-13 17:31:49,www.cdiscount.com
2014-02-13 17:31:49,www.effiliation-hebergement.com
2014-02-13 17:31:50,ea.numericable.fr
2014-02-13 17:31:51,www.effiliation-hebergement.com
2014-02-13 17:31:52,cdlc.iadvize.com
2014-02-13 17:31:53,cdlc.iadvize.com
2014-02-13 17:31:53,rapidssl-ocsp.geotrust.com
2014-02-13 17:31:54,cdlc.iadvize.com
2014-02-13 17:31:54,ws-cdi.web-boosting.net
2014-02-13 17:31:54,fstatic.iadvize.com
2014-02-13 17:31:55,www.cdiscount.com
2014-02-13 17:32:30,cdlc.iadvize.com
2014-02-13 17:33:03,cdlc.iadvize.com
2014-02-13 17:33:05,cdlc.iadvize.com
2014-02-13 17:34:05,cdlc.iadvize.com
2014-02-13 17:34:07,www.google.com
2014-02-13 17:34:32,clients1.google.fr
2014-02-13 17:34:33,www.google.fr
2014-02-13 17:34:40,cdlc.iadvize.com
2014-02-13 17:35:15,cdlc.iadvize.com
2014-02-13 17:35:50,cdlc.iadvize.com
2014-02-13 17:36:25,cdlc.iadvize.com
2014-02-13 17:37:01,cdlc.iadvize.com
2014-02-13 17:37:36,cdlc.iadvize.com
2014-02-13 17:38:36,cdlc.iadvize.com
2014-02-13 17:39:12,cdlc.iadvize.com
2014-02-13 17:39:47,cdlc.iadvize.com
2014-02-13 17:40:11,ocsp.usertrust.com
2014-02-13 17:40:11,ocsp.tcs.terena.org
2014-02-13 17:40:22,cdlc.iadvize.com
2014-02-13 17:40:57,cdlc.iadvize.com
2014-02-13 17:41:32,cdlc.iadvize.com
2014-02-18 15:56:25,www.google.com
2014-02-18 15:56:25,clients1.google.com
2014-02-18 15:56:30,www.google.com
2014-02-18 15:56:30,clients1.google.com
2014-02-18 15:56:30,gtglobal-ocsp.geotrust.com
2014-02-18 15:56:31,ocsp.tcs.terena.org
2014-02-18 15:56:31,ocsp.usertrust.com
2014-02-18 15:56:31,ocsp.comodoca.com
2014-02-18 15:56:47,player.vimeo.com
2014-02-18 15:57:45,www.google.com
2014-02-18 16:10:45,fxfeeds.mozilla.com
2014-02-18 16:10:45,newsrss.bbc.co.uk
2014-02-18 16:10:45,feeds.bbci.co.uk
2014-02-18 16:28:55,www.oracle.com
2014-02-18 16:28:55,docs.oracle.com
2014-02-18 16:28:56,docs.oracle.com
2014-02-18 16:29:22,docs.oracle.com
2014-02-18 16:29:46,docs.oracle.com
2014-02-18 16:41:46,www.google.com
2014-02-18 16:41:46,clients1.google.com
2014-02-18 16:41:49,www.google.com
2014-02-18 16:47:28,www.google.com
2014-02-18 16:47:28,clients1.google.com
2014-02-18 16:47:29,www.google.com
2014-02-18 16:47:30,clients1.google.com
2014-02-18 16:47:31,www.google.com
2014-02-18 16:47:31,b.kostrzewa.free.fr
2014-02-18 17:17:10,www.google.com
2014-02-18 17:17:11,clients1.google.com
2014-02-18 17:17:12,www.google.com
2014-02-18 17:17:13,fr.openclassrooms.com
2014-02-18 17:17:13,www.google.com
2014-02-18 17:17:13,doug1izaerwt3.cloudfront.net
2014-02-18 17:17:14,fr.openclassrooms.com
2014-02-18 17:17:14,www.google.com
2014-02-18 17:17:14,clients1.google.com
2014-02-18 17:17:15,dnn506yrbagrg.cloudfront.net
2014-02-18 17:17:15,gtglobal-ocsp.geotrust.com
2014-02-18 17:17:17,fr.openclassrooms.com
2014-02-18 17:17:18,fr.openclassrooms.com
2014-02-18 17:17:18,www.google.com
2014-02-18 17:17:18,doug1izaerwt3.cloudfront.net
2014-02-18 17:17:23,dnn506yrbagrg.cloudfront.net
2014-02-18 17:17:23,www.google.com
2014-02-18 17:17:24,www.google.com
2014-02-18 17:17:24,clients1.google.com
2014-02-18 17:17:27,fr.openclassrooms.com
2014-02-18 17:17:45,fr.openclassrooms.com
2014-02-18 17:17:46,www.google.com
2014-02-18 17:17:46,fr.openclassrooms.com
2014-02-18 17:17:46,doug1izaerwt3.cloudfront.net
2014-02-18 17:17:50,um.simpli.fi
2014-02-18 17:17:51,pr.ybp.yahoo.com
2014-02-18 17:17:52,fr.openclassrooms.com
2014-02-18 17:17:57,fr.openclassrooms.com
2014-02-18 17:18:24,www.google.com
2014-02-18 17:18:24,fr.openclassrooms.com
2014-02-18 17:18:25,doug1izaerwt3.cloudfront.net
2014-02-18 17:18:26,fr.openclassrooms.com
2014-02-18 17:18:30,c1.adform.net
2014-02-18 17:18:30,rbp.mxptint.net
2014-02-18 17:18:31,rp.gwallet.com
2014-02-18 17:18:33,banniere.reussissonsensemble.fr
2014-02-18 17:22:25,www.googleapis.com
2014-02-18 17:23:37,ocsp.usertrust.com
2014-02-18 17:23:37,ocsp.comodoca.com
2014-02-18 17:23:37,ocsp.tcs.terena.org
2014-02-18 17:23:41,player.vimeo.com
2014-02-27 15:50:54,ocsp.thawte.com
2014-02-27 15:51:31,safebrowsing-cache.google.com
2014-02-27 15:51:31,safebrowsing.clients.google.com
2014-02-27 15:51:32,safebrowsing-cache.google.com
2014-02-27 15:51:33,safebrowsing-cache.google.com
2014-02-27 15:51:34,safebrowsing-cache.google.com
2014-02-27 15:52:29,gtssl-ocsp.geotrust.com
2014-02-27 15:55:53,www.alsacreations.com
2014-02-27 15:55:56,www.alsacreations.com
2014-02-27 15:55:56,forum.alsacreations.com
2014-02-27 15:55:57,www.alsacreations.com
2014-02-27 15:55:57,ajax.googleapis.com
2014-02-27 15:56:02,www.alsacreations.com
2014-02-27 15:56:19,www.alsacreations.com
2014-02-27 15:56:33,www.alsacreations.com
2014-02-27 15:56:33,www.google.com
2014-02-27 15:56:44,clients1.google.com
2014-02-27 15:56:44,gtglobal-ocsp.geotrust.com
2014-02-27 15:56:58,ocsp.digicert.com
2014-02-27 15:57:05,ocsp.digicert.com
2014-02-27 15:57:06,ocsp.digicert.com
2014-02-27 15:57:12,clients1.google.com
2014-02-27 15:57:13,ocsp.digicert.com
2014-02-27 15:57:19,github.global.ssl.fastly.net
2014-02-27 15:57:21,github.global.ssl.fastly.net
2014-02-27 15:57:23,github.com
2014-02-27 15:57:36,github.com
2014-02-27 15:58:18,github.com
2014-02-27 15:58:20,identicons.github.com
2014-02-27 15:58:37,ocsp.verisign.com
2014-02-27 15:59:15,ocsp.verisign.com
2014-02-27 16:00:03,2.gravatar.com
2014-02-27 16:00:03,1.gravatar.com
2014-02-27 16:00:03,0.gravatar.com
2014-02-27 16:00:05,2.gravatar.com
2014-02-27 16:00:37,ocsp.digicert.com
2014-03-04 15:47:22,gtglobal-ocsp.geotrust.com
2014-03-04 15:47:22,clients1.google.com
2014-03-04 15:47:23,ocsp.thawte.com
2014-03-04 15:50:16,sb-ssl.google.com
2014-03-04 15:51:55,safebrowsing.clients.google.com
2014-03-04 15:51:55,safebrowsing-cache.google.com
2014-03-04 15:54:49,ocsp.verisign.com
2014-03-04 15:56:49,ocsp.digicert.com
2014-03-04 15:59:56,gtssl-ocsp.geotrust.com
2014-03-04 16:01:45,www.google.com
2014-03-04 16:01:46,www.google.com
2014-03-04 16:01:46,clients1.google.com
2014-03-04 16:02:28,www.google.fr
2014-03-04 16:02:29,fr.openclassrooms.com
2014-03-04 16:02:30,doug1izaerwt3.cloudfront.net
2014-03-04 16:02:30,dnn506yrbagrg.cloudfront.net
2014-03-04 16:02:30,fr.openclassrooms.com
2014-03-04 16:02:30,www.google.com
2014-03-04 16:02:31,www.google.com
2014-03-04 16:02:31,fr.openclassrooms.com
2014-03-04 16:02:32,www.google.com
2014-03-04 16:02:33,www.google.com
2014-03-04 16:02:38,clients1.google.com
2014-03-04 16:02:40,ocsp.verisign.com
2014-03-04 16:02:41,ad.publicidees.com
2014-03-04 16:02:41,ce.lijit.com
2014-03-04 16:02:41,www.facebook.com
2014-03-04 16:02:42,ocsp.verisign.com
2014-03-04 16:02:44,fr.openclassrooms.com
2014-03-04 16:02:45,www.google.com
2014-03-04 16:02:46,fr.openclassrooms.com
2014-03-04 16:02:47,fr.openclassrooms.com
2014-03-04 16:02:47,dnn506yrbagrg.cloudfront.net
2014-03-04 16:02:47,doug1izaerwt3.cloudfront.net
2014-03-04 16:02:51,www.google.com
2014-03-04 16:02:53,fr.openclassrooms.com
2014-03-04 16:02:59,dps.bing.com
2014-03-04 16:05:19,apis.google.com
2014-03-04 16:05:20,www.google.com
2014-03-04 16:05:21,www.google.fr
2014-03-04 16:05:43,www.facebook.com
2014-03-04 16:05:47,www.googleapis.com
2014-03-04 16:05:55,fr.openclassrooms.com
2014-03-04 16:05:57,fr.openclassrooms.com
2014-03-04 16:05:58,www.google.com
2014-03-04 16:06:02,doug1izaerwt3.cloudfront.net
2014-03-04 16:06:04,www.google.com
2014-03-04 16:09:02,www.googleapis.com
2014-03-04 16:18:57,www.squid-cache.org
2014-03-04 16:19:00,www.google.com
2014-03-04 16:19:03,clients1.google.com
2014-03-04 16:19:03,mail.google.com
2014-03-04 16:19:03,www.google.fr
2014-03-04 16:19:04,clients1.google.com
2014-03-04 16:19:05,clients1.google.com
2014-03-04 16:19:09,clients1.google.com
2014-03-04 16:20:35,safebrowsing-cache.google.com
2014-03-04 16:20:35,safebrowsing.clients.google.com
2014-03-04 16:20:36,safebrowsing-cache.google.com
2014-03-04 16:21:59,accounts.youtube.com
2014-03-04 16:21:59,www.google.fr
2014-03-04 16:22:00,mail.google.com
2014-03-04 16:22:04,www.google.com
2014-03-04 16:22:11,accounts.google.com
2014-03-04 16:24:32,ocsp.tcs.terena.org
2014-03-04 16:24:33,ocsp.usertrust.com
2014-03-04 16:27:59,www.google.fr
2014-03-04 16:28:00,fr.openclassrooms.com
2014-03-04 16:28:02,doug1izaerwt3.cloudfront.net
2014-03-04 16:28:02,dnn506yrbagrg.cloudfront.net
2014-03-04 16:28:02,www.google.com
2014-03-04 16:28:07,www.google.com
2014-03-04 16:28:08,cs.specificclick.net
2014-03-04 16:28:11,c1.adform.net
2014-03-04 16:28:13,apnx-match.dotomi.com
2014-03-04 16:28:20,cm.adgrx.com
2014-03-04 16:28:20,apnx-match.dotomi.com
2014-03-04 16:29:48,clients1.google.com
2014-03-04 16:31:03,www.googleapis.com
2014-03-04 16:33:08,www.google.fr
2014-03-04 16:33:10,accounts.youtube.com
2014-03-04 16:33:10,mail.google.com
2014-03-04 16:33:11,accounts.google.com
2014-03-04 16:33:12,www.google.com
2014-03-04 16:49:31,safebrowsing-cache.google.com
2014-03-04 16:49:31,safebrowsing.clients.google.com
2014-03-04 16:49:32,safebrowsing-cache.google.com
2014-03-04 17:02:14,www.google.com
2014-03-04 17:02:31,jigsaw.w3.org
2014-03-04 17:02:31,www.w3.org
2014-03-04 17:02:32,api.flattr.com
2014-03-04 17:02:32,jigsaw.w3.org
2014-03-04 17:02:32,www.w3.org
2014-03-04 17:02:33,jigsaw.w3.org
2014-03-04 17:02:33,api.flattr.com
2014-03-04 17:02:33,flattr.com
2014-03-04 17:02:35,validator.w3.org
2014-03-04 17:02:36,ocsp.gandi.net
2014-03-04 17:02:36,www.w3.org
2014-03-04 17:02:36,validator.w3.org
2014-03-04 17:02:37,validator.w3.org
2014-03-04 17:02:37,api.flattr.com
2014-03-04 17:02:37,jigsaw.w3.org
2014-03-04 17:02:52,validator.w3.org
2014-03-04 17:02:52,api.flattr.com
2014-03-04 17:03:12,jigsaw.w3.org
2014-03-04 17:03:12,api.flattr.com
2014-03-04 17:03:41,validator-suite.w3.org
2014-03-04 17:08:40,gtglobal-ocsp.geotrust.com
2014-03-04 17:08:40,clients1.google.com
2014-03-04 17:08:45,www.google.fr
2014-03-04 17:08:45,www.startyourdev.com
2014-03-04 17:08:46,www.startyourdev.com
2014-03-04 17:08:46,www.google.com
2014-03-04 17:08:46,clients1.google.com
2014-03-04 17:09:10,www.google.fr
2014-03-04 17:09:10,xhtml.le-developpeur-web.com
2014-03-04 17:09:11,xhtml.le-developpeur-web.com
2014-03-04 17:09:11,www.w3.org
2014-03-04 17:09:11,www.le-developpeur-web.com
2014-03-04 17:09:18,www.google.fr
2014-03-04 17:09:19,www.assoc-amazon.fr
2014-03-04 17:09:19,search.aliasdmc.fr
2014-03-04 17:09:19,www.aliasdmc.fr
2014-03-04 17:09:19,www.aliasdmc.com
2014-03-04 17:09:19,ws.assoc-amazon.fr
2014-03-04 17:09:19,www.zonecss.fr
2014-03-04 17:09:19,zoneflashmx.free.fr
2014-03-04 17:09:20,rapidssl-ocsp.geotrust.com
2014-03-04 17:09:20,static.aliasdmc.fr
2014-03-04 17:09:20,www.maxicheque.com
2014-03-04 17:09:20,www.facebook.com
2014-03-04 17:09:20,www.aliasdmc.fr
2014-03-04 17:09:20,ecx.images-amazon.com
2014-03-04 17:09:21,apis.google.com
2014-03-04 17:09:39,www.google.fr
2014-03-04 17:09:39,www.commentcamarche.net
2014-03-04 17:09:39,static.ccm2.net
2014-03-04 17:09:39,r.ccmbg.com
2014-03-04 17:09:39,ba.commentcamarche.net
2014-03-04 17:09:39,clients1.google.com
2014-03-04 17:09:40,evsecure-ocsp.verisign.com
2014-03-04 17:09:40,platform.twitter.com
2014-03-04 17:09:40,pixel.alephd.com
2014-03-04 17:09:40,ba.commentcamarche.net
2014-03-04 17:09:40,static.ccm2.net
2014-03-04 17:09:40,www.facebook.com
2014-03-04 17:09:41,loadr.exelator.com
2014-03-04 17:09:41,ea.virginmobile.fr
2014-03-04 17:09:41,platform.twitter.com
2014-03-04 17:09:41,pixel.alephd.com
2014-03-04 17:09:41,www.facebook.com
2014-03-04 17:09:42,static.ccm2.net
2014-03-04 17:09:42,www.facebook.com
2014-03-04 17:09:42,platform.twitter.com
2014-03-04 17:09:42,www.commentcamarche.net
2014-03-04 17:09:42,static.ccmbg.com
2014-03-04 17:09:42,pixel.alephd.com
2014-03-04 17:09:42,static.ak.facebook.com
2014-03-04 17:09:42,connect.facebook.net
2014-03-04 17:09:42,ba.commentcamarche.net
2014-03-04 17:09:42,hal9000.redintelligence.net
2014-03-04 17:09:43,pixel.alephd.com
2014-03-04 17:09:43,gtssl-ocsp.geotrust.com
2014-03-04 17:09:43,hal9000.redintelligence.net
2014-03-04 17:09:43,n35.hal9000.redintelligence.net
2014-03-04 17:09:44,ea.numericable.fr
2014-03-04 17:09:44,ocsp.comodoca.com
2014-03-04 17:09:44,ocsp.usertrust.com
2014-03-04 17:09:45,www.commentcamarche.net
2014-03-04 17:09:46,pixel.alephd.com
2014-03-04 17:09:48,ocsp.comodoca.com
2014-03-04 17:09:49,um.simpli.fi
2014-03-04 17:09:49,adventori.com
2014-03-04 17:10:03,pixel2368.everesttech.net
2014-03-04 17:10:12,twitter.com
2014-03-04 17:11:37,www.google.com
2014-03-04 17:11:37,s-static.ak.facebook.com
2014-03-04 17:11:38,www.google.fr
2014-03-04 17:11:54,www.lehtml.com
2014-03-04 17:11:54,www.google.fr
2014-03-04 17:11:55,www.lehtml.com
2014-03-04 17:12:35,ajax.googleapis.com
2014-03-04 17:12:36,apis.google.com
2014-03-04 17:12:37,accounts.google.com
2014-03-04 17:12:43,www.facebook.com
2014-03-04 17:14:48,www.google.fr
2014-03-04 17:17:37,safebrowsing.clients.google.com
2014-03-04 17:17:37,safebrowsing-cache.google.com
2014-03-04 17:24:35,api.flattr.com
2014-03-04 17:24:36,jigsaw.w3.org
2014-03-04 17:24:39,validator.w3.org
2014-03-04 17:24:42,api.flattr.com
2014-03-04 17:24:48,validator.w3.org
2014-03-04 17:24:49,api.flattr.com
2014-03-04 17:24:49,validator.w3.org
2014-03-04 17:25:13,validator.w3.org
2014-03-04 17:25:14,api.flattr.com
2014-03-04 17:25:27,www.w3.org
2014-03-04 17:25:27,validator.w3.org
2014-03-04 17:25:28,api.flattr.com
2014-03-04 17:27:40,openweb.eu.org
2014-03-04 17:27:40,www.google.fr
2014-03-04 17:27:41,openweb.eu.org
2014-03-04 17:30:18,www.google.fr
2014-03-04 17:30:18,rcm-fr.amazon.fr
2014-03-04 17:30:18,ecx.images-amazon.com
2014-03-04 17:30:18,www.toutjavascript.com
2014-03-04 17:30:22,clients1.google.com
2014-03-04 17:30:23,rcm-fr.amazon.fr
2014-03-04 17:30:25,rcm-fr.amazon.fr
2014-03-04 17:30:25,www.toutjavascript.com
2014-03-04 17:32:07,ocsp.usertrust.com
2014-03-04 17:32:07,ocsp.tcs.terena.org
2014-03-17 13:35:23,clients1.google.com
2014-03-17 13:35:23,gtglobal-ocsp.geotrust.com
2014-03-17 13:35:23,ocsp.thawte.com
2014-03-17 13:35:29,www.google.com
2014-03-17 13:35:30,www.google.com
2014-03-17 13:35:31,clients1.google.com
2014-03-17 13:35:34,www.google.fr
2014-03-17 13:35:35,ocsp.tcs.terena.org
2014-03-17 13:35:35,clients1.google.com
2014-03-17 13:35:35,ocsp.usertrust.com
2014-03-17 13:38:18,sb-ssl.google.com
2014-03-17 13:38:28,www.google.com
2014-03-17 13:38:28,apis.google.com
2014-03-17 13:38:30,www.google.fr
2014-03-17 13:39:27,safebrowsing.clients.google.com
2014-03-17 13:39:27,safebrowsing-cache.google.com
2014-03-17 13:42:53,ocsp.verisign.com
2014-03-17 13:44:53,ocsp.digicert.com
2014-03-17 13:46:31,www.google.com
2014-03-17 13:46:32,www.google.com
2014-03-17 13:46:41,www.google.fr
2014-03-17 13:46:42,www.google.com
2014-03-17 13:46:42,www.developpez.net
2014-03-17 13:46:42,ajax.googleapis.com
2014-03-17 13:46:43,www.developpez.net
2014-03-17 13:46:44,www.facebook.com
2014-03-17 13:49:35,www.google.com
2014-03-17 13:49:37,www.google.fr
2014-03-17 14:04:42,www.google.com
2014-03-17 14:05:06,static.ccm2.net
2014-03-17 14:05:06,www.commentcamarche.net
2014-03-17 14:05:06,www.google.fr
2014-03-17 14:05:06,ba.commentcamarche.net
2014-03-17 14:05:06,r.ccmbg.com
2014-03-17 14:05:07,ba.commentcamarche.net
2014-03-17 14:05:07,www.facebook.com
2014-03-17 14:05:07,static.ccm2.net
2014-03-17 14:05:07,platform.twitter.com
2014-03-17 14:05:08,s-static.ak.facebook.com
2014-03-17 14:05:08,static.ak.facebook.com
2014-03-17 14:05:08,evsecure-ocsp.verisign.com
2014-03-17 14:05:08,connect.facebook.net
2014-03-17 14:05:08,ba.commentcamarche.net
2014-03-17 14:05:08,clients1.google.com
2014-03-17 14:05:08,loadr.exelator.com
2014-03-17 14:05:09,ba.commentcamarche.net
2014-03-17 14:05:09,static.ccm2.net
2014-03-17 14:05:09,static.ccmbg.com
2014-03-17 14:05:09,www.facebook.com
2014-03-17 14:05:09,platform.twitter.com
2014-03-17 14:05:09,pixel.alephd.com
2014-03-17 14:05:10,gtssl-ocsp.geotrust.com
2014-03-17 14:05:10,www.commentcamarche.net
2014-03-17 14:05:11,www.commentcamarche.net
2014-03-17 14:05:12,adventori.com
2014-03-17 14:05:12,apnx-match.dotomi.com
2014-03-17 14:05:13,cm.adgrx.com
2014-03-17 14:05:39,twitter.com
2014-03-17 14:07:54,www.google.com
2014-03-17 14:08:00,www.google.fr
2014-03-17 14:08:03,ajax.googleapis.com
2014-03-17 14:09:18,www.google.com
2014-03-17 14:09:23,safebrowsing.clients.google.com
2014-03-17 14:09:23,safebrowsing-cache.google.com
2014-03-17 14:09:24,safebrowsing-cache.google.com
2014-03-17 14:09:25,safebrowsing-cache.google.com
2014-03-17 14:09:26,www.google.fr
2014-03-17 14:09:27,www.google.fr
2014-03-17 14:09:28,www.asciitable.com
2014-03-17 14:09:29,www.asciitable.com
2014-03-17 14:09:29,www.bluehost.com
2014-03-17 14:09:30,www.google.com
2014-03-17 14:09:30,www.asciitable.com
2014-03-17 14:09:30,hal9000.redintelligence.net
2014-03-17 14:09:30,img.bluehost.com
2014-03-17 14:09:42,www.table-ascii.com
2014-03-17 14:09:42,www.google.fr
2014-03-17 14:09:43,clients1.google.com
2014-03-17 14:09:43,www.google.com
2014-03-17 14:09:43,hal9000.redintelligence.net
2014-03-17 14:09:44,hal9000.redintelligence.net
2014-03-17 14:09:44,www.prizee.com
2014-03-17 14:09:44,banniere.reussissonsensemble.fr
2014-03-17 14:09:44,www.google.com
2014-03-17 14:09:44,clients1.google.com
2014-03-17 14:09:45,banniere.reussissonsensemble.fr
2014-03-17 14:09:45,data.atlasformen.fr
2014-03-17 14:09:45,ea.numericable.fr
2014-03-17 14:12:15,www.google.com
2014-03-17 14:12:20,clients1.google.fr
2014-03-17 14:12:35,www.google.fr
2014-03-17 14:12:37,apis.google.com
2014-03-17 14:12:39,accounts.google.com
2014-03-17 14:18:17,www.google.com
2014-03-17 14:18:27,r.ccm2.net
2014-03-17 14:18:27,ba.commentcamarche.net
2014-03-17 14:18:27,www.commentcamarche.net
2014-03-17 14:18:27,www.google.fr
2014-03-17 14:18:27,static.ccm2.net
2014-03-17 14:18:28,static.ccm2.net
2014-03-17 14:18:28,www.facebook.com
2014-03-17 14:18:29,ba.commentcamarche.net
2014-03-17 14:18:30,pixel.alephd.com
2014-03-17 14:18:31,s-static.ak.facebook.com
2014-03-17 14:18:31,ba.commentcamarche.net
2014-03-17 14:18:31,www.facebook.com
2014-03-17 14:18:31,static.ak.facebook.com
2014-03-17 14:18:32,www.facebook.com
2014-03-17 14:18:33,ea.virginmobile.fr
2014-03-17 14:18:33,www.facebook.com
2014-03-17 14:18:38,bright.bncnt.com
2014-03-17 14:18:38,c1.adform.net
2014-03-17 14:18:46,www.developpez.net
2014-03-17 14:18:47,www.google.com
2014-03-17 14:18:47,www.developpez.net
2014-03-17 14:18:48,www.developpez.net
2014-03-17 14:18:49,www.developpez.net
2014-03-17 14:18:51,ocsp.thawte.com
2014-03-17 14:18:51,www.facebook.com
2014-03-17 14:18:51,um.simpli.fi
2014-03-17 14:18:51,www.developpez.net
2014-03-17 14:18:53,ocsp.comodoca.com
2014-03-17 14:19:02,www.java2s.com
2014-03-17 14:19:02,www.developpez.net
2014-03-17 14:19:02,twitter.com
2014-03-17 14:19:03,www.google.com
2014-03-17 14:19:03,www.java2s.com
2014-03-17 14:19:09,pixel2368.everesttech.net
2014-03-17 14:19:22,codes-sources.commentcamarche.net
2014-03-17 14:19:22,static.ccm2.net
2014-03-17 14:19:22,r.ccmbg.com
2014-03-17 14:19:22,ba.commentcamarche.net
2014-03-17 14:19:22,www.google.fr
2014-03-17 14:19:23,ba.commentcamarche.net
2014-03-17 14:19:23,static.ccm2.net
2014-03-17 14:19:24,static.ccm2.net
2014-03-17 14:19:24,ba.commentcamarche.net
2014-03-17 14:19:26,ba.commentcamarche.net
2014-03-17 14:19:26,static.ccm2.net
2014-03-17 14:19:26,r.ccmbg.com
2014-03-17 14:19:28,static.ccm2.net
2014-03-17 14:19:30,r.ccmbg.com
2014-03-17 14:19:30,platform.twitter.com
2014-03-17 14:19:30,codes-sources.commentcamarche.net
2014-03-17 14:19:31,www.facebook.com
2014-03-17 14:19:31,static.ak.facebook.com
2014-03-17 14:19:31,platform.twitter.com
2014-03-17 14:19:31,s-static.ak.facebook.com
2014-03-17 14:19:33,platform.twitter.com
2014-03-17 14:19:34,platform.twitter.com
2014-03-17 14:19:34,www.linkedin.com
2014-03-17 14:19:35,ocsp.verisign.com
2014-03-17 14:20:04,twitter.com
2014-03-17 14:21:19,www.google.com
2014-03-17 14:21:23,www.google.fr
2014-03-17 14:21:31,platform.twitter.com
2014-03-17 14:22:19,ajax.googleapis.com
2014-03-17 14:22:29,apis.google.com
2014-03-17 14:22:30,accounts.google.com
2014-03-17 14:38:45,safebrowsing.clients.google.com
2014-03-17 14:38:46,safebrowsing-cache.google.com
2014-03-17 14:38:47,safebrowsing-cache.google.com
2014-03-17 14:45:00,www.google.com
2014-03-17 14:45:01,www.google.com
2014-03-17 14:45:02,www.google.com
2014-03-17 14:45:05,gtglobal-ocsp.geotrust.com
2014-03-17 14:45:05,clients1.google.com
2014-03-17 14:45:27,www.google.fr
2014-03-17 14:45:28,forum.hardware.fr
2014-03-17 14:45:29,forum.hardware.fr
2014-03-17 14:45:29,wtpn.twenga.fr
2014-03-17 14:45:29,forum-images.hardware.fr
2014-03-17 14:45:29,script.affilizr.com
2014-03-17 14:45:31,forum-images.hardware.fr
2014-03-17 14:45:37,wtpn.twenga.fr
2014-03-17 14:45:38,fr.primary.affinitad.com
2014-03-17 14:45:39,wtpn.twenga.fr
2014-03-17 14:45:40,rbx-cdn-tpn.c4tw.net
2014-03-17 14:45:42,forum.hardware.fr
2014-03-17 14:45:42,rbx-cdn-tpn.c4tw.net
2014-03-17 14:45:42,i10.twenga.com
2014-03-17 14:45:42,i11.twenga.com
2014-03-17 14:48:16,www.google.com
2014-03-17 14:48:22,www.google.fr
2014-03-17 14:48:36,ajax.googleapis.com
2014-03-17 15:08:22,safebrowsing.clients.google.com
2014-03-17 15:08:22,safebrowsing-cache.google.com
2014-03-17 15:08:23,safebrowsing-cache.google.com
2014-03-17 15:17:12,www.google.com
2014-03-17 15:17:28,www.google.fr
2014-03-17 15:17:30,fr.openclassrooms.com
2014-03-17 15:17:31,fr.openclassrooms.com
2014-03-17 15:17:33,fr.openclassrooms.com
2014-03-17 15:17:43,www.google.com
2014-03-17 15:17:46,fr.openclassrooms.com
2014-03-17 15:17:49,doug1izaerwt3.cloudfront.net
2014-03-17 15:17:49,dnn506yrbagrg.cloudfront.net
2014-03-17 15:17:55,www.google.com
2014-03-17 15:17:55,fr.openclassrooms.com
2014-03-17 15:17:57,fr.openclassrooms.com
2014-03-17 15:18:02,fr.openclassrooms.com
2014-03-17 15:18:04,www.google.com
2014-03-17 15:18:06,fr.openclassrooms.com
2014-03-17 15:18:11,fr.openclassrooms.com
2014-03-17 15:18:12,fr.openclassrooms.com
2014-03-17 15:18:15,fr.openclassrooms.com
2014-03-17 15:18:16,fr.openclassrooms.com
2014-03-17 15:18:18,fr.openclassrooms.com
2014-03-17 15:18:19,fr.openclassrooms.com
2014-03-17 15:18:21,clients1.google.com
2014-03-17 15:20:15,www.google.com
2014-03-17 15:20:22,www.google.fr
2014-03-17 15:21:20,www.googleapis.com
2014-03-19 08:24:38,go.microsoft.com
2014-03-19 08:24:39,www.iegallery.com
2014-03-19 08:24:40,www.iegallery.com
2014-03-19 09:19:36,www.bing.com
2014-03-19 09:19:37,www.bing.com
2014-03-19 09:19:38,www.bing.com
2014-03-19 09:19:39,cms.abmr.net
2014-03-19 09:19:39,login.live.com
2014-03-19 09:19:39,www.bing.com
2014-03-19 09:20:12,api.bing.com
2014-03-19 09:20:13,api.bing.com
2014-03-19 09:20:15,api.bing.com
2014-03-19 09:20:16,api.bing.com
2014-03-19 09:20:17,api.bing.com
2014-03-19 09:20:19,www.bing.com
2014-03-19 09:20:20,www.bing.com
2014-03-19 09:20:22,www.bing.com
2014-03-19 09:20:23,www.bing.com
2014-03-19 09:20:24,www.bing.com
2014-03-19 09:20:24,fr.wikipedia.org
2014-03-19 09:20:24,bits.wikimedia.org
2014-03-19 09:20:25,login.wikimedia.org
2014-03-19 09:20:25,bits.wikimedia.org
2014-03-19 09:20:26,fr.wikipedia.org
2014-03-19 09:20:26,meta.wikimedia.org
2014-03-19 09:20:26,bits.wikimedia.org
2014-03-19 09:20:27,bits.wikimedia.org
2014-03-19 09:20:27,fr.wikipedia.org
2014-03-19 09:20:35,www.bing.com
2014-03-19 09:20:36,login.live.com
2014-03-19 09:20:37,login.live.com
2014-03-19 09:20:46,www.bing.com
2014-03-19 09:20:46,en.wikipedia.org
2014-03-19 09:20:46,bits.wikimedia.org
2014-03-19 09:20:46,login.wikimedia.org
2014-03-19 09:20:47,meta.wikimedia.org
2014-03-19 09:20:47,bits.wikimedia.org
2014-03-19 09:20:47,en.wikipedia.org
2014-03-19 09:20:51,ssl.bing.com
2014-04-16 08:30:16,ieonline.microsoft.com
2014-04-16 09:12:03,www.bing.com
2014-04-16 09:12:04,www.bing.com
2014-04-16 09:12:04,cms.abmr.net
2014-04-16 09:12:05,www.bing.com
2014-04-16 09:12:06,www.bing.com
2014-04-16 09:12:09,www.bing.com
2014-04-16 09:12:10,www.bing.com
2014-04-16 09:12:11,www.bing.com
2014-04-16 09:12:12,www.bing.com
2014-04-16 09:12:12,www.google.fr
2014-04-16 09:12:18,www.google.fr
2014-04-16 09:12:28,www.google.fr
2014-04-16 09:12:29,www.google.fr
2014-04-16 09:12:32,www.google.com
2014-04-16 09:12:35,apis.google.com
2014-04-16 09:12:35,www.google.com
2014-04-16 09:12:35,www.google.fr
2014-04-16 09:12:40,clients1.google.com
2014-04-16 09:12:40,gtglobal-ocsp.geotrust.com
2014-04-16 09:12:40,www.google.com
2014-04-16 09:12:49,clients1.google.com
2014-04-16 09:12:52,www.google.fr
2014-04-16 09:12:53,inside-r.org
2014-04-16 09:12:53,www.inside-r.org
2014-04-16 09:12:54,224-fmr-259.mktoresp.com
2014-04-16 09:13:40,gtssl-ocsp.geotrust.com
2014-04-16 09:15:46,www.google.fr
2014-04-16 09:15:46,www.google.com
2014-04-16 09:15:46,apis.google.com
2014-04-16 09:16:35,safebrowsing.clients.google.com
2014-04-16 09:16:35,safebrowsing-cache.google.com
2014-04-16 09:18:37,ocsp.thawte.com
2014-04-16 09:19:30,sb-ssl.google.com
2014-04-16 09:20:37,ocsp.verisign.com
2014-04-16 09:22:37,ocsp.digicert.com
2014-04-16 09:48:27,safebrowsing-cache.google.com
2014-04-16 09:48:27,safebrowsing.clients.google.com
2014-04-16 09:54:32,www.google.com
2014-04-16 09:54:35,www.google.fr
2014-04-16 09:54:36,ocsp.tcs.terena.org
2014-04-16 09:54:36,ocsp.usertrust.com
2014-04-16 09:54:36,clients1.google.com
2014-04-16 09:55:49,www.google.fr
2014-04-16 09:55:49,www.google.com
2014-04-24 15:51:05,clients1.google.com
2014-04-24 15:51:05,gtglobal-ocsp.geotrust.com
2014-04-24 15:51:05,ocsp.thawte.com
2014-04-24 15:51:10,sci.sciences.univ-bpclermont.fr
2014-04-24 15:51:11,sci.sciences.univ-bpclermont.fr
2014-04-24 15:52:53,sci.sciences.univ-bpclermont.fr
2014-04-24 15:54:00,sb-ssl.google.com
2014-04-24 15:54:06,www.squid-cache.org
2014-04-24 15:57:11,ocsp.thawte.com
2014-04-24 15:57:12,ent.univ-bpclermont.fr
2014-04-24 15:57:13,clients1.google.com
2014-04-24 15:57:13,ocsp.tcs.terena.org
2014-04-24 15:57:13,ocsp.usertrust.com
2014-04-24 15:57:13,ent.univ-bpclermont.fr
2014-04-24 15:57:13,gtglobal-ocsp.geotrust.com
2014-04-24 15:57:13,www.univ-bpclermont.fr
2014-04-24 15:57:14,www.univ-bpclermont.fr
2014-04-24 15:57:14,clients1.google.com
2014-04-24 15:57:15,www.univ-bpclermont.fr
2014-04-24 15:57:26,ent.univ-bpclermont.fr
2014-04-24 15:57:27,www.univ-bpclermont.fr
2014-04-24 15:57:27,ent.univ-bpclermont.fr
2014-04-24 15:57:29,ent.univ-bpclermont.fr
2014-04-24 15:57:30,www.univ-bpclermont.fr
2014-04-24 15:57:30,ent.univ-bpclermont.fr
2014-04-24 16:02:07,safebrowsing.clients.google.com
2014-04-24 16:02:07,safebrowsing-cache.google.com
2014-04-24 16:02:08,ent.univ-bpclermont.fr
2014-04-24 16:02:10,claroline.univ-bpclermont.fr
2014-04-24 16:02:10,www.univ-bpclermont.fr
2014-04-24 16:02:10,ent.univ-bpclermont.fr
2014-04-24 16:02:12,claroline.univ-bpclermont.fr
2014-04-24 16:02:12,ent.univ-bpclermont.fr
2014-04-24 16:02:13,ent.univ-bpclermont.fr
2014-04-24 16:02:13,claroline.univ-bpclermont.fr
2014-04-24 16:02:13,www.univ-bpclermont.fr
2014-04-24 16:02:39,ent.univ-bpclermont.fr
2014-04-24 16:02:45,claroline.univ-bpclermont.fr
2014-04-24 16:02:46,claroline.univ-bpclermont.fr
2014-04-24 16:03:02,ocsp.verisign.com
2014-04-24 16:03:05,claroline.univ-bpclermont.fr
2014-04-24 16:03:08,ent.univ-bpclermont.fr
2014-04-24 16:03:14,ent.univ-bpclermont.fr
2014-04-24 16:03:15,claroline.univ-bpclermont.fr
2014-04-24 16:03:16,claroline.univ-bpclermont.fr
2014-04-24 16:04:04,ent.univ-bpclermont.fr
2014-04-24 16:04:06,ent.univ-bpclermont.fr
2014-04-24 16:04:11,ent.univ-bpclermont.fr
2014-04-24 16:04:18,claroline.univ-bpclermont.fr
2014-04-24 16:04:20,ent.univ-bpclermont.fr
2014-04-24 16:04:20,www.univ-bpclermont.fr
2014-04-24 16:04:21,claroline.univ-bpclermont.fr
2014-04-24 16:04:27,claroline.univ-bpclermont.fr
2014-04-24 16:04:29,claroline.univ-bpclermont.fr
2014-04-24 16:04:30,claroline.univ-bpclermont.fr
2014-04-24 16:04:33,claroline.univ-bpclermont.fr
2014-04-24 16:05:02,ocsp.digicert.com
2014-04-24 16:06:50,ent.univ-bpclermont.fr
2014-04-24 16:07:55,math.univ-bpclermont.fr
2014-04-24 16:07:56,math.univ-bpclermont.fr
2014-04-24 16:18:53,ent.univ-bpclermont.fr
2014-04-24 16:20:46,math.univ-bpclermont.fr
2014-04-24 16:32:28,safebrowsing.clients.google.com
2014-04-24 16:32:28,safebrowsing-cache.google.com
2014-04-24 16:32:29,safebrowsing-cache.google.com
2014-04-24 16:33:01,www.google.com
2014-04-24 16:33:02,clients1.google.com
2014-04-24 16:33:09,clients1.google.com
2014-04-24 16:33:16,ocsp.tcs.terena.org
2014-04-24 16:33:31,www.enseignement.polytechnique.fr
2014-04-24 16:33:36,www.enseignement.polytechnique.fr
2014-04-24 16:34:19,fr.wikipedia.org
2014-04-24 16:34:19,bits.wikimedia.org
2014-04-24 16:34:20,login.wikimedia.org
2014-04-24 16:34:20,bits.wikimedia.org
2014-04-24 16:34:21,fr.wikipedia.org
2014-04-24 16:34:21,meta.wikimedia.org
2014-04-24 16:34:21,bits.wikimedia.org
2014-04-24 16:34:33,www.xul.fr
2014-04-24 16:34:33,platform.twitter.com
2014-04-24 16:34:33,www.google.com
2014-04-24 16:34:34,xulfr.disqus.com
2014-04-24 16:34:34,www.facebook.com
2014-04-24 16:34:34,fr.openclassrooms.com
2014-04-24 16:34:35,clients1.google.com
2014-04-24 16:34:35,disqus.com
2014-04-24 16:34:35,doug1izaerwt3.cloudfront.net
2014-04-24 16:34:35,fr.openclassrooms.com
2014-04-24 16:34:35,go.disqus.com
2014-04-24 16:34:35,sci.sciences.univ-bpclermont.fr
2014-04-24 16:34:35,www.google.com
2014-04-24 16:34:36,www.google.com
2014-04-24 16:34:36,platform.twitter.com
2014-04-24 16:34:36,fr.openclassrooms.com
2014-04-24 16:34:36,disqus.com
2014-04-24 16:34:37,www.google.com
2014-04-24 16:34:38,disqus.com
2014-04-24 16:34:38,www.google.com
2014-04-24 16:34:38,evsecure-ocsp.verisign.com
2014-04-24 16:34:38,doug1izaerwt3.cloudfront.net
2014-04-24 16:34:38,fr.openclassrooms.com
2014-04-24 16:34:39,clients1.google.com
2014-04-24 16:34:39,dnn506yrbagrg.cloudfront.net
2014-04-24 16:34:39,www.xul.fr
2014-04-24 16:34:40,fr.openclassrooms.com
2014-04-24 16:34:41,fr.openclassrooms.com
2014-04-24 16:34:41,ocsp.verisign.com
2014-04-24 16:34:41,dnn506yrbagrg.cloudfront.net
2014-04-24 16:34:42,fr.openclassrooms.com
2014-04-24 16:34:43,ocsp.verisign.com
2014-04-24 16:35:09,twitter.com
2014-04-24 16:36:11,www.google.fr
2014-04-24 16:37:30,apis.google.com
2014-04-24 16:37:33,accounts.google.com
2014-04-24 16:37:35,www.google.com
2014-04-24 16:37:35,www.googleapis.com
2014-04-24 16:52:16,google.fr
2014-04-24 16:52:16,www.google.fr
2014-04-24 16:52:28,www.google.fr
2014-04-24 16:52:28,www.nanoum.net
2014-04-24 16:55:21,www.google.fr
2014-04-24 16:55:26,www.commentcamarche.net
2014-04-24 16:55:26,static.ccm2.net
2014-04-24 16:55:26,r.ccmbg.com
2014-04-24 16:55:26,ba.commentcamarche.net
2014-04-24 16:55:26,www.google.fr
2014-04-24 16:55:27,ba.commentcamarche.net
2014-04-24 16:55:27,www.facebook.com
2014-04-24 16:55:27,assets.ebz.io
2014-04-24 16:55:27,static.ccm2.net
2014-04-24 16:55:27,platform.twitter.com
2014-04-24 16:55:28,s-static.ak.facebook.com
2014-04-24 16:55:28,platform.twitter.com
2014-04-24 16:55:28,ba.commentcamarche.net
2014-04-24 16:55:28,static.ak.facebook.com
2014-04-24 16:55:28,www.commentcamarche.net
2014-04-24 16:55:28,connect.facebook.net
2014-04-24 16:55:28,www.facebook.com
2014-04-24 16:55:28,static.ccmbg.com
2014-04-24 16:55:28,static.ccm2.net
2014-04-24 16:55:29,ocsp.thawte.com
2014-04-24 16:55:29,id.impressiondesk.com
2014-04-24 16:55:29,gtssl-ocsp.geotrust.com
2014-04-24 16:55:30,static.ccm2.net
2014-04-24 16:55:30,www.facebook.com
2014-04-24 16:55:31,www.commentcamarche.net
2014-04-24 16:55:59,twitter.com
2014-04-24 16:58:21,www.google.fr
2014-04-24 16:58:22,ajax.googleapis.com
2014-04-24 17:01:20,www.google.com
2014-04-24 17:03:41,safebrowsing.clients.google.com
2014-04-24 17:03:41,safebrowsing-cache.google.com
2014-04-24 17:03:42,safebrowsing-cache.google.com
2014-04-24 17:04:20,www.google.com
2014-04-24 17:12:23,math.univ-bpclermont.fr
2014-04-24 17:15:36,css.mammouthland.net
2014-04-24 17:15:36,www.google.fr
2014-04-24 17:15:37,i.creativecommons.org
2014-04-24 17:15:37,platform.twitter.com
2014-04-24 17:15:37,css.mammouthland.net
2014-04-24 17:15:38,www.mammouthland.net
2014-04-24 17:15:38,css.mammouthland.net
2014-04-24 17:15:39,css.mammouthland.net
2014-04-24 17:15:39,www.mammouthland.net
2014-04-24 17:15:58,www.google.fr
2014-04-24 17:15:59,wwwimages.adobe.com
2014-04-24 17:15:59,www.adobe.com
2014-04-24 17:15:59,help.adobe.com
2014-04-24 17:16:00,help.adobe.com
2014-04-24 17:16:00,use.typekit.com
2014-04-24 17:16:00,helpx.adobe.com
2014-04-24 17:16:00,stats.adobe.com
2014-04-24 17:16:08,twitter.com
2014-04-24 17:16:12,www.google.fr
2014-04-24 17:16:13,static.ccm2.net
2014-04-24 17:16:13,ba.commentcamarche.net
2014-04-24 17:16:13,r.ccmbg.com
2014-04-24 17:16:13,kh6qrx0f8h.s.ad6media.fr
2014-04-24 17:16:13,www.commentcamarche.net
2014-04-24 17:16:14,www.facebook.com
2014-04-24 17:16:14,static.ccm2.net
2014-04-24 17:16:14,twitter.com
2014-04-24 17:16:15,ba.commentcamarche.net
2014-04-24 17:16:16,ba.commentcamarche.net
2014-04-24 17:16:16,www.facebook.com
2014-04-24 17:16:17,platform.twitter.com
2014-04-24 17:16:17,www.facebook.com
2014-04-24 17:16:18,s-static.ak.facebook.com
2014-04-24 17:16:18,www.facebook.com
2014-04-24 17:16:18,static.ak.facebook.com
2014-04-24 17:16:48,twitter.com
2014-04-24 17:18:29,www.google.com
2014-04-24 17:19:07,www.google.fr
2014-04-24 17:19:11,apis.google.com
2014-04-24 17:19:13,accounts.google.com
2014-04-24 17:24:42,jigsaw.w3.org
2014-04-24 17:24:43,www.w3.org
2014-04-24 17:24:43,jigsaw.w3.org
2014-04-24 17:24:43,api.flattr.com
2014-04-24 17:24:44,rapidssl-ocsp.geotrust.com
2014-04-24 17:24:44,ocsp.usertrust.com
2014-04-24 17:24:44,flattr.com
2014-04-24 17:24:44,ocsp.gandi.net
2014-04-24 17:24:44,api.flattr.com
2014-04-24 17:24:44,jigsaw.w3.org
2014-04-24 17:24:46,jigsaw.w3.org
2014-04-24 17:25:00,api.flattr.com
2014-04-24 17:25:00,jigsaw.w3.org
2014-04-24 17:25:00,www.w3.org
2014-04-24 17:25:37,api.flattr.com
2014-04-24 17:25:49,validator-suite.w3.org
2014-04-24 17:26:25,flattr.com
2014-04-24 17:34:11,safebrowsing.clients.google.com
2014-04-24 17:34:11,safebrowsing-cache.google.com
2014-04-24 17:34:12,safebrowsing-cache.google.com
2014-04-24 17:38:40,ent.univ-bpclermont.fr
2014-04-24 17:39:21,ent.univ-bpclermont.fr
2014-04-24 17:39:36,ent.univ-bpclermont.fr
2014-04-24 17:39:37,www.univ-bpclermont.fr
2014-04-24 17:39:37,ocsp.tcs.terena.org
2014-04-24 17:39:37,ocsp.usertrust.com
2014-04-24 17:39:39,www.univ-bpclermont.fr
2014-04-24 17:39:39,ent.univ-bpclermont.fr
2014-04-24 17:39:40,ent.univ-bpclermont.fr
2014-04-24 17:39:40,www.univ-bpclermont.fr
2014-04-24 17:39:48,ent.univ-bpclermont.fr
2014-04-24 17:39:49,filez.univ-bpclermont.fr
2014-04-24 17:39:49,ent.univ-bpclermont.fr
2014-04-24 17:39:49,www.univ-bpclermont.fr
2014-04-24 17:39:52,filez.univ-bpclermont.fr
2014-04-24 17:40:14,filez.univ-bpclermont.fr
2014-04-24 17:40:15,filez.univ-bpclermont.fr
2014-04-24 17:40:20,ent.univ-bpclermont.fr
2014-04-24 17:40:21,ent.univ-bpclermont.fr
2014-04-24 17:40:21,www.univ-bpclermont.fr
2014-04-24 17:41:00,ent.univ-bpclermont.fr
2014-04-24 17:41:01,ent.univ-bpclermont.fr
2014-04-24 17:41:41,filez.univ-bpclermont.fr
2014-04-24 17:41:54,ent.univ-bpclermont.fr
2014-04-24 17:42:13,ent.univ-bpclermont.fr
2014-04-24 17:42:24,ent.univ-bpclermont.fr
2014-04-24 17:42:32,ent.univ-bpclermont.fr
