timestamp,site
2013-03-12 11:15:31,dl.javafx.com
2013-03-12 14:05:30,cnfg.toolbarservices.com
2013-03-12 14:05:31,www.google.com
2013-03-12 14:05:32,utils.delta-search.com
2013-03-12 14:05:32,ajax.googleapis.com
2013-03-12 14:05:37,img.babylon.com
2013-03-12 14:05:38,fpdownload2.macromedia.com
2013-03-12 14:05:38,ajax.googleapis.com
2013-03-12 14:05:41,www.google.com
2013-03-12 14:05:53,www.google.fr
2013-03-12 14:05:54,www.google.fr
2013-03-12 14:05:56,apis.google.com
2013-03-12 14:05:57,www.google.com
2013-03-12 14:06:01,apis.google.com
2013-03-12 14:06:01,www.google.com
2013-03-12 14:06:01,www.google.fr
2013-03-12 14:08:01,www.google.fr
2013-03-12 14:08:24,ieonline.microsoft.com
2013-03-12 14:08:24,go.microsoft.com
2013-03-12 15:29:00,javadl-esd-secure.oracle.com
2013-03-12 15:30:42,www.google.com
2013-03-12 15:30:43,img.babylon.com
2013-03-12 15:30:55,www.google.com
2013-03-12 15:30:56,www.google.fr
2013-03-12 15:31:05,www.google.fr
2013-03-12 15:31:05,www.gentside.com
2013-03-12 15:31:05,clients1.google.fr
2013-03-12 15:31:05,static.gtsstatic.com
2013-03-12 15:31:06,static.gtsstatic.com
2013-03-12 15:31:06,img0.gtsstatic.com
2013-03-12 15:31:06,img1.gtsstatic.com
2013-03-12 15:31:06,www.google.fr
2013-03-12 15:31:06,connect.facebook.net
2013-03-12 15:31:07,www.gentside.com
2013-03-12 15:31:07,static.gtsstatic.com
2013-03-12 15:31:07,static.ak.facebook.com
2013-03-12 15:31:07,s-static.ak.facebook.com
2013-03-12 15:31:07,www.facebook.com
2013-03-12 15:33:25,javadl-esd-secure.oracle.com
2013-03-12 15:34:43,img.babylon.com
2013-03-12 15:34:54,www.google.com
2013-03-12 15:34:55,www.google.fr
2013-03-12 15:35:01,clients1.google.fr
2013-03-12 15:35:02,www.google.fr
2013-03-12 15:35:02,clients1.google.fr
2013-03-12 15:35:04,www.google.fr
2013-03-12 15:35:16,www.google.fr
2013-03-12 15:35:22,www.google.fr
2013-03-12 15:35:22,media.paperblog.fr
2013-03-12 15:35:23,media.notrefamille.com
2013-03-12 15:35:23,media.familles.com
2013-03-12 15:35:23,www.familles.com
2013-03-12 15:35:23,www.google.fr
2013-03-12 15:35:24,media.familles.com
2013-03-12 15:35:24,www.familles.com
2013-03-12 15:35:24,1.bp.blogspot.com
2013-03-12 15:35:24,2.bp.blogspot.com
2013-03-12 15:35:24,4.bp.blogspot.com
2013-03-12 15:35:24,media.notrefamille.com
2013-03-12 15:35:24,static.ak.facebook.com
2013-03-12 15:35:24,www.deedeeparis.com
2013-03-12 15:35:24,www.spaceblog.fr
2013-03-12 15:35:24,img10.hostingpics.net
2013-03-12 15:35:24,www.enfant.com
2013-03-12 15:35:25,www.enceinte.com
2013-03-12 15:35:25,lbyf.lilypie.com
2013-03-12 15:35:25,www.famili.fr
2013-03-12 15:35:25,lb3f.lilypie.com
2013-03-12 15:35:25,humourger.com
2013-03-12 15:35:25,imdoc.fr
2013-03-12 15:35:25,www.familles.com
2013-03-12 15:35:25,media.familles.com
2013-03-12 15:35:25,smileys.sur-la-toile.com
2013-03-12 15:35:26,media.notrefamille.com
2013-03-12 15:35:26,media.familles.com
2013-03-12 15:35:27,rp.gwallet.com
2013-03-12 15:35:27,media.notrefamille.com
2013-03-12 15:35:27,media.familles.com
2013-03-12 15:35:27,um.simpli.fi
2013-03-12 15:35:28,apis.google.com
2013-03-12 15:35:28,media.notrefamille.com
2013-03-12 15:35:28,94s6ixbj2o.s.ad6media.fr
2013-03-12 15:35:31,www.google.fr
2013-03-12 15:35:32,apis.google.com
2013-03-12 15:35:32,www.enceinte.com
2013-03-12 15:35:32,www.famili.fr
2013-03-12 15:35:32,media.notrefamille.com
2013-03-12 15:35:32,media.familles.com
2013-03-12 15:35:32,www.familles.com
2013-03-12 15:35:32,www.enfant.com
2013-03-12 15:35:33,media.familles.com
2013-03-12 15:35:33,static.ak.facebook.com
2013-03-12 15:35:33,s-static.ak.facebook.com
2013-03-12 15:35:33,media.notrefamille.com
2013-03-12 15:35:33,lbyf.lilypie.com
2013-03-12 15:35:33,lb3f.lilypie.com
2013-03-12 15:35:39,www.google.fr
2013-03-12 15:35:39,media.koreus.com
2013-03-12 15:35:40,www.koreus.com
2013-03-12 15:35:40,www.google.com
2013-03-12 15:35:40,media.koreus.com
2013-03-12 15:35:40,clients1.google.fr
2013-03-12 15:35:40,www.google.fr
2013-03-12 15:35:41,s-static.ak.facebook.com
2013-03-12 15:35:41,imagemdodia.no.sapo.pt
2013-03-12 15:35:41,o1fi67p86o.s.ad6media.fr
2013-03-12 15:35:41,media.koreus.com
2013-03-12 15:35:41,www.koreus.com
2013-03-12 15:35:41,www.thesonsofscotland.co.uk
2013-03-12 15:35:41,static.ak.facebook.com
2013-03-12 15:35:42,www.facebook.com
2013-03-12 15:35:42,hal9000.redintelligence.net
2013-03-12 15:35:43,www.thesonsofscotland.co.uk
2013-03-12 15:35:43,www.koreus.com
2013-03-12 15:35:43,www.google.fr
2013-03-12 15:35:43,hal9000.redintelligence.net
2013-03-12 15:35:43,imagemdodia.no.sapo.pt
2013-03-12 15:35:44,www.google.com
2013-03-12 15:35:44,o1fi67p86o.s.ad6media.fr
2013-03-12 15:36:00,www.google.fr
2013-03-12 15:36:01,medias.buzzmoica.fr
2013-03-12 15:36:05,www.buzzmoica.fr
2013-03-12 15:36:05,clients1.google.fr
2013-03-12 15:36:05,www.google.fr
2013-03-12 15:36:17,www.google.fr
2013-03-12 15:36:17,www.koreus.com
2013-03-12 15:36:17,media.koreus.com
2013-03-12 15:36:18,www.google.fr
2013-03-12 15:36:18,www.google.com
2013-03-12 15:36:18,www.thesonsofscotland.co.uk
2013-03-12 15:36:18,imagemdodia.no.sapo.pt
2013-03-12 15:36:19,clients1.google.fr
2013-03-12 15:36:19,o1fi67p86o.s.ad6media.fr
2013-03-12 15:36:19,static.ak.facebook.com
2013-03-12 15:36:19,www.facebook.com
2013-03-12 15:36:19,s-static.ak.facebook.com
2013-03-12 15:36:20,www.google.fr
2013-03-12 15:36:21,www.koreus.com
2013-03-12 15:36:21,www.thesonsofscotland.co.uk
2013-03-12 15:36:21,www.google.fr
2013-03-12 15:36:21,www.groupon.fr
2013-03-12 15:36:22,static.ak.facebook.com
2013-03-12 15:36:22,o1fi67p86o.s.ad6media.fr
2013-03-12 15:36:22,www.google.com
2013-03-12 15:36:22,imagemdodia.no.sapo.pt
2013-03-12 15:36:22,s-static.ak.facebook.com
2013-03-12 15:36:23,www.facebook.com
2013-03-12 15:36:24,s-static.ak.facebook.com
2013-03-12 15:36:25,www.google.com
2013-03-12 15:36:30,www.google.com
2013-03-12 15:36:46,www.google.fr
2013-03-12 15:36:47,www.gamekult.com
2013-03-12 15:36:47,ajax.googleapis.com
2013-03-12 15:36:47,www.123compteur.com
2013-03-12 15:36:47,static.gamekult.com
2013-03-12 15:36:47,clients1.google.fr
2013-03-12 15:36:47,www.google.fr
2013-03-12 15:36:47,images.gamekult.com
2013-03-12 15:36:48,images.gamekult.com
2013-03-12 15:36:48,www.123compteur.com
2013-03-12 15:36:48,www.gamekult.com
2013-03-12 15:36:49,images.gamekult.com
2013-03-12 15:36:49,www.gamekult.com
2013-03-12 15:36:57,www.google.fr
2013-03-12 15:36:58,www.koreus.com
2013-03-12 15:36:58,www.google.com
2013-03-12 15:36:58,imagemdodia.no.sapo.pt
2013-03-12 15:36:58,www.thesonsofscotland.co.uk
2013-03-12 15:36:59,clients1.google.fr
2013-03-12 15:36:59,s-static.ak.facebook.com
2013-03-12 15:36:59,www.google.fr
2013-03-12 15:36:59,static.ak.facebook.com
2013-03-12 15:36:59,www.facebook.com
2013-03-12 15:36:59,o1fi67p86o.s.ad6media.fr
2013-03-12 15:37:00,eulerian.canal-plus.com
2013-03-12 15:37:01,eulerian.canal-plus.com
2013-03-12 15:37:09,www.google.fr
2013-03-12 15:39:09,img.babylon.com
2013-03-12 15:39:21,www.google.com
2013-03-12 15:39:21,www.google.fr
2013-03-12 15:39:22,www.google.fr
2013-03-12 15:39:30,www.google.fr
2013-03-12 15:39:30,fr.wikipedia.org
2013-03-12 15:39:30,bits.wikimedia.org
2013-03-12 15:39:31,fr.wikipedia.org
2013-03-12 15:39:31,meta.wikimedia.org
2013-03-12 15:39:31,bits.wikimedia.org
2013-03-12 15:39:32,bits.wikimedia.org
2013-03-12 15:39:32,login.wikimedia.org
2013-03-12 15:39:43,bits.wikimedia.org
2013-03-12 15:39:43,login.wikimedia.org
2013-03-12 15:39:43,fr.wikipedia.org
2013-03-12 15:56:18,img.babylon.com
2013-03-12 15:56:29,www.orange.fr
2013-03-12 15:56:29,c.woopic.com
2013-03-12 15:56:31,c.woopic.com
2013-03-12 15:56:32,iapref.orange.fr
2013-03-12 15:56:32,c.orange.fr
2013-03-12 15:56:32,c.woopic.com
2013-03-12 15:56:32,ap.orange.fr
2013-03-12 15:56:41,r.orange.fr
2013-03-12 15:56:41,id.orange.fr
2013-03-12 15:56:43,iapref.orange.fr
2013-03-12 15:56:43,id.orange.fr
2013-03-12 15:59:37,id.orange.fr
2013-03-12 15:59:56,id.orange.fr
2013-03-12 15:59:56,www.orange.fr
2013-03-12 15:59:56,c.woopic.com
2013-03-12 15:59:57,mdsp.orange.fr
2013-03-12 15:59:57,c.woopic.com
2013-03-12 15:59:58,pushinternet.woopic.com
2013-03-12 15:59:58,c.woopic.com
2013-03-12 15:59:58,r.orange.fr
2013-03-12 15:59:58,iapref.orange.fr
2013-03-12 15:59:59,c.woopic.com
2013-03-12 15:59:59,videos.orangepublicite.fr
2013-03-12 16:00:00,test-v4.woopic.com
2013-03-12 16:00:00,test-ds.woopic.com
2013-03-12 16:00:00,c.orange.fr
2013-03-12 16:00:00,videos.orangepublicite.fr
2013-03-12 16:00:01,c.woopic.com
2013-03-12 16:00:01,r.orange.fr
2013-03-12 16:00:02,statsv6.woopic.com
2013-03-12 16:00:02,c.woopic.com
2013-03-12 16:00:02,r.orange.fr
2013-03-12 16:00:02,videos.orangepublicite.fr
2013-03-12 16:00:04,c.woopic.com
2013-03-12 16:00:04,r.orange.fr
2013-03-12 16:00:04,espaceclientv3.orange.fr
2013-03-12 16:00:09,c.woopic.com
2013-03-12 16:00:10,rover.ebay.com
2013-03-12 16:00:11,r.orange.fr
2013-03-12 16:00:11,c.woopic.com
2013-03-12 16:00:11,iapref.orange.fr
2013-03-12 16:00:13,c.orange.fr
2013-03-12 16:00:13,r.orange.fr
2013-03-12 16:00:13,espaceclientv3.orange.fr
2013-03-12 16:00:13,espaceclient.orange.fr
2013-03-12 16:00:17,espaceclientv3.orange.fr
2013-03-12 16:00:17,b.espaceclientv3.orange.fr
2013-03-12 16:00:17,espaceclient.orange.fr
2013-03-12 16:00:18,espaceclient.orange.fr
2013-03-12 16:00:19,b.espaceclientv3.orange.fr
2013-03-12 16:00:22,espaceclientv3.orange.fr
2013-03-12 16:00:22,b.espaceclientv3.orange.fr
2013-03-12 16:00:23,iz.orange.fr
2013-03-12 16:00:23,c.woopic.com
2013-03-12 16:00:23,ec4.s.woopic.com
2013-03-12 16:00:23,media.pns.orange.fr
2013-03-12 16:00:23,ec1.s.woopic.com
2013-03-12 16:00:24,b.espaceclientv3.orange.fr
2013-03-12 16:00:24,ec4.s.woopic.com
2013-03-12 16:00:24,c.woopic.com
2013-03-12 16:00:24,ec1.s.woopic.com
2013-03-12 16:00:25,ec2.s.woopic.com
2013-03-12 16:00:25,ec4.s.woopic.com
2013-03-12 16:00:25,ec1.s.woopic.com
2013-03-12 16:00:25,b.espaceclientv3.orange.fr
2013-03-12 16:00:26,ec4.s.woopic.com
2013-03-12 16:00:26,iapref.orange.fr
2013-03-12 16:00:26,ec1.s.woopic.com
2013-03-12 16:00:26,c.woopic.com
2013-03-12 16:00:26,b.espaceclientv3.orange.fr
2013-03-12 16:00:40,ec2.s.woopic.com
2013-03-12 16:00:41,c.woopic.com
2013-03-12 16:00:41,ec1.s.woopic.com
2013-03-12 16:00:41,ec4.s.woopic.com
2013-03-12 16:00:51,b.espaceclientv3.orange.fr
2013-03-12 16:00:52,media.pns.orange.fr
2013-03-12 16:00:52,iz.orange.fr
2013-03-12 16:00:52,c.woopic.com
2013-03-12 16:00:53,iapref.orange.fr
2013-03-12 16:00:53,ec1.s.woopic.com
2013-03-12 16:00:53,b.espaceclientv3.orange.fr
2013-03-12 16:00:54,iapref.orange.fr
2013-03-12 16:00:56,boutique.orange.fr
2013-03-12 16:01:00,ec4.s.woopic.com
2013-03-12 16:01:00,ec1.s.woopic.com
2013-03-12 16:01:00,c.woopic.com
2013-03-12 16:01:00,b.espaceclientv3.orange.fr
2013-03-12 16:01:00,boutique.orange.fr
2013-03-12 16:01:00,iz.orange.fr
2013-03-12 16:01:01,c2cu.internetpluspro.orange-business.com
2013-03-12 16:01:01,boutique.orange.fr
2013-03-12 16:01:01,tlm.s.woopic.com
2013-03-12 16:01:02,as00.estara.com
2013-03-12 16:01:02,boutique.orange.fr
2013-03-12 16:01:03,iapref.orange.fr
2013-03-12 16:01:03,boutique.orange.fr
2013-03-12 16:01:05,as00.estara.com
2013-03-12 16:01:10,boutique.orange.fr
2013-03-12 16:01:10,c.woopic.com
2013-03-12 16:01:10,iz.orange.fr
2013-03-12 16:01:10,c2cu.internetpluspro.orange-business.com
2013-03-12 16:01:12,as00.estara.com
2013-03-12 16:01:13,c2cu.internetpluspro.orange-business.com
2013-03-12 16:01:14,boutique.orange.fr
2013-03-12 16:01:14,iapref.orange.fr
2013-03-12 16:01:15,as00.estara.com
2013-03-12 16:01:15,boutique.orange.fr
2013-03-12 16:01:16,boutique.orange.fr
2013-03-12 16:01:16,rainbow-fr.mythings.com
2013-03-12 16:01:17,ajax.googleapis.com
2013-03-12 16:01:17,rainbow-fr.mythings.com
2013-03-12 16:01:17,www.google.com
2013-03-12 16:01:18,rainbowx.mythings.com
2013-03-12 16:01:18,rainbow-fr.mythings.com
2013-03-12 16:01:18,www.google.com
2013-03-12 16:01:18,www.google.fr
2013-03-12 16:01:18,cookieb.mythings.com
2013-03-12 16:01:18,ajax.googleapis.com
2013-03-12 16:03:12,cookieb.mythings.com
2013-03-12 16:03:19,www.google.fr
2013-03-12 16:03:19,rainbow-fr.mythings.com
2013-03-12 16:03:19,rainbowx.mythings.com
2013-03-12 16:03:19,www.google.com
2013-03-12 16:09:21,iz.orange.fr
2013-03-12 16:09:22,c2cu.internetpluspro.orange-business.com
2013-03-12 16:09:24,iapref.orange.fr
2013-03-12 16:09:24,c.woopic.com
2013-03-12 16:09:24,as00.estara.com
2013-03-12 16:09:24,boutique.orange.fr
2013-03-12 16:09:25,www.google.com
2013-03-12 16:09:25,boutique.orange.fr
2013-03-12 16:09:25,www.facebook.com
2013-03-12 16:09:26,www.google.com
2013-03-12 16:09:26,www.google.fr
2013-03-12 16:09:31,www.google.com
2013-03-12 16:09:31,www.google.fr
2013-03-12 16:09:31,c2cu.internetpluspro.orange-business.com
2013-03-12 16:09:31,iz.orange.fr
2013-03-12 16:09:32,iapref.orange.fr
2013-03-12 16:09:33,as00.estara.com
2013-03-12 16:09:34,as00.estara.com
2013-03-12 16:09:45,boutique.orange.fr
2013-03-12 16:09:46,c.woopic.com
2013-03-12 16:09:48,iz.orange.fr
2013-03-12 16:09:48,c2cu.internetpluspro.orange-business.com
2013-03-12 16:09:49,rainbow-fr.mythings.com
2013-03-12 16:09:50,c.woopic.com
2013-03-12 16:09:50,as00.estara.com
2013-03-12 16:09:50,boutique.orange.fr
2013-03-12 16:09:50,iapref.orange.fr
2013-03-12 16:09:50,rainbow-fr.mythings.com
2013-03-12 16:11:52,rainbow-fr.mythings.com
2013-03-12 16:11:52,www.google.fr
2013-03-12 16:11:52,www.google.com
2013-03-12 16:20:23,iz.orange.fr
2013-03-12 16:20:23,c2cu.internetpluspro.orange-business.com
2013-03-12 16:20:25,iapref.orange.fr
2013-03-12 16:20:26,boutique.orange.fr
2013-03-12 16:20:26,as00.estara.com
2013-03-12 16:20:26,c.woopic.com
2013-03-12 16:20:27,boutique.orange.fr
2013-03-12 16:21:12,rainbow-fr.mythings.com
2013-03-12 16:21:12,www.google.fr
2013-03-12 16:21:12,www.google.com
2013-04-12 11:23:23,cnfg.toolbarservices.com
2013-04-12 11:23:23,www.google.com
2013-04-12 11:23:24,ajax.googleapis.com
2013-04-12 11:23:25,utils.delta-search.com
2013-04-12 11:23:25,ajax.googleapis.com
2013-04-12 11:23:26,ajax.googleapis.com
2013-04-12 11:23:26,img.babylon.com
2013-04-12 11:26:16,ieonline.microsoft.com
2013-04-12 12:28:59,javadl-esd-secure.oracle.com
2013-04-12 13:38:24,cnfg.toolbarservices.com
2013-04-12 13:38:25,www.google.com
2013-04-12 13:38:25,ajax.googleapis.com
2013-04-12 13:38:26,www.google.fr
2013-04-12 13:38:27,img.babylon.com
2013-04-12 13:38:27,ajax.googleapis.com
2013-04-12 13:38:27,www.google.fr
2013-04-12 13:38:28,www.google.com
2013-04-12 13:38:28,apis.google.com
2013-04-12 13:38:29,apis.google.com
2013-04-12 13:38:31,www.google.com
2013-04-12 13:39:02,www.hotmail.com
2013-04-12 13:39:02,www.google.com
2013-04-12 13:39:02,www.google.fr
2013-04-12 13:39:04,www.google.fr
2013-04-12 13:39:04,login.live.com
2013-04-12 13:39:05,login.live.com
2013-04-12 13:39:06,windowslive.tt.omtrdc.net
2013-04-12 13:39:06,www.google.fr
2013-04-12 13:39:16,windowslive.tt.omtrdc.net
2013-04-12 13:39:16,login.live.com
2013-04-12 13:39:17,login.live.com
2013-04-12 13:39:19,mail.live.com
2013-04-12 13:39:20,h.live.com
2013-04-12 13:39:20,dub125.mail.live.com
2013-04-12 13:39:20,cid-94be8be69be211a7.users.storage.live.com
2013-04-12 13:39:21,dub125.mail.live.com
2013-04-12 13:39:22,people.directory.live.com
2013-04-12 13:39:23,h.live.com
2013-04-12 13:39:24,h.live.com
2013-04-12 13:39:24,dub125.mail.live.com
2013-04-12 13:39:25,dub125.afx.ms
2013-04-12 13:39:25,secure.shared.live.com
2013-04-12 13:39:25,js.live.net
2013-04-12 13:39:25,dub125.mail.live.com
2013-04-12 13:39:25,dm2302files.storage.live.com
2013-04-12 13:39:27,login.live.com
2013-04-12 13:39:28,secure.shared.live.com
2013-04-12 13:39:28,prod.registrar.skype.com
2013-04-12 13:39:28,go.trouter.io
2013-04-12 13:39:29,storage.live.com
2013-04-12 13:39:29,prod.registrar.skype.com
2013-04-12 13:39:38,secure.shared.live.com
2013-04-12 13:39:38,api.skype.com
2013-04-12 13:39:38,dub125.mail.live.com
2013-04-12 13:40:08,login.live.com
2013-04-12 13:41:17,ieonline.microsoft.com
2013-04-12 13:41:18,go.microsoft.com
2013-04-12 13:41:34,dub125.mail.live.com
2013-04-12 13:41:37,dub125.mail.live.com
2013-04-12 13:41:53,dub125.mail.live.com
2013-04-12 13:41:56,h.live.com
2013-04-12 13:42:04,dub125.afx.ms
2013-04-12 13:43:05,dub125.mail.live.com
2013-04-12 13:45:23,proxy-blu-people.directory.live.com
2013-04-12 13:52:20,h2.msn.com
2013-04-12 13:52:52,g.msn.com
2013-04-12 13:53:20,proxy-blu-people.directory.live.com
2013-04-12 13:53:24,h.live.com
2013-04-12 13:53:26,dub125.mail.live.com
2013-04-12 13:55:36,h2.msn.com
2013-04-12 13:58:21,proxy-blu-people.directory.live.com
2013-04-12 14:17:25,proxy-blu-people.directory.live.com
2013-04-12 14:17:25,www.leboncoin.fr
2013-04-12 14:17:25,static.leboncoin.fr
2013-04-12 14:17:26,deliv.leboncoin.fr
2013-04-12 14:17:26,static.leboncoin.fr
2013-04-12 14:17:26,www.leboncoin.fr
2013-04-12 14:17:26,go.trouter.io
2013-04-12 14:17:27,static.leboncoin.fr
2013-04-12 14:17:27,www.leboncoin.fr
2013-04-12 14:17:27,193.164.197.60
2013-04-12 14:17:27,193.164.196.50
2013-04-12 14:17:27,193.164.197.40
2013-04-12 14:17:27,193.164.197.30
2013-04-12 14:17:27,193.164.196.40
2013-04-12 14:17:27,193.164.196.30
2013-04-12 14:17:27,193.164.197.50
2013-04-12 14:17:28,193.164.196.30
2013-04-12 14:17:28,193.164.197.50
2013-04-12 14:17:28,193.164.197.60
2013-04-12 14:17:28,193.164.197.30
2013-04-12 14:17:28,193.164.196.60
2013-04-12 14:17:28,193.164.196.40
2013-04-12 14:17:28,compteperso.leboncoin.fr
2013-04-12 14:17:28,static.leboncoin.fr
2013-04-12 14:17:28,deliv.leboncoin.fr
2013-04-12 14:17:29,mm.eulerian.net
2013-04-12 14:17:34,compteperso.leboncoin.fr
2013-04-12 14:17:57,www.leboncoin.fr
2013-04-12 14:17:57,static.leboncoin.fr
2013-04-12 14:17:57,193.164.196.60
2013-04-12 14:17:57,193.164.196.30
2013-04-12 14:17:57,193.164.197.50
2013-04-12 14:17:57,193.164.197.40
2013-04-12 14:17:57,193.164.196.40
2013-04-12 14:17:57,193.164.197.60
2013-04-12 14:17:57,193.164.196.50
2013-04-12 14:17:57,www.google.com
2013-04-12 14:17:57,193.164.197.30
2013-04-12 14:17:58,www.google.com
2013-04-12 14:17:58,deliv.leboncoin.fr
2013-04-12 14:17:58,www.leboncoin.fr
2013-04-12 14:18:17,static.leboncoin.fr
2013-04-12 14:18:17,www.leboncoin.fr
2013-04-12 14:18:18,static.leboncoin.fr
2013-04-12 14:18:18,193.164.197.30
2013-04-12 14:18:18,www.leboncoin.fr
2013-04-12 14:18:18,193.164.196.40
2013-04-12 14:18:18,deliv.leboncoin.fr
2013-04-12 14:18:18,mm.eulerian.net
2013-04-12 14:18:19,193.164.197.30
2013-04-12 14:18:29,static.leboncoin.fr
2013-04-12 14:18:30,deliv.leboncoin.fr
2013-04-12 14:18:30,www.leboncoin.fr
2013-04-12 14:18:36,www.leboncoin.fr
2013-04-12 14:18:36,static.leboncoin.fr
2013-04-12 14:18:37,static.leboncoin.fr
2013-04-12 14:18:37,193.164.197.30
2013-04-12 14:18:37,193.164.197.50
2013-04-12 14:18:37,193.164.196.60
2013-04-12 14:18:37,deliv.leboncoin.fr
2013-04-12 14:18:38,193.164.197.30
2013-04-12 14:18:39,193.164.197.50
2013-04-12 14:21:16,193.164.196.60
2013-04-12 14:21:18,193.164.196.60
2013-04-12 14:21:24,deliv.leboncoin.fr
2013-04-12 14:21:24,www.leboncoin.fr
2013-04-12 14:21:49,www.leboncoin.fr
2013-04-12 14:21:49,static.leboncoin.fr
2013-04-12 14:21:49,193.164.197.50
2013-04-12 14:21:49,193.164.196.40
2013-04-12 14:21:49,deliv.leboncoin.fr
2013-04-12 14:21:49,adventori.com
2013-04-12 14:21:51,193.164.196.40
2013-04-12 14:21:51,193.164.197.50
2013-04-12 14:22:11,deliv.leboncoin.fr
2013-04-12 14:22:11,www.leboncoin.fr
2013-04-12 14:22:28,193.164.196.50
2013-04-12 14:22:28,deliv.leboncoin.fr
2013-04-12 14:22:28,193.164.196.60
2013-04-12 14:22:28,adventori.com
2013-04-12 14:22:28,193.164.197.50
2013-04-12 14:22:28,193.164.196.40
2013-04-12 14:22:28,static.leboncoin.fr
2013-04-12 14:22:28,193.164.197.60
2013-04-12 14:22:28,www.leboncoin.fr
2013-04-12 14:22:29,193.164.196.60
2013-04-12 14:22:30,193.164.197.50
2013-04-12 14:22:50,deliv.leboncoin.fr
2013-04-12 14:22:50,www.leboncoin.fr
2013-04-12 14:24:42,deliv.leboncoin.fr
2013-04-12 14:24:42,193.164.197.40
2013-04-12 14:24:42,193.164.196.60
2013-04-12 14:24:42,193.164.197.60
2013-04-12 14:24:42,static.leboncoin.fr
2013-04-12 14:24:42,www.leboncoin.fr
2013-04-12 14:24:42,193.164.197.50
2013-04-12 14:24:43,193.164.197.50
2013-04-12 14:24:44,193.164.196.60
2013-04-12 14:24:49,deliv.leboncoin.fr
2013-04-12 14:24:49,www.leboncoin.fr
2013-04-12 14:24:54,www.leboncoin.fr
2013-04-12 14:24:54,static.leboncoin.fr
2013-04-12 14:24:54,deliv.leboncoin.fr
2013-04-12 14:25:26,deliv.leboncoin.fr
2013-04-12 14:25:40,193.164.196.40
2013-04-12 14:25:40,deliv.leboncoin.fr
2013-04-12 14:25:40,193.164.196.50
2013-04-12 14:25:40,static.leboncoin.fr
2013-04-12 14:25:40,www.leboncoin.fr
2013-04-12 14:25:40,193.164.197.30
2013-04-12 14:25:42,193.164.196.50
2013-04-12 14:25:43,193.164.197.30
2013-04-12 14:26:01,deliv.leboncoin.fr
2013-04-12 14:26:02,deliv.leboncoin.fr
2013-04-12 14:26:32,193.164.196.50
2013-04-12 14:26:32,193.164.196.30
2013-04-12 14:26:32,193.164.197.50
2013-04-12 14:26:32,193.164.196.60
2013-04-12 14:26:32,193.164.197.40
2013-04-12 14:26:32,deliv.leboncoin.fr
2013-04-12 14:26:32,193.164.197.60
2013-04-12 14:26:32,193.164.197.30
2013-04-12 14:26:32,static.leboncoin.fr
2013-04-12 14:26:32,www.leboncoin.fr
2013-04-12 14:26:32,193.164.196.40
2013-04-12 14:27:44,193.164.196.30
2013-04-12 14:27:44,deliv.leboncoin.fr
2013-04-12 14:27:44,static.leboncoin.fr
2013-04-12 14:27:44,www.leboncoin.fr
2013-04-12 14:27:44,193.164.197.30
2013-04-12 14:27:47,static.leboncoin.fr
2013-04-12 14:27:47,deliv.leboncoin.fr
2013-04-12 14:27:58,static.leboncoin.fr
2013-04-12 14:27:58,www.leboncoin.fr
2013-04-12 14:27:59,static.leboncoin.fr
2013-04-12 14:27:59,193.164.197.30
2013-04-12 14:27:59,193.164.197.50
2013-04-12 14:27:59,193.164.197.40
2013-04-12 14:27:59,deliv.leboncoin.fr
2013-04-12 14:28:00,deliv.leboncoin.fr
2013-04-12 14:28:01,193.164.197.50
2013-04-12 14:28:02,193.164.197.30
2013-04-12 14:28:23,deliv.leboncoin.fr
2013-04-12 14:28:23,www.leboncoin.fr
2013-04-12 14:28:41,www.leboncoin.fr
2013-04-12 14:28:41,static.leboncoin.fr
2013-04-12 14:28:41,193.164.197.50
2013-04-12 14:28:41,193.164.197.30
2013-04-12 14:28:41,193.164.196.50
2013-04-12 14:28:41,deliv.leboncoin.fr
2013-04-12 14:28:42,193.164.197.50
2013-04-12 14:28:42,static.leboncoin.fr
2013-04-12 14:28:42,deliv.leboncoin.fr
2013-04-12 14:28:43,193.164.196.50
2013-04-12 14:28:45,193.164.197.30
2013-04-12 14:29:02,deliv.leboncoin.fr
2013-04-12 14:29:10,193.164.196.60
2013-04-12 14:29:10,193.164.197.60
2013-04-12 14:29:10,static.leboncoin.fr
2013-04-12 14:29:10,193.164.197.40
2013-04-12 14:29:10,www.leboncoin.fr
2013-04-12 14:29:11,193.164.196.60
2013-04-12 14:29:11,deliv.leboncoin.fr
2013-04-12 14:29:11,static.leboncoin.fr
2013-04-12 14:29:12,193.164.197.60
2013-04-12 14:29:13,193.164.197.40
2013-04-12 14:29:14,deliv.leboncoin.fr
2013-04-12 14:29:49,deliv.leboncoin.fr
2013-04-12 14:29:49,193.164.196.50
2013-04-12 14:29:49,193.164.196.40
2013-04-12 14:29:49,193.164.196.60
2013-04-12 14:29:49,193.164.197.30
2013-04-12 14:29:49,193.164.197.50
2013-04-12 14:29:49,193.164.197.60
2013-04-12 14:29:49,193.164.197.40
2013-04-12 14:29:49,static.leboncoin.fr
2013-04-12 14:29:49,www.leboncoin.fr
2013-04-12 14:29:49,193.164.196.30
2013-04-12 14:30:21,ea.virginmobile.fr
2013-04-12 14:30:21,deliv.leboncoin.fr
2013-04-12 14:30:21,193.164.196.30
2013-04-12 14:30:21,193.164.196.60
2013-04-12 14:30:21,static.leboncoin.fr
2013-04-12 14:30:21,193.164.197.40
2013-04-12 14:30:21,www.leboncoin.fr
2013-04-12 14:30:23,193.164.196.60
2013-04-12 14:30:24,193.164.196.30
2013-04-12 14:32:45,static.leboncoin.fr
2013-04-12 14:32:45,deliv.leboncoin.fr
2013-04-12 14:32:50,www.leboncoin.fr
2013-04-12 14:32:50,static.leboncoin.fr
2013-04-12 14:32:51,deliv.leboncoin.fr
2013-04-12 14:32:51,static.leboncoin.fr
2013-04-12 14:33:20,deliv.leboncoin.fr
2013-04-12 14:33:20,www.leboncoin.fr
2013-04-12 14:33:39,193.164.196.60
2013-04-12 14:33:39,deliv.leboncoin.fr
2013-04-12 14:33:39,static.leboncoin.fr
2013-04-12 14:33:39,193.164.196.40
2013-04-12 14:33:39,193.164.196.50
2013-04-12 14:33:39,www.leboncoin.fr
2013-04-12 14:33:40,193.164.196.60
2013-04-12 14:33:40,static.leboncoin.fr
2013-04-12 14:33:40,deliv.leboncoin.fr
2013-04-12 14:33:41,193.164.196.50
2013-04-12 14:33:43,193.164.196.40
2013-04-12 14:34:19,deliv.leboncoin.fr
2013-04-12 14:34:20,www.leboncoin.fr
2013-04-12 14:34:38,www.leboncoin.fr
2013-04-12 14:34:38,static.leboncoin.fr
2013-04-12 14:34:38,193.164.196.50
2013-04-12 14:34:38,193.164.197.60
2013-04-12 14:34:38,deliv.leboncoin.fr
2013-04-12 14:34:38,193.164.196.60
2013-04-12 14:34:39,deliv.leboncoin.fr
2013-04-12 14:34:39,static.leboncoin.fr
2013-04-12 14:34:39,193.164.197.60
2013-04-12 14:34:40,193.164.197.60
2013-04-12 14:34:40,193.164.196.60
2013-04-12 14:34:45,deliv.leboncoin.fr
2013-04-12 14:35:29,193.164.197.30
2013-04-12 14:35:29,www.leboncoin.fr
2013-04-12 14:35:29,193.164.197.60
2013-04-12 14:35:29,193.164.197.50
2013-04-12 14:35:29,193.164.196.40
2013-04-12 14:35:29,static.leboncoin.fr
2013-04-12 14:35:29,193.164.197.40
2013-04-12 14:35:29,193.164.196.30
2013-04-12 14:35:29,193.164.196.50
2013-04-12 14:35:29,deliv.leboncoin.fr
2013-04-12 14:35:29,193.164.196.60
2013-04-12 15:25:46,static.leboncoin.fr
2013-04-12 15:25:46,193.164.196.60
2013-04-12 15:25:46,193.164.197.40
2013-04-12 15:25:46,deliv.leboncoin.fr
2013-04-12 15:25:46,www.leboncoin.fr
2013-04-12 15:25:47,adventori.com
2013-04-12 15:25:55,193.164.196.60
2013-04-12 15:25:56,193.164.196.60
2013-11-18 08:13:07,fpdownload2.macromedia.com
2013-11-18 08:14:07,www.google.fr
2013-11-18 08:14:19,www.google.fr
2013-11-18 08:14:23,apis.google.com
2013-11-18 08:14:27,www.google.com
2013-11-18 08:14:41,www.google.fr
2013-11-18 08:14:41,www.google.com
2013-11-18 08:14:41,apis.google.com
2013-11-18 08:14:53,www.google.fr
2013-11-18 08:14:53,clients1.google.fr
2013-11-18 08:14:54,www.google.fr
2013-11-18 08:14:58,www.google.fr
2013-11-18 08:15:01,www.google.fr
2013-11-18 08:15:03,www.google.fr
2013-11-18 08:15:04,www.google.fr
2013-11-18 08:15:04,www.prima.fr
2013-11-18 08:15:05,www.prima.fr
2013-11-18 08:15:06,admin.brightcove.com
2013-11-18 08:15:06,www.prima.fr
2013-11-18 08:15:08,p.typekit.net
2013-11-18 08:15:09,www.prima.fr
2013-11-18 08:15:09,connect.facebook.net
2013-11-18 08:15:09,assets.pinterest.com
2013-11-18 08:15:09,p.typekit.net
2013-11-18 08:15:10,www.prima.fr
2013-11-18 08:15:11,www.prima.fr
2013-11-18 08:15:11,www.google.com
2013-11-18 08:15:13,www.prima.fr
2013-11-18 08:15:13,static.ak.facebook.com
2013-11-18 08:15:13,www.facebook.com
2013-11-18 08:15:13,widget.achetezfacile.com
2013-11-18 08:15:13,s-static.ak.facebook.com
2013-11-18 08:15:13,www.google.com
2013-11-18 08:15:14,www.google.com
2013-11-18 08:15:15,www.facebook.com
2013-11-18 08:15:24,www.google.fr
2013-11-18 08:15:25,www.avecpassion.fr
2013-11-18 08:15:25,apis.google.com
2013-11-18 08:15:26,www.avecpassion.fr
2013-11-18 08:15:26,www.google.fr
2013-11-18 08:15:27,www.avecpassion.fr
2013-11-18 08:15:28,www.avecpassion.fr
2013-11-18 08:15:28,www.avec-passion.fr
2013-11-18 08:15:28,assets.pinterest.com
2013-11-18 08:15:28,passets.pinterest.com
2013-11-18 08:15:28,accounts.google.com
2013-11-18 08:15:30,clients1.google.fr
2013-11-18 08:15:30,www.google.fr
2013-11-18 08:15:34,www.google.fr
2013-11-18 08:15:34,nadiabarthlome.blogspot.com
2013-11-18 08:15:35,www.blogger.com
2013-11-18 08:15:35,www.google.fr
2013-11-18 08:15:35,nadiabarthlome.blogspot.fr
2013-11-18 08:15:36,apis.google.com
2013-11-18 08:15:36,www.google.fr
2013-11-18 08:15:37,accounts.google.com
2013-11-18 08:15:37,apis.google.com
2013-11-18 08:15:37,www.avecpassion.fr
2013-11-18 08:15:38,www.facebook.com
2013-11-18 08:15:38,s-static.ak.facebook.com
2013-11-18 08:15:38,www.avecpassion.fr
2013-11-18 08:15:38,www.google.com
2013-11-18 08:15:38,platform.twitter.com
2013-11-18 08:15:38,img1.blogblog.com
2013-11-18 08:15:38,img2.blogblog.com
2013-11-18 08:15:38,www.google.fr
2013-11-18 08:15:38,www.blogger.com
2013-11-18 08:15:38,www.blogblog.com
2013-11-18 08:15:38,static.ak.facebook.com
2013-11-18 08:15:39,apis.google.com
2013-11-18 08:15:39,www.blogger.com
2013-11-18 08:15:39,4.bp.blogspot.com
2013-11-18 08:15:39,www.google.com
2013-11-18 08:15:39,www.avecpassion.fr
2013-11-18 08:15:40,www.avecpassion.fr
2013-11-18 08:15:40,s-static.ak.facebook.com
2013-11-18 08:15:40,apis.google.com
2013-11-18 08:15:40,www.google.com
2013-11-18 08:15:40,www.facebook.com
2013-11-18 08:15:40,3.bp.blogspot.com
2013-11-18 08:15:40,platform.twitter.com
2013-11-18 08:15:40,static.ak.facebook.com
2013-11-18 08:15:41,www.google.com
2013-11-18 08:15:41,1.bp.blogspot.com
2013-11-18 08:15:41,www.facebook.com
2013-11-18 08:15:41,platform.twitter.com
2013-11-18 08:15:42,www.blogger.com
2013-11-18 08:15:42,accounts.google.com
2013-11-18 08:15:42,platform.twitter.com
2013-11-18 08:15:44,www.google.fr
2013-11-18 08:15:48,twitter.com
2013-11-18 08:15:50,twitter.com
2013-11-18 08:16:19,twitter.com
2013-11-18 08:16:21,twitter.com
2013-11-18 08:16:23,clients1.google.fr
2013-11-18 08:16:23,platform.twitter.com
2013-11-18 08:16:23,www.google.fr
2013-11-18 08:16:27,www.google.fr
2013-11-18 08:16:34,www.google.fr
2013-11-18 08:16:55,www.google.fr
2013-11-18 08:17:14,platform.twitter.com
2013-11-18 08:17:22,www.google.fr
2013-11-18 08:17:23,www.avecpassion.fr
2013-11-18 08:17:24,platform.twitter.com
2013-11-18 08:17:24,www.avecpassion.fr
2013-11-18 08:17:24,www.google.fr
2013-11-18 08:17:24,www.facebook.com
2013-11-18 08:17:24,static.ak.facebook.com
2013-11-18 08:17:24,s-static.ak.facebook.com
2013-11-18 08:17:25,www.facebook.com
2013-11-18 08:17:25,www.avecpassion.fr
2013-11-18 08:17:55,twitter.com
2013-11-18 08:19:01,www.avecpassion.fr
2013-11-18 08:19:02,www.avecpassion.fr
2013-11-18 08:19:02,static.ak.facebook.com
2013-11-18 08:19:02,s-static.ak.facebook.com
2013-11-18 08:19:03,www.avecpassion.fr
2013-11-18 08:22:27,www.google.fr
2013-11-18 08:22:28,www.blogger.com
2013-11-18 08:22:28,nadiabarthlome.blogspot.com
2013-11-18 08:22:28,www.google.com
2013-11-18 08:22:28,nadiabarthlome.blogspot.fr
2013-11-18 08:22:28,www.google.fr
2013-11-18 08:22:29,nadiabarthlome.blogspot.fr
2013-11-18 08:22:32,www.google.fr
2013-11-18 08:22:34,www.avecpassion.fr
2013-11-18 08:22:40,www.google.fr
2013-11-18 08:23:32,apis.google.com
2013-11-18 08:23:52,www.google.fr
2013-11-20 16:07:16,www.google.fr
2013-11-20 16:07:19,www.google.fr
2013-11-20 16:07:28,www.google.fr
2013-11-20 16:07:29,www.google.fr
2013-11-20 16:07:30,apis.google.com
2013-11-20 16:07:33,www.google.com
2013-11-20 16:08:33,apis.google.com
2013-11-20 16:08:33,www.google.fr
2013-11-20 16:08:33,www.google.com
2013-11-20 16:09:04,www.google.fr
2013-11-20 16:09:15,clients1.google.fr
2013-11-20 16:09:15,id.google.fr
2013-11-20 16:09:16,www.google.fr
2013-11-20 16:09:16,clients1.google.fr
2013-11-20 16:09:17,clients1.google.fr
2013-11-20 16:09:17,www.google.fr
2013-11-20 16:09:17,id.google.fr
2013-11-20 16:09:22,www.google.fr
2013-11-20 16:09:23,optimisterre.fr
2013-11-20 16:09:24,www.google.fr
2013-11-20 16:09:24,optimisterre.fr
2013-11-20 16:09:25,optimisterre.fr
2013-11-20 16:09:27,optimisterre.fr
2013-11-20 16:09:27,graph.facebook.com
2013-11-20 16:09:28,platform.twitter.com
2013-11-20 16:09:28,connect.facebook.net
2013-11-20 16:09:28,optimisterre.fr
2013-11-20 16:09:35,www.facebook.com
2013-11-20 16:09:35,s-static.ak.facebook.com
2013-11-20 16:09:35,static.ak.facebook.com
2013-11-20 16:09:36,www.facebook.com
2013-11-20 16:09:37,www.facebook.com
2013-11-20 16:09:37,platform.twitter.com
2013-11-20 16:09:38,twitter.com
2013-11-20 16:09:39,platform.twitter.com
2013-11-20 16:09:57,optimisterre.fr
2013-11-20 16:09:58,platform.twitter.com
2013-11-20 16:09:58,s-static.ak.facebook.com
2013-11-20 16:09:58,graph.facebook.com
2013-11-20 16:09:58,www.facebook.com
2013-11-20 16:09:58,static.ak.facebook.com
2013-11-20 16:09:59,twitter.com
2013-11-20 16:09:59,www.facebook.com
2013-11-20 16:10:00,optimisterre.fr
2013-11-20 16:10:01,platform.twitter.com
2013-11-25 09:37:54,addons.foxitsoftware.com
2013-11-25 09:37:54,ad.foxitsoftware.com
2013-11-25 09:37:55,addons.foxitsoftware.com
2013-11-25 09:44:58,addons.foxitsoftware.com
2013-11-25 09:45:22,addons.foxitsoftware.com
2013-11-25 09:54:05,addons.foxitsoftware.com
2013-11-25 09:54:06,addons.foxitsoftware.com
2013-11-25 10:08:33,javadl-esd-secure.oracle.com
2013-11-25 11:05:38,javadl-esd-secure.oracle.com
2013-11-25 11:13:35,javadl-esd-secure.oracle.com
2013-11-25 12:11:55,javadl-esd-secure.oracle.com
2013-11-26 10:07:27,fpdownload2.macromedia.com
2013-11-26 10:07:39,www.google.com
2013-11-26 10:07:39,www.google.fr
2013-11-26 10:07:40,www.google.fr
2013-11-26 10:07:43,apis.google.com
2013-11-26 10:07:46,www.google.com
2013-11-26 10:08:35,www.google.fr
2013-11-26 10:08:37,www.cours-genie-civil.com
2013-11-26 10:09:47,www.google.fr
2013-11-26 10:09:47,www.google.com
2013-11-26 10:09:47,apis.google.com
2013-11-26 10:10:16,ieonline.microsoft.com
2013-11-26 10:38:47,www.google.fr
2013-11-26 10:38:47,www.google.com
2013-11-26 10:38:52,mail.google.com
2013-11-26 10:38:52,www.google.fr
2013-11-26 10:38:53,accounts.google.com
2013-11-26 10:38:53,mail.google.com
2013-11-26 10:38:54,www.google.fr
2013-11-26 10:38:55,accounts.google.com
2013-11-26 10:38:55,mail.google.com
2013-11-26 10:38:57,www.google.com
2013-11-26 10:38:58,mail.google.com
2013-11-26 10:38:58,www.google.com
2013-11-26 10:39:01,accounts.youtube.com
2013-11-26 10:39:01,apis.google.com
2013-11-26 10:39:21,apis.google.com
2013-11-26 10:39:21,accounts.google.fr
2013-11-26 10:39:28,accounts.youtube.com
2013-11-26 10:39:28,accounts.google.com
2013-11-26 10:39:29,clients2.google.com
2013-11-26 10:39:29,accounts.google.fr
2013-11-26 10:39:29,mail.google.com
2013-11-26 10:39:31,www.google.com
2013-11-26 10:39:34,plus.google.com
2013-11-26 10:39:38,mail.google.com
2013-11-26 10:39:38,clients2.google.com
2013-11-26 10:39:38,chatenabled.mail.google.com
2013-11-26 10:39:46,mail.google.com
2013-11-26 10:39:48,mail.google.com
2013-11-26 10:39:48,plus.google.com
2013-11-26 10:39:50,plus.google.com
2013-11-26 10:39:50,mail.google.com
2013-11-26 10:39:52,www.google.fr
2013-11-26 10:39:52,chatenabled.mail.google.com
2013-11-26 10:39:52,apis.google.com
2013-11-26 10:40:02,www.google.com
2013-11-26 10:40:02,accounts.google.fr
2013-11-26 10:40:02,mail.google.com
2013-11-26 10:40:02,accounts.youtube.com
2013-11-26 10:40:02,accounts.google.com
2014-01-20 08:02:38,www.mozilla.com
2014-01-20 08:02:39,www.mozilla.org
2014-01-20 08:02:40,www.mozilla.org
2014-01-20 08:02:40,gtssl-ocsp.geotrust.com
2014-01-20 08:02:41,www.mozilla.org
2014-01-20 08:02:41,gtssl-ocsp.geotrust.com
2014-01-20 08:02:42,gtglobal-ocsp.geotrust.com
2014-01-20 08:02:42,clients1.google.com
2014-01-20 08:02:47,geo.mozilla.org
2014-01-20 08:02:49,clients1.google.com
2014-01-20 08:02:52,snippets-stats.mozilla.org
2014-01-20 08:02:52,ocsp.tcs.terena.org
2014-01-20 08:02:52,clients1.google.com
2014-01-20 08:02:52,www.google.fr
2014-01-20 08:02:59,ocsp.usertrust.com
2014-01-20 08:02:59,clients1.google.com
2014-01-20 08:03:38,addons.foxitsoftware.com
2014-01-20 08:04:37,sb-ssl.google.com
2014-01-20 08:04:45,www.google.com
2014-01-20 08:04:46,apis.google.com
2014-01-20 08:04:46,www.google.fr
2014-01-20 08:06:35,ocsp.verisign.com
2014-01-20 08:06:36,ocsp.thawte.com
2014-01-20 08:07:10,safebrowsing.clients.google.com
2014-01-20 08:07:10,safebrowsing-cache.google.com
2014-01-20 08:07:11,safebrowsing-cache.google.com
2014-01-20 08:07:12,safebrowsing-cache.google.com
2014-01-20 08:08:34,ocsp.digicert.com
2014-01-20 08:10:34,ocsp.thawte.com
2014-01-20 08:10:48,addons.foxitsoftware.com
2014-01-20 08:12:22,addons.foxitsoftware.com
2014-01-20 08:12:34,addons.foxitsoftware.com
2014-01-20 08:33:04,www.google.fr
2014-01-20 08:33:04,legeotechnicien.blogspot.com
2014-01-20 08:33:05,ecx.images-amazon.com
2014-01-20 08:33:05,www.assoc-amazon.fr
2014-01-20 08:33:05,ws.assoc-amazon.fr
2014-01-20 08:33:05,img1.blogblog.com
2014-01-20 08:33:05,legeotechnicien.blogspot.fr
2014-01-20 08:33:05,www.google.com
2014-01-20 08:33:05,www.blogblog.com
2014-01-20 08:33:05,img2.blogblog.com
2014-01-20 08:33:05,clients1.google.com
2014-01-20 08:33:05,1.bp.blogspot.com
2014-01-20 08:33:07,www.google.com
2014-01-20 08:33:07,www.blogger.com
2014-01-20 08:33:07,www.blogblog.com
2014-01-20 08:33:07,legeotechnicien.blogspot.fr
2014-01-20 08:33:08,www.google.com
2014-01-20 08:33:08,clients1.google.com
2014-01-20 08:34:17,www.google.fr
2014-01-20 08:34:18,legeotechnicien.blogspot.com
2014-01-20 08:34:18,legeotechnicien.blogspot.fr
2014-01-20 08:34:18,www.google.com
2014-01-20 08:34:18,www.assoc-amazon.fr
2014-01-20 08:34:19,legeotechnicien.blogspot.fr
2014-01-20 08:34:19,www.google.com
2014-01-20 08:34:59,www.google.fr
2014-01-20 08:35:03,www.blogger.com
2014-01-20 08:35:04,apis.google.com
2014-01-20 08:35:04,accounts.google.com
2014-01-20 08:36:05,safebrowsing.clients.google.com
2014-01-20 08:36:05,safebrowsing-cache.google.com
2014-01-20 08:36:06,safebrowsing-cache.google.com
2014-01-20 08:36:07,safebrowsing-cache.google.com
2014-01-20 08:36:08,safebrowsing-cache.google.com
2014-01-20 08:36:09,safebrowsing-cache.google.com
2014-01-20 08:36:10,safebrowsing-cache.google.com
2014-01-20 08:36:11,www.google.com
2014-01-20 08:36:12,www.google.fr
2014-01-20 08:36:14,apis.google.com
2014-01-20 08:36:14,www.blogger.com
2014-01-20 08:37:11,safebrowsing-cache.google.com
2014-01-20 08:40:05,www.google.com
2014-01-20 08:40:06,www.google.com
2014-01-20 08:40:23,www.google.fr
2014-01-20 08:40:23,www.hotmail.com
2014-01-20 08:40:24,evintl-ocsp.verisign.com
2014-01-20 08:40:25,evsecure-ocsp.verisign.com
2014-01-20 08:40:25,evintl-ocsp.verisign.com
2014-01-20 08:40:25,login.live.com
2014-01-20 08:40:27,ocsp.digicert.com
2014-01-20 08:40:27,login.live.com
2014-01-20 08:40:28,ocsp.entrust.net
2014-01-20 08:40:38,windowslive.tt.omtrdc.net
2014-01-20 08:40:57,evintl-ocsp.verisign.com
2014-01-20 08:40:57,login.live.com
2014-01-20 08:40:58,login.live.com
2014-01-20 08:40:59,evintl-ocsp.verisign.com
2014-01-20 08:41:01,ocsp.verisign.com
2014-01-20 08:41:02,ocsp.verisign.com
2014-01-20 08:41:14,dm2302files.storage.live.com
2014-01-20 08:41:16,login.live.com
2014-01-20 08:41:17,js.live.net
2014-01-20 08:41:28,prod.registrar.skype.com
2014-01-20 08:41:29,prod.registrar.skype.com
2014-01-20 08:41:29,evintl-ocsp.verisign.com
2014-01-20 08:41:29,go.microsoft.com
2014-01-20 08:41:30,people.directory.live.com
2014-01-20 08:41:32,prod.registrar.skype.com
2014-01-20 08:41:33,prod.registrar.skype.com
2014-01-20 08:41:43,ad.foxitsoftware.com
2014-01-20 08:41:43,addons.foxitsoftware.com
2014-01-20 08:41:44,addons.foxitsoftware.com
2014-01-20 08:41:58,mail.live.com
2014-01-20 08:42:00,h.live.com
2014-01-20 08:42:01,www.google.com
2014-01-20 08:42:02,www.google.fr
2014-01-20 08:42:02,dub125.mail.live.com
2014-01-20 08:42:05,cid-94be8be69be211a7.users.storage.live.com
2014-01-20 08:42:12,h.live.com
2014-01-20 08:42:17,storage.live.com
2014-01-20 08:42:21,dub125.mail.live.com
2014-01-20 08:42:28,h.live.com
2014-01-20 08:42:30,dub125.mail.live.com
2014-01-20 08:42:37,dub125.afx.ms
2014-01-20 08:43:12,secure.shared.live.com
2014-01-20 08:43:12,api.skype.com
2014-01-20 08:43:37,dub125.mail.live.com
2014-01-20 08:43:38,cid-94be8be69be211a7.users.storage.live.com
2014-01-20 08:44:31,go.trouter.io
2014-01-20 11:58:55,ocsp.digicert.com
2014-01-20 11:58:56,ocsp.digicert.com
2014-01-20 11:58:56,clients1.google.com
2014-01-20 11:58:56,gtglobal-ocsp.geotrust.com
2014-01-20 11:59:00,www.google.com
2014-01-20 11:59:00,clients1.google.com
2014-01-20 11:59:01,www.mozilla.org
2014-01-20 11:59:02,www.google.com
2014-01-20 11:59:03,clients1.google.com
2014-01-20 11:59:03,plugins.mozilla.org
2014-01-20 11:59:05,www.hotmail.com
2014-01-20 11:59:05,www.google.fr
2014-01-20 11:59:06,evintl-ocsp.verisign.com
2014-01-20 11:59:06,evsecure-ocsp.verisign.com
2014-01-20 11:59:06,login.live.com
2014-01-20 11:59:09,ocsp.entrust.net
2014-01-20 11:59:09,ocsp.digicert.com
2014-01-20 11:59:10,ocsp.digicert.com
2014-01-20 11:59:10,login.live.com
2014-01-20 11:59:22,login.live.com
2014-01-20 11:59:22,evintl-ocsp.verisign.com
2014-01-20 11:59:23,windowslive.tt.omtrdc.net
2014-01-20 11:59:24,ocsp.verisign.com
2014-01-20 11:59:31,login.live.com
2014-01-20 11:59:33,js.live.net
2014-01-20 11:59:43,prod.registrar.skype.com
2014-01-20 11:59:48,prod.registrar.skype.com
2014-01-20 11:59:49,prod.registrar.skype.com
2014-01-20 11:59:50,prod.registrar.skype.com
2014-01-20 11:59:51,prod.registrar.skype.com
2014-01-20 12:00:06,prod.registrar.skype.com
2014-01-20 12:00:07,prod.registrar.skype.com
2014-01-20 12:00:19,evintl-ocsp.verisign.com
2014-01-20 12:00:19,prod.registrar.skype.com
2014-01-20 12:00:20,prod.registrar.skype.com
2014-01-20 12:00:23,mail.live.com
2014-01-20 12:00:25,people.directory.live.com
2014-01-20 12:00:26,dub125.mail.live.com
2014-01-20 12:00:27,g.msn.com
2014-01-20 12:00:28,g.msn.com
2014-01-20 12:00:32,dub125.mail.live.com
2014-01-20 12:00:36,dub125.mail.live.com
2014-01-20 12:00:36,storage.live.com
2014-01-20 12:00:55,prod.registrar.skype.com
2014-01-20 12:00:57,www.google.com
2014-01-20 12:00:59,www.google.fr
2014-01-20 12:01:09,byfiles.storage.msn.com
2014-01-20 12:01:09,api.skype.com
2014-01-20 12:01:09,p.sfx.ms
2014-01-20 12:01:09,h.live.com
2014-01-20 12:01:09,cid-94be8be69be211a7.users.storage.live.com
2014-01-20 12:01:09,bn1files.storage.live.com
2014-01-20 12:01:09,dm2302files.storage.live.com
2014-01-20 12:01:09,h2.msn.com
2014-01-20 12:01:09,bn1302files.storage.live.com
2014-01-20 12:01:09,dub125.mail.live.com
2014-01-20 12:01:09,dm2304files.storage.live.com
2014-01-20 12:01:09,go.trouter.io
2014-01-20 12:01:09,bn1301files.storage.live.com
2014-01-20 12:01:09,dm2301files.storage.live.com
2014-01-20 12:01:09,blufiles.storage.msn.com
2014-01-20 12:01:09,dm1files.storage.live.com
2014-01-22 09:27:54,cnfg.toolbarservices.com
2014-01-22 09:27:57,utils.delta-search.com
2014-01-22 09:27:57,www.google.com
2014-01-22 09:27:59,ajax.googleapis.com
2014-01-22 09:28:06,fpdownload2.macromedia.com
2014-01-22 09:28:08,img.babylon.com
2014-01-22 09:28:08,ajax.googleapis.com
2014-01-22 09:28:10,www.google.com
2014-01-22 09:30:48,go.microsoft.com
2014-01-22 09:30:48,ieonline.microsoft.com
2014-01-22 09:54:13,www.google.fr
2014-01-22 09:54:13,www.google.com
2014-01-22 09:54:14,www.google.fr
2014-01-22 09:54:18,www.google.com
2014-01-22 09:55:08,www.google.fr
2014-01-22 09:55:09,www.sotraisol.com
2014-01-22 09:55:09,www.google.fr
2014-01-22 09:57:03,www.sotraisol.com
2014-01-22 09:57:04,www.sotraisol.com
2014-01-22 09:57:36,www.sotraisol.com
2014-01-22 09:58:02,img.babylon.com
2014-01-22 09:58:05,maps.google.fr
2014-01-22 09:58:05,www.sotraisol.com
2014-01-22 09:58:06,maps.google.fr
2014-01-22 09:58:06,mts0.google.com
2014-01-22 09:58:06,mts1.google.com
2014-01-22 09:58:07,mts1.google.com
2014-01-22 09:58:08,mts1.google.com
2014-01-22 09:58:08,mts0.google.com
2014-01-22 09:58:09,mts1.google.com
2014-01-22 09:58:09,cbk0.google.com
2014-01-22 09:58:09,maps.google.fr
2014-01-22 09:58:10,gg.google.com
2014-01-22 09:58:15,www.sotraisol.com
2014-01-22 09:58:15,mts0.google.com
2014-01-22 09:58:15,maps.google.fr
2014-01-22 09:58:15,mts1.google.com
2014-01-22 09:58:31,www.sotraisol.com
2014-01-22 09:58:31,maps.google.fr
2014-01-22 09:58:36,maps.google.fr
2014-01-22 09:58:36,www.sotraisol.com
2014-01-22 09:58:45,www.sotraisol.com
2014-01-22 09:58:45,gg.google.com
2014-01-22 09:58:45,mts1.google.com
2014-01-22 09:58:45,mts0.google.com
2014-01-22 09:58:45,maps.google.fr
2014-01-22 09:58:54,gg.google.com
2014-01-22 10:06:47,img.babylon.com
2014-01-22 10:10:42,www.google.com
2014-01-22 10:10:42,www.google.fr
2014-01-22 10:10:43,www.google.fr
2014-01-22 10:10:45,apis.google.com
2014-01-22 10:10:49,www.google.fr
2014-01-22 10:10:50,www.google.fr
2014-01-22 10:10:50,apis.google.com
2014-01-22 10:10:50,www.lameirest.com
2014-01-22 10:10:51,www.lameirest.com
2014-01-22 10:13:08,www.google.fr
2014-01-22 10:13:09,www.franki-geotechnics.be
2014-01-22 10:13:10,www.franki-geotechnics.be
2014-01-22 10:13:11,www.franki-geotechnics.be
2014-01-22 10:13:11,www.adobe.com
2014-01-22 10:13:12,www.franki-geotechnics.be
2014-01-22 10:13:19,www.franki-geotechnics.be
2014-01-22 10:13:22,www.franki-geotechnics.be
2014-01-22 10:13:23,www.franki-geotechnics.be
2014-01-22 10:13:24,www.franki-geotechnics.be
2014-01-22 10:13:24,www.adobe.com
2014-01-22 10:13:26,www.franki-geotechnics.be
2014-01-22 10:13:29,www.franki-geotechnics.be
2014-01-22 10:13:31,www.franki-geotechnics.be
2014-01-22 10:13:32,www.franki-geotechnics.be
2014-01-22 10:13:32,wwwimages.adobe.com
2014-01-22 10:13:33,www.franki-geotechnics.be
2014-01-22 10:15:38,www.google.fr
2014-01-22 10:40:04,www.google.fr
2014-01-22 10:42:24,www.google.fr
2014-01-22 11:04:00,www.google.fr
2014-01-22 15:35:24,dl.patchbeam.com
2014-01-22 15:35:34,www.powerarchiver.com
2014-01-22 15:35:34,dl.patchbeam.com
2014-02-13 13:30:58,gtssl-ocsp.geotrust.com
2014-02-13 13:31:32,www.squid-cache.org
2014-02-13 13:31:49,safebrowsing.clients.google.com
2014-02-13 13:31:53,safebrowsing-cache.google.com
2014-02-13 13:32:32,www.google.com
2014-02-13 13:32:33,gtglobal-ocsp.geotrust.com
2014-02-13 13:32:33,clients1.google.com
2014-02-13 13:32:47,www.google.fr
2014-02-13 13:32:55,safebrowsing-cache.google.com
2014-02-13 13:32:57,safebrowsing-cache.google.com
2014-02-13 13:32:58,safebrowsing-cache.google.com
2014-02-13 13:32:59,safebrowsing-cache.google.com
2014-02-13 13:33:00,safebrowsing-cache.google.com
2014-02-13 13:33:06,www.google.fr
2014-02-13 13:33:07,fr.viadeo.com
2014-02-13 13:33:08,fr.viadeo.com
2014-02-13 13:33:08,join.viadeo.com
2014-02-13 13:33:08,static9.viadeo-static.com
2014-02-13 13:33:08,static1.viadeo-static.com
2014-02-13 13:33:08,static2.viadeo-static.com
2014-02-13 13:33:08,static3.viadeo-static.com
2014-02-13 13:33:08,static0.viadeo-static.com
2014-02-13 13:33:09,static9.viadeo-static.com
2014-02-13 13:33:09,fr.viadeo.com
2014-02-13 13:33:09,static0.viadeo-static.com
2014-02-13 13:33:09,d2xyl0vj6bxpfi.cloudfront.net
2014-02-13 13:33:13,i1-js-14-3-01-10169-524974906-i.init.cedexis-radar.net
2014-02-13 13:33:18,limelight.cedexis.com
2014-02-13 13:34:01,safebrowsing-cache.google.com
2014-02-13 13:34:02,safebrowsing-cache.google.com
2014-02-13 13:34:03,safebrowsing-cache.google.com
2014-02-13 13:34:04,safebrowsing-cache.google.com
2014-02-13 13:34:05,safebrowsing-cache.google.com
2014-02-13 13:34:28,www.google.com
2014-02-13 13:34:31,apis.google.com
2014-02-13 13:34:36,www.google.fr
2014-02-13 13:34:36,www.geophy.fr
2014-02-13 13:34:47,www.google.fr
2014-02-13 13:34:54,ocsp.verisign.com
2014-02-13 13:34:55,ocsp.thawte.com
2014-02-13 13:35:07,safebrowsing-cache.google.com
2014-02-13 13:35:08,safebrowsing-cache.google.com
2014-02-13 13:35:09,safebrowsing-cache.google.com
2014-02-13 13:35:10,safebrowsing-cache.google.com
2014-02-13 13:35:58,www.google.fr
2014-02-13 13:35:59,www.journaldunet.com
2014-02-13 13:35:59,i-jdn.lejdn.fr
2014-02-13 13:35:59,ba.journaldunet.com
2014-02-13 13:35:59,connect.facebook.net
2014-02-13 13:35:59,ajax.googleapis.com
2014-02-13 13:35:59,r.ccmbg.com
2014-02-13 13:35:59,clients1.google.com
2014-02-13 13:35:59,static.ccmbg.com
2014-02-13 13:36:00,images.orangepublicite.fr
2014-02-13 13:36:00,static.ccmbg.com
2014-02-13 13:36:00,pixel.alephd.com
2014-02-13 13:36:00,www.beead.fr
2014-02-13 13:36:00,s374.meetrics.net
2014-02-13 13:36:01,s-static.ak.facebook.com
2014-02-13 13:36:01,www.facebook.com
2014-02-13 13:36:01,ba.journaldunet.com
2014-02-13 13:36:01,r.ccmbg.com
2014-02-13 13:36:01,static.ak.facebook.com
2014-02-13 13:36:02,www.facebook.com
2014-02-13 13:36:02,platform.twitter.com
2014-02-13 13:36:02,apis.google.com
2014-02-13 13:36:03,evsecure-ocsp.verisign.com
2014-02-13 13:36:03,clients1.google.com
2014-02-13 13:36:03,www.linkedin.com
2014-02-13 13:36:04,clients1.google.com
2014-02-13 13:36:05,platform.twitter.com
2014-02-13 13:36:05,ocsp.verisign.com
2014-02-13 13:36:17,static.ccmbg.com
2014-02-13 13:36:28,r.ccmbg.com
2014-02-13 13:36:28,static.ccmbg.com
2014-02-13 13:36:28,www.journaldunet.com
2014-02-13 13:36:28,ddf.journaldunet.com
2014-02-13 13:36:29,ddf.journaldunet.com
2014-02-13 13:36:29,videosfr.s3.amazonaws.com
2014-02-13 13:36:29,static.ccmbg.com
2014-02-13 13:36:29,ajax.googleapis.com
2014-02-13 13:36:29,www.journaldunet.com
2014-02-13 13:36:29,r.ccmbg.com
2014-02-13 13:36:30,widgets.pinterest.com
2014-02-13 13:36:30,www.linkedin.com
2014-02-13 13:36:30,s-static.ak.facebook.com
2014-02-13 13:36:30,static.ak.facebook.com
2014-02-13 13:36:30,www.facebook.com
2014-02-13 13:36:34,ba.journaldunet.com
2014-02-13 13:36:35,ba.journaldunet.com
2014-02-13 13:36:35,static.ak.facebook.com
2014-02-13 13:36:35,s374.meetrics.net
2014-02-13 13:36:35,www.facebook.com
2014-02-13 13:36:35,s-static.ak.facebook.com
2014-02-13 13:36:47,twitter.com
2014-02-13 13:36:54,www.google.fr
2014-02-13 13:36:54,www.jobisjob.fr
2014-02-13 13:36:54,ocsp.digicert.com
2014-02-13 13:36:54,static77.jobisjob.com
2014-02-13 13:36:55,static77.jobisjob.com
2014-02-13 13:36:55,www.jobisjob.fr
2014-02-13 13:36:55,www.google.fr
2014-02-13 13:36:55,www.facebook.com
2014-02-13 13:36:55,www.google.com
2014-02-13 13:36:55,static.ak.facebook.com
2014-02-13 13:36:55,s-static.ak.facebook.com
2014-02-13 13:36:56,clients1.google.com
2014-02-13 13:36:56,www.google.com
2014-02-13 13:36:57,map77.jobisjob.com
2014-02-13 13:36:57,static77.jobisjob.com
2014-02-13 13:36:57,www.jobisjob.fr
2014-02-13 13:37:29,www.google.com
2014-02-13 13:37:35,www.google.com
2014-02-13 13:37:38,www.eiffagetravauxpublics.com
2014-02-13 13:37:38,www.google.fr
2014-02-13 13:37:39,www.facebook.com
2014-02-13 13:37:39,www.eiffagetravauxpublics.com
2014-02-13 13:37:40,www.eiffagetravauxpublics.com
2014-02-13 13:37:45,www.klekoon.com
2014-02-13 13:37:45,www.google.fr
2014-02-13 13:37:55,ajax.googleapis.com
2014-02-13 13:37:58,apis.google.com
2014-02-13 13:38:01,platform.twitter.com
2014-02-13 13:38:51,accounts.google.com
2014-02-13 13:38:51,apis.google.com
2014-02-13 13:38:54,ocsp.thawte.com
2014-02-13 13:39:18,www.google.fr
2014-02-13 13:39:18,fr.kompass.com
2014-02-13 13:39:19,fr.kompass.com
2014-02-13 13:39:20,fr.kompass.com
2014-02-13 13:39:21,fr.kompass.com
2014-02-13 13:39:29,fr.kompass.com
2014-02-13 13:39:31,www.google.com
2014-02-13 13:39:32,www.google.fr
2014-02-13 13:40:18,www.eiffagetravauxpublics.com
2014-02-13 13:40:19,www.facebook.com
2014-02-13 13:40:19,www.eiffagetravauxpublics.com
2014-02-13 13:40:19,fc1.1bis.com
2014-02-13 13:40:29,fc1.1bis.com
2014-02-13 13:40:30,fc1.1bis.com
2014-02-13 13:40:42,fc1.1bis.com
2014-02-13 13:40:43,fc1.1bis.com
2014-02-13 13:40:47,fc1.1bis.com
2014-02-13 13:40:49,fc1.1bis.com
2014-02-13 13:40:56,fc1.1bis.com
2014-02-13 13:40:59,fc1.1bis.com
2014-02-13 13:41:03,fc1.1bis.com
2014-02-13 13:41:05,fc1.1bis.com
2014-02-13 13:41:11,fc1.1bis.com
2014-02-13 13:41:14,fc1.1bis.com
2014-02-13 13:41:16,fc1.1bis.com
2014-02-13 13:41:41,fc1.1bis.com
2014-02-13 13:41:43,fc1.1bis.com
2014-02-13 13:42:58,fc1.1bis.com
2014-02-13 13:42:59,fc1.1bis.com
2014-02-13 13:43:35,fc1.1bis.com
2014-02-26 13:10:54,ieonline.microsoft.com
2014-02-26 13:10:58,www.bing.com
2014-02-26 13:10:58,www.google.com
2014-02-26 13:11:03,clients5.google.com
2014-02-26 13:11:04,clients5.google.com
2014-02-26 13:11:05,www.google.fr
2014-02-26 13:11:05,clients5.google.com
2014-02-26 13:11:05,www.google.com
2014-02-26 13:11:08,www.google.fr
2014-02-26 13:11:10,apis.google.com
2014-02-26 13:11:10,www.google.com
2014-02-26 13:11:19,www.google.fr
2014-02-26 13:11:19,apis.google.com
2014-02-26 13:11:20,apis.google.com
2014-02-26 13:11:20,www.google.fr
2014-02-26 13:11:20,www.google.com
2014-02-26 13:11:20,accounts.google.com
2014-02-26 13:11:21,www.google.com
2014-02-26 13:11:21,mail.google.com
2014-02-26 13:11:23,www.google.com
2014-02-26 13:11:23,accounts.youtube.com
2014-02-26 13:11:52,apis.google.com
2014-02-26 13:11:52,accounts.google.fr
2014-02-26 13:11:54,apis.google.com
2014-02-26 13:11:56,accounts.google.com
2014-02-26 13:11:56,accounts.youtube.com
2014-02-26 13:11:56,clients2.google.com
2014-02-26 13:11:56,www.google.com
2014-02-26 13:11:56,accounts.google.fr
2014-02-26 13:11:57,mail.google.com
2014-02-26 13:11:59,clients6.google.com
2014-02-26 13:11:59,clients2.google.com
2014-02-26 13:12:00,plus.google.com
2014-02-26 13:12:01,mail.google.com
2014-02-26 13:12:01,chatenabled.mail.google.com
2014-02-26 13:12:42,plus.google.com
2014-02-26 13:12:42,accounts.google.com
2014-02-26 13:12:53,go.microsoft.com
2014-02-26 13:12:53,ieonline.microsoft.com
2014-02-26 13:12:55,chatenabled.mail.google.com
2014-02-26 13:13:25,mail.google.com
2014-02-26 13:13:48,clients6.google.com
2014-02-26 13:13:51,plus.google.com
2014-02-26 13:14:02,www.google.com
2014-02-26 13:14:31,mail.google.com
2014-02-26 13:14:31,apis.google.com
2014-02-26 13:14:32,apis.google.com
2014-02-26 13:14:32,drive.google.com
2014-02-26 13:15:05,plus.google.com
2014-02-26 13:15:05,www.google.com
2014-02-26 13:15:16,www.google.com
2014-02-26 13:15:17,mail.google.com
2014-02-26 13:15:18,mail.google.com
2014-02-26 13:15:53,drive.google.com
2014-02-26 13:15:54,clients6.google.com
2014-02-26 13:15:56,www.google.com
2014-02-26 13:15:56,apis.google.com
2014-02-26 13:15:59,mail.google.com
2014-02-26 13:15:59,accounts.google.com
2014-02-26 13:16:01,drive.google.com
2014-02-26 13:16:02,0.drive.google.com
2014-02-26 13:16:02,apis.google.com
2014-02-26 13:16:03,apis.google.com
2014-02-26 13:16:03,drive.google.com
2014-02-26 13:16:04,www.google.com
2014-02-26 13:16:04,0.drive.google.com
2014-02-26 13:16:08,drive.google.com
2014-02-26 13:16:08,docs.google.com
2014-02-26 13:16:08,www.google.com
2014-02-26 13:16:09,docs.google.com
2014-02-26 13:16:09,drive.google.com
2014-02-26 13:16:11,docs.google.com
2014-02-26 13:16:13,docs.google.com
2014-02-26 13:16:14,docs.google.com
2014-02-26 13:16:15,docs.google.com
2014-02-26 13:16:16,docs.google.com
2014-02-26 13:16:18,docs.google.com
2014-02-26 13:16:25,drive.google.com
2014-02-26 13:16:27,accounts.google.com
2014-02-26 13:16:27,docs.google.com
2014-02-26 13:16:27,www.google.com
2014-02-26 13:17:03,gg.google.com
2014-02-26 13:17:41,docs.google.com
2014-02-26 13:17:41,www.google.com
2014-02-26 13:17:41,accounts.google.com
2014-02-26 13:17:41,drive.google.com
2014-02-26 13:18:03,drive.google.com
2014-02-26 13:19:17,mail.google.com
2014-02-26 13:19:53,accounts.google.fr
2014-02-26 13:19:53,accounts.youtube.com
2014-02-26 13:19:56,clients2.google.com
2014-02-26 13:19:59,clients6.google.com
2014-02-26 13:19:59,chatenabled.mail.google.com
2014-02-26 13:20:00,www.google.com
2014-02-26 13:20:13,0.drive.google.com
2014-02-26 13:21:03,gg.google.com
2014-02-26 13:22:03,drive.google.com
2014-02-26 13:28:03,drive.google.com
2014-02-26 13:30:03,drive.google.com
2014-02-26 13:31:56,drive.google.com
2014-02-26 13:31:57,clients2.google.com
2014-02-26 13:32:18,clients2.google.com
2014-02-26 13:32:20,clients2.google.com
2014-02-26 13:32:22,clients2.google.com
2014-02-26 13:32:57,mail.google.com
2014-02-26 13:33:08,mail.google.com
2014-02-26 13:33:08,drive.google.com
2014-02-26 13:33:09,drive.google.com
2014-02-26 13:33:09,mail.google.com
2014-02-26 13:33:09,0.drive.google.com
2014-02-28 10:52:30,ieonline.microsoft.com
2014-02-28 10:53:28,clients5.google.com
2014-02-28 10:53:29,clients5.google.com
2014-02-28 10:53:35,www.google.fr
2014-02-28 10:53:35,www.google.com
2014-02-28 10:53:49,www.google.fr
2014-02-28 10:53:51,apis.google.com
2014-02-28 10:53:52,www.google.com
2014-02-28 10:55:20,www.google.com
2014-02-28 10:55:20,www.google.fr
2014-02-28 10:55:20,apis.google.com
2014-02-28 10:57:05,www.google.fr
2014-02-28 10:57:16,ad.foxitsoftware.com
2014-02-28 10:58:12,www.google.fr
2014-02-28 10:58:13,www.solconseil.fr
2014-02-28 10:58:13,www.google.fr
2014-02-28 10:58:14,www.solconseil.fr
2014-02-28 10:58:16,www.solconseil.fr
2014-02-28 10:58:17,www.solconseil.fr
2014-02-28 10:58:25,clients5.google.com
2014-02-28 10:58:26,clients5.google.com
2014-02-28 10:58:27,clients5.google.com
2014-02-28 10:58:28,clients5.google.com
2014-02-28 10:58:29,clients5.google.com
2014-02-28 10:58:30,clients5.google.com
2014-02-28 10:58:30,www.google.com
2014-02-28 10:58:30,www.google.fr
2014-02-28 10:59:28,www.solconseil.fr
2014-02-28 11:00:04,www.google.fr
2014-02-28 11:00:47,www.google.fr
2014-02-28 11:00:48,www.solconseil.fr
2014-02-28 11:00:54,www.solconseil.fr
2014-02-28 11:00:56,www.solconseil.fr
2014-02-28 11:01:28,www.solconseil.fr
2014-02-28 11:10:43,clients5.google.com
2014-02-28 11:10:44,clients5.google.com
2014-02-28 11:10:45,clients5.google.com
2014-02-28 11:10:46,clients5.google.com
2014-02-28 11:10:46,www.google.com
2014-02-28 11:10:46,www.google.fr
2014-02-28 11:10:50,www.hotmail.com
2014-02-28 11:10:50,www.google.fr
2014-02-28 11:10:51,login.live.com
2014-02-28 11:10:52,login.live.com
2014-02-28 11:10:52,www.google.fr
2014-02-28 11:10:54,windowslive.tt.omtrdc.net
2014-02-28 11:11:01,login.live.com
2014-02-28 11:11:02,login.live.com
2014-02-28 11:11:03,windowslive.tt.omtrdc.net
2014-02-28 11:11:05,mail.live.com
2014-02-28 11:11:06,h2.msn.com
2014-02-28 11:11:06,people.directory.live.com
2014-02-28 11:11:07,h.live.com
2014-02-28 11:11:07,cid-94be8be69be211a7.users.storage.live.com
2014-02-28 11:11:07,dub125.mail.live.com
2014-02-28 11:11:08,g.msn.com
2014-02-28 11:11:08,h2.msn.com
2014-02-28 11:11:08,h.live.com
2014-02-28 11:11:10,people.directory.live.com
2014-02-28 11:11:10,dub125.mail.live.com
2014-02-28 11:11:10,h.live.com
2014-02-28 11:11:12,h.live.com
2014-02-28 11:11:13,h.live.com
2014-02-28 11:11:14,secure.shared.live.com
2014-02-28 11:11:15,js.live.net
2014-02-28 11:11:15,h.live.com
2014-02-28 11:11:15,bn1301files.storage.live.com
2014-02-28 11:11:15,secure.shared.live.com
2014-02-28 11:11:15,dub125.mail.live.com
2014-02-28 11:11:19,go.trouter.io
2014-02-28 11:12:17,storage.live.com
2014-02-28 11:12:53,secure.shared.live.com
2014-02-28 11:14:15,dub125.mail.live.com
2014-02-28 11:15:41,dub125.mail.live.com
2014-02-28 11:15:42,dub125.mail.live.com
2014-02-28 11:15:42,h.live.com
2014-02-28 11:16:49,h.live.com
2014-02-28 11:17:00,byfiles.storage.msn.com
2014-02-28 11:17:01,byfiles.storage.msn.com
2014-02-28 11:17:06,byfiles.storage.msn.com
2014-02-28 11:17:06,bn1301files.storage.live.com
2014-02-28 11:17:07,bn1302files.storage.live.com
2014-02-28 11:17:14,proxy-blu-people.directory.live.com
2014-02-28 11:17:50,dub125.mail.live.com
2014-02-28 11:18:50,dub125.mail.live.com
2014-02-28 11:19:51,dub125.mail.live.com
2014-02-28 11:22:11,proxy-blu-people.directory.live.com
2014-02-28 11:22:21,cid-94be8be69be211a7.users.storage.live.com
2014-02-28 11:25:58,g.msn.com
2014-02-28 11:26:13,dub125.mail.live.com
2014-02-28 11:26:21,dub125.mail.live.com
2014-02-28 11:26:29,h.live.com
2014-02-28 11:27:10,proxy-blu-people.directory.live.com
2014-02-28 11:29:01,clients5.google.com
2014-02-28 11:29:02,clients5.google.com
2014-02-28 11:29:03,clients5.google.com
2014-02-28 11:29:04,clients5.google.com
2014-02-28 11:29:05,www.google.fr
2014-02-28 11:29:05,clients5.google.com
2014-02-28 11:29:05,www.google.com
2014-02-28 11:29:21,www.google.fr
2014-02-28 11:29:22,ajax.googleapis.com
2014-02-28 11:29:22,www.fondasol.fr
2014-02-28 11:29:22,www.google.fr
2014-02-28 11:29:23,www.fondasol.fr
2014-02-28 11:29:24,www.fondasol.fr
2014-02-28 11:29:31,www.fondasol.fr
2014-02-28 11:29:34,www.fondasol.fr
2014-02-28 11:29:35,www.fondasol.fr
2014-02-28 11:30:33,h2.msn.com
2014-02-28 11:30:43,www.fondasol.fr
2014-02-28 11:30:43,www.google.fr
2014-02-28 11:30:44,www.fondasol.fr
2014-02-28 11:31:01,g.msn.com
2014-02-28 11:31:32,dub125.mail.live.com
2014-02-28 11:31:52,www.google.fr
2014-02-28 11:32:01,maps.google.fr
2014-02-28 11:32:03,www.google.fr
2014-02-28 11:32:06,maps.google.fr
2014-02-28 11:32:07,mt.google.com
2014-02-28 11:32:08,www.google.fr
2014-02-28 11:32:08,mt.google.com
2014-02-28 11:32:09,mts0.google.com
2014-02-28 11:32:10,mts0.google.com
2014-02-28 11:32:11,mts0.google.com
2014-02-28 11:32:11,geo0.ggpht.com
2014-02-28 11:32:11,www.google.fr
2014-02-28 11:32:12,www.google.fr
2014-02-28 11:32:12,mts0.google.com
2014-02-28 11:32:13,mts0.google.com
2014-02-28 11:32:13,geo0.ggpht.com
2014-02-28 11:32:13,www.google.fr
2014-02-28 11:32:14,www.google.fr
2014-02-28 11:32:14,mts0.google.com
2014-02-28 11:32:15,mts0.google.com
2014-02-28 11:32:15,proxy-blu-people.directory.live.com
2014-02-28 11:32:16,mts0.google.com
2014-02-28 11:32:17,mts0.google.com
2014-02-28 11:32:20,mts0.google.com
2014-02-28 11:32:21,mts0.google.com
2014-02-28 11:32:22,mts0.google.com
2014-02-28 11:32:22,geo0.ggpht.com
2014-02-28 11:32:22,www.google.fr
2014-02-28 11:32:32,storage.googleapis.com
2014-02-28 11:32:32,mts0.google.com
2014-02-28 11:32:33,mts0.google.com
2014-02-28 11:32:33,www.google.fr
2014-02-28 11:32:33,geo0.ggpht.com
2014-02-28 11:32:34,mts0.google.com
2014-02-28 11:32:34,storage.googleapis.com
2014-02-28 11:32:34,www.google.fr
2014-02-28 11:32:35,www.google.fr
2014-02-28 11:32:35,mts0.google.com
2014-02-28 11:32:36,www.google.fr
2014-02-28 11:32:52,clients5.google.com
2014-02-28 11:32:58,www.google.com
2014-02-28 11:32:59,www.google.fr
2014-02-28 11:33:07,www.google.fr
2014-02-28 11:33:10,www.google.com
2014-02-28 11:33:10,jooble-fr.com
2014-02-28 11:33:10,www.google.fr
2014-02-28 11:33:11,fpdownload2.macromedia.com
2014-02-28 11:33:11,www.google.com
2014-02-28 11:33:11,jooble-fr.com
2014-02-28 11:33:15,h2.msn.com
2014-02-28 11:33:17,jooble-fr.com
2014-02-28 11:33:33,www.google.fr
2014-02-28 11:33:35,fr.viadeo.com
2014-02-28 11:33:35,static3.viadeo-static.com
2014-02-28 11:33:35,static9.viadeo-static.com
2014-02-28 11:33:35,static0.viadeo-static.com
2014-02-28 11:33:35,static2.viadeo-static.com
2014-02-28 11:33:35,static1.viadeo-static.com
2014-02-28 11:33:35,www.google.fr
2014-02-28 11:33:36,static3.viadeo-static.com
2014-02-28 11:33:36,static1.viadeo-static.com
2014-02-28 11:33:36,d2xyl0vj6bxpfi.cloudfront.net
2014-02-28 11:33:36,fr.viadeo.com
2014-02-28 11:33:36,static0.viadeo-static.com
2014-02-28 11:33:36,join.viadeo.com
2014-02-28 11:33:36,static9.viadeo-static.com
2014-02-28 11:33:37,static2.viadeo-static.com
2014-02-28 11:33:39,i1-js-14-3-01-10169-848889974-i.init.cedexis-radar.net
2014-02-28 11:33:49,www.mairie.biz
2014-02-28 11:33:49,www.google.fr
2014-02-28 11:33:50,apis.google.com
2014-02-28 11:33:50,www.mairie.biz
2014-02-28 11:33:50,platform.twitter.com
2014-02-28 11:33:50,connect.facebook.net
2014-02-28 11:33:50,static.ak.facebook.com
2014-02-28 11:33:50,s-static.ak.facebook.com
2014-02-28 11:33:51,ajax.googleapis.com
2014-02-28 11:33:51,www.mairie.biz
2014-02-28 11:33:51,cdnjs.cloudflare.com
2014-02-28 11:33:51,www.google.fr
2014-02-28 11:33:51,www.facebook.com
2014-02-28 11:34:14,dub125.mail.live.com
2014-02-28 11:34:14,h.live.com
2014-02-28 11:34:18,h.live.com
2014-02-28 11:34:41,geo0.ggpht.com
2014-02-28 11:34:41,www.google.fr
2014-02-28 11:34:46,h2.msn.com
2014-02-28 11:36:48,apis.google.com
2014-02-28 11:36:48,www.google.fr
2014-02-28 11:37:11,proxy-blu-people.directory.live.com
2014-02-28 11:37:32,p.sfx.ms
2014-02-28 11:37:39,p.sfx.ms
2014-02-28 11:37:57,dub125.mail.live.com
2014-02-28 11:37:58,dub125.mail.live.com
2014-02-28 11:37:58,cid-94be8be69be211a7.users.storage.live.com
2014-02-28 11:38:11,h.live.com
2014-02-28 11:38:14,g.msn.com
2014-02-28 11:38:58,blufiles.storage.msn.com
2014-02-28 11:38:59,byfiles.storage.msn.com
2014-02-28 11:39:01,blufiles.storage.msn.com
2014-02-28 11:39:01,www.google.fr
2014-02-28 11:39:02,dm1files.storage.live.com
2014-02-28 11:39:02,blufiles.storage.msn.com
2014-02-28 11:39:02,www.google.fr
2014-02-28 11:39:02,www.syntec-ingenierie.fr
2014-02-28 11:39:02,ajax.googleapis.com
2014-02-28 11:39:03,www.syntec-ingenierie.fr
2014-02-28 11:39:11,www.google.fr
2014-02-28 11:39:12,www.anteagroup.fr
2014-02-28 11:39:13,www.google.fr
2014-02-28 11:39:13,maps.google.com
2014-02-28 11:39:13,fr.anteagroup.com
2014-02-28 11:39:14,fr.anteagroup.com
2014-02-28 11:39:16,fr.anteagroup.com
2014-02-28 11:39:17,fr.anteagroup.com
2014-02-28 11:39:19,fr.anteagroup.com
2014-02-28 11:39:20,maps.googleapis.com
2014-02-28 11:39:20,mt1.googleapis.com
2014-02-28 11:39:20,mt0.googleapis.com
2014-02-28 11:39:21,maps.googleapis.com
2014-02-28 11:39:21,fr.anteagroup.com
2014-02-28 11:39:22,fr.anteagroup.com
2014-02-28 11:39:25,maps.googleapis.com
2014-02-28 11:39:27,dub125.mail.live.com
2014-02-28 11:39:29,h.live.com
2014-02-28 11:39:31,dub125.mail.live.com
2014-02-28 11:39:59,go.trouter.io
2014-02-28 11:40:36,clients5.google.com
2014-02-28 11:40:37,clients5.google.com
2014-02-28 11:40:39,mail.google.com
2014-02-28 11:40:39,www.gmail.com
2014-02-28 11:40:39,accounts.google.com
2014-02-28 11:40:40,mail.google.com
2014-02-28 11:40:40,www.google.com
2014-02-28 11:40:40,apis.google.com
2014-02-28 11:40:40,accounts.google.com
2014-02-28 11:40:41,www.google.com
2014-02-28 11:40:41,mail.google.com
2014-02-28 11:40:44,apis.google.com
2014-02-28 11:40:44,accounts.youtube.com
2014-02-28 11:41:06,apis.google.com
2014-02-28 11:42:10,mail.google.com
2014-02-28 11:42:13,accounts.google.com
2014-02-28 11:42:14,accounts.youtube.com
2014-02-28 11:42:14,accounts.google.fr
2014-02-28 11:42:18,clients2.google.com
2014-02-28 11:42:18,accounts.google.com
2014-02-28 11:42:18,accounts.google.fr
2014-02-28 11:42:18,mail.google.com
2014-02-28 11:42:18,accounts.youtube.com
2014-02-28 11:42:19,www.google.com
2014-02-28 11:42:19,clients2.google.com
2014-02-28 11:42:19,plus.google.com
2014-02-28 11:42:22,chatenabled.mail.google.com
2014-02-28 11:42:23,mail.google.com
2014-02-28 11:42:28,plus.google.com
2014-02-28 11:42:28,apis.google.com
2014-02-28 11:42:28,chatenabled.mail.google.com
2014-02-28 11:42:28,clients5.google.com
2014-02-28 11:42:29,mail.google.com
2014-02-28 11:42:29,clients5.google.com
2014-02-28 11:42:30,clients5.google.com
2014-02-28 11:42:31,clients5.google.com
2014-02-28 11:42:32,clients5.google.com
2014-02-28 11:42:33,www.google.fr
2014-02-28 11:42:33,www.google.com
2014-02-28 11:42:35,www.google.com
2014-02-28 11:42:35,plus.google.com
2014-02-28 11:42:36,www.hotmail.com
2014-02-28 11:42:36,www.google.fr
2014-02-28 11:42:37,login.live.com
2014-02-28 11:42:38,login.live.com
2014-02-28 11:42:38,www.google.com
2014-02-28 11:42:38,www.google.fr
2014-02-28 11:42:39,windowslive.tt.omtrdc.net
2014-02-28 11:42:47,login.live.com
2014-02-28 11:42:48,mail.live.com
2014-02-28 11:42:48,windowslive.tt.omtrdc.net
2014-02-28 11:42:49,cid-94be8be69be211a7.users.storage.live.com
2014-02-28 11:42:50,h.live.com
2014-02-28 11:42:50,dub125.mail.live.com
2014-02-28 11:42:51,dub125.mail.live.com
2014-02-28 11:42:55,secure.shared.live.com
2014-02-28 11:42:55,people.directory.live.com
2014-02-28 11:42:55,h.live.com
2014-02-28 11:42:56,js.live.net
2014-02-28 11:42:57,secure.shared.live.com
2014-02-28 11:42:57,dub125.mail.live.com
2014-02-28 11:42:57,go.trouter.io
2014-02-28 11:42:58,storage.live.com
2014-02-28 11:42:58,secure.shared.live.com
2014-02-28 11:42:58,dub125.mail.live.com
2014-02-28 11:42:58,h2.msn.com
2014-02-28 11:42:58,p.sfx.ms
2014-02-28 11:42:58,cid-94be8be69be211a7.users.storage.live.com
2014-02-28 11:42:58,bn1304files.storage.live.com
2014-02-28 11:43:30,g.msn.com
2014-02-28 11:43:52,p.sfx.ms
2014-02-28 11:43:57,dub125.mail.live.com
2014-02-28 11:43:57,byfiles.storage.msn.com
2014-02-28 11:44:20,plus.google.com
2014-02-28 11:44:24,g.msn.com
2014-02-28 11:44:33,apis.google.com
2014-02-28 11:44:33,drive.google.com
2014-02-28 11:44:50,h.live.com
2014-02-28 11:45:04,clients6.google.com
2014-02-28 11:45:17,h2.msn.com
2014-02-28 11:45:47,dub125.mail.live.com
2014-02-28 11:45:55,mail.google.com
2014-02-28 11:45:57,go.trouter.io
2014-02-28 11:46:09,drive.google.com
2014-02-28 11:46:12,drive.google.com
2014-02-28 11:46:14,apis.google.com
2014-02-28 11:46:14,drive.google.com
2014-02-28 11:46:14,0.drive.google.com
2014-02-28 11:46:15,mail.google.com
2014-02-28 11:46:15,apis.google.com
2014-02-28 11:46:15,plus.google.com
2014-02-28 11:46:15,drive.google.com
2014-02-28 11:46:16,drive.google.com
2014-02-28 11:46:16,www.google.com
2014-02-28 11:46:16,0.drive.google.com
2014-02-28 11:46:20,www.google.com
2014-02-28 11:46:20,plus.google.com
2014-02-28 11:46:20,docs.google.com
2014-02-28 11:46:20,drive.google.com
2014-02-28 11:46:21,docs.google.com
2014-02-28 11:46:21,drive.google.com
2014-02-28 11:46:22,mail.google.com
2014-02-28 11:46:22,docs.google.com
2014-02-28 11:46:22,plus.google.com
2014-02-28 11:46:23,docs.google.com
2014-02-28 11:46:24,docs.google.com
2014-02-28 11:46:25,docs.google.com
2014-02-28 11:46:26,docs.google.com
2014-02-28 11:46:43,docs.google.com
2014-02-28 11:46:50,docs.google.com
2014-02-28 11:46:56,dub125.mail.live.com
2014-02-28 11:47:04,drive.google.com
2014-02-28 11:47:06,docs.google.com
2014-02-28 11:47:07,accounts.google.com
2014-02-28 11:47:07,www.google.com
2014-02-28 11:47:14,gg.google.com
2014-02-28 11:48:15,drive.google.com
2014-02-28 11:48:51,people.directory.live.com
2014-02-28 11:49:04,docs.google.com
2014-02-28 11:49:04,accounts.google.com
2014-02-28 11:49:04,www.google.com
2014-02-28 11:49:04,clients6.google.com
2014-02-28 11:49:04,drive.google.com
2014-02-28 11:49:38,0.drive.google.com
2014-02-28 11:49:44,mail.google.com
2014-02-28 11:49:47,go.trouter.io
2014-02-28 11:49:49,plus.google.com
2014-02-28 11:49:49,h2.msn.com
2014-02-28 11:49:49,h.live.com
2014-02-28 11:49:49,apis.google.com
2014-02-28 11:49:49,g.msn.com
2014-02-28 11:49:49,drive.google.com
2014-02-28 11:49:49,gg.google.com
2014-02-28 11:49:49,www.google.com
2014-02-28 11:49:49,mail.google.com
2014-02-28 14:03:37,www.ask.com
2014-02-28 14:03:38,apnstatic.ask.com
2014-02-28 14:03:38,www.search.ask.com
2014-02-28 14:03:39,apnstatic.ask.com
2014-02-28 14:03:40,apnstatic.ask.com
2014-02-28 14:06:27,ieonline.microsoft.com
2014-02-28 14:52:15,www.google.com
2014-02-28 14:54:15,go.microsoft.com
2014-02-28 14:54:15,ieonline.microsoft.com
2014-02-28 14:55:47,clients5.google.com
2014-02-28 14:55:48,clients5.google.com
2014-02-28 14:55:49,c.woopic.com
2014-02-28 14:55:49,clients5.google.com
2014-02-28 14:55:49,www.orange.fr
2014-02-28 14:55:50,c.woopic.com
2014-02-28 14:55:50,iapref.orange.fr
2014-02-28 14:55:51,c.orange.fr
2014-02-28 14:55:53,r.orange.fr
2014-02-28 14:55:53,id.orange.fr
2014-02-28 14:55:54,c.orange.fr
2014-02-28 14:55:54,id.orange.fr
2014-02-28 14:55:55,id.orange.fr
2014-02-28 14:55:55,images.orangepublicite.fr
2014-02-28 14:55:55,c.orange.fr
2014-02-28 14:55:55,www.facebook.com
2014-02-28 14:55:56,id.orange.fr
2014-02-28 14:57:27,id.orange.fr
2014-02-28 14:57:28,id.orange.fr
2014-02-28 14:57:28,eui.orange.fr
2014-02-28 14:57:29,eui.orange.fr
2014-02-28 14:57:30,c.orange.fr
2014-02-28 14:57:30,eui.orange.fr
2014-02-28 14:57:31,iapref.orange.fr
2014-02-28 14:57:31,c.woopic.com
2014-02-28 14:57:31,eui.orange.fr
2014-02-28 14:57:36,c.woopic.com
2014-02-28 14:57:36,iapref.orange.fr
2014-02-28 14:57:36,eui.orange.fr
2014-02-28 14:57:53,iapref.orange.fr
2014-02-28 14:57:53,eui.orange.fr
2014-02-28 14:57:54,iapref.orange.fr
2014-02-28 14:57:54,eui.orange.fr
2014-02-28 14:57:56,eui.orange.fr
2014-02-28 14:57:59,id.orange.fr
2014-02-28 14:58:00,id.orange.fr
2014-02-28 14:58:01,listener.ezakus.net
2014-02-28 14:58:19,id.orange.fr
2014-02-28 14:58:19,www.orange.fr
2014-02-28 14:58:20,iapref.orange.fr
2014-02-28 14:58:20,www.orange.fr
2014-02-28 14:58:20,pushinternet.woopic.com
2014-02-28 14:58:20,c.woopic.com
2014-02-28 14:58:20,mdsp.orange.fr
2014-02-28 14:58:20,r.orange.fr
2014-02-28 14:58:21,test-ds.woopic.com
2014-02-28 14:58:21,test-v4.woopic.com
2014-02-28 14:58:21,google.ezakus.net
2014-02-28 14:58:21,ap.orange.fr
2014-02-28 14:58:21,c.orange.fr
2014-02-28 14:58:23,r.orange.fr
2014-02-28 14:58:23,c.woopic.com
2014-02-28 14:58:23,statsv6.woopic.com
2014-02-28 14:58:24,r.orange.fr
2014-02-28 14:58:24,c.woopic.com
2014-02-28 14:58:28,r.orange.fr
2014-02-28 14:58:28,espaceclientv3.orange.fr
2014-02-28 14:58:28,c.woopic.com
2014-02-28 14:58:29,b.espaceclientv3.orange.fr
2014-02-28 14:58:31,espaceclientv3.orange.fr
2014-02-28 14:58:31,b.espaceclientv3.orange.fr
2014-02-28 14:58:31,c.woopic.com
2014-02-28 14:58:32,ec4.s.woopic.com
2014-02-28 14:58:32,ec1.s.woopic.com
2014-02-28 14:58:32,iz.orange.fr
2014-02-28 14:58:32,c.woopic.com
2014-02-28 14:58:32,media.pns.orange.fr
2014-02-28 14:58:32,ec2.s.woopic.com
2014-02-28 14:58:32,b.espaceclientv3.orange.fr
2014-02-28 14:58:33,iapref.orange.fr
2014-02-28 14:58:33,b.espaceclientv3.orange.fr
2014-02-28 14:58:33,c.woopic.com
2014-02-28 14:58:33,ec2.s.woopic.com
2014-02-28 14:58:33,ec4.s.woopic.com
2014-02-28 14:58:33,ec1.s.woopic.com
2014-02-28 14:58:37,ec4.s.woopic.com
2014-02-28 14:58:37,boutique.orange.fr
2014-02-28 14:58:41,ec4.s.woopic.com
2014-02-28 14:58:41,ec1.s.woopic.com
2014-02-28 14:58:41,c.woopic.com
2014-02-28 14:58:41,b.espaceclientv3.orange.fr
2014-02-28 14:58:41,boutique.orange.fr
2014-02-28 14:58:41,iz.orange.fr
2014-02-28 14:58:41,media-cms-inte.orangeinternet-eto.com
2014-02-28 14:58:41,tlm.s.woopic.com
2014-02-28 14:58:42,www.google.com
2014-02-28 14:58:42,as00.estara.com
2014-02-28 14:58:42,media-cms-inte.orangeinternet-eto.com
2014-02-28 14:58:42,boutique.orange.fr
2014-02-28 14:58:43,www.google.fr
2014-02-28 14:58:43,as00.estara.com
2014-02-28 14:58:43,boutique.orange.fr
2014-02-28 14:58:43,iapref.orange.fr
2014-02-28 14:58:43,www.google.com
2014-02-28 14:58:44,boutique.orange.fr
2014-02-28 14:58:45,c2cu.internetpluspro.orange-business.com
2014-02-28 14:58:45,boutique.orange.fr
2014-02-28 14:58:47,as00.estara.com
2014-02-28 14:58:49,c.woopic.com
2014-02-28 14:58:49,boutique.orange.fr
2014-02-28 14:58:49,iz.orange.fr
2014-02-28 14:58:50,www.google.fr
2014-02-28 14:58:50,iapref.orange.fr
2014-02-28 14:58:50,boutique.orange.fr
2014-02-28 14:58:50,www.google.com
2014-02-28 14:58:51,rainbow-fr.mythings.com
2014-02-28 14:58:51,www.google.com
2014-02-28 14:58:51,ajax.googleapis.com
2014-02-28 14:58:52,www.google.fr
2014-02-28 14:58:52,c2cu.internetpluspro.orange-business.com
2014-02-28 14:58:53,as00.estara.com
2014-02-28 15:01:29,rainbow-fr.mythings.com
2014-02-28 15:01:29,ajax.googleapis.com
2014-02-28 15:03:42,iz.orange.fr
2014-02-28 15:03:43,c.woopic.com
2014-02-28 15:03:43,iapref.orange.fr
2014-02-28 15:03:43,boutique.orange.fr
2014-02-28 15:03:45,boutique.orange.fr
2014-02-28 15:03:45,c2cu.internetpluspro.orange-business.com
2014-02-28 15:03:46,as00.estara.com
2014-02-28 15:03:48,c2cu.internetpluspro.orange-business.com
2014-02-28 15:03:54,boutique.orange.fr
2014-02-28 15:03:55,boutique.orange.fr
2014-02-28 15:03:58,www.google.com
2014-02-28 15:03:58,www.google.fr
2014-02-28 15:03:59,iapref.orange.fr
2014-02-28 15:03:59,c.orange.fr
2014-02-28 15:03:59,boutique.orange.fr
2014-02-28 15:03:59,c.woopic.com
2014-02-28 15:03:59,iz.orange.fr
2014-02-28 15:04:00,www.google.com
2014-02-28 15:04:00,boutique.orange.fr
2014-02-28 15:04:00,www.google.fr
2014-02-28 15:04:01,c2cu.internetpluspro.orange-business.com
2014-02-28 15:04:02,as00.estara.com
2014-02-28 15:04:28,boutique.orange.fr
2014-02-28 15:04:30,iapref.orange.fr
2014-02-28 15:04:30,iz.orange.fr
2014-02-28 15:04:30,c.woopic.com
2014-02-28 15:04:30,www.google.fr
2014-02-28 15:04:30,boutique.orange.fr
2014-02-28 15:04:30,rainbow-fr.mythings.com
2014-02-28 15:04:30,www.google.com
2014-02-28 15:04:31,boutique.orange.fr
2014-02-28 15:04:31,www.google.com
2014-02-28 15:04:31,www.google.fr
2014-02-28 15:04:31,www.facebook.com
2014-02-28 15:04:31,rainbow-fr.mythings.com
2014-02-28 15:04:32,www.google.com
2014-02-28 15:04:32,c2cu.internetpluspro.orange-business.com
2014-02-28 15:04:33,c2cu.internetpluspro.orange-business.com
2014-02-28 15:04:33,as00.estara.com
2014-02-28 15:04:49,iz.orange.fr
2014-02-28 15:04:49,www.google.fr
2014-02-28 15:04:49,iapref.orange.fr
2014-02-28 15:04:52,c2cu.internetpluspro.orange-business.com
2014-02-28 15:04:52,as00.estara.com
2014-02-28 15:05:01,boutique.orange.fr
2014-02-28 15:05:04,c.woopic.com
2014-02-28 15:07:31,www.google.fr
2014-02-28 15:07:31,www.google.com
2014-02-28 15:12:14,clients5.google.com
2014-02-28 15:12:15,clients5.google.com
2014-02-28 15:12:16,www.google.fr
2014-02-28 15:12:16,www.google.com
2014-02-28 15:12:16,clients5.google.com
2014-02-28 15:12:17,www.google.fr
2014-02-28 15:12:18,apis.google.com
2014-02-28 15:12:18,www.google.com
2014-02-28 15:12:20,www.google.fr
2014-02-28 15:12:21,login.live.com
2014-02-28 15:12:21,www.hotmail.com
2014-02-28 15:12:22,login.live.com
2014-02-28 15:12:22,www.google.fr
2014-02-28 15:12:22,www.google.com
2014-02-28 15:12:22,apis.google.com
2014-02-28 15:12:24,windowslive.tt.omtrdc.net
2014-02-28 15:12:36,login.live.com
2014-02-28 15:12:36,windowslive.tt.omtrdc.net
2014-02-28 15:12:38,mail.live.com
2014-02-28 15:12:39,dub125.mail.live.com
2014-02-28 15:12:39,www.facebook.com
2014-02-28 15:12:40,people.directory.live.com
2014-02-28 15:12:40,dub125.mail.live.com
2014-02-28 15:12:40,h.live.com
2014-02-28 15:12:40,fbexternal-a.akamaihd.net
2014-02-28 15:12:41,h.live.com
2014-02-28 15:12:43,cid-94be8be69be211a7.users.storage.live.com
2014-02-28 15:12:44,h.live.com
2014-02-28 15:12:45,secure.shared.live.com
2014-02-28 15:12:46,js.live.net
2014-02-28 15:12:47,h2.msn.com
2014-02-28 15:12:47,storage.live.com
2014-02-28 15:12:47,h.live.com
2014-02-28 15:12:47,go.trouter.io
2014-02-28 15:12:47,secure.shared.live.com
2014-02-28 15:12:47,dub125.mail.live.com
2014-02-28 15:12:47,bn1304files.storage.live.com
2014-02-28 15:12:50,h2.msn.com
2014-02-28 15:12:51,p.sfx.ms
2014-02-28 15:12:51,secure.shared.live.com
2014-02-28 15:12:51,g.msn.com
2014-02-28 15:12:51,dub125.mail.live.com
2014-02-28 15:12:58,dub125.mail.live.com
2014-02-28 15:12:58,p.sfx.ms
2014-02-28 15:12:59,dub125.mail.live.com
2014-02-28 15:13:03,cid-94be8be69be211a7.users.storage.live.com
2014-02-28 15:13:35,g.msn.com
2014-02-28 15:14:01,h.live.com
2014-02-28 15:14:05,blufiles.storage.msn.com
2014-02-28 15:14:07,byfiles.storage.msn.com
2014-02-28 15:14:08,dm1files.storage.live.com
2014-02-28 15:15:49,dub125.mail.live.com
2014-02-28 15:17:40,h2.msn.com
2014-02-28 15:18:44,people.directory.live.com
2014-02-28 15:24:02,people.directory.live.com
2014-02-28 15:24:41,go.trouter.io
2014-02-28 15:24:57,dub125.mail.live.com
2014-02-28 15:24:58,g.msn.com
2014-02-28 15:25:03,h2.msn.com
2014-02-28 15:25:05,cid-94be8be69be211a7.users.storage.live.com
2014-02-28 15:25:29,dub125.mail.live.com
2014-02-28 15:25:37,h.live.com
2014-02-28 15:30:34,iz.orange.fr
2014-02-28 15:30:35,c.woopic.com
2014-02-28 15:30:35,iapref.orange.fr
2014-02-28 15:30:35,boutique.orange.fr
2014-02-28 15:30:36,boutique.orange.fr
2014-02-28 15:30:38,as00.estara.com
2014-02-28 15:30:38,c2cu.internetpluspro.orange-business.com
2014-02-28 15:30:39,as00.estara.com
2014-02-28 15:30:46,boutique.orange.fr
2014-02-28 15:30:52,boutique.orange.fr
2014-02-28 15:30:52,www.google.com
2014-02-28 15:30:52,www.google.fr
2014-02-28 15:30:52,orange.ugc.bazaarvoice.com
2014-02-28 15:30:52,iz.orange.fr
2014-02-28 15:30:53,iapref.orange.fr
2014-02-28 15:30:53,www.google.com
2014-02-28 15:30:53,boutique.orange.fr
2014-02-28 15:30:53,c.woopic.com
2014-02-28 15:30:53,orange.ugc.bazaarvoice.com
2014-02-28 15:30:53,www.google.fr
2014-02-28 15:30:53,apis.google.com
2014-02-28 15:30:54,boutique.orange.fr
2014-02-28 15:30:54,orange.ugc.bazaarvoice.com
2014-02-28 15:30:54,apis.google.com
2014-02-28 15:30:54,as00.estara.com
2014-02-28 15:30:54,rainbow-fr.mythings.com
2014-02-28 15:30:54,magpie-static.ugc.bazaarvoice.com
2014-02-28 15:30:54,s.cogmatch.net
2014-02-28 15:30:54,tc.emailretargeting.com
2014-02-28 15:30:55,s.cogmatch.net
2014-02-28 15:30:55,c2cu.internetpluspro.orange-business.com
2014-02-28 15:30:55,www.google.fr
2014-02-28 15:30:55,magpie-static.ugc.bazaarvoice.com
2014-02-28 15:30:55,www.google.com
2014-02-28 15:30:55,deliv.leboncoin.fr
2014-02-28 15:30:55,orange.ugc.bazaarvoice.com
2014-02-28 15:31:55,iz.orange.fr
2014-02-28 15:31:56,iapref.orange.fr
2014-02-28 15:31:57,orange.ugc.bazaarvoice.com
2014-02-28 15:31:57,as00.estara.com
2014-02-28 15:31:57,rainbow-fr.mythings.com
2014-02-28 15:31:57,s.cogmatch.net
2014-02-28 15:31:57,c.woopic.com
2014-02-28 15:31:57,www.google.com
2014-02-28 15:31:57,tc.emailretargeting.com
2014-02-28 15:31:57,www.google.fr
2014-02-28 15:31:57,boutique.orange.fr
2014-02-28 15:31:58,c2cu.internetpluspro.orange-business.com
2014-02-28 15:31:58,deliv.leboncoin.fr
2014-02-28 15:32:22,www.google.com
2014-02-28 15:32:22,www.google.fr
2014-02-28 15:32:22,id.orange.fr
2014-02-28 15:32:23,id.orange.fr
2014-02-28 15:32:23,media.pns.orange.fr
2014-02-28 15:32:34,boutique.orange.fr
2014-02-28 15:32:41,id.orange.fr
2014-02-28 15:32:44,iz.orange.fr
2014-02-28 15:32:44,c.woopic.com
2014-02-28 15:32:44,www.google.com
2014-02-28 15:32:44,www.google.fr
2014-02-28 15:32:44,iapref.orange.fr
2014-02-28 15:32:45,orange.ugc.bazaarvoice.com
2014-02-28 15:32:45,boutique.orange.fr
2014-02-28 15:32:45,s.cogmatch.net
2014-02-28 15:32:46,as00.estara.com
2014-02-28 15:32:46,www.google.fr
2014-02-28 15:32:46,c2cu.internetpluspro.orange-business.com
2014-02-28 15:32:46,rainbow-fr.mythings.com
2014-02-28 15:32:46,www.google.com
2014-02-28 15:32:47,c2cu.internetpluspro.orange-business.com
2014-02-28 15:41:41,clients5.google.com
2014-02-28 15:41:42,clients5.google.com
2014-02-28 15:41:43,clients5.google.com
2014-02-28 15:41:44,www.google.com
2014-02-28 15:41:44,www.google.fr
2014-02-28 15:41:46,www.hotmail.com
2014-02-28 15:41:46,www.google.fr
2014-02-28 15:41:47,login.live.com
2014-02-28 15:41:48,login.live.com
2014-02-28 15:41:48,windowslive.tt.omtrdc.net
2014-02-28 15:42:00,windowslive.tt.omtrdc.net
2014-02-28 15:42:01,login.live.com
2014-02-28 15:42:02,login.live.com
2014-02-28 15:42:03,www.google.fr
2014-02-28 15:42:05,mail.live.com
2014-02-28 15:42:06,dub125.mail.live.com
2014-02-28 15:42:06,h.live.com
2014-02-28 15:42:07,h.live.com
2014-02-28 15:42:07,cid-94be8be69be211a7.users.storage.live.com
2014-02-28 15:42:07,dub125.mail.live.com
2014-02-28 15:42:07,people.directory.live.com
2014-03-18 12:50:12,www.google.com
2014-03-18 12:50:42,clients5.google.com
2014-03-18 12:50:43,clients5.google.com
2014-03-18 12:50:44,clients5.google.com
2014-03-18 12:50:45,www.hotmail.fr
2014-03-18 12:50:53,login.live.com
2014-03-18 12:50:55,login.live.com
2014-03-18 12:50:55,windowslive.tt.omtrdc.net
2014-03-18 12:51:07,login.live.com
2014-03-18 12:51:15,login.live.com
2014-03-18 12:51:16,login.live.com
2014-03-18 12:51:17,windowslive.tt.omtrdc.net
2014-03-18 12:51:17,mail.live.com
2014-03-18 12:51:18,h2.msn.com
2014-03-18 12:51:19,dub125.mail.live.com
2014-03-18 12:51:20,h.live.com
2014-03-18 12:51:20,h2.msn.com
2014-03-18 12:51:20,g.msn.com
2014-03-18 12:51:20,cid-94be8be69be211a7.users.storage.live.com
2014-03-18 12:51:20,people.directory.live.com
2014-03-18 12:51:21,h.live.com
2014-03-18 12:51:22,dub125.mail.live.com
2014-03-18 12:51:22,h.live.com
2014-03-18 12:51:24,h.live.com
2014-03-18 12:51:24,js.live.net
2014-03-18 12:51:24,dub125.mail.live.com
2014-03-18 12:51:24,h2.msn.com
2014-03-18 12:51:25,secure.shared.live.com
2014-03-18 12:51:25,dub125.mail.live.com
2014-03-18 12:51:25,h2.msn.com
2014-03-18 12:51:27,dub125.mail.live.com
2014-03-18 12:51:27,go.trouter.io
2014-03-18 12:51:27,g.msn.com
2014-03-18 12:51:27,bn1301files.storage.live.com
2014-03-18 12:51:40,storage.live.com
2014-03-18 12:51:40,clients5.google.com
2014-03-18 12:51:40,secure.shared.live.com
2014-03-18 12:51:41,clients5.google.com
2014-03-18 12:51:42,clients5.google.com
2014-03-18 12:51:45,w.sharethis.com
2014-03-18 12:51:45,www.gamil.com
2014-03-18 12:51:46,www.gamil.com
2014-03-18 12:51:46,s0.wp.com
2014-03-18 12:51:46,s.gravatar.com
2014-03-18 12:51:46,connect.facebook.net
2014-03-18 12:51:46,assets.pinterest.com
2014-03-18 12:51:46,media.kiva.org
2014-03-18 12:51:47,apis.google.com
2014-03-18 12:51:47,clients5.google.com
2014-03-18 12:51:47,www.gamil.com
2014-03-18 12:51:47,gamil.com
2014-03-18 12:51:47,s.gravatar.com
2014-03-18 12:51:48,clients5.google.com
2014-03-18 12:51:48,www.google.com
2014-03-18 12:51:48,static.ak.facebook.com
2014-03-18 12:51:48,s-static.ak.facebook.com
2014-03-18 12:51:48,apis.google.com
2014-03-18 12:51:48,b12.myspace.com
2014-03-18 12:51:48,assets.pinterest.com
2014-03-18 12:51:48,www.facebook.com
2014-03-18 12:51:49,accounts.google.com
2014-03-18 12:51:49,apis.google.com
2014-03-18 12:51:49,b12.myspace.com
2014-03-18 12:51:49,edge.sharethis.com
2014-03-18 12:51:49,www.gamil.com
2014-03-18 12:51:49,www.facebook.com
2014-03-18 12:51:49,w.sharethis.com
2014-03-18 12:51:50,apis.google.com
2014-03-18 12:51:51,www.gamil.com
2014-03-18 12:51:52,clients5.google.com
2014-03-18 12:51:53,www.gamil.com
2014-03-18 12:51:54,www.google.fr
2014-03-18 12:51:54,www.google.com
2014-03-18 12:51:56,www.google.com
2014-03-18 12:51:57,go.microsoft.com
2014-03-18 12:51:57,apis.google.com
2014-03-18 12:51:57,accounts.google.com
2014-03-18 12:51:57,www.google.fr
2014-03-18 12:51:57,ieonline.microsoft.com
2014-03-18 12:51:58,www.google.com
2014-03-18 12:51:58,www.google.fr
2014-03-18 12:51:59,mail.google.com
2014-03-18 12:52:00,www.google.com
2014-03-18 12:52:00,accounts.youtube.com
2014-03-18 12:52:27,accounts.google.fr
2014-03-18 12:52:28,apis.google.com
2014-03-18 12:52:28,h.live.com
2014-03-18 12:52:29,accounts.google.com
2014-03-18 12:52:29,accounts.youtube.com
2014-03-18 12:52:29,accounts.google.fr
2014-03-18 12:52:30,clients2.google.com
2014-03-18 12:52:30,mail.google.com
2014-03-18 12:52:30,www.google.com
2014-03-18 12:52:30,plus.google.com
2014-03-18 12:52:31,plus.google.com
2014-03-18 12:52:33,mail.google.com
2014-03-18 12:52:33,chatenabled.mail.google.com
2014-03-18 12:52:33,clients2.google.com
2014-03-18 12:52:46,apis.google.com
2014-03-18 12:52:46,accounts.google.com
2014-03-18 12:52:46,www.google.com
2014-03-18 12:52:46,chatenabled.mail.google.com
2014-03-18 12:52:47,plus.google.com
2014-03-18 12:52:47,drive.google.com
2014-03-18 12:52:48,mail.google.com
2014-03-18 12:53:04,ieonline.microsoft.com
2014-03-18 12:53:05,drive.google.com
2014-03-18 12:53:07,drive.google.com
2014-03-18 12:53:07,apis.google.com
2014-03-18 12:53:08,plus.google.com
2014-03-18 12:53:08,0.drive.google.com
2014-03-18 12:53:09,0.drive.google.com
2014-03-18 12:53:12,drive.google.com
2014-03-18 12:53:12,plus.google.com
2014-03-18 12:53:13,docs.google.com
2014-03-18 12:53:13,apis.google.com
2014-03-18 12:53:13,drive.google.com
2014-03-18 12:53:13,plus.google.com
2014-03-18 12:53:14,docs.google.com
2014-03-18 12:53:15,docs.google.com
2014-03-18 12:53:16,docs.google.com
2014-03-18 12:53:17,docs.google.com
2014-03-18 12:53:17,mail.google.com
2014-03-18 12:53:17,clients6.google.com
2014-03-18 12:53:20,dub125.mail.live.com
2014-03-18 12:53:54,docs.google.com
2014-03-18 12:54:07,gg.google.com
2014-03-18 12:54:07,docs.google.com
2014-03-18 12:54:28,dub125.mail.live.com
2014-03-18 12:54:33,mail.google.com
2014-03-18 12:56:25,drive.google.com
2014-03-18 12:56:25,docs.google.com
2014-03-18 12:56:48,drive.google.com
2014-03-18 12:57:05,www.google.com
2014-03-18 12:57:10,plus.google.com
2014-03-18 12:57:10,gg.google.com
2014-03-18 12:57:17,apis.google.com
2014-03-18 12:57:18,clients6.google.com
2014-03-18 12:57:23,people.directory.live.com
2014-03-18 12:57:26,plus.google.com
2014-03-18 13:01:06,drive.google.com
2014-03-18 13:05:08,drive.google.com
2014-03-18 13:07:42,www.google.fr
2014-03-18 13:07:44,plus.google.com
2014-03-18 13:07:49,plus.google.com
2014-03-18 13:09:42,plus.google.com
2014-03-18 13:09:42,www.google.fr
2014-03-18 13:09:57,mail.google.com
2014-03-18 13:11:07,drive.google.com
2014-03-18 13:13:05,mail.google.com
2014-03-18 13:13:22,plus.google.com
2014-03-18 13:13:22,www.google.fr
2014-03-18 13:14:21,mail.google.com
2014-03-18 13:14:35,plus.google.com
2014-03-18 13:14:35,www.google.fr
2014-03-18 13:15:08,drive.google.com
2014-03-18 13:15:31,www.unistra.fr
2014-03-18 13:15:31,ajax.googleapis.com
2014-03-18 13:16:55,plus.google.com
2014-03-18 13:17:49,mail.google.com
2014-03-18 13:17:59,plus.google.com
2014-03-18 13:19:58,mail.google.com
2014-03-18 13:21:08,drive.google.com
2014-03-18 13:21:46,mail.google.com
2014-03-18 13:24:13,mail.google.com
2014-03-18 13:25:07,drive.google.com
2014-03-18 13:29:08,drive.google.com
2014-03-18 13:33:40,mail.google.com
2014-03-18 13:35:08,drive.google.com
2014-03-18 13:36:55,plus.google.com
2014-03-18 13:37:40,chatenabled.mail.google.com
2014-03-18 13:37:59,plus.google.com
2014-03-18 13:39:08,drive.google.com
2014-03-18 13:41:59,mail.google.com
2014-03-18 13:42:50,drive.google.com
2014-03-18 13:44:14,mail.google.com
2014-03-18 13:47:00,mail.google.com
2014-03-18 13:47:08,drive.google.com
2014-03-18 13:49:14,mail.google.com
2014-03-18 13:53:21,mail.google.com
2014-03-18 13:53:23,0.drive.google.com
2014-03-18 13:55:20,go.trouter.io
2014-03-18 13:57:20,plus.google.com
2014-03-18 13:57:21,chatenabled.mail.google.com
2014-03-18 13:57:30,mail.google.com
2014-03-18 13:57:59,plus.google.com
2014-03-18 13:59:08,drive.google.com
2014-03-18 13:59:14,mail.google.com
2014-03-18 14:02:30,mail.google.com
2014-03-18 14:03:35,mail.google.com
2014-03-18 14:03:35,0.drive.google.com
2014-03-18 14:40:27,apis.google.com
2014-03-18 14:40:27,www.facebook.com
2014-03-18 14:40:27,s-static.ak.facebook.com
2014-03-18 14:40:28,apis.google.com
2014-03-18 14:40:31,www.facebook.com
2014-03-18 14:41:00,maps.googleapis.com
2014-03-18 14:41:01,maps.googleapis.com
2014-03-18 14:41:14,maps.googleapis.com
2014-03-18 14:41:16,www.facebook.com
2014-03-18 14:41:16,s-static.ak.facebook.com
2014-03-18 14:42:52,ieonline.microsoft.com
2014-03-18 14:57:40,www.google.fr
2014-03-18 14:57:42,www.google.com
2014-03-18 14:57:42,apis.google.com
2014-03-18 14:57:44,clients1.google.fr
2014-03-18 14:57:45,clients1.google.fr
2014-03-18 14:57:45,www.google.fr
2014-03-18 14:57:45,www.google.com
2014-03-18 14:57:45,apis.google.com
2014-03-18 14:58:00,www.google.fr
2014-03-18 14:58:00,clients1.google.fr
2014-03-18 14:58:05,www.google.fr
2014-03-18 14:59:15,www.google.fr
2014-03-18 14:59:15,clients1.google.fr
2014-03-18 15:04:08,apis.google.com
2014-03-18 15:04:08,www.facebook.com
2014-03-18 15:04:09,s-static.ak.facebook.com
2014-03-18 15:04:10,www.facebook.com
2014-03-18 15:04:20,maps.googleapis.com
2014-03-18 15:04:40,apis.google.com
2014-03-18 15:04:40,maps.googleapis.com
2014-03-18 15:04:42,s-static.ak.facebook.com
2014-03-18 15:04:42,www.facebook.com
2014-03-18 15:05:15,www.facebook.com
2014-03-18 15:05:15,s-static.ak.facebook.com
2014-03-18 15:05:40,s-static.ak.facebook.com
2014-03-18 15:05:40,www.facebook.com
2014-03-18 15:06:33,s-static.ak.facebook.com
2014-03-18 15:06:33,www.facebook.com
2014-03-18 15:06:40,s-static.ak.facebook.com
2014-03-18 15:06:40,www.facebook.com
2014-03-18 15:06:49,www.facebook.com
2014-03-18 15:06:49,s-static.ak.facebook.com
2014-03-18 15:06:59,s-static.ak.facebook.com
2014-03-18 15:06:59,www.facebook.com
2014-03-18 15:07:15,www.facebook.com
2014-03-18 15:07:15,s-static.ak.facebook.com
2014-03-18 15:07:45,www.facebook.com
