timestamp,site
2013-02-12 16:40:08,www.squid-cache.org
2013-02-12 16:40:18,www.facebook.com
2013-02-12 16:40:24,www.google.fr
2013-02-12 16:40:36,www.google.fr
2013-02-12 16:40:36,apis.google.com
2013-02-12 16:40:39,www.google.com
2013-02-12 16:40:40,fr-fr.facebook.com
2013-02-12 16:40:40,apis.google.com
2013-02-12 16:40:40,www.google.com
2013-02-12 16:40:40,www.google.fr
2013-02-12 16:41:40,www.google.fr
2013-02-12 16:41:41,www.google.fr
2013-02-12 17:51:55,www.hotmail.com
2013-02-12 17:52:05,login.live.com
2013-02-12 17:52:23,login.live.com
2013-02-12 17:52:31,login.live.com
2013-02-12 17:52:41,login.live.com
2013-02-12 17:52:42,mail.live.com
2013-02-12 17:52:47,dub110.mail.live.com
2013-02-12 17:52:49,people.directory.live.com
2013-02-12 17:52:49,dub110.mail.live.com
2013-02-12 17:52:51,secure.shared.live.com
2013-02-12 17:52:52,dub110.mail.live.com
2013-02-12 17:52:52,windowslive.tt.omtrdc.net
2013-02-12 17:52:52,h.live.com
2013-02-12 17:52:53,dub110.mail.live.com
2013-02-12 17:52:53,windowslive.tt.omtrdc.net
2013-02-12 17:52:53,h.live.com
2013-02-12 17:52:54,h.live.com
2013-02-12 17:52:55,cid-ebabafab767696e7.users.storage.live.com
2013-02-12 17:52:55,p.sfx.ms
2013-02-12 17:52:57,p.sfx.ms
2013-02-12 17:52:59,js.live.net
2013-02-12 17:53:23,h.live.com
2013-02-12 17:53:25,storage.live.com
2013-02-12 17:53:25,dub110.afx.ms
2013-02-12 17:53:25,secure.shared.live.com
2013-02-12 17:53:25,dub110.mail.live.com
2013-02-12 17:53:25,h.live.com
2013-06-12 15:58:50,fpdownload2.macromedia.com
2013-06-12 15:58:56,www.hotmail.com
2013-06-12 15:59:06,login.live.com
2013-06-12 15:59:24,login.live.com
2013-06-12 15:59:50,windowslive.tt.omtrdc.net
2013-06-12 15:59:59,login.live.com
2013-06-12 16:00:05,login.live.com
2013-06-12 16:00:06,login.live.com
2013-06-12 16:00:11,windowslive.tt.omtrdc.net
2013-06-12 16:00:15,mail.live.com
2013-06-12 16:00:16,windowslive.tt.omtrdc.net
2013-06-12 16:00:20,dub110.mail.live.com
2013-06-12 16:00:20,windowslive.tt.omtrdc.net
2013-06-12 16:00:21,people.directory.live.com
2013-06-12 16:00:22,dub110.mail.live.com
2013-06-12 16:00:28,secure.shared.live.com
2013-06-12 16:00:28,cid-ebabafab767696e7.users.storage.live.com
2013-06-12 16:00:28,dub110.mail.live.com
2013-06-12 16:00:28,js.live.net
2013-06-12 16:00:29,go.trouter.io
2013-06-12 16:00:29,people.directory.live.com
2013-06-12 16:00:29,api.skype.com
2013-06-12 16:00:30,dub110.mail.live.com
2013-06-12 16:00:30,storage.live.com
2013-06-12 16:00:30,api.skype.com
2013-06-12 16:00:30,h.live.com
2013-06-12 16:00:30,login.live.com
2013-06-12 16:00:31,p.sfx.ms
2013-06-12 16:00:31,dub110.mail.live.com
2013-06-12 16:00:32,h.live.com
2013-06-12 16:00:32,api.skype.com
2013-06-12 16:00:32,secure.shared.live.com
2013-06-12 16:00:33,dub110.mail.live.com
2013-06-12 16:00:33,h.live.com
2013-06-12 16:00:33,prod.registrar.skype.com
2013-06-12 16:00:34,go.trouter.io
2013-06-12 16:00:34,dub110.afx.ms
2013-06-12 16:01:00,h.live.com
2013-06-12 16:01:00,dub110.mail.live.com
2013-11-15 12:46:14,go.microsoft.com
2013-11-15 12:46:15,ajax.microsoft.com
2013-11-15 12:46:15,res1.windows.microsoft.com
2013-11-15 12:46:15,res2.windows.microsoft.com
2013-11-15 12:46:15,js.microsoft.com
2013-11-15 12:46:15,windows.microsoft.com
2013-11-15 12:46:16,res1.windows.microsoft.com
2013-11-15 12:46:19,www.bing.com
2013-11-15 12:46:19,www.google.com
2013-11-15 12:48:12,ieonline.microsoft.com
2013-11-15 12:48:12,go.microsoft.com
2013-11-15 16:31:54,fpdownload2.macromedia.com
2013-11-15 16:32:04,www.hotmail.com
2013-11-15 16:32:15,login.live.com
2013-11-15 16:32:32,login.live.com
2013-11-15 16:32:50,login.live.com
2013-11-15 16:33:03,login.live.com
2013-11-15 16:33:04,login.live.com
2013-11-15 16:33:10,mail.live.com
2013-11-15 16:33:14,dub110.mail.live.com
2013-11-15 16:33:15,dub110.mail.live.com
2013-11-15 16:33:15,people.directory.live.com
2013-11-15 16:33:17,h.live.com
2013-11-15 16:33:17,dub110.mail.live.com
2013-11-15 16:33:18,secure.shared.live.com
2013-11-15 16:33:18,h.live.com
2013-11-15 16:33:19,h.live.com
2013-11-15 16:33:20,h.live.com
2013-11-15 16:33:23,cid-ebabafab767696e7.users.storage.live.com
2013-11-15 16:33:23,h.live.com
2013-11-15 16:33:24,h.live.com
2013-11-15 16:33:24,login.live.com
2013-11-15 16:33:26,dub110.mail.live.com
2013-11-15 16:33:26,js.live.net
2013-11-15 16:33:26,go.trouter.io
2013-11-15 16:33:27,storage.live.com
2013-11-15 16:33:27,api.skype.com
2013-11-15 16:33:27,secure.shared.live.com
2013-11-15 16:33:27,prod.registrar.skype.com
2013-11-15 16:33:27,h.live.com
2013-11-15 16:34:02,g.msn.com
2013-11-15 16:34:29,dub110.mail.live.com
2013-11-15 16:34:30,dub110.mail.live.com
2013-11-15 16:34:37,dub110.mail.live.com
2013-11-15 16:35:14,dub110.mail.live.com
2013-11-15 16:35:16,g.msn.com
2013-11-15 16:35:48,g.msn.com
2013-11-15 16:36:13,h.live.com
2013-11-15 16:36:17,dub110.mail.live.com
2013-11-15 16:36:18,dub110.mail.live.com
2013-11-15 16:36:34,cid-ebabafab767696e7.users.storage.live.com
2013-11-15 16:37:15,dub110.mail.live.com
2013-11-15 16:39:21,people.directory.live.com
2013-11-15 17:06:18,proxy-bay-people.directory.live.com
2013-11-18 14:10:16,login.live.com
2013-11-18 14:10:36,login.live.com
2013-11-18 14:10:39,login.live.com
2013-11-18 14:10:40,login.live.com
2013-11-18 14:10:46,mail.live.com
2013-11-18 14:10:50,dub110.mail.live.com
2013-11-18 14:10:51,dub110.mail.live.com
2013-11-18 14:10:52,people.directory.live.com
2013-11-18 14:10:53,h.live.com
2013-11-18 14:10:54,dub110.mail.live.com
2013-11-18 14:10:56,h.live.com
2013-11-18 14:10:56,windowslive.tt.omtrdc.net
2013-11-18 14:10:57,h.live.com
2013-11-18 14:10:58,secure.shared.live.com
2013-11-18 14:10:58,dub110.mail.live.com
2013-11-18 14:10:58,h.live.com
2013-11-18 14:10:58,windowslive.tt.omtrdc.net
2013-11-18 14:10:59,h.live.com
2013-11-18 14:11:00,secure.shared.live.com
2013-11-18 14:11:00,cid-c5e93f2e0325f659.users.storage.live.com
2013-11-18 14:11:00,js.live.net
2013-11-18 14:11:01,storage.live.com
2013-11-18 14:11:01,dub110.mail.live.com
2013-11-18 14:11:02,secure.shared.live.com
2013-11-18 14:12:04,dub110.afx.ms
2013-11-18 14:13:08,dub110.mail.live.com
2013-11-18 14:13:31,h.live.com
2013-11-18 14:14:23,p.sfx.ms
2013-11-18 14:15:26,cid-c5e93f2e0325f659.users.storage.live.com
2013-11-18 14:17:00,proxy-bay-people.directory.live.com
2013-11-18 14:19:21,p.sfx.ms
2013-11-18 14:19:51,login.live.com
2013-11-18 14:19:58,windowslive.tt.omtrdc.net
2013-11-18 14:20:06,s-static.ak.facebook.com
2013-11-18 14:20:13,twitter.com
2013-11-18 14:20:19,login.live.com
2013-11-18 14:20:38,login.live.com
2013-11-18 14:20:39,login.live.com
2013-11-18 14:20:45,mail.live.com
2013-11-18 14:20:46,dub110.mail.live.com
2013-11-18 14:20:47,cid-ebabafab767696e7.users.storage.live.com
2013-11-18 14:20:47,dub110.mail.live.com
2013-11-18 14:20:47,p.sfx.ms
2013-11-18 14:20:48,p.sfx.ms
2013-11-18 14:20:49,h.live.com
2013-11-18 14:20:52,h.live.com
2013-11-18 14:20:52,dub110.afx.ms
2013-11-18 14:20:55,people.directory.live.com
2013-11-18 14:20:55,secure.shared.live.com
2013-11-18 14:20:55,js.live.net
2013-11-18 14:20:55,windowslive.tt.omtrdc.net
2013-11-18 14:20:56,dub110.afx.ms
2013-11-18 14:21:01,login.live.com
2013-11-18 14:21:08,windowslive.tt.omtrdc.net
2013-11-18 14:21:25,api.skype.com
2013-11-18 14:21:59,storage.live.com
2013-11-18 14:22:04,dub110.afx.ms
2013-11-18 14:22:09,cid-ebabafab767696e7.users.storage.live.com
2013-11-18 14:22:25,dub110.mail.live.com
2013-11-18 14:22:42,dub110.mail.live.com
2013-11-18 14:22:56,go.trouter.io
2013-11-18 14:26:58,people.directory.live.com
2013-11-21 22:16:45,go.microsoft.com
2013-11-21 22:16:45,windows.microsoft.com
2013-11-21 22:16:46,res1.windows.microsoft.com
2013-11-21 22:16:46,res2.windows.microsoft.com
2013-11-21 22:16:46,js.microsoft.com
2013-11-21 22:16:46,ajax.microsoft.com
2013-11-21 22:16:47,windows.microsoft.com
2013-11-21 22:16:47,res1.windows.microsoft.com
2013-11-21 22:16:47,js.microsoft.com
2013-11-21 22:16:49,www.google.com
2013-11-21 22:16:50,www.otmail.com
2013-11-21 22:16:50,www.hotmail.com
2013-11-21 22:16:51,login.live.com
2013-11-21 22:16:53,login.live.com
2013-11-21 22:16:56,windowslive.tt.omtrdc.net
2013-11-21 22:17:07,login.live.com
2013-11-21 22:17:07,windowslive.tt.omtrdc.net
2013-11-21 22:17:08,login.live.com
2013-11-21 22:17:11,mail.live.com
2013-11-21 22:17:12,cid-ebabafab767696e7.users.storage.live.com
2013-11-21 22:17:13,h.live.com
2013-11-21 22:17:13,people.directory.live.com
2013-11-21 22:17:13,dub110.mail.live.com
2013-11-21 22:17:14,windowslive.tt.omtrdc.net
2013-11-21 22:17:14,dub110.mail.live.com
2013-11-21 22:17:14,h.live.com
2013-11-21 22:17:14,p.sfx.ms
2013-11-21 22:17:15,p.sfx.ms
2013-11-21 22:17:17,h.live.com
2013-11-21 22:17:18,secure.shared.live.com
2013-11-21 22:17:18,dub110.afx.ms
2013-11-21 22:17:18,h.live.com
2013-11-21 22:17:20,dub110.mail.live.com
2013-11-21 22:17:20,js.live.net
2013-11-21 22:17:21,login.live.com
2013-11-21 22:17:22,secure.shared.live.com
2013-11-21 22:17:23,go.trouter.io
2013-11-21 22:17:23,prod.registrar.skype.com
2013-11-21 22:17:24,prod.registrar.skype.com
2013-11-21 22:18:00,go.trouter.io
2013-11-21 22:18:00,dub110.afx.ms
2013-11-21 22:18:00,secure.shared.live.com
2013-11-21 22:18:00,storage.live.com
2013-11-21 22:18:00,api.skype.com
2013-11-21 22:18:00,dub110.mail.live.com
2013-11-21 22:18:15,ieonline.microsoft.com
2013-11-21 22:18:15,go.microsoft.com
2013-11-22 13:45:52,javadl-esd.sun.com
2013-11-22 13:45:53,javadl-esd.sun.com
2013-11-22 14:15:19,www.google.fr
2013-11-22 14:15:21,apis.google.com
2013-11-22 14:15:22,www.google.com
2013-11-22 14:15:55,www.google.fr
2013-11-22 14:15:55,apis.google.com
2013-11-22 14:15:55,www.google.com
2013-11-22 14:15:56,jerome.vinconneau.perso.neuf.fr
2013-11-22 14:15:58,jerome.vinconneau.perso.neuf.fr
2013-11-22 14:16:02,jerome.vinconneau.perso.neuf.fr
2013-11-22 14:17:10,www.google.fr
2013-11-22 14:17:16,www.google.fr
2013-11-22 14:18:10,ieonline.microsoft.com
2013-11-22 14:19:24,www.google.fr
2013-11-22 16:58:48,fpdownload2.macromedia.com
2013-11-22 16:59:00,www.google.fr
2013-11-22 16:59:12,www.google.fr
2013-11-22 16:59:13,apis.google.com
2013-11-22 16:59:15,www.google.com
2013-11-22 16:59:18,www.google.com
2013-11-22 16:59:18,www.google.fr
2013-11-22 16:59:18,apis.google.com
2013-11-22 16:59:19,statics.itslearning.com
2013-11-22 16:59:19,www.google.fr
2013-11-22 16:59:19,entauvergne.fr
2013-11-22 16:59:19,code.jquery.com
2013-11-22 16:59:24,statics.itslearning.com
2013-11-22 16:59:31,www.google.fr
2013-11-22 17:05:13,www.hotmail.com
2013-11-22 17:05:23,login.live.com
2013-11-22 17:05:40,login.live.com
2013-11-22 17:05:48,login.live.com
2013-11-22 17:05:49,login.live.com
2013-11-22 17:05:59,mail.live.com
2013-11-22 17:06:01,dub110.mail.live.com
2013-11-22 17:06:02,dub110.mail.live.com
2013-11-22 17:06:04,dub110.mail.live.com
2013-11-22 17:06:04,people.directory.live.com
2013-11-22 17:06:05,dub110.mail.live.com
2013-11-22 17:06:07,dub110.mail.live.com
2013-11-22 17:06:07,secure.shared.live.com
2013-11-22 17:06:08,h.live.com
2013-11-22 17:06:08,secure.shared.live.com
2013-11-22 17:06:09,secure.shared.live.com
2013-11-22 17:06:09,h.live.com
2013-11-22 17:06:09,windowslive.tt.omtrdc.net
2013-11-22 17:06:11,h.live.com
2013-11-22 17:06:11,windowslive.tt.omtrdc.net
2013-11-22 17:06:12,h.live.com
2013-11-22 17:06:12,cid-ebabafab767696e7.users.storage.live.com
2013-11-22 17:06:16,js.live.net
2013-11-22 17:06:18,login.live.com
2013-11-22 17:06:19,go.trouter.io
2013-11-22 17:06:20,prod.registrar.skype.com
2013-11-22 17:06:21,storage.live.com
2013-11-22 17:07:08,secure.shared.live.com
2013-11-22 17:07:31,dub110.mail.live.com
2013-11-22 17:08:32,h.live.com
2013-11-22 17:08:54,dub110.mail.live.com
2013-11-22 17:09:34,dub110.mail.live.com
2013-11-22 17:09:57,api.skype.com
2013-11-22 17:10:13,p.sfx.ms
2013-11-22 17:11:04,p.sfx.ms
2013-11-22 17:11:13,h.live.com
2013-11-22 17:11:15,dub110.mail.live.com
2013-11-22 17:12:09,people.directory.live.com
2013-11-22 17:13:04,p.sfx.ms
2013-11-22 17:14:02,dub110.mail.live.com
2013-11-22 17:14:36,prod.registrar.skype.com
2013-11-22 17:14:41,dub110.mail.live.com
2013-11-22 17:14:41,g.msn.com
2013-11-22 17:14:41,cid-ebabafab767696e7.users.storage.live.com
2013-11-22 17:14:41,login.live.com
2013-11-22 17:14:41,h.live.com
2013-11-22 17:14:42,g.live.com
2013-11-22 17:14:47,login.skype.com
2013-11-22 17:14:47,go.trouter.io
2013-11-23 19:05:48,www.google.fr
2013-11-23 19:05:50,apis.google.com
2013-11-23 19:05:50,www.google.com
2013-11-23 19:06:19,www.google.fr
2013-11-23 19:06:19,www.fleuriault.net
2013-11-23 19:06:19,www.google.com
2013-11-23 19:06:19,apis.google.com
2013-11-23 19:06:21,www.fleuriault.net
2013-11-23 19:06:22,www.fleuriault.net
2013-11-23 19:07:21,www.google.fr
2013-11-23 19:07:36,ieonline.microsoft.com
2013-11-26 09:22:04,www.hotmail.com
2013-11-26 09:22:16,login.live.com
2013-11-26 09:22:37,login.live.com
2013-11-26 09:22:55,login.live.com
2013-11-26 09:22:56,login.live.com
2013-11-26 09:23:03,mail.live.com
2013-11-26 09:23:04,dub110.mail.live.com
2013-11-26 09:23:05,dub110.mail.live.com
2013-11-26 09:23:06,dub110.mail.live.com
2013-11-26 09:23:07,h.live.com
2013-11-26 09:23:08,h.live.com
2013-11-26 09:23:08,people.directory.live.com
2013-11-26 09:23:09,h.live.com
2013-11-26 09:23:10,h.live.com
2013-11-26 09:23:10,dub110.mail.live.com
2013-11-26 09:23:11,secure.shared.live.com
2013-11-26 09:23:12,h.live.com
2013-11-26 09:23:13,secure.shared.live.com
2013-11-26 09:23:16,windowslive.tt.omtrdc.net
2013-11-26 09:23:18,js.live.net
2013-11-26 09:23:18,h.live.com
2013-11-26 09:23:19,login.live.com
2013-11-26 09:23:20,windowslive.tt.omtrdc.net
2013-11-26 09:23:20,cid-ebabafab767696e7.users.storage.live.com
2013-11-26 09:23:20,go.trouter.io
2013-11-26 09:23:21,prod.registrar.skype.com
2013-11-26 09:24:17,api.skype.com
2013-11-26 09:24:17,storage.live.com
2013-11-26 09:24:17,secure.shared.live.com
2013-11-26 09:25:17,dub110.mail.live.com
2013-11-26 09:25:19,dub110.mail.live.com
2013-11-26 09:25:19,h.live.com
2013-11-26 09:29:19,proxy-bay-people.directory.live.com
2013-11-26 09:38:55,cid-ebabafab767696e7.users.storage.live.com
2013-11-27 12:56:22,mail.google.com
2013-11-27 12:56:22,gmail.com
2013-11-27 12:56:34,accounts.google.com
2013-11-27 12:56:36,mail.google.com
2013-11-27 12:56:37,mail.google.com
2013-11-27 12:56:37,www.google.com
2013-11-27 12:56:37,accounts.google.com
2013-11-27 12:56:39,www.google.com
2013-11-27 12:56:39,mail.google.com
2013-11-27 12:56:42,apis.google.com
2013-11-27 12:56:42,www.google.com
2013-11-27 12:56:42,accounts.google.com
2013-11-27 12:56:42,mail.google.com
2013-11-27 12:56:43,mail.google.com
2013-11-27 12:56:52,accounts.youtube.com
2013-11-27 12:56:52,apis.google.com
2013-11-27 12:56:55,accounts.google.fr
2013-11-27 12:56:57,mail.google.com
2013-11-27 12:56:57,www.google.com
2013-11-27 12:56:57,accounts.google.fr
2013-11-27 12:56:57,accounts.google.com
2013-11-27 12:56:57,accounts.youtube.com
2013-11-27 12:56:58,apis.google.com
2013-11-27 12:56:59,accounts.google.com
2013-11-27 12:56:59,mail.google.com
2013-11-27 12:56:59,clients2.google.com
2013-11-27 12:57:00,plus.google.com
2013-11-27 12:57:00,mail.google.com
2013-11-27 12:57:00,apis.google.com
2013-11-27 12:57:00,clients2.google.com
2013-11-27 12:57:00,clients6.google.com
2013-11-27 12:57:02,chatenabled.mail.google.com
2013-11-27 12:57:02,plus.google.com
2013-11-27 12:57:02,b.mail.google.com
2013-11-27 12:57:12,apis.google.com
2013-11-27 12:58:57,mail.google.com
2013-11-27 13:01:01,clients6.google.com
2013-11-27 13:01:02,chatenabled.mail.google.com
2013-11-27 13:01:02,plus.google.com
2013-11-27 13:01:30,clients6.google.com
2013-11-27 13:04:58,accounts.youtube.com
2013-11-27 13:04:58,accounts.google.fr
2013-11-27 13:04:58,www.google.fr
2013-11-27 13:04:58,b.mail.google.com
2013-11-27 13:04:58,plus.google.com
2013-11-27 13:04:58,www.google.com
2013-11-27 13:05:01,mail.google.com
2013-11-27 13:05:01,accounts.youtube.com
2013-11-27 13:05:01,accounts.google.com
2013-11-27 13:05:01,accounts.google.fr
2013-11-29 11:39:01,www.altairhyperworks.com
2013-11-29 11:39:03,www.altairhyperworks.com
2013-11-29 11:39:04,www.altairhyperworks.com
2013-11-29 11:39:05,www.altairhyperworks.com
2013-11-29 11:39:06,www.altairhyperworks.com
2013-11-29 11:39:07,www.altairhyperworks.com
2013-11-29 11:39:08,www.altairhyperworks.com
2013-11-29 11:39:09,www.altairhyperworks.com
2013-11-29 11:39:11,www.altairhyperworks.com
2013-11-29 11:41:08,ieonline.microsoft.com
2013-11-29 11:41:09,go.microsoft.com
2013-11-29 11:41:09,ajax.microsoft.com
2013-11-29 11:41:09,windows.microsoft.com
2013-11-29 11:41:09,res2.windows.microsoft.com
2013-11-29 11:41:09,res1.windows.microsoft.com
2013-11-29 11:41:09,js.microsoft.com
2013-11-29 11:41:10,res2.windows.microsoft.com
2013-11-29 11:41:10,res1.windows.microsoft.com
2013-11-29 11:41:10,windows.microsoft.com
2013-11-29 11:41:11,res1.windows.microsoft.com
2013-11-29 11:41:12,js.microsoft.com
2013-11-29 11:41:12,res1.windows.microsoft.com
2013-11-29 11:41:13,www.google.com
2013-11-29 11:41:16,ieonline.microsoft.com
2013-11-29 11:41:16,go.microsoft.com
2013-11-29 13:35:32,javadl-esd.sun.com
2013-12-12 16:07:48,ajax.microsoft.com
2013-12-12 16:07:48,js.microsoft.com
2013-12-12 16:07:48,res2.windows.microsoft.com
2013-12-12 16:07:48,res1.windows.microsoft.com
2013-12-12 16:07:48,windows.microsoft.com
2013-12-12 16:07:48,go.microsoft.com
2013-12-12 16:07:49,res2.windows.microsoft.com
2013-12-12 16:07:49,windows.microsoft.com
2013-12-12 16:07:49,res1.windows.microsoft.com
2013-12-12 16:07:49,js.microsoft.com
2013-12-12 16:07:52,www.google.com
2013-12-12 16:07:56,www.google.fr
2013-12-12 16:07:57,www.google.fr
2013-12-12 16:07:59,apis.google.com
2013-12-12 16:07:59,www.google.com
2013-12-12 16:08:06,www.google.fr
2013-12-12 16:08:06,www.google.com
2013-12-12 16:08:06,apis.google.com
2013-12-12 16:08:07,www.google.fr
2013-12-12 16:10:29,ieonline.microsoft.com
2013-12-12 16:10:34,go.microsoft.com
2013-12-12 16:11:02,www.hotmail.com
2013-12-12 16:11:04,login.live.com
2013-12-12 16:11:06,login.live.com
2013-12-12 16:11:07,windowslive.tt.omtrdc.net
2013-12-12 16:11:20,windowslive.tt.omtrdc.net
2013-12-12 16:11:27,login.live.com
2013-12-12 16:11:28,login.live.com
2013-12-12 16:11:31,cid-ebabafab767696e7.users.storage.live.com
2013-12-12 16:11:31,mail.live.com
2013-12-12 16:11:32,h.live.com
2013-12-12 16:11:32,dub110.mail.live.com
2013-12-12 16:11:33,h.live.com
2013-12-12 16:11:33,people.directory.live.com
2013-12-12 16:11:33,dub110.mail.live.com
2013-12-12 16:11:36,h.live.com
2013-12-12 16:11:36,windowslive.tt.omtrdc.net
2013-12-12 16:11:38,dub110.mail.live.com
2013-12-12 16:11:39,secure.shared.live.com
2013-12-12 16:11:39,h.live.com
2013-12-12 16:11:39,dub110.mail.live.com
2013-12-12 16:11:40,js.live.net
2013-12-12 16:11:41,login.live.com
2013-12-12 16:11:42,secure.shared.live.com
2013-12-12 16:11:43,go.trouter.io
2013-12-12 16:11:43,prod.registrar.skype.com
2013-12-12 16:11:43,storage.live.com
2013-12-12 16:11:44,prod.registrar.skype.com
2013-12-12 16:11:58,ad.foxitsoftware.com
2013-12-12 16:12:40,h.live.com
2013-12-12 16:12:49,dub110.mail.live.com
2013-12-12 16:12:53,dub110.afx.ms
2013-12-12 16:13:33,dub110.mail.live.com
2013-12-12 16:13:36,secure.shared.live.com
2013-12-12 16:14:37,dub110.mail.live.com
2013-12-12 16:16:03,api.skype.com
2013-12-12 16:16:14,dub110.mail.live.com
2013-12-12 16:16:29,dub110.mail.live.com
2013-12-12 16:16:29,h.live.com
2013-12-12 16:16:31,p.sfx.ms
2013-12-12 16:16:34,dub110.mail.live.com
2013-12-12 16:16:44,dub110.mail.live.com
2013-12-12 16:17:34,h.live.com
2013-12-12 16:17:36,proxy-bay-people.directory.live.com
2013-12-12 16:17:38,dub110.mail.live.com
2013-12-12 16:17:45,dub110.afx.ms
2013-12-12 16:18:33,dub110.mail.live.com
2013-12-12 16:21:20,dub110.mail.live.com
2013-12-12 16:21:20,dub110.afx.ms
2013-12-12 16:22:35,proxy-bay-people.directory.live.com
2013-12-12 16:40:00,www.t2c.fr
2013-12-12 16:40:00,t2c.fr
2013-12-12 16:40:01,www.t2c.fr
2013-12-12 16:40:02,www.t2c.fr
2013-12-12 16:40:05,www.t2c.fr
2013-12-12 16:40:14,www.t2c.fr
2013-12-12 16:40:15,www.t2c.fr
2013-12-12 16:40:20,www.t2c.fr
2013-12-12 16:40:39,www.t2c.fr
2013-12-12 16:40:48,www.t2c.fr
2013-12-12 16:40:49,www.t2c.fr
2013-12-12 16:40:50,proxy-bay-people.directory.live.com
2013-12-12 16:40:54,www.t2c.fr
2013-12-12 16:40:56,www.t2c.fr
2013-12-12 16:45:56,proxy-bay-people.directory.live.com
2013-12-12 18:21:22,proxy-bay-people.directory.live.com
2013-12-12 18:21:23,h.live.com
2013-12-12 18:22:33,h.live.com
2013-12-12 18:23:37,dub110.mail.live.com
2013-12-12 18:26:20,proxy-bay-people.directory.live.com
2013-12-12 18:27:05,h.live.com
2013-12-12 18:27:06,dub110.mail.live.com
2013-12-12 18:31:24,proxy-bay-people.directory.live.com
2013-12-12 18:38:18,go.trouter.io
2013-12-12 20:10:19,www.facebook.com
2013-12-12 20:11:48,www.facebook.com
2013-12-12 20:11:58,www.facebook.com
2013-12-12 20:14:37,www.hotmail.com
2013-12-12 20:14:38,login.live.com
2013-12-12 20:14:40,login.live.com
2013-12-12 20:14:40,windowslive.tt.omtrdc.net
2013-12-12 20:14:52,windowslive.tt.omtrdc.net
2013-12-12 20:14:52,login.live.com
2013-12-12 20:14:56,mail.live.com
2013-12-12 20:14:56,h.live.com
2013-12-12 20:14:56,people.directory.live.com
2013-12-12 20:14:58,dub110.mail.live.com
2013-12-12 20:15:02,dub110.mail.live.com
2013-12-12 20:15:02,windowslive.tt.omtrdc.net
2013-12-12 20:15:04,dub110.mail.live.com
2013-12-12 20:15:04,h.live.com
2013-12-12 20:15:05,login.live.com
2013-12-12 20:15:06,js.live.net
2013-12-12 20:15:06,h.live.com
2013-12-12 20:15:07,prod.registrar.skype.com
2013-12-12 20:16:05,storage.live.com
2013-12-12 20:16:07,dub110.afx.ms
2013-12-12 20:16:54,dub110.mail.live.com
2013-12-12 20:17:04,go.trouter.io
2013-12-12 20:18:08,dub110.mail.live.com
2013-12-12 20:19:07,api.skype.com
2013-12-12 20:20:59,people.directory.live.com
2013-12-12 20:46:03,dub110.mail.live.com
2013-12-12 20:46:56,go.trouter.io
2013-12-12 21:52:24,www.altairhyperworks.com
2013-12-12 21:52:25,www.altairhyperworks.com
2013-12-12 21:52:26,www.altairhyperworks.com
2013-12-12 21:52:27,www.altairhyperworks.com
2013-12-12 21:52:30,www.altairhyperworks.com
2013-12-12 21:55:14,ieonline.microsoft.com
2013-12-12 23:05:36,go.microsoft.com
2013-12-12 23:05:37,res2.windows.microsoft.com
2013-12-12 23:05:37,res1.windows.microsoft.com
2013-12-12 23:05:37,js.microsoft.com
2013-12-12 23:05:37,ajax.microsoft.com
2013-12-12 23:05:37,windows.microsoft.com
2013-12-12 23:05:38,res1.windows.microsoft.com
2013-12-12 23:05:41,www.google.com
2013-12-12 23:07:36,ieonline.microsoft.com
2013-12-12 23:07:36,go.microsoft.com
2013-12-13 12:29:27,ajax.microsoft.com
2013-12-13 12:29:27,js.microsoft.com
2013-12-13 12:29:27,res1.windows.microsoft.com
2013-12-13 12:29:27,go.microsoft.com
2013-12-13 12:29:27,windows.microsoft.com
2013-12-13 12:29:27,res2.windows.microsoft.com
2013-12-13 12:29:28,res1.windows.microsoft.com
2013-12-13 12:29:28,windows.microsoft.com
2013-12-13 12:29:28,js.microsoft.com
2013-12-13 12:29:31,www.google.com
2013-12-13 12:29:42,www.hotmail.com
2013-12-13 12:29:44,login.live.com
2013-12-13 12:29:46,login.live.com
2013-12-13 12:29:47,windowslive.tt.omtrdc.net
2013-12-13 12:29:59,windowslive.tt.omtrdc.net
2013-12-13 12:30:00,login.live.com
2013-12-13 12:30:01,login.live.com
2013-12-13 12:30:05,cid-ebabafab767696e7.users.storage.live.com
2013-12-13 12:30:05,mail.live.com
2013-12-13 12:30:06,people.directory.live.com
2013-12-13 12:30:06,h.live.com
2013-12-13 12:30:06,dub110.mail.live.com
2013-12-13 12:30:06,windowslive.tt.omtrdc.net
2013-12-13 12:30:07,h.live.com
2013-12-13 12:30:07,dub110.mail.live.com
2013-12-13 12:30:08,h.live.com
2013-12-13 12:30:10,p.sfx.ms
2013-12-13 12:30:11,js.live.net
2013-12-13 12:30:12,h.live.com
2013-12-13 12:30:12,secure.shared.live.com
2013-12-13 12:30:13,dub110.afx.ms
2013-12-13 12:30:13,js.live.net
2013-12-13 12:30:13,dub110.mail.live.com
2013-12-13 12:30:14,login.live.com
2013-12-13 12:30:17,prod.registrar.skype.com
2013-12-13 12:30:17,go.trouter.io
2013-12-13 12:30:18,prod.registrar.skype.com
2013-12-13 12:31:17,dub110.mail.live.com
2013-12-13 12:31:17,storage.live.com
2013-12-13 12:31:22,go.microsoft.com
2013-12-13 12:31:22,ieonline.microsoft.com
2013-12-13 12:32:43,dub110.afx.ms
2013-12-13 12:32:53,secure.shared.live.com
2013-12-13 12:32:55,cid-ebabafab767696e7.users.storage.live.com
2013-12-13 12:33:12,dub110.mail.live.com
2013-12-13 12:33:21,api.skype.com
2013-12-13 13:20:40,www.hotmail.com
2013-12-13 13:20:50,login.live.com
2013-12-13 13:21:07,login.live.com
2013-12-13 13:21:10,www.hotmail.com
2013-12-13 13:21:20,login.live.com
2013-12-13 13:21:28,login.live.com
2013-12-13 13:21:29,login.live.com
2013-12-13 13:21:35,mail.live.com
2013-12-13 13:21:38,dub110.mail.live.com
2013-12-13 13:21:39,dub110.mail.live.com
2013-12-13 13:21:40,dub110.mail.live.com
2013-12-13 13:21:41,people.directory.live.com
2013-12-13 13:21:41,dub110.mail.live.com
2013-12-13 13:21:41,h.live.com
2013-12-13 13:21:42,dub110.mail.live.com
2013-12-13 13:21:42,h.live.com
2013-12-13 13:21:43,dub110.mail.live.com
2013-12-13 13:21:45,h.live.com
2013-12-13 13:21:47,windowslive.tt.omtrdc.net
2013-12-13 13:21:48,h.live.com
2013-12-13 13:21:48,dub110.mail.live.com
2013-12-13 13:21:48,secure.shared.live.com
2013-12-13 13:21:49,p.sfx.ms
2013-12-13 13:21:49,cid-ebabafab767696e7.users.storage.live.com
2013-12-13 13:21:49,secure.shared.live.com
2013-12-13 13:21:50,h.live.com
2013-12-13 13:21:50,login.live.com
2013-12-13 13:21:50,go.trouter.io
2013-12-13 13:21:53,js.live.net
2013-12-13 13:21:56,storage.live.com
2013-12-13 13:21:56,prod.registrar.skype.com
2013-12-13 13:22:02,windowslive.tt.omtrdc.net
2013-12-13 13:22:05,api.skype.com
2013-12-13 13:22:05,secure.shared.live.com
2013-12-13 13:22:06,dub110.mail.live.com
2013-12-13 13:22:10,h.live.com
2013-12-13 13:22:10,dub110.mail.live.com
2013-12-13 13:31:25,javadl-esd.sun.com
2013-12-13 14:23:49,www.google.fr
2013-12-13 14:23:52,www.google.fr
2013-12-13 14:23:56,www.google.fr
2013-12-13 14:23:57,www.google.fr
2013-12-13 14:24:00,www.google.fr
2013-12-13 14:24:01,www.google.fr
2013-12-13 14:24:03,www.google.fr
2013-12-13 14:24:04,www.google.fr
2013-12-13 14:24:06,www.google.com
2013-12-13 14:24:41,fabrice.sincere.pagesperso-orange.fr
2013-12-13 14:24:41,www.google.fr
2013-12-13 14:24:41,www.google.com
2013-12-13 14:24:42,fabrice.sincere.pagesperso-orange.fr
2013-12-13 14:24:50,www.google.fr
2013-12-13 14:24:50,www.isir.upmc.fr
2013-12-13 14:25:20,www.google.fr
2013-12-13 15:12:03,www.google.fr
2013-12-13 15:12:17,www.google.fr
2013-12-13 15:12:20,www.google.com
2013-12-13 15:12:21,www.google.fr
2013-12-13 15:12:35,www.google.fr
2013-12-13 15:12:38,www.google.com
2013-12-13 15:12:47,www.google.com
2013-12-13 15:12:56,www.google.fr
2013-12-13 15:12:57,www.google.fr
2013-12-13 15:13:07,www.hotmail.com
2013-12-13 15:13:20,login.live.com
2013-12-13 15:13:40,login.live.com
2013-12-13 15:13:50,www.google.fr
2013-12-13 15:14:06,windowslive.tt.omtrdc.net
2013-12-13 15:14:17,windowslive.tt.omtrdc.net
2013-12-13 15:18:08,www.google.com
2013-12-13 16:25:37,ieonline.microsoft.com
2013-12-13 16:25:37,fpdownload2.macromedia.com
2013-12-13 16:25:37,go.microsoft.com
2013-12-13 16:25:38,windows.microsoft.com
2013-12-13 16:25:38,ajax.microsoft.com
2013-12-13 16:25:38,res2.windows.microsoft.com
2013-12-13 16:25:38,res1.windows.microsoft.com
2013-12-13 16:25:38,js.microsoft.com
2013-12-13 16:25:39,js.microsoft.com
2013-12-13 16:25:39,res1.windows.microsoft.com
2013-12-13 16:25:42,www.google.com
2013-12-13 16:25:46,www.google.fr
2013-12-13 16:25:48,apis.google.com
2013-12-13 16:25:48,www.google.com
2013-12-13 16:25:55,www.google.fr
2013-12-13 16:25:55,apis.google.com
2013-12-13 16:25:56,www.google.com
2013-12-13 16:25:56,www.google.fr
2013-12-13 16:27:37,ieonline.microsoft.com
2013-12-13 16:27:37,go.microsoft.com
2013-12-24 15:08:10,fpdownload2.macromedia.com
2013-12-24 15:08:20,go.microsoft.com
2013-12-24 15:08:21,res1.windows.microsoft.com
2013-12-24 15:08:21,js.microsoft.com
2013-12-24 15:08:21,res2.windows.microsoft.com
2013-12-24 15:08:21,windows.microsoft.com
2013-12-24 15:08:21,ajax.microsoft.com
2013-12-24 15:08:22,windows.microsoft.com
2013-12-24 15:08:22,js.microsoft.com
2013-12-24 15:08:22,res1.windows.microsoft.com
2013-12-24 15:08:25,www.google.com
2013-12-24 15:08:33,gmail.com
2013-12-24 15:08:33,mail.google.com
2013-12-24 15:08:33,accounts.google.com
2013-12-24 15:08:34,accounts.youtube.com
2013-12-24 15:08:35,mail.google.com
2013-12-24 15:08:58,accounts.google.co.ma
2013-12-24 15:08:58,accounts.google.fr
2013-12-24 15:09:00,mail.google.com
2013-12-24 15:09:00,accounts.google.fr
2013-12-24 15:09:00,accounts.google.co.ma
2013-12-24 15:09:00,accounts.youtube.com
2013-12-24 15:09:00,accounts.google.com
2013-12-24 15:09:01,mail.google.com
2013-12-24 15:09:01,apis.google.com
2013-12-24 15:09:01,clients2.google.com
2013-12-24 15:09:01,www.google.com
2013-12-24 15:09:02,mail.google.com
2013-12-24 15:09:02,plus.google.com
2013-12-24 15:09:03,clients2.google.com
2013-12-24 15:09:04,chatenabled.mail.google.com
2013-12-24 15:09:04,mail.google.com
2013-12-24 15:09:06,accounts.google.com
2013-12-24 15:09:06,chatenabled.mail.google.com
2013-12-24 15:09:06,www.google.com
2013-12-24 15:09:06,apis.google.com
2013-12-24 15:10:15,mail.google.com
2013-12-24 15:10:20,ieonline.microsoft.com
2013-12-24 15:10:20,go.microsoft.com
2013-12-24 15:10:30,mail.google.com
2013-12-24 15:13:02,mail.google.com
2013-12-24 15:13:11,plus.google.com
2013-12-24 15:14:28,chatenabled.mail.google.com
2013-12-24 15:14:28,mail.google.com
2013-12-24 15:17:46,apis.google.com
2013-12-24 15:17:47,apis.google.com
2013-12-24 15:18:28,chatenabled.mail.google.com
2013-12-24 15:19:38,mail.google.com
2013-12-24 15:23:17,plus.google.com
2013-12-24 15:24:05,plus.google.com
2013-12-24 15:33:17,plus.google.com
2013-12-24 15:34:36,mail.google.com
2013-12-24 15:35:39,mail.google.com
2013-12-24 15:38:39,mail.google.com
2013-12-24 15:40:40,mail.google.com
2013-12-24 15:42:24,mail.google.com
2013-12-24 15:43:17,plus.google.com
2013-12-24 15:43:44,mail.google.com
2014-01-02 18:26:19,go.microsoft.com
2014-01-02 18:26:19,ajax.microsoft.com
2014-01-02 18:26:19,res2.windows.microsoft.com
2014-01-02 18:26:19,res1.windows.microsoft.com
2014-01-02 18:26:19,js.microsoft.com
2014-01-02 18:26:19,windows.microsoft.com
2014-01-02 18:26:20,res1.windows.microsoft.com
2014-01-02 18:26:20,res2.windows.microsoft.com
2014-01-02 18:26:20,js.microsoft.com
2014-01-02 18:26:20,windows.microsoft.com
2014-01-02 18:26:23,www.google.com
2014-01-02 18:26:29,www.google.fr
2014-01-02 18:26:30,www.google.fr
2014-01-02 18:26:31,www.google.com
2014-01-02 18:26:32,apis.google.com
2014-01-02 18:26:37,www.google.fr
2014-01-02 18:26:37,www.hotmail.fr
2014-01-02 18:26:37,www.google.com
2014-01-02 18:26:38,login.live.com
2014-01-02 18:26:40,login.live.com
2014-01-02 18:26:40,apis.google.com
2014-01-02 18:26:40,www.google.fr
2014-01-02 18:26:42,www.google.fr
2014-01-02 18:26:42,windowslive.tt.omtrdc.net
2014-01-02 18:26:53,windowslive.tt.omtrdc.net
2014-01-02 18:27:02,login.live.com
2014-01-02 18:27:04,login.live.com
2014-01-02 18:27:06,mail.live.com
2014-01-02 18:27:07,people.directory.live.com
2014-01-02 18:27:07,dub126.mail.live.com
2014-01-02 18:27:07,windowslive.tt.omtrdc.net
2014-01-02 18:27:07,h2.msn.com
2014-01-02 18:27:10,h2.msn.com
2014-01-02 18:27:11,h.live.com
2014-01-02 18:27:11,g.msn.com
2014-01-02 18:27:11,cid-bfa42e55e05c4897.users.storage.live.com
2014-01-02 18:27:13,people.directory.live.com
2014-01-02 18:27:13,h.live.com
2014-01-02 18:27:14,h.live.com
2014-01-02 18:27:14,byfiles.storage.msn.com
2014-01-02 18:27:14,secure.shared.live.com
2014-01-02 18:27:15,login.live.com
2014-01-02 18:27:16,h.live.com
2014-01-02 18:27:17,go.trouter.io
2014-01-02 18:27:17,h.live.com
2014-01-02 18:27:18,prod.registrar.skype.com
2014-01-02 18:27:19,js.live.net
2014-01-02 18:27:19,storage.live.com
2014-01-02 18:27:19,api.skype.com
2014-01-02 18:27:19,secure.shared.live.com
2014-01-02 18:27:19,dub126.mail.live.com
2014-01-02 18:27:33,p.sfx.ms
2014-01-02 18:27:33,g.msn.com
2014-01-02 18:27:34,g.msn.com
2014-01-02 18:27:34,h.live.com
2014-01-02 18:27:34,dub126.mail.live.com
2014-01-02 18:27:36,h.live.com
2014-01-02 18:27:36,dub126.mail.live.com
2014-01-02 18:27:36,proxy-blu-people.directory.live.com
2014-01-02 18:27:41,iz.orange.fr
2014-01-02 18:27:41,boutique.orange.fr
2014-01-02 18:27:41,c.woopic.com
2014-01-02 18:27:41,dub126.mail.live.com
2014-01-02 18:27:41,c.orange.fr
2014-01-02 18:27:42,dub126.mail.live.com
2014-01-02 18:27:42,h2.msn.com
2014-01-02 18:27:42,orange.ugc.bazaarvoice.com
2014-01-02 18:27:42,c.woopic.com
2014-01-02 18:27:42,as00.estara.com
2014-01-02 18:27:42,boutique.orange.fr
2014-01-02 18:27:43,orange.ugc.bazaarvoice.com
2014-01-02 18:27:43,boutique.orange.fr
2014-01-02 18:27:43,c.woopic.com
2014-01-02 18:27:44,iapref.orange.fr
2014-01-02 18:27:44,boutique.orange.fr
2014-01-02 18:27:44,c.woopic.com
2014-01-02 18:27:44,www.google.com
2014-01-02 18:27:44,as00.estara.com
2014-01-02 18:27:44,www.google.fr
2014-01-02 18:27:44,login.live.com
2014-01-02 18:27:44,apis.google.com
2014-01-02 18:27:44,orange.ugc.bazaarvoice.com
2014-01-02 18:27:45,g.msn.com
2014-01-02 18:27:45,boutique.orange.fr
2014-01-02 18:27:45,as00.estara.com
2014-01-02 18:27:45,c.woopic.com
2014-01-02 18:27:45,orange.ugc.bazaarvoice.com
2014-01-02 18:27:45,apis.google.com
2014-01-02 18:27:46,as00.estara.com
2014-01-02 18:27:46,g.msn.com
2014-01-02 18:27:46,go.trouter.io
2014-01-02 18:27:46,prod.registrar.skype.com
2014-01-02 18:27:46,boutique.orange.fr
2014-01-02 18:27:46,magpie-static.ugc.bazaarvoice.com
2014-01-02 18:27:46,orange.ugc.bazaarvoice.com
2014-01-02 18:27:47,boutique.orange.fr
2014-01-02 18:27:47,c2cat3.internetpluspro.orange-business.com
2014-01-02 18:27:47,prod.registrar.skype.com
2014-01-02 18:27:47,c2cu.internetpluspro.orange-business.com
2014-01-02 18:28:04,storage.live.com
2014-01-02 18:28:23,go.microsoft.com
2014-01-02 18:28:23,ieonline.microsoft.com
2014-01-02 18:28:51,dub126.afx.ms
2014-01-02 18:29:04,dub126.mail.live.com
2014-01-02 18:29:16,h.live.com
2014-01-02 18:29:16,dub126.mail.live.com
2014-01-02 18:29:16,api.skype.com
2014-01-02 18:29:16,h2.msn.com
2014-01-02 18:29:35,dl.powerarchiver.com
2014-01-02 18:29:36,www.powerarchiver.com
2014-01-02 18:29:36,dl.powerarchiver.com
2014-01-02 18:29:37,dl.powerarchiver.com
2014-01-02 18:29:37,www.powerarchiver.com
2014-01-02 18:29:37,ajax.googleapis.com
2014-01-02 18:29:38,static.olark.com
2014-01-02 18:29:38,dl.powerarchiver.com
2014-01-02 18:29:38,www.powerarchiver.com
2014-01-02 18:29:39,398-events.olark.com
2014-01-02 18:29:39,static.olark.com
2014-01-02 18:29:39,www.powerarchiver.com
2014-01-02 18:29:40,api.olark.com
2014-01-02 18:29:43,g.msn.com
2014-01-02 18:29:49,g.msn.com
2014-01-02 18:29:54,api.olark.com
2014-01-02 18:30:22,dub126.mail.live.com
2014-01-02 18:30:22,proxy-blu-people.directory.live.com
2014-01-02 18:30:25,dub126.afx.ms
2014-01-02 18:30:45,dub126.mail.live.com
2014-01-02 18:31:07,www.powerarchiver.com
2014-01-02 18:31:07,dl.powerarchiver.com
2014-01-02 18:31:07,static.olark.com
2014-01-02 18:31:08,www.powerarchiver.com
2014-01-02 18:32:22,cid-bfa42e55e05c4897.users.storage.live.com
2014-01-02 18:33:34,dl.powerarchiver.com
2014-01-02 18:33:35,www.powerarchiver.com
2014-01-02 18:33:36,www.powerarchiver.com
2014-01-02 18:33:37,dl.powerarchiver.com
2014-01-02 18:33:38,www.powerarchiver.com
2014-01-02 18:33:39,www.powerarchiver.com
2014-01-02 18:33:39,dl.powerarchiver.com
2014-01-02 18:33:39,ajax.googleapis.com
2014-01-02 18:33:40,869-events.olark.com
2014-01-02 18:33:40,dl.powerarchiver.com
2014-01-02 18:33:40,static.olark.com
2014-01-02 18:33:40,www.powerarchiver.com
2014-01-02 18:33:41,proxy-blu-people.directory.live.com
2014-01-02 18:35:20,proxy-blu-people.directory.live.com
2014-01-02 18:38:37,proxy-blu-people.directory.live.com
2014-01-02 18:40:35,h.live.com
2014-01-02 18:40:35,dub126.mail.live.com
2014-01-02 18:40:36,h.live.com
2014-01-02 18:40:46,g.msn.com
2014-01-02 18:41:09,g.msn.com
2014-01-02 18:41:38,cid-bfa42e55e05c4897.users.storage.live.com
2014-01-02 18:41:40,h.live.com
2014-01-02 18:43:37,proxy-blu-people.directory.live.com
2014-01-02 18:43:40,dub126.afx.ms
2014-01-02 18:43:41,dub126.mail.live.com
2014-01-02 18:44:03,dl.patchbeam.com
2014-01-02 18:44:24,www.powerarchiver.com
2014-01-02 18:44:24,dl.patchbeam.com
2014-01-02 18:44:43,p.sfx.ms
2014-01-02 19:49:34,www.altera.com
2014-01-02 19:50:23,www.altera.com
2014-01-02 19:51:54,js.microsoft.com
2014-01-02 19:51:54,ieonline.microsoft.com
2014-01-02 19:51:54,res2.windows.microsoft.com
2014-01-02 19:51:54,res1.windows.microsoft.com
2014-01-02 19:51:54,ajax.microsoft.com
2014-01-02 19:51:54,windows.microsoft.com
2014-01-02 19:51:54,go.microsoft.com
2014-01-02 19:51:55,js.microsoft.com
2014-01-02 19:51:55,windows.microsoft.com
2014-01-02 19:51:55,res1.windows.microsoft.com
2014-01-02 19:51:58,www.google.com
2014-01-02 19:52:01,www.google.fr
2014-01-02 19:52:02,www.google.com
2014-01-02 19:52:02,apis.google.com
2014-01-02 19:52:11,apis.google.com
2014-01-02 19:52:11,www.google.fr
2014-01-02 19:52:11,www.hotmail.fr
2014-01-02 19:52:12,login.live.com
2014-01-02 19:52:14,www.google.fr
2014-01-02 19:52:14,www.google.com
2014-01-02 19:52:14,login.live.com
2014-01-02 19:52:16,windowslive.tt.omtrdc.net
2014-01-02 19:52:16,www.google.fr
2014-01-02 19:52:27,windowslive.tt.omtrdc.net
2014-01-02 19:52:29,login.live.com
2014-01-02 19:52:30,login.live.com
2014-01-02 19:52:31,dub126.mail.live.com
2014-01-02 19:52:31,people.directory.live.com
2014-01-02 19:52:31,mail.live.com
2014-01-02 19:52:32,h2.msn.com
2014-01-02 19:52:32,dub126.mail.live.com
2014-01-02 19:52:36,h2.msn.com
2014-01-02 19:52:36,g.msn.com
2014-01-02 19:52:36,h.live.com
2014-01-02 19:52:36,cid-bfa42e55e05c4897.users.storage.live.com
2014-01-02 19:52:36,windowslive.tt.omtrdc.net
2014-01-02 19:52:37,dub126.mail.live.com
2014-01-02 19:52:37,people.directory.live.com
2014-01-02 19:52:37,js.live.net
2014-01-02 19:52:37,h.live.com
2014-01-02 19:52:38,login.live.com
2014-01-02 19:52:38,secure.shared.live.com
2014-01-02 19:52:38,byfiles.storage.msn.com
2014-01-02 19:52:39,go.trouter.io
2014-01-02 19:52:40,go.trouter.io
2014-01-02 19:52:40,prod.registrar.skype.com
2014-01-02 19:52:47,p.sfx.ms
2014-01-02 19:52:47,dub126.mail.live.com
2014-01-02 19:52:47,h2.msn.com
2014-01-02 19:52:47,secure.shared.live.com
2014-01-02 19:52:47,storage.live.com
2014-01-02 19:52:47,h.live.com
2014-01-02 19:52:47,api.skype.com
2014-01-02 19:53:17,g.msn.com
2014-01-02 19:53:18,g.msn.com
2014-01-02 19:53:35,www.altera.com
2014-01-02 19:53:48,cid-bfa42e55e05c4897.users.storage.live.com
2014-01-02 19:53:51,go.microsoft.com
2014-01-02 19:53:58,dub126.afx.ms
2014-01-02 19:54:32,dub126.mail.live.com
2014-01-02 19:54:34,dub126.mail.live.com
2014-01-02 19:54:34,p.sfx.ms
2014-01-02 19:54:54,ieonline.microsoft.com
2014-01-02 19:55:05,g.msn.com
2014-01-02 19:55:07,g.msn.com
2014-01-02 19:55:35,h.live.com
2014-01-02 19:55:40,dub126.mail.live.com
2014-01-02 19:56:13,h2.msn.com
2014-01-02 19:56:13,dub126.mail.live.com
2014-01-02 19:56:13,proxy-blu-people.directory.live.com
2014-01-02 19:56:42,g.msn.com
2014-01-02 19:57:14,h.live.com
2014-01-02 19:57:16,dub126.mail.live.com
2014-01-02 20:01:53,cid-bfa42e55e05c4897.users.storage.live.com
2014-01-02 20:02:07,proxy-blu-people.directory.live.com
2014-01-02 20:07:31,proxy-blu-people.directory.live.com
2014-01-02 20:07:47,g.msn.com
2014-01-02 20:07:48,g.msn.com
2014-01-02 20:08:23,h.live.com
2014-01-02 20:08:32,dub126.mail.live.com
2014-01-02 20:10:43,h2.msn.com
2014-01-02 20:11:09,dub126.mail.live.com
2014-01-02 20:11:12,dub126.afx.ms
2014-01-02 20:13:15,proxy-blu-people.directory.live.com
2014-01-02 20:14:11,www.altera.com
2014-01-02 20:14:34,www.altera.com
2014-01-02 20:15:00,www.altera.com
2014-01-02 20:15:55,www.altera.com
2014-01-02 20:19:48,proxy-blu-people.directory.live.com
2014-01-02 20:20:19,g.msn.com
2014-01-02 20:20:27,g.msn.com
2014-01-02 20:21:04,h.live.com
2014-01-02 20:21:08,dub126.mail.live.com
2014-01-02 20:25:46,proxy-blu-people.directory.live.com
2014-01-02 23:05:19,www.altera.com
2014-01-02 23:10:40,www.altera.com
2014-01-02 23:12:35,www.altera.com
2014-01-02 23:13:57,www.google.fr
2014-01-02 23:13:58,www.google.fr
2014-01-02 23:13:59,www.google.com
2014-01-02 23:14:00,apis.google.com
2014-01-02 23:14:16,www.google.com
2014-01-02 23:14:16,www.google.fr
2014-01-02 23:14:17,www.uqac.ca
2014-01-02 23:14:21,www.uqac.ca
2014-01-02 23:14:25,addons.foxitsoftware.com
2014-01-02 23:14:26,www.uqac.ca
2014-01-02 23:15:46,apis.google.com
2014-01-02 23:15:46,www.google.fr
2014-01-02 23:16:48,ieonline.microsoft.com
2014-01-02 23:17:35,www.altera.com
2014-01-02 23:55:33,www.uqac.ca
2014-01-02 23:56:56,www.google.fr
2014-01-02 23:56:56,paristech.institutoptique.fr
2014-01-02 23:56:59,paristech.institutoptique.fr
2014-01-02 23:57:28,paristech.institutoptique.fr
2014-01-02 23:58:24,www.google.fr
2014-01-02 23:58:25,www.google.fr
2014-01-23 16:23:05,fpdownload2.macromedia.com
2014-01-23 16:23:08,windows.microsoft.com
2014-01-23 16:23:08,res2.windows.microsoft.com
2014-01-23 16:23:08,res1.windows.microsoft.com
2014-01-23 16:23:08,ajax.microsoft.com
2014-01-23 16:23:08,js.microsoft.com
2014-01-23 16:23:08,go.microsoft.com
2014-01-23 16:23:09,res1.windows.microsoft.com
2014-01-23 16:23:09,js.microsoft.com
2014-01-23 16:23:09,windows.microsoft.com
2014-01-23 16:23:13,www.google.com
2014-01-23 16:23:27,www.hotmail.com
2014-01-23 16:23:32,www.squid-cache.org
2014-01-23 16:23:37,login.live.com
2014-01-23 16:23:47,login.live.com
2014-01-23 16:24:08,login.live.com
2014-01-23 16:24:09,login.live.com
2014-01-23 16:24:14,mail.live.com
2014-01-23 16:24:16,dub110.mail.live.com
2014-01-23 16:24:17,cid-ebabafab767696e7.users.storage.live.com
2014-01-23 16:24:19,people.directory.live.com
2014-01-23 16:24:19,dub110.mail.live.com
2014-01-23 16:24:20,js.live.net
2014-01-23 16:24:20,dub110.mail.live.com
2014-01-23 16:24:21,secure.shared.live.com
2014-01-23 16:24:22,api.skype.com
2014-01-23 16:24:23,dub110.mail.live.com
2014-01-23 16:24:23,storage.live.com
2014-01-23 16:24:23,go.trouter.io
2014-01-23 16:24:24,h.live.com
2014-01-23 16:24:24,dub110.mail.live.com
2014-01-23 16:24:25,h.live.com
2014-01-23 16:24:27,login.live.com
2014-01-23 16:24:28,windowslive.tt.omtrdc.net
2014-01-23 16:24:28,storage.live.com
2014-01-23 16:24:29,prod.registrar.skype.com
2014-01-23 16:24:29,h.live.com
2014-01-23 16:24:40,windowslive.tt.omtrdc.net
2014-01-23 16:25:02,api.skype.com
2014-01-23 16:25:04,secure.shared.live.com
2014-01-23 16:25:05,login.live.com
2014-01-23 16:25:05,go.trouter.io
2014-01-23 16:25:05,dub110.mail.live.com
2014-01-23 16:25:05,cid-ebabafab767696e7.users.storage.live.com
2014-01-23 16:25:06,login.skype.com
2014-01-23 16:25:06,g.live.com
2014-01-23 16:25:08,fr.msn.com
2014-01-23 16:25:08,www.bing.com
2014-01-23 16:25:08,c.fr.msn.com
2014-01-23 16:25:08,windowslive.tt.omtrdc.net
2014-01-23 16:25:09,www.facebook.com
2014-01-23 16:25:09,www.bing.com
2014-01-23 16:25:09,hub.video.msn.com
2014-01-23 16:25:09,c.fr.msn.com
2014-01-23 16:25:09,h2.msn.com
2014-01-23 16:25:09,img1.video.s-msn.com
2014-01-23 16:25:09,api.bing.com
2014-01-23 16:25:09,img2.video.s-msn.com
2014-01-23 16:25:10,video.msn.com
2014-01-23 16:25:10,www.facebook.com
2014-01-23 16:25:10,platform.twitter.com
2014-01-23 16:25:10,s-static.ak.facebook.com
2014-01-23 16:25:10,hub.video.msn.com
2014-01-23 16:25:10,static.ak.facebook.com
2014-01-23 16:25:10,spot.static.meetic.com
2014-01-23 16:25:10,img2.video.s-msn.com
2014-01-23 16:25:10,connect.facebook.net
2014-01-23 16:25:11,picda.ilius.net
2014-01-23 16:25:11,windowslive.tt.omtrdc.net
2014-01-23 16:25:11,platform.twitter.com
2014-01-23 16:25:11,www.facebook.com
2014-01-23 16:25:11,fr.msn.com
2014-01-23 16:25:13,platform.twitter.com
2014-01-23 16:25:14,fr.msn.com
2014-01-23 16:25:14,login.live.com
2014-01-23 16:25:14,login.secure.emea.msn.com
2014-01-23 16:25:27,twitter.com
2014-01-23 16:25:28,pbs.twimg.com
2014-01-23 16:25:36,pbs.twimg.com
2014-01-23 16:25:45,pbs.twimg.com
2014-01-23 16:25:45,twitter.com
2014-01-23 16:25:45,platform.twitter.com
2014-01-23 16:26:04,syndication.twitter.com
2014-01-23 16:26:07,go.microsoft.com
2014-01-23 16:26:07,ieonline.microsoft.com
2014-01-23 16:26:34,syndication.twitter.com
2014-01-23 16:27:50,syndication.twitter.com
2014-01-23 16:29:20,syndication.twitter.com
2014-01-23 16:30:50,syndication.twitter.com
2014-01-30 12:15:49,www.google.fr
2014-01-30 12:15:50,www.google.fr
2014-01-30 12:15:54,www.google.com
2014-01-30 12:15:56,apis.google.com
2014-01-30 12:16:12,www.google.fr
2014-01-30 12:16:12,www.google.com
2014-01-30 12:16:13,apis.google.com
2014-01-30 12:16:13,www.google.fr
2014-01-30 12:16:14,www.google.fr
2014-01-30 12:18:33,ieonline.microsoft.com
2014-01-30 13:44:50,www.google.fr
2014-01-30 13:45:02,www.google.fr
2014-01-30 13:45:05,apis.google.com
2014-01-30 13:45:05,www.google.com
2014-01-30 13:45:09,apis.google.com
2014-01-30 13:45:09,www.google.com
2014-01-30 13:45:09,www.google.fr
2014-01-30 13:47:03,shell.windows.com
2014-01-30 13:47:03,go.microsoft.com
2014-01-30 13:47:04,shell.windows.com
2014-01-30 13:47:48,ieonline.microsoft.com
2014-02-02 11:52:18,go.microsoft.com
2014-02-02 11:52:18,windows.microsoft.com
2014-02-02 11:52:19,js.microsoft.com
2014-02-02 11:52:19,res1.windows.microsoft.com
2014-02-02 11:52:19,res2.windows.microsoft.com
2014-02-02 11:52:19,windows.microsoft.com
2014-02-02 11:52:19,ajax.microsoft.com
2014-02-02 11:52:20,res1.windows.microsoft.com
2014-02-02 11:52:22,www.google.com
2014-02-02 11:53:01,www.google.fr
2014-02-02 11:53:02,www.google.fr
2014-02-02 11:53:03,www.google.com
2014-02-02 11:53:04,apis.google.com
2014-02-02 11:53:40,www.google.com
2014-02-02 11:53:40,www.google.fr
2014-02-02 11:53:41,www.uqac.ca
2014-02-02 11:53:44,www.uqac.ca
2014-02-02 11:54:17,apis.google.com
2014-02-02 11:54:22,ieonline.microsoft.com
2014-02-02 11:54:22,go.microsoft.com
2014-02-02 11:55:08,www.uqac.ca
2014-02-02 11:55:08,www.google.fr
2014-02-02 11:57:17,www.google.fr
2014-02-02 11:57:18,www.google.fr
2014-02-02 11:57:21,www.google.fr
2014-02-02 11:57:22,fr.openclassrooms.com
2014-02-02 11:57:22,www.gravatar.com
2014-02-02 11:57:22,www.google.fr
2014-02-02 11:57:23,fr.openclassrooms.com
2014-02-02 11:57:23,www.google.com
2014-02-02 11:57:23,doug1izaerwt3.cloudfront.net
2014-02-02 11:57:23,kisai.info
2014-02-02 11:57:23,dnn506yrbagrg.cloudfront.net
2014-02-02 11:57:24,www.google.com
2014-02-02 11:57:24,fr.openclassrooms.com
2014-02-02 11:57:25,fr.openclassrooms.com
2014-02-02 11:57:25,kisai.info
2014-02-02 11:57:26,www.googleapis.com
2014-02-02 11:57:26,fr.openclassrooms.com
2014-02-02 11:57:27,www.googleapis.com
2014-02-02 11:57:29,fr.openclassrooms.com
2014-02-02 11:57:30,fr.openclassrooms.com
2014-02-02 11:57:31,www.facebook.com
2014-02-02 11:57:31,admaym.com
2014-02-02 11:57:31,ce.lijit.com
2014-02-02 11:57:32,s.kau.li
2014-02-02 11:57:32,y.one.impact-ad.jp
2014-02-02 11:57:32,www.google.com
2014-02-02 11:58:20,fr.openclassrooms.com
2014-02-02 11:58:21,doug1izaerwt3.cloudfront.net
2014-02-02 11:58:21,www.gravatar.com
2014-02-02 11:58:21,www.google.com
2014-02-02 11:58:21,www.googleapis.com
2014-02-02 11:58:22,dnn506yrbagrg.cloudfront.net
2014-02-02 11:58:23,its.tradelab.fr
2014-02-02 11:58:23,www.facebook.com
2014-02-02 11:58:44,hdl.telecom-paristech.fr
2014-02-02 11:58:44,its.tradelab.fr
2014-02-02 11:58:45,hdl.telecom-paristech.fr
2014-02-02 11:58:57,hdl.telecom-paristech.fr
2014-02-02 11:59:17,hdl.telecom-paristech.fr
2014-02-02 11:59:22,hdl.telecom-paristech.fr
2014-02-02 12:10:43,www.altera.com
2014-02-02 13:32:14,dnn506yrbagrg.cloudfront.net
2014-02-02 13:32:16,its.tradelab.fr
2014-02-02 13:32:18,www.googleapis.com
2014-02-02 13:33:17,its.tradelab.fr
2014-02-02 20:02:50,www.altera.com
2014-02-02 20:40:55,www.altera.com
2014-02-17 16:09:11,clients1.google.com
2014-02-17 16:09:11,www.google.fr
2014-02-17 16:09:11,google.fr
2014-02-17 16:09:11,toolbar.google.fr
2014-02-17 16:09:12,clients3.google.com
2014-02-17 16:09:12,crl.geotrust.com
2014-02-17 16:09:12,pki.google.com
2014-02-17 16:09:12,www.google.fr
2014-02-17 16:09:12,translate.google.com
2014-02-17 16:09:13,toolbar.google.com
2014-02-17 16:09:13,clients4.google.com
2014-02-17 16:09:13,www.google.fr
2014-02-17 16:09:14,www.google.fr
2014-02-17 16:09:14,clients1.google.com
2014-02-17 16:09:14,www.google.com
2014-02-17 16:09:15,www.google.com
2014-02-17 16:09:20,clients1.google.com
2014-02-17 16:09:21,mscrl.microsoft.com
2014-02-17 16:09:21,cdp1.public-trust.com
2014-02-17 16:09:26,www.live.com
2014-02-17 16:09:26,www.google.com
2014-02-17 16:09:35,www.google.com
2014-02-17 16:09:37,toolbar.google.com
2014-02-17 16:09:39,cache.pack.google.com
2014-02-17 16:09:39,r2---sn-gxo5uxg-jqbe.c.pack.google.com
2014-02-17 16:09:41,www.google.fr
2014-02-17 16:09:43,www.google.fr
2014-02-17 16:09:44,fabrice.sincere.pagesperso-orange.fr
2014-02-17 16:09:45,cache.pack.google.com
2014-02-17 16:09:45,r2---sn-gxo5uxg-jqbe.c.pack.google.com
2014-02-17 16:09:48,cache.pack.google.com
2014-02-17 16:09:48,r2---sn-gxo5uxg-jqbe.c.pack.google.com
2014-02-17 16:09:49,cache.pack.google.com
2014-02-17 16:09:49,r2---sn-gxo5uxg-jqbe.c.pack.google.com
2014-02-17 16:09:50,r2---sn-gxo5uxg-jqbe.c.pack.google.com
2014-02-17 16:09:50,cache.pack.google.com
2014-02-17 16:09:51,r2---sn-gxo5uxg-jqbe.c.pack.google.com
2014-02-17 16:09:51,cache.pack.google.com
2014-02-17 16:09:52,cache.pack.google.com
2014-02-17 16:09:52,r2---sn-gxo5uxg-jqbe.c.pack.google.com
2014-02-17 16:09:53,cache.pack.google.com
2014-02-17 16:09:53,r2---sn-gxo5uxg-jqbe.c.pack.google.com
2014-02-17 16:09:54,cache.pack.google.com
2014-02-17 16:09:54,r2---sn-gxo5uxg-jqbe.c.pack.google.com
2014-02-17 16:09:54,crl.verisign.com
2014-02-17 16:09:55,csc3-2010-crl.verisign.com
2014-02-17 16:09:55,crl.verisign.com
2014-02-17 16:10:26,ieonline.microsoft.com
2014-02-17 16:10:58,www.google.fr
2014-02-17 16:10:59,www.google.fr
2014-02-17 16:10:59,www.elektor.fr
2014-02-17 16:11:00,www.elektor.fr
2014-02-17 16:11:01,apis.google.com
2014-02-17 16:11:01,www.elektor.fr
2014-02-17 16:11:02,www.elektor.fr
2014-02-17 16:11:02,www.google.com
2014-02-17 17:28:47,clients3.google.com
2014-02-17 17:28:49,www.google.fr
2014-02-17 17:28:54,www.google.fr
2014-02-17 17:28:56,www.google.fr
2014-02-17 17:28:57,www.google.fr
2014-02-17 17:28:57,fr.yahoo.com
2014-02-17 17:28:57,www.google.com
2014-02-17 17:28:58,fr.yahoo.com
2014-02-17 17:28:59,crl3.digicert.com
2014-02-17 17:29:00,certificates.godaddy.com
2014-02-17 17:29:00,crl.godaddy.com
2014-02-17 17:29:01,fr.yahoo.com
2014-02-17 17:29:02,www.public-trust.com
2014-02-17 17:29:02,crl3.digicert.com
2014-02-17 17:29:03,login.yahoo.com
2014-02-17 17:29:06,crl3.digicert.com
2014-02-17 17:29:06,login.yahoo.com
2014-02-17 17:29:06,crl.thawte.com
2014-02-17 17:29:07,svr-ov-crl.thawte.com
2014-02-17 17:29:07,crl.omniroot.com
2014-02-17 17:29:07,login.yahoo.com
2014-02-17 17:29:08,login.yahoo.com
2014-02-17 17:29:17,login.yahoo.com
2014-02-17 17:29:19,fr.yahoo.com
2014-02-17 17:29:20,yui.yahooapis.com
2014-02-17 17:29:20,fr.yahoo.com
2014-02-17 17:29:21,fr.yahoo.com
2014-02-17 17:29:22,locdrop.query.yahoo.com
2014-02-17 17:29:22,fr.yahoo.com
2014-02-17 17:29:24,fr.yahoo.com
2014-02-17 17:29:25,mrd.mail.yahoo.com
2014-02-17 17:29:25,a248.e.akamai.net
2014-02-17 17:29:26,cf-mg6.mail.yahoo.com
2014-02-17 17:29:27,ping.mail.yahoo.com
2014-02-17 17:29:29,ping.mail.yahoo.com
2014-02-17 17:29:31,cf-mg6.mail.yahoo.com
2014-02-17 17:29:31,ping.mail.yahoo.com
2014-02-17 17:29:33,cf-mg6.mail.yahoo.com
2014-02-17 17:29:33,crl3.digicert.com
2014-02-17 17:30:15,cf-mg6.mail.yahoo.com
2014-02-17 17:30:16,farm5.staticflickr.com
2014-02-17 17:30:19,qc.yahoo.com
2014-02-17 17:30:22,locdrop.query.yahoo.com
2014-02-17 17:30:22,qc.yahoo.com
2014-02-17 17:30:23,qc.yahoo.com
2014-02-17 17:30:29,www.google.fr
2014-02-17 17:30:32,www.google.fr
2014-02-17 17:30:36,www.google.com
2014-02-17 17:30:36,apis.google.com
2014-02-17 17:30:36,www.google.fr
2014-02-17 17:30:37,www.google.com
2014-02-17 17:30:37,apis.google.com
2014-02-17 17:30:37,accounts.google.com
2014-02-17 17:30:39,mail.google.com
2014-02-17 17:30:39,accounts.google.com
2014-02-17 17:30:40,accounts.youtube.com
2014-02-17 17:30:51,accounts.google.com
2014-02-17 17:30:51,mail.google.com
2014-02-17 17:30:52,accounts.youtube.com
2014-02-17 17:30:53,clients1.google.com
2014-02-17 17:30:53,toolbarqueries.clients.google.com
2014-02-17 17:30:53,accounts.google.co.ma
2014-02-17 17:30:53,accounts.google.fr
2014-02-17 17:30:53,mail.google.com
2014-02-17 17:30:53,clients4.google.com
2014-02-17 17:30:54,mail.google.com
2014-02-17 17:30:55,apis.google.com
2014-02-17 17:30:55,mail.google.com
2014-02-17 17:30:56,www.google.com
2014-02-17 17:30:56,clients2.google.com
2014-02-17 17:30:56,clients4.google.com
2014-02-17 17:30:56,toolbarqueries.clients.google.com
2014-02-17 17:30:56,clients1.google.com
2014-02-17 17:30:56,mail.google.com
2014-02-17 17:30:57,apis.google.com
2014-02-17 17:30:57,mail.google.com
2014-02-17 17:30:57,plus.google.com
2014-02-17 17:30:59,mail.google.com
2014-02-17 17:31:00,accounts.google.com
2014-02-17 17:31:00,mail.google.com
2014-02-17 17:31:00,clients4.google.com
2014-02-17 17:31:00,clients1.google.com
2014-02-17 17:31:00,apis.google.com
2014-02-17 17:31:00,toolbarqueries.clients.google.com
2014-02-17 17:31:01,mail.google.com
2014-02-17 17:31:01,chatenabled.mail.google.com
2014-02-17 17:31:01,plus.google.com
2014-02-17 17:31:11,mail.google.com
2014-02-17 17:31:31,clients1.google.com
2014-02-17 17:31:31,toolbarqueries.clients.google.com
2014-02-17 17:31:32,toolbarqueries.clients.google.com
2014-02-17 17:31:32,clients4.google.com
2014-02-17 17:31:36,mail.google.com
2014-02-17 17:31:38,www.google.com
2014-02-17 17:31:38,b.mail.google.com
2014-02-17 17:31:39,www.google.fr
2014-02-17 17:31:39,clients1.google.com
2014-02-17 17:31:39,clients4.google.com
2014-02-17 17:31:39,toolbarqueries.clients.google.com
2014-02-17 17:31:39,mail.google.com
2014-02-17 17:31:39,www.google.com
2014-02-17 17:31:39,accounts.google.com
2014-02-17 17:31:40,accounts.youtube.com
2014-02-17 17:31:40,accounts.google.co.ma
2014-02-17 17:31:40,accounts.google.com
2014-02-17 17:31:40,www.google.co.ma
2014-02-17 17:31:40,accounts.google.fr
2014-02-17 17:32:37,clients4.google.com
2014-02-17 17:32:37,mail.google.com
2014-02-24 13:36:22,clients1.google.com
2014-02-24 16:36:12,clients1.google.com
2014-02-24 16:50:03,toolbar.google.fr
2014-02-24 16:50:09,clients5.google.com
2014-02-24 16:50:09,clients3.google.com
2014-02-24 16:50:10,clients5.google.com
2014-02-24 16:50:11,www.google.com
2014-02-24 16:50:11,www.google.fr
2014-02-24 16:50:14,www.google.fr
2014-02-24 16:50:14,www.google.com
2014-02-24 16:50:15,accounts.google.com
2014-02-24 16:50:29,accounts.youtube.com
2014-02-24 16:50:29,accounts.google.com
2014-02-24 16:50:33,csc3-2009-2-crl.verisign.com
2014-02-24 16:50:34,clients4.google.com
2014-02-24 16:50:34,toolbar.google.com
2014-02-24 16:50:34,accounts.youtube.com
2014-02-24 16:50:34,accounts.google.com
2014-02-24 16:50:35,www.google.com
2014-02-24 16:50:35,clients1.google.com
2014-02-24 16:50:39,toolbar.google.com
2014-02-24 16:50:51,cache.pack.google.com
2014-02-24 16:50:51,r2---sn-gxo5uxg-jqbe.c.pack.google.com
2014-02-24 16:50:55,r2---sn-gxo5uxg-jqbe.c.pack.google.com
2014-02-24 16:50:55,cache.pack.google.com
2014-02-24 16:50:58,r2---sn-gxo5uxg-jqbe.c.pack.google.com
2014-02-24 16:50:58,cache.pack.google.com
2014-02-24 16:50:59,r2---sn-gxo5uxg-jqbe.c.pack.google.com
2014-02-24 16:50:59,cache.pack.google.com
2014-02-24 16:51:00,cache.pack.google.com
2014-02-24 16:51:00,r2---sn-gxo5uxg-jqbe.c.pack.google.com
2014-02-24 16:51:01,r2---sn-gxo5uxg-jqbe.c.pack.google.com
2014-02-24 16:51:01,cache.pack.google.com
2014-02-24 16:51:02,r2---sn-gxo5uxg-jqbe.c.pack.google.com
2014-02-24 16:51:02,cache.pack.google.com
2014-02-24 16:51:03,r2---sn-gxo5uxg-jqbe.c.pack.google.com
2014-02-24 16:51:03,cache.pack.google.com
2014-02-24 16:51:04,r2---sn-gxo5uxg-jqbe.c.pack.google.com
2014-02-24 16:51:04,cache.pack.google.com
2014-02-24 16:51:06,www.google.fr
2014-02-24 16:51:06,accounts.google.fr
2014-02-24 16:51:06,accounts.youtube.com
2014-02-24 16:51:06,accounts.google.com
2014-02-24 16:51:07,clients4.google.com
2014-02-24 16:51:07,www.google.com
2014-02-24 16:51:07,toolbarqueries.clients.google.com
2014-02-24 16:51:07,clients1.google.com
2014-02-24 16:51:08,www.google.com
2014-02-24 16:51:09,www.google.com
2014-02-24 16:51:10,apis.google.com
2014-02-24 16:51:17,plus.google.com
2014-02-24 16:51:21,www.google.com
2014-02-24 16:51:24,www.google.com
2014-02-24 16:51:26,plus.google.com
2014-02-24 16:51:31,www.google.com
2014-02-24 16:51:31,plus.google.com
2014-02-24 16:51:32,clients4.google.com
2014-02-24 16:51:32,plus.google.com
2014-02-24 16:51:33,www.google.com
2014-02-24 16:51:33,plus.google.com
2014-02-24 16:51:44,clients4.google.com
2014-02-24 16:51:45,browsersync.google.com
2014-02-24 16:51:45,plus.google.com
2014-02-24 16:51:45,toolbarqueries.clients.google.com
2014-02-24 16:51:45,clients1.google.com
2014-02-24 16:51:45,toolbar.google.fr
2014-02-24 16:51:54,browsersync.google.com
2014-02-24 16:51:54,clients4.google.com
2014-02-24 16:51:55,plus.google.com
2014-02-24 16:52:01,clients4.google.com
2014-02-24 16:52:05,accounts.youtube.com
2014-02-24 16:52:05,accounts.google.com
2014-02-24 16:52:05,plus.google.com
2014-02-24 16:52:05,www.google.com
2014-02-24 16:52:05,www.google.fr
2014-02-24 16:52:06,accounts.google.fr
2014-02-24 16:52:07,www.google.com
2014-02-24 16:52:08,www.google.fr
2014-02-24 16:52:10,www.google.fr
2014-02-24 16:52:10,fr.yahoo.com
2014-02-24 16:52:11,crl3.digicert.com
2014-02-24 16:52:12,fr.yahoo.com
2014-02-24 16:52:13,locdrop.query.yahoo.com
2014-02-24 16:52:13,crl3.digicert.com
2014-02-24 16:52:14,login.yahoo.com
2014-02-24 16:52:14,fr.yahoo.com
2014-02-24 16:52:15,rapidssl-crl.geotrust.com
2014-02-24 16:52:16,login.yahoo.com
2014-02-24 16:52:16,crl3.digicert.com
2014-02-24 16:52:27,accounts.google.com
2014-02-24 16:52:27,clients3.google.com
2014-02-24 16:52:27,gmail.com
2014-02-24 16:52:27,mail.google.com
2014-02-24 16:52:29,accounts.youtube.com
2014-02-24 16:52:29,accounts.google.com
2014-02-24 16:52:35,mail.google.com
2014-02-24 16:52:36,accounts.google.com
2014-02-24 16:52:36,accounts.youtube.com
2014-02-24 16:52:37,accounts.google.fr
2014-02-24 16:52:37,clients4.google.com
2014-02-24 16:52:37,clients1.google.com
2014-02-24 16:52:37,toolbarqueries.clients.google.com
2014-02-24 16:52:37,accounts.google.co.ma
2014-02-24 16:52:38,mail.google.com
2014-02-24 16:52:40,toolbarqueries.clients.google.com
2014-02-24 16:52:40,mail.google.com
2014-02-24 16:52:40,apis.google.com
2014-02-24 16:52:40,clients1.google.com
2014-02-24 16:52:41,www.google.com
2014-02-24 16:52:41,toolbarqueries.clients.google.com
2014-02-24 16:52:41,clients2.google.com
2014-02-24 16:52:41,clients4.google.com
2014-02-24 16:52:42,plus.google.com
2014-02-24 16:52:42,mail.google.com
2014-02-24 16:52:43,plus.google.com
2014-02-24 16:52:44,accounts.google.com
2014-02-24 16:52:46,mail.google.com
2014-02-24 16:52:47,chatenabled.mail.google.com
2014-02-24 16:52:56,plus.google.com
2014-02-24 16:53:00,mail.google.com
2014-02-24 16:53:00,toolbarqueries.clients.google.com
2014-02-24 16:53:00,clients1.google.com
2014-02-24 16:54:57,toolbarqueries.clients.google.com
2014-02-24 16:54:57,clients1.google.com
2014-02-24 16:54:57,clients4.google.com
2014-02-24 16:55:15,apis.google.com
2014-02-24 16:55:15,clients4.google.com
2014-02-24 16:55:16,mail.google.com
2014-02-24 16:55:18,apis.google.com
2014-02-24 16:55:19,toolbarqueries.clients.google.com
2014-02-24 16:55:19,clients1.google.com
2014-02-24 16:55:19,mail.google.com
2014-02-24 16:55:19,clients4.google.com
2014-02-24 16:55:20,mail.google.com
2014-02-24 16:55:21,plus.google.com
2014-02-24 16:55:31,mail.google.com
2014-02-24 16:55:31,clients1.google.com
2014-02-24 16:55:31,toolbarqueries.clients.google.com
2014-02-24 16:55:31,plus.google.com
2014-02-24 16:55:33,apis.google.com
2014-02-24 16:55:33,clients4.google.com
2014-02-24 16:55:36,toolbarqueries.clients.google.com
2014-02-24 16:55:36,clients1.google.com
2014-02-24 16:55:36,www.google.com
2014-02-24 16:55:36,b.mail.google.com
2014-02-24 16:55:36,plus.google.com
2014-02-24 16:55:36,mail.google.com
2014-02-24 16:55:37,www.google.fr
2014-02-24 16:55:37,accounts.google.fr
2014-02-24 16:55:37,www.google.co.ma
2014-02-24 16:55:37,accounts.google.com
2014-02-24 16:55:37,clients4.google.com
2014-02-24 16:55:37,accounts.youtube.com
2014-02-24 16:55:41,accounts.google.co.ma
2014-02-24 16:59:36,clients4.google.com
2014-02-24 16:59:42,accounts.google.com
2014-02-24 17:07:25,accounts.google.com
2014-02-24 17:07:39,accounts.youtube.com
2014-02-24 17:07:39,mail.google.com
2014-02-24 17:07:40,accounts.google.co.ma
2014-02-24 17:07:40,accounts.google.com
2014-02-24 17:07:40,accounts.youtube.com
2014-02-24 17:07:41,accounts.google.fr
2014-02-24 17:07:41,toolbarqueries.clients.google.com
2014-02-24 17:07:41,clients4.google.com
2014-02-24 17:07:41,clients1.google.com
2014-02-24 17:07:42,mail.google.com
2014-02-24 17:07:44,clients1.google.com
2014-02-24 17:07:45,clients2.google.com
2014-02-24 17:07:45,toolbarqueries.clients.google.com
2014-02-24 17:07:45,www.google.com
2014-02-24 17:07:45,clients4.google.com
2014-02-24 17:07:48,mail.google.com
2014-02-24 17:07:48,clients1.google.com
2014-02-24 17:07:48,toolbarqueries.clients.google.com
2014-02-24 17:07:48,plus.google.com
2014-02-24 17:07:50,chatenabled.mail.google.com
2014-02-24 17:07:50,mail.google.com
2014-02-24 17:07:50,clients4.google.com
2014-02-24 17:08:00,plus.google.com
2014-02-24 17:08:10,clients1.google.com
2014-02-24 17:08:10,toolbarqueries.clients.google.com
2014-02-24 17:08:10,clients4.google.com
2014-02-24 17:08:11,mail.google.com
2014-02-24 17:08:15,apis.google.com
2014-02-24 17:08:15,mail.google.com
2014-02-24 17:08:17,b.mail.google.com
2014-02-24 17:08:17,www.google.com
2014-02-24 17:08:18,clients1.google.com
2014-02-24 17:08:18,mail.google.com
2014-02-24 17:08:18,toolbarqueries.clients.google.com
2014-02-24 17:08:18,www.google.com
2014-02-24 17:08:18,www.google.fr
2014-02-24 17:08:19,www.google.co.ma
2014-02-24 17:08:19,accounts.google.co.ma
2014-02-24 17:08:19,accounts.google.fr
2014-02-24 17:08:19,accounts.google.com
2014-02-24 17:08:19,clients4.google.com
2014-02-24 17:08:19,accounts.youtube.com
2014-02-24 17:08:34,gmail.com
2014-02-24 17:08:35,mail.google.com
2014-02-24 17:08:35,accounts.google.com
2014-02-24 17:08:35,accounts.youtube.com
2014-02-24 17:08:40,mail.google.com
2014-02-24 17:08:46,accounts.google.com
2014-02-24 17:08:46,mail.google.com
2014-02-24 17:08:46,accounts.youtube.com
2014-02-24 17:08:50,mail.google.com
2014-02-24 17:08:51,mail.google.com
2014-02-24 17:08:52,accounts.google.com
2014-02-24 17:09:06,clients4.google.com
2014-02-24 17:09:06,accounts.youtube.com
2014-02-24 17:09:06,mail.google.com
2014-02-24 17:10:00,clients3.google.com
2014-02-24 17:10:03,mail.google.com
2014-02-24 17:10:03,gmail.com
2014-02-24 17:10:03,accounts.google.com
2014-02-24 17:10:15,accounts.youtube.com
2014-02-24 17:10:16,mail.google.com
2014-02-24 17:10:16,accounts.google.com
2014-02-24 17:10:16,accounts.youtube.com
2014-02-24 17:10:17,accounts.google.fr
2014-02-24 17:10:17,clients1.google.com
2014-02-24 17:10:17,toolbarqueries.clients.google.com
2014-02-24 17:10:17,accounts.google.co.ma
2014-02-24 17:10:18,clients4.google.com
2014-02-24 17:10:18,mail.google.com
2014-02-24 17:10:21,apis.google.com
2014-02-24 17:10:21,clients2.google.com
2014-02-24 17:10:21,clients4.google.com
2014-02-24 17:10:21,www.google.com
2014-02-24 17:10:22,plus.google.com
2014-02-24 17:10:22,mail.google.com
2014-02-24 17:10:24,mail.google.com
2014-02-24 17:10:24,clients4.google.com
2014-02-24 17:10:25,mail.google.com
2014-02-24 17:10:25,chatenabled.mail.google.com
2014-02-24 17:10:35,plus.google.com
2014-02-24 17:10:35,mail.google.com
2014-02-24 17:10:44,clients4.google.com
2014-02-24 17:11:02,mail.google.com
2014-02-24 17:11:03,www.google.com
2014-02-24 17:11:04,b.mail.google.com
2014-02-24 17:11:05,www.google.fr
2014-02-24 17:11:05,www.google.co.ma
2014-02-24 17:11:05,accounts.youtube.com
2014-02-24 17:11:05,accounts.google.com
2014-02-24 17:11:05,clients4.google.com
2014-02-24 17:11:05,mail.google.com
2014-02-24 17:11:05,www.google.com
2014-02-24 17:11:06,accounts.google.co.ma
2014-02-24 17:11:06,accounts.youtube.com
2014-02-24 17:11:06,accounts.google.fr
2014-02-24 17:11:06,accounts.google.com
2014-02-24 17:11:09,mail.google.com
2014-03-02 17:51:46,www.hotmail.com
2014-03-02 17:51:56,login.live.com
2014-03-02 17:52:13,login.live.com
2014-03-02 17:52:40,windowslive.tt.omtrdc.net
2014-03-02 17:52:50,windowslive.tt.omtrdc.net
2014-03-02 17:52:53,login.live.com
2014-03-02 17:52:54,login.live.com
2014-03-02 17:53:02,mail.live.com
2014-03-02 17:53:07,cid-ebabafab767696e7.users.storage.live.com
2014-03-02 17:53:07,dub110.mail.live.com
2014-03-02 17:53:07,windowslive.tt.omtrdc.net
2014-03-02 17:53:08,people.directory.live.com
2014-03-02 17:53:08,secure.shared.live.com
2014-03-02 17:53:09,js.live.net
2014-03-02 17:53:10,go.trouter.io
2014-03-02 17:53:10,secure.shared.live.com
2014-03-02 17:53:10,login.live.com
2014-03-02 17:53:10,dub110.mail.live.com
2014-03-02 17:53:11,storage.live.com
2014-03-02 17:53:11,go.trouter.io
2014-03-02 17:53:12,prod.registrar.skype.com
2014-03-02 17:53:12,dub110.mail.live.com
2014-03-02 17:53:13,h.live.com
2014-03-02 17:53:13,api.skype.com
2014-03-02 17:53:13,people.directory.live.com
2014-03-02 17:53:15,h.live.com
2014-03-02 17:53:15,secure.shared.live.com
2014-03-02 17:54:15,dub110.mail.live.com
2014-03-02 17:54:17,h.live.com
2014-03-02 17:54:18,dub110.mail.live.com
2014-03-02 17:54:18,h.live.com
2014-03-02 17:54:33,go.trouter.io
2014-03-02 17:54:35,dub110.mail.live.com
2014-03-02 17:54:35,p.sfx.ms
2014-03-02 17:54:35,h.live.com
2014-03-02 17:54:38,ieonline.microsoft.com
2014-04-14 11:26:38,clients1.google.com
2014-04-14 11:26:38,gtglobal-ocsp.geotrust.com
2014-04-14 11:26:38,ocsp.usertrust.com
2014-04-14 11:26:38,ocsp.tcs.terena.org
2014-04-14 11:27:34,gtssl-ocsp.geotrust.com
2014-04-14 11:29:49,safebrowsing.clients.google.com
2014-04-14 11:29:49,clients1.google.com
2014-04-14 11:29:49,safebrowsing-cache.google.com
2014-04-14 11:32:31,ocsp.thawte.com
2014-04-14 11:32:35,sb-ssl.google.com
2014-04-23 13:19:42,login.live.com
2014-04-23 13:19:43,login.live.com
2014-04-23 13:19:56,windowslive.tt.omtrdc.net
2014-04-23 13:20:03,login.live.com
2014-04-23 13:20:04,login.live.com
2014-04-23 13:20:08,dub110.mail.live.com
2014-04-23 13:20:29,go.trouter.io
2014-04-23 13:20:29,dub110.mail.live.com
2014-04-23 13:20:29,mail.live.com
2014-04-23 13:20:29,people.directory.live.com
2014-04-23 13:20:29,h2.msn.com
2014-04-23 13:20:29,h.live.com
2014-04-23 13:20:29,g.msn.com
2014-04-23 13:20:29,storage.live.com
2014-04-23 13:20:29,cid-ebabafab767696e7.users.storage.live.com
2014-04-23 13:20:29,secure.shared.live.com
2014-04-23 13:20:29,js.live.net
2014-04-23 13:20:29,h.bing.com
2014-04-23 13:21:20,login.live.com
2014-04-23 13:21:21,login.live.com
2014-04-23 13:21:34,login.live.com
2014-04-23 13:21:39,login.live.com
2014-04-23 13:21:40,login.live.com
2014-04-23 13:21:47,windowslive.tt.omtrdc.net
2014-04-23 13:21:51,login.live.com
2014-04-23 13:21:51,dub110.mail.live.com
2014-04-23 13:21:58,login.live.com
2014-04-23 13:22:04,dub110.mail.live.com
2014-04-23 13:22:05,windowslive.tt.omtrdc.net
2014-04-23 13:22:05,dub110.mail.live.com
2014-04-23 13:22:09,dub110.mail.live.com
2014-04-23 13:22:10,dub110.mail.live.com
2014-04-23 13:22:27,dub110.mail.live.com
2014-04-23 13:22:28,login.live.com
2014-04-23 13:22:30,outlook.com
2014-04-23 13:22:31,login.live.com
2014-04-23 13:22:32,login.live.com
2014-04-23 13:22:41,login.live.com
2014-04-23 13:22:44,windowslive.tt.omtrdc.net
2014-04-23 13:22:44,dub110.mail.live.com
2014-04-23 13:22:44,www.outlook.com
2014-04-23 13:22:44,h.bing.com
2014-04-23 13:22:44,h.live.com
2014-04-23 13:22:44,cid-ebabafab767696e7.users.storage.live.com
2014-04-23 13:22:44,mail.live.com
2014-04-23 13:23:09,login.live.com
2014-04-23 13:23:29,login.live.com
2014-04-23 13:23:50,login.live.com
2014-04-23 13:23:57,dub110.mail.live.com
2014-04-23 13:23:57,mail.live.com
2014-04-23 13:24:04,dub110.mail.live.com
2014-04-23 13:24:04,cid-ebabafab767696e7.users.storage.live.com
2014-04-23 13:24:04,people.directory.live.com
2014-04-23 13:24:04,h2.msn.com
2014-04-23 13:24:05,h2.msn.com
2014-04-23 13:24:05,g.msn.com
2014-04-23 13:24:06,h2.msn.com
2014-04-23 13:24:06,dub110.mail.live.com
2014-04-23 13:24:06,go.trouter.io
2014-04-23 13:24:07,p.sfx.ms
2014-04-23 13:24:07,h.live.com
2014-04-23 13:24:07,js.live.net
2014-04-23 13:24:07,storage.live.com
2014-04-23 13:24:07,dub110.mail.live.com
2014-04-23 13:24:08,h.live.com
2014-04-23 13:24:08,dub110.mail.live.com
2014-04-23 13:24:08,p.sfx.ms
2014-04-23 13:24:08,secure.shared.live.com
2014-04-23 13:24:08,h.bing.com
2014-04-23 13:24:09,secure.shared.live.com
2014-04-23 13:24:09,h.bing.com
2014-04-23 13:24:09,h.live.com
2014-04-23 13:24:09,dub110.mail.live.com
2014-04-23 13:25:11,dub110.mail.live.com
2014-04-23 13:25:12,h.live.com
2014-04-23 13:25:13,dub110.afx.ms
2014-04-23 13:26:01,dub110.mail.live.com
2014-04-23 13:26:02,ieonline.microsoft.com
2014-04-23 13:27:17,dub110.mail.live.com
2014-04-23 13:28:43,go.trouter.io
2014-04-23 13:28:46,dub110.mail.live.com
2014-04-23 13:28:47,sb-ssl.google.com
