timestamp,site
2013-02-12 13:15:47,fpdownload2.macromedia.com
2013-02-12 13:15:55,www.google.fr
2013-02-12 13:15:56,www.google.fr
2013-02-12 13:15:58,apis.google.com
2013-02-12 13:15:58,www.google.com
2013-02-12 13:16:01,www.bing.com
2013-02-12 13:16:01,mail.google.com
2013-02-12 13:16:01,accounts.google.com
2013-02-12 13:16:01,apis.google.com
2013-02-12 13:16:01,www.google.fr
2013-02-12 13:16:02,mail.google.com
2013-02-12 13:16:02,www.google.com
2013-02-12 13:16:02,www.google.fr
2013-02-12 13:16:02,accounts.google.com
2013-02-12 13:16:05,www.google.com
2013-02-12 13:16:05,mail.google.com
2013-02-12 13:16:05,apis.google.com
2013-02-12 13:16:07,apis.google.com
2013-02-12 13:16:08,accounts.youtube.com
2013-02-12 13:16:08,apis.google.com
2013-02-12 13:16:28,accounts.google.fr
2013-02-12 13:16:33,accounts.google.com
2013-02-12 13:16:34,accounts.youtube.com
2013-02-12 13:16:35,clients2.google.com
2013-02-12 13:16:35,accounts.google.fr
2013-02-12 13:16:35,apis.google.com
2013-02-12 13:16:35,www.google.com
2013-02-12 13:16:35,mail.google.com
2013-02-12 13:16:36,plus.google.com
2013-02-12 13:16:37,clients2.google.com
2013-02-12 13:16:40,mail.google.com
2013-02-12 13:16:42,mail.google.com
2013-02-12 13:16:43,plus.google.com
2013-02-12 13:16:43,apis.google.com
2013-02-12 13:16:45,chatenabled.mail.google.com
2013-02-12 13:16:46,mail.google.com
2013-02-12 13:16:47,mail.google.com
2013-02-12 13:16:48,clients6.google.com
2013-02-12 13:16:48,plus.google.com
2013-02-12 13:16:50,chatenabled.mail.google.com
2013-02-12 13:17:56,ieonline.microsoft.com
2013-02-12 13:17:56,go.microsoft.com
2013-02-12 13:18:15,mail.google.com
2013-02-12 13:18:18,mail.google.com
2013-02-12 13:18:18,apis.google.com
2013-02-12 13:18:35,mail.google.com
2013-02-12 13:18:36,clients6.google.com
2013-02-12 13:18:37,www.google.com
2013-02-12 13:18:37,plus.google.com
2013-02-12 13:18:37,mail.google.com
2013-02-12 13:18:37,clients6.google.com
2013-02-12 13:18:37,www.google.fr
2013-02-12 13:18:40,mail.google.com
2013-02-12 13:18:40,accounts.youtube.com
2013-02-12 13:18:40,accounts.google.com
2013-02-12 13:18:40,accounts.google.fr
2013-02-12 13:18:40,www.google.com
2013-04-12 08:09:09,www.google.fr
2013-04-12 08:09:21,www.google.fr
2013-04-12 08:09:22,apis.google.com
2013-04-12 08:09:24,www.google.com
2013-04-12 08:09:27,www.google.com
2013-04-12 08:09:27,drive.google.com
2013-04-12 08:09:38,accounts.google.com
2013-04-12 08:09:39,www.google.fr
2013-04-12 08:09:39,apis.google.com
2013-04-12 08:09:44,accounts.youtube.com
2013-04-12 08:10:27,www.google.fr
2013-04-12 08:10:41,www.google.com
2013-04-12 08:10:47,accounts.google.fr
2013-04-12 08:10:48,drive.google.com
2013-04-12 08:10:48,accounts.google.fr
2013-04-12 08:10:49,accounts.youtube.com
2013-04-12 08:10:49,accounts.google.com
2013-04-12 08:10:49,www.google.com
2013-04-12 08:10:49,accounts.google.fr
2013-04-12 08:10:50,apis.google.com
2013-04-12 08:10:50,drive.google.com
2013-04-12 08:10:52,0.drive.google.com
2013-04-12 08:10:57,www.google.com
2013-04-12 08:10:57,plus.google.com
2013-04-12 08:10:57,docs.google.com
2013-04-12 08:10:57,drive.google.com
2013-04-12 08:10:58,docs.google.com
2013-04-12 08:10:58,plus.google.com
2013-04-12 08:10:58,lh5.google.com
2013-04-12 08:10:58,lh4.google.com
2013-04-12 08:10:58,drive.google.com
2013-04-12 08:10:59,apis.google.com
2013-04-12 08:11:18,docs.google.com
2013-04-12 08:11:49,plus.google.com
2013-04-12 08:11:54,gg.google.com
2013-04-12 08:11:57,docs.google.com
2013-04-12 08:12:55,lh5.google.com
2013-04-12 08:13:09,drive.google.com
2013-04-12 08:13:11,docs.google.com
2013-04-12 08:13:26,dl.patchbeam.com
2013-04-12 08:13:45,dl.patchbeam.com
2013-04-12 08:13:45,www.powerarchiver.com
2013-04-12 08:14:12,drive.google.com
2013-04-12 08:14:52,drive.google.com
2013-04-12 08:15:36,lh4.google.com
2013-04-12 08:15:54,gg.google.com
2013-04-12 08:16:52,docs.google.com
2013-04-12 08:16:52,0.drive.google.com
2013-04-12 08:16:52,www.google.com
2013-04-12 08:16:52,drive.google.com
2013-04-12 08:16:52,accounts.google.com
2013-04-12 08:23:27,www.google.fr
2013-04-12 08:23:27,apis.google.com
2013-04-12 08:23:30,www.google.com
2013-04-12 08:23:53,drive.google.com
2013-04-12 08:23:56,accounts.google.com
2013-04-12 08:23:58,accounts.youtube.com
2013-04-12 08:24:27,www.google.fr
2013-04-12 08:24:38,accounts.google.fr
2013-04-12 08:24:38,apis.google.com
2013-04-12 08:24:40,accounts.google.fr
2013-04-12 08:24:41,www.google.com
2013-04-12 08:24:41,accounts.google.com
2013-04-12 08:24:42,accounts.youtube.com
2013-04-12 08:24:42,accounts.google.fr
2013-04-12 08:24:44,drive.google.com
2013-04-12 08:24:44,0.drive.google.com
2013-04-12 08:24:49,www.google.com
2013-04-12 08:24:49,docs.google.com
2013-04-12 08:24:49,plus.google.com
2013-04-12 08:25:00,docs.google.com
2013-04-12 08:25:03,docs.google.com
2013-04-12 08:25:04,docs.google.com
2013-04-12 08:25:05,docs.google.com
2013-04-12 08:25:05,apis.google.com
2013-04-12 08:25:05,clients2.google.com
2013-04-12 08:25:06,www.google.com
2013-04-12 08:25:06,clients2.google.com
2013-04-12 08:25:06,docs.google.com
2013-04-12 08:25:07,docs.google.com
2013-04-12 08:25:07,0.docs.google.com
2013-04-12 08:25:07,apis.google.com
2013-04-12 08:25:08,apis.google.com
2013-04-12 08:25:08,www.google.com
2013-04-12 08:25:08,accounts.google.com
2013-04-12 08:25:08,docs.google.com
2013-04-12 08:25:10,1.docs.google.com
2013-04-12 08:25:11,accounts.google.com
2013-04-12 08:25:23,clients6.google.com
2013-04-12 08:25:41,www.google.com
2013-04-12 08:25:50,gg.google.com
2013-04-12 08:26:20,docs.google.com
2013-04-12 08:26:20,1.docs.google.com
2013-04-12 08:26:21,docs.google.com
2013-04-12 08:26:21,0.docs.google.com
2013-04-12 08:26:23,plus.google.com
2013-04-12 08:26:23,docs.google.com
2013-04-12 08:26:25,www.google.com
2013-04-12 08:26:25,accounts.google.com
2013-04-12 08:26:25,apis.google.com
2013-04-12 08:26:25,clients6.google.com
2013-04-12 08:26:25,docs.google.com
2013-04-12 08:26:26,accounts.youtube.com
2013-04-12 08:26:26,accounts.google.fr
2013-04-12 08:26:26,accounts.google.com
2013-04-12 08:26:26,www.google.com
2013-04-12 08:26:26,plus.google.com
2013-04-12 08:26:26,drive.google.com
2013-04-12 08:26:26,docs.google.com
2013-04-12 08:26:26,www.google.fr
2013-04-12 08:26:26,gg.google.com
2013-04-12 08:27:20,docs.google.com
2013-04-12 08:27:34,www.google.com
2013-04-12 08:27:43,accounts.google.fr
2013-04-12 08:27:44,drive.google.com
2013-04-12 08:27:44,0.drive.google.com
2013-04-12 08:27:45,accounts.youtube.com
2013-04-12 08:27:45,www.google.com
2013-04-12 08:27:45,accounts.google.com
2013-04-12 08:27:45,accounts.google.fr
2013-04-12 08:27:47,1.drive.google.com
2013-04-12 08:27:50,www.google.com
2013-04-12 08:28:04,docs.google.com
2013-04-12 08:28:06,docs.google.com
2013-04-12 08:28:09,apis.google.com
2013-04-12 08:28:09,www.google.com
2013-04-12 08:28:09,docs.google.com
2013-04-12 08:28:11,2.docs.google.com
2013-04-12 08:28:12,accounts.google.com
2013-04-12 08:28:14,docs.google.com
2013-04-12 08:28:15,clients2.google.com
2013-04-12 08:28:16,docs.google.com
2013-04-12 08:28:16,clients2.google.com
2013-04-12 08:28:18,www.google.com
2013-04-12 08:28:18,docs.google.com
2013-04-12 08:28:18,apis.google.com
2013-04-12 08:28:21,accounts.google.com
2013-04-12 08:28:21,3.docs.google.com
2013-04-12 08:28:23,clients6.google.com
2013-04-12 08:28:33,clients6.google.com
2013-04-12 08:28:44,docs.google.com
2013-04-12 08:28:55,docs.google.com
2013-04-12 08:28:55,3.docs.google.com
2013-04-12 08:28:56,docs.google.com
2013-04-12 08:28:56,2.docs.google.com
2013-04-12 08:28:57,docs.google.com
2013-04-12 08:28:58,docs.google.com
2013-04-12 08:28:59,www.google.com
2013-04-12 08:28:59,accounts.google.fr
2013-04-12 08:28:59,gg.google.com
2013-04-12 08:28:59,www.google.fr
2013-04-12 08:28:59,plus.google.com
2013-04-12 08:28:59,drive.google.com
2013-04-12 08:28:59,docs.google.com
2013-04-12 08:29:16,apis.google.com
2013-04-12 08:29:16,www.google.com
2013-04-12 08:29:16,accounts.google.com
2013-04-12 08:29:20,apis.google.com
2013-04-12 08:29:20,www.google.com
2013-04-12 08:29:26,clients6.google.com
2013-04-12 08:29:30,accounts.google.com
2013-04-12 08:29:37,accounts.google.com
2013-04-12 08:29:37,www.google.com
2013-04-12 08:29:38,accounts.youtube.com
2013-04-12 08:29:38,accounts.google.fr
2013-04-12 08:29:40,2.drive.google.com
2013-04-12 08:29:40,clients6.google.com
2013-04-12 08:29:42,1.drive.google.com
2013-04-12 08:29:43,docs.google.com
2013-04-12 08:29:44,apis.google.com
2013-04-12 08:29:54,5.docs.google.com
2013-04-12 08:29:54,clients2.google.com
2013-04-12 08:29:55,4.docs.google.com
2013-04-12 08:30:23,www.google.com
2013-04-12 08:30:29,docs.google.com
2013-04-12 08:30:29,5.docs.google.com
2013-04-12 08:30:31,docs.google.com
2013-04-12 08:30:33,drive.google.com
2013-04-12 08:30:33,www.google.com
2013-04-12 08:30:33,docs.google.com
2013-04-12 08:30:33,plus.google.com
2013-04-12 08:30:34,www.google.fr
2013-04-12 08:30:34,accounts.google.fr
2013-04-12 08:30:36,2.drive.google.com
2013-04-12 08:30:36,docs.google.com
2013-04-12 08:30:36,accounts.youtube.com
2013-04-12 08:30:36,drive.google.com
2013-04-12 08:30:36,accounts.google.fr
2013-04-12 08:30:36,www.google.com
2013-04-12 08:30:36,accounts.google.com
2013-04-12 08:30:36,clients6.google.com
2013-05-12 09:13:58,www.debian.org
2013-05-12 09:13:58,www.squid-cache.org
2013-05-12 09:13:59,www.debian.org
2013-05-12 09:14:28,gtssl-ocsp.geotrust.com
2013-05-12 09:14:29,gtssl-ocsp.geotrust.com
2013-05-12 09:14:35,geo.mozilla.org
2013-05-12 09:14:40,clients1.google.com
2013-05-12 09:14:40,gtglobal-ocsp.geotrust.com
2013-05-12 09:15:19,safebrowsing.clients.google.com
2013-05-12 09:15:19,safebrowsing-cache.google.com
2013-05-12 09:17:36,apis.google.com
2013-05-12 09:17:37,www.google.com
2013-05-12 09:17:37,www.google.fr
2013-05-12 09:18:13,sb-ssl.google.com
2013-05-12 09:18:15,ocsp.thawte.com
2013-05-12 09:20:15,ocsp.verisign.com
2013-05-12 09:22:15,ocsp.digicert.com
2013-05-12 09:45:20,safebrowsing-cache.google.com
2013-05-12 09:45:20,safebrowsing.clients.google.com
2013-05-12 10:15:23,safebrowsing.clients.google.com
2013-05-12 10:15:23,safebrowsing-cache.google.com
2013-05-12 10:44:04,safebrowsing.clients.google.com
2013-05-12 10:44:04,safebrowsing-cache.google.com
2013-05-12 11:12:41,safebrowsing.clients.google.com
2013-05-12 11:12:41,safebrowsing-cache.google.com
2013-05-12 11:40:56,safebrowsing.clients.google.com
2013-05-12 11:40:56,safebrowsing-cache.google.com
2013-11-22 13:31:59,fpdownload2.macromedia.com
2013-11-22 13:32:06,go.microsoft.com
2013-11-22 13:32:07,res1.windows.microsoft.com
2013-11-22 13:32:07,res2.windows.microsoft.com
2013-11-22 13:32:07,ajax.microsoft.com
2013-11-22 13:32:07,windows.microsoft.com
2013-11-22 13:32:07,js.microsoft.com
2013-11-22 13:32:18,www.bing.com
2013-11-22 13:32:19,www.bing.com
2013-11-22 13:32:20,www.bing.com
2013-11-22 13:32:20,login.live.com
2013-11-22 13:32:20,cms.abmr.net
2013-11-22 13:32:31,mail.google.com
2013-11-22 13:32:33,accounts.google.com
2013-11-22 13:32:34,www.google.com
2013-11-22 13:32:34,accounts.google.com
2013-11-22 13:32:34,mail.google.com
2013-11-22 13:32:36,mail.google.com
2013-11-22 13:32:36,www.google.com
2013-11-22 13:32:37,www.google.fr
2013-11-22 13:32:39,mail.google.com
2013-11-22 13:32:39,apis.google.com
2013-11-22 13:32:39,www.google.com
2013-11-22 13:32:41,mail.google.com
2013-11-22 13:32:41,apis.google.com
2013-11-22 13:32:41,accounts.google.com
2013-11-22 13:32:49,www.google.fr
2013-11-22 13:32:49,apis.google.com
2013-11-22 13:32:51,accounts.youtube.com
2013-11-22 13:32:52,www.google.com
2013-11-22 13:32:57,accounts.google.fr
2013-11-22 13:32:58,www.google.com
2013-11-22 13:32:58,mail.google.com
2013-11-22 13:32:58,accounts.google.fr
2013-11-22 13:32:58,accounts.youtube.com
2013-11-22 13:32:58,accounts.google.com
2013-11-22 13:32:58,clients2.google.com
2013-11-22 13:32:59,plus.google.com
2013-11-22 13:32:59,clients2.google.com
2013-11-22 13:32:59,mail.google.com
2013-11-22 13:33:02,chatenabled.mail.google.com
2013-11-22 13:33:02,b.mail.google.com
2013-11-22 13:33:12,apis.google.com
2013-11-22 13:33:54,apis.google.com
2013-11-22 13:33:54,www.google.com
2013-11-22 13:34:11,www.google.fr
2013-11-22 13:34:17,www.google.fr
2013-11-22 13:34:18,www.google.fr
2013-11-22 13:34:18,www.leboncoin.fr
2013-11-22 13:34:18,static.leboncoin.fr
2013-11-22 13:34:18,deliv.leboncoin.fr
2013-11-22 13:34:19,static.leboncoin.fr
2013-11-22 13:34:20,193.164.197.30
2013-11-22 13:34:20,www.leboncoin.fr
2013-11-22 13:34:20,static.leboncoin.fr
2013-11-22 13:34:20,deliv.leboncoin.fr
2013-11-22 13:34:20,193.164.196.40
2013-11-22 13:34:20,193.164.196.50
2013-11-22 13:34:20,193.164.197.40
2013-11-22 13:34:27,193.164.196.30
2013-11-22 13:34:27,compteperso.leboncoin.fr
2013-11-22 13:34:27,193.164.197.50
2013-11-22 13:34:41,www.leboncoin.fr
2013-11-22 13:34:41,deliv.leboncoin.fr
2013-11-22 13:34:41,193.164.196.40
2013-11-22 13:34:41,193.164.197.30
2013-11-22 13:34:41,193.164.196.50
2013-11-22 13:34:41,193.164.197.40
2013-11-22 13:34:42,deliv.leboncoin.fr
2013-11-22 13:34:42,www.google.com
2013-11-22 13:34:43,193.164.197.50
2013-11-22 13:34:43,www.google.com
2013-11-22 13:34:58,mail.google.com
2013-11-22 13:35:03,193.164.197.40
2013-11-22 13:35:03,deliv.leboncoin.fr
2013-11-22 13:35:03,www.leboncoin.fr
2013-11-22 13:35:03,static.leboncoin.fr
2013-11-22 13:35:15,apis.google.com
2013-11-22 13:35:24,www.leboncoin.fr
2013-11-22 13:35:24,deliv.leboncoin.fr
2013-11-22 13:35:24,static.leboncoin.fr
2013-11-22 13:35:25,static.leboncoin.fr
2013-11-22 13:35:26,www.leboncoin.fr
2013-11-22 13:35:26,deliv.leboncoin.fr
2013-11-22 13:35:26,193.164.196.50
2013-11-22 13:35:26,193.164.197.50
2013-11-22 13:35:26,data.decathlon.fr
2013-11-22 13:35:30,chatenabled.mail.google.com
2013-11-22 13:35:30,apis.google.com
2013-11-22 13:35:30,plus.google.com
2013-11-22 13:35:49,mail.google.com
2013-11-22 13:35:52,plus.google.com
2013-11-22 13:35:52,clients6.google.com
2013-11-22 13:36:53,apis.google.com
2013-11-22 13:36:58,clients6.google.com
2013-11-22 13:37:00,clients6.google.com
2013-11-22 13:37:10,apis.google.com
2013-11-22 13:37:48,b.mail.google.com
2013-11-22 13:37:48,plus.google.com
2013-11-22 13:37:49,mail.google.com
2013-11-22 13:37:49,www.google.com
2013-11-22 13:37:49,clients6.google.com
2013-11-22 13:37:49,www.google.fr
2013-11-22 13:38:08,www.google.com
2013-11-22 13:38:08,deliv.leboncoin.fr
2013-11-22 13:38:08,www.leboncoin.fr
2013-11-22 13:38:34,deliv.leboncoin.fr
2013-11-22 13:38:34,www.leboncoin.fr
2013-11-22 13:38:34,static.leboncoin.fr
2013-11-22 13:38:38,deliv.leboncoin.fr
2013-11-22 13:38:38,www.google.com
2013-11-22 13:38:49,accounts.google.fr
2013-11-22 13:38:49,accounts.google.com
2013-11-22 13:38:49,accounts.youtube.com
2013-11-22 13:38:49,mail.google.com
2013-11-22 13:38:52,mail.google.com
2013-11-22 13:38:56,www.leboncoin.fr
2013-11-22 13:38:56,193.164.196.60
2013-11-22 13:38:56,193.164.197.40
2013-11-22 13:38:56,193.164.197.30
2013-11-22 13:38:56,193.164.196.50
2013-11-22 13:38:56,www.google.com
2013-11-22 13:38:56,deliv.leboncoin.fr
2013-11-22 13:38:58,193.164.197.40
2013-11-22 13:38:58,193.164.197.30
2013-11-22 13:38:58,193.164.197.50
2013-11-22 13:39:00,193.164.197.30
2013-11-22 13:39:10,static.leboncoin.fr
2013-11-22 13:39:10,www.leboncoin.fr
2013-11-22 13:39:10,deliv.leboncoin.fr
2013-11-22 13:39:10,193.164.197.40
2013-11-22 13:39:10,193.164.197.60
2013-11-22 13:39:10,193.164.197.50
2013-11-22 13:39:11,193.164.197.50
2013-11-22 13:39:16,deliv.leboncoin.fr
2013-11-22 13:39:16,www.google.com
2013-11-22 13:39:18,193.164.196.30
2013-11-22 13:39:19,193.164.197.30
2013-11-22 13:39:21,193.164.197.60
2013-11-22 13:39:24,193.164.196.30
2013-11-22 13:39:26,193.164.196.60
2013-11-22 13:39:26,193.164.196.40
2013-11-22 13:39:30,193.164.197.30
2013-11-22 13:39:30,193.164.196.30
2013-11-22 13:39:31,193.164.197.50
2013-11-22 13:39:36,193.164.196.50
2013-11-22 13:39:39,www.leboncoin.fr
2013-11-22 13:39:39,static.leboncoin.fr
2013-11-22 13:39:40,193.164.196.40
2013-11-22 13:39:40,193.164.197.50
2013-11-22 13:39:40,193.164.197.30
2013-11-22 13:39:40,deliv.leboncoin.fr
2013-11-22 13:39:45,deliv.leboncoin.fr
2013-11-22 13:39:46,www.google.com
2013-11-22 13:39:47,193.164.197.50
2013-11-22 13:39:47,193.164.196.40
2013-11-22 13:39:48,193.164.197.30
2013-11-22 13:39:48,193.164.197.60
2013-11-22 13:39:48,193.164.196.50
2013-11-22 13:39:48,193.164.197.40
2013-11-22 13:40:00,193.164.196.60
2013-11-22 13:40:01,193.164.196.30
2013-11-22 13:40:03,193.164.196.30
2013-11-22 13:40:03,static.leboncoin.fr
2013-11-22 13:40:03,www.leboncoin.fr
2013-11-22 13:40:03,deliv.leboncoin.fr
2013-11-22 13:40:04,193.164.197.60
2013-11-22 13:40:04,deliv.leboncoin.fr
2013-11-22 13:40:04,adventori.com
2013-11-22 13:40:11,193.164.196.30
2013-11-22 13:40:17,www.google.com
2013-11-22 13:40:17,deliv.leboncoin.fr
2013-11-22 13:40:17,adventori.com
2013-11-22 13:40:43,ecn.api.tiles.virtualearth.net
2013-11-22 13:40:43,www.pagesjaunes.fr
2013-11-22 13:40:43,logc258.at.pagesjaunes.fr
2013-11-22 13:40:43,www.bing.com
2013-11-22 13:40:44,www.fnac.com
2013-11-22 13:40:44,www.bing.com
2013-11-22 13:40:44,static.fnac-static.com
2013-11-22 13:40:44,www4-fr.fnac-static.com
2013-11-22 13:40:45,static.fnac-static.com
2013-11-22 13:40:45,www4-fr.fnac-static.com
2013-11-22 13:40:45,fnac.livechat.iadvize.com
2013-11-22 13:40:45,tcdata.fnac.com
2013-11-22 13:40:45,www.google.com
2013-11-22 13:40:45,www.google.fr
2013-11-22 13:40:45,eultech.fnac.com
2013-11-22 13:40:46,metrics.fnac.com
2013-11-22 13:40:46,eultech.fnac.com
2013-11-22 13:40:48,autocomplete-fr.ws.fnac.com
2013-11-22 13:40:49,autocomplete-fr.ws.fnac.com
2013-11-22 13:40:51,autocomplete-fr.ws.fnac.com
2013-11-22 13:40:52,www.facebook.com
2013-11-22 13:40:52,deliv.leboncoin.fr
2013-11-22 13:40:52,fnac.livechat.iadvize.com
2013-11-22 13:40:52,www.fnac.com
2013-11-22 13:40:52,autocomplete-fr.ws.fnac.com
2013-11-22 13:40:52,fstatic.iadvize.com
2013-11-22 13:40:53,autocomplete-fr.ws.fnac.com
2013-11-22 13:40:54,autocomplete-fr.ws.fnac.com
2013-11-22 13:40:55,autocomplete-fr.ws.fnac.com
2013-11-22 13:40:55,www4-fr.fnac-static.com
2013-11-22 13:40:55,recherche.fnac.com
2013-11-22 13:40:55,fnac.tt.omtrdc.net
2013-11-22 13:40:56,fnac.livechat.iadvize.com
2013-11-22 13:40:56,recherche.fnac.com
2013-11-22 13:40:56,eultech.fnac.com
2013-11-22 13:40:56,metrics.fnac.com
2013-11-22 13:40:56,www.google.com
2013-11-22 13:40:56,tcdata.fnac.com
2013-11-22 13:40:56,static.fnac-static.com
2013-11-22 13:40:56,fnac.tt.omtrdc.net
2013-11-22 13:40:56,www4-fr.fnac-static.com
2013-11-22 13:40:57,recherche.fnac.com
2013-11-22 13:40:57,fnac.livechat.iadvize.com
2013-11-22 13:40:57,www.fnacspectacles.com
2013-11-22 13:40:57,www.facebook.com
2013-11-22 13:40:58,deliv.leboncoin.fr
2013-11-22 13:41:39,office14client.microsoft.com
2013-11-22 13:41:40,office.microsoft.com
2013-11-22 13:41:41,office.microsoft.com
2013-11-22 14:27:34,www.google.fr
2013-11-22 14:27:46,www.google.fr
2013-11-22 14:27:47,apis.google.com
2013-11-22 14:27:49,www.google.com
2013-11-22 14:28:49,apis.google.com
2013-11-22 14:28:53,www.google.fr
2013-11-22 14:28:53,www.google.com
2013-11-22 14:28:55,www.google.fr
2013-11-22 14:28:55,clients1.google.fr
2013-11-22 14:29:35,www.google.fr
2013-11-22 14:29:36,www.google.fr
2013-11-22 14:29:38,0.gravatar.com
2013-11-22 14:29:38,api.twitter.com
2013-11-22 14:29:38,www.youtube.com
2013-11-22 14:29:39,i1.ytimg.com
2013-11-22 14:29:39,s.ytimg.com
2013-11-22 14:29:40,i1.ytimg.com
2013-11-22 14:29:41,i1.ytimg.com
2013-11-22 14:30:42,www.google.fr
2013-11-22 14:30:42,clients1.google.fr
2013-11-22 14:35:18,www.google.fr
2013-11-22 14:35:34,www.google.fr
2013-11-22 14:35:57,www.google.fr
2013-11-22 14:35:58,www.google.fr
2013-11-22 14:35:58,platform.twitter.com
2013-11-22 14:35:58,apis.google.com
2013-11-22 14:35:58,assets.pinterest.com
2013-11-22 14:35:58,wallpoper.com
2013-11-22 14:35:59,ad.publicidees.com
2013-11-22 14:35:59,wallpoper.com
2013-11-22 14:36:00,wallpoper.com
2013-11-22 14:36:00,thumb10.shutterstock.com
2013-11-22 14:36:00,ad.publicidees.com
2013-11-22 14:36:00,thumb1.shutterstock.com
2013-11-22 14:36:01,www.facebook.com
2013-11-22 14:36:01,widgets.pinterest.com
2013-11-22 14:36:01,passets.pinterest.com
2013-11-22 14:36:01,connect.facebook.net
2013-11-22 14:36:01,thumb10.shutterstock.com
2013-11-22 14:36:01,assets.pinterest.com
2013-11-22 14:36:01,thumb9.shutterstock.com
2013-11-22 14:36:01,thumb7.shutterstock.com
2013-11-22 14:36:01,wallpoper.com
2013-11-22 14:36:01,feather.aviary.com
2013-11-22 14:36:02,s-static.ak.facebook.com
2013-11-22 14:36:02,apis.google.com
2013-11-22 14:36:02,feather.aviary.com
2013-11-22 14:36:02,www.facebook.com
2013-11-22 14:36:02,wallpoper.com
2013-11-22 14:36:02,static.ak.facebook.com
2013-11-22 14:36:03,www.facebook.com
2013-11-22 14:36:08,twitter.com
2013-11-22 14:36:11,accounts.google.com
2013-11-22 14:36:14,twitter.com
2013-11-22 14:36:14,feather.aviary.com
2013-11-22 14:37:14,accounts.google.com
2013-11-22 14:39:00,www.facebook.com
2013-11-22 14:39:43,www.google.fr
2013-11-22 14:39:43,clients1.google.fr
2013-11-22 14:40:17,www.wallsave.com
2013-11-22 14:40:17,www.google.fr
2013-11-22 14:41:13,www.google.fr
2013-11-22 14:43:14,www.google.fr
2013-11-22 14:43:14,clients1.google.fr
2013-11-22 14:43:22,www.google.fr
2013-11-22 14:43:24,www.google.fr
2013-11-22 14:43:24,www.flickriver.com
2013-11-22 14:43:24,data.flickriver.com
2013-11-22 14:43:24,farm3.staticflickr.com
2013-11-22 14:43:24,farm2.static.flickr.com
2013-11-22 14:43:25,farm3.staticflickr.com
2013-11-22 14:44:33,clients1.google.fr
2013-11-22 14:44:33,www.google.fr
2013-11-22 14:47:03,www.google.fr
2013-11-22 14:47:04,apis.google.com
2013-11-22 14:47:05,graph.facebook.com
2013-11-22 14:47:05,www.google.fr
2013-11-22 14:47:05,www.google.com
2013-11-22 14:47:05,api.pinterest.com
2013-11-22 14:47:07,www.google.fr
2013-11-22 14:47:08,graph.facebook.com
2013-11-22 14:47:08,api.pinterest.com
2013-11-22 14:47:08,www.google.fr
2013-11-22 14:47:08,www.google.com
2013-11-22 14:47:11,graph.facebook.com
2013-11-22 14:47:11,api.pinterest.com
2013-11-22 14:47:11,www.google.fr
2013-11-22 14:47:11,www.google.com
2013-11-22 14:47:16,graph.facebook.com
2013-11-22 14:47:16,api.pinterest.com
2013-11-22 14:47:16,www.google.com
2013-11-22 14:47:16,www.google.fr
2013-11-22 14:48:07,www.google.com
2013-11-22 14:48:07,www.google.fr
2013-11-22 14:48:07,api.pinterest.com
2013-11-22 14:48:07,graph.facebook.com
2013-11-22 14:48:08,www.google.com
2013-11-22 14:48:09,api.pinterest.com
2013-11-22 14:48:09,graph.facebook.com
2013-11-22 14:48:09,www.google.fr
2013-11-22 14:48:21,www.google.fr
2013-11-22 14:48:22,clients1.google.fr
2013-11-22 14:48:22,fdata.over-blog.com
2013-11-22 14:48:22,www.facebook.com
2013-11-22 14:48:22,a404.idata.over-blog.com
2013-11-22 14:48:22,img.over-blog.com
2013-11-22 14:48:22,yui.yahooapis.com
2013-11-22 14:48:22,fdata.over-blog.net
2013-11-22 14:48:22,nateko.over-blog.com
2013-11-22 14:48:22,a400.idata.over-blog.com
2013-11-22 14:48:22,idata.over-blog.com
2013-11-22 14:48:22,www.google.fr
2013-11-22 14:48:22,a406.idata.over-blog.com
2013-11-22 14:48:23,nateko.over-blog.com
2013-11-22 14:48:23,static.ak.facebook.com
2013-11-22 14:48:23,platform.linkedin.com
2013-11-22 14:48:23,www.anonymousdmp.com
2013-11-22 14:48:23,fdata.over-blog.net
2013-11-22 14:48:23,connect.facebook.net
2013-11-22 14:48:23,s-static.ak.facebook.com
2013-11-22 14:48:23,accounts.google.com
2013-11-22 14:48:23,apis.google.com
2013-11-22 14:48:23,www.audienceinsights.net
2013-11-22 14:48:24,www.facebook.com
2013-11-22 14:48:24,www.audienceinsights.net
2013-11-22 14:48:24,www.linkedin.com
2013-11-22 14:48:24,twitter.com
2013-11-22 14:48:25,www.linkedin.com
2013-11-22 14:48:25,www.audienceinsights.net
2013-11-22 14:48:49,www.google.fr
2013-11-22 14:48:49,clients1.google.fr
2013-11-22 14:48:50,www.google.fr
2013-11-22 14:48:53,www.google.fr
2013-11-22 14:48:53,nanobioart.com
2013-11-22 14:48:54,neurophilosophy.files.wordpress.com
2013-11-22 14:48:54,i0.wp.com
2013-11-22 14:48:54,www.vscht.cz
2013-11-22 14:48:54,www.mscook.com
2013-11-22 14:48:54,edwindwianto.files.wordpress.com
2013-11-22 14:48:54,therealestatecoconut.com
2013-11-22 14:48:54,nanobioart.com
2013-11-22 14:48:54,gravatar.com
2013-11-22 14:48:55,nanobioart.com
2013-11-22 14:48:55,iemommy.files.wordpress.com
2013-11-22 14:48:55,personal.denison.edu
2013-11-22 14:48:55,player.vimeo.com
2013-11-22 14:48:55,gravatar.com
2013-11-22 14:48:55,libraries.idaho.gov
2013-11-22 14:48:56,nanobioart.com
2013-11-22 14:48:56,www.lunarplanner.com
2013-11-22 14:48:57,nanobioart.com
2013-11-22 14:48:58,www.photoshopessentials.com
2013-11-22 14:49:18,www.fractal-wallpapers.com
2013-11-22 14:57:19,2.bp.blogspot.com
2013-11-22 14:57:19,nevrosesurbaines.blogspot.fr
2013-11-22 14:57:19,www.google.fr
2013-11-22 14:57:19,clients1.google.fr
2013-11-22 14:57:19,nevrosesurbaines.blogspot.com
2013-11-22 14:57:20,apis.google.com
2013-11-22 14:57:20,www.blogger.com
2013-11-22 14:57:20,2.bp.blogspot.com
2013-11-22 14:57:20,accounts.google.com
2013-11-22 14:57:20,img2.blogblog.com
2013-11-22 14:57:20,3.bp.blogspot.com
2013-11-22 14:57:20,www.blogblog.com
2013-11-22 14:57:20,img1.blogblog.com
2013-11-22 14:57:20,www.google.com
2013-11-22 14:57:21,www.blogger.com
2013-11-22 14:57:43,clients1.google.fr
2013-11-22 14:57:43,sigalondatavis.soup.io
2013-11-22 14:57:43,www.soup.io
2013-11-22 14:57:43,www.google.fr
2013-11-22 14:57:44,sigalondatavis.soup.io
2013-11-22 14:57:44,static.soup.io
2013-11-22 14:57:44,datavisualization.ch
2013-11-22 14:57:44,flowingdata.com
2013-11-22 14:57:44,asset-2.soup.io
2013-11-22 14:57:44,blogsearch.google.fr
2013-11-22 14:57:44,www.soup.io
2013-11-22 14:57:44,www.google.fr
2013-11-22 14:57:45,www.soup.io
2013-11-22 14:57:45,infosthetics.com
2013-11-22 14:57:45,richworks.in
2013-11-22 14:57:46,richworks.in
2013-11-22 14:57:46,static.soup.io
2013-11-22 14:57:47,richworks.in
2013-11-22 14:57:48,richworks.in
2013-11-22 14:57:48,sigalondatavis.soup.io
2013-11-22 14:57:49,richworks.in
2013-11-22 14:57:50,richworks.in
2013-11-22 14:57:50,api.tweetmeme.com
2013-11-22 14:57:50,tweetmeme.com
2013-11-22 14:57:51,richworks.in
2013-11-22 14:57:51,api.tweetmeme.com
2013-11-22 14:57:52,richworks.in
2013-11-22 14:57:53,richworks.in
2013-11-22 14:57:54,richworks.in
2013-11-22 14:57:54,api.tweetmeme.com
2013-11-22 14:57:55,richworks.in
2013-11-22 14:57:56,richworks.in
2013-11-22 14:57:57,richworks.in
2013-11-22 14:57:58,static.soup.io
2013-11-22 14:57:58,richworks.in
2013-11-22 14:57:59,richworks.in
2013-11-22 14:57:59,static.soup.io
2013-11-22 14:57:59,asset-d.soup.io
2013-11-22 14:58:00,static.soup.io
2013-11-22 14:58:00,richworks.in
2013-11-22 15:12:33,clients1.google.fr
2013-11-22 15:12:38,www.google.fr
2013-11-22 16:18:42,www.google.fr
2013-11-22 16:18:54,www.google.fr
2013-11-22 16:18:55,apis.google.com
2013-11-22 16:18:57,www.google.com
2013-11-22 16:19:05,www.google.com
2013-11-22 16:19:05,www.google.fr
2013-11-22 16:19:05,apis.google.com
2013-11-22 16:19:16,clients1.google.fr
2013-11-22 16:19:16,www.google.fr
2013-11-22 16:19:17,www.google.fr
2013-11-22 16:19:17,clients1.google.fr
2013-11-22 16:19:27,www.google.fr
2013-11-22 16:19:28,www.google.fr
2013-11-22 16:19:28,w.sharethis.com
2013-11-22 16:19:29,emergent-culture.com
2013-11-22 16:19:30,platform.twitter.com
2013-11-22 16:19:30,i.creativecommons.org
2013-11-22 16:19:30,emergent-culture.com
2013-11-22 16:19:30,w.sharethis.com
2013-11-22 16:19:31,static.ak.facebook.com
2013-11-22 16:19:31,connect.facebook.net
2013-11-22 16:19:31,edge.sharethis.com
2013-11-22 16:19:31,w.sharethis.com
2013-11-22 16:19:31,apis.google.com
2013-11-22 16:19:31,s-static.ak.facebook.com
2013-11-22 16:19:34,accounts.google.com
2013-11-22 16:19:36,accounts.google.com
2013-11-22 16:19:36,www.facebook.com
2013-11-22 16:19:37,www.facebook.com
2013-11-22 16:19:40,twitter.com
2013-11-22 16:20:10,twitter.com
2013-11-22 16:20:35,platform.twitter.com
2013-11-22 16:46:30,id.google.fr
2013-11-22 16:46:31,id.google.fr
2013-11-22 16:46:31,clients1.google.fr
2013-11-22 16:46:31,www.google.fr
2013-11-22 16:46:36,www.google.fr
2013-11-22 16:46:45,www.google.fr
2013-11-22 16:46:51,www.google.fr
2013-11-22 16:46:51,medias.lepost.fr
2013-11-22 16:46:51,archives-lepost.huffingtonpost.fr
2013-11-22 16:46:51,www.lepost.fr
2013-11-22 16:46:52,fr.wikipedia.org
2013-11-22 16:46:52,www.gif-anime-gratuit.com
2013-11-22 16:46:52,medias.lepost.fr
2013-11-22 16:46:52,yui.yahooapis.com
2013-11-22 16:46:52,www.lepost.fr
2013-11-22 16:46:52,archives-lepost.huffingtonpost.fr
2013-11-22 16:46:52,s.huffpost.com
2013-11-22 16:47:01,www.google.fr
2013-11-22 16:47:01,ekladata.com
2013-11-22 16:47:01,id.google.fr
2013-11-22 16:47:02,nolaskey.eklablog.com
2013-11-22 16:47:02,www.facebook.com
2013-11-22 16:47:02,www.youtube.com
2013-11-22 16:47:02,clients1.google.fr
2013-11-22 16:47:02,platform.twitter.com
2013-11-22 16:47:02,s.ytimg.com
2013-11-22 16:47:02,www.google.fr
2013-11-22 16:47:02,ekladata.com
2013-11-22 16:47:03,i1.ytimg.com
2013-11-22 16:47:03,s.ytimg.com
2013-11-22 16:47:03,twitter.com
2013-11-22 16:47:04,i1.ytimg.com
2013-11-22 16:47:05,data0.eklablog.com
2013-11-22 16:47:32,www.google.fr
2013-11-22 16:47:32,id.google.fr
2013-11-22 16:47:32,clients1.google.fr
2013-11-22 16:47:49,www.google.fr
2013-11-22 16:47:49,images.4ever.eu
2013-11-22 16:47:50,4ever.eu
2013-11-22 16:47:50,images.4ever.eu
2013-11-22 16:47:50,www.google.fr
2013-11-22 16:47:51,static.ak.facebook.com
2013-11-22 16:47:51,connect.facebook.net
2013-11-22 16:47:51,www.facebook.com
2013-11-22 16:47:51,s-static.ak.facebook.com
2013-11-22 16:47:51,4ever.eu
2013-11-22 16:47:52,accounts.google.com
2013-11-22 16:47:52,www.facebook.com
2013-11-22 16:47:52,images.4ever.eu
2013-11-22 16:47:52,4ever.eu
2013-11-22 16:47:52,apis.google.com
2013-11-22 16:47:53,www.google.com
2013-11-22 16:47:53,hal9000.redintelligence.net
2013-11-22 16:47:53,www.facebook.com
2013-11-22 16:48:02,www.google.com
2013-11-22 16:48:06,images.4ever.eu
2013-11-22 16:48:07,s-static.ak.facebook.com
2013-11-22 16:48:07,static.ak.facebook.com
2013-11-22 16:48:08,images.4ever.eu
2013-11-22 16:48:08,www.facebook.com
2013-11-22 16:48:09,static.ak.facebook.com
2013-11-22 16:48:09,apis.google.com
2013-11-22 16:48:09,s-static.ak.facebook.com
2013-11-22 16:48:10,images.4ever.eu
2013-11-22 16:48:10,www.facebook.com
2013-11-22 16:48:11,apis.google.com
2013-11-22 16:48:11,s-static.ak.facebook.com
2013-11-22 16:48:11,static.ak.facebook.com
2013-11-22 16:48:11,www.facebook.com
2013-11-22 16:48:12,images.4ever.eu
2013-11-22 16:48:13,static.ak.facebook.com
2013-11-22 16:48:13,www.facebook.com
2013-11-22 16:48:13,s-static.ak.facebook.com
2013-11-22 16:48:14,www.facebook.com
2013-11-22 16:48:14,apis.google.com
2013-11-22 16:48:15,images.4ever.eu
2013-11-22 16:48:16,s-static.ak.facebook.com
2013-11-22 16:48:16,static.ak.facebook.com
2013-11-22 16:48:17,www.facebook.com
2013-11-22 16:48:17,apis.google.com
2013-11-22 16:48:18,images.4ever.eu
2013-11-22 16:48:18,www.facebook.com
2013-11-22 16:48:19,s-static.ak.facebook.com
2013-11-22 16:48:19,static.ak.facebook.com
2013-11-22 16:48:20,www.facebook.com
2013-11-22 16:48:21,www.facebook.com
2013-11-22 16:48:22,www.facebook.com
2013-11-22 16:48:23,images.4ever.eu
2013-11-22 16:48:31,www.google.fr
2013-11-22 16:48:31,clients1.google.fr
2013-11-22 16:48:31,id.google.fr
2013-11-22 16:48:31,apis.google.com
2013-11-22 16:49:25,www.google.fr
2013-11-22 16:49:25,fr.wikipedia.org
2013-11-22 16:49:25,bits.wikimedia.org
2013-11-22 16:49:25,meta.wikimedia.org
2013-11-22 16:49:26,bits.wikimedia.org
2013-11-22 16:49:26,fr.wikipedia.org
2013-11-22 16:49:26,meta.wikimedia.org
2013-11-22 16:49:29,www.google.fr
2013-11-22 16:49:29,www.humansvillage.net
2013-11-22 16:49:29,clients1.google.fr
2013-11-22 16:49:29,id.google.fr
2013-11-22 16:49:30,www.humansvillage.net
2013-11-22 16:49:30,www.syti.net
2013-11-22 16:49:30,blog.syti.net
2013-11-22 16:49:30,forum.syti.net
2013-11-22 16:49:30,cosmobranche.free.fr
2013-11-22 16:49:31,img4.hostingpics.net
2013-11-22 16:49:32,img4.hostingpics.net
2013-11-22 16:49:33,img4.hostingpics.net
2013-11-22 16:49:34,img4.hostingpics.net
2013-11-22 16:49:35,img81.imageshack.us
2013-11-22 16:49:35,img213.imageshack.us
2013-11-22 16:49:39,fr.wikipedia.org
2013-11-22 16:49:40,www.google.fr
2013-11-22 16:49:40,bits.wikimedia.org
2013-11-22 16:49:40,id.google.fr
2013-11-22 16:49:40,clients1.google.fr
2013-11-22 17:35:15,www.google.fr
2013-11-22 17:35:27,www.google.fr
2013-11-22 17:35:28,apis.google.com
2013-11-22 17:35:30,www.google.com
2013-11-22 17:35:48,mail.google.com
2013-11-22 17:35:51,accounts.google.com
2013-11-22 17:35:56,accounts.youtube.com
2013-11-22 17:36:16,accounts.google.fr
2013-11-22 17:36:17,apis.google.com
2013-11-22 17:36:17,www.google.fr
2013-11-22 17:36:17,www.google.com
2013-11-22 17:36:18,accounts.youtube.com
2013-11-22 17:36:18,accounts.google.fr
2013-11-22 17:36:18,www.google.com
2013-11-22 17:36:18,mail.google.com
2013-11-22 17:36:18,accounts.google.com
2013-11-22 17:36:18,clients2.google.com
2013-11-22 17:36:18,plus.google.com
2013-11-22 17:36:19,clients2.google.com
2013-11-22 17:36:21,b.mail.google.com
2013-11-22 17:36:21,plus.google.com
2013-11-22 17:36:21,chatenabled.mail.google.com
2013-11-22 17:37:28,plus.google.com
2013-11-22 17:37:28,chatenabled.mail.google.com
2013-11-22 17:37:28,mail.google.com
2013-11-22 17:37:30,apis.google.com
2013-11-22 17:38:40,plus.google.com
2013-11-22 17:39:20,b.mail.google.com
2013-11-22 17:39:59,plus.google.com
2013-11-22 17:39:59,apis.google.com
2013-11-22 17:39:59,chatenabled.mail.google.com
2013-11-22 17:40:08,gm1.ggpht.com
2013-11-22 17:40:08,gm2.ggpht.com
2013-11-22 17:40:10,plus.google.com
2013-11-22 17:40:10,mail.google.com
2013-11-22 17:40:11,gm1.ggpht.com
2013-11-22 17:40:15,plus.google.com
2013-11-22 17:40:15,clients6.google.com
2013-11-22 17:40:15,mail.google.com
2013-11-22 17:40:17,mail.google.com
2013-11-22 17:40:23,gm2.ggpht.com
2013-11-22 17:41:25,clients6.google.com
2013-11-22 17:41:26,gm1.ggpht.com
2013-11-22 17:41:26,mail.google.com
2013-11-22 17:41:26,clients6.google.com
2013-11-22 17:41:26,plus.google.com
2013-11-22 17:41:26,www.google.com
2013-11-22 17:41:26,b.mail.google.com
2013-11-22 17:41:27,www.google.fr
2013-11-22 17:41:35,accounts.google.com
2013-11-22 17:41:35,accounts.google.fr
2013-11-22 17:41:35,www.leboncoin.fr
2013-11-22 17:41:35,deliv.leboncoin.fr
2013-11-22 17:41:35,accounts.youtube.com
2013-11-22 17:41:35,static.leboncoin.fr
2013-11-22 17:41:35,mail.google.com
2013-11-22 17:41:36,static.leboncoin.fr
2013-11-22 17:41:37,www.leboncoin.fr
2013-11-22 17:41:37,deliv.leboncoin.fr
2013-11-22 17:41:37,193.164.196.40
2013-11-22 17:41:37,193.164.196.50
2013-11-22 17:41:37,193.164.197.40
2013-11-22 17:41:37,193.164.197.60
2013-11-22 17:41:37,193.164.197.50
2013-11-22 17:41:42,193.164.196.40
2013-11-22 17:41:42,193.164.197.50
2013-11-22 17:41:42,compteperso.leboncoin.fr
2013-11-22 17:41:42,193.164.196.50
2013-11-22 17:44:25,www.leboncoin.fr
2013-11-22 17:44:26,deliv.leboncoin.fr
2013-11-22 17:44:26,193.164.197.50
2013-11-22 17:44:26,193.164.197.30
2013-11-22 17:44:26,193.164.196.50
2013-11-22 17:44:26,193.164.196.30
2013-11-22 17:44:26,193.164.196.60
2013-11-22 17:44:26,www.google.com
2013-11-22 17:44:26,193.164.196.40
2013-11-22 17:44:33,193.164.197.40
2013-11-22 17:44:37,deliv.leboncoin.fr
2013-11-22 17:44:37,www.leboncoin.fr
2013-11-22 17:44:37,static.leboncoin.fr
2013-11-22 17:44:37,193.164.197.60
2013-11-22 17:44:47,www.google.com
2013-11-22 17:44:47,deliv.leboncoin.fr
2013-11-22 17:44:48,193.164.196.60
2013-11-22 17:44:48,www.google.com
2013-11-22 17:44:57,193.164.196.40
2013-11-22 17:44:57,193.164.196.60
2013-11-22 17:45:00,193.164.197.50
2013-11-22 17:45:01,193.164.196.50
2013-11-22 17:45:13,static.leboncoin.fr
2013-11-22 17:45:13,www.leboncoin.fr
2013-11-22 17:45:13,193.164.197.30
2013-11-22 17:45:13,193.164.197.40
2013-11-22 17:45:14,data.decathlon.fr
2013-11-22 17:45:14,193.164.197.40
2013-11-22 17:45:14,deliv.leboncoin.fr
2013-11-22 17:45:21,www.google.com
2013-11-22 17:45:21,deliv.leboncoin.fr
2013-11-22 17:45:26,mail.google.com
2013-11-22 17:45:31,static.leboncoin.fr
2013-11-22 17:45:31,www.leboncoin.fr
2013-11-22 17:45:31,193.164.197.40
2013-11-22 17:45:31,deliv.leboncoin.fr
2013-11-22 17:45:42,deliv.leboncoin.fr
2013-11-22 17:45:42,www.google.com
2013-11-22 17:45:42,www.eficiens-serving2.com
2013-11-22 17:45:43,www.eficiens-serving2.com
2013-11-22 17:45:55,static.leboncoin.fr
2013-11-22 17:45:55,www.leboncoin.fr
2013-11-22 17:45:56,193.164.196.40
2013-11-22 17:45:56,deliv.leboncoin.fr
2013-11-22 17:46:01,deliv.leboncoin.fr
2013-11-22 17:46:11,static.leboncoin.fr
2013-11-22 17:46:11,www.leboncoin.fr
2013-11-22 17:46:11,193.164.196.50
2013-11-22 17:46:12,deliv.leboncoin.fr
2013-11-22 17:46:28,deliv.leboncoin.fr
2013-11-22 17:46:29,deliv.leboncoin.fr
2013-11-22 17:46:29,www.google.com
2013-11-22 17:46:30,193.164.197.30
2013-11-22 17:46:30,193.164.196.60
2013-11-22 17:46:30,193.164.196.50
2013-11-22 17:46:30,compteperso.leboncoin.fr
2013-11-22 17:46:30,deliv.leboncoin.fr
2013-11-22 17:46:31,deliv.leboncoin.fr
2013-11-22 17:46:31,www.google.com
2013-11-22 17:46:31,n37.hal9000.redintelligence.net
2013-11-22 17:46:31,rp.gwallet.com
2013-11-22 17:46:31,hal9000.redintelligence.net
2013-11-22 17:46:32,boutique-online.orange.fr
2013-11-22 17:46:32,ad.publicidees.com
2013-11-22 17:46:35,www.leboncoin.fr
2013-11-22 17:46:35,static.leboncoin.fr
2013-11-22 17:46:35,193.164.196.30
2013-11-22 17:46:35,deliv.leboncoin.fr
2013-11-22 17:46:36,banniere.reussissonsensemble.fr
2013-11-22 17:46:36,boutique-online.orange.fr
2013-11-22 17:46:36,ea.numericable.fr
2013-11-22 17:46:48,deliv.leboncoin.fr
2013-11-22 17:46:52,193.164.196.40
2013-11-22 17:46:52,static.leboncoin.fr
2013-11-22 17:46:52,deliv.leboncoin.fr
2013-11-22 17:46:52,www.leboncoin.fr
2013-11-22 17:47:04,deliv.leboncoin.fr
2013-11-22 17:47:05,deliv.leboncoin.fr
2013-11-22 17:47:07,apnx-match.dotomi.com
2013-11-22 17:47:07,dtm.potterybarn.com
2013-11-22 17:47:12,www.google.com
2013-11-22 17:47:12,www.leboncoin.fr
2013-11-22 17:47:12,deliv.leboncoin.fr
2013-11-22 17:47:14,193.164.197.30
2013-11-22 17:47:35,193.164.197.60
2013-11-22 17:48:04,deliv.leboncoin.fr
2013-11-22 17:48:04,static.leboncoin.fr
2013-11-22 17:48:04,www.leboncoin.fr
2013-11-22 17:48:30,www2.leboncoin.fr
2013-11-22 17:48:31,www2.leboncoin.fr
2013-11-22 17:48:36,compteperso.leboncoin.fr
2013-11-22 17:52:04,www.leboncoin.fr
2013-11-22 17:52:04,static.leboncoin.fr
2013-11-22 17:52:04,deliv.leboncoin.fr
2013-11-22 17:52:13,www.leboncoin.fr
2013-11-22 17:52:13,deliv.leboncoin.fr
2013-11-22 17:52:13,193.164.196.50
2013-11-22 17:52:13,193.164.197.40
2013-11-22 17:52:13,193.164.196.30
2013-11-22 17:52:24,eulerian.canal-plus.com
2013-11-22 17:52:26,eulerian.canal-plus.com
2013-11-22 17:52:26,www.leboncoin.fr
2013-11-22 17:52:27,deliv.leboncoin.fr
2013-11-22 17:52:28,www.google.com
2013-11-22 17:53:05,static.leboncoin.fr
2013-11-22 17:53:05,www.leboncoin.fr
2013-11-22 17:53:05,deliv.leboncoin.fr
2013-11-22 17:56:15,www.google.com
2013-11-22 17:56:15,www.google.fr
2013-11-22 17:56:15,www2.leboncoin.fr
2013-11-22 17:56:20,compteperso.leboncoin.fr
2013-11-22 17:56:22,deliv.leboncoin.fr
2013-11-22 17:56:23,www.google.com
2013-11-22 17:56:27,deliv.leboncoin.fr
2013-11-22 17:56:27,static.leboncoin.fr
2013-11-22 17:56:27,www.leboncoin.fr
2013-11-27 17:02:26,www.bing.com
2013-11-27 17:02:27,www.bing.com
2013-11-27 17:02:28,cms.abmr.net
2013-11-27 17:02:28,www.bing.com
2013-11-27 17:02:29,www.bing.com
2013-11-27 17:02:38,login.live.com
2013-11-27 17:05:41,www.facebook.com
2013-11-27 17:05:52,www.bing.com
2013-11-27 17:05:54,www.bing.com
2013-11-27 17:06:04,login.live.com
2013-11-27 17:06:18,ssl.bing.com
2013-11-27 17:06:18,www.bing.com
2013-11-27 17:06:36,www.bing.com
2013-11-27 17:06:38,www.bing.com
2013-11-27 17:06:39,www.bing.com
2013-11-27 17:06:40,fr-fr.facebook.com
2013-11-27 17:06:40,www.bing.com
2013-11-27 17:06:40,login.live.com
2013-11-27 17:06:43,www.bing.com
2013-11-27 17:06:45,www.bing.com
2013-11-27 17:06:55,www.bing.com
2013-11-27 17:06:55,login.live.com
2013-11-27 17:07:16,fr-fr.facebook.com
2013-11-27 17:07:16,www.bing.com
2013-11-27 17:07:31,www.bing.com
2013-11-27 17:07:31,ssl.bing.com
2013-11-27 17:07:32,ssl.bing.com
2013-11-27 17:07:32,login.live.com
2013-11-27 17:07:32,www.bing.com
2013-11-27 17:07:33,www.bing.com
2013-11-27 17:07:34,www.bing.com
2013-11-27 17:07:35,www.bing.com
2013-11-27 17:07:38,www.bing.com
2013-11-27 17:07:38,login.live.com
2013-11-27 17:07:39,www.bing.com
2013-11-27 17:07:43,www.bing.com
2013-11-27 17:07:48,www.bing.com
2013-11-27 17:07:49,www.bing.com
2013-11-27 17:07:50,www.bing.com
2013-11-27 17:07:52,www.bing.com
2013-11-27 17:07:53,www.bing.com
2013-11-27 17:07:54,www.bing.com
2013-11-27 17:08:04,login.live.com
2013-11-27 17:08:05,www.bing.com
2013-11-27 17:08:08,www.outlook.com
2013-11-27 17:08:09,login.live.com
2013-11-27 17:08:17,login.live.com
2013-11-27 17:08:23,ssl.bing.com
2013-11-27 17:08:42,www.outlook.com
2013-11-27 17:08:51,windowslive.tt.omtrdc.net
2013-11-27 17:08:57,www.facebook.com
2013-11-27 17:09:04,windowslive.tt.omtrdc.net
2013-11-27 17:09:27,www.facebook.com
2013-11-27 17:09:44,www.bing.com
2013-11-27 17:19:44,www.facebook.com
2013-11-27 17:19:44,go.microsoft.com
2013-11-27 17:19:45,windows.microsoft.com
2013-11-27 17:19:45,ajax.microsoft.com
2013-11-27 17:19:45,js.microsoft.com
2013-11-27 17:19:45,res2.windows.microsoft.com
2013-11-27 17:19:45,res1.windows.microsoft.com
2013-11-27 17:19:46,res2.windows.microsoft.com
2013-11-27 17:19:47,windows.microsoft.com
2013-11-27 17:19:47,res1.windows.microsoft.com
2013-11-27 17:19:47,js.microsoft.com
2013-11-27 17:19:48,res1.windows.microsoft.com
2013-11-27 17:20:23,ieonline.microsoft.com
2013-12-12 14:26:01,fpdownload2.macromedia.com
2013-12-12 14:26:11,www.bing.com
2013-12-12 14:26:12,www.bing.com
2013-12-12 14:26:13,www.bing.com
2013-12-12 14:26:13,cms.abmr.net
2013-12-12 14:26:13,mail.google.com
2013-12-12 14:26:13,login.live.com
2013-12-12 14:26:20,www.bing.com
2013-12-12 14:26:25,accounts.google.com
2013-12-12 14:26:28,accounts.youtube.com
2013-12-12 14:26:31,mail.google.com
2013-12-12 14:26:55,accounts.google.fr
2013-12-12 14:26:57,accounts.google.fr
2013-12-12 14:26:57,accounts.youtube.com
2013-12-12 14:26:57,accounts.google.com
2013-12-12 14:26:57,mail.google.com
2013-12-12 14:26:58,apis.google.com
2013-12-12 14:26:58,plus.google.com
2013-12-12 14:26:58,mail.google.com
2013-12-12 14:26:58,clients2.google.com
2013-12-12 14:26:59,clients2.google.com
2013-12-12 14:26:59,plus.google.com
2013-12-12 14:27:00,www.google.com
2013-12-12 14:27:00,apis.google.com
2013-12-12 14:27:02,accounts.google.com
2013-12-12 14:27:02,www.google.com
2013-12-12 14:27:02,chatenabled.mail.google.com
2013-12-12 14:27:03,b.mail.google.com
2013-12-12 14:27:03,mail.google.com
2013-12-12 14:27:08,chatenabled.mail.google.com
2013-12-12 14:27:08,apis.google.com
2013-12-12 14:27:12,mail.google.com
2013-12-12 14:27:15,plus.google.com
2013-12-12 14:27:41,clients6.google.com
2013-12-12 14:28:48,apis.google.com
2013-12-12 14:28:49,mail.google.com
2013-12-12 14:28:49,plus.google.com
2013-12-12 14:28:54,mail.google.com
2013-12-12 14:29:07,clients6.google.com
2013-12-12 14:31:00,mail.google.com
2013-12-12 14:32:48,apis.google.com
2013-12-12 14:33:00,plus.google.com
2013-12-12 14:33:08,clients6.google.com
2013-12-12 14:33:59,www.google.fr
2013-12-12 14:34:11,apis.google.com
2013-12-12 14:34:11,www.google.fr
2013-12-12 14:34:14,www.google.com
2013-12-12 14:34:31,plus.google.com
2013-12-12 14:34:36,apis.google.com
2013-12-12 14:35:25,accounts.google.com
2013-12-12 14:36:05,clients6.google.com
2013-12-12 14:36:07,www.google.fr
2013-12-12 14:36:07,plus.google.com
2013-12-12 14:36:07,www.google.com
2013-12-12 14:38:00,mail.google.com
2013-12-12 14:39:25,accounts.google.com
2013-12-12 14:41:21,plus.google.com
2013-12-12 14:42:00,plus.google.com
2013-12-12 14:42:08,clients6.google.com
2013-12-12 14:47:38,clients6.google.com
2013-12-12 14:49:31,plus.google.com
2013-12-12 14:51:01,www.bing.com
2013-12-12 14:51:07,www.bing.com
2013-12-12 14:51:08,clients6.google.com
2013-12-12 14:51:12,www.bing.com
2013-12-12 14:51:12,www.pagesjaunes.fr
2013-12-12 14:51:12,logc258.at.pagesjaunes.fr
2013-12-12 14:51:12,ecn.api.tiles.virtualearth.net
2013-12-12 14:51:13,login.live.com
2013-12-12 14:51:15,login.live.com
2013-12-12 14:51:15,www.bing.com
2013-12-12 14:51:29,ssl.bing.com
2013-12-12 14:55:08,clients6.google.com
2013-12-12 15:01:08,clients6.google.com
2013-12-12 15:01:21,plus.google.com
2013-12-12 15:05:00,mail.google.com
2013-12-12 15:05:55,b.mail.google.com
2013-12-12 15:05:56,accounts.google.fr
2013-12-12 15:05:56,www.google.com
2013-12-12 15:05:56,accounts.youtube.com
2013-12-12 15:05:56,www.google.fr
2013-12-12 15:05:56,clients6.google.com
2013-12-12 15:05:58,accounts.google.fr
2013-12-12 15:05:58,accounts.google.com
2013-12-12 15:05:58,accounts.youtube.com
2013-12-12 15:05:58,mail.google.com
2013-12-18 16:21:09,gtssl-ocsp.geotrust.com
2013-12-18 16:21:21,snippets-stats.mozilla.org
2013-12-18 16:21:26,clients1.google.com
2013-12-18 16:21:26,gtglobal-ocsp.geotrust.com
2013-12-18 16:21:27,clients1.google.com
2013-12-18 16:21:28,clients1.google.com
2013-12-18 16:21:33,www.google.fr
2013-12-18 16:21:34,ocsp.usertrust.com
2013-12-18 16:21:34,clients1.google.com
2013-12-18 16:21:34,ocsp.tcs.terena.org
2013-12-18 16:24:04,safebrowsing.clients.google.com
2013-12-18 16:24:05,safebrowsing-cache.google.com
2013-12-18 16:24:23,www.google.com
2013-12-18 16:24:23,apis.google.com
2013-12-18 16:24:26,www.google.fr
2013-12-18 16:26:36,ocsp.thawte.com
2013-12-18 16:28:36,ocsp.verisign.com
2013-12-18 16:30:36,ocsp.digicert.com
2013-12-18 16:52:51,safebrowsing-cache.google.com
2013-12-18 16:52:51,safebrowsing.clients.google.com
2013-12-18 16:52:52,safebrowsing-cache.google.com
2013-12-19 08:47:04,clients1.google.com
2013-12-19 08:47:04,gtglobal-ocsp.geotrust.com
2013-12-19 08:47:05,clients1.google.com
2013-12-19 08:47:12,www.google.com
2013-12-19 08:47:12,www.google.fr
2013-12-19 08:47:12,id.google.fr
2013-12-19 08:47:12,apis.google.com
2013-12-19 10:11:22,clients1.google.com
2013-12-19 10:11:22,gtglobal-ocsp.geotrust.com
2013-12-19 10:11:24,clients1.google.com
2013-12-19 10:11:27,www.google.fr
2013-12-19 10:11:28,ocsp.tcs.terena.org
2013-12-19 10:11:28,ocsp.usertrust.com
2013-12-19 10:11:28,clients1.google.com
2013-12-19 10:12:06,safebrowsing.clients.google.com
2013-12-19 10:12:06,safebrowsing-cache.google.com
2013-12-19 10:12:07,safebrowsing-cache.google.com
2013-12-19 10:14:17,www.google.com
2013-12-19 10:14:21,www.google.fr
2013-12-19 10:16:43,ocsp.thawte.com
2014-01-22 13:50:44,fpdownload2.macromedia.com
2014-01-22 13:50:57,www.google.fr
2014-01-22 13:51:09,www.google.fr
2014-01-22 13:51:12,www.google.com
2014-01-22 13:51:12,apis.google.com
2014-01-22 13:51:16,mail.google.com
2014-01-22 13:51:28,accounts.google.com
2014-01-22 13:51:31,apis.google.com
2014-01-22 13:51:31,www.google.fr
2014-01-22 13:51:33,accounts.youtube.com
2014-01-22 13:51:33,www.google.fr
2014-01-22 13:52:18,accounts.google.fr
2014-01-22 13:52:19,www.google.fr
2014-01-22 13:52:19,www.google.com
2014-01-22 13:52:20,accounts.youtube.com
2014-01-22 13:52:20,accounts.google.com
2014-01-22 13:52:20,www.google.com
2014-01-22 13:52:20,accounts.google.fr
2014-01-22 13:52:20,mail.google.com
2014-01-22 13:52:20,clients2.google.com
2014-01-22 13:52:20,apis.google.com
2014-01-22 13:52:20,plus.google.com
2014-01-22 13:52:21,clients2.google.com
2014-01-22 13:52:21,plus.google.com
2014-01-22 13:52:21,apis.google.com
2014-01-22 13:52:24,chatenabled.mail.google.com
2014-01-22 13:52:24,mail.google.com
2014-01-22 13:52:34,mail.google.com
2014-01-22 13:52:34,accounts.google.com
2014-01-22 13:52:56,chatenabled.mail.google.com
2014-01-22 13:52:58,plus.google.com
2014-01-22 13:52:58,mail.google.com
2014-01-22 13:52:58,apis.google.com
2014-01-22 13:52:59,www.google.com
2014-01-22 13:52:59,www.google.fr
2014-01-22 13:53:03,www.google.com
2014-01-22 13:53:03,mail.google.com
2014-01-22 13:53:03,accounts.google.com
2014-01-22 13:53:03,accounts.youtube.com
2014-01-22 13:53:03,accounts.google.fr
2014-01-22 13:53:07,ieonline.microsoft.com
2014-01-27 13:17:25,www.google.fr
2014-01-27 13:17:39,www.google.fr
2014-01-27 13:17:40,apis.google.com
2014-01-27 13:17:42,www.google.com
2014-01-27 13:17:42,apis.google.com
2014-01-27 13:17:43,apis.google.com
2014-01-27 13:18:03,mail.google.com
2014-01-27 13:18:06,accounts.google.com
2014-01-27 13:18:08,apis.google.com
2014-01-27 13:18:08,www.google.fr
2014-01-27 13:18:11,www.google.fr
2014-01-27 13:18:11,www.google.com
2014-01-27 13:18:11,accounts.youtube.com
2014-01-27 13:18:33,accounts.google.fr
2014-01-27 13:18:35,accounts.google.com
2014-01-27 13:18:35,accounts.youtube.com
2014-01-27 13:18:35,accounts.google.fr
2014-01-27 13:18:35,apis.google.com
2014-01-27 13:18:35,mail.google.com
2014-01-27 13:18:35,clients2.google.com
2014-01-27 13:18:35,plus.google.com
2014-01-27 13:18:35,www.google.com
2014-01-27 13:18:37,plus.google.com
2014-01-27 13:18:37,clients2.google.com
2014-01-27 13:18:38,mail.google.com
2014-01-27 13:18:41,plus.google.com
2014-01-27 13:18:41,apis.google.com
2014-01-27 13:18:43,mail.google.com
2014-01-27 13:18:43,drive.google.com
2014-01-27 13:19:07,clients6.google.com
2014-01-27 13:19:07,chatenabled.mail.google.com
2014-01-27 13:19:07,mail.google.com
2014-01-27 13:19:07,accounts.google.com
2014-01-27 13:19:08,mail.google.com
2014-01-27 13:19:11,plus.google.com
2014-01-27 13:19:27,drive.google.com
2014-01-27 13:20:35,ieonline.microsoft.com
2014-01-27 13:20:35,mail.google.com
2014-01-27 13:21:27,drive.google.com
2014-01-27 13:21:28,clients6.google.com
2014-01-27 13:21:31,apis.google.com
2014-01-27 13:21:31,drive.google.com
2014-01-27 13:21:31,chatenabled.mail.google.com
2014-01-27 13:21:31,clients6.google.com
2014-01-27 13:21:31,www.google.com
2014-01-27 13:21:32,www.google.fr
2014-01-27 13:21:32,www.google.com
2014-01-27 13:21:34,mail.google.com
2014-01-27 13:21:34,accounts.youtube.com
2014-01-27 13:21:34,accounts.google.com
2014-01-27 13:21:34,accounts.google.fr
2014-02-17 09:12:14,www.google.fr
2014-02-17 09:12:31,www.google.fr
2014-02-17 09:12:32,apis.google.com
2014-02-17 09:12:35,www.google.com
2014-02-17 09:12:57,www.google.fr
2014-02-17 09:12:57,mail.live.com
2014-02-17 09:13:14,login.live.com
2014-02-17 09:13:18,www.gmail.com
2014-02-17 09:13:18,mail.google.com
2014-02-17 09:13:30,www.google.fr
2014-02-17 09:13:30,www.google.com
2014-02-17 09:13:30,apis.google.com
2014-02-17 09:13:33,login.live.com
2014-02-17 09:13:36,accounts.google.com
2014-02-17 09:13:38,accounts.youtube.com
2014-02-17 09:13:52,login.live.com
2014-02-17 09:13:53,login.live.com
2014-02-17 09:13:55,mail.google.com
2014-02-17 09:13:58,mail.live.com
2014-02-17 09:14:03,dub124.mail.live.com
2014-02-17 09:14:04,dub124.mail.live.com
2014-02-17 09:14:09,js.live.net
2014-02-17 09:14:09,secure.shared.live.com
2014-02-17 09:14:09,people.directory.live.com
2014-02-17 09:14:09,cid-3da19d8c9c6539c2.users.storage.live.com
2014-02-17 09:14:10,windowslive.tt.omtrdc.net
2014-02-17 09:14:14,dub124.mail.live.com
2014-02-17 09:14:14,secure.shared.live.com
2014-02-17 09:14:14,go.trouter.io
2014-02-17 09:14:15,storage.live.com
2014-02-17 09:14:16,windowslive.tt.omtrdc.net
2014-02-17 09:14:17,people.directory.live.com
2014-02-17 09:14:19,byfiles.storage.msn.com
2014-02-17 09:14:19,secure.shared.live.com
2014-02-17 09:14:19,h.live.com
2014-02-17 09:14:23,accounts.google.fr
2014-02-17 09:14:24,accounts.youtube.com
2014-02-17 09:14:24,apis.google.com
2014-02-17 09:14:24,dub124.mail.live.com
2014-02-17 09:14:24,accounts.google.com
2014-02-17 09:14:25,mail.google.com
2014-02-17 09:14:25,clients2.google.com
2014-02-17 09:14:25,apis.google.com
2014-02-17 09:14:25,plus.google.com
2014-02-17 09:14:25,dub124.mail.live.com
2014-02-17 09:14:25,accounts.google.fr
2014-02-17 09:14:26,apis.google.com
2014-02-17 09:14:26,plus.google.com
2014-02-17 09:14:27,www.google.com
2014-02-17 09:14:28,chatenabled.mail.google.com
2014-02-17 09:14:28,mail.google.com
2014-02-17 09:14:35,accounts.google.com
2014-02-17 09:14:38,mail.google.com
2014-02-17 09:14:54,www.google.com
2014-02-17 09:15:15,ieonline.microsoft.com
2014-02-17 09:15:21,bn1303files.storage.live.com
2014-02-17 09:15:23,h.live.com
2014-02-17 09:15:25,h.live.com
2014-02-17 09:15:34,plus.google.com
2014-02-17 09:15:35,chatenabled.mail.google.com
2014-02-17 09:15:38,mail.google.com
2014-02-17 09:15:39,apis.google.com
2014-02-17 09:15:41,www.google.fr
2014-02-17 09:15:41,apis.google.com
2014-02-17 09:15:41,www.google.com
2014-02-17 09:15:41,plus.google.com
2014-02-17 09:15:43,www.google.com
2014-02-17 09:15:58,dub124.mail.live.com
2014-02-17 09:16:29,www.google.fr
2014-02-17 09:16:29,accounts.google.fr
2014-02-17 09:16:29,mail.google.com
2014-02-17 09:16:31,www.google.fr
2014-02-17 09:16:39,fr-fr.facebook.com
2014-02-17 09:16:39,accounts.google.com
2014-02-17 09:16:39,mail.google.com
2014-02-17 09:16:39,accounts.youtube.com
2014-02-17 09:17:04,www.facebook.com
2014-02-17 09:17:11,www.facebook.com
2014-02-17 09:17:16,dub124.mail.live.com
2014-02-17 09:17:24,login.live.com
2014-02-17 09:17:24,go.trouter.io
2014-02-17 09:17:29,dub124.mail.live.com
2014-02-17 09:17:30,g.live.com
2014-02-17 09:17:32,cid-3da19d8c9c6539c2.users.storage.live.com
2014-02-17 09:17:45,windowslive.tt.omtrdc.net
2014-02-17 09:18:15,www.google.fr
2014-02-17 09:18:15,mail.google.com
2014-02-17 09:24:48,www.google.fr
2014-02-17 09:25:04,www.google.fr
2014-02-17 09:26:00,dictionnaire.reverso.net
2014-02-17 09:26:00,www.google.fr
2014-02-17 09:26:01,dictionnaire.reverso.net
2014-02-17 09:26:01,ajax.googleapis.com
2014-02-17 09:26:01,cdn2.reverso.net
2014-02-17 09:26:01,api.conduit.com
2014-02-17 09:26:02,dictionnaire.reverso.net
2014-02-17 09:26:02,cdn2.reverso.net
2014-02-17 09:26:03,fpdownload2.macromedia.com
2014-02-17 09:26:08,cdn2.reverso.net
2014-02-17 09:26:27,www.google.fr
2014-02-17 09:26:27,tempsreel.nouvelobs.com
2014-02-17 09:26:27,apis.google.com
2014-02-17 09:26:27,platform.twitter.com
2014-02-17 09:26:27,la-conjugaison.nouvelobs.com
2014-02-17 09:26:27,referentiel.nouvelobs.com
2014-02-17 09:26:28,cshoppingbox.partner.leguide.com
2014-02-17 09:26:28,platform.twitter.com
2014-02-17 09:26:28,la-conjugaison.nouvelobs.com
2014-02-17 09:26:28,referentiel.nouvelobs.com
2014-02-17 09:26:28,www.facebook.com
2014-02-17 09:26:29,cdnjs.cloudflare.com
2014-02-17 09:26:29,ajax.googleapis.com
2014-02-17 09:26:29,cshoppingbox.partner.leguide.com
2014-02-17 09:26:29,tempsreel.nouvelobs.com
2014-02-17 09:26:29,cimg.leguide.com
2014-02-17 09:26:29,la-conjugaison.nouvelobs.com
2014-02-17 09:26:29,code.jquery.com
2014-02-17 09:26:40,twitter.com
2014-02-17 09:26:41,apis.google.com
2014-02-17 09:26:42,apis.google.com
2014-02-17 09:26:45,la-conjugaison.nouvelobs.com
2014-02-17 09:26:45,accounts.google.com
2014-02-17 09:27:11,twitter.com
2014-02-17 09:27:24,www.google.fr
2014-02-17 09:28:45,apis.google.com
2014-02-17 09:28:45,accounts.google.com
2014-02-17 10:22:53,www.google.fr
2014-02-17 10:22:54,www.google.fr
2014-02-17 10:22:54,feeds2.feedburner.com
2014-02-17 10:22:54,komo.fr
2014-02-17 10:22:54,www.agrojob.com
2014-02-17 10:22:55,www.google.com
2014-02-17 10:24:00,www.agrojob.com
2014-02-17 10:36:30,www.google.fr
2014-02-17 10:36:31,www.google.fr
2014-02-17 10:37:09,www.google.fr
2014-02-17 10:37:09,www.universalis.fr
2014-02-17 10:37:09,connect.facebook.net
2014-02-17 10:37:09,atout.email-match.com
2014-02-17 10:37:09,static.ak.facebook.com
2014-02-17 10:37:10,static.ak.facebook.com
2014-02-17 10:37:10,www.universalis.fr
2014-02-17 10:37:10,universalis.octelio.com
2014-02-17 10:37:10,www.google.com
2014-02-17 10:37:10,atout.email-match.com
2014-02-17 10:37:10,asset.email-match.com
2014-02-17 10:37:10,s-static.ak.facebook.com
2014-02-17 10:37:10,www.google.fr
2014-02-17 10:37:40,universalis.octelio.com
2014-02-17 10:37:50,www.google.fr
2014-02-17 10:38:51,aluttrin.free.fr
2014-02-17 10:38:51,www.google.fr
2014-02-17 10:41:25,www.google.fr
2014-02-17 10:41:25,www.emse.fr
2014-02-17 10:42:43,www.google.fr
2014-02-17 10:43:25,www.google.fr
2014-02-17 10:43:26,www.vin-vigne.com
2014-02-17 10:43:26,platform.twitter.com
2014-02-17 10:43:26,vin-vigne.com
2014-02-17 10:43:26,sc.tynt.com
2014-02-17 10:43:26,www.google.fr
2014-02-17 10:43:27,s-static.ak.facebook.com
2014-02-17 10:43:27,www.facebook.com
2014-02-17 10:43:27,de.tynt.com
2014-02-17 10:43:27,static.ak.facebook.com
2014-02-17 10:43:36,twitter.com
2014-02-17 10:43:38,apis.google.com
2014-02-17 10:43:41,accounts.google.com
2014-02-17 10:44:06,twitter.com
2014-02-17 10:44:40,apis.google.com
2014-02-17 10:44:45,www.google.fr
2014-02-17 10:45:30,www.google.fr
2014-02-17 10:45:30,www.tic-et-tac.com
2014-02-17 10:46:33,accounts.google.com
2014-02-17 10:47:00,www.google.fr
2014-02-17 11:00:21,www.google.fr
2014-02-17 11:00:22,bits.wikimedia.org
2014-02-17 11:00:22,fr.wikipedia.org
2014-02-17 11:00:22,login.wikimedia.org
2014-02-17 11:00:22,meta.wikimedia.org
2014-02-17 11:00:23,bits.wikimedia.org
2014-02-17 11:00:23,meta.wikimedia.org
2014-02-17 11:03:21,bits.wikimedia.org
2014-02-17 11:03:21,www.google.fr
2014-02-17 11:03:21,fr.wikipedia.org
2014-02-17 11:03:22,meta.wikimedia.org
2014-02-17 11:03:22,fr.wikipedia.org
2014-02-17 11:05:22,www.google.fr
2014-02-17 11:13:18,www.google.fr
2014-02-17 11:13:29,id.google.fr
2014-02-17 11:13:30,www.google.fr
2014-02-17 11:13:30,cerig.efpg.inpg.fr
2014-02-17 11:13:30,clients1.google.fr
2014-02-17 11:13:30,id.google.fr
2014-02-17 11:13:31,cerig.efpg.inpg.fr
2014-02-17 11:13:31,www.google.fr
2014-02-17 11:13:57,www.google.fr
2014-02-17 11:13:57,cerig.efpg.inpg.fr
2014-02-17 11:41:31,www.google.fr
2014-02-17 11:41:32,aluttrin.free.fr
2014-02-17 11:41:42,www.google.fr
2014-02-17 11:41:53,www.google.fr
2014-02-17 11:42:20,www.google.fr
2014-02-17 11:42:21,www.emse.fr
2014-02-17 11:44:21,www.google.fr
2014-02-17 12:01:10,www.google.fr
2014-02-17 12:01:10,www.programme-sfgp2011.eu
2014-02-17 12:01:49,www.google.fr
2014-02-17 12:02:50,www.google.fr
2014-02-17 12:03:12,www.biomasse-pour-energie.ensma.fr
2014-02-17 12:03:12,www.google.fr
2014-02-17 12:04:49,www.developpement-durable.gouv.fr
2014-02-17 12:04:49,www.google.fr
2014-02-17 16:10:27,www.google.fr
2014-02-17 16:10:42,www.google.fr
2014-02-17 16:10:43,apis.google.com
2014-02-17 16:10:45,www.google.com
2014-02-17 16:11:46,books.google.fr
2014-02-17 16:11:46,www.google.com
2014-02-17 16:11:46,bks8.books.google.fr
2014-02-17 16:11:47,books.google.fr
2014-02-17 16:11:58,apis.google.com
2014-02-17 16:13:06,ieonline.microsoft.com
2014-02-17 16:13:06,apis.google.com
2014-02-17 16:13:07,books.google.fr
2014-02-17 16:13:38,www.google.com
2014-02-17 16:13:38,www.google.fr
2014-02-17 16:13:38,apis.google.com
2014-02-17 16:15:55,books.google.fr
2014-02-17 16:15:56,books.google.fr
2014-02-17 16:15:57,books.google.fr
2014-02-17 16:17:20,books.google.fr
2014-02-17 16:17:58,books.google.fr
2014-02-17 16:19:33,books.google.fr
2014-02-17 16:19:56,books.google.fr
2014-02-17 16:41:32,books.google.fr
2014-02-17 16:41:34,books.google.fr
2014-02-17 16:41:51,books.google.fr
2014-02-17 16:41:58,books.google.fr
2014-02-17 16:41:59,books.google.fr
2014-02-17 16:42:03,books.google.fr
2014-02-17 16:42:04,books.google.fr
2014-02-17 16:42:05,books.google.fr
2014-02-17 16:42:06,books.google.fr
2014-02-17 16:42:08,books.google.fr
2014-02-17 16:42:10,books.google.fr
2014-02-17 16:42:13,books.google.fr
2014-02-17 16:42:16,books.google.fr
2014-02-17 16:42:17,books.google.fr
2014-02-17 16:42:18,books.google.fr
2014-02-17 16:42:24,books.google.fr
2014-02-17 16:43:50,www.google.fr
2014-02-17 16:43:52,www.ifpenergiesnouvelles.fr
2014-02-17 16:43:53,www.ifpenergiesnouvelles.fr
2014-02-17 16:44:07,www.ifpenergiesnouvelles.fr
2014-02-17 16:45:28,www.google.fr
2014-02-17 16:46:48,www.google.fr
2014-02-17 16:48:20,www.google.fr
2014-02-17 16:48:21,platform.linkedin.com
2014-02-17 16:48:22,s-static.ak.facebook.com
2014-02-17 16:48:22,apis.google.com
2014-02-17 16:48:22,platform.linkedin.com
2014-02-17 16:48:22,static.ak.facebook.com
2014-02-17 16:48:22,www.linkedin.com
2014-02-17 16:48:22,connect.facebook.net
2014-02-17 16:48:22,www.facebook.com
2014-02-17 16:48:27,platform.twitter.com
2014-02-17 16:48:34,accounts.google.com
2014-02-17 16:48:36,www.linkedin.com
2014-02-17 16:48:36,twitter.com
2014-02-17 16:49:01,www.google.fr
2014-02-17 16:49:01,www.ineris.fr
2014-02-17 16:49:07,twitter.com
2014-02-17 16:51:27,platform.twitter.com
2014-02-17 16:52:22,apis.google.com
2014-02-17 16:52:34,accounts.google.com
2014-02-17 16:52:37,www.google.fr
2014-02-17 17:00:29,www.google.fr
2014-02-17 17:01:08,www.google.fr
2014-02-17 17:01:08,www.futura-sciences.com
2014-02-17 17:01:08,www.facebook.com
2014-02-17 17:01:09,www.futura-sciences.com
2014-02-17 17:01:10,www.futura-sciences.com
2014-02-17 17:01:11,platform.twitter.com
2014-02-17 17:01:11,connect.facebook.net
2014-02-17 17:01:11,static.ak.facebook.com
2014-02-17 17:01:11,www.facebook.com
2014-02-17 17:01:11,www.google.com
2014-02-17 17:01:11,hal9000.redintelligence.net
2014-02-17 17:01:12,www.facebook.com
2014-02-17 17:01:12,hal9000.redintelligence.net
2014-02-17 17:01:13,www.google.com
2014-02-17 17:01:14,platform.twitter.com
2014-02-17 17:01:19,platform.twitter.com
2014-02-17 17:01:20,apis.google.com
2014-02-17 17:01:20,www.futura-sciences.com
2014-02-17 17:01:21,www.futura-sciences.com
2014-02-17 17:01:21,apis.google.com
2014-02-17 17:01:22,apis.google.com
2014-02-17 17:01:23,accounts.google.com
2014-02-17 17:01:28,www.futura-sciences.com
2014-02-17 17:01:39,w.sharethis.com
2014-02-17 17:01:40,ajax.googleapis.com
2014-02-17 17:01:41,edge.sharethis.com
2014-02-17 17:01:41,w.sharethis.com
2014-02-17 17:01:53,accounts.google.com
2014-02-17 17:01:53,apis.google.com
2014-02-17 17:03:08,accounts.google.com
2014-02-17 17:03:08,apis.google.com
2014-02-17 17:05:01,www.google.fr
2014-02-17 17:14:44,www.google.fr
2014-02-17 17:14:45,www.cea.fr
2014-02-17 17:14:57,www.cea.fr
2014-02-17 17:15:23,www.google.fr
2014-02-17 17:15:24,www.valbiom.be
2014-02-17 17:15:38,webstyle.fr
2014-02-17 17:15:38,www.google.fr
2014-02-17 17:17:38,www.google.fr
2014-02-17 17:18:01,www.valbiom.be
2014-02-17 17:18:16,www.google.fr
2014-02-17 17:18:58,www.google.fr
2014-02-17 17:18:58,www.agence-nationale-recherche.fr
2014-02-17 17:18:59,www.agence-nationale-recherche.fr
2014-02-17 17:19:00,www.agence-nationale-recherche.fr
2014-02-17 17:19:01,clients1.google.com
2014-02-17 17:19:01,www.agence-nationale-recherche.fr
2014-02-17 17:19:01,www.google.com
2014-02-17 17:19:03,www.googleapis.com
2014-02-17 17:19:08,www.google.com
2014-02-17 17:20:01,www.google.com
2014-02-17 17:21:57,www.google.fr
2014-02-17 17:21:57,www.developpement-durable.gouv.fr
2014-02-17 17:23:03,www.googleapis.com
2014-02-17 17:27:20,www.google.fr
2014-02-17 17:27:21,www.futura-sciences.com
2014-02-17 17:27:21,www.facebook.com
2014-02-17 17:27:21,www.google.fr
2014-02-17 17:27:21,apis.google.com
2014-02-17 17:27:22,static.ak.facebook.com
2014-02-17 17:27:22,connect.facebook.net
2014-02-17 17:27:22,platform.twitter.com
2014-02-17 17:27:22,www.futura-sciences.com
2014-02-17 17:27:23,www.facebook.com
2014-02-17 17:27:23,s-static.ak.facebook.com
2014-02-17 17:27:23,apis.google.com
2014-02-17 17:27:23,twitter.com
2014-02-17 17:27:25,platform.twitter.com
2014-02-17 17:27:42,ecx.images-amazon.com
2014-02-17 17:27:42,twitter.com
2014-02-17 17:27:44,www.futura-sciences.com
2014-02-17 17:27:45,www.futura-sciences.com
2014-02-17 17:28:38,www.google.fr
2014-02-17 17:28:39,www.mamrot.gouv.qc.ca
2014-02-17 17:28:40,www.mamrot.gouv.qc.ca
2014-02-17 17:29:11,www.google.fr
2014-02-17 17:29:12,universalis.octelio.com
2014-02-17 17:29:12,www.google.com
2014-02-17 17:29:12,atout.email-match.com
2014-02-17 17:29:12,www.universalis.fr
2014-02-17 17:29:12,www.google.fr
2014-02-17 17:29:12,static.ak.facebook.com
2014-02-17 17:29:12,s-static.ak.facebook.com
2014-02-17 17:29:13,s-static.ak.facebook.com
2014-02-17 17:29:13,www.universalis.fr
2014-02-17 17:29:13,asset.email-match.com
2014-02-17 17:29:13,universalis.octelio.com
2014-02-17 17:29:13,static.ak.facebook.com
2014-02-17 17:29:38,www.universalis.fr
2014-02-17 17:29:41,www.universalis.fr
2014-02-17 17:29:43,www.universalis.fr
2014-02-17 17:29:46,www.universalis.fr
2014-02-17 17:29:48,www.universalis.fr
2014-02-17 17:29:51,www.google.fr
2014-02-17 17:29:51,www.universalis.fr
2014-02-17 17:29:51,static.ak.facebook.com
2014-02-17 17:29:51,www.google.com
2014-02-17 17:29:51,atout.email-match.com
2014-02-17 17:29:51,asset.email-match.com
2014-02-17 17:29:51,s-static.ak.facebook.com
2014-02-17 17:29:51,universalis.octelio.com
2014-02-17 17:29:52,s-static.ak.facebook.com
2014-02-17 17:29:52,static.ak.facebook.com
2014-02-17 17:29:52,www.universalis.fr
2014-02-17 17:29:52,universalis.octelio.com
2014-02-17 17:31:38,www.google.fr
2014-02-17 17:31:39,www.leblogenergie.com
2014-02-17 17:31:39,0.gravatar.com
2014-02-17 17:31:39,1.gravatar.com
2014-02-17 17:31:40,blogs.thesocialmedia.com
2014-02-17 17:31:40,www.leblogenergie.com
2014-02-17 17:31:40,www.facebook.com
2014-02-17 17:31:46,www.leblogenergie.com
2014-02-17 17:31:50,twitter.com
2014-02-17 17:32:21,twitter.com
2014-02-17 17:33:19,www.google.fr
2014-02-17 17:33:19,www.futura-sciences.com
2014-02-17 17:33:20,www.facebook.com
2014-02-17 17:33:20,www.futura-sciences.com
2014-02-17 17:33:21,s-static.ak.facebook.com
2014-02-17 17:33:21,www.futura-sciences.com
2014-02-17 17:33:21,static.ak.facebook.com
2014-02-17 17:33:21,www.facebook.com
2014-02-17 17:33:22,twitter.com
2014-02-17 17:33:22,www.facebook.com
2014-02-17 17:33:31,apis.google.com
2014-02-17 17:33:33,apis.google.com
2014-02-17 17:33:39,platform.twitter.com
2014-02-17 17:33:39,twitter.com
2014-02-17 17:33:39,www.futura-sciences.com
2014-02-17 17:33:39,ecx.images-amazon.com
2014-02-17 17:33:40,www.futura-sciences.com
2014-02-17 17:35:10,www.google.fr
2014-02-17 17:35:11,www.google.fr
2014-02-17 17:35:11,biotech.spip.ac-rouen.fr
2014-02-17 17:36:15,apis.google.com
2014-02-17 17:41:27,fr.wikipedia.org
2014-02-17 17:41:27,www.google.fr
2014-02-17 17:41:27,bits.wikimedia.org
2014-02-17 17:41:28,login.wikimedia.org
2014-02-17 17:41:28,meta.wikimedia.org
2014-02-17 17:41:28,fr.wikipedia.org
2014-02-17 17:41:28,bits.wikimedia.org
2014-02-17 17:49:30,www.google.fr
2014-02-17 17:49:33,www.techniques-ingenieur.fr
2014-02-17 17:49:33,com.editions-ti.com
2014-02-17 17:49:34,www.techniques-ingenieur.fr
2014-02-17 17:49:42,www.techniques-ingenieur.fr
2014-02-17 17:49:43,www.techniques-ingenieur.fr
2014-02-17 17:50:59,www.google.fr
2014-02-17 17:51:15,www.techniques-ingenieur.fr
2014-02-17 17:55:01,www.google.fr
2014-02-17 17:55:03,www.engineering-solutions.airliquide.com
2014-02-20 15:41:10,www.google.fr
2014-02-20 15:41:25,www.google.fr
2014-02-20 15:41:26,apis.google.com
2014-02-20 15:41:29,www.google.com
2014-02-20 15:42:21,accounts.google.com
2014-02-20 15:42:22,accounts.google.com
2014-02-20 15:42:22,www.google.fr
2014-02-20 15:42:22,mail.google.com
2014-02-20 15:42:25,www.google.fr
2014-02-20 15:42:25,apis.google.com
2014-02-20 15:42:27,www.google.fr
2014-02-20 15:42:27,accounts.youtube.com
2014-02-20 15:43:13,accounts.google.fr
2014-02-20 15:43:13,www.google.com
2014-02-20 15:43:14,www.google.com
2014-02-20 15:43:14,accounts.google.com
2014-02-20 15:43:14,accounts.youtube.com
2014-02-20 15:43:14,accounts.google.fr
2014-02-20 15:43:14,apis.google.com
2014-02-20 15:43:14,mail.google.com
2014-02-20 15:43:15,mail.google.com
2014-02-20 15:43:16,mail.google.com
2014-02-20 15:43:16,apis.google.com
2014-02-20 15:43:16,accounts.google.com
2014-02-20 15:43:18,apis.google.com
2014-02-20 15:43:19,apis.google.com
2014-02-20 15:43:21,plus.google.com
2014-02-20 15:43:21,clients2.google.com
2014-02-20 15:43:22,apis.google.com
2014-02-20 15:43:25,plus.google.com
2014-02-20 15:43:27,mail.google.com
2014-02-20 15:43:27,chatenabled.mail.google.com
2014-02-20 15:43:28,clients2.google.com
2014-02-20 15:43:28,plus.google.com
2014-02-20 15:43:29,apis.google.com
2014-02-20 15:43:30,mail.google.com
2014-02-20 15:43:31,chatenabled.mail.google.com
2014-02-20 15:43:31,www.google.fr
2014-02-20 15:43:31,plus.google.com
2014-02-20 15:43:31,mail.google.com
2014-02-20 15:43:31,www.google.com
2014-02-20 15:43:31,accounts.google.com
2014-02-20 15:43:31,accounts.youtube.com
2014-02-20 15:43:32,accounts.google.fr
2014-02-20 15:43:39,ieonline.microsoft.com
2014-02-20 15:44:57,www.google.fr
2014-02-20 15:44:57,accounts.youtube.com
2014-02-20 15:44:57,mail.google.com
2014-02-20 15:44:57,accounts.google.com
2014-02-20 15:45:11,outlook.com
2014-02-20 15:45:11,mail.google.com
2014-02-20 15:45:11,www.google.fr
2014-02-20 15:45:25,www.outlook.com
2014-02-20 15:45:35,login.live.com
2014-02-20 15:45:43,login.live.com
2014-02-20 15:45:50,www.google.fr
2014-02-20 15:46:08,www.google.fr
2014-02-20 15:46:15,www.outlook.com
2014-02-20 15:46:18,windowslive.tt.omtrdc.net
2014-02-20 15:46:29,windowslive.tt.omtrdc.net
2014-02-20 15:46:31,login.live.com
2014-02-20 15:46:44,windowslive.tt.omtrdc.net
2014-02-20 15:46:52,login.live.com
2014-02-20 15:46:53,login.live.com
2014-02-20 15:47:03,mail.live.com
2014-02-20 15:47:08,dub124.mail.live.com
2014-02-20 15:47:08,cid-3da19d8c9c6539c2.users.storage.live.com
2014-02-20 15:47:08,windowslive.tt.omtrdc.net
2014-02-20 15:47:09,people.directory.live.com
2014-02-20 15:47:11,dub124.mail.live.com
2014-02-20 15:47:11,cid-3da19d8c9c6539c2.users.storage.live.com
2014-02-20 15:47:12,secure.shared.live.com
2014-02-20 15:47:12,byfiles.storage.msn.com
2014-02-20 15:47:12,js.live.net
2014-02-20 15:47:13,go.trouter.io
2014-02-20 15:47:13,secure.shared.live.com
2014-02-20 15:47:13,dub124.mail.live.com
2014-02-20 15:47:14,h.live.com
2014-02-20 15:47:15,bn1302files.storage.live.com
2014-02-20 15:47:15,storage.live.com
2014-02-20 15:47:15,dub124.mail.live.com
2014-02-20 15:47:15,h.live.com
2014-02-20 15:47:15,secure.shared.live.com
2014-02-20 15:47:16,login.live.com
2014-02-20 15:47:16,dub124.mail.live.com
2014-02-20 15:47:16,g.live.com
2014-02-20 15:47:16,h.live.com
2014-02-20 15:47:16,go.trouter.io
2014-02-20 15:47:17,h.live.com
2014-02-20 15:47:29,windowslive.tt.omtrdc.net
2014-02-20 15:47:30,mail.google.com
2014-02-20 15:47:33,www.google.fr
2014-02-20 15:51:04,www.google.fr
2014-02-20 15:51:12,www.google.fr
2014-02-20 15:51:13,www.regie-publicitaire.com
2014-02-20 15:51:13,js.alter-data.com
2014-02-20 15:51:13,www.google.fr
2014-02-20 15:51:13,r.kelkoo.com
2014-02-20 15:51:13,www.biocarburant.com
2014-02-20 15:51:13,www.energie-online.fr
2014-02-20 15:51:13,js.sddan.com
2014-02-20 15:51:13,www.google.com
2014-02-20 15:51:14,www.google.com
2014-02-20 15:51:14,www.energie-online.fr
2014-02-20 15:51:14,www.biocarburant.com
2014-02-20 15:51:39,www.google.com
2014-02-20 15:51:43,www.google.com
2014-02-20 15:52:43,www.futura-sciences.com
2014-02-20 15:52:43,www.google.fr
2014-02-20 15:52:44,www.futura-sciences.com
2014-02-20 15:52:44,www.facebook.com
2014-02-20 15:52:45,platform.twitter.com
2014-02-20 15:52:45,apis.google.com
2014-02-20 15:52:45,connect.facebook.net
2014-02-20 15:52:46,static.ak.facebook.com
2014-02-20 15:52:46,www.facebook.com
2014-02-20 15:52:47,hal9000.redintelligence.net
2014-02-20 15:52:48,platform.twitter.com
2014-02-20 15:52:56,twitter.com
2014-02-20 15:52:57,twitter.com
2014-02-20 15:52:57,apis.google.com
2014-02-20 15:52:57,platform.twitter.com
2014-02-20 15:53:00,www.futura-sciences.com
2014-02-20 15:53:00,apis.google.com
2014-02-20 15:53:00,twitter.com
2014-02-20 15:53:00,accounts.google.com
2014-02-20 15:53:09,www.google.fr
2014-02-20 15:53:09,www2.ademe.fr
2014-02-20 15:53:29,www.google.fr
2014-02-20 15:53:31,www.connaissancedesenergies.org
2014-02-20 15:53:33,www.connaissancedesenergies.org
2014-02-20 15:53:33,ajax.googleapis.com
2014-02-20 15:53:34,www.connaissancedesenergies.org
2014-02-20 15:53:40,www.google.fr
2014-02-20 15:53:41,www.ecosources.info
2014-02-20 15:53:42,www.ecosources.info
2014-02-20 15:53:42,www.solaris-store.com
2014-02-20 15:53:42,www.solaris-enr.fr
2014-02-20 15:53:43,www.ecosources.info
2014-02-20 15:55:00,accounts.google.com
2014-02-20 15:55:00,apis.google.com
2014-02-20 16:01:46,www.energie-online.fr
2014-02-20 16:01:46,www.google.fr
2014-02-20 16:01:47,www.energie-online.fr
2014-02-20 16:04:30,ecx.images-amazon.com
2014-02-20 16:04:30,www.futura-sciences.com
2014-02-20 16:04:31,www.futura-sciences.com
2014-02-20 16:06:25,www.ecosources.info
2014-02-20 16:30:24,www.google.fr
2014-02-20 16:30:36,www.google.fr
2014-02-20 16:30:47,www.google.fr
2014-02-20 16:31:20,player.vimeo.com
2014-02-20 16:42:51,www.biomasse-territoire.info
2014-02-20 16:42:51,www.google.fr
2014-02-20 16:46:45,www.google.fr
2014-02-20 16:52:56,www.google.fr
2014-02-20 16:52:57,www.biofuel-africa.org
2014-02-20 16:55:43,platform.twitter.com
2014-02-20 16:55:43,platform.linkedin.com
2014-02-20 16:55:43,www.actu-environnement.com
2014-02-20 16:55:43,www.google.fr
2014-02-20 16:55:43,apis.google.com
2014-02-20 16:55:44,platform.linkedin.com
2014-02-20 16:55:44,www.facebook.com
2014-02-20 16:55:44,apis.google.com
2014-02-20 16:55:44,www.linkedin.com
2014-02-20 16:55:44,s-static.ak.facebook.com
2014-02-20 16:55:44,www.actu-environnement.com
2014-02-20 16:55:44,www.emploi-environnement.com
2014-02-20 16:55:44,connect.facebook.net
2014-02-20 16:55:44,accounts.google.com
2014-02-20 16:55:44,static.ak.facebook.com
2014-02-20 16:55:47,www.actu-environnement.com
2014-02-20 16:56:15,twitter.com
2014-02-20 16:59:22,www.google.fr
2014-02-20 16:59:26,www.google.fr
2014-02-20 16:59:28,www.google.fr
2014-02-20 17:09:03,www.google.fr
2014-02-20 17:09:04,acces.ens-lyon.fr
2014-02-20 17:10:34,www.google.fr
2014-02-20 17:10:37,www.ifpenergiesnouvelles.fr
2014-02-20 17:11:36,www.google.fr
2014-02-20 17:12:02,bits.wikimedia.org
2014-02-20 17:12:02,fr.wikipedia.org
2014-02-20 17:12:02,www.google.fr
2014-02-20 17:12:03,login.wikimedia.org
2014-02-20 17:12:03,bits.wikimedia.org
2014-02-20 17:12:03,meta.wikimedia.org
2014-02-20 17:12:03,fr.wikipedia.org
2014-02-20 17:12:53,www.google.fr
2014-02-20 17:17:19,www.linkedin.com
2014-02-21 15:29:53,www.google.fr
2014-02-21 15:30:07,www.google.fr
2014-02-21 15:30:08,apis.google.com
2014-02-21 15:30:10,www.google.com
2014-02-21 15:30:22,www.google.fr
2014-02-21 15:31:07,player.vimeo.com
2014-02-21 15:32:19,www.google.com
2014-02-21 15:32:19,apis.google.com
2014-02-21 15:32:19,www.google.fr
2014-02-21 15:32:55,ieonline.microsoft.com
2014-02-21 15:35:58,www.google.fr
2014-02-21 15:35:59,fr-fr.facebook.com
2014-02-21 15:36:10,fr-fr.facebook.com
2014-02-21 15:36:42,player.vimeo.com
2014-02-21 15:36:53,www.google.fr
2014-02-21 15:37:25,www.google.fr
2014-02-21 15:39:28,www.google.fr
2014-02-21 15:39:37,carburant-vegetal-bc.e-monsite.com
2014-02-21 15:39:37,static.e-monsite.com
2014-02-21 15:39:38,s1.e-monsite.com
2014-02-21 15:39:38,static.e-monsite.com
2014-02-21 15:39:38,shea.swelen.com
2014-02-21 15:39:38,carburant-vegetal-bc.e-monsite.com
2014-02-21 15:40:41,www.youtube.com
2014-02-21 15:40:41,s.ytimg.com
2014-02-21 15:40:41,www.e-monsite.com
2014-02-21 15:40:41,i1.ytimg.com
2014-02-21 15:40:42,i1.ytimg.com
2014-02-21 15:40:42,nb-commons.storage.googleapis.com
2014-02-21 15:40:42,ea.numericable.fr
2014-02-21 15:40:43,carburant-vegetal-bc.e-monsite.com
2014-02-21 15:46:08,tracking.veoxa.com
2014-02-21 15:46:09,ajax.googleapis.com
2014-02-21 15:46:09,im1.woodbrass.com
2014-02-21 15:46:09,www.lamusiqueestatoutlemonde.com
2014-02-21 15:46:09,im4.woodbrass.com
2014-02-21 15:46:09,www.woodbrass.com
2014-02-21 15:46:09,im2.woodbrass.com
2014-02-21 15:46:09,im3.woodbrass.com
2014-02-21 15:46:18,code.jquery.com
2014-02-21 16:05:04,www.google.fr
2014-02-21 16:05:09,www.google.fr
2014-02-21 16:05:09,www.lanaturedanslapeau.fr
2014-02-21 16:05:09,ajax.googleapis.com
2014-02-21 16:05:10,www.lanaturedanslapeau.fr
2014-02-21 16:05:10,www.bonial.fr
2014-02-21 16:05:11,www.lanaturedanslapeau.fr
2014-02-21 16:08:32,www.google.fr
2014-02-21 16:08:33,fileserver.bankexam.fr
2014-02-21 16:08:33,www.bankexam.fr
2014-02-21 16:09:12,www.google.fr
2014-02-21 16:09:12,www.bankexam.fr
2014-02-21 16:09:12,fileserver.bankexam.fr
2014-02-21 16:09:17,www.google.fr
2014-02-21 16:09:18,www.bankexam.fr
2014-02-21 16:09:18,fileserver.bankexam.fr
2014-02-21 16:09:35,www.google.fr
2014-02-21 16:09:45,bits.wikimedia.org
2014-02-21 16:09:45,fr.wikipedia.org
2014-02-21 16:09:45,www.google.fr
2014-02-21 16:09:45,login.wikimedia.org
2014-02-21 16:09:46,fr.wikipedia.org
2014-02-21 16:09:46,meta.wikimedia.org
2014-02-21 16:09:46,bits.wikimedia.org
2014-02-21 16:09:58,www.google.fr
2014-02-21 16:09:59,www.prolea.com
2014-02-21 16:10:00,www.prolea.com
2014-02-21 16:10:01,www.prolea.com
2014-02-21 16:10:02,www.prolea.com
2014-02-21 16:10:03,www.prolea.com
2014-02-21 16:10:04,www.prolea.com
2014-02-21 16:12:38,www.google.fr
2014-02-21 16:13:02,bits.wikimedia.org
2014-02-21 16:13:02,www.google.fr
2014-02-21 16:13:02,fr.wikipedia.org
2014-02-21 16:13:03,bits.wikimedia.org
2014-02-21 16:13:03,fr.wikipedia.org
2014-02-21 16:13:03,meta.wikimedia.org
2014-02-21 16:14:03,bits.wikimedia.org
2014-02-21 16:14:04,fr.wikipedia.org
2014-02-21 16:14:05,fr.wikipedia.org
2014-02-21 16:14:06,fr.wikipedia.org
2014-02-21 16:14:07,fr.wikipedia.org
2014-02-21 16:14:08,fr.wikipedia.org
2014-02-21 16:14:09,fr.wikipedia.org
2014-02-21 16:14:10,fr.wikipedia.org
2014-02-21 16:14:11,fr.wikipedia.org
2014-02-21 16:14:12,fr.wikipedia.org
2014-02-21 16:14:13,fr.wikipedia.org
2014-02-21 16:14:14,fr.wikipedia.org
2014-02-21 16:14:15,fr.wikipedia.org
2014-02-21 16:14:19,fr.wikipedia.org
2014-02-21 16:14:20,fr.wikipedia.org
2014-02-21 16:14:21,fr.wikipedia.org
2014-02-21 16:14:22,fr.wikipedia.org
2014-02-21 16:14:24,fr.wikipedia.org
2014-02-21 16:14:24,bits.wikimedia.org
2014-02-21 16:14:24,meta.wikimedia.org
2014-02-21 16:14:30,bits.wikimedia.org
2014-02-21 16:14:30,fr.wikipedia.org
2014-02-21 16:14:31,fr.wikipedia.org
2014-02-21 16:14:31,meta.wikimedia.org
2014-02-21 16:14:31,bits.wikimedia.org
2014-02-21 16:14:49,www.google.fr
2014-02-21 16:16:22,fr.wikipedia.org
2014-02-21 16:16:24,fr.wikipedia.org
2014-02-21 16:16:24,bits.wikimedia.org
2014-02-21 16:16:24,meta.wikimedia.org
2014-02-21 16:16:25,meta.wikimedia.org
2014-02-21 16:36:49,translate.google.fr
2014-02-21 16:38:23,translate.google.fr
2014-02-21 16:38:30,www.google.com
2014-02-21 16:38:32,www.lemonde.fr
2014-02-21 16:38:32,s1.lemde.fr
2014-02-21 16:38:33,s1.lemde.fr
2014-02-21 16:38:33,s2.lemde.fr
2014-02-21 16:38:33,www.lemonde.fr
2014-02-21 16:38:33,live.lemde.fr
2014-02-21 16:38:34,s-static.ak.facebook.com
2014-02-21 16:38:34,ce.lijit.com
2014-02-21 16:38:34,mm.eulerian.net
2014-02-21 16:38:34,www.facebook.com
2014-02-21 16:38:34,its.tradelab.fr
2014-02-21 16:38:34,static.ak.facebook.com
2014-02-21 16:38:34,videosfr.s3.amazonaws.com
2014-02-21 16:38:34,connect.facebook.net
2014-02-21 16:38:34,pixel.alephd.com
2014-02-21 16:38:34,cm.adgrx.com
2014-02-21 16:38:35,y.one.impact-ad.jp
2014-02-21 16:38:45,live.lemde.fr
2014-02-21 16:38:50,www.google.com
2014-02-21 16:38:57,live.lemde.fr
2014-02-21 16:39:09,live.lemde.fr
2014-02-21 16:39:21,live.lemde.fr
2014-02-21 16:39:33,live.lemde.fr
2014-02-21 16:39:35,its.tradelab.fr
2014-02-21 16:39:45,live.lemde.fr
2014-02-21 16:39:57,live.lemde.fr
2014-02-21 16:40:09,live.lemde.fr
2014-02-21 16:40:21,live.lemde.fr
2014-02-21 16:40:33,live.lemde.fr
2014-02-21 16:40:45,live.lemde.fr
2014-02-21 16:40:47,translate.google.fr
2014-02-21 16:40:57,live.lemde.fr
2014-02-21 16:41:01,s1.lemde.fr
2014-02-21 16:41:09,live.lemde.fr
2014-02-21 16:41:11,s1.lemde.fr
2014-02-21 16:41:11,www.lemonde.fr
2014-02-21 16:41:11,s2.lemde.fr
2014-02-21 16:41:12,pixel.alephd.com
2014-02-21 16:41:12,static.ak.facebook.com
2014-02-21 16:41:12,publi.lemonde.fr
2014-02-21 16:41:12,www.facebook.com
2014-02-21 16:41:12,s-static.ak.facebook.com
2014-02-21 16:41:12,s1.lemde.fr
2014-02-21 16:41:13,adventori.com
2014-02-21 16:41:14,i1-js-14-3-01-10013-413074719-i.init.cedexis-radar.net
2014-02-21 16:41:15,ec2-us-east-1a.cedexis.com
2014-02-21 16:41:15,s1.lemde.fr
2014-02-21 16:41:16,transact-can.cedexis.com
2014-02-21 16:41:17,transact-can.cedexis.com
2014-02-21 16:41:20,live.lemde.fr
2014-02-21 16:41:32,live.lemde.fr
2014-02-21 16:41:39,s1.lemde.fr
2014-02-21 16:41:40,s1.lemde.fr
2014-02-21 16:41:40,s2.lemde.fr
2014-02-21 16:41:44,live.lemde.fr
2014-02-21 16:41:49,s2.lemde.fr
2014-02-21 16:41:56,live.lemde.fr
2014-02-21 16:42:08,live.lemde.fr
2014-02-21 16:42:14,s1.lemde.fr
2014-02-21 16:42:15,s1.lemde.fr
2014-02-21 16:42:20,live.lemde.fr
2014-02-21 16:42:32,live.lemde.fr
2014-02-21 16:42:34,s2.lemde.fr
2014-02-21 16:42:44,live.lemde.fr
2014-02-21 16:42:48,www.google.com
2014-02-21 16:42:48,translate.google.fr
2014-02-21 16:42:53,s1.lemde.fr
2014-02-21 16:42:56,live.lemde.fr
2014-02-21 16:43:08,live.lemde.fr
2014-02-21 16:43:20,live.lemde.fr
2014-02-21 16:43:22,s2.lemde.fr
2014-02-21 16:43:32,live.lemde.fr
2014-02-21 16:43:44,live.lemde.fr
2014-02-21 16:43:51,s1.lemde.fr
2014-02-21 16:43:56,live.lemde.fr
2014-02-21 16:44:08,live.lemde.fr
2014-02-21 16:44:14,s2.lemde.fr
2014-02-21 16:44:20,live.lemde.fr
2014-02-21 16:44:25,s1.lemde.fr
2014-02-21 16:44:25,pixel.alephd.com
2014-02-21 16:44:25,www.facebook.com
2014-02-21 16:44:38,live.lemde.fr
2014-02-21 16:44:38,s1.lemde.fr
2014-02-21 16:44:42,http.tidaltv.com
2014-02-21 16:44:42,pixel.alephd.com
2014-02-21 16:44:42,s2.lemde.fr
2014-02-21 16:44:50,live.lemde.fr
2014-02-21 16:45:02,live.lemde.fr
2014-02-21 16:45:14,live.lemde.fr
2014-02-21 16:45:18,s1.lemde.fr
2014-02-21 16:45:18,pixel.alephd.com
2014-02-21 16:45:26,live.lemde.fr
2014-02-21 16:45:38,live.lemde.fr
2014-02-21 16:45:45,pixel.alephd.com
2014-02-21 16:45:45,images.orangepublicite.fr
2014-02-21 16:45:45,s2.lemde.fr
2014-02-21 16:45:50,live.lemde.fr
2014-02-21 16:46:02,live.lemde.fr
2014-02-21 16:46:11,pixel.alephd.com
2014-02-21 16:46:11,s1.lemde.fr
2014-02-21 16:46:14,live.lemde.fr
2014-02-21 16:46:26,live.lemde.fr
2014-02-21 16:46:34,mm.eulerian.net
2014-02-21 16:46:34,s2.lemde.fr
2014-02-21 16:46:34,its.tradelab.fr
2014-02-21 16:46:34,pixel.alephd.com
2014-02-21 16:46:38,live.lemde.fr
2014-02-21 16:46:45,pixel.alephd.com
2014-02-21 16:46:45,s1.lemde.fr
2014-02-21 16:46:46,www.google.com
2014-02-21 16:46:49,live.lemde.fr
2014-02-21 16:47:01,live.lemde.fr
2014-02-21 16:47:07,pixel.alephd.com
2014-02-21 16:47:08,its.tradelab.fr
2014-02-21 16:47:08,s2.lemde.fr
2014-02-21 16:47:14,live.lemde.fr
2014-02-21 16:47:25,live.lemde.fr
2014-02-21 16:47:36,pixel.alephd.com
2014-02-21 16:47:36,images.orangepublicite.fr
2014-02-21 16:47:36,s1.lemde.fr
2014-02-21 16:47:37,live.lemde.fr
2014-02-21 16:47:49,live.lemde.fr
2014-02-21 16:47:54,pixel.alephd.com
2014-02-21 16:47:55,pixel.alephd.com
2014-02-21 16:47:55,s2.lemde.fr
2014-02-21 16:47:55,ad.publicidees.com
2014-02-21 16:48:01,live.lemde.fr
2014-02-21 16:48:13,live.lemde.fr
2014-02-21 16:48:25,live.lemde.fr
2014-02-21 16:48:37,live.lemde.fr
2014-02-21 16:48:49,live.lemde.fr
2014-02-21 16:49:01,live.lemde.fr
2014-02-21 16:49:13,live.lemde.fr
2014-02-21 16:49:25,live.lemde.fr
2014-02-21 16:49:37,live.lemde.fr
2014-02-21 16:49:48,live.lemde.fr
2014-02-21 16:50:00,live.lemde.fr
2014-02-21 16:50:12,live.lemde.fr
2014-02-21 16:50:24,live.lemde.fr
2014-02-21 16:50:36,live.lemde.fr
2014-02-21 16:50:48,live.lemde.fr
2014-02-21 16:51:00,live.lemde.fr
2014-02-21 16:51:12,live.lemde.fr
2014-02-21 16:51:24,live.lemde.fr
2014-02-21 16:51:36,live.lemde.fr
2014-02-21 16:51:47,live.lemde.fr
2014-02-21 16:51:59,live.lemde.fr
2014-02-21 16:52:11,live.lemde.fr
2014-02-21 16:52:23,live.lemde.fr
2014-02-21 16:52:35,live.lemde.fr
2014-02-21 16:52:47,live.lemde.fr
2014-02-21 16:52:59,live.lemde.fr
2014-02-21 16:53:11,live.lemde.fr
2014-02-21 16:53:23,live.lemde.fr
2014-02-21 16:53:35,live.lemde.fr
2014-02-21 16:53:47,live.lemde.fr
2014-02-21 16:53:59,live.lemde.fr
2014-02-21 16:54:11,live.lemde.fr
2014-02-21 16:54:23,live.lemde.fr
2014-02-21 16:54:35,live.lemde.fr
2014-02-21 16:54:47,live.lemde.fr
2014-02-21 16:54:59,live.lemde.fr
2014-02-21 16:55:11,live.lemde.fr
2014-02-21 16:55:23,live.lemde.fr
2014-02-21 16:55:35,live.lemde.fr
2014-02-21 16:55:47,live.lemde.fr
2014-02-21 16:55:59,live.lemde.fr
2014-02-21 16:56:11,live.lemde.fr
2014-02-21 16:56:23,live.lemde.fr
2014-02-21 16:56:35,live.lemde.fr
2014-02-21 16:56:47,live.lemde.fr
2014-02-21 16:56:59,live.lemde.fr
2014-02-21 16:57:11,live.lemde.fr
2014-02-21 16:57:24,live.lemde.fr
2014-02-21 16:57:35,live.lemde.fr
2014-02-21 16:57:47,live.lemde.fr
2014-02-21 16:57:59,live.lemde.fr
2014-02-21 16:58:11,live.lemde.fr
2014-02-21 16:58:23,live.lemde.fr
2014-02-21 16:58:35,live.lemde.fr
2014-02-21 16:58:47,live.lemde.fr
2014-02-21 16:58:59,live.lemde.fr
2014-02-21 16:59:11,live.lemde.fr
2014-02-21 16:59:24,live.lemde.fr
2014-02-21 16:59:35,live.lemde.fr
2014-02-21 16:59:47,live.lemde.fr
2014-02-21 16:59:59,live.lemde.fr
2014-02-21 17:00:11,live.lemde.fr
2014-02-21 17:00:23,live.lemde.fr
2014-02-21 17:00:35,live.lemde.fr
2014-02-21 17:00:47,live.lemde.fr
2014-02-21 17:00:59,live.lemde.fr
2014-02-21 17:01:11,live.lemde.fr
2014-02-21 17:01:23,live.lemde.fr
2014-02-21 17:01:35,live.lemde.fr
2014-02-21 17:01:47,live.lemde.fr
2014-02-21 17:01:59,live.lemde.fr
2014-02-21 17:02:11,live.lemde.fr
2014-02-21 17:02:24,live.lemde.fr
2014-02-21 17:02:35,live.lemde.fr
2014-02-21 17:02:47,live.lemde.fr
2014-02-21 17:02:59,live.lemde.fr
2014-02-21 17:03:11,live.lemde.fr
2014-02-21 17:03:23,live.lemde.fr
2014-02-21 17:03:35,live.lemde.fr
2014-02-21 17:03:48,live.lemde.fr
2014-02-21 17:03:59,live.lemde.fr
2014-02-21 17:04:11,live.lemde.fr
2014-02-21 17:04:20,s1.lemde.fr
2014-02-21 17:04:23,live.lemde.fr
2014-02-21 17:04:35,live.lemde.fr
2014-02-21 17:04:38,s2.lemde.fr
2014-02-21 17:04:39,s2.lemde.fr
2014-02-21 17:04:48,live.lemde.fr
2014-02-21 17:04:57,s1.lemde.fr
2014-02-21 17:04:58,s1.lemde.fr
2014-02-21 17:05:00,live.lemde.fr
2014-02-21 17:05:11,live.lemde.fr
2014-02-21 17:05:24,live.lemde.fr
2014-02-21 17:05:35,live.lemde.fr
2014-02-21 17:05:47,live.lemde.fr
2014-02-21 17:05:59,live.lemde.fr
2014-02-21 17:06:11,live.lemde.fr
2014-02-21 17:06:24,live.lemde.fr
2014-02-21 17:06:30,pixel.alephd.com
2014-02-21 17:06:30,s2.lemde.fr
2014-02-21 17:06:36,live.lemde.fr
2014-02-21 17:06:47,pixel.alephd.com
2014-02-21 17:06:47,s1.lemde.fr
2014-02-21 17:06:47,live.lemde.fr
2014-02-21 17:06:59,live.lemde.fr
2014-02-21 17:07:11,live.lemde.fr
2014-02-21 17:07:14,www.dailymotion.com
2014-02-21 17:07:14,ajax.googleapis.com
2014-02-21 17:07:14,www.lemonde.fr
2014-02-21 17:07:14,s1.lemde.fr
2014-02-21 17:07:15,www.lemonde.fr
2014-02-21 17:07:15,s1.lemde.fr
2014-02-21 17:07:15,www.dailymotion.com
2014-02-21 17:07:15,pixel.alephd.com
2014-02-21 17:07:16,ajax.googleapis.com
2014-02-21 17:07:16,s1.lemde.fr
2014-02-21 17:07:16,s2.lemde.fr
2014-02-21 17:07:16,listener.ezakus.net
2014-02-21 17:07:16,www.dailymotion.com
2014-02-21 17:07:16,pixel.alephd.com
2014-02-21 17:07:17,hal9000.redintelligence.net
2014-02-21 17:07:17,www.dailymotion.com
2014-02-21 17:07:17,s1.lemde.fr
2014-02-21 17:07:18,hal9000.redintelligence.net
2014-02-21 17:07:18,connect.facebook.net
2014-02-21 17:07:18,static.ak.facebook.com
2014-02-21 17:07:18,www.facebook.com
2014-02-21 17:07:18,s-static.ak.facebook.com
2014-02-21 17:07:18,pixel.alephd.com
2014-02-21 17:07:19,www.bouquetnantais.com
2014-02-21 17:07:19,n24.hal9000.redintelligence.net
2014-02-21 17:07:19,n17.hal9000.redintelligence.net
2014-02-21 17:07:19,hal9000.redintelligence.net
2014-02-21 17:07:19,banniere.reussissonsensemble.fr
2014-02-21 17:07:21,s1.lemde.fr
2014-02-21 17:07:23,live.lemde.fr
2014-02-21 17:07:36,live.lemde.fr
2014-02-21 17:07:39,pixel.alephd.com
2014-02-21 17:07:39,s1.lemde.fr
2014-02-21 17:07:40,pixel.alephd.com
2014-02-21 17:07:47,live.lemde.fr
2014-02-21 17:07:48,pixel.alephd.com
2014-02-21 17:07:48,its.tradelab.fr
2014-02-21 17:07:49,pixel.alephd.com
2014-02-21 17:07:49,s2.lemde.fr
2014-02-21 17:07:59,live.lemde.fr
2014-02-21 17:08:03,pixel.alephd.com
2014-02-21 17:08:04,s1.lemde.fr
2014-02-21 17:08:04,pixel.alephd.com
2014-02-21 17:08:08,pixel.alephd.com
2014-02-21 17:08:08,s2.lemde.fr
2014-02-21 17:08:11,live.lemde.fr
2014-02-21 17:08:19,pixel.alephd.com
2014-02-21 17:08:20,s1.lemde.fr
2014-02-21 17:08:20,pixel.alephd.com
2014-02-21 17:08:24,live.lemde.fr
2014-02-21 17:08:32,pixel.alephd.com
2014-02-21 17:08:32,s2.lemde.fr
2014-02-21 17:08:35,live.lemde.fr
2014-02-21 17:08:44,pixel.alephd.com
2014-02-21 17:08:44,s1.lemde.fr
2014-02-21 17:08:48,live.lemde.fr
2014-02-21 17:08:59,pixel.alephd.com
2014-02-21 17:08:59,s2.lemde.fr
2014-02-21 17:08:59,live.lemde.fr
2014-02-21 17:09:00,s2.lemde.fr
2014-02-21 17:09:00,live.lemde.fr
2014-02-21 17:09:00,pixel.alephd.com
2014-02-21 17:09:11,live.lemde.fr
2014-02-21 17:09:19,s1.lemde.fr
2014-02-21 17:09:19,pixel.alephd.com
2014-02-21 17:09:24,live.lemde.fr
2014-02-21 17:09:28,pixel.alephd.com
2014-02-21 17:09:29,pixel.alephd.com
2014-02-21 17:09:29,s2.lemde.fr
2014-02-21 17:09:35,live.lemde.fr
2014-02-21 17:09:43,pixel.alephd.com
2014-02-21 17:09:44,pixel.alephd.com
2014-02-21 17:09:47,live.lemde.fr
2014-02-21 17:09:48,live.lemde.fr
2014-02-21 17:09:52,pixel.alephd.com
2014-02-21 17:09:59,live.lemde.fr
2014-02-21 17:10:00,live.lemde.fr
2014-02-21 17:10:04,ftn.fortuneo.fr
2014-02-21 17:10:12,live.lemde.fr
2014-02-21 17:10:23,ftn.fortuneo.fr
2014-02-21 17:10:24,live.lemde.fr
2014-02-21 17:10:36,live.lemde.fr
2014-02-21 17:10:48,live.lemde.fr
2014-02-21 17:11:00,live.lemde.fr
2014-02-21 17:11:11,live.lemde.fr
2014-02-21 17:11:24,live.lemde.fr
2014-02-21 17:11:35,live.lemde.fr
2014-02-21 17:11:48,live.lemde.fr
2014-02-21 17:11:59,live.lemde.fr
2014-02-21 17:12:00,live.lemde.fr
2014-02-21 17:12:12,live.lemde.fr
2014-02-21 17:12:24,live.lemde.fr
2014-02-21 17:12:35,live.lemde.fr
2014-02-21 17:12:47,live.lemde.fr
2014-02-21 17:13:00,live.lemde.fr
2014-02-21 17:13:11,live.lemde.fr
2014-02-21 17:13:23,live.lemde.fr
2014-02-21 17:13:24,live.lemde.fr
2014-02-21 17:13:36,live.lemde.fr
2014-02-21 17:13:47,live.lemde.fr
2014-02-21 17:14:00,live.lemde.fr
2014-02-21 17:14:12,live.lemde.fr
2014-02-21 17:14:24,live.lemde.fr
2014-02-21 17:14:35,live.lemde.fr
2014-02-21 17:14:47,live.lemde.fr
2014-02-21 17:14:59,live.lemde.fr
2014-02-21 17:15:00,live.lemde.fr
2014-02-21 17:15:12,live.lemde.fr
2014-02-21 17:15:24,live.lemde.fr
2014-02-21 17:15:36,live.lemde.fr
2014-02-21 17:15:48,live.lemde.fr
2014-02-21 17:16:00,live.lemde.fr
2014-02-21 17:16:12,live.lemde.fr
2014-02-21 17:16:24,live.lemde.fr
2014-02-21 17:16:36,live.lemde.fr
2014-02-21 17:16:48,live.lemde.fr
2014-02-21 17:17:00,live.lemde.fr
2014-02-21 17:17:12,live.lemde.fr
2014-02-21 17:17:24,live.lemde.fr
2014-02-21 17:17:36,live.lemde.fr
2014-02-21 17:17:48,live.lemde.fr
2014-02-21 17:18:00,live.lemde.fr
2014-02-21 17:18:12,live.lemde.fr
2014-02-21 17:18:24,live.lemde.fr
2014-02-21 17:18:36,live.lemde.fr
2014-02-21 17:18:48,live.lemde.fr
2014-02-21 17:18:59,live.lemde.fr
2014-02-21 17:19:11,live.lemde.fr
2014-02-21 17:19:24,live.lemde.fr
2014-02-21 17:19:35,live.lemde.fr
2014-02-21 17:19:48,live.lemde.fr
2014-02-21 17:19:59,live.lemde.fr
2014-02-21 17:20:12,live.lemde.fr
2014-04-04 09:50:53,www.google.fr
2014-04-04 09:51:20,www.google.fr
2014-04-04 09:51:24,www.google.fr
2014-04-04 09:51:25,apis.google.com
2014-04-04 09:51:27,www.google.com
2014-04-04 09:51:34,www.google.com
2014-04-04 09:51:41,translate.google.fr
2014-04-04 09:51:42,www.google.fr
2014-04-04 09:51:49,www.google.fr
2014-04-04 09:53:56,translate.google.fr
2014-04-04 09:53:56,www.google.com
2014-04-04 09:53:56,www.google.fr
2014-04-04 09:53:56,apis.google.com
2014-04-04 09:54:02,ieonline.microsoft.com
2014-04-04 09:58:02,translate.google.fr
2014-04-04 10:04:19,translate.google.fr
2014-04-04 10:07:03,translate.google.fr
2014-04-04 10:09:35,translate.google.fr
2014-04-04 10:10:08,accounts.google.com
2014-04-04 10:10:10,accounts.google.com
2014-04-04 10:10:13,accounts.youtube.com
2014-04-04 10:10:39,accounts.google.fr
2014-04-04 10:10:40,www.google.com
2014-04-04 10:10:40,inputtools.google.com
2014-04-04 10:10:44,plus.google.com
2014-04-04 10:10:57,accounts.google.com
2014-04-04 10:11:00,accounts.youtube.com
2014-04-04 10:11:00,drive.google.com
2014-04-04 10:11:01,drive.google.com
2014-04-04 10:11:01,accounts.google.fr
2014-04-04 10:11:01,translate.google.fr
2014-04-04 10:11:01,inputtools.google.com
2014-04-04 10:11:01,plus.google.com
2014-04-04 10:11:01,apis.google.com
2014-04-04 10:11:01,www.google.com
2014-04-04 10:11:04,0.drive.google.com
2014-04-04 10:11:05,0.drive.google.com
2014-04-04 10:11:06,drive.google.com
2014-04-04 10:11:07,plus.google.com
2014-04-04 10:11:07,drive.google.com
2014-04-04 10:11:07,docs.google.com
2014-04-04 10:11:08,drive.google.com
2014-04-04 10:11:08,docs.google.com
2014-04-04 10:11:19,docs.google.com
2014-04-04 10:11:22,docs.google.com
2014-04-04 10:11:23,docs.google.com
2014-04-04 10:11:23,apis.google.com
2014-04-04 10:11:24,apis.google.com
2014-04-04 10:11:24,www.google.com
2014-04-04 10:11:25,0.docs.google.com
2014-04-04 10:11:26,0.docs.google.com
2014-04-04 10:11:26,accounts.google.com
2014-04-04 10:12:01,docs.google.com
2014-04-04 10:12:04,gg.google.com
2014-04-04 10:15:08,docs.google.com
2014-04-04 10:15:08,drive.google.com
2014-04-04 10:15:22,drive.google.com
2014-04-04 10:15:24,www.google.com
2014-04-04 10:15:27,accounts.google.com
2014-04-04 10:16:04,gg.google.com
2014-04-04 10:16:22,docs.google.com
2014-04-04 10:21:01,drive.google.com
2014-04-04 10:23:05,www.google.fr
2014-04-04 10:23:05,0.drive.google.com
2014-04-04 10:23:05,plus.google.com
2014-04-04 10:23:05,drive.google.com
2014-04-04 10:23:10,0.docs.google.com
2014-04-04 10:23:16,0.docs.google.com
2014-04-04 10:23:17,accounts.google.fr
2014-04-04 10:23:17,www.google.com
2014-04-04 10:23:17,www.google.fr
2014-04-04 10:23:17,drive.google.com
2014-04-04 10:23:27,0.docs.google.com
2014-04-04 10:24:32,0.docs.google.com
2014-04-04 10:25:16,0.docs.google.com
2014-04-04 10:25:40,www.google.fr
2014-04-04 10:25:40,accounts.youtube.com
2014-04-04 10:25:40,www.google.com
2014-04-04 10:25:40,accounts.google.com
2014-04-04 10:25:40,translate.google.fr
2014-04-04 10:25:40,inputtools.google.com
2014-04-04 10:26:03,0.docs.google.com
2014-04-04 10:26:53,0.docs.google.com
2014-04-04 10:27:42,0.docs.google.com
2014-04-04 10:28:49,translate.google.fr
2014-04-04 10:29:11,0.docs.google.com
2014-04-04 10:29:53,0.docs.google.com
2014-04-04 10:31:17,0.docs.google.com
2014-04-04 10:31:41,translate.google.fr
2014-04-04 10:32:01,0.docs.google.com
2014-04-04 10:32:51,0.docs.google.com
2014-04-04 10:33:37,0.docs.google.com
2014-04-04 10:33:46,translate.google.fr
2014-04-04 10:34:04,docs.google.com
2014-04-04 10:34:16,0.docs.google.com
2014-04-04 10:34:59,0.docs.google.com
2014-04-04 10:35:42,0.docs.google.com
2014-04-04 10:36:04,translate.google.fr
2014-04-04 10:36:33,0.docs.google.com
2014-04-04 10:37:15,0.docs.google.com
2014-04-04 10:38:04,docs.google.com
2014-04-04 10:38:05,0.docs.google.com
2014-04-04 10:38:53,0.docs.google.com
2014-04-04 10:40:20,0.docs.google.com
2014-04-04 10:40:29,translate.google.fr
2014-04-04 10:41:08,0.docs.google.com
2014-04-04 10:41:58,0.docs.google.com
2014-04-04 10:42:35,translate.google.fr
2014-04-04 10:42:46,0.docs.google.com
2014-04-04 10:43:37,0.docs.google.com
2014-04-04 10:44:17,0.docs.google.com
2014-04-04 10:45:04,0.docs.google.com
2014-04-04 10:45:44,0.docs.google.com
2014-04-04 10:46:33,0.docs.google.com
2014-04-04 10:47:08,translate.google.fr
2014-04-04 10:47:18,0.docs.google.com
2014-04-04 10:48:02,0.docs.google.com
2014-04-04 10:48:05,docs.google.com
2014-04-04 10:48:51,0.docs.google.com
2014-04-04 10:49:39,0.docs.google.com
2014-04-04 10:50:20,0.docs.google.com
2014-04-04 10:51:05,0.docs.google.com
2014-04-04 10:51:48,0.docs.google.com
2014-04-04 10:53:15,www.google.com
2014-04-04 10:53:15,www.google.fr
2014-04-04 10:53:17,clients1.google.fr
2014-04-04 10:53:18,www.google.fr
2014-04-04 10:53:18,clients1.google.fr
2014-04-04 10:53:19,clients1.google.fr
2014-04-04 10:53:20,0.docs.google.com
2014-04-04 10:53:22,www.google.fr
2014-04-04 10:53:34,www.google.fr
2014-04-04 10:53:34,clients1.google.fr
2014-04-04 10:53:35,www.google.fr
2014-04-04 10:53:37,www.google.fr
2014-04-04 10:53:45,www.google.fr
2014-04-04 10:53:45,clients1.google.fr
2014-04-04 10:53:54,www.google.fr
2014-04-04 10:53:54,clients1.google.fr
2014-04-04 10:54:00,www.google.fr
2014-04-04 10:54:04,0.docs.google.com
2014-04-04 10:54:16,www.google.fr
2014-04-04 10:54:16,clients1.google.fr
2014-04-04 10:54:29,www.google.fr
2014-04-04 10:54:53,0.docs.google.com
2014-04-04 10:55:31,0.docs.google.com
2014-04-04 10:55:47,www.google.fr
2014-04-04 10:55:48,internetdreams.com
2014-04-04 10:55:48,www.google.fr
2014-04-04 10:55:49,internetdreams.com
2014-04-04 10:55:49,www.google.fr
2014-04-04 10:55:50,platform.linkedin.com
2014-04-04 10:55:50,ajax.googleapis.com
2014-04-04 10:55:50,connect.facebook.net
2014-04-04 10:55:50,platform.twitter.com
2014-04-04 10:55:50,internetdreams.com
2014-04-04 10:55:50,static.bufferapp.com
2014-04-04 10:55:57,internetdreams.com
2014-04-04 10:55:57,platform.twitter.com
2014-04-04 10:55:57,0.gravatar.com
2014-04-04 10:55:57,s0.wp.com
2014-04-04 10:55:57,platform.linkedin.com
2014-04-04 10:55:57,1.gravatar.com
2014-04-04 10:55:58,internetdreams.com
2014-04-04 10:55:58,www.facebook.com
2014-04-04 10:55:58,www.linkedin.com
2014-04-04 10:55:58,platform.twitter.com
2014-04-04 10:55:58,static.ak.facebook.com
2014-04-04 10:55:58,1.gravatar.com
2014-04-04 10:55:59,internetdreams.com
2014-04-04 10:56:03,assets.pinterest.com
2014-04-04 10:56:03,widgets.pinterest.com
2014-04-04 10:56:19,0.docs.google.com
2014-04-04 10:56:28,internetdreams.com
2014-04-04 10:56:29,internetdreams.com
2014-04-04 10:57:59,0.docs.google.com
2014-04-04 10:58:41,0.docs.google.com
2014-04-04 10:59:04,platform.twitter.com
2014-04-04 10:59:29,0.docs.google.com
2014-04-04 11:00:13,0.docs.google.com
2014-04-04 11:01:11,www.linkedin.com
2014-04-04 11:01:11,0.docs.google.com
2014-04-04 11:01:11,docs.google.com
2014-04-04 11:01:11,www.google.com
