timestamp,site
2014-01-16 10:57:41,go.microsoft.com
2014-01-16 10:57:41,www.iegallery.com
2014-01-16 10:57:42,www.iegallery.com
2014-01-16 10:57:43,www.iegallery.com
2014-01-16 10:57:44,www.iegallery.com
2014-01-16 10:57:46,www.bing.com
2014-01-16 10:57:46,ieonline.microsoft.com
2014-02-04 12:13:21,www.google.fr
2014-02-04 12:13:22,www.google.fr
2014-02-04 12:13:22,clients1.google.fr
2014-02-04 12:13:24,clients1.google.fr
2014-02-04 12:13:25,clients1.google.fr
2014-02-04 12:13:26,www.google.fr
2014-02-04 12:13:26,clients1.google.fr
2014-02-04 12:13:27,www.google.fr
2014-02-04 12:14:18,addons.foxitsoftware.com
2014-02-04 12:42:34,www.google.fr
2014-02-04 12:42:35,clients1.google.fr
2014-02-04 12:42:36,clients1.google.fr
2014-02-04 12:42:37,clients1.google.fr
2014-02-04 12:42:38,clients1.google.fr
2014-02-04 12:42:40,clients1.google.fr
2014-02-04 12:42:42,clients1.google.fr
2014-02-04 12:42:43,clients1.google.fr
2014-02-04 12:42:46,www.google.fr
2014-02-04 12:42:46,img.youtube.com
2014-02-04 12:42:46,clients1.google.fr
2014-02-04 12:42:54,office.microsoft.com
2014-02-04 12:42:54,www.google.fr
2014-02-04 12:42:55,office.microsoft.com
2014-02-04 12:42:56,office.microsoft.com
2014-02-04 12:42:57,c.msn.com
2014-02-04 12:42:57,js.microsoft.com
2014-02-04 12:42:57,office.microsoft.com
2014-02-04 12:42:58,js.microsoft.com
2014-02-04 12:43:32,clients1.google.fr
2014-02-04 12:43:35,clients1.google.fr
2014-02-04 12:43:36,clients1.google.fr
2014-02-04 12:43:37,clients1.google.fr
2014-02-04 12:43:37,www.google.fr
2014-02-04 12:43:37,img.youtube.com
2014-02-04 12:43:39,www.google.fr
2014-02-04 12:43:40,ba.commentcamarche.net
2014-02-04 12:43:40,static.ccm2.net
2014-02-04 12:43:40,html5shim.googlecode.com
2014-02-04 12:43:40,www.commentcamarche.net
2014-02-04 12:43:41,ba.ccmbg.net
2014-02-04 12:43:41,static.ccm2.net
2014-02-04 12:43:41,ba.commentcamarche.net
2014-02-04 12:43:41,kh6qrx0f8h.s.ad6media.fr
2014-02-04 12:43:42,www.facebook.com
2014-02-04 12:43:42,platform.twitter.com
2014-02-04 12:43:42,static.ccm2.net
2014-02-04 12:43:42,fpdownload2.macromedia.com
2014-02-04 12:43:42,ba.commentcamarche.net
2014-02-04 12:43:43,r.ccmbg.com
2014-02-04 12:43:43,static.ccm2.net
2014-02-04 12:43:43,ajax.googleapis.com
2014-02-04 12:43:43,twitter.com
2014-02-04 12:43:44,connect.facebook.net
2014-02-04 12:43:44,www.facebook.com
2014-02-04 12:43:44,static.ccm2.net
2014-02-04 12:43:44,www.commentcamarche.net
2014-02-04 12:43:44,static.ak.facebook.com
2014-02-04 12:43:44,ba.commentcamarche.net
2014-02-04 12:43:44,static.ccmbg.com
2014-02-04 12:43:44,platform.twitter.com
2014-02-04 12:43:44,twitter.com
2014-02-04 12:43:44,s-static.ak.facebook.com
2014-02-04 12:43:45,twitter.com
2014-02-04 12:43:45,www.commentcamarche.net
2014-02-04 12:43:45,www.facebook.com
2014-02-04 12:43:45,static.ccm2.net
2014-02-04 12:43:45,static.ak.facebook.com
2014-02-04 12:43:48,static.ccm2.net
2014-02-04 12:44:48,www.facebook.com
2014-02-26 12:14:20,ieonline.microsoft.com
2014-02-26 12:14:23,www.google.com
2014-02-26 12:14:56,www.google.fr
2014-02-26 12:14:59,www.google.fr
2014-02-26 12:15:01,www.google.com
2014-02-26 12:15:02,apis.google.com
2014-02-26 12:15:10,www.google.com
2014-02-26 12:15:10,www.google.fr
2014-02-26 12:15:11,www.google.fr
2014-02-26 12:15:11,apis.google.com
2014-02-26 12:15:11,www.commentcamarche.net
2014-02-26 12:15:11,ba.commentcamarche.net
2014-02-26 12:15:11,static.commentcamarche.net
2014-02-26 12:15:11,static.ccm2.net
2014-02-26 12:15:11,r.ccm2.net
2014-02-26 12:15:12,static.commentcamarche.net
2014-02-26 12:15:12,ba.commentcamarche.net
2014-02-26 12:15:12,www.facebook.com
2014-02-26 12:15:12,platform.twitter.com
2014-02-26 12:15:12,static.ccm2.net
2014-02-26 12:15:13,p.ccmbg.com
2014-02-26 12:15:13,www.facebook.com
2014-02-26 12:15:13,static.ccm2.net
2014-02-26 12:15:13,ajax.googleapis.com
2014-02-26 12:15:14,player.ooyala.com
2014-02-26 12:15:14,apis.google.com
2014-02-26 12:15:14,ajax.googleapis.com
2014-02-26 12:15:15,apis.google.com
2014-02-26 12:15:16,static.ccm2.net
2014-02-26 12:15:16,www.facebook.com
2014-02-26 12:15:16,twitter.com
2014-02-26 12:15:16,player.ooyala.com
2014-02-26 12:15:17,twitter.com
2014-02-26 12:15:17,player.ooyala.com
2014-02-26 12:15:17,accounts.google.com
2014-02-26 12:15:19,player.ooyala.com
2014-02-26 12:15:19,apis.google.com
2014-02-26 12:15:19,twitter.com
2014-02-26 12:15:20,connect.facebook.net
2014-02-26 12:15:21,s-static.ak.facebook.com
2014-02-26 12:15:21,static.ak.facebook.com
2014-02-26 12:15:22,apis.google.com
2014-02-26 12:15:22,cdn-api.ooyala.com
2014-02-26 12:15:22,fpdownload2.macromedia.com
2014-02-26 12:15:22,player.ooyala.com
2014-02-26 12:15:22,pixel.alephd.com
2014-02-26 12:15:22,accounts.google.com
2014-02-26 12:15:23,static.ccmbg.com
2014-02-26 12:15:23,ba.commentcamarche.net
2014-02-26 12:15:23,static.ccm2.net
2014-02-26 12:15:23,platform.twitter.com
2014-02-26 12:15:23,www.facebook.com
2014-02-26 12:15:23,www.commentcamarche.net
2014-02-26 12:15:24,opf.ooyala.com
2014-02-26 12:15:24,ak.c.ooyala.com
2014-02-26 12:15:24,player.ooyala.com
2014-02-26 12:15:24,r.ccmbg.com
2014-02-26 12:15:24,static.ccmbg.com
2014-02-26 12:15:24,l.ooyala.com
2014-02-26 12:15:25,l.ooyala.com
2014-02-26 12:15:25,player.ooyala.com
2014-02-26 12:15:25,www.facebook.com
2014-02-26 12:15:26,twitter.com
2014-02-26 12:15:26,ec.c.ooyala.com
2014-02-26 12:15:26,ak.c.ooyala.com
2014-02-26 12:15:26,l.ooyala.com
2014-02-26 12:15:26,opf.ooyala.com
2014-02-26 12:15:26,static.ccmbg.com
2014-02-26 12:15:26,player.ooyala.com
2014-02-26 12:15:27,ec.c.ooyala.com
2014-02-26 12:15:27,l.ooyala.com
2014-02-26 12:15:28,ak.c.ooyala.com
2014-02-26 12:15:28,www.commentcamarche.net
2014-02-26 12:15:29,www.facebook.com
2014-02-26 12:15:31,pings.conviva.com
2014-02-26 12:15:31,vast.bp3854592.btrll.com
2014-02-26 12:15:32,pings.conviva.com
2014-02-26 12:15:32,vast.bp3854592.btrll.com
2014-02-26 12:15:33,pings.conviva.com
2014-02-26 12:15:35,player.ooyala.com
2014-02-26 12:15:36,liverail.api.peer39.net
2014-02-26 12:15:37,l.ooyala.com
2014-02-26 12:16:19,ieonline.microsoft.com
2014-02-26 12:16:19,go.microsoft.com
2014-02-26 12:17:55,www.google.fr
2014-02-26 12:17:59,www.google.fr
2014-02-26 12:18:11,obligement.free.fr
2014-02-26 12:18:11,www.google.fr
2014-02-26 12:18:12,www.google.fr
2014-02-26 12:18:13,obligement.free.fr
2014-02-26 12:18:13,www.google.fr
2014-02-26 12:18:28,www.google.fr
2014-02-26 12:18:28,obligement.free.fr
2014-02-26 12:18:29,obligement.free.fr
2014-02-26 12:18:33,www.google.fr
2014-02-26 12:18:34,www.google.fr
2014-02-26 12:18:34,www.kali-linux.fr
2014-02-26 12:18:35,www.kali-linux.fr
2014-02-26 12:18:36,kalilinuxfr.disqus.com
2014-02-26 12:18:36,www.kali-linux.fr
2014-02-26 12:18:36,go.disqus.com
2014-02-26 12:18:37,accounts.google.com
2014-02-26 12:18:37,disqus.com
2014-02-26 12:18:37,apis.google.com
2014-02-26 12:18:38,accounts.google.com
2014-02-26 12:18:38,apis.google.com
2014-02-26 12:18:38,www.google.com
2014-02-26 12:18:39,disqus.com
2014-02-26 12:18:40,disqus.com
2014-02-26 12:18:43,www.kali-linux.fr
2014-02-26 12:18:43,www.google.fr
2014-02-26 12:18:44,go.disqus.com
2014-02-26 12:18:47,disqus.com
2014-02-26 12:18:47,apis.google.com
2014-02-26 12:18:47,www.kali-linux.fr
2014-02-26 12:18:49,www.kali-linux.fr
2014-02-26 12:19:26,static.ccm2.net
2014-02-26 12:19:26,www.commentcamarche.net
2014-02-26 12:19:26,www.facebook.com
2014-02-26 12:19:26,www.google.fr
2014-02-26 12:19:26,ba.commentcamarche.net
2014-02-26 12:19:27,images.orangepublicite.fr
2014-02-26 12:19:27,www.facebook.com
2014-02-26 12:19:27,p.ccmbg.com
2014-02-26 12:19:27,pixel.alephd.com
2014-02-26 12:19:28,player.ooyala.com
2014-02-26 12:19:28,www.facebook.com
2014-02-26 12:19:28,apis.google.com
2014-02-26 12:19:29,apis.google.com
2014-02-26 12:19:29,twitter.com
2014-02-26 12:19:29,player.ooyala.com
2014-02-26 12:19:30,twitter.com
2014-02-26 12:19:30,cdn-api.ooyala.com
2014-02-26 12:19:30,player.ooyala.com
2014-02-26 12:19:31,images.orangepublicite.fr
2014-02-26 12:19:31,pixel.alephd.com
2014-02-26 12:19:31,ak.c.ooyala.com
2014-02-26 12:19:31,player.ooyala.com
2014-02-26 12:19:32,twitter.com
2014-02-26 12:19:33,static.ak.facebook.com
2014-02-26 12:19:33,l.ooyala.com
2014-02-26 12:19:33,pixel.alephd.com
2014-02-26 12:19:33,mm.eulerian.net
2014-02-26 12:19:33,s-static.ak.facebook.com
2014-02-26 12:19:34,twitter.com
2014-02-26 12:19:34,pings.conviva.com
2014-02-26 12:19:34,static.ccm2.net
2014-02-26 12:19:34,www.facebook.com
2014-02-26 12:19:34,its.tradelab.fr
2014-02-26 12:19:35,pings.conviva.com
2014-02-26 12:19:35,www.facebook.com
2014-02-26 12:19:35,l.ooyala.com
2014-02-26 12:19:37,vast.bp3854592.btrll.com
2014-02-26 12:19:38,its.tradelab.fr
2014-02-26 12:19:54,www.google.fr
2014-02-26 12:19:54,www.google.com
2014-02-26 12:19:56,www.google.com
2014-02-26 12:19:57,apis.google.com
2014-02-26 12:20:03,www.google.fr
2014-02-26 12:20:04,www.google.fr
2014-02-26 12:20:04,apis.google.com
2014-02-26 12:20:04,www.google.com
2014-02-26 12:22:31,www.google.fr
2014-02-26 12:22:31,www.google.com
2014-02-26 12:22:33,apis.google.com
2014-02-26 12:22:33,www.google.com
2014-02-26 12:22:41,www.coca-cola.fr
2014-02-26 12:22:42,www.coca-cola.fr
2014-02-26 12:22:43,www.coca-cola.fr
2014-02-26 12:22:44,www.google.fr
2014-02-26 12:22:44,www.coca-cola.fr
2014-02-26 12:22:44,www.google.com
2014-02-26 12:22:44,apis.google.com
2014-02-26 12:22:45,www.coca-cola.fr
2014-02-26 12:22:46,pbs.twimg.com
2014-02-26 12:22:46,www.coca-cola.fr
2014-02-26 12:22:47,www.coca-cola.fr
2014-02-26 12:22:48,pbs.twimg.com
2014-02-26 12:22:48,www.coca-cola.fr
2014-02-26 12:22:49,pbs.twimg.com
2014-02-26 12:22:49,www.coca-cola.fr
2014-02-26 12:22:50,connect.facebook.net
2014-02-26 12:22:50,www.coca-cola.fr
2014-02-26 12:22:51,www.coca-cola.fr
2014-02-26 12:22:52,connect.facebook.net
2014-02-26 12:22:52,s-static.ak.facebook.com
2014-02-26 12:22:52,www.coca-cola.fr
2014-02-26 12:22:53,www.facebook.com
2014-02-26 12:22:56,www.coca-cola.fr
2014-02-26 12:22:57,www.coca-cola.fr
2014-02-26 12:22:58,www.coca-cola.fr
2014-02-26 12:25:12,ajax.googleapis.com
2014-02-26 12:25:12,www.coca-cola-entreprise.fr
2014-02-26 12:25:12,www.google.fr
2014-02-26 12:25:13,crs.akamai.com
2014-02-26 12:25:13,www.coca-cola-entreprise.fr
2014-02-26 12:25:13,ajax.googleapis.com
2014-02-26 12:25:14,www.coca-cola-entreprise.fr
2014-02-26 12:25:15,www.coca-cola-entreprise.fr
2014-02-26 12:25:19,www.coca-cola-entreprise.fr
2014-02-26 12:27:17,careers.cokecce.com
2014-02-26 12:27:22,admin.brightcove.com
2014-02-26 12:27:22,careers.cokecce.com
2014-02-26 12:27:22,ajax.googleapis.com
2014-02-26 12:27:23,www.google.com
2014-02-26 12:27:23,careers.cokecce.com
2014-02-26 12:27:24,careers.cokecce.com
2014-02-26 12:27:25,careers.cokecce.com
2014-02-26 12:27:25,www.google.fr
2014-02-26 12:27:25,www.google.com
2014-02-26 12:30:19,www.google.fr
2014-02-26 12:30:19,www.google.com
2014-02-26 12:31:32,www.google.fr
2014-02-26 12:32:07,careers.cokecce.com
2014-02-26 12:32:10,www.google.fr
2014-02-26 12:32:11,sodastream.keyline.eu
2014-02-26 12:32:11,www.sodastream.fr
2014-02-26 12:32:11,assets.pinterest.com
2014-02-26 12:32:12,d1cd286ao1rlpz.cloudfront.net
2014-02-26 12:32:12,www.youtube.com
2014-02-26 12:32:12,www.facebook.com
2014-02-26 12:32:12,www.sodastream.fr
2014-02-26 12:32:12,platform.twitter.com
2014-02-26 12:32:12,apis.google.com
2014-02-26 12:32:13,assets.pinterest.com
2014-02-26 12:32:13,widgets.pinterest.com
2014-02-26 12:32:13,d3ha4cali75zme.cloudfront.net
2014-02-26 12:32:13,s.ytimg.com
2014-02-26 12:32:13,www.sodastream.fr
2014-02-26 12:32:13,apis.google.com
2014-02-26 12:32:14,www.google.com
2014-02-26 12:32:14,passets.pinterest.com
2014-02-26 12:32:14,apis.google.com
2014-02-26 12:32:15,twitter.com
2014-02-26 12:32:15,accounts.google.com
2014-02-26 12:32:15,www.sodastream.fr
2014-02-26 12:32:15,apis.google.com
2014-02-26 12:32:15,s.ytimg.com
2014-02-26 12:32:17,accounts.google.com
2014-02-26 12:32:17,twitter.com
2014-02-26 12:32:17,www.facebook.com
2014-02-26 12:32:17,ce.lijit.com
2014-02-26 12:32:17,admaym.com
2014-02-26 12:32:17,cs.specificclick.net
2014-02-26 12:32:17,www.sodastream.fr
2014-02-26 12:32:18,y.one.impact-ad.jp
2014-02-26 12:32:18,www.facebook.com
2014-02-26 12:32:18,s.kau.li
2014-02-26 12:32:30,www.sodastream.fr
2014-02-26 12:32:43,www.latribune.fr
2014-02-26 12:32:43,www.google.fr
2014-02-26 12:32:44,static.latribune.fr
2014-02-26 12:32:45,s-static.ak.facebook.com
2014-02-26 12:32:45,static.ak.facebook.com
2014-02-26 12:32:45,connect.facebook.net
2014-02-26 12:32:45,static.latribune.fr
2014-02-26 12:32:46,www.youtube.com
2014-02-26 12:32:46,franchise.latribune.fr
2014-02-26 12:32:46,apis.google.com
2014-02-26 12:32:46,static.latribune.fr
2014-02-26 12:32:46,www.ultimedia.com
2014-02-26 12:32:47,videosfr.s3.amazonaws.com
2014-02-26 12:32:48,static.latribune.fr
2014-02-26 12:32:49,www.facebook.com
2014-02-26 12:32:49,static.latribune.fr
2014-02-26 12:32:52,franchise.latribune.fr
2014-02-26 12:32:52,premium.hi-mediaserver.com
2014-02-26 12:32:52,accounts.google.com
2014-02-26 12:32:52,apis.google.com
2014-02-26 12:32:53,static.latribune.fr
2014-02-26 12:32:53,franchise.latribune.fr
2014-02-26 12:32:53,premium.hi-mediaserver.com
2014-02-26 12:32:53,s.ytimg.com
2014-02-26 12:32:53,i1.ytimg.com
2014-02-26 12:32:54,i1.ytimg.com
2014-02-26 12:32:54,twitter.com
2014-02-26 12:32:55,ea.numericable.fr
2014-02-26 12:32:56,apnx-match.dotomi.com
2014-02-26 12:32:56,www.latribune.fr
2014-02-26 12:32:56,www.mae.fr
2014-02-26 12:32:57,dtm.williams-sonoma.com
2014-02-26 12:32:57,www.ultimedia.com
2014-02-26 12:32:57,adventori.com
2014-02-26 12:32:58,pixel2368.everesttech.net
2014-02-26 12:32:58,um.simpli.fi
2014-02-26 12:34:34,www.google.fr
2014-02-26 12:34:34,pixel2368.everesttech.net
2014-02-26 12:35:09,www.youtube.com
2014-02-26 12:35:09,s.ytimg.com
2014-02-26 12:35:09,i1.ytimg.com
2014-02-26 12:35:10,s.ytimg.com
2014-02-26 12:35:10,i1.ytimg.com
2014-02-26 12:35:11,s.ytimg.com
2014-02-26 12:35:12,i1.ytimg.com
2014-02-26 12:35:13,apis.google.com
2014-02-26 12:35:13,i1.ytimg.com
2014-02-26 12:35:13,s.ytimg.com
2014-02-26 12:35:15,s.ytimg.com
2014-02-26 12:35:15,apis.google.com
2014-02-26 12:35:16,www.youtube.com
2014-02-26 12:35:16,yt3.ggpht.com
2014-02-26 12:35:17,i1.ytimg.com
2014-02-26 12:35:17,yt3.ggpht.com
2014-02-26 12:35:18,s.ytimg.com
2014-02-26 12:35:24,www.youtube.com
2014-02-26 12:35:24,r4---sn-gxo5uxg-jqbe.googlevideo.com
2014-02-26 12:35:24,yt3.ggpht.com
2014-02-26 12:35:24,www.youtube-nocookie.com
2014-02-26 12:35:25,r4---sn-gxo5uxg-jqbe.googlevideo.com
2014-02-26 12:35:25,i1.ytimg.com
2014-02-26 12:35:25,s.ytimg.com
2014-02-26 12:35:25,www.youtube.com
2014-02-26 12:35:25,s.youtube.com
2014-02-26 12:35:25,www.google.com
2014-02-26 12:35:26,www.google.com
2014-02-26 12:35:26,s.ytimg.com
2014-02-26 12:35:26,i1.ytimg.com
2014-02-26 12:35:27,i1.ytimg.com
2014-02-26 12:35:27,s.ytimg.com
2014-02-26 12:35:27,www.youtube.com
2014-02-26 12:35:28,gdata.youtube.com
2014-02-26 12:35:28,i1.ytimg.com
2014-02-26 12:35:28,www.youtube.com
2014-02-26 12:35:28,clients1.google.com
2014-02-26 12:35:28,apis.google.com
2014-02-26 12:35:28,plus.googleapis.com
2014-02-26 12:35:29,plus.googleapis.com
2014-02-26 12:35:31,gdata.youtube.com
2014-02-26 12:35:31,s.youtube.com
2014-02-26 12:35:31,i1.ytimg.com
2014-02-26 12:35:31,www.youtube.com
2014-02-26 12:35:31,r4---sn-gxo5uxg-jqbe.googlevideo.com
2014-02-26 12:35:32,www.youtube.com
2014-02-26 12:35:32,plus.googleapis.com
2014-02-26 12:35:34,r4---sn-gxo5uxg-jqbe.googlevideo.com
2014-02-26 12:35:35,s.youtube.com
2014-02-26 12:35:35,r4---sn-gxo5uxg-jqbe.googlevideo.com
2014-02-26 12:35:36,s.youtube.com
2014-02-26 12:35:38,r4---sn-gxo5uxg-jqbe.googlevideo.com
2014-02-26 12:35:38,www.youtube.com
2014-02-26 12:35:39,r4---sn-gxo5uxg-jqbe.googlevideo.com
2014-02-26 12:35:39,s.youtube.com
2014-02-26 12:35:40,s.youtube.com
2014-02-26 12:35:44,s.youtube.com
2014-02-26 12:35:46,s.youtube.com
2014-02-26 12:35:47,s.youtube.com
2014-02-26 12:35:48,s.youtube.com
2014-02-26 12:35:52,s.ytimg.com
2014-02-26 12:35:53,i1.ytimg.com
2014-02-26 12:35:55,i1.ytimg.com
2014-02-26 12:35:56,s.youtube.com
2014-02-26 12:35:57,s.youtube.com
2014-02-26 12:35:59,www.youtube.com
2014-02-26 12:36:07,s.youtube.com
2014-02-26 12:36:14,www.youtube.com
2014-02-26 12:36:17,i1.ytimg.com
2014-02-26 12:36:19,s.youtube.com
2014-02-26 12:36:21,s.youtube.com
2014-02-26 12:36:21,s.ytimg.com
2014-02-26 12:36:21,www.youtube.com
2014-02-26 12:36:23,i1.ytimg.com
2014-02-26 12:36:23,www.youtube.com
2014-02-26 12:36:24,i1.ytimg.com
2014-02-26 12:36:24,www.youtube.com
2014-02-26 12:36:24,s.ytimg.com
2014-02-26 12:36:25,www.youtube.com
2014-02-26 12:36:25,s.youtube.com
2014-02-26 12:36:27,i1.ytimg.com
2014-02-26 12:36:28,i1.ytimg.com
2014-02-26 12:36:35,i1.ytimg.com
2014-02-26 12:38:39,www.youtube.com
2014-02-26 12:38:39,i1.ytimg.com
2014-02-26 12:38:40,s.ytimg.com
2014-02-26 12:38:40,i1.ytimg.com
2014-02-26 12:38:41,i1.ytimg.com
2014-02-26 12:38:50,i1.ytimg.com
2014-02-26 12:38:50,yt3.ggpht.com
2014-02-26 12:38:51,i1.ytimg.com
2014-02-26 12:38:52,i1.ytimg.com
2014-02-26 12:38:53,yt3.ggpht.com
2014-02-26 12:38:53,i1.ytimg.com
2014-02-26 12:38:55,i1.ytimg.com
2014-02-26 12:39:11,i1.ytimg.com
2014-02-26 12:39:12,i1.ytimg.com
2014-02-26 12:39:13,i1.ytimg.com
2014-02-26 12:39:15,i1.ytimg.com
2014-02-26 12:39:16,i1.ytimg.com
2014-02-26 12:39:19,i1.ytimg.com
2014-02-26 12:39:21,i1.ytimg.com
2014-02-26 12:39:24,i1.ytimg.com
2014-02-26 12:39:26,i1.ytimg.com
2014-02-26 12:39:27,i1.ytimg.com
2014-02-26 12:39:31,i1.ytimg.com
2014-02-26 12:40:08,yt3.ggpht.com
2014-02-26 12:40:15,www.google.fr
2014-02-26 12:40:15,www.google.com
2014-02-26 12:40:35,www.google.fr
2014-02-26 12:40:35,tpecoca-coladefou.e-monsite.com
2014-02-26 12:40:36,shea.swelen.com
2014-02-26 12:40:36,s3.e-monsite.com
2014-02-26 12:40:36,www.google.fr
2014-02-26 12:40:36,tpecoca-coladefou.e-monsite.com
2014-02-26 12:40:36,static.e-monsite.com
2014-02-26 12:40:50,www.google.fr
2014-02-26 12:40:50,tpe-coca-cola-ac.e-monsite.com
2014-02-26 12:40:51,tpe-coca-cola-ac.e-monsite.com
2014-02-26 12:40:51,shea.swelen.com
2014-02-26 12:40:51,s2.e-monsite.com
2014-02-26 12:41:19,www.google.fr
2014-02-26 12:41:19,coca-cola.over-blog.fr
2014-02-26 12:41:19,fdata.over-blog.net
2014-02-26 12:41:19,img.over-blog.com
2014-02-26 12:41:19,idata.over-blog.com
2014-02-26 12:41:20,a398.idata.over-blog.com
2014-02-26 12:41:20,a395.idata.over-blog.com
2014-02-26 12:41:20,a400.idata.over-blog.com
2014-02-26 12:41:20,a397.idata.over-blog.com
2014-02-26 12:41:20,fdata.over-blog.net
2014-02-26 12:41:20,yui.yahooapis.com
2014-02-26 12:41:20,idata.over-blog.com
2014-02-26 12:41:20,img.over-blog.com
2014-02-26 12:41:21,fdata.over-blog.com
2014-02-26 12:41:21,a407.idata.over-blog.com
2014-02-26 12:41:21,a406.idata.over-blog.com
2014-02-26 12:41:21,a402.idata.over-blog.com
2014-02-26 12:41:21,a398.idata.over-blog.com
2014-02-26 12:41:21,a405.idata.over-blog.com
2014-02-26 12:41:21,a404.idata.over-blog.com
2014-02-26 12:41:21,a392.idata.over-blog.com
2014-02-26 12:41:21,a141.idata.over-blog.com
2014-02-26 12:41:21,a400.idata.over-blog.com
2014-02-26 12:41:21,a54.idata.over-blog.com
2014-02-26 12:41:22,www.audienceinsights.net
2014-02-26 12:41:22,www.anonymousdmp.com
2014-02-26 12:41:23,coca-cola.over-blog.fr
2014-02-26 12:41:23,img265.imageshack.us
2014-02-26 12:41:23,fdata.over-blog.com
2014-02-26 12:41:24,premium.hi-mediaserver.com
2014-02-26 12:41:24,www.eficiens-serving2.com
2014-02-26 12:41:25,premium.hi-mediaserver.com
2014-02-26 12:41:26,fdata.over-blog.com
2014-02-26 12:41:26,premium.hi-mediaserver.com
2014-02-26 12:41:26,fdata.over-blog.net
2014-02-26 12:41:27,it3yv1v73b.s.ad6media.fr
2014-02-26 12:41:28,static.ebz.io
2014-02-26 12:41:28,platform.linkedin.com
2014-02-26 12:41:28,connect.facebook.net
2014-02-26 12:41:28,fdata.over-blog.net
2014-02-26 12:41:28,fdata.over-blog.com
2014-02-26 12:41:29,platform.linkedin.com
2014-02-26 12:41:30,static.ak.facebook.com
2014-02-26 12:41:30,www.linkedin.com
2014-02-26 12:41:30,accounts.google.com
2014-02-26 12:41:30,apis.google.com
2014-02-26 12:41:31,apis.google.com
2014-02-26 12:41:31,s-static.ak.facebook.com
2014-02-26 12:41:31,twitter.com
2014-02-26 12:41:59,www.linkedin.com
2014-02-26 12:42:22,www.google.fr
2014-02-26 12:42:23,connect.facebook.net
2014-02-26 12:42:23,www.mcdonalds.com
2014-02-26 12:42:23,www.google.fr
2014-02-26 12:42:24,s-static.ak.facebook.com
2014-02-26 12:42:24,www.mcdonalds.com
2014-02-26 12:42:24,static.ak.facebook.com
2014-02-26 12:42:25,www1.mcdonalds.com
2014-02-26 12:42:26,www1.mcdonalds.com
2014-02-26 12:42:26,www.mcdonalds.com
2014-02-26 12:42:27,platform.twitter.com
2014-02-26 12:42:27,www.mcdonalds.com
2014-02-26 12:42:27,www.facebook.com
2014-02-26 12:42:35,www.google.fr
2014-02-26 12:42:36,www.leroutard.com
2014-02-26 12:42:36,www.routard.com
2014-02-26 12:42:36,twitter.com
2014-02-26 12:42:36,www.google.fr
2014-02-26 12:42:36,ajax.googleapis.com
2014-02-26 12:42:37,www.facebook.com
2014-02-26 12:42:37,www.leroutard.com
2014-02-26 12:42:37,ajax.googleapis.com
2014-02-26 12:42:38,www.routard.com
2014-02-26 12:42:38,www.leroutard.com
2014-02-26 12:42:38,s-static.ak.facebook.com
2014-02-26 12:42:38,static.ak.facebook.com
2014-02-26 12:42:43,video.premiere.fr
2014-02-26 12:42:43,www.routard.com
2014-02-26 12:42:44,www.facebook.com
2014-02-26 12:42:45,apis.google.com
2014-02-26 12:42:45,www.routard.com
2014-02-26 12:42:46,static.ebz.io
2014-02-26 12:42:46,apis.google.com
2014-02-26 12:42:46,accounts.google.com
2014-02-26 12:42:46,twitter.com
2014-02-26 12:42:51,static.ebz.io
2014-02-26 12:43:12,www.google.fr
2014-02-26 12:43:13,www.google.fr
2014-02-26 12:43:14,www.google.fr
2014-02-26 12:43:14,nycalternatif.com
2014-02-26 12:43:14,s0.wp.com
2014-02-26 12:43:14,s2.wp.com
2014-02-26 12:43:14,r-login.wordpress.com
2014-02-26 12:43:15,s0.wp.com
2014-02-26 12:43:15,0.gravatar.com
2014-02-26 12:43:15,s2.wp.com
2014-02-26 12:43:15,guidenycalternatif.files.wordpress.com
2014-02-26 12:43:16,0.gravatar.com
2014-02-26 12:43:16,s2.wp.com
2014-02-26 12:43:16,guidenycalternatif.files.wordpress.com
2014-02-26 12:43:16,s1.wp.com
2014-02-26 12:43:17,2.gravatar.com
2014-02-26 12:43:17,0.gravatar.com
2014-02-26 12:43:17,s0.wp.com
2014-02-26 12:43:17,1.gravatar.com
2014-02-26 12:43:17,nycalternatif.com
2014-02-26 12:43:17,guidenycalternatif.files.wordpress.com
2014-02-26 12:43:18,1.gravatar.com
2014-02-26 12:43:19,www.blog-depannage-informatique.com
2014-02-26 12:43:19,s2.wp.com
2014-02-26 12:43:19,www.expat-blog.com
2014-02-26 12:43:19,guidenycalternatif.files.wordpress.com
2014-02-26 12:43:19,media.paperblog.fr
2014-02-26 12:43:20,s0.wp.com
2014-02-26 12:43:20,www.facebook.com
2014-02-26 12:43:20,widgets.wp.com
2014-02-26 12:43:20,api.facebook.com
2014-02-26 12:43:20,wpcomwidgets.com
2014-02-26 12:43:21,cdn-files.deezer.com
2014-02-26 12:43:21,widgets.wp.com
2014-02-26 12:43:21,s0.wp.com
2014-02-26 12:43:21,www.deezer.com
2014-02-26 12:43:22,widgets.wp.com
2014-02-26 12:43:22,cdn-files.deezer.com
2014-02-26 12:43:22,public-api.wordpress.com
2014-02-26 12:43:23,s0.wp.com
2014-02-26 12:43:23,www.deezer.com
2014-02-26 12:43:24,widgets.wp.com
2014-02-26 12:43:24,s0.wp.com
2014-02-26 12:43:25,widgets.wp.com
2014-02-26 12:43:25,0.gravatar.com
2014-02-26 12:43:25,s0.wp.com
2014-02-26 12:44:39,public-api.wordpress.com
2014-02-26 12:45:23,apis.google.com
2014-02-26 12:45:23,www.google.fr
2014-02-26 12:45:23,s0.wp.com
2014-02-26 12:45:23,accounts.google.com
2014-02-26 12:45:25,bits.wikimedia.org
2014-02-26 12:45:25,fr.wikipedia.org
2014-02-26 12:45:25,www.google.fr
2014-02-26 12:45:26,bits.wikimedia.org
2014-02-26 12:45:26,login.wikimedia.org
2014-02-26 12:45:27,bits.wikimedia.org
2014-02-26 12:45:27,meta.wikimedia.org
2014-02-26 12:45:28,fr.wikipedia.org
2014-02-26 12:45:28,meta.wikimedia.org
2014-02-26 12:45:29,bits.wikimedia.org
2014-02-26 12:46:17,www.feedburner.com
2014-02-26 12:46:17,www.buveurs.com
2014-02-26 12:46:17,www.google.fr
2014-02-26 12:46:18,www.hebdotop.com
2014-02-26 12:46:18,www.buveurs.com
2014-02-26 12:46:19,pub.secteurjeux.com
2014-02-26 12:59:20,www.google.fr
2014-02-26 12:59:27,www.google.fr
2014-02-26 12:59:29,www.google.com
2014-02-26 12:59:30,apis.google.com
2014-02-26 12:59:48,www.google.com
2014-02-26 12:59:48,www.google.fr
2014-02-26 12:59:49,www.coca-cola-entreprise.fr
2014-02-26 12:59:49,apis.google.com
2014-02-26 12:59:49,www.google.fr
2014-02-26 12:59:49,ajax.googleapis.com
2014-02-26 12:59:49,crs.akamai.com
2014-02-26 12:59:50,www.coca-cola-entreprise.fr
2014-02-26 12:59:50,ajax.googleapis.com
2014-02-26 12:59:53,www.coca-cola-entreprise.fr
2014-02-26 12:59:59,www.google.fr
2014-02-26 13:00:04,www.google.fr
2014-02-26 13:00:05,www.google.fr
2014-02-26 13:00:05,www.youtube.com
2014-02-26 13:00:05,s.ytimg.com
2014-02-26 13:00:05,i1.ytimg.com
2014-02-26 13:00:06,s.ytimg.com
2014-02-26 13:00:06,i1.ytimg.com
2014-02-26 13:00:07,i1.ytimg.com
2014-02-26 13:00:07,yt3.ggpht.com
2014-02-26 13:00:07,apis.google.com
2014-02-26 13:00:08,yt3.ggpht.com
2014-02-26 13:00:08,apis.google.com
2014-02-26 13:00:08,s.ytimg.com
2014-02-26 13:00:10,www.youtube.com
2014-02-26 13:00:10,i1.ytimg.com
2014-02-26 13:00:12,s.ytimg.com
2014-02-26 13:01:58,apis.google.com
2014-02-26 13:01:58,yt3.ggpht.com
2014-02-26 13:02:00,ieonline.microsoft.com
2014-02-26 13:03:02,i1.ytimg.com
2014-02-26 13:03:14,s.ytimg.com
2014-02-26 13:03:14,clients1.google.com
2014-02-26 13:03:17,i1.ytimg.com
2014-02-26 13:03:17,www.youtube.com
2014-02-26 13:03:18,yt3.ggpht.com
2014-02-26 13:03:18,s.ytimg.com
2014-02-26 13:03:18,i1.ytimg.com
2014-02-26 13:03:19,www.youtube.com
2014-02-26 13:03:19,yt3.ggpht.com
2014-02-26 13:03:19,s.ytimg.com
2014-02-26 13:03:20,yt3.ggpht.com
2014-02-26 13:03:20,www.youtube.com
2014-02-26 13:03:20,s.youtube.com
2014-02-26 13:03:20,r2---sn-gxo5uxg-jqbe.googlevideo.com
2014-02-26 13:03:20,i1.ytimg.com
2014-02-26 13:03:21,r2---sn-gxo5uxg-jqbe.googlevideo.com
2014-02-26 13:03:21,s.youtube.com
2014-02-26 13:03:23,s.youtube.com
2014-02-26 13:03:29,s.youtube.com
2014-02-26 13:03:30,s.youtube.com
2014-02-26 13:03:32,s.youtube.com
2014-02-26 13:03:33,www.youtube.com
2014-02-26 13:03:39,r2---sn-gxo5uxg-jqbe.googlevideo.com
2014-02-26 13:03:41,r2---sn-gxo5uxg-jqbe.googlevideo.com
2014-02-26 13:03:42,s.youtube.com
2014-02-26 13:03:54,r2---sn-gxo5uxg-jqbe.googlevideo.com
2014-02-26 13:03:59,s.youtube.com
2014-02-26 13:04:08,r2---sn-gxo5uxg-jqbe.googlevideo.com
2014-02-26 13:04:09,s.youtube.com
2014-02-26 13:04:11,s.youtube.com
2014-02-26 13:04:12,r2---sn-gxo5uxg-jqbe.googlevideo.com
2014-02-26 13:04:16,r2---sn-gxo5uxg-jqbe.googlevideo.com
2014-02-26 13:04:26,r2---sn-gxo5uxg-jqbe.googlevideo.com
2014-02-26 13:04:26,yt3.ggpht.com
2014-02-26 13:04:31,r2---sn-gxo5uxg-jqbe.googlevideo.com
2014-02-26 13:04:39,s.youtube.com
2014-02-26 13:04:44,r2---sn-gxo5uxg-jqbe.googlevideo.com
2014-02-26 13:04:46,r2---sn-gxo5uxg-jqbe.googlevideo.com
2014-02-26 13:04:51,s.youtube.com
2014-02-26 13:04:58,r2---sn-gxo5uxg-jqbe.googlevideo.com
2014-02-26 13:04:59,s.youtube.com
2014-02-26 13:04:59,r2---sn-gxo5uxg-jqbe.googlevideo.com
2014-02-26 13:05:00,r2---sn-gxo5uxg-jqbe.googlevideo.com
2014-02-26 13:05:06,r2---sn-gxo5uxg-jqbe.googlevideo.com
2014-02-26 13:05:19,r2---sn-gxo5uxg-jqbe.googlevideo.com
2014-02-26 13:05:20,s.youtube.com
2014-02-26 13:05:20,r2---sn-gxo5uxg-jqbe.googlevideo.com
2014-02-26 13:05:23,r2---sn-gxo5uxg-jqbe.googlevideo.com
2014-02-26 13:05:27,r2---sn-gxo5uxg-jqbe.googlevideo.com
2014-02-26 13:05:28,r2---sn-gxo5uxg-jqbe.googlevideo.com
2014-02-26 13:05:30,s.youtube.com
2014-02-26 13:05:31,s.youtube.com
2014-02-26 13:05:36,r2---sn-gxo5uxg-jqbe.googlevideo.com
2014-02-26 13:05:37,r2---sn-gxo5uxg-jqbe.googlevideo.com
2014-02-26 13:05:40,s.youtube.com
2014-02-26 13:05:48,www.youtube.com
2014-02-26 13:05:50,r4---sn-gxo5uxg-jqbe.googlevideo.com
2014-02-26 13:05:50,i1.ytimg.com
2014-02-26 13:05:50,s.ytimg.com
2014-02-26 13:05:50,www.youtube-nocookie.com
2014-02-26 13:05:50,yt3.ggpht.com
2014-02-26 13:05:51,www.google.com
2014-02-26 13:05:51,www.youtube.com
2014-02-26 13:05:51,i1.ytimg.com
2014-02-26 13:05:51,s.ytimg.com
2014-02-26 13:05:52,s.ytimg.com
2014-02-26 13:05:52,s.youtube.com
2014-02-26 13:05:53,apis.google.com
2014-02-26 13:05:53,www.youtube.com
2014-02-26 13:05:54,plus.googleapis.com
2014-02-26 13:05:54,r4---sn-gxo5uxg-jqbe.googlevideo.com
2014-02-26 13:05:55,plus.googleapis.com
2014-02-26 13:05:55,apis.google.com
2014-02-26 13:05:55,r4---sn-gxo5uxg-jqbe.googlevideo.com
2014-02-26 13:05:58,plus.googleapis.com
2014-02-26 13:05:58,s.youtube.com
2014-02-26 13:05:58,r4---sn-gxo5uxg-jqbe.googlevideo.com
2014-02-26 13:05:59,adventori.com
2014-02-26 13:06:00,s.youtube.com
2014-02-26 13:06:00,r4---sn-gxo5uxg-jqbe.googlevideo.com
2014-02-26 13:06:03,s.youtube.com
2014-02-26 13:06:05,www.youtube.com
2014-02-26 13:06:06,r4---sn-gxo5uxg-jqbe.googlevideo.com
2014-02-26 13:06:06,www.youtube.com
2014-02-26 13:06:10,r4---sn-gxo5uxg-jqbe.googlevideo.com
2014-02-26 13:06:11,r4---sn-gxo5uxg-jqbe.googlevideo.com
2014-02-26 13:06:13,r4---sn-gxo5uxg-jqbe.googlevideo.com
2014-02-26 13:06:13,s.youtube.com
2014-02-26 13:06:16,r4---sn-gxo5uxg-jqbe.googlevideo.com
2014-02-26 13:06:17,r4---sn-gxo5uxg-jqbe.googlevideo.com
2014-02-26 13:06:18,www.youtube.com
2014-02-26 13:06:18,r2---sn-gxo5uxg-jqbe.googlevideo.com
2014-02-26 13:06:19,plus.googleapis.com
2014-02-26 13:06:19,i1.ytimg.com
2014-02-26 13:06:19,s.youtube.com
2014-02-26 13:06:19,www.youtube.com
2014-02-26 13:06:19,r2---sn-gxo5uxg-jqbe.googlevideo.com
2014-02-26 13:06:20,r2---sn-gxo5uxg-jqbe.googlevideo.com
2014-02-26 13:06:20,www.youtube.com
2014-02-26 13:06:20,s.youtube.com
2014-02-26 13:06:21,plus.googleapis.com
2014-02-26 13:06:21,s.youtube.com
2014-02-26 13:06:21,r2---sn-gxo5uxg-jqbe.googlevideo.com
2014-02-26 13:06:21,www.google.com
2014-02-26 13:06:24,r2---sn-gxo5uxg-jqbe.googlevideo.com
2014-02-26 13:06:25,s.youtube.com
2014-02-26 13:06:25,r2---sn-gxo5uxg-jqbe.googlevideo.com
2014-02-26 13:06:26,www.youtube.com
2014-02-26 13:06:27,www.youtube.com
2014-02-26 13:06:28,r2---sn-gxo5uxg-jqbe.googlevideo.com
2014-02-26 13:06:30,s.youtube.com
2014-02-26 13:06:31,s.youtube.com
2014-02-26 13:06:39,r2---sn-gxo5uxg-jqbe.googlevideo.com
2014-02-26 13:06:41,s.youtube.com
2014-02-26 13:06:49,r2---sn-gxo5uxg-jqbe.googlevideo.com
2014-02-26 13:06:54,r2---sn-gxo5uxg-jqbe.googlevideo.com
2014-02-26 13:06:57,s.youtube.com
2014-02-26 13:07:00,s.youtube.com
2014-02-26 13:07:08,i1.ytimg.com
2014-02-26 13:07:10,r2---sn-gxo5uxg-jqbe.googlevideo.com
2014-02-26 13:07:10,s.youtube.com
2014-02-26 13:07:11,r2---sn-gxo5uxg-jqbe.googlevideo.com
2014-02-26 13:07:13,r2---sn-gxo5uxg-jqbe.googlevideo.com
2014-02-26 13:07:20,s.youtube.com
2014-02-26 13:07:23,r2---sn-gxo5uxg-jqbe.googlevideo.com
2014-02-26 13:07:33,r2---sn-gxo5uxg-jqbe.googlevideo.com
2014-02-26 13:07:37,s.youtube.com
2014-02-26 13:07:38,r2---sn-gxo5uxg-jqbe.googlevideo.com
2014-02-26 13:07:50,s.youtube.com
2014-02-26 13:07:53,r2---sn-gxo5uxg-jqbe.googlevideo.com
2014-02-26 13:08:00,r2---sn-gxo5uxg-jqbe.googlevideo.com
2014-02-26 13:08:08,r2---sn-gxo5uxg-jqbe.googlevideo.com
2014-02-26 13:08:14,i1.ytimg.com
2014-02-26 13:08:16,r2---sn-gxo5uxg-jqbe.googlevideo.com
2014-02-26 13:08:17,s.youtube.com
2014-02-26 13:08:20,s.youtube.com
2014-02-26 13:08:20,i1.ytimg.com
2014-02-26 13:08:23,r2---sn-gxo5uxg-jqbe.googlevideo.com
2014-02-26 13:08:31,r2---sn-gxo5uxg-jqbe.googlevideo.com
2014-02-26 13:08:32,i1.ytimg.com
2014-02-26 13:08:34,r2---sn-gxo5uxg-jqbe.googlevideo.com
2014-02-26 13:08:35,r2---sn-gxo5uxg-jqbe.googlevideo.com
2014-02-26 13:08:36,r2---sn-gxo5uxg-jqbe.googlevideo.com
2014-02-26 13:08:40,s.youtube.com
2014-02-26 13:08:43,r2---sn-gxo5uxg-jqbe.googlevideo.com
2014-02-26 13:08:57,r2---sn-gxo5uxg-jqbe.googlevideo.com
2014-02-26 13:08:57,s.youtube.com
2014-02-26 13:08:58,r2---sn-gxo5uxg-jqbe.googlevideo.com
2014-02-26 13:09:10,s.youtube.com
2014-02-26 13:09:11,r2---sn-gxo5uxg-jqbe.googlevideo.com
2014-02-26 13:09:13,r2---sn-gxo5uxg-jqbe.googlevideo.com
2014-02-26 13:09:22,www.youtube.com
2014-02-26 13:09:28,r2---sn-gxo5uxg-jqbe.googlevideo.com
2014-02-26 13:09:32,r2---sn-gxo5uxg-jqbe.googlevideo.com
2014-02-26 13:09:38,s.youtube.com
2014-02-26 13:09:40,s.youtube.com
2014-02-26 13:09:43,r2---sn-gxo5uxg-jqbe.googlevideo.com
2014-02-26 13:09:45,i1.ytimg.com
2014-02-26 13:09:47,www.youtube.com
2014-02-26 13:09:48,r2---sn-gxo5uxg-jqbe.googlevideo.com
2014-02-26 13:09:48,www.youtube-nocookie.com
2014-02-26 13:09:48,i1.ytimg.com
2014-02-26 13:09:48,s.youtube.com
2014-02-26 13:09:49,www.youtube.com
2014-02-26 13:09:49,i1.ytimg.com
2014-02-26 13:09:49,r2---sn-gxo5uxg-jqbe.googlevideo.com
2014-02-26 13:09:49,yt3.ggpht.com
2014-02-26 13:09:50,plus.googleapis.com
2014-02-26 13:09:50,r2---sn-gxo5uxg-jqbe.googlevideo.com
2014-02-26 13:09:51,s.youtube.com
2014-02-26 13:09:52,i1.ytimg.com
2014-02-26 13:09:53,i1.ytimg.com
2014-02-26 13:09:54,www.youtube.com
2014-02-26 13:09:54,r2---sn-gxo5uxg-jqbe.googlevideo.com
2014-02-26 13:09:55,r2---sn-gxo5uxg-jqbe.googlevideo.com
2014-02-26 13:09:55,s.youtube.com
2014-02-26 13:09:55,i1.ytimg.com
2014-02-26 13:09:57,www.youtube.com
2014-02-26 13:09:57,r2---sn-gxo5uxg-jqbe.googlevideo.com
2014-02-26 13:09:58,r2---sn-gxo5uxg-jqbe.googlevideo.com
2014-02-26 13:09:59,s.youtube.com
2014-02-26 13:10:00,r2---sn-gxo5uxg-jqbe.googlevideo.com
2014-02-26 13:10:00,s.youtube.com
2014-02-26 13:10:01,r2---sn-gxo5uxg-jqbe.googlevideo.com
2014-02-26 13:10:09,s.youtube.com
2014-02-26 13:10:13,r2---sn-gxo5uxg-jqbe.googlevideo.com
2014-02-26 13:10:14,r2---sn-gxo5uxg-jqbe.googlevideo.com
2014-02-26 13:10:19,s.youtube.com
2014-02-26 13:10:28,r2---sn-gxo5uxg-jqbe.googlevideo.com
2014-02-26 13:10:29,s.youtube.com
2014-02-26 13:10:43,r2---sn-gxo5uxg-jqbe.googlevideo.com
2014-02-26 13:10:55,s.youtube.com
2014-02-26 13:10:58,r2---sn-gxo5uxg-jqbe.googlevideo.com
2014-02-26 13:11:00,s.youtube.com
2014-02-26 13:11:06,i1.ytimg.com
2014-02-26 13:11:08,r2---sn-gxo5uxg-jqbe.googlevideo.com
2014-02-26 13:11:09,r2---sn-gxo5uxg-jqbe.googlevideo.com
2014-02-26 13:11:10,s.youtube.com
2014-02-26 13:11:11,r2---sn-gxo5uxg-jqbe.googlevideo.com
2014-02-26 13:11:13,r2---sn-gxo5uxg-jqbe.googlevideo.com
2014-02-26 13:11:14,r2---sn-gxo5uxg-jqbe.googlevideo.com
2014-02-26 13:11:22,www.youtube.com
2014-02-26 13:11:23,r2---sn-gxo5uxg-jqbe.googlevideo.com
2014-02-26 13:11:25,r2---sn-gxo5uxg-jqbe.googlevideo.com
2014-02-26 13:11:28,www.youtube.com
2014-02-26 13:11:36,s.youtube.com
2014-02-26 13:11:40,r2---sn-gxo5uxg-jqbe.googlevideo.com
2014-02-26 13:11:40,s.youtube.com
2014-02-26 13:11:55,r2---sn-gxo5uxg-jqbe.googlevideo.com
2014-02-26 13:11:59,i1.ytimg.com
2014-02-26 13:12:03,www.youtube.com
2014-02-26 13:12:04,r1---sn-gxo5uxg-jqbe.googlevideo.com
2014-02-26 13:12:04,www.youtube-nocookie.com
2014-02-26 13:12:04,i1.ytimg.com
2014-02-26 13:12:04,yt3.ggpht.com
2014-02-26 13:12:05,adm.fwmrm.net
2014-02-26 13:12:05,i1.ytimg.com
2014-02-26 13:12:05,s.youtube.com
2014-02-26 13:12:05,www.youtube.com
2014-02-26 13:12:06,adm.fwmrm.net
2014-02-26 13:12:07,plus.googleapis.com
2014-02-26 13:12:07,www.youtube.com
2014-02-26 13:12:07,r1---sn-gxo5uxg-jqbe.googlevideo.com
2014-02-26 13:12:08,s.youtube.com
2014-02-26 13:12:08,r1---sn-gxo5uxg-jqbe.googlevideo.com
2014-02-26 13:12:09,i1.ytimg.com
2014-02-26 13:12:09,r1---sn-gxo5uxg-jqbe.googlevideo.com
2014-02-26 13:12:11,r1---sn-gxo5uxg-jqbe.googlevideo.com
2014-02-26 13:12:12,r1---sn-gxo5uxg-jqbe.googlevideo.com
2014-02-26 13:12:13,s.youtube.com
2014-02-26 13:12:15,i1.ytimg.com
2014-02-26 13:12:17,s.youtube.com
2014-02-26 13:12:18,www.youtube.com
2014-02-26 13:12:18,s.youtube.com
2014-02-26 13:12:19,i1.ytimg.com
2014-02-26 13:12:27,plus.googleapis.com
2014-02-26 13:12:27,r1---sn-gxo5uxg-jqbe.googlevideo.com
2014-02-26 13:12:27,i1.ytimg.com
2014-02-26 13:12:28,s.youtube.com
2014-02-26 13:12:29,www.youtube.com
2014-02-26 13:12:29,r4---sn-gxo5uxg-jqbe.googlevideo.com
2014-02-26 13:12:30,plus.googleapis.com
2014-02-26 13:12:31,i1.ytimg.com
2014-02-26 13:12:31,s.youtube.com
2014-02-26 13:12:31,www.youtube.com
2014-02-26 13:12:32,r4---sn-gxo5uxg-jqbe.googlevideo.com
2014-02-26 13:12:32,www.youtube.com
2014-02-26 13:12:32,plus.googleapis.com
2014-02-26 13:12:32,s.youtube.com
2014-02-26 13:12:33,r4---sn-gxo5uxg-jqbe.googlevideo.com
2014-02-26 13:12:34,r4---sn-gxo5uxg-jqbe.googlevideo.com
2014-02-26 13:12:34,s.youtube.com
2014-02-26 13:12:34,i1.ytimg.com
2014-02-26 13:12:36,www.youtube.com
2014-02-26 13:12:36,r4---sn-gxo5uxg-jqbe.googlevideo.com
2014-02-26 13:12:37,r4---sn-gxo5uxg-jqbe.googlevideo.com
2014-02-26 13:12:38,s.youtube.com
2014-02-26 13:12:38,r4---sn-gxo5uxg-jqbe.googlevideo.com
2014-02-26 13:12:39,s.youtube.com
2014-02-26 13:12:41,s.youtube.com
2014-02-26 13:12:41,r4---sn-gxo5uxg-jqbe.googlevideo.com
2014-02-26 13:12:42,r4---sn-gxo5uxg-jqbe.googlevideo.com
2014-02-26 13:12:48,s.youtube.com
2014-02-26 13:12:49,r4---sn-gxo5uxg-jqbe.googlevideo.com
2014-02-26 13:12:52,s.youtube.com
2014-02-26 13:12:58,s.youtube.com
2014-02-26 13:12:59,www.youtube.com
2014-02-26 13:13:01,r4---sn-gxo5uxg-jqbe.googlevideo.com
2014-02-26 13:13:02,s.youtube.com
2014-02-26 13:13:02,r4---sn-gxo5uxg-jqbe.googlevideo.com
2014-02-26 13:13:06,r4---sn-gxo5uxg-jqbe.googlevideo.com
2014-02-26 13:13:14,r4---sn-gxo5uxg-jqbe.googlevideo.com
2014-02-26 13:13:27,r4---sn-gxo5uxg-jqbe.googlevideo.com
2014-02-26 13:13:29,r4---sn-gxo5uxg-jqbe.googlevideo.com
2014-02-26 13:13:30,s.youtube.com
2014-02-26 13:13:32,s.youtube.com
2014-02-26 13:13:42,s.youtube.com
2014-02-26 13:13:46,r4---sn-gxo5uxg-jqbe.googlevideo.com
2014-02-26 13:13:46,r4---sn-a8au-aige.googlevideo.com
2014-02-26 13:13:46,www.youtube.com
2014-02-26 13:13:47,www.youtube.com
2014-02-26 13:13:47,i1.ytimg.com
2014-02-26 13:13:47,s.youtube.com
2014-02-26 13:13:48,www.youtube.com
2014-02-26 13:13:48,r4---sn-a8au-aige.googlevideo.com
2014-02-26 13:13:48,i1.ytimg.com
2014-02-26 13:13:49,r4---sn-a8au-aige.googlevideo.com
2014-02-26 13:13:49,plus.googleapis.com
2014-02-26 13:13:50,r4---sn-a8au-aige.googlevideo.com
2014-02-26 13:13:51,r4---sn-a8au-aige.googlevideo.com
2014-02-26 13:13:51,s.youtube.com
2014-02-26 13:13:51,ajax.googleapis.com
2014-02-26 13:13:53,r4---sn-a8au-aige.googlevideo.com
2014-02-26 13:13:54,www.youtube.com
2014-02-26 13:13:54,r4---sn-a8au-aige.googlevideo.com
2014-02-26 13:13:55,s.youtube.com
2014-02-26 13:13:56,r4---sn-a8au-aige.googlevideo.com
2014-02-26 13:13:57,s.youtube.com
2014-02-26 13:13:58,r4---sn-a8au-aige.googlevideo.com
2014-02-26 13:13:58,s.youtube.com
2014-02-26 13:13:59,r4---sn-a8au-aige.googlevideo.com
2014-02-26 13:14:07,s.youtube.com
2014-02-26 13:14:08,r4---sn-a8au-aige.googlevideo.com
2014-02-26 13:14:17,s.youtube.com
2014-02-26 13:14:18,r4---sn-a8au-aige.googlevideo.com
2014-02-26 13:14:23,r4---sn-a8au-aige.googlevideo.com
2014-02-26 13:14:28,s.youtube.com
2014-02-26 13:14:29,s.youtube.com
2014-02-26 13:14:35,www.youtube.com
2014-02-26 13:14:36,www.youtube.com
2014-02-26 13:14:36,i1.ytimg.com
2014-02-26 13:14:37,i1.ytimg.com
2014-02-26 13:14:37,s.ytimg.com
2014-02-26 13:14:37,www.youtube.com
2014-02-26 13:14:38,www.youtube.com
2014-02-26 13:14:38,i1.ytimg.com
2014-02-26 13:14:38,i3.ytimg.com
2014-02-26 13:14:38,s.youtube.com
2014-02-26 13:14:45,i1.ytimg.com
2014-02-26 13:15:01,i1.ytimg.com
2014-02-26 13:15:17,yt3.ggpht.com
2014-02-26 13:15:17,i1.ytimg.com
2014-02-26 13:15:18,i1.ytimg.com
2014-02-26 13:15:26,clients1.google.com
2014-02-26 13:15:27,clients1.google.com
2014-02-26 13:15:28,clients1.google.com
2014-02-26 13:15:29,clients1.google.com
2014-02-26 13:15:30,www.google.com
2014-02-26 13:15:30,www.youtube.com
2014-02-26 13:15:31,s.ytimg.com
2014-02-26 13:15:31,i1.ytimg.com
2014-02-26 13:15:32,i1.ytimg.com
2014-02-26 13:15:32,s.ytimg.com
2014-02-26 13:15:33,banniere.reussissonsensemble.fr
2014-02-26 13:15:34,banniere.reussissonsensemble.fr
2014-02-26 13:15:55,i1.ytimg.com
2014-02-26 13:15:58,i1.ytimg.com
2014-02-26 13:16:07,i1.ytimg.com
2014-02-26 13:16:10,i1.ytimg.com
2014-02-26 13:16:19,r1---sn-gxo5uxg-jqbe.googlevideo.com
2014-02-26 13:16:19,www.youtube.com
2014-02-26 13:16:20,i1.ytimg.com
2014-02-26 13:16:20,www.youtube.com
2014-02-26 13:16:20,s.youtube.com
2014-02-26 13:16:20,r1---sn-gxo5uxg-jqbe.googlevideo.com
2014-02-26 13:16:21,r1---sn-gxo5uxg-jqbe.googlevideo.com
2014-02-26 13:16:21,s.youtube.com
2014-02-26 13:16:25,s.youtube.com
2014-02-26 13:16:25,yt3.ggpht.com
2014-02-26 13:16:25,r1---sn-gxo5uxg-jqbe.googlevideo.com
2014-02-26 13:16:29,s.youtube.com
2014-02-26 13:16:33,r1---sn-gxo5uxg-jqbe.googlevideo.com
2014-02-26 13:16:35,s.youtube.com
2014-02-26 13:16:36,i1.ytimg.com
2014-02-26 13:16:37,i1.ytimg.com
2014-02-26 13:16:38,r1---sn-gxo5uxg-jqbe.googlevideo.com
2014-02-26 13:16:38,i1.ytimg.com
2014-02-26 13:16:39,s.youtube.com
2014-02-26 13:16:41,r1---sn-gxo5uxg-jqbe.googlevideo.com
2014-02-26 13:16:44,r1---sn-gxo5uxg-jqbe.googlevideo.com
2014-02-26 13:16:45,r1---sn-gxo5uxg-jqbe.googlevideo.com
2014-02-26 13:16:45,s.youtube.com
2014-02-26 13:16:49,s.youtube.com
2014-02-26 13:16:57,r1---sn-gxo5uxg-jqbe.googlevideo.com
2014-02-26 13:16:58,r1---sn-gxo5uxg-jqbe.googlevideo.com
2014-02-26 13:17:13,r1---sn-gxo5uxg-jqbe.googlevideo.com
2014-02-26 13:17:14,r1---sn-gxo5uxg-jqbe.googlevideo.com
2014-02-26 13:17:20,s.youtube.com
2014-02-26 13:17:24,s.youtube.com
2014-02-26 13:17:24,plus.googleapis.com
2014-02-26 13:17:28,r1---sn-gxo5uxg-jqbe.googlevideo.com
2014-02-26 13:17:32,r1---sn-gxo5uxg-jqbe.googlevideo.com
2014-02-26 13:17:42,r1---sn-gxo5uxg-jqbe.googlevideo.com
2014-02-26 13:17:47,r1---sn-gxo5uxg-jqbe.googlevideo.com
2014-02-26 13:17:50,s.youtube.com
2014-02-26 13:17:57,r1---sn-gxo5uxg-jqbe.googlevideo.com
2014-02-26 13:18:01,r1---sn-gxo5uxg-jqbe.googlevideo.com
2014-02-26 13:18:04,s.youtube.com
2014-02-26 13:18:12,r1---sn-gxo5uxg-jqbe.googlevideo.com
2014-02-26 13:18:14,www.youtube.com
2014-02-26 13:18:14,i1.ytimg.com
2014-02-26 13:18:15,s.ytimg.com
2014-02-26 13:18:16,i1.ytimg.com
2014-02-26 13:18:16,www.youtube.com
2014-02-26 13:18:17,i1.ytimg.com
2014-02-26 13:18:25,www.youtube.com
2014-02-26 13:18:26,i1.ytimg.com
2014-02-26 13:18:26,www.youtube.com
2014-02-26 13:18:26,yt3.ggpht.com
2014-02-26 13:18:35,www.youtube.com
2014-02-26 13:18:35,r4---sn-gxo5uxg-jqbe.googlevideo.com
2014-02-26 13:18:35,www.youtube-nocookie.com
2014-02-26 13:18:36,r4---sn-gxo5uxg-jqbe.googlevideo.com
2014-02-26 13:18:36,yt3.ggpht.com
2014-02-26 13:18:36,i1.ytimg.com
2014-02-26 13:18:36,www.youtube.com
2014-02-26 13:18:36,s.youtube.com
2014-02-26 13:18:37,www.youtube.com
2014-02-26 13:18:37,i2.ytimg.com
2014-02-26 13:18:37,i1.ytimg.com
2014-02-26 13:18:37,r4---sn-cg07lue6.googlevideo.com
2014-02-26 13:18:38,plus.googleapis.com
2014-02-26 13:18:38,r4---sn-gxo5uxg-jqbe.googlevideo.com
2014-02-26 13:18:38,r4---sn-cg07lue6.googlevideo.com
2014-02-26 13:18:39,r4---sn-gxo5uxg-jqbe.googlevideo.com
2014-02-26 13:18:39,r4---sn-cg07lue6.googlevideo.com
2014-02-26 13:18:40,r4---sn-gxo5uxg-jqbe.googlevideo.com
2014-02-26 13:18:40,s.youtube.com
2014-02-26 13:18:40,r4---sn-cg07lue6.googlevideo.com
2014-02-26 13:18:41,r4---sn-cg07lue6.googlevideo.com
2014-02-26 13:18:41,r4---sn-gxo5uxg-jqbe.googlevideo.com
2014-02-26 13:18:43,s.youtube.com
2014-02-26 13:18:43,r4---sn-gxo5uxg-jqbe.googlevideo.com
2014-02-26 13:18:44,r4---sn-cg07lue6.googlevideo.com
2014-02-26 13:18:44,s.youtube.com
2014-02-26 13:18:45,s.youtube.com
2014-02-26 13:18:47,www.youtube.com
2014-02-26 13:18:48,i1.ytimg.com
2014-02-26 13:18:49,r4---sn-gxo5uxg-jqbe.googlevideo.com
2014-02-26 13:18:49,r4---sn-cg07lue6.googlevideo.com
2014-02-26 13:18:54,s.youtube.com
2014-02-26 13:18:59,r4---sn-gxo5uxg-jqbe.googlevideo.com
2014-02-26 13:18:59,r4---sn-cg07lue6.googlevideo.com
2014-02-26 13:19:04,s.youtube.com
2014-02-26 13:19:05,r4---sn-gxo5uxg-jqbe.googlevideo.com
2014-02-26 13:19:05,r4---sn-cg07lue6.googlevideo.com
2014-02-26 13:19:14,r4---sn-gxo5uxg-jqbe.googlevideo.com
2014-02-26 13:19:14,r4---sn-cg07lue6.googlevideo.com
2014-02-26 13:19:15,s.youtube.com
2014-02-26 13:19:20,r4---sn-gxo5uxg-jqbe.googlevideo.com
2014-02-26 13:19:20,r4---sn-cg07lue6.googlevideo.com
2014-02-26 13:19:29,r4---sn-gxo5uxg-jqbe.googlevideo.com
2014-02-26 13:19:29,r4---sn-cg07lue6.googlevideo.com
2014-02-26 13:19:35,r4---sn-gxo5uxg-jqbe.googlevideo.com
2014-02-26 13:19:36,r4---sn-cg07lue6.googlevideo.com
2014-02-26 13:19:42,s.youtube.com
2014-02-26 13:19:44,r4---sn-gxo5uxg-jqbe.googlevideo.com
2014-02-26 13:19:44,r4---sn-cg07lue6.googlevideo.com
2014-02-26 13:19:46,s.youtube.com
2014-02-26 13:19:50,r4---sn-gxo5uxg-jqbe.googlevideo.com
2014-02-26 13:19:51,r4---sn-cg07lue6.googlevideo.com
2014-02-26 13:19:55,i1.ytimg.com
2014-02-26 13:19:55,www.youtube.com
2014-02-26 13:19:55,s.youtube.com
2014-02-26 13:19:56,i1.ytimg.com
2014-02-26 13:19:59,www.youtube.com
2014-02-26 13:19:59,r3---sn-gxo5uxg-jqbe.googlevideo.com
2014-02-26 13:19:59,www.youtube-nocookie.com
2014-02-26 13:20:00,i1.ytimg.com
2014-02-26 13:20:00,www.youtube.com
2014-02-26 13:20:00,s.youtube.com
2014-02-26 13:20:00,r3---sn-gxo5uxg-jqbe.googlevideo.com
2014-02-26 13:20:01,plus.googleapis.com
2014-02-26 13:20:01,s.youtube.com
2014-02-26 13:20:01,r3---sn-gxo5uxg-jqbe.googlevideo.com
2014-02-26 13:20:01,r7---sn-cg07luel.googlevideo.com
2014-02-26 13:20:02,r3---sn-gxo5uxg-jqbe.googlevideo.com
2014-02-26 13:20:02,r7---sn-cg07luel.googlevideo.com
2014-02-26 13:20:03,r3---sn-gxo5uxg-jqbe.googlevideo.com
2014-02-26 13:20:03,r7---sn-cg07luel.googlevideo.com
2014-02-26 13:20:04,i1.ytimg.com
2014-02-26 13:20:04,r7---sn-cg07luel.googlevideo.com
2014-02-26 13:20:05,r7---sn-cg07luel.googlevideo.com
2014-02-26 13:20:06,s.youtube.com
2014-02-26 13:20:06,r3---sn-gxo5uxg-jqbe.googlevideo.com
2014-02-26 13:20:06,r7---sn-cg07luel.googlevideo.com
2014-02-26 13:20:06,i1.ytimg.com
2014-02-26 13:20:07,r7---sn-cg07luel.googlevideo.com
2014-02-26 13:20:10,i1.ytimg.com
2014-02-26 13:20:10,s.youtube.com
2014-02-26 13:20:10,www.youtube.com
2014-02-26 13:20:11,s.youtube.com
2014-02-26 13:20:21,r3---sn-gxo5uxg-jqbe.googlevideo.com
2014-02-26 13:20:21,r7---sn-cg07luel.googlevideo.com
2014-02-26 13:20:21,s.youtube.com
2014-02-26 13:20:24,r3---sn-gxo5uxg-jqbe.googlevideo.com
2014-02-26 13:20:24,r7---sn-cg07luel.googlevideo.com
2014-02-26 13:20:31,s.youtube.com
2014-02-26 13:20:36,r3---sn-gxo5uxg-jqbe.googlevideo.com
2014-02-26 13:20:37,r7---sn-cg07luel.googlevideo.com
2014-02-26 13:20:40,r3---sn-gxo5uxg-jqbe.googlevideo.com
2014-02-26 13:20:40,s.youtube.com
2014-02-26 13:20:40,r7---sn-cg07luel.googlevideo.com
2014-02-26 13:20:48,s.ytimg.com
2014-02-26 13:20:48,clients1.google.com
2014-02-26 13:20:50,clients1.google.com
2014-02-26 13:20:51,clients1.google.com
2014-02-26 13:20:52,clients1.google.com
2014-02-26 13:20:52,r7---sn-cg07luel.googlevideo.com
2014-02-26 13:20:52,r3---sn-gxo5uxg-jqbe.googlevideo.com
2014-02-26 13:20:54,clients1.google.com
2014-02-26 13:20:55,r3---sn-gxo5uxg-jqbe.googlevideo.com
2014-02-26 13:20:56,www.google.com
2014-02-26 13:20:56,r7---sn-cg07luel.googlevideo.com
2014-02-26 13:20:57,i1.ytimg.com
2014-02-26 13:20:57,s.youtube.com
2014-02-26 13:20:57,www.youtube.com
2014-02-26 13:20:58,www.youtube.com
2014-02-26 13:20:58,s.youtube.com
2014-02-26 13:21:00,www.youtube.com
2014-02-26 13:21:00,r1---sn-gxo5uxg-jqbe.googlevideo.com
2014-02-26 13:21:01,yt3.ggpht.com
2014-02-26 13:21:01,i1.ytimg.com
2014-02-26 13:21:01,www.youtube.com
2014-02-26 13:21:01,r1---sn-gxo5uxg-jqbe.googlevideo.com
2014-02-26 13:21:01,s.youtube.com
2014-02-26 13:21:02,plus.googleapis.com
2014-02-26 13:21:02,r1---sn-gxo5uxg-jqbe.googlevideo.com
2014-02-26 13:21:02,s.youtube.com
2014-02-26 13:21:04,s.youtube.com
2014-02-26 13:21:05,r1---sn-gxo5uxg-jqbe.googlevideo.com
2014-02-26 13:21:06,r1---sn-gxo5uxg-jqbe.googlevideo.com
2014-02-26 13:21:07,r1---sn-gxo5uxg-jqbe.googlevideo.com
2014-02-26 13:21:07,s.youtube.com
2014-02-26 13:21:08,i1.ytimg.com
2014-02-26 13:21:10,s.youtube.com
2014-02-26 13:21:12,r1---sn-gxo5uxg-jqbe.googlevideo.com
2014-02-26 13:21:14,s.youtube.com
2014-02-26 13:21:21,r1---sn-gxo5uxg-jqbe.googlevideo.com
2014-02-26 13:21:24,s.youtube.com
2014-02-26 13:21:36,r1---sn-gxo5uxg-jqbe.googlevideo.com
2014-02-26 13:21:40,s.youtube.com
2014-02-26 13:21:51,r1---sn-gxo5uxg-jqbe.googlevideo.com
2014-02-26 13:21:59,s.youtube.com
2014-02-26 13:22:02,r1---sn-gxo5uxg-jqbe.googlevideo.com
2014-02-26 13:22:06,r1---sn-gxo5uxg-jqbe.googlevideo.com
2014-02-26 13:22:10,s.youtube.com
2014-02-26 13:22:21,r1---sn-gxo5uxg-jqbe.googlevideo.com
2014-02-26 13:22:24,r1---sn-gxo5uxg-jqbe.googlevideo.com
2014-02-26 13:22:36,r1---sn-gxo5uxg-jqbe.googlevideo.com
2014-02-26 13:22:39,s.youtube.com
2014-02-26 13:22:40,s.youtube.com
2014-02-26 13:22:50,r1---sn-gxo5uxg-jqbe.googlevideo.com
2014-02-26 13:22:51,r1---sn-gxo5uxg-jqbe.googlevideo.com
2014-02-26 13:23:06,r1---sn-gxo5uxg-jqbe.googlevideo.com
2014-02-26 13:23:10,s.youtube.com
2014-02-26 13:23:12,r1---sn-gxo5uxg-jqbe.googlevideo.com
2014-02-26 13:23:19,s.youtube.com
2014-02-26 13:23:20,r1---sn-gxo5uxg-jqbe.googlevideo.com
2014-02-26 13:23:35,r1---sn-gxo5uxg-jqbe.googlevideo.com
2014-02-26 13:23:41,s.youtube.com
2014-02-26 13:23:50,r1---sn-gxo5uxg-jqbe.googlevideo.com
2014-02-26 13:24:00,s.youtube.com
2014-02-26 13:24:00,r1---sn-gxo5uxg-jqbe.googlevideo.com
2014-02-26 13:24:02,www.youtube.com
2014-02-26 13:24:05,r1---sn-gxo5uxg-jqbe.googlevideo.com
2014-02-26 13:24:11,s.youtube.com
2014-02-26 13:24:19,i1.ytimg.com
2014-02-26 13:24:19,s.youtube.com
2014-02-26 13:24:19,www.youtube.com
2014-02-26 13:24:22,www.youtube.com
2014-02-26 13:24:22,r4---sn-gxo5uxg-jqbe.googlevideo.com
2014-02-26 13:24:22,www.youtube-nocookie.com
2014-02-26 13:24:22,i1.ytimg.com
2014-02-26 13:24:22,yt3.ggpht.com
2014-02-26 13:24:23,r4---sn-gxo5uxg-jqbe.googlevideo.com
2014-02-26 13:24:23,s.youtube.com
2014-02-26 13:24:23,i1.ytimg.com
2014-02-26 13:24:23,www.youtube.com
2014-02-26 13:24:24,i1.ytimg.com
2014-02-26 13:24:24,plus.googleapis.com
2014-02-26 13:24:24,r4---sn-gxo5uxg-jqbe.googlevideo.com
2014-02-26 13:24:24,r8---sn-cg07lued.googlevideo.com
2014-02-26 13:24:25,i1.ytimg.com
2014-02-26 13:24:26,r8---sn-cg07lued.googlevideo.com
2014-02-26 13:24:26,r4---sn-gxo5uxg-jqbe.googlevideo.com
2014-02-26 13:24:26,s.youtube.com
2014-02-26 13:24:26,i1.ytimg.com
2014-02-26 13:24:27,r4---sn-gxo5uxg-jqbe.googlevideo.com
2014-02-26 13:24:27,r8---sn-cg07lued.googlevideo.com
2014-02-26 13:24:28,r4---sn-gxo5uxg-jqbe.googlevideo.com
2014-02-26 13:24:29,s.youtube.com
2014-02-26 13:24:33,s.youtube.com
2014-02-26 13:24:34,s.youtube.com
2014-02-26 13:24:34,www.youtube.com
2014-02-26 13:24:40,r8---sn-cg07lued.googlevideo.com
2014-02-26 13:24:40,r4---sn-gxo5uxg-jqbe.googlevideo.com
2014-02-26 13:24:43,r4---sn-gxo5uxg-jqbe.googlevideo.com
2014-02-26 13:24:45,s.youtube.com
2014-02-26 13:24:52,www.youtube.com
2014-02-26 13:24:53,i1.ytimg.com
2014-02-26 13:24:55,s.youtube.com
2014-02-26 13:24:57,r4---sn-gxo5uxg-jqbe.googlevideo.com
2014-02-26 13:24:57,r8---sn-cg07lued.googlevideo.com
2014-02-26 13:24:58,s.youtube.com
2014-02-26 13:24:58,r4---sn-gxo5uxg-jqbe.googlevideo.com
2014-02-26 13:25:03,s.youtube.com
2014-02-26 13:25:07,i1.ytimg.com
2014-02-26 13:25:13,r4---sn-gxo5uxg-jqbe.googlevideo.com
2014-02-26 13:25:18,r4---sn-gxo5uxg-jqbe.googlevideo.com
2014-02-26 13:25:18,r8---sn-cg07lued.googlevideo.com
2014-02-26 13:25:28,r4---sn-gxo5uxg-jqbe.googlevideo.com
2014-02-26 13:25:33,s.youtube.com
2014-02-26 13:25:38,s.youtube.com
2014-02-26 13:25:38,r4---sn-gxo5uxg-jqbe.googlevideo.com
2014-02-26 13:25:38,r8---sn-cg07lued.googlevideo.com
2014-02-26 13:25:43,r4---sn-gxo5uxg-jqbe.googlevideo.com
2014-02-26 13:25:56,r4---sn-gxo5uxg-jqbe.googlevideo.com
2014-02-26 13:25:56,r8---sn-cg07lued.googlevideo.com
2014-02-26 13:25:58,r4---sn-gxo5uxg-jqbe.googlevideo.com
2014-02-26 13:26:04,s.youtube.com
2014-02-26 13:26:13,r4---sn-gxo5uxg-jqbe.googlevideo.com
2014-02-26 13:26:16,r8---sn-cg07lued.googlevideo.com
2014-02-26 13:26:16,r4---sn-gxo5uxg-jqbe.googlevideo.com
2014-02-26 13:26:18,s.youtube.com
2014-02-26 13:26:28,r4---sn-gxo5uxg-jqbe.googlevideo.com
2014-02-26 13:26:34,s.youtube.com
2014-02-26 13:26:35,r4---sn-gxo5uxg-jqbe.googlevideo.com
2014-02-26 13:26:35,r8---sn-cg07lued.googlevideo.com
2014-02-26 13:26:42,r4---sn-gxo5uxg-jqbe.googlevideo.com
2014-02-26 13:26:57,r8---sn-cg07lued.googlevideo.com
2014-02-26 13:26:57,r4---sn-gxo5uxg-jqbe.googlevideo.com
2014-02-26 13:26:57,plus.googleapis.com
2014-02-26 13:26:58,s.youtube.com
2014-02-26 13:26:58,r4---sn-gxo5uxg-jqbe.googlevideo.com
2014-02-26 13:27:04,s.youtube.com
2014-02-26 13:27:12,r4---sn-gxo5uxg-jqbe.googlevideo.com
2014-02-26 13:27:16,r4---sn-gxo5uxg-jqbe.googlevideo.com
2014-02-26 13:27:16,r8---sn-cg07lued.googlevideo.com
2014-02-26 13:27:24,www.youtube.com
2014-02-26 13:27:27,r4---sn-gxo5uxg-jqbe.googlevideo.com
2014-02-26 13:27:34,s.youtube.com
2014-02-26 13:27:38,s.youtube.com
2014-02-26 13:27:40,r4---sn-gxo5uxg-jqbe.googlevideo.com
2014-02-26 13:27:40,r8---sn-cg07lued.googlevideo.com
2014-02-26 13:27:42,r4---sn-gxo5uxg-jqbe.googlevideo.com
2014-02-26 13:27:57,r4---sn-gxo5uxg-jqbe.googlevideo.com
2014-02-26 13:28:04,s.youtube.com
2014-02-26 13:28:05,r4---sn-gxo5uxg-jqbe.googlevideo.com
2014-02-26 13:28:05,r8---sn-cg07lued.googlevideo.com
2014-02-26 13:28:12,r4---sn-gxo5uxg-jqbe.googlevideo.com
2014-02-26 13:28:18,s.youtube.com
2014-02-26 13:28:27,r4---sn-gxo5uxg-jqbe.googlevideo.com
2014-02-26 13:28:27,r8---sn-cg07lued.googlevideo.com
2014-02-26 13:28:34,s.youtube.com
2014-02-26 13:28:42,r4---sn-gxo5uxg-jqbe.googlevideo.com
2014-02-26 13:28:50,r4---sn-gxo5uxg-jqbe.googlevideo.com
2014-02-26 13:28:50,r8---sn-cg07lued.googlevideo.com
2014-02-26 13:28:57,r4---sn-gxo5uxg-jqbe.googlevideo.com
2014-02-26 13:28:58,s.youtube.com
2014-02-26 13:29:04,s.youtube.com
2014-02-26 13:29:12,r4---sn-gxo5uxg-jqbe.googlevideo.com
2014-02-26 13:29:14,r4---sn-gxo5uxg-jqbe.googlevideo.com
2014-02-26 13:29:15,r8---sn-cg07lued.googlevideo.com
2014-02-26 13:29:27,r4---sn-gxo5uxg-jqbe.googlevideo.com
2014-02-26 13:29:34,s.youtube.com
2014-02-26 13:29:34,r8---sn-cg07lued.googlevideo.com
2014-02-26 13:29:34,r4---sn-gxo5uxg-jqbe.googlevideo.com
2014-02-26 13:29:38,s.youtube.com
2014-02-26 13:29:42,r4---sn-gxo5uxg-jqbe.googlevideo.com
2014-02-26 13:30:00,r8---sn-cg07lued.googlevideo.com
2014-02-26 13:30:00,r4---sn-gxo5uxg-jqbe.googlevideo.com
2014-02-26 13:30:01,www.google.fr
2014-02-26 13:30:04,s.youtube.com
2014-02-26 13:30:08,www.google.fr
2014-02-26 13:30:14,www.google.fr
2014-02-26 13:30:16,clients1.google.fr
2014-02-26 13:30:18,s.youtube.com
2014-02-26 13:30:18,www.google.fr
2014-02-26 13:30:19,clients1.google.fr
2014-02-26 13:30:19,www.google.fr
2014-02-26 13:30:25,clients1.google.fr
2014-02-26 13:30:25,www.google.fr
2014-02-26 13:30:29,i1.ytimg.com
2014-02-26 13:30:29,s.ytimg.com
2014-02-26 13:30:30,i1.ytimg.com
2014-02-26 13:30:34,s.youtube.com
2014-02-26 13:30:34,www.google.fr
2014-02-26 13:30:34,clients1.google.fr
2014-02-26 13:30:36,www.google.fr
2014-02-26 13:30:37,media.meltystyle.fr
2014-02-26 13:30:37,www.meltystyle.fr
2014-02-26 13:30:37,ajax.googleapis.com
2014-02-26 13:30:37,www.google.fr
2014-02-26 13:30:38,www.melty.it
2014-02-26 13:30:38,media.meltystyle.fr
2014-02-26 13:30:38,www.melty.de
2014-02-26 13:30:38,www.meltystyle.fr
2014-02-26 13:30:38,www.melty.es
2014-02-26 13:30:39,connect.facebook.net
2014-02-26 13:30:39,www.meltystyle.fr
2014-02-26 13:30:39,www.melty.fr
2014-02-26 13:30:39,apis.google.com
2014-02-26 13:30:39,s-static.ak.facebook.com
2014-02-26 13:30:40,ad.melty.fr
2014-02-26 13:30:40,www.meltystyle.fr
2014-02-26 13:30:40,media.melty.fr
2014-02-26 13:30:40,static.ak.facebook.com
2014-02-26 13:30:41,www.facebook.com
2014-02-26 13:30:41,ce.lijit.com
2014-02-26 13:30:42,www.meltystyle.fr
2014-02-26 13:30:42,y.one.impact-ad.jp
2014-02-26 13:30:42,media.melty.fr
2014-02-26 13:30:42,media.meltystyle.fr
2014-02-26 13:30:42,www.google.fr
2014-02-26 13:30:43,www.facebook.com
2014-02-26 13:30:43,media.meltystyle.fr
2014-02-26 13:30:44,media.melty.fr
2014-02-26 13:30:44,www.meltystyle.fr
2014-02-26 13:30:44,s-static.ak.facebook.com
2014-02-26 13:30:44,www.melty.fr
2014-02-26 13:30:44,static.ak.facebook.com
2014-02-26 13:30:45,apis.google.com
2014-02-26 13:30:58,s.youtube.com
2014-02-26 13:31:02,s.youtube.com
2014-02-26 13:31:02,www.youtube.com
2014-02-26 13:31:04,clients1.google.fr
2014-02-26 13:31:04,www.google.fr
2014-02-26 13:31:07,s.ytimg.com
2014-02-26 13:31:18,www.google.fr
2014-02-26 13:31:18,clients1.google.fr
2014-02-26 13:31:21,www.google.fr
2014-02-26 13:31:32,www.google.fr
2014-02-26 13:31:33,deliv.leboncoin.fr
2014-02-26 13:31:33,www.leboncoin.fr
2014-02-26 13:31:33,www.google.fr
2014-02-26 13:31:33,static.leboncoin.fr
2014-02-26 13:31:38,s.youtube.com
2014-02-26 13:31:55,static.leboncoin.fr
2014-02-26 13:31:56,193.164.196.60
2014-02-26 13:31:56,193.164.197.40
2014-02-26 13:31:56,193.164.196.30
2014-02-26 13:31:56,static.leboncoin.fr
2014-02-26 13:31:56,193.164.197.30
2014-02-26 13:31:56,193.164.197.50
2014-02-26 13:31:56,193.164.196.40
2014-02-26 13:31:56,www.leboncoin.fr
2014-02-26 13:31:56,193.164.197.60
2014-02-26 13:31:56,193.164.196.50
2014-02-26 13:31:57,deliv.leboncoin.fr
2014-02-26 13:31:57,compteperso.leboncoin.fr
2014-02-26 13:31:57,static.leboncoin.fr
2014-02-26 13:32:02,compteperso.leboncoin.fr
2014-02-26 13:32:11,www.leboncoin.fr
2014-02-26 13:32:12,193.164.196.60
2014-02-26 13:32:12,193.164.197.40
2014-02-26 13:32:12,www.google.com
2014-02-26 13:32:12,193.164.196.40
2014-02-26 13:32:12,193.164.196.50
2014-02-26 13:32:12,193.164.196.30
2014-02-26 13:32:12,193.164.197.60
2014-02-26 13:32:12,193.164.197.30
2014-02-26 13:32:12,193.164.197.50
2014-02-26 13:32:13,deliv.leboncoin.fr
2014-02-26 13:32:13,www.google.com
2014-02-26 13:32:14,www.google.com
2014-03-19 12:41:16,www.google.com
2014-03-19 12:41:20,www.google.fr
2014-03-19 12:41:24,www.google.fr
2014-03-19 12:41:25,www.google.com
2014-03-19 12:41:26,apis.google.com
2014-03-19 12:41:30,mw2.google.com
2014-03-19 12:41:30,www.google.com
2014-03-19 12:41:30,apis.google.com
2014-03-19 12:41:30,www.google.fr
2014-03-19 12:41:31,www.google.fr
2014-03-19 12:41:31,mw2.google.com
2014-03-19 12:41:32,fpdownload2.macromedia.com
2014-03-19 12:41:39,www.google.fr
2014-03-19 12:41:40,www.google.fr
2014-03-19 12:43:16,ieonline.microsoft.com
2014-03-19 12:43:16,go.microsoft.com
2014-03-19 13:10:42,www.google.com
2014-03-19 13:10:42,www.google.fr
2014-03-19 13:10:43,www.google.fr
2014-03-19 13:10:59,www.google.fr
2014-03-19 13:11:00,www.google.fr
2014-03-19 13:11:00,platform.twitter.com
2014-03-19 13:11:00,www.irss.fr
2014-03-19 13:11:01,connect.facebook.net
2014-03-19 13:11:01,www.facebook.com
2014-03-19 13:11:01,www.irss.fr
2014-03-19 13:11:02,www.irss.fr
2014-03-19 13:11:02,static.ak.facebook.com
2014-03-19 13:11:03,apis.google.com
2014-03-19 13:11:03,s-static.ak.facebook.com
2014-03-19 13:11:04,www.irss.fr
2014-03-19 13:12:42,apis.google.com
2014-03-19 13:14:00,www.irss.fr
2014-03-19 13:14:00,www.facebook.com
2014-03-19 13:14:01,www.irss.fr
2014-03-19 13:14:01,static.ak.facebook.com
2014-03-19 13:14:01,s-static.ak.facebook.com
2014-03-19 13:14:02,www.irss.fr
2014-03-19 13:19:05,www.google.com
2014-03-19 13:19:05,www.google.fr
2014-03-19 13:19:31,deliv.leboncoin.fr
2014-03-19 13:19:31,www.google.fr
2014-03-19 13:19:31,www.leboncoin.fr
2014-03-19 13:19:31,static.leboncoin.fr
2014-03-19 13:19:32,static.leboncoin.fr
2014-03-19 13:19:32,www.leboncoin.fr
2014-03-19 13:19:33,193.164.196.50
2014-03-19 13:19:33,193.164.196.30
2014-03-19 13:19:33,193.164.196.60
2014-03-19 13:19:33,193.164.197.40
2014-03-19 13:19:33,static.leboncoin.fr
2014-03-19 13:19:33,193.164.197.30
2014-03-19 13:19:33,www.leboncoin.fr
2014-03-19 13:19:33,193.164.197.50
2014-03-19 13:19:33,193.164.196.40
2014-03-19 13:19:34,193.164.197.30
2014-03-19 13:19:34,193.164.197.40
2014-03-19 13:19:34,193.164.197.60
2014-03-19 13:19:34,193.164.196.30
2014-03-19 13:19:34,193.164.196.60
2014-03-19 13:19:34,193.164.196.40
2014-03-19 13:19:34,193.164.196.50
2014-03-19 13:19:34,deliv.leboncoin.fr
2014-03-19 13:19:34,static.leboncoin.fr
2014-03-19 13:19:34,compteperso.leboncoin.fr
2014-03-19 13:19:40,compteperso.leboncoin.fr
2014-03-19 13:19:46,193.164.196.40
2014-03-19 13:19:46,www.google.com
2014-03-19 13:19:46,193.164.196.30
2014-03-19 13:19:46,deliv.leboncoin.fr
2014-03-19 13:19:46,193.164.196.60
2014-03-19 13:19:46,193.164.197.40
2014-03-19 13:19:46,193.164.197.30
2014-03-19 13:19:46,www.leboncoin.fr
2014-03-19 13:19:46,193.164.196.50
2014-03-19 13:19:46,193.164.197.50
2014-03-19 13:19:47,deliv.leboncoin.fr
2014-03-19 13:19:47,www.google.com
2014-03-19 13:19:49,www.facebook.com
2014-03-19 13:19:50,193.164.196.40
2014-03-19 13:19:50,static.leboncoin.fr
2014-03-19 13:19:50,www.leboncoin.fr
2014-03-19 13:19:51,deliv.leboncoin.fr
2014-03-19 13:19:51,static.leboncoin.fr
2014-03-19 13:19:51,193.164.196.40
2014-03-19 13:19:58,193.164.196.60
2014-03-19 13:19:58,www.leboncoin.fr
2014-03-19 13:19:58,static.leboncoin.fr
2014-03-19 13:19:58,193.164.196.40
2014-03-19 13:19:58,193.164.197.30
2014-03-19 13:19:58,193.164.196.30
2014-03-19 13:19:58,deliv.leboncoin.fr
2014-03-19 13:19:58,193.164.197.40
2014-03-19 13:19:59,193.164.196.30
2014-03-19 13:20:17,193.164.197.30
2014-03-19 13:20:18,193.164.196.60
2014-03-19 13:21:56,static.leboncoin.fr
2014-03-19 13:21:56,www.leboncoin.fr
2014-03-19 13:21:57,static.leboncoin.fr
2014-03-19 13:21:57,deliv.leboncoin.fr
2014-03-19 13:21:58,193.164.197.60
2014-03-19 13:21:58,www.leboncoin.fr
2014-03-19 13:21:58,193.164.196.30
2014-03-19 13:21:58,193.164.197.40
2014-03-19 13:21:58,deliv.leboncoin.fr
2014-03-19 13:21:58,static.leboncoin.fr
2014-03-19 13:21:59,deliv.leboncoin.fr
2014-03-19 13:22:06,www.leboncoin.fr
2014-03-19 13:22:06,193.164.197.50
2014-03-19 13:22:07,deliv.leboncoin.fr
2014-03-19 13:22:07,www.google.com
2014-03-19 13:22:09,193.164.196.30
2014-03-19 13:22:09,193.164.196.40
2014-03-19 13:22:09,193.164.196.50
2014-03-19 13:22:09,www.leboncoin.fr
2014-03-19 13:22:09,deliv.leboncoin.fr
2014-03-19 13:22:09,static.leboncoin.fr
2014-03-19 13:22:10,deliv.leboncoin.fr
2014-03-19 13:22:30,deliv.leboncoin.fr
2014-03-19 13:22:30,static.leboncoin.fr
2014-03-19 13:22:31,deliv.leboncoin.fr
2014-03-19 13:22:32,deliv.leboncoin.fr
2014-03-19 13:22:32,www.google.com
2014-03-19 13:22:33,static.leboncoin.fr
2014-03-19 13:22:35,apis.google.com
2014-03-19 13:22:36,www.google.com
2014-03-19 13:23:04,apis.google.com
2014-03-19 13:23:04,www.google.fr
2014-03-19 13:23:04,news.sportauto.fr
2014-03-19 13:23:04,www.google.com
2014-03-19 13:23:05,www.gravatar.com
2014-03-19 13:23:05,connect.facebook.net
2014-03-19 13:23:05,emailretargeting.com
2014-03-19 13:23:05,news.sportauto.fr
2014-03-19 13:23:05,static.sportauto.fr
2014-03-19 13:23:05,platform.twitter.com
2014-03-19 13:23:06,www.gravatar.com
2014-03-19 13:23:06,dc1w54.wysistat.com
2014-03-19 13:23:06,static.sportauto.fr
2014-03-19 13:23:06,i1.wp.com
2014-03-19 13:23:06,news.sportauto.fr
2014-03-19 13:23:07,static.ak.facebook.com
2014-03-19 13:23:07,static.sportauto.fr
2014-03-19 13:23:07,news.sportauto.fr
2014-03-19 13:23:07,apis.google.com
2014-03-19 13:23:07,s-static.ak.facebook.com
2014-03-19 13:23:07,www.youtube.com
2014-03-19 13:23:08,s3-eu-west-1.amazonaws.com
2014-03-19 13:23:08,medias.autoplus.fr
2014-03-19 13:23:09,platform.twitter.com
2014-03-19 13:23:09,t.datvantage.com
2014-03-19 13:23:09,www.facebook.com
2014-03-19 13:23:09,s.ytimg.com
2014-03-19 13:23:09,videosfr.s3.amazonaws.com
2014-03-19 13:23:09,medias.autoplus.fr
2014-03-19 13:23:10,apis.google.com
2014-03-19 13:23:11,i1.ytimg.com
2014-03-19 13:23:11,accounts.google.com
2014-03-19 13:23:11,medias.autoplus.fr
2014-03-19 13:23:12,apis.google.com
2014-03-19 13:23:12,accounts.google.com
2014-03-19 13:23:13,twitter.com
2014-03-19 13:23:13,i1.ytimg.com
2014-03-19 13:23:14,www.google.com
2014-03-19 13:23:15,static.sportauto.fr
2014-03-19 13:23:22,twitter.com
2014-03-19 13:23:22,apis.google.com
2014-03-19 13:23:22,s3-eu-west-1.amazonaws.com
2014-03-19 13:23:22,platform.twitter.com
2014-03-19 13:23:22,www.gravatar.com
2014-03-19 13:23:22,news.sportauto.fr
2014-03-19 13:23:22,static.sportauto.fr
2014-03-19 13:23:22,connect.facebook.net
2014-03-19 13:23:23,i1.wp.com
2014-03-19 13:23:23,static.ak.facebook.com
2014-03-19 13:23:23,static.sportauto.fr
2014-03-19 13:23:23,www.gravatar.com
2014-03-19 13:23:23,dc1w54.wysistat.com
2014-03-19 13:23:23,news.sportauto.fr
2014-03-19 13:23:23,t.datvantage.com
2014-03-19 13:23:23,s-static.ak.facebook.com
2014-03-19 13:23:24,www.youtube.com
2014-03-19 13:23:24,medias.autoplus.fr
2014-03-19 13:23:24,www.facebook.com
2014-03-19 13:23:24,platform.twitter.com
2014-03-19 13:23:24,videosfr.s3.amazonaws.com
2014-03-19 13:23:24,apis.google.com
2014-03-19 13:23:25,medias.autoplus.fr
2014-03-19 13:23:25,accounts.google.com
2014-03-19 13:23:25,apis.google.com
2014-03-19 13:23:26,videosfr.s3.amazonaws.com
2014-03-19 13:23:26,twitter.com
2014-03-19 13:23:28,i1.ytimg.com
2014-03-19 13:23:52,static.sportauto.fr
2014-03-19 13:23:52,news.sportauto.fr
2014-03-19 13:23:53,dc1w54.wysistat.com
2014-03-19 13:23:53,news.sportauto.fr
2014-03-19 13:23:53,connect.facebook.net
2014-03-19 13:23:53,static.sportauto.fr
2014-03-19 13:23:53,www.gravatar.com
2014-03-19 13:23:53,platform.twitter.com
2014-03-19 13:23:53,i1.wp.com
2014-03-19 13:23:54,static.ak.facebook.com
2014-03-19 13:23:54,s-static.ak.facebook.com
2014-03-19 13:23:54,medias.autoplus.fr
2014-03-19 13:23:54,www.youtube.com
2014-03-19 13:23:54,news.sportauto.fr
2014-03-19 13:23:54,static.sportauto.fr
2014-03-19 13:23:54,t.datvantage.com
2014-03-19 13:23:54,apis.google.com
2014-03-19 13:23:54,i1.wp.com
2014-03-19 13:23:54,s3-eu-west-1.amazonaws.com
2014-03-19 13:23:55,medias.autoplus.fr
2014-03-19 13:23:55,platform.twitter.com
2014-03-19 13:23:55,videosfr.s3.amazonaws.com
2014-03-19 13:23:55,apis.google.com
2014-03-19 13:23:55,www.facebook.com
2014-03-19 13:23:56,medias.autoplus.fr
2014-03-19 13:23:56,videosfr.s3.amazonaws.com
2014-03-19 13:23:56,apis.google.com
2014-03-19 13:23:57,accounts.google.com
2014-03-19 13:23:57,twitter.com
2014-03-19 13:23:57,i1.ytimg.com
2014-03-19 13:24:51,www.google.fr
2014-03-19 13:25:10,www.google.fr
2014-03-19 13:25:10,fr.youtube.com
2014-03-19 13:25:11,www.google.fr
2014-03-19 13:25:11,s.ytimg.com
2014-03-19 13:25:11,www.youtube.com
2014-03-19 13:25:11,i1.ytimg.com
2014-03-19 13:25:12,s.ytimg.com
2014-03-19 13:25:13,apis.google.com
2014-03-19 13:25:13,i1.ytimg.com
2014-03-19 13:25:13,s.ytimg.com
2014-03-19 13:25:14,s.ytimg.com
2014-03-19 13:25:15,s.ytimg.com
2014-03-19 13:25:15,accounts.google.com
2014-03-19 13:25:15,apis.google.com
2014-03-19 13:25:15,clients1.google.com
2014-03-19 13:25:16,yt3.ggpht.com
2014-03-19 13:25:16,clients1.google.com
2014-03-19 13:25:17,clients1.google.com
2014-03-19 13:25:17,yt3.ggpht.com
2014-03-19 13:25:18,s.ytimg.com
2014-03-19 13:25:18,yt3.ggpht.com
2014-03-19 13:25:19,clients1.google.com
2014-03-19 13:25:19,s.ytimg.com
2014-03-19 13:25:20,www.google.com
2014-03-19 13:25:20,clients1.google.com
2014-03-19 13:25:20,www.youtube.com
2014-03-19 13:25:21,yt3.ggpht.com
2014-03-19 13:25:21,apis.google.com
2014-03-19 13:25:21,i1.ytimg.com
2014-03-19 13:25:21,s.ytimg.com
2014-03-19 13:25:22,i2.ytimg.com
2014-03-19 13:25:22,i1.ytimg.com
2014-03-19 13:25:22,s.ytimg.com
2014-03-19 13:25:23,ea.numericable.fr
2014-03-19 13:25:23,ad.publicidees.com
2014-03-19 13:25:27,www.youtube.com
2014-03-19 13:25:27,r2---sn-gxo5uxg-jqbe.googlevideo.com
2014-03-19 13:25:27,www.youtube-nocookie.com
2014-03-19 13:25:27,s.ytimg.com
2014-03-19 13:25:27,i1.ytimg.com
2014-03-19 13:25:27,yt3.ggpht.com
2014-03-19 13:25:28,s.youtube.com
2014-03-19 13:25:28,www.google.com
2014-03-19 13:25:28,s.ytimg.com
2014-03-19 13:25:29,gdata.youtube.com
2014-03-19 13:25:29,i1.ytimg.com
2014-03-19 13:25:29,www.youtube.com
2014-03-19 13:25:30,gdata.youtube.com
2014-03-19 13:25:30,i1.ytimg.com
2014-03-19 13:25:30,s.youtube.com
2014-03-19 13:25:30,apis.google.com
2014-03-19 13:25:30,plus.googleapis.com
2014-03-19 13:25:31,plus.googleapis.com
2014-03-19 13:25:31,gdata.youtube.com
2014-03-19 13:25:31,www.youtube.com
2014-03-19 13:25:31,r4---sn-gxo5uxg-jqbe.googlevideo.com
2014-03-19 13:25:33,r4---sn-gxo5uxg-jqbe.googlevideo.com
2014-03-19 13:25:33,www.youtube.com
2014-03-19 13:25:34,plus.googleapis.com
2014-03-19 13:25:34,r4---sn-gxo5uxg-jqbe.googlevideo.com
2014-03-19 13:25:34,www.youtube.com
2014-03-19 13:25:34,s.youtube.com
2014-03-19 13:25:39,s.youtube.com
2014-03-19 13:25:40,www.youtube.com
2014-03-19 13:25:41,www.youtube.com
2014-03-19 13:25:41,www.google.com
2014-03-19 13:25:41,s.youtube.com
2014-03-19 13:25:41,r2---sn-gxo5uxg-jqbe.googlevideo.com
2014-03-19 13:25:42,s.youtube.com
2014-03-19 13:25:44,r2---sn-gxo5uxg-jqbe.googlevideo.com
2014-03-19 13:25:45,s.youtube.com
2014-03-19 13:25:49,r2---sn-gxo5uxg-jqbe.googlevideo.com
2014-03-19 13:25:49,s.youtube.com
2014-03-19 13:25:51,s.youtube.com
2014-03-19 13:25:53,i1.ytimg.com
2014-03-19 13:25:53,s.youtube.com
2014-03-19 13:25:59,s.youtube.com
2014-03-19 13:26:02,s.youtube.com
2014-03-19 13:26:05,r2---sn-gxo5uxg-jqbe.googlevideo.com
2014-03-19 13:26:11,r2---sn-gxo5uxg-jqbe.googlevideo.com
2014-03-19 13:26:21,s.youtube.com
2014-03-19 13:26:22,r2---sn-gxo5uxg-jqbe.googlevideo.com
2014-03-19 13:26:38,r2---sn-gxo5uxg-jqbe.googlevideo.com
2014-03-19 13:26:40,r2---sn-gxo5uxg-jqbe.googlevideo.com
2014-03-19 13:26:46,s.youtube.com
2014-03-19 13:26:51,s.youtube.com
2014-03-19 13:26:52,i1.ytimg.com
2014-03-19 13:26:54,r2---sn-gxo5uxg-jqbe.googlevideo.com
2014-03-19 13:27:01,i1.ytimg.com
2014-03-19 13:27:05,r2---sn-gxo5uxg-jqbe.googlevideo.com
2014-03-19 13:27:10,r2---sn-gxo5uxg-jqbe.googlevideo.com
2014-03-19 13:27:16,i1.ytimg.com
2014-03-19 13:27:16,r2---sn-gxo5uxg-jqbe.googlevideo.com
2014-03-19 13:27:17,r2---sn-gxo5uxg-jqbe.googlevideo.com
2014-03-19 13:27:18,r2---sn-gxo5uxg-jqbe.googlevideo.com
2014-03-19 13:27:21,s.youtube.com
2014-03-19 13:27:24,i1.ytimg.com
2014-03-19 13:27:26,s.youtube.com
2014-03-19 13:27:27,r2---sn-gxo5uxg-jqbe.googlevideo.com
2014-03-19 13:27:28,r2---sn-gxo5uxg-jqbe.googlevideo.com
2014-03-19 13:27:29,r2---sn-gxo5uxg-jqbe.googlevideo.com
2014-03-19 13:27:30,r2---sn-gxo5uxg-jqbe.googlevideo.com
2014-03-19 13:27:31,s.youtube.com
2014-03-19 13:27:35,i1.ytimg.com
2014-03-19 13:27:37,r2---sn-gxo5uxg-jqbe.googlevideo.com
2014-03-19 13:27:46,r2---sn-gxo5uxg-jqbe.googlevideo.com
2014-03-19 13:27:57,clients1.google.com
2014-03-19 13:27:58,clients1.google.com
2014-03-19 13:27:59,clients1.google.com
2014-03-19 13:28:00,clients1.google.com
2014-03-19 13:28:01,s.youtube.com
2014-03-19 13:28:02,clients1.google.com
2014-03-19 13:28:02,r2---sn-gxo5uxg-jqbe.googlevideo.com
2014-03-19 13:28:03,clients1.google.com
2014-03-19 13:28:03,r2---sn-gxo5uxg-jqbe.googlevideo.com
2014-03-19 13:28:04,clients1.google.com
2014-03-19 13:28:04,www.google.com
2014-03-19 13:28:05,i1.ytimg.com
2014-03-19 13:28:05,www.youtube.com
2014-03-19 13:28:06,i1.ytimg.com
2014-03-19 13:28:06,s.youtube.com
2014-03-19 13:28:08,www.groupon.fr
2014-03-19 13:28:09,apis.google.com
2014-03-19 13:28:09,i1.ytimg.com
2014-03-19 13:28:09,yt3.ggpht.com
2014-03-19 13:28:09,www.youtube.com
2014-03-19 13:28:09,r4---sn-gxo5uxg-jqbe.googlevideo.com
2014-03-19 13:28:09,s.ytimg.com
2014-03-19 13:28:10,i1.ytimg.com
2014-03-19 13:28:10,s.youtube.com
2014-03-19 13:28:10,r4---sn-gxo5uxg-jqbe.googlevideo.com
2014-03-19 13:28:10,www.youtube.com
2014-03-19 13:28:11,plus.googleapis.com
2014-03-19 13:28:13,r4---sn-gxo5uxg-jqbe.googlevideo.com
2014-03-19 13:28:15,s.youtube.com
2014-03-19 13:28:19,s.youtube.com
2014-03-19 13:28:20,s.youtube.com
2014-03-19 13:28:27,s.ytimg.com
2014-03-19 13:28:27,i1.ytimg.com
2014-03-19 13:28:30,s.youtube.com
2014-03-19 13:28:40,s.youtube.com
2014-03-19 13:28:48,www.youtube.com
2014-03-19 13:28:49,s.youtube.com
2014-03-19 13:28:52,s.youtube.com
2014-03-19 13:28:53,s.youtube.com
2014-03-19 13:28:53,www.youtube.com
2014-03-19 13:28:53,i1.ytimg.com
2014-03-19 13:28:54,adventori.com
2014-03-19 13:28:56,i1.ytimg.com
2014-03-19 13:28:57,i1.ytimg.com
2014-03-19 13:29:38,clients1.google.com
2014-03-19 13:29:39,clients1.google.com
2014-03-19 13:29:40,www.google.com
2014-03-19 13:29:40,www.youtube.com
2014-03-19 13:29:42,i1.ytimg.com
2014-03-19 13:29:42,www.youtube.com
2014-03-19 13:29:47,r2---sn-gxo5uxg-jqbe.googlevideo.com
2014-03-19 13:29:47,www.youtube-nocookie.com
2014-03-19 13:29:47,www.youtube.com
2014-03-19 13:29:47,i1.ytimg.com
2014-03-19 13:29:47,s.youtube.com
2014-03-19 13:29:48,www.youtube.com
2014-03-19 13:29:49,r2---sn-gxo5uxg-jqbe.googlevideo.com
2014-03-19 13:29:50,plus.googleapis.com
2014-03-19 13:29:50,s.youtube.com
2014-03-19 13:29:50,r2---sn-gxo5uxg-jqbe.googlevideo.com
2014-03-19 13:29:51,s.youtube.com
2014-03-19 13:29:51,clients1.google.com
2014-03-19 13:29:52,clients1.google.com
2014-03-19 13:29:52,r2---sn-gxo5uxg-jqbe.googlevideo.com
2014-03-19 13:29:53,clients1.google.com
2014-03-19 13:29:54,clients1.google.com
2014-03-19 13:29:54,s.youtube.com
2014-03-19 13:29:55,clients1.google.com
2014-03-19 13:29:57,r2---sn-gxo5uxg-jqbe.googlevideo.com
2014-03-19 13:29:57,clients1.google.com
2014-03-19 13:29:58,s.youtube.com
2014-03-19 13:29:58,clients1.google.com
2014-03-19 13:29:59,www.youtube.com
2014-03-19 13:29:59,clients1.google.com
2014-03-19 13:30:00,clients1.google.com
2014-03-19 13:30:02,s.youtube.com
2014-03-19 13:30:03,www.google.com
2014-03-19 13:30:04,i1.ytimg.com
2014-03-19 13:30:04,www.youtube.com
2014-03-19 13:30:05,www.youtube.com
2014-03-19 13:30:05,s.youtube.com
2014-03-19 13:30:06,www.youtube.com
2014-03-19 13:30:06,r2---sn-gxo5uxg-jqbe.googlevideo.com
2014-03-19 13:30:06,www.youtube-nocookie.com
2014-03-19 13:30:07,i1.ytimg.com
2014-03-19 13:30:07,www.youtube.com
2014-03-19 13:30:07,s.ytimg.com
2014-03-19 13:30:07,s.youtube.com
2014-03-19 13:30:07,yt3.ggpht.com
2014-03-19 13:30:07,lh4.ggpht.com
2014-03-19 13:30:08,i1.ytimg.com
2014-03-19 13:30:08,r2---sn-gxo5uxg-jqbe.googlevideo.com
2014-03-19 13:30:08,www.youtube.com
2014-03-19 13:30:08,lh4.ggpht.com
2014-03-19 13:30:09,plus.googleapis.com
2014-03-19 13:30:10,s.youtube.com
2014-03-19 13:30:10,r2---sn-gxo5uxg-jqbe.googlevideo.com
2014-03-19 13:30:11,r2---sn-gxo5uxg-jqbe.googlevideo.com
2014-03-19 13:30:12,r2---sn-gxo5uxg-jqbe.googlevideo.com
2014-03-19 13:30:13,s.youtube.com
2014-03-19 13:30:14,s.youtube.com
2014-03-19 13:30:15,r2---sn-gxo5uxg-jqbe.googlevideo.com
2014-03-19 13:30:16,s.youtube.com
2014-03-19 13:30:18,www.youtube.com
2014-03-19 13:30:24,s.youtube.com
2014-03-19 13:30:27,r2---sn-gxo5uxg-jqbe.googlevideo.com
2014-03-19 13:30:30,r2---sn-gxo5uxg-jqbe.googlevideo.com
2014-03-19 13:30:34,s.youtube.com
2014-03-19 13:30:42,r2---sn-gxo5uxg-jqbe.googlevideo.com
2014-03-19 13:30:46,s.youtube.com
2014-03-19 13:30:49,r2---sn-gxo5uxg-jqbe.googlevideo.com
2014-03-19 13:30:57,r2---sn-gxo5uxg-jqbe.googlevideo.com
2014-03-19 13:31:06,r2---sn-gxo5uxg-jqbe.googlevideo.com
2014-03-19 13:31:12,r2---sn-gxo5uxg-jqbe.googlevideo.com
2014-03-19 13:31:16,s.youtube.com
2014-03-19 13:31:23,r2---sn-gxo5uxg-jqbe.googlevideo.com
2014-03-19 13:31:27,r2---sn-gxo5uxg-jqbe.googlevideo.com
2014-03-19 13:31:40,r2---sn-gxo5uxg-jqbe.googlevideo.com
2014-03-19 13:31:42,r2---sn-gxo5uxg-jqbe.googlevideo.com
2014-03-19 13:31:45,www.youtube.com
2014-03-19 13:31:45,plus.googleapis.com
2014-03-19 13:31:46,plus.googleapis.com
