timestamp,site
2013-05-12 10:23:16,fpdownload2.macromedia.com
2013-05-12 10:23:16,go.microsoft.com
2013-05-12 10:23:17,js.microsoft.com
2013-05-12 10:23:17,windows.microsoft.com
2013-05-12 10:23:17,ajax.microsoft.com
2013-05-12 10:23:17,res1.windows.microsoft.com
2013-05-12 10:23:17,res2.windows.microsoft.com
2013-05-12 10:23:20,www.google.fr
2013-05-12 10:23:31,www.google.fr
2013-05-12 10:23:32,apis.google.com
2013-05-12 10:23:34,www.google.com
2013-05-12 10:23:49,www.google.fr
2013-05-12 10:23:49,www.google.com
2013-05-12 10:23:49,apis.google.com
2013-05-12 10:23:50,www.google.fr
2013-05-12 10:23:51,fr.wikipedia.org
2013-05-12 10:23:51,bits.wikimedia.org
2013-05-12 10:23:54,www.google.fr
2013-05-12 10:23:54,nte-serveur.univ-lyon1.fr
2013-05-12 10:24:33,ieonline.microsoft.com
2013-05-12 10:24:49,www.google.fr
2013-05-12 10:24:49,fr.wikipedia.org
2013-05-12 10:24:49,bits.wikimedia.org
2013-05-12 10:24:50,bits.wikimedia.org
2013-05-12 10:24:50,fr.wikipedia.org
2013-05-12 10:24:50,meta.wikimedia.org
2013-05-12 10:24:51,meta.wikimedia.org
2013-05-12 10:24:51,bits.wikimedia.org
2013-05-12 10:24:53,www.les-mathematiques.net
2013-05-12 10:24:53,www.google.fr
2013-05-12 10:24:54,www.les-mathematiques.net
2013-05-12 10:24:55,www.les-mathematiques.net
2013-05-12 10:24:58,www.les-mathematiques.net
2013-05-12 10:24:59,www.les-mathematiques.net
2013-05-12 10:25:04,login.wikimedia.org
2013-05-12 10:25:04,fr.wikipedia.org
2013-05-12 10:25:04,bits.wikimedia.org
2013-05-12 10:26:04,login.wikimedia.org
2013-05-12 10:26:04,bits.wikimedia.org
2013-05-12 10:26:05,fr.wikipedia.org
2013-05-12 10:42:40,www.bing.com
2013-05-12 10:42:41,www.bing.com
2013-05-12 10:42:42,www.bing.com
2013-05-12 10:42:42,cms.abmr.net
2013-05-12 10:42:44,www.bing.com
2013-05-12 10:42:47,www.bing.com
2013-05-12 10:42:48,www.bing.com
2013-05-12 10:42:49,www.ilemaths.net
2013-05-12 10:42:49,login.live.com
2013-05-12 10:42:50,www.ilemaths.net
2013-05-12 10:42:51,www.ilemaths.net
2013-05-12 10:42:52,www.ilemaths.net
2013-05-12 10:42:52,login.live.com
2013-05-12 10:42:53,www.ilemaths.net
2013-05-12 10:42:57,www.ilemaths.net
2013-05-12 11:21:14,www.google.fr
2013-05-12 11:21:26,www.google.fr
2013-05-12 11:21:27,apis.google.com
2013-05-12 11:21:29,www.google.com
2013-05-12 11:22:09,apis.google.com
2013-05-12 11:22:09,www.google.com
2013-05-12 11:22:09,www.google.fr
2013-11-18 08:01:22,gtssl-ocsp.geotrust.com
2013-11-18 08:01:27,gtssl-ocsp.geotrust.com
2013-11-18 08:01:31,clients1.google.com
2013-11-18 08:01:32,gtglobal-ocsp.geotrust.com
2013-11-18 08:01:32,geo.mozilla.org
2013-11-18 08:01:32,clients1.google.com
2013-11-18 08:01:36,www.google.fr
2013-11-18 08:01:37,ocsp.usertrust.com
2013-11-18 08:01:37,ocsp.tcs.terena.org
2013-11-18 08:01:37,clients1.google.com
2013-11-18 08:04:16,safebrowsing.clients.google.com
2013-11-18 08:04:16,safebrowsing-cache.google.com
2013-11-18 08:04:17,safebrowsing-cache.google.com
2013-11-18 08:04:26,www.google.com
2013-11-18 08:04:28,apis.google.com
2013-11-18 08:04:29,www.google.fr
2013-11-18 08:04:32,id.google.fr
2013-11-18 08:07:10,sb-ssl.google.com
2013-11-18 08:07:10,ocsp.thawte.com
2013-11-18 08:09:10,ocsp.verisign.com
2013-11-18 08:11:10,ocsp.digicert.com
2013-11-18 08:35:41,safebrowsing.clients.google.com
2013-11-18 08:35:41,safebrowsing-cache.google.com
2013-11-18 08:35:42,safebrowsing-cache.google.com
2013-11-18 08:44:06,www.google.com
2013-11-18 08:47:07,www.google.com
2013-11-18 08:47:08,id.google.fr
2013-11-18 08:47:11,www.google.fr
2013-11-18 08:47:49,www.google.fr
2013-11-18 08:47:49,svground.fr
2013-11-18 08:47:50,i.creativecommons.org
2013-11-18 08:47:50,svground.fr
2013-11-18 08:48:28,www.google.fr
2013-11-18 08:48:29,svground.fr
2013-11-18 08:53:16,www.google.com
2013-11-18 08:53:19,www.google.fr
2013-11-18 08:59:16,www.google.fr
2013-11-18 08:59:17,jean-luc.massat.perso.luminy.univ-amu.fr
2013-11-18 08:59:18,jean-luc.massat.perso.luminy.univ-amu.fr
2013-11-18 08:59:18,pages-perso.luminy.univmed.fr
2013-11-18 09:02:09,www.google.fr
2013-11-18 09:05:01,safebrowsing.clients.google.com
2013-11-18 09:05:01,safebrowsing-cache.google.com
2013-11-18 09:09:10,www.google.fr
2013-11-18 09:09:10,www.liafa.jussieu.fr
2013-11-18 09:09:11,www.liafa.jussieu.fr
2013-11-18 09:10:49,www.google.fr
2013-11-18 09:14:01,edutechwiki.unige.ch
2013-11-18 09:14:01,tecfa.unige.ch
2013-11-18 09:14:01,www.google.fr
2013-11-18 09:14:02,edutechwiki.unige.ch
2013-11-18 09:14:03,edutechwiki.unige.ch
2013-11-18 09:15:38,www.u-picardie.fr
2013-11-18 09:15:38,www.google.fr
2013-11-18 09:15:39,www.u-picardie.fr
2013-11-18 09:18:26,www.google.com
2013-11-18 09:18:30,www.google.fr
2013-11-18 09:26:09,s-static.ak.facebook.com
2013-11-18 09:26:17,s-static.ak.facebook.com
2013-11-18 09:26:48,twitter.com
2013-11-18 09:28:38,www.google.com
2013-11-18 09:28:42,www.google.fr
2013-11-18 09:29:05,accounts.google.com
2013-11-18 09:29:12,apis.google.com
2013-11-18 09:29:22,s-static.ak.facebook.com
2013-11-18 09:29:28,s-static.ak.facebook.com
2013-11-18 09:29:59,twitter.com
2013-11-18 09:32:22,apis.google.com
2013-11-25 08:07:00,clients1.google.com
2013-11-25 08:07:00,gtglobal-ocsp.geotrust.com
2013-11-25 08:07:04,www.google.fr
2013-11-25 08:07:09,ocsp.tcs.terena.org
2013-11-25 08:07:09,clients1.google.com
2013-11-25 08:07:09,ocsp.usertrust.com
2013-11-25 08:07:10,clients1.google.com
2013-11-25 08:07:19,www.google.fr
2013-11-25 08:07:53,safebrowsing-cache.google.com
2013-11-25 08:07:53,safebrowsing.clients.google.com
2013-11-25 08:07:54,safebrowsing-cache.google.com
2013-11-25 08:09:32,ocsp.thawte.com
2013-11-25 08:09:57,www.google.com
2013-11-25 08:09:58,apis.google.com
2013-11-25 08:09:59,www.google.fr
2013-11-25 08:10:48,sb-ssl.google.com
2013-11-25 08:11:19,mail.google.com
2013-11-25 08:11:19,clients1.google.com
2013-11-25 08:11:19,gmail.com
2013-11-25 08:11:20,clients1.google.com
2013-11-25 08:11:32,ocsp.verisign.com
2013-11-25 08:11:49,clients1.google.com
2013-11-25 08:11:51,clients1.google.com
2013-11-25 08:13:32,ocsp.digicert.com
2013-11-25 08:14:39,accounts.google.fr
2013-11-25 08:14:39,accounts.google.com
2013-11-25 08:14:39,accounts.youtube.com
2013-11-25 08:14:44,www.google.com
2013-11-25 08:14:44,clients2.google.com
2013-11-25 08:14:45,apis.google.com
2013-11-25 08:14:45,plus.google.com
2013-11-25 08:14:46,chatenabled.mail.google.com
2013-11-25 08:20:58,apis.google.com
2013-11-25 08:22:37,drive.google.com
2013-11-25 08:22:58,clients6.google.com
2013-11-25 08:25:40,plus.google.com
2013-11-25 08:34:56,plus.google.com
2013-11-25 08:37:10,safebrowsing.clients.google.com
2013-11-25 08:37:10,safebrowsing-cache.google.com
2013-11-25 08:37:11,safebrowsing-cache.google.com
2013-11-25 08:40:38,ajax.googleapis.com
2013-11-25 08:40:39,css.maxdesign.com.au
2013-11-25 08:40:39,evsecure-ocsp.verisign.com
2013-11-25 08:40:40,connect.facebook.net
2013-11-25 08:40:41,static.ak.facebook.com
2013-11-25 08:40:41,apis.google.com
2013-11-25 08:40:42,www.facebook.com
2013-11-25 08:40:42,www.google.com
2013-11-25 08:40:42,s-static.ak.facebook.com
2013-11-25 08:40:44,www.google.com
2013-11-25 08:40:45,clients1.google.com
2013-11-25 08:41:27,apis.google.com
2013-11-25 08:41:27,static.ak.facebook.com
2013-11-25 08:41:28,s-static.ak.facebook.com
2013-11-25 08:41:30,www.facebook.com
2013-11-25 08:41:47,s-static.ak.facebook.com
2013-11-25 08:41:47,static.ak.facebook.com
2013-11-25 08:41:47,apis.google.com
2013-11-25 08:41:49,hal9000.redintelligence.net
2013-11-25 08:41:50,hal9000.redintelligence.net
2013-11-25 08:41:50,n29.hal9000.redintelligence.net
2013-11-25 08:41:51,ea.numericable.fr
2013-11-25 08:41:52,rapidssl-ocsp.geotrust.com
2013-11-25 08:41:52,www.facebook.com
2013-11-25 08:42:03,s-static.ak.facebook.com
2013-11-25 08:42:03,apis.google.com
2013-11-25 08:42:03,static.ak.facebook.com
2013-11-25 08:42:07,www.facebook.com
2013-11-25 08:42:17,xslttest.appspot.com
2013-11-25 08:42:18,platform.twitter.com
2013-11-25 08:42:18,xslttest.appspot.com
2013-11-25 08:42:19,static.ak.facebook.com
2013-11-25 08:42:19,xslttest.appspot.com
2013-11-25 08:42:19,platform.twitter.com
2013-11-25 08:42:19,www.facebook.com
2013-11-25 08:42:19,s-static.ak.facebook.com
2013-11-25 08:42:20,xslttest.appspot.com
2013-11-25 08:42:21,xslttest.appspot.com
2013-11-25 08:42:21,evsecure-ocsp.verisign.com
2013-11-25 08:42:22,xslttest.appspot.com
2013-11-25 08:42:34,www.paypalobjects.com
2013-11-25 08:42:35,www.paypalobjects.com
2013-11-25 08:42:45,xslttest.appspot.com
2013-11-25 08:42:51,twitter.com
2013-11-25 08:43:03,xslttest.appspot.com
2013-11-25 08:43:04,xslttest.appspot.com
2013-11-25 08:43:14,clients6.google.com
2013-11-25 08:43:17,static.ak.facebook.com
2013-11-25 08:43:17,apis.google.com
2013-11-25 08:43:19,s-static.ak.facebook.com
2013-11-25 08:43:21,www.facebook.com
2013-11-25 08:43:30,apis.google.com
2013-11-25 08:43:31,s-static.ak.facebook.com
2013-11-25 08:43:31,static.ak.facebook.com
2013-11-25 08:43:34,www.facebook.com
2013-11-25 08:43:50,apis.google.com
2013-11-25 08:43:51,static.ak.facebook.com
2013-11-25 08:43:52,s-static.ak.facebook.com
2013-11-25 08:43:56,www.facebook.com
2013-11-25 08:44:05,apis.google.com
2013-11-25 08:44:05,static.ak.facebook.com
2013-11-25 08:44:05,s-static.ak.facebook.com
2013-11-25 08:44:09,www.facebook.com
2013-11-25 08:44:14,connect.facebook.net
2013-11-25 08:44:23,apis.google.com
2013-11-25 08:44:23,s-static.ak.facebook.com
2013-11-25 08:44:23,static.ak.facebook.com
2013-11-25 08:44:31,www.facebook.com
2013-11-25 08:44:37,s-static.ak.facebook.com
2013-11-25 08:44:37,apis.google.com
2013-11-25 08:44:37,static.ak.facebook.com
2013-11-25 08:44:40,www.facebook.com
2013-11-25 08:44:57,plus.google.com
2013-11-25 08:45:07,apis.google.com
2013-11-25 08:45:08,static.ak.facebook.com
2013-11-25 08:45:09,s-static.ak.facebook.com
2013-11-25 08:45:11,www.facebook.com
2013-11-25 08:45:13,accounts.google.com
2013-11-25 08:45:18,apis.google.com
2013-11-25 08:45:19,s-static.ak.facebook.com
2013-11-25 08:45:19,static.ak.facebook.com
2013-11-25 08:45:23,www.facebook.com
2013-11-25 08:46:42,apis.google.com
2013-11-25 08:46:43,s-static.ak.facebook.com
2013-11-25 08:46:43,static.ak.facebook.com
2013-11-25 08:46:50,apis.google.com
2013-11-25 08:46:50,static.ak.facebook.com
2013-11-25 08:46:50,s-static.ak.facebook.com
2013-11-25 08:46:52,www.facebook.com
2013-11-25 08:47:41,s-static.ak.facebook.com
2013-11-25 08:47:41,static.ak.facebook.com
2013-11-25 08:47:41,apis.google.com
2013-11-25 08:47:43,www.facebook.com
2013-11-25 08:47:53,apis.google.com
2013-11-25 08:47:53,static.ak.facebook.com
2013-11-25 08:47:53,s-static.ak.facebook.com
2013-11-25 08:47:56,www.facebook.com
2013-11-25 08:48:24,static.ak.facebook.com
2013-11-25 08:48:24,apis.google.com
2013-11-25 08:48:25,s-static.ak.facebook.com
2013-11-25 08:48:27,www.facebook.com
2013-11-25 08:48:47,apis.google.com
2013-11-25 08:48:48,static.ak.facebook.com
2013-11-25 08:48:48,s-static.ak.facebook.com
2013-11-25 08:48:50,www.facebook.com
2013-11-25 08:49:45,apis.google.com
2013-11-25 08:49:45,static.ak.facebook.com
2013-11-25 08:49:45,s-static.ak.facebook.com
2013-11-25 08:49:49,www.facebook.com
2013-11-25 08:49:54,apis.google.com
2013-11-25 08:49:54,s-static.ak.facebook.com
2013-11-25 08:49:54,static.ak.facebook.com
2013-11-25 08:49:58,www.facebook.com
2013-11-25 08:50:10,apis.google.com
2013-11-25 08:50:10,static.ak.facebook.com
2013-11-25 08:50:11,s-static.ak.facebook.com
2013-11-25 08:50:13,www.facebook.com
2013-11-25 08:50:34,static.ak.facebook.com
2013-11-25 08:50:34,apis.google.com
2013-11-25 08:50:34,s-static.ak.facebook.com
2013-11-25 08:50:37,www.facebook.com
2013-11-25 08:50:50,apis.google.com
2013-11-25 08:50:51,static.ak.facebook.com
2013-11-25 08:50:51,s-static.ak.facebook.com
2013-11-25 08:50:53,www.facebook.com
2013-11-25 08:51:09,apis.google.com
2013-11-25 08:51:09,static.ak.facebook.com
2013-11-25 08:51:09,s-static.ak.facebook.com
2013-11-25 08:51:12,www.facebook.com
2013-11-25 08:52:59,static.ak.facebook.com
2013-11-25 08:52:59,apis.google.com
2013-11-25 08:53:00,s-static.ak.facebook.com
2013-11-25 08:53:07,apis.google.com
2013-11-25 08:53:07,static.ak.facebook.com
2013-11-25 08:53:08,s-static.ak.facebook.com
2013-11-25 08:53:11,www.facebook.com
2013-11-25 08:54:57,plus.google.com
2013-11-25 08:55:23,apis.google.com
2013-11-25 08:55:23,s-static.ak.facebook.com
2013-11-25 08:55:23,static.ak.facebook.com
2013-11-25 08:55:26,www.facebook.com
2013-11-25 08:55:34,apis.google.com
2013-11-25 08:55:34,static.ak.facebook.com
2013-11-25 08:55:34,s-static.ak.facebook.com
2013-11-25 08:55:37,www.facebook.com
2013-11-25 08:55:43,apis.google.com
2013-11-25 08:55:43,static.ak.facebook.com
2013-11-25 08:55:44,s-static.ak.facebook.com
2013-11-25 08:55:47,www.facebook.com
2013-11-25 08:56:06,s-static.ak.facebook.com
2013-11-25 08:56:06,static.ak.facebook.com
2013-11-25 08:56:06,apis.google.com
2013-11-25 08:56:10,www.facebook.com
2013-11-25 08:56:54,apis.google.com
2013-11-25 08:56:55,s-static.ak.facebook.com
2013-11-25 08:56:55,static.ak.facebook.com
2013-11-25 08:56:57,www.facebook.com
2013-11-25 08:58:16,apis.google.com
2013-11-25 08:58:16,connect.facebook.net
2013-11-25 08:58:17,s-static.ak.facebook.com
2013-11-25 08:58:17,static.ak.facebook.com
2013-11-25 08:58:20,www.facebook.com
2013-11-25 08:58:29,clients6.google.com
2013-11-25 08:58:38,www.commentcamarche.net
2013-11-25 08:58:38,www.google.fr
2013-11-25 08:58:38,static.ccm2.net
2013-11-25 08:58:38,r.ccm2.net
2013-11-25 08:58:38,ba.commentcamarche.net
2013-11-25 08:58:39,kh6qrx0f8h.s.ad6media.fr
2013-11-25 08:58:39,static.ccm2.net
2013-11-25 08:58:39,style2.ad6.fr
2013-11-25 08:58:39,ba.commentcamarche.net
2013-11-25 08:58:40,static.ccm2.net
2013-11-25 08:58:41,ba.commentcamarche.net
2013-11-25 08:58:41,s-static.ak.facebook.com
2013-11-25 08:58:41,connect.facebook.net
2013-11-25 08:58:41,static.ak.facebook.com
2013-11-25 08:58:42,its.tradelab.fr
2013-11-25 08:58:42,static.ccm2.net
2013-11-25 08:58:42,www.facebook.com
2013-11-25 08:58:42,platform.twitter.com
2013-11-25 08:58:42,static.ccmbg.com
2013-11-25 08:58:44,kh6qrx0f8h.s.ad6media.fr
2013-11-25 08:58:44,www.facebook.com
2013-11-25 08:58:44,static.ccm2.net
2013-11-25 08:58:48,www.commentcamarche.net
2013-11-25 08:58:48,www.facebook.com
2013-11-25 08:59:14,twitter.com
2013-11-25 08:59:41,apis.google.com
2013-11-25 08:59:41,static.ak.facebook.com
2013-11-25 08:59:42,s-static.ak.facebook.com
2013-11-25 08:59:42,its.tradelab.fr
2013-11-25 08:59:44,www.facebook.com
2013-11-25 09:00:10,apis.google.com
2013-11-25 09:00:11,static.ak.facebook.com
2013-11-25 09:00:11,s-static.ak.facebook.com
2013-11-25 09:00:13,www.facebook.com
2013-11-25 09:00:32,apis.google.com
2013-11-25 09:00:34,static.ak.facebook.com
2013-11-25 09:00:34,s-static.ak.facebook.com
2013-11-25 09:00:37,www.facebook.com
2013-11-25 09:01:25,www.google.com
2013-11-25 09:01:27,plus.google.com
2013-11-25 09:01:28,www.google.fr
2013-11-25 09:01:32,ajax.googleapis.com
2013-11-25 09:01:40,s-static.ak.facebook.com
2013-11-25 09:01:40,static.ak.facebook.com
2013-11-25 09:01:40,apis.google.com
2013-11-25 09:01:43,www.facebook.com
2013-11-25 09:01:52,apis.google.com
2013-11-25 09:01:52,static.ak.facebook.com
2013-11-25 09:01:52,s-static.ak.facebook.com
2013-11-25 09:01:55,www.facebook.com
2013-11-25 09:03:05,apis.google.com
2013-11-25 09:03:05,static.ak.facebook.com
2013-11-25 09:03:06,s-static.ak.facebook.com
2013-11-25 09:03:10,www.facebook.com
2013-11-25 09:04:57,plus.google.com
2013-11-25 09:06:05,apis.google.com
2013-11-25 09:06:41,safebrowsing-cache.google.com
2013-11-25 09:06:41,safebrowsing.clients.google.com
2013-11-25 09:06:42,safebrowsing-cache.google.com
2013-11-25 09:08:53,ocsp.tcs.terena.org
2013-11-25 09:08:53,ocsp.usertrust.com
2013-11-25 09:08:59,mail.google.com
2013-11-25 09:13:35,gtssl-ocsp.geotrust.com
2013-11-25 09:13:37,gtssl-ocsp.geotrust.com
2013-11-25 09:13:42,www.google.com
2013-11-25 09:13:42,clients1.google.com
2013-11-25 09:13:42,gtglobal-ocsp.geotrust.com
2013-11-25 09:13:43,geo.mozilla.org
2013-11-25 09:13:47,www.google.fr
2013-11-25 09:13:48,clients1.google.com
2013-11-25 09:13:48,mail.google.com
2013-11-25 09:13:52,clients1.google.com
2013-11-25 09:13:56,clients1.google.com
2013-11-25 09:15:17,safebrowsing.clients.google.com
2013-11-25 09:15:17,safebrowsing-cache.google.com
2013-11-25 09:15:18,safebrowsing-cache.google.com
2013-11-25 09:16:08,mail.google.com
2013-11-25 09:16:08,clients6.google.com
2013-11-25 09:16:08,clients2.google.com
2013-11-25 09:16:08,chatenabled.mail.google.com
2013-11-25 09:16:08,accounts.google.com
2013-11-25 09:16:08,www.google.fr
2013-11-25 09:16:08,www.google.com
2013-11-25 09:16:08,apis.google.com
2013-11-25 09:16:08,plus.google.com
2014-02-17 15:50:24,hotmail.fr
2014-02-17 15:50:38,login.live.com
2014-02-17 15:50:56,login.live.com
2014-02-17 15:51:18,login.live.com
2014-02-17 15:51:27,mail.live.com
2014-02-17 15:51:32,dub111.mail.live.com
2014-02-17 15:51:34,cid-b060d032cf040a5b.users.storage.live.com
2014-02-17 15:51:35,dub111.mail.live.com
2014-02-17 15:51:35,people.directory.live.com
2014-02-17 15:51:35,js.live.net
2014-02-17 15:51:35,secure.shared.live.com
2014-02-17 15:51:36,dub111.mail.live.com
2014-02-17 15:51:37,secure.shared.live.com
2014-02-17 15:51:38,go.trouter.io
2014-02-17 15:51:38,storage.live.com
2014-02-17 15:51:38,windowslive.tt.omtrdc.net
2014-02-17 15:51:39,people.directory.live.com
2014-02-17 15:51:40,secure.shared.live.com
2014-02-17 15:51:42,byfiles.storage.msn.com
2014-02-17 15:51:43,windowslive.tt.omtrdc.net
2014-02-17 15:51:43,dub111.mail.live.com
2014-02-17 15:51:43,h.live.com
2014-02-17 15:51:44,h.live.com
2014-02-17 15:51:44,dub111.mail.live.com
2014-02-17 15:52:41,h.live.com
2014-02-17 15:52:42,h.live.com
2014-02-17 15:52:43,h.live.com
2014-02-17 15:52:44,h.live.com
2014-02-17 15:52:47,ieonline.microsoft.com
2014-02-17 15:53:23,dub111.mail.live.com
2014-02-17 15:54:37,dub111.mail.live.com
2014-02-17 15:57:46,people.directory.live.com
2014-02-17 16:27:09,dub111.mail.live.com
2014-02-17 16:29:30,h2.msn.com
2014-02-17 16:29:53,g.msn.com
2014-02-17 16:30:24,dub111.mail.live.com
2014-02-17 16:33:34,h2.msn.com
2014-02-17 16:52:29,people.directory.live.com
2014-02-17 16:53:58,dub111.mail.live.com
2014-02-17 16:54:02,g.msn.com
2014-02-17 16:54:04,dub111.afx.ms
2014-02-17 16:54:44,cid-b060d032cf040a5b.users.storage.live.com
2014-02-17 16:57:37,people.directory.live.com
2014-02-17 17:31:44,go.trouter.io
2014-02-17 17:31:48,people.directory.live.com
2014-02-24 16:33:13,www.google.fr
2014-02-24 16:33:26,www.google.fr
2014-02-24 16:33:27,apis.google.com
2014-02-24 16:33:29,www.google.com
2014-02-24 16:33:39,www.google.com
2014-02-24 16:33:39,www.linternaute.com
2014-02-24 16:33:39,apis.google.com
2014-02-24 16:33:39,www.google.fr
2014-02-24 16:33:40,static.ccmbg.com
2014-02-24 16:33:40,r.ccmbg.com
2014-02-24 16:33:40,ajax.googleapis.com
2014-02-24 16:33:40,www.linternaute.com
2014-02-24 16:33:41,pixel.alephd.com
2014-02-24 16:33:41,cdc.linternaute.com
2014-02-24 16:33:41,home.edt02.net
2014-02-24 16:33:41,www.linternaute.com
2014-02-24 16:33:41,p.ccmbg.com
2014-02-24 16:33:41,fpdownload2.macromedia.com
2014-02-24 16:33:41,player.ooyala.com
2014-02-24 16:33:41,static.ccmbg.com
2014-02-24 16:33:42,mm.eulerian.net
2014-02-24 16:33:42,r.ccmbg.com
2014-02-24 16:33:42,static.ccmbg.com
2014-02-24 16:33:42,player.ooyala.com
2014-02-24 16:33:42,www.facebook.com
2014-02-24 16:33:42,its.tradelab.fr
2014-02-24 16:33:42,www.linternaute.com
2014-02-24 16:33:42,ak.c.ooyala.com
2014-02-24 16:33:42,www.francetvinfo.fr
2014-02-24 16:33:42,pixel.alephd.com
2014-02-24 16:33:43,www.facebook.com
2014-02-24 16:33:43,connect.facebook.net
2014-02-24 16:33:43,cdn-api.ooyala.com
2014-02-24 16:33:43,platform.twitter.com
2014-02-24 16:33:43,r.ccmbg.com
2014-02-24 16:33:43,static.ccmbg.com
2014-02-24 16:33:43,video.journaldesfemmes.com
2014-02-24 16:33:43,www.linternaute.com
2014-02-24 16:33:43,www.francetvinfo.fr
2014-02-24 16:33:43,player.ooyala.com
2014-02-24 16:33:44,platform.twitter.com
2014-02-24 16:33:44,player.ooyala.com
2014-02-24 16:33:44,ak.c.ooyala.com
2014-02-24 16:33:44,static.ak.facebook.com
2014-02-24 16:33:44,www.facebook.com
2014-02-24 16:33:44,www.linkedin.com
2014-02-24 16:33:44,apis.google.com
2014-02-24 16:33:45,widgets.pinterest.com
2014-02-24 16:33:45,apis.google.com
2014-02-24 16:33:45,player.ooyala.com
2014-02-24 16:33:45,ak.c.ooyala.com
2014-02-24 16:33:45,ec.c.ooyala.com
2014-02-24 16:33:45,opf.ooyala.com
2014-02-24 16:33:45,l.ooyala.com
2014-02-24 16:33:46,platform.twitter.com
2014-02-24 16:33:46,ak.c.ooyala.com
2014-02-24 16:33:47,l.ooyala.com
2014-02-24 16:33:48,l.ooyala.com
2014-02-24 16:33:50,l.ooyala.com
2014-02-24 16:33:53,twitter.com
2014-02-24 16:33:54,its.tradelab.fr
2014-02-24 16:33:56,twitter.com
2014-02-24 16:33:56,platform.twitter.com
2014-02-24 16:34:17,ieonline.microsoft.com
2014-02-24 16:35:40,www.bing.com
2014-02-24 16:35:41,www.bing.com
2014-02-24 16:35:41,cms.abmr.net
2014-02-24 16:35:41,mail.google.com
2014-02-24 16:35:50,www.bing.com
2014-02-24 16:35:51,login.live.com
2014-02-24 16:35:53,accounts.google.com
2014-02-24 16:35:55,mail.google.com
2014-02-24 16:35:58,mail.google.com
2014-02-24 16:35:58,www.google.com
2014-02-24 16:35:58,accounts.google.com
2014-02-24 16:36:00,apis.google.com
2014-02-24 16:36:01,mail.google.com
2014-02-24 16:36:01,www.google.com
2014-02-24 16:36:05,apis.google.com
2014-02-24 16:36:05,ssl.bing.com
2014-02-24 16:36:12,accounts.youtube.com
2014-02-24 16:36:14,apis.google.com
2014-02-24 16:36:20,accounts.google.fr
2014-02-24 16:36:22,plus.google.com
2014-02-24 16:36:22,accounts.google.com
2014-02-24 16:36:22,accounts.youtube.com
2014-02-24 16:36:22,accounts.google.fr
2014-02-24 16:36:22,www.google.com
2014-02-24 16:36:22,clients2.google.com
2014-02-24 16:36:22,mail.google.com
2014-02-24 16:36:23,clients2.google.com
2014-02-24 16:36:26,chatenabled.mail.google.com
2014-02-24 16:36:26,mail.google.com
2014-02-24 16:36:34,plus.google.com
2014-02-24 16:36:34,chatenabled.mail.google.com
2014-02-24 16:36:34,apis.google.com
2014-02-24 16:36:35,plus.google.com
2014-02-24 16:36:35,mail.google.com
2014-02-24 16:36:36,plus.google.com
2014-02-24 16:36:37,drive.google.com
2014-02-24 16:36:38,plus.google.com
2014-02-24 16:36:39,drive.google.com
2014-02-24 16:37:05,drive.google.com
2014-02-24 16:37:05,clients6.google.com
2014-02-24 16:37:19,mail.google.com
2014-02-24 16:38:23,mail.google.com
2014-02-24 16:41:05,apis.google.com
2014-02-24 16:41:05,clients6.google.com
2014-02-24 16:41:19,plus.google.com
2014-02-24 16:42:24,mail.google.com
2014-02-24 16:50:28,plus.google.com
2014-02-24 16:50:38,plus.google.com
2014-02-24 16:56:06,mail.google.com
2014-02-24 17:01:07,mail.google.com
2014-02-24 17:02:47,www.bing.com
2014-02-24 17:02:50,www.bing.com
2014-02-24 17:02:53,www.bing.com
2014-02-24 17:02:54,www.bing.com
2014-02-24 17:02:59,login.live.com
2014-02-24 17:04:34,player.vimeo.com
2014-02-24 17:06:14,apis.google.com
2014-02-24 17:08:07,mail.google.com
2014-02-24 17:10:38,plus.google.com
2014-02-24 17:13:04,mail.google.com
2014-02-24 17:13:05,mail.google.com
2014-03-02 15:55:46,www.oracle.com
2014-03-02 15:55:47,www.oracle.com
2014-03-02 15:55:47,apex.oracle.com
2014-03-02 16:46:31,js.microsoft.com
2014-03-02 16:46:31,ajax.microsoft.com
2014-03-02 16:46:31,res1.windows.microsoft.com
2014-03-02 16:46:31,windows.microsoft.com
2014-03-02 16:46:31,go.microsoft.com
2014-03-02 16:46:31,res2.windows.microsoft.com
2014-03-02 16:46:35,www.bing.com
2014-03-02 16:46:36,www.bing.com
2014-03-02 16:46:37,mail.google.com
2014-03-02 16:46:37,www.bing.com
2014-03-02 16:46:37,cms.abmr.net
2014-03-02 16:46:43,www.bing.com
2014-03-02 16:46:44,mail.google.com
2014-03-02 16:46:46,www.bing.com
2014-03-02 16:46:47,login.live.com
2014-03-02 16:46:48,mail.google.com
2014-03-02 16:46:48,accounts.google.com
2014-03-02 16:46:49,accounts.google.com
2014-03-02 16:46:50,accounts.google.com
2014-03-02 16:46:53,accounts.youtube.com
2014-03-02 16:47:04,accounts.google.fr
2014-03-02 16:47:05,mail.google.com
2014-03-02 16:47:06,mail.google.com
2014-03-02 16:47:07,mail.google.com
2014-03-02 16:47:09,accounts.google.com
2014-03-02 16:47:09,mail.google.com
2014-03-02 16:47:09,clients2.google.com
2014-03-02 16:47:09,apis.google.com
2014-03-02 16:47:09,plus.google.com
2014-03-02 16:47:09,accounts.google.fr
2014-03-02 16:47:09,accounts.youtube.com
2014-03-02 16:47:10,clients2.google.com
2014-03-02 16:47:11,www.google.com
2014-03-02 16:47:12,plus.google.com
2014-03-02 16:47:12,accounts.google.com
2014-03-02 16:47:13,chatenabled.mail.google.com
2014-03-02 16:47:13,mail.google.com
2014-03-02 16:47:28,www.google.com
2014-03-02 16:47:28,mail.google.com
2014-03-02 16:47:28,apis.google.com
2014-03-02 16:47:28,drive.google.com
2014-03-02 16:47:28,plus.google.com
2014-03-02 16:47:28,chatenabled.mail.google.com
2014-03-02 16:47:38,plus.google.com
2014-03-02 16:47:41,plus.google.com
2014-03-02 16:47:58,plus.google.com
2014-03-02 16:48:03,clients6.google.com
2014-03-02 16:49:39,ieonline.microsoft.com
2014-03-02 16:49:49,go.microsoft.com
2014-03-02 16:51:38,drive.google.com
2014-03-02 16:51:38,mail.google.com
2014-03-02 16:51:39,mail.google.com
2014-03-02 16:51:41,drive.google.com
2014-03-02 16:52:06,apis.google.com
2014-03-02 16:52:06,clients6.google.com
2014-03-02 16:52:13,plus.google.com
2014-03-02 17:01:15,plus.google.com
2014-03-02 17:01:25,plus.google.com
2014-03-02 17:03:10,mail.google.com
2014-03-02 17:06:54,mail.google.com
2014-03-02 17:11:54,mail.google.com
2014-03-02 17:16:54,mail.google.com
2014-03-02 17:21:25,plus.google.com
2014-03-02 17:21:54,mail.google.com
2014-03-02 17:26:54,mail.google.com
2014-03-02 17:29:10,mail.google.com
2014-03-02 17:30:40,mail.google.com
2014-03-03 16:17:08,login.live.com
2014-03-03 16:17:10,accounts.google.com
2014-03-03 16:17:11,accounts.google.com
2014-03-03 16:17:12,accounts.google.com
2014-03-03 16:17:15,accounts.youtube.com
2014-03-03 16:17:29,mail.google.com
2014-03-03 16:17:46,accounts.google.fr
2014-03-03 16:17:48,clients2.google.com
2014-03-03 16:17:48,apis.google.com
2014-03-03 16:17:48,mail.google.com
2014-03-03 16:17:48,accounts.youtube.com
2014-03-03 16:17:48,accounts.google.com
2014-03-03 16:17:48,accounts.google.fr
2014-03-03 16:17:49,plus.google.com
2014-03-03 16:17:49,mail.google.com
2014-03-03 16:17:49,apis.google.com
2014-03-03 16:17:50,accounts.google.com
2014-03-03 16:17:51,www.google.com
2014-03-03 16:17:52,chatenabled.mail.google.com
2014-03-03 16:17:53,mail.google.com
2014-03-03 16:18:02,www.google.com
2014-03-03 16:18:45,mail.google.com
2014-03-03 16:18:45,plus.google.com
2014-03-03 16:18:45,chatenabled.mail.google.com
2014-03-03 16:18:46,mail.google.com
2014-03-03 16:18:46,plus.google.com
2014-03-03 16:18:50,drive.google.com
2014-03-03 16:19:01,plus.google.com
2014-03-03 16:19:15,mail.google.com
2014-03-03 16:19:15,clients6.google.com
2014-03-03 16:19:18,apis.google.com
2014-03-03 16:20:00,ieonline.microsoft.com
2014-03-03 16:21:46,mail.google.com
2014-03-03 16:21:47,mail.google.com
2014-03-03 16:21:47,plus.google.com
2014-03-03 16:21:47,clients6.google.com
2014-03-03 16:21:47,apis.google.com
2014-03-03 16:21:47,drive.google.com
2014-03-03 16:23:44,accounts.google.com
2014-03-03 16:23:47,mail.google.com
2014-03-03 16:23:49,accounts.google.com
2014-03-03 16:23:49,mail.google.com
2014-03-03 16:23:50,mail.google.com
2014-03-03 16:23:51,mail.google.com
2014-03-03 16:23:52,mail.google.com
2014-03-03 16:23:52,clients2.google.com
2014-03-03 16:23:52,www.google.com
2014-03-03 16:23:55,mail.google.com
2014-03-03 16:23:56,mail.google.com
2014-03-03 16:23:57,plus.google.com
2014-03-03 16:23:58,drive.google.com
2014-03-03 16:23:58,plus.google.com
2014-03-03 16:23:59,apis.google.com
2014-03-03 16:23:59,drive.google.com
2014-03-03 16:24:00,drive.google.com
2014-03-03 16:24:00,plus.google.com
2014-03-03 16:24:01,apis.google.com
2014-03-03 16:24:01,accounts.google.com
2014-03-03 16:24:02,plus.google.com
2014-03-03 16:24:02,chatenabled.mail.google.com
2014-03-03 16:24:03,mail.google.com
2014-03-03 16:24:04,chatenabled.mail.google.com
2014-03-03 16:24:04,mail.google.com
2014-03-03 16:24:04,apis.google.com
2014-03-03 16:24:04,clients6.google.com
2014-03-03 16:24:04,plus.google.com
2014-03-03 16:24:05,drive.google.com
2014-03-03 16:24:15,drive.google.com
2014-03-03 16:27:16,drive.google.com
2014-03-03 16:27:25,clients6.google.com
2014-03-03 16:29:38,drive.google.com
2014-03-03 16:29:55,clients6.google.com
2014-03-03 16:30:20,plus.google.com
2014-03-03 16:30:21,apis.google.com
2014-03-03 16:30:21,plus.google.com
2014-03-03 16:30:22,talkgadget.google.com
2014-03-03 16:30:22,plus.google.com
2014-03-03 16:30:23,talkgadget.google.com
2014-03-03 16:30:23,apis.google.com
2014-03-03 16:30:23,plus.google.com
2014-03-03 16:30:23,clients6.google.com
2014-03-03 16:30:24,talkgadget.google.com
2014-03-03 16:30:26,accounts.google.com
2014-03-03 16:30:28,apis.google.com
2014-03-03 16:30:28,clients6.google.com
2014-03-03 16:30:33,plus.google.com
2014-03-03 16:30:34,talkgadget.google.com
2014-03-03 16:30:34,clients6.google.com
2014-03-03 16:30:34,plus.google.com
2014-03-03 16:30:34,accounts.google.com
2014-03-03 16:30:44,drive.google.com
2014-03-03 16:30:57,drive.google.com
2014-03-03 16:31:54,drive.google.com
2014-03-03 16:31:58,plus.google.com
2014-03-03 16:31:58,talkgadget.google.com
2014-03-03 16:32:36,plus.google.com
2014-03-03 16:32:38,clients6.google.com
2014-03-03 16:32:39,talkgadget.google.com
2014-03-03 16:32:44,plus.google.com
2014-03-03 16:32:47,plus.google.com
2014-03-03 16:32:49,clients6.google.com
2014-03-03 16:32:53,clients6.google.com
2014-03-03 16:32:53,plus.google.com
2014-03-03 16:33:12,talkgadget.google.com
2014-03-03 16:33:12,clients6.google.com
2014-03-03 16:33:12,plus.google.com
2014-03-03 16:33:13,talkgadget.google.com
2014-03-03 16:33:34,plus.google.com
2014-03-03 16:33:56,clients6.google.com
2014-03-03 16:34:27,apis.google.com
2014-03-03 16:34:40,apis.google.com
2014-03-03 16:35:08,plus.google.com
2014-03-03 16:35:09,plus.google.com
2014-03-03 16:35:11,plus.google.com
2014-03-03 16:35:12,plus.google.com
2014-03-03 16:35:17,plus.google.com
2014-03-03 16:35:29,www.google.com
2014-03-03 16:35:30,www.google.com
2014-03-03 16:35:31,www.google.com
2014-03-03 16:35:33,plus.google.com
2014-03-03 16:35:42,plus.google.com
2014-03-03 16:35:47,plus.google.com
2014-03-03 16:35:56,www.google.com
2014-03-03 16:35:56,plus.google.com
2014-03-03 16:35:57,www.google.com
2014-03-03 16:36:00,plus.google.com
2014-03-03 16:36:06,plus.google.com
2014-03-03 16:36:07,talkgadget.google.com
2014-03-03 16:36:07,plus.google.com
2014-03-03 16:36:08,plus.google.com
2014-03-03 16:36:08,clients6.google.com
2014-03-03 16:36:15,clients6.google.com
2014-03-03 16:36:16,clients6.google.com
2014-03-03 16:36:17,clients6.google.com
2014-03-03 16:36:19,clients6.google.com
2014-03-03 16:36:31,talkgadget.google.com
2014-03-03 16:36:32,talkgadget.google.com
2014-03-03 16:36:41,plus.google.com
2014-03-03 16:36:42,talkgadget.google.com
2014-03-03 16:36:42,plus.google.com
2014-03-03 16:37:11,plus.google.com
2014-03-03 16:37:12,plus.google.com
2014-03-03 16:37:13,plus.google.com
2014-03-03 16:37:38,www.google.com
2014-03-03 16:37:38,talkgadget.google.com
2014-03-03 16:37:38,plus.google.com
2014-03-03 16:37:41,plus.google.com
2014-03-03 16:38:07,plus.url.google.com
2014-03-03 16:38:07,plus.google.com
2014-03-03 16:38:07,talkgadget.google.com
2014-03-03 16:38:07,clients6.google.com
2014-03-03 16:38:42,apis.google.com
2014-03-03 16:38:45,drive.google.com
2014-03-03 16:38:45,mail.google.com
2014-03-03 16:38:46,mail.google.com
2014-03-03 16:38:54,www.google.com
2014-03-03 16:38:55,drive.google.com
2014-03-03 16:38:56,apis.google.com
2014-03-03 16:38:56,drive.google.com
2014-03-03 16:38:59,0.drive.google.com
2014-03-03 16:39:00,0.drive.google.com
2014-03-03 16:39:02,plus.google.com
2014-03-03 16:39:02,drive.google.com
2014-03-03 16:39:02,apis.google.com
2014-03-03 16:39:02,docs.google.com
2014-03-03 16:39:03,docs.google.com
2014-03-03 16:39:05,docs.google.com
2014-03-03 16:39:06,plus.google.com
2014-03-03 16:39:08,mail.google.com
2014-03-03 16:39:08,www.google.com
2014-03-03 16:39:08,docs.google.com
2014-03-03 16:39:09,www.google.com
2014-03-03 16:39:09,docs.google.com
2014-03-03 16:39:10,apis.google.com
2014-03-03 16:39:10,docs.google.com
2014-03-03 16:39:11,apis.google.com
2014-03-03 16:39:12,docs.google.com
2014-03-03 16:39:12,accounts.google.com
2014-03-03 16:39:13,0.docs.google.com
2014-03-03 16:39:13,apis.google.com
2014-03-03 16:39:14,clients6.google.com
2014-03-03 16:39:14,0.docs.google.com
2014-03-03 16:39:15,0.docs.google.com
2014-03-03 16:39:15,docs.google.com
2014-03-03 16:39:17,clients2.google.com
2014-03-03 16:39:27,1.docs.google.com
2014-03-03 16:39:56,gg.google.com
2014-03-03 16:40:07,0.drive.google.com
2014-03-03 16:40:44,0.drive.google.com
2014-03-03 16:43:04,drive.google.com
2014-03-03 16:43:17,drive.google.com
2014-03-03 16:43:17,docs.google.com
2014-03-03 16:43:17,clients2.google.com
2014-03-03 16:43:18,docs.google.com
2014-03-03 16:43:38,docs.google.com
2014-03-03 16:43:56,gg.google.com
2014-03-03 16:44:06,2.docs.google.com
2014-03-03 16:44:06,1.docs.google.com
2014-03-03 16:44:09,docs.google.com
2014-03-03 16:44:09,2.docs.google.com
2014-03-03 16:44:10,2.docs.google.com
2014-03-03 16:44:12,clients6.google.com
2014-03-03 16:44:15,docs.google.com
2014-03-03 16:44:23,drive.google.com
2014-03-03 16:44:23,0.drive.google.com
2014-03-03 16:44:23,mail.google.com
2014-03-03 16:44:24,mail.google.com
2014-03-03 16:44:24,0.docs.google.com
2014-03-03 16:44:28,3.docs.google.com
2014-03-03 16:44:29,3.docs.google.com
2014-03-03 16:44:30,plus.google.com
2014-03-03 16:45:23,drive.google.com
2014-03-03 16:45:31,plus.google.com
2014-03-03 16:45:37,docs.google.com
2014-03-03 16:46:34,mail.google.com
2014-03-03 16:46:34,docs.google.com
2014-03-03 16:46:34,clients6.google.com
2014-03-03 16:46:37,login.live.com
2014-03-03 16:46:39,accounts.google.com
2014-03-03 16:46:40,accounts.google.com
2014-03-03 16:47:23,docs.google.com
2014-03-03 16:47:51,docs.google.com
2014-03-03 16:47:53,clients2.google.com
2014-03-03 16:47:54,docs.google.com
2014-03-03 16:48:46,inputtools.google.com
2014-03-03 16:48:58,docs.google.com
2014-03-03 16:50:37,docs.google.com
2014-03-03 16:50:43,inputtools.google.com
2014-03-03 16:50:56,docs.google.com
2014-03-03 16:51:54,docs.google.com
2014-03-03 16:52:34,accounts.google.com
2014-03-03 16:52:50,docs.google.com
2014-03-03 16:52:51,3.docs.google.com
2014-03-03 16:52:51,docs.google.com
2014-03-03 16:52:51,2.docs.google.com
2014-03-03 16:52:52,plus.google.com
2014-03-03 17:16:42,login.live.com
2014-03-03 17:16:44,accounts.google.com
2014-03-03 17:16:46,accounts.google.com
2014-03-03 17:16:48,mail.google.com
2014-03-03 17:16:53,mail.google.com
2014-03-03 17:16:53,accounts.google.com
2014-03-03 17:16:56,mail.google.com
2014-03-03 17:17:04,mail.google.com
2014-03-03 17:17:05,clients2.google.com
2014-03-03 17:17:05,plus.google.com
2014-03-03 17:17:05,mail.google.com
2014-03-03 17:17:06,mail.google.com
2014-03-03 17:17:06,clients2.google.com
2014-03-03 17:17:06,www.google.com
2014-03-03 17:17:10,apis.google.com
2014-03-03 17:17:10,www.facebook.com
2014-03-03 17:17:10,accounts.google.com
2014-03-03 17:17:13,accounts.google.com
2014-03-03 17:17:17,login.live.com
2014-03-03 17:17:20,assets.zendesk.com
2014-03-03 17:18:38,apis.google.com
2014-03-03 17:18:41,apis.google.com
2014-03-03 17:19:51,apis.google.com
2014-03-03 17:19:54,www.facebook.com
2014-03-03 17:20:26,apis.google.com
2014-03-03 17:20:33,apis.google.com
2014-03-03 17:20:38,apis.google.com
2014-03-03 17:20:41,apis.google.com
2014-03-03 17:21:15,apis.google.com
2014-03-03 17:21:33,apis.google.com
2014-03-03 17:36:50,login.live.com
2014-03-03 17:36:53,accounts.google.com
2014-03-03 17:36:54,accounts.google.com
2014-03-03 17:36:57,mail.google.com
2014-03-03 17:37:00,accounts.google.com
2014-03-03 17:37:00,mail.google.com
2014-03-03 17:37:02,mail.google.com
2014-03-03 17:37:03,mail.google.com
2014-03-03 17:37:04,mail.google.com
2014-03-03 17:37:04,www.google.com
2014-03-03 17:37:05,mail.google.com
2014-03-03 17:37:05,apis.google.com
2014-03-03 17:37:05,www.google.com
2014-03-03 17:37:05,plus.google.com
2014-03-03 17:37:05,accounts.google.com
2014-03-03 17:37:06,mail.google.com
2014-03-03 17:37:08,mail.google.com
2014-03-03 17:37:08,chatenabled.mail.google.com
2014-03-03 17:37:09,chatenabled.mail.google.com
2014-03-03 17:37:09,apis.google.com
2014-03-03 17:37:45,mail.google.com
2014-03-03 17:37:45,plus.google.com
2014-03-03 17:39:52,mail.google.com
2014-03-03 17:39:53,mail.google.com
2014-03-03 17:39:53,plus.google.com
2014-03-17 16:02:31,clients1.google.com
2014-03-17 16:02:31,gtglobal-ocsp.geotrust.com
2014-03-17 16:02:32,clients1.google.com
2014-03-17 16:02:35,clients1.google.com
2014-03-17 16:02:35,apis.google.com
2014-03-17 16:02:35,www.google.fr
2014-03-17 16:02:35,mail.google.com
2014-03-17 16:02:36,clients1.google.com
2014-03-17 16:03:04,clients1.google.com
2014-03-17 16:03:20,gtssl-ocsp.geotrust.com
2014-03-17 16:04:17,ocsp.verisign.com
2014-03-17 16:05:16,safebrowsing.clients.google.com
2014-03-17 16:05:16,safebrowsing-cache.google.com
2014-03-17 16:05:32,id.google.fr
2014-03-17 16:05:32,www.google.fr
2014-03-17 16:05:55,accounts.youtube.com
2014-03-17 16:05:57,accounts.google.fr
2014-03-17 16:05:57,accounts.google.com
2014-03-17 16:05:59,clients2.google.com
2014-03-17 16:06:00,www.google.com
2014-03-17 16:06:00,chatenabled.mail.google.com
2014-03-17 16:06:17,ocsp.digicert.com
2014-03-17 16:06:37,apis.google.com
2014-03-17 16:06:37,drive.google.com
2014-03-17 16:06:56,plus.google.com
2014-03-17 16:07:04,clients6.google.com
2014-03-17 16:12:17,ocsp.thawte.com
2014-03-17 16:13:29,ocsp.tcs.terena.org
2014-03-17 16:13:29,ocsp.usertrust.com
2014-03-17 16:13:36,www.google.fr
2014-03-17 16:13:36,fr.youtube.com
2014-03-17 16:13:36,s.ytimg.com
2014-03-17 16:13:36,www.youtube.com
2014-03-17 16:13:37,s.ytimg.com
2014-03-17 16:13:37,www.youtube.com
2014-03-17 16:13:37,i1.ytimg.com
2014-03-17 16:13:37,s.youtube.com
2014-03-17 16:13:38,s.ytimg.com
2014-03-17 16:13:41,www.google.com
2014-03-17 16:13:42,www.youtube.com
2014-03-17 16:13:42,s.ytimg.com
2014-03-17 16:13:42,i1.ytimg.com
2014-03-17 16:13:45,www.youtube.com
2014-03-17 16:13:45,i1.ytimg.com
2014-03-17 16:13:45,r4---sn-gxo5uxg-jqbe.googlevideo.com
2014-03-17 16:13:45,s.youtube.com
2014-03-17 16:13:45,s.ytimg.com
2014-03-17 16:13:46,s.ytimg.com
2014-03-17 16:13:46,www.google.com
2014-03-17 16:13:50,i1.ytimg.com
2014-03-17 16:13:53,s.ytimg.com
2014-03-17 16:13:53,www.youtube.com
2014-03-17 16:13:57,www.youtube.com
2014-03-17 16:13:57,r4---sn-gxo5uxg-jqbe.googlevideo.com
2014-03-17 16:13:59,www.youtube.com
2014-03-17 16:13:59,s.youtube.com
2014-03-17 16:14:03,www.youtube.com
2014-03-17 16:14:04,s.youtube.com
2014-03-17 16:14:11,www.youtube.com
2014-03-17 16:14:11,s.ytimg.com
2014-03-17 16:14:12,www.youtube.com
2014-03-17 16:14:12,i1.ytimg.com
2014-03-17 16:14:26,www.youtube.com
2014-03-17 16:14:26,s.ytimg.com
2014-03-17 16:14:49,www.google.fr
2014-03-17 16:14:50,pierre.pire-lechalard.over-blog.com
2014-03-17 16:14:50,fdata.over-blog.net
2014-03-17 16:14:51,fdata.over-blog.net
2014-03-17 16:14:52,pierre.pire-lechalard.over-blog.com
2014-03-17 16:14:52,premium.hi-mediaserver.com
2014-03-17 16:14:52,creative.metalyzer.com
2014-03-17 16:14:52,eu-static03.sociomantic.com
2014-03-17 16:14:52,www.anonymousdmp.com
2014-03-17 16:14:52,www.audienceinsights.net
2014-03-17 16:14:52,yui.yahooapis.com
2014-03-17 16:14:52,fdata.over-blog.net
2014-03-17 16:14:53,fdata.over-blog.net
2014-03-17 16:14:53,pierre.pire-lechalard.over-blog.com
2014-03-17 16:14:53,eu-static03.sociomantic.com
2014-03-17 16:14:55,s-static.ak.facebook.com
2014-03-17 16:14:55,www.facebook.com
2014-03-17 16:14:55,static.ak.facebook.com
2014-03-17 16:14:55,connect.facebook.net
2014-03-17 16:14:55,platform.twitter.com
2014-03-17 16:14:55,platform.linkedin.com
2014-03-17 16:14:55,fdata.over-blog.net
2014-03-17 16:14:55,it3yv1v73b.s.ad6media.fr
2014-03-17 16:14:56,www.facebook.com
2014-03-17 16:14:56,evsecure-ocsp.verisign.com
2014-03-17 16:14:56,www.linkedin.com
2014-03-17 16:14:59,apnx-match.dotomi.com
2014-03-17 16:15:01,bright.bncnt.com
2014-03-17 16:15:02,pierre.pire-lechalard.over-blog.com
2014-03-17 16:15:02,fdata.over-blog.net
2014-03-17 16:15:02,m.ad6media.fr
2014-03-17 16:15:02,it3yv1v73b.s.ad6media.fr
2014-03-17 16:15:03,www.homair-villages.com
2014-03-17 16:15:04,www.audienceinsights.net
2014-03-17 16:15:04,www.homair-villages.com
2014-03-17 16:15:04,pierre.pire-lechalard.over-blog.com
2014-03-17 16:15:05,it3yv1v73b.s.ad6media.fr
2014-03-17 16:15:05,style2.ad6.fr
2014-03-17 16:15:05,fdata.over-blog.net
2014-03-17 16:15:05,www.facebook.com
2014-03-17 16:15:05,deliv.leboncoin.fr
2014-03-17 16:15:05,smart2.allocine.fr
2014-03-17 16:15:05,mfr.meteofrance.com
2014-03-17 16:15:05,deliv.bayard-pub.com
2014-03-17 16:15:05,premium.hi-mediaserver.com
2014-03-17 16:15:06,vyt3l67i3p.s.ad6media.fr
2014-03-17 16:15:06,fdata.over-blog.net
2014-03-17 16:15:06,www.facebook.com
2014-03-17 16:15:06,its.tradelab.fr
2014-03-17 16:15:07,platform.linkedin.com
2014-03-17 16:15:07,s-static.ak.facebook.com
2014-03-17 16:15:07,www.linkedin.com
2014-03-17 16:15:07,static.ak.facebook.com
2014-03-17 16:15:08,www.facebook.com
2014-03-17 16:15:09,ocsp.comodoca.com
2014-03-17 16:15:09,clients1.google.com
2014-03-17 16:15:10,c1.adform.net
2014-03-17 16:15:24,pixel2368.everesttech.net
2014-03-17 16:15:25,fdata.over-blog.net
2014-03-17 16:15:26,its.tradelab.fr
2014-03-17 16:15:37,twitter.com
2014-03-17 16:15:47,its.tradelab.fr
2014-03-17 16:15:48,www.linkedin.com
2014-03-17 16:15:57,www.facebook.com
2014-03-17 16:15:58,www.facebook.com
2014-03-17 16:15:59,www.facebook.com
2014-03-17 16:16:04,www.google.fr
2014-03-17 16:16:05,www.facebook.com
2014-03-17 16:16:05,ocsp.digicert.com
2014-03-17 16:16:05,fr.linkedin.com
2014-03-17 16:16:06,ocsp.digicert.com
2014-03-17 16:16:07,ocsp.entrust.net
2014-03-17 16:16:07,fr.linkedin.com
2014-03-17 16:16:07,www.linkedin.com
2014-03-17 16:16:29,id.google.fr
2014-03-17 16:16:33,clients6.google.com
2014-03-17 16:16:48,yt3.ggpht.com
2014-03-17 16:16:49,www.linkedin.com
2014-03-17 16:16:50,fr.linkedin.com
2014-03-17 16:16:52,gtssl-ocsp.geotrust.com
2014-03-17 16:16:53,rapidssl-ocsp.geotrust.com
2014-03-17 16:16:53,ocsp.digicert.com
2014-03-17 16:16:53,www.facebook.com
2014-03-17 16:16:56,www.linkedin.com
2014-03-17 16:16:57,fr.linkedin.com
2014-03-17 16:17:01,www.youtube.com
2014-03-17 16:17:02,s.ytimg.com
2014-03-17 16:17:12,clients1.google.com
2014-03-17 16:17:25,fr-fr.facebook.com
2014-03-17 16:17:52,accounts.google.com
2014-03-17 16:18:03,apis.google.com
2014-03-17 16:18:51,www.linkedin.com
2014-03-17 16:20:19,plus.google.com
2014-03-17 16:20:19,www.google.com
2014-03-17 16:20:22,www.google.fr
2014-03-17 16:24:45,plus.google.com
2014-03-17 16:36:12,plus.google.com
2014-03-17 16:39:34,www.google.com
2014-03-17 16:44:32,maps.google.fr
2014-03-17 16:44:32,www.google.com
2014-03-17 16:44:34,plus.google.com
2014-03-17 16:44:34,mt.google.com
2014-03-17 16:48:08,storage.googleapis.com
2014-03-17 16:48:10,mts0.google.com
2014-03-17 16:48:10,storage.googleapis.com
2014-03-17 16:48:37,mt.google.com
2014-03-17 16:50:27,ssl.panoramio.com
2014-03-17 16:50:41,geo1.ggpht.com
2014-03-17 16:50:41,geo0.ggpht.com
2014-03-17 16:50:45,geo2.ggpht.com
2014-03-17 16:50:48,geo1.ggpht.com
2014-03-17 16:50:48,geo2.ggpht.com
2014-03-17 16:50:48,geo3.ggpht.com
2014-03-17 16:52:01,geo0.ggpht.com
2014-03-17 16:52:01,storage.googleapis.com
2014-03-17 16:52:17,khms3.google.com
2014-03-17 16:52:17,khms1.google.com
2014-03-17 16:52:17,khms2.google.com
2014-03-17 16:52:17,khms0.google.com
2014-03-17 16:52:17,mts0.google.com
2014-03-17 16:52:22,static.panoramio.com.storage.googleapis.com
2014-03-17 16:52:28,www.google.fr
2014-03-17 16:56:11,plus.google.com
2014-03-17 17:04:13,mail.google.com
2014-03-17 17:08:12,www.google.com
2014-03-17 17:11:16,www.google.com
2014-03-17 17:11:20,clients1.google.fr
2014-03-17 17:11:21,plus.google.com
2014-03-17 17:12:13,www.google.fr
2014-03-17 17:16:12,plus.google.com
2014-03-17 17:19:56,mail.google.com
2014-03-24 15:56:07,clients1.google.com
2014-03-24 15:56:08,clients1.google.com
2014-03-24 15:56:08,gtglobal-ocsp.geotrust.com
2014-03-24 15:56:13,www.google.fr
2014-03-24 15:56:13,mail.google.com
2014-03-24 15:56:13,clients1.google.com
2014-03-24 15:56:14,clients1.google.com
2014-03-24 15:56:38,clients1.google.com
2014-03-24 15:57:03,gtssl-ocsp.geotrust.com
2014-03-24 15:57:27,images.20minutes.fr
2014-03-24 15:57:27,cache.20minutes.fr
2014-03-24 15:57:27,www.20minutes.fr
2014-03-24 15:57:27,www.google.fr
2014-03-24 15:57:28,images.20minutes.fr
2014-03-24 15:57:28,cache.20minutes.fr
2014-03-24 15:57:28,www.20minutes.fr
2014-03-24 15:57:28,ocsp.digicert.com
2014-03-24 15:57:28,www.facebook.com
2014-03-24 15:57:29,cache.20minutes.fr
2014-03-24 15:57:29,ce.lijit.com
2014-03-24 15:57:30,um.simpli.fi
2014-03-24 15:57:30,c1.adform.net
2014-03-24 15:57:30,fr.ad4mat.net
2014-03-24 15:57:31,www.20minutes.fr
2014-03-24 15:57:31,measure.20mn.fr
2014-03-24 15:57:31,cache.20minutes.fr
2014-03-24 15:57:32,static.ak.facebook.com
2014-03-24 15:57:32,connect.facebook.net
2014-03-24 15:57:32,s-static.ak.facebook.com
2014-03-24 15:57:32,platform.twitter.com
2014-03-24 15:57:32,cache.20minutes.fr
2014-03-24 15:57:33,yui.yahooapis.com
2014-03-24 15:57:33,cache.20minutes.fr
2014-03-24 15:57:40,www.facebook.com
2014-03-24 15:57:40,platform.twitter.com
2014-03-24 15:57:40,yui.yahooapis.com
2014-03-24 15:57:40,rp.gwallet.com
2014-03-24 15:57:40,evsecure-ocsp.verisign.com
2014-03-24 15:57:43,i1-js-14-3-01-10077-413994667-i.init.cedexis-radar.net
2014-03-24 15:57:43,paris.veepee.bench.cedexis.com
2014-03-24 15:57:44,safebrowsing-cache.google.com
2014-03-24 15:57:44,safebrowsing.clients.google.com
2014-03-24 15:57:46,onapp.cedexis.com
2014-03-24 15:57:47,onapp.cedexis.com
2014-03-24 15:57:47,radar.cedexis.swiftserve.com
2014-03-24 15:57:48,radar.cedexis.swiftserve.com
2014-03-24 15:57:49,ecvideo.aufeminin.com
2014-03-24 15:57:50,ecvideo.aufeminin.com
2014-03-24 15:57:54,www.20minutes.fr
2014-03-24 15:57:54,cache.20minutes.fr
2014-03-24 15:57:55,cache.20minutes.fr
2014-03-24 15:57:55,static.ak.facebook.com
2014-03-24 15:57:55,s-static.ak.facebook.com
2014-03-24 15:57:56,cache.20minutes.fr
2014-03-24 15:57:56,fr.ad4mat.net
2014-03-24 15:57:57,www.facebook.com
2014-03-24 15:57:59,ocsp.verisign.com
2014-03-24 15:58:01,cache.20minutes.fr
2014-03-24 15:58:21,www.20minutes.fr
2014-03-24 15:58:21,cache.20minutes.fr
2014-03-24 15:58:21,platform.twitter.com
2014-03-24 15:58:22,connect.facebook.net
2014-03-24 15:58:22,static.ak.facebook.com
2014-03-24 15:58:22,cache.20minutes.fr
2014-03-24 15:58:22,s-static.ak.facebook.com
2014-03-24 15:58:23,cache.20minutes.fr
2014-03-24 15:58:23,datatc.eveiletjeux.com
2014-03-24 15:58:24,ocsp.thawte.com
2014-03-24 15:58:24,www.facebook.com
2014-03-24 15:58:24,www.20minutes.fr
2014-03-24 15:58:25,cache.20minutes.fr
2014-03-24 15:58:26,twitter.com
2014-03-24 15:58:26,s-static.ak.facebook.com
2014-03-24 15:58:26,static.ak.facebook.com
2014-03-24 15:58:27,www.facebook.com
2014-03-24 15:58:42,www.20minutes.fr
2014-03-24 15:58:43,s-static.ak.facebook.com
2014-03-24 15:58:43,static.ak.facebook.com
2014-03-24 15:58:47,www.facebook.com
2014-03-24 15:58:48,pr.ybp.yahoo.com
2014-03-24 15:58:48,www.facebook.com
2014-03-24 15:58:53,www.20minutes.fr
2014-03-24 15:58:54,s-static.ak.facebook.com
2014-03-24 15:58:54,static.ak.facebook.com
2014-03-24 15:58:56,www.facebook.com
2014-03-24 15:59:05,www.20minutes.fr
2014-03-24 15:59:05,cache.20minutes.fr
2014-03-24 15:59:06,cache.20minutes.fr
2014-03-24 15:59:06,platform.twitter.com
2014-03-24 15:59:06,connect.facebook.net
2014-03-24 15:59:06,static.ak.facebook.com
2014-03-24 15:59:06,fr.ad4mat.net
2014-03-24 15:59:06,s-static.ak.facebook.com
2014-03-24 15:59:07,match.rtbidder.net
2014-03-24 15:59:07,www.facebook.com
2014-03-24 15:59:07,yui.yahooapis.com
2014-03-24 15:59:12,twitter.com
2014-03-24 15:59:29,accounts.youtube.com
2014-03-24 15:59:30,accounts.google.fr
2014-03-24 15:59:31,clients2.google.com
2014-03-24 15:59:32,chatenabled.mail.google.com
2014-03-24 15:59:36,www.20minutes.fr
2014-03-24 15:59:36,static.ak.facebook.com
2014-03-24 15:59:37,s-static.ak.facebook.com
2014-03-24 15:59:38,www.20minutes.fr
2014-03-24 15:59:39,static.ak.facebook.com
2014-03-24 15:59:39,s-static.ak.facebook.com
2014-03-24 15:59:47,www.20minutes.fr
2014-03-24 15:59:47,cache.20minutes.fr
2014-03-24 15:59:48,s-static.ak.facebook.com
2014-03-24 15:59:48,static.ak.facebook.com
2014-03-24 15:59:49,ocsp.comodoca.com
2014-03-24 15:59:49,clients1.google.com
2014-03-24 15:59:49,www.facebook.com
2014-03-24 15:59:50,www.20minutes.fr
2014-03-24 15:59:50,www.facebook.com
2014-03-24 15:59:50,ocsp.comodoca.com
2014-03-24 15:59:51,s-static.ak.facebook.com
2014-03-24 15:59:51,static.ak.facebook.com
2014-03-24 15:59:52,www.facebook.com
2014-03-24 15:59:53,www.facebook.com
2014-03-24 15:59:53,rbp.mxptint.net
2014-03-24 15:59:55,drive.google.com
2014-03-24 15:59:59,ocsp.digicert.com
2014-03-24 16:00:05,pixel2368.everesttech.net
2014-03-24 16:00:07,clients6.google.com
2014-03-24 16:00:20,www.google.com
2014-03-24 16:00:21,www.google.fr
2014-03-24 16:00:22,www.20minutes.fr
2014-03-24 16:00:23,twitter.com
2014-03-24 16:00:23,cache.20minutes.fr
2014-03-24 16:00:24,s-static.ak.facebook.com
2014-03-24 16:00:24,cache.20minutes.fr
2014-03-24 16:00:24,platform.twitter.com
2014-03-24 16:00:24,static.ak.facebook.com
2014-03-24 16:00:24,connect.facebook.net
2014-03-24 16:00:25,fr.ad4mat.net
2014-03-24 16:00:25,www.facebook.com
2014-03-24 16:00:25,yui.yahooapis.com
2014-03-24 16:00:28,plus.google.com
2014-03-24 16:00:29,accounts.google.com
2014-03-24 16:00:40,sb-ssl.google.com
2014-03-24 16:00:42,static.ak.facebook.com
2014-03-24 16:00:42,www.20minutes.fr
2014-03-24 16:00:43,s-static.ak.facebook.com
2014-03-24 16:00:43,static.ak.facebook.com
2014-03-24 16:00:44,static.ak.facebook.com
2014-03-24 16:00:45,s-static.ak.facebook.com
2014-03-24 16:00:45,static.ak.facebook.com
2014-03-24 16:00:46,www.facebook.com
2014-03-24 16:00:54,www.20minutes.fr
2014-03-24 16:00:55,static.ak.facebook.com
2014-03-24 16:00:55,s-static.ak.facebook.com
2014-03-24 16:01:02,www.20minutes.fr
2014-03-24 16:01:02,cache.20minutes.fr
2014-03-24 16:01:03,s-static.ak.facebook.com
2014-03-24 16:01:03,static.ak.facebook.com
2014-03-24 16:01:04,www.facebook.com
2014-03-24 16:01:10,twitter.com
2014-03-24 16:01:11,www.20minutes.fr
2014-03-24 16:01:11,static.ak.facebook.com
2014-03-24 16:01:11,s-static.ak.facebook.com
2014-03-24 16:01:12,rtb-pixel-ams1.everesttech.net
2014-03-24 16:01:18,www.facebook.com
2014-03-24 16:01:20,www.facebook.com
2014-03-24 16:01:20,www.20minutes.fr
2014-03-24 16:01:21,static.ak.facebook.com
2014-03-24 16:01:21,s-static.ak.facebook.com
2014-03-24 16:01:23,www.facebook.com
2014-03-24 16:01:37,www.20minutes.fr
2014-03-24 16:01:38,static.ak.facebook.com
2014-03-24 16:01:38,s-static.ak.facebook.com
2014-03-24 16:01:40,www.facebook.com
2014-03-24 16:01:50,s-static.ak.facebook.com
2014-03-24 16:01:50,static.ak.facebook.com
2014-03-24 16:01:51,s-static.ak.facebook.com
2014-03-24 16:01:51,static.ak.facebook.com
2014-03-24 16:01:52,static.ak.facebook.com
2014-03-24 16:01:52,s-static.ak.facebook.com
2014-03-24 16:01:53,static.ak.facebook.com
2014-03-24 16:01:53,s-static.ak.facebook.com
2014-03-24 16:01:56,fr.ad4mat.net
2014-03-24 16:01:57,measure.20mn.fr
2014-03-24 16:02:00,i1-js-14-3-01-10005-710386693-i.init.cedexis-radar.net
2014-03-24 16:02:02,origin-www.20minutes.fr
2014-03-24 16:02:03,cache.20minutes.fr
2014-03-24 16:02:03,www.20minutes.fr
2014-03-24 16:02:04,twitter.com
2014-03-24 16:02:04,static.mediabong.com
2014-03-24 16:02:04,www.dailymotion.com
2014-03-24 16:02:04,ajax.googleapis.com
2014-03-24 16:02:04,player.mediabong.com
2014-03-24 16:02:04,cache.20minutes.fr
2014-03-24 16:02:05,static.mediabong.com
2014-03-24 16:02:07,cache.20minutes.fr
2014-03-24 16:02:08,platform.twitter.com
2014-03-24 16:02:08,static.mediabong.com
2014-03-24 16:02:08,static.ak.facebook.com
2014-03-24 16:02:08,wtpn.twenga.fr
2014-03-24 16:02:08,cache.20minutes.fr
2014-03-24 16:02:09,s-static.ak.facebook.com
2014-03-24 16:02:09,rbx-cdn-tpn.c4tw.net
2014-03-24 16:02:09,static.mediabong.com
2014-03-24 16:02:09,i10.twenga.com
2014-03-24 16:02:09,www.google.com
2014-03-24 16:02:09,s0r.c4tw.net
2014-03-24 16:02:10,www.facebook.com
2014-03-24 16:02:10,measure.20mn.fr
2014-03-24 16:02:12,i1-js-14-3-01-10005-108159462-i.init.cedexis-radar.net
2014-03-24 16:02:13,chinacache.cedexis.com
2014-03-24 16:02:39,twitter.com
2014-03-24 16:03:46,www.google.fr
2014-03-24 16:03:47,www.20minutes.fr
2014-03-24 16:03:47,www.google.fr
2014-03-24 16:03:47,images.20minutes.fr
2014-03-24 16:03:47,cache.20minutes.fr
2014-03-24 16:03:49,safebrowsing.clients.google.com
2014-03-24 16:03:50,measure.20mn.fr
2014-03-24 16:03:50,www.20minutes.fr
2014-03-24 16:03:50,cache.20minutes.fr
2014-03-24 16:03:51,cache.20minutes.fr
2014-03-24 16:03:52,cache.20minutes.fr
2014-03-24 16:03:52,player.mediabong.com
2014-03-24 16:03:52,www.dailymotion.com
2014-03-24 16:03:55,hal9000.redintelligence.net
2014-03-24 16:03:55,cache.20minutes.fr
2014-03-24 16:03:56,wtpn.twenga.fr
2014-03-24 16:03:56,ocsp.usertrust.com
2014-03-24 16:03:56,banniere.reussissonsensemble.fr
2014-03-24 16:03:56,ocsp.comodoca.com
2014-03-24 16:03:56,ad.publicidees.com
2014-03-24 16:03:56,n6.hal9000.redintelligence.net
2014-03-24 16:03:57,banniere.reussissonsensemble.fr
2014-03-24 16:03:57,static.ak.facebook.com
2014-03-24 16:03:57,i10.twenga.com
2014-03-24 16:03:57,s-static.ak.facebook.com
2014-03-24 16:03:58,www.facebook.com
2014-03-24 16:03:58,measure.20mn.fr
2014-03-24 16:04:00,i1-js-14-3-01-10005-796610982-i.init.cedexis-radar.net
2014-03-24 16:04:00,fastly.bench.cedexis.com.global.prod.fastly.net
2014-03-24 16:04:01,fastly.bench.cedexis.com
2014-03-24 16:04:01,origin-www.20minutes.fr
2014-03-24 16:04:02,origin-www.20minutes.fr
2014-03-24 16:04:04,www.google.fr
2014-03-24 16:04:04,www.google.com
2014-03-24 16:04:04,clients6.google.com
2014-03-24 16:04:04,accounts.google.com
2014-03-24 16:04:04,plus.google.com
2014-03-24 16:04:04,twitter.com
2014-03-24 16:04:04,mail.google.com
2014-03-24 16:04:04,apis.google.com
2014-03-24 16:04:12,www.bing.com
2014-03-24 16:04:13,www.bing.com
2014-03-24 16:04:13,cache.20minutes.fr
2014-03-24 16:04:13,www.20minutes.fr
2014-03-24 16:04:13,images.20minutes.fr
2014-03-24 16:04:14,images.20minutes.fr
2014-03-24 16:04:14,cache.20minutes.fr
2014-03-24 16:04:16,www.facebook.com
2014-03-24 16:04:16,cache.20minutes.fr
2014-03-24 16:04:17,fr.ad4mat.net
2014-03-24 16:04:17,dtm.footlocker.com
2014-03-24 16:04:17,casale-match.dotomi.com
2014-03-24 16:04:17,cache.20minutes.fr
2014-03-24 16:04:17,ce.lijit.com
2014-03-24 16:04:17,fpdownload2.macromedia.com
2014-03-24 16:04:18,measure.20mn.fr
2014-03-24 16:04:18,match.rtbidder.net
2014-03-24 16:04:18,www.20minutes.fr
2014-03-24 16:04:20,cache.20minutes.fr
2014-03-24 16:04:20,www.20minutes.fr
2014-03-24 16:04:21,cache.20minutes.fr
2014-03-24 16:04:21,ajax.googleapis.com
2014-03-24 16:04:21,www.dailymotion.com
2014-03-24 16:04:21,player.mediabong.com
2014-03-24 16:04:22,www.dailymotion.com
2014-03-24 16:04:22,static.mediabong.com
2014-03-24 16:04:22,cache.20minutes.fr
2014-03-24 16:04:23,cache.20minutes.fr
2014-03-24 16:04:23,its.tradelab.fr
2014-03-24 16:04:23,um.simpli.fi
2014-03-24 16:04:24,rubicon-match.dotomi.com
2014-03-24 16:04:24,cache.20minutes.fr
2014-03-24 16:04:25,www.facebook.com
2014-03-24 16:04:25,its.tradelab.fr
2014-03-24 16:04:25,dtm.footlocker.com
2014-03-24 16:04:25,ci.impdesk.com
2014-03-24 16:04:25,pr.ybp.yahoo.com
2014-03-24 16:04:25,rubicon-match.dotomi.com
2014-03-24 16:04:32,cache.20minutes.fr
2014-03-24 16:04:32,rp.gwallet.com
2014-03-24 16:04:33,platform.twitter.com
2014-03-24 16:04:33,connect.facebook.net
2014-03-24 16:04:33,www.google.com
2014-03-24 16:04:34,rbp.mxptint.net
2014-03-24 16:04:36,s-static.ak.facebook.com
2014-03-24 16:04:36,files.player.mediabong.com
2014-03-24 16:04:36,www.facebook.com
2014-03-24 16:04:36,static.ak.facebook.com
2014-03-24 16:04:36,platform.twitter.com
2014-03-24 16:04:38,video.mediabong.com
2014-03-24 16:04:45,apis.google.com
2014-03-24 16:04:46,twitter.com
2014-03-24 16:04:47,twitter.com
2014-03-24 16:04:47,apis.google.com
2014-03-24 16:04:48,accounts.google.com
2014-03-24 16:04:51,apis.google.com
2014-03-24 16:04:51,twitter.com
2014-03-24 16:04:51,its.tradelab.fr
2014-03-24 16:04:52,twitter.com
2014-03-24 16:04:52,accounts.google.com
2014-03-24 16:05:17,clients1.google.com
2014-03-24 16:05:17,gtglobal-ocsp.geotrust.com
2014-03-24 16:05:18,ieonline.microsoft.com
2014-03-24 16:05:18,clients1.google.com
2014-03-24 16:05:32,clients1.google.com
2014-03-24 16:06:14,news.google.fr
2014-03-24 16:06:14,cinema.nouvelobs.com
2014-03-24 16:06:14,tempsreel.nouvelobs.com
2014-03-24 16:06:14,referentiel.nouvelobs.com
2014-03-24 16:06:14,ajax.googleapis.com
2014-03-24 16:06:15,clients1.google.com
2014-03-24 16:06:15,s.ytimg.com
2014-03-24 16:06:15,www.youtube.com
2014-03-24 16:06:15,referentiel.nouvelobs.com
2014-03-24 16:06:15,platform.twitter.com
2014-03-24 16:06:15,cinema.nouvelobs.com
2014-03-24 16:06:16,www.youtube.com
2014-03-24 16:06:16,videosfr.s3.amazonaws.com
2014-03-24 16:06:16,clients1.google.com
2014-03-24 16:06:16,s.ytimg.com
2014-03-24 16:06:16,www.google.com
2014-03-24 16:06:16,x2.vindicosuite.com
2014-03-24 16:06:16,api.adyoulike.com
2014-03-24 16:06:16,i1.ytimg.com
2014-03-24 16:06:17,gtssl-ocsp.geotrust.com
2014-03-24 16:06:17,pixel.alephd.com
2014-03-24 16:06:17,tempsreel.nouvelobs.com
2014-03-24 16:06:18,www.facebook.com
2014-03-24 16:06:18,mm.eulerian.net
2014-03-24 16:06:18,tempsreel.nouvelobs.com
2014-03-24 16:06:18,platform.twitter.com
2014-03-24 16:06:18,ssobs.nouvelobs.com
2014-03-24 16:06:18,api-leplus.nouvelobs.com
2014-03-24 16:06:18,evsecure-ocsp.verisign.com
2014-03-24 16:06:19,cinema.nouvelobs.com
2014-03-24 16:06:24,www.youtube.com
2014-03-24 16:06:24,s.youtube.com
2014-03-24 16:06:25,www.youtube.com
2014-03-24 16:06:25,s.youtube.com
2014-03-24 16:06:25,i1.ytimg.com
2014-03-24 16:06:30,www.youtube.com
2014-03-24 16:06:31,s.youtube.com
2014-03-24 16:06:34,s.youtube.com
2014-03-24 16:06:41,s.youtube.com
2014-03-24 16:06:48,twitter.com
2014-03-24 16:06:51,s.youtube.com
2014-03-24 16:07:04,s.youtube.com
2014-03-24 16:07:12,ocsp.verisign.com
2014-03-24 16:07:22,safebrowsing.clients.google.com
2014-03-24 16:07:22,safebrowsing-cache.google.com
2014-03-24 16:07:23,safebrowsing-cache.google.com
2014-03-24 16:07:30,s.youtube.com
2014-03-24 16:07:34,s.youtube.com
2014-03-24 16:08:04,s.youtube.com
2014-03-24 16:08:10,s.youtube.com
2014-03-24 16:08:15,www.google.fr
2014-03-24 16:08:18,clients1.google.fr
2014-03-24 16:08:19,www.google.com
2014-03-24 16:08:31,www.youtube.com
2014-03-24 16:08:34,s.youtube.com
2014-03-24 16:09:07,s.ytimg.com
2014-03-24 16:09:10,apis.google.com
2014-03-24 16:09:10,ocsp.usertrust.com
2014-03-24 16:09:10,clients1.google.com
2014-03-24 16:09:10,ocsp.tcs.terena.org
2014-03-24 16:09:12,accounts.google.com
2014-03-24 16:09:13,ocsp.digicert.com
2014-03-24 16:10:19,sb-ssl.google.com
2014-03-24 16:11:50,news.google.fr
2014-03-24 16:11:51,clients1.google.fr
2014-03-24 16:11:51,www.youtube.com
2014-03-24 16:11:51,i.ytimg.com
2014-03-24 16:12:04,clients1.google.com
2014-03-24 16:12:41,clients1.google.com
2014-03-24 16:14:42,accounts.youtube.com
2014-03-24 16:14:44,accounts.google.fr
2014-03-24 16:14:45,www.google.fr
2014-03-24 16:15:04,docs.google.com
2014-03-24 16:15:13,ocsp.thawte.com
2014-03-24 16:15:29,www.google.fr
2014-03-24 16:15:30,fr.wikipedia.org
2014-03-24 16:15:30,bits.wikimedia.org
2014-03-24 16:15:30,login.wikimedia.org
2014-03-24 16:15:30,meta.wikimedia.org
2014-03-24 16:15:39,clients2.google.com
2014-03-24 16:15:40,accounts.google.com
2014-03-24 16:15:40,chatenabled.mail.google.com
2014-03-24 16:15:47,www.google.fr
2014-03-24 16:15:48,econometrie.ish-lyon.cnrs.fr
2014-03-24 16:15:49,econometrie.ish-lyon.cnrs.fr
2014-03-24 16:15:50,econometrie.ish-lyon.cnrs.fr
2014-03-24 16:15:51,econometrie.ish-lyon.cnrs.fr
2014-03-24 16:15:53,econometrie.ish-lyon.cnrs.fr
2014-03-24 16:15:56,apis.google.com
2014-03-24 16:15:57,drive.google.com
2014-03-24 16:15:58,gg.google.com
2014-03-24 16:16:11,clients6.google.com
2014-03-24 16:17:42,www.google.com
2014-03-24 16:18:51,clients1.google.fr
2014-03-24 16:18:51,plus.google.com
2014-03-24 16:18:55,bits.wikimedia.org
2014-03-24 16:18:55,fr.wikipedia.org
2014-03-24 16:18:55,www.google.fr
2014-03-24 16:18:55,meta.wikimedia.org
2014-03-24 16:18:56,meta.wikimedia.org
2014-03-24 16:21:48,www.google.fr
2014-03-24 16:25:00,drive.google.com
2014-03-24 16:26:44,plus.google.com
2014-03-24 16:31:28,www.google.fr
2014-03-24 16:31:29,ocsp.digicert.com
2014-03-24 16:31:29,static.ak.facebook.com
2014-03-24 16:31:29,microreporting.metronews.fr
2014-03-24 16:31:29,connect.facebook.net
2014-03-24 16:31:29,www.metronews.fr
2014-03-24 16:31:29,s-static.ak.facebook.com
2014-03-24 16:31:30,www.youtube.com
2014-03-24 16:31:30,www.metronews.fr
2014-03-24 16:31:31,www.metronews.fr
2014-03-24 16:31:31,match.rtbidder.net
2014-03-24 16:31:32,clients1.google.com
2014-03-24 16:31:32,ocsp.comodoca.com
2014-03-24 16:31:33,rbp.mxptint.net
2014-03-24 16:31:33,pr.ybp.yahoo.com
2014-03-24 16:31:33,um.simpli.fi
2014-03-24 16:31:34,graph.facebook.com
2014-03-24 16:31:34,www.google.com
2014-03-24 16:31:34,go.disqus.com
2014-03-24 16:31:34,platform.twitter.com
2014-03-24 16:31:34,dnn506yrbagrg.cloudfront.net
2014-03-24 16:31:34,metrofrance.disqus.com
2014-03-24 16:31:34,www.metronews.fr
2014-03-24 16:31:34,rp.gwallet.com
2014-03-24 16:31:34,www.facebook.com
2014-03-24 16:31:35,www.metronews.fr
2014-03-24 16:31:35,disqus.com
2014-03-24 16:31:35,platform.twitter.com
2014-03-24 16:31:35,c1.adform.net
2014-03-24 16:31:35,metrofrance.disqus.com
2014-03-24 16:31:35,go.disqus.com
2014-03-24 16:31:35,rubicon-match.dotomi.com
2014-03-24 16:31:36,disqus.com
2014-03-24 16:31:43,www.metronews.fr
2014-03-24 16:31:47,pixel2368.everesttech.net
2014-03-24 16:32:05,platform.twitter.com
2014-03-24 16:32:59,drive.google.com
2014-03-24 16:34:20,www.google.fr
2014-03-24 16:34:28,www.youtube.com
2014-03-24 16:34:28,i1.ytimg.com
2014-03-24 16:34:28,s.ytimg.com
2014-03-24 16:34:28,apis.google.com
2014-03-24 16:34:28,www.google.com
2014-03-24 16:34:30,accounts.google.com
2014-03-24 16:35:44,plus.google.com
2014-03-24 16:39:08,safebrowsing-cache.google.com
2014-03-24 16:39:08,safebrowsing.clients.google.com
2014-03-24 16:43:00,drive.google.com
2014-03-24 16:43:33,www.google.com
2014-03-24 16:43:42,www.google.fr
2014-03-24 16:43:42,www.iae-message.fr
2014-03-24 16:43:42,www.adobe.com
2014-03-24 16:43:42,wwwimages.adobe.com
2014-03-24 16:43:46,www.iae-message.fr
2014-03-24 16:44:45,www.iae-message.fr
2014-03-24 16:44:45,score.iae-message.fr
2014-03-24 16:44:52,www.iae-message.fr
2014-03-24 16:44:54,www.iae-message.fr
2014-03-24 16:45:13,www.iae-message.fr
2014-03-24 16:45:33,www.iae-message.fr
2014-03-24 16:45:38,www.iae-message.fr
2014-03-24 16:45:46,www.iae-message.fr
2014-03-24 16:45:49,www.iae-message.fr
2014-03-24 16:45:51,www.iae-message.fr
2014-03-24 16:45:52,mts0.google.com
2014-03-24 16:45:52,mts1.google.com
2014-03-24 16:46:04,www.iae-message.fr
2014-03-24 16:46:34,www.google.com
2014-03-24 16:46:35,www.google.fr
2014-03-24 16:47:55,www.iae-message.fr
2014-03-24 16:48:47,maps.google.com
2014-03-24 16:48:48,mts0.google.com
2014-03-24 16:48:48,mts1.google.com
2014-03-24 16:48:48,khms1.google.com
2014-03-24 16:48:48,khms0.google.com
2014-03-24 16:48:55,maps.googleapis.com
2014-03-24 16:49:20,drive.google.com
2014-03-24 16:49:44,clients6.google.com
2014-03-24 16:50:11,plus.google.com
2014-03-24 16:53:49,www.google.com
2014-03-24 16:53:54,www.google.fr
2014-03-24 16:53:54,ajax.googleapis.com
2014-03-24 16:54:26,www.free-proxy.fr
2014-03-24 16:54:26,www.google.fr
2014-03-24 16:54:39,www.google.fr
2014-03-24 16:54:39,static.ccm2.net
2014-03-24 16:54:39,www.commentcamarche.net
2014-03-24 16:54:40,static.commentcamarche.net
2014-03-24 16:54:40,static.ccm2.net
2014-03-24 16:54:40,pixel.alephd.com
2014-03-24 16:54:40,platform.twitter.com
2014-03-24 16:54:40,r.ccm2.net
2014-03-24 16:54:40,www.facebook.com
2014-03-24 16:54:40,ba.commentcamarche.net
2014-03-24 16:54:40,www.commentcamarche.net
2014-03-24 16:54:41,clients1.google.com
2014-03-24 16:54:41,www.facebook.com
2014-03-24 16:54:41,ba.commentcamarche.net
2014-03-24 16:54:41,platform.twitter.com
2014-03-24 16:54:42,s-static.ak.facebook.com
2014-03-24 16:54:42,pixel.alephd.com
2014-03-24 16:54:42,www.facebook.com
2014-03-24 16:54:42,ba.commentcamarche.net
2014-03-24 16:54:42,static.ccm2.net
2014-03-24 16:54:42,connect.facebook.net
2014-03-24 16:54:42,loadr.exelator.com
2014-03-24 16:54:42,static.ak.facebook.com
2014-03-24 16:54:43,ocsp2.globalsign.com
2014-03-24 16:54:43,gtssl-ocsp.geotrust.com
2014-03-24 16:54:43,www.facebook.com
2014-03-24 16:54:43,static.ccmbg.com
2014-03-24 16:54:43,static.ccm2.net
2014-03-24 16:54:43,platform.twitter.com
2014-03-24 16:54:44,www.commentcamarche.net
2014-03-24 16:54:44,ocsp.thawte.com
2014-03-24 16:54:49,www.free-proxy.fr
2014-03-24 16:54:49,www.google.fr
2014-03-24 16:55:13,twitter.com
2014-03-24 16:55:49,drive.google.com
2014-03-24 16:55:52,www.google.fr
2014-03-24 16:56:48,0.drive.google.com
2014-03-24 16:57:36,ajax.googleapis.com
2014-03-24 16:57:38,accounts.google.com
2014-03-24 16:57:38,apis.google.com
2014-03-24 16:58:47,www.google.com
2014-03-24 16:58:48,mw2.google.com
2014-03-24 16:58:48,www.google.fr
2014-03-24 17:01:45,apis.google.com
2014-03-24 17:01:57,plus.google.com
2014-03-24 17:01:59,drive.google.com
2014-03-24 17:02:13,clients6.google.com
2014-03-24 17:05:51,plus.google.com
2014-03-24 17:07:50,safebrowsing.clients.google.com
2014-03-24 17:07:50,safebrowsing-cache.google.com
2014-03-24 17:16:18,mail.google.com
2014-03-24 17:25:52,plus.google.com
2014-03-24 17:34:44,mail.google.com
2014-03-31 15:50:04,www.google.com
2014-03-31 15:50:04,clients1.google.com
2014-03-31 15:50:04,gtglobal-ocsp.geotrust.com
2014-03-31 15:50:05,clients1.google.com
2014-03-31 15:50:07,clients1.google.com
2014-03-31 15:50:07,www.google.fr
2014-03-31 15:50:07,mail.google.com
2014-03-31 15:50:08,clients1.google.com
2014-03-31 15:50:21,clients1.google.com
2014-03-31 15:50:56,gtssl-ocsp.geotrust.com
2014-03-31 15:53:03,www.google.fr
2014-03-31 15:53:11,accounts.youtube.com
2014-03-31 15:53:13,accounts.google.fr
2014-03-31 15:53:13,accounts.google.com
2014-03-31 15:53:14,clients2.google.com
2014-03-31 15:53:14,safebrowsing.clients.google.com
2014-03-31 15:53:14,safebrowsing-cache.google.com
2014-03-31 15:53:15,safebrowsing-cache.google.com
2014-03-31 15:53:16,chatenabled.mail.google.com
2014-03-31 15:53:16,www.google.com
2014-03-31 15:53:20,drive.google.com
2014-03-31 15:54:05,apis.google.com
2014-03-31 15:54:06,clients6.google.com
2014-03-31 15:54:19,plus.google.com
2014-03-31 15:55:55,ocsp.thawte.com
2014-03-31 15:56:10,sb-ssl.google.com
2014-03-31 15:57:55,ocsp.verisign.com
2014-03-31 15:58:02,ocsp.usertrust.com
2014-03-31 15:58:02,ocsp.tcs.terena.org
2014-03-31 15:59:55,ocsp.digicert.com
2014-03-31 16:01:32,www.google.com
2014-03-31 16:04:12,plus.google.com
2014-03-31 16:06:43,drive.google.com
2014-03-31 16:06:48,clients6.google.com
2014-03-31 16:22:41,safebrowsing-cache.google.com
2014-03-31 16:22:41,safebrowsing.clients.google.com
2014-03-31 16:22:42,safebrowsing-cache.google.com
2014-03-31 16:23:27,plus.google.com
2014-03-31 16:24:47,epi.univ-paris1.fr
2014-03-31 16:24:47,www.google.fr
2014-03-31 16:26:27,apis.google.com
2014-03-31 16:26:27,s.ytimg.com
2014-03-31 16:26:31,news.google.fr
2014-03-31 16:26:33,www.youtube.com
2014-03-31 16:26:33,clients1.google.fr
2014-03-31 16:26:58,plus.google.com
2014-03-31 16:26:59,accounts.google.com
2014-03-31 16:26:59,www.google.com
2014-03-31 16:27:37,www.google.fr
2014-03-31 16:43:26,plus.google.com
2014-03-31 16:49:04,apis.google.com
2014-03-31 16:49:22,drive.google.com
2014-03-31 16:49:45,plus.google.com
2014-03-31 16:49:49,clients6.google.com
2014-03-31 16:50:15,mail.google.com
2014-03-31 16:54:09,safebrowsing-cache.google.com
2014-03-31 16:54:09,safebrowsing.clients.google.com
2014-03-31 17:03:28,plus.google.com
2014-03-31 17:09:00,clients1.google.com
2014-03-31 17:09:00,gtglobal-ocsp.geotrust.com
2014-03-31 17:11:57,www.google.fr
2014-03-31 17:11:58,plus.google.com
2014-03-31 17:11:58,accounts.google.com
2014-03-31 17:11:59,clients1.google.fr
2014-03-31 17:11:59,www.youtube.com
2014-03-31 17:11:59,news.google.fr
2014-03-31 17:12:01,www.google.com
2014-03-31 17:17:03,news.google.fr
2014-03-31 17:23:27,plus.google.com
2014-03-31 17:23:49,news.google.fr
2014-03-31 17:23:50,www.lefigaro.fr
2014-03-31 17:23:50,api.fidji.lefigaro.fr
2014-03-31 17:23:50,assets2.lefigaro.fr
2014-03-31 17:23:50,connect.facebook.net
2014-03-31 17:23:50,assets3.lefigaro.fr
2014-03-31 17:23:50,assets-picto.lefigaro.fr
2014-03-31 17:23:50,assets5.lefigaro.fr
2014-03-31 17:23:50,ajax.googleapis.com
2014-03-31 17:23:50,plus.lefigaro.fr
2014-03-31 17:23:50,assets4.lefigaro.fr
2014-03-31 17:23:50,elections.lefigaro.fr
2014-03-31 17:23:51,videosfr.s3.amazonaws.com
2014-03-31 17:23:51,assets5.lefigaro.fr
2014-03-31 17:23:51,assets-data.lefigaro.fr
2014-03-31 17:23:51,assets4.lefigaro.fr
2014-03-31 17:23:51,assets1.lefigaro.fr
2014-03-31 17:23:51,plus.lefigaro.fr
2014-03-31 17:23:52,www.facebook.com
2014-03-31 17:23:52,static.ak.facebook.com
2014-03-31 17:23:52,assets4.lefigaro.fr
2014-03-31 17:23:52,www.lefigaro.fr
2014-03-31 17:23:52,plus.lefigaro.fr
2014-03-31 17:23:54,api.fidji.lefigaro.fr
2014-03-31 17:23:54,assets5.lefigaro.fr
2014-03-31 17:23:54,clients1.google.com
2014-03-31 17:23:54,dnn506yrbagrg.cloudfront.net
2014-03-31 17:23:54,plus.lefigaro.fr
2014-03-31 17:23:54,video.lefigaro.fr
2014-03-31 17:23:55,foglio.basilic.io
2014-03-31 17:23:55,admin.brightcove.com
2014-03-31 17:23:55,www.lefigaro.fr
2014-03-31 17:23:55,rbp.mxptint.net
2014-03-31 17:23:55,platform.linkedin.com
2014-03-31 17:23:55,www.facebook.com
2014-03-31 17:23:55,plus.lefigaro.fr
2014-03-31 17:23:55,platform.twitter.com
2014-03-31 17:23:55,assets5.lefigaro.fr
2014-03-31 17:23:56,ocsp.verisign.com
2014-03-31 17:23:56,evsecure-ocsp.verisign.com
2014-03-31 17:23:56,www.linkedin.com
2014-03-31 17:23:56,ocsp.digicert.com
2014-03-31 17:23:56,platform.twitter.com
2014-03-31 17:23:56,platform.linkedin.com
2014-03-31 17:23:57,evsecure-ocsp.verisign.com
2014-03-31 17:23:57,www.linkedin.com
2014-03-31 17:23:58,ocsp.digicert.com
2014-03-31 17:23:59,assets1.lefigaro.fr
2014-03-31 17:23:59,ws3.lefigaro.fr
2014-03-31 17:24:00,ws3.lefigaro.fr
2014-03-31 17:24:02,safebrowsing-cache.google.com
2014-03-31 17:24:02,safebrowsing.clients.google.com
2014-03-31 17:24:02,i1-js-14-3-01-10036-732436716-i.init.cedexis-radar.net
2014-03-31 17:24:04,www.lefigaro.fr
2014-03-31 17:24:09,ws3.lefigaro.fr
2014-03-31 17:24:09,www.linkedin.com
2014-03-31 17:24:27,syndication.twitter.com
2014-03-31 17:24:27,twitter.com
2014-03-31 17:24:28,abs.twimg.com
2014-03-31 17:24:28,o.twimg.com
2014-03-31 17:24:56,tc.airfrance.com
2014-03-31 17:25:48,s-static.ak.facebook.com
2014-03-31 17:25:50,platform.twitter.com
2014-03-31 17:25:55,pbs.twimg.com
2014-03-31 17:26:42,plus.google.com
2014-03-31 17:26:42,clients1.google.fr
2014-03-31 17:26:43,www.youtube.com
2014-03-31 17:26:43,news.google.fr
2014-03-31 17:26:45,www.google.com
2014-03-31 17:26:50,apis.google.com
2014-03-31 17:26:52,accounts.google.com
2014-03-31 17:27:24,mail.google.com
2014-04-14 15:42:11,gtglobal-ocsp.geotrust.com
2014-04-14 15:42:11,clients1.google.com
2014-04-14 15:42:22,clients1.google.com
2014-04-14 15:42:23,clients1.google.com
2014-04-14 15:42:24,clients1.google.com
2014-04-14 15:42:40,clients1.google.com
2014-04-14 15:43:05,clients1.google.com
2014-04-14 15:43:09,gtssl-ocsp.geotrust.com
2014-04-14 15:45:19,www.google.fr
2014-04-14 15:45:31,accounts.youtube.com
2014-04-14 15:45:33,accounts.google.fr
2014-04-14 15:45:35,clients2.google.com
2014-04-14 15:45:36,www.google.com
2014-04-14 15:45:36,chatenabled.mail.google.com
2014-04-14 15:45:37,accounts.google.com
2014-04-14 15:45:42,apis.google.com
2014-04-14 15:46:08,drive.google.com
2014-04-14 15:46:27,clients6.google.com
2014-04-14 15:46:32,safebrowsing-cache.google.com
2014-04-14 15:46:32,safebrowsing.clients.google.com
2014-04-14 15:46:35,plus.google.com
2014-04-14 15:48:05,ocsp.thawte.com
2014-04-14 15:48:25,cdn-sports.ladmedia.fr
2014-04-14 15:48:25,www.sports.fr
2014-04-14 15:48:25,news.google.fr
2014-04-14 15:48:25,emailretargeting.com
2014-04-14 15:48:25,forum.sports.fr
2014-04-14 15:48:25,team.newsweb.fr
2014-04-14 15:48:26,connect.facebook.net
2014-04-14 15:48:26,code.jquery.com
2014-04-14 15:48:26,cdnjs.cloudflare.com
2014-04-14 15:48:26,codeorigin.jquery.com
2014-04-14 15:48:26,cimg.leguide.com
2014-04-14 15:48:26,cshoppingbox.partner.leguide.com
2014-04-14 15:48:26,dc1w54.wysistat.com
2014-04-14 15:48:26,platform.twitter.com
2014-04-14 15:48:27,webdyn.sports.fr
2014-04-14 15:48:27,static.ak.facebook.com
2014-04-14 15:48:27,s-static.ak.facebook.com
2014-04-14 15:48:28,cshoppingbox.partner.leguide.com
2014-04-14 15:48:28,ocsp.thawte.com
2014-04-14 15:48:28,images.wanadooregie.com
2014-04-14 15:48:28,cimg.leguide.com
2014-04-14 15:48:29,www.ultimedia.com
2014-04-14 15:48:29,www.facebook.com
2014-04-14 15:48:29,cimg.leguide.com
2014-04-14 15:48:29,platform.twitter.com
2014-04-14 15:48:30,evsecure-ocsp.verisign.com
2014-04-14 15:48:30,cimg.leguide.com
2014-04-14 15:48:30,gtssl-ocsp.geotrust.com
2014-04-14 15:48:31,www.ultimedia.com
2014-04-14 15:48:31,www.facebook.com
2014-04-14 15:48:33,i1-js-14-3-01-10077-714523541-i.init.cedexis-radar.net
2014-04-14 15:48:33,i1-js-14-3-01-10077-124366851-i.init.cedexis-radar.net
2014-04-14 15:49:01,twitter.com
2014-04-14 15:49:26,sb-ssl.google.com
2014-04-14 15:49:43,www.google.fr
2014-04-14 15:49:44,s.ytimg.com
2014-04-14 15:49:51,www.prizee.com
2014-04-14 15:49:51,s-static.ak.facebook.com
2014-04-14 15:49:51,media.prizee.com
2014-04-14 15:49:51,static.ak.facebook.com
2014-04-14 15:49:51,www.google.fr
2014-04-14 15:49:51,clic.reussissonsensemble.fr
2014-04-14 15:49:52,www.google.com
2014-04-14 15:49:52,www.facebook.com
2014-04-14 15:49:52,asset.email-match.com
2014-04-14 15:49:52,sv.ciblelink.com
2014-04-14 15:49:52,p.ivimedia.net
2014-04-14 15:49:52,ocsp.usertrust.com
2014-04-14 15:49:52,atout.email-match.com
2014-04-14 15:49:52,ocsp.comodoca.com
2014-04-14 15:49:52,ocsp.gandi.net
2014-04-14 15:49:53,www.facebook.com
2014-04-14 15:49:54,media.prizee.com
2014-04-14 15:49:57,media.prizee.com
2014-04-14 15:50:05,ocsp.verisign.com
2014-04-14 15:50:08,www.google.fr
2014-04-14 15:50:09,www.youpifun.fr
2014-04-14 15:50:09,ajax.googleapis.com
2014-04-14 15:50:09,static.ak.facebook.com
2014-04-14 15:50:09,www.facebook.com
2014-04-14 15:50:09,s-static.ak.facebook.com
2014-04-14 15:50:10,www.youpifun.fr
2014-04-14 15:50:11,www.youpifun.fr
2014-04-14 15:50:11,www.youpifun.com
2014-04-14 15:50:44,www.youtube.com
2014-04-14 15:50:44,clients1.google.fr
2014-04-14 15:51:20,news.google.fr
2014-04-14 15:51:24,accounts.google.com
2014-04-14 15:51:24,apis.google.com
2014-04-14 15:51:32,ocsp.usertrust.com
2014-04-14 15:51:32,ocsp.tcs.terena.org
2014-04-14 15:51:43,www.google.fr
2014-04-14 15:51:44,www.univ-lyon2.fr
2014-04-14 15:51:45,www.univ-lyon2.fr
2014-04-14 15:51:47,www.univ-lyon2.fr
2014-04-14 15:51:48,www.univ-lyon2.fr
2014-04-14 15:51:50,www.univ-lyon2.fr
2014-04-14 15:52:05,ocsp.digicert.com
2014-04-14 15:52:06,www.univ-lyon2.fr
2014-04-14 15:53:26,clients6.google.com
2014-04-14 15:54:38,www.google.com
2014-04-14 15:54:40,www.google.fr
2014-04-14 15:56:36,plus.google.com
2014-04-14 16:09:01,fr.wikipedia.org
2014-04-14 16:09:01,www.google.fr
2014-04-14 16:09:01,bits.wikimedia.org
2014-04-14 16:09:02,bits.wikimedia.org
2014-04-14 16:09:02,fr.wikipedia.org
2014-04-14 16:09:02,login.wikimedia.org
2014-04-14 16:09:02,meta.wikimedia.org
2014-04-14 16:09:27,pad2.whstatic.com
2014-04-14 16:09:27,www.google.fr
2014-04-14 16:09:27,fr.wikihow.com
2014-04-14 16:09:27,pad3.whstatic.com
2014-04-14 16:09:27,pad1.whstatic.com
2014-04-14 16:09:28,fr.wikihow.com
2014-04-14 16:09:28,www.google.com
2014-04-14 16:09:29,hal9000.redintelligence.net
2014-04-14 16:09:29,www.google.com
2014-04-14 16:09:29,clients1.google.com
2014-04-14 16:09:30,n39.hal9000.redintelligence.net
2014-04-14 16:09:30,dsp.active-agent.com
2014-04-14 16:09:30,static.ak.facebook.com
2014-04-14 16:09:30,ea.numericable.fr
2014-04-14 16:09:30,www.facebook.com
2014-04-14 16:09:30,ocsp.comodoca.com
2014-04-14 16:09:30,connect.facebook.net
2014-04-14 16:09:30,a.nonstoppartner.net
2014-04-14 16:09:31,www.facebook.com
2014-04-14 16:09:31,platform.twitter.com
2014-04-14 16:09:31,s-static.ak.facebook.com
2014-04-14 16:09:34,ocsp.verisign.com
2014-04-14 16:09:35,ocsp.verisign.com
2014-04-14 16:09:36,secure.footprint.net
2014-04-14 16:09:36,ocsp.thawte.com
2014-04-14 16:09:36,ocsp.verisign.com
2014-04-14 16:09:36,ocsp.digicert.com
2014-04-14 16:09:37,ocsp.digicert.com
2014-04-14 16:09:37,ocsp.thawte.com
2014-04-14 16:09:39,ocsp.verisign.com
2014-04-14 16:09:39,dmros.ysm.yahoo.com
2014-04-14 16:09:39,sd.symcd.com
2014-04-14 16:09:39,ocsp.digicert.com
2014-04-14 16:09:49,yui-s.yahooapis.com
2014-04-14 16:09:49,fr.answers.yahoo.com
2014-04-14 16:09:49,apis.google.com
2014-04-14 16:09:49,accounts.google.com
2014-04-14 16:09:49,platform.twitter.com
2014-04-14 16:09:49,plus.google.com
2014-04-14 16:09:49,www.google.fr
2014-04-14 16:09:49,www.google.com
2014-04-14 16:09:49,mail.google.com
2014-04-14 16:09:49,socialprofiles.zenfs.com
2014-04-14 16:10:16,www.google.com
2014-04-14 16:10:18,clients1.google.com
2014-04-14 16:10:18,gtglobal-ocsp.geotrust.com
2014-04-14 16:10:21,clients1.google.com
2014-04-14 16:10:25,ocsp.verisign.com
2014-04-14 16:10:26,ocsp.verisign.com
2014-04-14 16:10:27,secure.footprint.net
2014-04-14 16:10:27,ocsp.thawte.com
2014-04-14 16:10:27,safebrowsing.clients.google.com
2014-04-14 16:10:28,ocsp.thawte.com
2014-04-14 16:10:28,ocsp.verisign.com
2014-04-14 16:10:28,ocsp.digicert.com
2014-04-14 16:10:29,clients1.google.com
2014-04-14 16:10:30,dmros.ysm.yahoo.com
2014-04-14 16:10:30,ocsp.verisign.com
2014-04-14 16:10:30,sd.symcd.com
2014-04-14 16:10:30,ocsp.digicert.com
2014-04-14 16:10:45,socialprofiles.zenfs.com
2014-04-14 16:11:17,gtssl-ocsp.geotrust.com
2014-04-14 16:12:25,fr.answers.yahoo.com
2014-04-14 16:12:25,yui-s.yahooapis.com
2014-04-14 16:13:17,apis.google.com
2014-04-14 16:13:35,www.google.com
2014-04-14 16:13:36,www.google.fr
2014-04-14 16:13:40,safebrowsing-cache.google.com
2014-04-14 16:13:40,safebrowsing.clients.google.com
2014-04-14 16:13:41,safebrowsing-cache.google.com
2014-04-14 16:16:13,ocsp.thawte.com
2014-04-14 16:16:35,sb-ssl.google.com
2014-04-14 16:18:13,ocsp.verisign.com
2014-04-14 16:20:13,ocsp.digicert.com
2014-04-14 16:42:15,safebrowsing.clients.google.com
2014-04-14 16:42:15,safebrowsing-cache.google.com
2014-04-14 17:23:49,gtssl-ocsp.geotrust.com
2014-04-14 17:24:32,safebrowsing.clients.google.com
2014-04-14 17:24:32,gtglobal-ocsp.geotrust.com
2014-04-14 17:24:32,clients1.google.com
2014-04-14 17:24:33,safebrowsing-cache.google.com
2014-04-14 17:27:29,sb-ssl.google.com
2014-04-14 17:28:46,ocsp.thawte.com
2014-04-14 17:30:45,ocsp.verisign.com
