timestamp,site
2013-11-28 08:06:55,www.google.com
2013-11-28 08:06:56,clients1.google.com
2013-11-28 08:06:57,www.google.com
2013-11-28 08:06:57,clients1.google.com
2013-11-28 08:06:58,gtglobal-ocsp.geotrust.com
2013-11-28 08:06:59,ocsp.tcs.terena.org
2013-11-28 08:06:59,ocsp.usertrust.com
2013-11-28 08:06:59,www.google.com
2013-11-28 08:06:59,ocsp.comodoca.com
2013-11-28 08:07:51,clients1.google.com
2013-11-28 08:07:51,www.google.com
2013-11-28 08:07:52,www.google.com
2013-11-28 08:09:42,gtssl-ocsp.geotrust.com
2013-11-28 08:09:43,gtssl-ocsp.geotrust.com
2013-11-28 08:09:49,geo.mozilla.org
2013-11-28 08:09:51,clients1.google.com
2013-11-28 08:09:53,www.google.com
2013-11-28 08:09:54,clients1.google.com
2013-11-28 08:09:54,gtglobal-ocsp.geotrust.com
2013-11-28 08:09:58,ocsp.usertrust.com
2013-11-28 08:09:58,clients1.google.com
2013-11-28 08:09:58,ocsp.tcs.terena.org
2013-11-28 08:09:58,www.google.fr
2013-11-28 08:09:59,clients1.google.com
2013-11-28 08:10:39,safebrowsing.clients.google.com
2013-11-28 08:10:39,safebrowsing-cache.google.com
2013-11-28 08:10:40,safebrowsing-cache.google.com
2013-11-28 08:10:41,safebrowsing-cache.google.com
2013-11-28 08:10:42,safebrowsing-cache.google.com
2013-11-28 08:12:50,www.google.com
2013-11-28 08:12:51,apis.google.com
2013-11-28 08:12:52,www.google.fr
2013-11-28 08:15:30,ocsp.thawte.com
2013-11-28 08:17:30,ocsp.verisign.com
2013-11-28 08:19:30,ocsp.digicert.com
2013-11-28 11:56:25,www.facebook.com
2013-11-28 11:56:25,s-static.ak.facebook.com
2013-11-28 11:56:31,www.facebook.com
2013-11-28 11:56:58,twitter.com
2013-11-28 12:00:25,ajax.googleapis.com
2013-12-12 13:10:40,fpdownload2.macromedia.com
2013-12-12 13:10:43,go.microsoft.com
2013-12-12 13:10:43,windows.microsoft.com
2013-12-12 13:10:43,ieonline.microsoft.com
2013-12-12 13:10:44,ajax.microsoft.com
2013-12-12 13:10:44,res2.windows.microsoft.com
2013-12-12 13:10:44,js.microsoft.com
2013-12-12 13:10:44,res1.windows.microsoft.com
2013-12-12 13:10:44,windows.microsoft.com
2013-12-12 13:10:45,res1.windows.microsoft.com
2013-12-12 13:10:45,js.microsoft.com
2013-12-12 13:10:46,www.bing.com
2013-12-12 13:12:34,go.microsoft.com
2013-12-12 13:13:16,ieonline.microsoft.com
2014-02-17 13:37:37,ocsp.thawte.com
2014-02-17 13:37:48,gtglobal-ocsp.geotrust.com
2014-02-17 13:37:48,clients1.google.com
2014-02-17 13:37:52,ocsp.tcs.terena.org
2014-02-17 13:37:52,www.google.fr
2014-02-17 13:37:52,clients1.google.com
2014-02-17 13:37:53,clients1.google.com
2014-02-17 13:37:53,ocsp.usertrust.com
2014-02-17 13:39:37,safebrowsing.clients.google.com
2014-02-17 13:39:37,safebrowsing-cache.google.com
2014-02-17 13:39:38,safebrowsing-cache.google.com
2014-02-17 13:40:30,lkimg.zamimg.com
2014-02-17 13:40:30,lolking.net
2014-02-17 13:40:30,lkcss.zamimg.com
2014-02-17 13:40:30,www.lolking.net
2014-02-17 13:40:30,lkjs.zamimg.com
2014-02-17 13:40:30,lkstatic.zamimg.com
2014-02-17 13:40:31,lkimg.zamimg.com
2014-02-17 13:40:31,www.youtube.com
2014-02-17 13:40:31,connect.facebook.net
2014-02-17 13:40:32,lkcss.zamimg.com
2014-02-17 13:40:32,lkimg.zamimg.com
2014-02-17 13:40:33,www.google.com
2014-02-17 13:40:33,s-static.ak.facebook.com
2014-02-17 13:40:33,s.ytimg.com
2014-02-17 13:40:33,static.ak.facebook.com
2014-02-17 13:40:34,www.youtube.com
2014-02-17 13:40:34,s.ytimg.com
2014-02-17 13:40:35,s.ytimg.com
2014-02-17 13:40:35,i1.ytimg.com
2014-02-17 13:40:35,www.youtube.com
2014-02-17 13:40:36,i1.ytimg.com
2014-02-17 13:40:37,www.google.com
2014-02-17 13:40:38,www.google.com
2014-02-17 13:40:38,clients1.google.com
2014-02-17 13:40:39,www.facebook.com
2014-02-17 13:40:46,apis.google.com
2014-02-17 13:40:47,www.google.fr
2014-02-17 13:43:19,www.google.com
2014-02-17 13:44:43,lkimg.zamimg.com
2014-02-17 13:44:44,lkimg.zamimg.com
2014-02-17 13:44:46,www.lolking.net
2014-02-17 13:44:46,lkcss.zamimg.com
2014-02-17 13:44:46,lkimg.zamimg.com
2014-02-17 13:44:47,lkimg.zamimg.com
2014-02-17 13:44:47,www.lolking.net
2014-02-17 13:44:48,lkimg.zamimg.com
2014-02-17 13:44:50,lkimg.zamimg.com
2014-02-17 13:44:51,lkimg.zamimg.com
2014-02-17 13:44:51,static.ak.facebook.com
2014-02-17 13:44:51,www.facebook.com
2014-02-17 13:44:51,s-static.ak.facebook.com
2014-02-17 13:44:52,lkimg.zamimg.com
2014-02-17 13:44:52,d3pkae9owd2lcf.cloudfront.net
2014-02-17 13:44:54,rp.gwallet.com
2014-02-17 13:44:59,ocsp.verisign.com
2014-02-17 13:45:04,lkjs.zamimg.com
2014-02-17 13:46:59,ocsp.digicert.com
2014-02-17 13:47:00,ocsp.digicert.com
2014-02-17 13:48:13,clients1.google.com
2014-02-17 13:48:31,clients1.google.com
2014-02-17 13:51:08,www.google.fr
2014-02-17 13:51:23,accounts.youtube.com
2014-02-17 13:51:24,accounts.google.com
2014-02-17 13:51:24,accounts.google.fr
2014-02-17 13:51:29,www.google.com
2014-02-17 13:51:40,apis.google.com
2014-02-17 13:51:46,drive.google.com
2014-02-17 13:51:51,docs.google.com
2014-02-17 13:52:25,gg.google.com
2014-02-17 13:52:35,0.drive.google.com
2014-02-17 13:52:37,0.docs.google.com
2014-02-17 14:08:14,connect.facebook.net
2014-02-17 14:08:14,www.lolking.net
2014-02-17 14:08:15,www.youtube.com
2014-02-17 14:08:16,static.ak.facebook.com
2014-02-17 14:08:16,www.youtube.com
2014-02-17 14:08:17,s-static.ak.facebook.com
2014-02-17 14:08:18,lkimg.zamimg.com
2014-02-17 14:08:18,www.youtube.com
2014-02-17 14:08:19,lkimg.zamimg.com
2014-02-17 14:08:19,www.youtube.com
2014-02-17 14:08:20,www.facebook.com
2014-02-17 14:08:23,www.lolking.net
2014-02-17 14:08:25,lkimg.zamimg.com
2014-02-17 14:08:26,static.ak.facebook.com
2014-02-17 14:08:26,lkimg.zamimg.com
2014-02-17 14:08:26,www.lolking.net
2014-02-17 14:08:27,lkimg.zamimg.com
2014-02-17 14:08:27,s-static.ak.facebook.com
2014-02-17 14:08:29,lkimg.zamimg.com
2014-02-17 14:08:29,www.facebook.com
2014-02-17 14:08:30,www.facebook.com
2014-02-17 14:08:30,d3pkae9owd2lcf.cloudfront.net
2014-02-17 14:08:31,um.simpli.fi
2014-02-17 14:08:33,www.lolking.net
2014-02-17 14:08:39,safebrowsing.clients.google.com
2014-02-17 14:08:39,safebrowsing-cache.google.com
2014-02-17 14:08:40,safebrowsing-cache.google.com
2014-02-17 14:08:40,lkjs.zamimg.com
2014-02-17 14:09:07,lkimg.zamimg.com
2014-02-17 14:09:35,lkjs.zamimg.com
2014-02-17 14:09:53,lkjs.zamimg.com
2014-02-17 14:09:54,lkjs.zamimg.com
2014-02-17 14:09:55,lkjs.zamimg.com
2014-02-17 14:09:56,lkjs.zamimg.com
2014-02-17 14:10:00,lkjs.zamimg.com
2014-02-17 14:10:21,www.lolking.net
2014-02-17 14:10:22,static.ak.facebook.com
2014-02-17 14:10:22,www.youtube.com
2014-02-17 14:10:23,s-static.ak.facebook.com
2014-02-17 14:10:24,www.youtube.com
2014-02-17 14:10:25,www.youtube.com
2014-02-17 14:10:27,www.lolking.net
2014-02-17 14:10:28,www.lolking.net
2014-02-17 14:10:30,www.lolking.net
2014-02-17 14:10:33,s-static.ak.facebook.com
2014-02-17 14:10:33,openx2-match.dotomi.com
2014-02-17 14:10:33,d3pkae9owd2lcf.cloudfront.net
2014-02-17 14:10:33,static.ak.facebook.com
2014-02-17 14:10:34,dtm.crateandbarrel.com
2014-02-17 14:10:36,www.facebook.com
2014-02-17 14:12:52,lkjs.zamimg.com
2014-02-17 14:13:11,www.youtube.com
2014-02-17 14:13:11,www.lolking.net
2014-02-17 14:13:12,www.youtube.com
2014-02-17 14:13:13,www.facebook.com
2014-02-17 14:13:13,static.ak.facebook.com
2014-02-17 14:13:13,s-static.ak.facebook.com
2014-02-17 14:13:13,www.youtube.com
2014-02-17 14:13:14,www.facebook.com
2014-02-17 14:13:15,www.youtube.com
2014-02-17 14:13:15,www.lolking.net
2014-02-17 14:13:17,lkcss.zamimg.com
2014-02-17 14:13:17,lkimg.zamimg.com
2014-02-17 14:13:17,static.ak.facebook.com
2014-02-17 14:13:17,s-static.ak.facebook.com
2014-02-17 14:13:18,rp.gwallet.com
2014-02-17 14:13:20,www.lolking.net
2014-02-17 14:13:21,lkimg.zamimg.com
2014-02-17 14:13:22,s-static.ak.facebook.com
2014-02-17 14:13:22,static.ak.facebook.com
2014-02-17 14:13:23,um.simpli.fi
2014-02-17 14:13:23,www.lolking.net
2014-02-17 14:13:25,s-static.ak.facebook.com
2014-02-17 14:13:25,lkimg.zamimg.com
2014-02-17 14:13:25,static.ak.facebook.com
2014-02-17 14:13:27,www.lolking.net
2014-02-17 14:13:29,s-static.ak.facebook.com
2014-02-17 14:13:29,lkimg.zamimg.com
2014-02-17 14:13:29,static.ak.facebook.com
2014-02-17 14:13:31,match.rtbidder.net
2014-02-17 14:13:32,match.rtbidder.net
2014-02-17 14:13:33,lkjs.zamimg.com
2014-02-17 14:13:33,c1.adform.net
2014-02-17 14:13:33,match.rtbidder.net
2014-02-17 14:13:33,www.facebook.com
2014-02-17 14:13:39,lkjs.zamimg.com
2014-02-17 14:13:46,lkjs.zamimg.com
2014-02-17 14:13:47,lkjs.zamimg.com
2014-02-17 14:13:48,lkjs.zamimg.com
2014-02-17 14:13:54,www.lolking.net
2014-02-17 14:13:55,s-static.ak.facebook.com
2014-02-17 14:13:55,static.ak.facebook.com
2014-02-17 14:13:55,lkimg.zamimg.com
2014-02-17 14:13:57,lkjs.zamimg.com
2014-02-17 14:13:58,lkjs.zamimg.com
2014-02-17 14:13:58,www.facebook.com
2014-02-17 14:13:59,lkjs.zamimg.com
2014-02-17 14:14:02,lkjs.zamimg.com
2014-02-17 14:14:05,lkjs.zamimg.com
2014-02-17 14:14:07,www.lolking.net
2014-02-17 14:14:13,lkimg.zamimg.com
2014-02-17 14:14:13,s-static.ak.facebook.com
2014-02-17 14:14:13,static.ak.facebook.com
2014-02-17 14:14:15,lkjs.zamimg.com
2014-02-17 14:14:17,www.lolking.net
2014-02-17 14:14:19,static.ak.facebook.com
2014-02-17 14:14:19,s-static.ak.facebook.com
2014-02-17 14:14:19,lkimg.zamimg.com
2014-02-17 14:14:22,www.facebook.com
2014-02-17 14:14:24,www.lolking.net
2014-02-17 14:14:25,s-static.ak.facebook.com
2014-02-17 14:14:25,lkimg.zamimg.com
2014-02-17 14:14:25,static.ak.facebook.com
2014-02-17 14:14:26,pr.ybp.yahoo.com
2014-02-17 14:14:28,www.facebook.com
2014-02-17 14:14:29,www.facebook.com
2014-02-17 14:14:35,www.lolking.net
2014-02-17 14:14:37,s-static.ak.facebook.com
2014-02-17 14:14:37,lkimg.zamimg.com
2014-02-17 14:14:37,static.ak.facebook.com
2014-02-17 14:14:39,i1.ytimg.com
2014-02-17 14:14:42,www.facebook.com
2014-02-17 14:19:05,www.lolking.net
2014-02-17 14:19:08,www.facebook.com
2014-02-17 14:19:08,static.ak.facebook.com
2014-02-17 14:19:08,www.youtube.com
2014-02-17 14:19:08,s-static.ak.facebook.com
2014-02-17 14:19:11,www.youtube.com
2014-02-17 14:19:12,www.lolking.net
2014-02-17 14:19:13,lkimg.zamimg.com
2014-02-17 14:19:14,static.ak.facebook.com
2014-02-17 14:19:14,lkimg.zamimg.com
2014-02-17 14:19:15,s-static.ak.facebook.com
2014-02-17 14:19:15,lkimg.zamimg.com
2014-02-17 14:19:17,www.facebook.com
2014-02-17 14:19:20,static.ak.facebook.com
2014-02-17 14:19:20,lkimg.zamimg.com
2014-02-17 14:19:20,lkcss.zamimg.com
2014-02-17 14:19:20,www.lolking.net
2014-02-17 14:19:21,www.facebook.com
2014-02-17 14:19:21,s-static.ak.facebook.com
2014-02-17 14:19:24,www.lolking.net
2014-02-17 14:19:24,static.ak.facebook.com
2014-02-17 14:19:24,s-static.ak.facebook.com
2014-02-17 14:19:24,lkcss.zamimg.com
2014-02-17 14:19:24,lkimg.zamimg.com
2014-02-17 14:19:24,lkjs.zamimg.com
2014-02-17 14:19:25,lkimg.zamimg.com
2014-02-17 14:19:26,lkimg.zamimg.com
2014-02-17 14:19:27,lkimg.zamimg.com
2014-02-17 14:19:28,i203.photobucket.com
2014-02-17 14:19:28,lkcss.zamimg.com
2014-02-17 14:19:28,www.facebook.com
2014-02-17 14:19:28,www.lolking.net
2014-02-17 14:19:28,lkimg.zamimg.com
2014-02-17 14:19:29,www.facebook.com
2014-02-17 14:19:33,lkjs.zamimg.com
2014-02-17 14:19:40,lkjs.zamimg.com
2014-02-17 14:20:18,lkjs.zamimg.com
2014-02-17 14:20:40,lkjs.zamimg.com
2014-02-17 14:20:41,lkjs.zamimg.com
2014-02-17 14:20:42,lkjs.zamimg.com
2014-02-17 14:20:50,lkjs.zamimg.com
2014-02-17 14:21:08,lkcss.zamimg.com
2014-02-17 14:21:08,lkjs.zamimg.com
2014-02-17 14:21:08,www.lolking.net
2014-02-17 14:21:09,lkimg.zamimg.com
2014-02-17 14:21:09,static.ak.facebook.com
2014-02-17 14:21:09,connect.facebook.net
2014-02-17 14:21:09,s-static.ak.facebook.com
2014-02-17 14:21:10,lkimg.zamimg.com
2014-02-17 14:21:12,lkimg.zamimg.com
2014-02-17 14:21:12,www.facebook.com
2014-02-17 14:21:12,www.lolking.net
2014-02-17 14:21:13,www.facebook.com
2014-02-17 14:21:18,lkjs.zamimg.com
2014-02-17 14:21:23,lkjs.zamimg.com
2014-02-17 14:21:24,lkjs.zamimg.com
2014-02-17 14:21:30,lkjs.zamimg.com
2014-02-17 14:21:31,lkjs.zamimg.com
2014-02-17 14:21:33,lkjs.zamimg.com
2014-02-17 14:21:34,lkjs.zamimg.com
2014-02-17 14:21:35,lkjs.zamimg.com
2014-02-17 14:21:48,lkjs.zamimg.com
2014-02-17 14:23:14,lkcss.zamimg.com
2014-02-17 14:23:14,lkjs.zamimg.com
2014-02-17 14:23:15,s-static.ak.facebook.com
2014-02-17 14:23:15,lkimg.zamimg.com
2014-02-17 14:23:15,www.lolking.net
2014-02-17 14:23:15,static.ak.facebook.com
2014-02-17 14:23:15,lkjs.zamimg.com
2014-02-17 14:23:15,lkcss.zamimg.com
2014-02-17 14:23:16,lkimg.zamimg.com
2014-02-17 14:23:17,lkimg.zamimg.com
2014-02-17 14:23:17,www.lolking.net
2014-02-17 14:23:18,www.facebook.com
2014-02-17 14:23:18,lkimg.zamimg.com
2014-02-17 14:23:20,lkjs.zamimg.com
2014-02-17 14:23:22,ox-i.zam.com
2014-02-17 14:23:23,lkjs.zamimg.com
2014-02-17 14:23:26,lkjs.zamimg.com
2014-02-17 14:23:31,lkjs.zamimg.com
2014-02-17 14:23:35,lkjs.zamimg.com
2014-02-17 14:24:03,lkimg.zamimg.com
2014-02-17 14:24:08,www.lolking.net
2014-02-17 14:24:09,static.ak.facebook.com
2014-02-17 14:24:09,lkimg.zamimg.com
2014-02-17 14:24:10,s-static.ak.facebook.com
2014-02-17 14:24:12,its.tradelab.fr
2014-02-17 14:24:12,www.facebook.com
2014-02-17 14:24:12,clients1.google.com
2014-02-17 14:24:15,twitter.github.io
2014-02-17 14:24:15,twitter.github.com
2014-02-17 14:24:15,getbootstrap.com
2014-02-17 14:24:24,lkimg.zamimg.com
2014-02-17 14:24:30,www.lolking.net
2014-02-17 14:24:31,s-static.ak.facebook.com
2014-02-17 14:24:31,static.ak.facebook.com
2014-02-17 14:24:33,www.facebook.com
2014-02-17 14:24:57,lkcss.zamimg.com
2014-02-17 14:24:57,www.lolking.net
2014-02-17 14:24:57,static.ak.facebook.com
2014-02-17 14:24:57,s-static.ak.facebook.com
2014-02-17 14:24:57,lkjs.zamimg.com
2014-02-17 14:24:58,lkimg.zamimg.com
2014-02-17 14:24:59,www.facebook.com
2014-02-17 14:24:59,lkimg.zamimg.com
2014-02-17 14:24:59,www.lolking.net
2014-02-17 14:25:00,www.facebook.com
2014-02-17 14:25:06,lkjs.zamimg.com
2014-02-17 14:25:07,lkjs.zamimg.com
2014-02-17 14:25:14,lkjs.zamimg.com
2014-02-17 14:25:34,lkjs.zamimg.com
2014-02-17 14:26:03,lkjs.zamimg.com
2014-02-17 14:26:42,lkjs.zamimg.com
2014-02-17 14:27:46,lkjs.zamimg.com
2014-02-17 14:29:01,goog.applovin.com
2014-02-17 14:31:01,ox-i.zam.com
2014-02-17 14:31:21,lkjs.zamimg.com
2014-02-17 14:31:32,lkjs.zamimg.com
2014-02-17 14:31:34,lkjs.zamimg.com
2014-02-17 14:31:36,lkjs.zamimg.com
2014-02-17 14:31:37,lkjs.zamimg.com
2014-02-17 14:31:41,lkjs.zamimg.com
2014-02-17 14:31:43,lkjs.zamimg.com
2014-02-17 14:31:47,lkjs.zamimg.com
2014-02-17 14:31:56,lkjs.zamimg.com
2014-02-17 14:32:21,www.lolking.net
2014-02-17 14:32:22,www.youtube.com
2014-02-17 14:32:23,www.youtube.com
2014-02-17 14:32:24,s-static.ak.facebook.com
2014-02-17 14:32:24,www.facebook.com
2014-02-17 14:32:24,static.ak.facebook.com
2014-02-17 14:32:26,www.youtube.com
2014-02-17 14:32:27,www.youtube.com
2014-02-17 14:32:28,www.lolking.net
2014-02-17 14:32:29,lkimg.zamimg.com
2014-02-17 14:32:29,lkcss.zamimg.com
2014-02-17 14:32:30,lkimg.zamimg.com
2014-02-17 14:32:31,lkimg.zamimg.com
2014-02-17 14:32:31,static.ak.facebook.com
2014-02-17 14:32:31,s-static.ak.facebook.com
2014-02-17 14:32:32,lkjs.zamimg.com
2014-02-17 14:32:33,lkjs.zamimg.com
2014-02-17 14:32:34,lkjs.zamimg.com
2014-02-17 14:32:34,www.facebook.com
2014-02-17 14:32:35,lkjs.zamimg.com
2014-02-17 14:32:36,lkjs.zamimg.com
2014-02-17 14:32:37,lkjs.zamimg.com
2014-02-17 14:32:38,lkjs.zamimg.com
2014-02-17 14:34:09,lkjs.zamimg.com
2014-02-17 14:34:22,www.google.fr
2014-02-17 14:34:23,ajax.googleapis.com
2014-02-17 14:34:23,leaguecraft.com
2014-02-17 14:34:23,shadow1.leaguecraft.com
2014-02-17 14:34:23,shadow2.leaguecraft.com
2014-02-17 14:34:24,img.youtube.com
2014-02-17 14:34:24,ajax.googleapis.com
2014-02-17 14:34:24,img1.leaguecraft.com
2014-02-17 14:34:24,shadow1.leaguecraft.com
2014-02-17 14:34:24,www.facebook.com
2014-02-17 14:34:24,shadow2.leaguecraft.com
2014-02-17 14:34:24,leaguecraft.com
2014-02-17 14:34:25,leaguecraft.com
2014-02-17 14:34:25,shadow1.leaguecraft.com
2014-02-17 14:34:25,shadow2.leaguecraft.com
2014-02-17 14:34:27,leaguecraft.com
2014-02-17 14:34:28,st.targetix.net
2014-02-17 14:34:28,n2.hal9000.redintelligence.net
2014-02-17 14:34:28,n36.hal9000.redintelligence.net
2014-02-17 14:34:28,hal9000.redintelligence.net
2014-02-17 14:34:29,n4.hal9000.redintelligence.net
2014-02-17 14:34:29,shadow1.leaguecraft.com
2014-02-17 14:34:30,shadow2.leaguecraft.com
2014-02-17 14:34:31,shadow2.leaguecraft.com
2014-02-17 14:34:34,leaguecraft.com
2014-02-17 14:34:34,shadow2.leaguecraft.com
2014-02-17 14:34:35,www.facebook.com
2014-02-17 14:34:35,leaguecraft.com
2014-02-17 14:34:35,shadow1.leaguecraft.com
2014-02-17 14:34:35,shadow2.leaguecraft.com
2014-02-17 14:34:36,shadow1.leaguecraft.com
2014-02-17 14:34:36,leaguecraft.com
2014-02-17 14:34:37,leaguecraft.com
2014-02-17 14:34:37,tag.kineto.hiro.tv
2014-02-17 14:34:37,www.facebook.com
2014-02-17 14:34:38,tag.kineto.hiro.tv
2014-02-17 14:34:39,www.facebook.com
2014-02-17 14:34:41,its.tradelab.fr
2014-02-17 14:34:42,shadow1.leaguecraft.com
2014-02-17 14:34:49,leaguecraft.com
2014-02-17 14:34:50,leaguecraft.com
2014-02-17 14:34:50,shadow2.leaguecraft.com
2014-02-17 14:34:50,shadow1.leaguecraft.com
2014-02-17 14:34:52,leaguecraft.com
2014-02-17 14:34:53,shadow2.leaguecraft.com
2014-02-17 14:34:53,shadow1.leaguecraft.com
2014-02-17 14:34:53,leaguecraft.com
2014-02-17 14:34:54,shadow1.leaguecraft.com
2014-02-17 14:34:55,leaguecraft.com
2014-02-17 14:34:57,leaguecraft.com
2014-02-17 14:34:59,its.tradelab.fr
2014-02-17 14:35:03,shadow1.leaguecraft.com
2014-02-17 14:35:03,leaguecraft.com
2014-02-17 14:35:03,shadow2.leaguecraft.com
2014-02-17 14:35:04,shadow2.leaguecraft.com
2014-02-17 14:35:04,shadow1.leaguecraft.com
2014-02-17 14:35:04,leaguecraft.com
2014-02-17 14:35:04,www.facebook.com
2014-02-17 14:35:05,leaguecraft.com
2014-02-17 14:35:05,w.sharethis.com
2014-02-17 14:35:06,leaguecraft.com
2014-02-17 14:35:07,soundwave.bnmla.com
2014-02-17 14:35:08,leaguecraft.com
2014-02-17 14:35:09,edge.sharethis.com
2014-02-17 14:35:09,w.sharethis.com
2014-02-17 14:35:09,shadow1.leaguecraft.com
2014-02-17 14:35:24,shadow1.leaguecraft.com
2014-02-17 14:35:28,shadow1.leaguecraft.com
2014-02-17 14:37:16,www.google.com
2014-02-17 14:37:18,www.google.fr
2014-02-17 14:37:25,s.ytimg.com
2014-02-17 14:38:02,www.youtube.com
2014-02-17 14:38:06,shadow1.leaguecraft.com
2014-02-17 14:38:14,leaguecraft.com
2014-02-17 14:38:42,leaguecraft.com
2014-02-17 14:39:00,leaguecraft.com
2014-02-17 14:39:05,leaguecraft.com
2014-02-17 14:39:21,shadow2.leaguecraft.com
2014-02-17 14:39:22,shadow2.leaguecraft.com
2014-02-17 14:39:22,shadow1.leaguecraft.com
2014-02-17 14:40:10,leaguecraft.com
2014-02-17 14:40:11,shadow2.leaguecraft.com
2014-02-17 14:40:11,img2.leaguecraft.com
2014-02-17 14:40:11,leaguecraft.com
2014-02-17 14:40:11,shadow1.leaguecraft.com
2014-02-17 14:40:13,leaguecraft.com
2014-02-17 14:40:14,leaguecraft.com
2014-02-17 14:40:16,leaguecraft.com
2014-02-17 14:40:17,leaguecraft.com
2014-02-17 14:40:18,leaguecraft.com
2014-02-17 14:40:24,leaguecraft.com
2014-02-17 14:40:24,img2.leaguecraft.com
2014-02-17 14:40:27,leaguecraft.com
2014-02-17 14:40:29,leaguecraft.com
2014-02-17 14:40:43,safebrowsing.clients.google.com
2014-02-17 14:40:43,safebrowsing-cache.google.com
2014-02-17 14:40:44,safebrowsing-cache.google.com
2014-02-17 15:11:38,safebrowsing.clients.google.com
2014-02-17 15:11:38,safebrowsing-cache.google.com
2014-02-17 15:11:39,safebrowsing-cache.google.com
2014-02-17 15:16:37,www.lolking.net
2014-02-17 15:16:37,connect.facebook.net
2014-02-17 15:16:38,www.youtube.com
2014-02-17 15:16:39,www.youtube.com
2014-02-17 15:16:40,www.facebook.com
2014-02-17 15:16:40,static.ak.facebook.com
2014-02-17 15:16:40,s-static.ak.facebook.com
2014-02-17 15:16:42,www.youtube.com
2014-02-17 15:16:43,i1.ytimg.com
2014-02-17 15:16:43,www.youtube.com
2014-02-17 15:16:44,www.youtube.com
2014-02-17 15:16:45,rapidssl-ocsp.geotrust.com
2014-02-17 15:16:45,its.tradelab.fr
2014-02-17 15:16:47,www.lolking.net
2014-02-17 15:16:49,lkimg.zamimg.com
2014-02-17 15:16:49,static.ak.facebook.com
2014-02-17 15:16:50,s-static.ak.facebook.com
2014-02-17 15:16:51,www.facebook.com
2014-02-17 15:16:52,www.facebook.com
2014-02-17 15:16:54,clients1.google.com
2014-02-17 15:16:54,gtglobal-ocsp.geotrust.com
2014-02-17 15:17:13,static.ak.facebook.com
2014-02-17 15:17:13,www.lolking.net
2014-02-17 15:17:13,lkcss.zamimg.com
2014-02-17 15:17:14,www.facebook.com
2014-02-17 15:17:14,s-static.ak.facebook.com
2014-02-17 15:17:16,its.tradelab.fr
2014-02-17 15:17:16,dsp.active-agent.com
2014-02-17 15:17:19,lkcss.zamimg.com
2014-02-17 15:17:19,lkjs.zamimg.com
2014-02-17 15:17:20,static.ak.facebook.com
2014-02-17 15:17:20,www.lolking.net
2014-02-17 15:17:20,lkimg.zamimg.com
2014-02-17 15:17:20,s-static.ak.facebook.com
2014-02-17 15:17:21,lkimg.zamimg.com
2014-02-17 15:17:22,lkimg.zamimg.com
2014-02-17 15:17:22,www.facebook.com
2014-02-17 15:17:23,lkimg.zamimg.com
2014-02-17 15:17:23,www.lolking.net
2014-02-17 15:17:24,www.facebook.com
2014-02-17 15:17:24,lkimg.zamimg.com
2014-02-17 15:17:28,lkjs.zamimg.com
2014-02-17 15:17:49,lkjs.zamimg.com
2014-02-17 15:17:49,i.ssix.io
2014-02-17 15:18:03,lkjs.zamimg.com
2014-02-17 15:18:04,lkjs.zamimg.com
2014-02-17 15:18:05,lkjs.zamimg.com
2014-02-17 15:19:16,ox-i.zam.com
2014-02-17 15:19:48,lkjs.zamimg.com
2014-02-17 15:21:17,ox-i.zam.com
2014-02-17 15:21:23,its.tradelab.fr
2014-02-17 15:22:07,lkjs.zamimg.com
2014-02-17 15:24:23,lkjs.zamimg.com
2014-02-17 15:25:28,connect.facebook.net
2014-02-17 15:25:28,www.lolking.net
2014-02-17 15:25:29,s-static.ak.facebook.com
2014-02-17 15:25:29,static.ak.facebook.com
2014-02-17 15:25:29,www.facebook.com
2014-02-17 15:25:31,its.tradelab.fr
2014-02-17 15:25:41,lkcss.zamimg.com
2014-02-17 15:25:41,lkjs.zamimg.com
2014-02-17 15:25:42,s-static.ak.facebook.com
2014-02-17 15:25:42,lkcss.zamimg.com
2014-02-17 15:25:42,lkjs.zamimg.com
2014-02-17 15:25:42,static.ak.facebook.com
2014-02-17 15:25:43,www.lolking.net
2014-02-17 15:25:45,www.lolking.net
2014-02-17 15:25:45,lkimg.zamimg.com
2014-02-17 15:25:46,www.facebook.com
2014-02-17 15:25:50,st.targetix.net
2014-02-17 15:25:51,lkjs.zamimg.com
2014-02-17 15:25:52,lkjs.zamimg.com
2014-02-17 15:25:53,lkjs.zamimg.com
2014-02-17 15:26:00,lkjs.zamimg.com
2014-02-17 15:26:23,lkjs.zamimg.com
2014-02-17 15:26:34,lkjs.zamimg.com
2014-02-17 15:26:35,lkjs.zamimg.com
2014-02-17 15:29:38,ocsp.usertrust.com
2014-02-17 15:29:38,ocsp.tcs.terena.org
2014-03-04 15:49:48,ocsp.thawte.com
2014-03-04 15:50:40,gtssl-ocsp.geotrust.com
2014-03-04 15:51:22,safebrowsing-cache.google.com
2014-03-04 15:51:22,safebrowsing.clients.google.com
2014-03-04 15:52:25,gtglobal-ocsp.geotrust.com
2014-03-04 15:52:25,clients1.google.com
2014-03-04 15:52:27,clients1.google.com
2014-03-04 15:52:30,fr.openclassrooms.com
2014-03-04 15:52:30,www.google.fr
2014-03-04 15:52:31,fr.openclassrooms.com
2014-03-04 15:52:31,doug1izaerwt3.cloudfront.net
2014-03-04 15:52:31,www.google.com
2014-03-04 15:52:31,dnn506yrbagrg.cloudfront.net
2014-03-04 15:52:32,www.google.com
2014-03-04 15:52:36,ocsp.verisign.com
2014-03-04 15:52:36,clients1.google.com
2014-03-04 15:52:37,www.facebook.com
2014-03-04 15:52:37,ce.lijit.com
2014-03-04 15:52:37,ad.publicidees.com
2014-03-04 15:52:37,images.orangepublicite.fr
2014-03-04 15:52:38,ocsp.verisign.com
2014-03-04 15:52:39,dps.bing.com
2014-03-04 15:52:49,fr.openclassrooms.com
2014-03-04 15:52:50,doug1izaerwt3.cloudfront.net
2014-03-04 15:52:50,dnn506yrbagrg.cloudfront.net
2014-03-04 15:52:50,www.google.com
2014-03-04 15:52:50,fr.openclassrooms.com
2014-03-04 15:52:54,www.google.com
2014-03-04 15:52:56,adventori.com
2014-03-04 15:52:57,cm.adgrx.com
2014-03-04 15:53:05,www.google.fr
2014-03-04 15:53:06,fr.openclassrooms.com
2014-03-04 15:53:09,www.google.com
2014-03-04 15:53:09,fr.openclassrooms.com
2014-03-04 15:53:09,doug1izaerwt3.cloudfront.net
2014-03-04 15:53:10,fr.openclassrooms.com
2014-03-04 15:53:11,www.google.com
2014-03-04 15:53:12,fr.openclassrooms.com
2014-03-04 15:53:33,fr.openclassrooms.com
2014-03-04 15:53:33,www.google.com
2014-03-04 15:53:34,doug1izaerwt3.cloudfront.net
2014-03-04 15:53:38,www.google.com
2014-03-04 15:53:39,cs.specificclick.net
2014-03-04 15:53:40,www.facebook.com
2014-03-04 15:53:40,fr.openclassrooms.com
2014-03-04 15:53:41,www.google.com
2014-03-04 15:53:41,doug1izaerwt3.cloudfront.net
2014-03-04 15:53:44,www.facebook.com
2014-03-04 15:53:45,www.google.com
2014-03-04 15:53:45,clients1.google.com
2014-03-04 15:53:46,gtssl-ocsp.geotrust.com
2014-03-04 15:53:46,s.kau.li
2014-03-04 15:53:46,admaym.com
2014-03-04 15:53:46,cs.specificclick.net
2014-03-04 15:53:46,y.one.impact-ad.jp
2014-03-04 15:53:46,ce.lijit.com
2014-03-04 15:53:47,c1.adform.net
2014-03-04 15:54:50,apnx-match.dotomi.com
2014-03-04 15:54:56,fr.openclassrooms.com
2014-03-04 15:54:56,www.google.com
2014-03-04 15:54:56,doug1izaerwt3.cloudfront.net
2014-03-04 15:54:57,www.google.com
2014-03-04 15:55:23,apis.google.com
2014-03-04 15:55:33,www.google.fr
2014-03-04 15:55:34,vip93fr.free.fr
2014-03-04 15:55:35,vip93fr.free.fr
2014-03-04 15:55:36,vip93fr.free.fr
2014-03-04 15:55:37,vip93fr.free.fr
2014-03-04 15:55:38,www.facebook.com
2014-03-04 15:57:38,ocsp.verisign.com
2014-03-04 15:57:51,www.googleapis.com
2014-03-04 15:58:25,www.google.com
2014-03-04 15:58:27,www.google.fr
2014-03-04 15:59:39,ocsp.digicert.com
2014-03-04 16:00:03,vip93fr.free.fr
2014-03-04 16:00:05,www.astorm.ch
2014-03-04 16:00:06,www.astorm.ch
2014-03-04 16:04:10,regexlib.com
2014-03-04 16:04:12,regexlib.com
2014-03-04 16:04:13,regexlib.com
2014-03-04 16:04:14,regexlib.com
2014-03-04 16:04:14,images.amazon.com
2014-03-04 16:04:14,feeds.feedburner.com
2014-03-04 16:04:15,regexlib.com
2014-03-04 16:04:17,regexlib.com
2014-03-04 16:10:53,www.google.fr
2014-03-04 16:10:54,ajax.googleapis.com
2014-03-04 16:10:54,stackoverflow.com
2014-03-04 16:10:55,cdn-careers.sstatic.net
2014-03-04 16:10:55,stackoverflow.com
2014-03-04 16:10:55,ocsp.digicert.com
2014-03-04 16:10:56,ocsp.digicert.com
2014-03-04 16:10:56,careers.stackoverflow.com
2014-03-04 16:10:56,ocsp.thawte.com
2014-03-04 16:11:11,stackauth.com
2014-03-04 16:12:49,www.gravatar.com
2014-03-04 16:12:50,www.gravatar.com
2014-03-04 16:12:54,ocsp.verisign.com
2014-03-04 16:12:55,adzerk-www.s3.amazonaws.com
2014-03-04 16:13:47,www.google.fr
2014-03-04 16:22:15,safebrowsing-cache.google.com
2014-03-04 16:22:15,safebrowsing.clients.google.com
2014-03-04 16:31:55,ba.commentcamarche.net
2014-03-04 16:31:55,static.ccm2.net
2014-03-04 16:31:55,www.commentcamarche.net
2014-03-04 16:31:55,www.google.fr
2014-03-04 16:31:56,r.ccmbg.com
2014-03-04 16:31:56,platform.twitter.com
2014-03-04 16:31:56,www.facebook.com
2014-03-04 16:31:56,static.ccm2.net
2014-03-04 16:31:56,ba.commentcamarche.net
2014-03-04 16:31:57,evsecure-ocsp.verisign.com
2014-03-04 16:31:57,platform.twitter.com
2014-03-04 16:31:57,www.facebook.com
2014-03-04 16:31:58,its.tradelab.fr
2014-03-04 16:31:58,pixel.alephd.com
2014-03-04 16:31:58,clients1.google.com
2014-03-04 16:31:59,clients1.google.com
2014-03-04 16:31:59,gtssl-ocsp.geotrust.com
2014-03-04 16:31:59,www.facebook.com
2014-03-04 16:31:59,platform.twitter.com
2014-03-04 16:31:59,connect.facebook.net
2014-03-04 16:31:59,www.commentcamarche.net
2014-03-04 16:31:59,static.ccm2.net
2014-03-04 16:31:59,static.ccmbg.com
2014-03-04 16:31:59,ba.commentcamarche.net
2014-03-04 16:31:59,static.ak.facebook.com
2014-03-04 16:32:00,id.impressiondesk.com
2014-03-04 16:32:01,www.commentcamarche.net
2014-03-04 16:32:02,um.simpli.fi
2014-03-04 16:32:02,static.ebz.io
2014-03-04 16:32:28,its.tradelab.fr
2014-03-04 16:32:29,twitter.com
2014-03-04 16:32:46,cdnf.alsacreations.net
2014-03-04 16:32:46,ajax.googleapis.com
2014-03-04 16:32:46,forum.alsacreations.com
2014-03-04 16:32:46,www.google.fr
2014-03-04 16:33:55,s-static.ak.facebook.com
2014-03-04 16:34:16,www.google.fr
2014-03-04 16:34:17,fr.openclassrooms.com
2014-03-04 16:34:18,www.google.com
2014-03-04 16:34:18,dnn506yrbagrg.cloudfront.net
2014-03-04 16:34:18,doug1izaerwt3.cloudfront.net
2014-03-04 16:34:19,www.google.com
2014-03-04 16:34:34,fr.openclassrooms.com
2014-03-04 16:34:34,doug1izaerwt3.cloudfront.net
2014-03-04 16:34:34,dnn506yrbagrg.cloudfront.net
2014-03-04 16:34:34,www.google.com
2014-03-04 16:34:36,www.google.com
2014-03-04 16:34:36,fr.openclassrooms.com
2014-03-04 16:34:51,ajax.googleapis.com
2014-03-04 16:34:53,apis.google.com
2014-03-04 16:34:54,accounts.google.com
2014-03-04 16:35:00,www.facebook.com
2014-03-04 16:35:50,www.google.fr
2014-03-04 16:35:52,ajax.googleapis.com
2014-03-04 16:35:52,www.developpez.net
2014-03-04 16:35:52,safebrowsing.clients.google.com
2014-03-04 16:35:53,www.developpez.net
2014-03-04 16:35:53,www.google.com
2014-03-04 16:35:54,www.developpez.net
2014-03-04 16:35:54,sync.uuidcshmg.com
2014-03-04 16:35:55,rcm-fr.amazon.fr
2014-03-04 16:35:55,ecx.images-amazon.com
2014-03-04 16:35:56,ecx.images-amazon.com
2014-03-04 16:37:32,www.googleapis.com
2014-03-04 16:38:44,www.google.com
2014-03-04 16:38:45,id.google.fr
2014-03-04 16:38:46,www.google.fr
2014-03-04 16:50:01,www.google.fr
2014-03-04 16:50:03,www.developpez.net
2014-03-04 16:50:04,www.developpez.net
2014-03-04 16:50:06,www.developpez.net
2014-03-04 16:50:06,sync.uuidcshmg.com
2014-03-04 16:50:07,krxd.nexac.com
2014-03-04 16:50:45,www.toutjavascript.com
2014-03-04 16:50:45,www.google.fr
2014-03-04 16:50:46,www.toutjavascript.com
2014-03-04 16:50:46,hal9000.redintelligence.net
2014-03-04 16:50:47,hal9000.redintelligence.net
2014-03-04 16:50:47,rapidssl-ocsp.geotrust.com
2014-03-04 16:50:47,www.toutjavascript.com
2014-03-04 16:50:48,www.toutjavascript.com
2014-03-04 16:50:56,hal9000.redintelligence.net
2014-03-04 16:51:38,www.google.fr
2014-03-04 16:51:39,www.toutjavascript.com
2014-03-04 16:51:40,ecx.images-amazon.com
2014-03-04 16:51:40,www.toutjavascript.com
2014-03-04 16:51:40,rcm-fr.amazon.fr
2014-03-04 16:52:45,safebrowsing-cache.google.com
2014-03-04 16:52:45,safebrowsing.clients.google.com
2014-03-04 16:52:46,safebrowsing-cache.google.com
2014-03-04 16:52:54,www.google.com
2014-03-04 16:53:09,www.google.com
2014-03-04 16:53:13,fr.wikipedia.org
2014-03-04 16:53:13,www.google.fr
2014-03-04 16:53:13,bits.wikimedia.org
2014-03-04 16:53:14,bits.wikimedia.org
2014-03-04 16:53:14,login.wikimedia.org
2014-03-04 16:53:14,fr.wikipedia.org
2014-03-04 16:53:14,meta.wikimedia.org
2014-03-04 16:56:07,www.google.com
2014-03-04 16:56:08,www.google.fr
2014-03-04 16:56:37,clients1.google.com
2014-03-04 16:56:37,gtglobal-ocsp.geotrust.com
2014-03-04 16:56:40,www.google.fr
2014-03-04 16:56:40,www.toutjavascript.com
2014-03-04 16:59:32,id.google.fr
2014-03-04 16:59:33,www.google.com
2014-03-04 16:59:35,www.google.fr
2014-03-04 16:59:52,rcm-fr.amazon.fr
2014-03-04 17:00:04,www.google.fr
2014-03-04 17:00:04,www.commentcamarche.net
2014-03-04 17:00:05,static.ccm2.net
2014-03-04 17:00:05,ba.commentcamarche.net
2014-03-04 17:00:06,ce.lijit.com
2014-03-04 17:00:06,static.ccm2.net
2014-03-04 17:00:06,ba.commentcamarche.net
2014-03-04 17:00:06,www.facebook.com
2014-03-04 17:00:07,platform.twitter.com
2014-03-04 17:00:07,ba.commentcamarche.net
2014-03-04 17:00:07,www.facebook.com
2014-03-04 17:00:08,loadr.exelator.com
2014-03-04 17:00:08,pixel.alephd.com
2014-03-04 17:00:08,clients1.google.com
2014-03-04 17:00:08,connect.facebook.net
2014-03-04 17:00:08,ba.commentcamarche.net
2014-03-04 17:00:09,platform.twitter.com
2014-03-04 17:00:09,www.facebook.com
2014-03-04 17:00:09,pixel.alephd.com
2014-03-04 17:00:09,its.tradelab.fr
2014-03-04 17:00:39,twitter.com
2014-03-04 17:01:21,www.commentcamarche.net
2014-03-04 17:01:21,static.ccm2.net
2014-03-04 17:01:21,ba.commentcamarche.net
2014-03-04 17:01:21,www.google.fr
2014-03-04 17:01:22,www.facebook.com
2014-03-04 17:01:22,static.ccm2.net
2014-03-04 17:01:23,static.ccm2.net
2014-03-04 17:01:23,platform.twitter.com
2014-03-04 17:01:23,ba.commentcamarche.net
2014-03-04 17:01:23,www.facebook.com
2014-03-04 17:01:24,ocsp.thawte.com
2014-03-04 17:01:24,www.facebook.com
2014-03-04 17:01:44,www.facebook.com
2014-03-04 17:01:44,translate.google.com
2014-03-04 17:01:44,www.google.fr
2014-03-04 17:01:44,www.w3schools.com
2014-03-04 17:01:44,www.google.com
2014-03-04 17:01:45,i2.ytimg.com
2014-03-04 17:01:45,clients1.google.com
2014-03-04 17:01:45,www.google.com
2014-03-04 17:01:45,hal9000.redintelligence.net
2014-03-04 17:01:46,ocsp.comodoca.com
2014-03-04 17:01:46,ad.publicidees.com
2014-03-04 17:01:46,ea.numericable.fr
2014-03-04 17:01:46,ocsp.usertrust.com
2014-03-04 17:01:46,n34.hal9000.redintelligence.net
2014-03-04 17:01:47,translate.google.com
2014-03-04 17:01:52,translate.google.com
2014-03-04 17:01:54,twitter.com
2014-03-04 17:03:02,apis.google.com
2014-03-04 17:04:25,www.facebook.com
2014-03-04 17:04:38,www.google.fr
2014-03-04 17:04:41,www.googleapis.com
2014-03-04 17:04:43,www.google.com
2014-03-04 17:04:48,translate.googleapis.com
2014-03-04 17:20:50,safebrowsing.clients.google.com
2014-03-04 17:20:50,safebrowsing-cache.google.com
2014-03-04 17:26:54,www.google.fr
2014-03-04 17:26:55,www.developpez.com
2014-03-04 17:26:55,javascript.developpez.com
2014-03-04 17:26:56,safebrowsing.clients.google.com
2014-03-04 17:26:56,javascript.developpez.com
2014-03-04 17:26:56,www.developpez.com
2014-03-04 17:26:58,www.developpez.com
2014-03-04 17:26:58,sync.uuidcshmg.com
2014-03-04 17:26:58,javascript.developpez.com
2014-03-04 17:29:45,www.google.com
2014-03-04 17:29:48,www.google.fr
2014-03-04 17:38:21,www.commentcamarche.net
2014-03-04 17:38:21,www.google.fr
2014-03-04 17:38:22,static.ccm2.net
2014-03-04 17:38:22,ba.commentcamarche.net
2014-03-04 17:38:22,www.commentcamarche.net
2014-03-04 17:38:22,r.ccmbg.com
2014-03-04 17:38:22,kh6qrx0f8h.s.ad6media.fr
2014-03-04 17:38:22,www.facebook.com
2014-03-04 17:38:22,pixel.alephd.com
2014-03-04 17:38:23,www.facebook.com
2014-03-04 17:38:23,static.ccm2.net
2014-03-04 17:38:23,platform.twitter.com
2014-03-04 17:38:24,ba.commentcamarche.net
2014-03-04 17:38:24,www.facebook.com
2014-03-04 17:38:24,connect.facebook.net
2014-03-04 17:38:25,pixel.alephd.com
2014-03-04 17:38:25,platform.twitter.com
2014-03-04 17:38:25,www.facebook.com
2014-03-04 17:38:26,gtssl-ocsp.geotrust.com
2014-03-04 17:38:26,pixel.alephd.com
2014-03-04 17:38:26,www.facebook.com
2014-03-04 17:38:51,translate.google.com
2014-03-04 17:38:51,www.w3schools.com
2014-03-04 17:38:51,www.google.com
2014-03-04 17:38:51,www.google.fr
2014-03-04 17:38:51,www.facebook.com
2014-03-04 17:38:52,clients1.google.com
2014-03-04 17:38:52,www.google.com
2014-03-04 17:38:53,rp.gwallet.com
2014-03-04 17:38:53,translate.google.com
2014-03-04 17:38:55,twitter.com
2014-03-04 17:38:57,translate.google.com
2014-03-04 17:39:14,ocsp.digicert.com
2014-03-04 17:39:14,static.ccm2.net
2014-03-04 17:39:14,ba.commentcamarche.net
2014-03-04 17:39:14,www.commentcamarche.net
2014-03-04 17:39:14,www.google.fr
2014-03-04 17:39:14,www.facebook.com
2014-03-04 17:39:15,www.facebook.com
2014-03-04 17:39:16,platform.twitter.com
2014-03-04 17:39:16,ba.commentcamarche.net
2014-03-04 17:39:16,www.facebook.com
2014-03-04 17:39:17,www.facebook.com
2014-03-04 17:39:47,twitter.com
2014-03-04 17:40:50,ocsp.digicert.com
2014-03-04 17:40:52,www.analyste-programmeur.com
2014-03-04 17:40:53,ocsp.digicert.com
2014-03-04 17:40:53,www.analyste-programmeur.com
2014-03-04 17:40:53,safebrowsing.clients.google.com
2014-03-04 17:40:53,clients1.google.com
2014-03-04 17:40:54,www.analyste-programmeur.com
2014-03-04 17:40:54,evsecure-ocsp.geotrust.com
2014-03-04 17:40:55,evssl-ocsp.geotrust.com
2014-03-04 17:40:55,www.analyste-programmeur.com
2014-03-04 17:40:56,www.analyste-programmeur.com
2014-03-04 17:40:56,gtssl-ocsp.geotrust.com
2014-03-04 17:40:59,developer.mozilla.org
2014-03-04 17:41:16,www.google.com
2014-03-04 17:41:48,translate.googleapis.com
2014-03-04 17:41:49,www.googleapis.com
2014-03-04 17:42:11,apis.google.com
2014-03-04 17:42:17,www.facebook.com
2014-03-04 17:43:46,www.google.fr
2014-03-17 13:30:11,ocsp.thawte.com
2014-03-17 13:30:11,gtglobal-ocsp.geotrust.com
2014-03-17 13:30:11,clients1.google.com
2014-03-17 13:30:29,clients1.google.com
2014-03-17 13:30:31,www.google.fr
2014-03-17 13:30:32,ocsp.usertrust.com
2014-03-17 13:30:32,clients1.google.com
2014-03-17 13:30:32,ocsp.tcs.terena.org
2014-03-17 13:30:33,clients1.google.com
2014-03-17 13:31:45,safebrowsing-cache.google.com
2014-03-17 13:31:45,safebrowsing.clients.google.com
2014-03-17 13:31:46,safebrowsing-cache.google.com
2014-03-17 13:33:05,sb-ssl.google.com
2014-03-17 13:33:25,apis.google.com
2014-03-17 13:33:25,www.google.fr
2014-03-17 13:33:25,www.google.com
2014-03-17 13:36:35,gtssl-ocsp.geotrust.com
2014-03-17 13:37:18,ocsp.verisign.com
2014-03-17 13:39:18,ocsp.digicert.com
2014-03-17 13:58:08,fr.openclassrooms.com
2014-03-17 13:58:08,www.google.fr
2014-03-17 13:58:09,fr.openclassrooms.com
2014-03-17 13:58:09,doug1izaerwt3.cloudfront.net
2014-03-17 13:58:09,www.google.com
2014-03-17 13:58:10,dnn506yrbagrg.cloudfront.net
2014-03-17 13:58:10,www.google.com
2014-03-17 13:58:11,clients1.google.com
2014-03-17 13:58:24,dnn506yrbagrg.cloudfront.net
2014-03-17 13:58:24,doug1izaerwt3.cloudfront.net
2014-03-17 13:58:24,fr.openclassrooms.com
2014-03-17 13:58:24,www.google.com
2014-03-17 13:58:26,fr.openclassrooms.com
2014-03-17 13:58:26,www.google.com
2014-03-17 13:58:28,fr.openclassrooms.com
2014-03-17 13:58:28,dsp.active-agent.com
2014-03-17 13:58:48,www.google.fr
2014-03-17 13:58:49,fr.openclassrooms.com
2014-03-17 13:58:49,doug1izaerwt3.cloudfront.net
2014-03-17 13:58:49,www.google.com
2014-03-17 14:01:02,www.google.com
2014-03-17 14:01:03,www.google.fr
2014-03-17 14:01:45,www.googleapis.com
2014-03-17 14:03:06,safebrowsing.clients.google.com
2014-03-17 14:03:06,safebrowsing-cache.google.com
2014-03-17 14:03:07,safebrowsing-cache.google.com
2014-03-17 14:13:48,www.google.fr
2014-03-17 14:13:48,www.commentcamarche.net
2014-03-17 14:13:48,static.ccm2.net
2014-03-17 14:13:48,r.ccmbg.com
2014-03-17 14:13:48,ba.commentcamarche.net
2014-03-17 14:13:48,www.facebook.com
2014-03-17 14:13:48,clients1.google.com
2014-03-17 14:13:48,platform.twitter.com
2014-03-17 14:13:49,static.ccm2.net
2014-03-17 14:13:49,evsecure-ocsp.verisign.com
2014-03-17 14:13:49,ba.commentcamarche.net
2014-03-17 14:13:50,connect.facebook.net
2014-03-17 14:13:50,ba.commentcamarche.net
2014-03-17 14:13:50,static.ak.facebook.com
2014-03-17 14:13:50,static.ccm2.net
2014-03-17 14:13:50,loadr.exelator.com
2014-03-17 14:13:50,s-static.ak.facebook.com
2014-03-17 14:13:50,pixel.alephd.com
2014-03-17 14:13:51,static.ccm2.net
2014-03-17 14:13:51,www.facebook.com
2014-03-17 14:13:51,platform.twitter.com
2014-03-17 14:13:51,static.ccmbg.com
2014-03-17 14:13:52,www.commentcamarche.net
2014-03-17 14:13:52,gtssl-ocsp.geotrust.com
2014-03-17 14:13:52,www.facebook.com
2014-03-17 14:14:21,twitter.com
2014-03-17 14:14:52,docs.oracle.com
2014-03-17 14:14:53,www.oracle.com
2014-03-17 14:14:53,docs.oracle.com
2014-03-17 14:16:42,www.google.com
2014-03-17 14:16:44,www.google.fr
2014-03-17 14:16:45,ajax.googleapis.com
2014-03-17 14:30:17,www.google.fr
2014-03-17 14:30:19,ajax.googleapis.com
2014-03-17 14:30:19,www.developpez.net
2014-03-17 14:30:19,www.google.com
2014-03-17 14:30:20,www.google.com
2014-03-17 14:30:20,ajax.googleapis.com
2014-03-17 14:30:20,www.developpez.net
2014-03-17 14:30:22,www.developpez.net
2014-03-17 14:30:23,www.developpez.net
2014-03-17 14:30:24,www.developpez.net
2014-03-17 14:30:25,www.developpez.net
2014-03-17 14:30:32,c1.adform.net
2014-03-17 14:31:07,www.google.fr
2014-03-17 14:31:09,www.developpez.net
2014-03-17 14:31:09,clients1.google.com
2014-03-17 14:31:10,gtglobal-ocsp.geotrust.com
2014-03-17 14:31:16,www.google.fr
2014-03-17 14:31:17,wtpn.twenga.fr
2014-03-17 14:31:17,script.affilizr.com
2014-03-17 14:31:17,forum-images.hardware.fr
2014-03-17 14:31:17,forum.hardware.fr
2014-03-17 14:31:19,forum-images.hardware.fr
2014-03-17 14:31:24,wtpn.twenga.fr
2014-03-17 14:31:24,fr.primary.affinitad.com
2014-03-17 14:31:25,wtpn.twenga.fr
2014-03-17 14:31:25,rbx-cdn-tpn.c4tw.net
2014-03-17 14:31:26,i10.twenga.com
2014-03-17 14:31:26,i11.twenga.com
2014-03-17 14:31:26,rbx-cdn-tpn.c4tw.net
2014-03-17 14:31:26,forum.hardware.fr
2014-03-17 14:31:34,safebrowsing-cache.google.com
2014-03-17 14:31:34,safebrowsing.clients.google.com
2014-03-17 14:31:35,safebrowsing-cache.google.com
2014-03-17 14:31:36,safebrowsing-cache.google.com
2014-03-17 14:32:48,www.google.fr
2014-03-17 14:32:49,fr.openclassrooms.com
2014-03-17 14:32:52,www.google.com
2014-03-17 14:32:53,fr.openclassrooms.com
2014-03-17 14:32:53,doug1izaerwt3.cloudfront.net
2014-03-17 14:32:59,dnn506yrbagrg.cloudfront.net
2014-03-17 14:32:59,www.google.com
2014-03-17 14:33:02,rp.gwallet.com
2014-03-17 14:33:06,fr.openclassrooms.com
2014-03-17 14:33:07,fr.openclassrooms.com
2014-03-17 14:33:07,um.simpli.fi
2014-03-17 14:33:08,cs.specificclick.net
2014-03-17 14:33:08,fr.openclassrooms.com
2014-03-17 14:33:09,fr.openclassrooms.com
2014-03-17 14:33:10,www.facebook.com
2014-03-17 14:33:10,fr.openclassrooms.com
2014-03-17 14:33:13,ce.lijit.com
2014-03-17 14:33:13,cs.specificclick.net
2014-03-17 14:33:13,admaym.com
2014-03-17 14:33:14,y.one.impact-ad.jp
2014-03-17 14:33:14,s.kau.li
2014-03-17 14:33:14,gtssl-ocsp.geotrust.com
2014-03-17 14:33:59,www.google.com
2014-03-17 14:34:12,www.google.fr
2014-03-17 14:34:20,ajax.googleapis.com
2014-03-17 14:35:57,www.googleapis.com
2014-03-17 15:02:47,safebrowsing-cache.google.com
2014-03-17 15:02:47,safebrowsing.clients.google.com
2014-03-20 15:54:24,go.microsoft.com
2014-03-20 15:58:08,sb-ssl.google.com
2014-03-20 15:58:41,apis.google.com
2014-03-20 15:58:42,www.google.com
2014-03-20 15:58:43,www.google.fr
2014-03-20 16:02:55,apis.google.com
2014-03-20 16:17:39,www.google.fr
2014-03-20 16:17:40,www.google.com
2014-03-20 16:19:25,www.googleapis.com
2014-03-20 16:33:54,togetherjs.com
2014-03-20 16:37:28,www.googleapis.com
2014-03-20 16:58:06,www.googleapis.com
2014-03-20 17:01:06,www.googleapis.com
2014-03-20 17:12:57,s-static.ak.facebook.com
2014-03-20 17:13:00,www.facebook.com
2014-03-20 17:13:27,twitter.com
2014-03-20 17:13:29,twitter.com
2014-03-20 17:15:44,www.google.com
2014-03-20 17:15:45,www.google.fr
2014-03-20 17:15:50,ajax.googleapis.com
2014-03-20 17:15:51,apis.google.com
2014-03-20 17:15:53,accounts.google.com
2014-03-20 17:35:46,www.googleapis.com
2014-03-24 14:08:45,gtglobal-ocsp.geotrust.com
2014-03-24 14:08:45,clients1.google.com
2014-03-24 14:08:46,ocsp.thawte.com
2014-03-24 14:08:49,www.google.com
2014-03-24 14:08:50,clients1.google.com
2014-03-24 14:09:00,www.google.fr
2014-03-24 14:09:01,op.gg
2014-03-24 14:09:02,www.op.gg
2014-03-24 14:09:04,www.facebook.com
2014-03-24 14:09:20,www.facebook.com
2014-03-24 14:10:11,www.facebook.com
2014-03-24 14:10:57,safebrowsing.clients.google.com
2014-03-24 14:10:57,safebrowsing-cache.google.com
2014-03-24 14:11:13,www.google.fr
2014-03-24 14:11:14,ocsp.usertrust.com
2014-03-24 14:11:14,clients1.google.com
2014-03-24 14:11:14,ocsp.tcs.terena.org
2014-03-24 14:11:15,clients1.google.com
2014-03-24 14:11:40,sb-ssl.google.com
2014-03-24 14:11:47,apis.google.com
2014-03-24 14:11:50,www.google.com
2014-03-24 14:11:51,www.google.fr
2014-03-24 14:14:05,www.facebook.com
2014-03-24 14:16:35,ocsp.verisign.com
2014-03-24 14:18:35,ocsp.digicert.com
2014-03-24 14:19:46,www.google.fr
2014-03-24 14:19:47,www.lolskill.net
2014-03-24 14:19:47,ajax.googleapis.com
2014-03-24 14:19:47,static.lolskill.net
2014-03-24 14:19:47,connect.facebook.net
2014-03-24 14:19:48,static.lolskill.net
2014-03-24 14:19:48,static.ak.facebook.com
2014-03-24 14:19:49,s-static.ak.facebook.com
2014-03-24 14:19:50,www.google.com
2014-03-24 14:19:51,clients1.google.com
2014-03-24 14:19:51,www.facebook.com
2014-03-24 14:19:53,www.lolskill.net
2014-03-24 14:19:58,www.lolskill.net
2014-03-24 14:19:59,static.ak.facebook.com
2014-03-24 14:20:01,s-static.ak.facebook.com
2014-03-24 14:20:04,www.lolskill.net
2014-03-24 14:20:11,www.lolskill.net
2014-03-24 14:20:12,static.ak.facebook.com
2014-03-24 14:20:12,s-static.ak.facebook.com
2014-03-24 14:20:14,www.facebook.com
2014-03-24 14:20:29,www.lolskill.net
2014-03-24 14:20:35,www.lolskill.net
2014-03-24 14:20:36,static.ak.facebook.com
2014-03-24 14:20:36,s-static.ak.facebook.com
2014-03-24 14:20:38,www.lolskill.net
2014-03-24 14:20:42,www.lolskill.net
2014-03-24 14:20:47,static.ak.facebook.com
2014-03-24 14:20:47,s-static.ak.facebook.com
2014-03-24 14:20:49,www.facebook.com
2014-03-24 14:20:51,www.lolskill.net
2014-03-24 14:20:57,www.lolskill.net
2014-03-24 14:20:58,s-static.ak.facebook.com
2014-03-24 14:20:58,static.ak.facebook.com
2014-03-24 14:21:01,www.facebook.com
2014-03-24 14:21:43,www.google.fr
2014-03-24 14:21:44,op.gg
2014-03-24 14:21:48,www.op.gg
2014-03-24 14:21:50,www.facebook.com
2014-03-24 14:21:57,www.facebook.com
2014-03-24 14:22:13,www.facebook.com
2014-03-24 14:24:32,www.facebook.com
2014-03-24 14:24:34,www.facebook.com
2014-03-24 14:24:37,www.google.com
2014-03-24 14:24:39,www.google.fr
2014-03-24 14:26:39,www.facebook.com
2014-03-24 14:30:14,www.facebook.com
2014-03-24 14:35:53,www.bfmtv.com
2014-03-24 14:35:53,resultats-elections.bfmtv.com
2014-03-24 14:35:53,www.google.fr
2014-03-24 14:35:54,pixel.alephd.com
2014-03-24 14:35:54,www.facebook.com
2014-03-24 14:35:54,ce.lijit.com
2014-03-24 14:35:55,resultats-elections.bfmtv.com
2014-03-24 14:35:56,www.bfmtv.com
2014-03-24 14:35:56,static.bfmtv.com
2014-03-24 14:35:56,pixel.alephd.com
2014-03-24 14:35:57,www.bfmtv.com
2014-03-24 14:35:57,flv.01net.com
2014-03-24 14:35:58,resultats-elections.bfmtv.com
2014-03-24 14:35:58,www.bfmtv.com
2014-03-24 14:35:59,www.facebook.com
2014-03-24 14:36:07,www.google.fr
2014-03-24 14:36:08,www.20minutes.fr
2014-03-24 14:36:08,cache.20minutes.fr
2014-03-24 14:36:08,platform.twitter.com
2014-03-24 14:36:09,cache.20minutes.fr
2014-03-24 14:36:09,www.20minutes.fr
2014-03-24 14:36:10,static.ak.facebook.com
2014-03-24 14:36:10,cache.20minutes.fr
2014-03-24 14:36:10,connect.facebook.net
2014-03-24 14:36:10,s-static.ak.facebook.com
2014-03-24 14:36:11,cache.20minutes.fr
2014-03-24 14:36:11,clients1.google.com
2014-03-24 14:36:13,yui.yahooapis.com
2014-03-24 14:36:13,www.facebook.com
2014-03-24 14:36:13,platform.twitter.com
2014-03-24 14:36:14,evsecure-ocsp.verisign.com
2014-03-24 14:36:44,twitter.com
2014-03-24 14:39:05,apis.google.com
2014-03-24 14:39:12,accounts.google.com
2014-03-24 14:39:38,www.google.com
2014-03-24 14:40:06,www.google.fr
2014-03-24 14:41:40,safebrowsing.clients.google.com
2014-03-24 14:42:41,safebrowsing-cache.google.com
2014-03-24 14:42:41,safebrowsing.clients.google.com
2014-03-24 15:08:15,www.google.com
2014-03-24 15:08:25,fr.openclassrooms.com
2014-03-24 15:08:25,www.google.fr
2014-03-24 15:08:26,www.google.com
2014-03-24 15:08:26,doug1izaerwt3.cloudfront.net
2014-03-24 15:08:26,dnn506yrbagrg.cloudfront.net
2014-03-24 15:08:26,fr.openclassrooms.com
2014-03-24 15:08:28,www.google.com
2014-03-24 15:08:29,www.google.com
2014-03-24 15:08:32,ocsp.verisign.com
2014-03-24 15:08:33,fr.openclassrooms.com
2014-03-24 15:08:33,ocsp.verisign.com
2014-03-24 15:08:35,fr.openclassrooms.com
2014-03-24 15:08:35,doug1izaerwt3.cloudfront.net
2014-03-24 15:08:35,dnn506yrbagrg.cloudfront.net
2014-03-24 15:08:35,www.google.com
2014-03-24 15:08:39,www.google.com
2014-03-24 15:08:40,fr.openclassrooms.com
2014-03-24 15:08:42,ocsp.verisign.com
2014-03-24 15:08:42,ocsp.godaddy.com
2014-03-24 15:08:49,gg.google.com
2014-03-24 15:08:54,www.google.com
2014-03-24 15:10:52,fr.openclassrooms.com
2014-03-24 15:10:53,doug1izaerwt3.cloudfront.net
2014-03-24 15:10:54,www.google.com
2014-03-24 15:10:55,fr.openclassrooms.com
2014-03-24 15:10:58,www.google.com
2014-03-24 15:11:00,clients1.google.com
2014-03-24 15:11:01,gtglobal-ocsp.geotrust.com
2014-03-24 15:11:14,www.google.com
2014-03-24 15:11:16,www.google.fr
2014-03-24 15:12:11,www.google.fr
2014-03-24 15:12:14,www.developpez.net
2014-03-24 15:12:14,www.google.com
2014-03-24 15:12:14,ajax.googleapis.com
2014-03-24 15:12:15,www.google.com
2014-03-24 15:12:15,www.developpez.net
2014-03-24 15:12:16,www.developpez.net
2014-03-24 15:12:16,sync.uuidcshmg.com
2014-03-24 15:12:17,rcm-fr.amazon.fr
2014-03-24 15:12:17,ecx.images-amazon.com
2014-03-24 15:12:21,ocsp.comodoca.com
2014-03-24 15:12:23,safebrowsing.clients.google.com
2014-03-24 15:12:23,safebrowsing-cache.google.com
2014-03-24 15:12:34,ba.commentcamarche.net
2014-03-24 15:12:34,www.google.fr
2014-03-24 15:12:34,www.commentcamarche.net
2014-03-24 15:12:34,clients1.google.com
2014-03-24 15:12:34,static.ccm2.net
2014-03-24 15:12:34,r.ccmbg.com
2014-03-24 15:12:35,ba.commentcamarche.net
2014-03-24 15:12:35,www.facebook.com
2014-03-24 15:12:35,static.ccm2.net
2014-03-24 15:12:35,platform.twitter.com
2014-03-24 15:12:36,fr.wikibooks.org
2014-03-24 15:12:36,static.ccm2.net
2014-03-24 15:12:36,www.google.fr
2014-03-24 15:12:36,clients1.google.com
2014-03-24 15:12:36,pixel2368.everesttech.net
2014-03-24 15:12:37,fr.wikibooks.org
2014-03-24 15:12:37,bits.wikimedia.org
2014-03-24 15:12:38,static.ccm2.net
2014-03-24 15:12:38,login.wikimedia.org
2014-03-24 15:12:38,ba.commentcamarche.net
2014-03-24 15:12:39,ocsp.digicert.com
2014-03-24 15:12:39,rapidssl-ocsp.geotrust.com
2014-03-24 15:12:39,meta.wikimedia.org
2014-03-24 15:12:39,bits.wikimedia.org
2014-03-24 15:12:39,static.ccm2.net
2014-03-24 15:12:40,s-static.ak.facebook.com
2014-03-24 15:12:40,connect.facebook.net
2014-03-24 15:12:40,ba.commentcamarche.net
2014-03-24 15:12:40,static.ak.facebook.com
2014-03-24 15:12:41,static.ccm2.net
2014-03-24 15:12:41,ba.commentcamarche.net
2014-03-24 15:12:41,static.ccmbg.com
2014-03-24 15:12:41,platform.twitter.com
2014-03-24 15:12:41,www.facebook.com
2014-03-24 15:12:41,pixel.alephd.com
2014-03-24 15:12:42,www.facebook.com
2014-03-24 15:12:42,static.ccm2.net
2014-03-24 15:12:42,static.ccmbg.com
2014-03-24 15:12:42,loadr.exelator.com
2014-03-24 15:12:43,gtssl-ocsp.geotrust.com
2014-03-24 15:12:43,www.facebook.com
2014-03-24 15:12:44,www.commentcamarche.net
2014-03-24 15:12:51,twitter.com
2014-03-24 15:12:51,ajax.googleapis.com
2014-03-24 15:12:51,www.googleapis.com
2014-03-24 15:14:24,ocsp.thawte.com
2014-03-31 13:38:16,clients1.google.com
2014-03-31 13:38:16,gtglobal-ocsp.geotrust.com
2014-03-31 13:38:16,ocsp.thawte.com
2014-03-31 13:41:11,sb-ssl.google.com
2014-03-31 13:42:02,safebrowsing.clients.google.com
2014-03-31 13:42:02,safebrowsing-cache.google.com
2014-03-31 13:42:03,safebrowsing-cache.google.com
2014-03-31 13:44:42,clients1.google.com
2014-03-31 13:45:58,ocsp.verisign.com
2014-03-31 13:47:39,apis.google.com
2014-03-31 13:47:40,www.google.com
2014-03-31 13:47:42,www.google.fr
2014-03-31 13:47:58,ocsp.digicert.com
2014-03-31 13:48:23,ocsp.tcs.terena.org
2014-03-31 13:48:23,clients1.google.com
2014-03-31 13:48:23,www.google.fr
2014-03-31 13:48:24,ocsp.usertrust.com
2014-03-31 13:48:24,clients1.google.com
2014-03-31 13:50:18,www.google.fr
2014-03-31 13:50:21,op.gg
2014-03-31 13:50:22,www.op.gg
2014-03-31 13:50:24,evsecure-ocsp.verisign.com
2014-03-31 13:50:25,www.facebook.com
2014-03-31 13:50:33,www.facebook.com
2014-03-31 13:51:03,www.facebook.com
2014-03-31 13:51:44,www.facebook.com
2014-03-31 13:52:28,www.paypalobjects.com
2014-03-31 13:53:11,www.google.com
2014-03-31 13:53:13,www.google.fr
2014-03-31 13:54:23,www.facebook.com
2014-03-31 13:55:29,www.facebook.com
2014-03-31 13:56:33,www.facebook.com
2014-03-31 13:57:12,www.facebook.com
2014-03-31 14:10:38,safebrowsing-cache.google.com
2014-03-31 14:10:38,safebrowsing.clients.google.com
2014-03-31 14:10:39,safebrowsing-cache.google.com
2014-03-31 14:39:32,gtssl-ocsp.geotrust.com
2014-03-31 14:42:15,safebrowsing.clients.google.com
2014-03-31 14:42:15,safebrowsing-cache.google.com
2014-03-31 14:42:16,safebrowsing-cache.google.com
2014-03-31 15:01:25,clients1.google.com
2014-03-31 15:01:25,gtglobal-ocsp.geotrust.com
2014-03-31 15:01:28,www.google.fr
2014-03-31 15:01:29,ajax.googleapis.com
2014-03-31 15:01:29,stackoverflow.com
2014-03-31 15:01:31,ocsp.godaddy.com
2014-03-31 15:01:31,stackoverflow.com
2014-03-31 15:01:32,cdn-careers.sstatic.net
2014-03-31 15:01:32,stackoverflow.com
2014-03-31 15:01:33,clients1.google.com
2014-03-31 15:01:33,careers.stackoverflow.com
2014-03-31 15:01:33,ocsp.digicert.com
2014-03-31 15:01:33,cdn-careers.sstatic.net
2014-03-31 15:01:34,ocsp.verisign.com
2014-03-31 15:01:35,adzerk-www.s3.amazonaws.com
2014-03-31 15:01:48,stackauth.com
2014-03-31 15:03:28,www.gravatar.com
2014-03-31 15:04:21,www.google.com
2014-03-31 15:04:25,www.google.fr
2014-03-31 15:05:38,www.google.com
2014-03-31 15:05:41,www.google.fr
2014-03-31 15:05:41,fr.wikibooks.org
2014-03-31 15:05:41,bits.wikimedia.org
2014-03-31 15:05:42,bits.wikimedia.org
2014-03-31 15:05:42,login.wikimedia.org
2014-03-31 15:05:42,meta.wikimedia.org
2014-03-31 15:05:43,meta.wikimedia.org
2014-03-31 15:08:36,www.google.com
2014-03-31 15:08:37,www.google.fr
2014-03-31 15:10:33,www.google.com
2014-03-31 15:10:52,www.google.fr
2014-03-31 15:10:53,op.gg
2014-03-31 15:10:54,www.op.gg
2014-03-31 15:10:56,www.facebook.com
2014-03-31 15:11:03,www.google.fr
2014-03-31 15:11:07,lkimg.zamimg.com
2014-03-31 15:11:07,lkjs.zamimg.com
2014-03-31 15:11:07,lkstatic.zamimg.com
2014-03-31 15:11:07,lkcss.zamimg.com
2014-03-31 15:11:07,www.lolking.net
2014-03-31 15:11:08,connect.facebook.net
2014-03-31 15:11:09,lkimg.zamimg.com
2014-03-31 15:11:09,www.lolking.net
2014-03-31 15:11:11,lkimg.zamimg.com
2014-03-31 15:11:11,lkcss.zamimg.com
2014-03-31 15:11:12,lkimg.zamimg.com
2014-03-31 15:11:12,static.ak.facebook.com
2014-03-31 15:11:13,lkcss.zamimg.com
2014-03-31 15:11:19,www.lolking.net
2014-03-31 15:11:22,lkimg.zamimg.com
2014-03-31 15:11:22,lkcss.zamimg.com
2014-03-31 15:11:23,www.google.fr
2014-03-31 15:11:24,www.lolskill.net
2014-03-31 15:11:25,ox-i.zam.com
2014-03-31 15:11:25,ajax.googleapis.com
2014-03-31 15:11:26,d3pkae9owd2lcf.cloudfront.net
2014-03-31 15:11:27,hal9000.redintelligence.net
2014-03-31 15:11:27,static.lolskill.net
2014-03-31 15:11:29,hal9000.redintelligence.net
2014-03-31 15:11:31,static.lolskill.net
2014-03-31 15:11:31,hal9000.redintelligence.net
2014-03-31 15:11:31,www.facebook.com
2014-03-31 15:11:32,twitter.github.com
2014-03-31 15:11:32,banniere.reussissonsensemble.fr
2014-03-31 15:11:32,n5.hal9000.redintelligence.net
2014-03-31 15:11:32,media.conforama.fr
2014-03-31 15:11:32,twitter.github.io
2014-03-31 15:11:33,www.google.com
2014-03-31 15:11:33,rapidssl-ocsp.geotrust.com
2014-03-31 15:11:33,getbootstrap.com
2014-03-31 15:11:33,www.maboutiqueregimedukan.com
2014-03-31 15:11:33,www.uaredesign.com
2014-03-31 15:11:33,hal9000.redintelligence.net
2014-03-31 15:11:33,banniere.reussissonsensemble.fr
2014-03-31 15:11:33,clients1.google.com
2014-03-31 15:11:33,ad.publicidees.com
2014-03-31 15:11:34,photoservice.photos.orange.fr
2014-03-31 15:11:34,hal9000.redintelligence.net
2014-03-31 15:11:34,ea.numericable.fr
2014-03-31 15:11:34,banniere.reussissonsensemble.fr
2014-03-31 15:11:35,banniere.reussissonsensemble.fr
2014-03-31 15:11:36,banniere.reussissonsensemble.fr
2014-03-31 15:11:37,banniere.reussissonsensemble.fr
2014-03-31 15:11:37,www.facebook.com
2014-03-31 15:11:38,ocsp.verisign.com
2014-03-31 15:12:02,www.lolskill.net
2014-03-31 15:12:03,www.lolskill.net
2014-03-31 15:12:04,static.lolskill.net
2014-03-31 15:12:06,www.lolskill.net
2014-03-31 15:12:10,www.facebook.com
2014-03-31 15:12:13,www.facebook.com
2014-03-31 15:12:16,static.lolskill.net
2014-03-31 15:12:16,www.lolskill.net
2014-03-31 15:12:23,www.facebook.com
2014-03-31 15:12:30,www.lolskill.net
2014-03-31 15:12:35,www.facebook.com
2014-03-31 15:12:51,www.lolskill.net
2014-03-31 15:12:52,www.lolskill.net
2014-03-31 15:12:56,www.lolskill.net
2014-03-31 15:13:01,www.lolskill.net
2014-03-31 15:13:06,www.facebook.com
2014-03-31 15:13:08,s-static.ak.facebook.com
2014-03-31 15:13:25,vcm-match.dotomi.com
2014-03-31 15:13:26,vcm-match.dotomi.com
2014-03-31 15:13:26,www.facebook.com
2014-03-31 15:13:26,dclk-match.dotomi.com
2014-03-31 15:13:27,brightroll-match.dotomi.com
2014-03-31 15:13:27,rmx-match.dotomi.com
2014-03-31 15:13:27,gtssl-ocsp.geotrust.com
2014-03-31 15:13:27,ocsp.thawte.com
2014-03-31 15:13:31,ce.lijit.com
2014-03-31 15:13:31,www.facebook.com
2014-03-31 15:13:31,cm.adgrx.com
2014-03-31 15:13:31,match.rtbidder.net
2014-03-31 15:13:31,um.simpli.fi
2014-03-31 15:13:33,ocsp2.globalsign.com
2014-03-31 15:14:11,www.google.com
2014-03-31 15:14:12,www.google.fr
2014-03-31 15:14:19,safebrowsing.clients.google.com
2014-03-31 15:14:19,safebrowsing-cache.google.com
2014-03-31 15:14:20,safebrowsing-cache.google.com
2014-03-31 15:14:39,www.facebook.com
2014-03-31 15:15:07,www.facebook.com
2014-03-31 15:15:36,www.facebook.com
2014-03-31 15:16:21,www.facebook.com
2014-03-31 15:17:05,www.facebook.com
2014-03-31 15:17:20,www.facebook.com
2014-03-31 15:20:17,www.google.com
2014-03-31 15:20:21,www.google.fr
2014-03-31 15:20:22,www.summoning.net
2014-03-31 15:20:23,ajax.cloudflare.com
2014-03-31 15:20:23,www.summoning.net
2014-03-31 15:20:23,www.facebook.com
2014-03-31 15:20:24,www.summoning.net
2014-03-31 15:20:25,www.summoning.net
2014-03-31 15:20:26,gainsi.com
2014-03-31 15:20:26,www.summoning.net
2014-03-31 15:20:27,www.visitorcake.com
2014-03-31 15:20:28,www.summoning.net
2014-03-31 15:20:34,www.google.fr
2014-03-31 15:20:34,www.lolsummoners.com
2014-03-31 15:20:35,www.lolsummoners.com
2014-03-31 15:20:36,www.lolsummoners.com
2014-03-31 15:20:37,www.lolsummoners.com
2014-03-31 15:20:37,browser-update.org
2014-03-31 15:20:39,www.lolsummoners.com
2014-03-31 15:20:40,gtssl-ocsp.geotrust.com
2014-03-31 15:20:40,www.lolsummoners.com
2014-03-31 15:21:42,www.lolsummoners.com
2014-03-31 15:21:51,jserror.newrelic.com
2014-03-31 15:22:22,www.lolsummoners.com
2014-03-31 15:22:23,www.lolsummoners.com
2014-03-31 15:22:24,www.lolsummoners.com
2014-03-31 15:22:27,www.google.com
2014-03-31 15:22:27,www.lolsummoners.com
2014-03-31 15:22:27,jserror.newrelic.com
2014-03-31 15:22:27,www.google.fr
2014-03-31 15:22:28,www.lolsummoners.com
2014-03-31 15:22:29,www.lolsummoners.com
2014-03-31 15:22:30,www.lolsummoners.com
2014-03-31 15:22:47,www.lolsummoners.com
2014-03-31 15:22:52,www.lolsummoners.com
2014-03-31 15:22:53,www.lolsummoners.com
2014-03-31 15:22:54,www.lolsummoners.com
2014-03-31 15:22:55,www.lolsummoners.com
2014-03-31 15:23:35,www.lolsummoners.com
2014-03-31 15:23:36,www.lolsummoners.com
2014-03-31 15:23:40,www.lolsummoners.com
2014-03-31 15:23:41,www.lolsummoners.com
2014-03-31 15:23:42,www.lolsummoners.com
2014-03-31 15:23:43,www.lolsummoners.com
2014-03-31 15:24:02,www.lolsummoners.com
2014-03-31 15:24:07,www.lolsummoners.com
2014-03-31 15:26:35,ocsp.tcs.terena.org
2014-03-31 15:26:35,ocsp.usertrust.com
2014-03-31 15:27:55,www.google.fr
2014-03-31 15:27:55,www.google.com
2014-04-17 15:48:49,ocsp.thawte.com
2014-04-17 15:49:13,code.jquery.com
2014-04-17 15:49:34,gtssl-ocsp.geotrust.com
2014-04-17 15:53:06,bits.wikimedia.org
2014-04-17 15:53:06,fr.wikipedia.org
2014-04-17 15:53:07,login.wikimedia.org
2014-04-17 15:53:08,bits.wikimedia.org
2014-04-17 15:53:08,fr.wikipedia.org
2014-04-17 15:53:08,meta.wikimedia.org
2014-04-17 15:53:09,bits.wikimedia.org
2014-04-17 15:53:27,openweb.eu.org
2014-04-17 15:53:30,openweb.eu.org
2014-04-17 15:53:31,openweb.eu.org
2014-04-17 15:53:44,openweb.eu.org
2014-04-17 15:53:47,www.alsacreations.com
2014-04-17 15:53:48,safebrowsing.clients.google.com
2014-04-17 15:53:48,www.alsacreations.com
2014-04-17 15:53:48,ajax.googleapis.com
2014-04-17 15:53:49,safebrowsing-cache.google.com
2014-04-17 15:53:50,www.google.com
2014-04-17 15:53:50,safebrowsing-cache.google.com
2014-04-17 15:53:50,gtglobal-ocsp.geotrust.com
2014-04-17 15:53:50,clients1.google.com
2014-04-17 15:53:51,safebrowsing-cache.google.com
2014-04-17 15:54:03,bits.wikimedia.org
2014-04-17 15:54:03,fr.wikipedia.org
2014-04-17 15:54:05,fr.wikipedia.org
2014-04-17 15:54:05,meta.wikimedia.org
2014-04-17 15:55:41,bits.wikimedia.org
2014-04-17 15:55:41,fr.wikipedia.org
2014-04-17 15:55:44,meta.wikimedia.org
2014-04-17 15:55:45,fr.wikipedia.org
2014-04-17 15:55:45,meta.wikimedia.org
2014-04-17 15:56:31,ocsp.verisign.com
2014-04-17 15:56:44,accounts.google.com
2014-04-17 15:56:55,clients1.google.com
2014-04-17 15:57:00,clients1.google.com
2014-04-17 15:57:01,www.google.fr
2014-04-17 15:57:03,doug1izaerwt3.cloudfront.net
2014-04-17 15:57:03,fr.openclassrooms.com
2014-04-17 15:57:04,dnn506yrbagrg.cloudfront.net
2014-04-17 15:57:04,fr.openclassrooms.com
2014-04-17 15:57:04,www.google.com
2014-04-17 15:57:05,www.google.com
2014-04-17 15:57:10,clients1.google.com
2014-04-17 15:57:11,clients1.google.com
2014-04-17 15:57:16,gg.google.com
2014-04-17 15:57:19,doug1izaerwt3.cloudfront.net
2014-04-17 15:57:19,www.google.com
2014-04-17 15:57:20,www.google.com
2014-04-17 15:57:22,fr.openclassrooms.com
2014-04-17 15:57:23,soundwave.bnmla.com
2014-04-17 15:57:24,fr.openclassrooms.com
2014-04-17 15:57:26,fr.openclassrooms.com
2014-04-17 15:57:31,fr.openclassrooms.com
2014-04-17 15:57:33,sd.symcd.com
2014-04-17 15:57:35,ocsp.godaddy.com
2014-04-17 15:57:36,ocsp.verisign.com
2014-04-17 15:58:31,ocsp.digicert.com
2014-04-17 15:58:32,ocsp.digicert.com
2014-04-17 15:58:45,fr.openclassrooms.com
2014-04-17 15:58:51,www.google.com
2014-04-17 15:58:51,fr.openclassrooms.com
2014-04-17 15:58:51,doug1izaerwt3.cloudfront.net
2014-04-17 15:58:52,www.google.com
2014-04-17 15:58:52,fr.openclassrooms.com
2014-04-17 15:59:54,ajax.googleapis.com
2014-04-17 15:59:54,www.google.com
2014-04-17 15:59:55,ajax.googleapis.com
2014-04-17 15:59:55,apis.google.com
2014-04-17 15:59:56,plus.google.com
2014-04-17 15:59:56,www.google.fr
2014-04-17 15:59:56,www.google.com
2014-04-17 16:00:05,ajax.googleapis.com
2014-04-17 16:01:11,bits.wikimedia.org
2014-04-17 16:01:11,fr.wikipedia.org
2014-04-17 16:01:14,meta.wikimedia.org
2014-04-17 16:01:14,fr.wikipedia.org
2014-04-17 16:01:15,meta.wikimedia.org
2014-04-17 16:01:46,www.googleapis.com
2014-04-17 16:02:45,platform.twitter.com
2014-04-17 16:02:45,www.xul.fr
2014-04-17 16:02:45,www.google.com
2014-04-17 16:02:46,www.google.com
2014-04-17 16:02:46,www.xul.fr
2014-04-17 16:02:47,platform.twitter.com
2014-04-17 16:02:47,go.disqus.com
2014-04-17 16:02:47,xulfr.disqus.com
2014-04-17 16:02:47,www.facebook.com
2014-04-17 16:02:48,disqus.com
2014-04-17 16:02:49,evsecure-ocsp.verisign.com
2014-04-17 16:02:50,disqus.com
2014-04-17 16:02:50,www.xul.fr
2014-04-17 16:02:51,www.xul.fr
2014-04-17 16:02:51,disqus.com
2014-04-17 16:03:20,twitter.com
2014-04-17 16:03:48,www.google.com
2014-04-17 16:03:48,doug1izaerwt3.cloudfront.net
2014-04-17 16:03:49,dnn506yrbagrg.cloudfront.net
2014-04-17 16:03:49,fr.openclassrooms.com
2014-04-17 16:03:49,www.google.com
2014-04-17 16:03:55,cs.specificclick.net
2014-04-17 16:04:34,www.google.com
2014-04-17 16:05:43,accounts.google.com
2014-04-17 16:06:43,www.xul.fr
2014-04-17 16:06:44,www.facebook.com
2014-04-17 16:06:44,go.disqus.com
2014-04-17 16:06:45,www.googleapis.com
2014-04-17 16:06:46,disqus.com
2014-04-17 16:06:47,disqus.com
2014-04-17 16:07:16,twitter.com
2014-04-17 16:07:29,www.google.com
2014-04-17 16:07:33,www.google.fr
2014-04-17 16:07:33,plus.google.com
2014-04-17 16:09:38,apis.google.com
2014-04-17 16:10:52,www.xul.fr
2014-04-17 16:11:52,www.xul.fr
2014-04-17 16:22:56,safebrowsing-cache.google.com
2014-04-17 16:22:56,safebrowsing.clients.google.com
2014-04-17 16:25:30,code.jquery.com
2014-04-17 16:28:56,www.antiagression.com
2014-04-17 16:28:57,s-static.ak.facebook.com
2014-04-17 16:28:57,www.maxiprotec.fr
2014-04-17 16:28:57,www.antiagression.com
2014-04-17 16:28:57,connect.facebook.net
2014-04-17 16:28:57,static.ak.facebook.com
2014-04-17 16:28:57,ocsp2.globalsign.com
2014-04-17 16:36:45,code.jquery.com
2014-04-17 16:36:47,code.jquery.com
2014-04-17 16:37:02,code.jquery.com
2014-04-17 16:40:08,www.google.fr
2014-04-17 16:40:08,op.gg
2014-04-17 16:40:09,www.op.gg
2014-04-17 16:40:10,s.op.gg
2014-04-17 16:40:10,www.facebook.com
2014-04-17 16:40:16,s.op.gg
2014-04-17 16:40:16,www.facebook.com
2014-04-17 16:40:25,s.op.gg
2014-04-17 16:40:31,s.op.gg
2014-04-17 16:41:11,s.op.gg
2014-04-17 16:41:11,www.facebook.com
2014-04-17 16:41:12,s.op.gg
2014-04-17 16:43:00,plus.google.com
2014-04-17 16:43:01,www.google.com
2014-04-17 16:43:02,www.google.fr
2014-04-17 16:45:49,www.squid-cache.org
2014-04-17 16:46:00,www.google.fr
2014-04-17 16:46:00,www.lolking.net
2014-04-17 16:46:00,lkjs.zamimg.com
2014-04-17 16:46:01,lkcss.zamimg.com
2014-04-17 16:46:01,lkimg.zamimg.com
2014-04-17 16:46:01,lkjs.zamimg.com
2014-04-17 16:46:01,connect.facebook.net
2014-04-17 16:46:01,www.youtube.com
2014-04-17 16:46:01,lkstatic.zamimg.com
2014-04-17 16:46:02,static.ak.facebook.com
2014-04-17 16:46:02,s.ytimg.com
2014-04-17 16:46:02,lkimg.zamimg.com
2014-04-17 16:46:02,lkcss.zamimg.com
2014-04-17 16:46:02,www.lolking.net
2014-04-17 16:46:03,www.google.com
2014-04-17 16:46:03,s.ytimg.com
2014-04-17 16:46:03,lkcss.zamimg.com
2014-04-17 16:46:03,s-static.ak.facebook.com
2014-04-17 16:46:04,www.youtube.com
2014-04-17 16:46:05,s.ytimg.com
2014-04-17 16:46:05,www.youtube.com
2014-04-17 16:46:05,i1.ytimg.com
2014-04-17 16:46:06,i1.ytimg.com
2014-04-17 16:46:06,ad.publicidees.com
2014-04-17 16:46:07,www.facebook.com
2014-04-17 16:46:07,ce.lijit.com
2014-04-17 16:46:10,n10.hal9000.redintelligence.net
2014-04-17 16:46:10,hal9000.redintelligence.net
2014-04-17 16:46:10,www.effiliation-hebergement.com
2014-04-17 16:46:11,hal9000.redintelligence.net
2014-04-17 16:46:11,rapidssl-ocsp.geotrust.com
2014-04-17 16:46:12,hal9000.redintelligence.net
2014-04-17 16:46:12,ea.numericable.fr
2014-04-17 16:46:12,banniere.reussissonsensemble.fr
2014-04-17 16:46:12,www.maboutiqueregimedukan.com
2014-04-17 16:46:13,hal9000.redintelligence.net
2014-04-17 16:46:13,ad.publicidees.com
2014-04-17 16:46:14,www.facebook.com
2014-04-17 16:46:14,n18.hal9000.redintelligence.net
2014-04-17 16:46:15,www.eram.fr
2014-04-17 16:46:18,www.lolking.net
2014-04-17 16:46:18,lkimg.zamimg.com
2014-04-17 16:46:18,static.ak.facebook.com
2014-04-17 16:46:18,www.facebook.com
2014-04-17 16:46:19,s-static.ak.facebook.com
2014-04-17 16:46:19,www.facebook.com
2014-04-17 16:46:20,ad.publicidees.com
2014-04-17 16:46:23,lkcss.zamimg.com
2014-04-17 16:46:23,lkimg.zamimg.com
2014-04-17 16:46:23,www.lolking.net
2014-04-17 16:46:24,static.ak.facebook.com
2014-04-17 16:46:24,www.lolking.net
2014-04-17 16:46:24,lkimg.zamimg.com
2014-04-17 16:46:25,s-static.ak.facebook.com
2014-04-17 16:46:25,lkimg.zamimg.com
2014-04-17 16:46:26,lkimg.zamimg.com
2014-04-17 16:46:27,lkimg.zamimg.com
2014-04-17 16:46:28,lkimg.zamimg.com
2014-04-17 16:46:29,lkimg.zamimg.com
2014-04-17 16:46:30,lkimg.zamimg.com
2014-04-17 16:46:30,twitter.github.com
2014-04-17 16:46:30,twitter.github.io
2014-04-17 16:46:30,ad.publicidees.com
2014-04-17 16:46:30,www.facebook.com
2014-04-17 16:46:30,d3pkae9owd2lcf.cloudfront.net
2014-04-17 16:46:31,getbootstrap.com
2014-04-17 16:47:13,plus.google.com
2014-04-17 16:47:13,www.google.fr
2014-04-17 16:47:13,www.google.com
2014-04-17 17:10:10,ocsp.thawte.com
2014-04-17 17:10:14,gtglobal-ocsp.geotrust.com
2014-04-17 17:10:14,www.google.com
2014-04-17 17:10:14,clients1.google.com
2014-04-17 17:10:17,www.google.fr
2014-04-17 17:10:18,slot1.images3.wikia.nocookie.net
2014-04-17 17:10:18,doom.wikia.com
2014-04-17 17:10:18,slot1.images.wikia.nocookie.net
2014-04-17 17:10:18,img2.wikia.nocookie.net
2014-04-17 17:10:18,slot1.images2.wikia.nocookie.net
2014-04-17 17:10:18,img4.wikia.nocookie.net
2014-04-17 17:10:18,ajax.googleapis.com
2014-04-17 17:10:19,doom.wikia.com
2014-04-17 17:10:19,slot1.images.wikia.nocookie.net
2014-04-17 17:10:20,doom.wikia.com
2014-04-17 17:10:20,s3.amazonaws.com
2014-04-17 17:10:20,img4.wikia.nocookie.net
2014-04-17 17:10:20,img3.wikia.nocookie.net
2014-04-17 17:10:20,img1.wikia.nocookie.net
2014-04-17 17:10:20,ocsp.digicert.com
2014-04-17 17:10:20,img2.wikia.nocookie.net
2014-04-17 17:10:21,asset.flite.com
2014-04-17 17:10:21,doom.wikia.com
2014-04-17 17:10:21,s.flite.com
2014-04-17 17:10:22,p.flite.com
2014-04-17 17:10:23,p.flite.com
2014-04-17 17:10:24,krxd.nexac.com
2014-04-17 17:10:25,www.google.com
2014-04-17 17:10:25,r2---sn-gxo5uxg-jqbe.googlevideo.com
2014-04-17 17:10:25,gg.google.com
2014-04-17 17:10:25,clients1.google.com
2014-04-17 17:10:28,doom.wikia.com
2014-04-17 17:10:30,doom.wikia.com
2014-04-17 17:10:31,s.flite.com
2014-04-17 17:10:31,doom.wikia.com
2014-04-17 17:10:31,asset.flite.com
2014-04-17 17:10:32,doom.wikia.com
2014-04-17 17:10:32,spotlights.wikia.net
2014-04-17 17:10:33,r2---sn-gxo5uxg-jqbe.googlevideo.com
2014-04-17 17:10:34,doom.wikia.com
2014-04-17 17:10:34,slot1.images.wikia.nocookie.net
2014-04-17 17:10:35,asset.flite.com
2014-04-17 17:10:35,doom.wikia.com
2014-04-17 17:10:35,s.flite.com
2014-04-17 17:10:38,www.doomworld.com
2014-04-17 17:10:39,www.doomworld.com
2014-04-17 17:10:40,www.doomworld.com
2014-04-17 17:10:58,www.doomworld.com
2014-04-17 17:11:10,www.doomworld.com
2014-04-17 17:11:12,s.ytimg.com
2014-04-17 17:11:12,www.youtube.com
2014-04-17 17:11:12,gg.google.com
2014-04-17 17:11:12,www.google.fr
2014-04-17 17:11:12,www.google.com
2014-04-17 17:11:12,plus.google.com
2014-04-17 17:11:12,s.youtube.com
2014-04-17 17:11:31,ocsp.thawte.com
2014-04-17 17:11:34,clients1.google.com
2014-04-17 17:11:34,gtglobal-ocsp.geotrust.com
2014-04-17 17:11:36,clients1.google.com
2014-04-17 17:11:40,www.google.fr
2014-04-17 17:11:40,code.google.com
2014-04-17 17:11:41,code.google.com
2014-04-17 17:11:42,code.google.com
2014-04-17 17:11:43,code.google.com
2014-04-17 17:11:44,code.google.com
2014-04-17 17:11:46,code.google.com
2014-04-17 17:11:49,code.google.com
2014-04-17 17:11:50,code.google.com
2014-04-17 17:12:02,code.google.com
2014-04-17 17:12:10,code.google.com
2014-04-17 17:12:11,code.google.com
2014-04-17 17:12:19,code.google.com
2014-04-17 17:12:20,code.google.com
2014-04-17 17:12:31,code.google.com
2014-04-17 17:12:32,code.google.com
2014-04-17 17:12:33,code.google.com
2014-04-17 17:12:34,code.google.com
2014-04-17 17:12:36,code.google.com
2014-04-17 17:12:38,code.google.com
2014-04-17 17:13:00,www.google.com
2014-04-17 17:13:00,www.google.fr
2014-04-17 17:13:00,s.ytimg.com
2014-04-17 17:13:00,i1.ytimg.com
2014-04-17 17:13:00,plus.google.com
2014-04-17 17:13:00,www.youtube.com
2014-04-17 17:13:00,apis.google.com
2014-04-17 17:25:45,ocsp.thawte.com
2014-04-17 17:25:58,platform.twitter.com
2014-04-17 17:25:58,www.facebook.com
2014-04-17 17:25:58,xulfr.disqus.com
2014-04-17 17:25:58,www.xul.fr
2014-04-17 17:25:59,disqus.com
2014-04-17 17:25:59,evsecure-ocsp.verisign.com
2014-04-17 17:25:59,gtglobal-ocsp.geotrust.com
2014-04-17 17:25:59,clients1.google.com
2014-04-17 17:25:59,go.disqus.com
2014-04-17 17:26:00,disqus.com
2014-04-17 17:26:24,safebrowsing-cache.google.com
2014-04-17 17:26:24,safebrowsing.clients.google.com
2014-04-17 17:26:30,twitter.com
2014-04-17 17:28:53,apis.google.com
2014-04-24 15:50:38,clients1.google.com
2014-04-24 15:50:39,ocsp.thawte.com
2014-04-24 15:50:39,gtglobal-ocsp.geotrust.com
2014-04-24 15:50:49,sci.sciences.univ-bpclermont.fr
2014-04-24 15:50:50,sci.sciences.univ-bpclermont.fr
2014-04-24 15:50:51,sci.sciences.univ-bpclermont.fr
2014-04-24 15:51:11,sci.sciences.univ-bpclermont.fr
2014-04-24 15:51:15,code.jquery.com
2014-04-24 15:53:17,maths.univ-bpclermont.fr
2014-04-24 15:53:26,maths.univ-bpclermont.fr
2014-04-24 15:53:27,maths.univ-bpclermont.fr
2014-04-24 15:53:33,sb-ssl.google.com
2014-04-24 15:53:38,www.xul.fr
2014-04-24 15:53:38,www.google.com
2014-04-24 15:53:38,platform.twitter.com
2014-04-24 15:53:38,apis.google.com
2014-04-24 15:53:39,xulfr.disqus.com
2014-04-24 15:53:39,platform.twitter.com
2014-04-24 15:53:39,www.xul.fr
2014-04-24 15:53:39,www.google.com
2014-04-24 15:53:39,www.facebook.com
2014-04-24 15:53:40,sci.sciences.univ-bpclermont.fr
2014-04-24 15:53:40,go.disqus.com
2014-04-24 15:53:40,disqus.com
2014-04-24 15:53:41,evsecure-ocsp.verisign.com
2014-04-24 15:53:41,clients1.google.com
2014-04-24 15:53:42,disqus.com
2014-04-24 15:53:42,www.google.com
2014-04-24 15:53:43,clients1.google.com
2014-04-24 15:53:43,www.xul.fr
2014-04-24 15:53:46,www.xul.fr
2014-04-24 15:53:46,platform.twitter.com
2014-04-24 15:53:48,www.facebook.com
2014-04-24 15:53:50,clients1.google.com
2014-04-24 15:53:50,disqus.com
2014-04-24 15:53:52,disqus.com
2014-04-24 15:54:19,twitter.com
2014-04-24 15:55:12,safebrowsing-cache.google.com
2014-04-24 15:55:12,safebrowsing.clients.google.com
2014-04-24 15:55:13,safebrowsing-cache.google.com
2014-04-24 15:56:36,accounts.google.com
2014-04-24 15:56:43,apis.google.com
2014-04-24 15:58:28,ocsp.verisign.com
2014-04-24 16:00:28,ocsp.digicert.com
2014-04-24 16:00:29,ocsp.digicert.com
2014-04-24 16:10:19,www.xul.fr
2014-04-24 16:14:46,www.xul.fr
2014-04-24 16:18:17,www.xul.fr
2014-04-24 16:24:36,safebrowsing.clients.google.com
2014-04-24 16:24:36,safebrowsing-cache.google.com
2014-04-24 16:24:37,safebrowsing-cache.google.com
2014-04-24 16:33:38,code.jquery.com
2014-04-24 16:53:23,safebrowsing.clients.google.com
2014-04-24 16:53:23,safebrowsing-cache.google.com
2014-04-24 17:08:56,gtglobal-ocsp.geotrust.com
2014-04-24 17:08:56,clients1.google.com
2014-04-24 17:08:59,clients1.google.com
2014-04-24 17:09:34,www.google.fr
2014-04-24 17:09:36,i3.msdn.microsoft.com
2014-04-24 17:09:36,i.msdn.microsoft.com
2014-04-24 17:09:36,msdn.microsoft.com
2014-04-24 17:09:36,i2.msdn.microsoft.com
2014-04-24 17:09:36,i1.services.social.microsoft.com
2014-04-24 17:09:36,js.microsoft.com
2014-04-24 17:09:37,msdn.microsoft.com
2014-04-24 17:09:37,i2.msdn.microsoft.com
2014-04-24 17:09:37,c1.microsoft.com
2014-04-24 17:09:37,dc.services.visualstudio.com
2014-04-24 17:11:55,apis.google.com
2014-04-24 17:11:57,www.google.com
2014-04-24 17:12:28,www.google.fr
2014-04-24 17:21:09,www.google.fr
2014-04-24 17:21:11,fr.openclassrooms.com
2014-04-24 17:21:12,fr.openclassrooms.com
2014-04-24 17:21:12,img716.imageshack.us
2014-04-24 17:21:12,www.google.com
2014-04-24 17:21:12,img28.imageshack.us
2014-04-24 17:21:13,img28.imageshack.us
2014-04-24 17:21:14,www.google.com
2014-04-24 17:21:17,dnn506yrbagrg.cloudfront.net
2014-04-24 17:21:17,www.google.com
2014-04-24 17:21:17,doug1izaerwt3.cloudfront.net
2014-04-24 17:21:20,fr.openclassrooms.com
2014-04-24 17:21:41,www.google.fr
2014-04-24 17:21:42,fr.openclassrooms.com
2014-04-24 17:21:43,img28.imageshack.us
2014-04-24 17:21:49,dnn506yrbagrg.cloudfront.net
2014-04-24 17:21:49,fr.openclassrooms.com
2014-04-24 17:21:49,doug1izaerwt3.cloudfront.net
2014-04-24 17:21:51,www.google.fr
2014-04-24 17:21:56,www.webtutoriaux.com
2014-04-24 17:21:57,www.webtutoriaux.com
2014-04-24 17:21:57,clients1.google.com
2014-04-24 17:21:57,jigsaw.w3.org
2014-04-24 17:21:59,www.webtutoriaux.com
2014-04-24 17:22:00,www.webtutoriaux.com
2014-04-24 17:22:01,clients1.google.com
2014-04-24 17:22:01,www.webtutoriaux.com
2014-04-24 17:22:02,choices.truste.com
2014-04-24 17:22:02,www.facebook.com
2014-04-24 17:22:02,vcm-match.dotomi.com
2014-04-24 17:22:02,www.webtutoriaux.com
2014-04-24 17:22:03,www.webtutoriaux.com
2014-04-24 17:22:03,choices.truste.com
2014-04-24 17:22:03,vcm-match.dotomi.com
2014-04-24 17:22:03,www.facebook.com
2014-04-24 17:22:04,go.disqus.com
2014-04-24 17:22:04,brightroll-match.dotomi.com
2014-04-24 17:22:04,webtutoriaux.disqus.com
2014-04-24 17:22:04,gtssl-ocsp.geotrust.com
2014-04-24 17:22:04,www.facebook.com
2014-04-24 17:22:04,its.tradelab.fr
2014-04-24 17:22:04,vcm-match.dotomi.com
2014-04-24 17:22:04,choices.truste.com
2014-04-24 17:22:04,www.webtutoriaux.com
2014-04-24 17:22:04,dclk-match.dotomi.com
2014-04-24 17:22:05,rmx-match.dotomi.com
2014-04-24 17:22:05,disqus.com
2014-04-24 17:22:05,dps.bing.com
2014-04-24 17:22:06,disqus.com
2014-04-24 17:22:07,disqus.com
2014-04-24 17:22:07,www.webtutoriaux.com
2014-04-24 17:22:09,www.google.fr
2014-04-24 17:22:10,fr.openclassrooms.com
2014-04-24 17:22:10,img28.imageshack.us
2014-04-24 17:22:12,www.google.com
2014-04-24 17:22:14,dnn506yrbagrg.cloudfront.net
2014-04-24 17:22:14,doug1izaerwt3.cloudfront.net
2014-04-24 17:22:20,fr.openclassrooms.com
2014-04-24 17:22:22,fr.openclassrooms.com
2014-04-24 17:22:22,www.google.com
2014-04-24 17:22:23,clients1.google.com
2014-04-24 17:22:23,fr.openclassrooms.com
2014-04-24 17:22:25,clients1.google.com
2014-04-24 17:22:25,www.webtutoriaux.com
2014-04-24 17:23:13,safebrowsing-cache.google.com
2014-04-24 17:23:13,safebrowsing.clients.google.com
2014-04-24 17:23:14,safebrowsing-cache.google.com
2014-04-24 17:24:03,img7.xooimage.com
2014-04-24 17:24:03,img3.xooimage.com
2014-04-24 17:24:03,img.xooimage.com
2014-04-24 17:24:03,img8.xooimage.com
2014-04-24 17:24:03,www.amhac.xooit.fr
2014-04-24 17:24:04,criteo.xooit.com
2014-04-24 17:24:04,fr.96.slidein.clickintext.net
2014-04-24 17:24:04,fr.91.classic.clickintext.net
2014-04-24 17:24:04,fr.96.clickintext.net
2014-04-24 17:24:04,fr.91.clickintext.net
2014-04-24 17:24:05,event.etam.com
2014-04-24 17:24:05,www.effiliation-hebergement.com
2014-04-24 17:24:05,fr.91.clickintext.net
2014-04-24 17:24:05,fr.96.clickintext.net
2014-04-24 17:24:31,www.google.fr
2014-04-24 17:24:32,fr.openclassrooms.com
2014-04-24 17:24:33,www.google.com
2014-04-24 17:24:33,dnn506yrbagrg.cloudfront.net
2014-04-24 17:24:33,doug1izaerwt3.cloudfront.net
2014-04-24 17:24:36,www.google.com
2014-04-24 17:24:39,dsp.active-agent.com
2014-04-24 17:24:39,rp.gwallet.com
2014-04-24 17:24:42,www.google.fr
2014-04-24 17:24:43,fr.openclassrooms.com
2014-04-24 17:24:43,img28.imageshack.us
2014-04-24 17:24:45,www.google.fr
2014-04-24 17:24:47,dnn506yrbagrg.cloudfront.net
2014-04-24 17:24:47,www.google.com
2014-04-24 17:24:49,doug1izaerwt3.cloudfront.net
2014-04-24 17:24:54,www.google.com
2014-04-24 17:24:58,apis.google.com
2014-04-24 17:24:59,accounts.google.com
2014-04-24 17:25:19,www.google.com
2014-04-24 17:27:51,www.googleapis.com
2014-04-24 17:40:18,login.wikimedia.org
2014-04-24 17:40:18,bits.wikimedia.org
2014-04-24 17:40:18,fr.wikipedia.org
2014-04-24 17:40:19,bits.wikimedia.org
2014-04-24 17:40:19,fr.wikipedia.org
2014-04-24 17:40:20,meta.wikimedia.org
2014-04-24 17:40:47,google.fr
2014-04-24 17:40:47,www.google.fr
2014-04-24 17:40:54,www.google.fr
2014-04-24 17:40:55,ajax.googleapis.com
2014-04-24 17:40:55,stackoverflow.com
2014-04-24 17:40:55,i.stack.imgur.com
2014-04-24 17:40:56,cdn-careers.sstatic.net
2014-04-24 17:40:56,stackoverflow.com
2014-04-24 17:40:56,gtssl2-ocsp.geotrust.com
2014-04-24 17:40:56,ocsp.digicert.com
2014-04-24 17:40:56,careers.stackoverflow.com
2014-04-24 17:40:57,careers.stackoverflow.com
2014-04-24 17:41:12,stackauth.com
2014-04-24 17:42:30,stackoverflow.com
2014-04-24 17:42:46,ocsp.verisign.com
2014-04-24 17:42:48,adzerk-www.s3.amazonaws.com
2014-04-24 17:42:51,www.gravatar.com
2014-04-24 17:43:10,www.google.fr
2014-04-24 17:43:12,msdn.microsoft.com
2014-04-24 17:43:13,js.microsoft.com
2014-04-24 17:43:13,i3.msdn.microsoft.com
2014-04-24 17:43:13,i3.services.social.microsoft.com
2014-04-24 17:43:13,i2.msdn.microsoft.com
2014-04-24 17:43:14,dc.services.visualstudio.com
2014-04-24 17:43:14,c1.microsoft.com
2014-04-24 17:43:14,msdn.microsoft.com
2014-04-24 17:43:14,i3.msdn.microsoft.com
2014-04-24 17:43:48,www.google.fr
2014-04-24 17:46:28,www.toutjavascript.com
2014-04-24 17:46:28,www.google.fr
2014-04-24 17:46:29,www.toutjavascript.com
2014-04-24 17:49:12,www.toutjavascript.com
2014-04-24 17:49:18,www.google.com
2014-04-24 17:49:19,www.google.fr
2014-04-24 17:50:03,www.toutjavascript.com
2014-04-24 17:50:04,www.toutjavascript.com
