timestamp,site
2013-06-12 12:04:11,www.google.com
2013-06-12 12:04:11,clients1.google.com
2013-06-12 12:04:11,img.youtube.com
2013-06-12 12:04:14,www.google.com
2013-06-12 12:04:14,clients1.google.com
2013-06-12 12:04:15,www.google.com
2013-06-12 12:04:16,ocsp.comodoca.com
2013-06-12 12:04:16,clients1.google.com
2013-06-12 12:04:16,gtglobal-ocsp.geotrust.com
2013-06-12 12:04:16,ocsp.tcs.terena.org
2013-06-12 12:04:16,ocsp.usertrust.com
2013-06-12 12:06:02,clients1.google.com
2013-06-12 12:06:02,safebrowsing.clients.google.com
2013-06-12 12:06:02,safebrowsing-cache.google.com
2013-06-12 12:06:03,safebrowsing-cache.google.com
2013-06-12 12:06:04,safebrowsing-cache.google.com
2013-06-12 12:06:05,safebrowsing-cache.google.com
2013-06-12 12:06:06,safebrowsing-cache.google.com
2013-06-12 12:07:07,safebrowsing-cache.google.com
2013-06-12 12:07:08,safebrowsing-cache.google.com
2013-06-12 12:08:37,sb-ssl.google.com
2013-11-22 13:05:27,fpdownload2.macromedia.com
2013-11-22 13:05:34,go.microsoft.com
2013-11-22 13:05:34,windows.microsoft.com
2013-11-22 13:05:34,res1.windows.microsoft.com
2013-11-22 13:05:34,res2.windows.microsoft.com
2013-11-22 13:05:34,ajax.microsoft.com
2013-11-22 13:05:34,js.microsoft.com
2013-11-22 13:05:38,www.baidu.com
2013-11-22 13:05:39,www.baidu.com
2013-11-22 13:05:39,s1.bdstatic.com
2013-11-22 13:05:40,passport.baidu.com
2013-11-22 13:05:45,www.baidu.com
2013-11-22 13:05:47,ecma.bdimg.com
2013-11-22 13:05:47,t11.baidu.com
2013-11-22 13:05:47,s1.bdstatic.com
2013-11-22 13:05:47,www.baidu.com
2013-11-22 13:05:48,api.share.baidu.com
2013-11-22 13:05:48,s1.bdstatic.com
2013-11-22 13:05:48,tp2.sinaimg.cn
2013-11-22 13:05:48,tp1.sinaimg.cn
2013-11-22 13:05:49,ecma.bdimg.com
2013-11-22 13:05:49,passport.baidu.com
2013-11-22 13:05:49,www.baidu.com
2013-11-22 13:05:49,sclick.baidu.com
2013-11-22 13:05:49,bs.baidu.com
2013-11-22 13:05:49,s1.bdstatic.com
2013-11-22 13:05:49,c.baidu.com
2013-11-22 13:05:55,img.baidu.com
2013-11-22 13:05:55,baike.baidu.com
2013-11-22 13:05:55,www.baidu.com
2013-11-22 13:05:55,sclick.baidu.com
2013-11-22 13:05:55,baike.bdimg.com
2013-11-22 13:05:56,baike.bdimg.com
2013-11-22 13:05:56,nsclick.baidu.com
2013-11-22 13:05:56,img.baidu.com
2013-11-22 13:05:57,baike.baidu.com
2013-11-22 13:05:57,img.baidu.com
2013-11-22 13:05:57,e.hiphotos.baidu.com
2013-11-22 13:05:57,baike.bdimg.com
2013-11-22 13:05:58,baike.baidu.com
2013-11-22 13:05:58,baike.bdimg.com
2013-11-22 13:05:58,b.hiphotos.baidu.com
2013-11-22 13:05:58,a.baidu.com
2013-11-22 13:05:58,nsclick.baidu.com
2013-11-22 13:05:58,c.baidu.com
2013-11-22 13:05:58,img.baidu.com
2013-11-22 13:05:58,like.baidu.com
2013-11-22 13:05:58,bdimg.share.baidu.com
2013-11-22 13:05:58,api.share.baidu.com
2013-11-22 13:05:59,baike.baidu.com
2013-11-22 13:05:59,hm.baidu.com
2013-11-22 13:06:00,baike.bdimg.com
2013-11-22 13:06:00,hm.baidu.com
2013-11-22 13:06:00,baike.baidu.com
2013-11-22 13:06:00,bdimg.share.baidu.com
2013-11-22 13:06:44,hm.baidu.com
2013-11-22 13:06:49,ieonline.microsoft.com
2013-11-22 13:06:52,c.hiphotos.baidu.com
2013-11-22 13:07:01,nsclick.baidu.com
2013-11-22 13:07:29,hm.baidu.com
2013-11-22 13:07:45,a.hiphotos.baidu.com
2013-11-22 13:07:54,nsclick.baidu.com
2013-11-22 13:09:25,g.hiphotos.baidu.com
2013-11-22 13:09:30,g.hiphotos.baidu.com
2013-11-22 13:09:33,nsclick.baidu.com
2013-11-22 13:09:33,hm.baidu.com
2013-11-27 08:03:55,armmf.adobe.com
2013-11-27 08:03:58,armmf.adobe.com
2013-12-16 08:05:47,armmf.adobe.com
2013-12-16 08:05:50,armmf.adobe.com
2013-12-16 08:05:54,armmf.adobe.com
2013-12-16 08:05:58,armmf.adobe.com
2014-01-23 15:05:14,www.live.com
2014-01-23 15:05:14,www.iegallery.com
2014-01-23 15:05:14,go.microsoft.com
2014-01-23 15:05:14,cdp1.public-trust.com
2014-01-23 15:05:14,mscrl.microsoft.com
2014-01-23 15:05:15,www.iegallery.com
2014-01-23 15:05:16,www.iegallery.com
2014-01-23 15:05:17,www.iegallery.com
2014-01-23 15:06:18,connect.facebook.net
2014-01-23 15:06:18,platform.twitter.com
2014-01-23 15:06:18,www.iegallery.com
2014-01-23 15:06:19,s-static.ak.facebook.com
2014-01-23 15:06:19,ieonline.microsoft.com
2014-01-23 15:06:19,www.iegallery.com
2014-01-23 15:06:19,static.ak.facebook.com
2014-01-23 15:06:20,platform.twitter.com
2014-01-23 15:06:21,www.facebook.com
2014-01-23 15:06:22,evsecure-crl.verisign.com
2014-01-23 15:06:52,twitter.com
2014-01-27 11:57:11,nexus.ensighten.com
2014-01-27 11:57:11,www1.euro.dell.com
2014-01-27 11:57:11,i.dell.com
2014-01-27 11:57:12,i.dell.com
2014-01-27 11:57:13,nexus.ensighten.com
2014-01-27 11:57:13,i.dell.com
2014-01-27 11:57:14,i.dell.com
2014-01-27 11:57:18,search.live.com
2014-01-27 11:57:18,i.dell.com
2014-01-27 11:57:18,www.bing.com
2014-01-27 11:57:19,www.bing.com
2014-01-27 11:57:20,www.bing.com
2014-01-27 11:57:21,login.live.com
2014-01-27 11:57:21,pki.google.com
2014-01-27 11:57:21,www.bing.com
2014-01-27 11:57:21,cms.abmr.net
2014-01-27 11:57:21,crl.geotrust.com
2014-01-27 11:57:22,crl.usertrust.com
2014-01-27 11:57:22,crl.tcs.terena.org
2014-01-31 13:45:05,www.baidu.com
2014-01-31 13:45:06,s1.bdstatic.com
2014-01-31 13:45:06,www.baidu.com
2014-01-31 13:45:07,s1.bdstatic.com
2014-01-31 13:45:08,s1.bdstatic.com
2014-01-31 13:45:09,www.baidu.com
2014-01-31 13:45:09,s1.bdstatic.com
2014-01-31 13:45:10,passport.baidu.com
2014-01-31 13:45:11,www.baidu.com
2014-01-31 13:45:11,s1.bdstatic.com
2014-01-31 13:45:21,www.baidu.com
2014-01-31 13:45:22,ecma.bdimg.com
2014-01-31 13:45:22,s1.bdstatic.com
2014-01-31 13:45:23,t12.baidu.com
2014-01-31 13:45:23,t10.baidu.com
2014-01-31 13:45:24,t12.baidu.com
2014-01-31 13:45:24,t11.baidu.com
2014-01-31 13:45:24,b1.bdstatic.com
2014-01-31 13:45:24,t10.baidu.com
2014-01-31 13:45:24,s1.bdstatic.com
2014-01-31 13:45:25,t12.baidu.com
2014-01-31 13:45:26,t11.baidu.com
2014-01-31 13:45:26,t1.baidu.com
2014-01-31 13:45:26,i8.baidu.com
2014-01-31 13:45:26,t3.baidu.com
2014-01-31 13:45:27,t11.baidu.com
2014-01-31 13:45:27,ecma.bdimg.com
2014-01-31 13:45:27,t10.baidu.com
2014-01-31 13:45:27,s1.bdstatic.com
2014-01-31 13:45:28,t12.baidu.com
2014-01-31 13:45:28,t11.baidu.com
2014-01-31 13:45:28,s1.bdstatic.com
2014-01-31 13:45:29,t10.baidu.com
2014-01-31 13:45:30,t10.baidu.com
2014-01-31 13:45:30,t11.baidu.com
2014-01-31 13:45:30,t2.baidu.com
2014-01-31 13:45:31,t2.baidu.com
2014-01-31 13:45:31,t1.baidu.com
2014-01-31 13:45:31,s1.bdstatic.com
2014-01-31 13:45:32,t12.baidu.com
2014-01-31 13:45:32,t2.baidu.com
2014-01-31 13:45:32,s1.bdstatic.com
2014-01-31 13:45:33,t2.baidu.com
2014-01-31 13:45:33,passport.baidu.com
2014-01-31 13:45:33,c.baidu.com
2014-01-31 13:45:33,sclick.baidu.com
2014-01-31 13:45:34,api.share.baidu.com
2014-01-31 13:45:36,bzclk.baidu.com
2014-01-31 13:45:45,fclick.baidu.com
2014-01-31 13:45:48,google.fr
2014-01-31 13:45:48,www.google.fr
2014-01-31 13:45:49,www.google.fr
2014-01-31 13:45:52,www.google.com
2014-01-31 13:46:34,www.google.fr
2014-01-31 13:46:41,www.google.fr
2014-01-31 13:46:45,www.google.fr
2014-01-31 13:48:29,www.google.fr
2014-01-31 17:18:41,crl.usertrust.com
2014-01-31 17:18:41,crl.tcs.terena.org
2014-02-04 12:38:59,www.google.fr
2014-02-04 12:39:06,www.google.fr
2014-02-04 12:39:07,www.google.fr
2014-02-04 12:39:08,www.google.fr
2014-02-04 12:39:08,clients1.google.fr
2014-02-04 12:39:18,clients1.google.fr
2014-02-04 12:39:19,clients1.google.fr
2014-02-04 12:39:20,clients1.google.fr
2014-02-04 12:39:21,clients1.google.fr
2014-02-04 12:39:23,www.google.fr
2014-02-04 12:39:23,clients1.google.fr
2014-02-04 12:39:27,www.google.fr
2014-02-04 12:39:28,firstrowus1.eu
2014-02-04 12:39:28,gofirstrowus.eu
2014-02-04 12:39:28,gofirstrow.eu
2014-02-04 12:39:29,show.yeabble.com
2014-02-04 12:39:29,gofirstrow.eu
2014-02-04 12:39:33,gofirstrow.eu
2014-02-04 12:39:33,show.yeabble.com
2014-02-04 12:39:38,www.betclic.fr
2014-02-04 12:39:39,crl.netsolssl.com
2014-02-04 12:39:40,crl.omniroot.com
2014-02-04 12:39:40,crl3.digicert.com
2014-02-04 12:39:40,www.betclic.fr
2014-02-04 12:39:40,betclick.hs.llnwd.net
2014-02-04 12:39:41,www.betclic.fr
2014-02-04 12:39:41,betclick.hs.llnwd.net
2014-02-04 12:39:42,crl3.digicert.com
2014-02-04 12:39:42,betclick.hs.llnwd.net
2014-02-04 12:39:45,betclick.hs.llnwd.net
2014-02-04 12:39:45,dnn506yrbagrg.cloudfront.net
2014-02-04 13:26:30,crl.comodoca.com
2014-02-04 13:26:42,secure.labcenter.co.uk
2014-02-14 17:25:34,crl.usertrust.com
2014-02-14 17:25:34,crl.tcs.terena.org
2014-02-19 09:04:22,armmf.adobe.com
2014-02-19 09:04:24,armmf.adobe.com
2014-02-20 09:27:00,search.live.com
2014-02-20 09:27:00,www.bing.com
2014-02-20 09:27:01,www.bing.com
2014-02-20 09:27:02,cms.abmr.net
2014-02-20 09:27:02,www.bing.com
2014-02-20 09:27:03,login.live.com
2014-02-20 09:27:03,evintl-crl.verisign.com
2014-02-20 09:27:03,crl.usertrust.com
2014-02-20 09:27:03,crl.comodoca.com
2014-02-20 09:27:03,www.bing.com
2014-02-20 09:27:05,www.bing.com
2014-02-20 09:27:07,www.bing.com
2014-02-20 09:27:09,www.bing.com
2014-02-20 09:27:09,login.live.com
2014-02-20 09:27:14,www.bing.com
2014-02-20 09:27:17,www.bing.com
2014-02-20 09:27:18,forums.futura-sciences.com
2014-02-20 09:27:18,www.futura-sciences.com
2014-02-20 09:27:18,ssl.bing.com
2014-02-20 09:27:19,forums.futura-sciences.com
2014-02-20 09:27:19,www.futura-sciences.com
2014-02-20 09:27:19,yui.yahooapis.com
2014-02-20 09:27:19,legacy.futura-sciences.com
2014-02-20 09:27:19,www.google.fr
2014-02-20 09:27:20,www.futura-sciences.com
2014-02-20 09:27:20,www.ilephysique.net
2014-02-20 09:27:20,www.google.com
2014-02-20 09:27:20,fr.intext.adfever.com
2014-02-20 09:27:20,legacy.futura-sciences.com
2014-02-20 09:27:20,forums.futura-sciences.com
2014-02-20 09:27:22,www.futura-sciences.com
2014-02-20 09:27:22,www.google.com
2014-02-20 09:27:22,www.google.fr
2014-02-20 09:27:23,forums.futura-sciences.com
2014-02-20 09:27:23,legacy.futura-sciences.com
2014-02-20 09:27:23,crl.geotrust.com
2014-02-20 09:27:23,pki.google.com
2014-02-20 09:27:24,www.ilephysique.net
2014-02-20 09:27:24,hal9000.redintelligence.net
2014-02-20 09:27:24,www.google.com
2014-02-20 09:27:24,www.futura-sciences.com
2014-02-20 09:27:24,fr.intext.adfever.com
2014-02-20 09:27:25,apis.google.com
2014-02-20 09:27:25,platform.twitter.com
2014-02-20 09:27:25,banniere.reussissonsensemble.fr
2014-02-20 09:27:25,forums.futura-sciences.com
2014-02-20 09:27:25,www.futura-sciences.com
2014-02-20 09:27:25,hal9000.redintelligence.net
2014-02-20 09:27:25,n28.hal9000.redintelligence.net
2014-02-20 09:27:25,connect.facebook.net
2014-02-20 09:27:26,n9.hal9000.redintelligence.net
2014-02-20 09:27:26,banniere.reussissonsensemble.fr
2014-02-20 09:27:26,platform.twitter.com
2014-02-20 09:27:26,apis.google.com
2014-02-20 09:27:27,www.google.com
2014-02-20 09:27:27,apis.google.com
2014-02-20 09:27:27,images.orangepublicite.fr
2014-02-20 09:27:27,banniere.reussissonsensemble.fr
2014-02-20 09:27:27,crl.comodoca.com
2014-02-20 09:27:27,accounts.google.com
2014-02-20 09:27:28,www.facebook.com
2014-02-20 09:27:28,banniere.reussissonsensemble.fr
2014-02-20 09:27:28,evsecure-crl.verisign.com
2014-02-20 09:27:28,static.ak.facebook.com
2014-02-20 09:27:28,twitter.com
2014-02-20 09:27:28,s-static.ak.facebook.com
2014-02-20 09:27:28,apis.google.com
2014-02-20 09:27:29,ad.publicidees.com
2014-02-20 09:27:29,platform.twitter.com
2014-02-20 09:27:29,www.facebook.com
2014-02-20 09:27:30,svrsecure-g3-crl.verisign.com
2014-02-20 09:27:31,twitter.com
2014-02-20 09:27:31,s-static.ak.facebook.com
2014-02-20 09:27:31,platform.twitter.com
2014-02-20 09:27:31,apis.google.com
2014-02-20 09:27:31,static.ak.facebook.com
2014-02-20 09:27:31,crl.verisign.com
2014-02-20 09:27:31,www.facebook.com
2014-02-20 09:27:32,accounts.google.com
2014-02-20 09:27:34,forums.futura-sciences.com
2014-02-20 09:27:34,www.futura-sciences.com
2014-02-20 09:27:35,forums.futura-sciences.com
2014-02-20 09:27:35,platform.twitter.com
2014-02-20 09:27:35,www.ilephysique.net
2014-02-20 09:27:35,fr.intext.adfever.com
2014-02-20 09:27:35,www.futura-sciences.com
2014-02-20 09:27:36,forums.futura-sciences.com
2014-02-20 09:27:36,www.futura-sciences.com
2014-02-20 09:27:37,www.futura-sciences.com
2014-02-20 09:27:37,forums.futura-sciences.com
2014-02-20 09:27:38,www.futura-sciences.com
2014-02-20 09:27:39,forums.futura-sciences.com
2014-02-20 09:27:39,www.ilephysique.net
2014-02-20 09:27:39,www.futura-sciences.com
2014-02-20 09:27:39,fr.intext.adfever.com
2014-02-20 09:27:40,www.futura-sciences.com
2014-02-20 09:27:40,forums.futura-sciences.com
2014-02-20 09:27:40,static.ak.facebook.com
2014-02-20 09:27:40,www.facebook.com
2014-02-20 09:27:40,s-static.ak.facebook.com
2014-02-20 09:27:40,apis.google.com
2014-02-20 09:27:40,www.ilephysique.net
2014-02-20 09:27:41,forums.futura-sciences.com
2014-02-20 09:27:41,www.futura-sciences.com
2014-02-20 09:27:41,twitter.com
2014-02-20 09:27:41,apis.google.com
2014-02-20 09:27:42,www.ilephysique.net
2014-02-20 09:27:42,platform.twitter.com
2014-02-20 09:27:42,forums.futura-sciences.com
2014-02-20 09:27:43,accounts.google.com
2014-02-20 09:27:43,apis.google.com
2014-02-20 09:27:43,twitter.com
2014-02-20 09:27:43,s-static.ak.facebook.com
2014-02-20 09:27:43,fr.intext.adfever.com
2014-02-20 09:27:43,static.ak.facebook.com
2014-02-20 09:27:43,www.futura-sciences.com
2014-02-20 09:27:44,www.facebook.com
2014-02-20 09:27:44,www.ilephysique.net
2014-02-20 09:27:44,fr.intext.adfever.com
2014-02-20 09:27:44,www.futura-sciences.com
2014-02-20 09:27:45,fr.intext.adfever.com
2014-02-20 09:27:45,www.futura-sciences.com
2014-02-20 09:27:45,platform.twitter.com
2014-02-20 09:27:45,www.ilephysique.net
2014-02-20 09:27:46,i1-js-14-3-01-10077-636952878-i.init.cedexis-radar.net
2014-02-20 09:27:46,level3.cedexis.com
2014-02-20 09:27:46,limelight.cedexis.com
2014-02-20 09:27:46,i1-js-14-3-01-10077-292097520-i.init.cedexis-radar.net
2014-02-20 09:27:46,www.futura-sciences.com
2014-02-20 09:27:47,www.futura-sciences.com
2014-02-20 09:27:47,level3.cedexis.com
2014-02-20 09:27:47,limelight.cedexis.com
2014-02-20 09:27:48,s-static.ak.facebook.com
2014-02-20 09:27:48,apis.google.com
2014-02-20 09:27:48,level3.cedexis.com
2014-02-20 09:27:48,www.facebook.com
2014-02-20 09:27:48,static.ak.facebook.com
2014-02-20 09:27:48,limelight.cedexis.com
2014-02-20 09:27:49,accounts.google.com
2014-02-20 09:27:49,apis.google.com
2014-02-20 09:27:49,platform.twitter.com
2014-02-20 09:27:49,twitter.com
2014-02-20 09:27:49,us-west1.joyent.bench.cedexis.com
2014-02-20 09:27:50,static.ak.facebook.com
2014-02-20 09:27:50,probe.cedexis.org
2014-02-20 09:27:50,www.facebook.com
2014-02-20 09:27:50,twitter.com
2014-02-20 09:27:50,s-static.ak.facebook.com
2014-02-20 09:27:51,probe.cedexis.org
2014-02-20 09:27:51,edgecast-adn.cedexis.com
2014-02-20 09:27:52,static.ak.facebook.com
2014-02-20 09:27:52,s-static.ak.facebook.com
2014-02-20 09:27:52,www.facebook.com
2014-02-20 09:27:52,apis.google.com
2014-02-20 09:27:52,twitter.com
2014-02-20 09:27:53,platform.twitter.com
2014-02-20 09:27:53,apis.google.com
2014-02-20 09:27:53,twitter.com
2014-02-20 09:27:54,apis.google.com
2014-02-20 09:27:54,s-static.ak.facebook.com
2014-02-20 09:27:54,www.facebook.com
2014-02-20 09:27:54,static.ak.facebook.com
2014-02-20 09:27:55,accounts.google.com
2014-02-20 09:27:55,static.ak.facebook.com
2014-02-20 09:27:55,s-static.ak.facebook.com
2014-02-20 09:27:55,www.facebook.com
2014-02-20 09:27:58,limelight.cedexis.com
2014-02-20 09:28:05,twitter.com
2014-02-20 13:51:15,crl.tcs.terena.org
2014-02-20 13:51:15,crl.usertrust.com
2014-02-20 13:51:24,player.vimeo.com
2014-02-20 14:19:04,www.google.fr
2014-02-20 14:19:04,google.fr
2014-02-20 14:19:35,www.google.com
2014-02-20 14:19:35,www.google.fr
2014-02-20 14:19:36,www.weizmann.ac.il
2014-02-20 14:20:39,www.google.fr
2014-02-20 14:20:41,www.squid-cache.org
2014-02-20 14:23:02,www.squid-cache.org
2014-02-20 14:23:32,www.google.fr
2014-02-20 14:23:35,www.google.fr
2014-02-20 15:17:29,search.live.com
2014-02-20 15:17:30,www.bing.com
2014-02-20 15:17:31,www.bing.com
2014-02-20 15:17:32,www.bing.com
2014-02-20 15:17:33,www.bing.com
2014-02-20 15:17:33,login.live.com
2014-02-20 15:17:41,www.bing.com
2014-02-20 15:18:03,www.bing.com
2014-02-20 15:18:11,www.bing.com
2014-02-20 15:18:13,www.bing.com
2014-02-20 15:18:13,login.live.com
2014-02-20 15:18:14,www.bing.com
2014-02-20 15:18:15,www.mathworks.com
2014-02-20 15:18:15,www.mathworks.fr
2014-02-20 15:18:16,www.mathworks.fr
2014-02-20 15:18:16,crl.omniroot.com
2014-02-20 15:18:16,ssl.bing.com
2014-02-20 15:18:17,www.mathworks.fr
2014-02-20 15:18:18,www.mathworks.fr
2014-02-20 15:18:21,www.mathworks.fr
2014-02-20 15:18:21,metrics.mathworks.com
2014-02-20 15:18:22,p.typekit.net
2014-02-20 15:18:22,www.mathworks.fr
2014-02-20 15:18:23,s3.amazonaws.com
2014-02-20 15:18:31,www.bing.com
2014-02-20 15:18:32,ts2.mm.bing.net
2014-02-20 15:18:41,www.bing.com
2014-02-20 15:18:43,ws.amazon.com
2014-02-20 15:18:43,www.huginn.com
2014-02-20 15:18:43,1.gravatar.com
2014-02-20 15:18:43,www.brickengineer.com
2014-02-20 15:18:43,0.gravatar.com
2014-02-20 15:18:43,g-ecx.images-amazon.com
2014-02-20 15:18:44,g-ecx.images-amazon.com
2014-02-20 15:18:44,www.huginn.com
2014-02-20 15:18:44,ws.amazon.com
2014-02-20 15:18:45,ecx.images-amazon.com
2014-02-20 15:18:46,ecx.images-amazon.com
2014-02-20 15:18:48,www.bing.com
2014-02-20 15:18:50,ts3.mm.bing.net
2014-02-20 15:18:52,www.bing.com
2014-02-20 15:18:53,www.bing.com
2014-02-20 15:18:55,login.live.com
2014-02-20 15:18:55,www.bing.com
2014-02-20 15:19:03,www.bing.com
2014-02-20 15:19:06,www.bing.com
2014-02-20 15:19:07,ssl.bing.com
2014-02-20 15:19:12,tracking.researchgate.net
2014-02-20 15:19:48,www.nxtorm.es
2014-02-20 15:19:49,www.nxtorm.es
2014-02-20 15:19:57,www.nxtorm.es
2014-02-20 15:20:15,www.bing.com
2014-02-20 15:20:16,www.bing.com
2014-02-20 15:20:16,ts3.mm.bing.net
2014-02-20 15:20:19,www.bing.com
2014-02-20 15:20:20,cent.mas.bg.ac.rs
2014-02-20 15:20:24,api.bing.com
2014-02-20 15:20:24,www.bing.com
2014-02-20 15:20:26,login.live.com
2014-02-20 15:20:26,www.bing.com
2014-02-20 15:20:30,www.bing.com
2014-02-20 15:20:31,www.bing.com
2014-02-20 15:20:33,www.bing.com
2014-02-20 15:20:33,login.live.com
2014-02-20 15:20:41,www.bing.com
2014-02-20 15:22:41,ssl.bing.com
2014-02-20 15:22:42,ts4.mm.bing.net
2014-02-21 13:53:04,google.fr
2014-02-21 13:53:04,www.google.fr
2014-02-21 13:53:21,www.commentcamarche.net
2014-02-21 13:53:21,ba.commentcamarche.net
2014-02-21 13:53:21,static.ccm2.net
2014-02-21 13:53:21,www.google.com
2014-02-21 13:53:21,www.google.fr
2014-02-21 13:53:22,static.ccm2.net
2014-02-21 13:53:22,platform.twitter.com
2014-02-21 13:53:22,www.facebook.com
2014-02-21 13:53:22,kh6qrx0f8h.s.ad6media.fr
2014-02-21 13:53:22,html5shim.googlecode.com
2014-02-21 13:53:22,ba.commentcamarche.net
2014-02-21 13:53:23,www.commentcamarche.net
2014-02-21 13:53:23,static.ccm2.net
2014-02-21 13:53:23,connect.facebook.net
2014-02-21 13:53:23,www.facebook.com
2014-02-21 13:53:23,ba.commentcamarche.net
2014-02-21 13:53:23,platform.twitter.com
2014-02-21 13:53:23,twitter.com
2014-02-21 13:53:23,ajax.googleapis.com
2014-02-21 13:53:23,r.ccm2.net
2014-02-21 13:53:24,static.ccm2.net
2014-02-21 13:53:24,eulerian.canal-plus.com
2014-02-21 13:53:24,static.ccmbg.com
2014-02-21 13:53:24,ba.commentcamarche.net
2014-02-21 13:53:24,static.ak.facebook.com
2014-02-21 13:53:24,rapidssl-crl.geotrust.com
2014-02-21 13:53:24,www.facebook.com
2014-02-21 13:53:24,s-static.ak.facebook.com
2014-02-21 13:53:25,www.facebook.com
2014-02-21 13:53:25,static.ccm2.net
2014-02-21 13:53:25,www.commentcamarche.net
2014-02-21 13:53:54,twitter.com
2014-02-21 13:59:25,www.google.fr
2014-02-21 13:59:25,www.cmi.univ-mrs.fr
2014-02-21 14:03:42,www.google.fr
2014-02-21 14:03:45,www.google.fr
2014-02-21 14:19:13,qq.com
2014-02-21 14:19:16,www.qq.com
2014-02-21 14:19:23,gtssl2-crl.geotrust.com
2014-02-21 14:19:26,img.gtimg.cn
2014-02-21 14:19:28,res.mail.qq.com
2014-02-21 14:19:29,gtssl-crl.geotrust.com
2014-02-21 14:19:30,res.mail.qq.com
2014-02-21 14:19:46,ui.ptlogin2.qq.com
2014-02-21 14:19:50,ui.ptlogin2.qq.com
2014-02-21 14:19:58,res.mail.qq.com
2014-02-21 14:19:59,res.mail.qq.com
2014-02-21 14:20:00,res.mail.qq.com
2014-02-21 14:20:06,ui.ptlogin2.qq.com
2014-02-21 14:20:10,r99.res.qqmail.com
2014-02-21 14:20:11,r99.res.qqmail.com
2014-02-21 14:20:12,r99.res.qqmail.com
2014-02-21 14:20:14,r99.res.qqmail.com
2014-02-21 14:20:17,r99.res.qqmail.com
2014-02-21 14:20:18,ui.ptlogin2.qq.com
2014-02-21 14:20:18,wp.mail.qq.com
2014-02-21 14:20:19,r99.res.qqmail.com
2014-02-21 14:20:20,r99.res.qqmail.com
2014-02-21 14:20:20,www.gravatar.com
2014-02-21 14:20:20,i2.wp.com
2014-02-21 14:20:21,r99.res.qqmail.com
2014-02-21 14:20:25,www.mediafire.com
2014-02-21 14:20:41,www.mediafire.com
2014-02-21 14:20:42,sz.mail.store.qq.com
2014-02-21 14:20:45,r99.res.qqmail.com
2014-02-21 14:20:51,wp.mail.qq.com
2014-02-21 14:20:55,www.gravatar.com
2014-02-21 14:20:55,r99.res.qqmail.com
2014-02-21 14:21:15,r99.res.qqmail.com
2014-02-21 14:21:21,wp.mail.qq.com
2014-02-21 14:21:23,www.gravatar.com
2014-02-21 14:21:38,www.gravatar.com
2014-02-21 14:21:53,wp.mail.qq.com
2014-02-21 14:22:23,wp.mail.qq.com
2014-02-21 14:22:37,wp.mail.qq.com
2014-02-21 14:22:37,r99.res.qqmail.com
2014-02-21 14:23:07,wp.mail.qq.com
2014-02-21 14:23:40,wp.mail.qq.com
2014-02-21 14:24:13,wp.mail.qq.com
2014-02-21 14:24:46,wp.mail.qq.com
2014-02-21 14:25:16,wp.mail.qq.com
2014-02-21 14:25:46,wp.mail.qq.com
2014-02-21 14:26:18,wp.mail.qq.com
2014-02-21 14:26:51,wp.mail.qq.com
2014-02-21 14:27:24,wp.mail.qq.com
2014-02-21 14:27:54,wp.mail.qq.com
2014-02-21 14:28:27,wp.mail.qq.com
2014-02-21 14:28:58,wp.mail.qq.com
2014-02-21 14:29:30,wp.mail.qq.com
2014-02-21 14:30:03,wp.mail.qq.com
2014-02-21 14:30:36,wp.mail.qq.com
2014-02-21 14:31:06,wp.mail.qq.com
2014-02-21 14:31:36,wp.mail.qq.com
2014-02-21 14:32:06,wp.mail.qq.com
2014-02-21 14:32:36,wp.mail.qq.com
2014-02-21 14:33:05,wp.mail.qq.com
2014-02-21 14:33:35,wp.mail.qq.com
2014-02-21 14:34:05,wp.mail.qq.com
2014-02-21 14:34:35,wp.mail.qq.com
2014-02-21 14:35:05,wp.mail.qq.com
2014-02-21 14:35:38,wp.mail.qq.com
2014-02-21 14:36:11,wp.mail.qq.com
2014-02-21 14:36:43,wp.mail.qq.com
2014-02-21 14:37:13,wp.mail.qq.com
2014-02-21 14:37:43,wp.mail.qq.com
2014-02-21 14:38:13,wp.mail.qq.com
2014-02-21 14:38:43,wp.mail.qq.com
2014-02-21 14:39:13,wp.mail.qq.com
2014-02-21 14:39:46,wp.mail.qq.com
2014-02-21 14:40:19,wp.mail.qq.com
2014-02-21 14:40:52,wp.mail.qq.com
2014-02-21 14:41:25,wp.mail.qq.com
2014-02-21 14:41:55,wp.mail.qq.com
2014-02-21 14:42:25,wp.mail.qq.com
2014-02-21 14:42:55,wp.mail.qq.com
2014-02-21 14:43:27,wp.mail.qq.com
2014-02-21 14:43:57,wp.mail.qq.com
2014-02-21 14:44:27,wp.mail.qq.com
2014-02-21 14:44:57,wp.mail.qq.com
2014-02-21 14:45:27,wp.mail.qq.com
2014-02-21 14:46:00,wp.mail.qq.com
2014-02-21 14:46:30,wp.mail.qq.com
2014-02-21 14:47:00,wp.mail.qq.com
2014-02-21 14:47:30,wp.mail.qq.com
2014-02-21 14:48:00,wp.mail.qq.com
2014-02-21 14:48:30,wp.mail.qq.com
2014-02-21 14:49:00,wp.mail.qq.com
2014-02-21 14:49:30,wp.mail.qq.com
2014-02-21 14:50:03,wp.mail.qq.com
2014-02-21 14:50:33,wp.mail.qq.com
2014-02-21 14:51:03,wp.mail.qq.com
2014-02-21 14:51:33,wp.mail.qq.com
2014-02-21 14:52:06,wp.mail.qq.com
2014-02-21 14:52:36,wp.mail.qq.com
2014-02-21 14:53:06,wp.mail.qq.com
2014-02-21 14:53:36,wp.mail.qq.com
2014-02-21 14:54:06,wp.mail.qq.com
2014-02-21 14:54:35,wp.mail.qq.com
2014-02-21 14:55:09,wp.mail.qq.com
2014-02-21 14:55:41,wp.mail.qq.com
2014-02-21 14:56:11,wp.mail.qq.com
2014-02-21 14:56:41,wp.mail.qq.com
2014-02-21 14:57:11,wp.mail.qq.com
2014-02-21 14:57:41,wp.mail.qq.com
2014-02-21 14:58:11,wp.mail.qq.com
2014-02-21 14:58:41,wp.mail.qq.com
2014-02-21 14:59:11,wp.mail.qq.com
2014-02-21 14:59:41,wp.mail.qq.com
2014-02-21 15:00:11,wp.mail.qq.com
2014-02-21 15:00:41,wp.mail.qq.com
2014-02-21 15:01:11,wp.mail.qq.com
2014-02-21 15:01:43,wp.mail.qq.com
2014-02-21 15:02:13,wp.mail.qq.com
2014-02-21 15:02:43,wp.mail.qq.com
2014-02-21 15:03:16,wp.mail.qq.com
2014-02-21 15:03:46,wp.mail.qq.com
2014-02-21 15:04:16,wp.mail.qq.com
2014-02-21 15:04:46,wp.mail.qq.com
2014-02-21 15:05:19,wp.mail.qq.com
2014-02-21 15:05:49,wp.mail.qq.com
2014-02-21 15:06:19,wp.mail.qq.com
2014-02-21 15:06:49,wp.mail.qq.com
2014-02-21 15:07:19,wp.mail.qq.com
2014-02-21 15:07:49,wp.mail.qq.com
2014-02-21 15:08:19,wp.mail.qq.com
2014-02-21 15:08:49,wp.mail.qq.com
2014-02-21 15:09:19,wp.mail.qq.com
2014-02-21 15:09:52,wp.mail.qq.com
2014-02-21 15:10:22,wp.mail.qq.com
2014-02-21 15:10:52,wp.mail.qq.com
2014-02-21 15:11:22,wp.mail.qq.com
2014-02-21 15:11:52,wp.mail.qq.com
2014-02-21 15:12:22,wp.mail.qq.com
2014-02-21 15:12:52,wp.mail.qq.com
2014-02-21 15:13:24,wp.mail.qq.com
2014-02-21 15:13:54,wp.mail.qq.com
2014-02-21 15:14:24,wp.mail.qq.com
2014-02-21 15:14:56,wp.mail.qq.com
2014-02-21 15:15:26,wp.mail.qq.com
2014-02-21 15:15:59,wp.mail.qq.com
2014-02-21 15:16:29,wp.mail.qq.com
2014-02-21 15:16:59,wp.mail.qq.com
2014-02-21 15:17:29,wp.mail.qq.com
2014-02-21 15:17:59,wp.mail.qq.com
2014-02-21 15:18:29,wp.mail.qq.com
2014-02-21 15:19:02,wp.mail.qq.com
2014-02-21 15:19:33,wp.mail.qq.com
2014-02-21 15:20:06,wp.mail.qq.com
2014-02-21 15:20:36,wp.mail.qq.com
2014-02-21 15:21:06,wp.mail.qq.com
2014-02-21 15:21:36,wp.mail.qq.com
2014-02-21 15:22:09,wp.mail.qq.com
2014-02-21 15:22:39,wp.mail.qq.com
2014-02-21 15:23:11,wp.mail.qq.com
2014-02-21 15:23:41,wp.mail.qq.com
2014-02-21 15:24:11,wp.mail.qq.com
2014-02-21 15:24:41,wp.mail.qq.com
2014-02-21 15:24:56,www.mathworks.com
2014-02-21 15:24:56,www.google.fr
2014-02-21 15:24:57,www.mathworks.fr
2014-02-21 15:24:57,www.google.fr
2014-02-21 15:24:58,www.mathworks.fr
2014-02-21 15:25:00,www.mathworks.fr
2014-02-21 15:25:01,www.mathworks.fr
2014-02-21 15:25:01,metrics.mathworks.com
2014-02-21 15:25:03,p.typekit.net
2014-02-21 15:25:03,s3.amazonaws.com
2014-02-21 15:25:04,www.mathworks.fr
2014-02-21 17:31:22,player.vimeo.com
2014-02-24 15:45:35,go.microsoft.com
2014-02-24 15:45:36,res1.windows.microsoft.com
2014-02-24 15:45:36,ajax.microsoft.com
2014-02-24 15:45:36,res2.windows.microsoft.com
2014-02-24 15:45:36,windows.microsoft.com
2014-02-24 15:45:37,windows.microsoft.com
2014-02-24 15:45:37,res1.windows.microsoft.com
2014-02-24 15:45:37,js.microsoft.com
2014-02-24 15:45:40,www.bing.com
2014-02-24 15:45:40,www.google.com
2014-02-24 15:48:15,ieonline.microsoft.com
2014-02-24 15:48:15,go.microsoft.com
2014-03-04 10:06:52,armmf.adobe.com
2014-03-04 10:06:55,armmf.adobe.com
2014-03-04 10:06:56,armmf.adobe.com
2014-03-04 10:06:58,armmf.adobe.com
2014-03-04 11:35:39,fr.ask.com
2014-03-04 11:35:39,www.google.com
2014-03-04 11:35:39,search.mywebs.pro
2014-03-04 11:35:40,sp.fr.ask.com
2014-03-04 11:35:40,www.google.com
2014-03-04 11:35:40,fr.ask.com
2014-03-04 11:35:40,img.youtube.com
2014-03-04 11:35:53,dotabuff.com
2014-03-04 11:35:53,www.dotabuff.com
2014-03-04 11:35:54,dotabuff.com
2014-03-04 11:36:02,dotabuff.com
2014-03-04 11:36:03,dotabuff.com
2014-03-04 11:36:03,media.steampowered.com
2014-03-04 11:36:04,ce.lijit.com
2014-03-04 11:36:05,um.simpli.fi
2014-03-04 11:36:05,fpdownload2.macromedia.com
2014-03-04 11:36:05,rp.gwallet.com
2014-03-04 11:36:05,www.facebook.com
2014-03-04 11:36:05,openx2-match.dotomi.com
2014-03-04 11:36:05,ad.publicidees.com
2014-03-04 11:36:05,dotabuff.com
2014-03-04 11:36:05,media.steampowered.com
2014-03-04 11:36:10,dotabuff.com
2014-03-04 11:36:13,rbp.mxptint.net
2014-03-04 11:36:13,rp.gwallet.com
2014-03-04 11:36:13,dotabuff.com
2014-03-04 11:36:13,pr.ybp.yahoo.com
2014-03-04 11:36:14,pixel2368.everesttech.net
2014-03-04 11:36:14,dotabuff.com
2014-03-04 11:36:15,www.facebook.com
2014-03-04 11:36:16,www.audienceinsights.net
2014-03-04 11:36:16,www.facebook.com
2014-03-04 11:36:17,dps.bing.com
2014-03-04 11:36:32,match.rtbidder.net
2014-03-04 11:36:41,dotabuff.com
2014-03-04 11:36:54,dotabuff.com
2014-03-04 11:37:24,dotabuff.com
2014-03-04 11:37:25,c1.adform.net
2014-03-04 11:37:26,c1.adform.net
2014-03-04 11:37:26,www.facebook.com
2014-03-04 11:37:27,www.facebook.com
2014-03-04 11:37:31,ce.lijit.com
2014-03-04 11:37:43,dotabuff.com
2014-03-04 11:37:46,rubicon-match.dotomi.com
2014-03-04 11:37:46,um.simpli.fi
2014-03-04 11:37:46,match.rtbidder.net
2014-03-04 11:37:47,aol-match.dotomi.com
2014-03-04 11:37:52,dotabuff.com
2014-03-04 11:37:53,dotabuff.com
2014-03-04 11:37:54,rp.gwallet.com
2014-03-04 11:37:54,um.simpli.fi
2014-03-04 11:37:55,soundwave.bnmla.com
2014-03-04 11:37:55,x2.vindicosuite.com
2014-03-04 11:37:55,pr.ybp.yahoo.com
2014-03-04 11:37:55,dotabuff.com
2014-03-04 11:37:55,c.vindicosuite.com
2014-03-04 11:37:55,images.orangepublicite.fr
2014-03-04 11:37:55,b12.myspace.com
2014-03-04 11:37:56,b12.myspace.com
2014-03-04 11:37:56,ver-adt.vindicosuite.com
2014-03-04 11:37:56,vindicoasset.edgesuite.net
2014-03-04 11:37:57,ver-adt.vindicosuite.com
2014-03-04 11:37:59,dotabuff.com
2014-03-04 11:38:00,dotabuff.com
2014-03-04 11:38:07,dotabuff.com
2014-03-04 11:38:10,um.simpli.fi
2014-03-04 11:38:10,apnx-match.dotomi.com
2014-03-04 11:38:11,cm.adgrx.com
2014-03-04 11:38:31,dotabuff.com
2014-03-04 11:38:31,media.steampowered.com
2014-03-04 11:38:33,www.facebook.com
2014-03-04 11:38:36,dotabuff.com
2014-03-04 11:38:37,dotabuff.com
2014-03-04 11:40:22,dotabuff.com
2014-03-04 11:40:30,dotabuff.com
2014-03-04 11:40:31,mm.eulerian.net
2014-03-04 11:40:32,mm.eulerian.net
2014-03-04 11:40:32,c1.adform.net
2014-03-04 11:40:33,adventori.com
2014-03-04 11:43:41,dotabuff.com
2014-03-04 11:43:42,dotabuff.com
2014-03-04 11:43:43,creative.metalyzer.com
2014-03-04 11:43:51,dotabuff.com
2014-03-04 11:43:52,dotabuff.com
2014-03-04 11:43:53,dotabuff.com
2014-03-04 11:43:55,dotabuff.com
2014-03-04 11:43:55,its.tradelab.fr
2014-03-04 11:43:56,admanager.adintend.com
2014-03-04 11:43:59,its.tradelab.fr
2014-03-04 11:44:01,dc45.s372.meetrics.net
2014-03-04 11:44:01,dotabuff.com
2014-03-04 11:44:01,s372.meetrics.net
2014-03-04 11:44:02,dc45.s372.meetrics.net
2014-03-04 11:44:03,dotabuff.com
2014-03-04 11:44:40,dotabuff.com
2014-03-04 11:44:40,media.steampowered.com
2014-03-04 11:44:42,banniere.reussissonsensemble.fr
2014-03-04 11:44:42,eulerian.netbooster.com
2014-03-04 11:44:42,hal9000.redintelligence.net
2014-03-04 11:44:42,ea.celio.com
2014-03-04 11:44:42,affiliation.service-voyages.com
2014-03-04 11:44:43,banniere.reussissonsensemble.fr
2014-03-04 11:45:11,choices.truste.com
2014-03-04 11:45:11,dotabuff.com
2014-03-04 11:45:12,choices.truste.com
2014-03-04 11:45:12,dotabuff.com
2014-03-04 11:45:13,its.tradelab.fr
2014-03-04 11:45:29,its.tradelab.fr
2014-03-04 11:45:30,dotabuff.com
2014-03-04 11:45:33,dotabuff.com
2014-03-04 11:45:49,dotabuff.com
2014-03-04 11:46:40,dotabuff.com
2014-03-04 11:46:41,dotabuff.com
2014-03-04 11:46:42,dotabuff.com
2014-03-04 11:46:43,dotabuff.com
2014-03-04 11:46:51,dotabuff.com
2014-03-04 11:46:51,media.steampowered.com
2014-03-04 11:49:53,media.steampowered.com
2014-03-04 11:49:53,dotabuff.com
2014-03-04 11:49:55,hal9000.redintelligence.net
2014-03-04 11:49:56,www.maboutiqueregimedukan.com
2014-03-04 11:49:56,banniere.reussissonsensemble.fr
2014-03-04 11:49:56,a.nonstoppartner.net
2014-03-04 11:49:56,hal9000.redintelligence.net
2014-03-04 11:49:56,ad.publicidees.com
2014-03-04 11:49:56,www.uaredesign.com
2014-03-04 11:49:56,www.effiliation-hebergement.com
2014-03-04 11:49:56,n35.hal9000.redintelligence.net
2014-03-04 11:49:57,banniere.reussissonsensemble.fr
2014-03-04 11:49:57,www.outiror.com
2014-03-04 11:49:57,www.castorama.fr
2014-03-04 11:50:08,dotabuff.com
2014-03-04 11:50:17,dotabuff.com
2014-03-04 11:50:24,datatc.eveiletjeux.com
2014-03-04 11:50:27,ce.lijit.com
2014-03-04 11:50:28,ce.lijit.com
2014-03-04 11:50:29,media.steampowered.com
2014-03-04 11:50:29,dotabuff.com
2014-03-04 11:50:31,ea.celio.com
2014-03-04 11:50:31,eulerian.netbooster.com
2014-03-04 11:55:23,dotabuff.com
2014-03-04 11:55:24,dotabuff.com
2014-03-04 11:55:25,dotabuff.com
2014-03-04 12:11:37,dotabuff.com
2014-03-04 12:11:51,dotabuff.com
2014-03-04 12:12:11,dotabuff.com
2014-03-04 12:12:12,dotabuff.com
2014-03-04 12:12:14,dotabuff.com
2014-03-04 12:12:16,dotabuff.com
2014-03-04 12:12:18,dotabuff.com
2014-03-04 12:12:20,dotabuff.com
2014-03-04 12:12:30,dotabuff.com
2014-03-04 12:12:55,dotabuff.com
2014-03-04 12:13:00,dotabuff.com
2014-03-04 12:13:18,media.steampowered.com
2014-03-04 12:13:18,dotabuff.com
2014-03-04 12:13:24,dotabuff.com
2014-03-04 12:13:25,dotabuff.com
2014-03-04 12:13:26,dotabuff.com
2014-03-04 12:13:32,dotabuff.com
2014-03-04 12:13:33,dotabuff.com
2014-03-04 12:26:02,dotabuff.com
2014-03-04 12:26:06,dotabuff.com
2014-03-04 13:34:11,armmf.adobe.com
2014-03-04 13:54:41,www.dotabuff.com
2014-03-04 13:54:42,dotabuff.com
2014-03-04 13:54:46,dotabuff.com
2014-03-04 13:54:49,dotabuff.com
2014-03-04 13:54:49,media.steampowered.com
2014-03-04 13:54:50,media.steampowered.com
2014-03-04 13:54:57,dotabuff.com
2014-03-04 13:55:20,media.steampowered.com
2014-03-04 13:55:25,dotabuff.com
2014-03-04 13:55:36,dotabuff.com
2014-03-04 13:55:37,dotabuff.com
2014-03-04 13:55:46,media.steampowered.com
2014-03-04 13:55:46,dotabuff.com
2014-03-04 13:55:47,media.steampowered.com
2014-03-04 13:56:00,media.steampowered.com
2014-03-04 13:56:00,dotabuff.com
2014-03-04 13:56:01,dotabuff.com
2014-03-04 13:56:01,media.steampowered.com
2014-03-04 13:56:02,media.steampowered.com
2014-03-04 13:56:23,dotabuff.com
2014-03-04 13:56:24,media.steampowered.com
2014-03-04 13:56:31,dotabuff.com
2014-03-04 13:56:50,dotabuff.com
2014-03-04 13:57:07,dotabuff.com
2014-03-04 13:57:08,dotabuff.com
2014-03-04 13:57:08,media.steampowered.com
2014-03-04 13:57:09,tag.atvnetworks.tv
2014-03-04 13:57:09,software.hiro.tv
2014-03-04 13:57:09,hiroservers.appspot.com
2014-03-04 13:57:10,hiroservers.appspot.com
2014-03-04 13:57:16,tag.atvnetworks.tv
2014-03-04 13:57:16,dotabuff.com
2014-03-04 13:57:17,nc.darchermedia.com
2014-03-04 13:57:26,dotabuff.com
2014-03-04 13:57:28,dotabuff.com
2014-03-04 13:57:28,media.steampowered.com
2014-03-04 13:57:29,tag.atvnetworks.tv
2014-03-04 13:57:29,hiroservers.appspot.com
2014-03-04 13:57:32,dotabuff.com
2014-03-04 13:57:34,www.facebook.com
2014-03-04 13:57:41,dotabuff.com
2014-03-04 13:57:42,media.steampowered.com
2014-03-04 13:59:34,dotabuff.com
2014-03-04 13:59:35,dotabuff.com
2014-03-04 13:59:36,dotabuff.com
2014-03-04 13:59:37,images.orangepublicite.fr
2014-03-04 13:59:37,nc.darchermedia.com
2014-03-04 14:08:48,www.google.fr
2014-03-04 14:08:48,google.fr
2014-03-04 14:08:52,www.google.fr
2014-03-04 14:08:52,www.google.com
2014-03-04 14:08:53,apis.google.com
2014-03-04 14:08:56,translate.google.fr
2014-03-04 14:08:57,www.google.fr
2014-03-04 14:08:57,translate.google.fr
2014-03-04 14:08:59,www.google.fr
2014-03-04 14:08:59,apis.google.com
2014-03-04 14:10:07,www.google.com
2014-03-04 14:10:27,translate.google.fr
2014-03-04 14:12:22,dotabuff.com
2014-03-04 14:12:23,dotabuff.com
2014-03-04 14:12:24,dotabuff.com
2014-03-04 14:12:24,admaym.com
2014-03-04 14:12:25,admaym.com
2014-03-04 14:12:25,www.facebook.com
2014-03-04 14:12:27,y.one.impact-ad.jp
2014-03-04 14:12:28,s.kau.li
2014-03-04 14:12:53,dotabuff.com
2014-03-04 14:12:57,dotabuff.com
2014-03-04 14:12:58,dotabuff.com
2014-03-04 14:12:59,nc.darchermedia.com
2014-03-04 14:17:29,translate.google.fr
2014-03-04 14:20:35,dotabuff.com
2014-03-04 14:20:42,dotabuff.com
2014-03-04 14:22:17,dotabuff.com
2014-03-04 14:22:18,dotabuff.com
2014-03-04 14:22:19,dotabuff.com
2014-03-04 14:22:20,tag.atvnetworks.tv
2014-03-04 14:22:21,nc.darchermedia.com
2014-03-04 14:22:21,hiroservers.appspot.com
2014-03-04 14:22:25,nc.darchermedia.com
2014-03-04 14:22:25,dotabuff.com
2014-03-04 14:22:27,dotabuff.com
2014-03-04 14:23:57,dotabuff.com
2014-03-04 14:24:01,zh.dotabuff.com
2014-03-04 14:24:02,zh.dotabuff.com
2014-03-04 14:24:04,zh.dotabuff.com
2014-03-04 14:24:07,hal9000.redintelligence.net
2014-03-04 14:24:08,banniere.reussissonsensemble.fr
2014-03-04 14:24:08,hal9000.redintelligence.net
2014-03-04 14:24:08,ad.publicidees.com
2014-03-04 14:24:08,www.flytap.com
2014-03-04 14:24:08,help.flytap.com
2014-03-04 14:24:08,n29.hal9000.redintelligence.net
2014-03-04 14:24:09,hal9000.redintelligence.net
2014-03-04 14:24:09,www.shirtinator.fr
2014-03-04 14:24:09,promotion.shirtinator.net
2014-03-04 14:24:09,banniere.reussissonsensemble.fr
2014-03-04 14:24:10,hal9000.redintelligence.net
2014-03-04 14:24:10,banniere.reussissonsensemble.fr
2014-03-04 14:24:10,www.pimkie.fr
2014-03-04 14:24:10,lemoncurve.com
2014-03-04 14:24:11,hal9000.redintelligence.net
2014-03-04 14:24:11,banniere.reussissonsensemble.fr
2014-03-04 14:24:11,www.balinea.com
2014-03-04 14:24:11,ea.numericable.fr
2014-03-04 14:24:11,ad.publicidees.com
2014-03-04 14:24:19,zh.dotabuff.com
2014-03-04 14:24:21,zh.dotabuff.com
2014-03-04 14:24:23,zh.dotabuff.com
2014-03-04 14:24:27,zh.dotabuff.com
2014-03-04 14:24:28,images.orangepublicite.fr
2014-03-04 14:24:40,zh.dotabuff.com
2014-03-04 14:24:52,zh.dotabuff.com
2014-03-04 14:28:35,www.google.fr
2014-03-04 14:28:36,www.google.com
2014-03-04 14:28:36,www.google.fr
2014-03-04 14:28:37,apis.google.com
2014-03-04 14:29:44,www.squid-cache.org
2014-03-04 14:30:13,directindustry.fr
2014-03-04 14:30:13,www.directindustry.fr
2014-03-04 14:30:13,static.directindustry.fr
2014-03-04 14:30:13,img.directindustry.fr
2014-03-04 14:30:13,img.nauticexpo.fr
2014-03-04 14:30:14,www.google.fr
2014-03-04 14:30:14,www.google.com
2014-03-04 14:30:14,img.directindustry.fr
2014-03-04 14:30:14,static.directindustry.fr
2014-03-04 14:30:14,www.directindustry.fr
2014-03-04 14:30:15,www.directindustry.fr
2014-03-04 14:30:15,img.directindustry.com
2014-03-04 14:30:15,static.directindustry.fr
2014-03-04 14:30:15,img.directindustry.fr
2014-03-04 14:30:17,i1-js-14-3-01-10977-908197447-i.init.cedexis-radar.net
2014-03-04 14:30:20,img.directindustry.fr
2014-03-04 14:30:20,www.directindustry.fr
2014-03-04 14:30:20,static.directindustry.fr
2014-03-04 14:30:21,img.directindustry.fr
2014-03-04 14:30:21,www.google.com
2014-03-04 14:30:21,www.google.fr
2014-03-04 14:30:21,img.directindustry.com
2014-03-04 14:30:22,i1-js-14-3-01-10977-272368906-i.init.cedexis-radar.net
2014-03-04 14:30:26,limelight.cedexis.com
2014-03-04 14:30:27,limelight.cedexis.com
2014-03-04 14:30:39,img.directindustry.fr
2014-03-04 14:31:05,www.directindustry.fr
2014-03-04 14:31:06,www.google.fr
2014-03-04 14:31:06,www.google.com
2014-03-04 14:31:06,img.directindustry.com
2014-03-04 14:31:06,img.directindustry.fr
2014-03-04 14:31:06,www.directindustry.fr
2014-03-04 14:31:06,static.directindustry.fr
2014-03-04 14:31:07,www.directindustry.fr
2014-03-04 14:31:07,img.directindustry.fr
2014-03-04 14:31:08,i1-js-14-3-01-10977-184163366-i.init.cedexis-radar.net
2014-03-04 14:31:09,onapp.cedexis.com
2014-03-04 14:31:10,onapp.cedexis.com
2014-03-04 14:31:11,ec2-eu-west-1a.cedexis.com
2014-03-04 14:31:16,www.google.com
2014-03-04 14:31:16,www.google.fr
2014-03-04 14:31:16,img.directindustry.com
2014-03-04 14:31:18,i1-js-14-3-01-10977-299337147-i.init.cedexis-radar.net
2014-03-04 14:31:19,fastly.bench.cedexis.com
2014-03-04 14:31:19,fastly.bench.cedexis.com.global.prod.fastly.net
2014-03-04 14:31:20,fastly.bench.cedexis.com
2014-03-04 14:31:21,fastly.bench.cedexis.com
2014-03-04 14:32:10,pdf.directindustry.fr
2014-03-04 14:32:10,static.directindustry.fr
2014-03-04 14:32:10,img.directindustry.fr
2014-03-04 14:32:11,img.directindustry.fr
2014-03-04 14:32:11,pdf.directindustry.fr
2014-03-04 14:32:11,www.google.com
2014-03-04 14:32:11,www.google.fr
2014-03-04 14:32:11,img.directindustry.com
2014-03-04 14:32:12,i1-js-14-3-01-10977-190755499-i.init.cedexis-radar.net
2014-03-04 14:32:13,www.google.fr
2014-03-04 14:32:13,www.google.com
2014-03-04 14:32:13,img.directindustry.fr
2014-03-04 14:32:13,news.directindustry.fr
2014-03-04 14:32:13,static.directindustry.fr
2014-03-04 14:32:14,img.directindustry.com
2014-03-04 14:32:14,news.directindustry.fr
2014-03-04 14:32:15,i1-js-14-3-01-10977-282941931-i.init.cedexis-radar.net
2014-03-04 14:32:18,www.directindustry.com
2014-03-04 14:32:19,fpdownload.adobe.com
2014-03-04 14:32:19,www.directindustry.com
2014-03-04 14:32:19,pressjack.com
2014-03-04 14:32:20,www.directindustry.com
2014-03-04 14:32:21,www.directindustry.com
2014-03-04 14:32:22,fastly.bench.cedexis.com.global.prod.fastly.net
2014-03-04 14:32:22,fastly.bench.cedexis.com
2014-03-04 14:32:23,fastly.bench.cedexis.com
2014-03-04 14:32:36,www.google.fr
2014-03-04 14:32:37,www.google.fr
2014-03-04 14:32:37,apis.google.com
2014-03-04 14:32:37,www.google.com
2014-03-04 14:56:32,barreau.matthieu.free.fr
2014-03-04 14:56:33,barreau.matthieu.free.fr
2014-03-04 14:56:45,barreau.matthieu.free.fr
2014-03-04 14:56:54,barreau.matthieu.free.fr
2014-03-04 14:56:58,barreau.matthieu.free.fr
2014-03-04 14:57:01,barreau.matthieu.free.fr
2014-03-04 14:57:17,barreau.matthieu.free.fr
2014-03-04 14:57:19,barreau.matthieu.free.fr
2014-03-04 14:57:23,4.bp.blogspot.com
2014-03-04 14:57:23,2.bp.blogspot.com
2014-03-04 14:57:23,1.bp.blogspot.com
2014-03-04 14:57:23,3.bp.blogspot.com
2014-03-04 14:57:23,ajax.googleapis.com
2014-03-04 14:57:23,img2.blogblog.com
2014-03-04 14:57:23,apis.google.com
2014-03-04 14:57:23,aerodyne-cachan.blogspot.fr
2014-03-04 14:57:23,www.blogger.com
2014-03-04 14:57:24,3.bp.blogspot.com
2014-03-04 14:57:24,1.bp.blogspot.com
2014-03-04 14:57:24,2.bp.blogspot.com
2014-03-04 14:57:24,4.bp.blogspot.com
2014-03-04 14:57:24,youtube.googleapis.com
2014-03-04 14:57:24,www.youtube.com
2014-03-04 14:57:24,apis.google.com
2014-03-04 14:57:24,www.blogger.com
2014-03-04 14:57:25,1.bp.blogspot.com
2014-03-04 14:57:25,4.bp.blogspot.com
2014-03-04 14:57:25,img1.blogblog.com
2014-03-04 14:57:25,www.blogger.com
2014-03-04 14:57:25,youtube.googleapis.com
2014-03-04 14:57:25,s.ytimg.com
2014-03-04 14:57:25,accounts.google.com
2014-03-04 14:57:25,2.bp.blogspot.com
2014-03-04 14:57:25,3.bp.blogspot.com
2014-03-04 14:57:25,www.youtube.com
2014-03-04 14:57:26,i1.ytimg.com
2014-03-04 14:57:30,apis.google.com
2014-03-04 14:57:30,r1---sn-gxo5uxg-jqbe.googlevideo.com
2014-03-04 14:57:30,s.youtube.com
2014-03-04 14:57:30,img1.blogblog.com
2014-03-04 14:57:31,apis.google.com
2014-03-04 14:57:48,i1.ytimg.com
2014-03-04 14:57:48,www.youtube.com
2014-03-04 14:57:48,www.blogger.com
2014-03-04 14:57:48,s.ytimg.com
2014-03-04 14:57:48,accounts.google.com
2014-03-04 14:57:58,r1---sn-gxo5uxg-jqbe.googlevideo.com
2014-03-04 14:57:58,barreau.matthieu.free.fr
2014-03-04 14:57:58,s.youtube.com
2014-03-04 14:58:13,barreau.matthieu.free.fr
2014-03-04 14:58:16,barreau.matthieu.free.fr
2014-03-19 09:11:57,www.google.fr
2014-03-19 09:11:57,crl.geotrust.com
2014-03-19 09:11:57,google.fr
2014-03-19 09:12:00,pki.google.com
2014-03-19 09:12:01,www.google.fr
2014-03-19 09:12:14,ba.commentcamarche.net
2014-03-19 09:12:14,ba.ccmbg.net
2014-03-19 09:12:14,clients1.google.fr
2014-03-19 09:12:14,html5shim.googlecode.com
2014-03-19 09:12:14,static.ccm2.net
2014-03-19 09:12:14,www.commentcamarche.net
2014-03-19 09:12:15,ba.commentcamarche.net
2014-03-19 09:12:15,static.ccm2.net
2014-03-19 09:12:15,www.facebook.com
2014-03-19 09:12:16,www.google.fr
2014-03-19 09:12:16,twitter.com
2014-03-19 09:12:16,evsecure-crl.verisign.com
2014-03-19 09:12:16,crl.omniroot.com
2014-03-19 09:12:17,www.commentcamarche.net
2014-03-19 09:12:17,www.facebook.com
2014-03-19 09:12:17,platform.twitter.com
2014-03-19 09:12:17,static.commentcamarche.net
2014-03-19 09:12:17,static.ccm2.net
2014-03-19 09:12:17,apis.google.com
2014-03-19 09:12:18,accounts.google.com
2014-03-19 09:12:18,twitter.com
2014-03-19 09:12:18,apis.google.com
2014-03-19 09:12:18,www.facebook.com
2014-03-19 09:12:18,broadcast.piximedia.fr
2014-03-19 09:12:18,loadr.exelator.com
2014-03-19 09:12:18,connect.facebook.net
2014-03-19 09:12:19,static.ccmbg.com
2014-03-19 09:12:19,gtssl-crl.geotrust.com
2014-03-19 09:12:19,static.ccm2.net
2014-03-19 09:12:19,www.facebook.com
2014-03-19 09:12:19,platform.twitter.com
2014-03-19 09:12:19,mm.eulerian.net
2014-03-19 09:12:19,ajax.googleapis.com
2014-03-19 09:12:19,its.tradelab.fr
2014-03-19 09:12:19,pixel.alephd.com
2014-03-19 09:12:19,ba.commentcamarche.net
2014-03-19 09:12:19,static.ak.facebook.com
2014-03-19 09:12:19,twitter.com
2014-03-19 09:12:19,s-static.ak.facebook.com
2014-03-19 09:12:19,r.ccmbg.com
2014-03-19 09:12:20,www.facebook.com
2014-03-19 09:12:20,broadcast.piximedia.fr
2014-03-19 09:12:20,twitter.com
2014-03-19 09:12:21,broadcast.piximedia.fr
2014-03-19 09:12:21,www.facebook.com
2014-03-19 09:12:22,www.commentcamarche.net
2014-03-19 09:12:22,broadcast.piximedia.fr
2014-03-19 09:12:23,its.tradelab.fr
2014-03-19 09:13:23,its.tradelab.fr
2014-03-19 09:14:49,www.facebook.com
2014-03-19 09:14:50,www.facebook.com
2014-03-19 09:22:27,broadcast.piximedia.fr
2014-03-19 09:33:37,www.google.fr
2014-03-19 09:33:37,google.fr
2014-03-19 09:35:05,www.google.fr
2014-03-19 09:35:25,clients1.google.fr
2014-03-26 11:31:59,start.mozilla.org
2014-03-26 11:32:00,start.mozilla.org
2014-03-26 11:32:01,start.mozilla.org
2014-03-26 11:32:03,start.mozilla.org
2014-03-26 11:32:06,gtglobal-ocsp.geotrust.com
2014-03-26 11:32:06,clients1.google.com
2014-03-26 11:32:09,sb-ssl.google.com
2014-03-26 11:34:31,fxfeeds.mozilla.com
2014-03-26 11:34:31,rss.lemonde.fr
2014-03-26 11:34:31,www.lemonde.fr
2014-03-26 11:34:32,google.com
2014-03-26 11:34:32,www.google.com
2014-03-26 11:34:33,img.youtube.com
2014-03-26 11:34:33,clients1.google.fr
2014-03-26 11:34:33,www.google.fr
2014-03-26 11:34:50,www.google.com
2014-03-26 11:34:50,www.google.fr
2014-03-26 11:34:51,clients1.google.fr
2014-03-26 11:34:54,www.google.fr
2014-03-26 11:34:58,nba.hupu.com
2014-03-26 11:34:59,w3.hoopchina.com.cn
2014-03-26 11:34:59,b3.hoopchina.com.cn
2014-03-26 11:35:02,b3.hoopchina.com.cn
2014-03-26 11:35:03,w3.hoopchina.com.cn
2014-03-26 11:35:04,orz.hupu.com
2014-03-26 11:35:04,cc.dace.hupu.com
2014-03-26 11:35:04,b3.hoopchina.com.cn
2014-03-26 11:35:04,w1.hoopchina.com.cn
2014-03-26 11:35:04,static.csbew.com
2014-03-26 11:35:05,cba.hupu.com
2014-03-26 11:35:05,w1.hoopchina.com.cn
2014-03-26 11:35:05,w2.hoopchina.com.cn
2014-03-26 11:35:06,c1.hoopchina.com.cn
2014-03-26 11:35:06,c2.hoopchina.com.cn
2014-03-26 11:35:06,w1.hoopchina.com.cn
2014-03-26 11:35:07,w1.hoopchina.com.cn
2014-03-26 11:35:07,i1.hoopchina.com.cn
2014-03-26 11:35:07,cc.dace.hupu.com
2014-03-26 11:35:08,w2.hoopchina.com.cn
2014-03-26 11:35:08,w1.hoopchina.com.cn
2014-03-26 11:35:09,b3.hoopchina.com.cn
2014-03-26 11:35:09,w2.hoopchina.com.cn
2014-03-26 11:35:09,w1.hoopchina.com.cn
2014-03-26 11:35:10,c2.hoopchina.com.cn
2014-03-26 11:35:10,w1.hoopchina.com.cn
2014-03-26 11:35:10,c1.hoopchina.com.cn
2014-03-26 11:35:10,w2.hoopchina.com.cn
2014-03-26 11:35:11,i1.hoopchina.com.cn
2014-03-26 11:35:11,i3.hoopchina.com.cn
2014-03-26 11:35:12,i1.hoopchina.com.cn
2014-03-26 11:35:12,i3.hoopchina.com.cn
2014-03-26 11:35:12,b3.hoopchina.com.cn
2014-03-26 11:35:12,cc.dace.hupu.com
2014-03-26 11:35:13,i1.hoopchina.com.cn
2014-03-26 11:35:13,afp.csbew.com
2014-03-26 11:35:13,i2.hoopchina.com.cn
2014-03-26 11:35:14,i3.hoopchina.com.cn
2014-03-26 11:35:14,t1.hoopchina.com.cn
2014-03-26 11:35:14,cc.dace.hupu.com
2014-03-26 11:35:14,w3.hoopchina.com.cn
2014-03-26 11:35:15,cc.dace.hupu.com
2014-03-26 11:35:15,t1.hoopchina.com.cn
2014-03-26 11:35:16,mcc.chinauma.net
2014-03-26 11:35:17,w3.hoopchina.com.cn
2014-03-26 11:35:19,t1.hoopchina.com.cn
2014-03-26 11:35:22,mcc.chinauma.net
2014-03-26 11:35:23,ut.gtags.net
2014-03-26 11:35:27,mcc.chinauma.net
2014-03-26 11:35:27,ut.gtags.net
2014-03-26 11:35:27,uma.gtags.net
2014-03-26 11:35:29,mcc.chinauma.net
2014-03-26 11:35:29,nba.hupu.com
2014-03-26 11:35:30,mcc.chinauma.net
2014-03-26 11:35:31,remind.hupu.com
2014-03-26 11:35:38,ut.gtags.net
2014-03-26 11:35:41,b3.hoopchina.com.cn
2014-03-26 11:35:42,w1.hoopchina.com.cn
2014-03-26 11:35:43,ut.gtags.net
2014-03-26 11:35:44,cc.dace.hupu.com
2014-03-26 11:35:44,nba.hupu.com
2014-03-31 08:11:30,www.qq.com
2014-03-31 08:11:36,img.gtimg.cn
2014-03-31 08:11:42,crl.geotrust.com
2014-03-31 08:11:42,gtssl2-crl.geotrust.com
2014-03-31 08:11:43,www.qq.com
2014-03-31 08:11:44,www.qq.com
2014-03-31 08:11:45,res.mail.qq.com
2014-03-31 08:11:45,gtssl-crl.geotrust.com
2014-03-31 08:11:46,res.mail.qq.com
2014-03-31 08:11:54,etg.qq.com
2014-03-31 08:11:54,x.jd.com
2014-03-31 08:11:55,x.jd.com
2014-03-31 08:12:01,ui.ptlogin2.qq.com
2014-03-31 08:12:02,www.paipai.com
2014-03-31 08:12:07,r99.res.qqmail.com
2014-03-31 08:12:08,r99.res.qqmail.com
2014-03-31 08:12:09,qos.report.qq.com
2014-03-31 08:12:09,r99.res.qqmail.com
2014-03-31 08:12:12,fw.qq.com
2014-03-31 08:12:13,www.qq.com
2014-03-31 08:12:14,www.qq.com
2014-03-31 08:12:19,r99.res.qqmail.com
2014-03-31 08:12:20,r99.res.qqmail.com
2014-03-31 08:12:21,r99.res.qqmail.com
2014-03-31 08:12:22,wp.mail.qq.com
2014-03-31 08:12:23,p.tanx.com
2014-03-31 08:12:24,x.jd.com
2014-03-31 08:12:25,x.jd.com
2014-03-31 08:12:26,x.jd.com
2014-03-31 08:12:27,p.tanx.com
2014-03-31 08:12:31,img.gtimg.cn
2014-03-31 08:12:31,qiang.jd.com
2014-03-31 08:12:34,s8.smart.yixun.com
2014-03-31 08:12:38,weather.gtimg.cn
2014-03-31 08:12:40,r99.res.qqmail.com
2014-03-31 08:12:54,wp.mail.qq.com
2014-03-31 08:13:16,r99.res.qqmail.com
2014-03-31 08:13:24,wp.mail.qq.com
2014-03-31 08:13:25,r99.res.qqmail.com
2014-03-31 08:13:26,r99.res.qqmail.com
2014-03-31 08:13:26,www.gravatar.com
2014-03-31 08:13:26,i2.wp.com
2014-03-31 08:13:54,wp.mail.qq.com
2014-03-31 11:51:11,www.qq.com
2014-03-31 11:51:17,img.gtimg.cn
2014-03-31 11:51:21,qos.report.qq.com
2014-03-31 11:51:22,res.mail.qq.com
2014-03-31 11:51:24,res.mail.qq.com
2014-03-31 11:51:31,ui.ptlogin2.qq.com
2014-03-31 11:51:34,ui.ptlogin2.qq.com
2014-03-31 11:51:36,ui.ptlogin2.qq.com
2014-03-31 11:51:38,ui.ptlogin2.qq.com
2014-03-31 11:51:44,ui.ptlogin2.qq.com
2014-03-31 11:51:46,www.google.fr
2014-03-31 11:51:46,google.fr
2014-03-31 11:51:47,www.google.fr
2014-03-31 11:51:47,clients1.google.fr
2014-03-31 11:51:54,clients1.google.fr
2014-03-31 11:51:55,clients1.google.fr
2014-03-31 11:51:56,clients1.google.fr
2014-03-31 11:51:57,www.google.fr
2014-03-31 11:51:57,clients1.google.fr
2014-03-31 11:51:59,pki.google.com
2014-03-31 11:51:59,www.google.fr
2014-03-31 11:52:00,crl.usertrust.com
2014-03-31 11:52:00,crl.tcs.terena.org
2014-04-04 10:48:55,search.mywebs.pro
2014-04-04 10:48:55,www.google.com
2014-04-04 10:48:55,fr.ask.com
2014-04-04 10:48:56,sp.fr.ask.com
2014-04-04 10:48:56,fr.ask.com
2014-04-04 10:48:56,www.google.com
2014-04-04 10:48:59,www.google.com
2014-04-04 10:48:59,fr.ask.com
2014-04-04 10:49:00,www.google.com
2014-04-04 10:49:00,fr.ask.com
2014-04-04 10:49:07,fr.ask.com
2014-04-04 10:49:07,www.google.com
2014-04-04 10:49:08,fr.ask.com
2014-04-04 10:49:08,www.google.com
2014-04-04 10:49:11,fr.ask.com
2014-04-04 10:49:12,www.google.com
2014-04-04 10:49:15,ajax.googleapis.com
2014-04-04 10:49:17,static.ak.facebook.com
2014-04-04 10:49:17,connect.facebook.net
2014-04-04 10:49:17,www.google.fr
2014-04-04 10:49:17,www.google.com
2014-04-04 10:49:18,www.google.com
2014-04-04 10:49:24,s-static.ak.facebook.com
2014-04-04 10:49:30,google.fr
2014-04-04 10:49:30,www.google.fr
2014-04-04 10:49:43,www.google.fr
2014-04-04 10:49:44,apis.google.com
2014-04-04 10:49:47,www.google.com
2014-04-04 10:51:47,s-static.ak.facebook.com
2014-04-04 10:51:47,apis.google.com
2014-04-04 10:51:47,www.google.fr
2014-04-04 10:51:47,www.google.com
2014-04-04 10:51:55,ieonline.microsoft.com
2014-04-04 11:02:30,www.google.fr
2014-04-04 11:02:31,www.google.fr
2014-04-04 11:19:13,s1.bdstatic.com
2014-04-04 11:19:13,www.baidu.com
2014-04-04 11:19:14,passport.baidu.com
2014-04-04 11:19:16,www.baidu.com
2014-04-04 11:19:20,www.baidu.com
2014-04-04 11:19:21,i7.baidu.com
2014-04-04 11:19:21,sclick.baidu.com
2014-04-04 11:19:21,c.baidu.com
2014-04-04 11:19:21,i8.baidu.com
2014-04-04 11:19:22,t10.baidu.com
2014-04-04 11:19:22,tag.baidu.com
2014-04-04 11:19:22,t11.baidu.com
2014-04-04 11:19:22,t12.baidu.com
2014-04-04 11:19:23,t12.baidu.com
2014-04-04 11:19:23,t10.baidu.com
2014-04-04 11:19:23,sclick.baidu.com
2014-04-04 11:19:23,www.baidu.com
2014-04-04 11:19:24,t11.baidu.com
2014-04-04 11:19:24,t10.baidu.com
2014-04-04 11:19:24,b1.bdstatic.com
2014-04-04 11:19:25,img.baidu.com
2014-04-04 11:19:26,img.baidu.com
2014-04-04 11:19:26,img.iknow.bdimg.com
2014-04-04 11:19:27,s1.bdstatic.com
2014-04-04 11:19:29,img.baidu.com
2014-04-04 11:19:29,zhidao.baidu.com
2014-04-04 11:19:30,mt1.baidu.com
2014-04-04 11:19:30,share.baidu.com
2014-04-04 11:19:30,zhidao.baidu.com
2014-04-04 11:19:30,cp.zhidao.baidu.com
2014-04-04 11:19:30,nsclick.baidu.com
2014-04-04 11:19:30,img.iknow.bdimg.com
2014-04-04 11:19:30,img.baidu.com
2014-04-04 11:19:31,bdimg.share.baidu.com
2014-04-04 11:19:32,img.baidu.com
2014-04-04 11:19:32,cbjs.baidu.com
2014-04-04 11:19:32,bdimg.share.baidu.com
2014-04-04 11:19:33,cb.baidu.com
2014-04-04 11:19:35,dup.baidustatic.com
2014-04-04 11:19:35,cpro.baidustatic.com
2014-04-04 11:19:36,img.iknow.bdimg.com
2014-04-04 11:19:37,mt1.baidu.com
2014-04-04 11:19:37,gouwu.baidu.com
2014-04-04 11:19:39,cpro.baidu.com
2014-04-04 11:19:40,cpro.baidu.com
2014-04-04 11:19:40,cpro.baidustatic.com
2014-04-04 11:19:41,ubmcmm.baidustatic.com
2014-04-04 11:19:42,cb.baidu.com
2014-04-04 11:19:43,cpro.baidustatic.com
2014-04-04 11:19:44,cpro.baidu.com
2014-04-04 11:19:45,mt1.baidu.com
2014-04-04 11:19:47,cpro.baidu.com
2014-04-04 11:19:48,weibo.com
2014-04-04 11:19:48,ubmcmm.baidustatic.com
2014-04-04 11:19:48,pos.baidu.com
2014-04-04 11:19:49,www.weibo.com
2014-04-04 11:19:53,mt1.baidu.com
2014-04-04 11:19:57,pos.baidu.com
2014-04-04 11:19:57,zhidao.baidu.com
2014-04-04 11:19:57,s.cpro.baidu.com
2014-04-04 11:20:01,mt1.baidu.com
2014-04-04 11:20:01,dup.baidustatic.com
2014-04-04 11:20:09,mt1.baidu.com
2014-04-04 11:20:17,mt1.baidu.com
2014-04-04 11:20:26,img.baidu.com
2014-04-04 11:44:46,bdimg.share.baidu.com
2014-04-04 11:44:50,nsclick.baidu.com
2014-04-04 11:44:50,eclick.baidu.com
2014-04-04 11:44:53,www.baidu.com
2014-04-04 11:44:53,nsclick.baidu.com
2014-04-04 11:44:54,s1.bdstatic.com
2014-04-04 11:44:55,s1.bdstatic.com
2014-04-04 11:44:56,passport.baidu.com
2014-04-04 11:44:56,tag.baidu.com
2014-04-04 11:44:56,sclick.baidu.com
2014-04-04 11:44:58,c.baidu.com
2014-04-04 11:45:11,www.baidu.com
2014-04-04 11:45:12,passport.baidu.com
2014-04-04 11:45:12,c.baidu.com
2014-04-04 11:45:14,i7.baidu.com
2014-04-04 11:45:14,t11.baidu.com
2014-04-04 11:45:14,t12.baidu.com
2014-04-04 11:45:14,t10.baidu.com
2014-04-04 11:45:15,sclick.baidu.com
2014-04-04 11:45:17,t12.baidu.com
2014-04-04 11:45:17,b1.bdstatic.com
2014-04-04 11:45:33,tag.baidu.com
2014-04-04 11:46:01,www.baidu.com
2014-04-04 11:46:03,img.baidu.com
2014-04-04 11:46:04,img.baidu.com
2014-04-04 11:46:04,baike.bdimg.com
2014-04-04 11:46:04,baike.baidu.com
2014-04-04 11:46:05,sclick.baidu.com
2014-04-04 11:46:06,baike.baidu.com
2014-04-04 11:46:06,baike.bdimg.com
2014-04-04 11:46:07,baike.bdimg.com
2014-04-04 11:46:07,baike.baidu.com
2014-04-04 11:46:09,baike.bdimg.com
2014-04-04 11:46:10,baike.bdimg.com
2014-04-04 11:46:11,baike.baidu.com
2014-04-04 11:46:11,a.baidu.com
2014-04-04 11:46:11,baike.bdimg.com
2014-04-04 11:46:11,img.baidu.com
2014-04-04 11:46:12,baike.baidu.com
2014-04-04 11:46:12,img.baidu.com
2014-04-04 11:46:16,hm.baidu.com
2014-04-04 11:46:18,hm.baidu.com
2014-04-04 11:46:25,c.baidu.com
2014-04-04 11:46:26,nsclick.baidu.com
2014-04-04 11:46:26,baike.baidu.com
2014-04-04 11:46:26,baike.bdimg.com
2014-04-04 11:46:27,like.baidu.com
2014-04-04 11:46:27,bdimg.share.baidu.com
2014-04-04 11:46:27,baike.baidu.com
2014-04-04 11:46:28,api.share.baidu.com
2014-04-04 11:46:30,baike.bdimg.com
2014-04-04 11:47:05,hm.baidu.com
2014-04-17 10:00:24,armmf.adobe.com
2014-04-17 10:00:26,armmf.adobe.com
2014-04-18 10:52:32,www.baidu.com
2014-04-18 10:52:33,www.baidu.com
2014-04-18 10:52:34,s1.bdstatic.com
2014-04-18 10:52:35,s1.bdstatic.com
2014-04-18 10:52:37,passport.baidu.com
2014-04-18 10:52:37,www.baidu.com
2014-04-18 10:52:40,www.baidu.com
2014-04-18 10:52:41,t12.baidu.com
2014-04-18 10:52:41,t11.baidu.com
2014-04-18 10:52:41,t10.baidu.com
2014-04-18 10:52:42,t12.baidu.com
2014-04-18 10:52:42,t11.baidu.com
2014-04-18 10:52:42,t10.baidu.com
2014-04-18 10:52:43,i7.baidu.com
2014-04-18 10:52:44,i8.baidu.com
2014-04-18 10:52:45,www.baidu.com
2014-04-18 10:52:46,t10.baidu.com
2014-04-18 10:52:46,t12.baidu.com
2014-04-18 10:52:47,tag.baidu.com
2014-04-18 10:52:47,sclick.baidu.com
2014-04-18 10:52:47,t12.baidu.com
2014-04-18 10:52:47,c.baidu.com
2014-04-18 10:52:47,b1.bdstatic.com
2014-04-18 10:52:48,t11.baidu.com
2014-04-18 10:52:51,t12.baidu.com
2014-04-18 10:52:52,www.baidu.com
2014-04-18 10:52:52,sclick.baidu.com
2014-04-18 10:52:53,d1.sina.com.cn
2014-04-18 10:52:53,blog.sina.com.cn
2014-04-18 10:52:53,static.bshare.cn
2014-04-18 10:52:53,simg.sinajs.cn
2014-04-18 10:52:54,beacon.sina.com.cn
2014-04-18 10:52:54,fpdownload2.macromedia.com
2014-04-18 10:52:54,i3.sinaimg.cn
2014-04-18 10:52:54,sjs.sinajs.cn
2014-04-18 10:52:54,blog.sina.com.cn
2014-04-18 10:52:54,static.bshare.cn
2014-04-18 10:52:54,i.sso.sina.com.cn
2014-04-18 10:52:54,simg.sinajs.cn
2014-04-18 10:52:55,beacon.sina.com.cn
2014-04-18 10:52:55,www.baidu.com
2014-04-18 10:52:55,interface.blog.sina.com.cn
2014-04-18 10:52:55,sjs.sinajs.cn
2014-04-18 10:52:55,www.sinaimg.cn
2014-04-18 10:52:55,simg.sinajs.cn
2014-04-18 10:52:55,d1.sina.com.cn
2014-04-18 10:52:55,b.bshare.cn
2014-04-18 10:52:56,sjs.sinajs.cn
2014-04-18 10:52:56,blogtj.sinajs.cn
2014-04-18 10:52:56,p.tanx.com
2014-04-18 10:52:56,uic.sso.sina.com.cn
2014-04-18 10:52:56,interface.blog.sina.com.cn
2014-04-18 10:52:56,simg.sinajs.cn
2014-04-18 10:52:56,sclick.baidu.com
2014-04-18 10:52:56,www.sinaimg.cn
2014-04-18 10:52:56,d5.sina.com.cn
2014-04-18 10:52:56,beacon.sina.com.cn
2014-04-18 10:52:57,interface.blog.sina.com.cn
2014-04-18 10:52:57,beacon.sina.com.cn
2014-04-18 10:52:57,uic.sso.sina.com.cn
2014-04-18 10:52:57,static.bshare.cn
2014-04-18 10:52:57,blog.sina.com.cn
2014-04-18 10:52:57,img.baidu.com
2014-04-18 10:52:57,b.bshare.cn
2014-04-18 10:52:58,hits.sinajs.cn
2014-04-18 10:52:58,static.bshare.cn
2014-04-18 10:52:58,d8.sina.com.cn
2014-04-18 10:52:58,blog.sina.com.cn
2014-04-18 10:52:58,sjs.sinajs.cn
2014-04-18 10:52:58,p7.sinaimg.cn
2014-04-18 10:52:58,beacon.sina.com.cn
2014-04-18 10:52:58,sina.wrating.com
2014-04-18 10:52:58,sax.sina.com.cn
2014-04-18 10:52:59,simg.sinajs.cn
2014-04-18 10:52:59,www.bznx.net
2014-04-18 10:52:59,cm.yigao.com
2014-04-18 10:52:59,blog.sina.com.cn
2014-04-18 10:52:59,d3.sina.com.cn
2014-04-18 10:52:59,sax.sina.com.cn
2014-04-18 10:52:59,img.iknow.bdimg.com
2014-04-18 10:52:59,image2.sina.com.cn
2014-04-18 10:52:59,sjs.sinajs.cn
2014-04-18 10:52:59,d0.sina.com.cn
2014-04-18 10:53:00,sax.sina.com.cn
2014-04-18 10:53:00,blog.sina.com.cn
2014-04-18 10:53:00,beacon.sina.com.cn
2014-04-18 10:53:00,s1.bdstatic.com
2014-04-18 10:53:00,ent.sina.com.cn
2014-04-18 10:53:00,simg.sinajs.cn
2014-04-18 10:53:00,c.wrating.com
2014-04-18 10:53:01,music.sina.com.cn
2014-04-18 10:53:01,beacon.sina.com.cn
2014-04-18 10:53:01,interface.blog.sina.com.cn
2014-04-18 10:53:01,hits.sinajs.cn
2014-04-18 10:53:01,passport.weibo.com
2014-04-18 10:53:01,www.bznx.net
2014-04-18 10:53:01,d00.sina.com.cn
2014-04-18 10:53:01,simg.sinajs.cn
2014-04-18 10:53:01,i2.sinaimg.cn
2014-04-18 10:53:01,i1.sinaimg.cn
2014-04-18 10:53:01,tns.simba.taobao.com
2014-04-18 10:53:01,i0.sinaimg.cn
2014-04-18 10:53:02,i2.sinaimg.cn
2014-04-18 10:53:02,d5.sina.com.cn
2014-04-18 10:53:02,i0.sinaimg.cn
2014-04-18 10:53:02,slog.sina.com.cn
2014-04-18 10:53:02,d0.sina.com.cn
2014-04-18 10:53:02,portrait1.sinaimg.cn
2014-04-18 10:53:02,portrait5.sinaimg.cn
2014-04-18 10:53:02,portrait6.sinaimg.cn
2014-04-18 10:53:02,zhidao.baidu.com
2014-04-18 10:53:02,www.bznx.net
2014-04-18 10:53:02,sax.sina.com.cn
2014-04-18 10:53:02,d1.sina.com.cn
2014-04-18 10:53:02,www.sinaimg.cn
2014-04-18 10:53:02,d4.sina.com.cn
2014-04-18 10:53:03,zhidao.baidu.com
2014-04-18 10:53:03,img.iknow.bdimg.com
2014-04-18 10:53:03,d2.sina.com.cn
2014-04-18 10:53:03,sax.sina.com.cn
2014-04-18 10:53:03,nsclick.baidu.com
2014-04-18 10:53:03,simg.sinajs.cn
2014-04-18 10:53:03,passport.weibo.com
2014-04-18 10:53:03,s1.bdstatic.com
2014-04-18 10:53:03,interest.mix.sina.com.cn
2014-04-18 10:53:03,img.baidu.com
2014-04-18 10:53:03,sjs.sinajs.cn
2014-04-18 10:53:03,pcookie.tanx.com
2014-04-18 10:53:04,sax.sina.com.cn
2014-04-18 10:53:04,d1.sina.com.cn
2014-04-18 10:53:04,music.sina.com.cn
2014-04-18 10:53:04,beacon.sina.com.cn
2014-04-18 10:53:05,cp.zhidao.baidu.com
2014-04-18 10:53:05,sax.sina.com.cn
2014-04-18 10:53:05,music.sina.com.cn
2014-04-18 10:53:05,passport.weibo.com
2014-04-18 10:53:05,cbjs.baidu.com
2014-04-18 10:53:06,mt1.baidu.com
2014-04-18 10:53:06,i0.sinaimg.cn
2014-04-18 10:53:06,down.v.iask.com
2014-04-18 10:53:06,int.dpool.sina.com.cn
2014-04-18 10:53:06,i3.sinaimg.cn
2014-04-18 10:53:06,passport.weibo.com
2014-04-18 10:53:06,cb.baidu.com
2014-04-18 10:53:07,login.sina.com.cn
2014-04-18 10:53:07,dup.baidustatic.com
2014-04-18 10:53:09,cbjslog.baidu.com
2014-04-18 10:53:12,cbjslog.baidu.com
2014-04-18 10:53:12,down.v.iask.com
2014-04-18 10:53:12,mt1.baidu.com
2014-04-18 10:53:14,s128.music.sina.com.cn
2014-04-18 10:53:17,www.bznx.net
2014-04-18 10:53:18,blog.sina.com.cn
2014-04-18 10:53:20,mt1.baidu.com
2014-04-18 10:53:27,mt1.baidu.com
2014-04-18 10:53:28,share.baidu.com
2014-04-18 10:53:28,bdimg.share.baidu.com
2014-04-18 10:53:29,bdimg.share.baidu.com
2014-04-18 10:53:30,zhidao.baidu.com
2014-04-18 10:53:30,cbjslog.baidu.com
2014-04-18 10:53:31,dn.baidu.com
2014-04-18 10:53:31,bdimg.share.baidu.com
2014-04-18 10:53:32,ubmcmm.baidustatic.com
2014-04-18 10:53:32,click.hm.baidu.com
2014-04-18 10:53:32,cbjslog.baidu.com
2014-04-18 10:53:33,cbjslog.baidu.com
2014-04-18 10:53:34,ubmcmm.baidustatic.com
2014-04-18 10:53:34,dn.baidu.com
2014-04-18 10:53:35,cbjslog.baidu.com
2014-04-18 10:53:35,click.hm.baidu.com
2014-04-18 10:53:36,click.hm.baidu.com
2014-04-18 10:53:36,pos.baidu.com
2014-04-18 10:53:36,gmvl.baidu.com
2014-04-18 10:53:37,click.hm.baidu.com
2014-04-18 10:53:38,mt1.baidu.com
2014-04-18 10:53:39,dup.baidustatic.com
2014-04-18 10:53:39,music.sina.com.cn
2014-04-18 10:53:41,dn.baidu.com
2014-04-18 10:53:42,ubmcmm.baidustatic.com
2014-04-18 10:53:44,gmvl.baidu.com
2014-04-18 10:53:44,cbjslog.baidu.com
2014-04-18 10:53:48,mt1.baidu.com
2014-04-18 10:53:59,mt1.baidu.com
2014-04-18 10:55:12,dup.baidustatic.com
2014-04-18 10:55:13,cbjslog.baidu.com
2014-04-18 10:55:16,cbjslog.baidu.com
2014-04-18 10:55:26,cbjslog.baidu.com
2014-04-18 10:55:37,cbjslog.baidu.com
2014-04-18 10:55:38,ieonline.microsoft.com
2014-04-18 10:55:41,cbjslog.baidu.com
2014-04-18 10:55:49,cbjslog.baidu.com
2014-04-18 10:55:50,cbjslog.baidu.com
2014-04-18 10:56:02,cbjslog.baidu.com
2014-04-18 11:16:48,www.baidu.com
2014-04-18 11:16:50,t10.baidu.com
2014-04-18 11:16:50,t11.baidu.com
2014-04-18 11:16:51,t12.baidu.com
2014-04-18 11:16:53,www.baidu.com
2014-04-18 11:16:54,i7.baidu.com
2014-04-18 11:16:54,www.baidu.com
2014-04-18 11:16:55,www.baidu.com
2014-04-18 11:16:55,sclick.baidu.com
2014-04-18 11:16:59,tag.baidu.com
2014-04-18 11:17:00,c.baidu.com
2014-04-18 11:17:05,www.baidu.com
2014-04-18 11:17:07,sclick.baidu.com
2014-04-18 11:17:11,zhidao.baidu.com
2014-04-18 11:17:12,gouwu.baidu.com
2014-04-18 11:17:12,cbjs.baidu.com
2014-04-18 11:17:12,zhidao.baidu.com
2014-04-18 11:17:12,nsclick.baidu.com
2014-04-18 11:17:13,cp.zhidao.baidu.com
2014-04-18 11:17:14,cb.baidu.com
2014-04-18 11:17:15,share.baidu.com
2014-04-18 11:17:15,img.iknow.bdimg.com
2014-04-18 11:17:15,bdimg.share.baidu.com
2014-04-18 11:17:20,img.baidu.com
2014-04-18 11:19:06,dup.baidustatic.com
2014-04-18 11:19:07,pos.baidu.com
2014-04-18 11:19:07,cbjslog.baidu.com
2014-04-18 11:19:08,cbjslog.baidu.com
2014-04-18 11:19:08,click.hm.baidu.com
2014-04-18 11:19:09,gmvl.baidu.com
2014-04-18 11:19:09,cbjslog.baidu.com
2014-04-18 11:19:11,click.hm.baidu.com
2014-04-18 11:19:11,dup.baidustatic.com
2014-04-18 11:19:12,click.hm.baidu.com
2014-04-18 11:20:43,dup.baidustatic.com
2014-04-18 11:20:44,cbjslog.baidu.com
2014-04-18 11:20:45,cbjslog.baidu.com
2014-04-18 11:20:56,cbjslog.baidu.com
2014-04-18 11:20:57,cbjslog.baidu.com
2014-04-18 11:21:08,cbjslog.baidu.com
2014-04-18 11:21:20,cbjslog.baidu.com
2014-04-18 11:21:32,cbjslog.baidu.com
2014-04-18 11:21:35,cbjslog.baidu.com
2014-04-18 11:25:40,ieonline.microsoft.com
2014-04-18 11:39:41,nsclick.baidu.com
2014-04-24 10:05:53,armmf.adobe.com
2014-04-24 13:32:51,armmf.adobe.com
2014-04-25 10:22:22,sci.sciences.univ-bpclermont.fr
2014-04-25 10:22:23,sci.sciences.univ-bpclermont.fr
2014-04-25 10:22:39,www.baidu.com
2014-04-25 10:22:40,s1.bdstatic.com
2014-04-25 10:22:40,www.baidu.com
2014-04-25 10:22:41,passport.baidu.com
2014-04-25 10:22:47,www.baidu.com
2014-04-25 10:22:48,www.baidu.com
2014-04-25 10:22:49,t10.baidu.com
2014-04-25 10:22:49,i8.baidu.com
2014-04-25 10:22:49,t11.baidu.com
2014-04-25 10:22:50,t12.baidu.com
2014-04-25 10:22:50,t11.baidu.com
2014-04-25 10:22:50,i7.baidu.com
2014-04-25 10:22:50,t10.baidu.com
2014-04-25 10:22:51,c.baidu.com
2014-04-25 10:22:51,t11.baidu.com
2014-04-25 10:22:51,t12.baidu.com
2014-04-25 10:22:52,t10.baidu.com
2014-04-25 10:22:52,t12.baidu.com
2014-04-25 10:22:52,t11.baidu.com
2014-04-25 10:22:52,www.baidu.com
2014-04-25 10:22:52,tag.baidu.com
2014-04-25 10:22:52,sclick.baidu.com
2014-04-25 10:22:53,t12.baidu.com
2014-04-25 10:22:53,baike.baidu.com
2014-04-25 10:22:54,baike.baidu.com
2014-04-25 10:22:54,img.baidu.com
2014-04-25 10:22:55,baike.bdimg.com
2014-04-25 10:22:56,t11.baidu.com
2014-04-25 10:22:56,sclick.baidu.com
2014-04-25 10:22:57,baike.bdimg.com
2014-04-25 10:22:57,c.baidu.com
2014-04-25 10:22:58,baike.baidu.com
2014-04-25 10:22:58,img.baidu.com
2014-04-25 10:22:58,baike.bdimg.com
2014-04-25 10:22:59,baike.bdimg.com
2014-04-25 10:22:59,baike.baidu.com
2014-04-25 10:23:00,baike.baidu.com
2014-04-25 10:23:00,img.baidu.com
2014-04-25 10:23:00,b.hiphotos.baidu.com
2014-04-25 10:23:00,t12.baidu.com
2014-04-25 10:23:01,hm.baidu.com
2014-04-25 10:23:02,a.baidu.com
2014-04-25 10:23:03,baike.baidu.com
2014-04-25 10:23:04,img.baidu.com
2014-04-25 10:23:04,baike.bdimg.com
2014-04-25 10:23:04,nsclick.baidu.com
2014-04-25 10:23:04,baike.baidu.com
2014-04-25 10:23:05,hm.baidu.com
2014-04-25 10:23:05,like.baidu.com
2014-04-25 10:23:05,baike.baidu.com
2014-04-25 10:23:06,bdimg.share.baidu.com
2014-04-25 10:23:10,api.share.baidu.com
2014-04-25 10:23:27,b1.bdstatic.com
2014-04-25 10:23:35,baike.bdimg.com
2014-04-25 10:25:34,ieonline.microsoft.com
2014-04-25 10:31:28,hm.baidu.com
2014-04-25 10:31:29,baike.baidu.com
2014-04-25 10:31:30,bdimg.share.baidu.com
2014-04-25 10:31:30,nsclick.baidu.com
2014-04-25 10:31:30,a.baidu.com
2014-04-25 10:31:30,baike.baidu.com
2014-04-25 10:31:31,c.baidu.com
2014-04-25 10:31:31,api.share.baidu.com
2014-04-25 10:31:31,like.baidu.com
2014-04-25 10:31:31,hm.baidu.com
2014-04-25 10:31:31,baike.baidu.com
2014-04-25 10:31:32,hm.baidu.com
2014-04-25 10:31:36,www.baidu.com
2014-04-25 10:31:37,sclick.baidu.com
2014-04-25 10:31:38,blog.csdn.net
2014-04-25 10:31:39,static.csdn.net
2014-04-25 10:31:40,static.csdn.net
2014-04-25 10:31:40,static.blog.csdn.net
2014-04-25 10:31:41,www.baidu.com
2014-04-25 10:31:41,avatar.csdn.net
2014-04-25 10:31:41,passport.csdn.net
2014-04-25 10:31:41,static.blog.csdn.net
2014-04-25 10:31:41,medal.blog.csdn.net
2014-04-25 10:31:41,zz.csdn.net
2014-04-25 10:31:41,bdimg.share.baidu.com
2014-04-25 10:31:41,cbjs.baidu.com
2014-04-25 10:31:41,static.csdn.net
2014-04-25 10:31:41,ad.csdn.net
2014-04-25 10:31:41,www.csdn.net
2014-04-25 10:31:42,sclick.baidu.com
2014-04-25 10:31:42,cb.baidu.com
2014-04-25 10:31:42,csdnimg.cn
2014-04-25 10:31:42,api.share.baidu.com
2014-04-25 10:31:42,bdimg.share.baidu.com
2014-04-25 10:31:43,blog.sina.com.cn
2014-04-25 10:31:43,static.blog.csdn.net
2014-04-25 10:31:44,simg.sinajs.cn
2014-04-25 10:31:44,d1.sina.com.cn
2014-04-25 10:31:45,blog.sina.com.cn
2014-04-25 10:31:45,simg.sinajs.cn
2014-04-25 10:31:45,sjs.sinajs.cn
2014-04-25 10:31:45,static.bshare.cn
2014-04-25 10:31:45,i3.sinaimg.cn
2014-04-25 10:31:46,simg.sinajs.cn
2014-04-25 10:31:46,static.bshare.cn
2014-04-25 10:31:46,beacon.sina.com.cn
2014-04-25 10:31:46,sjs.sinajs.cn
2014-04-25 10:31:46,www.sinaimg.cn
2014-04-25 10:31:46,i.sso.sina.com.cn
2014-04-25 10:31:46,d1.sina.com.cn
2014-04-25 10:31:47,b.bshare.cn
2014-04-25 10:31:47,simg.sinajs.cn
2014-04-25 10:31:47,beacon.sina.com.cn
2014-04-25 10:31:47,sjs.sinajs.cn
2014-04-25 10:31:47,www.sinaimg.cn
2014-04-25 10:31:47,interface.blog.sina.com.cn
2014-04-25 10:31:48,blogtj.sinajs.cn
2014-04-25 10:31:48,simg.sinajs.cn
2014-04-25 10:31:48,uic.sso.sina.com.cn
2014-04-25 10:31:48,beacon.sina.com.cn
2014-04-25 10:31:48,p.tanx.com
2014-04-25 10:31:48,d5.sina.com.cn
2014-04-25 10:31:48,sjs.sinajs.cn
2014-04-25 10:31:48,www.sinaimg.cn
2014-04-25 10:31:48,interface.blog.sina.com.cn
2014-04-25 10:31:49,static.bshare.cn
2014-04-25 10:31:49,blog.sina.com.cn
2014-04-25 10:31:49,interface.blog.sina.com.cn
2014-04-25 10:31:49,uic.sso.sina.com.cn
2014-04-25 10:31:49,beacon.sina.com.cn
2014-04-25 10:31:49,hits.sinajs.cn
2014-04-25 10:31:50,b.bshare.cn
2014-04-25 10:31:50,p6.sinaimg.cn
2014-04-25 10:31:50,sina.wrating.com
2014-04-25 10:31:50,static.bshare.cn
2014-04-25 10:31:50,beacon.sina.com.cn
2014-04-25 10:31:51,sax.sina.com.cn
2014-04-25 10:31:51,beacon.sina.com.cn
2014-04-25 10:31:51,www.bznx.net
2014-04-25 10:31:51,c.wrating.com
2014-04-25 10:31:51,cm.yigao.com
2014-04-25 10:31:52,tns.simba.taobao.com
2014-04-25 10:31:52,d1.sina.com.cn
2014-04-25 10:31:52,simg.sinajs.cn
2014-04-25 10:31:52,www.bznx.net
2014-04-25 10:31:52,sax.sina.com.cn
2014-04-25 10:31:52,d9.sina.com.cn
2014-04-25 10:31:53,www.bznx.net
2014-04-25 10:31:53,d2.sina.com.cn
2014-04-25 10:31:53,show.re.taobao.com
2014-04-25 10:31:54,pcookie.tanx.com
2014-04-25 10:31:54,dup.baidustatic.com
2014-04-25 10:31:55,static.blog.csdn.net
2014-04-25 10:31:55,bdimg.share.baidu.com
2014-04-25 10:31:55,csdnimg.cn
2014-04-25 10:31:55,d00.sina.com.cn
2014-04-25 10:31:56,passport.weibo.com
2014-04-25 10:31:57,d5.sina.com.cn
2014-04-25 10:31:57,d1.sina.com.cn
2014-04-25 10:31:57,sjs.sinajs.cn
2014-04-25 10:31:57,simg.sinajs.cn
2014-04-25 10:31:57,counter.csdn.net
2014-04-25 10:31:57,blog.sina.com.cn
2014-04-25 10:31:58,passport.weibo.com
2014-04-25 10:31:58,message.csdn.net
2014-04-25 10:31:58,ad.csdn.net
2014-04-25 10:31:58,csdnimg.cn
2014-04-25 10:31:59,www.csdn.net
2014-04-25 10:31:59,login.sina.com.cn
2014-04-25 10:31:59,cbjs.baidu.com
2014-04-25 10:31:59,counter.csdn.net
2014-04-25 10:31:59,zz.csdn.net
2014-04-25 10:31:59,static.blog.csdn.net
2014-04-25 10:31:59,blog.csdn.net
2014-04-25 10:31:59,passport.csdn.net
2014-04-25 10:31:59,avatar.csdn.net
2014-04-25 10:32:00,recommend.api.csdn.net
2014-04-25 10:32:00,ad.csdn.net
2014-04-25 10:32:00,dc.csdn.net
2014-04-25 10:32:00,nsclick.baidu.com
2014-04-25 10:32:01,www.csdn.net
2014-04-25 10:32:01,recommend.api.csdn.net
2014-04-25 10:32:02,dc.csdn.net
2014-04-25 10:32:02,ag.csdn.net
2014-04-25 10:32:02,csdnimg.cn
2014-04-25 10:32:03,csdnimg.cn
2014-04-25 10:32:03,message.csdn.net
2014-04-25 10:32:04,csdnimg.cn
2014-04-25 10:32:04,pos.baidu.com
2014-04-25 10:32:04,dup.baidustatic.com
2014-04-25 10:32:04,vipnews.csdn.net
2014-04-25 10:32:05,vipnews.csdn.net
2014-04-25 10:32:07,www.google.com
2014-04-25 10:32:17,sjs.sinajs.cn
2014-04-25 10:32:17,simg.sinajs.cn
2014-04-25 10:32:18,ent.sina.com.cn
2014-04-25 10:32:18,i3.sinaimg.cn
2014-04-25 10:32:18,d4.sina.com.cn
2014-04-25 10:32:18,d1.sina.com.cn
2014-04-25 10:32:18,d2.sina.com.cn
2014-04-25 10:32:18,blog.sina.com.cn
2014-04-25 10:32:18,image2.sina.com.cn
2014-04-25 10:32:18,sjs.sinajs.cn
2014-04-25 10:32:18,sax.sina.com.cn
2014-04-25 10:32:19,i1.sinaimg.cn
2014-04-25 10:32:19,slog.sina.com.cn
2014-04-25 10:32:19,i0.sinaimg.cn
2014-04-25 10:32:19,d1.sina.com.cn
2014-04-25 10:32:19,i2.sinaimg.cn
2014-04-25 10:32:20,int.dpool.sina.com.cn
2014-04-25 10:32:20,i0.sinaimg.cn
2014-04-25 10:32:20,interest.mix.sina.com.cn
2014-04-25 10:32:22,ba.sass.sina.com.cn
2014-04-25 10:32:22,d0.sina.com.cn
2014-04-25 10:32:23,sax.sina.com.cn
2014-04-25 10:32:26,hits.sinajs.cn
2014-04-25 10:34:05,nsclick.baidu.com
2014-04-25 10:34:06,img.baidu.com
2014-04-25 10:34:06,baike.baidu.com
2014-04-25 10:34:07,hm.baidu.com
2014-04-25 10:34:07,baike.baidu.com
2014-04-25 10:34:08,baike.baidu.com
2014-04-25 10:34:08,hm.baidu.com
2014-04-25 10:34:09,share.baidu.com
2014-04-25 10:34:09,baike.bdimg.com
2014-04-25 10:34:09,bdimg.share.baidu.com
2014-04-25 10:34:09,nsclick.baidu.com
2014-04-25 10:34:10,nsclick.baidu.com
2014-04-25 10:34:10,baike.baidu.com
2014-04-25 10:34:11,b.hiphotos.baidu.com
2014-04-25 10:34:11,bdimg.share.baidu.com
2014-04-25 10:34:12,nsclick.baidu.com
2014-04-25 10:34:16,www.baidu.com
2014-04-25 10:34:16,sclick.baidu.com
2014-04-25 10:34:16,www.google.com
2014-04-25 10:34:19,baike.baidu.com
2014-04-25 10:34:19,hi.baidu.com
2014-04-25 10:34:19,hiphotos.baidu.com
2014-04-25 10:34:19,b.hiphotos.baidu.com
2014-04-25 10:34:19,h.hiphotos.baidu.com
2014-04-25 10:34:19,g.hiphotos.baidu.com
2014-04-25 10:34:20,hi.baidu.com
2014-04-25 10:34:20,nsclick.baidu.com
2014-04-25 10:34:20,bdimg.share.baidu.com
2014-04-25 10:34:20,hiphotos.baidu.com
2014-04-25 10:34:21,hiphotos.baidu.com
2014-04-25 10:34:21,nsclick.baidu.com
2014-04-25 10:34:22,bdimg.share.baidu.com
2014-04-25 10:34:22,hm.baidu.com
2014-04-25 10:34:23,hi.baidu.com
2014-04-25 10:34:23,hm.baidu.com
2014-04-25 10:34:23,nsclick.baidu.com
2014-04-25 10:35:00,blog.sina.com.cn
2014-04-25 10:37:50,t11.baidu.com
2014-04-25 11:08:30,nsclick.baidu.com
2014-04-25 11:08:32,hm.baidu.com
2014-04-25 11:08:36,google.fr
2014-04-25 11:08:36,www.google.fr
2014-04-25 11:08:50,www.google.fr
2014-04-25 11:08:51,apis.google.com
2014-04-25 11:08:53,www.google.com
2014-04-25 11:09:37,www.google.fr
2014-04-25 11:09:38,www.anses.fr
2014-04-25 11:09:55,meta.wikimedia.org
2014-04-25 11:09:55,login.wikimedia.org
2014-04-25 11:09:55,www.google.com
2014-04-25 11:09:55,bits.wikimedia.org
2014-04-25 11:09:55,fr.wikipedia.org
2014-04-25 11:09:55,www.google.fr
2014-04-25 11:09:55,apis.google.com
2014-04-25 11:10:21,translate.google.fr
2014-04-25 11:11:36,translate.google.fr
2014-04-25 11:11:36,www.google.com
2014-04-25 11:11:36,www.google.fr
2014-04-25 11:48:45,www.baidu.com
2014-04-25 11:48:47,www.baidu.com
2014-04-25 11:48:49,www.baidu.com
2014-04-25 11:48:49,tag.baidu.com
2014-04-25 11:48:49,c.baidu.com
2014-04-25 11:48:49,sclick.baidu.com
2014-04-25 11:48:50,t12.baidu.com
2014-04-25 11:48:50,t11.baidu.com
2014-04-25 11:48:50,t10.baidu.com
2014-04-25 11:48:51,sclick.baidu.com
2014-04-25 11:48:51,t11.baidu.com
2014-04-25 11:48:51,t12.baidu.com
2014-04-25 11:48:52,t10.baidu.com
2014-04-25 11:48:53,t12.baidu.com
2014-04-25 11:48:54,t12.baidu.com
2014-04-25 11:48:54,tag.baidu.com
2014-04-25 11:50:52,search.mywebs.pro
2014-04-25 11:50:52,fr.ask.com
2014-04-25 11:50:52,b1.bdstatic.com
2014-04-25 11:50:53,fr.ask.com
2014-04-25 11:50:53,www.google.com
2014-04-25 11:50:53,sp.fr.ask.com
2014-04-25 11:50:59,fr.ask.com
2014-04-25 11:50:59,www.google.com
2014-04-25 11:51:02,ajax.googleapis.com
2014-04-25 11:51:03,www.google.com
2014-04-25 11:51:04,static.ak.facebook.com
2014-04-25 11:51:04,www.google.fr
2014-04-25 11:51:04,s-static.ak.facebook.com
2014-04-25 11:51:04,connect.facebook.net
2014-04-25 11:51:16,www.google.fr
2014-04-25 11:51:25,www.google.fr
2014-04-25 11:51:26,www.google.fr
2014-04-25 11:51:26,fpdownload2.macromedia.com
2014-04-25 11:51:26,www.univ-bpclermont.fr
2014-04-25 11:51:27,www.univ-bpclermont.fr
2014-04-25 11:51:28,www.univ-bpclermont.fr
2014-04-25 11:51:28,ent.univ-bpclermont.fr
2014-04-25 11:51:40,www.univ-bpclermont.fr
2014-04-25 11:51:40,ent.univ-bpclermont.fr
2014-04-25 11:51:42,www.univ-bpclermont.fr
2014-04-25 11:51:47,ent.univ-bpclermont.fr
2014-04-25 11:51:47,www.univ-bpclermont.fr
2014-04-25 11:51:48,ent.univ-bpclermont.fr
2014-04-25 11:52:00,www.univ-bpclermont.fr
2014-04-25 11:52:00,ent.univ-bpclermont.fr
2014-04-25 11:52:03,ent.univ-bpclermont.fr
2014-04-25 11:52:03,www.univ-bpclermont.fr
2014-04-25 11:52:04,ent.univ-bpclermont.fr
2014-04-25 11:52:04,www.univ-bpclermont.fr
2014-04-25 11:53:42,ent.univ-bpclermont.fr
2014-04-25 11:53:42,www.univ-bpclermont.fr
2014-04-25 11:54:36,www.univ-bpclermont.fr
2014-04-25 11:54:36,ent.univ-bpclermont.fr
2014-04-25 11:54:41,www.univ-bpclermont.fr
2014-04-25 11:54:41,ent.univ-bpclermont.fr
2014-04-25 11:54:59,sci.sciences.univ-bpclermont.fr
2014-04-25 11:55:00,sci.sciences.univ-bpclermont.fr
2014-04-25 11:55:15,google.fr
2014-04-25 11:55:15,www.google.fr
2014-04-25 11:55:27,www.google.fr
2014-04-25 11:55:28,apis.google.com
2014-04-25 11:55:30,www.google.com
2014-04-25 11:56:35,www.google.fr
2014-04-25 11:56:41,www.google.fr
2014-04-25 11:56:41,www.google.com
2014-04-25 11:56:41,apis.google.com
2014-04-25 11:56:41,www.univ-bpclermont.fr
2014-04-25 11:56:41,ent.univ-bpclermont.fr
2014-04-25 11:56:53,ent.univ-bpclermont.fr
2014-04-25 11:56:55,ent.univ-bpclermont.fr
2014-04-25 11:57:12,www.univ-bpclermont.fr
2014-04-25 11:57:15,ent.univ-bpclermont.fr
2014-04-25 11:57:16,ent.univ-bpclermont.fr
2014-04-25 11:57:18,ent.univ-bpclermont.fr
2014-04-25 11:57:18,www.univ-bpclermont.fr
2014-04-25 11:57:34,www.facebook.com
2014-04-25 11:57:39,www.facebook.com
2014-04-25 11:57:40,ent.univ-bpclermont.fr
2014-04-25 11:57:51,www.facebook.com
2014-04-25 11:57:54,ent.univ-bpclermont.fr
