timestamp,site
2013-03-12 08:11:11,www.squid-cache.org
2013-09-12 13:03:20,fpdownload2.macromedia.com
2013-09-12 13:03:26,www.google.fr
2013-09-12 13:03:37,www.google.fr
2013-09-12 13:03:47,www.google.fr
2013-09-12 13:03:48,apis.google.com
2013-09-12 13:03:48,www.google.com
2013-09-12 13:04:01,apis.google.com
2013-09-12 13:04:01,www.google.fr
2013-09-12 13:04:01,www.google.com
2013-09-12 15:56:59,www.google.fr
2013-09-12 15:57:01,www.google.com
2013-09-12 15:57:13,www.google.fr
2013-09-12 15:57:13,www.google.com
2013-09-12 15:57:14,ieonline.microsoft.com
2013-09-12 15:57:14,go.microsoft.com
2013-10-12 09:36:24,www.google.fr
2013-10-12 09:36:33,www.google.fr
2013-10-12 09:36:36,www.google.fr
2013-10-12 09:36:38,www.google.fr
2013-10-12 09:36:39,apis.google.com
2013-10-12 09:36:41,www.google.com
2013-10-12 09:36:50,www.mathworks.com
2013-10-12 09:36:50,www.google.com
2013-10-12 09:36:50,apis.google.com
2013-10-12 09:36:50,www.google.fr
2013-10-12 09:36:51,www.mathworks.fr
2013-10-12 09:36:51,www.google.fr
2013-10-12 09:36:52,www.mathworks.fr
2013-10-12 09:36:57,www.google.fr
2013-10-12 09:36:57,www.mathworks.com
2013-10-12 09:36:57,www.mathworks.fr
2013-10-12 09:36:58,www.mathworks.fr
2013-10-12 09:36:59,www.google.fr
2013-10-12 09:36:59,www.weizmann.ac.il
2013-10-12 09:37:06,www.mathworks.fr
2013-10-12 09:37:06,p.typekit.net
2013-10-12 09:37:07,metrics.mathworks.com
2013-10-12 09:37:07,www.mathworks.fr
2013-10-12 09:37:08,www.mathworks.fr
2013-10-12 09:37:54,www.google.fr
2013-10-12 09:37:54,www.mathworks.fr
2013-10-12 09:37:54,www.mathworks.com
2013-10-12 09:37:55,www.mathworks.fr
2013-10-12 09:38:02,p.typekit.net
2013-10-12 09:38:02,www.mathworks.fr
2013-10-12 09:38:02,metrics.mathworks.com
2013-10-12 09:38:03,www.mathworks.fr
2013-10-12 09:39:58,www.google.fr
2013-10-12 09:44:03,www.google.fr
2013-11-19 09:41:13,www.bing.com
2013-11-19 09:41:14,www.bing.com
2013-11-19 09:41:15,cms.abmr.net
2013-11-19 09:41:15,www.bing.com
2013-11-19 09:41:26,login.live.com
2013-11-19 09:41:41,ssl.bing.com
2013-11-19 09:41:41,www.bing.com
2013-11-19 09:42:41,ssl.bing.com
2013-11-19 09:46:28,www.bing.com
2013-11-19 09:46:29,www.bing.com
2013-11-19 09:46:31,login.live.com
2013-11-19 09:54:54,fpdownload2.macromedia.com
2013-11-19 19:50:14,www.iegallery.com
2013-11-19 19:50:14,go.microsoft.com
2013-11-19 19:50:15,www.iegallery.com
2013-11-19 19:50:16,www.iegallery.com
2013-11-19 19:50:19,www.iegallery.com
2013-11-19 19:50:20,www.iegallery.com
2013-11-19 19:50:31,www.google.fr
2013-11-19 19:50:32,www.google.fr
2013-11-19 19:50:32,apis.google.com
2013-11-19 19:52:33,www.google.fr
2013-11-19 19:52:33,www.google.com
2013-11-19 19:53:13,javadl-esd.sun.com
2013-11-19 19:53:33,www.bing.com
2013-11-19 19:53:33,apis.google.com
2013-11-19 19:54:03,www.bing.com
2013-11-19 19:54:06,login.live.com
2013-11-19 19:54:07,www.bing.com
2013-11-19 19:54:07,ssl.bing.com
2013-11-19 19:57:24,www.bing.com
2013-11-19 19:58:54,ssl.bing.com
2013-11-19 20:09:01,www.bing.com
2013-11-19 20:09:04,login.live.com
2013-11-19 20:09:04,www.bing.com
2013-11-19 20:09:04,ssl.bing.com
2013-11-19 20:09:50,www.google.fr
2013-11-19 20:09:51,www.google.com
2013-11-19 20:09:51,apis.google.com
2013-11-19 20:09:51,www.google.fr
2013-11-19 20:10:07,ssl.bing.com
2013-11-19 20:10:08,www.google.fr
2013-11-19 20:10:08,www.google.com
2013-11-19 20:10:08,apis.google.com
2013-11-19 20:10:43,apis.google.com
2013-11-19 20:10:43,www.google.com
2013-11-19 20:10:43,www.google.fr
2013-11-19 20:10:43,www.m6.fr
2013-11-19 20:10:44,dc1w54.wysistat.com
2013-11-19 20:10:44,listener.ezakus.net
2013-11-19 20:10:44,emailretargeting.com
2013-11-19 20:10:44,www.m6.fr
2013-11-19 20:10:45,www.google.fr
2013-11-19 20:10:45,www.google.com
2013-11-19 20:10:45,widget.achetezfacile.com
2013-11-19 20:10:45,www.m6.fr
2013-11-19 20:10:46,sc.tynt.com
2013-11-19 20:10:46,de.tynt.com
2013-11-19 20:10:47,webperf.m6web.fr
2013-11-19 20:11:00,www.google.fr
2013-11-19 20:11:39,www.google.fr
2013-11-19 20:11:54,apis.google.com
2013-11-19 20:11:54,www.google.fr
2013-11-19 20:11:54,www.google.com
2013-11-19 20:12:04,apis.google.com
2013-11-19 20:12:04,www.google.com
2013-11-19 20:12:04,www.google.fr
2013-11-19 20:12:07,apis.google.com
2013-11-19 20:12:07,www.google.fr
2013-11-19 20:12:07,www.google.com
2013-11-19 20:12:13,www.google.com
2013-11-19 20:12:13,apis.google.com
2013-11-19 20:12:13,www.google.fr
2013-11-19 20:13:44,www.google.fr
2013-11-19 20:14:33,accounts.google.com
2013-11-19 20:14:34,accounts.youtube.com
2013-11-19 20:14:34,apis.google.com
2013-11-19 20:14:35,accounts.google.com
2013-11-19 20:14:44,www.google.fr
2013-11-19 20:14:50,accounts.google.fr
2013-11-19 20:14:50,www.google.com
2013-11-19 20:15:35,accounts.google.com
2013-11-19 20:16:21,www.google.fr
2013-11-19 20:16:26,plus.google.com
2013-11-19 20:16:26,apis.google.com
2013-11-19 20:16:31,accounts.google.com
2013-11-19 20:16:31,accounts.youtube.com
2013-11-19 20:16:31,accounts.google.fr
2013-11-19 20:17:21,www.google.fr
2013-11-19 20:17:26,plus.google.com
2013-11-19 20:17:26,apis.google.com
2013-11-19 20:17:41,www.google.fr
2013-11-19 20:18:43,www.google.fr
2013-11-19 20:18:44,apis.google.com
2013-11-19 20:18:44,www.google.com
2013-11-19 20:19:39,www.google.fr
2013-11-19 20:19:40,www.google.com
2013-11-19 20:19:40,apis.google.com
2013-11-19 20:20:45,www.google.fr
2013-11-19 20:20:45,plus.google.com
2013-11-19 20:21:45,www.google.fr
2013-11-19 20:21:45,apis.google.com
2013-11-19 20:21:45,www.google.com
2013-11-19 20:21:45,plus.google.com
2013-11-20 08:03:38,fr.start2.mozilla.com
2013-11-20 08:03:39,start.mozilla.org
2013-11-20 08:03:45,gtglobal-ocsp.geotrust.com
2013-11-20 08:03:45,clients1.google.com
2013-11-20 08:03:48,sb-ssl.google.com
2013-11-20 08:04:51,shell.windows.com
2013-11-20 08:04:52,shell.windows.com
2013-11-20 08:04:53,shell.windows.com
2013-11-20 08:32:44,apex.oracle.com
2013-11-20 08:32:44,www.oracle.com
2013-11-20 09:32:16,www.google.fr
2013-11-20 09:32:17,apis.google.com
2013-11-20 09:32:18,www.google.fr
2013-11-20 09:32:19,apis.google.com
2013-11-20 09:32:19,www.google.fr
2013-11-20 09:32:19,www.google.com
2013-11-20 09:34:42,www.google.fr
2013-11-20 09:34:43,apis.google.com
2013-11-20 09:34:45,www.google.com
2013-11-20 09:35:33,www.google.com
2013-11-20 09:35:33,apis.google.com
2013-11-20 09:35:34,apis.google.com
2013-11-20 09:35:34,www.google.fr
2013-11-20 09:35:34,www.memoireonline.com
2013-11-20 09:35:34,memoireonline.com
2013-11-20 09:35:34,wtpn.twenga.fr
2013-11-20 09:35:34,connect.facebook.net
2013-11-20 09:35:35,s-static.ak.facebook.com
2013-11-20 09:35:35,apis.google.com
2013-11-20 09:35:35,static.ak.facebook.com
2013-11-20 09:35:36,www.facebook.com
2013-11-20 09:35:36,adventori.com
2013-11-20 09:35:36,www.google.com
2013-11-20 09:35:37,www.memoireonline.com
2013-11-20 09:35:39,accounts.google.com
2013-11-20 09:35:45,apis.google.com
2013-11-20 09:35:46,www.google.com
2013-11-20 09:35:47,www.google.com
2013-11-20 09:35:47,accounts.google.com
2013-11-20 09:35:55,static.ak.facebook.com
2013-11-20 09:35:55,www.memoireonline.com
2013-11-20 09:35:55,www.google.fr
2013-11-20 09:35:55,s-static.ak.facebook.com
2013-11-20 09:35:56,wtpn.twenga.fr
2013-11-20 09:35:56,www.memoireonline.com
2013-11-20 09:35:57,www.facebook.com
2013-11-20 09:35:57,www.memoireonline.com
2013-11-20 09:35:57,wtpn.twenga.fr
2013-11-20 09:35:58,wtpn.twenga.fr
2013-11-20 09:36:12,www.google.fr
2013-11-20 09:36:12,apis.google.com
2013-11-20 09:36:14,www.lsis.org
2013-11-20 09:37:04,www.google.fr
2013-11-20 09:37:57,go.microsoft.com
2013-11-20 09:37:57,shell.windows.com
2013-11-20 09:37:58,shell.windows.com
2013-11-20 09:46:14,apex.oracle.com
2013-11-20 09:46:14,www.oracle.com
2013-11-20 09:48:27,www.oracle.com
2013-11-20 09:48:27,apex.oracle.com
2013-11-20 15:50:07,www.google.fr
2013-11-20 15:50:08,apis.google.com
2013-11-20 15:50:11,www.google.com
2013-11-20 15:50:39,office.microsoft.com
2013-11-20 15:50:39,office14client.microsoft.com
2013-11-20 15:50:40,office.microsoft.com
2013-11-20 15:51:16,apis.google.com
2013-11-20 15:51:16,www.google.fr
2013-11-20 15:51:16,www.google.com
2013-11-20 15:51:59,www.google.fr
2013-11-20 15:51:59,www.escpeurope.eu
2013-11-20 15:52:00,www.escpeurope.eu
2013-11-20 15:52:04,www.google.fr
2013-11-20 15:52:04,www.univ-tours.fr
2013-11-20 15:52:05,www.univ-tours.fr
2013-11-20 15:52:06,www.univ-tours.fr
2013-11-20 15:52:18,www.escpeurope.eu
2013-11-20 15:52:33,www.google.fr
2013-11-20 15:52:34,static.ak.facebook.com
2013-11-20 15:52:34,connect.facebook.net
2013-11-20 15:52:34,documents.digischool.fr
2013-11-20 15:52:34,www.google.fr
2013-11-20 15:52:34,s3-eu-west-1.amazonaws.com
2013-11-20 15:52:34,www.google.com
2013-11-20 15:52:35,www.google.com
2013-11-20 15:52:35,documents.digischool.fr
2013-11-20 15:52:35,platform.twitter.com
2013-11-20 15:52:35,s3-eu-west-1.amazonaws.com
2013-11-20 15:52:35,ajax.googleapis.com
2013-11-20 15:52:35,s-static.ak.facebook.com
2013-11-20 15:52:36,www.facebook.com
2013-11-20 15:52:36,s3-eu-west-1.amazonaws.com
2013-11-20 15:52:36,documents.digischool.fr
2013-11-20 15:52:36,apis.google.com
2013-11-20 15:52:37,documents.digischool.fr
2013-11-20 15:52:37,s3-eu-west-1.amazonaws.com
2013-11-20 15:52:37,platform.twitter.com
2013-11-20 15:52:37,www.facebook.com
2013-11-20 15:52:38,s3-eu-west-1.amazonaws.com
2013-11-20 15:52:39,www.facebook.com
2013-11-20 15:52:47,twitter.com
2013-11-20 15:52:48,twitter.com
2013-11-20 15:52:53,s3-eu-west-1.amazonaws.com
2013-11-20 15:52:54,documents.digischool.fr
2013-11-20 15:53:05,www.google.fr
2013-11-20 15:53:06,blog.capessence.com
2013-11-20 15:53:07,www.facebook.com
2013-11-20 15:53:07,www.youtube.com
2013-11-20 15:53:07,s.ytimg.com
2013-11-20 15:53:07,blog.capessence.com
2013-11-20 15:53:08,blog.capessence.com
2013-11-20 15:53:08,s.youtube.com
2013-11-20 15:53:08,r3---sn-gxo5uxg-jqbe.googlevideo.com
2013-11-20 15:53:08,forms.aweber.com
2013-11-20 15:53:08,www.youtube.com
2013-11-20 15:53:08,api.tweetmeme.com
2013-11-20 15:53:09,r3---sn-gxo5uxg-jqbe.googlevideo.com
2013-11-20 15:53:09,forms.aweber.com
2013-11-20 15:53:09,s.youtube.com
2013-11-20 15:53:18,s.youtube.com
2013-11-20 15:53:19,s.youtube.com
2013-11-20 15:53:27,r3---sn-gxo5uxg-jqbe.googlevideo.com
2013-11-20 15:53:29,s.youtube.com
2013-11-20 15:53:31,r3---sn-gxo5uxg-jqbe.googlevideo.com
2013-11-20 15:53:39,s.youtube.com
2013-11-20 15:53:42,r3---sn-gxo5uxg-jqbe.googlevideo.com
2013-11-20 15:53:48,s.youtube.com
2013-11-20 15:53:48,r3---sn-gxo5uxg-jqbe.googlevideo.com
2013-11-20 15:53:51,www.google.fr
2013-11-20 15:53:52,www.pole-emploi.fr
2013-11-20 15:53:56,r3---sn-gxo5uxg-jqbe.googlevideo.com
2013-11-20 15:54:05,r3---sn-gxo5uxg-jqbe.googlevideo.com
2013-11-20 15:54:07,s.youtube.com
2013-11-20 15:54:11,r3---sn-gxo5uxg-jqbe.googlevideo.com
2013-11-20 15:54:18,s.youtube.com
2013-11-20 15:54:23,r3---sn-gxo5uxg-jqbe.googlevideo.com
2013-11-20 15:54:23,www.google.fr
2013-11-20 15:54:24,s3-eu-west-1.amazonaws.com
2013-11-20 15:54:24,fr.ask.com
2013-11-20 15:54:25,fr.ask.com
2013-11-20 15:54:25,sp.fr.ask.com
2013-11-20 15:54:26,fr.ask.com
2013-11-20 15:54:26,r3---sn-gxo5uxg-jqbe.googlevideo.com
2013-11-20 15:54:26,static.sp-ask.com
2013-11-20 15:54:26,sp.fr.ask.com
2013-11-20 15:54:47,s.youtube.com
2013-11-20 15:54:48,s.youtube.com
2013-11-20 15:55:02,i1.ytimg.com
2013-11-20 15:55:02,s.ytimg.com
2013-11-20 15:55:03,i1.ytimg.com
2013-11-20 15:55:04,www.youtube.com
2013-11-20 15:55:10,www.google.fr
2013-11-20 15:55:11,documents.digischool.fr
2013-11-20 15:55:11,www.google.fr
2013-11-20 15:55:13,documents.digischool.fr
2013-11-20 15:55:14,documents.digischool.fr
2013-11-20 15:55:14,static.ak.facebook.com
2013-11-20 15:55:14,s-static.ak.facebook.com
2013-11-20 15:55:16,www.facebook.com
2013-11-20 15:55:16,apis.google.com
2013-11-20 15:55:17,accounts.google.com
2013-11-20 15:55:17,www.facebook.com
2013-11-20 15:55:18,www.facebook.com
2013-11-20 15:55:19,twitter.com
2013-11-20 15:55:19,apis.google.com
2013-11-20 15:55:22,www.google.fr
2013-11-20 15:55:27,www.google.fr
2013-11-20 15:55:27,www.lamfa.u-picardie.fr
2013-11-20 15:55:33,www.google.fr
2013-11-20 15:55:37,www.google.fr
2013-11-20 15:55:41,gabsi2.free.fr
2013-11-20 15:55:49,twitter.com
2013-11-20 15:57:04,apis.google.com
2013-11-20 15:57:04,documents.digischool.fr
2013-11-20 15:57:05,documents.digischool.fr
2013-11-20 15:57:05,accounts.google.com
2013-11-20 15:57:05,s-static.ak.facebook.com
2013-11-20 15:57:05,static.ak.facebook.com
2013-11-20 15:57:07,www.facebook.com
2013-11-20 15:57:08,www.facebook.com
2013-11-20 15:57:09,apis.google.com
2013-11-20 15:57:09,www.facebook.com
2013-11-20 15:57:11,documents.digischool.fr
2013-11-20 15:57:12,twitter.com
2013-11-20 15:57:12,s-static.ak.facebook.com
2013-11-20 15:57:12,documents.digischool.fr
2013-11-20 15:57:12,static.ak.facebook.com
2013-11-20 15:57:13,www.facebook.com
2013-11-20 15:57:14,documents.digischool.fr
2013-11-20 15:57:14,www.facebook.com
2013-11-20 15:57:15,documents.digischool.fr
2013-11-20 15:57:15,www.facebook.com
2013-11-20 15:57:16,www.facebook.com
2013-11-20 15:57:21,documents.digischool.fr
2013-11-20 15:57:22,documents.digischool.fr
2013-11-20 15:57:22,static.ak.facebook.com
2013-11-20 15:57:22,s-static.ak.facebook.com
2013-11-20 15:57:23,documents.digischool.fr
2013-11-20 15:57:24,documents.digischool.fr
2013-11-20 15:57:25,www.facebook.com
2013-11-20 15:57:37,www.google.fr
2013-11-20 15:57:38,apis.google.com
2013-11-20 15:57:38,www.google.fr
2013-11-20 15:57:41,www.google.com
2013-11-20 15:57:46,www.jobteaser.com
2013-11-20 15:57:46,www.google.fr
2013-11-20 15:58:05,s3-eu-west-1.amazonaws.com
2013-11-20 15:58:06,s3-eu-west-1.amazonaws.com
2013-11-20 15:58:06,maps.google.com
2013-11-20 15:58:06,ajax.googleapis.com
2013-11-20 15:58:07,s3-eu-west-1.amazonaws.com
2013-11-20 15:58:07,widget.uservoice.com
2013-11-20 15:58:08,widget.uservoice.com
2013-11-20 15:58:08,www.jobteaser.com
2013-11-20 15:58:08,s3-eu-west-1.amazonaws.com
2013-11-20 15:58:09,www.jobteaser.com
2013-11-20 15:58:09,s3-eu-west-1.amazonaws.com
2013-11-20 15:58:10,s3-eu-west-1.amazonaws.com
2013-11-20 15:58:10,www.jobteaser.com
2013-11-20 15:58:12,maps.googleapis.com
2013-11-20 15:58:15,videos.jobteaser.com
2013-11-20 15:59:02,www.google.fr
2013-11-20 15:59:02,www.google.com
2013-11-20 15:59:02,apis.google.com
2013-11-20 15:59:17,www.google.fr
2013-11-20 15:59:17,static.ccm2.net
2013-11-20 15:59:17,www.commentcamarche.net
2013-11-20 15:59:17,ba.commentcamarche.net
2013-11-20 15:59:18,static.ccm2.net
2013-11-20 15:59:18,r.ccm2.net
2013-11-20 15:59:21,www.commentcamarche.net
2013-11-20 15:59:22,static.ccm2.net
2013-11-20 15:59:22,www.google.com
2013-11-20 15:59:22,ba.commentcamarche.net
2013-11-20 15:59:23,s-static.ak.facebook.com
2013-11-20 15:59:23,broadcast.piximedia.fr
2013-11-20 15:59:23,rm.piximedia.fr
2013-11-20 15:59:23,static.ak.facebook.com
2013-11-20 15:59:23,ba.commentcamarche.net
2013-11-20 15:59:24,broadcast.piximedia.fr
2013-11-20 15:59:24,www.facebook.com
2013-11-20 15:59:24,static.ccm2.net
2013-11-20 15:59:24,platform.twitter.com
2013-11-20 15:59:24,static.ccmbg.com
2013-11-20 15:59:24,player.kpsule.me
2013-11-20 15:59:25,services.kpsule.me
2013-11-20 15:59:25,player.kpsule.me
2013-11-20 15:59:25,media.kpsule.me
2013-11-20 15:59:26,static.ccm2.net
2013-11-20 15:59:26,www.google.com
2013-11-20 15:59:27,fr.ask.com
2013-11-20 15:59:28,services.kpsule.me
2013-11-20 15:59:29,www.facebook.com
2013-11-20 15:59:29,ajax.googleapis.com
2013-11-20 15:59:30,broadcast.piximedia.fr
2013-11-20 15:59:30,www.commentcamarche.net
2013-11-20 15:59:30,www.facebook.com
2013-11-20 15:59:32,fr.ask.com
2013-11-20 15:59:33,www.google.com
2013-11-20 15:59:33,s3-eu-west-1.amazonaws.com
2013-11-20 15:59:34,ajax.googleapis.com
2013-11-20 15:59:34,twitter.com
2013-11-20 15:59:34,di64.shopping.com
2013-11-20 15:59:34,di65.shopping.com
2013-11-20 15:59:45,ajax.googleapis.com
2013-11-20 15:59:46,di65.shopping.com
2013-11-20 15:59:46,ajax.googleapis.com
2013-11-20 15:59:46,www.google.com
2013-11-20 15:59:46,di70.shopping.com
2013-11-20 16:00:05,twitter.com
2013-11-20 16:06:55,www.google.fr
2013-11-20 16:06:55,www.wengo-entreprises.com
2013-11-20 16:06:56,www.wengo-entreprises.com
2013-11-20 16:07:06,www.google.fr
2013-11-20 16:07:07,www.demos.fr
2013-11-20 16:07:08,www.demos.fr
2013-11-20 16:07:09,www.demos.fr
2013-11-20 16:07:10,www.demos.fr
2013-11-20 16:07:23,fr.wikipedia.org
2013-11-20 16:07:23,www.google.fr
2013-11-20 16:07:23,bits.wikimedia.org
2013-11-20 16:07:24,bits.wikimedia.org
2013-11-20 16:07:24,meta.wikimedia.org
2013-11-20 16:07:24,fr.wikipedia.org
2013-11-20 16:07:35,documents.digischool.fr
2013-11-20 16:07:35,www.google.fr
2013-11-20 16:07:36,static.ak.facebook.com
2013-11-20 16:07:36,s-static.ak.facebook.com
2013-11-20 16:07:36,documents.digischool.fr
2013-11-20 16:07:36,www.facebook.com
2013-11-20 16:07:37,apis.google.com
2013-11-20 16:07:37,www.facebook.com
2013-11-20 16:07:38,bits.wikimedia.org
2013-11-20 16:07:38,login.wikimedia.org
2013-11-20 16:07:38,fr.wikipedia.org
2013-11-20 16:07:46,twitter.com
2013-11-20 16:07:48,accounts.google.com
2013-11-20 16:07:54,accounts.google.com
2013-11-20 16:07:54,twitter.com
2013-11-20 16:07:54,s3-eu-west-1.amazonaws.com
2013-11-20 16:07:54,documents.digischool.fr
2013-11-20 16:08:38,bits.wikimedia.org
2013-11-20 16:08:38,fr.wikipedia.org
2013-11-20 16:08:38,login.wikimedia.org
2013-11-20 16:08:41,www.google.fr
2013-11-20 16:08:41,www.eval.fr
2013-11-20 16:08:42,www.eval.fr
2013-11-20 16:08:56,s3-eu-west-1.amazonaws.com
2013-11-20 16:08:58,www.cegos.fr
2013-11-20 16:08:58,www.google.fr
2013-11-20 16:08:59,www.google.com
2013-11-20 16:08:59,www.cegos.fr
2013-11-20 16:08:59,static.cegos.fr
2013-11-20 16:08:59,www.google.fr
2013-11-20 16:08:59,w.sharethis.com
2013-11-20 16:09:00,static.cegos.fr
2013-11-20 16:09:01,static.cegos.fr
2013-11-20 16:09:01,www.cegos.fr
2013-11-20 16:09:01,livechat.iadvize.com
2013-11-20 16:09:03,static.cegos.fr
2013-11-20 16:09:12,livechat.iadvize.com
2013-11-20 16:09:13,static.iadvize.com
2013-11-20 16:09:13,w.sharethis.com
2013-11-20 16:09:13,edge.sharethis.com
2013-11-20 16:09:13,livechat.iadvize.com
2013-11-20 16:09:13,static.cegos.fr
2013-11-20 16:09:16,static.cegos.fr
2013-11-20 16:09:46,www.google.fr
2013-11-20 16:09:47,www.formation-agriculteurs22.com
2013-11-20 16:09:47,www.google.fr
2013-11-20 16:10:46,www.google.fr
2013-11-20 16:10:47,www.eib.org
2013-11-20 16:10:48,www.google.fr
2013-11-20 16:10:48,www.eib.org
2013-11-20 16:10:49,www.eib.org
2013-11-20 16:10:49,www.formation-agriculteurs22.com
2013-11-20 16:10:50,www.eib.org
2013-11-20 16:10:51,www.eib.org
2013-11-20 16:10:52,www.eib.org
2013-11-20 16:10:53,www.google.fr
2013-11-20 16:10:54,www.linkfinance.fr
2013-11-20 16:10:55,www.linkfinance.fr
2013-11-20 16:10:55,www.squid-cache.org
2013-11-20 16:11:51,www.google.fr
2013-11-20 16:11:51,www.revueanalysefinanciere.com
2013-11-20 16:11:52,www.revueanalysefinanciere.com
2013-11-20 16:11:53,www.revueanalysefinanciere.com
2013-11-20 16:11:54,www.revueanalysefinanciere.com
2013-11-20 16:11:55,www.revueanalysefinanciere.com
2013-11-20 16:12:06,www.google.fr
2013-11-20 16:12:06,finances-territoriales.over-blog.com
2013-11-20 16:12:06,fdata.over-blog.net
2013-11-20 16:12:06,idata.over-blog.com
2013-11-20 16:12:06,a392.idata.over-blog.com
2013-11-20 16:12:07,yui.yahooapis.com
2013-11-20 16:12:07,fdata.over-blog.net
2013-11-20 16:12:07,www.audienceinsights.net
2013-11-20 16:12:07,premium.hi-mediaserver.com
2013-11-20 16:12:07,www.anonymousdmp.com
2013-11-20 16:12:08,finances-territoriales.over-blog.com
2013-11-20 16:12:08,fdata.over-blog.net
2013-11-20 16:12:08,www.audienceinsights.net
2013-11-20 16:12:08,www.facebook.com
2013-11-20 16:12:09,fdata.over-blog.net
2013-11-20 16:12:09,www.audienceinsights.net
2013-11-20 16:12:09,apis.google.com
2013-11-20 16:12:09,it3yv1v73b.s.ad6media.fr
2013-11-20 16:12:09,accounts.google.com
2013-11-20 16:12:09,platform.linkedin.com
2013-11-20 16:12:10,platform.linkedin.com
2013-11-20 16:12:10,static.ak.facebook.com
2013-11-20 16:12:10,www.audienceinsights.net
2013-11-20 16:12:10,www.linkedin.com
2013-11-20 16:12:10,s-static.ak.facebook.com
2013-11-20 16:12:10,apis.google.com
2013-11-20 16:12:10,twitter.com
2013-11-20 16:12:11,www.facebook.com
2013-11-20 16:12:11,apis.google.com
2013-11-20 16:12:18,fdata.over-blog.net
2013-11-20 16:12:18,m.ad6media.fr
2013-11-20 16:12:18,it3yv1v73b.s.ad6media.fr
2013-11-20 16:12:19,www.youtube.com
2013-11-20 16:12:19,it3yv1v73b.s.ad6media.fr
2013-11-20 16:12:19,style2.ad6.fr
2013-11-20 16:12:20,www.youtube.com
2013-11-20 16:12:20,s.ytimg.com
2013-11-20 16:12:20,it3yv1v73b.s.ad6media.fr
2013-11-20 16:12:21,www.youtube.com
2013-11-20 16:12:21,r1---sn-gxo5uxg-jqbe.googlevideo.com
2013-11-20 16:12:21,static.ebz.io
2013-11-20 16:12:21,s.youtube.com
2013-11-20 16:12:22,s.youtube.com
2013-11-20 16:12:22,static.ebz.io
2013-11-20 16:12:22,r1---sn-gxo5uxg-jqbe.googlevideo.com
2013-11-20 16:12:26,s.youtube.com
2013-11-20 16:12:26,r1---sn-gxo5uxg-jqbe.googlevideo.com
2013-11-20 16:12:27,www.linkedin.com
2013-11-20 16:12:31,s.youtube.com
2013-11-20 16:12:36,s.youtube.com
2013-11-20 16:12:40,r1---sn-gxo5uxg-jqbe.googlevideo.com
2013-11-20 16:12:46,s.youtube.com
2013-11-20 16:12:47,r1---sn-gxo5uxg-jqbe.googlevideo.com
2013-11-20 16:12:49,www.google.fr
2013-11-20 16:12:49,fr.wikipedia.org
2013-11-20 16:12:49,bits.wikimedia.org
2013-11-20 16:12:50,bits.wikimedia.org
2013-11-20 16:12:50,fr.wikipedia.org
2013-11-20 16:12:50,meta.wikimedia.org
2013-11-20 16:12:55,r1---sn-gxo5uxg-jqbe.googlevideo.com
2013-11-20 16:13:01,s.youtube.com
2013-11-20 16:13:03,bits.wikimedia.org
2013-11-20 16:13:09,r1---sn-gxo5uxg-jqbe.googlevideo.com
2013-11-20 16:13:10,r1---sn-gxo5uxg-jqbe.googlevideo.com
2013-11-20 16:13:20,s.youtube.com
2013-11-20 16:13:25,r1---sn-gxo5uxg-jqbe.googlevideo.com
2013-11-20 16:13:29,r1---sn-gxo5uxg-jqbe.googlevideo.com
2013-11-20 16:13:31,s.youtube.com
2013-11-20 16:13:40,r1---sn-gxo5uxg-jqbe.googlevideo.com
2013-11-20 16:13:49,r1---sn-gxo5uxg-jqbe.googlevideo.com
2013-11-20 16:13:55,r1---sn-gxo5uxg-jqbe.googlevideo.com
2013-11-20 16:14:00,s.youtube.com
2013-11-20 16:14:01,s.youtube.com
2013-11-20 16:14:04,bits.wikimedia.org
2013-11-20 16:14:09,r1---sn-gxo5uxg-jqbe.googlevideo.com
2013-11-20 16:14:10,r1---sn-gxo5uxg-jqbe.googlevideo.com
2013-11-20 16:14:18,zh.wikipedia.org
2013-11-20 16:14:18,bits.wikimedia.org
2013-11-20 16:14:19,bits.wikimedia.org
2013-11-20 16:14:19,zh.wikipedia.org
2013-11-20 16:14:19,meta.wikimedia.org
2013-11-20 16:14:19,login.wikimedia.org
2013-11-20 16:14:20,zh.wikipedia.org
2013-11-20 16:14:25,r1---sn-gxo5uxg-jqbe.googlevideo.com
2013-11-20 16:14:30,r1---sn-gxo5uxg-jqbe.googlevideo.com
2013-11-20 16:14:31,s.youtube.com
2013-11-20 16:14:34,zh.wikipedia.org
2013-11-20 16:14:40,r1---sn-gxo5uxg-jqbe.googlevideo.com
2013-11-20 16:14:40,s.youtube.com
2013-11-20 16:14:52,r1---sn-gxo5uxg-jqbe.googlevideo.com
2013-11-20 16:14:55,r1---sn-gxo5uxg-jqbe.googlevideo.com
2013-11-20 16:15:01,s.youtube.com
2013-11-20 16:15:10,r1---sn-gxo5uxg-jqbe.googlevideo.com
2013-11-20 16:15:15,r1---sn-gxo5uxg-jqbe.googlevideo.com
2013-11-20 16:15:20,s.youtube.com
2013-11-20 16:15:22,www.youtube.com
2013-11-20 16:15:25,r1---sn-gxo5uxg-jqbe.googlevideo.com
2013-11-20 16:15:31,s.youtube.com
2013-11-20 16:15:35,zh.wikipedia.org
2013-11-20 16:15:37,r1---sn-gxo5uxg-jqbe.googlevideo.com
2013-11-20 16:15:40,r1---sn-gxo5uxg-jqbe.googlevideo.com
2013-11-20 16:15:55,r1---sn-gxo5uxg-jqbe.googlevideo.com
2013-11-20 16:16:00,s.youtube.com
2013-11-20 16:16:01,s.youtube.com
2013-11-20 16:16:10,r1---sn-gxo5uxg-jqbe.googlevideo.com
2013-11-20 16:16:15,r1---sn-gxo5uxg-jqbe.googlevideo.com
2013-11-20 16:16:25,r1---sn-gxo5uxg-jqbe.googlevideo.com
2013-11-20 16:16:31,s.youtube.com
2013-11-20 16:16:34,r1---sn-gxo5uxg-jqbe.googlevideo.com
2013-11-20 16:16:40,r1---sn-gxo5uxg-jqbe.googlevideo.com
2013-11-20 16:16:40,s.youtube.com
2013-11-20 16:16:43,www.google.fr
2013-11-20 16:16:44,www.afdb.org
2013-11-20 16:16:52,r1---sn-gxo5uxg-jqbe.googlevideo.com
2013-11-20 16:16:55,r1---sn-gxo5uxg-jqbe.googlevideo.com
2013-11-20 16:17:01,s.youtube.com
2013-11-20 16:17:10,r1---sn-gxo5uxg-jqbe.googlevideo.com
2013-11-20 16:17:12,r1---sn-gxo5uxg-jqbe.googlevideo.com
2013-11-20 16:17:20,s.youtube.com
2013-11-20 16:17:21,www.google.fr
2013-11-20 16:17:23,www.slideshare.net
2013-11-20 16:17:23,cdn01.smartling.com
2013-11-20 16:17:25,r1---sn-gxo5uxg-jqbe.googlevideo.com
2013-11-20 16:17:25,www.linkedin.com
2013-11-20 16:17:25,connect.facebook.net
2013-11-20 16:17:25,platform.twitter.com
2013-11-20 16:17:25,platform.linkedin.com
2013-11-20 16:17:25,apis.google.com
2013-11-20 16:17:26,s-static.ak.facebook.com
2013-11-20 16:17:26,platform.twitter.com
2013-11-20 16:17:26,static.ak.facebook.com
2013-11-20 16:17:26,www.facebook.com
2013-11-20 16:17:27,www.facebook.com
2013-11-20 16:17:27,platform.twitter.com
2013-11-20 16:17:31,r1---sn-gxo5uxg-jqbe.googlevideo.com
2013-11-20 16:17:31,s.youtube.com
2013-11-20 16:17:32,platform.twitter.com
2013-11-20 16:17:37,apis.google.com
2013-11-20 16:17:37,twitter.com
2013-11-20 16:17:39,apis.google.com
2013-11-20 16:17:39,platform.linkedin.com
2013-11-20 16:17:39,www.linkedin.com
2013-11-20 16:17:39,r1---sn-gxo5uxg-jqbe.googlevideo.com
2013-11-20 16:17:40,accounts.google.com
2013-11-20 16:17:42,accounts.google.com
2013-11-20 16:17:49,r1---sn-gxo5uxg-jqbe.googlevideo.com
2013-11-20 16:17:52,www.google.fr
2013-11-20 16:17:53,www.google.fr
2013-11-20 16:17:54,r1---sn-gxo5uxg-jqbe.googlevideo.com
2013-11-20 16:18:00,s.youtube.com
2013-11-20 16:18:01,s.youtube.com
2013-11-20 16:18:02,www.google.fr
2013-11-20 16:18:05,com.editions-ti.com
2013-11-20 16:18:05,www.techniques-ingenieur.fr
2013-11-20 16:18:06,www.techniques-ingenieur.fr
2013-11-20 16:18:06,com.editions-ti.com
2013-11-20 16:18:07,www.techniques-ingenieur.fr
2013-11-20 16:18:07,r1---sn-gxo5uxg-jqbe.googlevideo.com
2013-11-20 16:18:08,www.techniques-ingenieur.fr
2013-11-20 16:18:10,r1---sn-gxo5uxg-jqbe.googlevideo.com
2013-11-20 16:18:24,r1---sn-gxo5uxg-jqbe.googlevideo.com
2013-11-20 16:18:28,r1---sn-gxo5uxg-jqbe.googlevideo.com
2013-11-20 16:18:31,s.youtube.com
2013-11-20 16:18:39,r1---sn-gxo5uxg-jqbe.googlevideo.com
2013-11-20 16:18:40,s.youtube.com
2013-11-20 16:18:48,www.google.fr
2013-11-20 16:18:48,www.letudiant.fr
2013-11-20 16:18:49,www.letudiant.fr
2013-11-20 16:18:49,cdnsl.coveritlive.com
2013-11-20 16:18:49,medias.letudiant.fr
2013-11-20 16:18:49,www.coveritlive.com
2013-11-20 16:18:49,cdnns.coveritlive.com
2013-11-20 16:18:49,static.ak.facebook.com
2013-11-20 16:18:49,connect.facebook.net
2013-11-20 16:18:50,www.linkedin.com
2013-11-20 16:18:50,www.coveritlive.com
2013-11-20 16:18:50,cdnsl.coveritlive.com
2013-11-20 16:18:50,cdns3.coveritlive.com
2013-11-20 16:18:50,s-static.ak.facebook.com
2013-11-20 16:18:51,www.facebook.com
2013-11-20 16:18:51,s-static.ak.facebook.com
2013-11-20 16:18:51,static.ak.facebook.com
2013-11-20 16:18:51,cdnsl.coveritlive.com
2013-11-20 16:18:51,www.coveritlive.com
2013-11-20 16:18:52,cdnsl.coveritlive.com
2013-11-20 16:18:52,www.coveritlive.com
2013-11-20 16:18:52,cdnns.coveritlive.com
2013-11-20 16:18:52,www.letudiant.fr
2013-11-20 16:18:52,s3.amazonaws.com
2013-11-20 16:18:52,cdnmo.coveritlive.com
2013-11-20 16:18:53,www.facebook.com
2013-11-20 16:18:53,s3.amazonaws.com
2013-11-20 16:18:53,www.letudiant.fr
2013-11-20 16:18:54,r1---sn-gxo5uxg-jqbe.googlevideo.com
2013-11-20 16:18:55,www.letudiant.fr
2013-11-20 16:19:01,s.youtube.com
2013-11-20 16:19:01,www.letudiant.fr
2013-11-20 16:19:01,r1---sn-gxo5uxg-jqbe.googlevideo.com
2013-11-20 16:19:03,s3.amazonaws.com
2013-11-20 16:19:05,www.coveritlive.com
2013-11-20 16:19:05,cdnsl.coveritlive.com
2013-11-20 16:19:05,cdnns.coveritlive.com
2013-11-20 16:19:09,r1---sn-gxo5uxg-jqbe.googlevideo.com
2013-11-20 16:19:13,s3.amazonaws.com
2013-11-20 16:19:21,s.youtube.com
2013-11-20 16:19:23,s3.amazonaws.com
2013-11-20 16:19:24,r1---sn-gxo5uxg-jqbe.googlevideo.com
2013-11-20 16:19:31,s.youtube.com
2013-11-20 16:19:33,s3.amazonaws.com
2013-11-20 16:19:33,r1---sn-gxo5uxg-jqbe.googlevideo.com
2013-11-20 16:19:39,r1---sn-gxo5uxg-jqbe.googlevideo.com
2013-11-20 16:19:43,s3.amazonaws.com
2013-11-20 16:19:47,www.google.fr
2013-11-20 16:19:49,r1---sn-gxo5uxg-jqbe.googlevideo.com
2013-11-20 16:19:53,s3.amazonaws.com
2013-11-20 16:19:54,r1---sn-gxo5uxg-jqbe.googlevideo.com
2013-11-20 16:20:01,s.youtube.com
2013-11-20 16:20:03,s3.amazonaws.com
2013-11-20 16:20:09,r1---sn-gxo5uxg-jqbe.googlevideo.com
2013-11-20 16:20:11,m.ad6media.fr
2013-11-20 16:20:12,r1---sn-gxo5uxg-jqbe.googlevideo.com
2013-11-20 16:20:13,s3.amazonaws.com
2013-11-20 16:20:23,s3.amazonaws.com
2013-11-20 16:20:33,s3.amazonaws.com
2013-11-20 16:20:43,s3.amazonaws.com
2013-11-20 16:20:53,s3.amazonaws.com
2013-11-20 16:21:03,s3.amazonaws.com
2013-11-20 16:21:13,s3.amazonaws.com
2013-11-20 16:21:23,s3.amazonaws.com
2013-11-20 16:21:33,s3.amazonaws.com
2013-11-20 16:21:43,s3.amazonaws.com
2013-11-20 16:21:53,s3.amazonaws.com
2013-11-20 16:22:03,s3.amazonaws.com
2013-11-20 16:22:13,s3.amazonaws.com
2013-11-20 16:22:23,s3.amazonaws.com
2013-11-20 16:22:33,s3.amazonaws.com
2013-11-20 16:22:43,s3.amazonaws.com
2013-11-20 16:22:53,s3.amazonaws.com
2013-11-20 16:23:03,s3.amazonaws.com
2013-11-20 16:23:13,s3.amazonaws.com
2013-11-20 16:23:23,s3.amazonaws.com
2013-11-20 16:23:33,s3.amazonaws.com
2013-11-20 16:23:43,s3.amazonaws.com
2013-11-20 16:23:53,s3.amazonaws.com
2013-11-20 16:24:03,s3.amazonaws.com
2013-11-20 16:24:13,s3.amazonaws.com
2013-11-20 16:24:23,s3.amazonaws.com
2013-11-20 16:24:33,s3.amazonaws.com
2013-11-20 16:24:43,s3.amazonaws.com
2013-11-20 16:24:53,s3.amazonaws.com
2013-11-20 16:25:00,www.google.fr
2013-11-20 16:25:01,static.efinancialcareers.fr
2013-11-20 16:25:01,emploi.efinancialcareers.fr
2013-11-20 16:25:02,static.efinancialcareers.fr
2013-11-20 16:25:02,www.efinancialcareers.fr
2013-11-20 16:25:03,metrics.efinancialcareers.co.uk
2013-11-20 16:25:03,s3.amazonaws.com
2013-11-20 16:25:05,static.efinancialcareers.fr
2013-11-20 16:25:12,myefc.efinancialcareers.com
2013-11-20 16:25:13,s3.amazonaws.com
2013-11-20 16:25:23,s3.amazonaws.com
2013-11-20 16:25:33,s3.amazonaws.com
2013-11-20 16:25:43,s3.amazonaws.com
2013-11-20 16:25:53,s3.amazonaws.com
2013-11-20 16:26:03,s3.amazonaws.com
2013-11-20 16:26:08,myefc.efinancialcareers.com
2013-11-20 16:26:13,s3.amazonaws.com
2013-11-20 16:26:15,www.google.fr
2013-11-20 16:26:17,www.google.fr
2013-11-20 16:26:18,apis.google.com
2013-11-20 16:26:18,www.dunod.com
2013-11-20 16:26:18,www.images.hachette-livre.fr
2013-11-20 16:26:19,www.images.hachette-livre.fr
2013-11-20 16:26:19,www.dunod.com
2013-11-20 16:26:20,www.dunod.com
2013-11-20 16:26:21,www.dunod.com
2013-11-20 16:26:22,accounts.google.com
2013-11-20 16:26:22,www.dunod.com
2013-11-20 16:26:23,s3.amazonaws.com
2013-11-20 16:26:33,s3.amazonaws.com
2013-11-20 16:26:43,s3.amazonaws.com
2013-11-20 16:26:53,s3.amazonaws.com
2013-11-20 16:27:03,s3.amazonaws.com
2013-11-20 16:27:13,s3.amazonaws.com
2013-11-20 16:27:23,s3.amazonaws.com
2013-11-20 16:27:33,s3.amazonaws.com
2013-11-20 16:27:43,s3.amazonaws.com
2013-11-20 16:27:53,s3.amazonaws.com
2013-11-20 16:28:03,s3.amazonaws.com
2013-11-20 16:28:13,s3.amazonaws.com
2013-11-20 16:28:23,s3.amazonaws.com
2013-11-20 16:28:33,s3.amazonaws.com
2013-11-20 16:28:43,s3.amazonaws.com
2013-11-20 16:28:53,s3.amazonaws.com
2013-11-20 16:29:03,s3.amazonaws.com
2013-11-20 16:29:13,s3.amazonaws.com
2013-11-20 16:29:23,s3.amazonaws.com
2013-11-20 16:29:33,s3.amazonaws.com
2013-11-20 16:29:38,apis.google.com
2013-11-20 16:29:38,www.google.fr
2013-11-20 16:29:41,www.google.com
2013-11-20 16:29:43,s3.amazonaws.com
2013-11-20 16:29:44,accounts.google.com
2013-11-20 16:29:53,s3.amazonaws.com
2013-11-20 16:29:58,www.google.fr
2013-11-20 16:29:58,accounts.youtube.com
2013-11-20 16:30:03,s3.amazonaws.com
2013-11-20 16:30:13,s3.amazonaws.com
2013-11-20 16:30:18,apis.google.com
2013-11-20 16:30:23,s3.amazonaws.com
2013-11-20 16:30:29,apis.google.com
2013-11-20 16:30:29,www.google.com
2013-11-20 16:30:29,accounts.google.fr
2013-11-20 16:30:33,s3.amazonaws.com
2013-11-20 16:30:34,accounts.google.com
2013-11-20 16:30:34,drive.google.com
2013-11-20 16:30:35,plus.google.com
2013-11-20 16:30:35,accounts.youtube.com
2013-11-20 16:30:35,accounts.google.fr
2013-11-20 16:30:35,apis.google.com
2013-11-20 16:30:35,www.google.fr
2013-11-20 16:30:36,lh4.google.com
2013-11-20 16:30:36,www.google.fr
2013-11-20 16:30:36,www.google.com
2013-11-20 16:30:36,apis.google.com
2013-11-20 16:30:36,drive.google.com
2013-11-20 16:30:36,lh3.google.com
2013-11-20 16:30:36,lh5.google.com
2013-11-20 16:30:38,0.drive.google.com
2013-11-20 16:30:41,lh5.google.com
2013-11-20 16:30:41,lh3.google.com
2013-11-20 16:30:41,lh4.google.com
2013-11-20 16:30:43,docs.google.com
2013-11-20 16:30:43,s3.amazonaws.com
2013-11-20 16:30:43,www.google.com
2013-11-20 16:30:44,drive.google.com
2013-11-20 16:30:48,docs.google.com
2013-11-20 16:30:48,plus.google.com
2013-11-20 16:30:53,s3.amazonaws.com
2013-11-20 16:31:03,docs.google.com
2013-11-20 16:31:03,s3.amazonaws.com
2013-11-20 16:31:06,apis.google.com
2013-11-20 16:31:06,docs.google.com
2013-11-20 16:31:07,www.google.com
2013-11-20 16:31:08,0.docs.google.com
2013-11-20 16:31:08,apis.google.com
2013-11-20 16:31:08,docs.google.com
2013-11-20 16:31:09,accounts.google.com
2013-11-20 16:31:09,www.google.com
2013-11-20 16:31:13,s3.amazonaws.com
2013-11-20 16:31:20,clients6.google.com
2013-11-20 16:31:23,s3.amazonaws.com
2013-11-20 16:31:33,s3.amazonaws.com
2013-11-20 16:31:35,apis.google.com
2013-11-20 16:31:43,s3.amazonaws.com
2013-11-20 16:31:47,gg.google.com
2013-11-20 16:31:53,s3.amazonaws.com
2013-11-20 16:32:03,s3.amazonaws.com
2013-11-20 16:32:13,s3.amazonaws.com
2013-11-20 16:32:23,s3.amazonaws.com
2013-11-20 16:32:33,s3.amazonaws.com
2013-11-20 16:32:43,s3.amazonaws.com
2013-11-20 16:32:53,s3.amazonaws.com
2013-11-20 16:33:03,docs.google.com
2013-11-20 16:33:03,apis.google.com
2013-11-20 16:33:03,s3.amazonaws.com
2013-11-20 16:33:08,docs.google.com
2013-11-20 16:33:13,s3.amazonaws.com
2013-11-20 16:33:15,plus.google.com
2013-11-20 16:33:15,accounts.google.com
2013-11-20 16:33:15,talkgadget.google.com
2013-11-20 16:33:23,s3.amazonaws.com
2013-11-20 16:33:33,s3.amazonaws.com
2013-11-20 16:33:43,s3.amazonaws.com
2013-11-20 16:33:53,s3.amazonaws.com
2013-11-20 16:34:03,s3.amazonaws.com
2013-11-20 16:34:13,s3.amazonaws.com
2013-11-20 16:34:15,clients6.google.com
2013-11-20 16:34:18,apis.google.com
2013-11-20 16:34:23,s3.amazonaws.com
2013-11-20 16:34:33,s3.amazonaws.com
2013-11-20 16:34:41,docs.google.com
2013-11-20 16:34:43,s3.amazonaws.com
2013-11-20 16:34:44,docs.google.com
2013-11-20 16:34:49,lh5.google.com
2013-11-20 16:34:51,drive.google.com
2013-11-20 16:34:53,s3.amazonaws.com
2013-11-20 16:34:58,drive.google.com
2013-11-20 16:35:03,s3.amazonaws.com
2013-11-20 16:35:13,s3.amazonaws.com
2013-11-20 16:35:23,s3.amazonaws.com
2013-11-20 16:35:33,s3.amazonaws.com
2013-11-20 16:35:43,s3.amazonaws.com
2013-11-20 16:35:47,gg.google.com
2013-11-20 16:35:53,s3.amazonaws.com
2013-11-20 16:36:03,s3.amazonaws.com
2013-11-20 16:36:08,lh6.google.com
2013-11-20 16:36:13,s3.amazonaws.com
2013-11-20 16:36:23,s3.amazonaws.com
2013-11-20 16:36:33,s3.amazonaws.com
2013-11-20 16:36:43,s3.amazonaws.com
2013-11-20 16:36:52,www.google.com
2013-11-20 16:36:53,s3.amazonaws.com
2013-11-20 16:36:59,docs.google.com
2013-11-20 16:37:03,cdnsl.coveritlive.com
2013-11-20 16:37:03,s3.amazonaws.com
2013-11-20 16:37:03,apis.google.com
2013-11-20 16:37:08,lh3.google.com
2013-11-20 16:37:13,s3.amazonaws.com
2013-11-20 16:37:15,plus.google.com
2013-11-20 16:37:15,talkgadget.google.com
2013-11-20 16:37:23,s3.amazonaws.com
2013-11-20 16:37:33,s3.amazonaws.com
2013-11-20 16:37:43,s3.amazonaws.com
2013-11-20 16:37:53,s3.amazonaws.com
2013-11-20 16:38:03,s3.amazonaws.com
2013-11-20 16:38:13,s3.amazonaws.com
2013-11-20 16:38:15,www.google.com
2013-11-20 16:38:23,s3.amazonaws.com
2013-11-20 16:38:33,s3.amazonaws.com
2013-11-20 16:38:43,s3.amazonaws.com
2013-11-20 16:38:53,s3.amazonaws.com
2013-11-20 16:39:03,s3.amazonaws.com
2013-11-20 16:39:09,lh6.google.com
2013-11-20 16:39:13,s3.amazonaws.com
2013-11-20 16:39:23,s3.amazonaws.com
2013-11-20 16:39:33,s3.amazonaws.com
2013-11-20 16:39:43,s3.amazonaws.com
2013-11-20 16:39:53,s3.amazonaws.com
2013-11-20 16:40:03,s3.amazonaws.com
2013-11-20 16:40:13,s3.amazonaws.com
2013-11-20 16:40:23,s3.amazonaws.com
2013-11-20 16:40:33,s3.amazonaws.com
2013-11-20 16:40:38,drive.google.com
2013-11-20 16:40:43,s3.amazonaws.com
2013-11-20 16:40:53,s3.amazonaws.com
2013-11-20 16:41:03,s3.amazonaws.com
2013-11-20 16:41:05,docs.google.com
2013-11-20 16:41:13,s3.amazonaws.com
2013-11-20 16:41:23,s3.amazonaws.com
2013-11-20 16:41:33,s3.amazonaws.com
2013-11-20 16:41:43,s3.amazonaws.com
2013-11-20 16:41:53,s3.amazonaws.com
2013-11-20 16:42:03,s3.amazonaws.com
2013-11-20 16:42:13,s3.amazonaws.com
2013-11-20 16:42:23,s3.amazonaws.com
2013-11-20 16:42:33,s3.amazonaws.com
2013-11-20 16:42:43,s3.amazonaws.com
2013-11-20 16:42:53,s3.amazonaws.com
2013-11-20 16:43:03,s3.amazonaws.com
2013-11-20 16:43:09,lh6.google.com
2013-11-20 16:43:13,s3.amazonaws.com
2013-11-20 16:43:23,s3.amazonaws.com
2013-11-20 16:43:33,s3.amazonaws.com
2013-11-20 16:43:43,s3.amazonaws.com
2013-11-20 16:43:53,s3.amazonaws.com
2013-11-20 16:44:03,s3.amazonaws.com
2013-11-20 16:44:13,s3.amazonaws.com
2013-11-20 16:44:23,s3.amazonaws.com
2013-11-20 16:44:33,s3.amazonaws.com
2013-11-20 16:44:38,drive.google.com
2013-11-20 16:44:43,s3.amazonaws.com
2013-11-20 16:44:44,plus.google.com
2013-11-20 16:44:53,s3.amazonaws.com
2013-11-20 16:44:54,plus.google.com
2013-11-20 16:45:03,s3.amazonaws.com
2013-11-20 16:45:05,docs.google.com
2013-11-20 16:45:13,s3.amazonaws.com
2013-11-20 16:45:23,s3.amazonaws.com
2013-11-20 16:45:33,s3.amazonaws.com
2013-11-20 16:45:43,s3.amazonaws.com
2013-11-20 16:45:53,s3.amazonaws.com
2013-11-20 16:46:03,s3.amazonaws.com
2013-11-20 16:46:13,s3.amazonaws.com
2013-11-20 16:46:23,s3.amazonaws.com
2013-11-20 16:46:33,s3.amazonaws.com
2013-11-20 16:46:43,s3.amazonaws.com
2013-11-20 16:46:53,s3.amazonaws.com
2013-11-20 16:47:03,s3.amazonaws.com
2013-11-20 16:47:13,s3.amazonaws.com
2013-11-20 16:47:23,s3.amazonaws.com
2013-11-20 16:47:33,s3.amazonaws.com
2013-11-20 16:47:43,s3.amazonaws.com
2013-11-20 16:47:53,s3.amazonaws.com
2013-11-20 16:48:03,s3.amazonaws.com
2013-11-20 16:48:13,s3.amazonaws.com
2013-11-20 16:48:23,s3.amazonaws.com
2013-11-20 16:48:33,s3.amazonaws.com
2013-11-20 16:48:43,s3.amazonaws.com
2013-11-20 16:48:53,s3.amazonaws.com
2013-11-20 16:49:03,s3.amazonaws.com
2013-11-20 16:49:13,s3.amazonaws.com
2013-11-20 16:49:23,s3.amazonaws.com
2013-11-20 16:49:33,s3.amazonaws.com
2013-11-20 16:49:43,s3.amazonaws.com
2013-11-20 16:49:53,s3.amazonaws.com
2013-11-20 16:50:03,s3.amazonaws.com
2013-11-20 16:50:13,s3.amazonaws.com
2013-11-20 16:50:23,s3.amazonaws.com
2013-11-20 16:50:33,s3.amazonaws.com
2013-11-20 16:50:43,s3.amazonaws.com
2013-11-20 16:50:53,s3.amazonaws.com
2013-11-20 16:51:03,s3.amazonaws.com
2013-11-20 16:51:13,s3.amazonaws.com
2013-11-20 16:51:23,s3.amazonaws.com
2013-11-20 16:51:33,s3.amazonaws.com
2013-11-20 16:51:43,s3.amazonaws.com
2013-11-20 16:51:53,s3.amazonaws.com
2013-11-20 16:52:03,s3.amazonaws.com
2013-11-20 16:52:13,s3.amazonaws.com
2013-11-20 16:52:20,drive.google.com
2013-11-20 16:52:23,s3.amazonaws.com
2013-11-20 16:52:33,s3.amazonaws.com
2013-11-20 16:52:34,docs.google.com
2013-11-20 16:52:36,docs.google.com
2013-11-20 16:52:37,docs.google.com
2013-11-20 16:52:38,docs.google.com
2013-11-20 16:52:39,clients6.google.com
2013-11-20 16:52:39,g.microsoft.com
2013-11-20 16:52:40,1.docs.google.com
2013-11-20 16:52:43,s3.amazonaws.com
2013-11-20 16:52:53,s3.amazonaws.com
2013-11-20 16:53:02,gg.google.com
2013-11-20 16:53:03,s3.amazonaws.com
2013-11-20 16:53:05,docs.google.com
2013-11-20 16:53:13,s3.amazonaws.com
2013-11-20 16:53:23,s3.amazonaws.com
2013-11-20 16:53:33,s3.amazonaws.com
2013-11-20 16:53:43,s3.amazonaws.com
2013-11-20 16:53:53,s3.amazonaws.com
2013-11-20 16:54:22,0.docs.google.com
2013-11-20 16:54:22,docs.google.com
2013-11-20 16:54:22,1.docs.google.com
2013-11-20 16:54:22,s3.amazonaws.com
2013-11-20 16:54:23,drive.google.com
2013-11-20 16:54:23,plus.google.com
2013-11-20 16:54:23,lh4.google.com
2013-11-20 16:54:23,lh6.google.com
2013-11-20 16:54:23,clients6.google.com
2013-11-20 16:54:23,gg.google.com
2013-11-20 16:54:23,0.drive.google.com
2013-11-20 16:55:21,docs.google.com
2013-11-23 21:27:42,javadl-esd.sun.com
2013-11-25 12:35:34,www.google.fr
2013-11-25 12:35:35,apis.google.com
2013-11-25 12:35:37,www.google.com
2013-11-25 12:35:40,plus.google.com
2013-11-25 12:35:49,www.google.com
2013-11-25 12:35:49,plus.google.com
2013-11-25 12:35:49,apis.google.com
2013-11-25 12:35:49,www.google.fr
2013-11-25 12:35:50,www.google.fr
2013-11-26 08:07:08,javadl-esd.sun.com
2013-11-26 08:29:15,www.google.fr
2013-11-26 08:29:16,apis.google.com
2013-11-26 08:30:18,www.google.fr
2013-11-26 08:30:18,apis.google.com
2013-11-26 08:30:19,www.google.com
2013-11-26 08:30:46,www.google.fr
2013-11-26 08:30:46,www.google.com
2013-11-26 08:30:46,plus.google.com
2013-11-26 08:31:47,www.google.com
2013-11-26 08:31:47,www.google.fr
2013-11-26 08:31:51,plus.google.com
2013-11-26 08:31:52,apis.google.com
2013-11-26 08:32:47,plus.google.com
2013-11-26 08:32:47,www.google.fr
2013-11-26 08:32:52,apis.google.com
2013-11-26 08:32:52,plus.google.com
2013-11-26 08:32:52,www.google.com
2013-11-26 08:33:47,www.google.com
2013-11-26 08:33:47,apis.google.com
2013-11-27 10:05:27,apis.google.com
2013-11-27 10:05:27,www.google.fr
2013-11-27 10:06:07,www.google.fr
2013-11-27 10:09:49,go.microsoft.com
2013-11-27 10:09:49,windows.microsoft.com
2013-11-27 10:09:49,ajax.microsoft.com
2013-11-27 10:09:49,js.microsoft.com
2013-11-27 10:09:49,res1.windows.microsoft.com
2013-11-27 10:09:49,res2.windows.microsoft.com
2013-11-27 10:09:53,www.bing.com
2013-11-27 10:09:55,api.bing.com
2013-11-27 10:09:55,fr.msn.com
2013-11-27 10:09:55,www.bing.com
2013-11-27 10:09:55,c.fr.msn.com
2013-11-27 10:09:55,h2.msn.com
2013-11-27 10:09:56,connect.facebook.net
2013-11-27 10:09:56,s-static.ak.facebook.com
2013-11-27 10:09:56,img1.video.s-msn.com
2013-11-27 10:09:56,cntr.adrcntr.com
2013-11-27 10:09:56,hub.video.msn.com
2013-11-27 10:09:56,img2.video.s-msn.com
2013-11-27 10:09:56,platform.twitter.com
2013-11-27 10:09:56,static.ak.facebook.com
2013-11-27 10:09:57,img1.video.s-msn.com
2013-11-27 10:09:57,evt.adrcntr.com
2013-11-27 10:09:57,www.facebook.com
2013-11-27 10:09:57,video.msn.com
2013-11-27 10:09:57,fr.msn.com
2013-11-27 10:09:57,platform.twitter.com
2013-11-27 10:09:58,platform.twitter.com
2013-11-27 10:09:58,download.skype.com
2013-11-27 10:09:58,www.facebook.com
2013-11-27 10:09:58,h2.msn.com
2013-11-27 10:09:59,evt.adrcntr.com
2013-11-27 10:09:59,spot.static.meetic.com
2013-11-27 10:10:00,ieonline.microsoft.com
2013-11-27 10:10:00,login.live.com
2013-11-27 10:10:00,platform.twitter.com
2013-11-27 12:24:11,cntr.adrcntr.com
2013-11-27 12:24:11,www.bing.com
2013-11-27 12:24:11,c.fr.msn.com
2013-11-27 12:24:11,api.bing.com
2013-11-27 12:24:11,img1.video.s-msn.com
2013-11-27 12:24:11,fr.msn.com
2013-11-27 12:24:12,hub.video.msn.com
2013-11-27 12:24:12,connect.facebook.net
2013-11-27 12:24:12,platform.twitter.com
2013-11-27 12:24:12,static.ak.facebook.com
2013-11-27 12:24:12,s-static.ak.facebook.com
2013-11-27 12:24:12,spot.static.meetic.com
2013-11-27 12:24:13,picda.ilius.net
2013-11-27 12:24:13,fr.msn.com
2013-11-27 12:24:13,evt.adrcntr.com
2013-11-27 12:24:13,www.facebook.com
2013-11-27 12:24:14,download.skype.com
2013-11-27 12:24:14,www.facebook.com
2013-11-27 12:24:16,g.msn.com
2013-11-27 12:24:18,evt.adrcntr.com
2013-11-27 12:24:18,platform.twitter.com
2013-11-27 12:24:23,login.live.com
2013-11-27 12:24:26,evt.adrcntr.com
2013-11-27 12:24:30,fr.msn.com
2013-11-27 12:24:30,twitter.com
2013-11-27 12:24:30,login.secure.emea.msn.com
2013-11-27 12:24:33,www.bing.com
2013-11-27 12:24:33,twitter.com
2013-11-27 12:24:33,evt.adrcntr.com
2013-11-27 12:24:34,www.bing.com
2013-11-27 12:24:35,platform.twitter.com
2013-11-27 12:24:36,login.live.com
2013-11-27 12:24:36,www.bing.com
2013-11-27 12:24:36,cms.abmr.net
2013-11-27 12:24:40,pbs.twimg.com
2013-11-27 12:25:39,api.bing.com
2013-11-27 12:25:39,www.bing.com
2013-11-27 12:25:39,fr.msn.com
2013-11-27 12:25:39,c.fr.msn.com
2013-11-27 12:25:40,s-static.ak.facebook.com
2013-11-27 12:25:40,cntr.adrcntr.com
2013-11-27 12:25:40,hub.video.msn.com
2013-11-27 12:25:40,static.ak.facebook.com
2013-11-27 12:25:40,platform.twitter.com
2013-11-27 12:25:40,www.facebook.com
2013-11-27 12:25:41,fr.msn.com
2013-11-27 12:25:41,evt.adrcntr.com
2013-11-27 12:25:41,www.facebook.com
2013-11-27 12:25:41,picda.ilius.net
2013-11-27 12:25:42,picda.ilius.net
2013-11-27 12:25:42,www.facebook.com
2013-11-27 12:25:46,platform.twitter.com
2013-11-27 12:25:46,evt.adrcntr.com
2013-11-27 12:25:51,login.live.com
2013-11-27 12:25:53,login.secure.emea.msn.com
2013-11-27 12:25:53,www.iegallery.com
2013-11-27 12:25:53,go.microsoft.com
2013-11-27 12:25:53,fr.msn.com
2013-11-27 12:25:54,evt.adrcntr.com
2013-11-27 12:25:54,www.iegallery.com
2013-11-27 12:25:55,www.iegallery.com
2013-11-27 12:25:58,www.iegallery.com
2013-11-27 12:25:58,twitter.com
2013-11-27 12:25:59,www.iegallery.com
2013-11-27 12:26:01,evt.adrcntr.com
2013-11-27 12:26:01,twitter.com
2013-11-27 12:26:08,pbs.twimg.com
2013-11-27 12:26:09,platform.twitter.com
2013-11-27 12:26:09,pbs.twimg.com
2013-11-27 12:26:09,evt.adrcntr.com
2013-11-27 12:26:11,www.msn.com
2013-11-27 12:26:11,www.bing.com
2013-11-27 12:26:12,evt.adrcntr.com
2013-11-27 12:26:13,api.bing.com
2013-11-27 12:26:14,fr.bing.com
2013-11-27 12:26:14,g.msn.com
2013-11-27 12:26:14,www.bing.com
2013-11-27 12:26:19,www.bing.com
2013-11-27 12:26:20,www.bing.com
2013-11-27 12:26:21,www.bing.com
2013-11-27 12:26:22,www.bing.com
2013-11-27 12:26:23,www.bing.com
2013-11-27 12:26:25,www.bing.com
2013-11-27 12:26:26,login.live.com
2013-11-27 12:26:27,login.live.com
2013-11-27 12:26:34,syndication.twitter.com
2013-11-27 12:26:41,www.bing.com
2013-11-27 12:26:41,ssl.bing.com
2013-11-27 12:27:05,syndication.twitter.com
2013-11-27 12:27:22,www.bing.com
2013-11-27 12:27:37,www.bing.com
2013-11-27 12:27:41,evt.adrcntr.com
2013-11-27 12:27:42,login.live.com
2013-11-27 12:27:42,ssl.bing.com
2013-11-27 12:27:43,api.bing.com
2013-11-27 12:27:43,fr.msn.com
2013-11-27 12:27:43,www.bing.com
2013-11-27 12:27:43,c.fr.msn.com
2013-11-27 12:27:44,cntr.adrcntr.com
2013-11-27 12:27:44,hub.video.msn.com
2013-11-27 12:27:45,platform.twitter.com
2013-11-27 12:27:45,hub.video.msn.com
2013-11-27 12:27:45,static.ak.facebook.com
2013-11-27 12:27:45,fr.msn.com
2013-11-27 12:27:45,s-static.ak.facebook.com
2013-11-27 12:27:45,www.facebook.com
2013-11-27 12:27:45,evt.adrcntr.com
2013-11-27 12:27:46,www.facebook.com
2013-11-27 12:27:46,picda.ilius.net
2013-11-27 12:27:47,www.facebook.com
2013-11-27 12:27:50,platform.twitter.com
2013-11-27 12:27:50,evt.adrcntr.com
2013-11-27 12:27:51,evt.adrcntr.com
2013-11-27 12:27:51,fr.msn.com
2013-11-27 12:27:52,c.fr.msn.com
2013-11-27 12:27:52,www.bing.com
2013-11-27 12:27:53,img1.video.s-msn.com
2013-11-27 12:27:53,api.bing.com
2013-11-27 12:27:53,cntr.adrcntr.com
2013-11-27 12:27:53,hub.video.msn.com
2013-11-27 12:27:53,platform.twitter.com
2013-11-27 12:27:54,c.fr.msn.com
2013-11-27 12:27:54,evt.adrcntr.com
2013-11-27 12:27:54,www.bing.com
2013-11-27 12:27:54,fr.msn.com
2013-11-27 12:27:55,login.live.com
2013-11-27 12:27:55,www.bing.com
2013-11-27 12:27:55,img1.video.s-msn.com
2013-11-27 12:27:55,cntr.adrcntr.com
2013-11-27 12:27:55,api.bing.com
2013-11-27 12:27:56,static.ak.facebook.com
2013-11-27 12:27:56,platform.twitter.com
2013-11-27 12:27:56,hub.video.msn.com
2013-11-27 12:27:56,s-static.ak.facebook.com
2013-11-27 12:27:56,fr.msn.com
2013-11-27 12:27:57,evt.adrcntr.com
2013-11-27 12:27:57,platform.twitter.com
2013-11-27 12:27:57,www.facebook.com
2013-11-27 12:27:57,login.live.com
2013-11-27 12:27:58,platform.twitter.com
2013-11-27 12:27:58,picda.ilius.net
2013-11-27 12:28:00,fr.msn.com
2013-11-27 12:28:00,login.secure.emea.msn.com
2013-11-27 12:28:02,evt.adrcntr.com
2013-11-27 12:28:03,pbs.twimg.com
2013-11-27 12:28:03,twitter.com
2013-11-27 12:30:53,fr.start2.mozilla.com
2013-11-27 12:30:53,start.mozilla.org
2013-11-27 12:30:54,start.mozilla.org
2013-11-27 12:31:00,fr.fxfeeds.mozilla.com
2013-11-27 12:31:00,www.lemonde.fr
2013-11-27 12:31:00,rss.lemonde.fr
2013-11-27 12:31:01,www.google.fr
2013-11-27 12:31:01,www.google.com
2013-11-27 12:31:01,google.com
2013-11-27 12:31:02,clients1.google.fr
2013-11-27 12:31:02,img.youtube.com
2013-11-27 12:31:02,www.google.fr
2013-11-27 12:42:01,office14client.microsoft.com
2013-11-27 12:42:03,office.microsoft.com
2013-11-27 12:42:04,office.microsoft.com
2013-11-27 12:42:05,office.microsoft.com
2013-11-27 15:51:37,api.bing.com
2013-11-27 15:51:37,c.fr.msn.com
2013-11-27 15:51:37,www.bing.com
2013-11-27 15:51:37,fr.msn.com
2013-11-27 15:51:38,hub.video.msn.com
2013-11-27 15:51:38,platform.twitter.com
2013-11-27 15:51:38,img1.video.s-msn.com
2013-11-27 15:51:38,cntr.adrcntr.com
2013-11-27 15:51:38,spot.static.meetic.com
2013-11-27 15:51:39,www.bing.com
2013-11-27 15:51:39,fr.msn.com
2013-11-27 15:51:39,connect.facebook.net
2013-11-27 15:51:39,www.msn.com
2013-11-27 15:51:39,hub.video.msn.com
2013-11-27 15:51:39,static.ak.facebook.com
2013-11-27 15:51:39,s-static.ak.facebook.com
2013-11-27 15:51:40,evt.adrcntr.com
2013-11-27 15:51:40,api.bing.com
2013-11-27 15:51:40,picda.ilius.net
2013-11-27 15:51:40,www.facebook.com
2013-11-27 15:51:41,api.bing.com
2013-11-27 15:51:42,fr.bing.com
2013-11-27 15:51:42,api.bing.com
2013-11-27 15:51:43,www.bing.com
2013-11-27 15:51:43,g.msn.com
2013-11-27 15:51:44,www.bing.com
2013-11-27 15:51:44,platform.twitter.com
2013-11-27 15:51:44,evt.adrcntr.com
2013-11-27 15:51:48,evt.adrcntr.com
2013-11-27 15:51:48,pbs.twimg.com
2013-11-27 15:51:49,login.live.com
2013-11-27 15:52:49,pbs.twimg.com
2013-11-28 10:21:25,platform.twitter.com
2013-11-28 10:21:58,www.facebook.com
2013-11-28 10:21:58,s-static.ak.facebook.com
2013-11-28 10:22:00,login.live.com
2013-11-28 10:22:02,login.secure.emea.msn.com
2013-11-28 10:22:09,twitter.com
2013-11-28 10:22:26,platform.twitter.com
2013-11-28 10:22:26,pbs.twimg.com
2013-11-28 10:22:26,twitter.com
2013-11-28 10:22:36,syndication.twitter.com
2013-11-28 10:23:07,syndication.twitter.com
2013-11-28 10:24:08,ieonline.microsoft.com
2013-11-28 10:24:12,ieonline.microsoft.com
2013-11-28 10:24:15,go.microsoft.com
2013-11-28 10:24:36,syndication.twitter.com
2013-11-28 10:26:07,syndication.twitter.com
2013-11-28 10:27:36,syndication.twitter.com
2013-11-28 10:29:07,syndication.twitter.com
2013-11-28 10:41:12,login.live.com
2013-11-28 10:41:14,s-static.ak.facebook.com
2013-11-28 10:41:19,twitter.com
2013-11-28 10:41:20,login.secure.emea.msn.com
2013-11-28 10:41:31,twitter.com
2013-11-28 10:41:31,platform.twitter.com
2013-11-28 10:49:34,www.google.fr
2013-11-28 10:49:35,apis.google.com
2013-11-28 10:49:36,www.google.com
2013-11-28 10:49:37,www.google.fr
2013-11-28 10:49:37,www.google.com
2013-11-28 10:49:37,apis.google.com
2013-11-28 19:59:42,www.google.fr
2013-11-28 19:59:43,apis.google.com
2013-11-28 19:59:43,www.google.com
2013-11-28 20:00:03,www.google.com
2013-11-28 20:00:03,apis.google.com
2013-11-28 20:00:05,www.google.fr
2013-11-28 20:01:23,ieonline.microsoft.com
2013-11-28 20:29:32,www.google.fr
2013-11-28 20:29:39,www.google.fr
2013-11-29 19:46:28,ieonline.microsoft.com
2013-11-29 19:51:45,www.google.fr
2013-11-29 19:51:46,www.google.fr
2013-11-29 19:51:47,apis.google.com
2013-11-29 19:51:47,www.google.com
2013-11-29 19:51:52,www.google.fr
2013-11-29 19:51:52,apis.google.com
2013-11-29 19:51:54,www.google.fr
2013-11-29 19:51:54,www.google.com
2013-11-29 19:51:55,www.office.xerox.com
2013-11-29 19:51:55,www.xerox.com
2013-11-29 19:51:56,www.facebook.com
2013-11-29 19:51:56,www.xerox.com
2013-11-29 19:51:56,inquiry.shop.xerox.com
2013-11-29 19:51:56,marketing.external.xerox.com
2013-11-29 19:51:56,connect.facebook.net
2013-11-29 19:51:56,ftr2.external.xerox.com
2013-11-29 19:51:56,s-static.ak.facebook.com
2013-11-29 19:51:56,static.ak.facebook.com
2013-11-29 19:51:57,www.office.xerox.com
2013-11-29 19:51:57,xerox.elicitapp.com
2013-11-29 19:51:58,xerox.elicitapp.com
2013-11-29 20:42:38,www.google.fr
2013-11-29 20:42:58,www.google.fr
2013-11-29 20:42:58,lumimath.univ-mrs.fr
2013-11-29 20:43:00,lumimath.univ-mrs.fr
2013-11-29 20:43:57,www.google.fr
2013-11-29 20:44:13,fr.wikipedia.org
2013-11-29 20:44:13,www.google.fr
2013-11-29 20:44:13,bits.wikimedia.org
2013-11-29 20:44:14,bits.wikimedia.org
2013-11-29 20:44:14,fr.wikipedia.org
2013-11-29 20:44:14,meta.wikimedia.org
2013-11-29 20:44:15,login.wikimedia.org
2013-11-29 20:44:15,bits.wikimedia.org
2013-11-29 20:44:15,meta.wikimedia.org
2013-11-29 20:44:15,fr.wikipedia.org
2013-11-29 20:45:15,fr.wikipedia.org
2013-11-29 20:45:15,bits.wikimedia.org
2013-11-29 20:45:15,login.wikimedia.org
2013-11-29 20:45:39,ieonline.microsoft.com
2013-11-29 20:46:07,www.google.fr
2013-11-29 20:47:22,www.biomedicale.univ-paris5.fr
2013-11-29 20:47:22,www.google.fr
2013-11-29 20:47:23,www.biomedicale.univ-paris5.fr
2013-11-29 20:48:03,cermics.enpc.fr
2013-11-29 20:48:03,www.google.fr
2013-11-29 20:48:04,cermics.enpc.fr
2013-11-29 20:48:05,cermics.enpc.fr
2013-11-29 20:52:29,www.google.fr
2013-11-29 20:52:30,www.ilemaths.net
2013-11-29 20:52:30,latex.ilemaths.net
2013-11-29 20:52:31,www.ilemaths.net
2013-11-29 20:52:32,www.ilemaths.net
2013-11-29 20:52:32,www.google.com
2013-11-29 21:07:17,www.google.fr
2013-11-29 21:07:18,www.google.fr
2013-11-29 21:07:35,www.google.fr
2013-11-29 21:07:36,fr.wikipedia.org
2013-11-29 21:07:36,bits.wikimedia.org
2013-11-29 21:07:36,meta.wikimedia.org
2013-11-29 21:09:32,www.google.fr
2013-11-29 21:54:49,www.google.fr
2013-11-29 21:54:49,unf3s.cerimes.fr
2013-11-29 21:54:50,unf3s.cerimes.fr
2013-11-29 21:54:59,www.google.fr
2013-11-29 21:54:59,lemicrocosme.free.fr
2013-11-29 21:55:01,lemicrocosme.free.fr
2013-11-29 21:57:01,www.google.fr
2013-11-29 21:58:06,www.google.fr
2013-11-29 21:58:06,www.math.univ-metz.fr
2013-11-29 21:58:07,www.math.univ-metz.fr
2013-11-29 22:00:02,www.google.fr
2013-12-12 18:42:31,www.google.com
2013-12-12 18:42:44,www.google.fr
2013-12-12 18:42:45,www.google.fr
2013-12-12 18:42:47,www.google.com
2013-12-12 18:42:52,www.google.fr
2013-12-12 18:42:52,www.google.com
2013-12-12 18:42:53,ieonline.microsoft.com
2013-12-12 18:42:53,go.microsoft.com
2013-12-14 21:30:27,javadl-esd-secure.oracle.com
2013-12-14 21:30:55,javadl-esd-secure.oracle.com
2013-12-14 21:31:01,dl.javafx.com
2013-12-14 22:08:34,www.google.fr
2013-12-14 22:08:34,www.google.com
2013-12-14 22:08:36,www.google.com
2013-12-14 22:08:37,apis.google.com
2013-12-14 22:08:41,www.google.fr
2013-12-14 22:08:41,apis.google.com
2013-12-14 22:08:41,www.google.com
2013-12-14 22:08:42,ieonline.microsoft.com
2013-12-14 22:08:42,go.microsoft.com
2013-12-17 08:18:04,fpdownload2.macromedia.com
2013-12-17 08:18:07,www.google.fr
2013-12-17 08:18:19,www.google.fr
2013-12-17 08:18:20,apis.google.com
2013-12-17 08:18:22,www.google.com
2013-12-17 08:18:27,apis.google.com
2013-12-17 08:18:27,www.google.com
2013-12-17 08:18:27,www.google.fr
2013-12-19 13:25:22,www.google.fr
2013-12-19 13:25:31,www.google.fr
2013-12-19 13:25:36,www.google.fr
2013-12-19 13:25:37,www.google.fr
2013-12-19 13:25:45,www.google.fr
2013-12-19 13:25:48,www.google.fr
2013-12-19 13:25:51,www.google.com
2013-12-19 13:25:57,apis.google.com
2013-12-19 13:25:57,www.google.com
2014-01-05 18:11:02,go.microsoft.com
2014-01-05 18:11:52,armmf.adobe.com
2014-01-05 18:11:54,armmf.adobe.com
2014-01-31 13:20:00,www.google.com
2014-01-31 13:22:22,go.microsoft.com
2014-01-31 13:22:22,ieonline.microsoft.com
2014-03-25 11:21:34,www.google.fr
2014-03-25 11:21:47,www.google.fr
2014-03-25 11:21:48,apis.google.com
2014-03-25 11:21:50,www.google.com
2014-03-25 11:22:15,www.google.fr
2014-03-25 11:22:17,www.tw116.com
2014-03-25 11:22:18,js.tongji.linezing.com
2014-03-25 11:22:21,ajax.googleapis.com
2014-03-25 11:22:23,v3.jiathis.com
2014-03-25 11:22:24,s-static.ak.facebook.com
2014-03-25 11:22:24,v3.jiathis.com
2014-03-25 11:22:24,connect.facebook.net
2014-03-25 11:22:24,static.ak.facebook.com
2014-03-25 11:22:24,www.facebook.com
2014-03-25 11:22:25,www.jiathis.com
2014-03-25 11:22:25,fpdownload2.macromedia.com
2014-03-25 11:22:25,www.facebook.com
2014-03-25 11:22:25,i.jiathis.com
2014-03-25 11:22:25,v3.jiathis.com
2014-03-25 11:22:26,lc.jiathis.com
2014-03-25 11:22:26,dt.tongji.linezing.com
2014-03-25 11:22:33,tajs.qq.com
2014-03-25 11:22:56,ajax.googleapis.com
2014-03-25 11:22:56,www.tw116.com
2014-03-25 11:22:56,ad.tagtoo.co
2014-03-25 11:22:57,lh6.ggpht.com
2014-03-25 11:22:57,www.google.fr
2014-03-25 11:22:57,lh5.ggpht.com
2014-03-25 11:22:57,lh3.ggpht.com
2014-03-25 11:22:57,www.tw116.com
2014-03-25 11:22:57,lh4.ggpht.com
2014-03-25 11:22:57,ajax.googleapis.com
2014-03-25 11:22:57,ad.tagtoo.co
2014-03-25 11:22:57,www.google.com
2014-03-25 11:22:58,track.tagtoo.co
2014-03-25 11:22:58,dt.tongji.linezing.com
2014-03-25 11:22:58,img.scupio.com
2014-03-25 11:22:58,ajax.googleapis.com
2014-03-25 11:22:58,ad.tagtoo.co
2014-03-25 11:22:59,img.scupio.com
2014-03-25 11:23:00,img.scupio.com
2014-03-25 11:23:01,u.scupio.com
2014-03-25 11:23:02,rec.scupio.com
2014-03-25 11:23:03,www.squid-cache.org
2014-03-25 11:23:30,www.google.fr
2014-03-25 11:23:36,www.google.fr
2014-03-25 11:23:36,www.google.com
2014-03-25 11:23:36,apis.google.com
2014-03-25 11:23:37,www.google.fr
2014-03-25 11:23:37,www.youtube.com
2014-03-25 11:23:37,i1.ytimg.com
2014-03-25 11:23:37,s.ytimg.com
2014-03-25 11:23:38,apis.google.com
2014-03-25 11:23:38,s.ytimg.com
2014-03-25 11:23:39,i1.ytimg.com
2014-03-25 11:23:39,www.youtube.com
2014-03-25 11:23:39,clients1.google.com
2014-03-25 11:23:40,clients1.google.com
2014-03-25 11:23:41,clients1.google.com
2014-03-25 11:23:42,clients1.google.com
2014-03-25 11:23:43,s.ytimg.com
2014-03-25 11:23:43,clients1.google.com
2014-03-25 11:23:44,www.youtube.com
2014-03-25 11:23:44,www.google.com
2014-03-25 11:23:45,s.ytimg.com
2014-03-25 11:23:46,www.groupon.fr
2014-03-25 11:23:48,clients1.google.com
2014-03-25 11:23:48,apis.google.com
2014-03-25 11:23:49,clients1.google.com
2014-03-25 11:23:49,www.google.com
2014-03-25 11:23:49,www.youtube.com
2014-03-25 11:23:49,i1.ytimg.com
2014-03-25 11:23:49,accounts.google.com
2014-03-25 11:23:49,yt3.ggpht.com
2014-03-25 11:23:50,banniere.reussissonsensemble.fr
2014-03-25 11:23:50,accounts.google.com
2014-03-25 11:23:51,banniere.reussissonsensemble.fr
2014-03-25 11:23:52,i1.ytimg.com
2014-03-25 11:23:52,r1---sn-gxo5uxg-jqbe.googlevideo.com
2014-03-25 11:23:52,s.ytimg.com
2014-03-25 11:23:52,www.youtube.com
2014-03-25 11:23:52,yt3.ggpht.com
2014-03-25 11:23:52,s.youtube.com
2014-03-25 11:23:53,r1---sn-gxo5uxg-jqbe.googlevideo.com
2014-03-25 11:23:53,www.google.com
2014-03-25 11:23:53,s.youtube.com
2014-03-25 11:23:53,i1.ytimg.com
2014-03-25 11:23:53,plus.googleapis.com
2014-03-25 11:23:54,plus.googleapis.com
2014-03-25 11:23:54,apis.google.com
2014-03-25 11:23:57,s.youtube.com
2014-03-25 11:23:59,s.youtube.com
2014-03-25 11:24:01,clients1.google.com
2014-03-25 11:24:02,s.youtube.com
2014-03-25 11:24:02,clients1.google.com
2014-03-25 11:24:03,i1.ytimg.com
2014-03-25 11:24:03,www.youtube.com
2014-03-25 11:24:03,www.google.com
2014-03-25 11:24:04,www.youtube.com
2014-03-25 11:24:04,i1.ytimg.com
2014-03-25 11:24:04,adventori.com
2014-03-25 11:24:04,s.youtube.com
2014-03-25 11:24:20,i1.ytimg.com
2014-03-25 11:24:26,i1.ytimg.com
2014-03-25 11:24:26,s.ytimg.com
2014-03-25 11:24:26,www.youtube.com
2014-03-25 11:24:26,r2---sn-gxo5uxg-jqbe.googlevideo.com
2014-03-25 11:24:27,www.youtube.com
2014-03-25 11:24:27,r2---sn-gxo5uxg-jqbe.googlevideo.com
2014-03-25 11:24:27,s.youtube.com
2014-03-25 11:24:27,s.ytimg.com
2014-03-25 11:24:28,r2---sn-gxo5uxg-jqbe.googlevideo.com
2014-03-25 11:24:28,apis.google.com
2014-03-25 11:24:28,plus.googleapis.com
2014-03-25 11:24:29,www.youtube.com
2014-03-25 11:24:29,i1.ytimg.com
2014-03-25 11:24:30,i1.ytimg.com
2014-03-25 11:24:30,yt3.ggpht.com
2014-03-25 11:24:30,clients1.google.com
2014-03-25 11:24:31,s.youtube.com
2014-03-25 11:24:32,s.youtube.com
2014-03-25 11:24:34,ieonline.microsoft.com
2014-03-25 11:24:37,s.youtube.com
2014-03-25 11:24:39,r2---sn-gxo5uxg-jqbe.googlevideo.com
2014-03-25 11:24:41,s.youtube.com
2014-03-25 11:24:46,r2---sn-gxo5uxg-jqbe.googlevideo.com
2014-03-25 11:24:51,s.youtube.com
2014-03-25 11:24:53,i1.ytimg.com
2014-03-25 11:24:53,yt3.ggpht.com
2014-03-25 11:24:53,r4---sn-gxo5uxg-jqbe.googlevideo.com
2014-03-25 11:24:53,www.youtube.com
2014-03-25 11:24:54,s.ytimg.com
2014-03-25 11:24:54,i1.ytimg.com
2014-03-25 11:24:54,www.youtube.com
2014-03-25 11:24:54,r4---sn-gxo5uxg-jqbe.googlevideo.com
2014-03-25 11:24:54,s.youtube.com
2014-03-25 11:24:55,www.youtube.com
2014-03-25 11:24:55,plus.googleapis.com
2014-03-25 11:24:59,www.youtube.com
2014-03-25 11:24:59,s.youtube.com
2014-03-25 11:25:00,www.youtube.com
2014-03-25 11:25:03,s.youtube.com
2014-03-25 11:25:04,s.youtube.com
2014-03-25 11:25:06,www.youtube.com
2014-03-25 11:25:07,s.youtube.com
2014-03-25 11:25:07,www.youtube.com
2014-03-25 11:25:07,i1.ytimg.com
2014-03-25 11:25:07,r1---sn-gxo5uxg-jqbe.googlevideo.com
2014-03-25 11:25:07,yt3.ggpht.com
2014-03-25 11:25:09,plus.googleapis.com
2014-03-25 11:25:11,s.youtube.com
2014-03-25 11:25:12,s.youtube.com
2014-03-25 11:25:12,r1---sn-gxo5uxg-jqbe.googlevideo.com
2014-03-25 11:25:15,r1---sn-gxo5uxg-jqbe.googlevideo.com
2014-03-25 11:25:17,s.youtube.com
2014-03-25 11:25:21,s.youtube.com
2014-03-25 11:25:26,r1---sn-gxo5uxg-jqbe.googlevideo.com
2014-03-25 11:25:32,s.youtube.com
2014-03-25 11:25:41,r1---sn-gxo5uxg-jqbe.googlevideo.com
2014-03-25 11:25:43,clients1.google.com
2014-03-25 11:25:44,clients1.google.com
2014-03-25 11:25:45,clients1.google.com
2014-03-25 11:25:46,clients1.google.com
2014-03-25 11:25:47,s.youtube.com
2014-03-25 11:25:50,www.youtube.com
2014-03-25 11:25:50,www.google.com
2014-03-25 11:25:51,s.youtube.com
2014-03-25 11:25:51,i1.ytimg.com
2014-03-25 11:25:51,www.youtube.com
2014-03-25 11:25:55,www.youtube.com
2014-03-25 11:25:56,www.youtube.com
2014-03-25 11:26:00,s.ytimg.com
2014-03-25 11:26:03,www.google.com
2014-03-25 11:26:04,www.youtube.com
2014-03-25 11:26:08,www.youtube.com
2014-03-25 11:26:08,i1.ytimg.com
2014-03-25 11:26:10,s.youtube.com
2014-03-25 11:26:10,i1.ytimg.com
2014-03-25 11:26:10,yt3.ggpht.com
2014-03-25 11:26:10,r1---sn-gxo5uxg-jqbe.googlevideo.com
2014-03-25 11:26:10,www.youtube.com
2014-03-25 11:26:11,r1---sn-gxo5uxg-jqbe.googlevideo.com
2014-03-25 11:26:11,r5---sn-cg07lues.googlevideo.com
2014-03-25 11:26:11,s.youtube.com
2014-03-25 11:26:13,i1.ytimg.com
2014-03-25 11:26:13,r1---sn-gxo5uxg-jqbe.googlevideo.com
2014-03-25 11:26:13,r5---sn-cg07lues.googlevideo.com
2014-03-25 11:26:14,r5---sn-cg07lues.googlevideo.com
2014-03-25 11:26:14,r1---sn-gxo5uxg-jqbe.googlevideo.com
2014-03-25 11:26:14,redirector.googlevideo.com
2014-03-25 11:26:15,www.youtube.com
2014-03-25 11:26:15,s.youtube.com
2014-03-25 11:26:15,r5---sn-cg07lues.googlevideo.com
2014-03-25 11:26:15,i1.ytimg.com
2014-03-25 11:26:15,plus.googleapis.com
2014-03-25 11:26:16,www.youtube.com
2014-03-25 11:26:18,www.youtube-nocookie.com
2014-03-25 11:26:18,i1.ytimg.com
2014-03-25 11:26:18,www.youtube.com
2014-03-25 11:26:18,www.google.com
2014-03-25 11:26:18,r4---sn-gxo5uxg-jqbe.googlevideo.com
2014-03-25 11:26:18,yt3.ggpht.com
2014-03-25 11:26:18,s.youtube.com
2014-03-25 11:26:19,i1.ytimg.com
2014-03-25 11:26:19,gdata.youtube.com
2014-03-25 11:26:19,s.youtube.com
2014-03-25 11:26:19,s.ytimg.com
2014-03-25 11:26:19,www.youtube.com
2014-03-25 11:26:20,r4---sn-gxo5uxg-jqbe.googlevideo.com
2014-03-25 11:26:20,yt3.ggpht.com
2014-03-25 11:26:20,www.youtube.com
2014-03-25 11:26:20,s.youtube.com
2014-03-25 11:26:30,plus.googleapis.com
2014-03-25 11:26:30,s.youtube.com
2014-03-25 11:26:30,www.youtube.com
2014-03-25 11:26:30,r4---sn-gxo5uxg-jqbe.googlevideo.com
2014-03-25 11:26:31,s.youtube.com
2014-03-25 11:26:31,r8---sn-cg07luer.googlevideo.com
2014-03-25 11:26:31,r4---sn-gxo5uxg-jqbe.googlevideo.com
2014-03-25 11:26:34,r8---sn-cg07luer.googlevideo.com
2014-03-25 11:26:34,r4---sn-gxo5uxg-jqbe.googlevideo.com
2014-03-25 11:26:35,s.youtube.com
2014-03-25 11:26:35,r4---sn-gxo5uxg-jqbe.googlevideo.com
2014-03-25 11:26:36,r8---sn-cg07luer.googlevideo.com
2014-03-25 11:26:40,s.youtube.com
2014-03-25 11:26:49,r4---sn-gxo5uxg-jqbe.googlevideo.com
2014-03-25 11:26:49,r8---sn-cg07luer.googlevideo.com
2014-03-25 11:26:50,s.youtube.com
2014-03-25 11:26:56,r8---sn-cg07luer.googlevideo.com
2014-03-25 11:26:56,r4---sn-gxo5uxg-jqbe.googlevideo.com
2014-03-25 11:27:00,s.youtube.com
2014-03-25 11:27:04,r4---sn-gxo5uxg-jqbe.googlevideo.com
2014-03-25 11:27:05,r8---sn-cg07luer.googlevideo.com
2014-03-25 11:27:50,www.google.fr
2014-03-25 11:28:05,www.google.fr
2014-03-25 11:28:06,apis.google.com
2014-03-25 11:28:08,www.google.com
2014-03-25 11:28:16,www.google.fr
2014-03-25 11:28:17,www.youtube.com
2014-03-25 11:28:17,i1.ytimg.com
2014-03-25 11:28:18,i1.ytimg.com
2014-03-25 11:28:18,s.ytimg.com
2014-03-25 11:28:18,www.google.com
2014-03-25 11:28:18,apis.google.com
2014-03-25 11:28:18,www.google.fr
2014-03-25 11:28:19,www.youtube.com
2014-03-25 11:28:19,i1.ytimg.com
2014-03-25 11:28:19,clients1.google.com
2014-03-25 11:28:29,r4---sn-gxo5uxg-jqbe.googlevideo.com
2014-03-25 11:28:29,yt3.ggpht.com
2014-03-25 11:28:29,apis.google.com
2014-03-25 11:28:29,www.youtube.com
2014-03-25 11:28:30,yt3.ggpht.com
2014-03-25 11:28:30,accounts.google.com
2014-03-25 11:28:30,r4---sn-gxo5uxg-jqbe.googlevideo.com
2014-03-25 11:28:30,s.youtube.com
2014-03-25 11:28:30,www.youtube.com
2014-03-25 11:28:30,i1.ytimg.com
2014-03-25 11:28:31,s.youtube.com
2014-03-25 11:28:31,r4---sn-gxo5uxg-jqbe.googlevideo.com
2014-03-25 11:28:31,apis.google.com
2014-03-25 11:28:31,plus.googleapis.com
2014-03-25 11:28:35,s.youtube.com
2014-03-25 11:28:40,s.youtube.com
2014-03-25 11:28:41,i1.ytimg.com
2014-03-25 11:28:41,s.ytimg.com
2014-03-25 11:28:41,plus.googleapis.com
2014-03-25 11:28:46,yt3.ggpht.com
2014-03-25 11:28:46,www.youtube.com
2014-03-25 11:28:46,r2---sn-gxo5uxg-jqbe.googlevideo.com
2014-03-25 11:28:46,s.youtube.com
2014-03-25 11:28:46,i1.ytimg.com
2014-03-25 11:28:47,www.youtube.com
2014-03-25 11:28:47,plus.googleapis.com
2014-03-25 11:28:47,r2---sn-gxo5uxg-jqbe.googlevideo.com
2014-03-25 11:28:47,s.youtube.com
2014-03-25 11:28:48,plus.googleapis.com
2014-03-25 11:28:51,s.youtube.com
2014-03-25 11:28:53,s.youtube.com
2014-03-25 11:28:54,r2---sn-gxo5uxg-jqbe.googlevideo.com
2014-03-25 11:28:56,s.youtube.com
2014-03-25 11:29:03,s.youtube.com
2014-03-25 11:29:13,s.youtube.com
2014-03-25 11:29:26,s.youtube.com
2014-03-25 11:29:43,www.youtube.com
2014-03-25 11:29:43,www.google.fr
2014-03-25 11:29:55,www.google.fr
2014-03-25 11:29:56,s.youtube.com
2014-03-25 11:29:58,www.youtube.com
2014-03-25 11:29:58,s.youtube.com
2014-03-25 11:30:06,s.youtube.com
2014-03-25 11:30:08,www.google.fr
2014-03-25 11:30:10,weibo.com
2014-03-25 11:30:11,www.weibo.com
2014-03-25 11:30:11,www.google.fr
2014-03-25 11:30:11,img.t.sinajs.cn
2014-03-25 11:30:12,www.google.fr
2014-03-25 11:30:12,img.t.sinajs.cn
2014-03-25 11:30:14,js.t.sinajs.cn
2014-03-25 11:30:14,tjs.sjs.sinajs.cn
2014-03-25 11:30:15,beacon.sina.com.cn
2014-03-25 11:30:15,img.t.sinajs.cn
2014-03-25 11:30:15,js1.t.sinajs.cn
2014-03-25 11:30:15,login.sina.com.cn
2014-03-25 11:30:16,js1.t.sinajs.cn
2014-03-25 11:30:16,js.t.sinajs.cn
2014-03-25 11:30:16,js2.t.sinajs.cn
2014-03-25 11:30:18,ww2.sinaimg.cn
2014-03-25 11:30:18,wbpctips.mobile.sina.cn
2014-03-25 11:30:21,login.taobao.com
2014-03-25 11:30:33,login.sina.com.cn
2014-03-25 11:30:37,img.t.sinajs.cn
2014-03-25 11:30:37,login.taobao.com
2014-03-25 11:30:37,ynuf.alipay.com
2014-03-25 11:30:37,beacon.sina.com.cn
2014-03-25 11:30:37,login.sina.com.cn
2014-03-25 11:30:38,www.weibo.com
2014-03-25 11:30:38,img.t.sinajs.cn
2014-03-25 11:30:38,ynuf.alipay.com
2014-03-25 11:30:50,www.weibo.com
2014-03-25 11:30:50,ynuf.alipay.com
2014-03-25 11:30:51,ynuf.alipay.com
2014-03-25 11:30:51,beacon.sina.com.cn
2014-03-25 11:30:52,login.sina.com.cn
2014-03-25 11:30:53,www.weibo.com
2014-03-25 11:31:11,login.sina.com.cn
2014-03-25 11:31:26,beacon.sina.com.cn
2014-03-25 11:31:27,login.sina.com.cn
2014-03-25 11:31:28,www.weibo.com
2014-03-25 11:31:37,login.sina.com.cn
2014-03-25 11:31:37,beacon.sina.com.cn
2014-03-25 11:31:38,www.weibo.com
2014-03-25 11:31:50,login.sina.com.cn
2014-03-25 11:31:50,beacon.sina.com.cn
2014-03-25 11:31:50,www.weibo.com
2014-03-25 11:32:07,login.sina.com.cn
2014-03-25 11:32:07,beacon.sina.com.cn
2014-03-25 11:32:07,www.weibo.com
2014-03-25 11:32:15,beacon.sina.com.cn
2014-03-25 11:32:15,login.sina.com.cn
2014-03-25 11:32:16,www.weibo.com
2014-03-25 11:32:43,img.t.sinajs.cn
2014-03-25 11:32:45,beacon.sina.com.cn
2014-03-25 11:32:46,login.sina.com.cn
2014-03-25 11:32:47,www.weibo.com
2014-03-25 11:32:58,s.ytimg.com
2014-03-25 11:33:32,login.sina.com.cn
2014-03-25 11:33:32,beacon.sina.com.cn
2014-03-25 11:33:33,www.weibo.com
2014-03-25 11:33:46,login.sina.com.cn
2014-03-25 11:33:47,login.sina.com.cn
2014-03-25 11:33:48,www.weibo.com
2014-03-25 11:33:48,beacon.sina.com.cn
2014-03-25 11:34:03,login.sina.com.cn
2014-03-25 11:34:04,login.sina.com.cn
2014-03-25 11:34:04,beacon.sina.com.cn
2014-03-25 11:34:05,www.weibo.com
2014-03-25 11:34:12,www.youtube.com
2014-03-25 11:34:13,yt3.ggpht.com
2014-03-25 11:34:13,i1.ytimg.com
2014-03-25 11:34:13,s.youtube.com
2014-03-25 11:34:13,www.youtube.com
2014-03-25 11:34:13,s.ytimg.com
2014-03-25 11:34:14,i1.ytimg.com
2014-03-25 11:34:14,i3.ytimg.com
2014-03-25 11:34:14,s.youtube.com
2014-03-25 11:34:14,www.google.com
2014-03-25 11:34:15,i1.ytimg.com
2014-03-25 11:34:15,www.youtube.com
2014-03-25 11:34:16,i1.ytimg.com
2014-03-25 11:34:19,s.youtube.com
2014-03-25 11:34:20,s.youtube.com
2014-03-25 11:34:21,i1.ytimg.com
2014-03-25 11:34:23,s.youtube.com
2014-03-25 11:34:30,s.youtube.com
2014-03-25 11:34:31,www.google.com
2014-03-25 13:29:11,clients1.google.com
2014-03-25 13:29:11,gtglobal-ocsp.geotrust.com
2014-03-25 13:29:14,www.google.fr
2014-03-25 13:29:15,www.visaforchina.org
2014-03-25 13:29:16,www.visaforchina.org
2014-03-25 13:29:17,www.visaforchina.org
2014-03-25 13:29:29,www.visaforchina.org
2014-03-25 13:29:33,www.visaforchina.org
2014-03-25 13:29:35,www.visaforchina.org
2014-03-25 13:30:00,gtssl-ocsp.geotrust.com
2014-03-25 13:30:58,ocsp.verisign.com
2014-03-25 13:31:31,www.visaforchina.org
2014-03-25 13:32:07,www.google.com
2014-03-25 13:32:08,cgi1.adobe.com
2014-03-25 13:32:09,www.adobe.com
2014-03-25 13:32:09,apis.google.com
2014-03-25 13:32:10,wwwimages.adobe.com
2014-03-25 13:32:10,www.google.fr
2014-03-25 13:32:10,www.adobe.com
2014-03-25 13:32:11,stats.adobe.com
2014-03-25 13:32:11,www.adobe.com
2014-03-25 13:32:11,wwwimages.adobe.com
2014-03-25 13:32:18,verify.adobe.com
2014-03-25 13:32:18,www.adobe.com
2014-03-25 13:32:38,verify.adobe.com
2014-03-25 13:32:56,safebrowsing-cache.google.com
2014-03-25 13:32:56,safebrowsing.clients.google.com
2014-03-25 13:32:57,ocsp.digicert.com
2014-03-25 13:33:16,sb-ssl.google.com
2014-03-28 13:03:42,clients1.google.com
2014-03-28 13:03:42,gtglobal-ocsp.geotrust.com
2014-03-28 13:03:43,clients1.google.com
2014-03-28 13:03:45,www.google.fr
2014-03-28 13:03:46,gtssl2-ocsp.geotrust.com
2014-03-28 13:03:51,gtssl-ocsp.geotrust.com
2014-03-28 13:03:56,gtssl-ocsp.geotrust.com
2014-03-28 13:04:08,safebrowsing.clients.google.com
2014-03-28 13:04:08,safebrowsing-cache.google.com
2014-03-28 13:04:27,r99.res.qqmail.com
2014-03-28 13:04:28,ui.ptlogin2.qq.com
2014-03-28 13:04:28,r99.res.qqmail.com
2014-03-28 13:04:29,r99.res.qqmail.com
2014-03-28 13:04:30,r99.res.qqmail.com
2014-03-28 13:04:32,r99.res.qqmail.com
2014-03-28 13:04:33,ui.ptlogin2.qq.com
2014-03-28 13:04:33,r99.res.qqmail.com
2014-03-28 13:04:39,gtssl-ocsp.geotrust.com
2014-03-28 13:04:39,wp.mail.qq.com
2014-03-28 13:04:57,res.mail.qq.com
2014-03-28 13:05:09,wp.mail.qq.com
2014-03-28 13:05:39,wp.mail.qq.com
2014-03-28 13:06:12,wp.mail.qq.com
2014-03-28 13:06:39,apis.google.com
2014-03-28 13:06:40,www.google.com
2014-03-28 13:06:40,www.google.fr
2014-03-28 13:06:42,wp.mail.qq.com
2014-03-28 13:07:00,wp.mail.qq.com
2014-03-28 13:07:02,www.google.fr
2014-03-28 13:07:04,sb-ssl.google.com
2014-03-28 13:07:12,wp.mail.qq.com
2014-03-28 13:07:12,r99.res.qqmail.com
2014-03-28 13:07:36,dl.patchbeam.com
2014-03-28 13:07:42,wp.mail.qq.com
2014-03-28 13:07:57,dl.patchbeam.com
2014-03-28 13:07:57,www.powerarchiver.com
2014-03-28 13:08:15,wp.mail.qq.com
2014-03-28 13:08:46,wp.mail.qq.com
2014-03-28 13:09:17,wp.mail.qq.com
2014-03-28 13:09:36,ocsp.thawte.com
2014-03-28 13:09:50,wp.mail.qq.com
2014-03-28 13:10:19,wp.mail.qq.com
2014-03-28 13:10:52,wp.mail.qq.com
2014-03-28 13:11:25,wp.mail.qq.com
2014-03-28 13:11:33,wp.mail.qq.com
