timestamp,site
2013-02-12 13:50:06,www.google.com
2013-02-12 13:50:07,www.google.com
2013-02-12 13:50:08,www.squid-cache.org
2013-02-12 13:50:08,www.google.com
2013-02-12 13:50:09,www.google.com
2013-02-12 13:50:10,www.google.com
2013-02-12 13:50:10,cyber-dojo.com
2013-02-12 13:50:11,cyber-dojo.com
2013-02-12 13:50:17,apis.google.com
2013-02-12 13:50:17,www.paypalobjects.com
2013-02-12 13:50:17,cyber-dojo.com
2013-02-12 13:50:39,gtglobal-ocsp.geotrust.com
2013-02-12 13:50:39,clients1.google.com
2013-02-12 13:50:43,www.google.fr
2013-02-12 13:50:43,cyber-dojo.com
2013-02-12 13:50:44,www.google.fr
2013-02-12 13:50:44,cyber-dojo.com
2013-02-12 13:50:44,evsecure-ocsp.verisign.com
2013-02-12 13:50:47,cyber-dojo.com
2013-02-12 13:50:48,ocsp.verisign.com
2013-02-12 13:50:48,ocsp.thawte.com
2013-02-12 13:51:51,www.paypalobjects.com
2013-02-12 13:52:01,www.google.fr
2013-02-12 13:52:02,ocsp.usertrust.com
2013-02-12 13:52:02,clients1.google.com
2013-02-12 13:52:02,ocsp.tcs.terena.org
2013-02-12 13:52:03,clients1.google.com
2013-02-12 13:52:47,ocsp.digicert.com
2013-02-12 13:53:16,ocsp.digicert.com
2013-02-12 13:53:18,ocsp.godaddy.com
2013-02-12 13:53:19,clients1.google.com
2013-02-12 13:53:19,ocsp.digicert.com
2013-02-12 13:53:19,github.global.ssl.fastly.net
2013-02-12 13:53:20,ocsp.digicert.com
2013-02-12 13:53:20,2.gravatar.com
2013-02-12 13:53:26,github.global.ssl.fastly.net
2013-02-12 13:53:27,github.global.ssl.fastly.net
2013-02-12 13:53:29,github.global.ssl.fastly.net
2013-02-12 13:53:30,identicons.github.com
2013-02-12 13:53:32,github.global.ssl.fastly.net
2013-02-12 13:53:33,github.com
2013-02-12 13:53:36,apis.google.com
2013-02-12 13:53:50,github.global.ssl.fastly.net
2013-02-12 13:53:51,github.com
2013-02-12 13:54:01,github.global.ssl.fastly.net
2013-02-12 13:54:02,github.com
2013-02-12 13:54:13,github.com
2013-02-12 13:55:18,1.gravatar.com
2013-02-12 13:55:37,github.com
2013-02-12 13:55:43,github.com
2013-02-12 13:55:49,0.gravatar.com
2013-02-12 13:55:52,2.gravatar.com
2013-02-12 13:55:58,0.gravatar.com
2013-02-12 13:56:03,github.com
2013-02-12 13:56:05,www.google.com
2013-02-12 13:56:11,github.global.ssl.fastly.net
2013-02-12 13:56:11,www.google.fr
2013-02-12 13:56:20,github.com
2013-02-12 13:56:22,github.com
2013-02-12 13:56:34,github.com
2013-02-12 13:56:48,github.com
2013-02-12 13:57:01,github.global.ssl.fastly.net
2013-02-12 13:57:11,github.com
2013-02-12 13:57:19,github.global.ssl.fastly.net
2013-02-12 13:57:20,identicons.github.com
2013-02-12 13:57:29,github.com
2013-02-12 13:57:30,github.com
2013-02-12 13:57:32,github.com
2013-02-12 13:58:01,github.com
2013-02-12 13:58:13,github.com
2013-02-12 13:58:31,github.global.ssl.fastly.net
2013-02-12 13:58:31,github.com
2013-02-12 13:58:32,github.com
2013-02-12 13:59:25,github.com
2013-02-12 13:59:28,github.com
2013-02-12 14:00:17,2.gravatar.com
2013-02-12 14:01:04,1.gravatar.com
2013-02-12 14:01:08,0.gravatar.com
2013-02-12 14:01:22,github.global.ssl.fastly.net
2013-02-12 14:01:24,github.com
2013-02-12 14:03:46,github.com
2013-02-12 14:03:51,github.com
2013-02-12 14:03:57,www.squid-cache.org
2013-02-12 14:04:00,mail.google.com
2013-02-12 14:04:01,mail.google.com
2013-02-12 14:04:01,clients1.google.com
2013-02-12 14:04:32,clients1.google.com
2013-02-12 14:04:38,github.com
2013-02-12 14:05:12,github.com
2013-02-12 14:05:18,github.com
2013-02-12 14:06:18,github.com
2013-02-12 14:06:19,github.com
2013-02-12 14:06:34,github.com
2013-02-12 14:07:12,accounts.youtube.com
2013-02-12 14:07:12,accounts.google.com
2013-02-12 14:07:13,accounts.google.fr
2013-02-12 14:07:16,github.com
2013-02-12 14:07:19,www.google.com
2013-02-12 14:07:22,clients2.google.com
2013-02-12 14:07:27,chatenabled.mail.google.com
2013-02-12 14:07:33,github.com
2013-02-12 14:07:57,github.com
2013-02-12 14:08:22,apis.google.com
2013-02-12 14:08:28,github.com
2013-02-12 14:09:01,github.com
2013-02-12 14:09:14,plus.google.com
2013-02-12 14:09:17,github.com
2013-02-12 14:09:58,github.com
2013-02-12 14:11:10,www.google.fr
2013-02-12 14:11:10,fr.wikipedia.org
2013-02-12 14:11:11,bits.wikimedia.org
2013-02-12 14:11:11,fr.wikipedia.org
2013-02-12 14:11:11,meta.wikimedia.org
2013-02-12 14:11:12,ocsp.digicert.com
2013-02-12 14:12:12,bits.wikimedia.org
2013-02-12 14:12:12,login.wikimedia.org
2013-02-12 14:12:12,fr.wikipedia.org
2013-02-12 14:12:44,www.google.fr
2013-02-12 14:12:45,fr.openclassrooms.com
2013-02-12 14:12:46,fr.openclassrooms.com
2013-02-12 14:12:47,fr.openclassrooms.com
2013-02-12 14:12:47,dnn506yrbagrg.cloudfront.net
2013-02-12 14:12:47,www.google.com
2013-02-12 14:12:48,www.google.com
2013-02-12 14:12:50,fr.openclassrooms.com
2013-02-12 14:12:51,www.google.com
2013-02-12 14:12:51,fr.openclassrooms.com
2013-02-12 14:12:53,clients1.google.com
2013-02-12 14:13:59,www.google.com
2013-02-12 14:14:04,plus.google.com
2013-02-12 14:14:04,www.google.fr
2013-02-12 14:14:11,fr.openclassrooms.com
2013-02-12 14:15:14,clients1.google.com
2013-02-12 14:15:15,www.google.fr
2013-02-12 14:15:20,www.oodesign.com
2013-02-12 14:15:21,ajax.cloudflare.com
2013-02-12 14:15:21,www.oodesign.com
2013-02-12 14:15:21,w.sharethis.com
2013-02-12 14:15:22,w.sharethis.com
2013-02-12 14:15:22,www.oodesign.com
2013-02-12 14:15:23,www.oodesign.com
2013-02-12 14:15:23,eulerian.canal-plus.com
2013-02-12 14:15:23,w.sharethis.com
2013-02-12 14:15:23,rapidssl-ocsp.geotrust.com
2013-02-12 14:15:23,edge.sharethis.com
2013-02-12 14:15:29,www.oodesign.com
2013-02-12 14:15:40,www.google.fr
2013-02-12 14:15:41,s2.wp.com
2013-02-12 14:15:41,jacerhea.wordpress.com
2013-02-12 14:15:41,s0.wp.com
2013-02-12 14:15:41,1.gravatar.com
2013-02-12 14:15:42,s2.wp.com
2013-02-12 14:15:42,s1.wp.com
2013-02-12 14:15:42,www.linkedin.com
2013-02-12 14:15:42,stackoverflow.com
2013-02-12 14:15:42,0.gravatar.com
2013-02-12 14:15:42,s0.wp.com
2013-02-12 14:15:43,cloud.eclipse.unrulymedia.com
2013-02-12 14:15:44,widgets.wp.com
2013-02-12 14:15:44,api.facebook.com
2013-02-12 14:15:44,s2.wp.com
2013-02-12 14:15:44,0.gravatar.com
2013-02-12 14:15:44,s0.wp.com
2013-02-12 14:15:44,www.linkedin.com
2013-02-12 14:15:45,widgets.wp.com
2013-02-12 14:15:45,jacerhea.wordpress.com
2013-02-12 14:15:45,ocsp.godaddy.com
2013-02-12 14:15:45,s0.wp.com
2013-02-12 14:15:46,www.googleapis.com
2013-02-12 14:15:46,widgets.wp.com
2013-02-12 14:15:47,s0.wp.com
2013-02-12 14:15:47,widgets.wp.com
2013-02-12 14:15:47,s2.wp.com
2013-02-12 14:16:53,public-api.wordpress.com
2013-02-12 14:17:41,s0.wp.com
2013-02-12 14:17:41,s1.wp.com
2013-02-12 14:18:06,jacerhea.wordpress.com
2013-02-12 14:18:07,api.facebook.com
2013-02-12 14:18:07,cloud.eclipse.unrulymedia.com
2013-02-12 14:18:07,widgets.wp.com
2013-02-12 14:18:08,widgets.wp.com
2013-02-12 14:18:08,www.linkedin.com
2013-02-12 14:18:32,plus.google.com
2013-02-12 14:18:32,www.google.com
2013-02-12 14:18:35,www.google.fr
2013-02-12 14:18:41,apis.google.com
2013-02-12 14:19:16,public-api.wordpress.com
2013-02-12 14:21:04,accounts.google.com
2013-02-12 14:27:35,plus.google.com
2013-02-12 14:37:36,plus.google.com
2013-02-12 14:42:29,apis.google.com
2013-02-12 14:46:08,bits.wikimedia.org
2013-02-12 14:46:08,en.wikipedia.org
2013-02-12 14:46:09,login.wikimedia.org
2013-02-12 14:46:09,bits.wikimedia.org
2013-02-12 14:46:09,meta.wikimedia.org
2013-02-12 14:46:09,en.wikipedia.org
2013-02-12 14:47:09,en.wikipedia.org
2013-02-12 14:47:36,plus.google.com
2013-02-12 14:51:22,www.jacerhea.com
2013-02-12 14:52:41,www.google.com
2013-02-12 14:52:44,plus.google.com
2013-02-12 14:52:57,www.google.fr
2013-02-12 14:57:36,plus.google.com
2013-02-12 15:03:50,plus.google.com
2013-02-12 15:07:38,plus.google.com
2013-02-12 15:12:55,plus.google.com
2013-02-12 15:17:37,plus.google.com
2013-02-12 15:22:55,plus.google.com
2013-02-12 15:27:37,plus.google.com
2013-02-12 15:32:55,plus.google.com
2013-02-12 15:37:38,plus.google.com
2013-02-12 15:42:55,plus.google.com
2013-02-12 15:47:38,plus.google.com
2013-02-12 15:52:55,plus.google.com
2013-02-12 15:57:38,plus.google.com
2013-02-12 16:02:56,plus.google.com
2013-02-12 16:07:38,plus.google.com
2013-02-12 16:12:56,plus.google.com
2013-02-12 16:17:39,plus.google.com
2013-02-12 16:22:57,plus.google.com
2013-02-12 16:27:39,plus.google.com
2013-02-12 16:32:57,plus.google.com
2013-02-12 16:37:39,plus.google.com
2013-02-12 16:42:57,plus.google.com
2013-02-12 16:47:39,plus.google.com
2013-02-12 16:52:58,plus.google.com
2013-02-12 16:57:40,plus.google.com
2013-02-12 17:02:58,plus.google.com
2013-02-12 17:07:41,plus.google.com
2013-02-12 17:12:58,plus.google.com
2013-02-12 17:17:41,plus.google.com
2013-02-12 17:22:59,plus.google.com
2013-02-12 17:27:41,plus.google.com
2013-02-12 17:32:59,plus.google.com
2013-02-12 17:37:41,plus.google.com
2013-02-12 17:42:59,plus.google.com
2013-02-12 17:47:41,plus.google.com
2013-02-12 17:53:00,plus.google.com
2013-02-12 17:57:41,plus.google.com
2013-02-12 18:03:00,plus.google.com
2013-02-12 18:07:42,plus.google.com
2013-02-12 18:13:01,plus.google.com
2013-02-12 18:17:42,plus.google.com
2013-02-12 18:23:01,plus.google.com
2013-02-12 18:27:43,plus.google.com
2013-02-12 18:33:01,plus.google.com
2013-02-12 18:34:51,mail.google.com
2013-02-12 18:35:57,gtglobal-ocsp.geotrust.com
2013-02-12 18:35:57,clients1.google.com
2013-02-12 18:37:43,plus.google.com
2013-02-12 18:38:51,mail.google.com
2013-02-12 18:38:52,accounts.google.com
2013-02-12 18:42:52,accounts.google.com
2013-02-12 18:44:07,accounts.google.com
2013-02-12 18:44:08,accounts.youtube.com
2013-02-12 18:44:09,mail.google.com
2013-03-12 08:10:22,armmf.adobe.com
2013-03-12 08:10:22,gtssl-ocsp.geotrust.com
2013-03-12 08:10:25,armmf.adobe.com
2013-03-12 08:10:28,armdl.adobe.com
2013-03-12 08:10:39,ocsp.usertrust.com
2013-03-12 08:10:39,clients1.google.com
2013-03-12 08:10:39,ocsp.tcs.terena.org
2013-03-12 08:10:40,gtglobal-ocsp.geotrust.com
2013-03-12 08:10:54,safebrowsing.clients.google.com
2013-03-12 08:10:54,safebrowsing-cache.google.com
2013-03-12 08:10:54,clients1.google.com
2013-03-12 08:10:55,safebrowsing-cache.google.com
2013-03-12 08:13:38,dl.patchbeam.com
2013-03-12 08:13:59,www.powerarchiver.com
2013-03-12 08:13:59,dl.patchbeam.com
2013-03-12 08:15:07,javadl-esd-secure.oracle.com
2013-03-12 08:15:12,javadl-esd-secure.oracle.com
2013-03-12 08:16:20,ocsp.thawte.com
2013-03-12 08:18:24,ocsp.verisign.com
2013-03-12 08:20:24,ocsp.digicert.com
2013-03-12 08:21:26,clients1.google.com
2013-03-12 08:21:30,www.google.fr
2013-03-12 08:21:31,docs.oracle.com
2013-03-12 08:21:32,www.oracle.com
2013-03-12 08:21:32,docs.oracle.com
2013-03-12 08:21:33,docs.oracle.com
2013-03-12 08:21:34,java.sun.com
2013-03-12 08:21:35,www.oracle.com
2013-03-12 08:23:35,download.oracle.com
2013-03-12 08:23:35,docs.oracle.com
2013-03-12 08:24:22,apis.google.com
2013-03-12 08:24:23,id.google.fr
2013-03-12 08:24:24,www.google.com
2013-03-12 08:24:26,www.google.fr
2013-03-12 08:37:54,java.sun.com
2013-03-12 08:37:55,www.oracle.com
2013-03-12 08:39:32,safebrowsing-cache.google.com
2013-03-12 08:39:32,safebrowsing.clients.google.com
2013-03-12 08:39:33,safebrowsing-cache.google.com
2013-03-12 09:11:26,safebrowsing-cache.google.com
2013-03-12 09:11:26,safebrowsing.clients.google.com
2013-03-12 09:11:27,safebrowsing-cache.google.com
2013-03-12 09:13:40,ocsp.tcs.terena.org
2013-03-12 09:13:40,ocsp.usertrust.com
2013-03-12 09:21:43,clients1.google.com
2013-03-12 09:21:44,clients1.google.com
2013-03-12 09:21:44,gtglobal-ocsp.geotrust.com
2013-03-12 09:21:47,clients1.google.com
2013-03-12 09:21:49,clients1.google.com
2013-03-12 09:21:50,clients1.google.com
2013-03-12 09:21:50,www.google.com
2013-03-12 09:22:09,clients1.google.com
2013-03-12 09:23:41,docs.oracle.com
2013-03-12 09:23:41,www.google.fr
2013-03-12 09:23:42,docs.oracle.com
2013-03-12 09:23:42,www.oracle.com
2013-03-12 09:23:43,docs.oracle.com
2013-03-12 09:24:27,dl.javafx.com
2013-03-12 09:24:58,accounts.google.fr
2013-03-12 09:24:58,accounts.youtube.com
2013-03-12 09:25:02,clients2.google.com
2013-03-12 09:25:03,accounts.google.com
2013-03-12 09:25:04,chatenabled.mail.google.com
2013-03-12 09:25:05,apis.google.com
2013-03-12 09:25:20,mail.google.com
2013-03-12 09:25:56,docs.oracle.com
2013-03-12 09:25:56,download.oracle.com
2013-03-12 09:25:57,docs.oracle.com
2013-03-12 09:25:57,download.oracle.com
2013-03-12 09:26:01,download.oracle.com
2013-03-12 09:26:01,docs.oracle.com
2013-03-12 09:26:02,docs.oracle.com
2013-03-12 09:26:02,download.oracle.com
2013-03-12 09:26:34,www.google.com
2013-03-12 09:26:34,plus.google.com
2013-03-12 09:26:36,www.google.fr
2013-03-12 09:41:18,safebrowsing-cache.google.com
2013-03-12 09:41:18,safebrowsing.clients.google.com
2013-03-12 09:41:19,safebrowsing-cache.google.com
2013-03-12 09:54:21,docs.oracle.com
2013-03-12 09:54:21,download.oracle.com
2013-03-12 10:02:01,www.google.fr
2013-03-12 10:02:04,accounts.google.fr
2013-03-12 10:02:04,accounts.youtube.com
2013-03-12 10:02:04,accounts.google.com
2013-03-12 10:02:04,chatenabled.mail.google.com
2013-03-12 10:02:04,plus.google.com
2013-03-12 10:02:04,clients2.google.com
2013-03-12 10:02:04,www.google.com
2013-03-12 10:02:04,mail.google.com
2013-05-12 13:32:34,fpdownload2.macromedia.com
2013-05-12 13:32:54,www.google.com
2013-05-12 13:32:54,www.google.fr
2013-05-12 13:33:08,www.google.fr
2013-05-12 13:33:10,www.google.fr
2013-05-12 13:33:11,www.google.fr
2013-05-12 13:33:13,www.google.com
2013-05-12 13:34:11,ieonline.microsoft.com
2013-05-12 13:34:11,go.microsoft.com
2013-05-12 13:34:14,pis.foxitsoftware.com
2013-05-12 13:34:15,ad.foxitsoftware.com
2013-05-12 13:37:20,javadl-esd.sun.com
2013-05-12 13:38:29,www.google.fr
2013-05-12 13:38:29,www.google.com
2013-05-12 13:38:46,www.google.fr
2013-05-12 13:38:59,www.google.com
2013-05-12 13:39:00,maps.google.fr
2013-05-12 13:39:03,maps.google.fr
2013-05-12 13:39:05,maps.google.fr
2013-05-12 13:39:06,maps-api-ssl.google.com
2013-05-12 13:39:06,mts1.google.com
2013-05-12 13:39:06,www.google.com
2013-05-12 13:39:06,www.google.fr
2013-05-12 13:39:06,maps.google.fr
2013-05-12 13:39:06,mts0.google.com
2013-05-12 13:39:07,mts0.google.com
2013-05-12 13:39:07,mts1.google.com
2013-05-12 13:39:08,mts1.google.com
2013-05-12 13:39:08,mts0.google.com
2013-05-12 13:39:08,maps-api-ssl.google.com
2013-05-12 13:39:09,apis.google.com
2013-05-12 13:39:09,mts0.google.com
2013-05-12 13:39:09,maps.google.fr
2013-05-12 13:39:09,mts2.google.com
2013-05-12 13:39:09,mts3.google.com
2013-05-12 13:39:09,mts1.google.com
2013-05-12 13:39:10,mts3.google.com
2013-05-12 13:39:10,mts0.google.com
2013-05-12 13:39:10,mts1.google.com
2013-05-12 13:39:10,mts2.google.com
2013-05-12 13:39:11,mts2.google.com
2013-05-12 13:39:11,mts0.google.com
2013-05-12 13:39:11,mts1.google.com
2013-05-12 13:39:11,mts3.google.com
2013-05-12 13:39:12,mts3.google.com
2013-05-12 13:39:12,mts0.google.com
2013-05-12 13:39:12,mts1.google.com
2013-05-12 13:39:13,mts2.google.com
2013-05-12 13:39:14,mts2.google.com
2013-05-12 13:39:16,www.google.fr
2013-05-12 13:39:56,office14client.microsoft.com
2013-05-12 13:39:57,office.microsoft.com
2013-05-12 13:39:59,office.microsoft.com
2013-05-12 13:41:24,www.google.fr
2013-05-12 13:41:24,mts0.google.com
2013-05-12 13:41:24,maps.google.fr
2013-05-12 13:57:42,clients5.google.com
2013-05-12 13:57:44,www.google.com
2013-05-12 13:57:44,www.google.fr
2013-05-12 13:57:59,www.google.fr
2013-05-12 13:58:02,www.google.com
2013-05-12 13:58:06,www.google.fr
2013-05-12 13:58:07,www.google.com
2013-05-12 13:58:07,www.google.fr
2013-05-12 13:58:21,www.google.fr
2013-05-12 13:58:21,clients1.google.fr
2013-05-12 13:58:22,www.google.fr
2013-05-12 13:58:22,clients1.google.fr
2013-05-12 13:58:22,apis.google.com
2013-05-12 13:58:26,www.google.fr
2013-05-12 13:58:29,www.google.fr
2013-05-12 13:58:29,www.cybervulcans.net
2013-05-12 13:58:30,www.cybervulcans.net
2013-05-12 13:58:30,www.google.com
2013-05-12 13:58:30,www.google.fr
2013-05-12 13:58:31,www.cybervulcans.net
2013-05-12 13:58:42,www.cybervulcans.net
2013-05-12 13:58:42,www.google.fr
2013-05-12 14:44:11,translate.google.com
2013-05-12 14:44:12,translate.google.com
2013-05-12 14:44:14,translate.google.com
2013-05-12 14:44:15,translate.google.com
2013-05-12 14:44:16,translate.google.com
2013-05-12 14:44:17,translate.google.com
2013-05-12 14:44:18,translate.google.com
2013-05-12 14:44:20,translate.google.com
2013-05-12 14:44:23,translate.google.com
2013-05-12 14:44:23,www.google.com
2013-05-12 14:44:25,apis.google.com
2013-05-12 14:44:27,translate.google.com
2013-05-12 14:44:32,translate.google.com
2013-05-12 14:44:34,translate.google.com
2013-05-12 14:44:39,translate.google.com
2013-05-12 14:44:43,translate.google.com
2013-05-12 14:44:45,translate.google.com
2013-05-12 14:44:49,translate.google.com
2013-05-12 14:44:52,translate.google.com
2013-05-12 14:44:54,translate.google.com
2013-05-12 14:44:57,translate.google.com
2013-05-12 14:44:59,translate.google.com
2013-05-12 14:45:02,translate.google.com
2013-05-12 14:45:06,translate.google.com
2013-05-12 14:45:14,translate.google.com
2013-05-12 14:45:15,translate.google.com
2013-05-12 14:45:25,translate.google.com
2013-05-12 14:45:27,translate.google.com
2013-05-12 14:45:28,translate.google.com
2013-05-12 14:45:29,translate.google.com
2013-05-12 14:45:30,translate.google.com
2013-05-12 14:45:31,translate.google.com
2013-05-12 14:45:32,translate.google.com
2013-05-12 14:45:36,translate.google.com
2013-05-12 14:45:37,translate.google.com
2013-05-12 14:45:42,translate.google.com
2013-05-12 14:45:45,translate.google.com
2013-05-12 14:45:50,apis.google.com
2013-05-12 14:47:18,bibliotheque.clermont-universite.fr
2013-05-12 14:49:41,www.google.com
2013-05-12 14:49:41,www.google.fr
2013-05-12 14:49:47,www.google.fr
2013-05-12 14:49:48,apis.google.com
2013-05-12 14:49:53,c.cdnma.com
2013-05-12 14:49:53,piwik.share.ez.no
2013-05-12 14:49:54,platform.twitter.com
2013-05-12 14:49:54,www.google.com
2013-05-12 14:49:55,apis.google.com
2013-05-12 14:49:55,platform.twitter.com
2013-05-12 14:49:55,cdnma.com
2013-05-12 14:50:02,apis.google.com
2013-05-12 14:50:07,pbs.twimg.com
2013-05-12 14:50:09,pbs.twimg.com
2013-05-12 14:50:10,piwik.share.ez.no
2013-05-12 14:50:10,cdnma.com
2013-05-12 14:50:11,data.sublimevideo.net
2013-05-12 14:50:17,twitter.com
2013-05-12 14:51:56,www.coffreo.com
2013-05-12 14:52:11,www.coffreo.com
2013-05-12 14:52:13,www.coffreo.com
2013-05-12 14:52:20,www.coffreo.com
2013-05-12 14:52:44,www.coffreo.com
2013-05-12 14:53:57,www.coffreo.com
2013-05-12 14:54:04,www.coffreo.com
2013-05-12 14:54:12,www.coffreo.com
2013-05-12 14:56:28,www.afij.org
2013-05-12 14:56:29,www.afij.org
2013-05-12 14:56:30,s-static.ak.facebook.com
2013-05-12 14:56:30,www.afij.org
2013-05-12 14:56:30,connect.facebook.net
2013-05-12 14:56:30,static.ak.facebook.com
2013-05-12 14:56:30,www.facebook.com
2013-05-12 14:56:31,ajstage.contactrh.com
2013-05-12 14:56:32,www.afij.org
2013-05-12 14:57:00,www.google.com
2013-05-12 14:57:00,www.google.fr
2013-05-12 14:57:15,www.google.fr
2013-05-12 14:57:18,www.google.com
2013-05-12 14:57:18,www.google.fr
2013-05-12 14:57:18,maps.google.fr
2013-05-12 14:57:20,www.google.fr
2013-05-12 14:57:20,maps.google.fr
2013-05-12 14:57:20,www.google.com
2013-05-12 14:57:32,maps-api-ssl.google.com
2013-05-12 14:57:32,mts0.google.com
2013-05-12 14:57:32,mts1.google.com
2013-05-12 14:57:33,mts1.google.com
2013-05-12 14:57:33,maps-api-ssl.google.com
2013-05-12 14:57:33,mts0.google.com
2013-05-12 14:57:34,mts0.google.com
2013-05-12 14:57:34,apis.google.com
2013-05-12 14:57:34,mts1.google.com
2013-05-12 14:57:35,apis.google.com
2013-05-12 14:57:35,maps.google.fr
2013-05-12 14:57:35,mts1.google.com
2013-05-12 14:57:35,mts0.google.com
2013-05-12 14:57:36,mts0.google.com
2013-05-12 14:57:36,mts1.google.com
2013-05-12 14:57:37,maps.google.fr
2013-05-12 14:57:37,mts0.google.com
2013-05-12 14:57:37,mts1.google.com
2013-05-12 14:57:38,mts1.google.com
2013-05-12 14:57:38,mts0.google.com
2013-05-12 14:57:38,maps.google.fr
2013-05-12 14:57:39,mts0.google.com
2013-05-12 14:57:40,mts1.google.com
2013-05-12 14:57:40,mts0.google.com
2013-05-12 14:57:41,mts1.google.com
2013-05-12 14:57:41,mts0.google.com
2013-05-12 14:57:41,maps.google.fr
2013-05-12 14:57:42,mts1.google.com
2013-05-12 14:57:44,maps.google.fr
2013-05-12 14:57:44,mts1.google.com
2013-05-12 14:57:44,mts0.google.com
2013-05-12 14:57:45,mts0.google.com
2013-05-12 14:57:45,mts1.google.com
2013-05-12 14:57:46,maps.google.fr
2013-05-12 14:57:46,mts0.google.com
2013-05-12 14:57:46,mts1.google.com
2013-05-12 14:57:47,maps.google.fr
2013-05-12 14:57:47,mts0.google.com
2013-05-12 14:57:48,mts1.google.com
2013-05-12 14:57:48,maps.google.fr
2013-05-12 14:57:48,mts0.google.com
2013-05-12 14:57:49,mts0.google.com
2013-05-12 14:57:49,mts1.google.com
2013-05-12 14:57:49,maps.google.fr
2013-05-12 14:57:50,mts0.google.com
2013-05-12 14:57:50,mts1.google.com
2013-05-12 14:57:50,maps.google.fr
2013-05-12 14:57:51,mts1.google.com
2013-05-12 14:57:51,mts0.google.com
2013-05-12 14:57:53,mts1.google.com
2013-05-12 14:57:53,mts0.google.com
2013-05-12 14:57:53,maps.google.fr
2013-05-12 14:57:54,mts0.google.com
2013-05-12 14:57:56,maps.google.fr
2013-05-12 14:57:56,mts0.google.com
2013-05-12 14:57:57,mts0.google.com
2013-05-12 14:57:57,mts1.google.com
2013-05-12 14:57:58,mts1.google.com
2013-05-12 14:57:58,mts0.google.com
2013-05-12 14:57:59,maps.google.fr
2013-05-12 14:57:59,mts0.google.com
2013-05-12 14:57:59,khms0.google.fr
2013-05-12 14:57:59,khms1.google.fr
2013-05-12 14:58:00,khms1.google.fr
2013-05-12 14:58:03,khms0.google.fr
2013-05-12 14:58:03,maps.google.fr
2013-05-12 14:58:04,khms1.google.fr
2013-05-12 14:58:05,khms1.google.fr
2013-05-12 14:58:05,khms0.google.fr
2013-05-12 14:58:12,mts1.google.com
2013-05-12 14:58:12,mts0.google.com
2013-05-12 14:58:12,maps.google.fr
2013-05-12 14:58:12,khms1.google.fr
2013-05-12 14:58:12,khms0.google.fr
2013-05-12 14:58:13,khms1.google.fr
2013-05-12 14:58:14,mts0.google.com
2013-05-12 14:58:14,mts1.google.com
2013-05-12 14:58:14,khms0.google.fr
2013-05-12 14:58:14,maps.google.fr
2013-05-12 14:58:14,khms1.google.fr
2013-05-12 14:58:15,mts0.google.com
2013-05-12 14:58:15,mts1.google.com
2013-05-12 14:58:15,khms0.google.fr
2013-05-12 14:58:15,khms1.google.fr
2013-05-12 14:58:16,mts0.google.com
2013-05-12 14:58:16,khms0.google.fr
2013-05-12 14:58:16,mts1.google.com
2013-05-12 14:58:16,khms1.google.fr
2013-05-12 14:58:17,maps.google.fr
2013-05-12 14:58:17,khms0.google.fr
2013-05-12 14:58:17,khms1.google.fr
2013-05-12 14:58:17,mts0.google.com
2013-05-12 14:58:17,mts1.google.com
2013-05-12 14:58:18,khms0.google.fr
2013-05-12 14:58:25,khms0.google.fr
2013-05-12 14:58:41,khms0.google.fr
2013-05-12 14:58:42,mts0.google.com
2013-05-12 14:58:42,maps.google.fr
2013-05-12 14:58:42,mts1.google.com
2013-05-12 14:58:42,khms0.google.fr
2013-05-12 14:58:42,apis.google.com
2013-05-12 14:58:42,s-static.ak.facebook.com
2013-05-12 14:58:42,www.ajstage.com
2013-05-12 14:58:42,ajstage.contactrh.com
2013-05-12 14:58:42,static.ak.facebook.com
2013-05-12 14:58:42,module-videodesk.com
2013-05-12 14:58:42,platform.twitter.com
2013-05-12 14:58:43,apis.google.com
2013-05-12 14:58:43,www.facebook.com
2013-05-12 14:58:43,www.ajstage.com
2013-05-12 14:58:44,www.ajstage.com
2013-05-12 14:58:45,accounts.google.com
2013-05-12 14:58:45,www.ajstage.com
2013-05-12 14:58:48,www.ajstage.com
2013-05-12 14:58:52,twitter.com
2013-05-12 14:59:23,twitter.com
2013-05-12 14:59:26,facebook.com
2013-05-12 15:03:08,geai.univ-brest.fr
2013-05-12 15:16:09,www.google.com
2013-05-12 15:16:09,www.google.fr
2013-05-12 15:16:24,clients5.google.com
2013-05-12 15:16:24,www.google.fr
2013-05-12 15:16:25,clients5.google.com
2013-05-12 15:16:27,www.google.fr
2013-05-12 15:16:27,www.google.com
2013-05-12 15:16:28,www.google.fr
2013-11-18 09:01:28,armmf.adobe.com
2013-11-18 09:01:30,armmf.adobe.com
2013-11-18 09:01:32,armdl.adobe.com
2013-11-18 09:01:51,gtssl-ocsp.geotrust.com
2013-11-18 09:01:53,gtssl-ocsp.geotrust.com
2013-11-18 09:01:58,geo.mozilla.org
2013-11-18 09:06:19,javadl-esd-secure.oracle.com
2013-11-18 09:06:33,clients1.google.com
2013-11-18 09:06:33,gtglobal-ocsp.geotrust.com
2013-11-18 09:06:34,clients1.google.com
2013-11-18 09:06:37,javadl-esd-secure.oracle.com
2013-11-18 09:06:38,www.google.fr
2013-11-18 09:06:39,ocsp.usertrust.com
2013-11-18 09:06:39,clients1.google.com
2013-11-18 09:06:39,ocsp.tcs.terena.org
2013-11-18 09:07:49,ocsp.verisign.com
2013-11-18 09:09:29,safebrowsing-cache.google.com
2013-11-18 09:09:29,safebrowsing.clients.google.com
2013-11-18 09:09:30,plus.google.com
2013-11-18 09:09:30,safebrowsing-cache.google.com
2013-11-18 09:09:30,apis.google.com
2013-11-18 09:09:31,www.google.com
2013-11-18 09:09:32,www.google.fr
2013-11-18 09:09:49,ocsp.digicert.com
2013-11-18 09:11:49,ocsp.thawte.com
2013-11-18 09:18:52,login.wikimedia.org
2013-11-18 09:18:52,bits.wikimedia.org
2013-11-18 09:18:52,fr.wikipedia.org
2013-11-18 09:20:10,plus.google.com
2013-11-18 09:20:10,www.google.com
2013-11-18 09:20:10,www.google.fr
2013-11-18 09:26:30,www.google.com
2013-11-18 09:26:32,apis.google.com
2013-11-18 09:26:32,www.google.fr
2013-11-18 09:26:32,plus.google.com
2013-11-18 09:27:04,javadl-esd-secure.oracle.com
2013-11-18 09:27:08,javadl-esd-secure.oracle.com
2013-11-18 09:31:06,www.google.com
2013-11-18 09:31:08,www.google.fr
2013-11-18 09:31:09,plus.google.com
2013-11-18 09:31:21,apis.google.com
2013-11-18 09:33:28,www.google.com
2013-11-18 09:36:23,www.google.com
2013-11-18 09:36:26,plus.google.com
2013-11-18 09:36:26,www.google.fr
2013-11-18 09:36:29,ajax.googleapis.com
2013-11-18 09:46:12,javadl-esd-secure.oracle.com
2013-11-18 09:47:25,javadl-esd-secure.oracle.com
2013-11-18 13:42:39,geo.mozilla.org
2013-11-18 13:42:52,snippets-stats.mozilla.org
2013-11-18 13:43:02,apis.google.com
2013-11-18 13:44:24,www.google.com
2013-11-18 13:44:26,www.google.fr
2013-11-18 14:02:44,github.global.ssl.fastly.net
2013-11-18 14:02:45,github.global.ssl.fastly.net
2013-11-18 14:02:46,github.global.ssl.fastly.net
2013-11-18 14:02:47,github.global.ssl.fastly.net
2013-11-18 14:02:50,github.com
2013-11-18 14:03:16,github.com
2013-11-18 14:04:31,1.gravatar.com
2013-11-18 14:29:01,s-static.ak.facebook.com
2013-11-18 14:29:08,www.facebook.com
2013-11-18 14:29:10,www.facebook.com
2013-11-18 14:29:39,twitter.com
2013-11-18 14:31:40,www.google.com
2013-11-18 14:31:46,www.google.fr
2013-11-18 14:31:49,ajax.googleapis.com
2013-11-18 14:31:55,apis.google.com
2013-11-18 14:31:59,accounts.google.com
2013-11-18 14:34:00,s-static.ak.facebook.com
2013-11-18 14:34:05,www.facebook.com
2013-11-18 14:34:35,twitter.com
2013-11-18 14:36:49,www.google.com
2013-11-18 14:36:51,www.google.fr
2013-11-18 14:36:54,apis.google.com
2013-11-18 15:09:33,s-static.ak.facebook.com
2013-11-18 15:10:33,www.facebook.com
2013-11-18 15:10:33,s-static.ak.facebook.com
2013-11-18 15:11:01,s-static.ak.facebook.com
2013-11-18 15:11:01,www.facebook.com
2013-11-18 15:11:19,twitter.com
2013-11-18 15:12:31,platform.twitter.com
2013-11-18 15:13:23,www.google.fr
2013-11-18 15:14:55,clients2.google.com
2013-11-18 15:14:58,apis.google.com
2013-11-18 15:15:02,mail.google.com
2013-11-18 15:15:02,plus.google.com
2013-11-18 15:15:02,www.google.com
2013-11-18 15:15:03,accounts.google.fr
2013-11-18 15:15:03,accounts.google.com
2013-11-18 15:15:04,accounts.youtube.com
2013-11-18 15:53:44,www.google.com
2013-11-18 15:55:31,javadl-esd-secure.oracle.com
2013-11-18 15:56:02,javadl-esd-secure.oracle.com
2013-11-18 15:56:43,id.google.fr
2013-11-18 15:56:46,www.google.fr
2013-11-18 15:56:51,plus.google.com
2013-11-18 15:56:51,www.google.com
2013-11-18 15:57:17,clients6.google.com
2013-11-18 15:57:17,apis.google.com
2013-11-18 15:57:17,accounts.google.com
2013-11-18 15:57:49,gg.google.com
2013-11-18 15:58:12,adzerk-www.s3.amazonaws.com
2013-11-18 15:58:26,stackauth.com
2013-11-18 15:58:49,drive.google.com
2013-11-18 16:00:06,www.gravatar.com
2013-11-18 16:00:59,www.google.com
2013-11-18 16:01:00,www.google.fr
2013-11-18 16:01:01,plus.google.com
2013-11-18 16:02:17,clients6.google.com
2013-11-18 16:03:00,docs.google.com
2013-11-18 16:07:18,clients6.google.com
2013-11-18 16:07:48,plus.google.com
2013-11-18 16:08:51,drive.google.com
2013-11-18 16:12:18,clients6.google.com
2013-11-18 16:13:06,docs.google.com
2013-11-18 16:14:41,api.facebook.com
2013-11-18 16:15:49,public-api.wordpress.com
2013-11-18 16:16:38,s1.wp.com
2013-11-18 16:16:38,s0.wp.com
2013-11-18 16:17:02,plus.google.com
2013-11-18 16:17:18,clients6.google.com
2013-11-18 16:17:30,www.google.fr
2013-11-18 16:17:39,apis.google.com
2013-11-18 16:17:39,accounts.google.com
2013-11-18 16:17:55,docs.google.com
2013-11-18 16:18:50,drive.google.com
2013-11-18 16:21:58,clients6.google.com
2013-11-18 16:21:58,0.docs.google.com
2013-11-18 16:21:58,0.drive.google.com
2013-11-18 16:28:59,javadl-esd-secure.oracle.com
2013-11-18 16:40:43,javadl-esd-secure.oracle.com
2013-11-18 17:50:44,javadl-esd-secure.oracle.com
2013-11-18 17:53:10,javadl-esd-secure.oracle.com
2013-11-18 17:56:30,www.google.fr
2013-11-18 17:56:36,www.google.com
2013-11-18 17:56:37,clients2.google.com
2013-11-18 17:56:40,accounts.google.com
2013-11-18 17:56:42,chatenabled.mail.google.com
2013-11-18 17:56:51,apis.google.com
2013-11-18 17:57:17,plus.google.com
2013-11-18 18:07:46,plus.google.com
2013-11-18 18:13:07,docs.google.com
2013-11-18 18:13:29,plus.google.com
2013-11-18 18:16:50,plus.google.com
2013-11-18 18:19:58,mail.google.com
2013-11-19 08:14:22,safebrowsing.clients.google.com
2013-11-19 08:14:22,safebrowsing-cache.google.com
2013-11-19 08:14:23,safebrowsing-cache.google.com
2013-11-19 08:14:24,safebrowsing-cache.google.com
2013-11-19 08:18:20,clients1.google.com
2013-11-19 08:18:20,www.google.com
2013-11-19 08:18:21,gtglobal-ocsp.geotrust.com
2013-11-19 08:18:21,clients1.google.com
2013-11-19 08:18:27,clients1.google.com
2013-11-19 08:18:31,www.google.fr
2013-11-19 08:18:34,www.ift.ulaval.ca
2013-11-19 08:18:37,www.ift.ulaval.ca
2013-11-19 08:18:38,www.ift.ulaval.ca
2013-11-19 08:18:51,javadl-esd-secure.oracle.com
2013-11-19 08:20:09,javadl-esd-secure.oracle.com
2013-11-19 08:20:38,www.google.fr
2013-11-19 08:21:28,apis.google.com
2013-11-19 08:23:21,www.google.com
2013-11-19 08:23:23,plus.google.com
2013-11-19 08:23:23,www.google.fr
2013-11-19 08:31:40,www.ift.ulaval.ca
2013-11-19 08:31:41,www.ift.ulaval.ca
2013-11-19 08:31:43,clients1.google.com
2013-11-19 08:31:43,ocsp.tcs.terena.org
2013-11-19 08:31:43,ocsp.usertrust.com
2013-11-19 08:34:46,www.google.com
2013-11-19 08:34:47,www.google.com
2013-11-19 08:34:52,www.google.fr
2013-11-19 08:34:53,network.aufeminin.com
2013-11-19 08:34:53,www.marmiton.org
2013-11-19 08:34:54,www.marmiton.org
2013-11-19 08:34:54,ws.bo.queboirequemanger.com
2013-11-19 08:34:54,platform.twitter.com
2013-11-19 08:34:54,www.facebook.com
2013-11-19 08:34:54,cdnvideo.aufeminin.com
2013-11-19 08:34:54,network.aufeminin.com
2013-11-19 08:34:54,www.aufeminin.com
2013-11-19 08:34:55,static.ak.facebook.com
2013-11-19 08:34:55,s-static.ak.facebook.com
2013-11-19 08:34:55,www.aufeminin.com
2013-11-19 08:34:55,assets.pinterest.com
2013-11-19 08:34:55,platform.twitter.com
2013-11-19 08:34:55,connect.facebook.net
2013-11-19 08:34:56,twitter.com
2013-11-19 08:34:56,evsecure-ocsp.verisign.com
2013-11-19 08:34:56,assets.pinterest.com
2013-11-19 08:36:51,cdns.gigya.com
2013-11-19 08:37:43,www.google.com
2013-11-19 08:37:45,plus.google.com
2013-11-19 08:37:45,id.google.fr
2013-11-19 08:37:45,www.google.fr
2013-11-19 08:42:49,safebrowsing-cache.google.com
2013-11-19 08:42:49,safebrowsing.clients.google.com
2013-11-19 08:42:50,safebrowsing-cache.google.com
2013-11-19 08:57:27,www.squid-cache.org
2013-11-19 08:57:30,www.google.com
2013-11-19 08:57:37,www.google.fr
2013-11-19 08:57:38,ocsp.verisign.com
2013-11-19 08:57:38,glassfish.java.net
2013-11-19 08:57:40,www.oracle.com
2013-11-19 08:57:44,glassfish.java.net
2013-11-19 08:57:45,glassfish.java.net
2013-11-19 09:00:31,id.google.fr
2013-11-19 09:00:32,www.google.fr
2013-11-19 09:00:32,plus.google.com
2013-11-19 09:00:35,www.google.com
2013-11-19 09:00:35,calendar.google.com
2013-11-19 09:07:53,ocsp.thawte.com
2013-11-19 09:11:14,safebrowsing.clients.google.com
2013-11-19 09:11:14,safebrowsing-cache.google.com
2013-11-19 09:11:15,safebrowsing-cache.google.com
2013-11-19 09:11:53,ocsp.verisign.com
2013-11-19 09:13:53,ocsp.digicert.com
2013-11-19 09:41:17,safebrowsing.clients.google.com
2013-11-19 09:41:17,safebrowsing-cache.google.com
2013-11-19 09:41:18,safebrowsing-cache.google.com
2013-11-19 09:49:14,java.sun.com
2013-11-19 09:49:14,www.oracle.com
2013-11-19 09:49:37,www.w3.org
2013-11-19 09:49:52,www.w3.org
2013-11-19 09:50:07,www.w3.org
2013-11-19 09:50:17,ocsp.tcs.terena.org
2013-11-19 09:50:17,ocsp.usertrust.com
2013-11-19 09:50:22,www.w3.org
2013-11-19 09:51:39,clients1.google.com
2013-11-19 09:51:40,gtglobal-ocsp.geotrust.com
2013-11-19 09:51:44,www.google.fr
2013-11-19 09:51:44,fr.wikipedia.org
2013-11-19 09:51:44,bits.wikimedia.org
2013-11-19 09:51:45,bits.wikimedia.org
2013-11-19 09:51:45,meta.wikimedia.org
2013-11-19 09:51:45,fr.wikipedia.org
2013-11-19 09:51:45,ocsp.digicert.com
2013-11-19 09:52:12,www.google.fr
2013-11-19 09:52:13,www.linkedin.com
2013-11-19 09:52:45,bits.wikimedia.org
2013-11-19 09:52:46,login.wikimedia.org
2013-11-19 09:52:46,fr.wikipedia.org
2013-11-19 09:53:11,www.google.fr
2013-11-19 09:53:12,www.google.fr
2013-11-19 09:53:12,www.linkedin.com
2013-11-19 09:53:13,www.linkedin.com
2013-11-19 09:53:46,www.linkedin.com
2013-11-19 09:53:47,www.linkedin.com
2013-11-19 09:53:48,www.linkedin.com
2013-11-19 09:54:04,ocsp.thawte.com
2013-11-19 09:54:05,ocsp.digicert.com
2013-11-19 09:54:05,clients1.google.com
2013-11-19 09:54:05,rapidssl-ocsp.geotrust.com
2013-11-19 09:55:07,plus.google.com
2013-11-19 09:55:07,www.google.com
2013-11-19 09:55:10,clients1.google.com
2013-11-19 09:55:15,clients1.google.com
2013-11-19 09:55:17,clients1.google.com
2013-11-19 09:55:24,www.google.com
2013-11-19 09:55:24,www.google.fr
2013-11-19 09:55:54,www.google.fr
2013-11-19 09:55:59,www.linkedin.com
2013-11-19 09:56:08,www.google.fr
2013-11-19 09:57:07,www.google.com
2013-11-19 09:57:07,safebrowsing.clients.google.com
2013-11-19 09:57:08,static.ak.facebook.com
2013-11-19 09:57:08,www.facebook.com
2013-11-19 09:57:08,platform.twitter.com
2013-11-19 09:57:08,connect.facebook.net
2013-11-19 09:57:08,www.google.com
2013-11-19 09:57:08,assets.pinterest.com
2013-11-19 09:57:09,s-static.ak.facebook.com
2013-11-19 09:57:09,www.google.com
2013-11-19 09:57:09,match.rtbidder.net
2013-11-19 09:57:09,evsecure-ocsp.verisign.com
2013-11-19 09:57:10,clients1.google.com
2013-11-19 09:57:10,www.groupon.fr
2013-11-19 09:57:10,evsecure-ocsp.verisign.com
2013-11-19 09:57:10,www.facebook.com
2013-11-19 09:57:11,www.facebook.com
2013-11-19 09:57:40,twitter.com
2013-11-19 09:58:43,clients2.google.com
2013-11-19 09:58:44,plus.google.com
2013-11-19 09:58:44,chatenabled.mail.google.com
2013-11-19 09:58:47,www.google.com
2013-11-19 09:58:49,accounts.youtube.com
2013-11-19 09:58:49,mail.google.com
2013-11-19 09:58:49,accounts.google.fr
2013-11-19 09:59:15,apis.google.com
2013-11-19 09:59:15,accounts.google.com
2013-11-21 13:38:03,clients5.google.com
2013-11-21 13:38:09,www.google.fr
2013-11-21 13:38:09,www.google.com
2013-11-21 13:38:10,www.google.fr
2013-11-21 13:38:10,www.google.com
2013-11-21 13:38:15,www.google.fr
2013-11-21 13:38:15,www.google.com
2013-11-21 13:38:21,www.google.fr
2013-11-21 13:38:21,www.google.com
2013-11-21 13:38:24,www.google.fr
2013-11-21 13:38:28,www.google.com
2013-11-21 13:38:35,www.google.fr
2013-11-21 13:38:36,www.google.com
2013-11-21 13:38:36,www.google.fr
2013-11-21 13:38:38,www.google.fr
2013-11-21 13:38:39,www.google.com
2013-11-21 13:38:50,www.google.com
2013-11-21 13:38:51,www.google.com
2013-11-21 13:38:54,apis.google.com
2013-11-21 13:38:56,accounts.google.com
2013-11-21 13:39:01,tools.google.com
2013-11-21 13:39:01,www.google.com
2013-11-21 13:39:01,www.google.fr
2013-11-21 13:39:15,www.google.com
2013-11-21 13:39:15,tools.google.com
2013-11-21 13:39:51,dl.google.com
2013-11-21 13:39:53,tools.google.com
2013-11-21 13:39:54,www.google.com
2013-11-21 13:39:54,dl.google.com
2013-11-21 13:39:54,apis.google.com
2013-11-21 13:39:55,www.google.fr
2013-11-21 13:39:55,www.google.com
2013-11-21 13:39:56,www.google.com
2013-11-21 13:39:56,www.google.fr
2013-11-21 13:39:58,www.google.fr
2013-11-21 13:40:29,www.google.fr
2013-11-21 13:40:59,tools.google.com
2013-11-21 13:40:59,www.google.fr
2013-11-21 13:41:05,apis.google.com
2013-11-21 13:41:05,www.google.com
2013-11-21 13:41:06,accounts.google.com
2013-11-21 13:41:06,www.google.com
2013-11-21 13:41:06,www.google.fr
2013-11-21 13:41:07,www.google.fr
2013-11-21 13:41:07,www.google.com
2013-11-21 13:41:08,www.google.com
2013-11-21 13:41:08,www.google.fr
2013-11-21 13:41:09,accounts.google.com
2013-11-21 13:41:09,apis.google.com
2013-11-21 13:41:09,www.google.com
2013-11-21 13:41:10,accounts.google.com
2013-11-21 13:41:10,apis.google.com
2013-11-21 13:41:10,www.google.com
2013-11-21 13:41:11,www.google.com
2013-11-21 13:41:11,apis.google.com
2013-11-21 13:41:12,accounts.google.com
2013-11-21 13:41:12,www.google.com
2013-11-21 13:41:12,apis.google.com
2013-11-21 13:41:13,www.google.com
2013-11-21 13:41:13,www.google.fr
2013-11-21 13:41:13,tools.google.com
2013-11-21 13:41:16,dl.google.com
2013-11-21 13:41:23,apis.google.com
2013-11-21 13:41:23,www.google.com
2013-11-21 13:41:23,tools.google.com
2013-11-21 13:41:24,www.google.fr
2013-11-21 13:41:24,www.google.com
2013-11-21 13:41:25,www.google.com
2013-11-21 13:41:25,www.google.fr
2013-11-21 13:41:26,www.google.com
2013-11-21 13:41:26,www.google.fr
2013-11-21 13:41:28,www.google.fr
2013-11-21 13:42:31,javadl-esd.sun.com
2013-11-21 13:42:56,dl.google.com
2013-11-21 13:43:07,www.google.com
2013-11-21 13:45:28,www.google.fr
2013-11-21 13:45:28,tools.google.com
2013-11-21 13:46:00,www.cyclismo.org
2013-11-21 13:46:02,www.cyclismo.org
2013-11-21 14:06:14,clients5.google.com
2013-11-21 14:06:15,clients5.google.com
2013-11-21 14:06:16,clients5.google.com
2013-11-21 14:06:17,clients5.google.com
2013-11-21 14:06:18,www.google.fr
2013-11-21 14:06:18,www.google.com
2013-11-21 14:06:33,www.google.fr
2013-11-21 14:06:36,www.google.com
2013-11-21 14:06:47,connect.facebook.net
2013-11-21 14:06:47,www.facebook.com
2013-11-21 14:06:47,www.journaldugeek.com
2013-11-21 14:06:47,www.google.fr
2013-11-21 14:06:47,www.google.com
2013-11-21 14:06:47,platform.twitter.com
2013-11-21 14:06:48,s-static.ak.facebook.com
2013-11-21 14:06:48,apis.google.com
2013-11-21 14:06:48,di3-4.shopping.com
2013-11-21 14:06:48,assets.pinterest.com
2013-11-21 14:06:48,s0.wp.com
2013-11-21 14:06:48,di3-1.shopping.com
2013-11-21 14:06:48,di3-2.shopping.com
2013-11-21 14:06:48,www.journaldugamer.com
2013-11-21 14:06:48,static.ak.facebook.com
2013-11-21 14:06:48,www.journaldugeek.com
2013-11-21 14:06:49,www.journaldugeek.com
2013-11-21 14:06:49,www.facebook.com
2013-11-21 14:06:50,www.journaldugamer.com
2013-11-21 14:06:50,platform.twitter.com
2013-11-21 14:06:51,platform.twitter.com
2013-11-21 14:06:51,www.journaldugamer.com
2013-11-21 14:06:52,www.journaldugamer.com
2013-11-21 14:06:52,www.google.com
2013-11-21 14:06:52,1.gravatar.com
2013-11-21 14:06:52,0.gravatar.com
2013-11-21 14:06:52,www.facebook.com
2013-11-21 14:06:52,fr.primary.affinitad.com
2013-11-21 14:06:52,assets.pinterest.com
2013-11-21 14:06:53,di3-1.shopping.com
2013-11-21 14:06:53,yarpp.org
2013-11-21 14:06:53,0.gravatar.com
2013-11-21 14:06:53,www.journaldugamer.com
2013-11-21 14:06:53,di3-2.shopping.com
2013-11-21 14:07:03,platform.twitter.com
2013-11-21 14:07:03,fpdownload2.macromedia.com
2013-11-21 14:07:03,www.facebook.com
2013-11-21 14:07:03,apis.google.com
2013-11-21 14:07:04,www.google.com
2013-11-21 14:07:06,www.journaldugamer.com
2013-11-21 14:07:06,apis.google.com
2013-11-21 14:07:06,wtpn.twenga.fr
2013-11-21 14:07:06,fr.primary.affinitad.com
2013-11-21 14:07:06,adventori.com
2013-11-21 14:07:07,1.gravatar.com
2013-11-21 14:07:07,fr.primary.affinitad.com
2013-11-21 14:07:07,adventori.com
2013-11-21 14:07:07,passets.pinterest.com
2013-11-21 14:07:07,apis.google.com
2013-11-21 14:07:07,widgets.pinterest.com
2013-11-21 14:07:07,wtpn.twenga.fr
2013-11-21 14:07:07,0.gravatar.com
2013-11-21 14:07:08,apis.google.com
2013-11-21 14:07:08,adventori.com
2013-11-21 14:07:08,um.simpli.fi
2013-11-21 14:07:10,accounts.google.com
2013-11-21 14:07:10,rbx-cdn-tpn.c4tw.net
2013-11-21 14:07:10,ajax.googleapis.com
2013-11-21 14:07:11,rbx-cdn-tpn.c4tw.net
2013-11-21 14:07:11,i11.twenga.com
2013-11-21 14:07:11,i10.twenga.com
2013-11-21 14:07:13,www.journaldugamer.com
2013-11-21 14:07:14,twitter.com
2013-11-21 14:07:14,apis.google.com
2013-11-21 14:07:15,twitter.com
2013-11-21 14:07:15,apis.google.com
2013-11-21 14:07:16,twitter.com
2013-11-21 14:07:17,twitter.com
2013-11-21 14:07:17,accounts.google.com
2013-11-21 14:07:18,twitter.com
2013-11-21 14:07:18,accounts.google.com
2013-11-21 14:07:18,findtheinvisiblecow.com
2013-11-21 14:07:19,twitter.com
2013-11-21 14:07:19,s-static.ak.facebook.com
2013-11-21 14:07:19,www.facebook.com
2013-11-21 14:07:19,static.ak.facebook.com
2013-11-21 14:07:19,platform.twitter.com
2013-11-21 14:07:19,findtheinvisiblecow.com
2013-11-21 14:07:20,findtheinvisiblecow.com
2013-11-21 14:07:20,www.journaldugeek.com
2013-11-21 14:07:22,platform.twitter.com
2013-11-21 14:07:29,twitter.com
2013-11-21 14:07:44,mail.google.com
2013-11-21 14:07:44,platform.twitter.com
2013-11-21 14:07:45,twitter.com
2013-11-21 14:07:48,twitter.com
2013-11-21 14:07:57,mail.google.com
2013-11-21 14:07:57,www.google.com
2013-11-21 14:07:57,accounts.google.com
2013-11-21 14:07:58,apis.google.com
2013-11-21 14:07:58,mail.google.com
2013-11-21 14:07:58,www.google.com
2013-11-21 14:07:59,accounts.google.com
2013-11-21 14:08:00,www.google.com
2013-11-21 14:08:01,www.google.com
2013-11-21 14:08:01,mail.google.com
2013-11-21 14:08:01,accounts.google.com
2013-11-21 14:08:03,accounts.youtube.com
2013-11-21 14:08:15,accounts.google.com
2013-11-21 14:08:15,mail.google.com
2013-11-21 14:08:22,accounts.google.com
2013-11-21 14:08:22,mail.google.com
2013-11-21 14:08:22,accounts.youtube.com
2013-11-21 14:08:29,mail.google.com
2013-11-21 14:08:29,accounts.youtube.com
2013-11-21 14:08:29,accounts.google.fr
2013-11-21 14:08:30,accounts.youtube.com
2013-11-21 14:08:30,accounts.google.com
2013-11-21 14:08:30,accounts.google.fr
2013-11-21 14:08:31,mail.google.com
2013-11-21 14:08:32,mail.google.com
2013-11-21 14:08:33,mail.google.com
2013-11-21 14:08:34,www.google.com
2013-11-21 14:08:34,mail.google.com
2013-11-21 14:08:34,clients2.google.com
2013-11-21 14:08:34,apis.google.com
2013-11-21 14:08:34,plus.google.com
2013-11-21 14:08:35,mail.google.com
2013-11-21 14:08:35,apis.google.com
2013-11-21 14:08:35,plus.google.com
2013-11-21 14:08:37,mail.google.com
2013-11-21 14:08:38,mail.google.com
2013-11-21 14:08:38,b.mail.google.com
2013-11-21 14:08:38,chatenabled.mail.google.com
2013-11-21 14:08:39,mail.google.com
2013-11-21 14:08:41,b.mail.google.com
2013-11-21 14:08:41,plus.google.com
2013-11-21 14:08:41,chatenabled.mail.google.com
2013-11-21 14:08:42,mail.google.com
2013-11-21 14:08:45,plus.google.com
2013-11-21 14:08:46,mail.google.com
2013-11-21 14:08:48,plus.google.com
2013-11-21 14:08:49,mail.google.com
2013-11-21 14:08:57,plus.google.com
2013-11-21 14:09:17,apis.google.com
2013-11-21 14:09:33,plus.google.com
2013-11-21 14:09:33,mail.google.com
2013-11-21 14:09:34,apis.google.com
2013-11-21 14:09:37,plus.google.com
2013-11-21 14:09:37,mail.google.com
2013-11-21 14:10:35,mail.google.com
2013-11-21 14:10:38,mail.google.com
2013-11-21 14:10:48,www.google.com
2013-11-21 14:10:48,www.google.fr
2013-11-21 14:11:02,www.google.fr
2013-11-21 14:11:05,apis.google.com
2013-11-21 14:11:05,www.google.fr
2013-11-21 14:11:09,www.google.com
2013-11-21 14:11:09,b.mail.google.com
2013-11-21 14:11:10,www.google.com
2013-11-21 14:11:10,accounts.google.fr
2013-11-21 14:11:10,accounts.youtube.com
2013-11-21 14:11:10,apis.google.com
2013-11-21 14:11:10,accounts.google.com
2013-11-21 14:11:10,www.google.fr
2013-11-21 14:11:23,apis.google.com
2013-11-21 14:11:24,plus.google.com
2013-11-21 14:11:41,www.google.fr
2013-11-21 14:11:41,accounts.google.com
2013-11-21 14:11:45,www.cin.ufpe.br
2013-11-21 14:11:45,mail.google.com
2013-11-21 14:11:45,accounts.youtube.com
2013-11-21 14:11:45,www.google.fr
2013-11-21 14:11:46,www.cin.ufpe.br
2013-11-21 14:11:47,www.cin.ufpe.br
2013-11-21 14:11:48,www.cin.ufpe.br
2013-11-21 14:11:50,www.google.fr
2013-11-21 14:11:51,www.cin.ufpe.br
2013-11-21 14:11:52,www.cin.ufpe.br
2013-11-21 14:11:53,www.cin.ufpe.br
2013-11-21 14:12:02,www.cin.ufpe.br
2013-11-21 14:12:14,apis.google.com
2013-11-21 14:12:38,www.google.fr
2013-11-21 14:12:45,www2.cin.ufpe.br
2013-11-21 14:12:46,www2.cin.ufpe.br
2013-11-21 14:12:47,www2.cin.ufpe.br
2013-11-21 14:12:48,www2.cin.ufpe.br
2013-11-21 14:12:48,translate.google.com
2013-11-21 14:12:49,www2.cin.ufpe.br
2013-11-21 14:12:50,www2.cin.ufpe.br
2013-11-21 14:12:51,www2.cin.ufpe.br
2013-11-21 14:12:51,translate.googleapis.com
2013-11-21 14:12:52,www2.cin.ufpe.br
2013-11-21 14:12:52,www.google.fr
2013-11-21 14:12:53,www2.cin.ufpe.br
2013-11-21 14:12:56,www2.cin.ufpe.br
2013-11-21 14:12:57,www2.cin.ufpe.br
2013-11-21 14:13:00,www2.cin.ufpe.br
2013-11-21 14:13:01,plus.google.com
2013-11-21 14:13:02,www2.cin.ufpe.br
2013-11-21 14:13:03,www2.cin.ufpe.br
2013-11-21 14:13:03,plus.google.com
2013-11-21 14:13:04,www2.cin.ufpe.br
2013-11-21 14:13:04,www.google.fr
2013-11-21 14:13:04,plus.google.com
2013-11-21 14:13:05,mts0.google.com
2013-11-21 14:13:05,translate.googleapis.com
2013-11-21 14:13:05,plus.google.com
2013-11-21 14:13:05,www2.cin.ufpe.br
2013-11-21 14:13:06,www2.cin.ufpe.br
2013-11-21 14:13:08,plus.google.com
2013-11-21 14:13:08,www2.cin.ufpe.br
2013-11-21 14:13:09,www2.cin.ufpe.br
2013-11-21 14:13:10,www2.cin.ufpe.br
2013-11-21 14:13:18,plus.google.com
2013-11-21 14:13:24,plus.google.com
2013-11-21 14:13:26,translate.googleapis.com
2013-11-21 14:13:26,translate.google.com
2013-11-21 14:13:40,www.google.com
2013-11-21 14:13:40,translate.googleapis.com
2013-11-21 14:14:05,www2.cin.ufpe.br
2013-11-21 14:14:45,www.google.com
2013-11-21 14:15:09,mail.google.com
2013-11-21 14:15:54,gmail.com
2013-11-21 14:15:54,mail.google.com
2013-11-21 14:16:09,accounts.google.com
2013-11-21 14:16:11,accounts.youtube.com
2013-11-21 14:16:20,accounts.youtube.com
2013-11-21 14:16:24,accounts.google.com
2013-11-21 14:16:24,accounts.youtube.com
2013-11-21 14:16:27,mail.google.com
2013-11-21 14:16:27,accounts.google.fr
2013-11-21 14:16:28,mail.google.com
2013-11-21 14:16:29,mail.google.com
2013-11-21 14:16:29,clients2.google.com
2013-11-21 14:16:30,apis.google.com
2013-11-21 14:16:30,clients2.google.com
2013-11-21 14:16:30,mail.google.com
2013-11-21 14:16:30,plus.google.com
2013-11-21 14:16:31,plus.google.com
2013-11-21 14:16:31,mail.google.com
2013-11-21 14:16:32,www.google.com
2013-11-21 14:16:34,b.mail.google.com
2013-11-21 14:16:34,chatenabled.mail.google.com
2013-11-21 14:16:34,www.google.com
2013-11-21 14:16:36,apis.google.com
2013-11-21 14:16:36,plus.google.com
2013-11-21 14:16:36,chatenabled.mail.google.com
2013-11-21 14:16:38,mail.google.com
2013-11-21 14:16:43,mail.google.com
2013-11-21 14:16:43,apis.google.com
2013-11-21 14:16:44,mail.google.com
2013-11-21 14:16:51,mail.google.com
2013-11-21 14:17:02,clients5.google.com
2013-11-21 14:17:04,clients5.google.com
2013-11-21 14:17:05,clients5.google.com
2013-11-21 14:17:06,www.google.com
2013-11-21 14:17:06,www.google.fr
2013-11-21 14:17:20,www.google.fr
2013-11-21 14:17:22,plus.google.com
2013-11-21 14:17:22,mail.google.com
2013-11-21 14:17:24,plus.google.com
2013-11-21 14:17:24,b.mail.google.com
2013-11-21 14:17:24,www.google.com
2013-11-21 14:17:25,www.google.fr
2013-11-21 14:17:25,www.google.com
2013-11-21 14:17:25,accounts.youtube.com
2013-11-21 14:17:25,accounts.google.fr
2013-11-21 14:17:25,accounts.google.com
2013-11-21 14:17:29,accounts.youtube.com
2013-11-21 14:17:29,www.ens-lyon.fr
2013-11-21 14:17:29,mail.google.com
2013-11-21 14:17:29,www.google.fr
2013-11-21 14:17:29,www.w3.org
2013-11-21 14:17:29,www.ens-lyon.eu
2013-11-21 14:17:42,plus.google.com
2013-11-21 14:17:42,apis.google.com
2013-11-21 14:18:16,www.irisa.fr
2013-11-21 14:18:30,www.ens-lyon.fr
2013-11-21 14:18:30,www.w3.org
2013-11-21 14:18:44,www.ens-lyon.fr
2013-11-21 14:18:45,www.ens-lyon.fr
2013-11-21 14:20:26,www.ens-lyon.fr
2013-11-21 14:21:23,www.google.fr
2013-11-21 14:21:24,mail.google.com
2013-11-21 14:21:42,apis.google.com
2013-11-21 14:21:43,plus.google.com
2013-11-21 14:23:04,www-list.cea.fr
2013-11-21 14:23:05,www-list.cea.fr
2013-11-21 14:23:06,www-list.cea.fr
2013-11-21 14:23:24,www.ens-lyon.fr
2013-11-21 14:24:01,www.ens-lyon.fr
2013-11-21 14:24:57,www.google.fr
2013-11-21 14:24:57,www.google.com
2013-11-21 14:25:00,www.google.com
2013-11-21 14:25:00,vagas.mitula.com.br
2013-11-21 14:25:00,www.google.fr
2013-11-21 14:25:00,scripts.mitula.net
2013-11-21 14:25:01,scripts.mitula.net
2013-11-21 14:25:01,www.google.com
2013-11-21 14:25:01,img.mitula.net
2013-11-21 14:25:02,connect.facebook.net
2013-11-21 14:25:02,www.google.com
2013-11-21 14:25:02,www.facebook.com
2013-11-21 14:25:02,vagas.mitula.com.br
2013-11-21 14:25:02,www.google.fr
2013-11-21 14:25:02,static.ak.facebook.com
2013-11-21 14:25:02,s-static.ak.facebook.com
2013-11-21 14:25:02,apis.google.com
2013-11-21 14:25:02,img.mitula.net
2013-11-21 14:25:02,accounts.google.com
2013-11-21 14:25:03,static.ak.facebook.com
2013-11-21 14:25:03,www.google.fr
2013-11-21 14:25:03,www.google.com
2013-11-21 14:25:03,apis.google.com
2013-11-21 14:25:04,s-static.ak.facebook.com
2013-11-21 14:25:04,www.google.com
2013-11-21 14:25:04,www.facebook.com
2013-11-21 14:25:04,vagas.mitula.com.br
2013-11-21 14:25:05,s-static.ak.facebook.com
2013-11-21 14:25:05,www.facebook.com
2013-11-21 14:25:05,static.ak.facebook.com
2013-11-21 14:25:06,www.google.fr
2013-11-21 14:25:07,www.google.fr
2013-11-21 14:25:07,empregos.trovitbrasil.com.br
2013-11-21 14:25:07,st.trov.it
2013-11-21 14:25:07,www.google.com
2013-11-21 14:25:08,www.google.com
2013-11-21 14:25:08,empregos.trovitbrasil.com.br
2013-11-21 14:25:08,distribution.trovit.com
2013-11-21 14:25:08,www.google.fr
2013-11-21 14:25:08,apis.google.com
2013-11-21 14:25:12,accounts.google.com
2013-11-21 14:25:12,clients1.google.fr
2013-11-21 14:25:15,clients1.google.fr
2013-11-21 14:25:15,st.trov.it
2013-11-21 14:25:17,vagas.mitula.com.br
2013-11-21 14:25:17,scripts.mitula.net
2013-11-21 14:25:19,apis.google.com
2013-11-21 14:25:20,www.empregos.com.br
2013-11-21 14:25:21,accounts.google.com
2013-11-21 14:25:21,vagas.mitula.com.br
2013-11-21 14:25:24,www.manager.com.br
2013-11-21 14:25:44,vagas.mitula.com.br
2013-11-21 14:25:44,www.empregos.com.br
2013-11-21 14:25:45,www.empregos.com.br
2013-11-21 14:25:45,vagas.mitula.com.br
2013-11-21 14:25:46,www.empregos.com.br
2013-11-21 14:25:46,accounts.google.com
2013-11-21 14:25:47,www.empregos.com.br
2013-11-21 14:25:48,www.empregos.com.br
2013-11-21 14:25:49,logo.empregos.com.br
2013-11-21 14:25:49,www.empregos.com.br
2013-11-21 14:25:50,logo.empregos.com.br
2013-11-21 14:25:50,www.empregos.com.br
2013-11-21 14:25:51,de.tynt.com
2013-11-21 14:25:51,www.empregos.com.br
2013-11-21 14:25:51,sc.tynt.com
2013-11-21 14:25:51,dnn506yrbagrg.cloudfront.net
2013-11-21 14:25:54,rd.trovit.com
2013-11-21 14:25:54,empregos.trovitbrasil.com.br
2013-11-21 14:25:54,accounts.google.com
2013-11-21 14:25:54,distribution.trovit.com
2013-11-21 14:25:55,www.empregos.com.br
2013-11-21 14:25:55,logo.empregos.com.br
2013-11-21 14:25:56,www.empregos.com.br
2013-11-21 14:25:56,logo.empregos.com.br
2013-11-21 14:25:57,de.tynt.com
2013-11-21 14:25:57,www.empregos.com.br
2013-11-21 14:26:37,translate.google.com
2013-11-21 14:26:38,translate.google.com
2013-11-21 14:26:41,www.google.com
2013-11-21 14:26:41,translate.google.com
2013-11-21 14:26:43,translate.google.com
2013-11-21 14:26:44,translate.google.com
2013-11-21 14:26:46,translate.google.com
2013-11-21 14:26:47,translate.google.com
2013-11-21 14:30:00,empregos.trovitbrasil.com.br
2013-11-21 14:30:00,rd.trovit.com
2013-11-21 14:30:15,ajax.googleapis.com
2013-11-21 14:30:16,ajax.googleapis.com
2013-11-21 14:30:16,www.google.com
2013-11-21 14:30:23,platform.twitter.com
2013-11-21 14:30:23,connect.facebook.net
2013-11-21 14:30:24,s-static.ak.facebook.com
2013-11-21 14:30:24,www.facebook.com
2013-11-21 14:30:24,platform.twitter.com
2013-11-21 14:30:24,static.ak.facebook.com
2013-11-21 14:30:26,apis.google.com
2013-11-21 14:30:28,accounts.google.com
2013-11-21 14:30:34,twitter.com
2013-11-21 14:30:55,mail.google.com
2013-11-21 14:30:55,gmail.com
2013-11-21 14:31:05,twitter.com
2013-11-21 14:31:09,accounts.google.com
2013-11-21 14:31:12,accounts.youtube.com
2013-11-21 14:31:14,mail.google.com
2013-11-21 14:31:21,accounts.google.fr
2013-11-21 14:31:22,accounts.google.com
2013-11-21 14:31:23,accounts.youtube.com
2013-11-21 14:31:23,accounts.google.fr
2013-11-21 14:31:23,mail.google.com
2013-11-21 14:31:23,clients2.google.com
2013-11-21 14:31:24,plus.google.com
2013-11-21 14:31:24,clients2.google.com
2013-11-21 14:31:24,mail.google.com
2013-11-21 14:31:25,apis.google.com
2013-11-21 14:31:26,www.google.com
2013-11-21 14:31:26,mail.google.com
2013-11-21 14:31:28,b.mail.google.com
2013-11-21 14:31:28,www.google.com
2013-11-21 14:31:28,chatenabled.mail.google.com
2013-11-21 14:31:32,plus.google.com
2013-11-21 14:31:37,chatenabled.mail.google.com
2013-11-21 14:32:10,mail.google.com
2013-11-21 14:32:12,b.mail.google.com
2013-11-21 14:32:12,www.google.com
2013-11-21 14:32:12,mail.google.com
2013-11-21 14:32:12,accounts.google.com
2013-11-21 14:32:12,www.google.fr
2013-11-21 14:32:12,accounts.youtube.com
2013-11-21 14:32:13,accounts.google.fr
2013-11-21 14:32:13,accounts.google.com
2013-11-21 14:33:13,apis.google.com
2013-11-21 14:33:17,accounts.youtube.com
2013-11-21 14:33:17,mail.google.com
2013-11-21 14:33:56,www.google.com
2013-11-21 14:33:56,www.google.fr
2013-11-21 14:34:07,clients5.google.com
2013-11-21 14:34:08,clients5.google.com
2013-11-21 14:34:09,www.google.com
2013-11-21 14:34:09,www.google.fr
2013-11-21 14:34:10,www.google.fr
2013-11-21 14:34:11,www.google.fr
2013-11-21 14:34:18,fr.wikipedia.org
2013-11-21 14:34:18,bits.wikimedia.org
2013-11-21 14:34:18,www.google.fr
2013-11-21 14:34:18,meta.wikimedia.org
2013-11-21 14:34:34,bits.wikimedia.org
2013-11-21 14:34:35,bits.wikimedia.org
2013-11-21 14:34:35,login.wikimedia.org
2013-11-21 14:34:35,fr.wikipedia.org
2013-11-21 14:34:38,fr.wikipedia.org
2013-11-21 14:35:35,fr.wikipedia.org
2013-11-21 14:35:35,bits.wikimedia.org
2013-11-21 14:35:35,login.wikimedia.org
2013-11-21 14:36:33,clients5.google.com
2013-11-21 14:36:34,clients5.google.com
2013-11-21 14:36:35,clients5.google.com
2013-11-21 14:36:36,clients5.google.com
2013-11-21 14:36:37,clients5.google.com
2013-11-21 14:36:38,clients5.google.com
2013-11-21 14:36:39,clients5.google.com
2013-11-21 14:36:40,www.google.com
2013-11-21 14:36:40,www.google.fr
2013-11-21 14:36:54,www.google.fr
2013-11-21 14:36:59,www.google.fr
2013-11-21 14:37:00,www.google.fr
2013-11-21 14:37:00,static.ak.facebook.com
2013-11-21 14:37:00,platform.twitter.com
2013-11-21 14:37:00,ajax.googleapis.com
2013-11-21 14:37:00,www.super-insolite.com
2013-11-21 14:37:00,connect.facebook.net
2013-11-21 14:37:01,www.super-insolite.com
2013-11-21 14:37:01,widgets.pinterest.com
2013-11-21 14:37:01,s-static.ak.facebook.com
2013-11-21 14:37:01,assets.pinterest.com
2013-11-21 14:37:02,erp.ebizfun.fr
2013-11-21 14:37:02,www.super-insolite.com
2013-11-21 14:37:03,static.sb.am
2013-11-21 14:37:03,www.super-insolite.com
2013-11-21 14:37:03,www.facebook.com
2013-11-21 14:37:03,passets.pinterest.com
2013-11-21 14:37:06,www.facebook.com
2013-11-21 14:37:06,www.super-insolite.com
2013-11-21 14:37:07,www.super-insolite.com
2013-11-21 14:37:07,social-sb.com
2013-11-21 14:37:07,static-sb.com
2013-11-21 14:37:13,twitter.com
2013-11-21 14:37:14,apis.google.com
2013-11-21 14:37:17,accounts.google.com
2013-11-21 14:37:17,platform.twitter.com
2013-11-21 14:37:17,twitter.com
2013-11-21 14:37:24,www.facebook.com
2013-11-21 14:37:24,apis.google.com
2013-11-21 14:37:30,clients5.google.com
2013-11-21 14:37:31,clients5.google.com
2013-11-21 14:37:32,clients5.google.com
2013-11-21 14:37:33,clients5.google.com
2013-11-21 14:37:35,www.google.com
2013-11-21 14:37:35,www.google.fr
2013-11-21 14:37:35,accounts.google.com
2013-11-21 14:37:39,www.google.fr
2013-11-21 14:37:39,www.mageekstore.com
2013-11-21 14:37:40,www.mageekstore.com
2013-11-21 14:37:49,www.google.fr
2013-11-21 14:37:50,www.pearl.fr
2013-11-21 14:37:50,static.pearl.fr
2013-11-21 14:37:58,www.google.fr
2013-11-21 14:37:59,fls-eu.amazon.fr
2013-11-21 14:37:59,g-ecx.images-amazon.com
2013-11-21 14:37:59,www.amazon.fr
2013-11-21 14:38:04,apis.google.com
2013-11-21 14:38:05,www.facebook.com
2013-11-21 14:38:05,i1.ytimg.com
2013-11-21 14:38:05,static.pearl.fr
2013-11-21 14:38:05,medias.pearl.fr
2013-11-21 14:38:05,apis.google.com
2013-11-21 14:38:05,www.pearl.fr
2013-11-21 14:38:06,medias.pearl.fr
2013-11-21 14:38:06,www.pearl.fr
2013-11-21 14:38:06,static.pearl.fr
2013-11-21 14:38:07,www.pearl.fr
2013-11-21 14:38:07,static.pearl.fr
2013-11-21 14:38:07,www.facebook.com
2013-11-21 14:38:07,smart2.allocine.fr
2013-11-21 14:38:07,www.mageekstore.com
2013-11-21 14:38:07,deliv.leboncoin.fr
2013-11-21 14:38:08,static.pearl.fr
2013-11-21 14:38:10,static.pearl.fr
2013-11-21 14:38:20,www.paypalobjects.com
2013-11-21 14:38:37,www.google.fr
2013-11-21 14:38:40,s.ytimg.com
2013-11-21 14:38:40,api.facebook.com
2013-11-21 14:38:40,www.youtube.com
2013-11-21 14:38:40,ajax.googleapis.com
2013-11-21 14:38:40,www.journaldulapin.com
2013-11-21 14:38:40,s.gravatar.com
2013-11-21 14:38:41,s.ytimg.com
2013-11-21 14:38:41,i1.ytimg.com
2013-11-21 14:38:41,www.journaldulapin.com
2013-11-21 14:39:06,www.youtube.com
2013-11-21 14:39:06,r3---sn-gxo5uxg-jqbe.googlevideo.com
2013-11-21 14:39:06,s.youtube.com
2013-11-21 14:39:07,r7---sn-cg07luel.googlevideo.com
2013-11-21 14:39:07,r3---sn-gxo5uxg-jqbe.googlevideo.com
2013-11-21 14:39:07,s.youtube.com
2013-11-21 14:39:08,r3---sn-gxo5uxg-jqbe.googlevideo.com
2013-11-21 14:39:08,r7---sn-cg07luel.googlevideo.com
2013-11-21 14:39:09,r7---sn-cg07luel.googlevideo.com
2013-11-21 14:39:11,r7---sn-cg07luel.googlevideo.com
2013-11-21 14:39:11,r3---sn-gxo5uxg-jqbe.googlevideo.com
2013-11-21 14:39:14,s.youtube.com
2013-11-21 14:39:16,s.youtube.com
2013-11-21 14:39:20,i1.ytimg.com
2013-11-21 14:39:25,s.youtube.com
2013-11-21 14:39:26,r7---sn-cg07luel.googlevideo.com
2013-11-21 14:39:26,r3---sn-gxo5uxg-jqbe.googlevideo.com
2013-11-21 14:39:30,ajax.googleapis.com
2013-11-21 14:39:30,m.bestofmedia.com
2013-11-21 14:39:31,emailretargeting.com
2013-11-21 14:39:31,media.bestofmicro.com
2013-11-21 14:39:31,m.bestofmedia.com
2013-11-21 14:39:31,dc1w54.wysistat.com
2013-11-21 14:39:31,ajax.googleapis.com
2013-11-21 14:39:31,widget.achetezfacile.com
2013-11-21 14:39:32,ajax.googleapis.com
2013-11-21 14:39:32,m.bestofmedia.com
2013-11-21 14:39:32,i.htfacile.fr
2013-11-21 14:39:33,m.bestofmedia.com
2013-11-21 14:39:43,cdns.gigya.com
2013-11-21 14:39:43,www.google.fr
2013-11-21 14:43:07,www.google.fr
2013-11-21 14:43:07,www.google.com
2013-11-21 14:43:21,www.google.fr
2013-11-21 14:43:23,www.google.fr
2013-11-21 14:43:24,www.thewayoftheninja.org
2013-11-21 14:43:24,www.facebook.com
2013-11-21 14:43:24,www.google.fr
2013-11-21 14:43:25,www.thewayoftheninja.org
2013-11-21 14:43:26,www.thewayoftheninja.org
2013-11-21 14:43:26,www.facebook.com
2013-11-21 14:43:27,www.thewayoftheninja.org
2013-11-21 14:43:28,www.thewayoftheninja.org
2013-11-21 14:43:29,www.thewayoftheninja.org
2013-11-21 14:43:32,www.thewayoftheninja.org
2013-11-21 14:43:33,nserver.thewayoftheninja.org
2013-11-21 14:43:33,bucket.thewayoftheninja.org
2013-11-21 14:43:46,www.paypal.com
2013-11-21 14:44:56,www.paypal.com
2013-11-21 14:49:02,gmail.com
2013-11-21 14:49:02,mail.google.com
2013-11-21 14:49:16,accounts.google.com
2013-11-21 14:49:19,accounts.youtube.com
2013-11-21 14:49:29,accounts.youtube.com
2013-11-21 14:49:30,accounts.google.com
2013-11-21 14:49:34,accounts.google.fr
2013-11-21 14:49:35,mail.google.com
2013-11-21 14:49:35,accounts.youtube.com
2013-11-21 14:49:36,mail.google.com
2013-11-21 14:49:36,accounts.google.fr
2013-11-21 14:49:36,apis.google.com
2013-11-21 14:49:37,mail.google.com
2013-11-21 14:49:37,apis.google.com
2013-11-21 14:49:37,clients2.google.com
2013-11-21 14:49:38,clients2.google.com
2013-11-21 14:49:38,plus.google.com
2013-11-21 14:49:39,www.google.com
2013-11-21 14:49:40,www.google.com
2013-11-21 14:49:42,mail.google.com
2013-11-21 14:49:43,chatenabled.mail.google.com
2013-11-21 14:49:43,b.mail.google.com
2013-11-21 14:49:43,mail.google.com
2013-11-21 14:49:43,apis.google.com
2013-11-21 14:49:51,plus.google.com
2013-11-21 14:50:36,drive.google.com
2013-11-21 14:50:50,drive.google.com
2013-11-21 14:50:52,drive.google.com
2013-11-21 14:50:53,drive.google.com
2013-11-21 14:50:53,apis.google.com
2013-11-21 14:50:56,www.google.com
2013-11-21 14:50:56,0.drive.google.com
2013-11-21 14:50:56,drive.google.com
2013-11-21 14:50:58,drive.google.com
2013-11-21 14:50:58,docs.google.com
2013-11-21 14:50:59,docs.google.com
2013-11-21 14:51:00,docs.google.com
2013-11-21 14:51:11,drive.google.com
2013-11-21 14:51:13,docs.google.com
2013-11-21 14:51:40,mail.google.com
2013-11-21 14:51:53,plus.google.com
2013-11-21 14:51:53,gg.google.com
2013-11-21 14:52:11,drive.google.com
2013-11-21 14:52:26,drive.google.com
2013-11-21 14:52:27,gg.google.com
2013-11-21 14:52:55,plus.google.com
2013-11-21 14:52:56,plus.google.com
2013-11-21 14:52:56,mail.google.com
2013-11-21 14:52:57,plus.google.com
2013-11-21 14:52:57,b.mail.google.com
2013-11-21 14:52:58,www.google.fr
2013-11-21 14:52:58,www.google.com
2013-11-21 14:52:58,accounts.google.com
2013-11-21 14:56:57,mail.google.com
2013-11-21 14:56:58,accounts.youtube.com
2013-11-21 14:56:58,accounts.google.fr
2013-11-21 14:57:35,0.drive.google.com
2013-11-21 15:03:22,accounts.google.com
2013-11-21 15:03:30,accounts.youtube.com
2013-11-21 15:03:30,mail.google.com
2013-11-21 15:03:30,accounts.google.com
2013-11-21 15:03:31,accounts.google.fr
2013-11-21 15:03:32,mail.google.com
2013-11-21 15:03:33,www.google.com
2013-11-21 15:03:33,plus.google.com
2013-11-21 15:03:33,clients2.google.com
2013-11-21 15:03:34,mail.google.com
2013-11-21 15:03:35,mail.google.com
2013-11-21 15:03:35,chatenabled.mail.google.com
2013-11-21 15:03:37,mail.google.com
2013-11-21 15:03:37,plus.google.com
2013-11-21 15:03:37,b.mail.google.com
2013-11-21 15:03:37,www.google.com
2013-11-21 15:03:38,b.mail.google.com
2013-11-21 15:03:38,www.google.com
2013-11-21 15:03:38,mail.google.com
2013-11-21 15:03:39,accounts.youtube.com
2013-11-21 15:03:39,www.google.fr
2013-11-21 15:03:39,accounts.google.com
2013-11-21 15:03:39,accounts.google.fr
2013-11-21 15:03:40,accounts.google.com
2013-11-21 15:03:40,accounts.youtube.com
2013-11-21 15:03:46,mail.google.com
2013-11-21 15:07:39,mail.google.com
2013-11-21 15:11:28,accounts.youtube.com
2013-11-21 15:11:28,accounts.google.com
2013-11-21 15:11:28,mail.google.com
2013-11-21 15:11:43,mail.google.com
2013-11-21 15:11:44,accounts.youtube.com
2013-11-21 15:11:44,accounts.google.com
2013-11-21 15:11:44,accounts.google.fr
2013-11-21 15:11:47,mail.google.com
2013-11-21 15:11:49,mail.google.com
2013-11-21 15:11:49,plus.google.com
2013-11-21 15:11:50,mail.google.com
2013-11-21 15:11:50,www.google.com
2013-11-21 15:11:50,clients2.google.com
2013-11-21 15:11:51,mail.google.com
2013-11-21 15:11:51,plus.google.com
2013-11-21 15:11:52,mail.google.com
2013-11-21 15:11:52,chatenabled.mail.google.com
2013-11-21 15:11:54,mail.google.com
2013-11-21 15:11:54,plus.google.com
2013-11-21 15:12:05,mail.google.com
2013-11-21 15:12:07,mail.google.com
2013-11-21 15:12:07,apis.google.com
2013-11-21 15:12:09,mail.google.com
2013-11-21 15:12:09,plus.google.com
2013-11-21 15:12:10,mail.google.com
2013-11-21 15:12:10,plus.google.com
2013-11-21 15:12:11,mail.google.com
2013-11-21 15:12:11,plus.google.com
2013-11-21 15:12:15,mail.google.com
2013-11-21 15:12:21,mail.google.com
2013-11-21 15:13:40,b.mail.google.com
2013-11-21 15:13:40,plus.google.com
2013-11-21 15:14:04,mail.google.com
2013-11-21 15:16:49,www.covoiturageauvergne.net
2013-11-21 15:16:50,www.covoiturageauvergne.net
2013-11-21 15:16:51,www.covoiturageauvergne.net
2013-11-21 15:16:51,docs.laroueverte.com
2013-11-21 15:16:51,maps.google.com
2013-11-21 15:16:53,mt0.googleapis.com
2013-11-21 15:16:53,mt1.googleapis.com
2013-11-21 15:16:54,mt1.googleapis.com
2013-11-21 15:16:54,maps.googleapis.com
2013-11-21 15:16:54,www.covoiturageauvergne.net
2013-11-21 15:16:54,mt0.googleapis.com
2013-11-21 15:16:55,maps.googleapis.com
2013-11-21 15:16:59,maps.googleapis.com
2013-11-21 15:17:13,www.covoiturageauvergne.net
2013-11-21 15:17:14,www.covoiturageauvergne.net
2013-11-21 15:17:15,www.covoiturageauvergne.net
2013-11-21 15:17:18,www.covoiturageauvergne.net
2013-11-21 15:17:30,www.covoiturageauvergne.net
2013-11-21 15:17:31,www.covoiturageauvergne.net
2013-11-21 15:17:32,maps.googleapis.com
2013-11-21 15:17:32,maps.google.com
2013-11-21 15:17:32,www.covoiturageauvergne.net
2013-11-21 15:17:33,mt1.googleapis.com
2013-11-21 15:17:33,www.covoiturageauvergne.net
2013-11-21 15:17:33,maps.googleapis.com
2013-11-21 15:17:33,mt0.googleapis.com
2013-11-21 15:17:34,mt1.googleapis.com
2013-11-21 15:17:34,mt0.googleapis.com
2013-11-21 15:17:35,mt1.googleapis.com
2013-11-21 15:17:35,maps.googleapis.com
2013-11-21 15:17:37,maps.googleapis.com
2013-11-21 15:17:50,covoiturageauvergne.net
2013-11-21 15:17:50,www.covoiturageauvergne.net
2013-11-21 15:17:51,www.covoiturageauvergne.net
2013-11-21 15:17:51,maps.googleapis.com
2013-11-21 15:17:52,maps.googleapis.com
2013-11-21 15:17:56,maps.googleapis.com
2013-11-21 15:17:58,www.covoiturageauvergne.net
2013-11-21 15:17:59,www.covoiturageauvergne.net
2013-11-21 15:18:13,www.covoiturageauvergne.net
2013-11-21 15:18:19,www.covoiturageauvergne.net
2013-11-21 15:18:25,www.covoiturageauvergne.net
2013-11-21 15:18:26,www.covoiturageauvergne.net
2013-11-25 13:37:40,gtssl-ocsp.geotrust.com
2013-11-25 13:37:43,gtssl-ocsp.geotrust.com
2013-11-25 13:37:48,geo.mozilla.org
2013-11-25 13:38:21,clients1.google.com
2013-11-25 13:38:21,www.google.com
2013-11-25 13:38:22,gtglobal-ocsp.geotrust.com
2013-11-25 13:38:24,clients1.google.com
2013-11-25 13:40:18,www.google.fr
2013-11-25 13:40:20,clients1.google.com
2013-11-25 13:40:20,ocsp.tcs.terena.org
2013-11-25 13:40:20,ocsp.usertrust.com
2013-11-25 13:40:20,www.google.fr
2013-11-25 13:40:21,clients1.google.com
2013-11-25 13:41:20,apis.google.com
2013-11-25 13:41:20,id.google.fr
2013-11-25 13:41:21,www.google.com
2013-11-25 13:41:21,www.google.fr
2013-11-25 13:43:19,ocsp.thawte.com
2013-11-25 13:43:26,sb-ssl.google.com
2013-11-25 13:45:18,ocsp.verisign.com
2013-11-25 13:47:19,ocsp.digicert.com
2013-11-25 13:47:25,ocsp.digicert.com
2013-11-25 13:55:42,safebrowsing.clients.google.com
2013-11-25 13:56:42,safebrowsing.clients.google.com
2013-11-25 13:58:58,ocsp.digicert.com
2013-11-25 13:58:59,ocsp.digicert.com
2013-11-25 13:59:00,ocsp.godaddy.com
2013-11-25 13:59:03,clients1.google.com
2013-11-25 13:59:03,ocsp.digicert.com
2013-11-25 13:59:04,ocsp.digicert.com
2013-11-25 13:59:09,github.global.ssl.fastly.net
2013-11-25 13:59:10,github.global.ssl.fastly.net
2013-11-25 13:59:11,github.global.ssl.fastly.net
2013-11-25 13:59:12,github.global.ssl.fastly.net
2013-11-25 13:59:14,github.com
2013-11-25 13:59:15,github.com
2013-11-25 14:00:56,1.gravatar.com
2013-11-25 14:01:32,cyber-dojo.com
2013-11-25 14:01:38,cyber-dojo.com
2013-11-25 14:01:39,cyber-dojo.com
2013-11-25 14:01:40,evsecure-ocsp.verisign.com
2013-11-25 14:01:43,www.google.com
2013-11-25 14:01:51,www.google.fr
2013-11-25 14:01:53,cyber-dojo.com
2013-11-25 14:01:58,cyber-dojo.com
2013-11-25 14:02:02,cyber-dojo.com
2013-11-25 14:02:13,cyber-dojo.com
2013-11-25 14:02:16,cyber-dojo.com
2013-11-25 14:02:17,cyber-dojo.com
2013-11-25 14:03:35,www.paypalobjects.com
2013-11-25 14:04:21,mail.google.com
2013-11-25 14:04:21,gmail.com
2013-11-25 14:04:22,clients1.google.com
2013-11-25 14:04:23,clients1.google.com
2013-11-25 14:04:55,clients1.google.com
2013-11-25 14:06:06,cyber-dojo.com
2013-11-25 14:07:25,accounts.google.fr
2013-11-25 14:07:25,accounts.youtube.com
2013-11-25 14:07:36,www.google.com
2013-11-25 14:07:36,clients2.google.com
2013-11-25 14:07:41,accounts.google.com
2013-11-25 14:07:44,apis.google.com
2013-11-25 14:07:50,chatenabled.mail.google.com
2013-11-25 14:09:10,plus.google.com
2013-11-25 14:09:12,www.google.fr
2013-11-25 14:11:42,safebrowsing-cache.google.com
2013-11-25 14:11:56,www.google.com
2013-11-25 14:12:07,accounts.google.fr
2013-11-25 14:12:08,accounts.google.com
2013-11-25 14:12:09,accounts.youtube.com
2013-11-25 14:12:11,mail.google.com
2013-11-25 14:14:34,cyber-dojo.com
2013-11-25 14:14:43,cyber-dojo.com
2013-11-25 14:15:10,cyber-dojo.com
2013-11-25 14:15:14,cyber-dojo.com
2013-11-25 14:21:59,cyber-dojo.com
2013-11-25 14:24:59,cyber-dojo.com
2013-11-25 14:25:13,cyber-dojo.com
2013-11-25 14:27:55,cyber-dojo.com
2013-11-25 14:33:40,github.com
2013-11-25 14:33:41,github.global.ssl.fastly.net
2013-11-25 14:37:43,github.com
2013-11-25 14:40:32,github.com
2013-11-25 14:41:39,github.com
2013-11-25 14:42:01,github.com
2013-11-25 14:42:44,github.com
2013-11-25 14:43:40,github.com
2013-11-25 14:43:48,2.gravatar.com
2013-11-25 14:46:00,clients1.google.com
2013-11-25 14:46:01,gtglobal-ocsp.geotrust.com
2013-11-25 14:48:31,www.google.com
2013-11-25 14:48:45,cyber-dojo.com
2013-11-25 14:49:23,www.google.fr
2013-11-25 14:50:00,cyber-dojo.com
2013-11-25 14:50:43,cyber-dojo.com
2013-11-25 14:54:22,cyber-dojo.com
2013-11-25 14:56:34,cyber-dojo.com
2013-11-25 14:57:26,cyber-dojo.com
2013-11-25 14:58:03,safebrowsing.clients.google.com
2013-11-25 14:58:03,safebrowsing-cache.google.com
2013-11-25 14:58:04,safebrowsing-cache.google.com
2013-11-25 14:58:05,safebrowsing-cache.google.com
2013-11-25 14:58:06,safebrowsing-cache.google.com
2013-11-25 14:58:32,cyber-dojo.com
2013-11-25 15:01:23,cyber-dojo.com
2013-11-25 15:02:53,cyber-dojo.com
2013-11-25 15:03:15,cyber-dojo.com
2013-11-25 15:04:41,cyber-dojo.com
2013-11-25 15:05:25,cyber-dojo.com
2013-11-25 15:05:35,gtssl-ocsp.geotrust.com
2013-11-25 15:05:41,cyber-dojo.com
2013-11-25 15:09:17,cyber-dojo.com
2013-11-25 15:09:29,mail.google.com
2013-11-25 15:09:30,clients1.google.com
2013-11-25 15:09:37,clients1.google.com
2013-11-25 15:10:26,www.google.fr
2013-11-25 15:11:53,cyber-dojo.com
2013-11-25 15:12:38,clients2.google.com
2013-11-25 15:12:44,chatenabled.mail.google.com
2013-11-25 15:12:49,apis.google.com
2013-11-25 15:13:19,www.google.com
2013-11-25 15:13:19,plus.google.com
2013-11-25 15:13:20,accounts.google.com
2013-11-25 15:13:20,accounts.google.fr
2013-11-25 15:13:21,accounts.youtube.com
2013-11-25 15:13:21,mail.google.com
2013-11-25 15:15:45,cyber-dojo.com
2013-11-25 15:16:20,cyber-dojo.com
2013-11-25 15:16:45,cyber-dojo.com
2013-11-25 15:17:11,cyber-dojo.com
2013-11-25 15:17:41,cyber-dojo.com
2013-11-25 15:18:20,cyber-dojo.com
2013-11-25 15:19:22,cyber-dojo.com
2013-11-25 15:22:52,cyber-dojo.com
2013-11-25 15:26:52,mail.google.com
2013-11-25 15:27:55,clients1.google.com
2013-11-25 15:28:04,chatenabled.mail.google.com
2013-11-25 15:28:04,plus.google.com
2013-11-25 15:28:04,www.google.com
2013-11-25 15:28:04,clients2.google.com
2013-11-25 15:28:04,accounts.google.fr
2013-11-25 15:28:04,apis.google.com
2013-11-25 15:28:04,accounts.google.com
2013-11-25 15:28:04,accounts.youtube.com
2013-11-25 15:28:04,mail.google.com
2013-11-26 08:15:14,armmf.adobe.com
2013-11-26 08:15:15,gtssl-ocsp.geotrust.com
2013-11-26 08:15:16,armmf.adobe.com
2013-11-26 08:15:18,armdl.adobe.com
2013-11-26 08:15:20,www.google.com
2013-11-26 08:15:20,gtglobal-ocsp.geotrust.com
2013-11-26 08:15:20,clients1.google.com
2013-11-26 08:15:25,clients1.google.com
2013-11-26 08:15:30,www.google.fr
2013-11-26 08:15:31,ocsp.usertrust.com
2013-11-26 08:15:31,ocsp.tcs.terena.org
2013-11-26 08:15:31,clients1.google.com
2013-11-26 08:15:42,clients1.google.com
2013-11-26 08:15:47,safebrowsing-cache.google.com
2013-11-26 08:15:47,safebrowsing.clients.google.com
2013-11-26 08:15:48,safebrowsing-cache.google.com
2013-11-26 08:18:20,id.google.fr
2013-11-26 08:18:20,apis.google.com
2013-11-26 08:18:21,www.google.fr
2013-11-26 08:18:21,www.google.com
2013-11-26 08:20:04,javadl-esd-secure.oracle.com
2013-11-26 08:21:13,ocsp.thawte.com
2013-11-26 08:22:30,javadl-esd-secure.oracle.com
2013-11-26 08:23:13,ocsp.verisign.com
2013-11-26 08:25:13,ocsp.digicert.com
2013-11-26 08:46:02,safebrowsing-cache.google.com
2013-11-26 08:46:02,safebrowsing.clients.google.com
2013-11-26 09:01:02,java.sun.com
2013-11-26 09:01:02,www.oracle.com
2013-11-26 09:01:18,www.w3.org
2013-11-26 09:01:33,www.w3.org
2013-11-26 09:01:48,www.w3.org
2013-11-26 09:02:03,www.w3.org
2013-11-26 09:02:53,clients1.google.com
2013-11-26 09:03:19,clients1.google.com
2013-11-26 09:06:09,accounts.youtube.com
2013-11-26 09:06:10,accounts.google.fr
2013-11-26 09:06:13,www.google.com
2013-11-26 09:06:13,accounts.google.com
2013-11-26 09:06:13,clients2.google.com
2013-11-26 09:06:14,chatenabled.mail.google.com
2013-11-26 09:07:27,apis.google.com
2013-11-26 09:07:55,clients6.google.com
2013-11-26 09:08:13,plus.google.com
2013-11-26 09:14:09,safebrowsing.clients.google.com
2013-11-26 09:14:09,safebrowsing-cache.google.com
2013-11-26 09:14:10,safebrowsing-cache.google.com
2013-11-26 09:17:19,plus.google.com
2013-11-26 09:21:01,clients1.google.com
2013-11-26 09:21:01,www.google.fr
2013-11-26 09:21:01,gtglobal-ocsp.geotrust.com
2013-11-26 09:23:55,www.google.com
2013-11-26 09:23:58,accounts.youtube.com
2013-11-26 09:23:58,accounts.google.com
2013-11-26 09:23:58,accounts.google.fr
2013-11-26 09:23:58,mail.google.com
2013-11-26 09:24:18,dl.javafx.com
2013-11-26 09:26:29,download.oracle.com
2013-11-26 09:26:30,download.oracle.com
2013-11-26 09:26:30,docs.oracle.com
2013-11-26 09:26:31,download.oracle.com
2013-11-26 09:26:31,docs.oracle.com
2013-11-26 09:32:26,drive.google.com
2013-11-26 09:32:42,clients1.google.com
2013-11-26 09:32:47,safebrowsing.clients.google.com
2013-11-26 09:35:35,accounts.google.fr
2013-11-26 09:35:35,accounts.youtube.com
2013-11-26 09:35:38,www.google.com
2013-11-26 09:35:39,plus.google.com
2013-11-26 09:35:48,accounts.google.com
2013-11-26 09:35:48,apis.google.com
2013-11-26 09:35:49,clients6.google.com
2013-11-26 09:35:58,drive.google.com
2013-11-26 09:36:36,gg.google.com
2013-11-26 09:38:06,docs.google.com
2013-11-26 09:41:38,drive.google.com
2013-11-26 09:42:59,safebrowsing.clients.google.com
2013-11-26 09:42:59,safebrowsing-cache.google.com
2013-11-26 09:43:25,www.google.fr
2013-11-26 09:45:03,drive.google.com
2013-11-26 09:45:29,safebrowsing.clients.google.com
2013-11-26 09:45:34,clients1.google.com
2013-11-26 09:46:22,0.drive.google.com
2013-11-26 09:46:25,www.google.com
2013-11-26 09:46:26,maps.google.com
2013-11-26 09:46:26,www.dunkerque-culture2013.fr
2013-11-26 09:46:27,connect.facebook.net
2013-11-26 09:46:27,platform.twitter.com
2013-11-26 09:46:27,www.dunkerque-culture2013.fr
2013-11-26 09:46:28,s-static.ak.facebook.com
2013-11-26 09:46:28,static.ak.facebook.com
2013-11-26 09:46:28,platform.twitter.com
2013-11-26 09:46:30,evsecure-ocsp.verisign.com
2013-11-26 09:46:31,mt0.googleapis.com
2013-11-26 09:46:31,mt1.googleapis.com
2013-11-26 09:46:31,maps.googleapis.com
2013-11-26 09:46:31,mt.googleapis.com
2013-11-26 09:46:31,www.facebook.com
2013-11-26 09:46:32,mt1.googleapis.com
2013-11-26 09:46:32,maps.googleapis.com
2013-11-26 09:46:32,mt0.googleapis.com
2013-11-26 09:46:33,maps.googleapis.com
2013-11-26 09:46:46,www.dunkerque-culture2013.fr
2013-11-26 09:46:47,www.facebook.com
2013-11-26 09:46:47,static.ak.facebook.com
2013-11-26 09:46:47,s-static.ak.facebook.com
2013-11-26 09:46:50,maps.googleapis.com
2013-11-26 09:46:51,maps.googleapis.com
2013-11-26 09:46:55,maps.googleapis.com
2013-11-26 09:47:09,www.dunkerque-culture2013.fr
2013-11-26 09:47:10,platform.twitter.com
2013-11-26 09:47:10,www.dunkerque-culture2013.fr
2013-11-26 09:47:10,i1.ytimg.com
2013-11-26 09:47:11,s-static.ak.facebook.com
2013-11-26 09:47:11,www.facebook.com
2013-11-26 09:47:11,static.ak.facebook.com
2013-11-26 09:47:12,www.facebook.com
2013-11-26 09:47:13,www.facebook.com
2013-11-26 09:47:14,www.facebook.com
2013-11-26 09:47:14,twitter.com
2013-11-26 09:47:33,www.dunkerque-culture2013.fr
2013-11-26 09:47:34,static.ak.facebook.com
2013-11-26 09:47:34,platform.twitter.com
2013-11-26 09:47:34,s-static.ak.facebook.com
2013-11-26 09:48:15,accounts.youtube.com
2013-11-26 09:48:15,accounts.google.fr
2013-11-26 09:48:15,accounts.google.com
2013-11-26 09:48:19,www.google.com
2013-11-26 09:48:19,plus.google.com
2013-11-26 09:48:30,www.googleapis.com
2013-11-26 09:48:33,apis.google.com
2013-11-26 09:49:16,gg.google.com
2013-11-26 09:49:20,ajax.googleapis.com
2013-11-26 09:50:46,clients6.google.com
2013-11-26 09:51:31,0.docs.google.com
2013-11-26 09:51:39,docs.google.com
2013-11-26 09:54:02,1.drive.google.com
2013-11-26 09:54:02,drive.google.com
2014-01-13 12:47:14,armmf.adobe.com
2014-01-13 12:47:16,armmf.adobe.com
2014-01-13 12:47:20,armdl.adobe.com
2014-01-13 12:47:35,gtssl-ocsp.geotrust.com
2014-01-13 12:47:36,gtssl-ocsp.geotrust.com
2014-01-13 12:47:36,clients1.google.com
2014-01-13 12:47:36,gtglobal-ocsp.geotrust.com
2014-01-13 12:47:42,clients1.google.com
2014-01-13 12:47:42,geo.mozilla.org
2014-01-13 12:48:00,clients1.google.com
2014-01-13 12:48:02,clients1.google.com
2014-01-13 12:48:07,ocsp.tcs.terena.org
2014-01-13 12:48:07,ocsp.usertrust.com
2014-01-13 12:48:30,groups.google.com
2014-01-13 12:48:31,groups.google.com
2014-01-13 12:48:33,clients1.google.com
2014-01-13 12:48:41,lumzy.com
2014-01-13 12:48:41,www.adobe.com
2014-01-13 12:48:41,wwwimages.adobe.com
2014-01-13 12:48:42,lumzy.com
2014-01-13 12:50:30,sb-ssl.google.com
2014-01-13 12:50:51,accounts.youtube.com
2014-01-13 12:50:52,accounts.google.fr
2014-01-13 12:50:54,clients2.google.com
2014-01-13 12:50:55,accounts.google.com
2014-01-13 12:50:56,chatenabled.mail.google.com
2014-01-13 12:51:06,www.adobe.com
2014-01-13 12:51:07,get.adobe.com
2014-01-13 12:51:11,get.adobe.com
2014-01-13 12:51:11,wwwimages.adobe.com
2014-01-13 12:51:12,wwwimages.adobe.com
2014-01-13 12:51:12,p.typekit.net
2014-01-13 12:51:12,get.adobe.com
2014-01-13 12:51:13,stats.adobe.com
2014-01-13 12:51:16,get.adobe.com
2014-01-13 12:51:16,p.typekit.net
2014-01-13 12:51:16,stats.adobe.com
2014-01-13 12:51:16,wwwimages.adobe.com
2014-01-13 12:51:26,safebrowsing-cache.google.com
2014-01-13 12:51:26,safebrowsing.clients.google.com
2014-01-13 12:51:27,safebrowsing-cache.google.com
2014-01-13 12:51:30,apis.google.com
2014-01-13 12:51:30,www.google.com
2014-01-13 12:51:52,plus.google.com
2014-01-13 12:51:54,get.adobe.com
2014-01-13 12:51:54,stats.adobe.com
2014-01-13 12:51:55,stats.adobe.com
2014-01-13 12:51:58,platformdl.adobe.com
2014-01-13 12:51:58,stats.adobe.com
2014-01-13 12:52:05,javadl-esd-secure.oracle.com
2014-01-13 12:52:09,javadl-esd-secure.oracle.com
2014-01-13 12:52:13,dl.javafx.com
2014-01-13 12:52:27,get.adobe.com
2014-01-13 12:52:27,stats.adobe.com
2014-01-13 12:52:28,wwwimages.adobe.com
2014-01-13 12:52:28,p.typekit.net
2014-01-13 12:52:28,stats.adobe.com
2014-01-13 12:52:31,fpdownload2.macromedia.com
2014-01-13 12:52:38,ieonline.microsoft.com
2014-01-13 12:52:38,go.microsoft.com
2014-01-13 12:52:38,windows.microsoft.com
2014-01-13 12:52:38,res2.windows.microsoft.com
2014-01-13 12:52:39,res2.windows.microsoft.com
2014-01-13 12:52:39,res1.windows.microsoft.com
2014-01-13 12:52:39,js.microsoft.com
2014-01-13 12:52:39,windows.microsoft.com
2014-01-13 12:52:39,ajax.microsoft.com
2014-01-13 12:52:40,windows.microsoft.com
2014-01-13 12:52:40,wwwimages.adobe.com
2014-01-13 12:52:40,www.adobe.com
2014-01-13 12:52:40,lumzy.com
2014-01-13 12:52:40,js.microsoft.com
2014-01-13 12:52:40,clients5.google.com
2014-01-13 12:52:40,res1.windows.microsoft.com
2014-01-13 12:52:40,res2.windows.microsoft.com
2014-01-13 12:52:42,www.bing.com
2014-01-13 12:52:43,www.google.com
2014-01-13 12:52:53,lumzy.com
2014-01-13 12:52:54,wwwimages.adobe.com
2014-01-13 12:52:54,www.adobe.com
2014-01-13 12:52:54,lumzy.com
2014-01-13 12:52:58,lumzy.com
2014-01-13 12:52:58,clients5.google.com
2014-01-13 12:52:59,www.google.com
2014-01-13 12:52:59,lumzy.com
2014-01-13 12:53:00,lumzy.com
2014-01-13 12:53:02,lumzy.com
2014-01-13 12:53:04,lumzy.com
2014-01-13 12:53:05,lumzy.com
2014-01-13 12:53:20,go.microsoft.com
2014-01-13 12:53:20,ieonline.microsoft.com
2014-01-13 12:53:20,www.google.com
2014-01-13 12:53:20,get3.adobe.com
2014-01-13 12:53:20,mail.google.com
2014-01-13 12:53:20,groups.google.com
