timestamp,site
2013-02-12 08:32:00,www.squid-cache.org
2013-02-12 08:33:51,ieonline.microsoft.com
2013-02-12 09:13:35,windows.microsoft.com
2013-02-12 09:13:35,go.microsoft.com
2013-02-12 09:13:36,www.bing.com
2013-02-12 09:13:36,windows.microsoft.com
2013-02-12 09:13:36,res2.windows.microsoft.com
2013-02-12 09:13:36,res1.windows.microsoft.com
2013-02-12 09:13:36,js.microsoft.com
2013-02-12 09:13:36,ajax.microsoft.com
2013-02-12 09:13:38,res2.windows.microsoft.com
2013-02-12 09:13:39,windows.microsoft.com
2013-02-12 09:13:40,res1.windows.microsoft.com
2013-02-12 09:13:41,res1.windows.microsoft.com
2013-02-12 09:13:41,js.microsoft.com
2013-02-12 09:13:41,res2.windows.microsoft.com
2013-02-12 09:13:43,www.facebook.com
2013-02-12 09:14:23,go.microsoft.com
2013-02-12 09:14:23,ieonline.microsoft.com
2013-02-12 09:18:01,api.bing.com
2013-02-12 09:18:02,api.bing.com
2013-02-12 09:18:03,api.bing.com
2013-02-12 09:18:03,www.bing.com
2013-02-12 09:18:04,www.bing.com
2013-02-12 09:18:05,cms.abmr.net
2013-02-12 09:18:05,www.bing.com
2013-02-12 09:18:06,www.bing.com
2013-02-12 09:22:35,api.bing.com
2013-02-12 09:22:36,api.bing.com
2013-02-12 09:22:37,api.bing.com
2013-02-12 09:22:38,api.bing.com
2013-02-12 09:22:39,www.bing.com
2013-02-12 09:22:39,api.bing.com
2013-02-12 09:22:44,www.reglementation-environnement.com
2013-02-12 09:22:44,www.recyconsult.com
2013-02-12 09:22:44,www.bing.com
2013-02-12 09:22:45,www.reglementation-environnement.com
2013-02-12 09:22:45,www.portail-environnement.com
2013-02-12 09:22:45,www.recyconsult.com
2013-02-12 09:22:47,www.reglementation-environnement.com
2013-02-12 09:22:50,www.bing.com
2013-02-12 09:22:50,www.20minutes.fr
2013-02-12 09:22:51,www.reglementation-environnement.com
2013-02-12 09:22:51,www.google.com
2013-02-12 09:22:51,cache.20minutes.fr
2013-02-12 09:22:53,cache.20minutes.fr
2013-02-12 09:22:54,cache.20minutes.fr
2013-02-12 09:22:54,player.mediabong.com
2013-02-12 09:22:54,maps.google.fr
2013-02-12 09:22:55,cache.20minutes.fr
2013-02-12 09:22:55,mts0.google.com
2013-02-12 09:22:55,mts1.google.com
2013-02-12 09:22:55,maps.google.fr
2013-02-12 09:22:56,mts0.google.com
2013-02-12 09:22:56,mts1.google.com
2013-02-12 09:22:57,mts1.google.com
2013-02-12 09:22:58,mts0.google.com
2013-02-12 09:22:58,maps.google.fr
2013-02-12 09:22:58,cache.20minutes.fr
2013-02-12 09:22:59,maps.google.fr
2013-02-12 09:23:00,mts0.google.com
2013-02-12 09:23:00,mts1.google.com
2013-02-12 09:23:01,mts0.google.com
2013-02-12 09:23:01,cache.20minutes.fr
2013-02-12 09:23:02,cache.20minutes.fr
2013-02-12 09:23:02,rp.gwallet.com
2013-02-12 09:23:02,www.facebook.com
2013-02-12 09:23:03,connect.facebook.net
2013-02-12 09:23:03,platform.twitter.com
2013-02-12 09:23:03,apis.google.com
2013-02-12 09:23:05,s-static.ak.facebook.com
2013-02-12 09:23:05,apis.google.com
2013-02-12 09:23:06,accounts.google.com
2013-02-12 09:23:06,platform.twitter.com
2013-02-12 09:23:06,www.facebook.com
2013-02-12 09:23:07,platform.twitter.com
2013-02-12 09:23:07,apis.google.com
2013-02-12 09:23:08,apis.google.com
2013-02-12 09:23:09,accounts.google.com
2013-02-12 09:23:09,apis.google.com
2013-02-12 09:23:10,twitter.com
2013-02-12 09:23:10,apis.google.com
2013-02-12 09:23:12,twitter.com
2013-02-12 09:23:12,apis.google.com
2013-02-12 09:23:40,api.bing.com
2013-02-12 09:23:41,api.bing.com
2013-02-12 09:23:42,api.bing.com
2013-02-12 09:23:43,api.bing.com
2013-02-12 09:23:44,api.bing.com
2013-02-12 09:23:45,api.bing.com
2013-02-12 09:23:46,www.facebook.com
2013-02-12 09:23:46,www.bing.com
2013-02-12 09:23:46,static.ak.facebook.com
2013-02-12 09:23:47,www.bing.com
2013-02-12 09:23:51,www.bing.com
2013-02-12 09:23:52,www.bing.com
2013-02-12 09:23:53,www.bing.com
2013-02-12 09:23:53,ts4.mm.bing.net
2013-02-12 09:23:53,ts1.mm.bing.net
2013-02-12 09:23:53,ts2.mm.bing.net
2013-02-12 09:23:53,ts3.mm.bing.net
2013-02-12 09:23:54,ts2.mm.bing.net
2013-02-12 09:23:54,www.bing.com
2013-02-12 09:23:54,ts1.mm.bing.net
2013-02-12 09:23:54,ts3.mm.bing.net
2013-02-12 09:23:54,ts4.mm.bing.net
2013-02-12 09:23:55,ts1.mm.bing.net
2013-02-12 09:23:55,www.bing.com
2013-02-12 09:23:55,ts2.mm.bing.net
2013-02-12 09:23:55,ts3.mm.bing.net
2013-02-12 09:23:55,ts4.mm.bing.net
2013-02-12 09:23:56,www.bing.com
2013-02-12 09:23:57,login.live.com
2013-02-12 09:23:57,www.bing.com
2013-02-12 09:23:57,ssl.bing.com
2013-02-12 09:23:58,www.bing.com
2013-02-12 09:24:00,www.bing.com
2013-02-12 09:24:00,ts1.mm.bing.net
2013-02-12 09:24:01,www.bing.com
2013-02-12 09:24:02,ts1.mm.bing.net
2013-02-12 09:24:03,www.bing.com
2013-02-12 09:24:05,ts1.mm.bing.net
2013-02-12 09:24:05,www.bing.com
2013-02-12 09:24:06,www.bing.com
2013-02-12 09:24:06,ts1.mm.bing.net
2013-02-12 09:24:07,ts4.mm.bing.net
2013-02-12 09:24:07,ts3.mm.bing.net
2013-02-12 09:24:07,ts2.mm.bing.net
2013-02-12 09:24:07,ts1.mm.bing.net
2013-02-12 09:24:07,ssl.bing.com
2013-02-12 09:24:07,www.bing.com
2013-02-12 09:24:08,ts4.mm.bing.net
2013-02-12 09:24:08,ts2.mm.bing.net
2013-02-12 09:24:08,ts1.mm.bing.net
2013-02-12 09:24:08,www.bing.com
2013-02-12 09:24:10,www.bing.com
2013-02-12 09:24:11,www.bing.com
2013-02-12 09:24:12,www.bing.com
2013-02-12 09:24:12,ts3.mm.bing.net
2013-02-12 09:24:12,ts1.mm.bing.net
2013-02-12 09:24:12,cdn3.spiegel.de
2013-02-12 09:24:12,s2.lemde.fr
2013-02-12 09:24:13,referentiel.nouvelobs.com
2013-02-12 09:24:13,img.over-blog.com
2013-02-12 09:24:13,www.natura-sciences.com
2013-02-12 09:24:13,p0.storage.canalblog.com
2013-02-12 09:24:13,geographica.net
2013-02-12 09:24:13,a133.idata.over-blog.com
2013-02-12 09:24:13,2007.nosdeputes.fr
2013-02-12 09:24:13,svt.ac-dijon.fr
2013-02-12 09:24:13,www.assemblee-nationale.fr
2013-02-12 09:24:13,www.nosdeputes.fr
2013-02-12 09:24:13,www.bing.com
2013-02-12 09:24:13,ts1.mm.bing.net
2013-02-12 09:24:14,a.imageshack.us
2013-02-12 09:24:14,2007-2012.nosdeputes.fr
2013-02-12 09:24:15,imageshack.us
2013-02-12 09:24:15,ts1.mm.bing.net
2013-02-12 09:24:16,www.bing.com
2013-02-12 09:24:17,www.bing.com
2013-02-12 09:24:19,ts1.mm.bing.net
2013-02-12 09:24:33,www.bing.com
2013-02-12 09:24:39,www.bing.com
2013-02-12 09:24:42,www.bing.com
2013-02-12 09:24:45,s0.wp.com
2013-02-12 09:24:45,ajax.googleapis.com
2013-02-12 09:24:45,geographica.net
2013-02-12 09:24:45,s.gravatar.com
2013-02-12 09:24:45,0.gravatar.com
2013-02-12 09:24:46,i1.wp.com
2013-02-12 09:24:46,geographica.net
2013-02-12 09:24:46,maps.googleapis.com
2013-02-12 09:24:46,i2.wp.com
2013-02-12 09:24:47,geographica.net
2013-02-12 09:24:47,widgets.wp.com
2013-02-12 09:24:47,s.gravatar.com
2013-02-12 09:24:48,geographica.net
2013-02-12 09:24:48,api.facebook.com
2013-02-12 09:24:48,s1.wp.com
2013-02-12 09:24:48,jetpack.wordpress.com
2013-02-12 09:24:49,s1.wp.com
2013-02-12 09:24:49,s0.wp.com
2013-02-12 09:24:49,s2.wp.com
2013-02-12 09:24:49,1.gravatar.com
2013-02-12 09:24:49,0.gravatar.com
2013-02-12 09:24:50,s0.wp.com
2013-02-12 09:24:50,0.gravatar.com
2013-02-12 09:24:50,geographica.net
2013-02-12 09:24:51,widgets.wp.com
2013-02-12 09:24:52,s0.wp.com
2013-02-12 09:24:52,public-api.wordpress.com
2013-02-12 09:24:52,apis.google.com
2013-02-12 09:24:52,s1.wp.com
2013-02-12 09:24:52,widgets.wp.com
2013-02-12 09:24:52,maps.googleapis.com
2013-02-12 09:24:53,accounts.google.com
2013-02-12 09:24:54,widgets.wp.com
2013-02-12 09:24:54,s0.wp.com
2013-02-12 09:24:54,apis.google.com
2013-02-12 09:24:54,s1.wp.com
2013-02-12 09:25:49,www.facebook.com
2013-02-12 09:25:50,public-api.wordpress.com
2013-02-12 09:25:50,s-static.ak.facebook.com
2013-02-12 09:25:50,platform.linkedin.com
2013-02-12 09:25:50,connect.facebook.net
2013-02-12 09:25:50,geographica.net
2013-02-12 09:25:58,accounts.google.com
2013-02-12 09:25:59,geographica.net
2013-02-12 09:26:02,api.bing.com
2013-02-12 09:26:03,api.bing.com
2013-02-12 09:26:04,api.bing.com
2013-02-12 09:26:05,api.bing.com
2013-02-12 09:26:06,api.bing.com
2013-02-12 09:26:07,www.bing.com
2013-02-12 09:26:07,api.bing.com
2013-02-12 09:26:08,www.bing.com
2013-02-12 09:26:10,www.bing.com
2013-02-12 09:26:12,www.challenges.fr
2013-02-12 09:26:12,referentiel.nouvelobs.com
2013-02-12 09:26:12,www.ultimedia.com
2013-02-12 09:26:12,emploi.challenges.fr
2013-02-12 09:26:12,tempsreel.nouvelobs.com
2013-02-12 09:26:13,platform.twitter.com
2013-02-12 09:26:13,online.milibris.com
2013-02-12 09:26:13,3.visuels.poliris.com
2013-02-12 09:26:13,www.assurancemoto-pascher.fr
2013-02-12 09:26:13,leplus.nouvelobs.com
2013-02-12 09:26:13,www.ultimedia.com
2013-02-12 09:26:13,tempsreel.nouvelobs.com
2013-02-12 09:26:13,referentiel.nouvelobs.com
2013-02-12 09:26:13,www.challenges.fr
2013-02-12 09:26:14,leplus.nouvelobs.com
2013-02-12 09:26:14,www.ultimedia.com
2013-02-12 09:26:15,twitter.com
2013-02-12 09:26:15,www.challenges.fr
2013-02-12 09:26:15,videosfr.s3.amazonaws.com
2013-02-12 09:26:16,www.challenges.fr
2013-02-12 09:26:17,www.challenges.fr
2013-02-12 09:26:17,mb.regionsjob.com
2013-02-12 09:26:17,www.choisir-ma-banque.com
2013-02-12 09:26:17,cshoppingbox.partner.leguide.com
2013-02-12 09:26:20,codeorigin.jquery.com
2013-02-12 09:26:20,cdnjs.cloudflare.com
2013-02-12 09:26:20,cimg.leguide.com
2013-02-12 09:26:20,www.choisir-ma-banque.com
2013-02-12 09:26:21,mm.eulerian.net
2013-02-12 09:26:21,referentiel.nouvelobs.com
2013-02-12 09:26:21,www.challenges.fr
2013-02-12 09:26:21,its.tradelab.fr
2013-02-12 09:26:22,s-static.ak.facebook.com
2013-02-12 09:26:22,api-leplus.nouvelobs.com
2013-02-12 09:26:22,ssobs.nouvelobs.com
2013-02-12 09:26:22,www.challenges.fr
2013-02-12 09:26:22,platform.twitter.com
2013-02-12 09:26:22,www.facebook.com
2013-02-12 09:26:22,apis.google.com
2013-02-12 09:26:23,accounts.google.com
2013-02-12 09:26:23,apis.google.com
2013-02-12 09:26:23,platform.twitter.com
2013-02-12 09:26:29,www.ultimedia.com
2013-02-12 09:26:30,www.ultimedia.com
2013-02-12 09:26:31,www.ultimedia.com
2013-02-12 09:26:37,www.challenges.fr
2013-02-12 09:26:39,www.bing.com
2013-02-12 09:26:42,ssl.bing.com
2013-02-12 09:26:42,login.live.com
2013-02-12 09:26:42,www.bing.com
2013-02-12 09:26:51,its.tradelab.fr
2013-02-12 09:26:52,www.challenges.fr
2013-02-12 09:26:53,static.ak.facebook.com
2013-02-12 09:27:00,api.bing.com
2013-02-12 09:27:01,api.bing.com
2013-02-12 09:27:02,api.bing.com
2013-02-12 09:27:03,api.bing.com
2013-02-12 09:27:04,www.facebook.com
2013-02-12 09:27:04,static.ak.facebook.com
2013-02-12 09:27:04,api.bing.com
2013-02-12 09:27:05,www.bing.com
2013-02-12 09:27:29,www.bing.com
2013-02-12 09:27:33,www.bing.com
2013-02-12 09:27:34,www.bing.com
2013-02-12 09:27:47,www.bing.com
2013-02-12 09:27:51,ajax.googleapis.com
2013-02-12 09:27:51,www.lefigaro.fr
2013-02-12 09:27:52,assets6.lefigaro.fr
2013-02-12 09:27:52,assets4.lefigaro.fr
2013-02-12 09:27:52,assets3.lefigaro.fr
2013-02-12 09:27:52,assets2.lefigaro.fr
2013-02-12 09:27:52,assets5.lefigaro.fr
2013-02-12 09:27:52,plus.lefigaro.fr
2013-02-12 09:27:52,www.lefigaro.fr
2013-02-12 09:27:53,plus.lefigaro.fr
2013-02-12 09:27:53,api.fidji.lefigaro.fr
2013-02-12 09:27:53,assets6.lefigaro.fr
2013-02-12 09:27:53,ajax.googleapis.com
2013-02-12 09:27:53,www.bing.com
2013-02-12 09:27:54,plus.lefigaro.fr
2013-02-12 09:27:54,www.legazdeschiste.fr
2013-02-12 09:27:54,assets4.lefigaro.fr
2013-02-12 09:27:54,www.maxisciences.com
2013-02-12 09:27:55,www.legazdeschiste.fr
2013-02-12 09:27:55,static.mxstatic.com
2013-02-12 09:27:55,hb4bhxd02i.b.ad6media.fr
2013-02-12 09:27:55,jb69slgpz1.s.ad6media.fr
2013-02-12 09:27:56,hb4bhxd02i.b.ad6media.fr
2013-02-12 09:27:56,assets-data.lefigaro.fr
2013-02-12 09:27:56,assets3.lefigaro.fr
2013-02-12 09:27:56,plus.lefigaro.fr
2013-02-12 09:27:56,assets1.lefigaro.fr
2013-02-12 09:27:56,www.legazdeschiste.fr
2013-02-12 09:27:56,65w184r3zj.s.ad6media.fr
2013-02-12 09:27:56,s-static.ak.facebook.com
2013-02-12 09:27:57,www.lefigaro.fr
2013-02-12 09:27:57,assets5.lefigaro.fr
2013-02-12 09:27:57,api.fidji.lefigaro.fr
2013-02-12 09:27:57,plus.lefigaro.fr
2013-02-12 09:27:57,apis.google.com
2013-02-12 09:27:58,65w184r3zj.s.ad6media.fr
2013-02-12 09:27:58,assets4.lefigaro.fr
2013-02-12 09:27:59,broadcast.piximedia.fr
2013-02-12 09:27:59,plus.lefigaro.fr
2013-02-12 09:27:59,rm.piximedia.fr
2013-02-12 09:28:00,s-static.ak.facebook.com
2013-02-12 09:28:00,assets-pub.lefigaro.fr
2013-02-12 09:28:00,broadcast.piximedia.fr
2013-02-12 09:28:00,plus.lefigaro.fr
2013-02-12 09:28:00,assets4.lefigaro.fr
2013-02-12 09:28:01,www.lefigaro.fr
2013-02-12 09:28:01,apis.google.com
2013-02-12 09:28:01,65w184r3zj.s.ad6media.fr
2013-02-12 09:28:01,assets5.lefigaro.fr
2013-02-12 09:28:02,65w184r3zj.s.ad6media.fr
2013-02-12 09:28:02,assets1.lefigaro.fr
2013-02-12 09:28:02,apis.google.com
2013-02-12 09:28:02,accounts.google.com
2013-02-12 09:28:03,platform.twitter.com
2013-02-12 09:28:03,dnn506yrbagrg.cloudfront.net
2013-02-12 09:28:04,apis.google.com
2013-02-12 09:28:04,ultraserve.s3-website-us-east-1.amazonaws.com
2013-02-12 09:28:04,www.beead.fr
2013-02-12 09:28:04,assets5.lefigaro.fr
2013-02-12 09:28:04,www.lefigaro.fr
2013-02-12 09:28:04,api.fidji.lefigaro.fr
2013-02-12 09:28:04,op.trpxl.com
2013-02-12 09:28:04,plus.lefigaro.fr
2013-02-12 09:28:05,accounts.google.com
2013-02-12 09:28:05,plus.lefigaro.fr
2013-02-12 09:28:05,assets5.lefigaro.fr
2013-02-12 09:28:05,lefigaro.fr
2013-02-12 09:28:05,www.ticketac.com
2013-02-12 09:28:05,ce.lijit.com
2013-02-12 09:28:05,www.lefigaro.fr
2013-02-12 09:28:06,platform.linkedin.com
2013-02-12 09:28:06,platform.twitter.com
2013-02-12 09:28:07,twitter.com
2013-02-12 09:28:07,www.linkedin.com
2013-02-12 09:28:07,www.facebook.com
2013-02-12 09:28:07,65w184r3zj.s.ad6media.fr
2013-02-12 09:28:07,pbs.twimg.com
2013-02-12 09:28:08,accounts.google.com
2013-02-12 09:28:08,apis.google.com
2013-02-12 09:28:09,twitter.com
2013-02-12 09:28:24,jb69slgpz1.s.ad6media.fr
2013-02-12 09:28:25,ea.numericable.fr
2013-02-12 09:28:25,jb69slgpz1.s.ad6media.fr
2013-02-12 09:28:25,m.ad6media.fr
2013-02-12 09:28:36,syndication.twitter.com
2013-02-12 09:28:38,twitter.com
2013-02-12 09:28:40,twitter.com
2013-02-12 09:28:53,www.legazdeschiste.fr
2013-02-12 09:28:54,platform.twitter.com
2013-02-12 09:28:54,syndication.twitter.com
2013-02-12 09:28:54,www.legazdeschiste.fr
2013-02-12 09:28:54,www.facebook.com
2013-02-12 09:28:54,static.ak.facebook.com
2013-02-12 09:28:54,static.mxstatic.com
2013-02-12 09:28:54,hb4bhxd02i.b.ad6media.fr
2013-02-12 09:28:55,jb69slgpz1.s.ad6media.fr
2013-02-12 09:28:55,hb4bhxd02i.b.ad6media.fr
2013-02-12 09:28:55,65w184r3zj.s.ad6media.fr
2013-02-12 09:28:56,s-static.ak.facebook.com
2013-02-12 09:29:02,www.facebook.com
2013-02-12 09:29:03,static.ak.facebook.com
2013-02-12 09:29:10,www.facebook.com
2013-02-12 09:29:10,www.lefigaro.fr
2013-02-12 09:29:12,broadcast.piximedia.fr
2013-02-12 09:29:15,level3.cedexis.com
2013-02-12 09:29:15,i1-js-14-3-01-10036-495045687-i.init.cedexis-radar.net
2013-02-12 09:29:16,cedexis.cachefly.net
2013-02-12 09:29:16,level3.cedexis.com
2013-02-12 09:29:17,cedexis.cachefly.net
2013-02-12 09:29:17,www.lefigaro.fr
2013-02-12 09:29:18,www.lefigaro.fr
2013-02-12 09:29:30,twitter.com
2013-02-12 09:29:34,www.bing.com
2013-02-12 09:29:37,www.bing.com
2013-02-12 09:29:37,login.live.com
2013-02-12 09:29:59,apis.google.com
2013-02-12 09:29:59,static.ak.facebook.com
2013-02-12 09:29:59,www.facebook.com
2013-02-12 09:30:00,www.legazdeschiste.fr
2013-02-12 09:30:16,www.legazdeschiste.fr
2013-02-12 09:30:16,static.mxstatic.com
2013-02-12 09:30:16,platform.twitter.com
2013-02-12 09:30:17,jb69slgpz1.s.ad6media.fr
2013-02-12 09:30:17,hb4bhxd02i.b.ad6media.fr
2013-02-12 09:30:18,s-static.ak.facebook.com
2013-02-12 09:30:18,connect.facebook.net
2013-02-12 09:30:18,65w184r3zj.s.ad6media.fr
2013-02-12 09:30:18,hb4bhxd02i.b.ad6media.fr
2013-02-12 09:30:18,syndication.twitter.com
2013-02-12 09:30:38,apis.google.com
2013-02-12 09:30:38,twitter.com
2013-02-12 09:30:38,platform.twitter.com
2013-02-12 09:30:38,www.legazdeschiste.fr
2013-02-12 09:30:38,static.mxstatic.com
2013-02-12 09:30:38,static.ak.facebook.com
2013-02-12 09:30:38,www.facebook.com
2013-02-12 09:30:39,jb69slgpz1.s.ad6media.fr
2013-02-12 09:30:39,hb4bhxd02i.b.ad6media.fr
2013-02-12 09:30:40,hb4bhxd02i.b.ad6media.fr
2013-02-12 09:30:40,65w184r3zj.s.ad6media.fr
2013-02-12 09:30:40,s-static.ak.facebook.com
2013-02-12 09:31:09,twitter.com
2013-02-12 09:31:09,www.legazdeschiste.fr
2013-02-12 09:31:09,static.ak.facebook.com
2013-02-12 09:31:09,apis.google.com
2013-02-12 09:31:09,www.facebook.com
2013-02-12 09:31:09,static.mxstatic.com
2013-02-12 09:31:09,www.google.com
2013-02-12 09:31:10,hb4bhxd02i.b.ad6media.fr
2013-02-12 09:31:11,www.google.com
2013-02-12 09:31:11,platform.twitter.com
2013-02-12 09:31:11,jb69slgpz1.s.ad6media.fr
2013-02-12 09:31:12,www.google.com
2013-02-12 09:31:13,s-static.ak.facebook.com
2013-02-12 09:31:13,65w184r3zj.s.ad6media.fr
2013-02-12 09:31:14,apis.google.com
2013-02-12 09:31:15,rp.gwallet.com
2013-02-12 09:31:16,rp.gwallet.com
2013-02-12 09:31:25,www.linkedin.com
2013-02-12 09:31:29,ssl.bing.com
2013-02-12 09:31:42,www.bing.com
2013-02-12 09:31:46,twitter.com
2013-02-12 09:31:49,www.bing.com
2013-02-12 09:31:50,economieautrement.org
2013-02-12 09:31:51,economieautrement.org
2013-02-12 09:31:52,i.creativecommons.org
2013-02-12 09:31:52,economieautrement.org
2013-02-12 09:31:52,www.bing.com
2013-02-12 09:31:53,economieautrement.org
2013-02-12 09:31:54,www.economieautrement.org
2013-02-12 09:31:55,www.economie.gouv.fr
2013-02-12 09:31:56,eregie.premier-ministre.gouv.fr
2013-02-12 09:31:56,static.videos.gouv.fr
2013-02-12 09:31:56,www.economie.gouv.fr
2013-02-12 09:31:57,www.economie.gouv.fr
2013-02-12 09:31:58,static.dmcloud.net
2013-02-12 09:31:58,static.videos.gouv.fr
2013-02-12 09:31:58,www.economie.gouv.fr
2013-02-12 09:31:59,static.videos.gouv.fr
2013-02-12 09:31:59,www.economie.gouv.fr
2013-02-12 09:31:59,static.dmcloud.net
2013-02-12 09:32:01,usp-03.dmcloud.net
2013-02-12 09:32:12,www.linkedin.com
2013-02-12 09:32:14,www.economie.gouv.fr
2013-02-12 09:32:16,www.facebook.com
2013-02-12 09:32:16,syndication.twitter.com
2013-02-12 09:32:16,static.ak.facebook.com
2013-02-12 09:33:34,www.economie.gouv.fr
2013-02-12 09:33:35,www.economie.gouv.fr
2013-02-12 09:33:42,www.bing.com
2013-02-12 09:33:45,platform.twitter.com
2013-02-12 09:34:22,www.economie.gouv.fr
2013-02-12 09:35:24,www.economie.gouv.fr
2013-02-12 09:35:44,login.live.com
2013-02-12 09:35:45,www.bing.com
2013-02-12 09:37:05,ssl.bing.com
2013-02-12 09:41:40,www.bing.com
2013-02-12 09:41:41,www.bing.com
2013-02-12 09:41:42,www.bing.com
2013-02-12 09:41:42,ts1.mm.bing.net
2013-02-12 09:41:43,www.bing.com
2013-02-12 09:41:44,www.bing.com
2013-02-12 09:41:45,login.live.com
2013-02-12 09:41:45,www.bing.com
2013-02-12 09:41:47,www.bing.com
2013-02-12 09:41:48,www.bing.com
2013-02-12 09:41:49,www.bing.com
2013-02-12 09:41:49,ts1.mm.bing.net
2013-02-12 09:41:50,www.bing.com
2013-02-12 09:41:50,ts1.mm.bing.net
2013-02-12 09:41:50,ts4.mm.bing.net
2013-02-12 09:41:50,ts2.mm.bing.net
2013-02-12 09:41:51,ts1.mm.bing.net
2013-02-12 09:41:51,www.bing.com
2013-02-12 09:41:51,ts4.mm.bing.net
2013-02-12 09:41:51,www.lefigaro.fr
2013-02-12 09:41:51,img.over-blog.com
2013-02-12 09:41:51,a137.idata.over-blog.com
2013-02-12 09:41:51,www.savoirs.essonne.fr
2013-02-12 09:41:52,www.bing.com
2013-02-12 09:41:52,ts1.mm.bing.net
2013-02-12 09:41:52,www.p-plum.fr
2013-02-12 09:41:52,www.eco-sapiens.com
2013-02-12 09:41:52,www.futura-sciences.com
2013-02-12 09:41:52,planet-terre.ens-lyon.fr
2013-02-12 09:41:53,fracturationhydraulique.files.wordpress.com
2013-02-12 09:41:53,legacy.futura-sciences.com
2013-02-12 09:41:53,www.bing.com
2013-02-12 09:41:54,legazdeschiste.files.wordpress.com
2013-02-12 09:41:54,ts1.mm.bing.net
2013-02-12 09:41:54,ssl.bing.com
2013-02-12 09:41:54,login.live.com
2013-02-12 09:41:54,www.bing.com
2013-02-12 09:41:55,www.bing.com
2013-02-12 09:41:56,www.bing.com
2013-02-12 09:41:58,www.bing.com
2013-02-12 09:41:58,ts1.mm.bing.net
2013-02-12 09:41:59,www.bing.com
2013-02-12 09:41:59,ts1.mm.bing.net
2013-02-12 09:42:00,ts1.mm.bing.net
2013-02-12 09:42:01,media.paperblog.fr
2013-02-12 09:42:01,ts4.mm.bing.net
2013-02-12 09:42:01,ts3.mm.bing.net
2013-02-12 09:42:01,ssl.bing.com
2013-02-12 09:42:01,www.bing.com
2013-02-12 09:42:01,ts2.mm.bing.net
2013-02-12 09:42:01,ts1.mm.bing.net
2013-02-12 09:42:02,ts1.mm.bing.net
2013-02-12 09:42:03,ts4.mm.bing.net
2013-02-12 09:42:03,ts2.mm.bing.net
2013-02-12 09:42:03,www.bing.com
2013-02-12 09:42:03,ts1.mm.bing.net
2013-02-12 09:42:03,ts3.mm.bing.net
2013-02-12 09:42:04,ts1.mm.bing.net
2013-02-12 09:42:04,ts2.mm.bing.net
2013-02-12 09:42:04,ts4.mm.bing.net
2013-02-12 09:42:04,www.bing.com
2013-02-12 09:42:04,ts3.mm.bing.net
2013-02-12 09:42:05,www.bing.com
2013-02-12 09:42:06,ts1.mm.bing.net
2013-02-12 09:42:06,www.bing.com
2013-02-12 09:42:07,ts1.mm.bing.net
2013-02-12 09:42:07,www.bing.com
2013-02-12 09:42:08,www.bing.com
2013-02-12 09:42:09,ts1.mm.bing.net
2013-02-12 09:42:09,www.bing.com
2013-02-12 09:42:11,www.bing.com
2013-02-12 09:42:12,ts4.mm.bing.net
2013-02-12 09:42:12,ts1.mm.bing.net
2013-02-12 09:42:12,www.bing.com
2013-02-12 09:42:12,ts2.mm.bing.net
2013-02-12 09:42:12,ts3.mm.bing.net
2013-02-12 09:42:13,ts4.mm.bing.net
2013-02-12 09:42:13,ts3.mm.bing.net
2013-02-12 09:42:13,www.bing.com
2013-02-12 09:42:13,ts2.mm.bing.net
2013-02-12 09:42:13,ts1.mm.bing.net
2013-02-12 09:42:14,ts1.mm.bing.net
2013-02-12 09:42:14,www.bing.com
2013-02-12 09:42:15,www.bing.com
2013-02-12 09:42:15,ts1.mm.bing.net
2013-02-12 09:42:15,ts3.mm.bing.net
2013-02-12 09:42:15,ts2.mm.bing.net
2013-02-12 09:42:15,ts4.mm.bing.net
2013-02-12 09:42:16,www.bing.com
2013-02-12 09:42:16,ts1.mm.bing.net
2013-02-12 09:42:16,ts2.mm.bing.net
2013-02-12 09:42:16,ts3.mm.bing.net
2013-02-12 09:42:16,ts4.mm.bing.net
2013-02-12 09:42:17,www.bing.com
2013-02-12 09:42:17,ts2.mm.bing.net
2013-02-12 09:42:17,ts1.mm.bing.net
2013-02-12 09:42:17,ts4.mm.bing.net
2013-02-12 09:42:17,ts3.mm.bing.net
2013-02-12 09:42:18,www.bing.com
2013-02-12 09:42:18,ts1.mm.bing.net
2013-02-12 09:42:19,www.bing.com
2013-02-12 09:42:20,www.bing.com
2013-02-12 09:42:20,ts1.mm.bing.net
2013-02-12 09:42:21,ts4.mm.bing.net
2013-02-12 09:42:21,ts1.mm.bing.net
2013-02-12 09:42:21,www.bing.com
2013-02-12 09:42:21,ts2.mm.bing.net
2013-02-12 09:42:21,ts3.mm.bing.net
2013-02-12 09:42:22,www.bing.com
2013-02-12 09:42:22,ts1.mm.bing.net
2013-02-12 09:42:23,www.bing.com
2013-02-12 09:42:23,ts2.mm.bing.net
2013-02-12 09:42:23,ts4.mm.bing.net
2013-02-12 09:42:23,ts3.mm.bing.net
2013-02-12 09:42:23,ts1.mm.bing.net
2013-02-12 09:42:24,ts1.mm.bing.net
2013-02-12 09:42:24,www.bing.com
2013-02-12 09:42:39,www.bing.com
2013-02-12 09:42:40,www.bing.com
2013-02-12 09:42:41,www.bing.com
2013-02-12 09:42:41,ts1.mm.bing.net
2013-02-12 09:42:43,www.bing.com
2013-02-12 09:42:44,www.bing.com
2013-02-12 09:42:44,ts4.mm.bing.net
2013-02-12 09:42:44,www.france24.com
2013-02-12 09:42:44,mktg.factosoft.com
2013-02-12 09:42:45,img.src.ca
2013-02-12 09:42:46,www.terresacree.org
2013-02-12 09:42:46,ssl.bing.com
2013-02-12 09:42:46,www.bing.com
2013-02-12 09:42:46,www.france24.com
2013-02-12 09:42:46,ts1.mm.bing.net
2013-02-12 09:42:46,a400.idata.over-blog.com
2013-02-12 09:42:46,www.ardeche-nature-randonnee.com
2013-02-12 09:42:46,www.pays-thur-doller.fr
2013-02-12 09:42:46,2.bp.blogspot.com
2013-02-12 09:42:46,alsace.alternativelibertaire.org
2013-02-12 09:42:46,idata.over-blog.com
2013-02-12 09:42:47,gazdeschistefrance.files.wordpress.com
2013-02-12 09:42:47,envibio.files.wordpress.com
2013-02-12 09:42:48,ts1.mm.bing.net
2013-02-12 09:42:49,www.bing.com
2013-02-12 09:42:51,ts1.mm.bing.net
2013-02-12 09:42:55,ts1.mm.bing.net
2013-02-12 09:42:56,ts1.mm.bing.net
2013-02-12 09:42:56,www.bing.com
2013-02-12 09:42:57,ts1.mm.bing.net
2013-02-12 09:42:58,ts1.mm.bing.net
2013-02-12 09:42:58,www.bing.com
2013-02-12 09:43:00,ts1.mm.bing.net
2013-02-12 09:43:01,ts1.mm.bing.net
2013-02-12 09:43:01,www.bing.com
2013-02-12 09:43:02,www.bing.com
2013-02-12 09:43:07,www.bing.com
2013-02-12 09:43:08,ts3.mm.bing.net
2013-02-12 09:43:08,www.bing.com
2013-02-12 09:43:08,ts4.mm.bing.net
2013-02-12 09:43:08,ts2.mm.bing.net
2013-02-12 09:43:08,ts1.mm.bing.net
2013-02-12 09:43:09,ts3.mm.bing.net
2013-02-12 09:43:09,ts2.mm.bing.net
2013-02-12 09:43:09,ts4.mm.bing.net
2013-02-12 09:43:09,www.bing.com
2013-02-12 09:43:09,ts1.mm.bing.net
2013-02-12 09:43:10,ts1.mm.bing.net
2013-02-12 09:43:10,ts3.mm.bing.net
2013-02-12 09:43:10,ts2.mm.bing.net
2013-02-12 09:43:10,ts4.mm.bing.net
2013-02-12 09:43:11,www.bing.com
2013-02-12 09:43:12,referentiel.nouvelobs.com
2013-02-12 09:43:12,login.live.com
2013-02-12 09:43:12,ssl.bing.com
2013-02-12 09:43:12,www.bing.com
2013-02-12 09:43:12,img.youtube.com
2013-02-12 09:43:13,www.savoirs.essonne.fr
2013-02-12 09:43:13,referentiel.nouvelobs.com
2013-02-12 09:43:13,www.lefigaro.fr
2013-02-12 09:43:13,www.rue89.com
2013-02-12 09:43:16,www.bing.com
2013-02-12 09:43:17,ts1.mm.bing.net
2013-02-12 09:43:18,ts1.mm.bing.net
2013-02-12 09:43:19,ts1.mm.bing.net
2013-02-12 09:43:32,ts1.mm.bing.net
2013-02-12 09:43:32,www.bing.com
2013-02-12 09:43:33,www.bing.com
2013-02-12 09:43:34,referentiel.nouvelobs.com
2013-02-12 09:43:34,ts1.mm.bing.net
2013-02-12 09:43:34,s2.lemde.fr
2013-02-12 09:43:34,ecologie.blog.lemonde.fr
2013-02-12 09:43:35,www.bing.com
2013-02-12 09:43:35,ts1.mm.bing.net
2013-02-12 09:43:36,ts1.mm.bing.net
2013-02-12 09:43:37,ts1.mm.bing.net
2013-02-12 09:43:37,www.bing.com
2013-02-12 09:43:38,www.bing.com
2013-02-12 09:43:39,ts1.mm.bing.net
2013-02-12 09:43:40,ts1.mm.bing.net
2013-02-12 09:54:18,api.bing.com
2013-02-12 09:54:19,api.bing.com
2013-02-12 09:54:19,www.bing.com
2013-02-12 09:54:20,www.bing.com
2013-02-12 09:54:22,api.bing.com
2013-02-12 09:59:26,api.bing.com
2013-02-12 09:59:27,api.bing.com
2013-02-12 09:59:28,api.bing.com
2013-02-12 09:59:29,www.bing.com
2013-02-12 09:59:32,www.bing.com
2013-02-12 09:59:33,www.bing.com
2013-02-12 09:59:33,ts2.mm.bing.net
2013-02-12 09:59:33,ts1.mm.bing.net
2013-02-12 09:59:33,ts3.mm.bing.net
2013-02-12 09:59:33,ts4.mm.bing.net
2013-02-12 09:59:34,ts4.mm.bing.net
2013-02-12 09:59:34,www.bing.com
2013-02-12 09:59:34,ts3.mm.bing.net
2013-02-12 09:59:34,ts2.mm.bing.net
2013-02-12 09:59:34,ts1.mm.bing.net
2013-02-12 09:59:35,www.bing.com
2013-02-12 09:59:35,ts2.mm.bing.net
2013-02-12 09:59:35,ts4.mm.bing.net
2013-02-12 09:59:35,ts3.mm.bing.net
2013-02-12 09:59:35,ts1.mm.bing.net
2013-02-12 09:59:36,login.live.com
2013-02-12 09:59:37,ssl.bing.com
2013-02-12 09:59:37,www.bing.com
2013-02-12 09:59:37,ts1.mm.bing.net
2013-02-12 09:59:38,www.bing.com
2013-02-12 09:59:40,www.bing.com
2013-02-12 09:59:41,www.bing.com
2013-02-12 09:59:42,www.bing.com
2013-02-12 09:59:43,ts1.mm.bing.net
2013-02-12 09:59:43,www.bing.com
2013-02-12 09:59:44,ts1.mm.bing.net
2013-02-12 09:59:44,www.bing.com
2013-02-12 09:59:44,ts2.mm.bing.net
2013-02-12 09:59:44,ts3.mm.bing.net
2013-02-12 09:59:44,ts4.mm.bing.net
2013-02-12 09:59:44,ssl.bing.com
2013-02-12 09:59:45,ts1.mm.bing.net
2013-02-12 09:59:45,www.bing.com
2013-02-12 09:59:45,ts2.mm.bing.net
2013-02-12 09:59:45,ts4.mm.bing.net
2013-02-12 09:59:45,ts3.mm.bing.net
2013-02-12 09:59:46,www.bing.com
2013-02-12 09:59:46,ts1.mm.bing.net
2013-02-12 09:59:47,www.bing.com
2013-02-12 09:59:47,ts1.mm.bing.net
2013-02-12 09:59:48,ts1.mm.bing.net
2013-02-12 09:59:48,www.bing.com
2013-02-12 09:59:49,www.bing.com
2013-02-12 09:59:49,ts1.mm.bing.net
2013-02-12 09:59:50,ts4.mm.bing.net
2013-02-12 09:59:50,ts2.mm.bing.net
2013-02-12 09:59:50,www.bing.com
2013-02-12 09:59:50,ts3.mm.bing.net
2013-02-12 09:59:50,ts1.mm.bing.net
2013-02-12 09:59:51,ts1.mm.bing.net
2013-02-12 09:59:52,www.bing.com
2013-02-12 09:59:52,ts4.mm.bing.net
2013-02-12 09:59:52,ts1.mm.bing.net
2013-02-12 09:59:52,ts2.mm.bing.net
2013-02-12 09:59:52,ts3.mm.bing.net
2013-02-12 09:59:53,ts4.mm.bing.net
2013-02-12 09:59:53,ts1.mm.bing.net
2013-02-12 09:59:53,ts3.mm.bing.net
2013-02-12 09:59:53,www.bing.com
2013-02-12 09:59:53,ts2.mm.bing.net
2013-02-12 09:59:54,www.bing.com
2013-02-12 09:59:54,ts4.mm.bing.net
2013-02-12 09:59:54,ts2.mm.bing.net
2013-02-12 09:59:54,ts3.mm.bing.net
2013-02-12 09:59:54,ts1.mm.bing.net
2013-02-12 09:59:55,ts4.mm.bing.net
2013-02-12 09:59:55,www.bing.com
2013-02-12 09:59:55,ts2.mm.bing.net
2013-02-12 09:59:55,ts1.mm.bing.net
2013-02-12 09:59:56,ts1.mm.bing.net
2013-02-12 09:59:57,ts1.mm.bing.net
2013-02-12 09:59:57,www.bing.com
2013-02-12 09:59:57,ts2.mm.bing.net
2013-02-12 09:59:57,ts3.mm.bing.net
2013-02-12 09:59:57,ts4.mm.bing.net
2013-02-12 09:59:59,api.bing.com
2013-02-12 10:00:00,api.bing.com
2013-02-12 10:00:01,api.bing.com
2013-02-12 10:00:02,api.bing.com
2013-02-12 10:00:03,api.bing.com
2013-02-12 10:00:04,api.bing.com
2013-02-12 10:00:05,api.bing.com
2013-02-12 10:00:06,api.bing.com
2013-02-12 10:00:07,api.bing.com
2013-02-12 10:00:07,www.bing.com
2013-02-12 10:00:09,planet-terre.ens-lyon.fr
2013-02-12 10:00:09,www.bing.com
2013-02-12 10:00:10,planet-terre.ens-lyon.fr
2013-02-12 10:00:11,planet-terre.ens-lyon.fr
2013-02-12 10:00:14,planet-terre.ens-lyon.fr
2013-02-12 10:00:41,api.bing.com
2013-02-12 10:00:42,api.bing.com
2013-02-12 10:00:43,api.bing.com
2013-02-12 10:00:44,api.bing.com
2013-02-12 10:00:45,api.bing.com
2013-02-12 10:00:46,api.bing.com
2013-02-12 10:00:47,api.bing.com
2013-02-12 10:00:47,www.bing.com
2013-02-12 10:00:48,www.bing.com
2013-02-12 10:00:49,www.bing.com
2013-02-12 10:00:49,ts2.mm.bing.net
2013-02-12 10:00:49,ts3.mm.bing.net
2013-02-12 10:00:49,ts4.mm.bing.net
2013-02-12 10:00:49,ts1.mm.bing.net
2013-02-12 10:00:50,ts1.mm.bing.net
2013-02-12 10:00:50,ts3.mm.bing.net
2013-02-12 10:00:50,ts4.mm.bing.net
2013-02-12 10:00:50,ts2.mm.bing.net
2013-02-12 10:00:50,www.bing.com
2013-02-12 10:00:51,ts3.mm.bing.net
2013-02-12 10:00:51,ts2.mm.bing.net
2013-02-12 10:00:51,ts4.mm.bing.net
2013-02-12 10:00:51,ts1.mm.bing.net
2013-02-12 10:00:53,login.live.com
2013-02-12 10:00:53,www.bing.com
2013-02-12 10:00:54,ssl.bing.com
2013-02-12 10:00:54,ts1.mm.bing.net
2013-02-12 10:00:54,www.bing.com
2013-02-12 10:00:55,ts1.mm.bing.net
2013-02-12 10:00:56,www.bing.com
2013-02-12 10:00:57,www.bing.com
2013-02-12 10:00:58,www.bing.com
2013-02-12 10:00:58,ts1.mm.bing.net
2013-02-12 10:00:59,ts1.mm.bing.net
2013-02-12 10:01:00,www.bing.com
2013-02-12 10:01:01,ts1.mm.bing.net
2013-02-12 10:01:01,www.bing.com
2013-02-12 10:01:02,ssl.bing.com
2013-02-12 10:01:02,ts1.mm.bing.net
2013-02-12 10:01:02,www.bing.com
2013-02-12 10:01:02,ts3.mm.bing.net
2013-02-12 10:01:02,ts2.mm.bing.net
2013-02-12 10:01:02,ts4.mm.bing.net
2013-02-12 10:01:03,www.bing.com
2013-02-12 10:01:09,www.bing.com
2013-02-12 10:01:09,ts2.mm.bing.net
2013-02-12 10:01:09,ts3.mm.bing.net
2013-02-12 10:01:09,ts4.mm.bing.net
2013-02-12 10:01:09,ts1.mm.bing.net
2013-02-12 10:01:10,ts1.mm.bing.net
2013-02-12 10:01:10,ts2.mm.bing.net
2013-02-12 10:01:10,ts4.mm.bing.net
2013-02-12 10:01:10,ts3.mm.bing.net
2013-02-12 10:01:13,ts1.mm.bing.net
2013-02-12 10:01:13,www.bing.com
2013-02-12 10:01:14,ts1.mm.bing.net
2013-02-12 10:01:15,ts1.mm.bing.net
2013-02-12 10:01:15,www.bing.com
2013-02-12 10:01:16,www.bing.com
2013-02-12 10:01:17,ts4.mm.bing.net
2013-02-12 10:01:17,www.bing.com
2013-02-12 10:01:18,actualite.portail.free.fr
2013-02-12 10:01:18,ts1.mm.bing.net
2013-02-12 10:01:18,s1.lemde.fr
2013-02-12 10:01:18,md1.libe.com
2013-02-12 10:01:18,www.enviro2b.com
2013-02-12 10:01:18,mvistatic.com
2013-02-12 10:01:20,static.lexpress.fr
2013-02-12 10:01:22,www.bing.com
2013-02-12 10:01:22,ts1.mm.bing.net
2013-02-12 10:01:23,ts1.mm.bing.net
2013-02-12 10:01:24,ts1.mm.bing.net
2013-02-12 10:01:37,ts1.mm.bing.net
2013-02-12 10:01:37,www.bing.com
2013-02-12 10:01:38,www.bing.com
2013-02-12 10:01:38,ts1.mm.bing.net
2013-02-12 10:01:39,www.bing.com
2013-02-12 10:01:39,ts1.mm.bing.net
2013-02-12 10:01:40,www.bing.com
2013-02-12 10:01:40,ts1.mm.bing.net
2013-02-12 10:01:40,ts4.mm.bing.net
2013-02-12 10:01:40,ts2.mm.bing.net
2013-02-12 10:01:40,ts3.mm.bing.net
2013-02-12 10:01:41,www.bing.com
2013-02-12 10:01:42,www.bing.com
2013-02-12 10:01:42,ts1.mm.bing.net
2013-02-12 10:01:43,ts1.mm.bing.net
2013-02-12 10:01:44,www.bing.com
2013-02-12 10:01:44,ts1.mm.bing.net
2013-02-12 10:01:44,ts3.mm.bing.net
2013-02-12 10:01:44,ts2.mm.bing.net
2013-02-12 10:01:44,ts4.mm.bing.net
2013-02-12 10:01:45,ts4.mm.bing.net
2013-02-12 10:01:45,www.bing.com
2013-02-12 10:01:45,ts3.mm.bing.net
2013-02-12 10:01:45,ts2.mm.bing.net
2013-02-12 10:01:45,ts1.mm.bing.net
2013-02-12 10:01:46,ts1.mm.bing.net
2013-02-12 10:01:47,ts4.mm.bing.net
2013-02-12 10:01:47,www.bing.com
2013-02-12 10:01:47,ts2.mm.bing.net
2013-02-12 10:01:47,ts3.mm.bing.net
2013-02-12 10:01:47,ts1.mm.bing.net
2013-02-12 10:01:48,ts1.mm.bing.net
2013-02-12 10:01:49,www.bing.com
2013-02-12 10:01:49,ts1.mm.bing.net
2013-02-12 10:01:49,ts3.mm.bing.net
2013-02-12 10:01:49,ts4.mm.bing.net
2013-02-12 10:01:49,ts2.mm.bing.net
2013-02-12 10:01:50,www.bing.com
2013-02-12 10:01:50,ts3.mm.bing.net
2013-02-12 10:01:50,ts1.mm.bing.net
2013-02-12 10:01:50,ts2.mm.bing.net
2013-02-12 10:01:50,ts4.mm.bing.net
2013-02-12 10:01:51,www.bing.com
2013-02-12 10:01:53,ts1.mm.bing.net
2013-02-12 10:01:54,www.bing.com
2013-02-12 10:01:54,ts1.mm.bing.net
2013-02-12 10:01:55,ts1.mm.bing.net
2013-02-12 10:01:55,www.bing.com
2013-02-12 10:02:21,www.legazdeschiste.fr
2013-02-12 10:02:21,ts2.mm.bing.net
2013-02-12 10:02:21,ts1.mm.bing.net
2013-02-12 10:02:21,www.bing.com
2013-02-12 10:05:03,ts1.mm.bing.net
2013-02-12 10:05:04,ts1.mm.bing.net
2013-02-12 10:05:08,www.bing.com
2013-02-12 10:05:09,ts2.mm.bing.net
2013-02-12 10:05:09,ts1.mm.bing.net
2013-02-12 10:05:09,ts3.mm.bing.net
2013-02-12 10:05:09,www.bing.com
2013-02-12 10:05:09,ts4.mm.bing.net
2013-02-12 10:05:10,www.bing.com
2013-02-12 10:05:10,ts2.mm.bing.net
2013-02-12 10:05:10,ts3.mm.bing.net
2013-02-12 10:05:10,ts1.mm.bing.net
2013-02-12 10:05:10,ts4.mm.bing.net
2013-02-12 10:05:11,www.bing.com
2013-02-12 10:05:11,ts4.mm.bing.net
2013-02-12 10:05:11,ts1.mm.bing.net
2013-02-12 10:05:11,ts3.mm.bing.net
2013-02-12 10:05:11,ts2.mm.bing.net
2013-02-12 10:05:12,ts3.mm.bing.net
2013-02-12 10:05:12,ts1.mm.bing.net
2013-02-12 10:05:12,ts2.mm.bing.net
2013-02-12 10:05:12,ts4.mm.bing.net
2013-02-12 10:05:13,ts1.mm.bing.net
2013-02-12 10:05:13,login.live.com
2013-02-12 10:05:13,www.bing.com
2013-02-12 10:05:14,ssl.bing.com
2013-02-12 10:05:14,ts1.mm.bing.net
2013-02-12 10:05:14,www.bing.com
2013-02-12 10:05:14,ts3.mm.bing.net
2013-02-12 10:05:14,www.jeanlucbennahmias.eu
2013-02-12 10:05:15,www.terresacree.org
2013-02-12 10:05:16,www.economiesolidaire.com
2013-02-12 10:05:16,www.aquaportail.com
2013-02-12 10:05:16,www.bing.com
2013-02-12 10:05:16,ts4.mm.bing.net
2013-02-12 10:05:16,fr.ria.ru
2013-02-12 10:05:16,ts1.mm.bing.net
2013-02-12 10:05:16,www.valeursactuelles.com
2013-02-12 10:05:16,www.greenetvert.fr
2013-02-12 10:05:16,www.europarl.europa.eu
2013-02-12 10:05:19,legazdeschiste.files.wordpress.com
2013-02-12 10:05:19,www.bing.com
2013-02-12 10:05:31,ts1.mm.bing.net
2013-02-12 10:05:31,www.bing.com
2013-02-12 10:05:32,ts1.mm.bing.net
2013-02-12 10:05:32,www.bing.com
2013-02-12 10:05:33,www.bing.com
2013-02-12 10:05:33,ts1.mm.bing.net
2013-02-12 10:05:34,ts1.mm.bing.net
2013-02-12 10:05:35,www.bing.com
2013-02-12 10:05:35,ts1.mm.bing.net
2013-02-12 10:05:35,ts2.mm.bing.net
2013-02-12 10:05:35,ts3.mm.bing.net
2013-02-12 10:05:35,ts4.mm.bing.net
2013-02-12 10:05:36,ts1.mm.bing.net
2013-02-12 10:05:36,ts3.mm.bing.net
2013-02-12 10:05:36,ts2.mm.bing.net
2013-02-12 10:05:36,www.bing.com
2013-02-12 10:05:36,ts4.mm.bing.net
2013-02-12 10:05:37,ts1.mm.bing.net
2013-02-12 10:05:38,www.bing.com
2013-02-12 10:05:38,ts1.mm.bing.net
2013-02-12 10:05:38,ts4.mm.bing.net
2013-02-12 10:05:38,ts3.mm.bing.net
2013-02-12 10:05:38,ts2.mm.bing.net
2013-02-12 10:05:40,www.bing.com
2013-02-12 10:05:40,ts1.mm.bing.net
2013-02-12 10:05:42,www.bing.com
2013-02-12 10:05:42,ts1.mm.bing.net
2013-02-12 10:05:43,www.larecherche.fr
2013-02-12 10:05:43,www.legazdeschiste.fr
2013-02-12 10:05:43,www.lefigaro.fr
2013-02-12 10:05:44,www.legazdeschiste.fr
2013-02-12 10:05:44,ts1.mm.bing.net
2013-02-12 10:05:44,www.larecherche.fr
2013-02-12 10:05:44,www.newsring.fr
2013-02-12 10:05:44,images.centrepresseaveyron.fr
2013-02-12 10:05:47,www.bing.com
2013-02-12 10:05:49,ts1.mm.bing.net
2013-02-12 10:05:51,ts1.mm.bing.net
2013-02-12 10:05:52,ts1.mm.bing.net
2013-02-12 10:05:52,www.bing.com
2013-02-12 10:05:53,ts1.mm.bing.net
2013-02-12 10:05:53,www.bing.com
2013-02-12 10:05:54,www.bing.com
2013-02-12 10:05:54,ts1.mm.bing.net
2013-02-12 10:05:55,www.bing.com
2013-02-12 10:05:56,www.bing.com
2013-02-12 10:05:56,ts1.mm.bing.net
2013-02-12 10:14:03,www.bing.com
2013-02-12 10:14:04,www.bing.com
2013-02-12 10:14:04,ts1.mm.bing.net
2013-04-12 12:24:41,fpdownload2.macromedia.com
2013-04-12 12:24:45,api.bing.com
2013-04-12 12:24:46,api.bing.com
2013-04-12 12:24:47,www.bing.com
2013-04-12 12:24:48,www.bing.com
2013-09-12 14:14:59,api.bing.com
2013-09-12 14:15:00,www.bing.com
2013-09-12 14:15:01,www.bing.com
2013-09-12 14:15:02,www.bing.com
2013-09-12 14:15:03,www.bing.com
2013-09-12 14:15:03,cms.abmr.net
2013-09-12 14:15:03,login.live.com
2013-09-12 15:08:49,api.bing.com
2013-09-12 15:08:50,api.bing.com
2013-09-12 15:08:51,api.bing.com
2013-09-12 15:08:52,api.bing.com
2013-09-12 15:08:53,api.bing.com
2013-09-12 15:08:54,api.bing.com
2013-09-12 15:08:56,api.bing.com
2013-09-12 15:08:57,api.bing.com
2013-09-12 15:08:58,www.bing.com
2013-09-12 15:08:59,www.bing.com
2013-09-12 15:09:02,www.bing.com
2013-09-12 15:09:02,a4.bing.com
2013-09-12 15:09:16,login.live.com
2013-09-12 15:09:23,a4.bing.com
2013-09-12 15:09:24,a4.bing.com
2013-09-12 15:09:25,a4.bing.com
2013-09-12 15:09:25,www.bing.com
2013-09-12 15:09:26,www.bing.com
2013-09-12 15:09:28,www.bing.com
2013-09-12 15:09:28,nte.mines-albi.fr
2013-09-12 15:09:29,nte.mines-albi.fr
2013-09-12 15:09:30,nte.mines-albi.fr
2013-09-12 15:09:30,ssl.bing.com
2013-09-12 15:09:40,login.live.com
2013-09-12 15:09:58,www.bing.com
2013-09-12 15:09:59,nte.mines-albi.fr
2013-09-12 15:09:59,www.bing.com
2013-09-12 15:10:00,nte.mines-albi.fr
2013-09-12 15:10:02,nte.mines-albi.fr
2013-11-19 09:54:18,fpdownload2.macromedia.com
2013-11-19 09:54:19,go.microsoft.com
2013-11-19 09:54:20,js.microsoft.com
2013-11-19 09:54:20,res1.windows.microsoft.com
2013-11-19 09:54:20,res2.windows.microsoft.com
2013-11-19 09:54:20,windows.microsoft.com
2013-11-19 09:54:20,ajax.microsoft.com
2013-11-19 09:54:30,www.bing.com
2013-11-19 09:54:31,www.bing.com
2013-11-19 09:54:32,www.voyages-sncf.com
2013-11-19 09:54:32,www.bing.com
2013-11-19 09:54:33,www.voyages-sncf.com
2013-11-19 09:54:33,halc.iadvize.com
2013-11-19 09:54:34,www.voyages-sncf.com
2013-11-19 09:54:45,www.voyages-sncf.com
2013-11-19 09:54:45,halc.iadvize.com
2013-11-19 09:54:45,fstatic.iadvize.com
2013-11-19 09:54:46,halc.iadvize.com
2013-11-19 09:54:46,fstatic.iadvize.com
2013-11-19 09:54:50,www.voyages-sncf.com
2013-11-19 09:54:51,halc.iadvize.com
2013-11-19 09:54:51,www.voyages-sncf.com
2013-11-19 09:54:56,halc.iadvize.com
2013-11-19 09:54:56,data.decathlon.fr
2013-11-19 09:54:56,www.voyages-sncf.com
2013-11-19 09:54:57,halc.iadvize.com
2013-11-19 09:54:57,www.voyages-sncf.com
2013-11-19 09:54:57,data.decathlon.fr
2013-11-19 09:54:58,halc.iadvize.com
2013-11-19 09:55:04,www.voyages-sncf.com
2013-11-19 09:55:05,halc.iadvize.com
2013-11-19 09:55:19,www.voyages-sncf.com
2013-11-19 09:55:19,halc.iadvize.com
2013-11-19 09:55:20,halc.iadvize.com
2013-11-19 09:55:25,www.voyages-sncf.com
2013-11-19 09:55:25,halc.iadvize.com
2013-11-19 09:55:26,halc.iadvize.com
2013-11-19 09:55:27,halc.iadvize.com
2013-11-19 09:55:33,halc.iadvize.com
2013-11-19 09:55:33,ieonline.microsoft.com
2013-11-25 12:19:00,www.bing.com
2013-11-25 12:19:01,www.bing.com
2013-11-25 12:19:02,login.live.com
2013-11-25 12:19:02,www.bing.com
2013-11-25 12:21:39,office14client.microsoft.com
2013-11-25 12:21:40,office.microsoft.com
2013-11-25 12:21:41,office.microsoft.com
2013-11-25 12:22:26,www.bing.com
2013-11-25 12:22:27,medias.lequipe.fr
2013-11-25 12:22:27,www.facebook.com
2013-11-25 12:22:27,platform.twitter.com
2013-11-25 12:22:27,www.bing.com
2013-11-25 12:22:27,static.lequipe.fr
2013-11-25 12:22:27,www.lequipe.fr
2013-11-25 12:22:28,www.lequipe.fr
2013-11-25 12:22:28,static.lequipe.fr
2013-11-25 12:22:28,netstorage.lequipe.fr
2013-11-25 12:22:28,medias.lequipe.fr
2013-11-25 12:22:28,widget.achetezfacile.com
2013-11-25 12:22:29,i.htfacile.fr
2013-11-25 12:22:29,ajax.googleapis.com
2013-11-25 12:22:29,fr.ad4mat.net
2013-11-25 12:22:29,widget.achetezfacile.com
2013-11-25 12:22:29,www.lequipe.fr
2013-11-25 12:22:29,rubicon-match.dotomi.com
2013-11-25 12:22:29,static.lequipe.fr
2013-11-25 12:22:29,um.simpli.fi
2013-11-25 12:22:30,dtm.ccs.com
2013-11-25 12:22:30,i.htfacile.fr
2013-11-25 12:22:30,www.facebook.com
2013-11-25 12:22:32,rp.gwallet.com
2013-11-25 12:22:33,pool-eu-ie.creative-serving.com
2013-11-25 12:22:33,pr.ybp.yahoo.com
2013-11-25 12:22:36,static.lequipe.fr
2013-11-25 12:22:37,www.lequipe.fr
2013-11-25 12:22:37,static.lequipe.fr
2013-11-25 12:22:37,www.facebook.com
2013-11-25 12:22:37,medias.lequipe.fr
2013-11-25 12:22:38,static.lequipe.fr
2013-11-25 12:22:38,static.ak.facebook.com
2013-11-25 12:22:38,i.htfacile.fr
2013-11-25 12:22:38,widget.achetezfacile.com
2013-11-25 12:22:38,connect.facebook.net
2013-11-25 12:22:38,platform.twitter.com
2013-11-25 12:22:38,www2.lequipe.fr
2013-11-25 12:22:38,netstorage.lequipe.fr
2013-11-25 12:22:38,s-static.ak.facebook.com
2013-11-25 12:22:38,twitter.com
2013-11-25 12:22:38,www.lequipe.fr
2013-11-25 12:22:39,widget.achetezfacile.com
2013-11-25 12:22:39,i.htfacile.fr
2013-11-25 12:22:39,twitter.com
2013-11-25 12:22:39,datatc.eveiletjeux.com
2013-11-25 12:22:39,static.lequipe.fr
2013-11-25 12:22:39,platform.twitter.com
2013-11-25 12:22:39,rbp.mxptint.net
2013-11-25 12:22:39,www.lequipe.fr
2013-11-25 12:22:40,twitter.com
2013-11-25 12:22:40,match.rtbidder.net
2013-11-25 12:22:40,www.facebook.com
2013-11-25 12:22:40,static.lequipe.fr
2013-11-25 12:22:41,www.facebook.com
2013-11-25 12:23:04,www.lequipe.fr
2013-11-25 12:23:05,www.facebook.com
2013-11-25 12:23:05,medias.lequipe.fr
2013-11-25 12:23:06,twitter.com
2013-11-25 12:23:06,x2.vindicosuite.com
2013-11-25 12:23:06,static.lequipe.fr
2013-11-25 12:23:06,medias.lequipe.fr
2013-11-25 12:23:07,pixel2368.everesttech.net
2013-11-25 12:23:17,static.lequipe.fr
2013-11-25 12:23:17,medias.lequipe.fr
2013-11-25 12:23:17,www.facebook.com
2013-11-25 12:23:17,www.lequipe.fr
2013-11-25 12:23:18,twitter.com
2013-11-25 12:23:18,platform.twitter.com
2013-11-25 12:23:18,static.lequipe.fr
2013-11-25 12:23:18,netstorage.lequipe.fr
2013-11-25 12:23:18,www.lequipe.fr
2013-11-25 12:23:18,x2.vindicosuite.com
2013-11-25 12:23:18,widget.achetezfacile.com
2013-11-25 12:23:18,i.htfacile.fr
2013-11-25 12:23:19,s-static.ak.facebook.com
2013-11-25 12:23:19,medias.lequipe.fr
2013-11-25 12:23:19,i.htfacile.fr
2013-11-25 12:23:19,static.ak.facebook.com
2013-11-25 12:23:20,www.google.com
2013-11-25 12:23:20,xml.betclick.com
2013-11-25 12:23:20,www.facebook.com
2013-11-25 12:23:20,static.lequipe.fr
2013-11-25 12:23:20,twitter.com
2013-11-25 12:23:23,b12.myspace.com
2013-11-25 12:24:20,www.lequipe.fr
2013-11-25 12:24:55,www.lequipe.fr
2013-11-25 12:25:01,www.lequipe.fr
2013-11-25 12:25:08,www.lequipe.fr
2013-11-25 12:25:16,www.lequipe.fr
2013-11-25 12:25:21,www.lequipe.fr
2013-11-25 12:25:22,www.lequipe.fr
2013-11-25 12:25:22,medias.lequipe.fr
2013-11-25 12:25:22,b12.myspace.com
2013-11-25 12:25:23,www.facebook.com
2013-11-25 12:25:23,static.lequipe.fr
2013-11-25 12:25:23,www.lequipe.fr
2013-11-25 12:25:24,twitter.com
2013-11-25 12:25:24,widget.achetezfacile.com
2013-11-25 12:25:24,static.lequipe.fr
2013-11-25 12:25:25,static.lequipe.fr
2013-11-25 12:25:25,i.htfacile.fr
2013-11-25 12:25:26,xml.betclick.com
2013-11-25 12:25:26,medias.lequipe.fr
2013-11-25 12:25:28,www.lequipe.fr
2013-11-25 12:25:28,medias.lequipe.fr
2013-11-25 12:25:29,www.facebook.com
2013-11-25 12:25:29,static.lequipe.fr
2013-11-25 12:25:29,platform.twitter.com
2013-11-25 12:25:29,connect.facebook.net
2013-11-25 12:25:30,i.htfacile.fr
2013-11-25 12:25:30,widget.achetezfacile.com
2013-11-25 12:25:30,static.lequipe.fr
2013-11-25 12:25:30,twitter.com
2013-11-25 12:25:30,www.lequipe.fr
2013-11-25 12:25:30,static.ak.facebook.com
2013-11-25 12:25:30,s-static.ak.facebook.com
2013-11-25 12:25:30,medias.lequipe.fr
2013-11-25 12:25:31,www.facebook.com
2013-11-25 12:25:31,s374.meetrics.net
2013-11-25 12:25:31,static.lequipe.fr
2013-11-25 12:25:31,twitter.com
2013-11-25 12:25:31,eulerian.telechargement.fr
2013-11-25 12:25:46,www.bing.com
2013-11-25 12:25:47,www.bing.com
2013-11-25 12:25:47,cms.abmr.net
2013-11-25 12:25:48,login.live.com
2013-11-25 12:25:48,twitter.com
2013-11-25 12:25:48,www.cyclismactu.net
2013-11-25 12:25:48,www.bing.com
2013-11-25 12:25:49,www.dailymotion.com
2013-11-25 12:25:49,www.facebook.com
2013-11-25 12:25:49,s-static.ak.facebook.com
2013-11-25 12:25:49,www.cyclismactu.net
2013-11-25 12:25:49,static.ak.facebook.com
2013-11-25 12:25:50,adventori.com
2013-11-25 12:25:50,static.ak.facebook.com
2013-11-25 12:25:50,www.dailymotion.com
2013-11-25 12:25:50,www.facebook.com
2013-11-25 12:25:50,s-static.ak.facebook.com
2013-11-25 12:25:50,www.cyclismactu.net
2013-11-25 12:25:51,www.cyclismactu.net
2013-11-25 12:25:55,www.cyclismactu.net
2013-11-25 12:25:56,s-static.ak.facebook.com
2013-11-25 12:25:56,www.facebook.com
2013-11-25 12:25:56,static.ak.facebook.com
2013-11-25 12:25:56,www.dailymotion.com
2013-11-25 12:25:56,www.cyclismactu.net
2013-11-25 12:25:57,www.facebook.com
2013-11-25 12:25:57,ajax.googleapis.com
2013-11-25 12:25:57,www.cyclismactu.net
2013-11-25 12:25:58,www.dailymotion.com
2013-11-25 12:25:58,s-static.ak.facebook.com
2013-11-25 12:25:58,www.facebook.com
2013-11-25 12:25:58,twitter.com
2013-11-25 12:25:58,static.ak.facebook.com
2013-11-25 12:25:58,hal9000.redintelligence.net
2013-11-25 12:25:59,ad.publicidees.com
2013-11-25 12:25:59,www.lahalle.com
2013-11-25 12:25:59,platform.twitter.com
2013-11-25 12:25:59,www.dailymotion.com
2013-11-25 12:25:59,ea.numericable.fr
2013-11-25 12:26:00,www.dailymotion.com
2013-11-25 12:26:01,od2.visiblemeasures.com
2013-11-25 12:26:01,www.dailymotion.com
2013-11-25 12:26:01,audience.visiblemeasures.com
2013-11-25 12:26:02,www.dailymotion.com
2013-11-25 12:26:03,www.dailymotion.com
2013-11-25 12:26:04,www.dailymotion.com
2013-11-25 12:26:05,vast.bp3849535.btrll.com
2013-11-25 12:26:05,vast.bp3849534.btrll.com
2013-11-25 12:26:05,www.dailymotion.com
2013-11-25 12:26:06,www.dailymotion.com
2013-11-25 12:26:07,www.dailymotion.com
2013-11-25 12:26:08,logger-02.vty.dailymotion.com
2013-11-25 12:26:08,audience.visiblemeasures.com
2013-11-25 12:26:08,od2.visiblemeasures.com
2013-11-25 12:26:08,www.dailymotion.com
2013-11-25 12:26:09,od2.visiblemeasures.com
2013-11-25 12:26:09,www.dailymotion.com
2013-11-25 12:26:11,syndication.twitter.com
2013-11-25 12:26:12,syndication.twitter.com
2013-11-25 12:26:30,od2.visiblemeasures.com
2013-11-25 12:26:30,www.dailymotion.com
2013-11-25 12:26:30,pbs.twimg.com
2013-11-25 12:26:31,pbs.twimg.com
2013-11-25 12:26:33,twitter.com
2013-11-25 12:26:33,pbs.twimg.com
2013-11-25 12:26:33,od2.visiblemeasures.com
2013-11-25 12:26:38,od2.visiblemeasures.com
2013-11-25 12:26:42,od2.visiblemeasures.com
2013-11-25 12:26:51,od2.visiblemeasures.com
2013-11-25 12:27:00,od2.visiblemeasures.com
2013-11-25 12:27:06,www.dailymotion.com
2013-11-25 12:27:07,www.dailymotion.com
2013-11-25 12:27:08,od2.visiblemeasures.com
2013-11-25 12:27:17,od2.visiblemeasures.com
2013-11-25 12:27:22,od2.visiblemeasures.com
2013-11-25 12:27:23,www.cyclismactu.net
2013-11-25 12:27:24,s-static.ak.facebook.com
2013-11-25 12:27:24,www.facebook.com
2013-11-25 12:27:24,static.ak.facebook.com
2013-11-25 12:27:24,www.cyclismactu.net
2013-11-25 12:27:24,www.dailymotion.com
2013-11-25 12:27:24,platform.twitter.com
2013-11-25 12:27:25,www.facebook.com
2013-11-25 12:27:26,www.facebook.com
2013-11-25 12:27:26,static.ak.facebook.com
2013-11-25 12:27:26,twitter.com
2013-11-25 12:27:26,s-static.ak.facebook.com
2013-11-25 12:27:27,www.dailymotion.com
2013-11-26 09:23:17,www.bing.com
2013-11-26 09:23:18,www.bing.com
2013-11-26 09:57:33,fpdownload2.macromedia.com
2013-11-26 09:57:39,www.bing.com
2013-11-26 09:57:40,www.bing.com
2013-11-26 09:57:41,www.bing.com
2013-11-27 09:54:06,www.bing.com
2013-11-27 09:54:07,www.le-dictionnaire.com
2013-11-27 09:54:07,login.live.com
2013-11-27 09:54:07,www.bing.com
2013-11-27 09:54:08,www.le-dictionnaire.com
2013-11-27 09:54:08,www.facebook.com
2013-11-27 09:54:08,cip.gagnoo.com
2013-11-27 09:54:13,www.le-dictionnaire.com
2013-11-27 09:54:14,loadr.exelator.com
2013-11-27 09:54:14,www.le-dictionnaire.com
2013-11-27 09:54:19,apis.google.com
2013-11-27 09:54:25,www.le-dictionnaire.com
2013-11-27 09:54:27,www.google.com
2013-11-27 09:54:37,www.google.com
2013-11-27 09:58:24,www.bing.com
2013-11-27 09:58:29,www.bing.com
2013-11-27 09:58:29,www.onisep.fr
2013-11-27 09:58:30,www.onisep.fr
2013-11-27 09:58:31,www.onisep.fr
2013-11-27 09:58:31,static.addinto.com
2013-11-27 09:58:34,www.onisep.fr
2013-11-27 09:58:36,login.live.com
2013-11-27 09:58:37,www.onisep.fr
2013-11-27 09:58:39,www.bing.com
2013-11-27 09:58:40,www.bing.com
2013-11-27 09:58:41,login.live.com
2013-11-27 09:58:43,www.bing.com
2013-11-27 09:58:44,www.bing.com
2013-11-27 09:58:46,www.lesmetiers.net
2013-11-27 09:58:46,platform.twitter.com
2013-11-27 09:58:47,www.facebook.com
2013-11-27 09:58:47,piwik.carif-idf.org
2013-11-27 09:58:47,www.lesmetiers.net
2013-11-27 09:58:48,platform.twitter.com
2013-11-27 09:58:48,piwik.carif-idf.org
2013-11-27 09:58:48,www.lesmetiers.net
2013-11-27 09:58:49,www.lesmetiers.net
2013-11-27 09:58:51,www.lesmetiers.net
2013-11-27 09:58:55,www.bing.com
2013-11-27 09:58:55,login.live.com
2013-11-27 09:58:55,ssl.bing.com
2013-11-27 09:58:57,login.live.com
2013-11-27 09:58:57,ssl.bing.com
2013-11-27 09:58:58,twitter.com
2013-11-27 09:58:58,www.bing.com
2013-11-27 10:00:02,ssl.bing.com
2013-11-27 10:01:31,www.bing.com
2013-11-27 10:01:32,www.bing.com
2013-12-13 09:00:50,fr.start2.mozilla.com
2013-12-13 09:00:51,start.mozilla.org
2013-12-13 09:00:51,fr.www.mozilla.com
2013-12-13 09:00:51,www.mozilla.org
2013-12-13 09:00:52,www.mozilla.org
2013-12-13 09:00:58,fr.fxfeeds.mozilla.com
2013-12-13 09:00:59,www.lemonde.fr
2013-12-13 09:01:00,www.google.com
2013-12-13 09:01:00,rss.lemonde.fr
2013-12-13 09:01:00,www.google.fr
2013-12-13 09:01:00,clients1.google.fr
2013-12-13 09:01:02,www.google.fr
2013-12-13 09:01:03,www.google.fr
2013-12-13 09:03:05,www.google.com
2013-12-13 09:03:05,www.google.fr
2013-12-13 09:03:06,clients1.google.fr
2013-12-13 09:03:07,www.google.fr
2013-12-13 09:04:29,armmf.adobe.com
2013-12-13 09:04:31,armmf.adobe.com
2013-12-13 09:04:34,armdl.adobe.com
2013-12-13 09:05:42,go.microsoft.com
2013-12-13 09:05:42,shell.windows.com
2013-12-13 09:05:43,shell.windows.com
2013-12-13 09:05:43,go.microsoft.com
2013-12-13 09:05:43,windows.microsoft.com
2013-12-13 09:05:44,shell.windows.com
2013-12-13 09:05:44,res2.windows.microsoft.com
2013-12-13 09:05:44,res1.windows.microsoft.com
2013-12-13 09:05:44,js.microsoft.com
2013-12-13 09:05:44,ajax.microsoft.com
2013-12-13 09:05:44,windows.microsoft.com
2013-12-13 09:05:45,cx.msn.com
2013-12-13 09:05:45,shell.windows.com
2013-12-13 09:05:48,www.bing.com
2013-12-13 09:05:55,www.microsoft.com
2013-12-13 09:05:55,office.microsoft.com
2013-12-13 09:05:56,c.msn.com
2013-12-13 09:05:56,js.microsoft.com
2013-12-13 09:05:56,office.microsoft.com
2013-12-13 09:05:56,support.microsoft.com
2013-12-13 09:05:57,c.msn.com
2013-12-13 09:05:57,js.microsoft.com
2013-12-13 09:05:57,office.microsoft.com
2013-12-13 09:05:57,cs.microsoft.com
2013-12-13 09:05:57,c1.microsoft.com
2013-12-13 09:05:57,portal.microsoftonline.com
2013-12-13 09:05:58,portal.microsoftonline.com
2013-12-13 09:05:59,support.microsoft.com
2013-12-13 09:05:59,office.microsoft.com
2013-12-13 09:06:00,support.microsoft.com
2013-12-13 09:06:08,api.bing.com
2013-12-13 09:06:09,api.bing.com
2013-12-13 09:06:11,api.bing.com
2013-12-13 09:06:12,api.bing.com
2013-12-13 09:06:13,www.bing.com
2013-12-13 09:06:15,www.bing.com
2013-12-13 09:06:15,cms.abmr.net
2013-12-13 09:06:17,www.google.com
2013-12-13 09:06:17,portal.microsoftonline.com
2013-12-13 09:06:17,www.bing.com
2013-12-13 09:06:18,apis.google.com
2013-12-13 09:06:18,accounts.google.com
2013-12-13 09:06:19,apis.google.com
2013-12-13 09:06:19,www.google.com
2013-12-13 09:06:21,www.google.com
2013-12-13 09:06:21,www.google.fr
2013-12-13 09:06:21,apis.google.com
2013-12-13 09:06:22,drive.google.com
2013-12-13 09:06:23,www.google.com
2013-12-13 09:06:23,apis.google.com
2013-12-13 09:06:23,accounts.youtube.com
2013-12-13 09:06:46,drive.google.com
2013-12-13 09:06:46,www.google.com
2013-12-13 09:06:46,accounts.google.fr
2013-12-13 09:06:47,drive.google.com
2013-12-13 09:06:47,accounts.google.com
2013-12-13 09:06:47,accounts.youtube.com
2013-12-13 09:06:47,accounts.google.fr
2013-12-13 09:06:48,drive.google.com
2013-12-13 09:06:48,0.drive.google.com
2013-12-13 09:06:49,apis.google.com
2013-12-13 09:06:50,plus.google.com
2013-12-13 09:06:50,0.drive.google.com
2013-12-13 09:06:54,docs.google.com
2013-12-13 09:06:54,drive.google.com
2013-12-13 09:06:54,plus.google.com
2013-12-13 09:06:54,www.google.com
2013-12-13 09:06:55,drive.google.com
2013-12-13 09:07:01,docs.google.com
2013-12-13 09:07:04,docs.google.com
2013-12-13 09:07:19,docs.google.com
2013-12-13 09:07:19,plus.google.com
2013-12-13 09:07:19,apis.google.com
2013-12-13 09:07:19,clients2.google.com
2013-12-13 09:07:21,clients2.google.com
2013-12-13 09:07:33,go.microsoft.com
2013-12-13 09:07:33,ieonline.microsoft.com
2013-12-13 09:07:38,docs.google.com
2013-12-13 09:07:38,clients2.google.com
2013-12-13 09:07:40,clients2.google.com
2013-12-13 09:07:48,drive.google.com
2013-12-13 09:07:48,gg.google.com
2013-12-13 09:08:47,ieonline.microsoft.com
2013-12-13 09:09:20,javadl-esd-secure.oracle.com
2013-12-13 09:11:42,drive.google.com
2013-12-13 09:11:43,drive.google.com
2013-12-13 09:11:48,gg.google.com
2013-12-13 09:12:49,drive.google.com
2013-12-13 09:13:43,0.drive.google.com
2013-12-13 09:13:45,1.drive.google.com
2013-12-13 09:13:46,1.drive.google.com
2013-12-13 09:13:50,accounts.google.com
2013-12-13 09:13:50,docs.google.com
2013-12-13 09:13:53,clients2.google.com
2013-12-13 09:13:55,www.google.com
2013-12-13 09:13:55,0.docs.google.com
2013-12-13 09:13:56,apis.google.com
2013-12-13 09:13:57,clients6.google.com
2013-12-13 09:13:57,accounts.google.com
2013-12-13 09:13:57,0.docs.google.com
2013-12-13 09:14:02,clients2.google.com
2013-12-13 09:14:04,www.google.com
2013-12-13 09:14:30,www.google.com
2013-12-13 09:14:44,drive.google.com
2013-12-13 09:15:55,docs.google.com
2013-12-13 09:15:56,www.google.com
2013-12-13 09:15:56,lh3.google.com
2013-12-13 09:16:09,apis.google.com
2013-12-13 09:16:27,accounts.google.com
2013-12-13 09:16:38,clients6.google.com
2013-12-13 09:16:55,lh3.google.com
2013-12-13 09:17:46,plus.google.com
2013-12-13 09:23:21,drive.google.com
2013-12-13 09:24:48,plus.google.com
2013-12-13 09:25:08,docs.google.com
2013-12-13 09:27:08,docs.google.com
2013-12-13 09:27:09,docs.google.com
2013-12-13 09:27:14,plus.google.com
2013-12-13 09:27:14,drive.google.com
2013-12-13 09:27:14,0.docs.google.com
2013-12-13 09:27:14,1.drive.google.com
2013-12-13 09:27:16,javadl-esd-secure.oracle.com
2013-12-13 09:47:09,javadl-esd-secure.oracle.com
2013-12-13 09:48:29,fpdownload2.macromedia.com
2013-12-13 09:48:33,api.bing.com
2013-12-13 09:48:34,api.bing.com
2013-12-13 09:48:34,www.bing.com
2013-12-13 09:48:35,www.bing.com
2013-12-13 09:48:36,www.bing.com
2013-12-13 09:51:27,ieonline.microsoft.com
2013-12-13 10:27:42,apex.oracle.com
2013-12-13 10:27:42,www.oracle.com
2013-12-13 10:53:27,javadl-esd-secure.oracle.com
2013-12-13 11:08:02,fr.start2.mozilla.com
2013-12-13 11:08:08,www.google.fr
2013-12-13 11:08:08,www.google.com
2013-12-13 11:08:08,clients1.google.fr
2013-12-13 11:08:09,www.lemonde.fr
2013-12-13 11:08:09,fr.fxfeeds.mozilla.com
2013-12-13 11:08:10,rss.lemonde.fr
2013-12-13 11:08:10,www.google.fr
2013-12-13 11:08:16,www.google.fr
2013-12-13 11:12:10,fr.start2.mozilla.com
2013-12-13 11:12:16,clients1.google.fr
2013-12-13 11:12:16,www.google.fr
2013-12-13 11:12:16,www.google.com
2013-12-13 11:12:17,www.google.fr
2013-12-13 11:12:27,www.google.fr
2013-12-13 11:12:37,www.google.fr
2013-12-13 11:18:47,www.bing.com
2013-12-13 11:18:48,www.bing.com
2013-12-13 11:34:12,javadl-esd-secure.oracle.com
2013-12-13 11:34:42,javadl-esd-secure.oracle.com
2013-12-18 10:03:52,www.bing.com
2013-12-18 10:03:53,www.bing.com
2013-12-18 17:35:59,www.bing.com
2013-12-18 17:36:00,www.bing.com
2013-12-18 17:36:00,cms.abmr.net
2013-12-19 09:56:07,www.bing.com
2013-12-19 09:56:08,www.bing.com
2013-12-19 09:56:09,www.bing.com
2013-12-19 09:57:18,www.bing.com
2013-12-19 09:57:19,fr-fr.facebook.com
2013-12-19 09:57:19,www.bing.com
2013-12-19 09:57:21,www.bing.com
2013-12-19 09:57:22,www.bing.com
2013-12-19 09:57:26,www.facebook.com
2013-12-19 09:57:26,www.bing.com
2013-12-19 09:57:27,www.bing.com
2013-12-19 09:57:32,login.live.com
2013-12-19 09:57:40,www.bing.com
2013-12-19 09:57:41,medias.lequipe.fr
2013-12-19 09:57:41,www.lequipe.fr
2013-12-19 09:57:41,www.bing.com
2013-12-19 09:57:41,static.lequipe.fr
2013-12-19 09:57:42,www.lequipe.fr
2013-12-19 09:57:42,medias.lequipe.fr
2013-12-19 09:57:42,static.lequipe.fr
2013-12-19 09:57:42,www.facebook.com
2013-12-19 09:57:42,platform.twitter.com
2013-12-19 09:57:42,sa.kewego.com
2013-12-19 09:57:42,netstorage.lequipe.fr
2013-12-19 09:57:42,login.live.com
2013-12-19 09:57:43,widget.achetezfacile.com
2013-12-19 09:57:43,static.lequipe.fr
2013-12-19 09:57:43,www.lequipe.fr
2013-12-19 09:57:43,xml.betclick.com
2013-12-19 09:57:44,medias.lequipe.fr
2013-12-19 09:57:44,xml.betclick.com
2013-12-19 09:57:44,i.htfacile.fr
2013-12-19 09:57:44,ajax.googleapis.com
2013-12-19 09:57:52,twitter.com
2013-12-19 09:57:55,apis.google.com
2013-12-19 09:57:57,accounts.google.com
2013-12-19 09:57:58,twitter.com
2013-12-19 09:57:58,apis.google.com
2013-12-19 09:57:58,accounts.google.com
2013-12-19 09:57:58,static.lequipe.fr
2013-12-19 09:57:58,medias.lequipe.fr
2013-12-19 09:58:05,www2.lequipe.fr
2013-12-19 09:58:05,netstorage.lequipe.fr
2013-12-19 09:58:05,sa.kewego.com
2013-12-19 09:58:05,www.facebook.com
2013-12-19 09:58:05,medias.lequipe.fr
2013-12-19 09:58:05,www.lequipe.fr
2013-12-19 09:58:05,static.lequipe.fr
2013-12-19 09:58:06,twitter.com
2013-12-19 09:58:06,x2.vindicosuite.com
2013-12-19 09:58:06,medias.lequipe.fr
2013-12-19 09:58:06,widget.achetezfacile.com
2013-12-19 09:58:07,apis.google.com
2013-12-19 09:58:07,i.htfacile.fr
2013-12-19 09:58:07,rp.gwallet.com
2013-12-19 09:58:08,static.lequipe.fr
2013-12-19 09:58:08,match.rtbidder.net
2013-12-19 09:58:08,adventori.com
2013-12-19 09:58:08,www.eficiens-serving2.com
2013-12-19 09:58:08,rbp.mxptint.net
2013-12-19 09:58:22,www.lequipe.fr
2013-12-19 09:58:22,static.lequipe.fr
2013-12-19 09:58:23,www.facebook.com
2013-12-19 09:58:23,x2.vindicosuite.com
2013-12-19 09:58:23,platform.twitter.com
2013-12-19 09:58:23,medias.lequipe.fr
2013-12-19 09:58:23,www.lequipe.fr
2013-12-19 09:58:23,static.lequipe.fr
2013-12-19 09:58:23,s.kewego.com
2013-12-19 09:58:23,twitter.com
2013-12-19 09:58:24,static.lequipe.fr
2013-12-19 09:58:24,www.lequipe.fr
2013-12-19 09:58:24,widget.achetezfacile.com
2013-12-19 09:58:24,platform.twitter.com
2013-12-19 09:58:24,connect.facebook.net
2013-12-19 09:58:25,widget.achetezfacile.com
2013-12-19 09:58:25,netstorage.lequipe.fr
2013-12-19 09:58:25,static.ak.facebook.com
2013-12-19 09:58:25,pool-eu-ie.creative-serving.com
2013-12-19 09:58:25,s-static.ak.facebook.com
2013-12-19 09:58:26,www.lequipe.fr
2013-12-19 09:58:26,i.htfacile.fr
2013-12-19 09:58:26,rubicon-match.dotomi.com
2013-12-19 09:58:26,pr.ybp.yahoo.com
2013-12-19 09:58:26,apis.google.com
2013-12-19 09:58:26,dtm.urbanoutfitters.com
2013-12-19 09:58:26,static.lequipe.fr
2013-12-19 09:58:26,medias.lequipe.fr
2013-12-19 09:58:27,um.simpli.fi
2013-12-19 09:58:28,www.facebook.com
2013-12-19 09:58:28,b12.myspace.com
2013-12-19 09:58:30,www.lequipe.fr
2013-12-19 09:58:37,b12.myspace.com
2013-12-19 09:58:37,www.lequipe.fr
2013-12-19 09:58:37,www2.lequipe.fr
2013-12-19 09:58:50,www.lequipe.fr
2013-12-19 09:58:54,pixel2368.everesttech.net
2013-12-19 09:58:57,medias.lequipe.fr
2013-12-19 09:58:57,pixel2368.everesttech.net
2013-12-19 09:58:57,www.facebook.com
2013-12-19 09:58:57,www.lequipe.fr
2013-12-19 09:58:58,twitter.com
2013-12-19 09:58:58,www.lequipe.fr
2013-12-19 09:58:58,netstorage.lequipe.fr
2013-12-19 09:58:58,widget.achetezfacile.com
2013-12-19 09:58:58,apis.google.com
2013-12-19 09:58:59,static.ak.facebook.com
2013-12-19 09:58:59,s-static.ak.facebook.com
2013-12-19 09:58:59,rp.gwallet.com
2013-12-19 09:58:59,www.lequipe.fr
2013-12-19 09:59:00,static.lequipe.fr
2013-12-19 09:59:00,ea.virginmobile.fr
2013-12-19 09:59:00,medias.lequipe.fr
2013-12-19 09:59:01,static.lequipe.fr
2013-12-19 09:59:05,a248.e.akamai.net
2013-12-19 09:59:23,www.lequipe.fr
2013-12-19 09:59:30,www.lequipe.fr
2013-12-19 09:59:41,www.lequipe.fr
2013-12-19 09:59:49,www.lequipe.fr
2013-12-19 09:59:50,twitter.com
2013-12-19 09:59:50,www.facebook.com
2013-12-19 09:59:50,medias.lequipe.fr
2013-12-19 09:59:50,netstorage.lequipe.fr
2013-12-19 09:59:50,www.lequipe.fr
2013-12-19 09:59:50,a248.e.akamai.net
2013-12-19 09:59:51,apis.google.com
2013-12-19 09:59:51,s-static.ak.facebook.com
2013-12-19 09:59:51,i.htfacile.fr
2013-12-19 09:59:51,widget.achetezfacile.com
2013-12-19 09:59:51,static.ak.facebook.com
2013-12-19 09:59:52,www.lequipe.fr
2013-12-19 09:59:53,medias.lequipe.fr
2013-12-19 09:59:53,static.lequipe.fr
2013-12-19 09:59:53,xml.betclick.com
2013-12-19 10:00:53,www.lequipe.fr
2013-12-19 10:01:12,www.lequipe.fr
2013-12-19 10:01:13,twitter.com
2013-12-19 10:01:13,apis.google.com
2013-12-19 10:01:13,medias.lequipe.fr
2013-12-19 10:01:13,www.lequipe.fr
2013-12-19 10:01:13,www.facebook.com
2013-12-19 10:01:13,widget.achetezfacile.com
2013-12-19 10:01:14,apis.google.com
2013-12-19 10:01:14,widget.achetezfacile.com
2013-12-19 10:01:14,i.htfacile.fr
2013-12-19 10:01:15,static.ak.facebook.com
2013-12-19 10:01:15,static.lequipe.fr
2013-12-19 10:01:15,s-static.ak.facebook.com
2013-12-19 10:01:15,www.lequipe.fr
2013-12-19 10:01:15,medias.lequipe.fr
2013-12-19 10:01:15,platform.twitter.com
2013-12-19 10:01:16,www.facebook.com
2013-12-19 10:01:17,apis.google.com
2013-12-19 10:01:22,www.lequipe.fr
2013-12-19 10:01:27,www.lequipe.fr
2013-12-19 10:01:31,www.lequipe.fr
2013-12-19 10:01:32,medias.lequipe.fr
2013-12-19 10:01:32,www.facebook.com
2013-12-19 10:01:32,twitter.com
2013-12-19 10:01:33,s-static.ak.facebook.com
2013-12-19 10:01:33,widget.achetezfacile.com
2013-12-19 10:01:33,i.htfacile.fr
2013-12-19 10:01:33,static.ak.facebook.com
2013-12-19 10:01:33,apis.google.com
2013-12-19 10:01:34,www.lequipe.fr
2013-12-19 10:01:34,www.facebook.com
2013-12-19 10:01:34,medias.lequipe.fr
2013-12-19 10:01:34,static.lequipe.fr
2013-12-19 10:01:35,static.lequipe.fr
2013-12-19 10:01:35,xml.betclick.com
2013-12-19 10:01:56,www.lequipe.fr
2013-12-19 10:01:59,www.lequipe.fr
2013-12-19 10:02:04,www.lequipe.fr
2013-12-19 10:02:06,www.lequipe.fr
2013-12-19 10:02:15,www.lequipe.fr
2013-12-19 10:02:15,medias.lequipe.fr
2013-12-19 10:02:16,twitter.com
2013-12-19 10:02:16,www.facebook.com
2013-12-19 10:02:16,www.lequipe.fr
2013-12-19 10:02:16,widget.achetezfacile.com
2013-12-19 10:02:17,widget.achetezfacile.com
2013-12-19 10:02:17,static.ak.facebook.com
2013-12-19 10:02:17,s-static.ak.facebook.com
2013-12-19 10:02:17,apis.google.com
2013-12-19 10:02:18,www.lequipe.fr
2013-12-19 10:02:18,medias.lequipe.fr
2013-12-19 10:02:18,static.lequipe.fr
2013-12-19 10:02:59,www.lequipe.fr
2013-12-19 10:03:01,www.lequipe.fr
2013-12-19 10:03:03,www.lequipe.fr
2013-12-19 10:03:04,www.lequipe.fr
2013-12-19 10:03:06,www.lequipe.fr
2013-12-19 10:03:08,www.lequipe.fr
2013-12-19 10:03:14,www.lequipe.fr
2013-12-19 10:03:19,www.lequipe.fr
2013-12-19 10:03:24,www.lequipe.fr
2013-12-19 10:03:33,www.lequipe.fr
2013-12-19 10:03:43,www.lequipe.fr
2013-12-19 10:03:43,medias.lequipe.fr
2013-12-19 10:03:44,www.lequipe.fr
2013-12-19 10:03:44,static.lequipe.fr
2013-12-19 10:03:44,www.facebook.com
2013-12-19 10:03:45,medias.lequipe.fr
2013-12-19 10:03:45,i.htfacile.fr
2013-12-19 10:03:45,widget.achetezfacile.com
2013-12-19 10:03:45,twitter.com
2013-12-19 10:03:45,apis.google.com
2013-12-19 10:03:46,static.lequipe.fr
2013-12-19 10:03:57,www.lequipe.fr
2013-12-19 10:04:03,www.lequipe.fr
2013-12-19 10:04:03,medias.lequipe.fr
2013-12-19 10:04:03,www.facebook.com
2013-12-19 10:04:04,twitter.com
2013-12-19 10:04:05,apis.google.com
2013-12-19 10:04:05,static.ak.facebook.com
2013-12-19 10:04:05,widget.achetezfacile.com
2013-12-19 10:04:05,s-static.ak.facebook.com
2013-12-19 10:04:06,www.lequipe.fr
2013-12-19 10:04:06,i.htfacile.fr
2013-12-19 10:04:06,medias.lequipe.fr
2013-12-19 10:04:06,static.lequipe.fr
2013-12-19 10:04:07,www.facebook.com
2013-12-19 10:04:07,xml.betclick.com
2013-12-19 10:04:12,twitter.com
2013-12-19 10:05:07,www.lequipe.fr
2013-12-19 10:05:15,www.lequipe.fr
2013-12-19 10:05:15,www.facebook.com
2013-12-19 10:05:16,apis.google.com
2013-12-19 10:05:16,twitter.com
2013-12-19 10:05:16,i.htfacile.fr
2013-12-19 10:05:16,static.ak.facebook.com
2013-12-19 10:05:16,widget.achetezfacile.com
2013-12-19 10:05:16,www.lequipe.fr
2013-12-19 10:05:16,s-static.ak.facebook.com
2013-12-19 10:05:17,i.htfacile.fr
2013-12-19 10:05:17,www.lequipe.fr
2013-12-19 10:05:18,static.lequipe.fr
2013-12-19 10:05:18,medias.lequipe.fr
2013-12-19 10:05:18,www.facebook.com
2013-12-19 10:05:19,twitter.com
2013-12-19 10:05:21,www.lequipe.fr
2013-12-19 10:05:28,www2.lequipe.fr
2013-12-19 10:05:28,www.lequipe.fr
2013-12-19 10:05:35,www.lequipe.fr
2013-12-19 10:05:36,medias.lequipe.fr
2013-12-19 10:05:36,twitter.com
2013-12-19 10:05:36,www.facebook.com
2013-12-19 10:05:37,rp.gwallet.com
2013-12-19 10:05:37,i.htfacile.fr
2013-12-19 10:05:37,images.orangepublicite.fr
2013-12-19 10:05:37,static.ak.facebook.com
2013-12-19 10:05:37,dqbgy0ozmibf8.cloudfront.net
2013-12-19 10:05:37,www.facebook.com
2013-12-19 10:05:37,a248.e.akamai.net
2013-12-19 10:05:37,s-static.ak.facebook.com
2013-12-19 10:05:37,apis.google.com
2013-12-19 10:05:37,widget.achetezfacile.com
2013-12-19 10:05:38,ea.virginmobile.fr
2013-12-19 10:05:38,www.lequipe.fr
2013-12-19 10:05:39,medias.lequipe.fr
2013-12-19 10:05:39,static.lequipe.fr
2013-12-19 10:05:40,xml.betclick.com
2013-12-19 10:05:40,www.facebook.com
2013-12-19 10:05:55,www.lequipe.fr
2013-12-19 10:05:56,twitter.com
2013-12-19 10:05:56,medias.lequipe.fr
2013-12-19 10:05:56,www.facebook.com
2013-12-19 10:05:57,www.lequipe.fr
2013-12-19 10:05:57,widget.achetezfacile.com
2013-12-19 10:05:57,static.ak.facebook.com
2013-12-19 10:05:57,apis.google.com
2013-12-19 10:05:57,s-static.ak.facebook.com
2013-12-19 10:05:57,twitter.com
2013-12-19 10:05:58,sam.zebestof.com
2013-12-19 10:05:58,ea.virginmobile.fr
2013-12-19 10:05:58,ea.online.carrefour.fr
2013-12-19 10:05:59,www.lequipe.fr
2013-12-19 10:05:59,medias.lequipe.fr
2013-12-19 10:05:59,static.lequipe.fr
2013-12-19 10:05:59,www.facebook.com
2013-12-19 10:06:02,www.lequipe.fr
2013-12-19 10:06:02,twitter.com
2013-12-19 10:06:09,www.lequipe.fr
2013-12-19 10:06:09,www2.lequipe.fr
2013-12-19 10:06:12,www.lequipe.fr
2013-12-19 10:06:12,medias.lequipe.fr
2013-12-19 10:06:12,www.facebook.com
2013-12-19 10:06:13,twitter.com
2013-12-19 10:06:13,d1zdqwv4o6pivl.cloudfront.net
2013-12-19 10:06:14,widget.achetezfacile.com
2013-12-19 10:06:15,widget.achetezfacile.com
2013-12-19 10:06:15,i.htfacile.fr
2013-12-19 10:06:15,apis.google.com
2013-12-19 10:06:16,s-static.ak.facebook.com
2013-12-19 10:06:16,www.lequipe.fr
2013-12-19 10:06:16,medias.lequipe.fr
2013-12-19 10:06:16,static.lequipe.fr
2013-12-19 10:06:16,static.ak.facebook.com
2013-12-19 10:06:17,xml.betclick.com
2013-12-19 10:06:18,www.lequipe.fr
2013-12-19 10:06:18,ce.lijit.com
2013-12-19 10:06:25,www.lequipe.fr
2013-12-19 10:06:25,www2.lequipe.fr
2013-12-19 10:07:17,www.lequipe.fr
2013-12-19 10:07:34,www.lequipe.fr
2013-12-19 10:07:34,medias.lequipe.fr
2013-12-19 10:07:34,www.facebook.com
2013-12-19 10:07:35,twitter.com
2013-12-19 10:07:35,www.lequipe.fr
2013-12-19 10:07:35,widget.achetezfacile.com
2013-12-19 10:07:35,apis.google.com
2013-12-19 10:07:36,s-static.ak.facebook.com
2013-12-19 10:07:36,rp.gwallet.com
2013-12-19 10:07:36,static.ak.facebook.com
2013-12-19 10:07:36,ea.virginmobile.fr
2013-12-19 10:07:36,www.lequipe.fr
2013-12-19 10:07:37,medias.lequipe.fr
2013-12-19 10:07:37,static.lequipe.fr
2013-12-19 10:07:38,xml.betclick.com
2013-12-19 10:07:39,y.one.impact-ad.jp
2013-12-19 10:07:40,y.one.impact-ad.jp
2013-12-19 10:07:40,www.lequipe.fr
2013-12-19 10:07:45,www.lequipe.fr
2013-12-19 10:07:45,medias.lequipe.fr
2013-12-19 10:07:45,www.facebook.com
2013-12-19 10:07:46,twitter.com
2013-12-19 10:07:46,widget.achetezfacile.com
2013-12-19 10:07:46,sam.zebestof.com
2013-12-19 10:07:46,ea.online.carrefour.fr
2013-12-19 10:07:47,i.htfacile.fr
2013-12-19 10:07:47,apis.google.com
2013-12-19 10:07:48,s-static.ak.facebook.com
2013-12-19 10:07:48,cs.specificclick.net
2013-12-19 10:07:48,static.ak.facebook.com
2013-12-19 10:07:48,widget.achetezfacile.com
2013-12-19 10:07:49,static.lequipe.fr
2013-12-19 10:07:49,medias.lequipe.fr
2013-12-19 10:07:49,www.lequipe.fr
2013-12-19 10:07:50,www.lequipe.fr
2013-12-19 10:07:58,www2.lequipe.fr
2013-12-19 10:07:58,www.lequipe.fr
2013-12-19 10:08:01,d1zdqwv4o6pivl.cloudfront.net
2013-12-19 10:08:02,d2aoz95szyy738.cloudfront.net
2013-12-19 10:08:18,api.bing.com
2013-12-19 10:08:18,www.bing.com
2013-12-19 10:08:19,www.bing.com
2013-12-19 10:08:50,www.lequipe.fr
2013-12-19 10:08:50,d1zdqwv4o6pivl.cloudfront.net
2013-12-19 10:08:50,d2aoz95szyy738.cloudfront.net
2013-12-19 10:09:51,www.lequipe.fr
2013-12-19 10:09:54,d2aoz95szyy738.cloudfront.net
2013-12-19 10:09:54,www.facebook.com
2013-12-19 10:09:54,www.lequipe.fr
2013-12-19 10:09:55,i.htfacile.fr
2013-12-19 10:09:55,widget.achetezfacile.com
2013-12-19 10:09:55,www.lequipe.fr
2013-12-19 10:09:55,apis.google.com
2013-12-19 10:09:55,twitter.com
2013-12-19 10:09:56,static.ak.facebook.com
2013-12-19 10:09:56,static.lequipe.fr
2013-12-19 10:09:56,a248.e.akamai.net
2013-12-19 10:09:56,s-static.ak.facebook.com
2013-12-19 10:09:56,www.lequipe.fr
2013-12-19 10:09:56,medias.lequipe.fr
2013-12-19 12:30:10,www.bing.com
2013-12-19 12:30:11,www.bing.com
2013-12-19 12:30:12,www.bing.com
2013-12-19 12:30:23,login.live.com
2013-12-19 12:30:37,www.bing.com
2013-12-19 12:30:37,ssl.bing.com
2013-12-19 12:30:49,www.bing.com
2013-12-19 12:30:51,www.bing.com
2013-12-19 12:30:52,login.live.com
2013-12-19 12:30:52,2593244.r.msn.com
2013-12-19 12:30:53,code.jquery.com
2013-12-19 12:30:53,ssl.bing.com
2013-12-19 12:30:55,www.bing.com
2013-12-19 12:30:58,www.bing.com
2013-12-19 12:30:58,www.google.com
2013-12-19 12:30:59,www.google.com
2013-12-19 12:31:00,www.google.fr
2013-12-19 12:31:00,www.google.com
2013-12-19 12:31:01,drive.google.com
2013-12-19 12:31:07,login.live.com
2013-12-19 12:31:10,www.google.com
2013-12-19 12:31:10,apis.google.com
2013-12-19 12:31:13,accounts.google.com
2013-12-19 12:31:16,accounts.youtube.com
2013-12-19 12:31:46,www.google.com
2013-12-19 12:31:50,drive.google.com
2013-12-19 12:31:50,accounts.google.fr
2013-12-19 12:31:51,accounts.google.com
2013-12-19 12:31:51,accounts.google.fr
2013-12-19 12:31:52,accounts.youtube.com
2013-12-19 12:31:52,accounts.google.fr
2013-12-19 12:31:52,drive.google.com
2013-12-19 12:31:52,apis.google.com
2013-12-19 12:31:53,drive.google.com
2013-12-19 12:31:53,apis.google.com
2013-12-19 12:31:55,0.drive.google.com
2013-12-19 12:31:59,www.google.com
2013-12-19 12:31:59,docs.google.com
2013-12-19 12:31:59,plus.google.com
2013-12-19 12:32:00,www.google.com
2013-12-19 12:32:00,drive.google.com
2013-12-19 12:32:00,docs.google.com
2013-12-19 12:32:14,docs.google.com
2013-12-19 12:32:43,docs.google.com
2013-12-19 12:32:52,gg.google.com
2013-12-19 12:32:52,docs.google.com
2013-12-19 12:33:04,docs.google.com
2013-12-19 12:33:05,clients2.google.com
2013-12-19 12:33:06,docs.google.com
2013-12-19 12:33:06,clients2.google.com
2013-12-19 12:33:06,apis.google.com
2013-12-19 12:33:07,docs.google.com
2013-12-19 12:33:08,www.google.com
2013-12-19 12:33:09,docs.google.com
2013-12-19 12:33:09,clients6.google.com
2013-12-19 12:33:09,0.docs.google.com
2013-12-19 12:33:09,accounts.google.com
2013-12-19 12:33:09,apis.google.com
2013-12-19 12:33:16,docs.google.com
2013-12-19 12:33:18,apis.google.com
2013-12-19 12:33:18,docs.google.com
2013-12-19 12:33:20,1.docs.google.com
2013-12-19 12:33:20,www.google.com
2013-12-19 12:33:21,clients6.google.com
2013-12-19 12:33:21,accounts.google.com
2013-12-19 12:33:21,docs.google.com
2013-12-19 12:33:54,drive.google.com
2013-12-19 12:35:06,docs.google.com
2013-12-19 12:36:00,apis.google.com
2013-12-19 12:36:00,plus.google.com
2013-12-19 12:36:00,docs.google.com
2013-12-19 12:36:52,gg.google.com
2013-12-19 12:37:05,drive.google.com
2013-12-19 12:37:08,www.google.com
2013-12-19 12:37:09,apis.google.com
2013-12-19 12:37:09,accounts.google.com
2013-12-19 12:37:10,clients6.google.com
2013-12-19 12:37:18,apis.google.com
2013-12-19 12:37:20,www.google.com
2013-12-19 12:37:21,clients6.google.com
2013-12-19 12:37:21,accounts.google.com
2013-12-19 12:37:23,docs.google.com
2013-12-19 12:37:55,drive.google.com
2013-12-19 12:38:18,docs.google.com
2013-12-19 12:39:06,docs.google.com
2013-12-19 12:45:55,drive.google.com
2013-12-19 12:46:11,plus.google.com
2013-12-19 12:47:00,plus.google.com
2013-12-19 12:47:29,docs.google.com
2013-12-19 12:48:27,docs.google.com
2013-12-19 12:49:54,drive.google.com
2013-12-19 12:53:55,drive.google.com
2013-12-19 12:56:11,plus.google.com
2013-12-19 13:01:55,drive.google.com
2013-12-19 13:06:11,plus.google.com
2013-12-19 13:11:54,drive.google.com
2013-12-19 13:14:21,docs.google.com
2013-12-19 13:14:21,1.docs.google.com
2013-12-19 13:14:22,0.docs.google.com
2013-12-19 13:14:22,docs.google.com
2013-12-19 13:14:23,plus.google.com
2013-12-19 13:14:27,accounts.google.com
2013-12-19 13:14:27,www.google.com
2013-12-19 13:14:27,plus.google.com
2013-12-19 13:14:27,drive.google.com
2013-12-19 13:14:27,www.google.fr
2013-12-19 13:14:29,www.google.com
2013-12-19 13:14:29,accounts.youtube.com
2013-12-19 13:14:29,accounts.google.fr
2013-12-19 13:14:29,docs.google.com
2013-12-19 13:14:29,drive.google.com
2013-12-19 13:14:29,0.drive.google.com
2013-12-19 13:14:29,accounts.google.com
2013-12-19 13:25:35,www.bing.com
2013-12-19 13:25:36,www.bing.com
2013-12-19 13:25:38,www.bing.com
2013-12-19 13:25:39,www.bing.com
2013-12-19 13:25:41,www.bing.com
2013-12-19 13:25:42,www.bing.com
2013-12-19 13:28:39,javadl-esd.sun.com
2013-12-19 13:28:41,javadl-esd.sun.com
2013-12-19 15:22:32,www.bing.com
2013-12-19 15:22:33,www.bing.com
2013-12-19 15:22:34,www.bing.com
2014-01-04 15:43:48,ieonline.microsoft.com
2014-01-28 12:21:55,fpdownload2.macromedia.com
2014-01-28 12:21:56,windows.microsoft.com
2014-01-28 12:21:56,ajax.microsoft.com
2014-01-28 12:21:56,js.microsoft.com
2014-01-28 12:21:56,res1.windows.microsoft.com
2014-01-28 12:21:56,res2.windows.microsoft.com
2014-01-28 12:21:56,go.microsoft.com
2014-01-28 12:22:07,www.bing.com
2014-01-28 12:22:14,www.oeconomia.net
2014-01-28 12:22:15,www.oeconomia.net
2014-01-28 12:22:16,www.oeconomia.net
2014-01-28 12:22:17,www.oeconomia.net
2014-01-28 12:22:18,www.oeconomia.net
2014-01-28 12:22:19,www.oeconomia.net
2014-01-28 12:22:21,www.oeconomia.net
2014-01-28 12:22:22,www.oeconomia.net
2014-01-28 12:22:24,www.oeconomia.net
2014-01-28 12:22:29,www.oeconomia.net
2014-01-28 12:24:57,ieonline.microsoft.com
2014-01-28 12:24:57,go.microsoft.com
2014-01-28 12:25:35,www.oeconomia.net
2014-01-28 12:25:42,www.oeconomia.net
2014-01-28 12:25:45,www.oeconomia.net
2014-01-28 12:25:47,www.oeconomia.net
2014-01-28 12:25:49,www.oeconomia.net
2014-01-28 12:25:50,www.oeconomia.net
2014-01-28 12:26:01,www.oeconomia.net
2014-01-28 12:26:03,www.oeconomia.net
2014-01-28 12:26:06,www.oeconomia.net
2014-01-28 12:26:08,www.oeconomia.net
2014-01-28 12:26:12,www.oeconomia.net
2014-01-28 12:26:16,www.oeconomia.net
2014-01-28 12:26:18,www.oeconomia.net
2014-01-28 12:26:29,www.oeconomia.net
2014-01-28 12:30:00,www.bing.com
2014-01-28 12:30:01,www.bing.com
2014-01-28 12:30:02,www.bing.com
2014-01-28 12:30:03,www.lequipe.fr
2014-01-28 12:30:03,medias.lequipe.fr
2014-01-28 12:30:03,cms.abmr.net
2014-01-28 12:30:03,static.lequipe.fr
2014-01-28 12:30:03,login.live.com
2014-01-28 12:30:04,medias.lequipe.fr
2014-01-28 12:30:04,www.facebook.com
2014-01-28 12:30:04,static.lequipe.fr
2014-01-28 12:30:04,www.lequipe.fr
2014-01-28 12:30:05,netstorage.lequipe.fr
2014-01-28 12:30:05,static.lequipe.fr
2014-01-28 12:30:05,www.lequipe.fr
2014-01-28 12:30:05,platform.twitter.com
2014-01-28 12:30:05,medias.lequipe.fr
2014-01-28 12:30:06,netstorage.lequipe.fr
2014-01-28 12:30:06,static.lequipe.fr
2014-01-28 12:30:06,s.kewego.com
2014-01-28 12:30:06,platform.twitter.com
2014-01-28 12:30:06,medias.lequipe.fr
2014-01-28 12:30:06,www.lequipe.fr
2014-01-28 12:30:07,www.lequipe.fr
2014-01-28 12:30:07,static.lequipe.fr
2014-01-28 12:30:07,widget.achetezfacile.com
2014-01-28 12:30:07,i.kewego.com
2014-01-28 12:30:07,sa.kewego.com
2014-01-28 12:30:07,medias.lequipe.fr
2014-01-28 12:30:07,xml.betclick.com
2014-01-28 12:30:07,foglio.basilic.io
2014-01-28 12:30:07,s.kewego.com
2014-01-28 12:30:08,xml.betclick.com
2014-01-28 12:30:08,ta.kewego.com
2014-01-28 12:30:09,sa.kewego.com
2014-01-28 12:30:09,www.lequipe.fr
2014-01-28 12:30:09,ta.kewego.com
2014-01-28 12:30:09,xml.betclick.com
2014-01-28 12:30:09,s.kewego.com
2014-01-28 12:30:09,i.kewego.com
2014-01-28 12:30:09,medias.lequipe.fr
2014-01-28 12:30:09,static.lequipe.fr
2014-01-28 12:30:09,ajax.googleapis.com
2014-01-28 12:30:09,i.htfacile.fr
2014-01-28 12:30:10,www.facebook.com
2014-01-28 12:30:10,static.lequipe.fr
2014-01-28 12:30:10,ta.kewego.com
2014-01-28 12:30:10,medias.lequipe.fr
2014-01-28 12:30:10,www.lequipe.fr
2014-01-28 12:30:11,netstorage.lequipe.fr
2014-01-28 12:30:11,www2.lequipe.fr
2014-01-28 12:30:11,widget.achetezfacile.com
2014-01-28 12:30:11,ajax.googleapis.com
2014-01-28 12:30:11,xml.betclick.com
2014-01-28 12:30:11,pmu.eficiens-serving.com
2014-01-28 12:30:11,i.htfacile.fr
2014-01-28 12:30:12,rbp.mxptint.net
2014-01-28 12:30:12,i.htfacile.fr
2014-01-28 12:30:12,rp.gwallet.com
2014-01-28 12:30:12,c1.adform.net
2014-01-28 12:30:12,pmu.eficiens-serving.com
2014-01-28 12:30:12,um.simpli.fi
2014-01-28 12:30:12,xml.betclick.com
2014-01-28 12:30:13,www.google.com
2014-01-28 12:30:13,pr.ybp.yahoo.com
2014-01-28 12:30:19,apis.google.com
2014-01-28 12:30:20,apis.google.com
2014-01-28 12:30:20,twitter.com
2014-01-28 12:30:22,static.lequipe.fr
2014-01-28 12:30:22,www.lequipe.fr
2014-01-28 12:30:22,medias.lequipe.fr
2014-01-28 12:30:22,www.facebook.com
2014-01-28 12:30:22,connect.facebook.net
2014-01-28 12:30:22,platform.twitter.com
2014-01-28 12:30:23,s-static.ak.facebook.com
2014-01-28 12:30:23,accounts.google.com
2014-01-28 12:30:23,platform.twitter.com
2014-01-28 12:30:23,foglio.basilic.io
2014-01-28 12:30:23,static.ak.facebook.com
2014-01-28 12:30:23,www.lequipe.fr
2014-01-28 12:30:24,medias.lequipe.fr
2014-01-28 12:30:24,www.lequipe.fr
2014-01-28 12:30:24,www.facebook.com
2014-01-28 12:30:24,static.lequipe.fr
2014-01-28 12:30:32,twitter.com
2014-01-28 12:30:33,twitter.com
2014-01-28 12:30:34,apis.google.com
2014-01-28 12:30:35,twitter.com
2014-01-28 12:30:35,apis.google.com
2014-01-28 12:30:35,static.lequipe.fr
2014-01-28 12:30:51,twitter.com
2014-01-28 12:30:57,apis.google.com
2014-01-28 12:30:57,static.lequipe.fr
2014-01-28 12:30:57,www.lequipe.fr
2014-01-28 12:30:58,accounts.google.com
2014-01-28 12:30:58,platform.twitter.com
2014-01-28 12:30:58,medias.lequipe.fr
2014-01-28 12:30:58,www.facebook.com
2014-01-28 12:30:58,static.lequipe.fr
2014-01-28 12:30:58,www.lequipe.fr
2014-01-28 12:30:58,netstorage.lequipe.fr
2014-01-28 12:30:58,twitter.com
2014-01-28 12:30:59,widget.achetezfacile.com
2014-01-28 12:30:59,www.lequipe.fr
2014-01-28 12:30:59,i.htfacile.fr
2014-01-28 12:30:59,match.rtbidder.net
2014-01-28 12:30:59,foglio.basilic.io
2014-01-28 12:30:59,static.ak.facebook.com
2014-01-28 12:30:59,rubicon-match.dotomi.com
2014-01-28 12:30:59,s-static.ak.facebook.com
2014-01-28 12:31:00,rubicon-match.dotomi.com
2014-01-28 12:31:00,dtm.urbanoutfitters.com
2014-01-28 12:31:00,www.lequipe.fr
2014-01-28 12:31:01,medias.lequipe.fr
2014-01-28 12:31:01,static.lequipe.fr
2014-01-28 12:31:02,static.lequipe.fr
2014-01-28 12:31:03,platform.twitter.com
2014-01-28 12:31:05,www.lequipe.fr
2014-01-28 12:31:14,syndication.twitter.com
2014-01-28 12:31:15,platform.twitter.com
2014-01-28 12:31:25,syndication.twitter.com
2014-01-28 12:31:25,twitter.com
2014-01-28 12:31:25,platform.twitter.com
2014-01-28 12:31:25,static.lequipe.fr
2014-01-28 12:31:25,www.lequipe.fr
2014-01-28 12:31:25,medias.lequipe.fr
2014-01-28 12:31:25,www.facebook.com
2014-01-28 12:31:26,medias.lequipe.fr
2014-01-28 12:31:26,twitter.com
2014-01-28 12:31:26,www.lequipe.fr
2014-01-28 12:31:26,platform.twitter.com
2014-01-28 12:31:26,netstorage.lequipe.fr
2014-01-28 12:31:26,widget.achetezfacile.com
2014-01-28 12:31:26,static.lequipe.fr
2014-01-28 12:31:27,widget.achetezfacile.com
2014-01-28 12:31:27,apis.google.com
2014-01-28 12:31:27,foglio.basilic.io
2014-01-28 12:31:27,www.facebook.com
2014-01-28 12:31:28,static.ak.facebook.com
2014-01-28 12:31:28,www.lequipe.fr
2014-01-28 12:31:28,i.htfacile.fr
2014-01-28 12:31:28,s-static.ak.facebook.com
2014-01-28 12:31:29,medias.lequipe.fr
2014-01-28 12:31:29,static.lequipe.fr
2014-01-28 12:31:31,www.lequipe.fr
2014-01-28 12:31:33,pbs.twimg.com
2014-01-28 12:31:44,www.lequipe.fr
2014-01-28 12:31:44,static.lequipe.fr
2014-01-28 12:31:45,www.lequipe.fr
2014-01-28 12:31:45,medias.lequipe.fr
2014-01-28 12:31:45,platform.twitter.com
2014-01-28 12:31:45,static.lequipe.fr
2014-01-28 12:31:45,www.facebook.com
2014-01-28 12:31:46,netstorage.lequipe.fr
2014-01-28 12:31:46,www.lequipe.fr
2014-01-28 12:31:46,widget.achetezfacile.com
2014-01-28 12:31:46,i.htfacile.fr
2014-01-28 12:31:46,foglio.basilic.io
2014-01-28 12:31:46,twitter.com
2014-01-28 12:31:47,static.ak.facebook.com
2014-01-28 12:31:47,www.lequipe.fr
2014-01-28 12:31:48,medias.lequipe.fr
2014-01-28 12:31:48,static.lequipe.fr
2014-01-28 12:31:48,apis.google.com
2014-01-28 12:31:48,s-static.ak.facebook.com
2014-01-28 12:31:50,apis.google.com
2014-01-28 12:31:50,eulerian.canal-plus.com
2014-01-28 12:31:56,eulerian.canal-plus.com
2014-01-28 12:31:58,www.lequipe.fr
2014-01-28 12:32:04,www.lequipe.fr
2014-01-28 12:32:04,static.lequipe.fr
2014-01-28 12:32:04,medias.lequipe.fr
2014-01-28 12:32:05,static.lequipe.fr
2014-01-28 12:32:05,www.lequipe.fr
2014-01-28 12:32:05,www.facebook.com
2014-01-28 12:32:05,netstorage.lequipe.fr
2014-01-28 12:32:05,widget.achetezfacile.com
2014-01-28 12:32:06,apis.google.com
2014-01-28 12:32:06,twitter.com
2014-01-28 12:32:06,i.htfacile.fr
2014-01-28 12:32:06,medias.lequipe.fr
2014-01-28 12:32:07,xml.betclick.com
2014-01-28 12:32:08,static.lequipe.fr
2014-01-28 12:32:08,www.lequipe.fr
2014-01-28 12:32:09,static.lequipe.fr
2014-01-28 12:32:09,www.facebook.com
2014-01-28 12:32:09,platform.twitter.com
2014-01-28 12:32:09,www.lequipe.fr
2014-01-28 12:32:09,medias.lequipe.fr
2014-01-28 12:32:09,twitter.com
2014-01-28 12:32:10,widget.achetezfacile.com
2014-01-28 12:32:11,foglio.basilic.io
2014-01-28 12:32:11,static.ak.facebook.com
2014-01-28 12:32:11,s-static.ak.facebook.com
2014-01-28 12:32:12,apis.google.com
2014-01-28 12:32:12,static.lequipe.fr
2014-01-28 12:32:12,i.htfacile.fr
2014-01-28 12:32:12,medias.lequipe.fr
2014-01-28 12:32:12,www.lequipe.fr
2014-01-28 12:32:13,xml.betclick.com
2014-01-28 12:32:28,www.bing.com
2014-01-28 12:32:29,www.bing.com
2014-01-28 12:32:30,login.live.com
2014-01-28 12:32:30,www.bing.com
2014-02-13 12:55:24,www.oeconomia.net
2014-02-13 12:55:27,www.oeconomia.net
2014-02-13 12:55:29,www.oeconomia.net
2014-02-13 12:55:30,www.oeconomia.net
2014-02-13 12:55:33,www.oeconomia.net
2014-02-13 12:55:39,www.oeconomia.net
2014-02-13 12:58:30,ieonline.microsoft.com
2014-02-13 12:58:48,www.bing.com
2014-02-13 12:58:49,www.bing.com
2014-02-13 12:58:50,cms.abmr.net
2014-02-13 12:58:50,www.bing.com
2014-02-13 12:58:51,www.bing.com
2014-02-13 12:59:00,login.live.com
2014-02-13 13:00:05,www.bing.com
2014-02-13 13:00:06,www.bing.com
2014-02-13 13:00:07,www.bing.com
2014-03-25 15:44:56,www.bing.com
2014-03-25 15:44:57,www.bing.com
2014-03-25 15:44:58,www.bing.com
2014-03-25 15:44:58,login.live.com
2014-03-25 15:44:59,cms.abmr.net
2014-03-25 15:45:32,ieonline.microsoft.com
2014-03-28 10:34:26,start.mozilla.org
2014-03-28 10:34:26,fr.start2.mozilla.com
2014-03-28 10:34:37,rss.lemonde.fr
2014-03-28 10:34:37,fr.fxfeeds.mozilla.com
2014-03-28 10:34:37,www.lemonde.fr
2014-03-28 10:34:40,www.google.com
2014-03-28 10:34:40,www.google.fr
2014-03-28 10:34:41,clients1.google.fr
2014-03-28 10:34:41,www.google.fr
2014-03-28 10:34:44,clients1.google.fr
2014-03-28 10:34:45,clients1.google.fr
2014-03-28 10:34:45,www.google.fr
2014-03-28 10:34:46,www.oeconomia.net
2014-03-28 10:34:46,www.google.fr
2014-03-28 10:34:47,www.oeconomia.net
2014-03-28 10:34:50,www.oeconomia.net
2014-03-28 10:34:52,www.oeconomia.net
2014-03-28 10:34:54,www.oeconomia.net
2014-03-28 10:34:59,www.oeconomia.net
2014-03-28 10:35:05,www.oeconomia.net
2014-03-28 10:35:16,www.oeconomia.net
2014-03-28 10:35:18,www.oeconomia.net
2014-03-28 10:35:44,www.oeconomia.net
2014-03-28 10:36:53,start.mozilla.org
2014-03-28 10:36:53,fr.start2.mozilla.com
2014-03-28 10:37:01,clients1.google.fr
2014-03-28 10:37:01,www.google.fr
2014-03-28 10:37:01,www.google.com
2014-03-28 10:37:02,www.google.fr
2014-03-28 10:37:05,www.oeconomia.net
2014-03-28 10:37:06,www.oeconomia.net
2014-03-28 10:37:08,www.oeconomia.net
2014-03-28 10:40:35,www.google.com
2014-03-28 10:40:35,www.google.fr
2014-03-28 10:40:35,clients1.google.fr
2014-03-28 10:40:41,clients1.google.fr
2014-03-28 10:40:42,clients1.google.fr
2014-03-28 10:40:44,www.google.fr
2014-03-28 10:40:45,clients1.google.fr
2014-03-28 10:40:47,www.google.fr
2014-03-28 10:40:48,login.wikimedia.org
2014-03-28 10:40:48,bits.wikimedia.org
2014-03-28 10:40:48,fr.wikipedia.org
2014-03-28 10:40:49,fr.wikipedia.org
2014-03-28 10:40:49,meta.wikimedia.org
2014-03-28 10:40:49,bits.wikimedia.org
2014-04-15 13:22:17,www.bing.com
2014-04-15 13:22:18,www.bing.com
2014-04-15 13:22:18,cms.abmr.net
2014-04-15 13:22:19,www.bing.com
2014-04-16 13:09:54,www.bing.com
2014-04-16 13:09:55,cms.abmr.net
2014-04-16 13:09:55,www.bing.com
2014-04-16 13:10:02,www.bing.com
2014-04-16 13:10:03,www.bing.com
2014-04-16 13:10:04,www.bing.com
2014-04-16 13:10:05,www.bing.com
2014-04-16 13:10:06,www.bing.com
2014-04-16 13:10:13,www.bing.com
2014-04-16 13:10:13,www-clips.imag.fr
2014-04-16 13:10:43,www.bing.com
2014-04-16 13:10:47,www.bing.com
2014-04-16 13:10:49,www.bing.com
2014-04-16 13:10:50,www.bing.com
2014-04-16 13:10:51,www.bing.com
2014-04-16 13:10:52,www.bing.com
2014-04-16 13:10:53,www.bing.com
2014-04-16 13:10:54,www.bing.com
2014-04-16 13:10:55,www.bing.com
2014-04-16 13:10:56,www.bing.com
2014-04-16 13:11:00,www.bing.com
2014-04-16 13:11:00,homeomath.imingo.net
2014-04-16 13:11:01,homeomath.imingo.net
2014-04-16 13:11:01,www.google.com
2014-04-16 13:11:24,homeomath.imingo.net
2014-04-16 13:11:24,www.google.com
2014-04-16 13:11:29,www.google.com
2014-04-16 13:11:41,www.bing.com
2014-04-16 13:11:42,www.bing.com
2014-04-16 13:11:47,ieonline.microsoft.com
2014-04-16 17:33:32,api.bing.com
2014-04-16 17:33:32,rr.office.microsoft.com
2014-04-16 17:33:32,office14client.microsoft.com
2014-04-16 17:33:33,rr.office.microsoft.com
2014-04-16 17:33:33,services.highbeam.com
2014-04-16 17:33:34,integrate.factiva.com
2014-04-16 17:33:34,www.worldlingo.com
2014-04-16 17:33:34,www.microsofttranslator.com
2014-04-17 16:26:06,www.bing.com
2014-04-17 16:26:07,www.bing.com
2014-04-17 16:26:08,cms.abmr.net
2014-04-17 16:26:08,www.bing.com
2014-04-17 16:26:12,www.bing.com
2014-04-17 16:26:13,www.bing.com
2014-04-17 16:26:17,www.bing.com
2014-04-17 16:26:18,login.live.com
2014-04-17 16:26:21,ssl.bing.com
2014-04-17 16:41:18,www.bing.com
2014-04-17 16:41:19,www.bing.com
2014-04-18 10:26:56,www.oeconomia.net
2014-04-18 10:26:59,www.oeconomia.net
2014-04-18 10:27:00,www.oeconomia.net
2014-04-18 10:27:01,www.oeconomia.net
2014-04-18 10:27:10,www.oeconomia.net
2014-04-18 10:30:02,ieonline.microsoft.com
