timestamp,site
2013-03-12 13:41:21,armmf.adobe.com
2013-03-12 13:41:23,armmf.adobe.com
2013-03-12 13:41:26,armdl.adobe.com
2013-03-12 13:46:10,javadl-esd-secure.oracle.com
2013-03-12 13:46:36,www.google.fr
2013-03-12 13:46:38,apis.google.com
2013-03-12 13:46:38,www.google.com
2013-03-12 13:46:54,www.facebook.com
2013-03-12 13:46:54,ajax.microsoft.com
2013-03-12 13:46:54,windows.microsoft.com
2013-03-12 13:46:54,go.microsoft.com
2013-03-12 13:46:54,res2.windows.microsoft.com
2013-03-12 13:46:54,res1.windows.microsoft.com
2013-03-12 13:46:54,js.microsoft.com
2013-03-12 13:46:55,windows.microsoft.com
2013-03-12 13:46:55,www.facebook.com
2013-03-12 13:46:55,js.microsoft.com
2013-03-12 13:46:55,res1.windows.microsoft.com
2013-03-12 13:46:56,res2.windows.microsoft.com
2013-03-12 13:46:56,res1.windows.microsoft.com
2013-03-12 13:46:56,windows.microsoft.com
2013-03-12 13:46:56,fpdownload2.macromedia.com
2013-03-12 13:46:57,www.bing.com
2013-03-12 13:46:58,res1.windows.microsoft.com
2013-03-12 13:47:06,www.dropbox.com
2013-03-12 13:47:07,www.dropbox.com
2013-03-12 13:47:07,www.google.fr
2013-03-12 13:47:07,www.google.com
2013-03-12 13:47:07,apis.google.com
2013-03-12 13:47:09,ajax.googleapis.com
2013-03-12 13:47:31,ajax.googleapis.com
2013-03-12 13:47:47,dl-web.dropbox.com
2013-03-12 13:48:32,www.dropbox.com
2013-03-12 13:48:46,www.dropbox.com
2013-03-12 13:48:48,dl-web.dropbox.com
2013-03-12 13:48:57,go.microsoft.com
2013-03-12 13:48:57,ieonline.microsoft.com
2013-03-12 14:03:07,www.dropbox.com
2013-03-12 14:19:04,www.dropbox.com
2013-03-12 14:34:41,www.dropbox.com
2013-03-12 14:38:47,javadl-esd-secure.oracle.com
2013-03-12 14:39:03,dl.javafx.com
2013-03-12 14:40:17,www.google.fr
2013-03-12 14:42:04,www.fil.univ-lille1.fr
2013-03-12 14:42:04,www.google.fr
2013-03-12 14:44:07,www.google.fr
2013-03-12 15:24:06,dl.patchbeam.com
2013-03-12 15:24:20,dl-web.dropbox.com
2013-03-12 15:24:20,www.dropbox.com
2013-04-12 15:24:37,go.microsoft.com
2013-04-12 15:24:40,windows.microsoft.com
2013-04-12 15:24:40,ieonline.microsoft.com
2013-04-12 15:24:42,res2.windows.microsoft.com
2013-04-12 15:24:42,res1.windows.microsoft.com
2013-04-12 15:24:42,js.microsoft.com
2013-04-12 15:24:42,ajax.microsoft.com
2013-04-12 15:24:42,windows.microsoft.com
2013-04-12 15:24:47,res2.windows.microsoft.com
2013-04-12 15:24:48,res2.windows.microsoft.com
2013-04-12 15:24:52,www.facebook.com
2013-04-12 15:24:52,windows.microsoft.com
2013-04-12 15:24:52,res1.windows.microsoft.com
2013-04-12 15:24:57,www.facebook.com
2013-04-12 15:25:02,api.bing.com
2013-04-12 15:25:02,js.microsoft.com
2013-04-12 15:25:04,api.bing.com
2013-04-12 15:25:04,res2.windows.microsoft.com
2013-04-12 15:25:04,res1.windows.microsoft.com
2013-04-12 15:25:05,res1.windows.microsoft.com
2013-04-12 15:25:05,api.bing.com
2013-04-12 15:25:10,ieonline.microsoft.com
2013-04-12 15:25:10,go.microsoft.com
2013-04-12 15:25:10,api.bing.com
2013-04-12 15:25:11,api.bing.com
2013-04-12 15:25:12,api.bing.com
2013-04-12 15:25:13,www.google.fr
2013-04-12 15:25:13,www.google.com
2013-04-12 15:25:14,www.google.fr
2013-04-12 15:25:17,www.google.fr
2013-06-12 09:42:52,go.microsoft.com
2013-06-12 09:42:53,js.microsoft.com
2013-06-12 09:42:53,res1.windows.microsoft.com
2013-06-12 09:42:53,res2.windows.microsoft.com
2013-06-12 09:42:53,windows.microsoft.com
2013-06-12 09:42:53,ajax.microsoft.com
2013-06-12 09:42:54,windows.microsoft.com
2013-06-12 09:42:54,res1.windows.microsoft.com
2013-06-12 09:42:54,js.microsoft.com
2013-06-12 09:42:54,res2.windows.microsoft.com
2013-06-12 09:42:54,www.facebook.com
2013-06-12 09:42:55,res1.windows.microsoft.com
2013-06-12 09:42:55,res2.windows.microsoft.com
2013-06-12 09:42:57,windows.microsoft.com
2013-06-12 09:42:58,res1.windows.microsoft.com
2013-06-12 09:42:58,www.bing.com
2013-06-12 09:42:59,res1.windows.microsoft.com
2013-06-12 09:43:30,api.bing.com
2013-06-12 09:43:31,api.bing.com
2013-06-12 09:43:33,www.google.com
2013-06-12 09:43:34,www.google.fr
2013-06-12 09:43:35,apis.google.com
2013-06-12 09:43:36,www.google.com
2013-06-12 09:43:40,apis.google.com
2013-06-12 09:43:40,www.google.fr
2013-06-12 09:43:41,www.google.com
2013-06-12 09:43:41,www.google.fr
2013-06-12 09:43:42,www.google.com
2013-06-12 09:43:43,accounts.google.com
2013-06-12 09:43:43,www.google.com
2013-06-12 09:43:44,apis.google.com
2013-06-12 09:43:45,apis.google.com
2013-06-12 09:43:45,accounts.google.com
2013-06-12 09:43:45,tools.google.com
2013-06-12 09:43:52,dl.google.com
2013-06-12 09:44:03,tools.google.com
2013-06-12 09:44:03,www.google.fr
2013-06-12 09:44:03,www.google.com
2013-06-12 09:44:04,apis.google.com
2013-06-12 09:44:09,www.google.com
2013-06-12 09:44:10,www.google.fr
2013-06-12 09:44:10,www.google.com
2013-06-12 09:44:11,www.google.fr
2013-06-12 09:44:12,www.google.fr
2013-06-12 09:44:55,dl.google.com
2013-06-12 09:44:56,go.microsoft.com
2013-06-12 09:44:56,ieonline.microsoft.com
2013-06-12 09:45:59,dl.google.com
2013-06-12 09:46:05,tools.google.com
2013-06-12 09:46:05,api.bing.com
2013-06-12 09:46:05,www.google.fr
2013-06-12 09:46:07,api.bing.com
2013-06-12 09:46:08,api.bing.com
2013-06-12 09:46:09,api.bing.com
2013-06-12 09:46:11,www.bing.com
2013-06-12 09:46:12,cms.abmr.net
2013-06-12 09:46:12,www.bing.com
2013-06-12 09:46:13,www.bing.com
2013-06-12 09:46:14,javadl-esd-secure.oracle.com
2013-06-12 09:46:20,javadl-esd-secure.oracle.com
2013-06-12 09:48:23,api.bing.com
2013-06-12 09:48:25,api.bing.com
2013-06-12 09:48:28,api.bing.com
2013-06-12 09:48:29,api.bing.com
2013-06-12 09:49:30,www.dropbox.com
2013-06-12 09:49:32,www.dropbox.com
2013-06-12 09:49:33,ajax.googleapis.com
2013-06-12 09:50:32,www.dropbox.com
2013-06-12 09:50:34,www.dropbox.com
2013-06-12 09:51:00,www.dropbox.com
2013-06-12 09:51:06,ajax.googleapis.com
2013-06-12 09:52:39,tools.google.com
2013-06-12 09:53:41,gtssl-ocsp.geotrust.com
2013-06-12 10:19:57,www.oracle.com
2013-06-12 10:19:59,www.oracle.com
2013-06-12 10:19:59,apex.oracle.com
2013-06-12 11:06:00,www.oracle.com
2013-06-12 11:06:15,www.oracle.com
2013-06-12 11:06:15,apex.oracle.com
2013-06-12 11:07:01,api.bing.com
2013-06-12 11:07:07,api.bing.com
2013-06-12 11:07:09,api.bing.com
2013-06-12 11:07:12,api.bing.com
2013-06-12 11:07:13,api.bing.com
2013-06-12 11:07:22,www.dropbox.com
2013-06-12 11:07:23,www.dropbox.com
2013-06-12 11:07:24,www.dropbox.com
2013-06-12 11:07:24,ajax.googleapis.com
2013-06-12 11:07:40,www.dropbox.com
2013-06-12 11:08:23,www.dropbox.com
2013-06-12 11:08:26,www.dropbox.com
2013-06-12 11:08:40,www.dropbox.com
2013-06-12 11:08:54,ajax.googleapis.com
2013-06-12 11:09:09,ieonline.microsoft.com
2013-06-12 11:09:37,logging.windows.microsoft.com
2013-06-12 11:09:39,logging.windows.microsoft.com
2013-06-12 14:49:52,javadl-esd-secure.oracle.com
2013-06-12 14:52:07,javadl-esd-secure.oracle.com
2013-06-12 15:12:50,apex.oracle.com
2013-06-12 15:12:50,www.oracle.com
2013-06-12 16:02:09,clients1.google.com
2013-06-12 16:02:09,gtglobal-ocsp.geotrust.com
2013-06-12 16:02:15,www.google.fr
2013-06-12 16:02:15,mail.google.com
2013-06-12 16:02:16,clients1.google.com
2013-06-12 16:02:17,clients1.google.com
2013-06-12 16:03:00,clients1.google.com
2013-06-12 16:03:42,ocsp.thawte.com
2013-06-12 16:04:20,www.google.fr
2013-06-12 16:05:09,www.google.fr
2013-06-12 16:05:42,ocsp.verisign.com
2013-06-12 16:05:54,clients2.google.com
2013-06-12 16:05:55,chatenabled.mail.google.com
2013-06-12 16:06:23,safebrowsing-cache.google.com
2013-06-12 16:06:23,safebrowsing.clients.google.com
2013-06-12 16:06:24,safebrowsing-cache.google.com
2013-06-12 16:06:51,plus.google.com
2013-06-12 16:07:10,clients6.google.com
2013-06-12 16:07:10,apis.google.com
2013-06-12 16:07:15,accounts.google.fr
2013-06-12 16:07:15,www.google.com
2013-06-12 16:07:16,accounts.google.com
2013-06-12 16:07:16,accounts.youtube.com
2013-06-12 16:07:33,mail.google.com
2013-06-12 16:07:42,ocsp.digicert.com
2013-06-12 16:36:35,safebrowsing.clients.google.com
2013-06-12 16:36:35,safebrowsing-cache.google.com
2013-06-12 16:36:36,safebrowsing-cache.google.com
2013-06-12 17:06:42,safebrowsing-cache.google.com
2013-06-12 17:06:42,safebrowsing.clients.google.com
2013-06-12 17:06:43,safebrowsing-cache.google.com
2013-06-12 17:35:43,safebrowsing.clients.google.com
2013-06-12 17:35:43,safebrowsing-cache.google.com
2013-07-12 10:13:33,gtssl-ocsp.geotrust.com
2013-07-12 10:16:13,javadl-esd-secure.oracle.com
2013-07-12 10:16:19,javadl-esd-secure.oracle.com
2013-07-12 10:16:25,ocsp.thawte.com
2013-07-12 10:16:26,ocsp.digicert.com
2013-07-12 10:16:27,gtglobal-ocsp.geotrust.com
2013-07-12 10:16:27,clients1.google.com
2013-07-12 10:16:32,safebrowsing-cache.google.com
2013-07-12 10:16:32,safebrowsing.clients.google.com
2013-07-12 10:16:42,ocsp.digicert.com
2013-07-12 10:17:48,www.dropbox.com
2013-07-12 10:18:02,ajax.googleapis.com
2013-07-12 10:29:01,www.oracle.com
2013-07-12 10:29:02,apex.oracle.com
2013-07-12 10:29:02,www.oracle.com
2013-07-12 13:04:58,dl.patchbeam.com
2013-07-12 13:05:19,www.powerarchiver.com
2013-07-12 13:05:19,dl.patchbeam.com
2013-07-12 13:06:22,gtglobal-ocsp.geotrust.com
2013-07-12 13:06:22,clients1.google.com
2013-07-12 13:06:23,clients1.google.com
2013-07-12 13:06:27,ocsp.thawte.com
2013-07-12 13:06:28,ocsp.digicert.com
2013-07-12 13:06:29,clients1.google.com
2013-07-12 13:07:58,ocsp.thawte.com
2013-07-12 13:08:07,dl-web.dropbox.com
2013-07-12 13:08:09,dl-web.dropbox.com
2013-07-12 13:09:06,safebrowsing-cache.google.com
2013-07-12 13:09:06,safebrowsing.clients.google.com
2013-07-12 13:09:07,safebrowsing-cache.google.com
2013-07-12 13:09:20,www.google.com
2013-07-12 13:09:20,apis.google.com
2013-07-12 13:09:23,www.google.fr
2013-07-12 13:09:26,www.dropbox.com
2013-09-12 09:01:29,gtssl-ocsp.geotrust.com
2013-09-12 09:02:21,ocsp.digicert.com
2013-09-12 09:02:21,ocsp.thawte.com
2013-09-12 09:02:22,clients1.google.com
2013-09-12 09:02:23,gtglobal-ocsp.geotrust.com
2013-09-12 09:02:51,ocsp.digicert.com
2013-09-12 09:03:01,ajax.googleapis.com
2013-09-12 09:03:01,www.dropbox.com
2013-09-12 09:05:42,javadl-esd-secure.oracle.com
2013-09-12 09:05:48,javadl-esd-secure.oracle.com
2013-09-12 09:06:02,ocsp.digicert.com
2013-09-12 09:06:19,ocsp.thawte.com
2013-09-12 09:06:28,safebrowsing-cache.google.com
2013-09-12 09:06:28,safebrowsing.clients.google.com
2013-09-12 09:06:29,safebrowsing-cache.google.com
2013-09-12 09:07:20,www.dropbox.com
2013-09-12 09:10:06,clients1.google.com
2013-09-12 09:10:06,safebrowsing-cache.google.com
2013-09-12 09:10:06,safebrowsing.clients.google.com
2013-09-12 09:10:07,clients1.google.com
2013-09-12 09:10:07,gtglobal-ocsp.geotrust.com
2013-09-12 09:10:07,safebrowsing-cache.google.com
2013-09-12 09:10:12,ocsp.thawte.com
2013-09-12 09:10:13,clients1.google.com
2013-09-12 09:10:13,ocsp.digicert.com
2013-09-12 09:13:01,dl-web.dropbox.com
2013-09-12 09:13:03,dl-web.dropbox.com
2013-09-12 09:13:05,www.google.com
2013-09-12 09:13:05,apis.google.com
2013-09-12 09:13:07,www.google.fr
2013-09-12 09:13:43,www.dropbox.com
2013-09-12 09:13:51,www.dropbox.com
2013-09-12 13:43:30,ajax.microsoft.com
2013-09-12 13:43:30,go.microsoft.com
2013-09-12 13:43:30,res2.windows.microsoft.com
2013-09-12 13:43:30,windows.microsoft.com
2013-09-12 13:43:30,res1.windows.microsoft.com
2013-09-12 13:43:30,js.microsoft.com
2013-09-12 13:43:31,js.microsoft.com
2013-09-12 13:43:31,res1.windows.microsoft.com
2013-09-12 13:43:31,res2.windows.microsoft.com
2013-09-12 13:43:31,windows.microsoft.com
2013-09-12 13:43:44,www.google.com
2013-09-12 13:43:44,www.google.fr
2013-09-12 13:43:56,www.google.fr
2013-09-12 13:43:57,apis.google.com
2013-09-12 13:43:59,www.google.com
2013-09-12 13:44:01,mail.google.com
2013-09-12 13:44:01,www.google.com
2013-09-12 13:44:03,mail.google.com
2013-09-12 13:44:12,www.google.fr
2013-09-12 13:44:15,accounts.google.com
2013-09-12 13:44:16,accounts.google.com
2013-09-12 13:44:16,www.google.fr
2013-09-12 13:44:16,apis.google.com
2013-09-12 13:44:16,www.google.com
2013-09-12 13:44:16,mail.google.com
2013-09-12 13:44:19,www.google.com
2013-09-12 13:44:19,mail.google.com
2013-09-12 13:44:20,apis.google.com
2013-09-12 13:44:26,apis.google.com
2013-09-12 13:44:31,accounts.youtube.com
2013-09-12 13:45:16,accounts.google.fr
2013-09-12 13:45:19,accounts.google.com
2013-09-12 13:45:19,accounts.youtube.com
2013-09-12 13:45:19,accounts.google.fr
2013-09-12 13:45:19,apis.google.com
2013-09-12 13:45:19,mail.google.com
2013-09-12 13:45:19,clients2.google.com
2013-09-12 13:45:19,plus.google.com
2013-09-12 13:45:19,www.google.com
2013-09-12 13:45:22,clients2.google.com
2013-09-12 13:45:24,chatenabled.mail.google.com
2013-09-12 13:45:25,b.mail.google.com
2013-09-12 13:45:27,mail.google.com
2013-09-12 13:45:34,plus.google.com
2013-09-12 13:45:42,plus.google.com
2013-09-12 13:45:42,clients6.google.com
2013-09-12 13:45:42,chatenabled.mail.google.com
2013-09-12 13:45:42,apis.google.com
2013-09-12 13:45:43,apis.google.com
2013-09-12 13:45:43,i1.ytimg.com
2013-09-12 13:45:46,apis.google.com
2013-09-12 13:45:46,mail.google.com
2013-09-12 13:45:46,s.ytimg.com
2013-09-12 13:45:46,www.youtube.com
2013-09-12 13:45:47,plus.google.com
2013-09-12 13:45:50,r1---sn-gxo5uxg-jqbe.googlevideo.com
2013-09-12 13:45:50,mail.google.com
2013-09-12 13:45:50,clients6.google.com
2013-09-12 13:45:50,s.ytimg.com
2013-09-12 13:45:50,i1.ytimg.com
2013-09-12 13:45:50,www.youtube.com
2013-09-12 13:45:50,s.youtube.com
2013-09-12 13:45:51,r1---sn-gxo5uxg-jqbe.googlevideo.com
2013-09-12 13:45:53,gdata.youtube.com
2013-09-12 13:45:54,r2---sn-gxo5uxg-jqbe.googlevideo.com
2013-09-12 13:45:54,gdata.youtube.com
2013-09-12 13:45:54,i1.ytimg.com
2013-09-12 13:45:54,www.youtube.com
2013-09-12 13:45:54,s.youtube.com
2013-09-12 13:46:04,r1---sn-gxo5uxg-jqbe.googlevideo.com
2013-09-12 13:46:04,www.youtube.com
2013-09-12 13:46:11,r1---sn-gxo5uxg-jqbe.googlevideo.com
2013-09-12 13:46:17,r1---sn-gxo5uxg-jqbe.googlevideo.com
2013-09-12 13:46:17,i1.ytimg.com
2013-09-12 13:46:32,s.youtube.com
2013-09-12 13:46:32,clients6.google.com
2013-09-12 13:46:32,r1---sn-gxo5uxg-jqbe.googlevideo.com
2013-09-12 13:46:33,r1---sn-gxo5uxg-jqbe.googlevideo.com
2013-09-12 13:46:47,mail.google.com
2013-09-12 13:46:47,r1---sn-gxo5uxg-jqbe.googlevideo.com
2013-09-12 13:46:58,r1---sn-gxo5uxg-jqbe.googlevideo.com
2013-09-12 13:46:58,plus.google.com
2013-09-12 13:47:02,r1---sn-gxo5uxg-jqbe.googlevideo.com
2013-09-12 13:47:07,s.youtube.com
2013-09-12 13:47:24,plus.google.com
2013-09-12 13:47:25,b.mail.google.com
2013-09-12 13:47:25,plus.google.com
2013-09-12 13:47:25,clients6.google.com
2013-09-12 13:47:25,mail.google.com
2013-09-12 15:49:48,javadl-esd-secure.oracle.com
2013-09-12 15:58:06,javadl-esd-secure.oracle.com
2013-09-12 15:58:42,www.oracle.com
2013-09-12 15:58:42,apex.oracle.com
2013-09-12 16:03:08,clients1.google.com
2013-09-12 16:03:09,gtglobal-ocsp.geotrust.com
2013-09-12 16:03:09,clients1.google.com
2013-09-12 16:03:21,www.google.fr
2013-09-12 16:03:24,www.sas.com
2013-09-12 16:03:25,www.sas.com
2013-09-12 16:03:26,www.sas.com
2013-09-12 16:03:27,ocsp.digicert.com
2013-09-12 16:03:27,www.sas.com
2013-09-12 16:03:28,safebrowsing.clients.google.com
2013-09-12 16:03:28,safebrowsing-cache.google.com
2013-09-12 16:03:29,safebrowsing-cache.google.com
2013-09-12 16:04:42,www.sas.com
2013-09-12 16:04:43,www.sas.com
2013-09-12 16:04:54,ocsp.verisign.com
2013-09-12 16:05:01,www.sas.com
2013-09-12 16:05:02,www.sas.com
2013-09-12 16:05:03,www.sas.com
2013-09-12 16:05:04,www.sas.com
2013-09-12 16:05:19,www.sas.com
2013-09-12 16:05:20,www.sas.com
2013-09-12 16:05:27,www.sas.com
2013-09-12 16:05:28,www.sas.com
2013-09-12 16:06:04,www.sas.com
2013-09-12 16:06:05,www.sas.com
2013-09-12 16:06:06,www.google.fr
2013-09-12 16:06:06,www.google.com
2013-09-12 16:06:06,apis.google.com
2013-09-12 16:06:06,www.sas.com
2013-09-12 16:06:20,www.sas.com
2013-09-12 16:06:21,www.sas.com
2013-09-12 16:06:32,www.sas.com
2013-09-12 16:06:33,www.sas.com
2013-09-12 16:06:53,ocsp.digicert.com
2013-09-12 16:06:54,ocsp.digicert.com
2013-09-12 16:07:14,www.google.com
2013-09-12 16:07:14,www.developpez.com
2013-09-12 16:07:14,sas.developpez.com
2013-09-12 16:07:14,www.google.fr
2013-09-12 16:07:15,www.developpez.com
2013-09-12 16:07:15,sas.developpez.com
2013-09-12 16:07:15,premium.hi-mediaserver.com
2013-09-12 16:07:16,ocsp.verisign.com
2013-09-12 16:07:21,sas.developpez.com
2013-09-12 16:07:21,www.developpez.com
2013-09-12 16:07:21,www.google.com
2013-09-12 16:07:22,sas.developpez.com
2013-09-12 16:08:19,www.google.fr
2013-09-12 16:08:23,support.sas.com
2013-09-12 16:08:24,support.sas.com
2013-09-12 16:08:27,support.sas.com
2013-09-12 16:08:27,www.jmp.com
2013-09-12 16:08:28,support.sas.com
2013-09-12 16:08:42,www.sas.com
2013-09-12 16:09:04,www.google.fr
2013-09-12 16:09:05,www.softonic.fr
2013-09-12 16:09:06,www.google.com
2013-09-12 16:09:06,www.softonic.fr
2013-09-12 16:09:07,s3.amazonaws.com
2013-09-12 16:09:07,www.softonic.fr
2013-09-12 16:09:07,www.google.com
2013-09-12 16:09:08,hal9000.redintelligence.net
2013-09-12 16:09:08,n23.hal9000.redintelligence.net
2013-09-12 16:09:08,rbp.mxptint.net
2013-09-12 16:09:08,clients1.google.com
2013-09-12 16:09:09,ea.numericable.fr
2013-09-12 16:09:09,pr.ybp.yahoo.com
2013-09-12 16:09:09,ocsp.usertrust.com
2013-09-12 16:09:09,ocsp.comodoca.com
2013-09-12 16:09:27,www.google.com
2013-09-12 16:09:29,csearchcdn2.inspcloud.com
2013-09-12 16:09:29,csearchcdn3.inspcloud.com
2013-09-12 16:09:29,csearchcdn4.inspcloud.com
2013-09-12 16:09:29,csearchcdn1.inspcloud.com
2013-09-12 16:09:29,ts4.mm.bing.net
2013-09-12 16:09:29,ts1.mm.bing.net
2013-09-12 16:09:29,ts3.mm.bing.net
2013-09-12 16:10:16,www.facebook.com
2013-09-12 16:10:39,www.google.fr
2013-09-12 16:10:39,www.oracle.com
2013-09-12 16:10:39,www.oracleimg.com
2013-09-12 16:10:40,www.oracleimg.com
2013-09-12 16:10:40,www.oracle.com
2013-09-12 16:10:40,img03.en25.com
2013-09-12 16:10:40,s1973398186.t.eloqua.com
2013-09-12 16:10:40,ajax.googleapis.com
2013-09-12 16:10:41,www.oracle.com
2013-09-12 16:10:50,www.oracleimg.com
2013-09-12 16:10:54,ocsp.thawte.com
2013-09-12 16:10:55,www.google.fr
2013-09-12 16:10:55,fr.wikipedia.org
2013-09-12 16:10:55,bits.wikimedia.org
2013-09-12 16:10:55,login.wikimedia.org
2013-09-12 16:10:55,meta.wikimedia.org
2013-09-12 16:10:56,fr.wikipedia.org
2013-09-12 16:10:56,ocsp.digicert.com
2013-09-12 16:11:06,www.google.com
2013-09-12 16:11:53,www.google.fr
2013-09-12 16:11:56,www.jmp.com
2013-09-12 16:11:56,bits.wikimedia.org
2013-09-12 16:11:56,fr.wikipedia.org
2013-09-12 16:11:57,www.jmp.com
2013-09-12 16:11:58,www.jmp.com
2013-09-12 16:12:16,www.jmp.com
2013-09-12 16:12:16,static.jquery.com
2013-09-12 16:12:16,ajax.googleapis.com
2013-09-12 16:12:17,www.jmp.com
2013-09-12 16:12:17,jquery-ui.googlecode.com
2013-09-12 16:12:17,ajax.googleapis.com
2013-09-12 16:12:18,www.jmp.com
2013-09-12 16:12:19,www.jmp.com
2013-09-12 16:12:33,www.jmp.com
2013-09-12 16:12:34,www.jmp.com
2013-09-12 16:13:15,www.jmp.com
2013-09-12 16:13:37,www.jmp.com
2013-09-12 16:13:56,meta.wikimedia.org
2013-09-12 16:13:56,bits.wikimedia.org
2013-09-12 16:13:56,www.google.fr
2013-09-12 16:13:56,fr.wiktionary.org
2013-09-12 16:13:57,login.wikimedia.org
2013-09-12 16:13:57,meta.wikimedia.org
2013-09-12 16:14:33,www.google.fr
2013-09-12 16:14:34,bits.wikimedia.org
2013-09-12 16:14:34,fr.wikipedia.org
2013-09-12 16:14:34,meta.wikimedia.org
2013-09-12 16:14:57,login.wikimedia.org
2013-09-12 16:14:57,fr.wiktionary.org
2013-09-12 16:15:59,www.google.fr
2013-09-12 16:16:00,jmp.com
2013-09-12 16:16:01,jmp.com
2013-09-12 16:16:14,www.google.fr
2013-09-12 16:16:14,www.t411.me
2013-09-12 16:16:14,clients1.google.com
2013-09-12 16:16:15,www.fr.bittorrentdes.com
2013-09-12 16:16:15,img856.imageshack.us
2013-09-12 16:16:15,ocsp.godaddy.com
2013-09-12 16:16:15,www.t411.me
2013-09-12 16:16:15,www.fr.utorrentes.com
2013-09-12 16:16:16,www.t411.me
2013-09-12 16:16:16,clients1.google.com
2013-09-12 16:16:16,img811.imageshack.us
2013-09-12 16:16:16,img191.imageshack.us
2013-09-12 16:17:23,www.google.fr
2013-09-12 16:17:25,www.developpez.net
2013-09-12 16:17:25,ajax.googleapis.com
2013-09-12 16:17:25,www.google.com
2013-09-12 16:17:26,ocsp.comodoca.com
2013-09-12 16:17:28,apnx-match.dotomi.com
2013-09-12 16:17:42,pixel2368.everesttech.net
2013-09-12 16:18:14,www.google.fr
2013-09-12 16:18:15,platform.linkedin.com
2013-09-12 16:18:15,www.facebook.com
2013-09-12 16:18:15,platform.twitter.com
2013-09-12 16:18:15,decideofr.goodbarber.com
2013-09-12 16:18:15,www.goodbarber.com
2013-09-12 16:18:15,www.decideo.fr
2013-09-12 16:18:15,www.google.fr
2013-09-12 16:18:16,www.linkedin.com
2013-09-12 16:18:16,www.facebook.com
2013-09-12 16:18:16,www.decideo.fr
2013-09-12 16:18:17,decideofr.goodbarber.com
2013-09-12 16:18:17,evsecure-ocsp.verisign.com
2013-09-12 16:18:47,twitter.com
2013-09-12 16:19:09,ajax.googleapis.com
2013-09-12 16:19:21,www.google.fr
2013-09-12 16:19:22,www.microsoft.com
2013-09-12 16:19:23,www.microsoft.com
2013-09-12 16:19:23,i.s-microsoft.com
2013-09-12 16:19:23,c1.microsoft.com
2013-09-12 16:19:24,c1.microsoft.com
2013-09-12 16:21:11,apis.google.com
2013-09-12 16:21:12,accounts.google.com
2013-09-12 16:21:26,www.microsoft.com
2013-09-12 16:21:26,www.google.fr
2013-09-12 16:21:27,www.microsoft.com
2013-09-12 16:21:28,js.microsoft.com
2013-09-12 16:21:28,i.s-microsoft.com
2013-09-12 16:21:28,www.microsoft.com
2013-09-12 16:21:29,www.microsoft.com
2013-09-12 16:21:44,js.microsoft.com
2013-09-12 16:21:44,ajax.googleapis.com
2013-09-12 16:21:44,c1.microsoft.com
2013-09-12 16:21:44,www.microsoft.com
2013-09-12 16:21:45,www.microsoft.com
2013-09-12 16:21:45,ajax.googleapis.com
2013-09-12 16:21:52,js.microsoft.com
2013-09-12 16:21:52,c1.microsoft.com
2013-09-12 16:21:52,www.microsoft.com
2013-09-12 16:21:52,ajax.googleapis.com
2013-09-12 16:21:55,www.microsoft.com
2013-09-12 16:22:03,js.microsoft.com
2013-09-12 16:22:03,c1.microsoft.com
2013-09-12 16:22:03,www.microsoft.com
2013-09-12 16:22:04,www.microsoft.com
2013-09-12 16:22:09,www.google.com
2013-09-12 16:22:10,www.google.fr
2013-09-12 16:22:20,www.microsoft.com
2013-09-12 16:22:22,js.microsoft.com
2013-09-12 16:22:22,www.microsoft.com
2013-09-12 16:22:23,www.microsoft.com
2013-09-12 16:22:24,js.microsoft.com
2013-09-12 16:22:24,www.microsoft.com
2013-09-12 16:24:26,www.microsoft.com
2013-09-12 16:25:34,www.google.com
2013-09-12 16:25:35,www.google.com
2013-09-12 16:25:43,fr.wikipedia.org
2013-09-12 16:25:43,bits.wikimedia.org
2013-09-12 16:25:43,www.google.fr
2013-09-12 16:25:44,bits.wikimedia.org
2013-09-12 16:25:44,meta.wikimedia.org
2013-09-12 16:25:44,fr.wikipedia.org
2013-09-12 16:28:33,www.google.fr
2013-09-12 16:28:33,www.google.com
2013-09-12 16:33:44,bits.wikimedia.org
2013-09-12 16:33:44,www.google.fr
2013-09-12 16:33:44,fr.wikipedia.org
2013-09-12 16:33:45,bits.wikimedia.org
2013-09-12 16:33:46,meta.wikimedia.org
2013-09-12 16:33:46,fr.wikipedia.org
2013-09-12 16:33:59,safebrowsing-cache.google.com
2013-09-12 16:33:59,safebrowsing.clients.google.com
2013-09-12 16:34:00,safebrowsing-cache.google.com
2013-09-12 16:36:29,www.google.com
2013-09-12 16:36:30,www.google.fr
2013-09-12 16:37:07,www.microsoft.com
2013-09-12 16:37:08,www.microsoft.com
2013-09-12 16:37:29,www.microsoft.com
2013-09-12 16:37:30,www.microsoft.com
2013-09-12 16:37:47,www.microsoft.com
2013-09-12 16:37:48,www.microsoft.com
2013-09-12 16:37:48,care.dlservice.microsoft.com
2013-09-12 16:37:49,technet.microsoft.com
2013-09-12 16:37:50,technet.microsoft.com
2013-09-12 16:37:57,dlm.tools.akamai.com
2013-09-12 16:37:59,ocsp.verisign.com
2013-09-12 16:38:06,dlm.tools.akamai.com
2013-09-12 16:38:15,care.dlservice.microsoft.com
2013-09-12 16:39:27,javadl-esd-secure.oracle.com
2013-09-12 16:39:34,www.google.fr
2013-09-12 16:39:34,www.scribd.com
2013-09-12 16:39:36,s5.scribdassets.com
2013-09-12 16:39:36,s7.scribdassets.com
2013-09-12 16:39:36,fr.scribd.com
2013-09-12 16:39:37,fr.scribd.com
2013-09-12 16:39:37,s7.scribdassets.com
2013-09-12 16:39:37,s5.scribdassets.com
2013-09-12 16:39:37,rs1.scribd.com
2013-09-12 16:39:37,clients1.google.com
2013-09-12 16:39:38,www.facebook.com
2013-09-12 16:39:38,ocsp.godaddy.com
2013-09-12 16:39:38,static.ak.facebook.com
2013-09-12 16:39:38,imgv2-2.scribdassets.com
2013-09-12 16:39:38,fr.scribd.com
2013-09-12 16:39:38,imgv2-3.scribdassets.com
2013-09-12 16:39:38,imgv2-4.scribdassets.com
2013-09-12 16:39:38,html4.scribdassets.com
2013-09-12 16:39:38,htmlimg3.scribdassets.com
2013-09-12 16:39:38,htmlimg2.scribdassets.com
2013-09-12 16:39:38,s5.scribdassets.com
2013-09-12 16:39:38,imgv2-1.scribdassets.com
2013-09-12 16:39:38,connect.facebook.net
2013-09-12 16:39:38,htmlimg4.scribdassets.com
2013-09-12 16:39:39,ocsp.digicert.com
2013-09-12 16:39:39,um.simpli.fi
2013-09-12 16:39:39,www.facebook.com
2013-09-12 16:39:39,ocsp.entrust.net
2013-09-12 16:39:40,www.facebook.com
2013-09-12 16:39:40,lrpush.apxlv.com
2013-09-12 16:39:40,ce.lijit.com
2013-09-12 16:39:40,ds.reson8.com
2013-09-12 16:39:40,www.google.com
2013-09-12 16:39:40,um.simpli.fi
2013-09-12 16:39:40,www.google.fr
2013-09-12 16:39:41,cs.specificclick.net
2013-09-12 16:39:41,fr.scribd.com
2013-09-12 16:39:41,rp.gwallet.com
2013-09-12 16:39:43,ds.reson8.com
2013-09-12 16:39:43,www.facebook.com
2013-09-12 16:39:44,loadr.exelator.com
2013-09-12 16:39:44,ds.reson8.com
2013-09-12 16:39:49,www.scribd.com
2013-09-12 16:39:49,fr.scribd.com
2013-09-12 16:40:07,rs1.scribd.com
2013-09-12 16:40:07,htmlimg2.scribdassets.com
2013-09-12 16:40:07,html2.scribdassets.com
2013-09-12 16:40:13,html2.scribdassets.com
2013-09-12 16:40:13,htmlimg1.scribdassets.com
2013-09-12 16:40:25,html4.scribdassets.com
2013-09-12 16:40:25,htmlimg2.scribdassets.com
2013-09-12 16:40:38,rs1.scribd.com
2013-09-12 16:40:41,html3.scribdassets.com
2013-09-12 16:40:41,htmlimg2.scribdassets.com
2013-09-12 16:40:54,html3.scribdassets.com
2013-09-12 16:40:54,htmlimg1.scribdassets.com
2013-09-12 16:40:59,htmlimg1.scribdassets.com
2013-09-12 16:40:59,html2.scribdassets.com
2013-09-12 16:41:04,htmlimg3.scribdassets.com
2013-09-12 16:41:04,html1.scribdassets.com
2013-09-12 16:41:07,rs1.scribd.com
2013-09-12 16:41:13,html4.scribdassets.com
2013-09-12 16:41:13,htmlimg2.scribdassets.com
2013-09-12 16:41:20,htmlimg3.scribdassets.com
2013-09-12 16:41:20,html1.scribdassets.com
2013-09-12 16:41:23,html3.scribdassets.com
2013-09-12 16:41:23,htmlimg1.scribdassets.com
2013-09-12 16:41:25,htmlimg3.scribdassets.com
2013-09-12 16:41:25,html3.scribdassets.com
2013-09-12 16:41:27,html2.scribdassets.com
2013-09-12 16:41:27,htmlimg2.scribdassets.com
2013-09-12 16:41:30,html2.scribdassets.com
2013-09-12 16:41:30,htmlimg3.scribdassets.com
2013-09-12 16:41:31,html1.scribdassets.com
2013-09-12 16:41:32,htmlimg1.scribdassets.com
2013-09-12 16:41:34,s-static.ak.facebook.com
2013-09-12 16:41:36,rs1.scribd.com
2013-09-12 16:41:37,htmlimg4.scribdassets.com
2013-09-12 16:41:37,html4.scribdassets.com
2013-09-12 16:41:41,html3.scribdassets.com
2013-09-12 16:41:41,htmlimg3.scribdassets.com
2013-09-12 16:41:43,html2.scribdassets.com
2013-09-12 16:41:43,htmlimg4.scribdassets.com
2013-09-12 16:41:45,html1.scribdassets.com
2013-09-12 16:41:46,htmlimg1.scribdassets.com
2013-09-12 16:41:49,html1.scribdassets.com
2013-09-12 16:41:49,htmlimg1.scribdassets.com
2013-09-12 16:41:53,html3.scribdassets.com
2013-09-12 16:41:53,htmlimg2.scribdassets.com
2013-09-12 16:41:55,html2.scribdassets.com
2013-09-12 16:41:56,htmlimg1.scribdassets.com
2013-09-12 16:41:58,html2.scribdassets.com
2013-09-12 16:41:58,htmlimg4.scribdassets.com
2013-09-12 16:42:06,rs1.scribd.com
2013-09-12 16:42:08,www.google.com
2013-09-12 16:42:14,www.google.fr
2013-09-12 16:42:18,rs6.scribd.com
2013-09-12 16:42:18,fr.scribd.com
2013-09-12 16:42:19,ds.reson8.com
2013-09-12 16:42:19,www.facebook.com
2013-09-12 16:42:20,gtssl-ocsp.geotrust.com
2013-09-12 16:42:22,ds.reson8.com
2013-09-12 16:42:23,rp.gwallet.com
2013-09-12 16:42:23,lrpush.apxlv.com
2013-09-12 16:42:24,cs.specificclick.net
2013-09-12 16:42:29,fr.scribd.com
2013-09-12 16:42:32,developer.android.com
2013-09-12 16:42:42,www.facebook.com
2013-09-12 16:42:48,rs6.scribd.com
2013-09-12 16:43:02,rs6.scribd.com
2013-09-12 16:43:31,rs6.scribd.com
2013-09-12 16:43:57,rs6.scribd.com
2013-09-12 16:44:00,www.scribd.com
2013-09-12 16:44:04,s7.scribdassets.com
2013-09-12 16:44:04,fr.scribd.com
2013-09-12 16:44:05,s6.scribdassets.com
2013-09-12 16:44:05,s7.scribdassets.com
2013-09-12 16:44:05,rs8.scribd.com
2013-09-12 16:44:05,s5.scribdassets.com
2013-09-12 16:44:06,htmlimg3.scribdassets.com
2013-09-12 16:44:06,imgv2-1.scribdassets.com
2013-09-12 16:44:06,imgv2-2.scribdassets.com
2013-09-12 16:44:06,s7.scribdassets.com
2013-09-12 16:44:06,fr.scribd.com
2013-09-12 16:44:06,www.facebook.com
2013-09-12 16:44:06,html4.scribdassets.com
2013-09-12 16:44:06,imgv2-4.scribdassets.com
2013-09-12 16:44:06,imgv2-3.scribdassets.com
2013-09-12 16:44:07,fr.scribd.com
2013-09-12 16:44:07,imgv2-1.scribdassets.com
2013-09-12 16:44:07,htmlimg2.scribdassets.com
2013-09-12 16:44:09,html2.scribdassets.com
2013-09-12 16:44:09,htmlimg4.scribdassets.com
2013-09-12 16:44:11,htmlimg3.scribdassets.com
2013-09-12 16:44:11,html2.scribdassets.com
2013-09-12 16:44:16,fr.scribd.com
2013-09-12 16:44:27,rs6.scribd.com
2013-09-12 16:44:35,rs8.scribd.com
2013-09-12 16:47:07,www.facebook.com
2013-09-12 16:50:27,www.google.fr
2013-09-12 16:50:28,nexus.ensighten.com
2013-09-12 16:50:28,www.quest.com
2013-09-12 16:50:29,www.quest.com
2013-09-12 16:50:29,apis.google.com
2013-09-12 16:50:29,nexus.ensighten.com
2013-09-12 16:50:31,www.quest.com
2013-09-12 16:50:31,nexus.ensighten.com
2013-09-12 16:51:04,www.quest.com
2013-09-12 16:51:15,clients1.google.com
2013-09-12 16:51:15,www.quest.com
2013-09-12 16:51:16,ocsp.comodoca.com
2013-09-12 16:51:16,ocsp.usertrust.com
2013-09-12 16:51:17,ocsp.digicert.com
2013-09-12 16:51:18,ocsp.godaddy.com
2013-09-12 16:51:18,ajax.microsoft.com
2013-09-12 16:52:21,documents.quest.com
2013-09-12 16:52:21,www.quest.com
2013-09-12 16:52:22,documents.quest.com
2013-09-12 16:52:22,www.quest.com
2013-09-12 16:52:23,documents.quest.com
2013-09-12 16:52:23,platform.twitter.com
2013-09-12 16:52:24,www.facebook.com
2013-09-12 16:52:24,platform.twitter.com
2013-09-12 16:52:24,www.quest.com
2013-09-12 16:52:24,documents.quest.com
2013-09-12 16:52:26,documents.quest.com
2013-09-12 16:52:27,documents.quest.com
2013-09-12 16:52:55,twitter.com
2013-09-12 16:53:12,www.quest.com
2013-09-12 16:53:12,support.quest.com
2013-09-12 16:53:14,www.google.com
2013-09-12 16:53:15,www.google.fr
2013-09-12 16:53:22,www.squid-cache.org
2013-09-12 16:53:24,apis.google.com
2013-09-12 16:53:31,www.google.fr
2013-09-12 16:53:32,www.kognitio.com
2013-09-12 16:53:33,www.kognitio.com
2013-09-12 16:53:34,www.kognitio.com
2013-09-12 16:53:34,api.twitter.com
2013-09-12 16:53:34,www.google.com
2013-09-12 16:53:34,www.google.fr
2013-09-12 16:53:36,www.kognitio.com
2013-09-12 16:53:37,www.kognitio.com
2013-09-12 16:53:42,www.kognitio.com
2013-09-12 16:53:42,www.google.com
2013-09-12 16:53:43,www.google.fr
2013-09-12 16:53:43,www.kognitio.com
2013-09-12 16:53:43,marketing.kognitio.com
2013-09-12 16:53:43,platform.linkedin.com
2013-09-12 16:53:43,api.twitter.com
2013-09-12 16:53:44,cdn-a.prezi.com
2013-09-12 16:53:44,gtssl-ocsp.geotrust.com
2013-09-12 16:53:44,platform.twitter.com
2013-09-12 16:53:45,www.google.com
2013-09-12 16:53:45,www.google.fr
2013-09-12 16:53:46,www.google.fr
2013-09-12 16:53:46,va.marketer.lpsnmedia.net
2013-09-12 16:53:46,ocsp.verisign.com
2013-09-12 16:53:46,www.kognitio.com
2013-09-12 16:53:46,ocsp.comodoca.com
2013-09-12 16:53:47,va.marketer.lpsnmedia.net
2013-09-12 16:53:48,platform.linkedin.com
2013-09-12 16:53:48,www.facebook.com
2013-09-12 16:53:49,www.facebook.com
2013-09-12 16:53:49,www.linkedin.com
2013-09-12 16:53:50,www.kognitio.com
2013-09-12 16:53:52,va.marketer.lpsnmedia.net
2013-09-12 16:53:52,marketing.kognitio.com
2013-09-12 16:53:53,marketing.kognitio.com
2013-09-12 16:53:54,marketing.kognitio.com
2013-09-12 16:53:54,cdn-ci37.actonsoftware.com
2013-09-12 16:54:09,www.kognitio.com
2013-09-12 16:54:10,ajax.googleapis.com
2013-09-12 16:54:16,twitter.com
2013-09-12 16:54:16,ocsp.digicert.com
2013-09-12 16:54:45,www.kognitio.com
2013-09-12 16:54:46,syndication.twitter.com
2013-09-12 16:54:47,www.kognitio.com
2013-09-12 16:54:47,www.google.fr
2013-09-12 16:54:47,marketing.kognitio.com
2013-09-12 16:54:47,www.google.com
2013-09-12 16:54:47,platform.linkedin.com
2013-09-12 16:54:48,www.google.fr
2013-09-12 16:54:48,platform.twitter.com
2013-09-12 16:54:50,www.google.com
2013-09-12 16:54:51,www.google.fr
2013-09-12 16:54:51,platform.linkedin.com
2013-09-12 16:54:51,www.facebook.com
2013-09-12 16:54:52,www.linkedin.com
2013-09-12 16:54:52,www.facebook.com
2013-09-12 16:54:53,www.kognitio.com
2013-09-12 16:54:54,support.quest.com
2013-09-12 16:55:06,www.kognitio.com
2013-09-12 16:55:06,api.twitter.com
2013-09-12 16:55:08,www.kognitio.com
2013-09-12 16:55:09,www.kognitio.com
2013-09-12 16:55:10,www.google.com
2013-09-12 16:55:10,www.kognitio.com
2013-09-12 16:55:10,api.twitter.com
2013-09-12 16:55:10,platform.linkedin.com
2013-09-12 16:55:10,www.google.fr
2013-09-12 16:55:10,marketing.kognitio.com
2013-09-12 16:55:11,platform.twitter.com
2013-09-12 16:55:12,dl.javafx.com
2013-09-12 16:55:12,va.marketer.lpsnmedia.net
2013-09-12 16:55:13,va.marketer.lpsnmedia.net
2013-09-12 16:55:13,platform.linkedin.com
2013-09-12 16:55:13,www.facebook.com
2013-09-12 16:55:14,www.linkedin.com
2013-09-12 16:55:15,www.facebook.com
2013-09-12 16:55:15,www.kognitio.com
2013-09-12 16:55:34,twitter.com
2013-09-12 16:55:39,prezi-a.akamaihd.net
2013-09-12 16:55:41,pbs.twimg.com
2013-09-12 16:55:42,platform.twitter.com
2013-09-12 16:56:11,syndication.twitter.com
2013-09-12 16:56:14,www.kognitio.com
2013-09-12 16:56:17,marketing.kognitio.com
2013-09-12 16:56:17,api.twitter.com
2013-09-12 16:56:17,www.kognitio.com
2013-09-12 16:56:17,www.google.fr
2013-09-12 16:56:17,www.google.com
2013-09-12 16:56:18,platform.twitter.com
2013-09-12 16:56:18,platform.linkedin.com
2013-09-12 16:56:18,api.twitter.com
2013-09-12 16:56:19,www.google.com
2013-09-12 16:56:19,va.marketer.lpsnmedia.net
2013-09-12 16:56:19,platform.linkedin.com
2013-09-12 16:56:20,www.linkedin.com
2013-09-12 16:56:20,www.facebook.com
2013-09-12 16:56:21,www.google.fr
2013-09-12 16:56:21,www.kognitio.com
2013-09-12 16:56:39,www.kognitio.com
2013-09-12 16:56:40,accounts.google.com
2013-09-12 16:56:42,www.kognitio.com
2013-09-12 16:56:42,api.twitter.com
2013-09-12 16:56:43,www.kognitio.com
2013-09-12 16:56:43,platform.linkedin.com
2013-09-12 16:56:43,api.twitter.com
2013-09-12 16:56:43,www.google.fr
2013-09-12 16:56:43,www.google.com
2013-09-12 16:56:43,marketing.kognitio.com
2013-09-12 16:56:44,www.facebook.com
2013-09-12 16:56:44,platform.linkedin.com
2013-09-12 16:56:44,va.marketer.lpsnmedia.net
2013-09-12 16:56:44,platform.twitter.com
2013-09-12 16:56:45,www.linkedin.com
2013-09-12 16:56:46,www.facebook.com
2013-09-12 16:56:46,www.kognitio.com
2013-09-12 16:56:54,marketing.kognitio.com
2013-09-12 16:56:54,cdn-ci37.actonsoftware.com
2013-09-12 16:57:02,twitter.com
2013-09-12 16:57:12,marketing.kognitio.com
2013-09-12 16:57:14,marketing.kognitio.com
2013-09-12 16:57:39,www.decideo.fr
2013-09-12 16:57:45,syndication.twitter.com
2013-09-12 16:57:58,gtssl-ocsp.geotrust.com
2013-09-12 16:59:13,mail.google.com
2013-09-12 16:59:13,www.google.fr
2013-09-12 16:59:14,syndication.twitter.com
2013-09-12 16:59:14,clients1.google.com
2013-09-12 16:59:28,clients1.google.com
2013-09-12 17:00:45,syndication.twitter.com
2013-09-12 17:02:08,www.google.fr
2013-09-12 17:02:15,accounts.youtube.com
2013-09-12 17:02:15,syndication.twitter.com
2013-09-12 17:02:16,accounts.google.fr
2013-09-12 17:02:20,clients2.google.com
2013-09-12 17:02:20,safebrowsing-cache.google.com
2013-09-12 17:02:20,safebrowsing.clients.google.com
2013-09-12 17:02:21,drive.google.com
2013-09-12 17:02:22,accounts.google.com
2013-09-12 17:02:22,www.google.com
2013-09-12 17:02:23,chatenabled.mail.google.com
2013-09-12 17:02:31,gm1.ggpht.com
2013-09-12 17:02:36,apis.google.com
2013-09-12 17:02:41,clients6.google.com
2013-09-12 17:03:45,syndication.twitter.com
2013-09-12 17:04:08,gtglobal-ocsp.geotrust.com
2013-09-12 17:04:08,clients1.google.com
2013-09-12 17:04:09,www.google.fr
2013-09-12 17:05:01,www.linkedin.com
2013-09-12 17:05:04,rs8.scribd.com
2013-09-12 17:05:05,rs6.scribd.com
2013-09-12 17:05:10,www.linkedin.com
2013-09-12 17:05:15,syndication.twitter.com
2013-09-12 17:06:27,clients2.google.com
2013-09-12 17:06:28,drive.google.com
2013-09-12 17:06:29,chatenabled.mail.google.com
2013-09-12 17:07:02,plus.google.com
2013-09-12 17:07:02,www.google.com
2013-09-12 17:07:05,accounts.google.fr
2013-09-12 17:07:05,accounts.google.com
2013-09-12 17:07:06,apis.google.com
2013-09-12 17:07:06,accounts.youtube.com
2013-09-12 17:07:06,mail.google.com
2013-09-12 17:08:20,snippets-stats.mozilla.org
2013-09-12 17:11:35,www.google.com
2013-09-12 17:12:07,www.maqsoud.net
2013-09-12 17:12:07,www.google.fr
2013-09-12 17:12:07,safebrowsing.clients.google.com
2013-09-12 17:12:08,connect.facebook.net
2013-09-12 17:12:08,www.maqsoud.net
2013-09-12 17:12:09,www.facebook.com
2013-09-12 17:12:09,www.maqsoud.net
2013-09-12 17:12:39,www.google.fr
2013-09-12 17:12:39,twitter.com
2013-09-12 17:12:40,platform.twitter.com
2013-09-12 17:12:40,www.google.fr
2013-09-12 17:12:40,www.japprendslarabe.net
2013-09-12 17:12:40,www.youtube.com
2013-09-12 17:12:40,www.google.com
2013-09-12 17:12:41,evsecure-ocsp.verisign.com
2013-09-12 17:12:41,www.google.fr
2013-09-12 17:12:41,www.japprendslarabe.net
2013-09-12 17:12:41,s.ytimg.com
2013-09-12 17:12:41,platform.twitter.com
2013-09-12 17:12:41,www.facebook.com
2013-09-12 17:12:42,www.japprendslarabe.net
2013-09-12 17:12:42,www.youtube.com
2013-09-12 17:12:42,s.ytimg.com
2013-09-12 17:12:42,i1.ytimg.com
2013-09-12 17:12:45,www.japprendslarabe.net
2013-09-12 17:12:45,www.youtube.com
2013-09-12 17:12:46,www.facebook.com
2013-09-12 17:12:46,www.google.fr
2013-09-12 17:12:46,www.japprendslarabe.net
2013-09-12 17:12:47,www.youtube.com
2013-09-12 17:12:47,www.facebook.com
2013-09-12 17:12:47,hal9000.redintelligence.net
2013-09-12 17:12:48,hal9000.redintelligence.net
2013-09-12 17:12:48,www.japprendslarabe.net
2013-09-12 17:12:48,banniere.reussissonsensemble.fr
2013-09-12 17:12:48,www.prizee.com
2013-09-12 17:12:49,banniere.reussissonsensemble.fr
2013-09-12 17:12:49,a.nonstoppartner.net
2013-09-12 17:12:49,www.japprendslarabe.net
2013-09-12 17:12:49,www.youtube.com
2013-09-12 17:12:50,www.google.fr
2013-09-12 17:12:50,www.japprendslarabe.net
2013-09-12 17:12:50,www.facebook.com
2013-09-12 17:12:51,www.youtube.com
2013-09-12 17:12:51,www.facebook.com
2013-09-12 17:12:52,www.japprendslarabe.net
2013-09-12 17:12:58,www.youtube.com
2013-09-12 17:12:58,www.japprendslarabe.net
2013-09-12 17:12:59,www.facebook.com
2013-09-12 17:13:00,www.youtube.com
2013-09-12 17:13:01,www.japprendslarabe.net
2013-09-12 17:13:03,banniere.reussissonsensemble.fr
2013-09-12 17:13:07,www.japprendslarabe.net
2013-09-12 17:13:08,www.google.fr
2013-09-12 17:13:08,www.japprendslarabe.net
2013-09-12 17:13:08,platform.twitter.com
2013-09-12 17:13:08,www.youtube.com
2013-09-12 17:13:09,www.facebook.com
2013-09-12 17:13:09,www.youtube.com
2013-09-12 17:13:10,www.japprendslarabe.net
2013-09-12 17:13:27,twitter.com
2013-09-12 17:13:28,www.paypalobjects.com
2013-09-12 17:13:40,www.japprendslarabe.net
2013-09-12 17:13:41,www.youtube.com
2013-09-12 17:13:41,www.facebook.com
2013-09-12 17:13:41,www.japprendslarabe.net
2013-09-12 17:13:42,www.japprendslarabe.net
2013-09-12 17:13:42,www.youtube.com
2013-09-12 17:13:42,www.facebook.com
2013-09-12 17:13:43,twitter.com
2013-09-12 17:13:46,fbstatic-a.akamaihd.net
2013-09-12 17:13:51,fbstatic-a.akamaihd.net
2013-09-12 17:13:53,www.google.fr
2013-09-12 17:13:54,www.japprendslarabe.net
2013-09-12 17:13:54,www.youtube.com
2013-09-12 17:13:54,www.google.fr
2013-09-12 17:13:54,www.facebook.com
2013-09-12 17:13:55,www.youtube.com
2013-09-12 17:13:56,fbstatic-a.akamaihd.net
2013-09-12 17:13:56,www.japprendslarabe.net
2013-09-12 17:13:56,www.facebook.com
2013-09-12 17:13:58,fbstatic-a.akamaihd.net
2013-09-12 17:14:00,www.youtube.com
2013-09-12 17:14:00,www.japprendslarabe.net
2013-09-12 17:14:01,www.youtube.com
2013-09-12 17:14:01,www.google.fr
2013-09-12 17:14:01,www.japprendslarabe.net
2013-09-12 17:14:02,www.facebook.com
2013-09-12 17:14:04,platform.twitter.com
2013-09-12 17:14:26,twitter.com
2013-09-12 17:15:35,ajax.googleapis.com
2013-09-12 17:15:36,accounts.google.com
2013-09-12 17:15:52,www.facebook.com
2013-09-12 17:16:04,plusone.google.com
2013-09-12 17:16:15,www.japprendslarabe.net
2013-09-12 17:16:16,www.youtube.com
2013-09-12 17:16:16,www.facebook.com
2013-09-12 17:16:16,www.japprendslarabe.net
2013-09-12 17:16:17,twitter.com
2013-09-12 17:17:07,www.google.fr
2013-09-12 17:17:08,www.firdaous.com
2013-09-12 17:17:09,evsecure-ocsp.verisign.com
2013-09-12 17:17:09,www.firdaous.com
2013-09-12 17:17:10,www.facebook.com
2013-09-12 17:17:12,platform.twitter.com
2013-09-12 17:17:38,www.firdaous.com
2013-09-12 17:17:40,twitter.com
2013-09-12 17:18:08,www.firdaous.com
2013-09-12 17:18:38,www.firdaous.com
2013-09-12 17:19:04,www.paypal.com
2013-09-12 17:19:08,platform.twitter.com
2013-09-12 17:19:08,www.firdaous.com
2013-09-12 17:19:38,www.firdaous.com
2013-09-12 17:19:39,www.firdaous.com
2013-09-12 17:19:43,translate.google.fr
2013-09-12 17:20:01,www.google.fr
2013-09-12 17:20:01,www.google.com
2013-09-12 17:20:04,www.firdaous.com
2013-09-12 17:20:06,apis.google.com
2013-09-12 17:20:06,accounts.google.com
2013-09-12 17:20:09,www.firdaous.com
2013-09-12 17:20:10,www.facebook.com
2013-09-12 17:20:38,www.firdaous.com
2013-09-12 17:21:08,www.firdaous.com
2013-09-12 17:21:38,www.firdaous.com
2013-09-12 17:21:50,www.firdaous.com
2013-09-12 17:22:01,www.firdaous.com
2013-09-12 17:22:08,www.firdaous.com
2013-09-12 17:22:20,www.firdaous.com
2013-09-12 17:22:24,www.firdaous.com
2013-09-12 17:22:28,www.firdaous.com
2013-09-12 17:22:37,www.firdaous.com
2013-09-12 17:22:39,www.firdaous.com
2013-09-12 17:23:01,www.firdaous.com
2013-09-12 17:23:08,www.firdaous.com
2013-09-12 17:23:23,www.firdaous.com
2013-09-12 17:23:40,www.firdaous.com
2013-09-12 17:24:08,www.firdaous.com
2013-09-12 17:24:39,www.firdaous.com
2013-09-12 17:25:08,www.firdaous.com
2013-09-12 17:25:11,www.firdaous.com
2013-09-12 17:25:38,www.firdaous.com
2013-09-12 17:25:50,www.firdaous.com
2013-09-12 17:26:08,www.firdaous.com
2013-09-12 17:26:29,www.firdaous.com
2013-09-12 17:26:38,www.firdaous.com
2013-09-12 17:27:08,www.firdaous.com
2013-09-12 17:27:14,www.firdaous.com
2013-09-12 17:27:38,www.firdaous.com
2013-09-12 17:27:51,www.firdaous.com
2013-10-12 13:41:35,gtssl-ocsp.geotrust.com
2013-10-12 13:41:49,clients1.google.com
2013-10-12 13:41:49,gtglobal-ocsp.geotrust.com
2013-10-12 13:41:53,www.google.fr
2013-10-12 13:41:53,www.quest.com
2013-10-12 13:41:54,www.quest.com
2013-10-12 13:41:54,nexus.ensighten.com
2013-10-12 13:41:55,www.quest.com
2013-10-12 13:41:55,apis.google.com
2013-10-12 13:41:55,nexus.ensighten.com
2013-10-12 13:41:57,www.quest.com
2013-10-12 13:41:57,nexus.ensighten.com
2013-10-12 13:42:16,www.quest.com
2013-10-12 13:42:17,www.quest.com
2013-10-12 13:42:17,nexus.ensighten.com
2013-10-12 13:42:19,www.quest.com
2013-10-12 13:42:19,nexus.ensighten.com
2013-10-12 13:42:20,www.quest.com
2013-10-12 13:42:21,www.quest.com
2013-10-12 13:42:22,ocsp.verisign.com
2013-10-12 13:42:24,clients1.google.com
2013-10-12 13:42:25,ocsp.digicert.com
2013-10-12 13:42:25,evsecure-ocsp.verisign.com
2013-10-12 13:42:25,ocsp.verisign.com
2013-10-12 13:42:26,ocsp.verisign.com
2013-10-12 13:42:27,www.quest.com
2013-10-12 13:42:27,ocsp.verisign.com
2013-10-12 13:42:33,nexus.ensighten.com
2013-10-12 13:42:34,nexus.ensighten.com
2013-10-12 13:42:48,nexus.ensighten.com
2013-10-12 13:43:41,res2.windows.microsoft.com
2013-10-12 13:43:41,go.microsoft.com
2013-10-12 13:43:41,res1.windows.microsoft.com
2013-10-12 13:43:41,ajax.microsoft.com
2013-10-12 13:43:41,windows.microsoft.com
2013-10-12 13:43:41,js.microsoft.com
2013-10-12 13:43:42,www.facebook.com
2013-10-12 13:43:42,res1.windows.microsoft.com
2013-10-12 13:43:42,windows.microsoft.com
2013-10-12 13:43:42,res2.windows.microsoft.com
2013-10-12 13:43:43,www.facebook.com
2013-10-12 13:43:43,js.microsoft.com
2013-10-12 13:43:43,res1.windows.microsoft.com
2013-10-12 13:43:43,windows.microsoft.com
2013-10-12 13:43:44,res2.windows.microsoft.com
2013-10-12 13:43:44,res1.windows.microsoft.com
2013-10-12 13:43:46,res1.windows.microsoft.com
2013-10-12 13:43:46,www.bing.com
2013-10-12 13:43:48,api.bing.com
2013-10-12 13:43:49,www.bing.com
2013-10-12 13:43:50,www.bing.com
2013-10-12 13:43:50,fr.youtube.com
2013-10-12 13:43:51,i1.ytimg.com
2013-10-12 13:43:51,www.youtube.com
2013-10-12 13:43:51,www.bing.com
2013-10-12 13:43:51,s.ytimg.com
2013-10-12 13:43:52,s.ytimg.com
2013-10-12 13:43:53,apis.google.com
2013-10-12 13:43:53,i1.ytimg.com
2013-10-12 13:43:53,s.ytimg.com
2013-10-12 13:43:58,clients1.google.com
2013-10-12 13:43:58,s.ytimg.com
2013-10-12 13:44:00,www.quest.com
2013-10-12 13:44:00,apis.google.com
2013-10-12 13:44:01,nexus.ensighten.com
2013-10-12 13:44:02,www.quest.com
2013-10-12 13:44:03,www.quest.com
2013-10-12 13:44:04,nexus.ensighten.com
2013-10-12 13:44:04,secure.eloqua.com
2013-10-12 13:44:04,www.quest.com
2013-10-12 13:44:06,javadl-esd-secure.oracle.com
2013-10-12 13:44:14,javadl-esd-secure.oracle.com
2013-10-12 13:44:18,www.quest.com
2013-10-12 13:44:21,secure.eloqua.com
2013-10-12 13:44:22,safebrowsing-cache.google.com
2013-10-12 13:44:22,www.quest.com
2013-10-12 13:44:22,safebrowsing.clients.google.com
2013-10-12 13:44:33,nexus.ensighten.com
2013-10-12 13:44:47,id.google.fr
2013-10-12 13:44:47,www.google.fr
2013-10-12 13:44:47,www.google.com
2013-10-12 13:45:12,apis.google.com
2013-10-12 13:45:25,www.quest.com
2013-10-12 13:45:26,www.quest.com
2013-10-12 13:45:27,secure.eloqua.com
2013-10-12 13:45:36,nexus.ensighten.com
2013-10-12 13:45:39,ieonline.microsoft.com
2013-10-12 13:45:41,ieonline.microsoft.com
2013-10-12 13:45:41,go.microsoft.com
2013-10-12 13:45:41,www.quest.com
2013-10-12 13:45:51,nexus.ensighten.com
2013-10-12 13:46:08,www.quest.com
2013-10-12 13:46:17,www.quest.com
2013-10-12 13:46:27,nexus.ensighten.com
2013-10-12 13:46:38,www.quest.com
2013-10-12 13:46:47,www.quest.com
2013-10-12 13:46:58,nexus.ensighten.com
2013-10-12 13:48:54,secure.eloqua.com
2013-10-12 13:49:17,www.quest.com
2013-10-12 13:50:09,www.quest.com
2013-10-12 14:00:58,clients1.google.com
2013-10-12 14:00:58,gtglobal-ocsp.geotrust.com
2013-10-12 14:01:01,snippets-stats.mozilla.org
2013-10-12 14:01:01,www.google.com
2013-10-12 14:01:01,www.google.fr
2013-10-12 14:01:01,id.google.fr
2013-10-12 14:01:06,fpdownload2.macromedia.com
2013-10-12 14:01:08,api.bing.com
2013-10-12 14:01:09,www.bing.com
2013-10-12 14:01:10,www.bing.com
2013-10-12 14:01:10,cms.abmr.net
2013-10-12 14:01:11,www.bing.com
2013-10-12 14:01:12,us-mp.quest.com
2013-10-12 14:01:12,nexus.ensighten.com
2013-10-12 14:01:12,www.questsoftware.fr
2013-10-12 14:01:13,nexus.ensighten.com
2013-10-12 14:01:13,us-mp.quest.com
2013-10-12 14:01:14,www.questsoftware.fr
2013-10-12 14:01:14,fr-mp.quest.com
2013-10-12 14:01:15,fr-mp.quest.com
2013-10-12 14:01:15,us-mp.quest.com
2013-10-12 14:01:15,www.questsoftware.fr
2013-10-12 14:01:16,www.questsoftware.fr
2013-10-12 14:01:16,fr-mp.quest.com
2013-10-12 14:01:18,nexus.ensighten.com
2013-10-12 14:01:25,www.questsoftware.fr
2013-10-12 14:01:26,nexus.ensighten.com
2013-10-12 14:01:26,www.questsoftware.fr
2013-10-12 14:01:26,fr-mp.quest.com
2013-10-12 14:01:27,fr-mp.quest.com
2013-10-12 14:01:28,www.questsoftware.fr
2013-10-12 14:01:29,www.questsoftware.fr
2013-10-12 14:01:30,www.questsoftware.fr
2013-10-12 14:01:30,us-mp.quest.com
2013-10-12 14:01:31,us-mp.quest.com
2013-10-12 14:01:31,nexus.ensighten.com
2013-10-12 14:01:32,www.questsoftware.fr
2013-10-12 14:01:36,www.questsoftware.fr
2013-10-12 14:01:36,nexus.ensighten.com
2013-10-12 14:01:37,www.questsoftware.fr
2013-10-12 14:01:38,www.questsoftware.fr
2013-10-12 14:01:46,www.questsoftware.fr
2013-10-12 14:01:47,nexus.ensighten.com
2013-10-12 14:01:48,www.questsoftware.fr
2013-10-12 14:02:43,www.questsoftware.fr
2013-10-12 14:03:36,www.questsoftware.fr
2013-10-12 14:03:37,www.questsoftware.fr
2013-10-12 14:03:37,fr-mp.quest.com
2013-10-12 14:03:38,www.quest.com
2013-10-12 14:03:38,fr-mp.quest.com
2013-10-12 14:03:38,support.quest.com
2013-10-12 14:03:38,portaleu.ondemand.quest.com
2013-10-12 14:03:38,nexus.ensighten.com
2013-10-12 14:03:38,www.questsoftware.jp
2013-10-12 14:03:38,portal.ondemand.quest.com
2013-10-12 14:03:39,www.questsoftware.fr
2013-10-12 14:03:39,support.questsoftware.jp
2013-10-12 14:03:39,portal.ondemand.quest.com
2013-10-12 14:03:44,www.questsoftware.fr
2013-10-12 14:03:45,portal.ondemand.quest.com
2013-10-12 14:03:45,nexus.ensighten.com
2013-10-12 14:03:45,www.questsoftware.jp
2013-10-12 14:03:45,fr-mp.quest.com
2013-10-12 14:03:45,support.questsoftware.jp
2013-10-12 14:03:45,www.quest.com
2013-10-12 14:03:45,portaleu.ondemand.quest.com
2013-10-12 14:03:45,support.quest.com
2013-10-12 14:03:46,www.questsoftware.fr
2013-10-12 14:03:54,www.questsoftware.fr
2013-10-12 14:03:56,www.questsoftware.fr
2013-10-12 14:04:02,www.questsoftware.fr
2013-10-12 14:14:31,www.quest.com
2013-10-12 14:14:32,toadworld.com
2013-10-12 14:15:47,www.oracle.com
2013-10-12 14:15:48,www.oracle.com
2013-10-12 14:15:48,apex.oracle.com
2013-10-12 14:23:42,api.bing.com
2013-10-12 14:23:43,api.bing.com
2013-10-12 14:23:44,api.bing.com
2013-10-12 14:23:46,www.dropbox.com
2013-10-12 14:23:47,www.dropbox.com
2013-10-12 14:23:50,ajax.googleapis.com
2013-10-12 14:24:19,ajax.googleapis.com
2013-10-12 14:24:37,dl-web.dropbox.com
2013-10-12 14:25:08,dl-web.dropbox.com
2013-10-12 14:25:21,www.dropbox.com
2013-10-12 14:25:28,www.dropbox.com
2013-10-12 14:25:38,dl-web.dropbox.com
2013-10-12 14:25:58,dl-web.dropbox.com
2013-10-12 14:26:02,dl-web.dropbox.com
2013-10-12 14:26:08,dl-web.dropbox.com
2013-10-12 14:26:10,dl-web.dropbox.com
2013-10-12 14:26:16,dl-web.dropbox.com
2013-10-12 14:26:23,dl-web.dropbox.com
2013-10-12 14:26:29,dl-web.dropbox.com
2013-10-12 14:26:35,dl-web.dropbox.com
2013-10-12 14:26:41,dl-web.dropbox.com
2013-10-12 14:26:47,dl-web.dropbox.com
2013-10-12 14:26:53,armmf.adobe.com
2013-10-12 14:26:54,dl-web.dropbox.com
2013-10-12 14:26:55,armmf.adobe.com
2013-10-12 14:26:57,armdl.adobe.com
2013-10-12 14:27:01,dl-web.dropbox.com
2013-10-12 14:27:08,dl-web.dropbox.com
2013-10-12 14:27:19,dl-web.dropbox.com
2013-10-12 14:27:25,dl-web.dropbox.com
2013-10-12 14:27:32,dl-web.dropbox.com
2013-10-12 14:27:39,dl-web.dropbox.com
2013-10-12 14:27:44,dl-web.dropbox.com
2013-10-12 14:27:51,dl-web.dropbox.com
2013-10-12 14:27:58,dl-web.dropbox.com
2013-10-12 14:28:05,dl-web.dropbox.com
2013-10-12 14:28:11,dl-web.dropbox.com
2013-10-12 14:28:20,dl-web.dropbox.com
2013-10-12 14:28:20,www.questsoftware.fr
2013-10-12 14:28:27,dl-web.dropbox.com
2013-10-12 14:28:34,dl-web.dropbox.com
2013-10-12 14:28:42,dl-web.dropbox.com
2013-10-12 14:28:43,dl-web.dropbox.com
2013-10-12 14:28:49,dl-web.dropbox.com
2013-10-12 14:28:56,dl-web.dropbox.com
2013-10-12 14:28:58,dl-web.dropbox.com
2013-10-12 14:29:05,dl-web.dropbox.com
2013-10-12 14:29:10,dl-web.dropbox.com
2013-10-12 14:29:11,dl-web.dropbox.com
2013-10-12 14:29:20,dl-web.dropbox.com
2013-10-12 14:29:27,dl-web.dropbox.com
2013-10-12 14:29:34,dl-web.dropbox.com
2013-10-12 14:29:36,dl-web.dropbox.com
2013-10-12 14:29:42,dl-web.dropbox.com
2013-10-12 14:29:49,dl-web.dropbox.com
2013-10-12 14:29:56,dl-web.dropbox.com
2013-10-12 14:30:03,dl-web.dropbox.com
2013-10-12 14:30:07,dl-web.dropbox.com
2013-10-12 14:30:08,dl-web.dropbox.com
2013-10-12 14:30:09,dl-web.dropbox.com
2013-10-12 14:30:21,dl-web.dropbox.com
2013-10-12 14:30:28,dl-web.dropbox.com
2013-10-12 14:30:36,dl-web.dropbox.com
2013-10-12 14:30:44,dl-web.dropbox.com
2013-10-12 14:30:51,dl-web.dropbox.com
2013-10-12 14:30:59,dl-web.dropbox.com
2013-10-12 14:31:07,dl-web.dropbox.com
2013-10-12 14:31:14,dl-web.dropbox.com
2013-10-12 14:31:19,dl-web.dropbox.com
2013-10-12 15:12:52,www.dropbox.com
2013-10-12 15:16:43,api.bing.com
2013-10-12 15:16:44,api.bing.com
2013-10-12 15:16:45,api.bing.com
2013-10-12 15:16:48,api.bing.com
2013-10-12 15:16:50,www.pagesjaunes.fr
2013-10-12 15:16:50,logc258.at.pagesjaunes.fr
2013-10-12 15:16:50,www.bing.com
2013-10-12 15:16:51,ecn.api.tiles.virtualearth.net
2013-10-12 15:16:51,www.bing.com
2013-10-12 15:16:54,www.bing.com
2013-10-12 15:16:55,www.bing.com
2013-10-12 15:16:55,www.eventseye.com
2013-10-12 15:16:56,www.eventseye.com
2013-10-12 15:16:57,www.eventseye.com
2013-10-12 15:16:59,logc258.at.pagesjaunes.fr
2013-10-12 15:16:59,www.bing.com
2013-10-12 15:17:00,www.centrefrance-evenements.com
2013-10-12 15:17:00,www.bing.com
2013-10-12 15:17:00,www.marche-noel-clermont.com
2013-10-12 15:17:01,www.marche-noel-clermont.com
2013-10-12 15:17:01,www.centrefrance-evenements.com
2013-10-12 15:17:01,connect.facebook.net
2013-10-12 15:17:02,s-static.ak.facebook.com
2013-10-12 15:17:02,static.ak.facebook.com
2013-10-12 15:17:02,www.marche-noel-clermont.com
2013-10-12 15:17:02,www.facebook.com
2013-10-12 15:17:22,www.marche-noel-clermont.com
2013-10-12 15:17:23,www.marche-noel-clermont.com
2013-10-12 15:17:24,www.facebook.com
2013-10-12 15:18:49,www.marche-noel-clermont.com
2013-10-12 15:18:50,www.marche-noel-clermont.com
2013-10-12 15:18:51,www.facebook.com
2013-10-12 15:18:55,www.marche-noel-clermont.com
2013-10-12 15:19:01,www.marche-noel-clermont.com
2013-10-12 20:57:11,www.microsoft.com
2013-10-12 20:57:11,care.dlservice.microsoft.com
2013-10-12 20:57:12,www.microsoft.com
2013-10-12 20:57:13,technet.microsoft.com
2013-10-12 20:57:13,care.dlservice.microsoft.com
2013-10-12 20:57:14,technet.microsoft.com
2013-10-12 21:00:44,javadl-esd-secure.oracle.com
2013-10-12 21:02:58,javadl-esd-secure.oracle.com
2013-10-12 21:07:11,gtglobal-ocsp.geotrust.com
2013-10-12 21:07:11,clients1.google.com
2013-10-12 21:07:12,clients1.google.com
2013-10-12 21:07:42,www.google.fr
2013-10-12 21:07:43,www.quest.com
2013-10-12 21:07:43,nexus.ensighten.com
2013-10-12 21:07:44,www.quest.com
2013-10-12 21:07:44,nexus.ensighten.com
2013-10-12 21:07:44,apis.google.com
2013-10-12 21:07:46,www.quest.com
2013-10-12 21:08:08,gtssl-ocsp.geotrust.com
2013-10-12 21:08:46,www.quest.com
2013-10-12 21:09:08,safebrowsing-cache.google.com
2013-10-12 21:09:08,safebrowsing.clients.google.com
2013-10-12 21:09:09,safebrowsing-cache.google.com
2013-10-12 21:09:11,www.quest.com
2013-10-12 21:09:12,www.quest.com
2013-10-12 21:09:12,nexus.ensighten.com
2013-10-12 21:09:13,www.quest.com
2013-10-12 21:09:15,www.quest.com
2013-10-12 21:09:17,www.quest.com
2013-10-12 21:09:18,ocsp.verisign.com
2013-10-12 21:09:20,evsecure-ocsp.verisign.com
2013-10-12 21:09:20,clients1.google.com
2013-10-12 21:09:20,ocsp.digicert.com
2013-10-12 21:09:21,ocsp.verisign.com
2013-10-12 21:09:22,ocsp.verisign.com
2013-10-12 21:09:23,www.quest.com
2013-10-12 21:09:28,nexus.ensighten.com
2013-10-12 21:09:29,nexus.ensighten.com
2013-10-12 21:10:10,www.google.fr
2013-10-12 21:10:10,www.google.com
2013-10-12 21:11:05,ocsp.thawte.com
2013-10-12 21:11:07,www.quest.com
2013-10-12 21:11:13,www.quest.com
2013-10-12 21:11:16,secure.eloqua.com
2013-10-12 21:11:17,www.quest.com
2013-10-12 21:11:19,www.quest.com
2013-10-12 21:12:08,apis.google.com
2013-10-12 21:42:49,www.quest.com
2013-10-12 21:42:50,toadworld.com
2013-10-12 21:51:48,gtglobal-ocsp.geotrust.com
2013-10-12 21:51:48,clients1.google.com
2013-10-12 21:51:52,ocsp.thawte.com
2013-10-12 21:51:53,clients1.google.com
2013-10-12 21:51:53,ocsp.digicert.com
2013-10-12 21:53:47,dl-web.dropbox.com
2013-10-12 21:53:48,dl-web.dropbox.com
2013-10-12 21:53:50,safebrowsing.clients.google.com
2013-10-12 21:53:51,safebrowsing-cache.google.com
2013-10-12 21:54:44,www.google.com
2013-10-12 21:54:47,www.google.fr
2013-10-12 21:54:50,ajax.googleapis.com
2013-10-12 21:55:42,ocsp.verisign.com
2013-10-12 21:57:42,ocsp.digicert.com
2013-10-12 22:06:30,www.oracle.com
2013-10-12 22:06:31,www.oracle.com
2013-10-12 22:06:31,apex.oracle.com
2013-10-12 22:22:16,safebrowsing.clients.google.com
2013-10-12 22:22:16,safebrowsing-cache.google.com
2013-10-12 22:48:47,dl-web.dropbox.com
2013-10-12 22:48:47,www.dropbox.com
2013-11-15 08:21:11,armmf.adobe.com
2013-11-15 08:21:13,armmf.adobe.com
2013-11-15 08:21:17,armdl.adobe.com
2013-11-15 08:23:49,www.oracle.com
2013-11-15 08:23:51,apex.oracle.com
2013-11-15 08:23:51,www.oracle.com
2013-11-15 08:25:11,www.google.fr
2013-11-15 08:25:14,www.google.com
2013-11-15 08:25:15,go.microsoft.com
2013-11-15 08:25:16,ajax.microsoft.com
2013-11-15 08:25:16,js.microsoft.com
2013-11-15 08:25:16,windows.microsoft.com
2013-11-15 08:25:16,res1.windows.microsoft.com
2013-11-15 08:25:16,res2.windows.microsoft.com
2013-11-15 08:25:17,res1.windows.microsoft.com
2013-11-15 08:25:17,js.microsoft.com
2013-11-15 08:25:20,www.bing.com
2013-11-15 08:25:29,www.google.fr
2013-11-15 08:25:29,www.google.com
2013-11-15 08:26:03,javadl-esd-secure.oracle.com
2013-11-15 08:26:11,javadl-esd-secure.oracle.com
2013-11-15 08:27:22,go.microsoft.com
2013-11-15 08:27:22,ieonline.microsoft.com
2013-11-15 10:39:42,www.oracle.com
2013-11-15 10:39:42,apex.oracle.com
2013-11-15 10:43:17,javadl-esd-secure.oracle.com
2013-11-15 10:49:00,javadl-esd-secure.oracle.com
2013-11-15 11:55:13,dl.javafx.com
2013-11-15 12:31:10,gtssl-ocsp.geotrust.com
2013-11-15 12:31:12,gtssl-ocsp.geotrust.com
2013-11-15 12:31:17,geo.mozilla.org
2013-11-15 12:31:48,clients1.google.com
2013-11-15 12:31:49,gtglobal-ocsp.geotrust.com
2013-11-15 12:31:49,clients1.google.com
2013-11-15 12:31:51,www.google.fr
2013-11-15 12:31:52,ocsp.thawte.com
2013-11-15 12:31:53,clients1.google.com
2013-11-15 12:31:53,ocsp.digicert.com
2013-11-15 12:31:54,clients1.google.com
2013-11-15 12:31:54,ocsp.thawte.com
2013-11-15 12:31:54,ocsp.comodoca.com
2013-11-15 12:31:54,ocsp.usertrust.com
2013-11-15 12:31:54,ocsp.godaddy.com
2013-11-15 12:31:55,ocsp.digicert.com
2013-11-15 12:31:55,www.facebook.com
2013-11-15 12:31:56,ocsp.thawte.com
2013-11-15 12:31:57,ocsp.comodoca.com
2013-11-15 12:31:57,ocsp.godaddy.com
2013-11-15 12:31:57,www.facebook.com
2013-11-15 12:31:58,ocsp.entrust.net
2013-11-15 12:31:58,ocsp.usertrust.com
2013-11-15 12:31:58,ocsp.digicert.com
2013-11-15 12:31:58,rapidssl-ocsp.geotrust.com
2013-11-15 12:32:01,077-zjt-858.mktoresp.com
2013-11-15 12:32:07,077-zjt-858.mktoresp.com
2013-11-15 12:32:19,077-zjt-858.mktoresp.com
2013-11-15 12:32:26,077-zjt-858.mktoresp.com
2013-11-15 12:32:33,077-zjt-858.mktoresp.com
2013-11-15 12:32:42,077-zjt-858.mktoresp.com
2013-11-15 12:32:49,077-zjt-858.mktoresp.com
2013-11-15 12:32:50,077-zjt-858.mktoresp.com
2013-11-15 12:33:01,077-zjt-858.mktoresp.com
2013-11-15 12:33:02,077-zjt-858.mktoresp.com
2013-11-15 12:33:04,gtssldv-ocsp.geotrust.com
2013-11-15 12:33:09,077-zjt-858.mktoresp.com
2013-11-15 12:33:57,dl-web.dropbox.com
2013-11-15 12:33:57,www.snapengage.com
2013-11-15 12:33:57,commondatastorage.googleapis.com
2013-11-15 12:33:57,ajax.googleapis.com
2013-11-15 12:33:57,www.dropbox.com
2013-11-15 12:33:57,apis.google.com
2013-11-15 12:33:57,www.google.com
2013-11-15 12:33:57,www.google.fr
2013-11-15 14:08:01,www.oracle.com
2013-11-15 14:08:02,apex.oracle.com
2013-11-15 14:08:02,www.oracle.com
2013-11-15 14:11:24,javadl-esd-secure.oracle.com
2013-11-15 14:18:26,javadl-esd-secure.oracle.com
2013-11-15 14:21:49,www.google.fr
2013-11-15 14:21:51,www.google.com
2013-11-15 14:21:51,apis.google.com
2013-11-15 14:22:00,www.google.fr
2013-11-15 14:22:00,apis.google.com
2013-11-15 14:22:00,www.google.com
2013-11-15 14:22:01,fpdownload2.macromedia.com
2013-11-15 14:22:10,www.google.fr
2013-11-15 14:24:54,ieonline.microsoft.com
2013-11-15 15:20:56,www.bing.com
2013-11-15 15:20:57,www.bing.com
2013-11-15 15:20:58,cms.abmr.net
2013-11-15 15:20:58,www.bing.com
2013-11-15 15:20:59,login.live.com
2013-11-15 15:21:00,ssl.bing.com
2013-11-15 15:21:00,www.bing.com
2013-11-15 15:21:05,www.bing.com
2013-11-15 15:21:07,www.google.fr
2013-11-15 15:21:09,www.google.com
2013-11-15 15:21:11,translate.google.fr
2013-11-15 15:21:40,inputtools.google.com
2013-11-15 15:21:40,ssl.bing.com
2013-11-15 15:22:22,translate.google.fr
2013-11-15 15:22:33,www.google.fr
2013-11-15 15:24:51,translate.google.fr
2013-11-15 15:25:16,www.google.com
2013-11-15 15:26:33,inputtools.google.com
2013-11-15 15:26:45,inputtools.google.com
2013-11-15 15:26:47,translate.google.fr
2013-11-15 15:29:33,translate.google.fr
2013-11-15 15:29:47,www.firdaous.com
2013-11-15 15:29:47,www.google.fr
2013-11-15 15:29:48,www.firdaous.com
2013-11-15 15:29:48,platform.twitter.com
2013-11-15 15:29:48,connect.facebook.net
2013-11-15 15:29:48,apis.google.com
2013-11-15 15:29:49,www.facebook.com
2013-11-15 15:29:49,s-static.ak.facebook.com
2013-11-15 15:29:49,accounts.google.com
2013-11-15 15:29:49,www.paypal.com
2013-11-15 15:29:49,twitter.com
2013-11-15 15:29:49,www.firdaous.com
2013-11-15 15:29:49,static.ak.facebook.com
2013-11-15 15:29:49,apis.google.com
2013-11-15 15:29:50,twitter.com
2013-11-15 15:29:51,www.firdaous.com
2013-11-15 15:29:51,accounts.google.com
2013-11-15 15:29:51,apis.google.com
2013-11-15 15:29:51,platform.twitter.com
2013-11-15 15:29:51,www.google.com
2013-11-15 15:29:57,www.firdaous.com
2013-11-15 15:30:20,www.firdaous.com
2013-11-15 15:30:50,www.firdaous.com
2013-11-15 15:31:00,www.firdaous.com
2013-11-15 15:31:00,platform.twitter.com
2013-11-15 15:31:10,www.firdaous.com
2013-11-15 15:31:17,www.firdaous.com
2013-11-15 15:31:20,www.firdaous.com
2013-11-15 15:31:39,static.ak.facebook.com
2013-11-15 15:31:39,www.firdaous.com
2013-11-15 15:31:39,www.google.fr
2013-11-15 15:31:39,www.facebook.com
2013-11-15 15:31:39,s-static.ak.facebook.com
2013-11-15 15:31:39,apis.google.com
2013-11-15 15:31:40,www.firdaous.com
2013-11-15 15:31:40,www.facebook.com
2013-11-15 15:31:40,twitter.com
2013-11-15 15:31:42,www.firdaous.com
2013-11-15 15:31:43,www.facebook.com
2013-11-15 15:31:43,s-static.ak.facebook.com
2013-11-15 15:31:43,static.ak.facebook.com
2013-11-15 15:31:44,www.firdaous.com
2013-11-15 15:31:47,www.firdaous.com
2013-11-15 15:32:13,twitter.com
2013-11-15 15:32:55,apis.google.com
2013-11-15 15:54:30,www.google.fr
2013-11-15 15:54:40,www.facebook.com
2013-11-15 15:54:40,www.google.fr
2013-11-15 15:54:40,platform.twitter.com
2013-11-15 15:54:40,sql.sh
2013-11-15 15:54:41,accounts.google.com
2013-11-15 15:54:41,sql.sh
2013-11-15 15:54:41,twitter.com
2013-11-15 15:54:41,static.ak.facebook.com
2013-11-15 15:54:41,connect.facebook.net
2013-11-15 15:54:41,apis.google.com
2013-11-15 15:54:41,s-static.ak.facebook.com
2013-11-15 15:54:42,sql.sh
2013-11-15 15:55:12,twitter.com
2013-11-15 15:56:42,accounts.google.com
2013-11-15 15:56:42,apis.google.com
2013-11-15 17:28:13,www.google.fr
2013-11-15 17:28:15,www.google.com
2013-11-15 17:28:15,ajax.googleapis.com
2013-11-15 17:28:15,premium.hi-mediaserver.com
2013-11-15 17:28:15,www.google.fr
2013-11-15 17:28:15,www.developpez.net
2013-11-15 17:28:16,www.developpez.net
2013-11-15 17:28:16,premium.hi-mediaserver.com
2013-11-15 17:28:56,www.developpez.net
2013-11-15 17:29:04,www.developpez.net
2013-11-15 17:29:19,www.google.fr
2013-11-15 17:29:20,ora-937.ora-code.com
2013-11-15 17:29:21,ora-937.ora-code.com
2013-11-15 17:30:28,www.google.fr
2013-11-15 17:34:38,www.google.fr
2013-11-15 17:34:50,www.google.com
2013-11-15 17:34:50,www.google.fr
2013-11-15 17:34:50,www.1keydata.com
2013-11-15 17:34:51,www.1keydata.com
2013-11-15 17:34:51,www.google.fr
2013-11-15 17:34:52,platform.twitter.com
2013-11-15 17:34:52,connect.facebook.net
2013-11-15 17:34:52,static.ak.facebook.com
2013-11-15 17:34:52,www.facebook.com
2013-11-15 17:34:52,twitter.com
2013-11-15 17:34:52,apis.google.com
2013-11-15 17:34:52,s-static.ak.facebook.com
2013-11-15 17:34:52,accounts.google.com
2013-11-15 17:35:03,adventori.com
2013-11-15 17:35:23,twitter.com
2013-11-16 10:40:42,javadl-esd-secure.oracle.com
2013-11-16 10:46:11,javadl-esd-secure.oracle.com
2013-11-16 10:46:20,www.google.fr
2013-11-16 10:46:22,apis.google.com
2013-11-16 10:46:23,www.google.com
2013-11-16 10:46:25,go.microsoft.com
2013-11-16 10:46:25,res2.windows.microsoft.com
2013-11-16 10:46:25,js.microsoft.com
2013-11-16 10:46:25,ajax.microsoft.com
2013-11-16 10:46:25,res1.windows.microsoft.com
2013-11-16 10:46:25,windows.microsoft.com
2013-11-16 10:46:26,js.microsoft.com
2013-11-16 10:46:26,res1.windows.microsoft.com
2013-11-16 10:46:26,windows.microsoft.com
2013-11-16 10:46:26,res2.windows.microsoft.com
2013-11-16 10:46:30,www.bing.com
2013-11-16 10:46:50,www.google.com
2013-11-16 10:46:50,apis.google.com
2013-11-16 10:46:50,www.google.fr
2013-11-16 10:46:51,fr.wikipedia.org
2013-11-16 10:46:51,bits.wikimedia.org
2013-11-16 10:46:51,www.google.fr
2013-11-16 10:46:52,bits.wikimedia.org
2013-11-16 10:46:53,meta.wikimedia.org
2013-11-16 10:46:53,bits.wikimedia.org
2013-11-16 10:46:53,fr.wikipedia.org
2013-11-16 10:46:54,login.wikimedia.org
2013-11-16 10:46:54,bits.wikimedia.org
2013-11-16 10:47:54,fr.wikipedia.org
2013-11-16 10:47:54,bits.wikimedia.org
2013-11-16 10:47:54,login.wikimedia.org
2013-11-16 10:48:12,www.google.fr
2013-11-16 10:48:12,fr.wikipedia.org
2013-11-16 10:48:13,meta.wikimedia.org
2013-11-16 10:48:13,fr.wikipedia.org
2013-11-16 10:48:50,bits.wikimedia.org
2013-11-16 10:48:50,fr.wikipedia.org
2013-11-16 10:48:51,fr.wikipedia.org
2013-11-16 10:48:51,bits.wikimedia.org
2013-11-16 10:48:51,meta.wikimedia.org
2013-11-16 10:49:14,www.google.fr
2013-11-16 10:49:20,ieonline.microsoft.com
2013-11-16 10:49:22,www.google.fr
2013-11-16 10:49:23,www.dimo-decisionnel.fr
2013-11-16 10:49:24,go.microsoft.com
2013-11-16 10:49:25,ajax.googleapis.com
2013-11-16 10:49:25,www.dimo-decisionnel.fr
2013-11-16 10:49:25,www.google.fr
2013-11-16 10:49:26,www.youtube.com
2013-11-16 10:49:26,www.dimo-decisionnel.fr
2013-11-16 10:49:26,ajax.googleapis.com
2013-11-16 10:49:26,s.ytimg.com
2013-11-16 10:49:27,s.ytimg.com
2013-11-16 10:49:28,s.ytimg.com
2013-11-16 10:49:29,s.ytimg.com
2013-11-16 10:49:29,i1.ytimg.com
2013-11-16 10:49:44,i1.ytimg.com
2013-11-16 10:50:11,www.dimo-decisionnel.fr
2013-11-16 10:50:12,ajax.googleapis.com
2013-11-16 10:50:12,www.youtube.com
2013-11-16 10:50:12,www.dimo-decisionnel.fr
2013-11-16 10:50:13,www.google.fr
2013-11-16 10:50:15,www.dimo-decisionnel.fr
2013-11-16 10:50:16,www.dimo-decisionnel.fr
2013-11-16 10:50:16,www.youtube.com
2013-11-16 10:50:16,ajax.googleapis.com
2013-11-16 10:50:30,www.google.fr
2013-11-16 10:50:30,www.dimo-decisionnel.fr
2013-11-16 10:50:32,www.dimo-decisionnel.fr
2013-11-16 10:50:32,www.youtube.com
2013-11-16 10:50:33,ajax.googleapis.com
2013-11-16 10:50:49,www.dimo-decisionnel.fr
2013-11-16 10:50:49,www.google.fr
2013-11-16 10:50:50,www.dimo-decisionnel.fr
2013-11-16 10:50:51,www.dimo-decisionnel.fr
2013-11-16 10:51:01,ajax.googleapis.com
2013-11-16 10:51:01,www.youtube.com
2013-11-16 10:51:01,www.dimo-decisionnel.fr
2013-11-16 10:51:32,www.google.fr
2013-11-16 10:51:33,www.google.fr
2013-11-16 10:51:33,www.ibm.com
2013-11-16 10:51:34,www.ibm.com
2013-11-16 10:51:34,dw1.s81c.com
2013-11-16 10:51:34,1.www.s81c.com
2013-11-16 10:51:34,pt200204.unica.com
2013-11-16 10:51:35,www.ibm.com
2013-11-16 10:51:35,www-01.ibm.com
2013-11-16 10:52:10,www14.software.ibm.com
2013-11-16 10:52:10,www.ibm.com
2013-11-16 10:52:10,1.www.s81c.com
2013-11-16 10:52:10,www-01.ibm.com
2013-11-16 10:52:11,www.ibm.com
2013-11-16 10:52:11,1.www.s81c.com
2013-11-16 10:52:11,www-01.ibm.com
2013-11-16 10:52:11,pt200204.unica.com
2013-11-16 10:52:12,www.ibm.com
2013-11-16 10:52:12,ajax.googleapis.com
2013-11-16 10:52:20,1.www.s81c.com
2013-11-16 10:52:39,www.ibm.com
2013-11-16 10:52:40,pt200204.unica.com
2013-11-16 10:52:40,1.www.s81c.com
2013-11-16 10:52:41,www.ibm.com
2013-11-16 10:52:55,pt200204.unica.com
2013-11-16 10:52:55,1.www.s81c.com
2013-11-16 10:53:01,pt200204.unica.com
2013-11-16 10:53:01,www.ibm.com
2013-11-16 10:53:02,www-01.ibm.com
2013-11-16 10:53:02,www-142.ibm.com
2013-11-16 10:53:03,www-03.ibm.com
2013-11-16 10:53:03,1.www.s81c.com
2013-11-16 10:53:03,ajax.googleapis.com
2013-11-16 10:53:03,www.ibm.com
2013-11-16 10:53:04,www.ibm.com
2013-11-16 10:53:04,www-03.ibm.com
2013-11-16 10:53:04,1.www.s81c.com
2013-11-16 10:53:04,www-01.ibm.com
2013-11-16 10:53:05,pt200204.unica.com
2013-11-16 10:53:05,www-01.ibm.com
2013-11-16 10:53:05,www.ibm.com
2013-11-16 10:53:05,1.www.s81c.com
2013-11-16 10:53:06,www.ibm.com
2013-11-16 10:53:06,www-01.ibm.com
2013-11-16 10:53:06,1.www.s81c.com
2013-11-16 10:53:06,pt200204.unica.com
2013-11-16 10:53:07,www-01.ibm.com
2013-11-16 10:53:11,pt200204.unica.com
2013-11-16 10:53:26,www.ibm.com
2013-11-16 10:53:26,www-01.ibm.com
2013-11-16 10:53:27,1.www.s81c.com
2013-11-16 10:53:27,www-01.ibm.com
2013-11-16 10:53:27,www.ibm.com
2013-11-16 10:53:27,pt200204.unica.com
2013-11-16 10:53:28,www-01.ibm.com
2013-11-16 10:53:28,www.ibm.com
2013-11-16 10:53:29,www-01.ibm.com
2013-11-16 10:53:36,www.ibm.com
2013-11-16 10:53:38,pt200204.unica.com
2013-11-16 10:53:38,www-01.ibm.com
2013-11-16 10:53:39,www-01.ibm.com
2013-11-16 10:53:39,www.ibm.com
2013-11-16 10:54:02,www-01.ibm.com
2013-11-16 10:54:03,pt200204.unica.com
2013-11-16 10:54:04,www-01.ibm.com
2013-11-16 10:54:04,www.ibm.com
2013-11-16 10:54:05,www-01.ibm.com
2013-11-16 10:54:06,www-01.ibm.com
2013-11-16 10:54:15,www14.software.ibm.com
2013-11-16 10:54:15,1.www.s81c.com
2013-11-16 10:54:16,www.ibm.com
2013-11-16 10:54:17,www-01.ibm.com
2013-11-16 10:54:18,pt200204.unica.com
2013-11-16 10:54:18,www14.software.ibm.com
2013-11-16 10:54:18,www.ibm.com
2013-11-16 10:54:19,www-01.ibm.com
2013-11-16 10:54:20,1.www.s81c.com
2013-11-16 10:54:47,1.www.s81c.com
2013-11-16 10:55:19,www-01.ibm.com
2013-11-16 10:55:48,www.google.fr
2013-11-16 10:55:56,www.google.fr
2013-11-16 10:56:49,www.ibm.com
2013-11-16 10:56:49,pt200204.unica.com
2013-11-16 10:56:49,1.www.s81c.com
2013-11-16 10:58:39,www.ibm.com
2013-11-16 11:00:21,www.google.fr
2013-11-16 11:00:23,www14.software.ibm.com
2013-11-16 11:00:31,1.www.s81c.com
2013-11-16 11:00:31,pt200204.unica.com
2013-11-16 11:00:32,www.oracle.com
2013-11-16 11:00:32,www.google.fr
2013-11-16 11:00:32,www.ibm.com
2013-11-16 11:00:33,www.oracle.com
2013-11-16 11:00:33,www.oracleimg.com
2013-11-16 11:00:33,www.google.fr
2013-11-16 11:00:34,www.oracleimg.com
2013-11-16 11:00:34,www.oracle.com
2013-11-16 11:00:35,www.oracle.com
2013-11-16 11:00:48,www.oracle.com
2013-11-16 11:01:14,www.google.com
2013-11-16 11:01:58,www.google.fr
2013-11-16 11:01:59,www.google.com
2013-11-16 11:01:59,www.google.fr
2013-11-16 11:01:59,www.oracle.com
2013-11-16 11:01:59,www.oracleimg.com
2013-11-16 11:02:00,www.google.fr
2013-11-16 11:02:00,www.oracleimg.com
2013-11-16 11:02:00,www.oracle.com
2013-11-16 11:02:01,www.oracleimg.com
2013-11-16 11:02:14,www.google.fr
2013-11-16 11:02:20,www.google.fr
2013-11-16 11:02:20,www.2bconsulting.com
2013-11-16 11:02:21,www.2bconsulting.com
2013-11-16 11:02:57,www.google.fr
2013-11-16 11:02:58,pt200204.unica.com
2013-11-16 11:02:58,www.ibm.com
2013-11-16 11:02:59,www.ibm.com
2013-11-16 11:03:13,www14.software.ibm.com
2013-11-16 11:03:15,www-03.ibm.com
2013-11-16 11:03:15,www-142.ibm.com
2013-11-16 11:03:15,www.google.fr
2013-11-16 11:03:15,www.ibm.com
2013-11-16 11:03:16,www-03.ibm.com
2013-11-16 11:03:16,1.www.s81c.com
2013-11-16 11:03:16,www.ibm.com
2013-11-16 11:03:16,pt200204.unica.com
2013-11-16 11:03:17,www.ibm.com
2013-11-16 11:03:17,www-01.ibm.com
2013-11-16 11:03:17,pt200204.unica.com
2013-11-16 11:03:19,www-01.ibm.com
2013-11-16 11:03:20,www.ibm.com
2013-11-16 11:03:22,www-01.ibm.com
2013-11-16 11:03:22,www.ibm.com
2013-11-16 11:03:23,pt200204.unica.com
2013-11-16 11:03:23,www.ibm.com
2013-11-16 11:03:24,www.ibm.com
2013-11-16 11:03:24,www-01.ibm.com
2013-11-16 11:03:26,www-01.ibm.com
2013-11-16 11:03:27,pt200204.unica.com
2013-11-16 11:03:27,www-01.ibm.com
2013-11-16 11:03:28,www.ibm.com
2013-11-16 11:03:31,pt200204.unica.com
2013-11-16 11:03:31,www-01.ibm.com
2013-11-16 11:03:32,www.ibm.com
2013-11-16 11:03:33,www.ibm.com
2013-11-16 11:03:39,www.ibm.com
2013-11-16 11:03:40,www14.software.ibm.com
2013-11-16 11:03:44,1.www.s81c.com
2013-11-16 11:03:45,www-01.ibm.com
2013-11-16 11:03:46,pt200204.unica.com
2013-11-16 11:03:54,www14.software.ibm.com
2013-11-16 11:03:57,www14.software.ibm.com
2013-11-16 11:04:33,www-01.ibm.com
2013-11-16 11:04:33,www.ibm.com
2013-11-16 11:05:47,1.www.s81c.com
2013-11-16 11:05:47,www-01.ibm.com
2013-11-16 11:05:47,www.ibm.com
2013-11-16 11:05:47,pt200204.unica.com
2013-11-16 11:12:13,www.google.fr
2013-11-16 11:12:28,www.google.fr
2013-11-16 11:12:29,www.ibm.com
2013-11-16 11:12:30,www.google.fr
2013-11-16 11:12:30,pt200204.unica.com
2013-11-16 11:12:30,1.www.s81c.com
2013-11-16 11:12:30,www.ibm.com
2013-11-16 11:12:31,pt200204.unica.com
2013-11-16 11:12:31,1.www.s81c.com
2013-11-16 11:12:31,www.ibm.com
2013-11-16 11:12:32,pt200204.unica.com
2013-11-16 11:12:34,pt200204.unica.com
2013-11-16 11:13:32,www.google.fr
2013-11-16 11:13:33,www.ibm.com
2013-11-16 11:13:33,www-01.ibm.com
2013-11-16 11:13:34,www.google.fr
2013-11-16 11:13:34,www-01.ibm.com
2013-11-16 11:13:34,www.ibm.com
2013-11-16 11:13:34,pt200204.unica.com
2013-11-16 11:13:35,www.ibm.com
2013-11-16 11:13:35,www-01.ibm.com
2013-11-16 11:13:36,www.ibm.com
2013-11-16 11:13:36,www-01.ibm.com
2013-11-16 11:13:37,www.ibm.com
2013-11-16 11:13:37,www-01.ibm.com
2013-11-16 11:13:38,www-01.ibm.com
2013-11-16 11:14:09,pt200204.unica.com
2013-11-16 11:14:25,www.google.com
2013-11-16 11:14:25,translate.google.com
2013-11-16 11:14:26,translate.google.com
2013-11-16 11:14:26,www.google.com
2013-11-16 11:14:27,translate.googleapis.com
2013-11-16 11:14:27,pt200204.unica.com
2013-11-16 11:14:28,pt200204.unica.com
2013-11-16 11:14:33,translate.googleapis.com
2013-11-16 11:14:33,www.google.com
2013-11-16 11:14:33,translate.google.com
2013-11-16 11:14:34,www.ibm.com
2013-11-16 11:14:34,1.www.s81c.com
2013-11-16 11:14:34,pt200204.unica.com
2013-11-16 11:14:35,www.ibm.com
2013-11-16 11:14:38,www-01.ibm.com
2013-11-16 11:14:45,www14.software.ibm.com
2013-11-16 11:14:46,1.www.s81c.com
2013-11-16 11:14:47,translate.googleapis.com
2013-11-16 11:14:56,www14.software.ibm.com
2013-11-16 11:15:30,www.ibm.com
2013-11-16 11:16:35,1.www.s81c.com
2013-11-16 11:17:58,www.ibm.com
2013-11-16 11:18:00,1.www.s81c.com
2013-11-16 11:18:00,pt200204.unica.com
2013-11-16 11:19:41,www.ibm.com
2013-11-16 11:19:47,1.www.s81c.com
2013-11-16 11:19:47,pt200204.unica.com
2013-11-16 11:20:08,www14.software.ibm.com
2013-11-16 11:20:22,www14.software.ibm.com
2013-11-16 11:20:45,1.www.s81c.com
2013-11-16 11:20:45,pt200204.unica.com
2013-11-16 11:20:46,pt200204.unica.com
2013-11-16 11:20:46,www.ibm.com
2013-11-16 11:21:01,www14.software.ibm.com
2013-11-16 11:21:49,1.www.s81c.com
2013-11-16 11:21:50,1.www.s81c.com
2013-11-16 11:21:50,pt200204.unica.com
2013-11-16 11:21:50,www.ibm.com
2013-11-16 11:21:50,www14.software.ibm.com
2013-11-16 11:22:23,www.ibm.com
2013-11-16 11:22:33,www14.software.ibm.com
2013-11-16 11:23:01,www14.software.ibm.com
2013-11-16 11:23:02,www14.software.ibm.com
2013-11-16 11:23:50,www14.software.ibm.com
2013-11-16 11:24:00,www15.software.ibm.com
2013-11-16 11:26:52,www.ibm.com
2013-11-16 11:29:38,www.google.fr
2013-11-16 11:30:03,www.google.fr
2013-11-16 11:30:04,www.decideo.fr
2013-11-16 11:30:04,platform.linkedin.com
2013-11-16 11:30:04,decideofr.goodbarber.com
2013-11-16 11:30:04,www.google.fr
2013-11-16 11:30:04,apis.google.com
2013-11-16 11:30:05,www.facebook.com
2013-11-16 11:30:05,platform.twitter.com
2013-11-16 11:30:05,platform.linkedin.com
2013-11-16 11:30:05,www.decideo.fr
2013-11-16 11:30:06,www.goodbarber.com
2013-11-16 11:30:06,www.linkedin.com
2013-11-16 11:30:06,www.decideo.fr
2013-11-16 11:30:06,accounts.google.com
2013-11-16 11:30:06,apis.google.com
2013-11-16 11:30:07,accounts.google.com
2013-11-16 11:30:07,apis.google.com
2013-11-16 11:30:08,www.decideo.fr
2013-11-16 11:30:08,www.google.com
2013-11-16 11:30:08,decideofr.goodbarber.com
2013-11-16 11:30:08,twitter.com
2013-11-16 11:30:09,decideofr.goodbarber.com
2013-11-16 11:30:10,www.decideo.fr
2013-11-16 11:30:52,pt200204.unica.com
2013-11-16 11:32:01,1.www.s81c.com
2013-11-16 11:32:01,pt200204.unica.com
2013-11-16 12:03:12,www15.software.ibm.com
2013-11-21 09:27:31,armmf.adobe.com
2013-11-21 09:27:34,armmf.adobe.com
2013-11-21 09:27:37,armdl.adobe.com
2013-11-21 09:32:19,javadl-esd-secure.oracle.com
2013-11-21 09:32:41,javadl-esd-secure.oracle.com
2013-11-21 09:35:02,www.google.fr
2013-11-21 09:35:03,apis.google.com
2013-11-21 09:35:04,www.google.com
2013-11-21 09:35:05,go.microsoft.com
2013-11-21 09:35:05,windows.microsoft.com
2013-11-21 09:35:05,res1.windows.microsoft.com
2013-11-21 09:35:06,res2.windows.microsoft.com
2013-11-21 09:35:06,windows.microsoft.com
2013-11-21 09:35:06,js.microsoft.com
2013-11-21 09:35:06,res1.windows.microsoft.com
2013-11-21 09:35:06,ajax.microsoft.com
2013-11-21 09:35:10,www.bing.com
2013-11-21 09:35:48,www.dropbox.com
2013-11-21 09:35:49,www.dropbox.com
2013-11-21 09:35:49,www.google.fr
2013-11-21 09:35:49,www.google.com
2013-11-21 09:35:49,apis.google.com
2013-11-21 09:35:51,ajax.googleapis.com
2013-11-21 09:36:39,www.dropbox.com
2013-11-21 09:36:39,ajax.googleapis.com
2013-11-21 09:37:40,www.dropbox.com
2013-11-21 09:38:06,go.microsoft.com
2013-11-21 09:38:06,ieonline.microsoft.com
2013-11-21 09:39:50,dl-web.dropbox.com
2013-11-21 09:40:06,www.dropbox.com
2013-11-21 09:40:06,dl-web.dropbox.com
2013-11-21 09:42:25,www.google.fr
2013-11-21 09:43:51,www.google.fr
2013-11-21 09:43:56,www.dropbox.com
2013-11-21 09:45:23,www.dropbox.com
2013-11-21 09:45:39,dl-web.dropbox.com
2013-11-21 09:45:49,www.google.fr
2013-11-21 09:45:49,www.dropbox.com
2013-11-21 09:45:49,dl-web.dropbox.com
2013-11-21 09:45:50,www.google.fr
2013-11-21 14:14:46,javadl-esd-secure.oracle.com
2013-11-21 14:16:01,javadl-esd-secure.oracle.com
2013-11-21 15:15:37,www.google.fr
2013-11-21 15:15:40,apis.google.com
2013-11-21 15:15:41,www.google.com
2013-11-21 15:15:42,go.microsoft.com
2013-11-21 15:15:43,ajax.microsoft.com
2013-11-21 15:15:43,res2.windows.microsoft.com
2013-11-21 15:15:43,res1.windows.microsoft.com
2013-11-21 15:15:43,windows.microsoft.com
2013-11-21 15:15:43,js.microsoft.com
2013-11-21 15:15:44,js.microsoft.com
2013-11-21 15:15:44,res1.windows.microsoft.com
2013-11-21 15:15:44,windows.microsoft.com
2013-11-21 15:15:48,www.bing.com
2013-11-21 15:16:09,apis.google.com
2013-11-21 15:16:09,www.google.com
2013-11-21 15:16:09,docs.oracle.com
2013-11-21 15:16:09,www.google.fr
2013-11-21 15:16:10,docs.oracle.com
2013-11-21 15:16:11,docs.oracle.com
2013-11-21 15:16:39,go.microsoft.com
2013-11-21 15:16:39,ieonline.microsoft.com
2013-11-21 15:49:30,www.google.fr
2013-11-21 15:49:47,www.dropbox.com
2013-11-21 15:49:48,www.google.fr
2013-11-21 15:49:48,www.dropbox.com
2013-11-21 15:49:50,ajax.googleapis.com
2013-11-21 15:50:55,www.dropbox.com
2013-11-21 15:51:20,ajax.googleapis.com
2013-11-21 15:51:20,www.dropbox.com
2013-11-21 15:52:22,www.dropbox.com
2013-11-21 15:52:33,ieonline.microsoft.com
2013-11-21 15:52:38,dl-web.dropbox.com
2013-11-21 15:52:42,dl-web.dropbox.com
2013-11-21 15:52:54,www.dropbox.com
2013-11-21 15:52:56,dl-web.dropbox.com
2013-11-21 15:52:57,dl-web.dropbox.com
2013-11-21 15:52:58,dl-web.dropbox.com
2013-11-21 15:52:59,dl-web.dropbox.com
2013-11-21 15:53:02,dl-web.dropbox.com
2013-11-21 15:53:05,dl-web.dropbox.com
2013-11-21 15:53:06,dl-web.dropbox.com
2013-11-21 15:53:08,dl-web.dropbox.com
2013-11-21 15:53:10,dl-web.dropbox.com
2013-11-21 15:53:11,dl-web.dropbox.com
2013-11-21 15:53:25,dl-web.dropbox.com
2013-11-21 15:53:25,www.dropbox.com
2013-11-22 10:43:33,javadl-esd-secure.oracle.com
2013-11-22 10:52:00,javadl-esd-secure.oracle.com
2013-11-22 11:10:58,www.google.fr
2013-11-22 11:10:59,apis.google.com
2013-11-22 11:11:00,www.google.com
2013-11-22 11:11:01,res1.windows.microsoft.com
2013-11-22 11:11:01,ajax.microsoft.com
2013-11-22 11:11:01,windows.microsoft.com
2013-11-22 11:11:01,go.microsoft.com
2013-11-22 11:11:02,res1.windows.microsoft.com
2013-11-22 11:11:02,js.microsoft.com
2013-11-22 11:11:02,windows.microsoft.com
2013-11-22 11:11:02,res2.windows.microsoft.com
2013-11-22 11:11:06,www.bing.com
2013-11-22 11:11:17,www.dropbox.com
2013-11-22 11:11:18,apis.google.com
2013-11-22 11:11:18,www.google.com
2013-11-22 11:11:18,www.google.fr
2013-11-22 11:11:19,www.dropbox.com
2013-11-22 11:11:20,ajax.googleapis.com
2013-11-22 11:11:38,www.dropbox.com
2013-11-22 11:11:38,ajax.googleapis.com
2013-11-22 11:12:13,dl-web.dropbox.com
2013-11-22 11:12:29,dl-web.dropbox.com
2013-11-22 11:12:29,www.dropbox.com
2013-11-22 11:12:32,ieonline.microsoft.com
2013-11-22 11:12:32,go.microsoft.com
2013-11-25 13:54:40,www.google.fr
2013-11-25 13:54:41,apis.google.com
2013-11-25 13:54:43,www.google.com
2013-11-25 13:54:56,www.google.fr
2013-11-25 13:54:56,apis.google.com
2013-11-25 13:54:56,www.google.com
2013-11-25 13:54:57,fpdownload2.macromedia.com
2013-11-25 13:55:03,www.google.fr
2013-11-25 14:00:22,www.freebsd.org
2013-11-25 14:00:22,www.google.fr
2013-11-25 14:00:23,www.freebsd.org
2013-11-25 14:01:18,www.google.fr
2013-11-25 14:01:28,www.google.fr
2013-11-25 14:03:08,www.freebsd.org
2013-11-25 14:04:51,www.freebsd.org
2013-11-25 14:06:23,www.freebsd.org
2013-11-25 14:07:51,www.google.fr
2013-11-25 14:07:51,apis.google.com
2013-11-25 14:07:54,www.google.com
2013-11-25 14:08:30,apis.google.com
2013-11-25 14:08:30,www.google.fr
2013-11-25 14:08:30,www.freebsd.org
2013-11-25 14:08:30,www.google.com
2013-11-25 14:09:00,www.slashorg.net
2013-11-25 14:09:02,www.google.fr
2013-11-25 14:09:02,www.slashorg.net
2013-11-25 14:09:03,www.slashorg.net
2013-11-25 14:12:05,apis.google.com
2013-11-25 14:12:05,www.google.fr
2013-11-25 14:12:08,www.google.com
2013-11-25 14:12:44,www.google.fr
2013-11-25 14:12:44,apis.google.com
2013-11-25 14:12:44,www.google.com
2013-11-25 14:12:45,grammar.yourdictionary.com
2013-11-25 14:12:45,www.google.fr
2013-11-25 14:12:45,www.yourdictionary.com
2013-11-25 14:12:45,ajax.googleapis.com
2013-11-25 14:12:46,grammar.yourdictionary.com
2013-11-25 14:12:46,yourdictionaryltk.disqus.com
2013-11-25 14:12:46,go.disqus.com
2013-11-25 14:12:46,platform.twitter.com
2013-11-25 14:12:46,code.jquery.com
2013-11-25 14:12:46,www.yourdictionary.com
2013-11-25 14:12:47,grammar.yourdictionary.com
2013-11-25 14:12:47,connect.facebook.net
2013-11-25 14:12:47,www.facebook.com
2013-11-25 14:12:47,s-static.ak.facebook.com
2013-11-25 14:12:47,apis.google.com
2013-11-25 14:12:47,disqus.com
2013-11-25 14:12:47,static.ak.facebook.com
2013-11-25 14:12:47,platform.twitter.com
2013-11-25 14:12:47,www.yourdictionary.com
2013-11-25 14:12:48,apis.google.com
2013-11-25 14:12:48,www.facebook.com
2013-11-25 14:12:48,disqus.com
2013-11-25 14:12:50,disqus.com
2013-11-25 14:12:50,www.google.com
2013-11-25 14:12:51,disqus.com
2013-11-25 14:12:52,disqus.com
2013-11-25 14:12:58,twitter.com
2013-11-25 14:12:59,accounts.google.com
2013-11-25 14:13:13,www.freebsd.org
2013-11-25 14:13:13,www.google.fr
2013-11-25 14:17:09,www.google.fr
2013-11-25 14:34:48,fr.wikipedia.org
2013-11-25 14:34:48,bits.wikimedia.org
2013-11-25 14:34:48,www.google.fr
2013-11-25 14:34:49,meta.wikimedia.org
2013-11-25 14:34:49,fr.wikipedia.org
2013-11-25 14:34:49,bits.wikimedia.org
2013-11-25 14:34:50,bits.wikimedia.org
2013-11-25 14:34:50,meta.wikimedia.org
2013-11-25 14:35:03,bits.wikimedia.org
2013-11-25 14:35:03,login.wikimedia.org
2013-11-25 14:35:03,fr.wikipedia.org
2013-11-25 14:35:55,www.freebsd.org
2013-11-25 14:36:03,login.wikimedia.org
2013-11-25 14:36:03,bits.wikimedia.org
2013-11-25 14:36:03,fr.wikipedia.org
2013-11-25 14:42:03,www.slashorg.net
2013-11-25 14:42:04,www.slashorg.net
2013-11-25 14:42:05,www.slashorg.net
2013-11-25 14:42:22,www.google.fr
2013-11-25 14:42:23,www.google.fr
2013-11-25 14:42:23,fr.wikipedia.org
2013-11-25 14:42:23,bits.wikimedia.org
2013-11-25 14:42:23,meta.wikimedia.org
2013-11-25 14:42:40,bits.wikimedia.org
2013-11-25 14:42:40,www.google.fr
2013-11-25 14:42:40,en.wikipedia.org
2013-11-25 14:42:41,bits.wikimedia.org
2013-11-25 14:42:41,en.wikipedia.org
2013-11-25 14:42:41,login.wikimedia.org
2013-11-25 14:42:41,meta.wikimedia.org
2013-11-25 14:42:55,en.wikipedia.org
2013-11-25 14:43:55,en.wikipedia.org
2013-11-25 14:50:14,www.google.fr
2013-11-25 15:15:37,www.slashorg.net
2013-11-25 15:15:40,www.slashorg.net
2013-11-25 15:28:38,www.google.fr
2013-11-25 15:28:38,apis.google.com
2013-11-25 15:28:40,www.google.com
2013-11-25 15:28:47,apis.google.com
2013-11-25 15:28:47,www.google.fr
2013-11-25 15:28:48,www.google.com
2013-11-25 15:28:48,www.google.fr
2013-12-12 14:49:36,javadl-esd-secure.oracle.com
2013-12-12 14:56:57,javadl-esd-secure.oracle.com
2013-12-17 13:45:55,javadl-esd-secure.oracle.com
2013-12-17 13:46:05,javadl-esd-secure.oracle.com
2013-12-17 14:05:48,javadl-esd-secure.oracle.com
2013-12-17 14:13:13,geo.mozilla.org
2013-12-17 14:16:04,sb-ssl.google.com
2013-12-17 14:16:09,www.google.com
2013-12-17 14:16:09,www.google.fr
2013-12-17 14:16:18,accounts.google.com
2013-12-17 14:16:24,apis.google.com
2013-12-17 14:19:57,translate.googleapis.com
2013-12-17 14:19:57,www.google.fr
2013-12-17 14:19:57,www.google.com
2013-12-17 14:24:20,www.google.com
2013-12-17 14:24:21,id.google.fr
2013-12-17 14:26:06,s-static.ak.facebook.com
2013-12-17 14:26:10,www.facebook.com
2013-12-17 14:28:03,d1zdqwv4o6pivl.cloudfront.net
2013-12-17 14:29:05,www.google.fr
2013-12-17 14:32:53,s-static.ak.facebook.com
2013-12-17 14:32:54,www.facebook.com
2013-12-17 14:33:24,twitter.com
2013-12-17 14:33:24,s-static.ak.facebook.com
2013-12-17 14:33:25,s-static.ak.facebook.com
2013-12-17 14:33:27,www.facebook.com
2013-12-17 14:33:28,www.facebook.com
2013-12-17 14:33:56,twitter.com
2013-12-17 14:35:21,platform.twitter.com
2013-12-17 14:35:24,s-static.ak.facebook.com
2013-12-17 14:35:25,www.facebook.com
2013-12-17 14:36:18,accounts.google.com
2013-12-17 14:36:18,apis.google.com
2013-12-17 14:38:45,www.google.fr
2013-12-17 14:41:50,www.google.fr
2013-12-17 14:46:29,login.live.com
2013-12-17 14:46:31,login.live.com
2013-12-17 14:46:39,login.live.com
2013-12-17 14:46:41,login.live.com
2013-12-17 14:46:43,windowslive.tt.omtrdc.net
2013-12-17 14:46:51,login.live.com
2013-12-17 14:46:52,js.live.net
2013-12-17 14:46:53,prod.registrar.skype.com
2013-12-17 14:46:55,windowslive.tt.omtrdc.net
2013-12-17 14:47:41,mail.live.com
2013-12-17 14:47:45,login.live.com
2013-12-17 14:47:48,blufiles.storage.msn.com
2013-12-17 14:47:48,people.directory.live.com
2013-12-17 14:47:52,www.google.com
2013-12-17 14:47:52,www.google.fr
2013-12-17 14:47:52,www.outlook.com
2013-12-17 14:47:52,id.google.fr
2013-12-17 14:47:52,secure.shared.live.com
2013-12-17 14:47:52,storage.live.com
2013-12-17 14:47:52,windowslive.tt.omtrdc.net
2013-12-17 14:47:52,cid-9647dafa3807e0cf.users.storage.live.com
2013-12-17 14:47:52,api.skype.com
2013-12-17 14:47:52,dub113.mail.live.com
2013-12-17 14:47:52,h.live.com
2013-12-17 14:47:52,login.skype.com
2013-12-17 14:47:52,sn2files.storage.msn.com
2013-12-17 14:47:52,go.trouter.io
2013-12-17 14:48:41,javadl-esd-secure.oracle.com
2013-12-17 14:54:55,s-static.ak.facebook.com
2013-12-17 14:54:55,www.facebook.com
2013-12-17 14:55:26,twitter.com
2013-12-17 14:57:39,www.facebook.com
2013-12-17 14:57:39,s-static.ak.facebook.com
2013-12-17 14:57:45,www.google.com
2013-12-17 14:57:48,ajax.googleapis.com
2013-12-17 14:58:09,twitter.com
2013-12-17 15:00:38,www.google.fr
2013-12-17 15:00:48,www.googleapis.com
2013-12-17 15:01:12,s-static.ak.facebook.com
2013-12-17 15:01:12,www.facebook.com
2013-12-17 15:01:15,s-static.ak.facebook.com
2013-12-17 15:01:16,accounts.google.com
2013-12-17 15:01:21,stackauth.com
2013-12-17 15:01:42,twitter.com
2013-12-17 15:02:59,www.gravatar.com
2013-12-17 15:03:55,www.google.fr
2013-12-17 15:04:12,apis.google.com
2013-12-17 15:04:36,s-static.ak.facebook.com
2013-12-17 15:04:36,www.facebook.com
2013-12-17 15:05:07,twitter.com
2013-12-17 15:07:23,www.google.com
2013-12-17 15:07:24,www.google.fr
2013-12-19 14:17:39,javadl-esd-secure.oracle.com
2013-12-19 14:27:52,javadl-esd-secure.oracle.com
2013-12-19 14:57:52,apex.oracle.com
2013-12-19 14:57:52,www.oracle.com
2013-12-19 16:07:03,gtssl-ocsp.geotrust.com
2013-12-19 16:07:04,clients1.google.com
2013-12-19 16:07:04,gtssl-ocsp.geotrust.com
2013-12-19 16:07:04,gtglobal-ocsp.geotrust.com
2013-12-19 16:07:10,geo.mozilla.org
2013-12-19 16:07:10,clients1.google.com
2013-12-19 16:07:15,clients1.google.com
2013-12-19 16:07:15,www.google.fr
2013-12-19 16:07:15,mail.google.com
2013-12-19 16:07:16,snippets-stats.mozilla.org
2013-12-19 16:07:23,clients1.google.com
2013-12-19 16:07:44,safebrowsing-cache.google.com
2013-12-19 16:07:44,safebrowsing.clients.google.com
2013-12-19 16:07:45,mail.google.com
2013-12-19 16:07:45,sb-ssl.google.com
2013-12-19 16:07:45,apis.google.com
2013-12-19 16:07:45,www.google.com
2013-12-19 16:07:45,www.google.fr
2013-12-19 16:07:45,accounts.youtube.com
2013-12-19 16:07:45,accounts.google.com
2013-12-19 17:54:52,clients1.google.com
2013-12-19 17:54:52,gtglobal-ocsp.geotrust.com
2013-12-19 17:55:12,ocsp.thawte.com
2013-12-19 17:55:13,ocsp.digicert.com
2013-12-19 17:55:14,clients1.google.com
2013-12-19 17:55:31,gtssl-ocsp.geotrust.com
2013-12-19 17:57:48,www.google.com
2013-12-19 17:57:56,www.dropbox.com
2013-12-19 17:57:56,www.google.fr
2013-12-19 17:57:56,dl-web.dropbox.com
2013-12-19 17:57:56,ajax.googleapis.com
2013-12-20 13:55:34,javadl-esd-secure.oracle.com
2013-12-20 13:56:02,javadl-esd-secure.oracle.com
2013-12-20 16:06:34,javadl-esd-secure.oracle.com
2013-12-20 16:13:17,javadl-esd-secure.oracle.com
2013-12-20 16:34:47,gtssl-ocsp.geotrust.com
2013-12-20 16:34:58,clients1.google.com
2013-12-20 16:34:58,gtglobal-ocsp.geotrust.com
2013-12-20 16:34:59,clients1.google.com
2013-12-20 16:35:03,ocsp.thawte.com
2013-12-20 16:35:05,ocsp.digicert.com
2013-12-20 16:35:05,clients1.google.com
2013-12-20 16:35:42,dl-web.dropbox.com
2013-12-20 16:35:42,ajax.googleapis.com
2013-12-20 16:35:42,www.dropbox.com
2013-12-20 16:35:42,apis.google.com
2013-12-20 16:35:42,www.google.fr
2013-12-20 16:35:42,www.google.com
2013-12-23 10:10:19,www.oracle.com
2013-12-23 10:10:20,www.oracle.com
2013-12-23 10:10:20,apex.oracle.com
2013-12-23 10:11:55,javadl-esd-secure.oracle.com
2013-12-23 10:11:58,javadl-esd-secure.oracle.com
2013-12-23 10:12:01,dl.javafx.com
2013-12-23 10:55:32,javadl-esd-secure.oracle.com
2013-12-23 10:57:40,javadl-esd-secure.oracle.com
2013-12-23 13:56:47,gtssl-ocsp.geotrust.com
2013-12-23 13:56:50,clients1.google.com
2013-12-23 13:56:50,gtglobal-ocsp.geotrust.com
2013-12-23 13:56:51,clients1.google.com
2013-12-23 13:56:54,ocsp.thawte.com
2013-12-23 13:56:55,ocsp.digicert.com
2013-12-23 13:56:56,clients1.google.com
2013-12-23 13:57:47,gtssl-ocsp.geotrust.com
2013-12-23 13:58:06,dl-web.dropbox.com
2013-12-23 13:58:06,ajax.googleapis.com
2013-12-23 13:58:06,www.dropbox.com
2013-12-23 13:58:06,apis.google.com
2013-12-23 13:58:06,www.google.fr
2013-12-23 13:58:06,www.google.com
