timestamp,site
2014-02-13 10:20:18,go.microsoft.com
2014-02-13 10:20:18,res2.windows.microsoft.com
2014-02-13 10:20:18,windows.microsoft.com
2014-02-13 10:20:18,res1.windows.microsoft.com
2014-02-13 10:20:18,ajax.microsoft.com
2014-02-13 10:20:18,js.microsoft.com
2014-02-13 10:20:19,js.microsoft.com
2014-02-13 10:20:19,res1.windows.microsoft.com
2014-02-13 10:21:21,ieonline.microsoft.com
2014-02-13 10:33:49,ad.foxitsoftware.com
2014-02-13 10:33:49,pis.foxitsoftware.com
2014-02-13 10:44:52,www.bing.com
2014-02-13 10:44:53,www.bing.com
2014-02-13 10:44:54,bits.wikimedia.org
2014-02-13 10:44:54,fr.wikipedia.org
2014-02-13 10:44:54,login.wikimedia.org
2014-02-13 10:44:54,meta.wikimedia.org
2014-02-13 10:44:55,bits.wikimedia.org
2014-02-13 10:44:55,meta.wikimedia.org
2014-02-13 10:44:55,fr.wikipedia.org
2014-02-13 10:45:42,www.bing.com
2014-02-13 10:45:43,www.bing.com
2014-02-13 10:45:43,cms.abmr.net
2014-02-13 10:45:44,login.live.com
2014-02-13 10:45:44,ssl.bing.com
2014-02-13 10:45:44,www.bing.com
2014-02-13 10:45:45,www.bing.com
2014-02-13 10:45:47,www.bing.com
2014-02-13 10:45:52,www.bing.com
2014-02-13 10:45:54,www.bing.com
2014-02-13 10:45:54,login.live.com
2014-02-13 10:45:55,www.bing.com
2014-02-13 10:45:55,fr.wikipedia.org
2014-02-13 10:45:56,ssl.bing.com
2014-02-13 10:45:56,fr.wikipedia.org
2014-02-13 10:45:56,meta.wikimedia.org
2014-02-13 10:45:56,bits.wikimedia.org
2014-02-13 10:46:26,www.bing.com
2014-02-13 10:46:27,www.bing.com
2014-02-13 10:46:32,www.bing.com
2014-02-13 10:46:33,www.bing.com
2014-02-13 10:46:33,cms.abmr.net
2014-02-13 10:46:34,login.live.com
2014-02-13 10:46:35,www.bing.com
2014-02-13 10:46:37,cms.abmr.net
2014-02-13 10:46:37,www.bing.com
2014-02-13 10:46:38,www.bing.com
2014-02-13 10:46:38,login.live.com
2014-02-13 10:46:46,www.bing.com
2014-02-13 10:52:38,www.bing.com
2014-02-13 10:52:43,ssl.bing.com
2014-02-13 10:53:03,www.bing.com
2014-02-13 10:53:05,www.bing.com
2014-02-13 10:53:05,login.live.com
2014-02-13 10:53:13,ts2.mm.bing.net
2014-02-13 10:53:13,www.bing.com
2014-02-13 10:53:31,www.bing.com
2014-02-13 10:53:34,www.erudit.org
2014-02-13 10:54:09,ssl.bing.com
2014-02-13 11:11:35,www.bing.com
2014-02-13 11:11:37,www.bing.com
2014-02-13 11:11:37,login.live.com
2014-02-13 11:11:37,ssl.bing.com
2014-02-13 11:11:38,ts2.mm.bing.net
2014-02-13 11:11:38,www.bing.com
2014-02-13 11:11:38,ts3.mm.bing.net
2014-02-13 11:11:38,ts4.mm.bing.net
2014-02-13 11:11:38,ts1.mm.bing.net
2014-02-13 11:11:39,www.bing.com
2014-02-13 11:11:39,ts4.mm.bing.net
2014-02-13 11:11:39,ts2.mm.bing.net
2014-02-13 11:11:39,ts1.mm.bing.net
2014-02-13 11:11:39,ts3.mm.bing.net
2014-02-13 11:11:40,ts1.mm.bing.net
2014-02-13 11:11:40,ts2.mm.bing.net
2014-02-13 11:11:40,ts3.mm.bing.net
2014-02-13 11:11:40,ts4.mm.bing.net
2014-02-13 11:11:40,www.bing.com
2014-02-13 11:11:41,ts4.explicit.bing.net
2014-02-13 11:11:41,ts4.mm.bing.net
2014-02-13 11:11:41,www.bing.com
2014-02-13 11:11:41,ts1.mm.bing.net
2014-02-13 11:11:41,ts3.mm.bing.net
2014-02-13 11:11:41,ts2.mm.bing.net
2014-02-13 11:11:42,login.live.com
2014-02-13 11:11:42,ts2.mm.bing.net
2014-02-13 11:11:42,ssl.bing.com
2014-02-13 11:11:42,ts1.mm.bing.net
2014-02-13 11:11:42,www.bing.com
2014-02-13 11:11:42,ts3.mm.bing.net
2014-02-13 11:11:42,ts4.mm.bing.net
2014-02-13 11:11:43,ts4.mm.bing.net
2014-02-13 11:11:43,ts1.mm.bing.net
2014-02-13 11:11:43,ts3.mm.bing.net
2014-02-13 11:11:43,ts2.mm.bing.net
2014-02-13 11:11:43,www.bing.com
2014-02-13 11:11:44,ts1.mm.bing.net
2014-02-13 11:11:44,ts2.mm.bing.net
2014-02-13 11:11:44,www.bing.com
2014-02-13 11:11:44,ts4.mm.bing.net
2014-02-13 11:11:44,ts3.mm.bing.net
2014-02-13 11:11:45,www.bing.com
2014-02-13 11:11:45,ts1.mm.bing.net
2014-02-13 11:11:46,ts1.mm.bing.net
2014-02-13 11:11:46,www.bing.com
2014-02-13 11:11:47,www.bing.com
2014-02-13 11:11:47,ts1.mm.bing.net
2014-02-13 11:11:50,www.bing.com
2014-02-13 11:11:52,www.bing.com
2014-02-13 11:11:53,ts1.mm.bing.net
2014-02-13 11:11:53,ts3.mm.bing.net
2014-02-13 11:11:53,ts2.mm.bing.net
2014-02-13 11:11:53,ts4.mm.bing.net
2014-02-13 11:11:54,ts2.mm.bing.net
2014-02-13 11:11:54,ts3.mm.bing.net
2014-02-13 11:11:54,ts1.mm.bing.net
2014-02-13 11:11:54,ts4.mm.bing.net
2014-02-13 11:11:55,ts2.mm.bing.net
2014-02-13 11:11:55,ts4.mm.bing.net
2014-02-13 11:11:55,ts3.mm.bing.net
2014-02-13 11:11:59,www.bing.com
2014-02-13 11:11:59,ts1.mm.bing.net
2014-02-13 11:12:01,ts1.mm.bing.net
2014-02-13 11:12:02,ts1.mm.bing.net
2014-02-13 11:12:02,www.bing.com
2014-02-13 11:12:03,ts2.mm.bing.net
2014-02-13 11:12:03,ts3.mm.bing.net
2014-02-13 11:12:03,ts1.mm.bing.net
2014-02-13 11:12:03,ts4.mm.bing.net
2014-02-13 11:12:04,ts2.mm.bing.net
2014-02-13 11:12:04,www.bing.com
2014-02-13 11:12:04,ts4.mm.bing.net
2014-02-13 11:12:04,ts1.mm.bing.net
2014-02-13 11:12:04,ts3.mm.bing.net
2014-02-13 11:12:05,www.bing.com
2014-02-13 11:12:05,ts1.mm.bing.net
2014-02-13 11:12:06,ts1.mm.bing.net
2014-02-13 11:12:06,www.bing.com
2014-02-13 11:12:12,www.bing.com
2014-02-13 11:12:12,ts2.explicit.bing.net
2014-02-13 11:12:13,ts4.mm.bing.net
2014-02-13 11:12:13,ts3.mm.bing.net
2014-02-13 11:12:13,ts1.mm.bing.net
2014-02-13 11:12:13,www.bing.com
2014-02-13 11:12:13,ts2.mm.bing.net
2014-02-13 11:12:14,www.bing.com
2014-02-13 11:12:14,ts3.mm.bing.net
2014-02-13 11:12:14,ts2.mm.bing.net
2014-02-13 11:12:14,ts4.mm.bing.net
2014-02-13 11:12:15,ts1.mm.bing.net
2014-02-13 11:12:15,ts2.mm.bing.net
2014-02-13 11:12:15,ts3.mm.bing.net
2014-02-13 11:12:15,ts4.mm.bing.net
2014-02-13 11:12:16,ts2.mm.bing.net
2014-02-13 11:12:16,ts1.mm.bing.net
2014-02-13 11:12:16,www.bing.com
2014-02-13 11:12:16,ts3.mm.bing.net
2014-02-13 11:12:16,ts4.mm.bing.net
2014-02-13 11:12:16,ts2.explicit.bing.net
2014-02-13 11:12:17,ts4.mm.bing.net
2014-02-13 11:12:17,ts2.explicit.bing.net
2014-02-13 11:12:17,ts4.explicit.bing.net
2014-02-13 11:12:17,ts1.explicit.bing.net
2014-02-13 11:12:17,www.bing.com
2014-02-13 11:12:17,ts3.mm.bing.net
2014-02-13 11:12:17,ts1.mm.bing.net
2014-02-13 11:12:17,ts2.mm.bing.net
2014-02-13 11:12:18,www.bing.com
2014-02-13 11:12:18,ts2.mm.bing.net
2014-02-13 11:12:18,ts1.mm.bing.net
2014-02-13 11:12:18,ts4.mm.bing.net
2014-02-13 11:12:18,ts3.mm.bing.net
2014-02-13 11:12:19,ts4.mm.bing.net
2014-02-13 11:12:19,ts2.mm.bing.net
2014-02-13 11:12:19,www.bing.com
2014-02-13 11:12:19,ts1.mm.bing.net
2014-02-13 11:12:20,ts4.mm.bing.net
2014-02-13 11:12:20,www.bing.com
2014-02-13 11:12:20,ts3.explicit.bing.net
2014-02-13 11:12:20,ts3.mm.bing.net
2014-02-13 11:12:20,ts1.mm.bing.net
2014-02-13 11:12:20,ts2.mm.bing.net
2014-02-13 11:12:21,ts2.mm.bing.net
2014-02-13 11:12:21,ts3.mm.bing.net
2014-02-13 11:12:21,ts4.mm.bing.net
2014-02-13 11:12:21,login.live.com
2014-02-13 11:12:21,ts1.mm.bing.net
2014-02-13 11:12:21,ssl.bing.com
2014-02-13 11:12:22,ts3.mm.bing.net
2014-02-13 11:12:22,ts2.mm.bing.net
2014-02-13 11:12:22,ts4.mm.bing.net
2014-02-13 11:12:22,ts1.mm.bing.net
2014-02-13 11:12:22,www.bing.com
2014-02-13 11:12:23,ts4.mm.bing.net
2014-02-13 11:12:23,ts1.mm.bing.net
2014-02-13 11:12:23,ts2.mm.bing.net
2014-02-13 11:12:23,www.bing.com
2014-02-13 11:12:23,ts3.mm.bing.net
2014-02-13 11:12:24,www.bing.com
2014-02-13 11:12:24,ts3.mm.bing.net
2014-02-13 11:12:24,ts2.mm.bing.net
2014-02-13 11:12:24,ts4.mm.bing.net
2014-02-13 11:12:24,ts1.mm.bing.net
2014-02-13 11:12:25,ts1.mm.bing.net
2014-02-13 11:12:25,www.bing.com
2014-02-13 11:12:26,www.bing.com
2014-02-13 11:12:26,ts1.mm.bing.net
2014-02-13 11:12:28,ts1.mm.bing.net
2014-02-13 11:12:28,www.bing.com
2014-02-13 11:12:30,ts1.mm.bing.net
2014-02-13 11:12:30,www.bing.com
2014-02-13 11:12:31,ts2.mm.bing.net
2014-02-13 11:12:31,ts4.mm.bing.net
2014-02-13 11:12:31,ts3.mm.bing.net
2014-02-13 11:12:31,www.bing.com
2014-02-13 11:12:31,ts1.mm.bing.net
2014-02-13 11:12:32,ts3.mm.bing.net
2014-02-13 11:12:32,ts1.mm.bing.net
2014-02-13 11:12:32,www.bing.com
2014-02-13 11:12:32,ts4.mm.bing.net
2014-02-13 11:12:32,ts2.mm.bing.net
2014-02-13 11:12:33,ts1.mm.bing.net
2014-02-13 11:12:33,ts2.mm.bing.net
2014-02-13 11:12:33,ts3.mm.bing.net
2014-02-13 11:12:33,ts4.mm.bing.net
2014-02-13 11:12:34,ts3.mm.bing.net
2014-02-13 11:12:34,ts1.mm.bing.net
2014-02-13 11:12:34,ts4.mm.bing.net
2014-02-13 11:12:34,ts4.explicit.bing.net
2014-02-13 11:12:34,ts2.mm.bing.net
2014-02-13 11:12:35,ts1.mm.bing.net
2014-02-13 11:12:35,ts4.mm.bing.net
2014-02-13 11:12:35,ts2.mm.bing.net
2014-02-13 11:12:36,ts4.mm.bing.net
2014-02-13 11:12:36,ts2.mm.bing.net
2014-02-13 11:12:36,ts1.mm.bing.net
2014-02-13 11:12:36,ts3.mm.bing.net
2014-02-13 11:12:37,ts1.mm.bing.net
2014-02-13 11:12:37,ts4.mm.bing.net
2014-02-13 11:12:37,www.bing.com
2014-02-13 11:12:38,ts4.explicit.bing.net
2014-02-13 11:12:38,www.bing.com
2014-02-13 11:12:39,ts1.mm.bing.net
2014-02-13 11:12:39,www.bing.com
2014-02-13 11:12:40,www.bing.com
2014-02-13 11:12:40,ts1.mm.bing.net
2014-02-13 11:12:40,login.live.com
2014-02-13 11:12:41,www.bing.com
2014-02-13 11:12:44,www.bing.com
2014-02-13 11:12:45,www.bing.com
2014-02-13 11:12:45,ts1.mm.bing.net
2014-02-13 11:12:46,www.bing.com
2014-02-13 11:12:46,ts1.mm.bing.net
2014-02-13 11:12:47,www.bing.com
2014-02-13 11:12:47,ts1.mm.bing.net
2014-02-13 11:12:48,ts1.mm.bing.net
2014-02-13 11:12:49,ts1.mm.bing.net
2014-02-13 11:12:49,www.bing.com
2014-02-13 11:12:51,www.bing.com
2014-02-13 11:12:53,www.bing.com
2014-02-13 11:12:53,ssl.bing.com
2014-02-13 11:12:53,ts4.mm.bing.net
2014-02-13 11:12:53,www.potiondevie.fr
2014-02-13 11:12:54,img.clubic.com
2014-02-13 11:12:54,www.bing.com
2014-02-13 11:12:55,4.bp.blogspot.com
2014-02-13 11:12:55,medias.unifrance.org
2014-02-13 11:12:55,www.cinemapassion.com
2014-02-13 11:12:55,media.ldlc.com
2014-02-13 11:12:55,www.ludocortex.fr
2014-02-13 11:12:55,www.axiominformatique.fr
2014-02-13 11:12:56,www.cvm.qc.ca
2014-02-13 11:12:57,ts1.mm.bing.net
2014-02-13 11:12:58,www.bing.com
2014-02-13 11:12:58,ts1.mm.bing.net
2014-02-13 11:12:59,www.bing.com
2014-02-13 11:12:59,ts1.mm.bing.net
2014-02-13 11:13:35,www.bing.com
2014-02-13 11:13:35,ts1.mm.bing.net
2014-02-13 11:13:36,www.bing.com
2014-02-13 11:13:36,ts1.mm.bing.net
2014-02-13 11:13:48,ts1.mm.bing.net
2014-02-13 11:13:48,www.bing.com
2014-02-13 11:13:49,www.bing.com
2014-02-13 11:13:54,www.bing.com
2014-02-13 11:14:46,www.bing.com
2014-02-13 11:14:56,www.bing.com
2014-02-13 11:15:20,www.bing.com
2014-02-13 11:15:21,ts1.mm.bing.net
2014-02-13 11:15:44,ts1.mm.bing.net
2014-02-13 11:15:45,www.bing.com
2014-02-13 11:15:45,ts1.mm.bing.net
2014-02-13 11:15:46,ts1.mm.bing.net
2014-02-13 11:15:46,www.bing.com
2014-02-13 11:15:47,www.bing.com
2014-02-13 11:15:48,www.bing.com
2014-02-13 11:15:49,www.bing.com
2014-02-13 11:15:49,login.live.com
2014-02-13 11:15:54,www.bing.com
2014-02-13 11:16:00,www.bing.com
2014-02-13 11:16:01,www.bing.com
2014-02-13 11:16:01,www.google.fr
2014-02-13 11:16:02,login.live.com
2014-02-13 11:16:02,www.google.fr
2014-02-13 11:16:03,apis.google.com
2014-02-13 11:16:03,ssl.bing.com
2014-02-13 11:16:03,www.google.com
2014-02-13 11:16:09,www.google.fr
2014-02-13 11:16:09,clients1.google.fr
2014-02-13 11:16:09,www.google.com
2014-02-13 11:16:09,apis.google.com
2014-02-13 11:16:10,clients1.google.fr
2014-02-13 11:16:11,www.google.fr
2014-02-13 11:16:25,clients1.google.fr
2014-02-13 11:16:26,www.google.fr
2014-02-13 11:16:32,www.google.fr
2014-02-13 11:16:57,clients1.google.fr
2014-02-13 11:16:57,www.google.fr
2014-02-13 11:16:58,www.google.fr
2014-02-13 11:16:58,w.sharethis.com
2014-02-13 11:16:58,www.pasolo.com
2014-02-13 11:17:00,w.sharethis.com
2014-02-13 11:17:00,connect.facebook.net
2014-02-13 11:17:00,edge.sharethis.com
2014-02-13 11:17:01,apis.google.com
2014-02-13 11:17:01,static.ak.facebook.com
2014-02-13 11:17:01,s-static.ak.facebook.com
2014-02-13 11:17:02,www.facebook.com
2014-02-13 11:17:02,accounts.google.com
2014-02-13 11:17:43,apis.google.com
2014-02-13 11:17:43,accounts.google.com
2014-02-13 11:17:58,www.google.fr
2014-02-13 11:18:00,www.google.fr
2014-02-13 11:18:05,apis.google.com
2014-02-13 11:18:18,clients1.google.fr
2014-02-13 11:18:18,www.google.fr
2014-02-13 11:18:19,www.google.fr
2014-02-13 11:18:21,s-static.ak.facebook.com
2014-02-13 11:18:21,static.ak.facebook.com
2014-02-13 11:18:22,www.facebook.com
2014-02-13 11:18:23,www.pasolo.com
2014-02-13 11:18:23,www.google.fr
2014-02-13 11:18:26,static.ak.facebook.com
2014-02-13 11:18:26,s-static.ak.facebook.com
2014-02-13 11:18:27,www.facebook.com
2014-02-13 11:18:30,www.pasolo.com
2014-02-13 11:19:30,apis.google.com
2014-02-13 11:24:40,www.bing.com
2014-02-13 11:24:42,www.bing.com
2014-02-13 11:24:42,ssl.bing.com
2014-02-13 11:24:42,login.live.com
2014-02-13 11:24:42,ts4.mm.bing.net
2014-02-13 11:24:43,ts4.mm.bing.net
2014-02-13 11:24:43,ts1.mm.bing.net
2014-02-13 11:24:43,ts3.mm.bing.net
2014-02-13 11:24:43,ts2.mm.bing.net
2014-02-13 11:24:44,ts3.mm.bing.net
2014-02-13 11:24:44,ts2.mm.bing.net
2014-02-13 11:24:44,ts1.mm.bing.net
2014-02-13 11:24:44,ts4.mm.bing.net
2014-02-13 11:24:44,www.bing.com
2014-02-13 11:24:44,ts2.explicit.bing.net
2014-02-13 11:24:45,ts1.mm.bing.net
2014-02-13 11:24:45,ts3.mm.bing.net
2014-02-13 11:24:45,ts4.mm.bing.net
2014-02-13 11:24:45,ts2.mm.bing.net
2014-02-13 11:24:45,www.bing.com
2014-02-13 11:24:45,ts3.explicit.bing.net
2014-02-13 11:24:46,ts3.mm.bing.net
2014-02-13 11:24:46,ts4.explicit.bing.net
2014-02-13 11:24:46,www.bing.com
2014-02-13 11:24:46,ts1.mm.bing.net
2014-02-13 11:24:46,ts4.mm.bing.net
2014-02-13 11:24:46,ts2.mm.bing.net
2014-02-13 11:24:46,ts3.explicit.bing.net
2014-02-13 11:24:47,ts2.mm.bing.net
2014-02-13 11:24:47,ts4.mm.bing.net
2014-02-13 11:24:47,ts3.mm.bing.net
2014-02-13 11:24:47,www.bing.com
2014-02-13 11:24:47,ts1.mm.bing.net
2014-02-13 11:24:48,ts4.mm.bing.net
2014-02-13 11:24:48,ts1.mm.bing.net
2014-02-13 11:24:48,ts3.mm.bing.net
2014-02-13 11:24:48,ts2.mm.bing.net
2014-02-13 11:24:48,ts3.explicit.bing.net
2014-02-13 11:24:48,login.live.com
2014-02-13 11:24:49,ssl.bing.com
2014-02-13 11:24:49,ts1.mm.bing.net
2014-02-13 11:24:49,ts2.mm.bing.net
2014-02-13 11:24:49,ts4.mm.bing.net
2014-02-13 11:24:49,ts3.mm.bing.net
2014-02-13 11:24:49,ts3.explicit.bing.net
2014-02-13 11:24:49,www.bing.com
2014-02-13 11:24:49,ts1.explicit.bing.net
2014-02-13 11:24:50,ts2.mm.bing.net
2014-02-13 11:24:50,ts3.mm.bing.net
2014-02-13 11:24:50,www.bing.com
2014-02-13 11:24:52,www.bing.com
2014-02-13 11:24:53,www.bing.com
2014-02-13 11:24:53,ts1.mm.bing.net
2014-02-13 11:24:53,www.unefamilleunmonde.com
2014-02-13 11:24:53,www.objectifgard.com
2014-02-13 11:24:53,ts2.mm.bing.net
2014-02-13 11:24:54,ts1.mm.bing.net
2014-02-13 11:24:54,ccsm.tout-amneville.com
2014-02-13 11:24:54,media.meltycampus.fr
2014-02-13 11:24:54,crazymom.unblog.fr
2014-02-13 11:24:54,1.bp.blogspot.com
2014-02-13 11:24:54,frenchweb.fr
2014-02-13 11:24:54,www.mespremiereslectures.com
2014-02-13 11:24:54,journalph.csphares.qc.ca
2014-02-13 11:24:54,isabelarte.perso.neuf.fr
2014-02-13 11:24:54,www.paroisse-lacellesaintcloud.com
2014-02-13 11:24:58,www.bing.com
2014-02-13 11:24:58,ts1.mm.bing.net
2014-02-13 11:24:59,ts1.mm.bing.net
2014-02-13 11:24:59,www.bing.com
2014-02-13 11:25:01,www.bing.com
2014-02-13 11:25:02,www.bing.com
2014-02-13 11:25:02,ts1.mm.bing.net
2014-02-13 11:25:02,ts3.mm.bing.net
2014-02-13 11:25:02,ts2.mm.bing.net
2014-02-13 11:25:02,ts4.mm.bing.net
2014-02-13 11:25:03,ts4.mm.bing.net
2014-02-13 11:25:03,ts2.mm.bing.net
2014-02-13 11:25:03,ts3.mm.bing.net
2014-02-13 11:25:03,www.bing.com
2014-02-13 11:25:03,ts1.mm.bing.net
2014-02-13 11:25:04,ts1.mm.bing.net
2014-02-13 11:25:04,coukie24.unblog.fr
2014-02-13 11:25:04,www.vousnousils.fr
2014-02-13 11:25:04,www.bing.com
2014-02-13 11:25:04,ts4.mm.bing.net
2014-02-13 11:25:04,ts3.explicit.bing.net
2014-02-13 11:25:04,ts3.mm.bing.net
2014-02-13 11:25:04,ts2.mm.bing.net
2014-02-13 11:25:04,ts1.explicit.bing.net
2014-02-13 11:25:05,ts1.explicit.bing.net
2014-02-13 11:25:05,ts4.explicit.bing.net
2014-02-13 11:25:05,www.candidatarien.com
2014-02-13 11:25:05,www.garenne.be
2014-02-13 11:25:05,ts4.mm.bing.net
2014-02-13 11:25:05,ts1.mm.bing.net
2014-02-13 11:25:05,ts2.mm.bing.net
2014-02-13 11:25:05,ts3.mm.bing.net
2014-02-13 11:25:06,ts2.mm.bing.net
2014-02-13 11:25:06,ts3.mm.bing.net
2014-02-13 11:25:06,ts4.mm.bing.net
2014-02-13 11:25:06,ts1.mm.bing.net
2014-02-13 11:25:06,www.bing.com
2014-02-13 11:25:06,ts3.explicit.bing.net
2014-02-13 11:25:06,login.live.com
2014-02-13 11:25:07,ssl.bing.com
2014-02-13 11:25:07,ts3.mm.bing.net
2014-02-13 11:25:07,ts4.mm.bing.net
2014-02-13 11:25:07,ts2.mm.bing.net
2014-02-13 11:25:07,ts1.mm.bing.net
2014-02-13 11:25:07,www.bing.com
2014-02-13 11:25:08,ts2.mm.bing.net
2014-02-13 11:25:08,ts3.mm.bing.net
2014-02-13 11:25:08,ts4.mm.bing.net
2014-02-13 11:25:08,ts1.mm.bing.net
2014-02-13 11:25:08,www.bing.com
2014-02-13 11:25:16,www.google.fr
2014-02-13 11:25:16,clients1.google.fr
2014-02-13 11:25:17,www.google.fr
2014-02-13 11:25:19,4.bp.blogspot.com
2014-02-13 11:25:19,www.google.fr
2014-02-13 11:25:20,4.bp.blogspot.com
2014-02-13 11:25:20,gycouture.blogspot.com
2014-02-13 11:25:20,gycouture.blogspot.fr
2014-02-13 11:25:20,www.google.com
2014-02-13 11:25:20,img2.blogblog.com
2014-02-13 11:25:20,img1.blogblog.com
2014-02-13 11:25:20,www.blogger.com
2014-02-13 11:25:20,2.bp.blogspot.com
2014-02-13 11:25:20,cdn-images.mailchimp.com
2014-02-13 11:25:20,www.blogblog.com
2014-02-13 11:25:21,apis.google.com
2014-02-13 11:25:21,www.blogblog.com
2014-02-13 11:25:21,translate.google.com
2014-02-13 11:25:21,4.bp.blogspot.com
2014-02-13 11:25:21,www.gycouture.com
2014-02-13 11:25:21,www.linkwithin.com
2014-02-13 11:25:21,2.bp.blogspot.com
2014-02-13 11:25:21,www.google.com
2014-02-13 11:25:21,translate.googleapis.com
2014-02-13 11:25:21,3.bp.blogspot.com
2014-02-13 11:25:21,img1.blogblog.com
2014-02-13 11:25:21,img2.blogblog.com
2014-02-13 11:25:21,www.blogger.com
2014-02-13 11:25:22,connect.facebook.net
2014-02-13 11:25:22,platform.twitter.com
2014-02-13 11:25:22,static.ak.facebook.com
2014-02-13 11:25:22,s-static.ak.facebook.com
2014-02-13 11:25:22,apis.google.com
2014-02-13 11:25:22,accounts.google.com
2014-02-13 11:25:22,www.google.com
2014-02-13 11:25:22,4.bp.blogspot.com
2014-02-13 11:25:23,images2.linkwithin.com
2014-02-13 11:25:23,www.google.com
2014-02-13 11:25:23,images.linkwithin.com
2014-02-13 11:25:24,4.bp.blogspot.com
2014-02-13 11:25:24,twitter.com
2014-02-13 11:25:24,www.google.com
2014-02-13 11:25:24,1.bp.blogspot.com
2014-02-13 11:25:24,2.bp.blogspot.com
2014-02-13 11:25:24,gg.google.com
2014-02-13 11:25:24,3.bp.blogspot.com
2014-02-13 11:25:24,www.facebook.com
2014-02-13 11:25:24,translate.google.com
2014-02-13 11:25:24,farm6.staticflickr.com
2014-02-13 11:25:24,farm8.staticflickr.com
2014-02-13 11:25:24,farm4.staticflickr.com
2014-02-13 11:25:25,farm4.staticflickr.com
2014-02-13 11:25:25,platform.twitter.com
2014-02-13 11:25:25,farm8.staticflickr.com
2014-02-13 11:25:25,1.bp.blogspot.com
2014-02-13 11:25:25,2.bp.blogspot.com
2014-02-13 11:25:25,www.google.com
2014-02-13 11:25:25,www.google.fr
2014-02-13 11:25:26,www.blogger.com
2014-02-13 11:25:26,twitter.com
2014-02-13 11:25:26,gycouture.blogspot.fr
2014-02-13 11:25:26,farm4.staticflickr.com
2014-02-13 11:25:26,gycouture.blogspot.com
2014-02-13 11:25:26,translate.googleapis.com
2014-02-13 11:25:26,translate.google.com
2014-02-13 11:25:26,www.google.com
2014-02-13 11:25:26,farm6.staticflickr.com
2014-02-13 11:25:27,www.facebook.com
2014-02-13 11:25:27,static.ak.facebook.com
2014-02-13 11:25:27,s-static.ak.facebook.com
2014-02-13 11:25:27,www.google.com
2014-02-13 11:25:27,img1.blogblog.com
2014-02-13 11:25:27,www.blogger.com
2014-02-13 11:25:27,widget3.linkwithin.com
2014-02-13 11:25:27,apis.google.com
2014-02-13 11:25:28,platform.twitter.com
2014-02-13 11:25:28,gg.google.com
2014-02-13 11:25:28,farm8.staticflickr.com
2014-02-13 11:25:28,farm4.staticflickr.com
2014-02-13 11:25:28,translate.google.com
2014-02-13 11:25:28,gycouture.blogspot.fr
2014-02-13 11:25:28,twitter.com
2014-02-13 11:25:29,www.google.com
2014-02-13 11:25:29,farm6.staticflickr.com
2014-02-13 11:25:29,farm3.staticflickr.com
2014-02-13 11:25:29,farm4.staticflickr.com
2014-02-13 11:25:32,4.bp.blogspot.com
2014-02-13 11:25:33,farm4.staticflickr.com
2014-02-13 11:25:33,farm3.staticflickr.com
2014-02-13 11:25:33,4.bp.blogspot.com
2014-02-13 11:26:18,www.bing.com
2014-02-13 11:26:20,login.live.com
2014-02-13 11:26:20,www.bing.com
2014-02-13 11:26:21,z-ecx.images-amazon.com
2014-02-13 11:26:21,g-ecx.images-amazon.com
2014-02-13 11:26:21,ssl.bing.com
2014-02-13 11:26:21,www.bing.com
2014-02-13 11:26:21,www.google.com
2014-02-13 11:26:22,www.amazon.fr
2014-02-13 11:26:22,g-ecx.images-amazon.com
2014-02-13 11:26:22,ecx.images-amazon.com
2014-02-13 11:26:23,static.amazon.fr
2014-02-13 11:26:23,z-ecx.images-amazon.com
2014-02-13 11:26:23,g-ecx.images-amazon.com
2014-02-13 11:26:23,www.amazon.fr
2014-02-13 11:26:23,df9v6ngw2bw7n.cloudfront.net
2014-02-13 11:26:23,ecx.images-amazon.com
2014-02-13 11:26:24,fls-eu.amazon.fr
2014-02-13 11:26:24,fls-eu.amazon.com
2014-02-13 11:26:24,www.amazon.fr
2014-02-13 11:26:24,cloudfront-labs.amazonaws.com
2014-02-13 11:26:24,ac60d1752a907b838f080aae35a073ece.profile.cdg50.cloudfront.net
2014-02-13 11:26:24,www.facebook.com
2014-02-13 11:26:25,g-ecx.images-amazon.com
2014-02-13 11:26:25,z-ecx.images-amazon.com
2014-02-13 11:27:56,g-ecx.images-amazon.com
2014-02-13 11:27:56,www.amazon.fr
2014-02-13 11:27:56,images-na.ssl-images-amazon.com
2014-02-13 11:28:07,www.bing.com
2014-02-13 11:28:09,login.live.com
2014-02-13 11:28:09,ssl.bing.com
2014-02-13 11:28:09,www.bing.com
2014-02-13 11:28:11,www.google.fr
2014-02-13 11:28:12,apis.google.com
2014-02-13 11:28:12,www.google.com
2014-02-13 11:28:19,clients1.google.fr
2014-02-13 11:28:20,www.google.com
2014-02-13 11:28:20,clients1.google.fr
2014-02-13 11:28:20,www.google.fr
2014-02-13 11:28:20,apis.google.com
2014-02-13 11:28:20,ssl.bing.com
2014-02-13 11:28:26,www4c.ac-lille.fr
2014-02-13 11:28:26,www.google.fr
2014-02-13 11:28:30,www4c.ac-lille.fr
2014-02-13 11:28:31,www.google.fr
2014-02-13 11:28:31,www4c.ac-lille.fr
2014-02-13 11:28:33,www.google.fr
2014-02-13 11:28:33,www4c.ac-lille.fr
2014-02-13 11:28:44,www.google.fr
2014-02-13 11:28:44,www4c.ac-lille.fr
2014-02-13 11:28:46,clients1.google.fr
2014-02-13 11:28:46,www4c.ac-lille.fr
2014-02-13 11:28:46,www.google.fr
2014-02-13 11:28:57,www.google.fr
2014-02-13 11:28:58,www4c.ac-lille.fr
2014-02-13 11:29:00,www.google.fr
2014-02-13 11:29:00,www4c.ac-lille.fr
2014-02-13 11:29:01,www4c.ac-lille.fr
2014-02-13 11:29:16,www.google.fr
2014-02-13 11:29:16,clients1.google.fr
2014-02-13 11:29:18,www.google.fr
2014-02-13 11:29:36,www.google.fr
2014-02-13 11:29:37,www.alplus-guadeloupe.com
2014-02-13 11:29:37,ajax.googleapis.com
2014-02-13 11:29:37,www.google.fr
2014-02-13 11:29:38,www.alplus-guadeloupe.com
2014-02-13 11:29:38,clock1.mytictac.com
2014-02-13 11:29:39,www.alplus-guadeloupe.com
2014-02-13 11:29:39,www.google.fr
2014-02-13 11:29:39,clock1.mytictac.com
2014-02-13 11:29:40,www.alplus-guadeloupe.com
2014-02-13 11:29:49,www.alplus-guadeloupe.com
2014-02-13 11:29:49,clock1.mytictac.com
2014-02-13 11:29:50,www.alplus-guadeloupe.com
2014-02-13 11:29:56,images-na.ssl-images-amazon.com
2014-02-13 11:29:58,clock1.mytictac.com
2014-02-13 11:29:58,clients1.google.fr
2014-02-13 11:29:58,www.google.fr
2014-02-13 11:30:01,clock1.mytictac.com
2014-02-13 11:30:01,www.google.fr
2014-02-13 11:30:12,clients1.google.fr
2014-02-13 11:30:12,www.google.fr
2014-02-13 11:30:14,fr.pourelles.yahoo.com
2014-02-13 11:30:20,www.google.fr
2014-02-13 11:30:20,fr.pourelles.yahoo.com
2014-02-13 11:30:35,www.google.fr
2014-02-13 11:30:35,clients1.google.fr
2014-02-13 11:30:36,www.google.fr
2014-02-13 11:30:37,www.google.fr
2014-02-13 11:30:37,www.fondsdecranhd.com
2014-02-13 11:30:37,hdw.eweb4.com
2014-02-13 11:30:37,assets.pinterest.com
2014-02-13 11:30:37,static.hdw.eweb4.com
2014-02-13 11:30:38,hdw.eweb4.com
2014-02-13 11:30:38,assets.pinterest.com
2014-02-13 11:30:38,static.hdw.eweb4.com
2014-02-13 11:30:38,s-static.ak.facebook.com
2014-02-13 11:30:38,static.ak.facebook.com
2014-02-13 11:30:39,www.facebook.com
2014-02-13 11:30:39,assets.pinterest.com
2014-02-13 11:30:39,apis.google.com
2014-02-13 11:30:39,accounts.google.com
2014-02-13 11:30:40,passets.pinterest.com
2014-02-13 11:30:40,twitter.com
2014-02-13 11:30:40,widgets.pinterest.com
2014-02-13 11:30:40,hdw.eweb4.com
2014-02-13 11:30:40,www.google.com
2014-02-13 11:30:40,accounts.google.com
2014-02-13 11:30:42,clock1.mytictac.com
2014-02-13 11:30:42,twitter.com
2014-02-13 11:30:43,www.fondsdecranhd.com
2014-02-13 11:30:52,clock1.mytictac.com
2014-02-13 11:30:55,clock1.mytictac.com
2014-02-13 11:31:01,clock1.mytictac.com
2014-02-13 11:31:04,clock1.mytictac.com
2014-02-13 11:32:28,www.erudit.org
2014-02-13 11:41:09,www.google.fr
2014-02-13 11:41:10,www.google.com
2014-02-13 11:41:10,apis.google.com
2014-02-13 11:41:24,www.google.com
2014-02-13 11:41:24,clients1.google.fr
2014-02-13 11:41:24,apis.google.com
2014-02-13 11:41:24,www.google.fr
2014-02-13 11:41:25,www.google.fr
2014-02-13 11:41:45,www.google.fr
2014-02-13 11:41:45,clients1.google.fr
2014-02-13 11:41:55,www.google.fr
2014-02-13 11:42:52,clients1.google.fr
2014-02-13 11:42:52,www.google.fr
2014-02-13 11:42:53,www.google.fr
2014-02-13 11:42:56,www.google.fr
2014-02-13 11:42:56,bibliotheque.ville-hazebrouck.fr
2014-02-13 11:42:57,a136.idata.over-blog.com
2014-02-13 11:42:57,bibliotheque.ville-hazebrouck.fr
2014-02-13 11:42:57,www.motsetmerveilles.com
2014-02-13 11:42:58,bibliotheque.ville-hazebrouck.fr
2014-02-13 11:42:58,www.albin-michel.fr
2014-02-13 11:42:58,www.letelegramme.fr
2014-02-13 11:42:59,bibliotheque.ville-hazebrouck.fr
2014-02-13 11:42:59,www.google.fr
2014-02-13 11:43:00,www.mollat.com
2014-02-13 11:43:00,www.laprocure.com
2014-02-13 11:43:00,ecx.images-amazon.com
2014-02-13 11:43:00,static.freepik.com
2014-02-13 11:43:00,bibliotheque.ville-hazebrouck.fr
2014-02-13 11:43:00,a136.idata.over-blog.com
2014-02-13 11:43:00,www.letelegramme.fr
2014-02-13 11:43:01,www.laprocure.com
2014-02-13 11:43:01,bibliotheque.ville-hazebrouck.fr
2014-02-13 11:43:01,www.eveiletjeux.com
2014-02-13 11:43:01,www.13strikes.com
2014-02-13 11:43:01,www.librairiepantoute.com
2014-02-13 11:43:02,bibliotheque.ville-hazebrouck.fr
2014-02-13 11:43:03,bibliotheque.ville-hazebrouck.fr
2014-02-13 11:43:05,bibliotheque.ville-hazebrouck.fr
2014-02-13 11:43:18,clients1.google.fr
2014-02-13 11:43:18,www.google.fr
2014-02-13 11:43:18,www.calista-corrections.com
2014-02-13 11:43:19,tracking.jotform.com
2014-02-13 11:43:19,form.jotformeu.com
2014-02-13 11:43:19,www.calista-corrections.com
2014-02-13 11:43:20,www.calista-corrections.com
2014-02-13 11:43:20,lib5.libstat.com
2014-02-13 11:43:20,jotformeu.com
2014-02-13 11:43:20,data.calameo.com
2014-02-13 11:43:20,fpdownload2.macromedia.com
2014-02-13 11:43:20,www.google.fr
2014-02-13 11:43:20,accounts.google.com
2014-02-13 11:43:20,apis.google.com
2014-02-13 11:43:22,apis.google.com
2014-02-13 11:43:22,accounts.google.com
2014-02-13 11:43:22,form.jotformeu.com
2014-02-13 11:43:22,lib5.libstat.com
2014-02-13 11:43:22,www.calista-corrections.com
2014-02-13 11:43:23,www.calista-corrections.com
2014-02-13 11:43:28,www.calista-corrections.com
2014-02-13 11:44:02,www.jotform.com
2014-02-13 11:44:25,lib5.libstat.com
2014-02-13 11:44:35,www.google.fr
2014-02-13 11:44:35,clients1.google.fr
2014-02-13 11:44:42,www.google.fr
2014-02-13 11:44:49,www.google.fr
2014-02-13 11:44:50,thumbs.dreamstime.com
2014-02-13 11:44:50,fr.dreamstime.com
2014-02-13 11:44:50,www.google.fr
2014-02-13 11:44:50,ajax.googleapis.com
2014-02-13 11:44:51,dnn506yrbagrg.cloudfront.net
2014-02-13 11:44:51,freethumbs.dreamstime.com
2014-02-13 11:44:51,www.facebook.com
2014-02-13 11:44:51,thumbs.dreamstime.com
2014-02-13 11:44:51,apis.google.com
2014-02-13 11:44:51,accounts.google.com
2014-02-13 11:44:51,platform.twitter.com
2014-02-13 11:44:52,freethumbs.dreamstime.com
2014-02-13 11:44:52,www.google.com
2014-02-13 11:44:52,www.google.fr
2014-02-13 11:44:52,thumbs.dreamstime.com
2014-02-13 11:44:53,twitter.com
2014-02-13 11:44:55,www.google.fr
2014-02-13 11:44:56,twitter.com
2014-02-13 11:44:56,www.facebook.com
2014-02-13 11:44:56,dnn506yrbagrg.cloudfront.net
2014-02-13 11:44:56,www.google.com
2014-02-13 11:44:56,www.google.fr
2014-02-13 11:44:56,fr.dreamstime.com
2014-02-13 11:44:57,fr.dreamstime.com
2014-02-13 11:44:57,freethumbs.dreamstime.com
2014-02-13 11:45:07,fr.dreamstime.com
2014-02-13 11:45:08,ajax.googleapis.com
2014-02-13 11:45:08,freethumbs.dreamstime.com
2014-02-13 11:45:08,thumbs.dreamstime.com
2014-02-13 11:45:08,fr.dreamstime.com
2014-02-13 11:45:09,www.google.com
2014-02-13 11:45:09,thumbs.dreamstime.com
2014-02-13 11:45:09,fr.dreamstime.com
2014-02-13 11:45:09,www.facebook.com
2014-02-13 11:45:10,apis.google.com
2014-02-13 11:45:10,fr.dreamstime.com
2014-02-13 11:45:10,www.google.com
2014-02-13 11:45:10,www.google.fr
2014-02-13 11:45:10,thumbs.dreamstime.com
2014-02-13 11:45:10,twitter.com
2014-02-13 11:45:14,thumbs.dreamstime.com
2014-02-13 11:45:16,thumbs.dreamstime.com
2014-02-13 11:45:23,freethumbs.dreamstime.com
2014-02-13 11:45:24,freethumbs.dreamstime.com
2014-02-13 11:45:24,apis.google.com
2014-02-13 11:45:27,twitter.com
2014-02-13 11:45:41,www.google.fr
2014-02-13 11:45:41,clients1.google.fr
2014-02-13 11:45:52,www.google.fr
2014-02-13 11:46:00,fr.fotolia.com
2014-02-13 11:46:00,www.google.fr
2014-02-13 11:46:01,www.google.fr
2014-02-13 11:46:02,tagman.fotolia.com
2014-02-13 11:46:02,www.google.com
2014-02-13 11:46:02,www.google.fr
2014-02-13 11:46:02,retargeting.veoxa.com
2014-02-13 11:46:02,mfr.meteofrance.com
2014-02-13 11:46:02,www.facebook.com
2014-02-13 11:46:03,www.google.fr
2014-02-13 11:46:03,tagman.fotolia.com
2014-02-13 11:46:03,www.google.com
2014-02-13 11:46:03,fr.fotolia.com
2014-02-13 11:46:04,retargeting.veoxa.com
2014-02-13 11:46:04,mfr.meteofrance.com
2014-02-13 11:46:11,www.google.fr
2014-02-13 11:46:12,fr.fotolia.com
2014-02-13 11:46:12,tagman.fotolia.com
2014-02-13 11:46:12,www.google.com
2014-02-13 11:46:12,www.google.fr
2014-02-13 11:46:12,clients1.google.fr
2014-02-13 11:46:12,apis.google.com
2014-02-13 11:46:13,mpp2.vindicosuite.com
2014-02-13 11:46:21,www.google.fr
2014-02-13 11:46:21,us.123rf.com
2014-02-13 11:46:22,d3fqh47ho4rujh.cloudfront.net
2014-02-13 11:46:22,clients1.google.fr
2014-02-13 11:46:22,www.google.fr
2014-02-13 11:46:23,fr.123rf.com
2014-02-13 11:46:23,www.google.fr
2014-02-13 11:46:23,www.google.com
2014-02-13 11:46:23,d3klshmqqidl5x.cloudfront.net
2014-02-13 11:46:23,seal-chicago.bbb.org
2014-02-13 11:46:23,d3fqh47ho4rujh.cloudfront.net
2014-02-13 11:46:24,us.cdn3.123rf.com
2014-02-13 11:46:24,www.123rf.com
2014-02-13 11:46:24,us.cdn1.123rf.com
2014-02-13 11:46:24,us.cdn4.123rf.com
2014-02-13 11:46:24,us.cdn2.123rf.com
2014-02-13 11:46:25,seal-chicago.bbb.org
2014-02-13 11:46:32,www.google.fr
2014-02-13 11:46:32,www.quizz.biz
2014-02-13 11:46:32,clients1.google.fr
2014-02-13 11:46:33,www.quizz.biz
2014-02-13 11:46:34,www.quizz.biz
2014-02-13 11:46:34,js.live.net
2014-02-13 11:46:48,www.dreamstime.com
2014-02-13 11:46:48,www.google.fr
2014-02-13 11:46:48,thumbs.dreamstime.com
2014-02-13 11:46:49,clients1.google.fr
2014-02-13 11:46:49,www.google.fr
2014-02-13 11:46:49,thumbs.dreamstime.com
2014-02-13 11:46:49,www.dreamstime.com
2014-02-13 11:46:49,www.facebook.com
2014-02-13 11:46:50,thumbs.dreamstime.com
2014-02-13 11:46:50,www.google.com
2014-02-13 11:46:50,apis.google.com
2014-02-13 11:46:50,twitter.com
2014-02-13 11:46:50,www.dreamstime.com
2014-02-13 11:46:50,www.google.fr
2014-02-13 11:47:01,accounts.google.com
2014-02-13 11:47:01,www.google.fr
2014-02-13 11:47:02,us.cdn4.123rf.com
2014-02-13 11:47:02,us.cdn2.123rf.com
2014-02-13 11:47:02,us.cdn3.123rf.com
2014-02-13 11:47:02,fr.123rf.com
2014-02-13 11:47:02,d3fqh47ho4rujh.cloudfront.net
2014-02-13 11:47:02,clients1.google.fr
2014-02-13 11:47:02,www.google.fr
2014-02-13 11:47:03,fr.123rf.com
2014-02-13 11:47:03,us.cdn3.123rf.com
2014-02-13 11:47:03,us.cdn4.123rf.com
2014-02-13 11:47:03,us.123rf.com
2014-02-13 11:47:03,us.cdn2.123rf.com
2014-02-13 11:47:03,us.cdn1.123rf.com
2014-02-13 11:47:04,d3fqh47ho4rujh.cloudfront.net
2014-02-13 11:47:04,www.google.com
2014-02-13 11:47:04,us.cdn4.123rf.com
2014-02-13 11:47:04,us.cdn2.123rf.com
2014-02-13 11:47:04,www.123rf.com
2014-02-13 11:47:04,us.cdn3.123rf.com
2014-02-13 11:47:04,us.cdn1.123rf.com
2014-02-13 11:47:04,www.google.fr
2014-02-13 11:47:05,www.google.fr
2014-02-13 11:47:06,d3fqh47ho4rujh.cloudfront.net
2014-02-13 11:47:06,www.google.fr
2014-02-13 11:47:06,fr.123rf.com
2014-02-13 11:47:06,www.google.com
2014-02-13 11:47:07,d3fqh47ho4rujh.cloudfront.net
2014-02-13 11:47:07,www.123rf.com
2014-02-13 11:47:26,www.google.fr
2014-02-13 11:47:26,clients1.google.fr
2014-02-13 11:47:28,www.google.fr
2014-02-13 11:47:35,www.google.fr
2014-02-13 11:47:35,clients1.google.fr
2014-02-13 11:47:50,www.google.fr
2014-02-13 11:47:50,clients1.google.fr
2014-02-13 11:48:03,www.google.fr
2014-02-13 11:48:03,clients1.google.fr
2014-02-13 11:48:04,www.google.fr
2014-02-13 11:48:07,www.google.fr
2014-02-13 11:48:08,www.google.fr
2014-02-13 11:48:08,www.fysystem.com
2014-02-13 11:48:09,www.fysystem.com
2014-02-13 11:48:10,www.fysystem.com
2014-02-13 11:48:11,www.google.fr
2014-02-13 11:48:12,www.fysystem.com
2014-02-13 11:48:23,www.google.fr
2014-02-13 11:48:28,www.google.fr
2014-02-13 11:48:29,www.futura-sciences.com
2014-02-13 11:48:31,www.futura-sciences.com
2014-02-13 11:48:31,clients1.google.fr
2014-02-13 11:48:31,www.google.fr
2014-02-13 11:48:32,wtpn.twenga.fr
2014-02-13 11:48:35,fr.primary.affinitad.com
2014-02-13 11:48:37,wtpn.twenga.fr
2014-02-13 11:48:38,fr.primary.affinitad.com
2014-02-13 11:48:38,www.futura-sciences.com
2014-02-13 11:48:38,www.facebook.com
2014-02-13 11:48:39,fr.primary.affinitad.com
2014-02-13 11:48:41,www.futura-sciences.com
2014-02-13 11:48:41,apis.google.com
2014-02-13 11:48:42,rbx-cdn-tpn.c4tw.net
2014-02-13 11:48:42,apis.google.com
2014-02-13 11:48:42,accounts.google.com
2014-02-13 11:48:44,apis.google.com
2014-02-13 11:48:50,fr.primary.affinitad.com
2014-02-13 11:48:50,rbx-cdn-tpn.c4tw.net
2014-02-13 11:48:53,connect.facebook.net
2014-02-13 11:48:53,platform.twitter.com
2014-02-13 11:48:58,static.ak.facebook.com
2014-02-13 11:49:00,s-static.ak.facebook.com
2014-02-13 11:49:01,www.facebook.com
2014-02-13 11:49:02,www.facebook.com
2014-02-13 11:49:03,www.facebook.com
2014-02-13 11:49:04,twitter.com
2014-02-13 11:49:04,platform.twitter.com
2014-02-13 11:49:05,platform.twitter.com
2014-02-13 11:49:09,apis.google.com
2014-02-13 11:49:09,twitter.com
2014-02-13 11:49:13,www.futura-sciences.com
2014-02-13 11:49:18,ecx.images-amazon.com
2014-02-13 11:49:18,www.futura-sciences.com
2014-02-13 11:49:19,wtpn.twenga.fr
2014-02-13 11:49:19,apis.google.com
2014-02-13 11:49:20,wtpn.twenga.fr
2014-02-13 11:49:21,wtpn.twenga.fr
2014-02-13 11:49:21,i10.twenga.com
2014-02-13 11:49:21,rbx-cdn-tpn.c4tw.net
2014-02-13 11:49:21,i11.twenga.com
2014-02-13 11:49:22,i11.twenga.com
2014-02-13 11:49:31,www.google.fr
2014-02-13 11:49:34,clients1.google.fr
2014-02-13 11:49:34,www.google.fr
2014-02-13 11:49:37,www.google.fr
2014-02-13 11:50:02,clients1.google.fr
2014-02-13 11:50:02,www.google.fr
2014-02-13 11:50:09,www.google.fr
2014-02-13 11:50:09,media.bestofmicro.com
2014-02-13 11:50:11,www.google.fr
2014-02-13 11:50:11,ajax.googleapis.com
2014-02-13 11:50:11,m.bestofmedia.com
2014-02-13 11:50:14,ajax.googleapis.com
2014-02-13 11:50:14,m.bestofmedia.com
2014-02-13 11:50:17,m.bestofmedia.com
2014-02-13 11:50:23,premium.hi-mediaserver.com
2014-02-13 11:50:33,m.bestofmedia.com
2014-02-13 11:50:47,dc1w54.wysistat.com
2014-02-13 11:50:49,um.simpli.fi
2014-02-13 11:50:49,c1.adform.net
2014-02-13 11:50:49,adventori.com
2014-02-13 11:50:52,m.bestofmedia.com
2014-02-13 11:50:52,adventori.com
2014-02-13 11:50:52,ajax.googleapis.com
2014-02-13 11:50:53,cdns.gigya.com
2014-02-13 11:50:55,m.bestofmedia.com
2014-02-13 11:50:55,www.google.fr
2014-02-13 11:50:55,cdns.gigya.com
2014-02-13 11:50:56,s3.amazonaws.com
2014-02-13 11:50:58,emailretargeting.com
2014-02-13 11:51:30,www.google.fr
2014-02-13 11:51:31,apis.google.com
2014-02-13 11:51:31,www.google.com
2014-02-13 11:51:38,apis.google.com
2014-02-13 11:51:38,clients1.google.fr
2014-02-13 11:51:38,www.google.fr
2014-02-13 11:51:38,www.google.com
2014-02-13 11:51:40,clients1.google.fr
2014-02-13 11:51:40,www.google.fr
2014-02-13 11:51:57,clients1.google.fr
2014-02-13 11:51:57,s-static.ak.facebook.com
2014-02-13 11:51:57,www.google.fr
2014-02-13 11:51:57,www.facebook.com
2014-02-13 11:51:57,static.ak.facebook.com
2014-02-13 11:51:57,ajax.googleapis.com
2014-02-13 11:51:57,platform.twitter.com
2014-02-13 11:51:57,www.recrutemoi.com
2014-02-13 11:51:59,www.google.fr
2014-02-13 11:51:59,static.ak.facebook.com
2014-02-13 11:51:59,www.facebook.com
2014-02-13 11:51:59,platform.twitter.com
2014-02-13 11:51:59,www.recrutemoi.com
2014-02-13 11:51:59,s-static.ak.facebook.com
2014-02-13 11:51:59,twitter.com
2014-02-13 11:52:00,twitter.com
2014-02-13 11:52:02,www.facebook.com
2014-02-13 11:52:12,www.google.fr
2014-02-13 11:52:12,clients1.google.fr
2014-02-13 11:52:12,twitter.com
2014-02-13 11:52:27,clients1.google.fr
2014-02-13 11:52:27,www.google.fr
2014-02-13 11:52:30,ostez.blogspot.fr
2014-02-13 11:52:30,ostez.blogspot.com
2014-02-13 11:52:30,2.bp.blogspot.com
2014-02-13 11:52:30,www.google.fr
2014-02-13 11:52:31,www.google.fr
2014-02-13 11:52:31,4.bp.blogspot.com
2014-02-13 11:52:31,3.bp.blogspot.com
2014-02-13 11:52:31,2.bp.blogspot.com
2014-02-13 11:52:31,1.bp.blogspot.com
2014-02-13 11:52:31,www.facebook.com
2014-02-13 11:52:31,www.google.com
2014-02-13 11:52:31,www.blogger.com
2014-02-13 11:52:31,ajax.googleapis.com
2014-02-13 11:52:32,1.bp.blogspot.com
2014-02-13 11:52:32,www.blogger.com
2014-02-13 11:52:32,apis.google.com
2014-02-13 11:52:32,accounts.google.com
2014-02-13 11:52:32,ostez.blogspot.fr
2014-02-13 11:52:34,3.bp.blogspot.com
2014-02-13 11:52:34,www.google.com
2014-02-13 11:52:34,gg.google.com
2014-02-13 11:52:34,apis.google.com
2014-02-13 11:52:34,www.google.fr
2014-02-13 11:52:34,www.blogger.com
2014-02-13 11:52:34,accounts.google.com
2014-02-13 11:52:34,ostez.blogspot.com
2014-02-13 11:52:34,ostez.blogspot.fr
2014-02-13 11:52:35,www.facebook.com
2014-02-13 11:52:35,1.bp.blogspot.com
2014-02-13 11:52:35,www.google.com
2014-02-13 11:52:35,3.bp.blogspot.com
2014-02-13 11:52:35,2.bp.blogspot.com
2014-02-13 11:52:35,www.blogger.com
2014-02-13 11:52:36,ostez.blogspot.fr
2014-02-13 11:52:36,www.blogger.com
2014-02-13 11:52:36,apis.google.com
2014-02-13 11:52:37,apis.google.com
2014-02-13 11:52:37,ostez.blogspot.fr
2014-02-13 11:52:37,img1.blogblog.com
2014-02-13 11:52:38,apis.google.com
2014-02-13 11:52:38,gg.google.com
2014-02-13 11:52:38,3.bp.blogspot.com
2014-02-13 11:52:38,www.google.com
2014-02-13 11:52:38,1.bp.blogspot.com
2014-02-13 11:52:38,2.bp.blogspot.com
2014-02-13 11:52:41,2.bp.blogspot.com
2014-02-13 11:56:38,1.bp.blogspot.com
2014-02-13 11:56:38,3.bp.blogspot.com
2014-02-13 11:56:38,www.google.com
2014-02-13 11:56:38,2.bp.blogspot.com
2014-02-13 11:56:39,www.google.com
2014-02-13 11:56:40,www.google.com
2014-02-13 12:01:55,www.bing.com
2014-02-13 12:01:57,www.bing.com
2014-02-13 12:01:57,ts3.mm.bing.net
2014-02-13 12:01:57,ts1.mm.bing.net
2014-02-13 12:01:57,login.live.com
2014-02-13 12:01:58,ts2.mm.bing.net
2014-02-13 12:01:58,ts3.mm.bing.net
2014-02-13 12:01:58,ts1.mm.bing.net
2014-02-13 12:01:58,ts4.mm.bing.net
2014-02-13 12:01:58,www.bing.com
2014-02-13 12:01:58,ts4.explicit.bing.net
2014-02-13 12:01:58,ts2.explicit.bing.net
2014-02-13 12:01:59,ts2.mm.bing.net
2014-02-13 12:01:59,ts3.mm.bing.net
2014-02-13 12:01:59,www.bing.com
2014-02-13 12:01:59,ts4.explicit.bing.net
2014-02-13 12:01:59,ts1.mm.bing.net
2014-02-13 12:01:59,ts4.mm.bing.net
2014-02-13 12:02:00,ts4.mm.bing.net
2014-02-13 12:02:00,ts2.mm.bing.net
2014-02-13 12:02:00,ts3.mm.bing.net
2014-02-13 12:02:00,www.bing.com
2014-02-13 12:02:00,ts1.mm.bing.net
2014-02-13 12:02:01,ts1.mm.bing.net
2014-02-13 12:02:01,ts4.mm.bing.net
2014-02-13 12:02:01,ts2.mm.bing.net
2014-02-13 12:02:01,ts3.mm.bing.net
2014-02-13 12:02:01,ts2.explicit.bing.net
2014-02-13 12:02:01,www.bing.com
2014-02-13 12:02:02,ts4.mm.bing.net
2014-02-13 12:02:02,ts2.mm.bing.net
2014-02-13 12:02:02,ts3.mm.bing.net
2014-02-13 12:02:02,ts1.mm.bing.net
2014-02-13 12:02:02,www.bing.com
2014-02-13 12:02:03,ts1.mm.bing.net
2014-02-13 12:02:03,ssl.bing.com
2014-02-13 12:02:03,login.live.com
2014-02-13 12:02:03,ts3.mm.bing.net
2014-02-13 12:02:03,ts4.mm.bing.net
2014-02-13 12:02:03,ts2.mm.bing.net
2014-02-13 12:02:04,ts4.mm.bing.net
2014-02-13 12:02:04,ts2.mm.bing.net
2014-02-13 12:02:04,ts1.mm.bing.net
2014-02-13 12:02:04,ts3.mm.bing.net
2014-02-13 12:02:04,www.bing.com
2014-02-13 12:02:04,ts1.explicit.bing.net
2014-02-13 12:02:05,www.bing.com
2014-02-13 12:02:05,ts1.mm.bing.net
2014-02-13 12:02:06,ts1.mm.bing.net
2014-02-13 12:02:06,www.bing.com
2014-02-13 12:02:06,www.francaisamex.com
2014-02-13 12:02:07,rlv.zcache.com
2014-02-13 12:02:09,free.clipartof.com
2014-02-13 12:02:22,3.bp.blogspot.com
2014-02-13 12:02:22,ts1.mm.bing.net
2014-02-13 12:02:22,www.vlietlandziekenhuis.nl
2014-02-13 12:02:23,3.bp.blogspot.com
2014-02-13 12:02:23,maitrerenardinfo.files.wordpress.com
2014-02-13 12:02:23,www.fitfacts.de
2014-02-13 12:02:23,www.spaendoncksport.nl
2014-02-13 12:02:26,www.bing.com
2014-02-13 12:02:49,www.google.fr
2014-02-13 12:02:52,clients1.google.fr
2014-02-13 12:02:52,www.google.fr
2014-02-13 12:03:00,clients1.google.fr
2014-02-13 12:03:00,www.google.fr
2014-02-13 12:03:09,www.fenykepekesvideok.eoldal.hu
2014-02-13 12:03:09,www.google.fr
2014-02-13 12:03:10,www.india-forums.com
2014-02-13 12:03:10,www.google.com
2014-02-13 12:03:10,www.google.fr
2014-02-13 12:03:11,www.laymarks.com
2014-02-13 12:03:11,www.india-forums.com
2014-02-13 12:03:13,www.india-forums.com
2014-02-13 12:03:13,www.google.com
2014-02-13 12:03:14,accounts.google.com
2014-02-13 12:03:14,apis.google.com
2014-02-13 12:03:14,www.india-forums.com
2014-02-13 12:03:14,www.facebook.com
2014-02-13 12:03:14,www.laymarks.com
2014-02-13 12:03:15,connect.facebook.net
2014-02-13 12:03:15,www.india-forums.com
2014-02-13 12:03:15,www.laymarks.com
2014-02-13 12:03:16,www.facebook.com
2014-02-13 12:03:16,www.india-forums.com
2014-02-13 12:03:17,apis.google.com
2014-02-13 12:03:18,hal9000.redintelligence.net
2014-02-13 12:03:19,s-static.ak.facebook.com
2014-02-13 12:03:19,static.ak.facebook.com
2014-02-13 12:03:20,hal9000.redintelligence.net
2014-02-13 12:03:20,www.facebook.com
2014-02-13 12:03:21,a.nonstoppartner.net
2014-02-13 12:03:23,s-static.ak.facebook.com
2014-02-27 10:21:54,www.bing.com
2014-02-27 10:21:55,www.bing.com
2014-02-27 10:21:56,www.bing.com
2014-02-27 10:21:56,cms.abmr.net
2014-02-27 10:21:57,login.live.com
2014-02-27 10:21:57,www.bing.com
2014-02-27 10:39:58,www.bing.com
2014-02-27 10:40:05,www.bing.com
2014-02-27 10:40:06,forum.hardware.fr
2014-02-27 10:40:06,forum-images.hardware.fr
2014-02-27 10:40:07,forum-images.hardware.fr
2014-02-27 10:40:07,www.google.com
2014-02-27 10:40:08,fr.primary.affinitad.com
2014-02-27 10:40:08,www.google.com
2014-02-27 10:40:08,fpdownload2.macromedia.com
2014-02-27 10:40:08,script.affilizr.com
2014-02-27 10:40:08,wtpn.twenga.fr
2014-02-27 10:40:08,forum-images.hardware.fr
2014-02-27 10:40:09,wtpn.twenga.fr
2014-02-27 10:40:09,fr.primary.affinitad.com
2014-02-27 10:40:09,www.google.com
2014-02-27 10:40:10,forum.hardware.fr
2014-02-27 10:40:10,wtpn.twenga.fr
2014-02-27 10:40:10,rbx-cdn-tpn.c4tw.net
2014-02-27 10:40:10,i11.twenga.com
2014-02-27 10:40:10,i10.twenga.com
2014-02-27 10:40:12,login.live.com
2014-02-27 10:40:16,rbx-cdn-tpn.c4tw.net
2014-02-27 10:40:16,i10.twenga.com
2014-02-27 10:40:21,ajax.googleapis.com
2014-02-27 10:40:37,www.google.com
2014-02-27 10:40:41,www.google.com
2014-02-27 10:40:47,www.google.com
2014-02-27 10:40:47,www.bing.com
2014-02-27 10:40:58,www.bing.com
2014-02-27 10:41:01,login.live.com
2014-02-27 10:41:14,www.bing.com
2014-02-27 10:41:48,www.bing.com
2014-02-27 10:41:50,www.erudit.org
2014-02-27 10:42:15,ssl.bing.com
2014-02-27 10:45:13,www.bing.com
2014-02-27 10:45:16,www.bing.com
2014-02-27 10:45:17,www.bing.com
2014-02-27 10:45:25,www.bing.com
2014-02-27 10:45:29,login.live.com
2014-02-27 10:45:30,login.live.com
2014-02-27 10:45:32,www.bing.com
2014-02-27 10:45:36,www.bing.com
2014-02-27 10:45:44,www.bing.com
2014-02-27 10:45:45,www.uqac.ca
2014-02-27 10:45:47,www.uqac.ca
2014-02-27 10:46:05,www.bing.com
2014-02-27 10:46:06,www.bing.com
2014-02-27 10:46:15,www.bing.com
2014-02-27 10:46:21,www.bing.com
2014-02-27 10:46:31,www.bing.com
2014-02-27 10:46:33,www.bing.com
2014-02-27 10:46:33,login.live.com
2014-02-27 10:46:34,www.douglas.qc.ca
2014-02-27 10:46:34,ssl.bing.com
2014-02-27 10:46:35,www.douglas.qc.ca
2014-02-27 10:46:36,www.honcode.ch
2014-02-27 10:46:36,www.douglas.qc.ca
2014-02-27 10:46:37,www.douglas.qc.ca
2014-02-27 10:46:38,www.douglas.qc.ca
2014-02-27 10:46:39,www.douglas.qc.ca
2014-02-27 10:46:40,www.douglas.qc.ca
2014-02-27 10:47:36,www.douglas.qc.ca
2014-02-27 10:47:39,www.douglas.qc.ca
2014-02-27 10:47:40,www.douglas.qc.ca
2014-02-27 10:47:41,www.douglas.qc.ca
2014-02-27 10:47:48,www.bing.com
2014-02-27 10:47:48,www.douglas.qc.ca
2014-02-27 10:47:50,login.live.com
2014-02-27 10:47:53,www.bing.com
2014-02-27 10:47:58,www.bing.com
2014-02-27 10:48:09,www.bing.com
2014-02-27 10:48:11,www.bing.com
2014-02-27 10:48:11,login.live.com
2014-02-27 10:48:19,www.bing.com
2014-02-27 10:48:51,www.google.fr
2014-02-27 10:48:53,www.google.fr
2014-02-27 10:48:54,apis.google.com
2014-02-27 10:48:56,www.google.com
2014-02-27 10:49:13,clients1.google.fr
2014-02-27 10:49:14,ssl.bing.com
2014-02-27 10:49:14,www.google.fr
2014-02-27 10:49:14,www.google.com
2014-02-27 10:49:14,apis.google.com
2014-02-27 10:49:16,clients1.google.fr
2014-02-27 10:49:16,www.google.fr
2014-02-27 10:49:21,www.memoireonline.com
2014-02-27 10:49:21,memoireonline.com
2014-02-27 10:49:21,www.google.fr
2014-02-27 10:49:24,memoireonline.com
2014-02-27 10:49:24,connect.facebook.net
2014-02-27 10:49:24,static.ak.facebook.com
2014-02-27 10:49:24,s-static.ak.facebook.com
2014-02-27 10:49:24,apis.google.com
2014-02-27 10:49:24,www.memoireonline.com
2014-02-27 10:49:25,wtpn.twenga.fr
2014-02-27 10:49:26,www.facebook.com
2014-02-27 10:49:26,mm.eulerian.net
2014-02-27 10:49:26,wtpn.twenga.fr
2014-02-27 10:49:26,apis.google.com
2014-02-27 10:49:28,accounts.google.com
2014-02-27 10:49:29,accounts.google.com
2014-02-27 10:49:29,www.memoireonline.com
2014-02-27 10:49:29,its.tradelab.fr
2014-02-27 10:49:31,www.google.fr
2014-02-27 10:49:44,its.tradelab.fr
2014-02-27 10:49:44,www.google.fr
2014-02-27 10:49:45,s-static.ak.facebook.com
2014-02-27 10:49:45,static.ak.facebook.com
2014-02-27 10:49:46,wtpn.twenga.fr
2014-02-27 10:49:47,www.memoireonline.com
2014-02-27 10:49:48,wtpn.twenga.fr
2014-02-27 10:49:48,www.facebook.com
2014-02-27 10:50:08,clients1.google.fr
2014-02-27 10:50:08,www.google.fr
2014-02-27 10:50:09,www.google.fr
2014-02-27 10:50:10,www.google.fr
2014-02-27 10:50:12,www.memoireonline.com
2014-02-27 10:50:15,s-static.ak.facebook.com
2014-02-27 10:50:15,www.memoireonline.com
2014-02-27 10:50:15,wtpn.twenga.fr
2014-02-27 10:50:15,static.ak.facebook.com
2014-02-27 10:50:18,s-static.ak.facebook.com
2014-02-27 10:50:18,wtpn.twenga.fr
2014-02-27 10:50:18,www.memoireonline.com
2014-02-27 10:50:18,www.google.fr
2014-02-27 10:50:18,static.ak.facebook.com
2014-02-27 10:50:19,www.facebook.com
2014-02-27 10:50:20,www.google.fr
2014-02-27 10:50:20,clients1.google.fr
2014-02-27 10:50:34,www.google.fr
2014-02-27 10:50:36,www.google.fr
2014-02-27 10:50:37,www.cbnbl.org
2014-02-27 10:50:39,www.google.fr
2014-02-27 10:50:39,www.cbnbl.org
2014-02-27 10:50:40,www.cbnbl.org
2014-02-27 10:50:41,www.cbnbl.org
2014-02-27 10:50:42,www.google.fr
2014-02-27 10:50:42,www.cbnbl.org
2014-02-27 10:50:43,www.cbnbl.org
2014-02-27 10:50:44,www.cbnbl.org
2014-02-27 10:50:53,www.google.fr
2014-02-27 10:50:53,www.memoireonline.com
2014-02-27 10:50:54,s-static.ak.facebook.com
2014-02-27 10:50:54,static.ak.facebook.com
2014-02-27 10:50:54,www.memoireonline.com
2014-02-27 10:50:54,wtpn.twenga.fr
2014-02-27 10:50:56,www.facebook.com
2014-02-27 10:50:56,mm.eulerian.net
2014-02-27 10:50:56,wtpn.twenga.fr
2014-02-27 10:50:57,apis.google.com
2014-02-27 10:50:58,its.tradelab.fr
2014-02-27 10:51:35,clients1.google.fr
2014-02-27 10:51:35,www.google.fr
2014-02-27 10:51:39,s-static.ak.facebook.com
2014-02-27 10:51:39,www.google.fr
2014-02-27 10:51:39,www.memoireonline.com
2014-02-27 10:51:39,static.ak.facebook.com
2014-02-27 10:51:40,www.memoireonline.com
2014-02-27 10:51:40,wtpn.twenga.fr
2014-02-27 10:51:50,www.facebook.com
2014-02-27 10:51:50,wtpn.twenga.fr
2014-02-27 10:52:10,www.google.fr
2014-02-27 10:52:10,apis.google.com
2014-02-27 10:52:10,clients1.google.fr
2014-02-27 10:52:10,www.insee.fr
2014-02-27 10:52:11,www.google.fr
2014-02-27 10:52:11,www.insee.fr
2014-02-27 10:52:37,www.google.fr
2014-02-27 10:52:38,clients1.google.fr
2014-02-27 10:52:38,www.oncfs.gouv.fr
2014-02-27 10:52:39,www.google.fr
2014-02-27 10:52:39,www.oncfs.gouv.fr
2014-02-27 10:52:40,www.oncfs.gouv.fr
2014-02-27 10:52:41,www.oncfs.gouv.fr
2014-02-27 10:52:42,www.oncfs.gouv.fr
2014-02-27 10:52:43,www.oncfs.gouv.fr
2014-02-27 10:52:48,www.google.fr
2014-02-27 10:52:50,www.oncfs.gouv.fr
2014-02-27 10:52:51,www.oncfs.gouv.fr
2014-02-27 10:53:27,clients1.google.fr
2014-02-27 10:53:27,www.google.fr
2014-02-27 10:53:35,www.google.fr
2014-02-27 10:53:35,paleo.revues.org
2014-02-27 10:53:35,static.openedition.org
2014-02-27 10:53:36,paleo.revues.org
2014-02-27 10:53:36,static.openedition.org
2014-02-27 10:53:37,static.openedition.org
2014-02-27 10:53:38,paleo.revues.org
2014-02-27 10:53:38,auth.openedition.org
2014-02-27 10:53:50,clients1.google.fr
2014-02-27 10:53:50,www.google.fr
2014-02-27 10:53:51,www.google.fr
2014-02-27 10:53:51,liesidotorg.files.wordpress.com
2014-02-27 10:53:51,s0.wp.com
2014-02-27 10:53:51,s1.wp.com
2014-02-27 10:53:52,0.gravatar.com
2014-02-27 10:53:52,use.typekit.net
2014-02-27 10:53:52,liesidotorg.wordpress.com
2014-02-27 10:53:52,s1.wp.com
2014-02-27 10:53:52,liesidotorg.files.wordpress.com
2014-02-27 10:53:53,2.gravatar.com
2014-02-27 10:53:53,targeting.unrulymedia.com
2014-02-27 10:53:54,s.ytimg.com
2014-02-27 10:53:54,s0.wp.com
2014-02-27 10:53:54,widgets.wp.com
2014-02-27 10:53:54,www.google.com
2014-02-27 10:53:54,s2.wp.com
2014-02-27 10:53:54,www.youtube.com
2014-02-27 10:53:54,0.gravatar.com
2014-02-27 10:53:54,s1.wp.com
2014-02-27 10:53:54,1.gravatar.com
2014-02-27 10:53:54,2.gravatar.com
2014-02-27 10:53:55,s.ytimg.com
2014-02-27 10:53:55,liesidotorg.wordpress.com
2014-02-27 10:53:55,s0.wp.com
2014-02-27 10:53:55,2.gravatar.com
2014-02-27 10:53:55,0.gravatar.com
2014-02-27 10:53:56,i1.ytimg.com
2014-02-27 10:53:56,s.ytimg.com
2014-02-27 10:53:57,widgets.wp.com
2014-02-27 10:53:57,s0.wp.com
2014-02-27 10:53:57,www.youtube.com
2014-02-27 10:53:57,i1.ytimg.com
2014-02-27 10:53:57,s.ytimg.com
2014-02-27 10:54:02,public-api.wordpress.com
2014-02-27 10:54:13,s0.wp.com
2014-02-27 10:54:36,www.google.fr
2014-02-27 10:54:36,public-api.wordpress.com
2014-02-27 10:54:36,clients1.google.fr
2014-02-27 10:54:48,www.google.fr
2014-02-27 10:54:52,www.memoireonline.com
2014-02-27 10:54:53,static.ak.facebook.com
2014-02-27 10:54:54,s-static.ak.facebook.com
2014-02-27 10:54:55,www.facebook.com
2014-02-27 10:54:56,www.facebook.com
2014-02-27 10:54:57,apis.google.com
2014-02-27 10:55:14,www.google.fr
2014-02-27 10:55:14,clients1.google.fr
2014-02-27 10:55:15,www.google.fr
2014-02-27 10:55:29,ecx.images-amazon.com
2014-02-27 10:55:29,www.google.fr
2014-02-27 10:55:30,www.amazon.fr
2014-02-27 10:55:39,www.google.fr
2014-02-27 10:56:06,www.google.fr
2014-02-27 10:56:08,www.google.fr
2014-02-27 10:56:29,www.google.fr
2014-02-27 10:56:30,apis.google.com
2014-02-27 10:56:32,www.google.com
2014-02-27 10:56:41,clients1.google.fr
2014-02-27 10:56:41,www.google.fr
2014-02-27 10:56:49,apis.google.com
2014-02-27 10:56:49,www.google.com
2014-02-27 10:56:49,www.google.fr
2014-02-27 10:56:50,www.google.fr
2014-02-27 10:56:52,clients1.google.fr
2014-02-27 10:56:53,clients1.google.fr
2014-02-27 10:56:55,www.google.fr
2014-02-27 10:56:56,www.censusatschool.ca
2014-02-27 10:56:57,www.censusatschool.ca
2014-02-27 10:56:58,www.censusatschool.ca
2014-02-27 10:56:59,www.censusatschool.ca
2014-02-27 10:57:05,www.google.fr
2014-02-27 10:57:06,www.google.fr
2014-02-27 10:57:06,www.mddep.gouv.qc.ca
2014-02-27 10:57:06,clients1.google.fr
2014-02-27 10:57:07,www.mddep.gouv.qc.ca
2014-02-27 10:57:13,www.rescue-forum.com
2014-02-27 10:57:13,www.google.fr
2014-02-27 10:57:13,clients1.google.fr
2014-02-27 10:57:14,www.google.fr
2014-02-27 10:57:14,www.rescue-forum.com
2014-02-27 10:57:14,ajax.googleapis.com
2014-02-27 10:57:15,static.ak.facebook.com
2014-02-27 10:57:15,www.facebook.com
2014-02-27 10:57:15,s-static.ak.facebook.com
2014-02-27 10:57:15,www.rescue-forum.com
2014-02-27 10:57:33,clients1.google.fr
2014-02-27 10:57:33,www.google.fr
2014-02-27 10:57:33,www.assemblee-nationale.fr
2014-02-27 10:57:47,www.google.fr
2014-02-27 10:57:48,www.assemblee-nationale.fr
2014-02-27 10:57:53,clients1.google.fr
2014-02-27 10:57:53,www.google.fr
2014-02-27 10:57:55,www.google.fr
2014-02-27 10:57:56,wikibat.wikispaces.com
2014-02-27 10:58:01,session.wikispaces.com
2014-02-27 10:58:21,www.google.fr
2014-02-27 10:58:21,clients1.google.fr
2014-02-27 10:58:26,www.google.fr
2014-02-27 10:58:26,ajax.googleapis.com
2014-02-27 10:58:26,platform.twitter.com
2014-02-27 10:58:26,www.tuxboard.com
2014-02-27 10:58:27,www.tuxboard.com
2014-02-27 10:58:27,apis.google.com
2014-02-27 10:58:27,medias1.tuxboard.com
2014-02-27 10:58:27,www.facebook.com
2014-02-27 10:58:27,platform.twitter.com
2014-02-27 10:58:27,s.srvntrk.com
2014-02-27 10:58:27,img.tuxboard.com
2014-02-27 10:58:28,s.srvntrk.com
2014-02-27 10:58:28,www.facebook.com
2014-02-27 10:58:28,platform.twitter.com
2014-02-27 10:58:28,www.tuxboard.com
2014-02-27 10:58:29,autolinkmaker.itunes.apple.com
2014-02-27 10:58:29,c1.adform.net
2014-02-27 10:58:29,rbp.mxptint.net
2014-02-27 10:58:30,rubicon-match.dotomi.com
2014-02-27 10:58:30,dtm.potterybarnkids.com
2014-02-27 10:58:30,apis.google.com
2014-02-27 10:58:33,www.google.fr
2014-02-27 10:58:33,www.tuxboard.com
2014-02-27 10:58:33,platform.twitter.com
2014-02-27 10:58:33,www.facebook.com
2014-02-27 10:58:33,s.srvntrk.com
2014-02-27 10:58:34,www.facebook.com
2014-02-27 10:58:34,s.srvntrk.com
2014-02-27 10:58:35,um.simpli.fi
2014-02-27 10:58:35,s.srvntrk.com
2014-02-27 10:58:37,twitter.com
2014-02-27 10:58:38,twitter.com
2014-02-27 10:58:39,accounts.google.com
2014-02-27 10:58:39,clients1.google.fr
2014-02-27 10:58:39,www.google.fr
2014-02-27 10:58:50,www.vente-en-ligne.ag2rlamondiale.fr
2014-02-27 10:58:50,www.google.fr
2014-02-27 10:58:51,www.google.fr
2014-02-27 10:58:51,www.vente-en-ligne.ag2rlamondiale.fr
2014-02-27 10:58:52,www.vente-en-ligne.ag2rlamondiale.fr
2014-02-27 10:58:58,www.google.fr
2014-02-27 10:58:59,www.vente-en-ligne.ag2rlamondiale.fr
2014-02-27 10:59:03,www.google.fr
2014-02-27 10:59:03,clients1.google.fr
2014-02-27 10:59:28,clients1.google.fr
2014-02-27 10:59:28,www.google.fr
2014-02-27 10:59:39,www.google.fr
2014-02-27 11:00:01,clients1.google.fr
2014-02-27 11:00:29,www.google.fr
2014-02-27 11:00:31,cabanedetellus.free.fr
2014-02-27 11:00:31,www.google.fr
2014-02-27 11:00:32,www.google.fr
2014-02-27 11:00:32,cabanedetellus.free.fr
2014-02-27 11:00:55,clients1.google.fr
2014-02-27 11:00:55,www.google.fr
2014-02-27 11:01:15,www.google.fr
2014-02-27 11:01:29,www.google.fr
2014-02-27 11:02:09,clients1.google.fr
2014-02-27 11:02:10,www.google.fr
2014-02-27 11:02:15,www.google.fr
2014-02-27 11:02:17,www.google.fr
2014-02-27 11:02:17,2.bp.blogspot.com
2014-02-27 11:02:18,aquaculture-aquablog.blogspot.com
2014-02-27 11:02:19,aquaculture-aquablog.blogspot.fr
2014-02-27 11:02:19,www.google.fr
2014-02-27 11:02:19,www.google.com
2014-02-27 11:02:21,www.blogger.com
2014-02-27 11:02:21,ajax.googleapis.com
2014-02-27 11:02:21,img1.blogblog.com
2014-02-27 11:02:22,1.bp.blogspot.com
2014-02-27 11:02:22,apis.google.com
2014-02-27 11:02:22,www.blogger.com
2014-02-27 11:02:22,4.bp.blogspot.com
2014-02-27 11:02:22,3.bp.blogspot.com
2014-02-27 11:02:22,2.bp.blogspot.com
2014-02-27 11:02:23,4.bp.blogspot.com
2014-02-27 11:02:23,api.dmcloud.net
2014-02-27 11:02:23,3.bp.blogspot.com
2014-02-27 11:02:23,img2.blogblog.com
2014-02-27 11:02:23,www.blogger.com
2014-02-27 11:02:23,www.blogblog.com
2014-02-27 11:02:23,2.bp.blogspot.com
2014-02-27 11:02:23,img1.blogblog.com
2014-02-27 11:02:24,www.youtube.com
2014-02-27 11:02:24,www.blogblog.com
2014-02-27 11:02:25,www.youtube.com
2014-02-27 11:02:26,api.dmcloud.net
2014-02-27 11:02:27,www.wat.tv
2014-02-27 11:02:27,api.dmcloud.net
2014-02-27 11:02:28,www.youtube.com
2014-02-27 11:02:29,www.wat.tv
2014-02-27 11:02:30,www.blogger.com
2014-02-27 11:02:39,www.google.fr
2014-02-27 11:02:40,apis.google.com
2014-02-27 11:02:41,apis.google.com
2014-02-27 11:02:41,www.google.fr
2014-02-27 11:02:41,clients1.google.fr
2014-02-27 11:02:43,clients1.google.fr
2014-02-27 11:02:44,www.google.com
2014-02-27 11:03:48,www.google.com
2014-02-27 11:04:21,clients1.google.fr
2014-02-27 11:04:21,www.google.fr
2014-02-27 11:04:28,www.google.fr
2014-02-27 11:04:28,clients1.google.fr
2014-02-27 11:04:45,www.google.fr
2014-02-27 11:05:04,www.google.fr
2014-02-27 11:06:02,clients1.google.fr
2014-02-27 11:06:02,www.google.fr
2014-02-27 11:06:07,www.google.fr
2014-02-27 11:06:11,www.google.fr
2014-02-27 11:06:11,decodeurs.blog.lemonde.fr
2014-02-27 11:06:13,www.google.fr
2014-02-27 11:06:13,decodeurs.blog.lemonde.fr
2014-02-27 11:06:13,s1.lemde.fr
2014-02-27 11:06:13,blog.lemonde.fr
2014-02-27 11:06:14,www.lemonde.fr
2014-02-27 11:06:14,s1.lemde.fr
2014-02-27 11:06:14,widget.rtgi.eu
2014-02-27 11:06:14,s2.lemde.fr
2014-02-27 11:06:14,assets.pinterest.com
2014-02-27 11:06:14,www.google.fr
2014-02-27 11:06:14,blog.lemonde.fr
2014-02-27 11:06:14,decodeurs.blog.lemonde.fr
2014-02-27 11:06:15,www.google.com
2014-02-27 11:06:15,s1.lemde.fr
2014-02-27 11:06:15,assets.pinterest.com
2014-02-27 11:06:15,www.google.fr
2014-02-27 11:06:15,cshoppingbox.partner.leguide.com
2014-02-27 11:06:15,widget.rtgi.eu
2014-02-27 11:06:17,decodeurs.blog.lemonde.fr
2014-02-27 11:06:18,decodeurs.blog.lemonde.fr
2014-02-27 11:06:18,www.google.fr
2014-02-27 11:06:22,connect.facebook.net
2014-02-27 11:06:44,www.google.fr
2014-02-27 11:06:44,clients1.google.fr
2014-02-27 11:06:51,www.assemblee-nationale.fr
2014-02-27 11:06:51,www.google.fr
2014-02-27 11:06:52,www.google.fr
2014-02-27 11:06:52,www.assemblee-nationale.fr
2014-02-27 11:06:53,www.assemblee-nationale.fr
2014-02-27 11:07:17,www.google.fr
2014-02-27 11:07:18,www.google.fr
2014-02-27 11:07:25,www.google.fr
2014-02-27 11:07:26,apis.google.com
2014-02-27 11:07:27,www.google.fr
2014-02-27 11:07:27,clients1.google.fr
2014-02-27 11:07:27,apis.google.com
2014-02-27 11:07:29,clients1.google.fr
2014-02-27 11:07:29,apis.google.com
2014-02-27 11:07:29,www.google.fr
2014-02-27 11:07:30,www.google.fr
2014-02-27 11:07:30,www.google.com
2014-02-27 11:07:39,www.google.com
2014-02-27 11:07:39,www.google.fr
2014-02-27 11:07:41,www.assemblee-nationale.fr
2014-02-27 11:07:56,www.google.fr
2014-02-27 11:07:56,clients1.google.fr
2014-02-27 11:08:01,www.google.fr
2014-02-27 11:08:01,www.slate.fr
2014-02-27 11:08:03,www.google.fr
2014-02-27 11:08:03,www.slate.fr
2014-02-27 11:08:03,ajax.googleapis.com
2014-02-27 11:08:04,www.slate.fr
2014-02-27 11:08:04,admin.brightcove.com
2014-02-27 11:08:05,www.slate.fr
2014-02-27 11:08:06,www.slate.fr
2014-02-27 11:08:06,admin.brightcove.com
2014-02-27 11:08:08,admin.brightcove.com
2014-02-27 11:08:08,fr.wikipedia.org
2014-02-27 11:08:08,static.ebz.io
2014-02-27 11:08:08,www.slate.fr
2014-02-27 11:08:09,brightcove.vo.llnwd.net
2014-02-27 11:08:09,admin.brightcove.com
2014-02-27 11:08:10,brightcove.vo.llnwd.net
2014-02-27 11:08:13,www.slate.fr
2014-02-27 11:08:13,www.google.fr
2014-02-27 11:08:15,www.slate.fr
2014-02-27 11:08:16,admin.brightcove.com
2014-02-27 11:08:18,www.slate.fr
2014-02-27 11:08:18,static.ebz.io
2014-02-27 11:08:18,fr.wikipedia.org
2014-02-27 11:08:19,clients1.google.fr
2014-02-27 11:08:19,www.google.fr
2014-02-27 11:09:15,www.google.fr
2014-02-27 11:09:15,www.coe.int
2014-02-27 11:09:15,clients1.google.fr
2014-02-27 11:09:16,www.coe.int
2014-02-27 11:09:16,www.google.fr
2014-02-27 11:09:17,www.coe.int
2014-02-27 11:09:17,piwik.coe.int
2014-02-27 11:09:19,www.coe.int
2014-02-27 11:09:51,clients1.google.fr
2014-02-27 11:10:00,clients1.google.fr
2014-02-27 11:10:00,www.google.fr
2014-02-27 11:10:15,clients1.google.fr
2014-02-27 11:10:15,www.google.fr
2014-02-27 11:10:18,www.revue-texto.net
2014-02-27 11:10:18,www.google.fr
2014-02-27 11:10:19,www.google.fr
2014-02-27 11:10:19,www.revue-texto.net
2014-02-27 11:10:20,www.revue-texto.net
2014-02-27 11:10:26,www.google.fr
2014-02-27 11:10:27,www.revue-texto.net
2014-02-27 11:11:04,www.google.fr
2014-02-27 11:11:04,clients1.google.fr
2014-02-27 11:11:09,www.leem.org
2014-02-27 11:11:09,www.google.fr
2014-02-27 11:11:11,www.leem.org
2014-02-27 11:11:11,www.google.fr
2014-02-27 11:11:12,connect.facebook.net
2014-02-27 11:11:12,www.leem.org
2014-02-27 11:11:12,platform.twitter.com
2014-02-27 11:11:12,platform.linkedin.com
2014-02-27 11:11:15,www.leem.org
2014-02-27 11:11:16,platform.linkedin.com
2014-02-27 11:11:16,www.honcode.ch
2014-02-27 11:11:16,www.leem.org
2014-02-27 11:11:17,www.leem.org
2014-02-27 11:11:19,accounts.google.com
2014-02-27 11:11:19,static.ak.facebook.com
2014-02-27 11:11:22,s-static.ak.facebook.com
2014-02-27 11:11:22,www.leem.org
2014-02-27 11:11:23,www.linkedin.com
2014-02-27 11:11:24,www.facebook.com
2014-02-27 11:11:26,twitter.com
2014-02-27 11:11:27,www.facebook.com
2014-02-27 11:11:27,apis.google.com
2014-02-27 11:11:28,twitter.com
2014-02-27 11:11:31,www.leem.org
2014-02-27 11:11:34,www.google.fr
2014-02-27 11:11:35,www.leem.org
2014-02-27 11:11:35,www.linkedin.com
2014-02-27 11:11:36,platform.twitter.com
2014-02-27 11:11:38,static.ak.facebook.com
2014-02-27 11:11:39,accounts.google.com
2014-02-27 11:12:10,www.google.fr
2014-02-27 11:12:11,www.google.fr
2014-02-27 11:12:12,apis.google.com
2014-02-27 11:12:14,www.google.com
2014-02-27 11:12:35,apis.google.com
2014-02-27 11:12:35,www.google.com
2014-02-27 11:12:35,www.google.fr
2014-02-27 11:12:36,www.leem.org
2014-02-27 11:12:36,www.google.fr
2014-02-27 11:12:37,platform.twitter.com
2014-02-27 11:12:37,www.leem.org
2014-02-27 11:12:37,clients1.google.fr
2014-02-27 11:12:37,s-static.ak.facebook.com
2014-02-27 11:12:37,static.ak.facebook.com
2014-02-27 11:12:38,www.leem.org
2014-02-27 11:12:38,www.linkedin.com
2014-02-27 11:12:38,www.facebook.com
2014-02-27 11:12:38,apis.google.com
2014-02-27 11:12:38,platform.linkedin.com
2014-02-27 11:12:39,www.google.fr
2014-02-27 11:12:39,www.linkedin.com
2014-02-27 11:12:39,s-static.ak.facebook.com
2014-02-27 11:12:39,www.leem.org
2014-02-27 11:12:39,static.ak.facebook.com
2014-02-27 11:12:39,platform.twitter.com
2014-02-27 11:12:40,www.leem.org
2014-02-27 11:12:40,platform.linkedin.com
2014-02-27 11:12:40,www.linkedin.com
2014-02-27 11:12:40,www.facebook.com
2014-02-27 11:12:40,accounts.google.com
2014-02-27 11:12:40,apis.google.com
2014-02-27 11:12:42,accounts.google.com
2014-02-27 11:12:45,www.leem.org
2014-02-27 11:12:45,accounts.google.com
2014-02-27 11:12:47,twitter.com
2014-02-27 11:13:18,twitter.com
2014-02-27 12:10:10,www.linkedin.com
2014-03-04 10:23:21,ieonline.microsoft.com
2014-03-04 11:07:21,api.bing.com
2014-03-04 11:07:22,www.hotmail.com
2014-03-04 11:07:26,login.live.com
2014-03-04 11:07:27,login.live.com
2014-03-04 11:07:28,windowslive.tt.omtrdc.net
2014-03-04 11:07:41,windowslive.tt.omtrdc.net
2014-03-04 11:07:50,login.live.com
2014-03-04 11:07:52,dub126.mail.live.com
2014-03-04 11:07:52,mail.live.com
2014-03-04 11:07:54,people.directory.live.com
2014-03-04 11:07:54,dub126.mail.live.com
2014-03-04 11:07:54,windowslive.tt.omtrdc.net
2014-03-04 11:07:54,h.live.com
2014-03-04 11:07:55,h.live.com
2014-03-04 11:07:55,dub126.mail.live.com
2014-03-04 11:07:55,h.bing.com
2014-03-04 11:07:57,h.bing.com
2014-03-04 11:07:57,people.directory.live.com
2014-03-04 11:07:57,h.live.com
2014-03-04 11:07:57,cid-2d4d812d0c4e0f2b.users.storage.live.com
2014-03-04 11:07:58,h.live.com
2014-03-04 11:07:58,h.bing.com
2014-03-04 11:07:59,secure.shared.live.com
2014-03-04 11:07:59,h.live.com
2014-03-04 11:07:59,blufiles.storage.msn.com
2014-03-04 11:07:59,js.live.net
2014-03-04 11:07:59,h.bing.com
2014-03-04 11:08:01,dub126.mail.live.com
2014-03-04 11:08:09,go.trouter.io
2014-03-04 11:08:09,storage.live.com
2014-03-04 11:08:10,secure.shared.live.com
2014-03-04 11:08:19,cid-2d4d812d0c4e0f2b.users.storage.live.com
2014-03-04 11:08:19,p.sfx.ms
2014-03-04 11:08:51,p.sfx.ms
2014-03-04 11:09:29,go.trouter.io
2014-03-04 11:09:54,api.bing.com
2014-03-04 11:09:56,www.google.fr
2014-03-04 11:09:57,apis.google.com
2014-03-04 11:09:57,www.google.com
2014-03-04 11:09:57,dub126.mail.live.com
2014-03-04 11:10:03,h.live.com
2014-03-04 11:10:07,clients1.google.fr
2014-03-04 11:10:07,www.google.com
2014-03-04 11:10:07,apis.google.com
2014-03-04 11:10:07,www.google.fr
2014-03-04 11:10:07,dub126.mail.live.com
2014-03-04 11:10:22,www.google.fr
2014-03-04 11:10:22,clients1.google.fr
2014-03-04 11:10:36,www.google.fr
2014-03-04 11:10:36,clients1.google.fr
2014-03-04 11:10:39,api.adyoulike.com
2014-03-04 11:10:39,i.huffpost.com
2014-03-04 11:10:39,www.huffingtonpost.fr
2014-03-04 11:10:39,s.huffpost.com
2014-03-04 11:10:39,www.google.fr
2014-03-04 11:10:40,s.huffpost.com
2014-03-04 11:10:41,b.huffingtonpost.fr
2014-03-04 11:10:41,platform.twitter.com
2014-03-04 11:10:41,www.huffingtonpost.com
2014-03-04 11:10:41,aol.tt.omtrdc.net
2014-03-04 11:10:41,www.huffingtonpost.fr
2014-03-04 11:10:41,videosfr.s3.amazonaws.com
2014-03-04 11:10:41,i.huffpost.com
2014-03-04 11:10:41,s.huffpost.com
2014-03-04 11:10:42,s-s.huffpost.com
2014-03-04 11:10:42,twitter.com
2014-03-04 11:10:42,s1.huffpost.com
2014-03-04 11:10:42,ajax.googleapis.com
2014-03-04 11:10:42,b.huffingtonpost.fr
2014-03-04 11:10:42,i.huffpost.com
2014-03-04 11:10:42,www.facebook.com
2014-03-04 11:10:42,ce.lijit.com
2014-03-04 11:10:42,casale-match.dotomi.com
2014-03-04 11:10:42,pixel.alephd.com
2014-03-04 11:10:42,s.huffpost.com
2014-03-04 11:10:43,s-s.huffpost.com
2014-03-04 11:10:43,twitter.com
2014-03-04 11:10:43,tc.airfrance.com
2014-03-04 11:10:52,plus.google.com
2014-03-04 11:10:52,tc.airfrance.com
2014-03-04 11:10:52,accounts.google.com
2014-03-04 11:10:52,s.huffpost.com
2014-03-04 11:10:52,platform.twitter.com
2014-03-04 11:10:52,i.huffpost.com
2014-03-04 11:10:52,www.huffingtonpost.fr
2014-03-04 11:10:52,www.huffingtonpost.com
2014-03-04 11:10:52,pixel.alephd.com
2014-03-04 11:10:54,apis.google.com
2014-03-04 11:10:54,b.huffingtonpost.fr
2014-03-04 11:11:55,accounts.google.com
2014-03-04 11:11:55,apis.google.com
2014-03-04 11:53:27,api.bing.com
2014-03-04 11:53:29,api.bing.com
2014-03-04 11:53:30,api.bing.com
2014-03-04 11:53:32,api.bing.com
2014-03-04 11:53:34,api.bing.com
2014-03-04 11:53:35,api.bing.com
2014-03-04 11:53:36,api.bing.com
2014-03-04 11:53:37,api.bing.com
2014-03-04 11:53:38,api.bing.com
2014-03-04 11:53:39,api.bing.com
2014-03-04 11:53:40,api.bing.com
2014-03-04 11:53:41,www.bing.com
2014-03-04 11:53:42,cms.abmr.net
2014-03-04 11:53:42,www.bing.com
2014-03-04 11:53:43,www.bing.com
2014-03-04 11:53:44,www.bing.com
2014-03-04 11:53:44,lamemoirehumaine.over-blog.fr
2014-03-04 11:53:44,fdata.over-blog.net
2014-03-04 11:53:44,yui.yahooapis.com
2014-03-04 11:53:44,a141.idata.over-blog.com
2014-03-04 11:53:44,a403.idata.over-blog.com
2014-03-04 11:53:44,a404.idata.over-blog.com
2014-03-04 11:53:44,www.audienceinsights.net
2014-03-04 11:53:44,www.anonymousdmp.com
2014-03-04 11:53:44,sync.uuidcshmg.com
2014-03-04 11:53:44,www.facebook.com
2014-03-04 11:53:44,img.over-blog.com
2014-03-04 11:53:45,platform.twitter.com
2014-03-04 11:53:45,platform.linkedin.com
2014-03-04 11:53:45,connect.facebook.net
2014-03-04 11:53:45,it3yv1v73b.s.ad6media.fr
2014-03-04 11:53:45,lamemoirehumaine.over-blog.fr
2014-03-04 11:53:45,apis.google.com
2014-03-04 11:53:45,fdata.over-blog.net
2014-03-04 11:53:45,static.ak.facebook.com
2014-03-04 11:53:46,s-static.ak.facebook.com
2014-03-04 11:53:46,www.facebook.com
2014-03-04 11:53:46,apis.google.com
2014-03-04 11:53:46,twitter.com
2014-03-04 11:53:46,accounts.google.com
2014-03-04 11:53:46,dps.bing.com
2014-03-04 11:53:46,www.linkedin.com
2014-03-04 11:53:47,fdata.over-blog.net
2014-03-04 11:53:47,www.bing.com
2014-03-04 11:53:47,twitter.com
2014-03-04 11:53:47,www.linkedin.com
2014-03-04 11:53:48,www.bing.com
2014-03-04 11:53:48,cms.abmr.net
2014-03-04 11:53:49,www.bing.com
2014-03-04 11:53:50,www.bing.com
2014-03-04 11:53:50,lecerveau.mcgill.ca
2014-03-04 11:53:50,www.lecerveau.mcgill.ca
2014-03-04 11:53:51,lecerveau.mcgill.ca
2014-03-04 11:53:51,www.google.com
2014-03-04 11:53:51,www.previewshots.com
2014-03-04 11:53:51,www.lecerveau.mcgill.ca
2014-03-04 11:53:52,www.previewshots.com
2014-03-04 11:53:52,lecerveau.mcgill.ca
2014-03-04 11:54:05,lecerveau.mcgill.ca
2014-03-04 11:54:06,www.lecerveau.mcgill.ca
2014-03-04 11:54:06,www.previewshots.com
2014-03-04 11:54:06,lecerveau.mcgill.ca
2014-03-04 11:54:07,www.previewshots.com
2014-03-04 11:54:07,lecerveau.mcgill.ca
2014-03-04 11:54:09,www.previewshots.com
2014-03-04 11:54:13,lecerveau.mcgill.ca
2014-03-04 11:54:13,www.previewshots.com
2014-03-04 11:54:14,www.previewshots.com
2014-03-04 11:54:14,lecerveau.mcgill.ca
2014-03-20 10:27:30,go.microsoft.com
2014-03-20 10:27:30,res1.windows.microsoft.com
2014-03-20 10:27:30,res2.windows.microsoft.com
2014-03-20 10:27:30,ajax.microsoft.com
2014-03-20 10:27:30,js.microsoft.com
2014-03-20 10:27:30,windows.microsoft.com
2014-03-20 10:27:31,windows.microsoft.com
2014-03-20 10:27:31,res2.windows.microsoft.com
2014-03-20 10:27:31,res1.windows.microsoft.com
2014-03-20 10:27:31,js.microsoft.com
2014-03-20 10:27:35,www.bing.com
2014-03-20 10:27:45,api.bing.com
2014-03-20 10:27:46,api.bing.com
2014-03-20 10:27:48,api.bing.com
2014-03-20 10:27:49,api.bing.com
2014-03-20 10:28:00,go.microsoft.com
2014-03-20 10:28:00,ieonline.microsoft.com
2014-03-20 10:30:41,ieonline.microsoft.com
2014-03-20 10:34:50,api.bing.com
2014-03-20 10:34:51,api.bing.com
2014-03-20 10:34:52,api.bing.com
2014-03-20 10:34:53,api.bing.com
2014-03-20 10:34:54,api.bing.com
2014-03-20 10:34:55,api.bing.com
2014-03-20 10:34:56,api.bing.com
2014-03-20 10:34:58,www.bing.com
2014-03-20 10:35:00,www.hotmail.com
2014-03-20 10:35:00,www.bing.com
2014-03-20 10:35:00,cms.abmr.net
2014-03-20 10:35:01,www.bing.com
2014-03-20 10:35:02,login.live.com
2014-03-20 10:35:02,ssl.bing.com
2014-03-20 10:35:03,login.live.com
2014-03-20 10:35:03,windowslive.tt.omtrdc.net
2014-03-20 10:35:15,windowslive.tt.omtrdc.net
2014-03-20 10:35:29,login.live.com
2014-03-20 10:35:30,login.live.com
2014-03-20 10:35:30,mail.live.com
2014-03-20 10:35:30,dub126.mail.live.com
2014-03-20 10:35:32,dub126.mail.live.com
2014-03-20 10:35:33,dub126.mail.live.com
2014-03-20 10:35:34,h.live.com
2014-03-20 10:35:35,windowslive.tt.omtrdc.net
2014-03-20 10:35:36,h.live.com
2014-03-20 10:35:36,people.directory.live.com
2014-03-20 10:35:36,cid-2d4d812d0c4e0f2b.users.storage.live.com
2014-03-20 10:35:36,js.live.net
2014-03-20 10:35:37,secure.shared.live.com
2014-03-20 10:35:37,blufiles.storage.msn.com
2014-03-20 10:35:39,secure.shared.live.com
2014-03-20 10:35:39,go.trouter.io
2014-03-20 10:35:39,h.live.com
2014-03-20 10:35:45,storage.live.com
2014-03-20 10:35:47,secure.shared.live.com
2014-03-20 10:35:47,h.live.com
2014-03-20 10:36:39,dub126.mail.live.com
2014-03-20 10:36:40,h.live.com
2014-03-20 10:37:06,dub126.mail.live.com
2014-03-20 10:37:09,dub126.afx.ms
2014-03-20 10:37:17,cid-2d4d812d0c4e0f2b.users.storage.live.com
2014-03-20 10:37:31,dub126.mail.live.com
2014-03-20 10:38:39,go.trouter.io
2014-03-20 10:38:40,dub126.mail.live.com
2014-03-20 10:41:38,proxy-bay-people.directory.live.com
2014-03-20 11:03:29,h2.msn.com
2014-03-20 11:04:05,proxy-bay-people.directory.live.com
2014-03-20 11:04:08,g.msn.com
2014-03-20 11:04:38,h.live.com
2014-03-20 11:05:05,dub126.mail.live.com
2014-03-20 11:05:06,dub126.afx.ms
2014-03-20 11:08:03,h2.msn.com
2014-03-20 11:09:42,proxy-bay-people.directory.live.com
2014-03-20 11:12:01,h2.msn.com
2014-03-20 11:37:31,api.bing.com
2014-03-20 11:37:32,api.bing.com
2014-03-20 11:37:33,api.bing.com
2014-03-20 11:37:34,api.bing.com
2014-03-20 11:37:35,api.bing.com
2014-03-20 11:37:36,api.bing.com
2014-03-20 11:37:37,api.bing.com
2014-03-20 11:37:38,api.bing.com
2014-03-20 11:37:40,api.bing.com
2014-03-20 11:37:41,www.bing.com
2014-03-20 11:37:47,www.bing.com
2014-03-20 11:37:48,s0.wp.com
2014-03-20 11:37:48,www.youtube.com
2014-03-20 11:37:48,www.visoflora.com
2014-03-20 11:37:48,s.gravatar.com
2014-03-20 11:37:48,lejournaldeschouettessavantes.cafe-sciences.org
2014-03-20 11:37:49,s.ytimg.com
2014-03-20 11:37:49,www.youtube.com
2014-03-20 11:37:49,lejournaldeschouettessavantes.cafe-sciences.org
2014-03-20 11:37:49,www.bonial.fr
2014-03-20 11:37:49,s.gravatar.com
2014-03-20 11:37:49,www.google.com
2014-03-20 11:37:49,www.facebook.com
2014-03-20 11:37:50,s.ytimg.com
2014-03-20 11:37:50,lejournaldeschouettessavantes.cafe-sciences.org
2014-03-20 11:37:55,www.bing.com
2014-03-20 11:37:56,www.bing.com
2014-03-20 11:37:58,login.live.com
2014-03-20 11:37:58,lejournaldeschouettessavantes.cafe-sciences.org
2014-03-20 11:37:58,www.facebook.com
2014-03-20 11:37:58,www.bonial.fr
2014-03-20 11:37:58,www.youtube.com
2014-03-20 11:37:59,lejournaldeschouettessavantes.cafe-sciences.org
2014-03-20 11:37:59,www.youtube.com
2014-03-20 11:38:23,proxy-bay-people.directory.live.com
2014-03-20 11:39:22,bibliotheque.clermont-universite.fr
2014-03-20 11:39:37,bibliotheque.clermont-universite.fr
2014-03-20 11:39:37,catalogue.clermont-universite.fr
2014-03-20 11:40:23,catalogue.clermont-universite.fr
2014-03-20 11:40:26,bibliotheque.clermont-universite.fr
2014-03-20 11:40:26,catalogue.clermont-universite.fr
2014-03-20 11:40:49,catalogue.clermont-universite.fr
2014-03-20 11:40:49,bibliotheque.clermont-universite.fr
2014-03-20 11:40:49,books.google.com
2014-03-20 11:41:05,catalogue.clermont-universite.fr
2014-03-20 11:41:05,bibliotheque.clermont-universite.fr
2014-03-20 11:41:05,books.google.com
2014-03-20 11:42:24,login.live.com
2014-03-20 11:42:24,go.trouter.io
2014-03-20 11:42:28,dub126.mail.live.com
2014-03-20 11:42:28,g.live.com
2014-03-20 11:42:30,people.directory.live.com
2014-03-20 11:42:30,g.msn.com
2014-03-20 11:42:33,fr.msn.com
2014-03-20 11:42:33,windowslive.tt.omtrdc.net
2014-03-20 11:42:33,www.bing.com
2014-03-20 11:42:34,api.bing.com
2014-03-20 11:42:34,c.fr.msn.com
2014-03-20 11:42:34,www.bing.com
2014-03-20 11:42:34,h2.msn.com
2014-03-20 11:42:34,ia.nspmotion.com
2014-03-20 11:42:34,fr.msn.com
2014-03-20 11:42:34,msfs.nspmotion.com
2014-03-20 11:42:35,platform.twitter.com
2014-03-20 11:42:35,www.bing.com
2014-03-20 11:43:36,platform.twitter.com
2014-03-20 11:50:05,api.bing.com
2014-03-20 11:50:06,api.bing.com
2014-03-20 11:50:07,api.bing.com
2014-03-20 11:50:08,api.bing.com
2014-03-20 11:50:09,api.bing.com
2014-03-20 11:50:10,www.bing.com
2014-03-20 11:50:11,www.bing.com
2014-03-20 11:50:12,ts1.mm.bing.net
2014-03-20 11:50:12,ts2.mm.bing.net
2014-03-20 11:50:12,ts4.mm.bing.net
2014-03-20 11:50:12,ts3.mm.bing.net
2014-03-20 11:50:12,www.bing.com
2014-03-20 11:50:13,ts4.mm.bing.net
2014-03-20 11:50:13,ts3.mm.bing.net
2014-03-20 11:50:13,ts2.mm.bing.net
2014-03-20 11:50:13,ts1.mm.bing.net
2014-03-20 11:50:13,api.bing.com
2014-03-20 11:50:13,www.bing.com
2014-03-20 11:50:14,www.bing.com
2014-03-20 11:50:14,ts1.mm.bing.net
2014-03-20 11:50:15,www.bing.com
2014-03-20 11:50:15,ts1.mm.bing.net
2014-03-20 11:50:15,login.live.com
2014-03-20 11:50:16,ssl.bing.com
2014-03-20 11:50:16,www.bing.com
2014-03-20 11:50:16,ts4.mm.bing.net
2014-03-20 11:50:16,ts2.mm.bing.net
2014-03-20 11:50:16,ts3.mm.bing.net
2014-03-20 11:50:16,ts1.mm.bing.net
2014-03-20 11:50:17,ts1.mm.bing.net
2014-03-20 11:50:17,ts3.mm.bing.net
2014-03-20 11:50:17,ts2.mm.bing.net
2014-03-20 11:50:17,www.bing.com
2014-03-20 11:50:17,ts4.mm.bing.net
2014-03-20 11:50:18,ts1.mm.bing.net
2014-03-20 11:50:18,www.bing.com
2014-03-20 11:50:19,www.bing.com
2014-03-20 11:50:19,ts2.mm.bing.net
2014-03-20 11:50:19,ts3.mm.bing.net
2014-03-20 11:50:19,ts1.mm.bing.net
2014-03-20 11:50:19,ts4.mm.bing.net
2014-03-20 11:50:20,ts1.mm.bing.net
2014-03-20 11:50:21,ts4.mm.bing.net
2014-03-20 11:50:21,ts3.mm.bing.net
2014-03-20 11:50:21,ts2.mm.bing.net
2014-03-20 11:50:21,www.bing.com
2014-03-20 11:50:21,ts1.mm.bing.net
2014-03-20 11:50:22,ts1.mm.bing.net
2014-03-20 11:50:22,ts3.mm.bing.net
2014-03-20 11:50:22,ts2.mm.bing.net
2014-03-20 11:50:22,ts4.mm.bing.net
2014-03-20 11:50:23,www.bing.com
2014-03-20 11:50:23,ts1.mm.bing.net
2014-03-20 11:50:24,ts1.mm.bing.net
2014-03-20 11:50:25,ts3.mm.bing.net
2014-03-20 11:50:25,ts4.mm.bing.net
2014-03-20 11:50:25,ts2.mm.bing.net
2014-03-20 11:50:25,ts1.mm.bing.net
2014-03-20 11:50:25,www.bing.com
2014-03-20 11:50:26,ts1.mm.bing.net
2014-03-20 11:50:26,www.bing.com
2014-03-20 11:50:27,www.bing.com
2014-03-20 11:50:29,www.bing.com
2014-03-20 11:50:29,ts2.mm.bing.net
2014-03-20 11:50:29,ts1.mm.bing.net
2014-03-20 11:50:30,i.huffpost.com
2014-03-20 11:50:31,www.bing.com
2014-03-20 11:50:32,www.bing.com
2014-03-20 11:50:41,www.bing.com
2014-03-20 11:50:41,ts1.mm.bing.net
2014-03-20 11:50:42,ts1.mm.bing.net
2014-03-20 11:50:42,www.bing.com
2014-03-20 11:50:46,www.bing.com
2014-03-20 11:50:46,ts1.mm.bing.net
2014-03-20 12:03:10,api.bing.com
2014-03-20 12:03:11,api.bing.com
2014-04-17 10:28:14,api.bing.com
2014-04-17 10:28:15,api.bing.com
2014-04-17 10:28:16,api.bing.com
2014-04-17 10:28:17,api.bing.com
2014-04-17 10:28:30,www.bing.com
2014-04-17 10:28:31,www.bing.com
2014-04-17 10:28:32,www.bing.com
2014-04-17 10:28:32,cms.abmr.net
2014-04-17 10:28:33,login.live.com
2014-04-17 10:28:35,www.bing.com
2014-04-17 10:28:36,www.bing.com
2014-04-17 10:30:00,ssl.bing.com
2014-04-17 10:31:07,ieonline.microsoft.com
2014-04-17 10:32:42,api.bing.com
2014-04-17 10:48:11,api.bing.com
2014-04-17 10:48:12,api.bing.com
2014-04-17 10:48:16,api.bing.com
2014-04-17 10:48:18,api.bing.com
2014-04-17 10:48:19,api.bing.com
2014-04-17 10:48:20,api.bing.com
2014-04-17 10:48:21,api.bing.com
2014-04-17 10:48:22,api.bing.com
2014-04-17 10:48:23,api.bing.com
2014-04-17 10:48:24,www.bing.com
2014-04-17 10:48:26,login.live.com
2014-04-17 10:48:27,ssl.bing.com
2014-04-17 10:48:27,www.bing.com
2014-04-17 10:48:27,www.canal-u.tv
2014-04-17 10:48:27,encoder.cerimes.fr
2014-04-17 10:48:27,html5shiv.googlecode.com
2014-04-17 10:48:28,encoder.cerimes.fr
2014-04-17 10:48:28,www.google.com
2014-04-17 10:48:28,www.facebook.com
2014-04-17 10:48:28,www.canal-u.tv
2014-04-17 10:48:28,connect.facebook.net
2014-04-17 10:48:28,s-static.ak.facebook.com
2014-04-17 10:48:28,static.ak.facebook.com
2014-04-17 10:48:58,s-static.ak.facebook.com
2014-04-17 10:48:58,connect.facebook.net
2014-04-17 10:48:58,www.google.com
2014-04-17 10:48:58,static.ak.facebook.com
2014-04-17 10:48:58,encoder.cerimes.fr
2014-04-17 10:48:58,html5shiv.googlecode.com
2014-04-17 10:48:58,www.canal-u.tv
2014-04-17 10:48:59,www.facebook.com
2014-04-17 10:48:59,encoder.cerimes.fr
2014-04-17 10:48:59,www.canal-u.tv
2014-04-17 10:48:59,www.google.com
2014-04-17 10:49:00,encoder.cerimes.fr
2014-04-17 10:49:00,www.canal-u.tv
2014-04-17 10:49:45,www.canal-u.tv
2014-04-17 10:49:46,www.canal-u.tv
2014-04-17 10:49:46,encoder.cerimes.fr
2014-04-17 10:49:46,html5shiv.googlecode.com
2014-04-17 10:49:55,www.canal-u.tv
2014-04-17 10:49:55,html5shiv.googlecode.com
2014-04-17 10:49:56,www.canal-u.tv
2014-04-17 10:49:56,encoder.cerimes.fr
2014-04-17 10:50:07,www.canal-u.tv
2014-04-17 10:50:17,encoder.cerimes.fr
2014-04-17 10:50:17,www.canal-u.tv
2014-04-17 10:50:18,encoder.cerimes.fr
2014-04-17 10:50:40,www.canal-u.tv
2014-04-17 10:50:40,encoder.cerimes.fr
2014-04-17 10:50:43,www.canal-u.tv
2014-04-17 10:50:44,s-static.ak.facebook.com
2014-04-17 10:50:44,www.google.com
2014-04-17 10:50:44,encoder.cerimes.fr
2014-04-17 10:50:44,html5shiv.googlecode.com
2014-04-17 10:50:44,www.canal-u.tv
2014-04-17 10:50:44,www.facebook.com
2014-04-17 10:51:03,api.bing.com
2014-04-17 10:51:05,api.bing.com
2014-04-17 10:51:07,api.bing.com
2014-04-17 10:51:08,api.bing.com
2014-04-17 10:51:09,api.bing.com
2014-04-17 10:51:10,api.bing.com
2014-04-17 10:51:11,api.bing.com
2014-04-17 10:51:12,api.bing.com
2014-04-17 10:51:13,api.bing.com
2014-04-17 10:51:14,www.bing.com
2014-04-17 10:51:15,ts1.mm.bing.net
2014-04-17 10:51:16,login.live.com
2014-04-17 10:51:17,www.bing.com
2014-04-17 10:51:24,www.bing.com
2014-04-17 10:51:24,ts1.mm.bing.net
2014-04-17 10:51:25,ts3.mm.bing.net
2014-04-17 10:51:26,www.bing.com
2014-04-17 10:51:28,ssl.bing.com
2014-04-17 10:51:28,www.bing.com
2014-04-17 10:51:29,ts2.mm.bing.net
2014-04-17 10:51:29,ajax.googleapis.com
2014-04-17 10:51:29,ts4.mm.bing.net
2014-04-17 10:51:29,ts1.mm.bing.net
2014-04-17 10:51:29,ts3.mm.bing.net
2014-04-17 10:51:29,www.bing.com
2014-04-17 10:51:29,api.bing.com
2014-04-17 10:51:29,www.dailymotion.com
2014-04-17 10:51:30,www.dailymotion.com
2014-04-17 10:51:30,www.bing.com
2014-04-17 10:51:31,login.live.com
2014-04-17 10:51:31,www.bing.com
2014-04-17 10:51:34,www.bing.com
2014-04-17 10:51:35,ssl.bing.com
2014-04-17 10:51:35,logger-02.vty.dailymotion.com
2014-04-17 10:51:35,www.dailymotion.com
2014-04-17 10:51:39,www.bing.com
2014-04-17 10:52:07,s.ytimg.com
2014-04-17 10:52:07,www.youtube.com
2014-04-17 10:52:07,www.bing.com
2014-04-17 10:52:08,i1.ytimg.com
2014-04-17 10:52:08,www.youtube.com
2014-04-17 10:52:08,s.ytimg.com
2014-04-17 10:52:08,www.google.com
2014-04-17 10:52:08,s.youtube.com
2014-04-17 10:52:12,www.bing.com
2014-04-17 10:52:14,www.bing.com
2014-04-17 10:52:15,www.dailymotion.com
2014-04-17 10:52:20,logger-02.vty.dailymotion.com
2014-04-17 10:52:20,www.dailymotion.com
2014-04-17 10:52:31,www.bing.com
2014-04-17 10:52:32,www.bing.com
2014-04-17 10:52:34,www.bing.com
2014-04-17 10:52:43,www.google.fr
2014-04-17 10:52:44,www.google.com
2014-04-17 10:52:44,apis.google.com
2014-04-17 10:53:00,r4---sn-gxo5uxg-jqbe.googlevideo.com
2014-04-17 10:53:00,s.ytimg.com
2014-04-17 10:53:00,www.google.fr
2014-04-17 10:53:00,www.google.com
2014-04-17 10:53:00,apis.google.com
2014-04-17 10:53:01,www.youtube.com
2014-04-17 10:53:01,s.ytimg.com
2014-04-17 10:53:01,www.google.fr
2014-04-17 10:53:01,s.youtube.com
2014-04-17 10:53:01,i1.ytimg.com
2014-04-17 10:53:01,r4---sn-gxo5uxg-jqbe.googlevideo.com
2014-04-17 10:53:01,yt3.ggpht.com
2014-04-17 10:53:02,i1.ytimg.com
2014-04-17 10:53:02,www.youtube.com
2014-04-17 10:53:02,s.youtube.com
2014-04-17 10:53:03,plus.googleapis.com
2014-04-17 10:53:04,www.youtube.com
2014-04-17 10:53:04,apis.google.com
2014-04-17 10:53:04,plus.googleapis.com
2014-04-17 10:53:05,i1.ytimg.com
2014-04-17 10:53:05,s.ytimg.com
2014-04-17 10:53:08,yt3.ggpht.com
2014-04-17 10:53:08,i1.ytimg.com
2014-04-17 10:53:14,i1.ytimg.com
2014-04-17 10:53:16,s.youtube.com
2014-04-17 10:53:21,s.youtube.com
2014-04-17 10:53:22,s.ytimg.com
2014-04-17 10:53:23,clients1.google.com
2014-04-17 10:53:54,www.youtube.com
2014-04-17 10:54:28,www.youtube.com
2014-04-17 10:54:28,r4---sn-gxo5uxg-jqbe.googlevideo.com
2014-04-17 10:54:29,s.youtube.com
2014-04-17 10:54:29,www.youtube.com
2014-04-17 10:54:30,plus.googleapis.com
2014-04-17 10:55:33,plus.googleapis.com
2014-04-17 10:55:54,yt3.ggpht.com
2014-04-17 11:05:38,onlinestores.metaservices.microsoft.com
2014-04-17 11:05:40,go.microsoft.com
2014-04-17 11:08:15,www.youtube.com
2014-04-17 11:08:16,r4---sn-gxo5uxg-jqbe.googlevideo.com
2014-04-17 11:08:16,www.youtube.com
2014-04-17 11:08:17,www.youtube.com
2014-04-17 11:08:17,s.youtube.com
2014-04-17 11:08:18,plus.googleapis.com
2014-04-17 11:10:06,plus.googleapis.com
2014-04-17 11:10:06,apis.google.com
2014-04-17 11:10:16,plus.googleapis.com
2014-04-17 11:20:49,api.bing.com
2014-04-17 11:20:50,api.bing.com
2014-04-17 11:20:51,api.bing.com
2014-04-17 11:20:52,api.bing.com
2014-04-17 11:20:53,api.bing.com
2014-04-17 11:20:54,api.bing.com
2014-04-17 11:20:54,www.bing.com
2014-04-17 11:20:55,www.bing.com
2014-04-17 11:20:55,logc258.at.pagesjaunes.fr
2014-04-17 11:20:55,dev.virtualearth.net
2014-04-17 11:20:55,www.pagesjaunes.fr
2014-04-17 11:20:57,www.bing.com
2014-04-17 11:20:57,www.atelierdusourcil.com
2014-04-17 11:20:57,login.live.com
2014-04-17 11:20:58,www.atelierdusourcil.com
2014-04-17 11:20:58,atelierdusourcil.fr
2014-04-17 11:21:11,www.atelierdusourcil.com
2014-04-17 11:21:11,atelierdusourcil.fr
2014-04-17 11:21:11,atelierdusourcil.com
2014-04-17 11:22:02,www.atelierdusourcil.com
2014-04-17 11:22:20,atelierdusourcil.fr
2014-04-17 11:22:20,www.atelierdusourcil.com
2014-04-17 11:22:20,atelierdusourcil.com
2014-04-17 11:22:21,atelierdusourcil.fr
2014-04-17 11:23:50,www.atelierdusourcil.com
2014-04-17 11:31:11,ieonline.microsoft.com
2014-04-17 11:32:52,api.bing.com
2014-04-17 11:36:20,api.bing.com
2014-04-24 10:03:17,sci.sciences.univ-bpclermont.fr
2014-04-24 10:03:18,sci.sciences.univ-bpclermont.fr
2014-04-24 10:03:19,sci.sciences.univ-bpclermont.fr
2014-04-24 10:03:20,sci.sciences.univ-bpclermont.fr
2014-04-24 10:03:30,www.google.com
2014-04-24 10:04:13,www.google.fr
2014-04-24 10:04:16,www.google.fr
2014-04-24 10:04:18,apis.google.com
2014-04-24 10:04:18,www.google.com
2014-04-24 10:04:35,apis.google.com
2014-04-24 10:04:35,www.google.com
2014-04-24 10:04:35,www.google.fr
2014-04-24 10:04:35,o2i.univ-bpclermont.fr
2014-04-24 10:04:35,c2i.univ-bpclermont.fr
2014-04-24 10:04:36,o2i.univ-bpclermont.fr
2014-04-24 10:04:47,o2i.univ-bpclermont.fr
2014-04-24 10:04:48,o2i.univ-bpclermont.fr
2014-04-24 10:05:30,go.microsoft.com
2014-04-24 10:05:30,ieonline.microsoft.com
2014-04-24 10:07:07,www.google.fr
2014-04-24 10:11:33,o2i.univ-bpclermont.fr
2014-04-24 10:12:21,o2i.univ-bpclermont.fr
2014-04-24 10:13:28,o2i.univ-bpclermont.fr
2014-04-24 10:13:33,o2i.univ-bpclermont.fr
2014-04-24 10:14:33,o2i.univ-bpclermont.fr
2014-04-24 10:14:46,o2i.univ-bpclermont.fr
2014-04-24 10:15:00,o2i.univ-bpclermont.fr
2014-04-24 10:15:14,o2i.univ-bpclermont.fr
2014-04-24 10:15:34,o2i.univ-bpclermont.fr
2014-04-24 10:15:38,o2i.univ-bpclermont.fr
2014-04-24 10:15:42,o2i.univ-bpclermont.fr
2014-04-24 10:15:46,o2i.univ-bpclermont.fr
2014-04-24 10:15:51,o2i.univ-bpclermont.fr
2014-04-24 10:15:53,o2i.univ-bpclermont.fr
2014-04-24 10:16:00,o2i.univ-bpclermont.fr
2014-04-24 10:16:07,o2i.univ-bpclermont.fr
2014-04-24 10:16:08,o2i.univ-bpclermont.fr
2014-04-24 10:16:10,o2i.univ-bpclermont.fr
2014-04-24 10:16:18,o2i.univ-bpclermont.fr
2014-04-24 10:16:25,o2i.univ-bpclermont.fr
2014-04-24 10:16:40,o2i.univ-bpclermont.fr
2014-04-24 10:16:49,o2i.univ-bpclermont.fr
2014-04-24 10:17:03,o2i.univ-bpclermont.fr
2014-04-24 10:17:04,o2i.univ-bpclermont.fr
2014-04-24 10:17:13,o2i.univ-bpclermont.fr
2014-04-24 10:17:21,o2i.univ-bpclermont.fr
2014-04-24 10:17:33,o2i.univ-bpclermont.fr
2014-04-24 10:17:36,o2i.univ-bpclermont.fr
2014-04-24 10:17:44,o2i.univ-bpclermont.fr
2014-04-24 10:31:54,o2i.univ-bpclermont.fr
2014-04-24 10:38:15,o2i.univ-bpclermont.fr
2014-04-24 10:38:20,o2i.univ-bpclermont.fr
