timestamp,site
2014-02-20 15:48:09,ocsp.thawte.com
2014-02-20 15:51:02,safebrowsing-cache.google.com
2014-02-20 15:51:02,safebrowsing.clients.google.com
2014-02-20 15:51:03,safebrowsing-cache.google.com
2014-02-20 15:55:53,ocsp.verisign.com
2014-02-20 15:57:53,ocsp.digicert.com
2014-02-20 15:58:13,www.google.com
2014-02-20 15:58:14,www.google.com
2014-02-20 15:58:14,clients1.google.com
2014-02-20 15:58:14,gtglobal-ocsp.geotrust.com
2014-02-20 15:58:15,clients1.google.com
2014-02-20 15:58:18,www.synonymes.com
2014-02-20 15:58:18,www.google.fr
2014-02-20 15:58:19,www.synonymes.com
2014-02-20 15:58:19,www.facebook.com
2014-02-20 15:58:20,clients1.google.com
2014-02-20 15:58:20,www.synonymes.com
2014-02-20 15:58:23,www.synonymes.com
2014-02-20 15:58:24,www.synonymes.com
2014-02-20 15:58:25,www.google.com
2014-02-20 15:58:26,clients1.google.com
2014-02-20 15:58:28,www.synonymes.com
2014-02-20 16:01:10,www.google.com
2014-02-20 16:01:11,www.google.fr
2014-02-20 16:01:14,accounts.google.com
2014-02-20 16:01:14,apis.google.com
2014-02-20 16:01:55,www.synonymes.com
2014-02-20 16:03:20,www.google.com
2014-02-20 16:03:21,www.google.com
2014-02-20 16:03:31,www.google.fr
2014-02-20 16:03:32,fr.wikipedia.org
2014-02-20 16:03:32,bits.wikimedia.org
2014-02-20 16:03:33,bits.wikimedia.org
2014-02-20 16:03:33,login.wikimedia.org
2014-02-20 16:03:33,meta.wikimedia.org
2014-02-20 16:03:34,bits.wikimedia.org
2014-02-20 16:03:34,meta.wikimedia.org
2014-02-20 16:03:34,fr.wikipedia.org
2014-02-20 16:04:31,www.google.fr
2014-02-20 16:04:31,www.pandapirate.net
2014-02-20 16:04:32,www.pandapirate.net
2014-02-20 16:04:32,i88.servimg.com
2014-02-20 16:04:33,www.pandapirate.net
2014-02-20 16:04:37,www.pandapirate.net
2014-02-20 16:04:43,www.google.fr
2014-02-20 16:04:47,www.legrog.org
2014-02-20 16:04:47,w.sharethis.com
2014-02-20 16:04:48,www.legrog.org
2014-02-20 16:04:52,w.sharethis.com
2014-02-20 16:04:52,edge.sharethis.com
2014-02-20 16:04:53,w.sharethis.com
2014-02-20 16:06:18,www.google.com
2014-02-20 16:07:22,www.google.fr
2014-02-20 16:16:28,www.commentcamarche.net
2014-02-20 16:16:28,www.google.fr
2014-02-20 16:16:29,ba.commentcamarche.net
2014-02-20 16:16:29,clients1.google.com
2014-02-20 16:16:29,static.ccm2.net
2014-02-20 16:16:30,platform.twitter.com
2014-02-20 16:16:30,www.facebook.com
2014-02-20 16:16:30,ba.commentcamarche.net
2014-02-20 16:16:30,r.ccm2.net
2014-02-20 16:16:30,www.commentcamarche.net
2014-02-20 16:16:30,static.ccm2.net
2014-02-20 16:16:32,platform.twitter.com
2014-02-20 16:16:32,www.facebook.com
2014-02-20 16:16:32,ba.commentcamarche.net
2014-02-20 16:16:33,clients1.google.com
2014-02-20 16:16:33,evsecure-ocsp.verisign.com
2014-02-20 16:16:34,rapidssl-ocsp.geotrust.com
2014-02-20 16:16:35,evsecure-ocsp.verisign.com
2014-02-20 16:16:35,eulerian.canal-plus.com
2014-02-20 16:16:38,connect.facebook.net
2014-02-20 16:16:39,s-static.ak.facebook.com
2014-02-20 16:16:39,static.ak.facebook.com
2014-02-20 16:16:41,pixel.alephd.com
2014-02-20 16:16:42,www.facebook.com
2014-02-20 16:16:42,static.ccm2.net
2014-02-20 16:16:42,static.ccmbg.com
2014-02-20 16:16:42,platform.twitter.com
2014-02-20 16:16:45,www.facebook.com
2014-02-20 16:16:47,www.facebook.com
2014-02-20 16:16:47,www.commentcamarche.net
2014-02-20 16:17:13,twitter.com
2014-02-20 16:18:48,www.google.fr
2014-02-20 16:18:49,www.google.fr
2014-02-20 16:18:49,www.jdrp.fr
2014-02-20 16:18:50,apis.google.com
2014-02-20 16:18:50,www.jdrp.fr
2014-02-20 16:18:51,www.jdrp.fr
2014-02-20 16:18:52,www.jdrp.fr
2014-02-20 16:18:52,img.jdrp.fr
2014-02-20 16:18:53,www.jdrp.fr
2014-02-20 16:18:55,www.jdrp.fr
2014-02-20 16:18:56,www.jdrp.fr
2014-02-20 16:18:56,img.jdrp.fr
2014-02-20 16:18:57,www.jdrp.fr
2014-02-20 16:18:57,img.jdrp.fr
2014-02-20 16:18:58,static.ak.facebook.com
2014-02-20 16:18:59,s-static.ak.facebook.com
2014-02-20 16:19:00,www.facebook.com
2014-02-20 16:19:24,ajax.googleapis.com
2014-02-20 16:19:47,safebrowsing-cache.google.com
2014-02-20 16:19:47,safebrowsing.clients.google.com
2014-02-20 16:19:48,safebrowsing-cache.google.com
2014-02-20 16:20:59,www.google.com
2014-02-20 16:21:18,clients1.google.fr
2014-02-20 16:21:38,www.google.fr
2014-02-20 16:21:56,accounts.google.com
2014-02-20 16:21:56,apis.google.com
2014-02-20 16:24:44,www.google.fr
2014-02-20 16:24:44,fr.wikipedia.org
2014-02-20 16:24:44,bits.wikimedia.org
2014-02-20 16:24:45,meta.wikimedia.org
2014-02-20 16:24:45,fr.wikipedia.org
2014-02-20 16:27:37,www.google.fr
2014-02-20 16:28:58,validator.w3.org
2014-02-20 16:28:59,validator.w3.org
2014-02-20 16:29:00,www.w3.org
2014-02-20 16:29:00,validator.w3.org
2014-02-20 16:29:00,api.flattr.com
2014-02-20 16:29:01,validator.w3.org
2014-02-20 16:29:01,flattr.com
2014-02-20 16:29:01,ocsp.gandi.net
2014-02-20 16:29:01,ocsp.usertrust.com
2014-02-20 16:29:01,api.flattr.com
2014-02-20 16:29:18,validator.w3.org
2014-02-20 16:29:19,www.w3.org
2014-02-20 16:29:19,validator.w3.org
2014-02-20 16:29:20,api.flattr.com
2014-02-20 16:29:20,www.w3.org
2014-02-20 16:29:21,api.flattr.com
2014-02-20 16:29:21,flattr.com
2014-02-20 16:30:05,www.google.fr
2014-02-20 16:30:05,www.commentcamarche.net
2014-02-20 16:30:06,ba.commentcamarche.net
2014-02-20 16:30:06,static.ccm2.net
2014-02-20 16:30:07,r.ccm2.net
2014-02-20 16:30:07,validator-suite.w3.org
2014-02-20 16:30:07,static.ccm2.net
2014-02-20 16:30:08,www.facebook.com
2014-02-20 16:30:12,www.facebook.com
2014-02-20 16:30:12,platform.twitter.com
2014-02-20 16:30:15,connect.facebook.net
2014-02-20 16:30:16,www.facebook.com
2014-02-20 16:30:16,pixel.alephd.com
2014-02-20 16:30:16,static.ak.facebook.com
2014-02-20 16:30:16,mm.eulerian.net
2014-02-20 16:30:16,www.commentcamarche.net
2014-02-20 16:30:17,s-static.ak.facebook.com
2014-02-20 16:30:17,static.ccm2.net
2014-02-20 16:30:17,platform.twitter.com
2014-02-20 16:30:17,its.tradelab.fr
2014-02-20 16:30:17,static.ccmbg.com
2014-02-20 16:30:17,www.facebook.com
2014-02-20 16:30:17,ba.commentcamarche.net
2014-02-20 16:30:18,www.facebook.com
2014-02-20 16:30:23,um.simpli.fi
2014-02-20 16:30:46,validator.w3.org
2014-02-20 16:30:47,validator.w3.org
2014-02-20 16:30:48,www.w3.org
2014-02-20 16:30:48,twitter.com
2014-02-20 16:30:49,api.flattr.com
2014-02-20 16:30:50,api.flattr.com
2014-02-20 16:30:50,flattr.com
2014-02-20 16:31:03,validator.w3.org
2014-02-20 16:31:03,api.flattr.com
2014-02-20 16:31:03,www.w3.org
2014-02-20 16:31:07,api.flattr.com
2014-02-20 16:31:08,flattr.com
2014-02-20 16:31:18,api.flattr.com
2014-02-20 16:31:18,flattr.com
2014-02-20 16:31:19,its.tradelab.fr
2014-02-20 16:31:20,validator.w3.org
2014-02-20 16:31:20,www.w3.org
2014-02-20 16:31:21,api.flattr.com
2014-02-20 16:31:22,flattr.com
2014-02-20 16:31:42,validator.w3.org
2014-02-20 16:31:43,api.flattr.com
2014-02-20 16:31:43,www.w3.org
2014-02-20 16:31:44,api.flattr.com
2014-02-20 16:31:44,flattr.com
2014-02-20 16:32:36,jigsaw.w3.org
2014-02-20 16:32:37,jigsaw.w3.org
2014-02-20 16:32:37,www.w3.org
2014-02-20 16:32:37,api.flattr.com
2014-02-20 16:32:39,jigsaw.w3.org
2014-02-20 16:32:39,api.flattr.com
2014-02-20 16:32:39,flattr.com
2014-02-20 16:32:40,jigsaw.w3.org
2014-02-20 16:32:47,www.google.com
2014-02-20 16:32:59,www.google.fr
2014-02-20 16:33:09,apis.google.com
2014-02-20 16:34:09,www.alsacreations.com
2014-02-20 16:34:10,www.alsacreations.com
2014-02-20 16:34:10,forum.alsacreations.com
2014-02-20 16:34:10,ajax.googleapis.com
2014-02-20 16:35:45,www.alsacreations.com
2014-02-20 16:35:46,forum.alsacreations.com
2014-02-20 16:35:46,www.alsacreations.com
2014-02-20 16:36:30,ocsp.digicert.com
2014-02-20 16:36:31,ocsp.digicert.com
2014-02-20 16:36:32,clients1.google.com
2014-02-20 16:36:33,ocsp.digicert.com
2014-02-20 16:36:41,github.global.ssl.fastly.net
2014-02-20 16:36:42,github.global.ssl.fastly.net
2014-02-20 16:36:44,github.com
2014-02-20 16:37:06,github.com
2014-02-20 16:37:08,identicons.github.com
2014-02-20 16:38:52,1.gravatar.com
2014-02-20 16:38:52,2.gravatar.com
2014-02-20 16:38:52,0.gravatar.com
2014-02-20 16:38:53,0.gravatar.com
2014-02-20 16:39:51,gtssl-ocsp.geotrust.com
2014-02-20 16:43:44,www.squid-cache.org
2014-02-20 16:43:58,www.google.fr
2014-02-20 16:43:59,editions-humanis.com
2014-02-20 16:43:59,www.css-faciles.com
2014-02-20 16:44:00,www.css-faciles.com
2014-02-20 16:44:00,hal9000.redintelligence.net
2014-02-20 16:44:00,www.editions-humanis.com
2014-02-20 16:44:01,hal9000.redintelligence.net
2014-02-20 16:44:01,www.css-faciles.com
2014-02-20 16:44:01,banniere.reussissonsensemble.fr
2014-02-20 16:44:02,ocsp.usertrust.com
2014-02-20 16:44:02,ocsp.comodoca.com
2014-02-20 16:44:02,www.prizee.com
2014-02-20 16:44:02,banniere.reussissonsensemble.fr
2014-02-20 16:44:02,ad.publicidees.com
2014-02-20 16:44:02,www.css-faciles.com
2014-02-20 16:44:02,ea.numericable.fr
2014-02-20 16:44:03,www.css-faciles.com
2014-02-20 16:44:18,www.css-faciles.com
2014-02-20 16:44:19,www.editions-humanis.com
2014-02-20 16:44:41,www.google.fr
2014-02-20 16:44:42,fr.openclassrooms.com
2014-02-20 16:44:43,doug1izaerwt3.cloudfront.net
2014-02-20 16:44:43,www.google.com
2014-02-20 16:44:43,fr.openclassrooms.com
2014-02-20 16:44:44,www.google.com
2014-02-20 16:44:44,dnn506yrbagrg.cloudfront.net
2014-02-20 16:44:44,fr.openclassrooms.com
2014-02-20 16:44:46,pixel.alephd.com
2014-02-20 16:44:47,fr.openclassrooms.com
2014-02-20 16:44:48,pr.ybp.yahoo.com
2014-02-20 16:44:48,fr.openclassrooms.com
2014-02-20 16:44:49,doug1izaerwt3.cloudfront.net
2014-02-20 16:44:49,www.google.com
2014-02-20 16:44:49,dnn506yrbagrg.cloudfront.net
2014-02-20 16:44:50,www.google.com
2014-02-20 16:44:52,ocsp.verisign.com
2014-02-20 16:44:52,um.simpli.fi
2014-02-20 16:44:53,ocsp.godaddy.com
2014-02-20 16:44:54,ocsp.verisign.com
2014-02-20 16:44:55,ocsp.comodoca.com
2014-02-20 16:45:10,pixel2368.everesttech.net
2014-02-20 16:47:31,www.google.com
2014-02-20 16:47:32,www.google.fr
2014-02-20 16:47:46,www.googleapis.com
2014-02-20 16:49:40,safebrowsing-cache.google.com
2014-02-20 16:49:40,safebrowsing.clients.google.com
2014-02-20 17:08:37,www.alsacreations.com
2014-02-20 17:08:38,www.alsacreations.com
2014-02-20 17:08:45,www.alsacreations.com
2014-02-20 17:09:04,forum.alsacreations.com
2014-02-20 17:09:04,www.alsacreations.com
2014-02-20 17:09:35,www.alsacreations.com
2014-02-20 17:09:36,www.alsacreations.com
2014-02-20 17:20:33,safebrowsing.clients.google.com
2014-02-20 17:20:33,safebrowsing-cache.google.com
2014-02-20 17:20:34,safebrowsing-cache.google.com
2014-02-20 17:24:01,gtglobal-ocsp.geotrust.com
2014-02-20 17:24:01,clients1.google.com
2014-02-20 17:24:16,www.jeuxvideopc.com
2014-02-20 17:24:16,www.google.fr
2014-02-20 17:24:18,pixel.alephd.com
2014-02-20 17:24:19,pixel.alephd.com
2014-02-20 17:24:20,www.facebook.com
2014-02-20 17:24:20,ocsp.thawte.com
2014-02-20 17:24:21,widget.achetezfacile.com
2014-02-20 17:24:21,pixel.alephd.com
2014-02-20 17:24:21,i.htfacile.fr
2014-02-20 17:24:21,www.achetezfacile.com
2014-02-20 17:24:21,ajax.googleapis.com
2014-02-20 17:24:23,ocsp.entrust.net
2014-02-20 17:24:25,adventori.com
2014-02-20 17:24:30,www.jeuxvideopc.com
2014-02-20 17:24:31,pixel.alephd.com
2014-02-20 17:24:32,pixel.alephd.com
2014-02-20 17:24:32,images.orangepublicite.fr
2014-02-20 17:24:34,i.htfacile.fr
2014-02-20 17:24:34,widget.achetezfacile.com
2014-02-20 17:24:34,pixel.alephd.com
2014-02-20 17:24:38,apnx-match.dotomi.com
2014-02-20 17:24:41,www.jeuxvideopc.com
2014-02-20 17:24:43,darcs.maximiles.com
2014-02-20 17:24:43,pixel.alephd.com
2014-02-20 17:24:45,widget.achetezfacile.com
2014-02-20 17:24:45,i.htfacile.fr
2014-02-20 17:24:45,pixel.alephd.com
2014-02-20 17:24:52,www.jeuxvideopc.com
2014-02-20 17:24:54,pixel.alephd.com
2014-02-20 17:24:54,www.jeuxvideopc.com
2014-02-20 17:24:55,i.htfacile.fr
2014-02-20 17:24:55,pixel.alephd.com
2014-02-20 17:24:55,widget.achetezfacile.com
2014-02-20 17:24:57,www.jeuxvideopc.com
2014-02-20 17:24:58,pixel.alephd.com
2014-02-20 17:25:00,widget.achetezfacile.com
2014-02-20 17:25:00,i.htfacile.fr
2014-02-20 17:25:01,i.htfacile.fr
2014-02-20 17:25:01,pixel.alephd.com
2014-02-20 17:25:01,images.orangepublicite.fr
2014-02-20 17:25:03,www.jeuxvideopc.com
2014-02-20 17:25:05,www.jeuxvideopc.com
2014-02-20 17:25:05,pixel.alephd.com
2014-02-20 17:25:08,pixel.alephd.com
2014-02-20 17:25:08,widget.achetezfacile.com
2014-02-20 17:26:57,www.google.com
2014-02-20 17:27:04,www.google.fr
2014-02-20 17:34:36,www.w3.org
2014-02-20 17:34:36,api.flattr.com
2014-02-20 17:34:36,jigsaw.w3.org
2014-02-20 17:34:37,flattr.com
2014-02-20 17:34:37,api.flattr.com
2014-02-20 17:34:56,api.flattr.com
2014-02-20 17:34:56,www.w3.org
2014-02-20 17:34:56,jigsaw.w3.org
2014-02-20 17:34:57,api.flattr.com
2014-02-20 17:34:57,flattr.com
2014-02-20 17:35:46,fr.wikipedia.org
2014-02-20 17:35:47,bits.wikimedia.org
2014-02-20 17:35:48,meta.wikimedia.org
2014-02-20 17:35:48,fr.wikipedia.org
2014-02-20 17:36:35,awarestudios.blogspot.fr
2014-02-20 17:36:35,www.google.fr
2014-02-20 17:36:35,awarestudios.blogspot.com
2014-02-20 17:36:36,www.blogblog.com
2014-02-20 17:36:36,awarestudios.blogspot.fr
2014-02-20 17:36:36,clients1.google.com
2014-02-20 17:36:36,api.flattr.com
2014-02-20 17:36:39,awarestudios.blogspot.fr
2014-02-20 17:36:40,awarestudios.blogspot.fr
2014-02-20 17:36:40,www.google.com
2014-02-20 17:36:41,1.bp.blogspot.com
2014-02-20 17:36:41,2.bp.blogspot.com
2014-02-20 17:36:41,4.bp.blogspot.com
2014-02-20 17:36:41,3.bp.blogspot.com
2014-02-20 17:36:42,1.bp.blogspot.com
2014-02-20 17:36:42,4.bp.blogspot.com
2014-02-20 17:36:42,3.bp.blogspot.com
2014-02-20 17:36:42,2.bp.blogspot.com
2014-02-20 17:36:42,www.facebook.com
2014-02-20 17:36:42,platform.twitter.com
2014-02-20 17:36:42,awarestudios.blogspot.fr
2014-02-20 17:36:44,awarestudios.blogspot.com
2014-02-20 17:36:44,4.bp.blogspot.com
2014-02-20 17:36:44,3.bp.blogspot.com
2014-02-20 17:36:44,2.bp.blogspot.com
2014-02-20 17:36:44,1.bp.blogspot.com
2014-02-20 17:36:44,www.google.com
2014-02-20 17:36:45,www.blogger.com
2014-02-20 17:36:46,3.bp.blogspot.com
2014-02-20 17:36:47,www.facebook.com
2014-02-20 17:36:47,platform.twitter.com
2014-02-20 17:36:48,awarestudios.blogspot.com
2014-02-20 17:36:48,img1.blogblog.com
2014-02-20 17:36:48,www.nioutaik.fr
2014-02-20 17:36:48,www.blogger.com
2014-02-20 17:36:49,42lemag.fr
2014-02-20 17:36:49,www.nioutaik.fr
2014-02-20 17:36:50,static.ak.facebook.com
2014-02-20 17:36:50,connect.facebook.net
2014-02-20 17:36:50,www.nioutaik.fr
2014-02-20 17:36:51,s-static.ak.facebook.com
2014-02-20 17:36:51,platform.twitter.com
2014-02-20 17:36:52,www.facebook.com
2014-02-20 17:36:54,www.nioutaik.fr
2014-02-20 17:36:55,static.ak.facebook.com
2014-02-20 17:36:55,www.nioutaik.fr
2014-02-20 17:36:56,s-static.ak.facebook.com
2014-02-20 17:36:56,www.facebook.com
2014-02-20 17:36:56,www.nioutaik.fr
2014-02-20 17:36:58,www.nioutaik.fr
2014-02-20 17:37:26,twitter.com
2014-02-20 17:38:46,platform.twitter.com
2014-02-20 17:39:32,www.google.fr
2014-02-20 17:39:45,accounts.google.com
2014-02-20 17:39:46,www.google.com
2014-02-20 17:39:46,www.blogger.com
2014-02-20 17:39:50,apis.google.com
2014-02-20 17:44:24,www.google.fr
2014-02-20 17:44:25,ocsp.tcs.terena.org
2014-02-20 17:44:25,ocsp.usertrust.com
2014-02-20 17:44:25,clients1.google.com
2014-02-20 17:44:26,clients1.google.com
2014-02-20 17:44:37,player.vimeo.com
2014-02-20 17:44:38,livepassdl.conviva.com
2014-02-20 17:44:38,player.vimeo.com
2014-02-20 17:44:40,gtssl-ocsp.geotrust.com
2014-02-20 17:44:40,ocsp.digicert.com
2014-02-20 17:44:40,livepassdl.conviva.com
2014-02-20 17:44:41,ocsp.godaddy.com
2014-02-20 17:44:42,ocsp.godaddy.com
2014-02-20 17:44:47,pings.conviva.com
2014-02-20 17:46:37,livepassdl.conviva.com
2014-02-20 17:46:53,www.google.fr
2014-02-20 17:46:53,www.google.com
2014-02-27 16:06:44,clients1.google.com
2014-02-27 16:06:49,www.google.fr
2014-02-27 16:06:49,www.alsacreations.com
2014-02-27 16:06:50,forum.alsacreations.com
2014-02-27 16:06:50,www.alsacreations.com
2014-02-27 16:06:51,www.alsacreations.com
2014-02-27 16:06:51,hal9000.redintelligence.net
2014-02-27 16:06:52,hal9000.redintelligence.net
2014-02-27 16:06:53,banniere.reussissonsensemble.fr
2014-02-27 16:06:55,ad.publicidees.com
2014-02-27 16:09:40,www.google.com
2014-02-27 16:09:41,apis.google.com
2014-02-27 16:09:41,www.google.fr
2014-02-27 16:12:53,www.commentcamarche.net
2014-02-27 16:12:53,www.google.fr
2014-02-27 16:12:54,www.facebook.com
2014-02-27 16:12:54,kh6qrx0f8h.s.ad6media.fr
2014-02-27 16:12:54,platform.twitter.com
2014-02-27 16:12:54,ba.commentcamarche.net
2014-02-27 16:12:54,r.ccm2.net
2014-02-27 16:12:54,static.ccm2.net
2014-02-27 16:12:54,clients1.google.com
2014-02-27 16:12:55,static.ccm2.net
2014-02-27 16:12:55,ba.commentcamarche.net
2014-02-27 16:12:55,evsecure-ocsp.verisign.com
2014-02-27 16:12:56,static.ccm2.net
2014-02-27 16:12:56,evsecure-ocsp.verisign.com
2014-02-27 16:12:56,connect.facebook.net
2014-02-27 16:12:56,www.commentcamarche.net
2014-02-27 16:12:56,www.facebook.com
2014-02-27 16:12:57,static.ak.facebook.com
2014-02-27 16:12:57,platform.twitter.com
2014-02-27 16:12:57,ba.commentcamarche.net
2014-02-27 16:12:57,static.ccm2.net
2014-02-27 16:12:57,static.ccmbg.com
2014-02-27 16:12:58,www.facebook.com
2014-02-27 16:12:58,s-static.ak.facebook.com
2014-02-27 16:12:59,www.facebook.com
2014-02-27 16:13:02,static.ccm2.net
2014-02-27 16:13:03,www.commentcamarche.net
2014-02-27 16:13:28,twitter.com
2014-02-27 16:14:09,www.google.fr
2014-02-27 16:14:10,www.w3.org
2014-02-27 16:14:15,www.w3.org
2014-02-27 16:14:16,www.w3.org
2014-02-27 16:14:17,www.w3.org
2014-02-27 16:15:33,www.google.com
2014-02-27 16:15:39,www.google.fr
2014-02-27 16:15:39,id.google.fr
2014-02-27 16:15:49,ajax.googleapis.com
2014-02-27 16:23:01,www.siteduzero.com
2014-02-27 16:23:13,fr.openclassrooms.com
2014-02-27 16:23:15,fr.openclassrooms.com
2014-02-27 16:23:19,www.google.com
2014-02-27 16:23:19,fr.openclassrooms.com
2014-02-27 16:23:22,www.google.com
2014-02-27 16:23:23,fr.openclassrooms.com
2014-02-27 16:23:24,www.google.com
2014-02-27 16:23:26,dnn506yrbagrg.cloudfront.net
2014-02-27 16:23:26,doug1izaerwt3.cloudfront.net
2014-02-27 16:23:46,pixel.alephd.com
2014-02-27 16:24:09,www.facebook.com
2014-02-27 16:24:26,safebrowsing.clients.google.com
2014-02-27 16:24:26,safebrowsing-cache.google.com
2014-02-27 16:24:27,safebrowsing-cache.google.com
2014-02-27 16:24:28,safebrowsing-cache.google.com
2014-02-27 16:26:34,www.googleapis.com
2014-02-27 16:33:09,www.google.com
2014-02-27 16:33:14,www.google.fr
2014-02-27 16:33:15,www.alsacreations.com
2014-02-27 16:36:06,www.google.com
2014-02-27 16:36:07,id.google.fr
2014-02-27 16:36:08,www.google.fr
2014-02-27 16:39:05,www.google.com
2014-02-27 16:39:10,www.google.fr
2014-02-27 16:39:11,css.mammouthland.net
2014-02-27 16:39:11,www.mammouthland.net
2014-02-27 16:39:11,i.creativecommons.org
2014-02-27 16:39:11,platform.twitter.com
2014-02-27 16:39:12,platform.twitter.com
2014-02-27 16:39:12,css.mammouthland.net
2014-02-27 16:39:13,css.mammouthland.net
2014-02-27 16:39:13,clients1.google.com
2014-02-27 16:39:43,twitter.com
2014-02-27 16:42:03,www.google.com
2014-02-27 16:42:04,www.google.fr
2014-02-27 16:42:07,apis.google.com
2014-02-27 16:42:08,accounts.google.com
2014-02-27 16:46:39,www.google.fr
2014-02-27 16:46:39,openweb.eu.org
2014-02-27 16:46:40,openweb.eu.org
2014-02-27 16:46:41,openweb.eu.org
2014-02-27 16:49:31,www.google.com
2014-02-27 16:49:33,www.google.fr
2014-02-27 16:54:15,safebrowsing-cache.google.com
2014-02-27 16:54:15,safebrowsing.clients.google.com
2014-02-27 17:00:13,www.alsacreations.com
2014-02-27 17:00:13,www.google.fr
2014-02-27 17:00:14,www.alsacreations.com
2014-02-27 17:01:28,www.alsacreations.com
2014-02-27 17:03:02,www.google.fr
2014-02-27 17:03:03,www.alsacreations.com
2014-02-27 17:03:07,www.google.com
2014-02-27 17:03:54,www.alsacreations.com
2014-02-27 17:04:37,www.w3.org
2014-02-27 17:04:38,www.w3.org
2014-02-27 17:06:35,jigsaw.w3.org
2014-02-27 17:06:35,www.w3.org
2014-02-27 17:06:36,jigsaw.w3.org
2014-02-27 17:06:37,www.w3.org
2014-02-27 17:06:37,api.flattr.com
2014-02-27 17:06:37,jigsaw.w3.org
2014-02-27 17:06:38,ocsp.gandi.net
2014-02-27 17:06:38,ocsp.usertrust.com
2014-02-27 17:06:38,flattr.com
2014-02-27 17:06:38,api.flattr.com
2014-02-27 17:06:39,jigsaw.w3.org
2014-02-27 17:06:45,jigsaw.w3.org
2014-02-27 17:06:46,www.w3.org
2014-02-27 17:06:46,jigsaw.w3.org
2014-02-27 17:06:46,api.flattr.com
2014-02-27 17:06:53,www.w3.org
2014-02-27 17:06:54,api.flattr.com
2014-02-27 17:06:59,api.flattr.com
2014-02-27 17:06:59,jigsaw.w3.org
2014-02-27 17:07:44,validator-suite.w3.org
2014-02-27 17:09:05,fr.openclassrooms.com
2014-02-27 17:09:08,www.google.com
2014-02-27 17:09:08,doug1izaerwt3.cloudfront.net
2014-02-27 17:09:08,fr.openclassrooms.com
2014-02-27 17:09:10,dnn506yrbagrg.cloudfront.net
2014-02-27 17:09:11,choices.truste.com
2014-02-27 17:09:11,jdn.monster.com
2014-02-27 17:09:12,jdn.monster.com
2014-02-27 17:09:13,cs.specificclick.net
2014-02-27 17:09:13,jdn.monster.com
2014-02-27 17:09:16,ocsp.verisign.com
2014-02-27 17:09:36,fr.openclassrooms.com
2014-02-27 17:09:37,dnn506yrbagrg.cloudfront.net
2014-02-27 17:09:37,doug1izaerwt3.cloudfront.net
2014-02-27 17:09:37,fr.openclassrooms.com
2014-02-27 17:09:37,www.google.com
2014-02-27 17:09:38,fr.openclassrooms.com
2014-02-27 17:09:40,fr.openclassrooms.com
2014-02-27 17:09:42,rubicon-match.dotomi.com
2014-02-27 17:10:21,choices.truste.com
2014-02-27 17:10:22,choices.truste.com
2014-02-27 17:12:34,www.googleapis.com
2014-02-27 17:17:18,clients1.google.com
2014-02-27 17:17:18,gtglobal-ocsp.geotrust.com
2014-02-27 17:17:21,www.google.fr
2014-02-27 17:17:21,www.w3.org
2014-02-27 17:17:23,www.w3.org
2014-02-27 17:18:51,www.google.fr
2014-02-27 17:18:51,bits.wikimedia.org
2014-02-27 17:18:51,fr.wikipedia.org
2014-02-27 17:18:52,bits.wikimedia.org
2014-02-27 17:18:53,bits.wikimedia.org
2014-02-27 17:18:53,fr.wikipedia.org
2014-02-27 17:18:53,meta.wikimedia.org
2014-02-27 17:18:53,login.wikimedia.org
2014-02-27 17:19:20,www.google.fr
2014-02-27 17:19:20,www.cssdebutant.com
2014-02-27 17:19:21,veddecode.opensource.dpo.org.uk
2014-02-27 17:19:21,i.creativecommons.org
2014-02-27 17:19:21,ajax.googleapis.com
2014-02-27 17:19:21,www.cssdebutant.com
2014-02-27 17:19:22,platform.twitter.com
2014-02-27 17:19:22,connect.facebook.net
2014-02-27 17:19:22,www.cssdebutant.com
2014-02-27 17:19:23,www.cssdebutant.com
2014-02-27 17:19:24,static.ak.facebook.com
2014-02-27 17:19:24,s-static.ak.facebook.com
2014-02-27 17:19:25,platform.twitter.com
2014-02-27 17:19:25,www.facebook.com
2014-02-27 17:19:26,graph.facebook.com
2014-02-27 17:19:26,www.facebook.com
2014-02-27 17:19:26,platform.twitter.com
2014-02-27 17:19:40,www.google.fr
2014-02-27 17:19:54,twitter.com
2014-02-27 17:20:13,www.google.com
2014-02-27 17:20:15,www.google.fr
2014-02-27 17:21:22,platform.twitter.com
2014-02-27 17:22:18,apis.google.com
2014-02-27 17:22:19,accounts.google.com
2014-02-27 17:24:13,fr.wikipedia.org
2014-02-27 17:24:13,bits.wikimedia.org
2014-02-27 17:24:14,meta.wikimedia.org
2014-02-27 17:24:15,meta.wikimedia.org
2014-02-27 17:24:15,fr.wikipedia.org
2014-02-27 17:25:05,www.google.fr
2014-02-27 17:25:08,fr.openclassrooms.com
2014-02-27 17:25:09,www.google.com
2014-02-27 17:25:09,doug1izaerwt3.cloudfront.net
2014-02-27 17:25:09,fr.openclassrooms.com
2014-02-27 17:25:10,www.google.com
2014-02-27 17:25:11,fr.openclassrooms.com
2014-02-27 17:25:12,safebrowsing-cache.google.com
2014-02-27 17:25:12,safebrowsing.clients.google.com
2014-02-27 17:25:12,fr.openclassrooms.com
2014-02-27 17:25:13,pixel.alephd.com
2014-02-27 17:25:13,safebrowsing-cache.google.com
2014-02-27 17:25:14,fr.openclassrooms.com
2014-02-27 17:25:14,safebrowsing-cache.google.com
2014-02-27 17:25:15,safebrowsing-cache.google.com
2014-02-27 17:27:56,www.google.com
2014-02-27 17:27:58,www.google.fr
2014-02-27 17:28:07,www.googleapis.com
2014-02-27 17:31:44,static.ccm2.net
2014-02-27 17:31:44,www.commentcamarche.net
2014-02-27 17:31:44,r.ccm2.net
2014-02-27 17:31:44,ba.commentcamarche.net
2014-02-27 17:31:44,www.google.fr
2014-02-27 17:31:45,ba.commentcamarche.net
2014-02-27 17:31:45,www.facebook.com
2014-02-27 17:31:45,static.ccm2.net
2014-02-27 17:31:46,clients1.google.com
2014-02-27 17:31:47,connect.facebook.net
2014-02-27 17:31:48,static.ak.facebook.com
2014-02-27 17:31:48,pixel.alephd.com
2014-02-27 17:31:48,loadr.exelator.com
2014-02-27 17:31:48,s-static.ak.facebook.com
2014-02-27 17:31:49,ocsp.godaddy.com
2014-02-27 17:31:50,ocsp.digicert.com
2014-02-27 17:31:51,platform.twitter.com
2014-02-27 17:31:51,ba.commentcamarche.net
2014-02-27 17:31:51,www.facebook.com
2014-02-27 17:31:52,www.miximum.fr
2014-02-27 17:31:52,static.ccmbg.com
2014-02-27 17:31:53,www.facebook.com
2014-02-27 17:31:53,static.ccmbg.com
2014-02-27 17:31:53,www.miximum.fr
2014-02-27 17:31:54,www.miximum.fr
2014-02-27 17:31:55,farm3.static.flickr.com
2014-02-27 17:31:55,farm4.static.flickr.com
2014-02-27 17:31:55,farm1.static.flickr.com
2014-02-27 17:31:56,www.miximum.fr
2014-02-27 17:31:58,static.ccm2.net
2014-02-27 17:32:23,twitter.com
2014-02-27 17:33:19,www.google.fr
2014-02-27 17:33:19,translate.google.com
2014-02-27 17:33:20,translate.google.com
2014-02-27 17:33:21,translate.google.com
2014-02-27 17:33:22,translate.google.com
2014-02-27 17:33:23,translate.google.com
2014-02-27 17:33:28,translate.google.com
2014-02-27 17:33:29,translate.google.com
2014-02-27 17:33:31,translate.google.com
2014-02-27 17:33:33,translate.google.com
2014-02-27 17:33:33,www.google.com
2014-02-27 17:33:38,translate.google.com
2014-02-27 17:33:44,translate.google.com
2014-02-27 17:33:46,translate.google.com
2014-02-27 17:33:47,translate.google.com
2014-02-27 17:33:49,translate.google.com
2014-02-27 17:33:52,translate.google.com
2014-02-27 17:33:53,translate.google.com
2014-02-27 17:33:56,translate.google.com
2014-02-27 17:33:58,translate.google.com
2014-02-27 17:36:13,www.google.com
2014-02-27 17:36:15,www.google.fr
2014-02-27 17:38:51,www.google.fr
2014-02-27 17:38:52,ocsp.tcs.terena.org
2014-02-27 17:38:52,ocsp.usertrust.com
2014-02-27 17:38:52,clients1.google.com
2014-02-27 17:41:46,www.google.com
2014-02-27 17:41:47,www.google.fr
2014-03-18 15:58:47,sb-ssl.google.com
2014-03-18 17:19:19,s-static.ak.facebook.com
2014-03-18 17:23:22,apis.google.com
2014-03-19 08:12:13,www.google.com
2014-03-19 08:12:13,clients1.google.com
2014-03-19 08:12:15,www.google.com
2014-03-19 08:12:15,gtglobal-ocsp.geotrust.com
2014-03-19 08:12:15,clients1.google.com
2014-03-19 08:12:16,ocsp.usertrust.com
2014-03-19 08:12:16,ocsp.comodoca.com
2014-03-19 08:12:16,ocsp.tcs.terena.org
2014-03-24 13:39:14,clients1.google.com
2014-03-24 13:39:15,gtglobal-ocsp.geotrust.com
2014-03-24 13:39:15,ocsp.thawte.com
2014-03-24 13:39:17,ocsp.usertrust.com
2014-03-24 13:39:17,ocsp.tcs.terena.org
2014-03-24 13:39:17,clients1.google.com
2014-03-24 13:39:18,clients1.google.com
2014-03-24 13:42:03,gtssl-ocsp.geotrust.com
2014-03-24 13:42:10,sb-ssl.google.com
2014-03-24 13:42:22,clients1.google.com
2014-03-24 13:42:39,clients1.google.com
2014-03-24 13:43:28,safebrowsing.clients.google.com
2014-03-24 13:43:28,safebrowsing-cache.google.com
2014-03-24 13:43:29,safebrowsing-cache.google.com
2014-03-24 13:45:24,www.google.com
2014-03-24 13:45:24,apis.google.com
2014-03-24 13:45:25,www.google.fr
2014-03-24 13:47:00,ocsp.verisign.com
2014-03-24 13:49:00,ocsp.digicert.com
2014-03-24 13:52:08,www.pasteur.fr
2014-03-24 13:52:08,www.google.fr
2014-03-24 13:52:09,www.pasteur.fr
2014-03-24 13:54:27,fr.wikiversity.org
2014-03-24 13:54:27,www.google.fr
2014-03-24 13:54:28,bits.wikimedia.org
2014-03-24 13:54:29,meta.wikimedia.org
2014-03-24 13:54:29,bits.wikimedia.org
2014-03-24 13:54:29,login.wikimedia.org
2014-03-24 13:54:39,www.google.fr
2014-03-24 13:54:49,www.google.fr
2014-03-24 13:54:49,java.developpez.com
2014-03-24 13:54:49,www.developpez.com
2014-03-24 13:54:50,eclipse.developpez.com
2014-03-24 13:54:50,spring.developpez.com
2014-03-24 13:54:50,netbeans.developpez.com
2014-03-24 13:54:50,java.developpez.com
2014-03-24 13:54:50,www.google.com
2014-03-24 13:54:50,javaweb.developpez.com
2014-03-24 13:54:50,magazine.developpez.com
2014-03-24 13:54:50,www.developpez.com
2014-03-24 13:54:51,magazine.developpez.com
2014-03-24 13:54:51,java.developpez.com
2014-03-24 13:54:51,www.developpez.com
2014-03-24 13:54:52,sync.uuidcshmg.com
2014-03-24 13:54:53,www.facebook.com
2014-03-24 13:55:42,www.ukonline.be
2014-03-24 13:55:42,fr.clickintext.net
2014-03-24 13:55:42,www.google.fr
2014-03-24 13:55:43,fr.clickintext.net
2014-03-24 13:55:43,fr.92.clickintext.net
2014-03-24 13:55:43,www.ukonline.be
2014-03-24 13:55:43,rcm-fr.amazon.fr
2014-03-24 13:55:43,ecx.images-amazon.com
2014-03-24 13:55:44,www.google.com
2014-03-24 13:55:44,clients1.google.com
2014-03-24 13:55:45,www.ukonline.be
2014-03-24 13:55:45,fr.clickintext.net
2014-03-24 13:55:45,fr.92.clickintext.net
2014-03-24 13:55:45,fr.91.clickintext.net
2014-03-24 13:57:07,www.google.com
2014-03-24 13:57:40,b12.myspace.com
2014-03-24 13:58:25,www.google.fr
2014-03-24 14:14:12,safebrowsing.clients.google.com
2014-03-24 14:14:12,safebrowsing-cache.google.com
2014-03-24 14:14:13,safebrowsing-cache.google.com
2014-03-24 14:14:42,www.google.fr
2014-03-24 14:14:44,www.developpez.net
2014-03-24 14:14:45,www.developpez.net
2014-03-24 14:14:45,www.google.com
2014-03-24 14:14:45,ajax.googleapis.com
2014-03-24 14:14:46,www.developpez.net
2014-03-24 14:14:47,sync.uuidcshmg.com
2014-03-24 14:14:47,www.developpez.net
2014-03-24 14:14:48,www.facebook.com
2014-03-24 14:14:48,ocsp.thawte.com
2014-03-24 14:14:49,adventori.com
2014-03-24 14:14:50,apnx-match.dotomi.com
2014-03-24 14:14:51,apnx-match.dotomi.com
2014-03-24 14:14:51,c1.adform.net
2014-03-24 14:17:35,www.google.com
2014-03-24 14:17:37,www.google.fr
2014-03-24 14:38:14,www.google.fr
2014-03-24 14:38:16,www.google.com
2014-03-24 14:38:16,www.developpez.net
2014-03-24 14:38:17,sync.uuidcshmg.com
2014-03-24 14:38:18,www.developpez.net
2014-03-24 14:38:19,www.developpez.net
2014-03-24 14:38:20,rcm-fr.amazon.fr
2014-03-24 14:38:20,ecx.images-amazon.com
2014-03-24 14:38:21,ocsp.comodoca.com
2014-03-24 14:38:21,um.simpli.fi
2014-03-24 14:38:22,cm.adgrx.com
2014-03-24 14:38:36,pixel2368.everesttech.net
2014-03-24 14:39:14,www.google.fr
2014-03-24 14:40:11,www.google.com
2014-03-24 14:41:03,www.squid-cache.org
2014-03-24 14:41:50,www.google.com
2014-03-24 14:42:02,www.google.com
2014-03-24 14:42:03,www.google.com
2014-03-24 14:42:14,clients1.google.com
2014-03-24 14:42:15,gtglobal-ocsp.geotrust.com
2014-03-24 14:42:24,www.google.com
2014-03-24 14:42:25,www.google.com
2014-03-24 14:42:27,www.google.com
2014-03-24 14:42:28,www.google.com
2014-03-24 14:42:35,www.google.com
2014-03-24 14:42:48,clients1.google.com
2014-03-24 14:42:54,www.google.fr
2014-03-24 14:42:54,www.tutorialspoint.com
2014-03-24 14:42:55,www.tutorialspoint.com
2014-03-24 14:42:56,www.tutorialspoint.com
2014-03-24 14:42:56,apis.google.com
2014-03-24 14:42:57,hal9000.redintelligence.net
2014-03-24 14:42:58,hal9000.redintelligence.net
2014-03-24 14:42:58,clients1.google.com
2014-03-24 14:42:59,banniere.reussissonsensemble.fr
2014-03-24 14:42:59,ea.numericable.fr
2014-03-24 14:42:59,clients1.google.com
2014-03-24 14:43:13,java-demos.blogspot.com
2014-03-24 14:43:13,www.google.fr
2014-03-24 14:43:14,java-demos.blogspot.fr
2014-03-24 14:43:14,java-demos.blogspot.com
2014-03-24 14:43:15,clients1.google.com
2014-03-24 14:43:26,www.google.fr
2014-03-24 14:43:27,docs.oracle.com
2014-03-24 14:43:27,www.oracle.com
2014-03-24 14:43:28,docs.oracle.com
2014-03-24 14:43:58,www.google.fr
2014-03-24 14:43:59,docs.oracle.com
2014-03-24 14:45:52,accounts.google.com
2014-03-24 14:46:07,safebrowsing.clients.google.com
2014-03-24 14:46:07,safebrowsing-cache.google.com
2014-03-24 14:46:08,apis.google.com
2014-03-24 14:46:08,safebrowsing-cache.google.com
2014-03-24 14:46:09,www.blogger.com
2014-03-24 14:46:52,www.google.fr
2014-03-24 14:47:17,docs.oracle.com
2014-03-24 14:50:53,www.google.fr
2014-03-24 14:50:54,wtpn.twenga.fr
2014-03-24 14:50:54,forum-images.hardware.fr
2014-03-24 14:50:54,forum.hardware.fr
2014-03-24 14:50:55,script.affilizr.com
2014-03-24 14:50:55,forum-images.hardware.fr
2014-03-24 14:50:57,rbx-cdn-tpn.c4tw.net
2014-03-24 14:50:57,fr.primary.affinitad.com
2014-03-24 14:50:57,clients1.google.com
2014-03-24 14:50:58,forum.hardware.fr
2014-03-24 14:51:03,fr.primary.affinitad.com
2014-03-24 14:51:03,rbx-cdn-tpn.c4tw.net
2014-03-24 14:53:38,www.google.com
2014-03-24 14:53:39,www.google.fr
2014-03-24 14:53:52,ajax.googleapis.com
2014-03-24 15:00:09,docs.oracle.com
2014-03-24 15:00:18,docs.oracle.com
2014-03-24 15:00:35,docs.oracle.com
2014-03-24 15:00:40,docs.oracle.com
2014-03-24 15:00:53,docs.oracle.com
2014-03-24 15:03:34,fr-primary.affinitad.com
2014-03-24 15:03:34,wtpn.twenga.fr
2014-03-24 15:03:37,static.ccm2.net
2014-03-24 15:03:37,www.commentcamarche.net
2014-03-24 15:03:37,www.google.fr
2014-03-24 15:03:38,r.ccmbg.com
2014-03-24 15:03:38,static.ccm2.net
2014-03-24 15:03:38,ba.commentcamarche.net
2014-03-24 15:03:38,platform.twitter.com
2014-03-24 15:03:38,www.facebook.com
2014-03-24 15:03:39,static.ccm2.net
2014-03-24 15:03:39,evsecure-ocsp.verisign.com
2014-03-24 15:03:40,ba.commentcamarche.net
2014-03-24 15:03:40,static.ccm2.net
2014-03-24 15:03:41,rapidssl-ocsp.geotrust.com
2014-03-24 15:03:41,ocsp.digicert.com
2014-03-24 15:03:41,connect.facebook.net
2014-03-24 15:03:41,ba.commentcamarche.net
2014-03-24 15:03:42,pixel.alephd.com
2014-03-24 15:03:42,static.ak.facebook.com
2014-03-24 15:03:42,loadr.exelator.com
2014-03-24 15:03:42,s-static.ak.facebook.com
2014-03-24 15:03:43,ba.commentcamarche.net
2014-03-24 15:03:43,www.facebook.com
2014-03-24 15:03:43,static.ccmbg.com
2014-03-24 15:03:43,platform.twitter.com
2014-03-24 15:03:43,static.ccm2.net
2014-03-24 15:03:44,www.facebook.com
2014-03-24 15:03:45,gtssl-ocsp.geotrust.com
2014-03-24 15:03:48,www.commentcamarche.net
2014-03-24 15:03:49,www.commentcamarche.net
2014-03-24 15:03:53,static.ccm2.net
2014-03-24 15:04:13,twitter.com
2014-03-24 15:04:17,www.google.fr
2014-03-24 15:04:18,ocsp.digicert.com
2014-03-24 15:04:18,www.dinduks.com
2014-03-24 15:04:18,go.disqus.com
2014-03-24 15:04:18,livegeekordietryin.disqus.com
2014-03-24 15:04:18,platform.twitter.com
2014-03-24 15:04:19,disqus.com
2014-03-24 15:04:20,disqus.com
2014-03-24 15:04:22,disqus.com
2014-03-24 15:04:36,docs.oracle.com
2014-03-24 15:04:48,twitter.com
2014-03-24 15:05:23,docs.oracle.com
2014-03-24 15:06:30,www.google.com
2014-03-24 15:06:32,ajax.googleapis.com
2014-03-24 15:06:33,www.google.fr
2014-03-24 15:07:26,docs.oracle.com
2014-03-24 15:11:21,www.google.fr
2014-03-24 15:11:22,docs.oracle.com
2014-03-24 15:14:10,www.google.com
2014-03-24 15:14:13,www.google.fr
2014-03-24 15:14:58,safebrowsing.clients.google.com
2014-03-24 15:14:58,safebrowsing-cache.google.com
2014-03-24 15:18:59,docs.oracle.com
2014-03-24 15:21:09,ocsp.usertrust.com
2014-03-24 15:21:09,ocsp.tcs.terena.org
2014-03-26 08:16:21,go.microsoft.com
2014-03-26 08:16:22,res2.windows.microsoft.com
2014-03-26 08:16:22,js.microsoft.com
2014-03-26 08:16:22,windows.microsoft.com
2014-03-26 08:16:22,res1.windows.microsoft.com
2014-03-26 08:16:22,ajax.microsoft.com
2014-03-26 08:16:26,www.bing.com
2014-03-26 08:16:33,www.bing.com
2014-03-26 08:16:34,www.bing.com
2014-03-26 08:16:35,www.bing.com
2014-03-26 08:16:35,cms.abmr.net
2014-03-26 08:16:37,www.bing.com
2014-03-26 08:16:42,www.bing.com
2014-03-26 08:16:43,www.bing.com
2014-03-26 08:16:47,login.live.com
2014-03-26 08:16:52,www.bing.com
2014-03-26 08:16:53,www.bing.com
2014-03-26 08:16:57,www.bing.com
2014-03-26 08:16:58,www.bing.com
2014-03-26 08:16:59,www.bing.com
2014-03-26 08:17:02,eric.univ-lyon2.fr
2014-03-26 08:17:02,www.bing.com
2014-03-26 08:17:07,www.bing.com
2014-03-26 08:17:12,login.live.com
2014-03-26 08:17:14,login.live.com
2014-03-26 08:17:16,www.bing.com
2014-03-26 08:17:17,www.bing.com
2014-03-26 08:17:22,ssl.bing.com
2014-03-26 08:17:22,bits.wikimedia.org
2014-03-26 08:17:22,www.bing.com
2014-03-26 08:17:22,fr.wikipedia.org
2014-03-26 08:17:23,login.wikimedia.org
2014-03-26 08:17:23,bits.wikimedia.org
2014-03-26 08:17:23,meta.wikimedia.org
2014-03-26 08:17:23,fr.wikipedia.org
2014-03-26 08:17:24,bits.wikimedia.org
2014-03-26 08:17:28,www.bing.com
2014-03-26 08:17:29,www.bing.com
2014-03-26 08:17:33,eric.univ-lyon2.fr
2014-03-26 08:17:37,www.bing.com
2014-03-26 08:17:46,www.bing.com
2014-03-26 08:17:48,en.wikipedia.org
2014-03-26 08:17:48,bits.wikimedia.org
2014-03-26 08:17:48,www.bing.com
2014-03-26 08:17:49,bits.wikimedia.org
2014-03-26 08:17:50,en.wikipedia.org
2014-03-26 08:17:50,login.wikimedia.org
2014-03-26 08:17:50,bits.wikimedia.org
2014-03-26 08:17:50,meta.wikimedia.org
2014-03-26 08:17:51,en.wikipedia.org
2014-03-26 08:17:52,en.wikipedia.org
2014-03-26 08:17:54,en.wikipedia.org
2014-03-26 08:17:55,en.wikipedia.org
2014-03-26 08:17:56,en.wikipedia.org
2014-03-26 08:18:02,www.bing.com
2014-03-26 08:18:04,www.bing.com
2014-03-26 08:18:07,fr.wikipedia.org
2014-03-26 08:18:07,meta.wikimedia.org
2014-03-26 08:18:08,meta.wikimedia.org
2014-03-26 08:18:08,fr.wikipedia.org
2014-03-26 08:18:11,login.live.com
2014-03-26 08:18:11,en.wikipedia.org
2014-03-26 08:18:11,meta.wikimedia.org
2014-03-26 08:18:11,bits.wikimedia.org
2014-03-26 08:18:23,fr.wikipedia.org
2014-03-26 08:18:23,meta.wikimedia.org
2014-03-26 08:18:24,www.bing.com
2014-03-26 08:18:28,login.live.com
2014-03-26 08:18:33,www.bing.com
2014-03-26 08:18:34,www.bing.com
2014-03-26 08:18:43,www.bing.com
2014-03-26 08:18:45,login.live.com
2014-03-26 08:18:49,www.bing.com
2014-03-26 08:18:53,www.bing.com
2014-03-26 08:19:21,ieonline.microsoft.com
2014-03-26 08:20:46,ssl.bing.com
2014-03-26 09:01:22,www.bing.com
2014-03-26 09:01:26,www.bing.com
2014-03-26 09:01:26,meta.wikimedia.org
2014-03-26 09:01:26,fr.wikipedia.org
2014-03-26 09:01:26,bits.wikimedia.org
2014-03-26 09:01:27,fr.wikipedia.org
2014-03-26 09:01:27,meta.wikimedia.org
2014-03-26 09:01:34,login.live.com
2014-03-26 09:45:56,www.bing.com
2014-03-26 09:45:58,www.bing.com
2014-03-26 09:46:00,fr.wikipedia.org
2014-03-26 09:46:00,www.stat.auckland.ac.nz
2014-03-26 09:46:01,meta.wikimedia.org
2014-03-26 09:46:02,www.bing.com
2014-03-26 09:46:04,login.live.com
2014-03-26 09:46:04,www.duclert.org
2014-03-26 09:46:04,www.bing.com
2014-03-26 09:46:05,www.duclert.org
2014-03-26 09:46:08,login.live.com
2014-03-26 09:46:10,www.duclert.org
2014-03-26 09:46:16,www.duclert.org
2014-03-26 09:46:18,www.duclert.org
2014-03-26 09:46:29,www.duclert.org
2014-03-26 09:46:30,www.duclert.org
2014-03-26 09:57:55,www.duclert.org
2014-03-26 09:58:03,www.duclert.org
2014-03-26 09:58:04,www.duclert.org
2014-03-26 09:58:06,www.duclert.org
2014-03-26 09:58:12,www.duclert.org
2014-03-26 10:00:04,www.bing.com
2014-03-26 10:00:06,www.bing.com
2014-03-26 10:00:07,www.bing.com
2014-03-26 10:00:09,www.bing.com
2014-03-26 10:00:15,login.live.com
2014-04-02 15:42:22,www.google.com
2014-04-02 15:42:22,www.google.fr
2014-04-02 15:42:23,www.google.com
2014-04-02 15:42:23,www.squid-cache.org
2014-04-02 15:42:24,www.google.com
2014-04-02 15:42:25,www.google.com
2014-04-02 15:42:26,www.google.com
2014-04-02 15:42:27,www.google.com
2014-04-02 15:42:34,apis.google.com
2014-04-02 15:43:35,apis.google.com
2014-04-02 15:43:35,fxfeeds.mozilla.com
2014-04-02 15:43:35,clients1.google.com
2014-04-02 15:43:35,newsrss.bbc.co.uk
2014-04-02 15:43:35,gtglobal-ocsp.geotrust.com
2014-04-02 15:43:35,feeds.bbci.co.uk
2014-04-02 15:43:43,www.google.com
2014-04-02 15:43:44,clients1.google.com
2014-04-02 15:43:47,www.google.com
2014-04-02 15:43:49,clients1.google.com
2014-04-02 15:43:49,ocsp.tcs.terena.org
2014-04-02 15:43:49,www.google.com
2014-04-02 15:43:50,ocsp.usertrust.com
2014-04-02 15:43:50,ocsp.comodoca.com
2014-04-02 15:45:36,safebrowsing-cache.google.com
2014-04-02 15:45:36,safebrowsing.clients.google.com
2014-04-02 15:45:37,safebrowsing-cache.google.com
2014-04-02 15:45:39,safebrowsing-cache.google.com
2014-04-02 15:45:40,safebrowsing-cache.google.com
2014-04-02 15:46:41,safebrowsing-cache.google.com
2014-04-02 15:46:43,safebrowsing-cache.google.com
2014-04-02 15:46:44,safebrowsing-cache.google.com
2014-04-02 15:46:45,safebrowsing-cache.google.com
2014-04-02 15:46:46,safebrowsing-cache.google.com
2014-04-02 15:47:35,sb-ssl.google.com
2014-04-02 16:00:41,www.google.com
2014-04-02 16:00:41,clients1.google.com
2014-04-02 16:00:41,img.youtube.com
2014-04-02 16:00:44,www.google.com
2014-04-02 16:00:44,fr.openclassrooms.com
2014-04-02 16:00:45,www.google.com
2014-04-02 16:00:45,fr.openclassrooms.com
2014-04-02 16:00:45,doug1izaerwt3.cloudfront.net
2014-04-02 16:00:50,dnn506yrbagrg.cloudfront.net
2014-04-02 16:00:50,rbp.mxptint.net
2014-04-02 16:00:50,www.facebook.com
2014-04-02 16:00:51,pr.ybp.yahoo.com
2014-04-02 16:00:52,fr.openclassrooms.com
2014-04-02 16:00:57,www.facebook.com
2014-04-02 16:00:58,clients1.google.com
2014-04-02 16:00:58,apnx-match.dotomi.com
2014-04-02 16:00:59,ocsp.comodoca.com
2014-04-02 16:01:21,doug1izaerwt3.cloudfront.net
2014-04-02 16:01:21,fr.openclassrooms.com
2014-04-02 16:01:21,www.google.com
2014-04-02 16:01:22,fr.openclassrooms.com
2014-04-02 16:01:24,dnn506yrbagrg.cloudfront.net
2014-04-02 16:01:26,pixel2368.everesttech.net
2014-04-02 16:01:28,fr.openclassrooms.com
2014-04-02 16:01:34,apnx-match.dotomi.com
2014-04-02 16:01:34,fr.openclassrooms.com
2014-04-02 16:01:36,adventori.com
2014-04-02 16:02:27,fr.openclassrooms.com
2014-04-02 16:02:27,www.google.com
2014-04-02 16:02:27,doug1izaerwt3.cloudfront.net
2014-04-02 16:02:31,www.facebook.com
2014-04-02 16:02:31,www.google.com
2014-04-02 16:02:31,match.rtbidder.net
2014-04-02 16:02:31,gtssl-ocsp.geotrust.com
2014-04-02 16:03:00,www.google.com
2014-04-02 16:03:00,fr.openclassrooms.com
2014-04-02 16:03:01,doug1izaerwt3.cloudfront.net
2014-04-02 16:03:04,rp.gwallet.com
2014-04-02 16:03:13,fr.openclassrooms.com
2014-04-02 16:03:13,doug1izaerwt3.cloudfront.net
2014-04-02 16:03:13,www.google.com
2014-04-02 16:03:17,jdn.monster.com
2014-04-02 16:03:17,choices.truste.com
2014-04-02 16:03:18,jdn.monster.com
2014-04-02 16:03:20,choices.truste.com
2014-04-02 16:03:24,choices.truste.com
2014-04-02 16:03:47,doug1izaerwt3.cloudfront.net
2014-04-02 16:03:47,fr.openclassrooms.com
2014-04-02 16:03:47,www.google.com
2014-04-02 16:03:50,rubicon-match.dotomi.com
2014-04-02 16:03:50,um.simpli.fi
2014-04-02 16:03:50,fr.openclassrooms.com
2014-04-02 16:04:08,www.google.com
2014-04-02 16:04:08,fr.openclassrooms.com
2014-04-02 16:04:09,doug1izaerwt3.cloudfront.net
2014-04-02 16:04:14,c1.adform.net
2014-04-02 16:04:43,fr.openclassrooms.com
2014-04-02 16:04:43,www.google.com
2014-04-02 16:04:44,doug1izaerwt3.cloudfront.net
2014-04-02 16:05:03,fr.openclassrooms.com
2014-04-02 16:05:04,www.google.com
2014-04-02 16:05:04,fr.openclassrooms.com
2014-04-02 16:05:04,doug1izaerwt3.cloudfront.net
2014-04-02 16:05:09,http.tidaltv.com
2014-04-02 16:09:04,www.googleapis.com
2014-04-02 16:28:06,safebrowsing.clients.google.com
2014-04-02 16:28:06,safebrowsing-cache.google.com
2014-04-02 16:28:07,safebrowsing-cache.google.com
2014-04-02 16:28:08,safebrowsing-cache.google.com
2014-04-02 16:28:09,safebrowsing-cache.google.com
2014-04-02 16:28:10,safebrowsing-cache.google.com
2014-04-02 16:28:11,safebrowsing-cache.google.com
2014-04-02 16:29:12,safebrowsing-cache.google.com
2014-04-02 16:54:33,clients1.google.com
2014-04-02 16:54:33,www.google.com
2014-04-02 16:54:36,www.google.com
2014-04-02 16:54:36,www.commentcamarche.net
2014-04-02 16:54:36,ba.commentcamarche.net
2014-04-02 16:54:36,static.ccm2.net
2014-04-02 16:54:36,r.ccm2.net
2014-04-02 16:54:37,www.facebook.com
2014-04-02 16:54:37,gtglobal-ocsp.geotrust.com
2014-04-02 16:54:37,static.ccm2.net
2014-04-02 16:54:37,ba.commentcamarche.net
2014-04-02 16:54:37,platform.twitter.com
2014-04-02 16:54:37,clients1.google.com
2014-04-02 16:54:38,static.ccm2.net
2014-04-02 16:54:38,connect.facebook.net
2014-04-02 16:54:38,static.ak.facebook.com
2014-04-02 16:54:38,www.facebook.com
2014-04-02 16:54:38,evsecure-ocsp.verisign.com
2014-04-02 16:54:39,pixel.alephd.com
2014-04-02 16:54:39,s-static.ak.facebook.com
2014-04-02 16:54:39,static.ccm2.net
2014-04-02 16:54:39,www.commentcamarche.net
2014-04-02 16:54:39,ba.commentcamarche.net
2014-04-02 16:54:39,www.facebook.com
2014-04-02 16:54:39,static.ccmbg.com
2014-04-02 16:54:39,platform.twitter.com
2014-04-02 16:54:40,static.ccm2.net
2014-04-02 16:54:40,www.commentcamarche.net
2014-04-02 16:54:48,www.google.com
2014-04-02 16:54:48,forum.hardware.fr
2014-04-02 16:54:48,forum-images.hardware.fr
2014-04-02 16:54:49,forum-images.hardware.fr
2014-04-02 16:54:49,script.affilizr.com
2014-04-02 16:54:49,wtpn.twenga.fr
2014-04-02 16:54:49,forum.hardware.fr
2014-04-02 16:54:50,forum-images.hardware.fr
2014-04-02 16:55:10,twitter.com
2014-04-02 16:55:14,www.google.com
2014-04-02 16:55:17,java.mesexemples.com
2014-04-02 16:55:17,connect.facebook.net
2014-04-02 16:55:17,clients1.google.com
2014-04-02 16:55:17,platform.twitter.com
2014-04-02 16:55:17,www.google.fr
2014-04-02 16:55:18,java.mesexemples.com
2014-04-02 16:55:18,cpp.mesexemples.com
2014-04-02 16:55:18,www.google.fr
2014-04-02 16:55:18,0.gravatar.com
2014-04-02 16:55:19,www.ikoula.com
2014-04-02 16:55:19,java.mesexemples.com
2014-04-02 16:55:19,0.gravatar.com
2014-04-02 16:55:19,1.gravatar.com
2014-04-02 16:55:20,java.mesexemples.com
2014-04-02 16:55:20,static.ak.facebook.com
2014-04-02 16:55:20,www.facebook.com
2014-04-02 16:55:20,platform.twitter.com
2014-04-02 16:55:21,platform.twitter.com
2014-04-02 16:55:21,s-static.ak.facebook.com
2014-04-02 16:55:21,java.mesexemples.com
2014-04-02 16:55:22,ocsp.verisign.com
2014-04-02 16:55:22,java.mesexemples.com
2014-04-02 16:55:23,clients1.google.com
2014-04-02 16:55:40,clients1.google.com
2014-04-02 16:55:41,clients1.google.com
2014-04-02 16:55:42,clients1.google.com
2014-04-02 16:55:43,clients1.google.com
2014-04-02 16:55:44,clients1.google.com
2014-04-02 16:55:45,www.google.com
2014-04-02 16:55:45,clients1.google.com
2014-04-02 16:55:47,www.google.com
2014-04-02 16:55:47,clients1.google.com
2014-04-02 16:55:53,www.facebook.com
2014-04-02 16:55:53,ba.commentcamarche.net
2014-04-02 16:55:53,www.commentcamarche.net
2014-04-02 16:55:53,www.google.com
2014-04-02 16:55:53,twitter.com
2014-04-02 16:55:54,pixel.alephd.com
2014-04-02 16:55:55,pixel.alephd.com
2014-04-02 16:55:56,www.facebook.com
2014-04-02 16:55:56,ba.commentcamarche.net
2014-04-02 16:55:57,platform.twitter.com
2014-04-02 16:55:57,static.ak.facebook.com
2014-04-02 16:55:57,www.facebook.com
2014-04-02 16:55:57,static.ccm2.net
2014-04-02 16:55:57,rapidssl-ocsp.geotrust.com
2014-04-02 16:55:57,s-static.ak.facebook.com
2014-04-02 16:55:57,eulerian.canal-plus.com
2014-04-02 16:56:27,twitter.com
2014-04-02 16:57:57,safebrowsing.clients.google.com
2014-04-02 16:57:57,safebrowsing-cache.google.com
2014-04-02 16:57:58,safebrowsing-cache.google.com
2014-04-02 16:57:59,safebrowsing-cache.google.com
2014-04-02 16:58:00,safebrowsing-cache.google.com
2014-04-02 16:58:01,safebrowsing-cache.google.com
2014-04-02 16:58:02,safebrowsing-cache.google.com
2014-04-02 16:58:23,platform.twitter.com
2014-04-02 16:58:35,feeds.bbci.co.uk
2014-04-02 16:58:35,fxfeeds.mozilla.com
2014-04-02 16:58:35,newsrss.bbc.co.uk
2014-04-02 16:58:37,ajax.googleapis.com
2014-04-02 16:59:04,safebrowsing-cache.google.com
2014-04-02 16:59:05,safebrowsing-cache.google.com
2014-04-02 16:59:06,safebrowsing-cache.google.com
2014-04-02 16:59:07,safebrowsing-cache.google.com
2014-04-02 16:59:08,safebrowsing-cache.google.com
2014-04-02 16:59:09,safebrowsing-cache.google.com
2014-04-02 16:59:21,apis.google.com
2014-04-02 16:59:23,accounts.google.com
2014-04-02 16:59:23,apis.google.com
2014-04-02 17:00:10,safebrowsing-cache.google.com
2014-04-02 17:29:52,safebrowsing-cache.google.com
2014-04-02 17:29:52,safebrowsing.clients.google.com
2014-04-02 17:29:53,safebrowsing-cache.google.com
2014-04-02 17:29:54,safebrowsing-cache.google.com
2014-04-02 17:29:55,safebrowsing-cache.google.com
2014-04-02 17:29:56,safebrowsing-cache.google.com
2014-04-02 17:37:30,ocsp.tcs.terena.org
2014-04-02 17:37:30,ocsp.comodoca.com
2014-04-02 17:37:30,ocsp.usertrust.com
2014-04-15 15:48:20,ocsp.thawte.com
2014-04-15 15:48:27,safebrowsing.clients.google.com
2014-04-15 15:48:28,safebrowsing-cache.google.com
2014-04-15 15:48:31,ocsp.usertrust.com
2014-04-15 15:48:31,gtglobal-ocsp.geotrust.com
2014-04-15 15:48:31,clients1.google.com
2014-04-15 15:48:31,ocsp.tcs.terena.org
2014-04-15 15:48:32,clients1.google.com
2014-04-15 15:50:17,gtssl-ocsp.geotrust.com
2014-04-15 15:56:09,ocsp.verisign.com
2014-04-15 15:58:09,ocsp.digicert.com
2014-04-15 16:04:51,clients1.google.com
2014-04-15 16:04:54,clients1.google.com
2014-04-15 16:04:58,docs.oracle.com
2014-04-15 16:04:58,www.google.fr
2014-04-15 16:04:59,www.oracle.com
2014-04-15 16:04:59,docs.oracle.com
2014-04-15 16:05:02,docs.oracle.com
2014-04-15 16:05:04,docs.oracle.com
2014-04-15 16:05:08,docs.oracle.com
2014-04-15 16:05:20,docs.oracle.com
2014-04-15 16:05:48,docs.oracle.com
2014-04-15 16:06:02,docs.oracle.com
2014-04-15 16:07:50,www.google.com
2014-04-15 16:07:50,apis.google.com
2014-04-15 16:07:54,www.google.fr
2014-04-15 16:19:21,safebrowsing.clients.google.com
2014-04-15 16:19:21,safebrowsing-cache.google.com
2014-04-15 16:39:16,www.google.fr
2014-04-15 16:39:17,www.coderanch.com
2014-04-15 16:39:17,cache-www.coderanch.com
2014-04-15 16:39:18,www.coderanch.com
2014-04-15 16:39:24,www.google.fr
2014-04-15 16:39:25,docs.oracle.com
2014-04-15 16:41:43,www.google.fr
2014-04-15 16:41:43,fr.openclassrooms.com
2014-04-15 16:41:44,www.google.com
2014-04-15 16:41:44,fr.openclassrooms.com
2014-04-15 16:41:46,fr.openclassrooms.com
2014-04-15 16:41:46,www.google.com
2014-04-15 16:41:47,doug1izaerwt3.cloudfront.net
2014-04-15 16:41:47,dnn506yrbagrg.cloudfront.net
2014-04-15 16:41:47,www.google.com
2014-04-15 16:41:52,ad.publicidees.com
2014-04-15 16:41:52,ocsp.verisign.com
2014-04-15 16:41:52,www.facebook.com
2014-04-15 16:41:53,www.facebook.com
2014-04-15 16:41:53,ce.lijit.com
2014-04-15 16:41:55,dps.bing.com
2014-04-15 16:41:58,fr.openclassrooms.com
2014-04-15 16:41:59,fr.openclassrooms.com
2014-04-15 16:42:00,www.google.com
2014-04-15 16:42:00,doug1izaerwt3.cloudfront.net
2014-04-15 16:42:02,fr.openclassrooms.com
2014-04-15 16:42:04,www.google.com
2014-04-15 16:42:06,ad.publicidees.com
2014-04-15 16:42:07,pr.ybp.yahoo.com
2014-04-15 16:42:10,um.simpli.fi
2014-04-15 16:42:12,clients1.google.com
2014-04-15 16:42:12,ocsp.comodoca.com
2014-04-15 16:42:13,ajax.googleapis.com
2014-04-15 16:42:13,apnx-match.dotomi.com
2014-04-15 16:42:27,pixel2368.everesttech.net
2014-04-15 16:42:47,fr.openclassrooms.com
2014-04-15 16:42:48,www.google.com
2014-04-15 16:42:48,doug1izaerwt3.cloudfront.net
2014-04-15 16:42:51,www.google.com
2014-04-15 16:42:53,ad.publicidees.com
2014-04-15 16:42:54,c1.adform.net
2014-04-15 16:42:54,rp.gwallet.com
2014-04-15 16:42:54,rubicon-match.dotomi.com
2014-04-15 16:42:55,c1.adform.net
2014-04-15 16:42:55,cm.adgrx.com
2014-04-15 16:42:58,user-disp.tidaltv.com
2014-04-15 16:42:58,cm.adgrx.com
2014-04-15 16:42:58,adventori.com
2014-04-15 16:43:02,gg.google.com
2014-04-15 16:43:13,fr.openclassrooms.com
2014-04-15 16:43:14,fr.openclassrooms.com
2014-04-15 16:43:14,doug1izaerwt3.cloudfront.net
2014-04-15 16:43:14,www.google.com
2014-04-15 16:43:17,fr.openclassrooms.com
2014-04-15 16:43:18,www.google.com
2014-04-15 16:43:18,cs.specificclick.net
2014-04-15 16:43:19,fr.openclassrooms.com
2014-04-15 16:43:21,ad.publicidees.com
2014-04-15 16:43:22,clients1.google.com
2014-04-15 16:43:26,fr.openclassrooms.com
2014-04-15 16:43:27,www.google.com
2014-04-15 16:43:27,doug1izaerwt3.cloudfront.net
2014-04-15 16:43:30,www.google.com
2014-04-15 16:43:35,user-disp.tidaltv.com
2014-04-15 16:43:35,fr.openclassrooms.com
2014-04-15 16:43:36,fr.openclassrooms.com
2014-04-15 16:43:36,www.google.com
2014-04-15 16:43:36,doug1izaerwt3.cloudfront.net
2014-04-15 16:43:39,www.google.com
2014-04-15 16:43:43,ad.publicidees.com
2014-04-15 16:43:43,ocsp.digicert.com
2014-04-15 16:43:43,www.facebook.com
2014-04-15 16:43:43,ocsp.godaddy.com
2014-04-15 16:44:35,www.google.com
2014-04-15 16:44:39,www.google.fr
2014-04-15 16:46:36,www.googleapis.com
2014-04-15 16:50:22,safebrowsing-cache.google.com
2014-04-15 16:50:22,safebrowsing.clients.google.com
2014-04-15 16:50:23,safebrowsing-cache.google.com
2014-04-15 17:04:31,www.google.fr
2014-04-15 17:04:31,docs.oracle.com
2014-04-15 17:04:49,docs.oracle.com
2014-04-15 17:05:39,docs.oracle.com
2014-04-15 17:05:39,www.google.fr
2014-04-15 17:05:56,docs.oracle.com
2014-04-15 17:06:56,docs.oracle.com
2014-04-15 17:06:57,docs.oracle.com
2014-04-15 17:07:02,docs.oracle.com
2014-04-15 17:07:20,docs.oracle.com
2014-04-15 17:07:23,www.google.fr
2014-04-15 17:10:31,clients1.google.com
2014-04-15 17:10:31,gtglobal-ocsp.geotrust.com
2014-04-15 17:10:34,fr.openclassrooms.com
2014-04-15 17:10:34,www.google.fr
2014-04-15 17:10:35,doug1izaerwt3.cloudfront.net
2014-04-15 17:10:35,www.google.com
2014-04-15 17:10:35,dnn506yrbagrg.cloudfront.net
2014-04-15 17:10:38,um.simpli.fi
2014-04-15 17:10:39,rbp.mxptint.net
2014-04-15 17:10:39,match.rtbidder.net
2014-04-15 17:10:39,www.google.com
2014-04-15 17:10:40,user-disp.tidaltv.com
2014-04-15 17:13:29,www.google.fr
2014-04-15 17:13:31,www.googleapis.com
2014-04-15 17:18:58,safebrowsing.clients.google.com
2014-04-15 17:18:58,safebrowsing-cache.google.com
2014-04-15 17:18:59,safebrowsing-cache.google.com
2014-04-15 17:25:50,www.google.fr
2014-04-15 17:25:51,www.commentcamarche.net
2014-04-15 17:25:51,static.ccm2.net
2014-04-15 17:25:51,r.ccmbg.com
2014-04-15 17:25:51,www.facebook.com
2014-04-15 17:25:51,ba.commentcamarche.net
2014-04-15 17:25:51,platform.twitter.com
2014-04-15 17:25:52,evsecure-ocsp.verisign.com
2014-04-15 17:25:52,ba.commentcamarche.net
2014-04-15 17:25:52,connect.facebook.net
2014-04-15 17:25:53,www.facebook.com
2014-04-15 17:25:53,gtssl-ocsp.geotrust.com
2014-04-15 17:25:53,static.ak.facebook.com
2014-04-15 17:25:53,ba.commentcamarche.net
2014-04-15 17:25:53,static.ccm2.net
2014-04-15 17:25:53,static.ccmbg.com
2014-04-15 17:25:53,platform.twitter.com
2014-04-15 17:25:53,s-static.ak.facebook.com
2014-04-15 17:25:54,www.commentcamarche.net
2014-04-15 17:26:07,fr.openclassrooms.com
2014-04-15 17:26:07,www.google.fr
2014-04-15 17:26:08,dnn506yrbagrg.cloudfront.net
2014-04-15 17:26:08,www.google.com
2014-04-15 17:26:08,doug1izaerwt3.cloudfront.net
2014-04-15 17:26:13,cs.specificclick.net
2014-04-15 17:26:13,www.facebook.com
2014-04-15 17:26:13,admaym.com
2014-04-15 17:26:14,ce.lijit.com
2014-04-15 17:26:14,s.kau.li
2014-04-15 17:26:14,y.one.impact-ad.jp
2014-04-15 17:26:14,gtssl-ocsp.geotrust.com
2014-04-15 17:26:18,www.google.fr
2014-04-15 17:26:18,fr.openclassrooms.com
2014-04-15 17:26:19,doug1izaerwt3.cloudfront.net
2014-04-15 17:26:19,www.google.com
2014-04-15 17:26:20,www.google.com
2014-04-15 17:26:23,twitter.com
2014-04-15 17:26:24,rp.gwallet.com
2014-04-15 17:26:25,www.facebook.com
2014-04-15 17:26:26,www.facebook.com
2014-04-15 17:26:27,fr.openclassrooms.com
2014-04-15 17:26:28,www.google.com
2014-04-15 17:26:28,doug1izaerwt3.cloudfront.net
2014-04-15 17:26:31,www.google.com
2014-04-15 17:26:35,rp.gwallet.com
2014-04-15 17:26:38,i1-js-14-3-01-10077-162072138-i.init.cedexis-radar.net
2014-04-15 17:26:39,i1-js-14-3-01-10077-943163040-i.init.cedexis-radar.net
2014-04-15 17:26:39,i1-js-14-3-01-10077-156233069-i.init.cedexis-radar.net
2014-04-15 17:26:40,limelight.cedexis.com
2014-04-15 17:26:40,probe.cedexis.org
2014-04-15 17:26:41,probe.cedexis.org
2014-04-15 17:26:46,onapp.cedexis.com
2014-04-15 17:26:46,gce-us-central1-a.bench.cedexis.com
2014-04-15 17:26:47,gce-us-central1-a.bench.cedexis.com
2014-04-15 17:28:42,www.google.com
2014-04-15 17:28:47,ajax.googleapis.com
2014-04-15 17:28:59,www.google.fr
2014-04-15 17:29:27,www.googleapis.com
2014-04-15 17:35:55,ocsp.tcs.terena.org
2014-04-15 17:35:55,ocsp.usertrust.com
2014-04-17 15:49:54,clients1.google.com
2014-04-17 15:49:54,ocsp.thawte.com
2014-04-17 15:49:54,gtglobal-ocsp.geotrust.com
2014-04-17 15:52:50,sb-ssl.google.com
2014-04-17 15:52:53,safebrowsing.clients.google.com
2014-04-17 15:52:53,safebrowsing-cache.google.com
2014-04-17 15:55:26,www.google.com
2014-04-17 15:55:26,clients1.google.com
2014-04-17 15:55:42,www.google.fr
2014-04-17 15:55:43,fr.openclassrooms.com
2014-04-17 15:55:43,www.google.fr
2014-04-17 15:55:43,www.google.com
2014-04-17 15:55:44,doug1izaerwt3.cloudfront.net
2014-04-17 15:55:44,fr.openclassrooms.com
2014-04-17 15:55:44,www.google.com
2014-04-17 15:55:45,clients1.google.com
2014-04-17 15:55:46,fr.openclassrooms.com
2014-04-17 15:55:47,fr.openclassrooms.com
2014-04-17 15:55:47,dnn506yrbagrg.cloudfront.net
2014-04-17 15:55:48,www.google.com
2014-04-17 15:55:51,www.google.com
2014-04-17 15:55:53,clients1.google.com
2014-04-17 15:55:53,ocsp.verisign.com
2014-04-17 15:56:05,www.commentcamarche.net
2014-04-17 15:56:05,www.google.fr
2014-04-17 15:56:05,static.ccm2.net
2014-04-17 15:56:06,static.ccm2.net
2014-04-17 15:56:06,r.ccmbg.com
2014-04-17 15:56:06,ba.commentcamarche.net
2014-04-17 15:56:06,static.commentcamarche.net
2014-04-17 15:56:07,www.facebook.com
2014-04-17 15:56:07,static.ccm2.net
2014-04-17 15:56:07,ba.commentcamarche.net
2014-04-17 15:56:07,assets.ebz.io
2014-04-17 15:56:07,platform.twitter.com
2014-04-17 15:56:08,static.ccm2.net
2014-04-17 15:56:08,ba.commentcamarche.net
2014-04-17 15:56:08,www.facebook.com
2014-04-17 15:56:09,static.ccm2.net
2014-04-17 15:56:09,ba.commentcamarche.net
2014-04-17 15:56:09,www.facebook.com
2014-04-17 15:56:09,platform.twitter.com
2014-04-17 15:56:09,evsecure-ocsp.verisign.com
2014-04-17 15:56:10,connect.facebook.net
2014-04-17 15:56:10,evsecure-ocsp.verisign.com
2014-04-17 15:56:10,ba.commentcamarche.net
2014-04-17 15:56:11,clients1.google.com
2014-04-17 15:56:11,static.ak.facebook.com
2014-04-17 15:56:11,static.ccmbg.com
2014-04-17 15:56:11,pixel.alephd.com
2014-04-17 15:56:11,www.commentcamarche.net
2014-04-17 15:56:11,www.facebook.com
2014-04-17 15:56:11,static.ccm2.net
2014-04-17 15:56:11,s-static.ak.facebook.com
2014-04-17 15:56:11,platform.twitter.com
2014-04-17 15:56:12,static.ccmbg.com
2014-04-17 15:56:12,clients1.google.com
2014-04-17 15:56:12,www.facebook.com
2014-04-17 15:56:12,hal9000.redintelligence.net
2014-04-17 15:56:12,ba.commentcamarche.net
2014-04-17 15:56:13,gtssl-ocsp.geotrust.com
2014-04-17 15:56:13,assets.ebz.io
2014-04-17 15:56:14,static.ebz.io
2014-04-17 15:56:14,hal9000.redintelligence.net
2014-04-17 15:56:14,assets.ebz.io
2014-04-17 15:56:15,static.ebz.io
2014-04-17 15:56:15,assets.ebz.io
2014-04-17 15:56:15,www.commentcamarche.net
2014-04-17 15:56:17,rapidssl-ocsp.geotrust.com
2014-04-17 15:56:18,www.commentcamarche.net
2014-04-17 15:56:18,assets.ebz.io
2014-04-17 15:56:19,www.commentcamarche.net
2014-04-17 15:56:19,www.facebook.com
2014-04-17 15:56:22,dps.bing.com
2014-04-17 15:56:41,twitter.com
2014-04-17 15:56:42,twitter.com
2014-04-17 15:57:03,r.ccmbg.com
2014-04-17 15:57:03,www.commentcamarche.net
2014-04-17 15:57:03,static.ccm2.net
2014-04-17 15:57:04,ba.commentcamarche.net
2014-04-17 15:57:08,assets.ebz.io
2014-04-17 15:57:09,assets.ebz.io
2014-04-17 15:57:09,static.ccm2.net
2014-04-17 15:57:09,ba.commentcamarche.net
2014-04-17 15:57:09,www.facebook.com
2014-04-17 15:57:10,www.facebook.com
2014-04-17 15:57:10,static.commentcamarche.net
2014-04-17 15:57:11,www.facebook.com
2014-04-17 15:57:12,connect.facebook.net
2014-04-17 15:57:12,static.ccm2.net
2014-04-17 15:57:12,static.ak.facebook.com
2014-04-17 15:57:12,ba.commentcamarche.net
2014-04-17 15:57:12,s-static.ak.facebook.com
2014-04-17 15:57:13,pixel.alephd.com
2014-04-17 15:57:13,www.facebook.com
2014-04-17 15:57:13,www.commentcamarche.net
2014-04-17 15:57:13,static.ccm2.net
2014-04-17 15:57:13,ba.commentcamarche.net
2014-04-17 15:57:13,static.ccmbg.com
2014-04-17 15:57:15,static.ccmbg.com
2014-04-17 15:57:15,www.facebook.com
2014-04-17 15:57:42,ocsp.verisign.com
2014-04-17 15:57:43,twitter.com
2014-04-17 15:58:35,www.google.com
2014-04-17 15:58:37,www.google.fr
2014-04-17 15:58:40,www.googleapis.com
2014-04-17 15:59:06,accounts.google.com
2014-04-17 15:59:38,www.commentcamarche.net
2014-04-17 15:59:43,ocsp.digicert.com
2014-04-17 15:59:58,ajax.googleapis.com
2014-04-17 16:00:07,apis.google.com
2014-04-17 16:00:33,www.google.fr
2014-04-17 16:00:33,www.toutjavascript.com
2014-04-17 16:00:34,www.toutjavascript.com
2014-04-17 16:00:44,www.google.fr
2014-04-17 16:00:44,www.toutjavascript.com
2014-04-17 16:00:45,www.toutjavascript.com
2014-04-17 16:00:45,ecx.images-amazon.com
2014-04-17 16:00:45,rcm-fr.amazon.fr
2014-04-17 16:00:52,magali.contensin.online.fr
2014-04-17 16:00:52,www.google.fr
2014-04-17 16:00:53,magali.contensin.online.fr
2014-04-17 16:03:17,www.google.com
2014-04-17 16:03:24,www.google.fr
2014-04-17 16:03:25,java.scripts-fr.com
2014-04-17 16:03:25,jigsaw.w3.org
2014-04-17 16:03:25,www.w3.org
2014-04-17 16:03:27,java.scripts-fr.com
2014-04-17 16:03:34,www.google.fr
2014-04-17 16:03:34,r.ccmbg.com
2014-04-17 16:03:34,ccb.journaldunet.com
2014-04-17 16:03:34,static.ccmbg.com
2014-04-17 16:03:34,www.journaldunet.com
2014-04-17 16:03:35,ccb.journaldunet.com
2014-04-17 16:03:35,www.journaldunet.com
2014-04-17 16:03:35,static.ccmbg.com
2014-04-17 16:03:35,bab.journaldunet.com
2014-04-17 16:03:35,cef.journaldunet.com
2014-04-17 16:03:36,pixel.alephd.com
2014-04-17 16:03:36,ccb.journaldunet.com
2014-04-17 16:03:36,www.journaldunet.com
2014-04-17 16:03:37,static.ccmbg.com
2014-04-17 16:03:37,loadr.exelator.com
2014-04-17 16:03:37,www.journaldunet.com
2014-04-17 16:03:38,videosfr.s3.amazonaws.com
2014-04-17 16:03:39,ajax.googleapis.com
2014-04-17 16:03:39,www.journaldunet.com
2014-04-17 16:03:46,www.google.fr
2014-04-17 16:03:48,designmodo.com
2014-04-17 16:03:48,platform.twitter.com
2014-04-17 16:03:48,0.gravatar.com
2014-04-17 16:03:48,ajax.googleapis.com
2014-04-17 16:03:48,magazineduwebdesign.com
2014-04-17 16:03:49,api.twitter.com
2014-04-17 16:03:49,s-static.ak.facebook.com
2014-04-17 16:03:49,static.ak.facebook.com
2014-04-17 16:03:49,platform.twitter.com
2014-04-17 16:03:50,www.facebook.com
2014-04-17 16:03:50,magazineduwebdesign.com
2014-04-17 16:03:59,www.google.fr
2014-04-17 16:03:59,internet.carmineo.fr
2014-04-17 16:04:00,internet.carmineo.fr
2014-04-17 16:04:16,www.google.fr
2014-04-17 16:04:19,twitter.com
2014-04-17 16:04:19,ajax.googleapis.com
2014-04-17 16:04:19,www.google.com
2014-04-17 16:04:19,www.developpez.net
2014-04-17 16:04:20,www.developpez.net
2014-04-17 16:04:20,www.google.com
2014-04-17 16:04:20,sync.uuidcshmg.com
2014-04-17 16:04:22,um.simpli.fi
2014-04-17 16:04:22,gtssl2-ocsp.geotrust.com
2014-04-17 16:04:22,c1.adform.net
2014-04-17 16:04:24,cm.adgrx.com
2014-04-17 16:04:25,user-disp.tidaltv.com
2014-04-17 16:04:26,ocsp.comodoca.com
2014-04-17 16:04:42,pixel2368.everesttech.net
2014-04-17 16:04:42,www.google.fr
2014-04-17 16:04:43,www.script-tout-fait.com
2014-04-17 16:04:44,static.rpxnow.com
2014-04-17 16:05:12,www.google.fr
2014-04-17 16:05:13,www.the-art-of-web.com
2014-04-17 16:05:14,www.the-art-of-web.com
2014-04-17 16:05:14,www.gravatar.com
2014-04-17 16:05:15,www.gravatar.com
2014-04-17 16:05:15,www.the-art-of-web.com
2014-04-17 16:06:45,apis.google.com
2014-04-17 16:06:46,accounts.google.com
2014-04-17 16:08:02,www.google.fr
2014-04-17 16:12:26,www.facebook.com
2014-04-17 16:12:26,www.google.com
2014-04-17 16:12:26,www.google.fr
2014-04-17 16:12:26,translate.google.com
2014-04-17 16:12:26,www.w3schools.com
2014-04-17 16:12:27,www.google.com
2014-04-17 16:12:27,clients1.google.com
2014-04-17 16:12:27,hal9000.redintelligence.net
2014-04-17 16:12:28,ocsp.usertrust.com
2014-04-17 16:12:28,ocsp.comodoca.com
2014-04-17 16:12:28,ea.numericable.fr
2014-04-17 16:12:28,www.news-parfums.com
2014-04-17 16:12:28,ocsp.godaddy.com
2014-04-17 16:12:28,hal9000.redintelligence.net
2014-04-17 16:12:28,dsp.active-agent.com
2014-04-17 16:12:30,translate.google.com
2014-04-17 16:12:34,translate.google.com
2014-04-17 16:15:19,www.google.fr
2014-04-17 16:15:22,www.googleapis.com
2014-04-17 16:15:23,ajax.googleapis.com
2014-04-17 16:15:26,www.google.com
2014-04-17 16:15:29,translate.googleapis.com
2014-04-17 16:20:54,www.google.fr
2014-04-17 16:20:54,openweb.eu.org
2014-04-17 16:20:55,openweb.eu.org
2014-04-17 16:21:04,www.google.fr
2014-04-17 16:21:04,internet.carmineo.fr
2014-04-17 16:21:05,internet.carmineo.fr
2014-04-17 16:21:10,www.google.fr
2014-04-17 16:21:10,actuel.fr.selfhtml.org
2014-04-17 16:21:11,src.selfhtml.org
2014-04-17 16:21:11,actuel.fr.selfhtml.org
2014-04-17 16:21:23,www.google.fr
2014-04-17 16:21:26,www.developpez.net
2014-04-17 16:21:27,www.developpez.net
2014-04-17 16:21:29,cm.adgrx.com
2014-04-17 16:21:29,adventori.com
2014-04-17 16:21:30,www.developpez.net
2014-04-17 16:21:30,sync.uuidcshmg.com
2014-04-17 16:21:31,krxd.nexac.com
2014-04-17 16:21:48,www.google.fr
2014-04-17 16:21:48,openweb.eu.org
2014-04-17 16:21:49,openweb.eu.org
2014-04-17 16:21:54,www.google.fr
2014-04-17 16:21:55,www.monjavascript.net
2014-04-17 16:21:57,clients1.google.com
2014-04-17 16:21:57,www.monjavascript.net
2014-04-17 16:22:03,www.google.fr
2014-04-17 16:22:19,www.google.fr
2014-04-17 16:22:19,internet.carmineo.fr
2014-04-17 16:22:33,www.generation-nt.com
2014-04-17 16:22:33,ajax.googleapis.com
2014-04-17 16:22:33,img.youtube.com
2014-04-17 16:22:33,www.google.fr
2014-04-17 16:22:33,img.generation-nt.com
2014-04-17 16:22:34,www.generation-nt.com
2014-04-17 16:22:34,ogfzoyrk7u.s.ad6media.fr
2014-04-17 16:22:35,vfnagmg7np.s.ad6media.fr
2014-04-17 16:22:35,www.generation-nt.com
2014-04-17 16:22:35,connect.facebook.net
2014-04-17 16:22:36,s-static.ak.facebook.com
2014-04-17 16:22:36,cntr.adrcntr.com
2014-04-17 16:22:36,banniere.reussissonsensemble.fr
2014-04-17 16:22:36,static.ak.facebook.com
2014-04-17 16:22:36,vfnagmg7np.s.ad6media.fr
2014-04-17 16:22:36,style2.ad6.fr
2014-04-17 16:22:37,static.natoms.com
2014-04-17 16:22:37,vfnagmg7np.s.ad6media.fr
2014-04-17 16:22:38,www.generation-nt.com
2014-04-17 16:22:38,clic.reussissonsensemble.fr
2014-04-17 16:22:38,static.natoms.com
2014-04-17 16:22:39,www.generation-nt.com
2014-04-17 16:22:39,media.bestofmicro.com
2014-04-17 16:22:40,www.generation-nt.com
2014-04-17 16:22:40,evt.adrcntr.com
2014-04-17 16:22:41,www.facebook.com
2014-04-17 16:22:41,match.rtbidder.net
2014-04-17 16:22:41,vfnagmg7np.s.ad6media.fr
2014-04-17 16:22:41,choices.truste.com
2014-04-17 16:22:41,http.tidaltv.com
2014-04-17 16:22:42,choices.truste.com
2014-04-17 16:22:43,choices.truste.com
2014-04-17 16:22:52,www.generation-nt.com
2014-04-17 16:23:12,www.generation-nt.com
2014-04-17 16:23:14,static.ak.facebook.com
2014-04-17 16:23:15,static.natoms.com
2014-04-17 16:23:15,www.facebook.com
2014-04-17 16:23:15,s-static.ak.facebook.com
2014-04-17 16:23:16,choices.truste.com
2014-04-17 16:23:16,http.tidaltv.com
2014-04-17 16:23:17,choices.truste.com
2014-04-17 16:23:24,vfnagmg7np.s.ad6media.fr
2014-04-17 16:23:26,vfnagmg7np.s.ad6media.fr
2014-04-17 16:23:26,crea.cofinoga.fr
2014-04-17 16:23:44,www.google.com
2014-04-17 16:23:48,www.copypastecode.com
2014-04-17 16:23:59,safebrowsing-cache.google.com
2014-04-17 16:23:59,safebrowsing.clients.google.com
2014-04-17 16:24:00,safebrowsing-cache.google.com
2014-04-17 16:24:12,style2.ad6.fr
2014-04-17 16:24:13,evt.adrcntr.com
2014-04-17 16:24:19,static.ccmbg.com
2014-04-17 16:24:19,www.google.fr
2014-04-17 16:24:19,i-jdn.lejdn.fr
2014-04-17 16:24:19,r.ccmbg.com
2014-04-17 16:24:19,ajax.googleapis.com
2014-04-17 16:24:19,www.journaldunet.com
2014-04-17 16:24:20,r.ccmbg.com
2014-04-17 16:24:20,pixel.alephd.com
2014-04-17 16:24:20,static.ccmbg.com
2014-04-17 16:24:20,ba.journaldunet.com
2014-04-17 16:24:21,static.ccmbg.com
2014-04-17 16:24:21,www.journaldunet.com
2014-04-17 16:24:21,www.ccmbenchmark.com
2014-04-17 16:24:21,ba.journaldunet.com
2014-04-17 16:24:22,pixel.alephd.com
2014-04-17 16:24:22,ocsp.thawte.com
2014-04-17 16:24:22,www.beead.fr
2014-04-17 16:24:22,videosfr.s3.amazonaws.com
2014-04-17 16:24:23,static.ccmbg.com
2014-04-17 16:24:23,www.facebook.com
2014-04-17 16:24:23,ba.journaldunet.com
2014-04-17 16:24:24,s-static.ak.facebook.com
2014-04-17 16:24:24,static.ak.facebook.com
2014-04-17 16:24:25,platform.twitter.com
2014-04-17 16:24:25,www.facebook.com
2014-04-17 16:24:27,static.ebz.io
2014-04-17 16:24:27,www.linkedin.com
2014-04-17 16:24:28,platform.twitter.com
2014-04-17 16:24:28,www.journaldunet.com
2014-04-17 16:24:30,platform.twitter.com
2014-04-17 16:24:33,assets.ebz.io
2014-04-17 16:24:57,twitter.com
2014-04-17 16:25:17,www.google.fr
2014-04-17 16:25:28,fr.openclassrooms.com
2014-04-17 16:25:29,www.google.com
2014-04-17 16:25:29,fr.openclassrooms.com
2014-04-17 16:25:29,dnn506yrbagrg.cloudfront.net
2014-04-17 16:25:29,doug1izaerwt3.cloudfront.net
2014-04-17 16:25:31,rp.gwallet.com
2014-04-17 16:26:10,www.google.fr
2014-04-17 16:26:10,www.toutjavascript.com
2014-04-17 16:26:11,www.toutjavascript.com
2014-04-17 16:26:11,rcm-fr.amazon.fr
2014-04-17 16:26:12,ecx.images-amazon.com
2014-04-17 16:26:27,platform.twitter.com
2014-04-17 16:27:14,ajax.googleapis.com
2014-04-17 16:27:21,apis.google.com
2014-04-17 16:27:21,accounts.google.com
2014-04-17 16:28:25,www.googleapis.com
2014-04-17 16:28:58,www.google.fr
2014-04-17 16:38:21,ecx.images-amazon.com
2014-04-17 16:38:21,www.toutjavascript.com
2014-04-17 16:38:21,rcm-fr.amazon.fr
2014-04-17 16:44:15,www.google.fr
2014-04-17 16:44:15,fr.wikipedia.org
2014-04-17 16:44:15,bits.wikimedia.org
2014-04-17 16:44:16,meta.wikimedia.org
2014-04-17 16:44:16,bits.wikimedia.org
2014-04-17 16:44:16,login.wikimedia.org
2014-04-17 16:44:16,fr.wikipedia.org
2014-04-17 16:44:26,www.google.fr
2014-04-17 16:44:26,www.calendrier-365.fr
2014-04-17 16:44:26,platform.twitter.com
2014-04-17 16:44:27,static.ak.facebook.com
2014-04-17 16:44:27,www.calendrier-365.fr
2014-04-17 16:44:27,s-static.ak.facebook.com
2014-04-17 16:44:27,connect.facebook.net
2014-04-17 16:44:28,www.calendrier-365.fr
2014-04-17 16:44:28,www.facebook.com
2014-04-17 16:44:31,www.calendrier-365.fr
2014-04-17 16:44:59,twitter.com
2014-04-17 16:45:11,www.calendrier-365.fr
2014-04-17 16:47:08,www.google.com
2014-04-17 16:47:08,www.google.fr
2014-04-17 16:47:21,ajax.googleapis.com
2014-04-17 16:47:23,apis.google.com
2014-04-17 16:47:23,accounts.google.com
2014-04-17 16:49:39,fr.wikipedia.org
2014-04-17 16:49:39,www.google.fr
2014-04-17 16:49:39,bits.wikimedia.org
2014-04-17 16:49:40,bits.wikimedia.org
2014-04-17 16:49:40,meta.wikimedia.org
2014-04-17 16:49:40,fr.wikipedia.org
2014-04-17 16:51:06,fr.wikipedia.org
2014-04-17 16:51:06,bits.wikimedia.org
2014-04-17 16:51:07,meta.wikimedia.org
2014-04-17 16:51:08,meta.wikimedia.org
2014-04-17 16:51:08,fr.wikipedia.org
2014-04-17 16:52:07,www.xul.fr
2014-04-17 16:52:09,disqus.com
2014-04-17 16:52:09,www.facebook.com
2014-04-17 16:52:09,xulfr.disqus.com
2014-04-17 16:52:09,go.disqus.com
2014-04-17 16:52:10,disqus.com
2014-04-17 16:52:10,www.xul.fr
2014-04-17 16:52:27,www.google.com
2014-04-17 16:52:30,www.google.fr
2014-04-17 16:52:40,twitter.com
2014-04-17 16:53:34,safebrowsing.clients.google.com
2014-04-17 16:53:34,safebrowsing-cache.google.com
2014-04-17 16:53:35,safebrowsing-cache.google.com
2014-04-17 16:54:35,clients1.google.com
2014-04-17 16:54:35,gtglobal-ocsp.geotrust.com
2014-04-17 16:54:56,www.google.fr
2014-04-17 16:54:56,www.toutjavascript.com
2014-04-17 16:55:03,apis.google.com
2014-04-17 16:55:05,accounts.google.com
2014-04-17 16:55:25,www.google.fr
2014-04-17 16:55:27,m.bestofmedia.com
2014-04-17 16:55:27,ajax.googleapis.com
2014-04-17 16:55:27,media.bestofmicro.com
2014-04-17 16:55:28,m.bestofmedia.com
2014-04-17 16:55:29,www.beead.fr
2014-04-17 16:55:29,m.bestofmedia.com
2014-04-17 16:55:30,m.bestofmedia.com
2014-04-17 16:55:31,m.bestofmedia.com
2014-04-17 16:55:54,www.google.fr
2014-04-17 16:55:55,www.developpez.net
2014-04-17 16:55:55,safebrowsing.clients.google.com
2014-04-17 16:55:56,sync.uuidcshmg.com
2014-04-17 16:55:56,www.developpez.net
2014-04-17 16:56:43,www.info-3000.com
2014-04-17 16:56:43,www.google.fr
2014-04-17 16:56:44,www.info-3000.com
2014-04-17 16:57:31,www.google.com
2014-04-17 16:59:39,www.google.fr
2014-04-17 17:04:41,www.aliasdmc.fr
2014-04-17 17:04:41,www.facebook.com
2014-04-17 17:04:41,www.google.fr
2014-04-17 17:04:42,www.aliasdmc.fr
2014-04-17 17:04:42,www.assoc-amazon.fr
2014-04-17 17:04:42,ws.assoc-amazon.fr
2014-04-17 17:04:42,www.aliasdmc.com
2014-04-17 17:04:42,www.zonecss.fr
2014-04-17 17:04:42,search.aliasdmc.fr
2014-04-17 17:04:42,zoneflashmx.free.fr
2014-04-17 17:04:42,static.aliasdmc.fr
2014-04-17 17:04:42,ecx.images-amazon.com
2014-04-17 17:04:43,rapidssl-ocsp.geotrust.com
2014-04-17 17:04:43,www.aliasdmc.fr
2014-04-17 17:04:43,www.maxicheque.com
2014-04-17 17:07:34,www.google.fr
2014-04-17 17:07:39,apis.google.com
2014-04-17 17:07:41,accounts.google.com
2014-04-17 17:12:39,www.google.com
2014-04-17 17:12:50,static.ccm2.net
2014-04-17 17:12:50,www.commentcamarche.net
2014-04-17 17:12:50,www.google.fr
2014-04-17 17:12:51,ocsp.digicert.com
2014-04-17 17:12:51,www.facebook.com
2014-04-17 17:12:51,kh6qrx0f8h.s.ad6media.fr
2014-04-17 17:12:51,ba.commentcamarche.net
2014-04-17 17:12:52,static.ccm2.net
2014-04-17 17:12:52,ocsp.digicert.com
2014-04-17 17:12:53,connect.facebook.net
2014-04-17 17:12:53,s-static.ak.facebook.com
2014-04-17 17:12:53,ba.commentcamarche.net
2014-04-17 17:12:53,static.ak.facebook.com
2014-04-17 17:12:53,pixel.alephd.com
2014-04-17 17:12:53,static.ccm2.net
2014-04-17 17:12:54,ocsp.godaddy.com
2014-04-17 17:12:54,www.facebook.com
2014-04-17 17:12:54,platform.twitter.com
2014-04-17 17:12:55,www.facebook.com
2014-04-17 17:13:16,www.google.fr
2014-04-17 17:13:16,www.w3schools.com
2014-04-17 17:13:17,www.google.com
2014-04-17 17:13:17,www.w3schools.com
2014-04-17 17:13:17,www.facebook.com
2014-04-17 17:13:17,translate.google.com
2014-04-17 17:13:18,clients1.google.com
2014-04-17 17:13:18,www.google.com
2014-04-17 17:13:18,www.w3schools.com
2014-04-17 17:13:19,translate.google.com
2014-04-17 17:13:24,translate.google.com
2014-04-17 17:13:25,twitter.com
2014-04-17 17:14:05,static.ccm2.net
2014-04-17 17:16:08,www.google.com
2014-04-17 17:16:09,www.google.fr
2014-04-17 17:16:12,translate.googleapis.com
2014-04-17 17:16:12,www.googleapis.com
2014-04-17 17:23:24,safebrowsing-cache.google.com
2014-04-17 17:23:24,safebrowsing.clients.google.com
2014-04-17 17:23:56,wtpn.twenga.fr
2014-04-17 17:23:56,forum.hardware.fr
2014-04-17 17:23:56,forum-images.hardware.fr
2014-04-17 17:23:56,script.affilizr.com
2014-04-17 17:23:56,www.google.fr
2014-04-17 17:23:58,forum.hardware.fr
2014-04-17 17:23:58,wtpn.twenga.fr
2014-04-17 17:23:58,fr.primary.affinitad.com
2014-04-17 17:23:58,rbx-cdn-tpn.c4tw.net
2014-04-17 17:23:59,i10.twenga.com
2014-04-17 17:23:59,rbx-cdn-tpn.c4tw.net
2014-04-17 17:23:59,i11.twenga.com
2014-04-17 17:24:02,forum.hardware.fr
2014-04-17 17:24:03,forum-images.hardware.fr
2014-04-17 17:24:03,script.affilizr.com
2014-04-17 17:24:03,wtpn.twenga.fr
2014-04-17 17:24:03,forum.hardware.fr
2014-04-17 17:24:04,fr.primary.affinitad.com
2014-04-17 17:24:04,i11.twenga.com
2014-04-17 17:24:04,i10.twenga.com
2014-04-17 17:24:04,forum-images.hardware.fr
2014-04-17 17:24:04,wtpn.twenga.fr
2014-04-17 17:24:40,www.google.fr
2014-04-17 17:24:41,ba.commentcamarche.net
2014-04-17 17:24:41,www.facebook.com
2014-04-17 17:24:41,www.commentcamarche.net
2014-04-17 17:24:42,pixel.alephd.com
2014-04-17 17:24:42,ea.virginmobile.fr
2014-04-17 17:24:43,static.ak.facebook.com
2014-04-17 17:24:43,pixel.alephd.com
2014-04-17 17:24:43,s-static.ak.facebook.com
2014-04-17 17:24:44,www.facebook.com
2014-04-17 17:24:44,ba.commentcamarche.net
2014-04-17 17:25:00,www.google.fr
2014-04-17 17:25:01,static.ccm2.net
2014-04-17 17:25:01,r.ccmbg.com
2014-04-17 17:25:01,ba.commentcamarche.net
2014-04-17 17:25:01,www.facebook.com
2014-04-17 17:25:01,www.commentcamarche.net
2014-04-17 17:25:02,s-static.ak.facebook.com
2014-04-17 17:25:02,www.facebook.com
2014-04-17 17:25:02,platform.twitter.com
2014-04-17 17:25:02,static.ak.facebook.com
2014-04-17 17:25:03,pixel.alephd.com
2014-04-17 17:25:03,www.facebook.com
2014-04-17 17:25:04,www.facebook.com
2014-04-17 17:25:27,twitter.com
2014-04-17 17:26:36,www.google.fr
2014-04-17 17:26:37,www.developpez.net
2014-04-17 17:26:38,safebrowsing.clients.google.com
2014-04-17 17:26:38,www.developpez.net
2014-04-17 17:26:39,www.developpez.net
2014-04-17 17:26:39,sync.uuidcshmg.com
2014-04-17 17:26:53,ajax.googleapis.com
2014-04-17 17:27:30,clients1.google.com
2014-04-17 17:27:31,www.google.com
2014-04-17 17:27:40,www.google.fr
2014-04-17 17:27:41,www.developpez.net
2014-04-17 17:27:42,www.developpez.net
2014-04-17 17:27:43,www.developpez.net
2014-04-17 17:27:43,sync.uuidcshmg.com
2014-04-17 17:27:43,rcm-fr.amazon.fr
2014-04-17 17:27:44,ecx.images-amazon.com
2014-04-17 17:27:57,apis.google.com
2014-04-17 17:28:26,www.google.fr
2014-04-17 17:28:26,www.w3schools.com
2014-04-17 17:28:27,www.google.com
2014-04-17 17:28:27,www.w3schools.com
2014-04-17 17:28:27,www.facebook.com
2014-04-17 17:28:27,translate.google.com
2014-04-17 17:28:27,clients1.google.com
2014-04-17 17:28:29,translate.google.com
2014-04-17 17:28:42,ocsp.verisign.com
2014-04-17 17:28:42,dev.twitter.com
2014-04-17 17:28:43,dev.twitter.com
2014-04-17 17:28:44,clients1.google.com
2014-04-17 17:28:44,dev.twitter.com
2014-04-17 17:28:45,dev.twitter.com
2014-04-17 17:28:46,ocsp.netsolssl.com
2014-04-17 17:28:46,dev.twitter.com
2014-04-17 17:29:16,twitter.com
2014-04-17 17:29:22,www.google.fr
2014-04-17 17:29:23,stackoverflow.com
2014-04-17 17:29:23,i.stack.imgur.com
2014-04-17 17:29:23,cdn-careers.sstatic.net
2014-04-17 17:29:26,www.google.fr
2014-04-17 17:29:28,www.w3resource.com
2014-04-17 17:29:28,w.sharethis.com
2014-04-17 17:29:28,code.jquery.com
2014-04-17 17:29:28,ajax.googleapis.com
2014-04-17 17:29:29,www.w3resource.com
2014-04-17 17:29:29,w3r.disqus.com
2014-04-17 17:29:29,i.creativecommons.org
2014-04-17 17:29:29,connect.facebook.net
2014-04-17 17:29:29,delicious-button.googlecode.com
2014-04-17 17:29:30,disqus.com
2014-04-17 17:29:30,s-static.ak.facebook.com
2014-04-17 17:29:30,www.facebook.com
2014-04-17 17:29:30,delicious-button.googlecode.com
2014-04-17 17:29:30,static.ak.facebook.com
2014-04-17 17:29:30,www.w3resource.com
2014-04-17 17:29:30,go.disqus.com
2014-04-17 17:29:31,disqus.com
2014-04-17 17:29:32,disqus.com
2014-04-17 17:29:32,w.sharethis.com
2014-04-17 17:29:32,rtbp-pixel.us.metanetwork.net
2014-04-17 17:29:32,edge.sharethis.com
2014-04-17 17:29:32,rapidssl-ocsp.geotrust.com
2014-04-17 17:29:34,fr.ad4mat.net
2014-04-17 17:29:34,rtbp-pixel.us.metanetwork.net
2014-04-17 17:29:52,delicious-button.googlecode.com
2014-04-17 17:29:52,static.ak.facebook.com
2014-04-17 17:29:52,www.w3resource.com
2014-04-17 17:29:53,go.disqus.com
2014-04-17 17:29:53,www.facebook.com
2014-04-17 17:29:53,disqus.com
2014-04-17 17:29:53,s-static.ak.facebook.com
2014-04-17 17:29:54,um.simpli.fi
2014-04-17 17:29:55,disqus.com
2014-04-17 17:30:40,platform.twitter.com
2014-04-17 17:30:42,a248.e.akamai.net
2014-04-17 17:31:19,www.gravatar.com
2014-04-17 17:31:22,www.googleapis.com
2014-04-17 17:32:14,www.google.fr
2014-04-17 17:33:08,www.google.com
2014-04-17 17:42:35,www.google.com
2014-04-17 17:42:41,ocsp.tcs.terena.org
2014-04-17 17:42:41,ocsp.usertrust.com
2014-04-17 17:42:41,clients1.google.com
2014-04-17 17:42:42,clients1.google.com
2014-04-17 17:44:59,www.google.com
2014-04-24 15:51:05,gtglobal-ocsp.geotrust.com
2014-04-24 15:51:05,clients1.google.com
2014-04-24 15:51:06,ocsp.thawte.com
2014-04-24 15:51:11,sci.sciences.univ-bpclermont.fr
2014-04-24 15:51:12,sci.sciences.univ-bpclermont.fr
2014-04-24 15:51:16,ent.univ-bpclermont.fr
2014-04-24 15:51:17,ocsp.usertrust.com
2014-04-24 15:51:17,clients1.google.com
2014-04-24 15:51:17,www.univ-bpclermont.fr
2014-04-24 15:51:17,ent.univ-bpclermont.fr
2014-04-24 15:51:17,ocsp.tcs.terena.org
2014-04-24 15:51:18,www.univ-bpclermont.fr
2014-04-24 15:51:18,clients1.google.com
2014-04-24 15:51:26,www.univ-bpclermont.fr
2014-04-24 15:53:34,ent.univ-bpclermont.fr
2014-04-24 15:53:35,www.univ-bpclermont.fr
2014-04-24 15:53:35,ent.univ-bpclermont.fr
2014-04-24 15:53:36,ent.univ-bpclermont.fr
2014-04-24 15:53:40,www.univ-bpclermont.fr
2014-04-24 15:53:40,ent.univ-bpclermont.fr
2014-04-24 15:54:00,sb-ssl.google.com
2014-04-24 15:55:45,safebrowsing.clients.google.com
2014-04-24 15:55:45,safebrowsing-cache.google.com
2014-04-24 15:55:46,safebrowsing-cache.google.com
2014-04-24 15:58:29,ocsp.verisign.com
2014-04-24 15:58:40,ent.univ-bpclermont.fr
2014-04-24 15:59:06,www.squid-cache.org
2014-04-24 15:59:09,clients1.google.com
2014-04-24 15:59:21,www.google.fr
2014-04-24 15:59:21,www.groupe-insa.fr
2014-04-24 15:59:22,www.groupe-insa.fr
2014-04-24 15:59:23,www.groupe-insa.fr
2014-04-24 15:59:26,www.groupe-insa.fr
2014-04-24 15:59:27,www.groupe-insa.fr
2014-04-24 15:59:29,admission.groupe-insa.fr
2014-04-24 15:59:30,admission.groupe-insa.fr
2014-04-24 15:59:35,ocsp.thawte.com
2014-04-24 15:59:50,candidat.groupe-insa.fr
2014-04-24 16:00:02,candidat.groupe-insa.fr
2014-04-24 16:00:03,candidat.groupe-insa.fr
2014-04-24 16:00:23,ent.univ-bpclermont.fr
2014-04-24 16:00:25,candidat.groupe-insa.fr
2014-04-24 16:00:29,ocsp.digicert.com
2014-04-24 16:02:05,apis.google.com
2014-04-24 16:02:06,www.google.com
2014-04-24 16:02:15,www.google.fr
2014-04-24 16:03:40,ent.univ-bpclermont.fr
2014-04-24 16:08:40,ent.univ-bpclermont.fr
2014-04-24 16:08:53,mail.google.com
2014-04-24 16:08:53,www.google.fr
2014-04-24 16:08:54,clients1.google.com
2014-04-24 16:08:54,mail.google.com
2014-04-24 16:09:12,clients1.google.com
2014-04-24 16:09:37,clients1.google.com
2014-04-24 16:10:36,clients1.google.com
2014-04-24 16:10:45,accounts.youtube.com
2014-04-24 16:11:46,www.google.fr
2014-04-24 16:12:00,accounts.google.fr
2014-04-24 16:12:04,clients2.google.com
2014-04-24 16:12:07,chatenabled.mail.google.com
2014-04-24 16:12:25,docs.google.com
2014-04-24 16:12:40,drive.google.com
2014-04-24 16:13:10,ent.univ-bpclermont.fr
2014-04-24 16:13:20,gg.google.com
2014-04-24 16:13:33,sandbox.google.com
2014-04-24 16:13:33,accounts.google.com
2014-04-24 16:13:40,ent.univ-bpclermont.fr
2014-04-24 16:15:18,plus.google.com
2014-04-24 16:15:29,www.google.com
2014-04-24 16:15:31,clients6.google.com
2014-04-24 16:15:34,mail.google.com
2014-04-24 16:15:58,apis.google.com
2014-04-24 16:18:40,ent.univ-bpclermont.fr
2014-04-24 16:19:41,talkgadget.google.com
2014-04-24 16:19:52,www.google.fr
2014-04-24 16:19:53,mail.google.com
2014-04-24 16:20:20,drive.google.com
2014-04-24 16:21:08,www.google.fr
2014-04-24 16:21:13,www.univ-bpclermont.fr
2014-04-24 16:21:14,www.univ-bpclermont.fr
2014-04-24 16:21:20,www.univ-bpclermont.fr
2014-04-24 16:21:21,www.univ-bpclermont.fr
2014-04-24 16:21:35,www.univ-bpclermont.fr
2014-04-24 16:21:36,www.univ-bpclermont.fr
2014-04-24 16:21:37,www.univ-bpclermont.fr
2014-04-24 16:21:38,www.univ-bpclermont.fr
2014-04-24 16:22:19,0.drive.google.com
2014-04-24 16:22:35,clients6.google.com
2014-04-24 16:22:37,talkgadget.google.com
2014-04-24 16:22:47,www.google.fr
2014-04-24 16:22:50,clients2.google.com
2014-04-24 16:22:51,chatenabled.mail.google.com
2014-04-24 16:24:00,plus.google.com
2014-04-24 16:24:04,accounts.youtube.com
2014-04-24 16:24:04,www.google.com
2014-04-24 16:24:05,accounts.google.com
2014-04-24 16:24:05,accounts.google.fr
2014-04-24 16:24:08,mail.google.com
2014-04-24 16:25:35,safebrowsing.clients.google.com
2014-04-24 16:25:35,safebrowsing-cache.google.com
2014-04-24 16:25:36,safebrowsing-cache.google.com
2014-04-24 16:28:51,ent.univ-bpclermont.fr
2014-04-24 16:30:00,www.google.com
2014-04-24 16:30:01,www.google.com
2014-04-24 16:30:05,www.google.fr
2014-04-24 16:30:06,ba.linternaute.com
2014-04-24 16:30:06,i-linter.linternaute.com
2014-04-24 16:30:06,www.linternaute.com
2014-04-24 16:30:06,r.ccmbg.com
2014-04-24 16:30:06,ajax.googleapis.com
2014-04-24 16:30:06,connect.facebook.net
2014-04-24 16:30:06,i-cms.linternaute.com
2014-04-24 16:30:06,www.pagesjaunes.fr
2014-04-24 16:30:06,static.ccmbg.com
2014-04-24 16:30:07,videosfr.s3.amazonaws.com
2014-04-24 16:30:07,ocsp.thawte.com
2014-04-24 16:30:07,www.francetvinfo.fr
2014-04-24 16:30:07,static.ccmbg.com
2014-04-24 16:30:07,r.ccmbg.com
2014-04-24 16:30:08,clients1.google.com
2014-04-24 16:30:08,static.pagesjaunes.fr
2014-04-24 16:30:08,ba.linternaute.com
2014-04-24 16:30:08,static.ccmbg.com
2014-04-24 16:30:09,s-static.ak.facebook.com
2014-04-24 16:30:09,static.ccmbg.com
2014-04-24 16:30:09,platform.twitter.com
2014-04-24 16:30:09,sci.sciences.univ-bpclermont.fr
2014-04-24 16:30:09,www.facebook.com
2014-04-24 16:30:09,cdnjs.cloudflare.com
2014-04-24 16:30:09,static.ak.facebook.com
2014-04-24 16:30:09,r.ccmbg.com
2014-04-24 16:30:09,www.linternaute.com
2014-04-24 16:30:10,platform.twitter.com
2014-04-24 16:30:11,cdnjs.cloudflare.com
2014-04-24 16:30:11,evsecure-ocsp.verisign.com
2014-04-24 16:30:11,widgets.pinterest.com
2014-04-24 16:30:11,a.tile.openstreetmap.org
2014-04-24 16:30:11,b.tile.openstreetmap.org
2014-04-24 16:30:11,openlayers.org
2014-04-24 16:30:12,www.francetvinfo.fr
2014-04-24 16:30:12,c.tile.openstreetmap.org
2014-04-24 16:30:12,r.ccmbg.com
2014-04-24 16:30:12,static.ccmbg.com
2014-04-24 16:30:12,platform.twitter.com
2014-04-24 16:30:12,a.tile.openstreetmap.org
2014-04-24 16:30:12,cdnjs.cloudflare.com
2014-04-24 16:30:12,b.tile.openstreetmap.org
2014-04-24 16:30:12,evsecure-ocsp.verisign.com
2014-04-24 16:30:13,platform.twitter.com
2014-04-24 16:30:13,ocsp.digicert.com
2014-04-24 16:30:42,twitter.com
2014-04-24 16:32:09,platform.twitter.com
2014-04-24 16:32:59,www.google.fr
2014-04-24 16:33:01,ajax.googleapis.com
2014-04-24 16:33:04,www.google.com
2014-04-24 16:33:07,accounts.google.com
2014-04-24 16:33:08,apis.google.com
2014-04-24 16:37:24,ent.univ-bpclermont.fr
2014-04-24 16:38:40,ent.univ-bpclermont.fr
2014-04-24 16:43:41,ent.univ-bpclermont.fr
2014-04-24 16:48:41,ent.univ-bpclermont.fr
2014-04-24 16:53:44,ent.univ-bpclermont.fr
2014-04-24 16:53:56,safebrowsing.clients.google.com
2014-04-24 16:53:56,safebrowsing-cache.google.com
2014-04-24 16:58:41,ent.univ-bpclermont.fr
2014-04-24 17:02:26,ent.univ-bpclermont.fr
2014-04-24 17:02:26,ocsp.tcs.terena.org
2014-04-24 17:02:27,ocsp.usertrust.com
2014-04-24 17:02:27,www.univ-bpclermont.fr
2014-04-24 17:02:31,ent.univ-bpclermont.fr
2014-04-24 17:02:32,ent.univ-bpclermont.fr
2014-04-24 17:02:32,www.univ-bpclermont.fr
2014-04-24 17:02:33,ent.univ-bpclermont.fr
2014-04-24 17:02:35,ent.univ-bpclermont.fr
2014-04-24 17:02:36,www.univ-bpclermont.fr
2014-04-24 17:02:36,ent.univ-bpclermont.fr
2014-04-24 17:02:36,edt.univ-bpclermont.fr
2014-04-24 17:02:37,edt.univ-bpclermont.fr
2014-04-24 17:02:38,edt.univ-bpclermont.fr
2014-04-24 17:02:39,ent.univ-bpclermont.fr
2014-04-24 17:02:40,www.univ-bpclermont.fr
2014-04-24 17:02:40,ent.univ-bpclermont.fr
2014-04-24 17:02:40,claroline.univ-bpclermont.fr
2014-04-24 17:02:41,claroline.univ-bpclermont.fr
2014-04-24 17:02:56,claroline.univ-bpclermont.fr
2014-04-24 17:02:59,claroline.univ-bpclermont.fr
2014-04-24 17:03:00,claroline.univ-bpclermont.fr
2014-04-24 17:03:01,claroline.univ-bpclermont.fr
2014-04-24 17:03:28,claroline.univ-bpclermont.fr
2014-04-24 17:03:29,claroline.univ-bpclermont.fr
2014-04-24 17:03:30,claroline.univ-bpclermont.fr
2014-04-24 17:03:32,claroline.univ-bpclermont.fr
2014-04-24 17:03:33,claroline.univ-bpclermont.fr
2014-04-24 17:03:41,ent.univ-bpclermont.fr
2014-04-24 17:03:41,www.univ-bpclermont.fr
2014-04-24 17:08:41,ent.univ-bpclermont.fr
2014-04-24 17:13:41,ent.univ-bpclermont.fr
2014-04-24 17:18:41,ent.univ-bpclermont.fr
2014-04-24 17:19:04,ocsp.thawte.com
2014-04-24 17:19:08,ent.univ-bpclermont.fr
2014-04-24 17:19:19,candidat.groupe-insa.fr
2014-04-24 17:23:22,safebrowsing-cache.google.com
2014-04-24 17:23:22,safebrowsing.clients.google.com
2014-04-24 17:23:41,ent.univ-bpclermont.fr
2014-04-24 17:28:41,ent.univ-bpclermont.fr
2014-04-24 17:33:41,ent.univ-bpclermont.fr
2014-04-24 17:38:41,ent.univ-bpclermont.fr
2014-04-24 17:38:56,ent.univ-bpclermont.fr
2014-04-24 17:38:56,www.univ-bpclermont.fr
2014-04-24 17:38:57,edt.univ-bpclermont.fr
2014-04-24 17:38:57,claroline.univ-bpclermont.fr
2014-04-24 17:38:57,graal.univ-bpclermont.fr
2014-04-24 17:38:57,stages.univ-bpclermont.fr
2014-04-24 17:38:57,dokudsi.univ-bpclermont.fr
2014-04-24 17:38:57,reunions.univ-bpclermont.fr
2014-04-24 17:38:57,filez.univ-bpclermont.fr
2014-04-24 17:38:57,forums.univ-bpclermont.fr
2014-04-24 17:38:57,ent.univ-bpclermont.fr
2014-04-24 17:39:00,edt.univ-bpclermont.fr
2014-04-24 17:39:00,dokudsi.univ-bpclermont.fr
2014-04-24 17:39:00,graal.univ-bpclermont.fr
2014-04-24 17:39:01,claroline.univ-bpclermont.fr
2014-04-24 17:39:03,ent.univ-bpclermont.fr
2014-04-24 17:39:04,ent.univ-bpclermont.fr
2014-04-24 17:39:04,www.univ-bpclermont.fr
2014-04-24 17:39:05,www.univ-bpclermont.fr
