timestamp,site
2014-02-17 13:31:12,www.bing.com
2014-02-17 13:31:13,www.bing.com
2014-02-17 13:31:15,cms.abmr.net
2014-02-17 13:31:15,www.bing.com
2014-02-17 13:31:16,login.live.com
2014-02-17 13:31:16,www.bing.com
2014-02-17 13:31:17,www.bing.com
2014-02-17 13:31:20,www.bing.com
2014-02-17 13:31:21,www.google.fr
2014-02-17 13:31:21,www.bing.com
2014-02-17 13:31:30,www.bing.com
2014-02-17 13:31:31,login.live.com
2014-02-17 13:31:32,login.live.com
2014-02-17 13:31:33,www.google.fr
2014-02-17 13:31:34,www.google.fr
2014-02-17 13:31:35,www.google.fr
2014-02-17 13:31:46,ssl.bing.com
2014-02-17 13:31:49,www.google.fr
2014-02-17 13:31:50,www.google.fr
2014-02-17 13:31:54,www.google.com
2014-02-17 13:33:36,www.dailymotion.com
2014-02-17 13:33:39,ajax.googleapis.com
2014-02-17 13:33:40,www.dailymotion.com
2014-02-17 13:33:42,fpdownload2.macromedia.com
2014-02-17 13:36:43,office.microsoft.com
2014-02-17 13:36:43,office14client.microsoft.com
2014-02-17 13:36:44,office.microsoft.com
2014-02-17 13:36:45,office.microsoft.com
2014-02-17 13:41:54,api.bing.com
2014-02-17 13:41:55,api.bing.com
2014-02-17 13:42:00,www.bing.com
2014-02-17 13:42:01,www.bing.com
2014-02-17 13:42:02,www.google.fr
2014-02-17 13:42:02,www.bing.com
2014-02-17 13:42:08,www.google.fr
2014-02-17 13:42:11,www.google.fr
2014-02-17 13:42:15,www.google.fr
2014-02-17 13:42:15,www.bing.com
2014-02-17 13:42:15,login.live.com
2014-02-17 13:42:17,www.google.fr
2014-02-17 13:42:18,www.google.fr
2014-02-17 13:42:22,www.google.com
2014-02-17 13:42:46,www.google.fr
2014-02-17 13:42:47,www.google.fr
2014-02-17 13:42:47,www.ncbi.nlm.nih.gov
2014-02-17 13:42:47,static.pubmed.gov
2014-02-17 13:42:47,www.google.com
2014-02-17 13:42:48,static.pubmed.gov
2014-02-17 13:42:48,www.ncbi.nlm.nih.gov
2014-02-17 13:42:49,www.ncbi.nlm.nih.gov
2014-02-17 13:42:51,www.ncbi.nlm.nih.gov
2014-02-17 13:43:01,www.ncbi.nlm.nih.gov
2014-02-17 13:43:01,blast.ncbi.nlm.nih.gov
2014-02-17 13:43:02,blast.ncbi.nlm.nih.gov
2014-02-17 13:43:06,blast.ncbi.nlm.nih.gov
2014-02-17 13:43:09,blast.ncbi.nlm.nih.gov
2014-02-17 13:43:10,blast.ncbi.nlm.nih.gov
2014-02-17 13:43:10,www.ncbi.nlm.nih.gov
2014-02-17 13:43:11,blast.ncbi.nlm.nih.gov
2014-02-17 13:43:12,blast.ncbi.nlm.nih.gov
2014-02-17 13:43:42,blast.ncbi.nlm.nih.gov
2014-02-17 13:43:42,www.ncbi.nlm.nih.gov
2014-02-17 13:45:02,blast.ncbi.nlm.nih.gov
2014-02-17 13:45:03,blast.ncbi.nlm.nih.gov
2014-02-17 13:45:04,blast.ncbi.nlm.nih.gov
2014-02-17 13:45:05,blast.ncbi.nlm.nih.gov
2014-02-17 13:45:06,blast.ncbi.nlm.nih.gov
2014-02-17 13:45:50,blast.ncbi.nlm.nih.gov
2014-02-17 13:45:51,blast.ncbi.nlm.nih.gov
2014-02-17 13:45:52,blast.ncbi.nlm.nih.gov
2014-02-17 13:46:01,blast.ncbi.nlm.nih.gov
2014-02-17 13:46:02,blast.ncbi.nlm.nih.gov
2014-02-17 13:46:03,blast.ncbi.nlm.nih.gov
2014-02-17 13:46:05,blast.ncbi.nlm.nih.gov
2014-02-17 13:46:08,blast.ncbi.nlm.nih.gov
2014-02-17 13:46:11,blast.ncbi.nlm.nih.gov
2014-02-17 13:46:37,api.bing.com
2014-02-17 13:46:38,api.bing.com
2014-02-17 13:46:39,www.bing.com
2014-02-17 13:46:39,blast.ncbi.nlm.nih.gov
2014-02-17 13:46:41,www.bing.com
2014-02-17 13:46:42,www.ncbi.nlm.nih.gov
2014-02-17 13:46:43,www.ncbi.nlm.nih.gov
2014-02-17 13:46:47,blast.ncbi.nlm.nih.gov
2014-02-17 13:46:47,www.ncbi.nlm.nih.gov
2014-02-17 13:46:48,blast.ncbi.nlm.nih.gov
2014-02-17 13:46:51,blast.ncbi.nlm.nih.gov
2014-02-17 13:46:52,blast.ncbi.nlm.nih.gov
2014-02-17 13:46:53,login.live.com
2014-02-17 13:47:25,blast.ncbi.nlm.nih.gov
2014-02-17 13:47:26,blast.ncbi.nlm.nih.gov
2014-02-17 13:47:29,blast.ncbi.nlm.nih.gov
2014-02-17 13:47:30,blast.ncbi.nlm.nih.gov
2014-02-17 13:47:31,blast.ncbi.nlm.nih.gov
2014-02-17 13:47:33,blast.ncbi.nlm.nih.gov
2014-02-17 13:47:36,www.ncbi.nlm.nih.gov
2014-02-17 13:47:36,blast.ncbi.nlm.nih.gov
2014-02-17 13:47:38,blast.ncbi.nlm.nih.gov
2014-02-17 13:47:39,blast.ncbi.nlm.nih.gov
2014-02-17 13:47:40,blast.ncbi.nlm.nih.gov
2014-02-17 13:47:41,blast.ncbi.nlm.nih.gov
2014-02-17 13:47:42,blast.ncbi.nlm.nih.gov
2014-02-17 13:47:43,blast.ncbi.nlm.nih.gov
2014-02-17 13:48:19,blast.ncbi.nlm.nih.gov
2014-02-17 13:48:21,blast.ncbi.nlm.nih.gov
2014-02-17 13:48:33,blast.ncbi.nlm.nih.gov
2014-02-17 13:53:33,blast.ncbi.nlm.nih.gov
2014-02-17 13:53:34,blast.ncbi.nlm.nih.gov
2014-02-17 13:53:35,blast.ncbi.nlm.nih.gov
2014-02-17 13:53:50,blast.ncbi.nlm.nih.gov
2014-02-17 13:53:53,blast.ncbi.nlm.nih.gov
2014-02-17 13:53:55,blast.ncbi.nlm.nih.gov
2014-02-17 13:53:57,blast.ncbi.nlm.nih.gov
2014-02-17 13:53:58,blast.ncbi.nlm.nih.gov
2014-02-17 13:54:04,blast.ncbi.nlm.nih.gov
2014-02-17 13:54:06,blast.ncbi.nlm.nih.gov
2014-02-17 13:54:09,blast.ncbi.nlm.nih.gov
2014-02-17 13:54:11,blast.ncbi.nlm.nih.gov
2014-02-17 13:55:07,blast.ncbi.nlm.nih.gov
2014-02-17 13:55:08,blast.ncbi.nlm.nih.gov
2014-02-17 13:55:09,blast.ncbi.nlm.nih.gov
2014-02-17 13:55:12,blast.ncbi.nlm.nih.gov
2014-02-17 13:55:13,blast.ncbi.nlm.nih.gov
2014-02-17 13:55:14,blast.ncbi.nlm.nih.gov
2014-02-17 13:55:38,blast.ncbi.nlm.nih.gov
2014-02-17 13:55:44,blast.ncbi.nlm.nih.gov
2014-02-17 13:55:47,blast.ncbi.nlm.nih.gov
2014-02-17 13:55:48,blast.ncbi.nlm.nih.gov
2014-02-17 13:55:49,blast.ncbi.nlm.nih.gov
2014-02-17 13:55:51,blast.ncbi.nlm.nih.gov
2014-02-17 13:56:32,blast.ncbi.nlm.nih.gov
2014-02-17 13:56:33,blast.ncbi.nlm.nih.gov
2014-02-17 13:56:35,blast.ncbi.nlm.nih.gov
2014-02-17 13:56:36,blast.ncbi.nlm.nih.gov
2014-02-17 13:56:41,blast.ncbi.nlm.nih.gov
2014-02-17 13:56:46,blast.ncbi.nlm.nih.gov
2014-02-17 13:56:48,blast.ncbi.nlm.nih.gov
2014-02-17 13:56:49,blast.ncbi.nlm.nih.gov
2014-02-17 13:56:50,blast.ncbi.nlm.nih.gov
2014-02-17 13:56:51,www.ncbi.nlm.nih.gov
2014-02-17 13:56:53,blast.ncbi.nlm.nih.gov
2014-02-17 13:57:28,blast.ncbi.nlm.nih.gov
2014-02-17 13:57:55,blast.ncbi.nlm.nih.gov
2014-02-17 14:01:06,blast.ncbi.nlm.nih.gov
2014-02-17 14:04:40,blast.ncbi.nlm.nih.gov
2014-02-17 14:09:48,www.ncbi.nlm.nih.gov
2014-02-17 14:09:49,blast.ncbi.nlm.nih.gov
2014-02-17 14:09:53,blast.ncbi.nlm.nih.gov
2014-02-17 14:09:53,eutils.ncbi.nlm.nih.gov
2014-02-17 14:10:42,go.microsoft.com
2014-02-17 14:10:43,shell.windows.com
2014-02-17 14:10:45,shell.windows.com
2014-02-17 14:10:46,shell.windows.com
2014-02-17 14:10:47,shell.windows.com
2014-02-17 14:10:49,shell.windows.com
2014-02-17 14:29:30,blast.ncbi.nlm.nih.gov
2014-02-17 14:29:34,blast.ncbi.nlm.nih.gov
2014-02-17 14:29:35,blast.ncbi.nlm.nih.gov
2014-02-17 14:29:36,blast.ncbi.nlm.nih.gov
2014-02-17 14:30:23,blast.ncbi.nlm.nih.gov
2014-02-17 14:31:52,blast.ncbi.nlm.nih.gov
2014-02-17 14:31:53,blast.ncbi.nlm.nih.gov
2014-02-17 14:31:54,blast.ncbi.nlm.nih.gov
2014-02-17 14:31:56,blast.ncbi.nlm.nih.gov
2014-02-17 14:32:18,blast.ncbi.nlm.nih.gov
2014-02-17 14:32:19,blast.ncbi.nlm.nih.gov
2014-02-17 14:32:24,blast.ncbi.nlm.nih.gov
2014-02-17 14:33:05,api.bing.com
2014-02-17 14:33:06,api.bing.com
2014-02-17 14:33:07,api.bing.com
2014-02-17 14:33:08,www.bing.com
2014-02-17 14:33:08,api.bing.com
2014-02-17 14:33:09,www.bing.com
2014-02-17 14:33:19,www.bing.com
2014-02-17 14:33:23,login.live.com
2014-02-17 14:33:38,www.bing.com
2014-02-17 14:33:38,ssl.bing.com
2014-02-17 14:35:15,blast.ncbi.nlm.nih.gov
2014-02-17 14:35:29,blast.ncbi.nlm.nih.gov
2014-02-17 14:35:30,blast.ncbi.nlm.nih.gov
2014-02-17 14:35:35,blast.ncbi.nlm.nih.gov
2014-02-17 14:35:37,blast.ncbi.nlm.nih.gov
2014-02-17 14:35:39,www.ncbi.nlm.nih.gov
2014-02-17 14:35:39,blast.ncbi.nlm.nih.gov
2014-02-17 14:35:41,www.ncbi.nlm.nih.gov
2014-02-17 14:35:48,blast.ncbi.nlm.nih.gov
2014-02-17 14:35:49,www.ncbi.nlm.nih.gov
2014-02-17 14:35:50,blast.ncbi.nlm.nih.gov
2014-02-17 14:35:53,blast.ncbi.nlm.nih.gov
2014-02-17 14:35:55,ssl.bing.com
2014-02-17 14:35:56,blast.ncbi.nlm.nih.gov
2014-02-17 14:35:57,blast.ncbi.nlm.nih.gov
2014-02-17 14:36:00,blast.ncbi.nlm.nih.gov
2014-02-17 14:36:01,blast.ncbi.nlm.nih.gov
2014-02-17 14:36:02,blast.ncbi.nlm.nih.gov
2014-02-17 14:36:04,blast.ncbi.nlm.nih.gov
2014-02-17 14:36:05,blast.ncbi.nlm.nih.gov
2014-02-17 14:36:08,blast.ncbi.nlm.nih.gov
2014-02-17 14:40:49,blast.ncbi.nlm.nih.gov
2014-02-17 14:41:57,blast.ncbi.nlm.nih.gov
2014-02-17 14:48:25,blast.ncbi.nlm.nih.gov
2014-02-17 14:48:29,eutils.ncbi.nlm.nih.gov
2014-02-17 14:48:29,blast.ncbi.nlm.nih.gov
2014-02-17 15:12:41,blast.ncbi.nlm.nih.gov
2014-02-17 15:12:42,blast.ncbi.nlm.nih.gov
2014-02-17 15:12:44,blast.ncbi.nlm.nih.gov
2014-02-17 15:12:45,blast.ncbi.nlm.nih.gov
2014-02-17 15:19:34,blast.ncbi.nlm.nih.gov
2014-02-17 15:22:59,blast.ncbi.nlm.nih.gov
2014-02-17 15:23:04,blast.ncbi.nlm.nih.gov
2014-02-17 15:23:05,www.ncbi.nlm.nih.gov
2014-02-17 15:31:54,blast.ncbi.nlm.nih.gov
2014-02-24 09:58:21,api.bing.com
2014-02-24 09:58:22,api.bing.com
2014-02-24 09:58:23,api.bing.com
2014-02-24 09:58:24,api.bing.com
2014-02-24 09:58:25,api.bing.com
2014-02-24 09:58:26,api.bing.com
2014-02-24 09:58:27,www.bing.com
2014-02-24 09:58:28,www.bing.com
2014-02-24 09:59:14,player.vimeo.com
2014-02-24 09:59:34,api.bing.com
2014-02-24 09:59:35,api.bing.com
2014-02-24 09:59:36,api.bing.com
2014-02-24 09:59:37,api.bing.com
2014-02-24 09:59:38,api.bing.com
2014-02-24 09:59:38,www.bing.com
2014-02-24 09:59:39,www.bing.com
2014-02-24 09:59:40,cms.abmr.net
2014-02-24 09:59:40,www.bing.com
2014-02-24 09:59:42,ts2.mm.bing.net
2014-02-24 09:59:43,ts3.mm.bing.net
2014-02-24 09:59:43,news.google.fr
2014-02-24 09:59:43,www.bing.com
2014-02-24 09:59:44,news.google.fr
2014-02-24 09:59:46,clients1.google.fr
2014-02-24 09:59:48,news.google.fr
2014-02-24 09:59:54,login.live.com
2014-02-24 09:59:54,www.youtube.com
2014-02-24 09:59:54,s.ytimg.com
2014-02-24 09:59:54,www.google.com
2014-02-24 09:59:55,s.ytimg.com
2014-02-24 09:59:56,i1.ytimg.com
2014-02-24 09:59:56,news.google.fr
2014-02-24 09:59:57,apis.google.com
2014-02-24 09:59:59,apis.google.com
2014-02-24 09:59:59,www.youtube.com
2014-02-24 10:02:53,apis.google.com
2014-02-24 10:02:53,www.youtube.com
2014-02-24 10:12:37,api.bing.com
2014-02-24 10:12:38,api.bing.com
2014-02-24 10:12:39,api.bing.com
2014-02-24 10:12:43,api.bing.com
2014-02-24 10:12:45,www.bing.com
2014-02-24 10:12:48,www.bing.com
2014-02-24 10:12:48,blast.ncbi.nlm.nih.gov
2014-02-24 10:12:49,blast.ncbi.nlm.nih.gov
2014-02-24 10:12:50,blast.ncbi.nlm.nih.gov
2014-02-24 10:12:51,blast.ncbi.nlm.nih.gov
2014-02-24 10:12:55,blast.ncbi.nlm.nih.gov
2014-02-24 10:12:56,blast.ncbi.nlm.nih.gov
2014-02-24 10:12:57,blast.ncbi.nlm.nih.gov
2014-02-24 10:12:58,blast.ncbi.nlm.nih.gov
2014-02-24 10:13:00,login.live.com
2014-02-24 10:13:25,blast.ncbi.nlm.nih.gov
2014-02-24 10:13:26,blast.ncbi.nlm.nih.gov
2014-02-24 10:13:30,blast.ncbi.nlm.nih.gov
2014-02-24 10:13:34,blast.ncbi.nlm.nih.gov
2014-02-24 10:13:36,blast.ncbi.nlm.nih.gov
2014-02-24 10:13:40,blast.ncbi.nlm.nih.gov
2014-02-24 10:13:41,blast.ncbi.nlm.nih.gov
2014-02-24 10:13:42,blast.ncbi.nlm.nih.gov
2014-02-24 10:14:01,blast.ncbi.nlm.nih.gov
2014-02-24 10:14:03,blast.ncbi.nlm.nih.gov
2014-02-24 10:14:04,blast.ncbi.nlm.nih.gov
2014-02-24 10:14:07,blast.ncbi.nlm.nih.gov
2014-02-24 10:14:11,blast.ncbi.nlm.nih.gov
2014-02-24 10:14:13,blast.ncbi.nlm.nih.gov
2014-02-24 10:14:14,blast.ncbi.nlm.nih.gov
2014-02-24 10:14:17,blast.ncbi.nlm.nih.gov
2014-02-24 10:14:18,blast.ncbi.nlm.nih.gov
2014-02-24 10:14:37,blast.ncbi.nlm.nih.gov
2014-02-24 10:14:42,blast.ncbi.nlm.nih.gov
2014-02-24 10:14:44,blast.ncbi.nlm.nih.gov
2014-02-24 10:14:46,www.ncbi.nlm.nih.gov
2014-02-24 10:14:46,blast.ncbi.nlm.nih.gov
2014-02-24 10:14:48,www.ncbi.nlm.nih.gov
2014-02-24 10:14:49,blast.ncbi.nlm.nih.gov
2014-02-24 10:14:51,www.ncbi.nlm.nih.gov
2014-02-24 10:14:52,blast.ncbi.nlm.nih.gov
2014-02-24 10:14:54,www.ncbi.nlm.nih.gov
2014-02-24 10:14:57,blast.ncbi.nlm.nih.gov
2014-02-24 10:14:59,www.ncbi.nlm.nih.gov
2014-02-24 10:15:04,blast.ncbi.nlm.nih.gov
2014-02-24 10:15:17,blast.ncbi.nlm.nih.gov
2014-02-24 10:15:18,blast.ncbi.nlm.nih.gov
2014-02-24 10:15:19,blast.ncbi.nlm.nih.gov
2014-02-24 10:15:21,blast.ncbi.nlm.nih.gov
2014-02-24 10:15:22,blast.ncbi.nlm.nih.gov
2014-02-24 10:15:29,blast.ncbi.nlm.nih.gov
2014-02-24 10:15:32,blast.ncbi.nlm.nih.gov
2014-02-24 10:15:34,blast.ncbi.nlm.nih.gov
2014-02-24 10:15:35,blast.ncbi.nlm.nih.gov
2014-02-24 10:23:48,blast.ncbi.nlm.nih.gov
2014-02-24 10:23:49,blast.ncbi.nlm.nih.gov
2014-02-24 10:23:51,blast.ncbi.nlm.nih.gov
2014-02-24 10:23:52,blast.ncbi.nlm.nih.gov
2014-02-24 10:23:53,blast.ncbi.nlm.nih.gov
2014-02-24 10:23:54,blast.ncbi.nlm.nih.gov
2014-02-24 10:24:07,blast.ncbi.nlm.nih.gov
2014-02-24 10:24:52,blast.ncbi.nlm.nih.gov
2014-02-24 10:24:54,www.ncbi.nlm.nih.gov
2014-02-24 10:24:54,blast.ncbi.nlm.nih.gov
2014-02-24 10:24:56,www.ncbi.nlm.nih.gov
2014-02-24 10:24:57,www.ncbi.nlm.nih.gov
2014-02-24 10:27:14,blast.ncbi.nlm.nih.gov
2014-03-03 10:02:40,login.live.com
2014-03-03 10:05:54,login.live.com
2014-03-03 10:13:22,login.live.com
2014-03-03 10:13:30,login.yahoo.com
2014-03-03 10:13:31,login.yahoo.com
2014-03-03 10:13:49,login.yahoo.com
2014-03-03 10:13:50,login.yahoo.com
2014-03-03 10:14:04,login.yahoo.com
2014-03-03 10:14:10,login.yahoo.com
2014-03-03 10:14:22,www.facebook.com
2014-03-03 10:14:31,ftn.fortuneo.fr
2014-03-03 10:14:33,fr-mg42.mail.yahoo.com
2014-03-03 10:14:35,ftn.fortuneo.fr
2014-03-03 10:14:48,fr-mg42.mail.yahoo.com
2014-03-03 10:14:50,fr-mg42.mail.yahoo.com
2014-03-03 10:15:01,fr-mg42.mail.yahoo.com
2014-03-03 10:15:06,fr-mg42.mail.yahoo.com
2014-03-03 10:15:16,ucs.query.yahoo.com
2014-03-03 10:15:16,fr-mg42.mail.yahoo.com
2014-03-03 10:15:59,ucs.query.yahoo.com
2014-03-03 10:16:18,fr-mg42.mail.yahoo.com
2014-03-03 10:17:12,login.live.com
2014-03-03 10:34:42,login.live.com
2014-03-03 11:28:54,login.live.com
2014-03-17 09:54:49,api.bing.com
2014-03-17 09:54:50,www.bing.com
2014-03-17 09:54:51,www.bing.com
2014-03-17 09:54:52,www.bing.com
2014-03-17 09:54:52,www.google.fr
2014-03-17 09:54:52,cms.abmr.net
2014-03-17 09:54:58,www.google.fr
2014-03-17 09:55:01,www.bing.com
2014-03-17 09:55:01,www.google.fr
2014-03-17 09:55:04,login.live.com
2014-03-17 09:55:07,www.google.fr
2014-03-17 09:55:08,www.google.fr
2014-03-17 09:55:09,www.google.fr
2014-03-17 09:55:09,clients1.google.fr
2014-03-17 09:55:28,www.google.fr
2014-03-17 09:55:31,clients1.google.fr
2014-03-17 09:55:35,news.google.fr
2014-03-17 09:55:36,news.google.fr
2014-03-17 09:55:37,www.google.com
2014-03-17 09:55:37,news.google.fr
2014-03-17 09:55:39,www.google.com
2014-03-17 09:55:39,apis.google.com
2014-03-17 09:55:40,apis.google.com
2014-03-17 09:55:41,news.google.fr
2014-03-17 09:55:42,www.google.com
2014-03-17 09:55:47,www.youtube.com
2014-03-17 09:55:47,apis.google.com
2014-03-17 09:55:47,news.google.fr
2014-03-17 09:55:47,clients1.google.fr
2014-03-17 09:55:48,www.google.com
2014-03-17 09:55:48,s.ytimg.com
2014-03-17 09:57:27,clients1.google.fr
2014-03-17 09:57:38,www.google.fr
2014-03-17 09:57:44,s.ytimg.com
2014-03-17 09:57:44,www.youtube.com
2014-03-17 09:57:44,clients1.google.fr
2014-03-17 09:57:44,www.google.fr
2014-03-17 09:57:44,apis.google.com
2014-03-17 10:03:50,api.bing.com
2014-03-17 10:03:51,api.bing.com
2014-03-17 10:03:52,api.bing.com
2014-03-17 10:03:54,www.bing.com
2014-03-17 10:03:55,www.bing.com
2014-03-17 10:03:57,www.bing.com
2014-03-17 10:04:00,www.bing.com
2014-03-17 10:04:02,annotathon.org
2014-03-17 10:04:03,annotathon.org
2014-03-17 10:04:09,login.live.com
2014-03-17 10:04:20,annotathon.org
2014-03-17 10:04:21,annotathon.org
2014-03-17 10:04:51,annotathon.org
2014-03-17 10:05:09,annotathon.org
2014-03-17 10:05:10,annotathon.org
2014-03-17 10:05:12,annotathon.org
2014-03-17 10:05:34,annotathon.org
2014-03-17 10:05:39,annotathon.org
2014-03-17 10:05:40,annotathon.org
2014-03-17 10:06:01,annotathon.univ-mrs.fr
2014-03-17 10:06:01,annotathon.org
2014-03-17 10:06:31,annotathon.org
2014-03-17 10:07:01,annotathon.org
2014-03-17 10:07:31,annotathon.org
2014-03-17 10:08:01,annotathon.org
2014-03-17 10:08:31,annotathon.org
2014-03-17 10:09:02,annotathon.org
2014-03-17 10:09:22,api.bing.com
2014-03-17 10:09:24,api.bing.com
2014-03-17 10:09:25,api.bing.com
2014-03-17 10:09:26,api.bing.com
2014-03-17 10:09:27,www.bing.com
2014-03-17 10:09:31,www.bing.com
2014-03-17 10:09:32,annotathon.org
2014-03-17 10:09:42,login.live.com
2014-03-17 10:10:02,annotathon.org
2014-03-17 10:10:32,annotathon.org
2014-03-17 10:10:32,api.bing.com
2014-03-17 10:10:33,api.bing.com
2014-03-17 10:10:34,api.bing.com
2014-03-17 10:10:35,www.bing.com
2014-03-17 10:10:45,www.bing.com
2014-03-17 10:10:46,login.live.com
2014-03-17 10:10:46,www.ncbi.nlm.nih.gov
2014-03-17 10:10:46,www.bing.com
2014-03-17 10:10:47,www.ncbi.nlm.nih.gov
2014-03-17 10:11:02,annotathon.org
2014-03-17 10:11:07,www.ncbi.nlm.nih.gov
2014-03-17 10:11:08,www.ncbi.nlm.nih.gov
2014-03-17 10:11:32,annotathon.org
2014-03-17 10:12:02,annotathon.org
2014-03-17 10:12:32,annotathon.org
2014-03-17 10:13:02,annotathon.org
2014-03-17 10:13:32,annotathon.org
2014-03-17 10:14:02,annotathon.org
2014-03-17 10:14:32,annotathon.org
2014-03-17 10:15:02,annotathon.org
2014-03-17 10:15:24,api.bing.com
2014-03-17 10:15:25,api.bing.com
2014-03-17 10:15:26,api.bing.com
2014-03-17 10:15:27,api.bing.com
2014-03-17 10:15:28,api.bing.com
2014-03-17 10:15:29,api.bing.com
2014-03-17 10:15:30,api.bing.com
2014-03-17 10:15:31,api.bing.com
2014-03-17 10:15:32,annotathon.org
2014-03-17 10:15:33,api.bing.com
2014-03-17 10:15:34,api.bing.com
2014-03-17 10:15:36,api.bing.com
2014-03-17 10:15:37,api.bing.com
2014-03-17 10:15:38,www.bing.com
2014-03-17 10:15:39,www.bing.com
2014-03-17 10:15:49,www.bing.com
2014-03-17 10:15:53,login.live.com
2014-03-17 10:16:02,annotathon.org
2014-03-17 10:16:05,www.bing.com
2014-03-17 10:16:32,annotathon.org
2014-03-17 10:17:02,annotathon.org
2014-03-17 10:17:07,ssl.bing.com
2014-03-17 10:17:32,annotathon.org
2014-03-17 10:18:02,annotathon.org
2014-03-17 10:18:32,annotathon.org
2014-03-17 10:19:02,annotathon.org
2014-03-17 10:19:32,annotathon.org
2014-03-17 10:19:44,www.ncbi.nlm.nih.gov
2014-03-17 10:19:45,www.ncbi.nlm.nih.gov
2014-03-17 10:19:51,www.ncbi.nlm.nih.gov
2014-03-17 10:20:02,annotathon.org
2014-03-17 10:20:12,www.ncbi.nlm.nih.gov
2014-03-17 10:20:13,www.ncbi.nlm.nih.gov
2014-03-17 10:20:18,www.ncbi.nlm.nih.gov
2014-03-17 10:20:21,www.ncbi.nlm.nih.gov
2014-03-17 10:20:32,annotathon.org
2014-03-17 10:21:02,annotathon.org
2014-03-17 10:21:32,annotathon.org
2014-03-17 10:22:02,annotathon.org
2014-03-17 10:22:32,annotathon.org
2014-03-17 10:22:44,www.ncbi.nlm.nih.gov
2014-03-17 10:22:45,www.ncbi.nlm.nih.gov
2014-03-17 10:23:02,annotathon.org
2014-03-17 10:23:32,annotathon.org
2014-03-17 10:24:02,annotathon.org
2014-03-17 10:24:32,annotathon.org
2014-03-17 10:24:57,api.bing.com
2014-03-17 10:24:58,api.bing.com
2014-03-17 10:24:59,api.bing.com
2014-03-17 10:25:00,api.bing.com
2014-03-17 10:25:01,www.bing.com
2014-03-17 10:25:01,api.bing.com
2014-03-17 10:25:02,annotathon.org
2014-03-17 10:25:03,www.bing.com
2014-03-17 10:25:03,login.live.com
2014-03-17 10:25:32,annotathon.org
2014-03-17 10:25:37,annotathon.org
2014-03-17 10:25:38,annotathon.org
2014-03-17 10:26:08,annotathon.org
2014-03-17 10:26:38,annotathon.org
2014-03-17 10:27:08,annotathon.org
2014-03-17 10:27:38,annotathon.org
2014-03-17 10:28:08,annotathon.org
2014-03-17 10:28:38,annotathon.org
2014-03-17 10:29:08,annotathon.org
2014-03-17 10:29:38,annotathon.org
2014-03-17 10:30:08,annotathon.org
2014-03-17 10:30:35,www.ncbi.nlm.nih.gov
2014-03-17 10:30:36,www.ncbi.nlm.nih.gov
2014-03-17 10:30:37,www.ncbi.nlm.nih.gov
2014-03-17 10:30:38,annotathon.org
2014-03-17 10:30:41,www.ncbi.nlm.nih.gov
2014-03-17 10:31:08,annotathon.org
2014-03-17 10:31:38,annotathon.org
2014-03-17 10:32:08,annotathon.org
2014-03-17 10:32:39,annotathon.org
2014-03-17 10:33:08,annotathon.org
2014-03-17 10:33:19,www.ncbi.nlm.nih.gov
2014-03-17 10:33:20,www.ncbi.nlm.nih.gov
2014-03-17 10:33:27,www.ncbi.nlm.nih.gov
2014-03-17 10:33:34,www.ncbi.nlm.nih.gov
2014-03-17 10:33:38,annotathon.org
2014-03-17 10:33:46,annotathon.org
2014-03-17 10:33:47,annotathon.org
2014-03-17 10:33:49,annotathon.org
2014-03-17 10:33:50,annotathon.org
2014-03-17 10:33:56,annotathon.org
2014-03-17 10:33:58,annotathon.org
2014-03-17 10:33:59,annotathon.org
2014-03-17 10:34:00,annotathon.org
2014-03-17 10:34:00,annotathon.univ-mrs.fr
2014-03-17 10:34:22,www.ncbi.nlm.nih.gov
2014-03-17 10:34:23,www.ncbi.nlm.nih.gov
2014-03-17 10:34:29,www.ncbi.nlm.nih.gov
2014-03-17 10:34:30,www.ncbi.nlm.nih.gov
2014-03-17 10:34:30,annotathon.org
2014-03-17 10:34:31,www.ncbi.nlm.nih.gov
2014-03-17 10:34:38,www.ncbi.nlm.nih.gov
2014-03-17 10:35:00,annotathon.org
2014-03-17 10:35:07,annotathon.org
2014-03-17 10:35:08,annotathon.univ-mrs.fr
2014-03-17 10:35:08,annotathon.org
2014-03-17 10:35:29,annotathon.org
2014-03-17 10:35:29,annotathon.univ-mrs.fr
2014-03-17 10:35:32,annotathon.org
2014-03-17 10:35:32,annotathon.univ-mrs.fr
2014-03-17 10:35:38,www.ncbi.nlm.nih.gov
2014-03-17 10:36:02,annotathon.org
2014-03-17 10:36:32,annotathon.org
2014-03-17 10:37:02,annotathon.org
2014-03-17 10:37:32,annotathon.org
2014-03-17 10:38:02,annotathon.org
2014-03-17 10:38:32,annotathon.org
2014-03-17 10:38:44,annotathon.org
2014-03-17 10:38:44,annotathon.univ-mrs.fr
2014-03-17 10:39:14,annotathon.org
2014-03-17 10:39:44,annotathon.org
2014-03-17 10:40:07,www.ncbi.nlm.nih.gov
2014-03-17 10:40:11,www.ncbi.nlm.nih.gov
2014-03-17 10:40:14,annotathon.org
2014-03-17 10:40:44,annotathon.org
2014-03-17 10:41:14,annotathon.org
2014-03-17 10:41:44,annotathon.org
2014-03-17 10:41:53,www.ncbi.nlm.nih.gov
2014-03-17 10:41:57,www.ncbi.nlm.nih.gov
2014-03-17 10:42:14,annotathon.org
2014-03-17 10:42:44,annotathon.org
2014-03-17 10:43:14,annotathon.org
2014-03-17 10:43:44,annotathon.org
2014-03-17 10:44:14,annotathon.org
2014-03-17 10:44:44,annotathon.org
2014-03-17 10:45:14,annotathon.org
2014-03-17 10:45:44,annotathon.org
2014-03-17 10:45:52,platform.twitter.com
2014-03-17 10:46:14,annotathon.org
2014-03-17 10:46:44,annotathon.org
2014-03-17 10:47:00,api.bing.com
2014-03-17 10:47:01,api.bing.com
2014-03-17 10:47:02,www.bing.com
2014-03-17 10:47:02,api.bing.com
2014-03-17 10:47:03,www.bing.com
2014-03-17 10:47:04,cdn2.reverso.net
2014-03-17 10:47:04,www.reverso.net
2014-03-17 10:47:04,ajax.googleapis.com
2014-03-17 10:47:04,api.conduit.com
2014-03-17 10:47:05,cdn2.reverso.net
2014-03-17 10:47:06,cdn2.reverso.net
2014-03-17 10:47:07,s-static.ak.facebook.com
2014-03-17 10:47:07,connect.facebook.net
2014-03-17 10:47:07,ajax.googleapis.com
2014-03-17 10:47:07,static.ak.facebook.com
2014-03-17 10:47:07,cdn2.reverso.net
2014-03-17 10:47:08,cdn2.reverso.net
2014-03-17 10:47:11,fpdownload2.macromedia.com
2014-03-17 10:47:12,www.reverso.net
2014-03-17 10:47:12,cdn2.reverso.net
2014-03-17 10:47:13,cdn2.reverso.net
2014-03-17 10:47:14,i1-js-14-3-01-12160-156319452-i.init.cedexis-radar.net
2014-03-17 10:47:14,annotathon.org
2014-03-17 10:47:15,cdx1.ecritel.bench.cedexis.com
2014-03-17 10:47:16,us-west1.joyent.bench.cedexis.com
2014-03-17 10:47:17,limelight.cedexis.com
2014-03-17 10:47:18,cdn2.reverso.net
2014-03-17 10:47:18,limelight.cedexis.com
2014-03-17 10:47:19,www.reverso.net
2014-03-17 10:47:19,cdn2.reverso.net
2014-03-17 10:47:20,www.reverso.net
2014-03-17 10:47:44,annotathon.org
2014-03-17 10:48:14,annotathon.org
2014-03-17 10:48:44,annotathon.org
2014-03-17 10:49:14,annotathon.org
2014-03-17 10:49:44,annotathon.org
2014-03-17 10:50:14,annotathon.org
2014-03-17 10:50:44,annotathon.org
2014-03-17 10:51:13,annotathon.org
2014-03-17 10:51:19,annotathon.org
2014-03-17 10:51:22,annotathon.univ-mrs.fr
2014-03-17 10:51:22,annotathon.org
2014-03-17 10:51:23,annotathon.org
2014-03-17 10:51:53,annotathon.org
2014-03-17 10:52:23,annotathon.org
2014-03-17 10:52:53,annotathon.org
2014-03-17 10:53:23,annotathon.org
2014-03-17 10:53:53,annotathon.org
2014-03-17 10:54:23,annotathon.org
2014-03-17 10:54:53,annotathon.org
2014-03-17 10:55:23,annotathon.org
2014-03-17 10:55:53,annotathon.org
2014-03-17 10:56:23,annotathon.org
2014-03-17 10:56:53,annotathon.org
2014-03-17 10:57:23,annotathon.org
2014-03-17 10:57:53,annotathon.org
2014-03-17 10:58:23,annotathon.org
2014-03-17 10:58:53,annotathon.org
2014-03-17 10:59:23,annotathon.org
2014-03-17 10:59:31,www.ncbi.nlm.nih.gov
2014-03-17 10:59:32,www.ncbi.nlm.nih.gov
2014-03-17 10:59:37,www.ncbi.nlm.nih.gov
2014-03-17 10:59:38,blast.ncbi.nlm.nih.gov
2014-03-17 10:59:38,www.ncbi.nlm.nih.gov
2014-03-17 10:59:39,blast.ncbi.nlm.nih.gov
2014-03-17 10:59:43,blast.ncbi.nlm.nih.gov
2014-03-17 10:59:43,www.ncbi.nlm.nih.gov
2014-03-17 10:59:44,blast.ncbi.nlm.nih.gov
2014-03-17 10:59:45,blast.ncbi.nlm.nih.gov
2014-03-17 10:59:46,blast.ncbi.nlm.nih.gov
2014-03-17 10:59:53,annotathon.org
2014-03-17 11:00:09,blast.ncbi.nlm.nih.gov
2014-03-17 11:00:23,annotathon.org
2014-03-17 11:00:27,blast.ncbi.nlm.nih.gov
2014-03-17 11:00:28,blast.ncbi.nlm.nih.gov
2014-03-17 11:00:37,blast.ncbi.nlm.nih.gov
2014-03-17 11:00:38,blast.ncbi.nlm.nih.gov
2014-03-17 11:00:39,blast.ncbi.nlm.nih.gov
2014-03-17 11:00:40,blast.ncbi.nlm.nih.gov
2014-03-17 11:00:41,blast.ncbi.nlm.nih.gov
2014-03-17 11:00:43,blast.ncbi.nlm.nih.gov
2014-03-17 11:00:53,annotathon.org
2014-03-17 11:00:56,blast.ncbi.nlm.nih.gov
2014-03-17 11:01:08,blast.ncbi.nlm.nih.gov
2014-03-17 11:01:23,annotathon.org
2014-03-17 11:01:53,annotathon.org
2014-03-17 11:02:23,annotathon.org
2014-03-17 11:02:53,annotathon.org
2014-03-17 11:03:23,annotathon.org
2014-03-17 11:03:53,annotathon.org
2014-03-17 11:04:23,annotathon.org
2014-03-17 11:04:53,annotathon.org
2014-03-17 11:05:23,annotathon.org
2014-03-17 11:05:53,annotathon.org
2014-03-17 11:06:23,annotathon.org
2014-03-17 11:06:53,annotathon.org
2014-03-17 11:07:23,annotathon.org
2014-03-17 11:07:53,annotathon.org
2014-03-17 11:08:23,annotathon.org
2014-03-17 11:08:53,annotathon.org
2014-03-17 11:09:23,annotathon.org
2014-03-17 11:09:53,annotathon.org
2014-03-17 11:10:23,annotathon.org
2014-03-17 11:10:53,annotathon.org
2014-03-17 11:11:23,annotathon.org
2014-03-17 11:11:53,annotathon.org
2014-03-17 11:12:53,annotathon.org
2014-03-17 11:13:23,annotathon.org
2014-03-17 11:13:41,blast.ncbi.nlm.nih.gov
2014-03-17 11:13:42,blast.ncbi.nlm.nih.gov
2014-03-17 11:13:43,blast.ncbi.nlm.nih.gov
2014-03-17 11:13:46,blast.ncbi.nlm.nih.gov
2014-03-17 11:13:50,blast.ncbi.nlm.nih.gov
2014-03-17 11:13:52,blast.ncbi.nlm.nih.gov
2014-03-17 11:13:53,annotathon.org
2014-03-17 11:13:53,blast.ncbi.nlm.nih.gov
2014-03-17 11:13:54,www.ncbi.nlm.nih.gov
2014-03-17 11:13:54,blast.ncbi.nlm.nih.gov
2014-03-17 11:13:56,blast.ncbi.nlm.nih.gov
2014-03-17 11:14:03,blast.ncbi.nlm.nih.gov
2014-03-17 11:14:23,annotathon.org
2014-03-17 11:14:53,annotathon.org
2014-03-17 11:15:23,annotathon.org
2014-03-17 11:15:53,annotathon.org
2014-03-17 11:16:12,annotathon.org
2014-03-17 11:16:12,annotathon.univ-mrs.fr
2014-03-17 11:16:42,annotathon.org
2014-03-17 11:17:12,annotathon.org
2014-03-17 11:17:42,annotathon.org
2014-03-17 11:18:12,annotathon.org
2014-03-17 11:18:42,annotathon.org
2014-03-17 11:19:12,annotathon.org
2014-03-17 11:19:42,annotathon.org
2014-03-17 11:20:13,annotathon.org
2014-03-17 11:20:42,annotathon.org
2014-03-17 11:21:12,annotathon.org
2014-03-17 11:21:42,annotathon.org
2014-03-17 11:22:12,annotathon.org
2014-03-17 11:22:42,annotathon.org
2014-03-17 11:23:12,annotathon.org
2014-03-17 11:23:55,blast.ncbi.nlm.nih.gov
2014-03-17 11:28:33,blast.ncbi.nlm.nih.gov
2014-03-17 11:28:44,blast.ncbi.nlm.nih.gov
2014-03-17 11:28:55,blast.ncbi.nlm.nih.gov
2014-03-17 11:33:33,www.ncbi.nlm.nih.gov
2014-03-17 11:33:33,static.pubmed.gov
2014-03-17 11:33:34,static.pubmed.gov
2014-03-17 11:33:34,www.ncbi.nlm.nih.gov
2014-03-17 11:33:35,static.pubmed.gov
2014-03-17 11:33:36,www.ncbi.nlm.nih.gov
2014-03-17 11:33:37,static.pubmed.gov
2014-03-17 11:34:45,amigo.geneontology.org
2014-03-17 11:34:46,amigo.geneontology.org
2014-03-17 11:34:47,a2-static1.stanford.edu
2014-03-17 11:34:48,a2-static1.stanford.edu
2014-03-17 11:34:49,a2-static1.stanford.edu
2014-03-17 11:34:50,a2-static1.stanford.edu
2014-03-17 11:35:05,api.bing.com
2014-03-17 11:35:06,www.bing.com
2014-03-17 11:35:10,www.bing.com
2014-03-17 11:35:12,ajax.googleapis.com
2014-03-17 11:35:20,login.live.com
2014-03-17 11:38:33,www.ncbi.nlm.nih.gov
2014-03-17 11:38:35,www.ncbi.nlm.nih.gov
2014-03-17 11:38:38,www.ncbi.nlm.nih.gov
2014-03-17 11:38:43,www.ncbi.nlm.nih.gov
2014-03-17 11:38:44,www.ncbi.nlm.nih.gov
2014-03-17 11:38:45,www.ncbi.nlm.nih.gov
2014-03-17 11:38:47,www.ncbi.nlm.nih.gov
2014-03-17 11:48:45,www.ncbi.nlm.nih.gov
2014-03-17 11:48:48,blast.ncbi.nlm.nih.gov
2014-03-24 09:55:31,api.bing.com
2014-03-24 09:55:32,api.bing.com
2014-03-24 09:55:33,www.bing.com
2014-03-24 09:55:34,www.bing.com
2014-03-24 09:55:36,www.bing.com
2014-03-24 09:55:36,www.google.fr
2014-03-24 09:55:36,cms.abmr.net
2014-03-24 09:55:37,www.google.fr
2014-03-24 09:55:44,www.bing.com
2014-03-24 09:55:45,www.google.fr
2014-03-24 09:55:49,www.google.fr
2014-03-24 09:55:49,login.live.com
2014-03-24 09:55:51,www.google.fr
2014-03-24 09:55:52,www.google.fr
2014-03-24 09:55:53,www.google.fr
2014-03-24 09:55:53,clients1.google.fr
2014-03-24 09:56:09,clients1.google.fr
2014-03-24 09:56:09,www.google.fr
2014-03-24 09:59:37,api.bing.com
2014-03-24 09:59:38,api.bing.com
2014-03-24 09:59:39,api.bing.com
2014-03-24 09:59:40,www.bing.com
2014-03-24 09:59:42,login.live.com
2014-03-24 09:59:42,www.bing.com
2014-03-24 09:59:47,annotathon.org
2014-03-24 09:59:48,annotathon.org
2014-03-24 10:00:20,annotathon.org
2014-03-24 10:00:50,annotathon.org
2014-03-24 10:01:20,annotathon.org
2014-03-24 10:01:37,annotathon.org
2014-03-24 10:01:38,annotathon.org
2014-03-24 10:01:40,annotathon.org
2014-03-24 10:01:42,annotathon.org
2014-03-24 10:01:46,annotathon.org
2014-03-24 10:01:46,annotathon.univ-mrs.fr
2014-03-24 10:01:51,annotathon.org
2014-03-24 10:01:52,annotathon.org
2014-03-24 10:01:55,annotathon.org
2014-03-24 10:01:57,annotathon.org
2014-03-24 10:02:01,annotathon.org
2014-03-24 10:02:03,annotathon.org
2014-03-24 10:02:11,www.bing.com
2014-03-24 10:02:12,annotathon.org
2014-03-24 10:02:12,www.bing.com
2014-03-24 10:02:14,annotathon.org
2014-03-24 10:02:15,annotathon.org
2014-03-24 10:02:17,annotathon.org
2014-03-24 10:02:17,annotathon.univ-mrs.fr
2014-03-24 10:02:47,annotathon.org
2014-03-24 10:03:02,api.bing.com
2014-03-24 10:03:03,api.bing.com
2014-03-24 10:03:04,api.bing.com
2014-03-24 10:03:04,www.bing.com
2014-03-24 10:03:05,www.bing.com
2014-03-24 10:03:10,www.bing.com
2014-03-24 10:03:15,www.bing.com
2014-03-24 10:03:17,annotathon.org
2014-03-24 10:03:19,login.live.com
2014-03-24 10:03:22,www.bing.com
2014-03-24 10:03:23,www.ncbi.nlm.nih.gov
2014-03-24 10:03:23,blast.ncbi.nlm.nih.gov
2014-03-24 10:03:24,blast.ncbi.nlm.nih.gov
2014-03-24 10:03:30,blast.ncbi.nlm.nih.gov
2014-03-24 10:03:31,ssl.bing.com
2014-03-24 10:03:31,blast.ncbi.nlm.nih.gov
2014-03-24 10:03:31,www.ncbi.nlm.nih.gov
2014-03-24 10:03:32,blast.ncbi.nlm.nih.gov
2014-03-24 10:03:33,blast.ncbi.nlm.nih.gov
2014-03-24 10:03:34,www.ncbi.nlm.nih.gov
2014-03-24 10:03:47,annotathon.org
2014-03-24 10:04:01,blast.ncbi.nlm.nih.gov
2014-03-24 10:04:02,blast.ncbi.nlm.nih.gov
2014-03-24 10:04:16,blast.ncbi.nlm.nih.gov
2014-03-24 10:04:17,annotathon.org
2014-03-24 10:04:47,annotathon.org
2014-03-24 10:05:17,annotathon.org
2014-03-24 10:05:47,annotathon.org
2014-03-24 10:06:03,blast.ncbi.nlm.nih.gov
2014-03-24 10:06:04,blast.ncbi.nlm.nih.gov
2014-03-24 10:06:17,annotathon.org
2014-03-24 10:06:47,annotathon.org
2014-03-24 10:07:13,blast.ncbi.nlm.nih.gov
2014-03-24 10:07:17,blast.ncbi.nlm.nih.gov
2014-03-24 10:07:17,annotathon.org
2014-03-24 10:07:19,blast.ncbi.nlm.nih.gov
2014-03-24 10:07:20,www.ncbi.nlm.nih.gov
2014-03-24 10:07:21,blast.ncbi.nlm.nih.gov
2014-03-24 10:07:24,blast.ncbi.nlm.nih.gov
2014-03-24 10:07:26,blast.ncbi.nlm.nih.gov
2014-03-24 10:07:29,blast.ncbi.nlm.nih.gov
2014-03-24 10:07:37,blast.ncbi.nlm.nih.gov
2014-03-24 10:07:37,www.ncbi.nlm.nih.gov
2014-03-24 10:07:38,blast.ncbi.nlm.nih.gov
2014-03-24 10:07:39,blast.ncbi.nlm.nih.gov
2014-03-24 10:07:40,blast.ncbi.nlm.nih.gov
2014-03-24 10:07:42,blast.ncbi.nlm.nih.gov
2014-03-24 10:07:43,blast.ncbi.nlm.nih.gov
2014-03-24 10:07:47,blast.ncbi.nlm.nih.gov
2014-03-24 10:07:47,annotathon.org
2014-03-24 10:07:48,blast.ncbi.nlm.nih.gov
2014-03-24 10:07:49,blast.ncbi.nlm.nih.gov
2014-03-24 10:08:17,annotathon.org
2014-03-24 10:08:50,annotathon.org
2014-03-24 10:09:14,blast.ncbi.nlm.nih.gov
2014-03-24 10:09:20,annotathon.org
2014-03-24 10:09:23,blast.ncbi.nlm.nih.gov
2014-03-24 10:09:30,blast.ncbi.nlm.nih.gov
2014-03-24 10:09:33,blast.ncbi.nlm.nih.gov
2014-03-24 10:09:34,blast.ncbi.nlm.nih.gov
2014-03-24 10:09:46,blast.ncbi.nlm.nih.gov
2014-03-24 10:09:50,blast.ncbi.nlm.nih.gov
2014-03-24 10:09:50,annotathon.org
2014-03-24 10:09:52,blast.ncbi.nlm.nih.gov
2014-03-24 10:09:53,www.ncbi.nlm.nih.gov
2014-03-24 10:09:55,blast.ncbi.nlm.nih.gov
2014-03-24 10:09:56,blast.ncbi.nlm.nih.gov
2014-03-24 10:09:58,blast.ncbi.nlm.nih.gov
2014-03-24 10:09:59,blast.ncbi.nlm.nih.gov
2014-03-24 10:10:02,blast.ncbi.nlm.nih.gov
2014-03-24 10:10:05,blast.ncbi.nlm.nih.gov
2014-03-24 10:10:06,blast.ncbi.nlm.nih.gov
2014-03-24 10:10:19,blast.ncbi.nlm.nih.gov
2014-03-24 10:10:20,annotathon.org
2014-03-24 10:10:21,blast.ncbi.nlm.nih.gov
2014-03-24 10:10:24,blast.ncbi.nlm.nih.gov
2014-03-24 10:10:25,blast.ncbi.nlm.nih.gov
2014-03-24 10:10:27,blast.ncbi.nlm.nih.gov
2014-03-24 10:10:28,blast.ncbi.nlm.nih.gov
2014-03-24 10:10:29,blast.ncbi.nlm.nih.gov
2014-03-24 10:10:31,blast.ncbi.nlm.nih.gov
2014-03-24 10:10:35,blast.ncbi.nlm.nih.gov
2014-03-24 10:10:38,blast.ncbi.nlm.nih.gov
2014-03-24 10:10:40,blast.ncbi.nlm.nih.gov
2014-03-24 10:10:41,www.ncbi.nlm.nih.gov
2014-03-24 10:10:43,blast.ncbi.nlm.nih.gov
2014-03-24 10:10:45,blast.ncbi.nlm.nih.gov
2014-03-24 10:10:48,blast.ncbi.nlm.nih.gov
2014-03-24 10:10:50,annotathon.org
2014-03-24 10:10:50,blast.ncbi.nlm.nih.gov
2014-03-24 10:10:52,blast.ncbi.nlm.nih.gov
2014-03-24 10:10:54,blast.ncbi.nlm.nih.gov
2014-03-24 10:10:55,blast.ncbi.nlm.nih.gov
2014-03-24 10:10:57,blast.ncbi.nlm.nih.gov
2014-03-24 10:11:06,blast.ncbi.nlm.nih.gov
2014-03-24 10:11:20,annotathon.org
2014-03-24 10:11:50,annotathon.org
2014-03-24 10:12:16,annotathon.org
2014-03-24 10:12:24,annotathon.org
2014-03-24 10:12:25,annotathon.org
2014-03-24 10:12:26,annotathon.org
2014-03-24 10:12:26,annotathon.univ-mrs.fr
2014-03-24 10:12:57,annotathon.org
2014-03-24 10:13:27,annotathon.org
2014-03-24 10:13:57,annotathon.org
2014-03-24 10:14:27,annotathon.org
2014-03-24 10:14:57,annotathon.org
2014-03-24 10:15:27,annotathon.org
2014-03-24 10:15:57,annotathon.org
2014-03-24 10:16:27,annotathon.org
2014-03-24 10:16:57,annotathon.org
2014-03-24 10:17:27,annotathon.org
2014-03-24 10:17:57,annotathon.org
2014-03-24 10:18:27,annotathon.org
2014-03-24 10:18:57,annotathon.org
2014-03-24 10:18:58,annotathon.org
2014-03-24 10:19:00,annotathon.org
2014-03-24 10:19:09,annotathon.org
2014-03-24 10:19:11,annotathon.org
2014-03-24 10:19:11,annotathon.univ-mrs.fr
2014-03-24 10:19:41,annotathon.org
2014-03-24 10:20:11,annotathon.org
2014-03-24 10:20:41,annotathon.org
2014-03-24 10:21:11,annotathon.org
2014-03-24 10:21:41,annotathon.org
2014-03-24 10:22:11,annotathon.org
2014-03-24 10:22:41,annotathon.org
2014-03-24 10:23:08,blast.ncbi.nlm.nih.gov
2014-03-24 10:23:17,annotathon.org
2014-03-24 10:23:41,annotathon.org
2014-03-24 10:24:11,annotathon.org
2014-03-24 10:24:15,annotathon.org
2014-03-24 10:24:16,annotathon.org
2014-03-24 10:24:16,annotathon.univ-mrs.fr
2014-03-24 10:24:17,annotathon.org
2014-03-24 10:24:37,www.ncbi.nlm.nih.gov
2014-03-24 10:24:38,www.ncbi.nlm.nih.gov
2014-03-24 10:24:38,static.pubmed.gov
2014-03-24 10:24:39,static.pubmed.gov
2014-03-24 10:24:40,www.ncbi.nlm.nih.gov
2014-03-24 10:24:40,static.pubmed.gov
2014-03-24 10:24:42,www.ncbi.nlm.nih.gov
2014-03-24 10:24:44,static.pubmed.gov
2014-03-24 10:24:45,www.ncbi.nlm.nih.gov
2014-03-24 10:24:47,annotathon.org
2014-03-24 10:24:50,static.pubmed.gov
2014-03-24 10:25:14,www.ncbi.nlm.nih.gov
2014-03-24 10:25:17,annotathon.org
2014-03-24 10:25:47,annotathon.org
2014-03-24 10:25:54,annotathon.org
2014-03-24 10:25:54,annotathon.univ-mrs.fr
2014-03-24 10:26:05,www.ncbi.nlm.nih.gov
2014-03-24 10:26:12,www.ncbi.nlm.nih.gov
2014-03-24 10:26:24,annotathon.org
2014-03-24 10:26:33,blast.ncbi.nlm.nih.gov
2014-03-24 10:26:54,annotathon.org
2014-03-24 10:27:15,blast.ncbi.nlm.nih.gov
2014-03-24 10:27:24,annotathon.org
2014-03-24 10:27:37,www.ncbi.nlm.nih.gov
2014-03-24 10:27:44,www.ncbi.nlm.nih.gov
2014-03-24 10:27:47,www.ncbi.nlm.nih.gov
2014-03-24 10:27:54,annotathon.org
2014-03-24 10:28:24,annotathon.org
2014-03-24 10:28:54,annotathon.org
2014-03-24 10:29:24,annotathon.org
2014-03-24 10:29:54,annotathon.org
2014-03-24 10:30:24,annotathon.org
2014-03-24 10:30:54,annotathon.org
2014-03-24 10:31:24,annotathon.org
2014-03-24 10:31:54,annotathon.org
2014-03-24 10:32:24,annotathon.org
2014-03-24 10:32:54,annotathon.org
2014-03-24 10:33:00,www.ncbi.nlm.nih.gov
2014-03-24 10:33:00,blast.ncbi.nlm.nih.gov
2014-03-24 10:33:01,www.ncbi.nlm.nih.gov
2014-03-24 10:33:02,www.ncbi.nlm.nih.gov
2014-03-24 10:33:05,blast.ncbi.nlm.nih.gov
2014-03-24 10:33:06,blast.ncbi.nlm.nih.gov
2014-03-24 10:33:07,www.ncbi.nlm.nih.gov
2014-03-24 10:33:08,blast.ncbi.nlm.nih.gov
2014-03-24 10:33:09,www.ncbi.nlm.nih.gov
2014-03-24 10:33:09,blast.ncbi.nlm.nih.gov
2014-03-24 10:33:11,blast.ncbi.nlm.nih.gov
2014-03-24 10:33:12,blast.ncbi.nlm.nih.gov
2014-03-24 10:33:13,blast.ncbi.nlm.nih.gov
2014-03-24 10:33:24,annotathon.org
2014-03-24 10:33:25,blast.ncbi.nlm.nih.gov
2014-03-24 10:33:54,annotathon.org
2014-03-24 10:34:24,annotathon.org
2014-03-24 10:34:54,annotathon.org
2014-03-24 10:34:56,blast.ncbi.nlm.nih.gov
2014-03-24 10:35:04,blast.ncbi.nlm.nih.gov
2014-03-24 10:35:24,annotathon.org
2014-03-24 10:35:47,blast.ncbi.nlm.nih.gov
2014-03-24 10:35:50,www.ncbi.nlm.nih.gov
2014-03-24 10:35:51,www.ncbi.nlm.nih.gov
2014-03-24 10:35:52,www.ncbi.nlm.nih.gov
2014-03-24 10:35:54,annotathon.org
2014-03-24 10:36:11,www.ncbi.nlm.nih.gov
2014-03-24 10:36:21,blast.ncbi.nlm.nih.gov
2014-03-24 10:36:23,www.ncbi.nlm.nih.gov
2014-03-24 10:36:24,www.ncbi.nlm.nih.gov
2014-03-24 10:36:24,annotathon.org
2014-03-24 10:36:25,www.ncbi.nlm.nih.gov
2014-03-24 10:36:54,annotathon.org
2014-03-24 10:37:54,annotathon.org
2014-03-24 10:38:24,annotathon.org
2014-03-24 10:38:54,annotathon.org
2014-03-24 10:39:24,annotathon.org
2014-03-24 10:39:33,annotathon.org
2014-03-24 10:39:34,annotathon.org
2014-03-24 10:39:34,annotathon.univ-mrs.fr
2014-03-24 10:40:04,annotathon.org
2014-03-24 10:40:34,annotathon.org
2014-03-24 10:41:04,annotathon.org
2014-03-24 10:41:34,annotathon.org
2014-03-24 10:42:04,annotathon.org
2014-03-24 10:42:34,annotathon.org
2014-03-24 10:43:04,annotathon.org
2014-03-24 10:43:34,annotathon.org
2014-03-24 10:44:07,blast.ncbi.nlm.nih.gov
2014-03-24 10:44:34,annotathon.org
2014-03-24 10:45:04,annotathon.org
2014-03-24 10:45:34,annotathon.org
2014-03-24 10:46:04,annotathon.org
2014-03-24 10:46:34,annotathon.org
2014-03-24 10:47:04,annotathon.org
2014-03-24 10:47:34,annotathon.org
2014-03-24 10:48:04,annotathon.org
2014-03-24 10:48:34,annotathon.org
2014-03-24 10:49:04,annotathon.org
2014-03-24 10:49:34,annotathon.org
2014-03-24 10:50:04,annotathon.org
2014-03-24 10:50:34,annotathon.org
2014-03-24 10:51:04,annotathon.org
2014-03-24 10:51:34,annotathon.org
2014-03-24 10:51:52,api.bing.com
2014-03-24 10:51:53,api.bing.com
2014-03-24 10:51:54,api.bing.com
2014-03-24 10:51:55,www.bing.com
2014-03-24 10:52:00,www.bing.com
2014-03-24 10:52:00,fr.wikipedia.org
2014-03-24 10:52:00,bits.wikimedia.org
2014-03-24 10:52:01,bits.wikimedia.org
2014-03-24 10:52:01,login.wikimedia.org
2014-03-24 10:52:01,meta.wikimedia.org
2014-03-24 10:52:02,fr.wikipedia.org
2014-03-24 10:52:02,bits.wikimedia.org
2014-03-24 10:52:02,meta.wikimedia.org
2014-03-24 10:52:03,fr.wikipedia.org
2014-03-24 10:52:04,annotathon.org
2014-03-24 10:52:11,login.live.com
2014-03-24 10:52:34,annotathon.org
2014-03-24 10:53:04,annotathon.org
2014-03-24 10:53:09,www.bing.com
2014-03-24 10:53:11,www.bing.com
2014-03-24 10:53:16,www.bing.com
2014-03-24 10:53:21,login.live.com
2014-03-24 10:53:24,www.bing.com
2014-03-24 10:53:25,www.bing.com
2014-03-24 10:53:27,login.live.com
2014-03-24 10:53:27,www.bing.com
2014-03-24 10:53:34,annotathon.org
2014-03-24 10:53:35,www.bing.com
2014-03-24 10:53:42,www.bing.com
2014-03-24 10:53:44,www.bing.com
2014-03-24 10:53:44,login.live.com
2014-03-24 10:53:52,www.bing.com
2014-03-24 10:54:04,annotathon.org
2014-03-24 10:54:34,annotathon.org
2014-03-24 10:54:47,ssl.bing.com
2014-03-24 10:55:04,annotathon.org
2014-03-24 10:55:34,annotathon.org
2014-03-24 10:55:49,api.bing.com
2014-03-24 10:55:51,www.bing.com
2014-03-24 10:55:52,www.bing.com
2014-03-24 10:55:53,www.ncbi.nlm.nih.gov
2014-03-24 10:56:04,annotathon.org
2014-03-24 10:56:08,www.ncbi.nlm.nih.gov
2014-03-24 10:56:09,www.ncbi.nlm.nih.gov
2014-03-24 10:56:12,www.ncbi.nlm.nih.gov
2014-03-24 10:56:13,www.ncbi.nlm.nih.gov
2014-03-24 10:56:27,annotathon.org
2014-03-24 10:56:28,annotathon.univ-mrs.fr
2014-03-24 10:56:28,annotathon.org
2014-03-24 10:56:58,annotathon.org
2014-03-24 10:57:28,annotathon.org
2014-03-24 10:57:58,annotathon.org
2014-03-24 10:58:28,annotathon.org
2014-03-24 10:58:58,annotathon.org
2014-03-24 10:59:20,api.bing.com
2014-03-24 10:59:21,api.bing.com
2014-03-24 10:59:22,api.bing.com
2014-03-24 10:59:23,api.bing.com
2014-03-24 10:59:24,www.bing.com
2014-03-24 10:59:24,api.bing.com
2014-03-24 10:59:27,www.bing.com
2014-03-24 10:59:27,fr.wikipedia.org
2014-03-24 10:59:27,bits.wikimedia.org
2014-03-24 10:59:28,meta.wikimedia.org
2014-03-24 10:59:28,annotathon.org
2014-03-24 10:59:28,bits.wikimedia.org
2014-03-24 10:59:28,fr.wikipedia.org
2014-03-24 10:59:33,login.live.com
2014-03-24 10:59:58,annotathon.org
2014-03-24 11:00:28,annotathon.org
2014-03-24 11:00:58,annotathon.org
2014-03-24 11:01:28,annotathon.org
2014-03-24 11:01:58,annotathon.org
2014-03-24 11:01:58,blast.ncbi.nlm.nih.gov
2014-03-24 11:02:04,www.ncbi.nlm.nih.gov
2014-03-24 11:02:05,www.ncbi.nlm.nih.gov
2014-03-24 11:02:07,www.ncbi.nlm.nih.gov
2014-03-24 11:02:28,annotathon.org
2014-03-24 11:02:58,annotathon.org
2014-03-24 11:03:28,annotathon.org
2014-03-24 11:03:58,annotathon.org
2014-03-24 11:04:28,annotathon.org
2014-03-24 11:04:58,annotathon.org
2014-03-24 11:05:28,annotathon.org
2014-03-24 11:05:58,annotathon.org
2014-03-24 11:06:26,annotathon.org
2014-03-24 11:06:29,annotathon.org
2014-03-24 11:06:30,annotathon.org
2014-03-24 11:06:30,annotathon.univ-mrs.fr
2014-03-24 11:06:31,annotathon.org
2014-03-24 11:07:01,annotathon.org
2014-03-24 11:07:31,annotathon.org
2014-03-24 11:08:01,annotathon.org
2014-03-24 11:08:31,annotathon.org
2014-03-24 11:09:01,annotathon.org
2014-03-24 11:09:31,annotathon.org
2014-03-24 11:10:01,annotathon.org
2014-03-24 11:10:31,annotathon.org
2014-03-24 11:11:01,annotathon.org
2014-03-24 11:11:31,annotathon.org
2014-03-24 11:12:01,annotathon.org
2014-03-24 11:12:31,annotathon.org
2014-03-24 11:13:01,annotathon.org
2014-03-24 11:13:31,annotathon.org
2014-03-24 11:14:01,annotathon.org
2014-03-24 11:14:31,annotathon.org
2014-03-24 11:15:01,annotathon.org
2014-03-24 11:15:31,annotathon.org
2014-03-24 11:16:01,annotathon.org
2014-03-24 11:16:31,annotathon.org
2014-03-24 11:17:01,annotathon.org
2014-03-24 11:17:31,annotathon.org
2014-03-24 11:17:53,annotathon.univ-mrs.fr
2014-03-24 11:17:53,annotathon.org
2014-03-24 11:18:23,annotathon.org
2014-03-24 11:18:39,blast.ncbi.nlm.nih.gov
2014-03-24 11:18:40,blast.ncbi.nlm.nih.gov
2014-03-24 11:18:43,blast.ncbi.nlm.nih.gov
2014-03-24 11:18:44,blast.ncbi.nlm.nih.gov
2014-03-24 11:18:54,annotathon.org
2014-03-24 11:19:23,annotathon.org
2014-03-24 11:19:31,blast.ncbi.nlm.nih.gov
2014-03-24 11:19:53,annotathon.org
2014-03-24 11:20:06,blast.ncbi.nlm.nih.gov
2014-03-24 11:20:23,annotathon.org
2014-03-24 11:20:53,annotathon.org
2014-03-24 11:21:24,annotathon.org
2014-03-24 11:21:54,annotathon.org
2014-03-24 11:22:24,annotathon.org
2014-03-24 11:22:52,www.ncbi.nlm.nih.gov
2014-03-24 11:22:54,annotathon.org
2014-03-24 11:22:56,www.ncbi.nlm.nih.gov
2014-03-24 11:23:09,blast.ncbi.nlm.nih.gov
2014-03-24 11:23:24,annotathon.org
2014-03-24 11:23:37,www.ncbi.nlm.nih.gov
2014-03-24 11:23:37,blast.ncbi.nlm.nih.gov
2014-03-24 11:23:50,blast.ncbi.nlm.nih.gov
2014-03-24 11:23:52,blast.ncbi.nlm.nih.gov
2014-03-24 11:23:53,blast.ncbi.nlm.nih.gov
2014-03-24 11:23:54,annotathon.org
2014-03-24 11:24:24,annotathon.org
2014-03-24 11:24:24,blast.ncbi.nlm.nih.gov
2014-03-24 11:24:25,blast.ncbi.nlm.nih.gov
2014-03-24 11:24:26,blast.ncbi.nlm.nih.gov
2014-03-24 11:24:27,blast.ncbi.nlm.nih.gov
2014-03-24 11:24:28,blast.ncbi.nlm.nih.gov
2014-03-24 11:24:47,blast.ncbi.nlm.nih.gov
2014-03-24 11:24:54,annotathon.org
2014-03-24 11:25:07,blast.ncbi.nlm.nih.gov
2014-03-24 11:25:11,blast.ncbi.nlm.nih.gov
2014-03-24 11:25:19,blast.ncbi.nlm.nih.gov
2014-03-24 11:25:20,blast.ncbi.nlm.nih.gov
2014-03-24 11:25:21,blast.ncbi.nlm.nih.gov
2014-03-24 11:25:22,blast.ncbi.nlm.nih.gov
2014-03-24 11:25:23,blast.ncbi.nlm.nih.gov
2014-03-24 11:25:24,blast.ncbi.nlm.nih.gov
2014-03-24 11:25:24,annotathon.org
2014-03-24 11:25:25,blast.ncbi.nlm.nih.gov
2014-03-24 11:25:26,blast.ncbi.nlm.nih.gov
2014-03-24 11:25:27,blast.ncbi.nlm.nih.gov
2014-03-24 11:25:28,blast.ncbi.nlm.nih.gov
2014-03-24 11:25:50,blast.ncbi.nlm.nih.gov
2014-03-24 11:25:54,annotathon.org
2014-03-24 11:25:59,blast.ncbi.nlm.nih.gov
2014-03-24 11:26:05,blast.ncbi.nlm.nih.gov
2014-03-24 11:26:06,blast.ncbi.nlm.nih.gov
2014-03-24 11:26:15,blast.ncbi.nlm.nih.gov
2014-03-24 11:26:16,blast.ncbi.nlm.nih.gov
2014-03-24 11:26:20,blast.ncbi.nlm.nih.gov
2014-03-24 11:26:24,annotathon.org
2014-03-24 11:26:24,blast.ncbi.nlm.nih.gov
2014-03-24 11:26:50,blast.ncbi.nlm.nih.gov
2014-03-24 11:26:54,annotathon.org
2014-03-24 11:26:54,blast.ncbi.nlm.nih.gov
2014-03-24 11:26:55,blast.ncbi.nlm.nih.gov
2014-03-24 11:27:08,blast.ncbi.nlm.nih.gov
2014-03-24 11:27:09,blast.ncbi.nlm.nih.gov
2014-03-24 11:27:11,blast.ncbi.nlm.nih.gov
2014-03-24 11:27:12,blast.ncbi.nlm.nih.gov
2014-03-24 11:27:13,blast.ncbi.nlm.nih.gov
2014-03-24 11:27:24,annotathon.org
2014-03-24 11:27:27,www.ncbi.nlm.nih.gov
2014-03-24 11:27:27,blast.ncbi.nlm.nih.gov
2014-03-24 11:27:38,blast.ncbi.nlm.nih.gov
2014-03-24 11:27:39,blast.ncbi.nlm.nih.gov
2014-03-24 11:27:44,blast.ncbi.nlm.nih.gov
2014-03-24 11:27:45,blast.ncbi.nlm.nih.gov
2014-03-24 11:27:54,annotathon.org
2014-03-24 11:28:14,blast.ncbi.nlm.nih.gov
2014-03-24 11:28:24,annotathon.org
2014-03-24 11:28:30,blast.ncbi.nlm.nih.gov
2014-03-24 11:28:33,www.ncbi.nlm.nih.gov
2014-03-24 11:28:34,www.ncbi.nlm.nih.gov
2014-03-24 11:28:55,annotathon.org
2014-03-24 11:29:05,blast.ncbi.nlm.nih.gov
2014-03-24 11:29:23,blast.ncbi.nlm.nih.gov
2014-03-24 11:29:24,annotathon.org
2014-03-24 11:29:26,blast.ncbi.nlm.nih.gov
2014-03-24 11:29:54,annotathon.org
2014-03-24 11:30:24,annotathon.org
2014-03-24 11:30:54,annotathon.org
2014-03-24 11:31:05,blast.ncbi.nlm.nih.gov
2014-03-24 11:31:07,blast.ncbi.nlm.nih.gov
2014-03-24 11:31:08,blast.ncbi.nlm.nih.gov
2014-03-24 11:31:10,blast.ncbi.nlm.nih.gov
2014-03-24 11:31:11,blast.ncbi.nlm.nih.gov
2014-03-24 11:31:12,blast.ncbi.nlm.nih.gov
2014-03-24 11:31:13,blast.ncbi.nlm.nih.gov
2014-03-24 11:31:15,blast.ncbi.nlm.nih.gov
2014-03-24 11:31:16,blast.ncbi.nlm.nih.gov
2014-03-24 11:31:18,blast.ncbi.nlm.nih.gov
2014-03-24 11:31:19,blast.ncbi.nlm.nih.gov
2014-03-24 11:31:20,blast.ncbi.nlm.nih.gov
2014-03-24 11:31:21,blast.ncbi.nlm.nih.gov
2014-03-24 11:31:22,blast.ncbi.nlm.nih.gov
2014-03-24 11:31:24,blast.ncbi.nlm.nih.gov
2014-03-24 11:31:24,annotathon.org
2014-03-24 11:31:25,blast.ncbi.nlm.nih.gov
2014-03-24 11:31:27,blast.ncbi.nlm.nih.gov
2014-03-24 11:31:28,blast.ncbi.nlm.nih.gov
2014-03-24 11:31:30,blast.ncbi.nlm.nih.gov
2014-03-24 11:31:31,blast.ncbi.nlm.nih.gov
2014-03-24 11:31:32,blast.ncbi.nlm.nih.gov
2014-03-24 11:31:33,blast.ncbi.nlm.nih.gov
2014-03-24 11:31:34,blast.ncbi.nlm.nih.gov
2014-03-24 11:31:35,blast.ncbi.nlm.nih.gov
2014-03-24 11:31:36,blast.ncbi.nlm.nih.gov
2014-03-24 11:31:38,blast.ncbi.nlm.nih.gov
2014-03-24 11:31:39,blast.ncbi.nlm.nih.gov
2014-03-24 11:31:40,blast.ncbi.nlm.nih.gov
2014-03-24 11:31:41,blast.ncbi.nlm.nih.gov
2014-03-24 11:31:44,blast.ncbi.nlm.nih.gov
2014-03-24 11:31:45,blast.ncbi.nlm.nih.gov
2014-03-24 11:31:46,blast.ncbi.nlm.nih.gov
2014-03-24 11:31:47,blast.ncbi.nlm.nih.gov
2014-03-24 11:31:48,blast.ncbi.nlm.nih.gov
2014-03-24 11:31:49,blast.ncbi.nlm.nih.gov
2014-03-24 11:31:50,blast.ncbi.nlm.nih.gov
2014-03-24 11:31:51,blast.ncbi.nlm.nih.gov
2014-03-24 11:31:52,blast.ncbi.nlm.nih.gov
2014-03-24 11:31:53,blast.ncbi.nlm.nih.gov
2014-03-24 11:31:54,annotathon.org
2014-03-24 11:31:54,blast.ncbi.nlm.nih.gov
2014-03-24 11:31:55,blast.ncbi.nlm.nih.gov
2014-03-24 11:31:58,blast.ncbi.nlm.nih.gov
2014-03-24 11:31:59,blast.ncbi.nlm.nih.gov
2014-03-24 11:32:00,blast.ncbi.nlm.nih.gov
2014-03-24 11:32:01,blast.ncbi.nlm.nih.gov
2014-03-24 11:32:02,blast.ncbi.nlm.nih.gov
2014-03-24 11:32:03,blast.ncbi.nlm.nih.gov
2014-03-24 11:32:04,blast.ncbi.nlm.nih.gov
2014-03-24 11:32:05,blast.ncbi.nlm.nih.gov
2014-03-24 11:32:07,blast.ncbi.nlm.nih.gov
2014-03-24 11:32:08,blast.ncbi.nlm.nih.gov
2014-03-24 11:32:24,annotathon.org
2014-03-24 11:32:54,annotathon.org
2014-03-24 11:33:24,annotathon.org
2014-03-24 11:33:32,blast.ncbi.nlm.nih.gov
2014-03-24 11:33:33,blast.ncbi.nlm.nih.gov
2014-03-24 11:33:34,blast.ncbi.nlm.nih.gov
2014-03-24 11:33:36,blast.ncbi.nlm.nih.gov
2014-03-24 11:33:37,blast.ncbi.nlm.nih.gov
2014-03-24 11:33:38,blast.ncbi.nlm.nih.gov
2014-03-24 11:33:39,blast.ncbi.nlm.nih.gov
2014-03-24 11:33:54,annotathon.org
2014-03-24 11:34:20,blast.ncbi.nlm.nih.gov
2014-03-24 11:34:21,www.ncbi.nlm.nih.gov
2014-03-24 11:34:22,www.ncbi.nlm.nih.gov
2014-03-24 11:34:24,annotathon.org
2014-03-24 11:34:54,annotathon.org
2014-03-24 11:35:08,blast.ncbi.nlm.nih.gov
2014-03-24 11:35:09,blast.ncbi.nlm.nih.gov
2014-03-24 11:35:11,blast.ncbi.nlm.nih.gov
2014-03-24 11:35:20,www.ncbi.nlm.nih.gov
2014-03-24 11:35:21,blast.ncbi.nlm.nih.gov
2014-03-24 11:35:21,www.ncbi.nlm.nih.gov
2014-03-24 11:35:23,static.pubmed.gov
2014-03-24 11:35:23,www.ncbi.nlm.nih.gov
2014-03-24 11:35:24,www.ncbi.nlm.nih.gov
2014-03-24 11:35:24,annotathon.org
2014-03-24 11:35:26,static.pubmed.gov
2014-03-24 11:35:26,www.ncbi.nlm.nih.gov
2014-03-24 11:35:54,annotathon.org
2014-03-24 11:36:24,annotathon.org
2014-03-24 11:36:31,static.pubmed.gov
2014-03-24 11:36:31,www.ncbi.nlm.nih.gov
2014-03-24 11:36:54,annotathon.org
2014-03-24 11:36:58,www.ncbi.nlm.nih.gov
2014-03-24 11:37:02,static.pubmed.gov
2014-03-24 11:37:05,www.ncbi.nlm.nih.gov
2014-03-24 11:37:05,static.pubmed.gov
2014-03-24 11:37:06,static.pubmed.gov
2014-03-24 11:37:06,www.ncbi.nlm.nih.gov
2014-03-24 11:37:07,static.pubmed.gov
2014-03-24 11:37:09,www.ncbi.nlm.nih.gov
2014-03-24 11:37:13,www.ncbi.nlm.nih.gov
2014-03-24 11:37:14,www.ncbi.nlm.nih.gov
2014-03-24 11:37:16,www.ncbi.nlm.nih.gov
2014-03-24 11:37:24,annotathon.org
2014-03-24 11:37:29,static.pubmed.gov
2014-03-24 11:37:54,annotathon.org
2014-03-24 11:38:24,annotathon.org
2014-03-24 11:38:42,www.ncbi.nlm.nih.gov
2014-03-24 11:38:42,static.pubmed.gov
2014-03-24 11:38:43,www.ncbi.nlm.nih.gov
2014-03-24 11:38:47,www.ncbi.nlm.nih.gov
2014-03-24 11:38:49,www.ncbi.nlm.nih.gov
2014-03-24 11:38:50,static.pubmed.gov
2014-03-24 11:38:51,www.ncbi.nlm.nih.gov
2014-03-24 11:38:54,annotathon.org
2014-03-24 11:39:24,annotathon.org
2014-03-24 11:39:54,annotathon.org
2014-03-24 11:40:24,annotathon.org
2014-03-24 11:40:27,www.ncbi.nlm.nih.gov
2014-03-24 11:40:32,www.ncbi.nlm.nih.gov
2014-03-24 11:40:34,www.ncbi.nlm.nih.gov
2014-03-24 11:40:38,www.ncbi.nlm.nih.gov
2014-03-24 11:40:54,annotathon.org
2014-03-24 11:41:09,www.ncbi.nlm.nih.gov
2014-03-24 11:41:10,www.ncbi.nlm.nih.gov
2014-03-24 11:41:10,static.pubmed.gov
2014-03-24 11:41:12,www.ncbi.nlm.nih.gov
2014-03-24 11:41:23,www.ncbi.nlm.nih.gov
2014-03-24 11:41:24,www.ncbi.nlm.nih.gov
2014-03-24 11:41:24,annotathon.org
2014-03-24 11:41:28,www.ncbi.nlm.nih.gov
2014-03-24 11:41:30,static.pubmed.gov
2014-03-24 11:41:30,www.ncbi.nlm.nih.gov
2014-03-24 11:41:31,www.ncbi.nlm.nih.gov
2014-03-24 11:41:31,static.pubmed.gov
2014-03-24 11:41:34,www.ncbi.nlm.nih.gov
2014-03-24 11:41:54,annotathon.org
2014-03-24 11:42:24,annotathon.org
2014-03-24 11:42:50,blast.ncbi.nlm.nih.gov
2014-03-24 11:42:50,www.ncbi.nlm.nih.gov
2014-03-24 11:42:51,blast.ncbi.nlm.nih.gov
2014-03-24 11:42:53,blast.ncbi.nlm.nih.gov
2014-03-24 11:42:54,annotathon.org
2014-03-24 11:42:54,blast.ncbi.nlm.nih.gov
2014-03-24 11:42:55,blast.ncbi.nlm.nih.gov
2014-03-24 11:42:56,blast.ncbi.nlm.nih.gov
2014-03-24 11:42:58,blast.ncbi.nlm.nih.gov
2014-03-24 11:42:59,blast.ncbi.nlm.nih.gov
2014-03-24 11:43:10,blast.ncbi.nlm.nih.gov
2014-03-24 11:43:11,blast.ncbi.nlm.nih.gov
2014-03-24 11:43:12,blast.ncbi.nlm.nih.gov
2014-03-24 11:43:13,blast.ncbi.nlm.nih.gov
2014-03-24 11:43:14,blast.ncbi.nlm.nih.gov
2014-03-24 11:43:24,annotathon.org
2014-03-24 11:43:54,annotathon.org
2014-03-24 11:44:24,annotathon.org
2014-03-24 11:44:54,annotathon.org
2014-03-24 11:45:24,annotathon.org
2014-03-24 11:45:54,annotathon.org
2014-03-24 11:46:03,blast.ncbi.nlm.nih.gov
2014-03-24 11:46:03,www.ncbi.nlm.nih.gov
2014-03-24 11:46:04,www.ncbi.nlm.nih.gov
2014-03-24 11:46:06,www.ncbi.nlm.nih.gov
2014-03-24 11:46:07,www.ncbi.nlm.nih.gov
2014-03-24 11:46:08,www.ncbi.nlm.nih.gov
2014-03-24 11:46:22,www.ncbi.nlm.nih.gov
2014-03-24 11:46:22,blast.ncbi.nlm.nih.gov
2014-03-24 11:46:23,www.ncbi.nlm.nih.gov
2014-03-24 11:46:24,annotathon.org
2014-03-24 11:46:24,www.ncbi.nlm.nih.gov
2014-03-24 11:46:25,www.ncbi.nlm.nih.gov
2014-03-24 11:46:25,static.pubmed.gov
2014-03-24 11:46:27,www.ncbi.nlm.nih.gov
2014-03-24 11:46:29,www.ncbi.nlm.nih.gov
2014-03-24 11:46:29,blast.ncbi.nlm.nih.gov
2014-03-24 11:46:30,www.ncbi.nlm.nih.gov
2014-03-24 11:46:30,blast.ncbi.nlm.nih.gov
2014-03-24 11:46:31,www.ncbi.nlm.nih.gov
2014-03-24 11:46:31,blast.ncbi.nlm.nih.gov
2014-03-24 11:46:32,www.ncbi.nlm.nih.gov
2014-03-24 11:46:34,www.ncbi.nlm.nih.gov
2014-03-24 11:46:35,www.ncbi.nlm.nih.gov
2014-03-24 11:46:37,www.ncbi.nlm.nih.gov
2014-03-24 11:46:38,www.ncbi.nlm.nih.gov
2014-03-24 11:46:38,blast.ncbi.nlm.nih.gov
2014-03-24 11:46:42,www.ncbi.nlm.nih.gov
2014-03-24 11:46:44,static.pubmed.gov
2014-03-24 11:46:44,www.ncbi.nlm.nih.gov
2014-03-24 11:46:46,www.ncbi.nlm.nih.gov
2014-03-24 11:46:49,www.ncbi.nlm.nih.gov
2014-03-24 11:46:49,blast.ncbi.nlm.nih.gov
2014-03-24 11:46:50,www.ncbi.nlm.nih.gov
2014-03-24 11:46:52,www.ncbi.nlm.nih.gov
2014-03-24 11:46:54,annotathon.org
2014-03-24 11:46:55,www.ncbi.nlm.nih.gov
2014-03-24 11:47:01,blast.ncbi.nlm.nih.gov
2014-03-24 11:47:02,www.ncbi.nlm.nih.gov
2014-03-24 11:47:02,blast.ncbi.nlm.nih.gov
2014-03-24 11:47:03,www.ncbi.nlm.nih.gov
2014-03-24 11:47:04,www.ncbi.nlm.nih.gov
2014-03-24 11:47:04,blast.ncbi.nlm.nih.gov
2014-03-24 11:47:05,www.ncbi.nlm.nih.gov
2014-03-24 11:47:07,www.ncbi.nlm.nih.gov
2014-03-24 11:47:08,www.ncbi.nlm.nih.gov
2014-03-24 11:47:10,blast.ncbi.nlm.nih.gov
2014-03-24 11:47:10,www.ncbi.nlm.nih.gov
2014-03-24 11:47:11,www.ncbi.nlm.nih.gov
2014-03-24 11:47:12,www.ncbi.nlm.nih.gov
2014-03-24 11:47:13,www.ncbi.nlm.nih.gov
2014-03-24 11:47:13,static.pubmed.gov
2014-03-24 11:47:15,www.ncbi.nlm.nih.gov
2014-03-24 11:47:24,annotathon.org
2014-03-24 11:47:54,annotathon.org
2014-03-24 11:48:24,annotathon.org
2014-03-24 11:48:54,annotathon.org
2014-03-24 11:49:06,www.ncbi.nlm.nih.gov
2014-03-24 11:49:06,blast.ncbi.nlm.nih.gov
2014-03-24 11:49:07,www.ncbi.nlm.nih.gov
2014-03-24 11:49:08,www.ncbi.nlm.nih.gov
2014-03-24 11:49:08,blast.ncbi.nlm.nih.gov
2014-03-24 11:49:09,www.ncbi.nlm.nih.gov
2014-03-24 11:49:10,www.ncbi.nlm.nih.gov
2014-03-24 11:49:11,www.ncbi.nlm.nih.gov
2014-03-24 11:49:13,www.ncbi.nlm.nih.gov
2014-03-24 11:49:24,annotathon.org
2014-03-24 11:49:39,www.ncbi.nlm.nih.gov
2014-03-24 11:49:40,www.ncbi.nlm.nih.gov
2014-03-24 11:49:42,www.ncbi.nlm.nih.gov
2014-03-24 11:49:43,www.ncbi.nlm.nih.gov
2014-03-24 11:49:54,annotathon.org
2014-03-24 11:50:17,www.ncbi.nlm.nih.gov
2014-03-24 11:50:20,www.ncbi.nlm.nih.gov
2014-03-24 11:50:22,www.ncbi.nlm.nih.gov
2014-03-24 11:50:23,www.ncbi.nlm.nih.gov
2014-03-24 11:50:24,annotathon.org
2014-03-24 11:50:26,www.ncbi.nlm.nih.gov
2014-03-24 11:50:27,www.ncbi.nlm.nih.gov
2014-03-24 11:50:28,www.ncbi.nlm.nih.gov
2014-03-24 11:50:30,www.ncbi.nlm.nih.gov
2014-03-24 11:50:34,www.ncbi.nlm.nih.gov
2014-03-24 11:50:54,annotathon.org
2014-03-24 11:51:00,www.ncbi.nlm.nih.gov
2014-03-24 11:51:04,www.ncbi.nlm.nih.gov
2014-03-24 11:51:05,www.ncbi.nlm.nih.gov
2014-03-24 11:51:08,www.ncbi.nlm.nih.gov
2014-03-24 11:51:10,www.ncbi.nlm.nih.gov
2014-03-24 11:51:14,www.ncbi.nlm.nih.gov
2014-03-24 11:51:24,annotathon.org
2014-03-24 11:51:40,www.ncbi.nlm.nih.gov
2014-03-24 11:51:42,www.ncbi.nlm.nih.gov
2014-03-24 11:51:54,annotathon.org
2014-03-24 11:51:54,www.ncbi.nlm.nih.gov
2014-03-24 11:51:57,www.ncbi.nlm.nih.gov
2014-03-24 11:51:59,www.ncbi.nlm.nih.gov
2014-03-24 11:52:03,www.ncbi.nlm.nih.gov
2014-03-24 11:52:04,www.ncbi.nlm.nih.gov
2014-03-24 11:52:05,www.ncbi.nlm.nih.gov
2014-03-24 11:52:06,www.ncbi.nlm.nih.gov
2014-03-24 11:52:09,www.ncbi.nlm.nih.gov
2014-03-24 11:52:10,www.ncbi.nlm.nih.gov
2014-03-24 11:52:11,www.ncbi.nlm.nih.gov
2014-03-24 11:52:24,annotathon.org
2014-03-24 11:52:50,www.ncbi.nlm.nih.gov
2014-03-24 11:52:54,annotathon.org
2014-03-24 11:53:24,annotathon.org
2014-03-24 11:53:54,annotathon.org
2014-03-24 11:54:24,annotathon.org
2014-03-24 11:54:49,blast.ncbi.nlm.nih.gov
2014-03-24 11:54:50,blast.ncbi.nlm.nih.gov
2014-03-24 11:54:51,blast.ncbi.nlm.nih.gov
2014-03-24 11:54:54,annotathon.org
2014-03-24 11:54:56,blast.ncbi.nlm.nih.gov
2014-03-24 11:54:57,blast.ncbi.nlm.nih.gov
2014-03-24 11:54:58,blast.ncbi.nlm.nih.gov
2014-03-24 11:55:05,blast.ncbi.nlm.nih.gov
2014-03-24 11:55:25,annotathon.org
2014-03-24 11:55:41,blast.ncbi.nlm.nih.gov
2014-03-24 11:55:46,blast.ncbi.nlm.nih.gov
2014-03-24 11:55:46,www.ncbi.nlm.nih.gov
2014-03-24 11:55:47,blast.ncbi.nlm.nih.gov
2014-03-24 11:55:49,www.ncbi.nlm.nih.gov
2014-03-24 11:55:50,blast.ncbi.nlm.nih.gov
2014-03-24 11:55:52,blast.ncbi.nlm.nih.gov
2014-03-24 11:55:55,annotathon.org
2014-03-24 11:55:55,blast.ncbi.nlm.nih.gov
2014-03-24 11:55:57,blast.ncbi.nlm.nih.gov
2014-03-24 11:56:05,blast.ncbi.nlm.nih.gov
2014-03-24 11:56:07,blast.ncbi.nlm.nih.gov
2014-03-24 11:56:08,blast.ncbi.nlm.nih.gov
2014-03-24 11:56:10,blast.ncbi.nlm.nih.gov
2014-03-24 11:56:12,blast.ncbi.nlm.nih.gov
2014-03-24 11:56:14,blast.ncbi.nlm.nih.gov
2014-03-24 11:56:25,annotathon.org
2014-03-24 11:56:29,blast.ncbi.nlm.nih.gov
2014-03-24 11:56:30,blast.ncbi.nlm.nih.gov
2014-03-24 11:56:37,blast.ncbi.nlm.nih.gov
2014-03-24 11:56:41,www.ncbi.nlm.nih.gov
2014-03-24 11:56:41,blast.ncbi.nlm.nih.gov
2014-03-24 11:56:43,www.ncbi.nlm.nih.gov
2014-03-24 11:56:55,annotathon.org
2014-03-24 11:56:57,blast.ncbi.nlm.nih.gov
2014-03-24 11:56:58,www.ncbi.nlm.nih.gov
2014-03-24 11:57:00,www.ncbi.nlm.nih.gov
2014-03-24 11:57:25,annotathon.org
2014-03-24 11:57:49,blast.ncbi.nlm.nih.gov
2014-03-24 11:57:50,www.ncbi.nlm.nih.gov
2014-03-24 11:57:53,www.ncbi.nlm.nih.gov
2014-03-24 11:57:55,annotathon.org
2014-03-24 11:58:18,blast.ncbi.nlm.nih.gov
2014-03-24 11:58:18,www.ncbi.nlm.nih.gov
2014-03-24 11:58:21,www.ncbi.nlm.nih.gov
2014-03-24 11:58:25,annotathon.org
2014-03-24 11:58:55,annotathon.org
2014-03-24 11:59:01,blast.ncbi.nlm.nih.gov
2014-03-24 11:59:01,www.ncbi.nlm.nih.gov
2014-03-24 11:59:04,www.ncbi.nlm.nih.gov
2014-03-24 11:59:23,www.ncbi.nlm.nih.gov
2014-03-24 11:59:23,blast.ncbi.nlm.nih.gov
2014-03-24 11:59:25,www.ncbi.nlm.nih.gov
2014-03-24 11:59:25,annotathon.org
2014-03-24 11:59:55,annotathon.org
2014-03-24 12:00:25,annotathon.org
2014-03-24 12:01:06,annotathon.org
2014-03-24 12:01:36,annotathon.org
2014-03-24 12:01:48,blast.ncbi.nlm.nih.gov
2014-03-24 12:01:49,www.ncbi.nlm.nih.gov
2014-03-24 12:01:54,www.ncbi.nlm.nih.gov
2014-03-24 12:02:07,annotathon.org
2014-03-24 12:02:36,annotathon.org
2014-03-24 12:03:06,annotathon.org
2014-03-24 12:03:36,annotathon.org
2014-03-24 12:03:37,blast.ncbi.nlm.nih.gov
2014-03-24 12:03:48,blast.ncbi.nlm.nih.gov
2014-03-24 12:03:50,blast.ncbi.nlm.nih.gov
2014-03-24 12:03:51,blast.ncbi.nlm.nih.gov
2014-03-24 12:03:52,blast.ncbi.nlm.nih.gov
2014-03-24 12:03:53,blast.ncbi.nlm.nih.gov
2014-03-24 12:03:57,blast.ncbi.nlm.nih.gov
2014-03-24 12:04:06,annotathon.org
2014-03-24 12:04:20,blast.ncbi.nlm.nih.gov
2014-03-24 12:04:40,annotathon.org
2014-03-24 12:04:41,annotathon.org
2014-03-24 12:04:43,annotathon.org
2014-03-24 12:04:44,annotathon.org
2014-03-24 12:04:45,annotathon.org
2014-03-24 12:04:46,annotathon.org
2014-03-24 12:04:49,annotathon.univ-mrs.fr
2014-03-24 12:04:49,annotathon.org
2014-03-24 12:04:50,annotathon.org
2014-03-24 12:05:20,annotathon.org
2014-03-24 12:05:27,annotathon.org
2014-03-24 12:05:28,annotathon.univ-mrs.fr
2014-03-24 12:05:28,annotathon.org
2014-03-24 12:05:30,annotathon.univ-mrs.fr
2014-03-24 12:05:30,annotathon.org
2014-03-24 12:05:37,annotathon.org
2014-03-24 12:05:38,annotathon.org
2014-03-24 12:05:52,blast.ncbi.nlm.nih.gov
2014-03-24 12:05:53,blast.ncbi.nlm.nih.gov
2014-03-31 10:06:33,api.bing.com
2014-03-31 10:06:34,www.bing.com
2014-03-31 10:06:35,www.bing.com
2014-03-31 10:06:37,cms.abmr.net
2014-03-31 10:06:37,www.bing.com
2014-03-31 10:06:45,www.bing.com
2014-03-31 10:06:51,login.live.com
2014-03-31 10:06:56,www.google.fr
2014-03-31 10:06:56,clients1.google.fr
2014-03-31 10:06:56,www.bing.com
2014-03-31 10:07:03,ssl.bing.com
2014-03-31 10:07:05,clients1.google.fr
2014-03-31 10:07:06,clients1.google.fr
2014-03-31 10:07:07,clients1.google.fr
2014-03-31 10:07:08,clients1.google.fr
2014-03-31 10:07:08,www.google.fr
2014-03-31 10:07:10,www.google.fr
2014-03-31 10:07:10,clients1.google.fr
2014-03-31 10:07:11,www.google.fr
2014-03-31 10:07:13,annotathon.org
2014-03-31 10:07:14,annotathon.org
2014-03-31 10:07:14,www.google.fr
2014-03-31 10:07:24,annotathon.org
2014-03-31 10:07:24,www.google.fr
2014-03-31 10:07:27,annotathon.org
2014-03-31 10:07:27,www.google.fr
2014-03-31 10:07:36,annotathon.org
2014-03-31 10:07:36,www.google.fr
2014-03-31 10:07:37,annotathon.org
2014-03-31 10:07:37,www.google.fr
2014-03-31 10:07:46,www.google.fr
2014-03-31 10:07:46,annotathon.org
2014-03-31 10:07:47,annotathon.org
2014-03-31 10:07:47,www.google.fr
2014-03-31 10:07:53,annotathon.org
2014-03-31 10:07:54,www.google.fr
2014-03-31 10:08:05,annotathon.org
2014-03-31 10:08:05,www.google.fr
2014-03-31 10:08:15,annotathon.org
2014-03-31 10:08:35,annotathon.org
2014-03-31 10:09:09,annotathon.org
2014-03-31 10:09:35,annotathon.org
2014-03-31 10:09:44,annotathon.org
2014-03-31 10:09:45,annotathon.org
2014-03-31 10:09:47,annotathon.org
2014-03-31 10:09:48,annotathon.org
2014-03-31 10:09:48,annotathon.univ-mrs.fr
2014-03-31 10:10:18,annotathon.org
2014-03-31 10:10:37,api.bing.com
2014-03-31 10:10:38,api.bing.com
2014-03-31 10:10:41,www.bing.com
2014-03-31 10:10:48,annotathon.org
2014-03-31 10:10:51,www.bing.com
2014-03-31 10:10:56,login.live.com
2014-03-31 10:11:02,www.bing.com
2014-03-31 10:11:18,annotathon.org
2014-03-31 10:11:48,annotathon.org
2014-03-31 10:12:02,ssl.bing.com
2014-03-31 10:12:18,annotathon.org
2014-03-31 10:12:48,annotathon.org
2014-03-31 10:13:03,www.bing.com
2014-03-31 10:13:11,www.bing.com
2014-03-31 10:13:15,www.bing.com
2014-03-31 10:13:15,www.phylogeny.fr
2014-03-31 10:13:18,annotathon.org
2014-03-31 10:13:25,login.live.com
2014-03-31 10:13:48,annotathon.org
2014-03-31 10:14:48,annotathon.org
2014-03-31 10:15:18,annotathon.org
2014-03-31 10:15:33,www.phylogeny.fr
2014-03-31 10:15:41,www.phylogeny.fr
2014-03-31 10:15:42,www.phylogeny.fr
2014-03-31 10:15:48,annotathon.org
2014-03-31 10:15:51,www.phylogeny.fr
2014-03-31 10:15:54,www.phylogeny.fr
2014-03-31 10:15:55,www.phylogeny.fr
2014-03-31 10:16:18,annotathon.org
2014-03-31 10:16:48,annotathon.org
2014-03-31 10:17:18,annotathon.org
2014-03-31 10:17:48,annotathon.org
2014-03-31 10:18:18,annotathon.org
2014-03-31 10:18:48,annotathon.org
2014-03-31 10:19:18,annotathon.org
2014-03-31 10:19:48,annotathon.org
2014-03-31 10:20:18,annotathon.org
2014-03-31 10:20:48,annotathon.org
2014-03-31 10:21:18,annotathon.org
2014-03-31 10:21:48,annotathon.org
2014-03-31 10:22:18,annotathon.org
2014-03-31 10:22:48,annotathon.org
2014-03-31 10:23:18,annotathon.org
2014-03-31 10:23:48,annotathon.org
2014-03-31 10:24:18,annotathon.org
2014-03-31 10:24:40,www.phylogeny.fr
2014-03-31 10:24:48,annotathon.org
2014-03-31 10:25:18,annotathon.org
2014-03-31 10:25:48,annotathon.org
2014-03-31 10:26:18,annotathon.org
2014-03-31 10:26:48,annotathon.org
2014-03-31 10:27:10,www.phylogeny.fr
2014-03-31 10:27:15,www.phylogeny.fr
2014-03-31 10:27:18,www.phylogeny.fr
2014-03-31 10:27:18,annotathon.org
2014-03-31 10:27:24,www.phylogeny.fr
2014-03-31 10:27:25,www.phylogeny.fr
2014-03-31 10:27:37,www.phylogeny.fr
2014-03-31 10:27:43,www.phylogeny.fr
2014-03-31 10:27:48,annotathon.org
2014-03-31 10:27:56,www.phylogeny.fr
2014-03-31 10:27:57,www.phylogeny.fr
2014-03-31 10:28:18,annotathon.org
2014-03-31 10:28:48,annotathon.org
2014-03-31 10:29:18,annotathon.org
2014-03-31 10:29:49,annotathon.org
2014-03-31 10:30:19,annotathon.org
2014-03-31 10:30:36,www.phylogeny.fr
2014-03-31 10:30:49,annotathon.org
2014-03-31 10:30:49,www.phylogeny.fr
2014-03-31 10:30:59,www.phylogeny.fr
2014-03-31 10:31:00,www.phylogeny.fr
2014-03-31 10:31:19,annotathon.org
2014-03-31 10:31:41,www.phylogeny.fr
2014-03-31 10:31:48,www.phylogeny.fr
2014-03-31 10:31:49,annotathon.org
2014-03-31 10:32:19,annotathon.org
2014-03-31 10:32:22,www.phylogeny.fr
2014-03-31 10:32:29,www.phylogeny.fr
2014-03-31 10:32:49,annotathon.org
2014-03-31 10:33:12,www.phylogeny.fr
2014-03-31 10:33:19,annotathon.org
2014-03-31 10:33:49,annotathon.org
2014-03-31 10:33:53,www.phylogeny.fr
2014-03-31 10:34:11,www.phylogeny.fr
2014-03-31 10:34:12,www.phylogeny.fr
2014-03-31 10:34:19,annotathon.org
2014-03-31 10:34:22,www.phylogeny.fr
2014-03-31 10:34:31,www.phylogeny.fr
2014-03-31 10:34:32,www.phylogeny.fr
2014-03-31 10:34:47,www.phylogeny.fr
2014-03-31 10:34:49,annotathon.org
2014-03-31 10:35:19,annotathon.org
2014-03-31 10:35:49,annotathon.org
2014-03-31 10:36:19,annotathon.org
2014-03-31 10:36:49,annotathon.org
2014-03-31 10:37:19,annotathon.org
2014-03-31 10:37:49,annotathon.org
2014-03-31 10:38:19,annotathon.org
2014-03-31 10:38:49,annotathon.org
2014-03-31 10:39:19,annotathon.org
2014-03-31 10:39:49,annotathon.org
2014-03-31 10:40:19,annotathon.org
2014-03-31 10:40:49,annotathon.org
2014-03-31 10:41:19,annotathon.org
2014-03-31 10:41:45,www.phylogeny.fr
2014-03-31 10:41:49,annotathon.org
2014-03-31 10:41:49,www.phylogeny.fr
2014-03-31 10:42:01,www.phylogeny.fr
2014-03-31 10:42:02,www.phylogeny.fr
2014-03-31 10:42:12,www.phylogeny.fr
2014-03-31 10:42:19,annotathon.org
2014-03-31 10:42:21,www.phylogeny.fr
2014-03-31 10:42:40,www.phylogeny.fr
2014-03-31 10:42:49,annotathon.org
2014-03-31 10:43:19,annotathon.org
2014-03-31 10:43:49,annotathon.org
2014-03-31 10:44:19,annotathon.org
2014-03-31 10:44:49,annotathon.org
2014-03-31 10:45:19,annotathon.org
2014-03-31 10:45:49,annotathon.org
2014-03-31 10:46:19,annotathon.org
2014-03-31 10:46:49,annotathon.org
2014-03-31 10:47:19,annotathon.org
2014-03-31 10:47:49,annotathon.org
2014-03-31 10:48:19,annotathon.org
2014-03-31 10:48:49,annotathon.org
2014-03-31 10:49:19,annotathon.org
2014-03-31 10:49:49,annotathon.org
2014-03-31 10:50:19,annotathon.org
2014-03-31 10:50:49,annotathon.org
2014-03-31 10:51:19,annotathon.org
2014-03-31 10:51:49,annotathon.org
2014-03-31 10:52:19,annotathon.org
2014-03-31 10:52:49,annotathon.org
2014-03-31 10:53:20,annotathon.org
2014-03-31 10:53:50,annotathon.org
2014-03-31 10:54:20,annotathon.org
2014-03-31 10:54:50,annotathon.org
2014-03-31 10:55:20,annotathon.org
2014-03-31 10:55:50,annotathon.org
2014-03-31 10:56:20,annotathon.org
2014-03-31 10:56:50,annotathon.org
2014-03-31 10:57:20,annotathon.org
2014-03-31 10:57:50,annotathon.org
2014-03-31 10:58:20,annotathon.org
2014-03-31 10:58:35,api.bing.com
2014-03-31 10:58:37,api.bing.com
2014-03-31 10:58:38,api.bing.com
2014-03-31 10:58:39,www.bing.com
2014-03-31 10:58:40,www.bing.com
2014-03-31 10:58:50,annotathon.org
2014-03-31 10:58:50,www.bing.com
2014-03-31 10:58:51,www.bing.com
2014-03-31 10:58:51,www.rolandgarros.com
2014-03-31 10:58:52,www.rolandgarros.com
2014-03-31 10:58:53,www.rolandgarros.com
2014-03-31 10:58:54,www.rolandgarros.com
2014-03-31 10:58:55,login.live.com
2014-03-31 10:58:55,connect.facebook.net
2014-03-31 10:58:55,platform.twitter.com
2014-03-31 10:58:55,www.rolandgarros.com
2014-03-31 10:58:56,www.rolandgarros.com
2014-03-31 10:58:57,www.rolandgarros.com
2014-03-31 10:58:58,www.rolandgarros.com
2014-03-31 10:58:59,www.rolandgarros.com
2014-03-31 10:59:00,www.rolandgarros.com
2014-03-31 10:59:01,www.rolandgarros.com
2014-03-31 10:59:02,metrics.rolandgarros.com
2014-03-31 10:59:02,www.facebook.com
2014-03-31 10:59:02,www.rolandgarros.com
2014-03-31 10:59:02,static.ak.facebook.com
2014-03-31 10:59:03,www.google.fr
2014-03-31 10:59:03,www.google.com
2014-03-31 10:59:03,metrics.rolandgarros.com
2014-03-31 10:59:03,www.rolandgarros.com
2014-03-31 10:59:04,www.rolandgarros.com
2014-03-31 10:59:05,platform.twitter.com
2014-03-31 10:59:05,www.rolandgarros.com
2014-03-31 10:59:05,metrics.rolandgarros.com
2014-03-31 10:59:07,apis.google.com
2014-03-31 10:59:08,www.rolandgarros.com
2014-03-31 10:59:08,apis.google.com
2014-03-31 10:59:09,apis.google.com
2014-03-31 10:59:12,accounts.google.com
2014-03-31 10:59:12,s-static.ak.facebook.com
2014-03-31 10:59:18,twitter.com
2014-03-31 10:59:19,accounts.google.com
2014-03-31 10:59:19,www.facebook.com
2014-03-31 10:59:19,static.ak.facebook.com
2014-03-31 10:59:19,www.rolandgarros.com
2014-03-31 10:59:20,s-static.ak.facebook.com
2014-03-31 10:59:20,annotathon.org
2014-03-31 10:59:49,twitter.com
2014-03-31 10:59:50,annotathon.org
2014-03-31 11:00:20,annotathon.org
2014-03-31 11:00:25,www.facebook.com
2014-03-31 11:00:50,annotathon.org
2014-03-31 11:01:17,www.phylogeny.fr
2014-03-31 11:01:20,annotathon.org
2014-03-31 11:01:25,www.phylogeny.fr
2014-03-31 11:01:33,www.phylogeny.fr
2014-03-31 11:01:34,www.phylogeny.fr
2014-03-31 11:01:35,www.phylogeny.fr
2014-03-31 11:01:50,annotathon.org
2014-03-31 11:02:20,annotathon.org
2014-03-31 11:02:50,annotathon.org
2014-03-31 11:03:07,annotathon.org
2014-03-31 11:03:10,annotathon.org
2014-03-31 11:03:11,annotathon.org
2014-03-31 11:03:12,annotathon.org
2014-03-31 11:03:12,annotathon.univ-mrs.fr
2014-03-31 11:03:42,annotathon.org
2014-03-31 11:04:12,annotathon.org
2014-03-31 11:04:42,annotathon.org
2014-03-31 11:05:12,annotathon.org
2014-03-31 11:05:42,annotathon.org
2014-03-31 11:06:12,annotathon.org
2014-03-31 11:06:25,www.jalview.org
2014-03-31 11:06:26,html5shiv.googlecode.com
2014-03-31 11:06:26,www.jalview.org
2014-03-31 11:06:27,www.jalview.org
2014-03-31 11:06:28,jalview.aegir.lifesci.dundee.ac.uk
2014-03-31 11:06:28,www.jalview.org
2014-03-31 11:06:42,annotathon.org
2014-03-31 11:07:12,annotathon.org
2014-03-31 11:07:42,annotathon.org
2014-03-31 11:08:12,annotathon.org
2014-03-31 11:08:42,annotathon.org
2014-03-31 11:09:12,annotathon.org
2014-03-31 11:09:42,annotathon.org
2014-03-31 11:10:12,annotathon.org
2014-03-31 11:10:22,www.phylogeny.fr
2014-03-31 11:10:31,www.phylogeny.fr
2014-03-31 11:10:32,www.phylogeny.fr
2014-03-31 11:10:33,www.phylogeny.fr
2014-03-31 11:10:42,annotathon.org
2014-03-31 11:11:12,annotathon.org
2014-03-31 11:11:43,annotathon.org
2014-03-31 11:12:13,annotathon.org
2014-03-31 11:12:43,annotathon.org
2014-03-31 11:13:13,annotathon.org
2014-03-31 11:13:43,annotathon.org
2014-03-31 11:14:13,annotathon.org
2014-03-31 11:14:43,annotathon.org
2014-03-31 11:15:13,annotathon.org
2014-03-31 11:15:43,annotathon.org
2014-03-31 11:16:13,annotathon.org
2014-03-31 11:16:43,annotathon.org
2014-03-31 11:17:13,annotathon.org
2014-03-31 11:17:43,annotathon.org
2014-03-31 11:18:13,annotathon.org
2014-03-31 11:18:43,annotathon.org
2014-03-31 11:19:13,annotathon.org
2014-03-31 11:19:43,annotathon.org
2014-03-31 11:20:13,annotathon.org
2014-03-31 11:20:43,annotathon.org
2014-03-31 11:21:13,annotathon.org
2014-03-31 11:21:43,annotathon.org
2014-03-31 11:22:13,annotathon.org
2014-03-31 11:22:43,annotathon.org
2014-03-31 11:23:13,annotathon.org
2014-03-31 11:23:43,annotathon.org
2014-03-31 11:23:58,www.phylogeny.fr
2014-03-31 11:24:13,annotathon.org
2014-03-31 11:24:43,annotathon.org
2014-03-31 11:25:13,annotathon.org
2014-03-31 11:25:41,www.phylogeny.fr
2014-03-31 11:25:43,annotathon.org
2014-03-31 11:25:48,www.phylogeny.fr
2014-03-31 11:25:49,www.phylogeny.fr
2014-03-31 11:25:56,www.phylogeny.fr
2014-03-31 11:25:57,www.phylogeny.fr
2014-03-31 11:25:58,www.phylogeny.fr
2014-03-31 11:26:13,annotathon.org
2014-03-31 11:26:43,annotathon.org
2014-03-31 11:27:13,annotathon.org
2014-03-31 11:27:43,annotathon.org
2014-03-31 11:28:13,annotathon.org
2014-03-31 11:28:43,annotathon.org
2014-03-31 11:29:13,annotathon.org
2014-03-31 11:29:43,annotathon.org
2014-03-31 11:30:13,annotathon.org
2014-03-31 11:30:43,annotathon.org
2014-03-31 11:31:13,annotathon.org
2014-03-31 11:31:43,annotathon.org
2014-03-31 11:32:13,annotathon.org
2014-03-31 11:32:43,annotathon.org
2014-03-31 11:33:13,annotathon.org
2014-03-31 11:33:43,annotathon.org
2014-03-31 11:34:13,annotathon.org
2014-03-31 11:34:43,annotathon.org
2014-03-31 11:35:13,annotathon.org
2014-03-31 11:35:43,annotathon.org
2014-03-31 11:36:13,annotathon.org
2014-03-31 11:36:44,annotathon.org
2014-03-31 11:37:14,annotathon.org
2014-03-31 11:37:15,www.phylogeny.fr
2014-03-31 11:37:34,www.phylogeny.fr
2014-03-31 11:37:42,www.phylogeny.fr
2014-03-31 11:37:44,annotathon.org
2014-03-31 11:38:14,annotathon.org
2014-03-31 11:38:34,www.phylogeny.fr
2014-03-31 11:38:35,www.phylogeny.fr
2014-03-31 11:38:42,www.phylogeny.fr
2014-03-31 11:38:44,annotathon.org
2014-03-31 11:38:45,www.phylogeny.fr
2014-03-31 11:39:03,www.phylogeny.fr
2014-03-31 11:39:04,www.phylogeny.fr
2014-03-31 11:39:05,www.phylogeny.fr
2014-03-31 11:39:14,annotathon.org
2014-03-31 11:39:16,www.phylogeny.fr
2014-03-31 11:39:22,www.phylogeny.fr
2014-03-31 11:39:25,www.phylogeny.fr
2014-03-31 11:39:27,www.phylogeny.fr
2014-03-31 11:39:29,www.phylogeny.fr
2014-03-31 11:39:32,www.phylogeny.fr
2014-03-31 11:39:34,www.phylogeny.fr
2014-03-31 11:39:37,www.phylogeny.fr
2014-03-31 11:39:40,www.phylogeny.fr
2014-03-31 11:39:42,www.phylogeny.fr
2014-03-31 11:39:44,annotathon.org
2014-03-31 11:39:45,www.phylogeny.fr
2014-03-31 11:39:48,www.phylogeny.fr
2014-03-31 11:39:51,www.phylogeny.fr
2014-03-31 11:39:53,www.phylogeny.fr
2014-03-31 11:39:56,www.phylogeny.fr
2014-03-31 11:39:58,www.phylogeny.fr
2014-03-31 11:40:00,www.phylogeny.fr
2014-03-31 11:40:03,www.phylogeny.fr
2014-03-31 11:40:05,www.phylogeny.fr
2014-03-31 11:40:08,www.phylogeny.fr
2014-03-31 11:40:10,www.phylogeny.fr
2014-03-31 11:40:12,www.phylogeny.fr
2014-03-31 11:40:14,annotathon.org
2014-03-31 11:40:15,www.phylogeny.fr
2014-03-31 11:40:17,www.phylogeny.fr
2014-03-31 11:40:20,www.phylogeny.fr
2014-03-31 11:40:22,www.phylogeny.fr
2014-03-31 11:40:24,www.phylogeny.fr
2014-03-31 11:40:27,www.phylogeny.fr
2014-03-31 11:40:29,www.phylogeny.fr
2014-03-31 11:40:32,www.phylogeny.fr
2014-03-31 11:40:34,www.phylogeny.fr
2014-03-31 11:40:36,www.phylogeny.fr
2014-03-31 11:40:39,www.phylogeny.fr
2014-03-31 11:40:41,www.phylogeny.fr
2014-03-31 11:40:44,annotathon.org
2014-03-31 11:40:44,www.phylogeny.fr
2014-03-31 11:40:46,www.phylogeny.fr
2014-03-31 11:40:48,www.phylogeny.fr
2014-03-31 11:40:51,www.phylogeny.fr
2014-03-31 11:40:53,www.phylogeny.fr
2014-03-31 11:40:56,www.phylogeny.fr
2014-03-31 11:40:58,www.phylogeny.fr
2014-03-31 11:41:01,www.phylogeny.fr
2014-03-31 11:41:03,www.phylogeny.fr
2014-03-31 11:41:06,www.phylogeny.fr
2014-03-31 11:41:08,www.phylogeny.fr
2014-03-31 11:41:11,www.phylogeny.fr
2014-03-31 11:41:13,www.phylogeny.fr
2014-03-31 11:41:14,annotathon.org
2014-03-31 11:41:16,www.phylogeny.fr
2014-03-31 11:41:18,www.phylogeny.fr
2014-03-31 11:41:21,www.phylogeny.fr
2014-03-31 11:41:23,www.phylogeny.fr
2014-03-31 11:41:26,www.phylogeny.fr
2014-03-31 11:41:28,www.phylogeny.fr
2014-03-31 11:41:31,www.phylogeny.fr
2014-03-31 11:41:33,www.phylogeny.fr
2014-03-31 11:41:36,www.phylogeny.fr
2014-03-31 11:41:38,www.phylogeny.fr
2014-03-31 11:41:41,www.phylogeny.fr
2014-03-31 11:41:44,www.phylogeny.fr
2014-03-31 11:41:44,annotathon.org
2014-03-31 11:41:46,www.phylogeny.fr
2014-03-31 11:41:49,www.phylogeny.fr
2014-03-31 11:41:51,www.phylogeny.fr
2014-03-31 11:41:53,www.phylogeny.fr
2014-03-31 11:41:56,www.phylogeny.fr
2014-03-31 11:41:58,www.phylogeny.fr
2014-03-31 11:42:01,www.phylogeny.fr
2014-03-31 11:42:03,www.phylogeny.fr
2014-03-31 11:42:06,www.phylogeny.fr
2014-03-31 11:42:09,www.phylogeny.fr
2014-03-31 11:42:11,www.phylogeny.fr
2014-03-31 11:42:14,www.phylogeny.fr
2014-03-31 11:42:14,annotathon.org
2014-03-31 11:42:16,www.phylogeny.fr
2014-03-31 11:42:19,www.phylogeny.fr
2014-03-31 11:42:24,www.phylogeny.fr
2014-03-31 11:42:25,www.phylogeny.fr
2014-03-31 11:42:44,annotathon.org
2014-03-31 11:43:14,annotathon.org
2014-03-31 11:43:44,annotathon.org
2014-03-31 11:44:14,annotathon.org
2014-03-31 11:44:32,www.phylogeny.fr
2014-03-31 11:44:33,www.phylogeny.fr
2014-03-31 11:44:44,annotathon.org
2014-03-31 11:45:14,annotathon.org
2014-03-31 11:45:44,annotathon.org
2014-03-31 11:46:14,annotathon.org
2014-03-31 11:46:16,annotathon.org
2014-03-31 11:46:18,annotathon.org
2014-03-31 11:46:19,annotathon.org
2014-03-31 11:46:19,annotathon.univ-mrs.fr
2014-03-31 11:46:46,annotathon.org
2014-03-31 11:46:46,annotathon.univ-mrs.fr
2014-03-31 11:47:11,www.phylogeny.fr
2014-03-31 11:47:16,annotathon.org
2014-03-31 11:47:25,www.phylogeny.fr
2014-03-31 11:47:33,www.phylogeny.fr
2014-03-31 11:47:34,www.phylogeny.fr
2014-03-31 11:47:46,annotathon.org
2014-03-31 11:48:16,annotathon.org
2014-03-31 11:48:33,www.phylogeny.fr
2014-03-31 11:48:46,www.phylogeny.fr
2014-03-31 11:48:46,annotathon.org
2014-03-31 11:49:16,annotathon.org
2014-03-31 11:49:46,annotathon.org
2014-03-31 11:50:16,annotathon.org
2014-03-31 11:50:46,annotathon.org
2014-03-31 11:51:17,annotathon.org
2014-03-31 11:51:47,annotathon.org
2014-03-31 11:52:17,annotathon.org
2014-03-31 11:52:47,annotathon.org
2014-03-31 11:53:17,annotathon.org
2014-03-31 11:53:47,annotathon.org
2014-03-31 11:54:13,annotathon.org
2014-03-31 11:54:13,annotathon.univ-mrs.fr
2014-03-31 11:54:43,annotathon.org
2014-03-31 11:55:13,annotathon.org
2014-03-31 11:55:43,annotathon.org
2014-03-31 11:56:13,annotathon.org
2014-03-31 11:56:20,www.phylogeny.fr
2014-03-31 11:56:24,www.phylogeny.fr
2014-03-31 11:56:39,www.phylogeny.fr
2014-03-31 11:56:43,www.phylogeny.fr
2014-03-31 11:56:43,annotathon.org
2014-03-31 11:56:44,www.phylogeny.fr
2014-03-31 11:56:52,www.phylogeny.fr
2014-03-31 11:56:53,www.phylogeny.fr
2014-03-31 11:57:13,www.phylogeny.fr
2014-03-31 11:57:13,annotathon.org
2014-03-31 11:57:14,www.phylogeny.fr
2014-03-31 11:57:43,annotathon.org
2014-03-31 11:57:52,www.phylogeny.fr
2014-03-31 11:58:13,annotathon.org
2014-03-31 11:58:44,annotathon.org
2014-03-31 11:58:49,annotathon.org
2014-03-31 11:58:49,annotathon.univ-mrs.fr
