timestamp,site
2013-03-12 09:50:36,dl.patchbeam.com
2013-03-12 09:50:57,www.powerarchiver.com
2013-03-12 09:50:57,dl.patchbeam.com
2013-03-12 10:21:17,fpdownload2.macromedia.com
2013-03-12 10:21:25,res2.windows.microsoft.com
2013-03-12 10:21:25,res1.windows.microsoft.com
2013-03-12 10:21:25,windows.microsoft.com
2013-03-12 10:21:25,go.microsoft.com
2013-03-12 10:21:25,ieonline.microsoft.com
2013-03-12 10:21:26,js.microsoft.com
2013-03-12 10:21:26,res1.windows.microsoft.com
2013-03-12 10:21:26,ajax.microsoft.com
2013-03-12 10:21:26,res2.windows.microsoft.com
2013-03-12 10:21:27,www.bing.com
2013-03-12 10:21:27,res2.windows.microsoft.com
2013-03-12 10:21:28,www.google.com
2013-03-12 10:21:28,res1.windows.microsoft.com
2013-03-12 10:21:29,res2.windows.microsoft.com
2013-03-12 10:21:29,www.facebook.com
2013-03-12 10:21:29,windows.microsoft.com
2013-03-12 10:21:29,res1.windows.microsoft.com
2013-03-12 10:21:30,www.facebook.com
2013-03-12 10:21:32,js.microsoft.com
2013-03-12 10:21:32,res1.windows.microsoft.com
2013-03-12 10:21:33,res1.windows.microsoft.com
2013-03-12 10:21:33,res2.windows.microsoft.com
2013-03-12 10:21:35,windows.microsoft.com
2013-03-12 10:21:36,res1.windows.microsoft.com
2013-03-12 10:21:36,res2.windows.microsoft.com
2013-03-12 10:21:37,res2.windows.microsoft.com
2013-03-12 10:21:37,res1.windows.microsoft.com
2013-03-12 10:22:08,google.fr
2013-03-12 10:22:08,www.google.fr
2013-03-12 10:22:11,apis.google.com
2013-03-12 10:22:13,www.google.com
2013-03-12 10:22:46,apis.google.com
2013-03-12 10:22:46,www.google.fr
2013-03-12 10:22:47,www.gmail.com
2013-03-12 10:22:47,mail.google.com
2013-03-12 10:22:48,accounts.google.com
2013-03-12 10:22:48,mail.google.com
2013-03-12 10:22:48,www.google.fr
2013-03-12 10:22:49,accounts.google.com
2013-03-12 10:22:49,www.google.com
2013-03-12 10:22:49,mail.google.com
2013-03-12 10:22:53,www.google.com
2013-03-12 10:22:53,mail.google.com
2013-03-12 10:22:57,accounts.youtube.com
2013-03-12 10:22:58,apis.google.com
2013-03-12 10:23:13,apis.google.com
2013-03-12 10:23:13,accounts.google.fr
2013-03-12 10:23:19,accounts.google.com
2013-03-12 10:23:19,accounts.youtube.com
2013-03-12 10:23:19,accounts.google.fr
2013-03-12 10:23:19,mail.google.com
2013-03-12 10:23:20,mail.google.com
2013-03-12 10:23:22,mail.google.com
2013-03-12 10:23:22,clients2.google.com
2013-03-12 10:23:23,go.microsoft.com
2013-03-12 10:23:23,ieonline.microsoft.com
2013-03-12 10:23:23,apis.google.com
2013-03-12 10:23:23,mail.google.com
2013-03-12 10:23:23,www.google.com
2013-03-12 10:23:23,plus.google.com
2013-03-12 10:23:24,plus.google.com
2013-03-12 10:23:32,clients2.google.com
2013-03-12 10:23:32,plus.google.com
2013-03-12 10:23:32,apis.google.com
2013-03-12 10:23:34,mail.google.com
2013-03-12 10:23:34,chatenabled.mail.google.com
2013-03-12 10:23:40,clients6.google.com
2013-03-12 10:23:41,mail.google.com
2013-03-12 10:25:22,mail.google.com
2013-03-12 10:27:33,plus.google.com
2013-03-12 10:27:34,chatenabled.mail.google.com
2013-03-12 10:27:40,apis.google.com
2013-03-12 10:27:41,clients6.google.com
2013-03-12 10:28:01,clients6.google.com
2013-03-12 10:35:09,mail.google.com
2013-03-12 10:37:37,plus.google.com
2013-03-12 10:37:47,plus.google.com
2013-03-12 10:42:54,mail.google.com
2013-03-12 10:46:43,mail.google.com
2013-03-12 10:47:47,plus.google.com
2013-03-12 10:50:47,mail.google.com
2013-03-12 10:57:47,plus.google.com
2013-03-12 10:58:22,mail.google.com
2013-03-12 11:01:54,mail.google.com
2013-03-12 11:07:47,plus.google.com
2013-03-12 11:08:41,mail.google.com
2013-03-12 11:09:47,mail.google.com
2013-03-12 11:14:12,mail.google.com
2013-03-12 11:17:48,plus.google.com
2013-03-12 11:18:22,mail.google.com
2013-03-12 11:22:18,mail.google.com
2013-03-12 11:27:48,plus.google.com
2013-03-12 11:29:05,mail.google.com
2013-03-12 11:32:37,mail.google.com
2013-03-12 11:36:19,mail.google.com
2013-03-12 11:37:48,plus.google.com
2013-03-12 11:43:35,mail.google.com
2013-03-12 11:47:10,mail.google.com
2013-03-12 11:47:49,plus.google.com
2013-03-12 11:50:08,mail.google.com
2013-08-12 23:53:02,www.google.com
2013-08-12 23:53:03,ieonline.microsoft.com
2013-08-12 23:53:03,ajax.microsoft.com
2013-08-12 23:53:03,res2.windows.microsoft.com
2013-08-12 23:53:03,js.microsoft.com
2013-08-12 23:53:03,windows.microsoft.com
2013-08-12 23:53:03,go.microsoft.com
2013-08-12 23:53:03,res1.windows.microsoft.com
2013-08-12 23:53:04,windows.microsoft.com
2013-08-12 23:53:04,www.facebook.com
2013-08-12 23:53:04,res1.windows.microsoft.com
2013-08-12 23:53:04,res2.windows.microsoft.com
2013-08-12 23:53:05,www.facebook.com
2013-08-12 23:53:05,js.microsoft.com
2013-08-12 23:53:06,res1.windows.microsoft.com
2013-08-12 23:53:06,res2.windows.microsoft.com
2013-08-12 23:53:07,windows.microsoft.com
2013-08-12 23:53:11,res1.windows.microsoft.com
2013-08-12 23:54:47,go.microsoft.com
2013-08-12 23:55:52,ieonline.microsoft.com
2013-08-12 23:57:25,www.yahoo.com
2013-08-12 23:57:26,fr.yahoo.com
2013-08-12 23:57:31,fr.yahoo.com
2013-08-12 23:57:31,locdrop.query.yahoo.com
2013-08-12 23:57:41,fr.yahoo.com
2013-08-12 23:57:42,mail.yahoo.com
2013-08-12 23:57:43,login.yahoo.com
2013-08-12 23:57:44,login.yahoo.com
2013-08-12 23:57:46,login.yahoo.com
2013-08-12 23:57:47,eulerian.brandalley.fr
2013-08-12 23:57:47,login.yahoo.com
2013-10-12 09:20:53,mail.google.com
2013-10-12 09:20:53,gmail.com
2013-10-12 09:21:05,accounts.google.com
2013-10-12 09:21:08,accounts.youtube.com
2013-10-12 09:21:12,mail.google.com
2013-10-12 09:21:52,accounts.google.fr
2013-10-12 09:21:54,accounts.google.com
2013-10-12 09:21:54,accounts.youtube.com
2013-10-12 09:21:54,accounts.google.fr
2013-10-12 09:21:54,mail.google.com
2013-10-12 09:21:54,apis.google.com
2013-10-12 09:21:55,mail.google.com
2013-10-12 09:21:55,apis.google.com
2013-10-12 09:21:55,clients2.google.com
2013-10-12 09:21:55,plus.google.com
2013-10-12 09:21:56,accounts.google.com
2013-10-12 09:21:57,www.google.com
2013-10-12 09:21:58,chatenabled.mail.google.com
2013-10-12 09:21:59,b.mail.google.com
2013-10-12 09:22:37,www.google.com
2013-10-12 09:22:37,chatenabled.mail.google.com
2013-10-12 09:22:37,plus.google.com
2013-10-12 09:22:37,mail.google.com
2013-10-12 09:23:20,www.squid-cache.org
2013-10-12 09:23:55,mail.google.com
2013-10-12 09:26:38,plus.google.com
2013-10-12 09:26:54,plus.google.com
2013-10-12 09:30:30,apis.google.com
2013-10-12 09:33:56,mail.google.com
2013-10-12 09:35:56,plus.google.com
2013-10-12 09:37:56,mail.google.com
2013-10-12 09:39:56,plus.google.com
2013-10-12 09:42:10,track.mdsmatch2.com
2013-10-12 09:42:11,landing.amoureux.com
2013-10-12 09:42:37,apis.google.com
2013-10-12 09:42:51,mail.google.com
2013-10-12 09:42:53,plus.google.com
2013-10-12 09:42:53,b.mail.google.com
2013-10-12 09:42:54,mail.google.com
2013-10-12 09:42:54,www.google.com
2013-10-12 09:42:54,accounts.youtube.com
2013-10-12 09:42:54,www.google.fr
2013-10-12 09:42:59,accounts.google.com
2013-10-12 09:42:59,accounts.google.fr
2013-10-12 09:42:59,accounts.youtube.com
2013-10-12 09:42:59,mail.google.com
2013-11-15 16:05:48,www.google.fr
2013-11-15 16:05:48,google.fr
2013-11-15 16:05:59,www.google.fr
2013-11-15 16:06:00,apis.google.com
2013-11-15 16:06:02,www.google.com
2013-11-15 16:06:05,plus.google.com
2013-11-15 16:06:23,mail.google.com
2013-11-15 16:06:23,www.google.fr
2013-11-15 16:06:23,www.google.com
2013-11-15 16:06:23,gmail.com
2013-11-15 16:06:35,accounts.google.com
2013-11-15 16:06:36,accounts.google.com
2013-11-15 16:06:37,mail.google.com
2013-11-15 16:06:38,apis.google.com
2013-11-15 16:06:38,plus.google.com
2013-11-15 16:06:39,accounts.google.com
2013-11-15 16:06:39,mail.google.com
2013-11-15 16:06:39,www.google.com
2013-11-15 16:06:40,www.google.com
2013-11-15 16:06:40,mail.google.com
2013-11-15 16:06:40,clients2.google.com
2013-11-15 16:06:41,clients2.google.com
2013-11-15 16:06:48,plus.google.com
2013-11-15 16:06:48,chatenabled.mail.google.com
2013-11-15 16:06:49,b.mail.google.com
2013-11-15 16:07:02,apis.google.com
2013-11-15 16:07:03,plus.google.com
2013-11-15 16:07:03,accounts.google.com
2013-11-15 16:07:03,chatenabled.mail.google.com
2013-11-15 16:07:06,p61.badoo.com
2013-11-15 16:07:06,plus.google.com
2013-11-15 16:07:06,mail.google.com
2013-11-15 16:07:28,eu1.badoo.com
2013-11-15 16:07:29,eu1.badoo.com
2013-11-15 16:07:30,fpdownload2.macromedia.com
2013-11-15 16:07:40,eu1.badoo.com
2013-11-15 16:07:41,eu1.badoo.com
2013-11-15 16:08:04,eu1.badoo.com
2013-11-15 16:08:05,eu1.badoo.com
2013-11-15 16:08:09,eu1.badoo.com
2013-11-15 16:08:10,eu1.badoo.com
2013-11-15 16:08:18,eu1.badoo.com
2013-11-15 16:08:21,eu1.badoo.com
2013-11-15 16:08:37,eu1.badoo.com
2013-11-15 16:08:41,eu1.badoo.com
2013-11-15 16:08:42,eu1.badoo.com
2013-11-15 16:08:44,eu1.badoo.com
2013-11-15 16:08:51,eu1.badoo.com
2013-11-15 16:08:53,eu1.badoo.com
2013-11-15 16:08:54,eu1.badoo.com
2013-11-15 16:08:58,eu1.badoo.com
2013-11-15 16:09:01,eu1.badoo.com
2013-11-15 16:09:04,eu1.badoo.com
2013-11-15 16:09:05,eu1.badoo.com
2013-11-15 16:09:07,eu1.badoo.com
2013-11-15 16:09:08,eu1.badoo.com
2013-11-15 16:09:11,eu1.badoo.com
2013-11-15 16:09:14,eu1.badoo.com
2013-11-15 16:09:15,eu1.badoo.com
2013-11-15 16:09:17,eu1.badoo.com
2013-11-15 16:09:27,eu1.badoo.com
2013-11-15 16:09:29,eu1.badoo.com
2013-11-15 16:09:31,eu1.badoo.com
2013-11-15 16:09:34,eu1.badoo.com
2013-11-15 16:09:40,eu1.badoo.com
2013-11-15 16:09:47,eu1.badoo.com
2013-11-15 16:09:48,eu1.badoo.com
2013-11-15 16:09:55,eu1.badoo.com
2013-11-15 16:09:56,eu1.badoo.com
2013-11-15 16:10:00,eu1.badoo.com
2013-11-15 16:10:03,eu1.badoo.com
2013-11-15 16:10:04,eu1.badoo.com
2013-11-15 16:10:07,eu1.badoo.com
2013-11-15 16:10:09,eu1.badoo.com
2013-11-15 16:10:10,eu1.badoo.com
2013-11-15 16:10:11,eu1.badoo.com
2013-11-15 16:10:12,eu1.badoo.com
2013-11-15 16:10:14,eu1.badoo.com
2013-11-15 16:10:16,eu1.badoo.com
2013-11-15 16:10:17,eu1.badoo.com
2013-11-15 16:10:21,eu1.badoo.com
2013-11-15 16:10:22,eu1.badoo.com
2013-11-15 16:10:24,eu1.badoo.com
2013-11-15 16:10:25,eu1.badoo.com
2013-11-15 16:10:28,eu1.badoo.com
2013-11-15 16:10:32,eu1.badoo.com
2013-11-15 16:10:33,eu1.badoo.com
2013-11-15 16:11:45,plus.google.com
2013-11-15 16:16:20,eu1.badoo.com
2013-11-15 16:16:24,eu1.badoo.com
2013-11-15 16:16:25,eu1.badoo.com
2013-11-15 16:16:26,eu1.badoo.com
2013-11-15 16:16:27,eu1.badoo.com
2013-11-15 16:16:28,eu1.badoo.com
2013-11-15 16:16:29,eu1.badoo.com
2013-11-15 16:16:31,eu1.badoo.com
2013-11-15 16:16:32,eu1.badoo.com
2013-11-15 16:16:34,eu1.badoo.com
2013-11-15 16:16:38,eu1.badoo.com
2013-11-15 16:16:39,eu1.badoo.com
2013-11-15 16:16:42,eu1.badoo.com
2013-11-15 16:16:43,eu1.badoo.com
2013-11-15 16:16:45,eu1.badoo.com
2013-11-15 16:16:46,eu1.badoo.com
2013-11-15 16:16:48,eu1.badoo.com
2013-11-15 16:16:49,eu1.badoo.com
2013-11-15 16:16:51,eu1.badoo.com
2013-11-15 16:16:55,eu1.badoo.com
2013-11-15 16:16:59,eu1.badoo.com
2013-11-15 16:17:00,eu1.badoo.com
2013-11-15 16:17:03,eu1.badoo.com
2013-11-15 16:17:05,eu1.badoo.com
2013-11-15 16:17:06,eu1.badoo.com
2013-11-15 16:17:12,eu1.badoo.com
2013-11-15 16:17:13,eu1.badoo.com
2013-11-15 16:17:17,eu1.badoo.com
2013-11-15 16:17:18,eu1.badoo.com
2013-11-15 16:17:22,eu1.badoo.com
2013-11-15 16:17:23,eu1.badoo.com
2013-11-15 16:17:27,eu1.badoo.com
2013-11-15 16:17:28,eu1.badoo.com
2013-11-15 16:17:34,eu1.badoo.com
2013-11-15 16:17:35,eu1.badoo.com
2013-11-15 16:17:37,eu1.badoo.com
2013-11-15 16:17:40,eu1.badoo.com
2013-11-15 16:17:41,eu1.badoo.com
2013-11-15 16:17:41,mail.google.com
2013-11-15 16:17:48,eu1.badoo.com
2013-11-15 16:17:51,eu1.badoo.com
2013-11-15 16:17:52,eu1.badoo.com
2013-11-15 16:17:53,eu1.badoo.com
2013-11-15 16:17:54,eu1.badoo.com
2013-11-15 16:18:00,eu1.badoo.com
2013-11-15 16:20:55,plus.google.com
2013-11-15 16:23:42,mail.google.com
2013-11-15 16:27:29,mail.google.com
2013-11-15 16:28:43,mail.google.com
2013-11-15 16:30:56,plus.google.com
2013-11-15 16:32:29,mail.google.com
2013-11-15 16:33:44,mail.google.com
2013-11-15 16:37:29,mail.google.com
2013-11-15 16:37:30,eu1.badoo.com
2013-11-15 16:38:44,mail.google.com
2013-11-15 16:40:56,plus.google.com
2013-11-15 16:42:29,mail.google.com
2013-11-15 16:43:48,mail.google.com
2013-11-15 16:47:29,mail.google.com
2013-11-15 16:48:29,eu1.badoo.com
2013-11-15 16:48:30,eu1.badoo.com
2013-11-15 16:48:32,eu1.badoo.com
2013-11-15 16:48:37,eu1.badoo.com
2013-11-15 16:49:03,eu1.badoo.com
2013-11-15 16:49:04,eu1.badoo.com
2013-11-15 16:49:06,eu1.badoo.com
2013-11-15 16:49:10,eu1.badoo.com
2013-11-15 16:49:11,eu1.badoo.com
2013-11-15 16:49:14,eu1.badoo.com
2013-11-15 16:49:22,eu1.badoo.com
2013-11-15 16:49:23,eu1.badoo.com
2013-11-15 16:49:25,eu1.badoo.com
2013-11-15 16:49:27,eu1.badoo.com
2013-11-15 16:49:29,eu1.badoo.com
2013-11-15 16:49:30,eu1.badoo.com
2013-11-15 16:49:32,eu1.badoo.com
2013-11-15 16:49:33,eu1.badoo.com
2013-11-15 16:49:37,eu1.badoo.com
2013-11-15 16:49:38,eu1.badoo.com
2013-11-15 16:49:44,eu1.badoo.com
2013-11-15 16:49:45,eu1.badoo.com
2013-11-15 16:49:46,eu1.badoo.com
2013-11-15 16:49:47,eu1.badoo.com
2013-11-15 16:49:49,eu1.badoo.com
2013-11-15 16:49:51,eu1.badoo.com
2013-11-15 16:49:52,eu1.badoo.com
2013-11-15 16:49:54,eu1.badoo.com
2013-11-15 16:49:55,eu1.badoo.com
2013-11-15 16:49:58,eu1.badoo.com
2013-11-15 16:50:04,eu1.badoo.com
2013-11-15 16:50:07,eu1.badoo.com
2013-11-15 16:50:08,eu1.badoo.com
2013-11-15 16:50:11,eu1.badoo.com
2013-11-15 16:50:15,eu1.badoo.com
2013-11-15 16:50:17,eu1.badoo.com
2013-11-15 16:50:20,eu1.badoo.com
2013-11-15 16:50:21,eu1.badoo.com
2013-11-15 16:50:25,eu1.badoo.com
2013-11-15 16:50:27,eu1.badoo.com
2013-11-15 16:50:31,eu1.badoo.com
2013-11-15 16:50:33,eu1.badoo.com
2013-11-15 16:50:34,eu1.badoo.com
2013-11-15 16:50:35,eu1.badoo.com
2013-11-15 16:50:36,eu1.badoo.com
2013-11-15 16:50:39,eu1.badoo.com
2013-11-15 16:50:40,eu1.badoo.com
2013-11-15 16:50:42,eu1.badoo.com
2013-11-15 16:50:56,plus.google.com
2013-11-15 16:50:59,eu1.badoo.com
2013-11-15 16:51:00,eu1.badoo.com
2013-11-15 16:51:14,eu1.badoo.com
2013-11-15 16:51:16,eu1.badoo.com
2013-11-15 16:51:17,eu1.badoo.com
2013-11-15 16:51:19,eu1.badoo.com
2013-11-15 16:51:20,eu1.badoo.com
2013-11-15 16:51:21,eu1.badoo.com
2013-11-15 16:51:22,eu1.badoo.com
2013-11-15 16:51:23,eu1.badoo.com
2013-11-15 16:51:24,eu1.badoo.com
2013-11-15 16:51:26,eu1.badoo.com
2013-11-15 16:51:28,eu1.badoo.com
2013-11-15 16:51:29,eu1.badoo.com
2013-11-15 16:51:32,eu1.badoo.com
2013-11-15 16:51:33,eu1.badoo.com
2013-11-15 16:51:36,eu1.badoo.com
2013-11-15 16:51:37,eu1.badoo.com
2013-11-15 16:51:41,eu1.badoo.com
2013-11-15 16:51:42,eu1.badoo.com
2013-11-15 16:51:43,eu1.badoo.com
2013-11-15 16:51:49,eu1.badoo.com
2013-11-15 16:51:52,eu1.badoo.com
2013-11-15 16:51:53,eu1.badoo.com
2013-11-15 16:51:54,eu1.badoo.com
2013-11-15 16:51:55,eu1.badoo.com
2013-11-15 17:00:56,plus.google.com
2013-11-15 17:05:52,mail.google.com
2013-11-15 17:07:29,eu1.badoo.com
2013-11-15 17:07:30,eu1.badoo.com
2013-11-15 17:08:25,mail.google.com
2013-11-15 17:10:53,mail.google.com
2013-11-15 17:10:57,plus.google.com
2013-11-15 17:13:25,mail.google.com
2013-11-15 17:15:53,mail.google.com
2013-11-15 17:17:21,eu1.badoo.com
2013-11-15 17:17:24,eu1.badoo.com
2013-11-15 17:17:30,eu1.badoo.com
2013-11-15 17:17:38,eu1.badoo.com
2013-11-15 17:18:25,mail.google.com
2013-11-15 17:20:54,mail.google.com
2013-11-15 17:20:57,plus.google.com
2013-11-15 17:23:25,mail.google.com
2013-11-15 17:25:55,mail.google.com
2013-11-15 17:28:25,mail.google.com
2013-11-15 17:30:33,eu1.badoo.com
2013-11-15 17:30:34,eu1.badoo.com
2013-11-15 17:30:35,eu1.badoo.com
2013-11-15 17:30:36,badoo.com
2013-11-15 17:30:38,mail.google.com
2013-11-15 17:30:41,b.mail.google.com
2013-11-15 17:30:54,www.google.fr
2013-11-15 17:30:54,www.google.com
2013-11-15 17:30:54,accounts.google.fr
2013-11-15 17:30:54,plus.google.com
2013-11-15 17:30:54,accounts.youtube.com
2013-11-15 17:30:59,accounts.google.fr
2013-11-15 17:31:01,accounts.youtube.com
2013-11-15 17:31:01,accounts.google.com
2013-11-15 17:31:01,mail.google.com
2013-11-16 09:31:34,go.microsoft.com
2013-11-16 09:31:34,windows.microsoft.com
2013-11-16 09:31:34,res2.windows.microsoft.com
2013-11-16 09:31:35,js.microsoft.com
2013-11-16 09:31:35,res1.windows.microsoft.com
2013-11-16 09:31:35,res2.windows.microsoft.com
2013-11-16 09:31:35,ajax.microsoft.com
2013-11-16 09:31:35,windows.microsoft.com
2013-11-16 09:31:36,res1.windows.microsoft.com
2013-11-16 09:31:36,js.microsoft.com
2013-11-16 09:31:38,www.google.com
2013-11-16 09:31:40,www.google.fr
2013-11-16 09:31:40,google.fr
2013-11-16 09:31:41,www.google.fr
2013-11-16 09:31:42,apis.google.com
2013-11-16 09:31:43,www.google.com
2013-11-16 09:32:18,www.leboncoin.fr
2013-11-16 09:32:18,apis.google.com
2013-11-16 09:32:18,www.google.com
2013-11-16 09:32:18,deliv.leboncoin.fr
2013-11-16 09:32:18,static.leboncoin.fr
2013-11-16 09:32:18,www.google.fr
2013-11-16 09:32:19,static.leboncoin.fr
2013-11-16 09:32:19,www.leboncoin.fr
2013-11-16 09:32:20,static.leboncoin.fr
2013-11-16 09:32:20,193.164.197.40
2013-11-16 09:32:20,www.leboncoin.fr
2013-11-16 09:32:21,193.164.197.30
2013-11-16 09:32:21,193.164.196.30
2013-11-16 09:32:21,193.164.197.60
2013-11-16 09:32:21,193.164.197.40
2013-11-16 09:32:21,193.164.196.60
2013-11-16 09:32:21,deliv.leboncoin.fr
2013-11-16 09:32:21,193.164.197.50
2013-11-16 09:32:21,193.164.196.40
2013-11-16 09:32:21,static.leboncoin.fr
2013-11-16 09:32:21,193.164.196.50
2013-11-16 09:32:21,www.leboncoin.fr
2013-11-16 09:32:22,compteperso.leboncoin.fr
2013-11-16 09:32:22,deliv.leboncoin.fr
2013-11-16 09:32:27,compteperso.leboncoin.fr
2013-11-16 09:32:36,www.leboncoin.fr
2013-11-16 09:32:37,www.leboncoin.fr
2013-11-16 09:32:39,www.leboncoin.fr
2013-11-16 09:32:41,193.164.197.50
2013-11-16 09:32:41,193.164.196.40
2013-11-16 09:32:41,193.164.197.60
2013-11-16 09:32:41,193.164.197.40
2013-11-16 09:32:41,193.164.197.30
2013-11-16 09:32:41,193.164.196.30
2013-11-16 09:32:41,193.164.196.60
2013-11-16 09:32:41,www.leboncoin.fr
2013-11-16 09:32:41,193.164.196.50
2013-11-16 09:32:42,deliv.leboncoin.fr
2013-11-16 09:32:42,193.164.197.50
2013-11-16 09:32:42,193.164.196.40
2013-11-16 09:32:42,193.164.197.40
2013-11-16 09:32:42,193.164.196.50
2013-11-16 09:32:42,193.164.196.60
2013-11-16 09:32:42,193.164.197.60
2013-11-16 09:32:42,193.164.197.30
2013-11-16 09:32:42,www.google.com
2013-11-16 09:32:43,mm.eulerian.net
2013-11-16 09:33:25,193.164.196.30
2013-11-16 09:33:25,static.leboncoin.fr
2013-11-16 09:33:25,www.leboncoin.fr
2013-11-16 09:33:25,193.164.197.50
2013-11-16 09:33:25,deliv.leboncoin.fr
2013-11-16 09:33:26,deliv.leboncoin.fr
2013-11-16 09:33:26,static.leboncoin.fr
2013-11-16 09:33:26,193.164.197.50
2013-11-16 09:33:26,mm.eulerian.net
2013-11-16 09:33:34,193.164.196.30
2013-11-16 09:33:37,193.164.196.30
2013-11-16 09:33:49,deliv.leboncoin.fr
2013-11-16 09:33:50,deliv.leboncoin.fr
2013-11-16 09:34:18,ieonline.microsoft.com
2013-11-16 09:34:21,go.microsoft.com
2013-11-16 09:34:26,193.164.197.40
2013-11-16 09:34:26,193.164.197.50
2013-11-16 09:34:26,193.164.196.40
2013-11-16 09:34:26,193.164.196.50
2013-11-16 09:34:26,www.leboncoin.fr
2013-11-16 09:34:26,193.164.197.30
2013-11-16 09:34:26,193.164.197.60
2013-11-16 09:34:26,193.164.196.60
2013-11-16 09:34:26,193.164.196.30
2013-11-16 09:34:27,deliv.leboncoin.fr
2013-11-16 09:34:28,eulerian.canal-plus.com
2013-11-16 09:35:53,www.leboncoin.fr
2013-11-16 09:35:53,193.164.196.30
2013-11-16 09:35:53,deliv.leboncoin.fr
2013-11-16 09:35:54,193.164.196.60
2013-11-16 09:35:54,193.164.196.50
2013-11-16 09:35:54,193.164.197.50
2013-11-16 09:35:54,deliv.leboncoin.fr
2013-11-16 09:35:54,193.164.197.60
2013-11-16 09:35:54,193.164.197.30
2013-11-16 09:35:54,193.164.197.40
2013-11-16 09:35:54,193.164.196.40
2013-11-16 09:35:54,193.164.196.30
2013-11-16 09:35:55,www.eficiens-serving2.com
2013-11-16 09:36:47,www.leboncoin.fr
2013-11-16 09:36:47,193.164.197.50
2013-11-16 09:36:48,deliv.leboncoin.fr
2013-11-16 09:36:48,mm.eulerian.net
2013-11-16 09:36:48,r.kelkoo.com
2013-11-16 09:37:06,deliv.leboncoin.fr
2013-11-16 09:37:06,eulerian.canal-plus.com
2013-11-16 09:37:16,www.leboncoin.fr
2013-11-16 09:37:16,193.164.197.50
2013-11-16 09:37:16,193.164.197.60
2013-11-16 09:37:17,193.164.197.50
2013-11-16 09:37:17,193.164.196.40
2013-11-16 09:37:17,deliv.leboncoin.fr
2013-11-16 09:37:17,193.164.197.30
2013-11-16 09:37:17,193.164.197.60
2013-11-16 09:37:17,193.164.196.50
2013-11-16 09:37:17,193.164.196.30
2013-11-16 09:37:17,193.164.196.60
2013-11-16 09:37:17,193.164.197.40
2013-11-16 09:37:18,eulerian.canal-plus.com
2013-11-16 09:37:30,193.164.197.50
2013-11-16 09:37:30,static.leboncoin.fr
2013-11-16 09:37:30,www.leboncoin.fr
2013-11-16 09:37:30,193.164.196.40
2013-11-16 09:37:31,deliv.leboncoin.fr
2013-11-16 09:37:31,193.164.197.50
2013-11-16 09:37:31,mm.eulerian.net
2013-11-16 09:38:12,193.164.196.40
2013-11-16 09:38:15,193.164.196.40
2013-11-16 09:38:28,deliv.leboncoin.fr
2013-11-16 09:38:29,deliv.leboncoin.fr
2013-11-16 09:39:25,deliv.leboncoin.fr
2013-11-16 09:39:25,193.164.196.40
2013-11-16 09:39:25,www.leboncoin.fr
2013-11-16 09:39:25,193.164.197.60
2013-11-16 09:39:25,193.164.197.50
2013-11-16 09:39:25,193.164.197.40
2013-11-16 09:39:25,193.164.196.60
2013-11-16 09:39:25,193.164.196.30
2013-11-16 09:39:25,193.164.197.30
2013-11-16 09:39:25,193.164.196.50
2013-11-16 09:40:22,www.leboncoin.fr
2013-11-16 09:40:22,193.164.196.30
2013-11-16 09:40:22,193.164.196.60
2013-11-16 09:40:25,deliv.leboncoin.fr
2013-11-16 09:40:26,mm.eulerian.net
2013-11-16 09:40:26,193.164.196.60
2013-11-16 09:40:35,193.164.196.30
2013-11-16 09:40:48,deliv.leboncoin.fr
2013-11-16 09:40:57,193.164.197.40
2013-11-16 09:40:57,193.164.196.40
2013-11-16 09:40:57,193.164.196.50
2013-11-16 09:40:57,193.164.196.30
2013-11-16 09:40:57,193.164.197.60
2013-11-16 09:40:57,deliv.leboncoin.fr
2013-11-16 09:40:57,193.164.196.60
2013-11-16 09:40:57,www.leboncoin.fr
2013-11-16 09:40:57,193.164.197.50
2013-11-16 09:40:58,193.164.196.50
2013-11-16 09:40:58,193.164.196.40
2013-11-16 09:40:58,193.164.197.30
2013-11-16 09:40:58,193.164.197.60
2013-11-16 09:40:58,193.164.196.30
2013-11-16 09:40:58,deliv.leboncoin.fr
2013-11-16 09:40:58,adventori.com
2013-11-16 09:41:45,www.google.fr
2013-11-16 09:41:55,www.google.fr
2013-11-16 09:41:56,www.cdiscount.com
2013-11-16 09:41:56,www.google.fr
2013-11-16 09:41:57,d1447tq2m68ekg.cloudfront.net
2013-11-16 09:41:58,metrics.cdiscount.com
2013-11-16 09:41:58,tracker-id.cdiscount.com
2013-11-16 09:41:58,www.cdiscount.com
2013-11-16 09:41:59,tracker-id.cdiscount.com
2013-11-16 09:41:59,tracker.cds-tracking.com
2013-11-16 09:42:00,ws-cdi.web-boosting.net
2013-11-16 09:42:07,www.cdiscount.com
2013-11-16 09:42:20,tracker.cds-tracking.com
2013-11-16 09:42:20,www.cdiscount.com
2013-11-16 09:42:20,tracking.veoxa.com
2013-11-16 09:42:21,metrics.cdiscount.com
2013-11-16 09:42:21,ea.histoiredor.com
2013-11-16 09:42:21,www.histoiredor.com
2013-11-16 09:42:22,maps.googleapis.com
2013-11-16 09:42:22,www.histoiredor.com
2013-11-16 09:42:22,listener.ezakus.net
2013-11-16 09:42:23,media.histoiredor.com
2013-11-16 09:42:23,ws-cdi.web-boosting.net
2013-11-16 09:42:23,www.google.com
2013-11-16 09:42:23,tracker.cds-tracking.com
2013-11-16 09:42:23,www.histoiredor.com
2013-11-16 09:42:24,media.histoiredor.com
2013-11-16 09:42:24,www.histoiredor.com
2013-11-16 09:42:24,www.cdiscount.com
2013-11-16 09:42:25,mastertag.effiliation.com
2013-11-16 09:42:25,www.histoiredor.com
2013-11-16 09:42:25,halc.iadvize.com
2013-11-16 09:42:25,ea.histoiredor.com
2013-11-16 09:42:26,fstatic.iadvize.com
2013-11-16 09:42:26,www.histoiredor.com
2013-11-16 09:42:26,halc.iadvize.com
2013-11-16 09:42:26,www.cdiscount.com
2013-11-16 09:42:27,www.cdiscount.com
2013-11-16 09:42:27,halc.iadvize.com
2013-11-16 09:42:27,fstatic.iadvize.com
2013-11-16 09:42:27,www.google.com
2013-11-16 09:42:31,www.cdiscount.com
2013-11-16 09:42:36,tracker.cds-tracking.com
2013-11-16 09:42:51,tracker.cds-tracking.com
2013-11-16 09:43:04,www.cdiscount.com
2013-11-16 09:43:05,tracker.cds-tracking.com
2013-11-16 09:43:05,metrics.cdiscount.com
2013-11-16 09:43:21,tracker.cds-tracking.com
2013-11-16 09:43:29,halc.iadvize.com
2013-11-16 09:43:36,tracker.cds-tracking.com
2013-11-16 09:43:36,metrics.cdiscount.com
2013-11-16 09:43:51,tracker.cds-tracking.com
2013-11-16 09:44:21,tracker.cds-tracking.com
2013-11-16 09:44:51,tracker.cds-tracking.com
2013-11-16 09:45:11,www.cdiscount.com
2013-11-16 09:45:21,tracker.cds-tracking.com
2013-11-16 09:45:25,tracker.cds-tracking.com
2013-11-16 09:45:25,www.cdiscount.com
2013-11-16 09:45:26,ws-cdi.web-boosting.net
2013-11-16 09:45:26,www.google.com
2013-11-16 09:45:26,metrics.cdiscount.com
2013-11-16 09:45:26,google.ezakus.net
2013-11-16 09:45:26,tracker.cds-tracking.com
2013-11-16 09:45:27,www.cdiscount.com
2013-11-16 09:45:27,adventori.com
2013-11-16 09:45:42,www.cdiscount.com
2013-11-16 09:45:56,tracker.cds-tracking.com
2013-11-16 09:46:12,tracker.cds-tracking.com
2013-11-16 09:46:26,ws-cdi.web-boosting.net
2013-11-16 09:46:26,tracker.cds-tracking.com
2013-11-16 09:46:31,www.cdiscount.com
2013-11-16 09:46:32,www.google.com
2013-11-16 09:46:32,metrics.cdiscount.com
2013-11-16 09:46:32,www.google.fr
2013-11-16 09:46:32,i1.cdiscount.com
2013-11-16 09:46:32,www.cdiscount.com
2013-11-16 09:46:32,ws-cdi.web-boosting.net
2013-11-16 09:46:33,tracker.cds-tracking.com
2013-11-16 09:46:33,ws-cdi.web-boosting.net
2013-11-16 09:46:33,match.rtbidder.net
2013-11-16 09:46:33,cdlc.iadvize.com
2013-11-16 09:46:34,static.ak.facebook.com
2013-11-16 09:46:34,www.cdiscount.com
2013-11-16 09:46:34,accounts.google.com
2013-11-16 09:46:34,s-static.ak.facebook.com
2013-11-16 09:46:34,www.facebook.com
2013-11-16 09:46:34,apis.google.com
2013-11-16 09:46:34,cdlc.iadvize.com
2013-11-16 09:46:34,connect.facebook.net
2013-11-16 09:46:35,apis.google.com
2013-11-16 09:46:35,fstatic.iadvize.com
2013-11-16 09:46:35,cdlc.iadvize.com
2013-11-16 09:46:35,www.facebook.com
2013-11-16 09:46:36,cdlc.iadvize.com
2013-11-16 09:46:38,tracker.cds-tracking.com
2013-11-16 09:46:49,www.cdiscount.com
2013-11-16 09:46:50,www.cdiscount.com
2013-11-16 09:47:11,cdlc.iadvize.com
2013-11-16 09:47:12,tracker.cds-tracking.com
2013-11-16 09:47:13,metrics.cdiscount.com
2013-11-16 09:47:14,www.cdiscount.com
2013-11-16 09:47:14,ws-cdi.web-boosting.net
2013-11-16 09:47:14,ajax.googleapis.com
2013-11-16 09:47:15,www.cdiscount.com
2013-11-16 09:47:15,tracker.cds-tracking.com
2013-11-16 09:47:16,redir.adbutter.net
2013-11-16 09:47:16,www.google.com
2013-11-16 09:47:28,tracker.cds-tracking.com
2013-11-16 09:47:29,metrics.cdiscount.com
2013-11-16 09:47:29,tracker.cds-tracking.com
2013-11-16 09:47:30,tracker.cds-tracking.com
2013-11-16 09:47:30,ws-cdi.web-boosting.net
2013-11-16 09:47:30,www.google.com
2013-11-16 09:47:30,rp.gwallet.com
2013-11-16 09:47:31,www.google.com
2013-11-16 09:47:44,tracker.cds-tracking.com
2013-11-16 09:47:59,tracker.cds-tracking.com
2013-11-16 09:48:29,tracker.cds-tracking.com
2013-11-16 09:48:57,www.cdiscount.com
2013-11-16 09:48:58,metrics.cdiscount.com
2013-11-16 09:48:58,tracker.cds-tracking.com
2013-11-16 09:48:59,tracker.cds-tracking.com
2013-11-16 09:49:29,tracker.cds-tracking.com
2013-11-16 09:49:59,tracker.cds-tracking.com
2013-11-16 09:50:29,tracker.cds-tracking.com
2013-11-16 09:50:59,tracker.cds-tracking.com
2013-11-16 09:51:29,tracker.cds-tracking.com
2013-11-16 09:51:59,tracker.cds-tracking.com
2013-11-16 09:52:29,tracker.cds-tracking.com
2013-11-16 09:52:59,tracker.cds-tracking.com
2013-11-16 09:53:29,tracker.cds-tracking.com
2013-11-16 09:53:59,tracker.cds-tracking.com
2013-11-16 09:54:29,tracker.cds-tracking.com
2013-11-16 09:54:59,tracker.cds-tracking.com
2013-11-16 09:55:29,tracker.cds-tracking.com
2013-11-16 09:55:59,tracker.cds-tracking.com
2013-11-16 09:56:29,tracker.cds-tracking.com
2013-11-16 09:56:59,tracker.cds-tracking.com
2013-11-16 09:57:29,tracker.cds-tracking.com
2013-11-16 09:57:59,tracker.cds-tracking.com
2013-11-16 09:58:29,tracker.cds-tracking.com
2013-11-16 09:58:59,tracker.cds-tracking.com
2013-11-16 09:59:29,tracker.cds-tracking.com
2013-11-16 09:59:59,tracker.cds-tracking.com
2013-11-16 10:00:29,tracker.cds-tracking.com
2013-11-16 10:00:59,tracker.cds-tracking.com
2013-11-16 10:01:29,tracker.cds-tracking.com
2013-11-16 10:01:59,tracker.cds-tracking.com
2013-11-16 10:02:29,tracker.cds-tracking.com
2013-11-16 10:02:59,tracker.cds-tracking.com
2013-11-16 10:03:29,tracker.cds-tracking.com
2013-11-16 10:03:59,tracker.cds-tracking.com
2013-11-16 10:04:29,tracker.cds-tracking.com
2013-11-16 10:04:59,tracker.cds-tracking.com
2013-11-16 10:05:29,tracker.cds-tracking.com
2013-11-16 10:05:59,tracker.cds-tracking.com
2013-11-16 10:06:29,tracker.cds-tracking.com
2013-11-16 10:06:59,tracker.cds-tracking.com
2013-11-16 10:07:29,tracker.cds-tracking.com
2013-11-16 10:07:59,tracker.cds-tracking.com
2013-11-16 10:08:29,tracker.cds-tracking.com
2013-11-16 10:08:59,tracker.cds-tracking.com
2013-11-16 10:09:29,tracker.cds-tracking.com
2013-11-16 10:09:59,tracker.cds-tracking.com
2013-11-16 10:10:29,tracker.cds-tracking.com
2013-11-16 10:10:59,tracker.cds-tracking.com
2013-11-16 10:11:29,tracker.cds-tracking.com
2013-11-16 10:11:59,tracker.cds-tracking.com
2013-11-16 10:12:29,tracker.cds-tracking.com
2013-11-16 10:12:59,tracker.cds-tracking.com
2013-11-16 10:13:29,tracker.cds-tracking.com
2013-11-16 10:13:59,tracker.cds-tracking.com
2013-11-16 10:14:29,tracker.cds-tracking.com
2013-11-16 10:14:59,tracker.cds-tracking.com
2013-11-16 10:15:29,tracker.cds-tracking.com
2013-11-16 10:15:59,tracker.cds-tracking.com
2013-11-16 10:16:29,tracker.cds-tracking.com
2013-11-16 10:16:59,tracker.cds-tracking.com
2013-11-16 10:17:29,tracker.cds-tracking.com
2013-11-16 10:17:59,tracker.cds-tracking.com
2013-11-16 10:18:29,tracker.cds-tracking.com
2013-11-16 10:18:59,tracker.cds-tracking.com
2013-11-16 10:19:29,tracker.cds-tracking.com
2013-11-16 10:19:59,tracker.cds-tracking.com
2013-11-16 10:20:29,tracker.cds-tracking.com
2013-11-16 10:20:59,tracker.cds-tracking.com
2013-11-16 10:21:29,tracker.cds-tracking.com
2013-11-16 10:21:59,tracker.cds-tracking.com
2013-11-16 10:22:29,tracker.cds-tracking.com
2013-11-16 10:22:59,tracker.cds-tracking.com
2013-11-16 10:23:29,tracker.cds-tracking.com
2013-11-16 10:23:59,tracker.cds-tracking.com
2013-11-16 10:24:29,tracker.cds-tracking.com
2013-11-16 10:24:59,tracker.cds-tracking.com
2013-11-16 10:25:29,tracker.cds-tracking.com
2013-11-16 10:25:59,tracker.cds-tracking.com
2013-11-16 10:26:29,tracker.cds-tracking.com
2013-11-16 10:26:59,tracker.cds-tracking.com
2013-11-16 10:27:29,tracker.cds-tracking.com
2013-11-16 10:27:59,tracker.cds-tracking.com
2013-11-16 10:28:29,tracker.cds-tracking.com
2013-11-16 10:28:59,tracker.cds-tracking.com
2013-11-16 10:29:29,tracker.cds-tracking.com
2013-11-16 10:29:59,tracker.cds-tracking.com
2013-11-16 10:30:29,tracker.cds-tracking.com
2013-11-16 10:30:59,tracker.cds-tracking.com
2013-11-16 10:31:29,tracker.cds-tracking.com
2013-11-16 10:31:59,tracker.cds-tracking.com
2013-11-16 10:32:29,tracker.cds-tracking.com
2013-11-16 10:32:59,tracker.cds-tracking.com
2013-11-16 10:33:29,tracker.cds-tracking.com
2013-11-16 10:33:59,tracker.cds-tracking.com
2013-11-16 10:34:29,tracker.cds-tracking.com
2013-11-16 10:34:59,tracker.cds-tracking.com
2013-11-16 10:35:29,tracker.cds-tracking.com
2013-11-16 10:35:59,tracker.cds-tracking.com
2013-11-16 10:36:29,tracker.cds-tracking.com
2013-11-16 10:36:59,tracker.cds-tracking.com
2013-11-16 10:37:29,tracker.cds-tracking.com
2013-11-16 10:37:59,tracker.cds-tracking.com
2013-11-16 10:38:29,tracker.cds-tracking.com
2013-11-16 10:38:59,tracker.cds-tracking.com
2013-11-16 10:39:29,tracker.cds-tracking.com
2013-11-16 10:39:59,tracker.cds-tracking.com
2013-11-16 10:40:29,tracker.cds-tracking.com
2013-11-16 10:40:59,tracker.cds-tracking.com
2013-11-16 10:41:29,tracker.cds-tracking.com
2013-11-16 10:41:59,tracker.cds-tracking.com
2013-11-16 10:42:29,tracker.cds-tracking.com
2013-11-16 10:42:59,tracker.cds-tracking.com
2013-11-16 10:43:29,tracker.cds-tracking.com
2013-11-16 10:43:59,tracker.cds-tracking.com
2013-11-16 10:44:29,tracker.cds-tracking.com
2013-11-16 10:44:59,tracker.cds-tracking.com
2013-11-16 10:45:29,tracker.cds-tracking.com
2013-11-16 10:45:59,tracker.cds-tracking.com
2013-11-16 10:46:29,tracker.cds-tracking.com
2013-11-16 10:46:59,tracker.cds-tracking.com
2013-11-16 10:47:29,tracker.cds-tracking.com
2013-11-16 10:47:59,tracker.cds-tracking.com
2013-11-16 10:48:29,tracker.cds-tracking.com
2013-11-16 10:48:59,tracker.cds-tracking.com
2013-11-16 10:49:29,tracker.cds-tracking.com
2013-11-16 10:49:59,tracker.cds-tracking.com
2013-11-16 10:50:29,tracker.cds-tracking.com
2013-11-16 10:50:59,tracker.cds-tracking.com
2013-11-16 10:51:29,tracker.cds-tracking.com
2013-11-16 10:51:59,tracker.cds-tracking.com
2013-11-16 10:52:29,tracker.cds-tracking.com
2013-11-16 10:52:59,tracker.cds-tracking.com
2013-11-16 10:53:29,tracker.cds-tracking.com
2013-11-16 10:53:59,tracker.cds-tracking.com
2013-11-16 10:54:29,tracker.cds-tracking.com
2013-11-16 10:54:59,tracker.cds-tracking.com
2013-11-16 10:55:29,tracker.cds-tracking.com
2013-11-16 10:55:59,tracker.cds-tracking.com
2013-11-16 10:56:29,tracker.cds-tracking.com
2013-11-16 10:56:59,tracker.cds-tracking.com
2013-11-16 10:57:29,tracker.cds-tracking.com
2013-11-16 10:57:59,tracker.cds-tracking.com
2013-11-16 10:58:29,tracker.cds-tracking.com
2013-11-16 10:58:59,tracker.cds-tracking.com
2013-11-16 10:59:29,tracker.cds-tracking.com
2013-11-16 10:59:59,tracker.cds-tracking.com
2013-11-16 11:00:29,tracker.cds-tracking.com
2013-11-16 11:00:59,tracker.cds-tracking.com
2013-11-16 11:01:29,tracker.cds-tracking.com
2013-11-16 11:01:59,tracker.cds-tracking.com
2013-11-16 11:02:29,tracker.cds-tracking.com
2013-11-16 11:02:59,tracker.cds-tracking.com
2013-11-16 11:03:29,tracker.cds-tracking.com
2013-11-16 11:03:59,tracker.cds-tracking.com
2013-11-16 11:04:29,tracker.cds-tracking.com
2013-11-16 11:04:59,tracker.cds-tracking.com
2013-11-16 11:05:29,tracker.cds-tracking.com
2013-11-16 11:05:59,tracker.cds-tracking.com
2013-11-16 11:06:29,tracker.cds-tracking.com
2013-11-16 11:06:59,tracker.cds-tracking.com
2013-11-16 11:07:29,tracker.cds-tracking.com
2013-11-16 11:07:59,tracker.cds-tracking.com
2013-11-16 11:08:29,tracker.cds-tracking.com
2013-11-16 11:08:59,tracker.cds-tracking.com
2013-11-16 11:09:29,tracker.cds-tracking.com
2013-11-16 11:09:59,tracker.cds-tracking.com
2013-11-16 11:10:29,tracker.cds-tracking.com
2013-11-16 11:10:59,tracker.cds-tracking.com
2013-11-16 11:11:29,tracker.cds-tracking.com
2013-11-16 11:11:59,tracker.cds-tracking.com
2013-11-16 11:12:29,tracker.cds-tracking.com
2013-11-16 11:12:59,tracker.cds-tracking.com
2013-11-16 11:13:29,tracker.cds-tracking.com
2013-11-16 11:13:59,tracker.cds-tracking.com
2013-11-16 11:14:29,tracker.cds-tracking.com
2013-11-16 11:14:59,tracker.cds-tracking.com
2013-11-16 11:15:29,tracker.cds-tracking.com
2013-11-16 11:15:59,tracker.cds-tracking.com
2013-11-16 11:16:29,tracker.cds-tracking.com
2013-11-16 11:16:59,tracker.cds-tracking.com
2013-11-16 11:17:29,tracker.cds-tracking.com
2013-11-16 11:17:59,tracker.cds-tracking.com
2013-11-16 11:18:29,tracker.cds-tracking.com
2013-11-16 11:18:59,tracker.cds-tracking.com
2013-11-16 11:19:29,tracker.cds-tracking.com
2013-11-16 11:19:59,tracker.cds-tracking.com
2013-11-16 11:20:29,tracker.cds-tracking.com
2013-11-16 11:20:59,tracker.cds-tracking.com
2013-11-16 11:21:29,tracker.cds-tracking.com
2013-11-16 11:21:59,tracker.cds-tracking.com
2013-11-16 11:22:29,tracker.cds-tracking.com
2013-11-16 11:22:59,tracker.cds-tracking.com
2013-11-16 11:23:29,tracker.cds-tracking.com
2013-11-16 11:23:59,tracker.cds-tracking.com
2013-11-16 11:24:29,tracker.cds-tracking.com
2013-11-16 11:24:59,tracker.cds-tracking.com
2013-11-16 11:25:29,tracker.cds-tracking.com
2013-11-16 11:25:59,tracker.cds-tracking.com
2013-11-16 11:26:29,tracker.cds-tracking.com
2013-11-16 11:26:59,tracker.cds-tracking.com
2013-11-16 11:27:29,tracker.cds-tracking.com
2013-11-16 11:27:59,tracker.cds-tracking.com
2013-11-16 11:28:29,tracker.cds-tracking.com
2013-11-16 11:28:59,tracker.cds-tracking.com
2013-11-16 11:29:29,tracker.cds-tracking.com
2013-11-16 11:29:59,tracker.cds-tracking.com
2013-11-16 11:30:29,tracker.cds-tracking.com
2013-11-16 11:30:59,tracker.cds-tracking.com
2013-11-16 11:31:29,tracker.cds-tracking.com
2013-11-16 11:31:59,tracker.cds-tracking.com
2013-11-16 11:32:29,tracker.cds-tracking.com
2013-11-16 11:32:59,tracker.cds-tracking.com
2013-11-16 11:33:29,tracker.cds-tracking.com
2013-11-16 11:33:59,tracker.cds-tracking.com
2013-11-16 11:34:29,tracker.cds-tracking.com
2013-11-16 11:34:59,tracker.cds-tracking.com
2013-11-16 11:35:29,tracker.cds-tracking.com
2013-11-16 11:35:59,tracker.cds-tracking.com
2013-11-16 11:36:29,tracker.cds-tracking.com
2013-11-16 11:36:59,tracker.cds-tracking.com
2013-11-16 11:37:29,tracker.cds-tracking.com
2013-11-16 11:37:59,tracker.cds-tracking.com
2013-11-16 11:38:29,tracker.cds-tracking.com
2013-11-16 11:38:59,tracker.cds-tracking.com
2013-11-16 11:39:29,tracker.cds-tracking.com
2013-11-16 11:39:59,tracker.cds-tracking.com
2013-11-16 11:40:29,tracker.cds-tracking.com
2013-11-16 11:40:59,tracker.cds-tracking.com
2013-11-16 11:41:29,tracker.cds-tracking.com
2013-11-16 11:41:59,tracker.cds-tracking.com
2013-11-16 11:42:29,tracker.cds-tracking.com
2013-11-16 11:42:59,tracker.cds-tracking.com
2013-11-16 11:43:29,tracker.cds-tracking.com
2013-11-16 11:43:59,tracker.cds-tracking.com
2013-11-16 11:44:29,tracker.cds-tracking.com
2013-11-16 11:44:59,tracker.cds-tracking.com
2013-11-16 11:45:29,tracker.cds-tracking.com
2013-11-16 11:45:59,tracker.cds-tracking.com
2013-11-16 11:46:29,tracker.cds-tracking.com
2013-11-16 11:46:59,tracker.cds-tracking.com
2013-11-16 11:47:29,tracker.cds-tracking.com
2013-11-16 11:47:59,tracker.cds-tracking.com
2013-11-16 11:48:29,tracker.cds-tracking.com
2013-11-16 11:48:59,tracker.cds-tracking.com
2013-11-16 11:49:29,tracker.cds-tracking.com
2013-11-16 11:49:59,tracker.cds-tracking.com
2013-11-16 11:50:29,tracker.cds-tracking.com
2013-11-16 11:50:59,tracker.cds-tracking.com
2013-11-16 11:51:29,tracker.cds-tracking.com
2013-11-16 11:51:59,tracker.cds-tracking.com
2013-11-16 11:52:29,tracker.cds-tracking.com
2013-11-16 11:52:59,tracker.cds-tracking.com
2013-11-16 11:53:29,tracker.cds-tracking.com
2013-11-16 11:53:59,tracker.cds-tracking.com
2013-11-16 11:54:29,tracker.cds-tracking.com
2013-11-16 11:54:59,tracker.cds-tracking.com
2013-11-16 11:55:29,tracker.cds-tracking.com
2013-11-16 11:55:59,tracker.cds-tracking.com
2013-11-16 11:56:29,tracker.cds-tracking.com
2013-11-16 11:56:59,tracker.cds-tracking.com
2013-11-16 11:57:29,tracker.cds-tracking.com
2013-11-16 11:57:59,tracker.cds-tracking.com
2013-11-16 11:58:29,tracker.cds-tracking.com
2013-11-16 11:58:59,tracker.cds-tracking.com
2013-11-16 11:59:29,tracker.cds-tracking.com
2013-11-16 11:59:59,tracker.cds-tracking.com
2013-11-16 12:00:29,tracker.cds-tracking.com
2013-11-16 12:00:59,tracker.cds-tracking.com
2013-11-16 12:01:29,tracker.cds-tracking.com
2013-11-16 12:01:59,tracker.cds-tracking.com
2013-11-16 12:02:29,tracker.cds-tracking.com
2013-11-16 12:02:59,tracker.cds-tracking.com
2013-11-16 12:03:29,tracker.cds-tracking.com
2013-11-16 12:03:59,tracker.cds-tracking.com
2013-11-16 12:04:29,tracker.cds-tracking.com
2013-11-16 12:04:59,tracker.cds-tracking.com
2013-11-16 12:05:29,tracker.cds-tracking.com
2013-11-16 12:05:59,tracker.cds-tracking.com
2013-11-16 12:06:29,tracker.cds-tracking.com
2013-11-16 12:06:59,tracker.cds-tracking.com
2013-11-16 12:07:29,tracker.cds-tracking.com
2013-11-16 12:07:59,tracker.cds-tracking.com
2013-11-16 12:08:29,tracker.cds-tracking.com
2013-11-16 12:08:59,tracker.cds-tracking.com
2013-11-16 12:09:29,tracker.cds-tracking.com
2013-11-16 12:09:59,tracker.cds-tracking.com
2013-11-16 12:10:29,tracker.cds-tracking.com
2013-11-16 12:10:59,tracker.cds-tracking.com
2013-11-16 12:11:29,tracker.cds-tracking.com
2013-11-16 12:11:59,tracker.cds-tracking.com
2013-11-16 12:12:29,tracker.cds-tracking.com
2013-11-16 12:12:59,tracker.cds-tracking.com
2013-11-16 12:13:29,tracker.cds-tracking.com
2013-11-16 12:13:59,tracker.cds-tracking.com
2013-11-16 12:14:29,tracker.cds-tracking.com
2013-11-16 12:14:59,tracker.cds-tracking.com
2013-11-16 12:15:29,tracker.cds-tracking.com
2013-11-16 12:15:59,tracker.cds-tracking.com
2013-11-16 12:16:29,tracker.cds-tracking.com
2013-11-16 12:16:59,tracker.cds-tracking.com
2013-11-16 12:17:29,tracker.cds-tracking.com
2013-11-16 12:17:59,tracker.cds-tracking.com
2013-11-16 12:18:29,tracker.cds-tracking.com
2013-11-16 12:18:59,tracker.cds-tracking.com
2013-11-16 12:19:29,tracker.cds-tracking.com
2013-11-16 12:19:59,tracker.cds-tracking.com
2013-11-16 12:20:29,tracker.cds-tracking.com
2013-11-16 12:20:59,tracker.cds-tracking.com
2013-11-16 12:21:29,tracker.cds-tracking.com
2013-11-16 12:21:59,tracker.cds-tracking.com
2013-11-16 12:22:29,tracker.cds-tracking.com
2013-11-16 12:22:59,tracker.cds-tracking.com
2013-11-16 12:23:29,tracker.cds-tracking.com
2013-11-16 12:23:59,tracker.cds-tracking.com
2013-11-16 12:24:29,tracker.cds-tracking.com
2013-11-16 12:24:59,tracker.cds-tracking.com
2013-11-16 12:25:29,tracker.cds-tracking.com
2013-11-16 12:25:59,tracker.cds-tracking.com
2013-11-16 12:26:29,tracker.cds-tracking.com
2013-11-16 12:26:59,tracker.cds-tracking.com
2013-11-16 12:27:29,tracker.cds-tracking.com
2013-11-16 12:27:59,tracker.cds-tracking.com
2013-11-16 12:28:29,tracker.cds-tracking.com
2013-11-16 12:28:59,tracker.cds-tracking.com
2013-11-16 12:29:29,tracker.cds-tracking.com
2013-11-16 12:29:59,tracker.cds-tracking.com
2013-11-16 12:30:29,tracker.cds-tracking.com
2013-11-16 12:30:59,tracker.cds-tracking.com
2013-11-16 12:31:29,tracker.cds-tracking.com
2013-11-16 12:31:59,tracker.cds-tracking.com
2013-11-16 12:32:29,tracker.cds-tracking.com
2013-11-16 12:32:59,tracker.cds-tracking.com
2013-11-16 12:33:29,tracker.cds-tracking.com
2013-11-16 12:33:59,tracker.cds-tracking.com
2013-11-16 12:34:29,tracker.cds-tracking.com
2013-11-16 12:34:59,tracker.cds-tracking.com
2013-11-16 12:35:29,tracker.cds-tracking.com
2013-11-16 12:35:59,tracker.cds-tracking.com
2013-11-16 12:36:29,tracker.cds-tracking.com
2013-11-16 12:36:59,tracker.cds-tracking.com
2013-11-16 12:37:29,tracker.cds-tracking.com
2013-11-16 12:37:59,tracker.cds-tracking.com
2013-11-16 12:38:29,tracker.cds-tracking.com
2013-11-16 12:38:59,tracker.cds-tracking.com
2013-11-16 12:39:29,tracker.cds-tracking.com
2013-11-16 12:39:59,tracker.cds-tracking.com
2013-11-16 12:40:29,tracker.cds-tracking.com
2013-11-16 12:40:59,tracker.cds-tracking.com
2013-11-16 12:41:29,tracker.cds-tracking.com
2013-11-16 12:41:59,tracker.cds-tracking.com
2013-11-16 12:42:29,tracker.cds-tracking.com
2013-11-16 12:42:59,tracker.cds-tracking.com
2013-11-16 12:43:29,tracker.cds-tracking.com
2013-11-16 12:43:59,tracker.cds-tracking.com
2013-11-16 12:44:29,tracker.cds-tracking.com
2013-11-16 12:44:59,tracker.cds-tracking.com
2013-11-16 12:45:29,tracker.cds-tracking.com
2013-11-16 12:45:59,tracker.cds-tracking.com
2013-11-16 12:46:29,tracker.cds-tracking.com
2013-11-16 12:46:59,tracker.cds-tracking.com
2013-11-16 12:47:29,tracker.cds-tracking.com
2013-11-16 12:47:59,tracker.cds-tracking.com
2013-11-16 12:48:29,tracker.cds-tracking.com
2013-11-16 12:48:59,tracker.cds-tracking.com
2013-11-16 12:49:29,tracker.cds-tracking.com
2013-11-16 12:49:59,tracker.cds-tracking.com
2013-11-16 12:50:29,tracker.cds-tracking.com
2013-11-16 12:50:59,tracker.cds-tracking.com
2013-11-16 12:51:29,tracker.cds-tracking.com
2013-11-16 12:51:59,tracker.cds-tracking.com
2013-11-16 12:52:29,tracker.cds-tracking.com
2013-11-16 12:52:59,tracker.cds-tracking.com
2013-11-16 12:53:29,tracker.cds-tracking.com
2013-11-16 12:53:59,tracker.cds-tracking.com
2013-11-16 12:54:29,tracker.cds-tracking.com
2013-11-16 12:54:59,tracker.cds-tracking.com
2013-11-16 12:55:29,tracker.cds-tracking.com
2013-11-16 12:55:59,tracker.cds-tracking.com
2013-11-16 12:56:29,tracker.cds-tracking.com
2013-11-16 12:56:59,tracker.cds-tracking.com
2013-11-16 12:57:29,tracker.cds-tracking.com
2013-11-16 12:57:59,tracker.cds-tracking.com
2013-11-16 12:58:29,tracker.cds-tracking.com
2013-11-16 12:58:59,tracker.cds-tracking.com
2013-11-16 12:59:29,tracker.cds-tracking.com
2013-11-16 12:59:59,tracker.cds-tracking.com
2013-11-16 13:00:29,tracker.cds-tracking.com
2013-11-16 13:00:59,tracker.cds-tracking.com
2013-11-16 13:01:21,tracker.cds-tracking.com
2013-11-16 13:01:48,www.squid-cache.org
2013-11-16 13:07:47,www.google.fr
2013-11-16 13:07:48,www.google.fr
2013-11-16 13:08:25,www.google.fr
2013-11-16 13:10:25,www.google.fr
2013-11-16 13:15:53,www.cdiscount.com
2013-11-16 13:15:53,tracker.cds-tracking.com
2013-11-16 13:15:54,www.cdiscount.com
2013-11-16 13:15:54,metrics.cdiscount.com
2013-11-16 13:15:55,tracker.cds-tracking.com
2013-11-16 13:15:55,www.google.com
2013-11-16 13:15:56,um.simpli.fi
2013-11-16 13:15:57,ws-cdi.web-boosting.net
2013-11-16 13:15:57,www.cdiscount.com
2013-11-16 13:15:58,www.cdiscount.com
2013-11-16 13:16:03,tracker.cds-tracking.com
2013-11-16 13:16:09,tracker.cds-tracking.com
2013-11-16 13:16:10,hotmail.com
2013-11-16 13:16:11,login.live.com
2013-11-16 13:16:13,login.live.com
2013-11-16 13:16:14,windowslive.tt.omtrdc.net
2013-11-16 13:16:25,windowslive.tt.omtrdc.net
2013-11-16 13:16:40,login.live.com
2013-11-16 13:16:41,login.live.com
2013-11-16 13:16:43,mail.live.com
2013-11-16 13:16:44,dub117.mail.live.com
2013-11-16 13:16:45,h.live.com
2013-11-16 13:16:46,dub117.mail.live.com
2013-11-16 13:16:48,dub117.mail.live.com
2013-11-16 13:16:48,people.directory.live.com
2013-11-16 13:16:48,h.live.com
2013-11-16 13:16:49,cid-4ec4324ca3fadc9b.users.storage.live.com
2013-11-16 13:16:49,h.live.com
2013-11-16 13:16:49,secure.shared.live.com
2013-11-16 13:16:50,js.live.net
2013-11-16 13:16:50,byfiles.storage.msn.com
2013-11-16 13:16:51,login.live.com
2013-11-16 13:16:52,dub117.mail.live.com
2013-11-16 13:16:52,secure.shared.live.com
2013-11-16 13:16:53,go.trouter.io
2013-11-16 13:16:53,prod.registrar.skype.com
2013-11-16 13:16:55,www.google.fr
2013-11-16 13:17:02,go.trouter.io
2013-11-16 13:17:54,dub117.mail.live.com
2013-11-16 13:17:56,storage.live.com
2013-11-16 13:18:44,dub117.mail.live.com
2013-11-16 13:19:04,www.google.fr
2013-11-16 13:19:54,dub117.mail.live.com
2013-11-16 13:20:34,secure.shared.live.com
2013-11-16 13:22:08,api.skype.com
2013-11-16 13:22:46,proxy-bay-people.directory.live.com
2013-11-16 13:28:56,www.cdiscount.com
2013-11-16 13:28:56,tracker.cds-tracking.com
2013-11-16 13:28:58,media.flixcar.com
2013-11-16 13:28:58,t.flix360.com
2013-11-16 13:28:58,logo.flixfacts.co.uk
2013-11-16 13:28:58,metrics.cdiscount.com
2013-11-16 13:28:58,www.cdiscount.com
2013-11-16 13:28:59,www.google.com
2013-11-16 13:28:59,media.flixfacts.com
2013-11-16 13:28:59,www.google.fr
2013-11-16 13:28:59,logo.flixfacts.co.uk
2013-11-16 13:28:59,media.flixcar.com
2013-11-16 13:29:00,www.eficiens-serving2.com
2013-11-16 13:29:00,ws-cdi.web-boosting.net
2013-11-16 13:29:00,www.cdiscount.com
2013-11-16 13:29:00,cdlc.iadvize.com
2013-11-16 13:29:00,tracker.cds-tracking.com
2013-11-16 13:29:01,cdlc.iadvize.com
2013-11-16 13:29:01,www.cdiscount.com
2013-11-16 13:29:01,tracker.cds-tracking.com
2013-11-16 13:29:01,metrics.cdiscount.com
2013-11-16 13:29:28,tracker.cds-tracking.com
2013-11-16 13:29:31,connect.facebook.net
2013-11-16 13:29:32,static.ak.facebook.com
2013-11-16 13:29:32,www.facebook.com
2013-11-16 13:29:32,s-static.ak.facebook.com
2013-11-16 13:29:32,www.cdiscount.com
2013-11-16 13:29:33,tracker.cds-tracking.com
2013-11-16 13:29:35,minijscss.rightinthebox.com
2013-11-16 13:29:35,miniimg4.rightinthebox.com
2013-11-16 13:29:35,miniimg.rightinthebox.com
2013-11-16 13:29:35,miniimg6.rightinthebox.com
2013-11-16 13:29:35,miniimg2.rightinthebox.com
2013-11-16 13:29:35,miniimg1.rightinthebox.com
2013-11-16 13:29:35,miniimg5.rightinthebox.com
2013-11-16 13:29:35,miniimg7.rightinthebox.com
2013-11-16 13:29:35,miniimg8.rightinthebox.com
2013-11-16 13:29:35,ajax.googleapis.com
2013-11-16 13:29:35,miniimg3.rightinthebox.com
2013-11-16 13:29:35,www.miniinthebox.com
2013-11-16 13:29:36,miniimg1.rightinthebox.com
2013-11-16 13:29:36,litbimg.rightinthebox.com
2013-11-16 13:29:36,connect.facebook.net
2013-11-16 13:29:36,www.google.fr
2013-11-16 13:29:36,www.miniinthebox.com
2013-11-16 13:29:36,platform.twitter.com
2013-11-16 13:29:36,d3cxv97fi8q177.cloudfront.net
2013-11-16 13:29:36,minijscss.rightinthebox.com
2013-11-16 13:29:36,miniimg5.rightinthebox.com
2013-11-16 13:29:36,www.google.com
2013-11-16 13:29:36,cdlc.iadvize.com
2013-11-16 13:29:36,miniimg.rightinthebox.com
2013-11-16 13:29:36,miniimg4.rightinthebox.com
2013-11-16 13:29:36,miniimg3.rightinthebox.com
2013-11-16 13:29:36,www.facebook.com
2013-11-16 13:29:36,miniimg2.rightinthebox.com
2013-11-16 13:29:36,miniimg6.rightinthebox.com
2013-11-16 13:29:37,passets.pinterest.com
2013-11-16 13:29:37,widgets.pinterest.com
2013-11-16 13:29:37,static.ak.facebook.com
2013-11-16 13:29:37,assets.pinterest.com
2013-11-16 13:29:37,accounts.google.com
2013-11-16 13:29:37,platform.twitter.com
2013-11-16 13:29:37,apis.google.com
2013-11-16 13:29:37,s-static.ak.facebook.com
2013-11-16 13:29:37,www.miniinthebox.com
2013-11-16 13:29:37,d3cxv97fi8q177.cloudfront.net
2013-11-16 13:29:38,www.miniinthebox.com
2013-11-16 13:29:38,passets.pinterest.com
2013-11-16 13:29:38,www.facebook.com
2013-11-16 13:29:38,twitter.com
2013-11-16 13:29:38,accounts.google.com
2013-11-16 13:29:41,serv3.vizury.com
2013-11-16 13:30:07,www.miniinthebox.com
2013-11-16 13:30:07,miniimg1.rightinthebox.com
2013-11-16 13:30:07,litbimg.rightinthebox.com
2013-11-16 13:30:08,twitter.com
2013-11-16 13:30:08,miniimg8.rightinthebox.com
2013-11-16 13:30:08,minijscss.rightinthebox.com
2013-11-16 13:30:11,cdlc.iadvize.com
2013-11-16 13:30:12,miniimg4.rightinthebox.com
2013-11-16 13:30:14,miniimg3.rightinthebox.com
2013-11-16 13:30:16,miniimg5.rightinthebox.com
2013-11-16 13:30:21,miniimg8.rightinthebox.com
2013-11-16 13:30:24,miniimg5.rightinthebox.com
2013-11-16 13:30:46,apis.google.com
2013-11-16 13:30:46,cdlc.iadvize.com
2013-11-16 13:31:21,cdlc.iadvize.com
2013-11-16 13:31:50,miniimg5.rightinthebox.com
2013-11-16 13:31:50,miniimg6.rightinthebox.com
2013-11-16 13:31:50,aksb-a.akamaihd.net
2013-11-16 13:31:50,www.miniinthebox.com
2013-11-16 13:31:50,miniimg8.rightinthebox.com
2013-11-16 13:31:50,miniimg.rightinthebox.com
2013-11-16 13:31:50,minijscss.rightinthebox.com
2013-11-16 13:31:51,assets.pinterest.com
2013-11-16 13:31:51,connect.facebook.net
2013-11-16 13:31:51,miniimg8.rightinthebox.com
2013-11-16 13:31:51,www.miniinthebox.com
2013-11-16 13:31:51,www.google.com
2013-11-16 13:31:51,d3cxv97fi8q177.cloudfront.net
2013-11-16 13:31:51,www.facebook.com
2013-11-16 13:31:51,miniimg3.rightinthebox.com
2013-11-16 13:31:51,www.google.fr
2013-11-16 13:31:52,static.ak.facebook.com
2013-11-16 13:31:52,widgets.pinterest.com
2013-11-16 13:31:52,www.facebook.com
2013-11-16 13:31:52,s-static.ak.facebook.com
2013-11-16 13:31:52,apis.google.com
2013-11-16 13:31:52,www.miniinthebox.com
2013-11-16 13:31:53,twitter.com
2013-11-16 13:31:53,www.google.fr
2013-11-16 13:31:53,www.google.com
2013-11-16 13:31:53,deliv.bayard-pub.com
2013-11-16 13:31:53,aksb-a.akamaihd.net
2013-11-16 13:31:53,www.miniinthebox.com
2013-11-16 13:31:54,www.miniinthebox.com
2013-11-16 13:31:54,minijscss.rightinthebox.com
2013-11-16 13:31:56,cdlc.iadvize.com
2013-11-16 13:31:56,serv3.vizury.com
2013-11-16 13:31:56,www.facebook.com
2013-11-16 13:31:57,miniimg1.rightinthebox.com
2013-11-16 13:32:00,miniimg1.rightinthebox.com
2013-11-16 13:32:00,serv3.vizury.com
2013-11-16 13:32:03,miniimg4.rightinthebox.com
2013-11-16 13:32:05,miniimg2.rightinthebox.com
2013-11-16 13:32:11,miniimg8.rightinthebox.com
2013-11-16 13:32:13,miniimg1.rightinthebox.com
2013-11-16 13:32:26,www.miniinthebox.com
2013-11-16 13:32:27,2.resources.www.miniinthebox.com.edgesuite.net
2013-11-16 13:32:27,www.facebook.com
2013-11-16 13:32:27,1.resources.www.miniinthebox.com.edgesuite.net
2013-11-16 13:32:28,miniimg6.rightinthebox.com
2013-11-16 13:32:28,miniimg.rightinthebox.com
2013-11-16 13:32:28,miniimg1.rightinthebox.com
2013-11-16 13:32:28,miniimg7.rightinthebox.com
2013-11-16 13:32:28,miniimg2.rightinthebox.com
2013-11-16 13:32:28,miniimg3.rightinthebox.com
2013-11-16 13:32:28,miniimg4.rightinthebox.com
2013-11-16 13:32:28,miniimg5.rightinthebox.com
2013-11-16 13:32:28,2.resources.www.miniinthebox.com.edgesuite.net
2013-11-16 13:32:28,1.resources.www.miniinthebox.com.edgesuite.net
2013-11-16 13:32:29,twitter.com
2013-11-16 13:32:29,www.google.com
2013-11-16 13:32:29,2.resources.www.miniinthebox.com.edgesuite.net
2013-11-16 13:32:29,www.google.fr
2013-11-16 13:32:29,1.resources.www.miniinthebox.com.edgesuite.net
2013-11-16 13:32:29,www.miniinthebox.com
2013-11-16 13:32:29,connect.facebook.net
2013-11-16 13:32:29,assets.pinterest.com
2013-11-16 13:32:30,apis.google.com
2013-11-16 13:32:30,www.facebook.com
2013-11-16 13:32:30,widgets.pinterest.com
2013-11-16 13:32:30,s-static.ak.facebook.com
2013-11-16 13:32:30,static.ak.facebook.com
2013-11-16 13:32:30,deliv.bayard-pub.com
2013-11-16 13:32:31,www.miniinthebox.com
2013-11-16 13:32:31,www.google.com
2013-11-16 13:32:31,www.google.fr
2013-11-16 13:32:31,cdlc.iadvize.com
2013-11-16 13:32:33,serv3.vizury.com
2013-11-16 13:32:34,miniimg1.rightinthebox.com
2013-11-16 13:32:39,miniimg3.rightinthebox.com
2013-11-16 13:32:42,miniimg1.rightinthebox.com
2013-11-16 13:32:50,miniimg1.rightinthebox.com
2013-11-16 13:32:52,miniimg5.rightinthebox.com
2013-11-16 13:32:55,miniimg2.rightinthebox.com
2013-11-16 13:32:57,miniimg7.rightinthebox.com
2013-11-16 13:33:00,miniimg1.rightinthebox.com
2013-11-16 13:33:01,miniimg6.rightinthebox.com
2013-11-16 13:33:06,cdlc.iadvize.com
2013-11-16 13:33:07,miniimg8.rightinthebox.com
2013-11-16 13:33:41,cdlc.iadvize.com
2013-11-16 13:34:16,cdlc.iadvize.com
2013-11-16 13:34:22,www.miniinthebox.com
2013-11-16 13:34:22,www.facebook.com
2013-11-16 13:34:23,miniimg2.rightinthebox.com
2013-11-16 13:34:23,miniimg5.rightinthebox.com
2013-11-16 13:34:23,miniimg8.rightinthebox.com
2013-11-16 13:34:23,miniimg1.rightinthebox.com
2013-11-16 13:34:23,miniimg.rightinthebox.com
2013-11-16 13:34:23,miniimg7.rightinthebox.com
2013-11-16 13:34:23,www.google.com
2013-11-16 13:34:24,s-static.ak.facebook.com
2013-11-16 13:34:24,apis.google.com
2013-11-16 13:34:24,twitter.com
2013-11-16 13:34:24,www.miniinthebox.com
2013-11-16 13:34:24,connect.facebook.net
2013-11-16 13:34:24,assets.pinterest.com
2013-11-16 13:34:24,static.ak.facebook.com
2013-11-16 13:34:24,widgets.pinterest.com
2013-11-16 13:34:24,www.google.fr
2013-11-16 13:34:25,www.facebook.com
2013-11-16 13:34:25,retargeting.veoxa.com
2013-11-16 13:34:25,deliv.leboncoin.fr
2013-11-16 13:34:28,serv3.vizury.com
2013-11-16 13:34:35,www.miniinthebox.com
2013-11-16 13:34:41,www.miniinthebox.com
2013-11-16 13:34:42,miniimg1.rightinthebox.com
2013-11-16 13:34:42,miniimg7.rightinthebox.com
2013-11-16 13:34:42,miniimg.rightinthebox.com
2013-11-16 13:34:42,miniimg4.rightinthebox.com
2013-11-16 13:34:42,miniimg6.rightinthebox.com
2013-11-16 13:34:42,www.facebook.com
2013-11-16 13:34:42,miniimg5.rightinthebox.com
2013-11-16 13:34:42,miniimg8.rightinthebox.com
2013-11-16 13:34:43,miniimg7.rightinthebox.com
2013-11-16 13:34:43,www.google.fr
2013-11-16 13:34:43,connect.facebook.net
2013-11-16 13:34:43,assets.pinterest.com
2013-11-16 13:34:43,www.google.com
2013-11-16 13:34:43,www.miniinthebox.com
2013-11-16 13:34:44,www.miniinthebox.com
2013-11-16 13:34:44,static.ak.facebook.com
2013-11-16 13:34:44,widgets.pinterest.com
2013-11-16 13:34:44,retargeting.veoxa.com
2013-11-16 13:34:44,deliv.leboncoin.fr
2013-11-16 13:34:44,s-static.ak.facebook.com
2013-11-16 13:34:44,twitter.com
2013-11-16 13:34:44,www.facebook.com
2013-11-16 13:34:44,apis.google.com
2013-11-16 13:34:47,serv3.vizury.com
2013-11-16 13:34:48,www.miniinthebox.com
2013-11-16 13:34:50,miniimg3.rightinthebox.com
2013-11-16 13:34:51,cdlc.iadvize.com
2013-11-16 13:34:54,miniimg6.rightinthebox.com
2013-11-16 13:34:56,miniimg8.rightinthebox.com
2013-11-16 13:35:00,miniimg7.rightinthebox.com
2013-11-16 13:35:15,www.miniinthebox.com
2013-11-16 13:35:15,www.facebook.com
2013-11-16 13:35:16,miniimg1.rightinthebox.com
2013-11-16 13:35:16,miniimg4.rightinthebox.com
2013-11-16 13:35:16,miniimg6.rightinthebox.com
2013-11-16 13:35:16,miniimg.rightinthebox.com
2013-11-16 13:35:16,miniimg5.rightinthebox.com
2013-11-16 13:35:17,static.ak.facebook.com
2013-11-16 13:35:17,assets.pinterest.com
2013-11-16 13:35:17,connect.facebook.net
2013-11-16 13:35:17,www.miniinthebox.com
2013-11-16 13:35:17,www.google.fr
2013-11-16 13:35:17,widgets.pinterest.com
2013-11-16 13:35:17,miniimg4.rightinthebox.com
2013-11-16 13:35:17,miniimg7.rightinthebox.com
2013-11-16 13:35:17,apis.google.com
2013-11-16 13:35:17,s-static.ak.facebook.com
2013-11-16 13:35:17,www.google.com
2013-11-16 13:35:18,twitter.com
2013-11-16 13:35:18,deliv.bayard-pub.com
2013-11-16 13:35:18,www.facebook.com
2013-11-16 13:35:19,www.miniinthebox.com
2013-11-16 13:35:20,serv3.vizury.com
2013-11-16 13:35:21,miniimg3.rightinthebox.com
2013-11-16 13:35:26,miniimg8.rightinthebox.com
2013-11-16 13:35:26,cdlc.iadvize.com
2013-11-16 13:35:28,miniimg8.rightinthebox.com
2013-11-16 13:35:30,miniimg7.rightinthebox.com
2013-11-16 13:36:01,cdlc.iadvize.com
2013-11-16 13:36:36,cdlc.iadvize.com
2013-11-16 13:37:11,cdlc.iadvize.com
2013-11-16 13:37:47,cdlc.iadvize.com
2013-11-16 13:38:22,cdlc.iadvize.com
2013-11-16 13:38:57,cdlc.iadvize.com
2013-11-16 13:39:32,cdlc.iadvize.com
2013-11-16 13:40:07,cdlc.iadvize.com
2013-11-16 13:40:42,cdlc.iadvize.com
2013-11-16 13:41:17,cdlc.iadvize.com
2013-11-16 13:41:52,cdlc.iadvize.com
2013-11-16 13:42:27,cdlc.iadvize.com
2013-11-16 13:43:02,cdlc.iadvize.com
2013-11-16 13:43:37,cdlc.iadvize.com
2013-11-16 13:44:12,cdlc.iadvize.com
2013-11-16 13:44:47,cdlc.iadvize.com
2013-11-16 13:45:22,cdlc.iadvize.com
2013-11-16 13:45:57,cdlc.iadvize.com
2013-11-16 13:46:32,cdlc.iadvize.com
2013-11-16 13:47:07,cdlc.iadvize.com
2013-11-16 13:47:42,cdlc.iadvize.com
2013-11-16 13:48:14,login.live.com
2013-11-16 13:48:15,dub117.mail.live.com
2013-11-16 13:48:15,go.trouter.io
2013-11-16 13:48:15,proxy-bay-people.directory.live.com
2013-11-16 13:48:16,g.live.com
2013-11-16 13:48:17,login.skype.com
2013-11-16 13:48:18,cdlc.iadvize.com
2013-11-16 13:48:19,tracker.cds-tracking.com
2013-11-16 13:48:28,windowslive.tt.omtrdc.net
2013-11-23 11:07:05,javadl-esd.sun.com
2013-11-25 10:38:31,fpdownload2.macromedia.com
2013-11-25 10:38:41,hotmail.com
2013-11-25 10:38:51,login.live.com
2013-11-25 10:38:59,login.live.com
2013-11-25 10:39:21,login.live.com
2013-11-25 10:39:22,login.live.com
2013-11-25 10:39:27,mail.live.com
2013-11-25 10:39:33,dub117.mail.live.com
2013-11-25 10:39:34,dub117.mail.live.com
2013-11-25 10:39:35,people.directory.live.com
2013-11-25 10:39:38,dub117.mail.live.com
2013-11-25 10:39:39,people.directory.live.com
2013-11-25 10:39:40,secure.shared.live.com
2013-11-25 10:39:40,dub117.mail.live.com
2013-11-25 10:39:42,secure.shared.live.com
2013-11-25 10:39:43,cid-4ec4324ca3fadc9b.users.storage.live.com
2013-11-25 10:39:43,h.live.com
2013-11-25 10:39:43,js.live.net
2013-11-25 10:39:43,byfiles.storage.msn.com
2013-11-25 10:39:43,dub117.mail.live.com
2013-11-25 10:39:44,h.live.com
2013-11-25 10:39:44,storage.live.com
2013-11-25 10:39:44,go.trouter.io
2013-11-25 10:39:44,api.skype.com
2013-11-25 10:39:44,dub117.mail.live.com
2013-11-25 10:39:45,dub117.mail.live.com
2013-11-25 10:39:45,h.live.com
2013-11-25 10:39:45,p.sfx.ms
2013-11-25 10:39:48,login.live.com
2013-11-25 10:39:49,p.sfx.ms
2013-11-25 10:39:50,prod.registrar.skype.com
2013-11-25 10:39:52,h.live.com
2013-11-25 10:39:52,dub117.mail.live.com
2013-11-25 10:39:54,prod.registrar.skype.com
2013-11-25 10:39:54,h.live.com
2013-11-25 10:40:32,api.skype.com
2013-11-25 10:40:35,secure.shared.live.com
2013-11-25 10:40:35,dub117.afx.ms
2013-11-25 10:40:35,go.trouter.io
2013-11-25 10:40:35,dub117.mail.live.com
2013-11-25 10:41:08,dub117.mail.live.com
2013-11-25 10:41:08,excel.officeapps.live.com
2013-11-25 10:41:08,h.live.com
2013-11-25 10:41:19,hotmail.com
2013-11-25 10:41:29,login.live.com
2013-11-25 10:41:47,login.live.com
2013-11-25 10:41:48,login.live.com
2013-11-25 10:41:55,mail.live.com
2013-11-25 10:42:00,cid-4ec4324ca3fadc9b.users.storage.live.com
2013-11-25 10:42:00,dub117.mail.live.com
2013-11-25 10:42:01,dub117.mail.live.com
2013-11-25 10:42:04,dub117.mail.live.com
2013-11-25 10:42:05,h.live.com
2013-11-25 10:42:06,people.directory.live.com
2013-11-25 10:42:06,js.live.net
2013-11-25 10:42:06,secure.shared.live.com
2013-11-25 10:42:06,byfiles.storage.msn.com
2013-11-25 10:42:07,dub117.mail.live.com
2013-11-25 10:42:07,p.sfx.ms
2013-11-25 10:42:07,h.live.com
2013-11-25 10:42:09,secure.shared.live.com
2013-11-25 10:42:09,h.live.com
2013-11-25 10:42:12,login.live.com
2013-11-25 10:42:13,go.trouter.io
2013-11-25 10:42:13,storage.live.com
2013-11-25 10:42:14,prod.registrar.skype.com
2013-11-25 10:42:33,login.live.com
2013-11-25 10:42:36,excel.officeapps.live.com
2013-11-25 10:42:36,api.skype.com
2013-11-25 10:42:46,secure.shared.live.com
2013-11-25 10:42:46,login.live.com
2013-11-25 10:42:46,h.live.com
2013-11-25 10:42:46,dub117.mail.live.com
2013-11-25 10:42:46,cid-4ec4324ca3fadc9b.users.storage.live.com
2013-11-25 10:42:47,go.trouter.io
2013-11-25 10:42:47,login.skype.com
2013-11-25 10:42:47,dub117.mail.live.com
2013-11-25 10:42:47,g.live.com
2013-11-25 10:42:58,windowslive.tt.omtrdc.net
2013-11-25 10:43:00,login.live.com
2013-11-25 10:43:00,dub117.mail.live.com
2013-11-26 08:13:38,hotmail.com
2013-11-26 08:13:39,login.live.com
2013-11-26 08:14:09,login.live.com
2013-11-26 08:14:13,windowslive.tt.omtrdc.net
2013-11-26 08:14:26,windowslive.tt.omtrdc.net
2013-11-26 08:14:28,login.live.com
2013-11-26 08:14:41,login.live.com
2013-11-26 08:14:41,windowslive.tt.omtrdc.net
2013-11-26 08:14:42,login.live.com
2013-11-26 08:14:42,mail.live.com
2013-11-26 08:14:46,h.live.com
2013-11-26 08:14:46,dub117.mail.live.com
2013-11-26 08:14:49,dub117.mail.live.com
2013-11-26 08:14:50,cid-4ec4324ca3fadc9b.users.storage.live.com
2013-11-26 08:14:50,people.directory.live.com
2013-11-26 08:14:50,h.live.com
2013-11-26 08:14:54,js.live.net
2013-11-26 08:15:52,dub117.mail.live.com
2013-11-26 08:15:54,dub117.mail.live.com
2013-11-26 08:16:21,p.sfx.ms
2013-11-26 08:16:22,p.sfx.ms
2013-11-26 08:16:22,secure.shared.live.com
2013-11-26 08:17:01,javadl-esd.sun.com
2013-11-26 08:17:17,secure.shared.live.com
2013-11-26 08:17:23,dub117.mail.live.com
2013-11-26 08:17:24,dub117.mail.live.com
2013-11-26 08:17:25,dub117.mail.live.com
2013-11-26 08:17:26,dub117.mail.live.com
2013-11-26 08:17:54,login.live.com
2013-11-26 08:17:56,prod.registrar.skype.com
2013-11-26 08:18:12,go.trouter.io
2013-11-26 08:18:13,storage.live.com
2013-11-26 08:18:13,prod.registrar.skype.com
2013-11-26 08:19:14,dub117.afx.ms
2013-11-26 08:19:14,dub117.mail.live.com
2013-11-26 08:19:31,secure.shared.live.com
2013-11-26 08:20:13,go.trouter.io
2013-11-26 08:20:50,proxy-bay-people.directory.live.com
2013-11-26 08:21:11,api.skype.com
2013-11-26 08:34:47,dub117.mail.live.com
2013-11-26 09:30:51,prod.registrar.skype.com
2013-11-26 09:31:40,proxy-bay-people.directory.live.com
2013-11-26 09:31:45,h.live.com
2013-11-26 09:31:51,dub117.afx.ms
2013-11-26 09:31:53,dub117.mail.live.com
2013-11-26 09:32:50,go.trouter.io
2013-11-26 09:36:10,proxy-bay-people.directory.live.com
2013-11-26 10:25:39,office14client.microsoft.com
2013-11-26 10:25:40,office.microsoft.com
2013-11-26 10:25:41,office.microsoft.com
2013-11-26 12:15:30,www.google.fr
2013-11-26 12:15:30,google.fr
2013-11-26 12:15:42,www.google.fr
2013-11-26 12:15:43,apis.google.com
2013-11-26 12:15:45,www.google.com
2013-11-26 12:15:55,apis.google.com
2013-11-26 12:15:55,www.google.fr
2013-11-26 12:15:55,www.google.com
2013-12-12 19:42:52,fpdownload2.macromedia.com
2013-12-12 19:42:55,go.microsoft.com
2013-12-12 19:42:55,windows.microsoft.com
2013-12-12 19:42:55,ajax.microsoft.com
2013-12-12 19:42:55,res1.windows.microsoft.com
2013-12-12 19:42:55,res2.windows.microsoft.com
2013-12-12 19:42:55,js.microsoft.com
2013-12-12 19:42:56,res1.windows.microsoft.com
2013-12-12 19:42:56,js.microsoft.com
2013-12-12 19:42:59,www.google.com
2013-12-12 19:43:04,gmail.com
2013-12-12 19:43:04,mail.google.com
2013-12-12 19:43:05,accounts.google.com
2013-12-12 19:43:05,accounts.youtube.com
2013-12-12 19:43:06,mail.google.com
2013-12-12 19:43:17,accounts.google.fr
2013-12-12 19:43:20,accounts.youtube.com
2013-12-12 19:43:20,accounts.google.fr
2013-12-12 19:43:20,accounts.google.com
2013-12-12 19:43:20,mail.google.com
2013-12-12 19:43:21,mail.google.com
2013-12-12 19:43:22,mail.google.com
2013-12-12 19:43:22,clients2.google.com
2013-12-12 19:43:23,mail.google.com
2013-12-12 19:43:23,clients2.google.com
2013-12-12 19:43:23,www.google.com
2013-12-12 19:43:24,apis.google.com
2013-12-12 19:43:24,plus.google.com
2013-12-12 19:43:27,www.google.com
2013-12-12 19:43:27,plus.google.com
2013-12-12 19:43:28,mail.google.com
2013-12-12 19:43:28,chatenabled.mail.google.com
2013-12-12 19:43:29,apis.google.com
2013-12-12 19:43:29,accounts.google.com
2013-12-12 19:43:38,chatenabled.mail.google.com
2013-12-12 19:44:59,ieonline.microsoft.com
2013-12-12 19:44:59,go.microsoft.com
2013-12-12 19:46:27,mail.google.com
2013-12-12 19:47:33,plus.google.com
2013-12-12 19:48:40,mail.google.com
2013-12-12 19:48:42,mail.google.com
2013-12-12 19:51:48,apis.google.com
2013-12-12 19:52:42,chatenabled.mail.google.com
2013-12-12 19:54:34,plus.google.com
2013-12-12 19:58:34,plus.google.com
2013-12-12 20:04:57,mail.google.com
2013-12-12 20:07:38,mail.google.com
2013-12-12 20:07:39,plus.google.com
2013-12-12 20:09:58,mail.google.com
2013-12-12 20:16:39,www.google.com
2013-12-12 20:16:43,plus.google.com
2013-12-12 20:18:29,mail.google.com
2013-12-12 20:20:44,plus.google.com
2013-12-12 20:27:40,plus.google.com
2013-12-12 20:27:53,mail.google.com
2013-12-13 12:14:22,go.microsoft.com
2013-12-13 12:14:22,windows.microsoft.com
2013-12-13 12:14:22,ajax.microsoft.com
2013-12-13 12:14:22,res1.windows.microsoft.com
2013-12-13 12:14:22,res2.windows.microsoft.com
2013-12-13 12:14:22,js.microsoft.com
2013-12-13 12:14:23,res1.windows.microsoft.com
2013-12-13 12:14:23,res2.windows.microsoft.com
2013-12-13 12:14:23,windows.microsoft.com
2013-12-13 12:14:23,js.microsoft.com
2013-12-13 12:14:24,res1.windows.microsoft.com
2013-12-13 12:14:26,www.google.com
2013-12-13 12:14:36,gmail.com
2013-12-13 12:14:36,mail.google.com
2013-12-13 12:14:37,accounts.google.com
2013-12-13 12:14:38,accounts.youtube.com
2013-12-13 12:14:39,mail.google.com
2013-12-13 12:15:00,accounts.google.fr
2013-12-13 12:15:05,accounts.google.com
2013-12-13 12:15:05,accounts.youtube.com
2013-12-13 12:15:05,accounts.google.fr
2013-12-13 12:15:05,mail.google.com
2013-12-13 12:15:07,clients2.google.com
2013-12-13 12:15:08,mail.google.com
2013-12-13 12:15:08,www.google.com
2013-12-13 12:15:10,apis.google.com
2013-12-13 12:15:10,plus.google.com
2013-12-13 12:15:11,plus.google.com
2013-12-13 12:15:12,clients2.google.com
2013-12-13 12:15:14,www.google.com
2013-12-13 12:15:16,mail.google.com
2013-12-13 12:15:17,plus.google.com
2013-12-13 12:15:17,accounts.google.com
2013-12-13 12:15:17,apis.google.com
2013-12-13 12:15:17,chatenabled.mail.google.com
2013-12-13 12:15:18,mail.google.com
2013-12-13 12:15:18,apis.google.com
2013-12-13 12:15:18,plus.google.com
2013-12-13 12:15:31,chatenabled.mail.google.com
2013-12-13 12:15:48,mail.google.com
2013-12-13 12:15:49,clients6.google.com
2013-12-13 12:16:14,go.microsoft.com
2013-12-13 12:16:14,ieonline.microsoft.com
2013-12-13 12:16:34,plus.google.com
2013-12-13 12:16:34,mail.google.com
2013-12-13 12:17:08,mail.google.com
2013-12-13 12:17:17,ieonline.microsoft.com
2013-12-13 12:19:49,apis.google.com
2013-12-13 12:19:49,clients6.google.com
2013-12-13 12:20:46,plus.google.com
2013-12-13 12:21:11,plus.google.com
2013-12-13 12:22:16,mail.google.com
2013-12-13 12:25:11,plus.google.com
2013-12-13 12:25:19,plus.google.com
2013-12-13 12:31:24,mail.google.com
2013-12-13 12:31:25,mail.google.com
2013-12-13 12:32:11,plus.google.com
2013-12-13 12:40:49,plus.google.com
2013-12-13 12:50:49,plus.google.com
2013-12-13 13:00:57,plus.google.com
2013-12-13 13:02:50,mail.google.com
2013-12-13 13:06:57,plus.google.com
2013-12-13 13:09:02,mail.google.com
2013-12-13 13:09:03,plus.google.com
2013-12-13 13:09:03,apis.google.com
2013-12-13 13:09:03,mail.google.com
2013-12-13 13:09:04,www.google.com
2013-12-13 13:09:04,www.google.fr
2013-12-13 13:09:18,mail.google.com
2013-12-13 13:09:18,accounts.google.com
2013-12-13 13:09:20,accounts.youtube.com
2013-12-13 13:09:20,accounts.google.fr
2013-12-13 13:09:20,mail.google.com
2013-12-13 13:09:21,plus.google.com
2013-12-13 13:09:21,clients2.google.com
2013-12-13 13:09:21,www.google.com
2013-12-13 13:10:59,chatenabled.mail.google.com
2013-12-13 13:12:09,mail.google.com
2013-12-13 13:12:11,mail.google.com
2013-12-13 13:12:12,www.google.com
2013-12-13 13:12:12,mail.google.com
2013-12-13 13:12:12,clients6.google.com
2013-12-13 13:12:12,www.google.fr
2013-12-13 13:12:12,apis.google.com
2013-12-13 13:12:12,plus.google.com
2013-12-13 13:12:16,mail.google.com
2013-12-13 13:12:16,accounts.youtube.com
2013-12-13 13:12:16,accounts.google.com
2013-12-13 13:12:16,accounts.google.fr
2013-12-13 13:12:16,www.google.com
2013-12-13 13:30:48,javadl-esd.sun.com
2014-01-22 14:32:51,fpdownload2.macromedia.com
2014-01-22 14:33:13,www.google.fr
2014-01-22 14:33:16,www.google.com
2014-01-22 14:33:16,apis.google.com
2014-01-22 14:33:25,www.google.fr
2014-01-22 14:33:25,www.cdiscount.com
2014-01-22 14:33:25,www.google.com
2014-01-22 14:33:25,apis.google.com
2014-01-22 14:33:26,metrics.cdiscount.com
2014-01-22 14:33:26,www.cdiscount.com
2014-01-22 14:33:27,tck.toc.io
2014-01-22 14:33:27,stc.cm.chefjerome.com
2014-01-22 14:33:27,www.cdiscount.com
2014-01-22 14:33:27,hal9000.redintelligence.net
2014-01-22 14:33:27,www.facebook.com
2014-01-22 14:33:28,adventori.com
2014-01-22 14:33:29,hal9000.redintelligence.net
2014-01-22 14:33:32,ws-cdi.web-boosting.net
2014-01-22 14:33:58,www.cdiscount.com
2014-01-22 14:34:00,tck.toc.io
2014-01-22 14:34:00,ws-cdi.web-boosting.net
2014-01-22 14:34:00,metrics.cdiscount.com
2014-01-22 14:34:00,listener.ezakus.net
2014-01-22 14:34:01,miniimg2.rightinthebox.com
2014-01-22 14:34:01,miniimg.rightinthebox.com
2014-01-22 14:34:01,miniimg3.rightinthebox.com
2014-01-22 14:34:01,miniimg7.rightinthebox.com
2014-01-22 14:34:01,its.tradelab.fr
2014-01-22 14:34:01,litbimg.rightinthebox.com
2014-01-22 14:34:01,miniimg1.rightinthebox.com
2014-01-22 14:34:01,minijscss.rightinthebox.com
2014-01-22 14:34:01,miniimg8.rightinthebox.com
2014-01-22 14:34:01,miniimg5.rightinthebox.com
2014-01-22 14:34:01,rp.gwallet.com
2014-01-22 14:34:01,www.miniinthebox.com
2014-01-22 14:34:01,www.facebook.com
2014-01-22 14:34:01,miniimg6.rightinthebox.com
2014-01-22 14:34:01,mm.eulerian.net
2014-01-22 14:34:01,miniimg4.rightinthebox.com
2014-01-22 14:34:01,www.google.com
2014-01-22 14:34:02,d3cxv97fi8q177.cloudfront.net
2014-01-22 14:34:02,www.google.com
2014-01-22 14:34:02,www.google.fr
2014-01-22 14:34:02,miniimg5.rightinthebox.com
2014-01-22 14:34:02,www.miniinthebox.com
2014-01-22 14:34:02,its.tradelab.fr
2014-01-22 14:34:06,serv3.vizury.com
2014-01-22 14:34:11,www.miniinthebox.com
2014-01-22 14:34:11,calotag.com
2014-01-22 14:34:11,www.facebook.com
2014-01-22 14:34:12,www.google.com
2014-01-22 14:34:12,www.google.fr
2014-01-22 14:34:12,mfr.meteofrance.com
2014-01-22 14:34:15,www.cdiscount.com
2014-01-22 14:34:16,platform.twitter.com
2014-01-22 14:34:17,clients.cdiscount.com
2014-01-22 14:34:19,clients.cdiscount.com
2014-01-22 14:34:26,twitter.com
2014-01-22 14:34:28,code.jquery.com
2014-01-22 14:34:33,clients.cdiscount.com
2014-01-22 14:34:34,code.jquery.com
2014-01-22 14:34:34,clients.cdiscount.com
2014-01-22 14:34:35,i1.cdiscount.com
2014-01-22 14:34:36,i1.cdiscount.com
2014-01-22 14:34:37,i1.cdiscount.com
2014-01-22 14:34:41,i1.cdiscount.com
2014-01-22 14:34:42,i1.cdiscount.com
2014-01-22 14:34:44,clients.cdiscount.com
2014-01-22 14:34:46,tck.toc.io
2014-01-22 14:34:46,google.ezakus.net
2014-01-22 14:34:47,google.ezakus.net
2014-01-22 14:34:49,www.facebook.com
2014-01-22 14:34:49,tck.toc.io
2014-01-22 14:34:49,s-static.ak.facebook.com
2014-01-22 14:34:49,connect.facebook.net
2014-01-22 14:34:53,ws-cdi.web-boosting.net
2014-01-22 14:34:56,twitter.com
2014-01-22 14:35:03,connect.facebook.net
2014-01-22 14:35:16,clients.cdiscount.com
2014-01-22 14:35:17,tck.toc.io
2014-01-22 14:35:17,i1.cdiscount.com
2014-01-22 14:35:17,clients.cdiscount.com
2014-01-22 14:35:19,cdiscount.pfxlive.com
2014-01-22 14:35:23,pr.ybp.yahoo.com
2014-01-22 14:35:29,ws-cdi.web-boosting.net
2014-01-22 14:36:06,clients.cdiscount.com
2014-01-22 14:36:06,cdiscount.pfxlive.com
2014-01-22 14:36:07,ieonline.microsoft.com
2014-01-22 14:36:18,ws-cdi.web-boosting.net
2014-01-22 14:37:11,tck.toc.io
2014-01-22 14:37:17,platform.twitter.com
2014-01-22 14:37:24,cdiscount.pfxlive.com
2014-01-22 14:37:24,clients.cdiscount.com
2014-01-22 14:37:37,ws-cdi.web-boosting.net
2014-01-22 14:37:41,tck.toc.io
2014-01-22 14:37:42,cdiscount.pfxlive.com
2014-01-22 14:37:42,clients.cdiscount.com
2014-01-22 14:37:43,ws-cdi.web-boosting.net
2014-01-22 14:37:43,tck.toc.io
2014-01-22 14:39:01,cdiscount.pfxlive.com
2014-01-22 14:39:01,clients.cdiscount.com
2014-01-22 14:39:01,i1.cdiscount.com
2014-01-22 14:39:02,ws-cdi.web-boosting.net
2014-01-22 14:39:10,clients.cdiscount.com
2014-01-22 14:39:10,tck.toc.io
2014-01-22 14:39:10,cdiscount.pfxlive.com
2014-01-22 14:39:11,ws-cdi.web-boosting.net
2014-01-22 14:39:51,tck.toc.io
2014-01-22 14:39:51,i1.cdiscount.com
2014-01-22 14:39:57,i1.cdiscount.com
2014-01-22 14:39:57,clients.cdiscount.com
2014-01-22 14:39:57,www.cdiscount.com
2014-01-22 14:39:58,metrics.cdiscount.com
2014-01-22 14:39:59,mfr.meteofrance.com
2014-01-22 14:39:59,hal9000.redintelligence.net
2014-01-22 14:39:59,tck.toc.io
2014-01-22 14:39:59,www.google.com
2014-01-22 14:39:59,cdiscount.pfxlive.com
2014-01-22 14:39:59,ws-cdi.web-boosting.net
2014-01-22 14:40:00,match.rtbidder.net
2014-01-22 14:40:00,ad.publicidees.com
2014-01-22 14:40:00,www.facebook.com
2014-01-22 14:40:00,www.google.com
2014-01-22 14:40:00,hal9000.redintelligence.net
2014-01-22 14:40:00,ea.numericable.fr
2014-01-22 14:40:00,www.cdiscount.com
2014-01-22 14:40:00,www.google.fr
2014-01-22 14:40:49,cdiscount.pfxlive.com
2014-01-22 14:40:50,ws-cdi.web-boosting.net
2014-01-22 14:40:55,cdiscount.pfxlive.com
2014-01-22 14:40:55,tck.toc.io
2014-01-22 14:40:56,ws-cdi.web-boosting.net
2014-01-22 14:41:19,tck.toc.io
2014-01-22 14:41:20,cdiscount.pfxlive.com
2014-01-22 14:41:20,clients.cdiscount.com
2014-01-22 14:41:21,ws-cdi.web-boosting.net
2014-01-22 14:41:51,clients.cdiscount.com
2014-01-22 14:41:51,tck.toc.io
2014-01-22 14:41:52,ws-cdi.web-boosting.net
2014-01-22 14:41:52,cdiscount.pfxlive.com
2014-01-22 14:42:13,tck.toc.io
2014-01-22 14:42:14,clients.cdiscount.com
2014-01-22 14:42:14,cdiscount.pfxlive.com
2014-01-22 14:42:15,ws-cdi.web-boosting.net
2014-01-22 14:42:43,ws-cdi.web-boosting.net
2014-01-22 14:42:43,tck.toc.io
2014-01-22 14:42:43,cdiscount.pfxlive.com
2014-01-22 14:42:43,www.cdiscount.com
2014-01-22 14:42:43,metrics.cdiscount.com
2014-01-22 14:42:44,deliv.bayard-pub.com
2014-01-22 14:42:44,mfr.meteofrance.com
2014-01-22 14:42:44,deliv.leboncoin.fr
2014-01-22 14:42:44,www.facebook.com
2014-01-22 14:42:46,www.cdiscount.com
2014-01-22 14:42:49,www.cdiscount.com
2014-01-22 14:42:51,tck.toc.io
2014-01-22 14:42:51,cdiscount.pfxlive.com
2014-01-22 14:43:03,ws-cdi.web-boosting.net
2014-01-22 14:43:28,clients.cdiscount.com
2014-01-22 14:43:29,cdiscount.pfxlive.com
2014-01-22 14:43:30,tck.toc.io
2014-01-22 14:43:30,ws-cdi.web-boosting.net
2014-01-22 14:43:37,clients.cdiscount.com
2014-01-22 14:43:37,cdiscount.pfxlive.com
2014-01-22 14:43:38,tck.toc.io
2014-01-22 14:43:38,ws-cdi.web-boosting.net
2014-01-22 14:43:57,i1.cdiscount.com
2014-01-22 14:43:58,cdiscount.pfxlive.com
2014-01-22 14:43:58,clients.cdiscount.com
2014-01-22 14:43:58,ws-cdi.web-boosting.net
2014-01-22 14:44:49,clients.cdiscount.com
2014-01-22 14:44:49,tck.toc.io
2014-01-22 14:44:49,cdiscount.pfxlive.com
2014-01-22 14:44:50,ws-cdi.web-boosting.net
2014-01-22 14:45:21,tck.toc.io
2014-01-22 14:45:22,clients.cdiscount.com
2014-01-22 14:45:22,cdiscount.pfxlive.com
2014-01-22 14:45:23,ws-cdi.web-boosting.net
2014-01-22 14:45:53,www.relaiscolis.com
2014-01-22 14:46:27,tck.toc.io
2014-01-22 14:46:27,www.relaiscolis.com
2014-01-22 14:46:39,www.relaiscolis.com
2014-01-22 14:46:50,www.relaiscolis.com
2014-01-22 14:47:07,www.cdiscount.com
2014-01-22 14:47:09,www.cdiscount.com
2014-01-22 14:47:09,i1.cdiscount.com
2014-01-22 14:47:10,www.cdiscount.com
2014-01-22 14:47:10,www.google.fr
2014-01-22 14:47:10,www.google.com
2014-01-22 14:47:10,tck.toc.io
2014-01-22 14:47:10,cdiscount.pfxlive.com
2014-01-22 14:47:10,logo.flixfacts.co.uk
2014-01-22 14:47:10,t.flix360.com
2014-01-22 14:47:10,media.flixcar.com
2014-01-22 14:47:10,metrics.cdiscount.com
2014-01-22 14:47:10,media.flixfacts.com
2014-01-22 14:47:11,www.cdiscount.com
2014-01-22 14:47:11,www.facebook.com
2014-01-22 14:47:11,mfr.meteofrance.com
2014-01-22 14:47:11,deliv.leboncoin.fr
2014-01-22 14:47:11,deliv.bayard-pub.com
2014-01-22 14:47:11,connect.facebook.net
2014-01-22 14:47:11,cdlc.iadvize.com
2014-01-22 14:47:12,s-static.ak.facebook.com
2014-01-22 14:47:12,apis.google.com
2014-01-22 14:47:12,www.facebook.com
2014-01-22 14:47:12,ws-cdi.web-boosting.net
2014-01-22 14:47:12,www.cdiscount.com
2014-01-22 14:47:12,static.ak.facebook.com
2014-01-22 14:47:13,metrics.cdiscount.com
2014-01-22 14:47:14,accounts.google.com
2014-01-22 14:47:17,accounts.google.com
2014-01-22 14:47:18,cdiscount.pfxlive.com
2014-01-22 14:47:18,ws-cdi.web-boosting.net
2014-01-22 14:47:42,www.relaiscolis.com
2014-01-22 14:48:23,tck.toc.io
2014-01-22 14:50:07,cdiscount.pfxlive.com
2014-01-22 14:50:07,ws-cdi.web-boosting.net
2014-01-22 14:50:39,tck.toc.io
2014-01-22 14:50:40,cdiscount.pfxlive.com
2014-01-22 14:50:40,clients.cdiscount.com
2014-01-22 14:50:41,ws-cdi.web-boosting.net
2014-01-22 14:50:49,clients.cdiscount.com
2014-01-22 14:50:49,i1.cdiscount.com
2014-01-22 14:50:49,tck.toc.io
2014-01-22 14:50:50,cdiscount.pfxlive.com
2014-01-22 14:50:50,ws-cdi.web-boosting.net
2014-01-22 14:51:21,tck.toc.io
2014-01-22 14:51:22,cdiscount.pfxlive.com
2014-01-22 14:51:22,i1.cdiscount.com
2014-01-22 14:51:22,ws-cdi.web-boosting.net
2014-01-22 14:51:44,tck.toc.io
2014-01-22 14:51:44,cdiscount.pfxlive.com
2014-01-22 14:51:45,ws-cdi.web-boosting.net
2014-01-22 14:51:46,tck.toc.io
2014-01-22 14:51:47,tck.toc.io
2014-01-22 14:51:47,cdiscount.pfxlive.com
2014-01-22 14:51:48,ws-cdi.web-boosting.net
2014-01-22 14:51:51,cdiscount.pfxlive.com
2014-01-22 14:51:52,ws-cdi.web-boosting.net
2014-01-22 14:51:55,tck.toc.io
2014-01-22 14:51:55,cdiscount.pfxlive.com
2014-01-22 14:51:56,ws-cdi.web-boosting.net
2014-01-22 14:52:20,cdiscount.pfxlive.com
2014-01-22 14:52:20,tck.toc.io
2014-01-22 14:52:21,ws-cdi.web-boosting.net
2014-01-22 14:52:23,tck.toc.io
2014-01-22 14:52:23,cdiscount.pfxlive.com
2014-01-22 14:52:24,ws-cdi.web-boosting.net
2014-01-22 14:52:38,tck.toc.io
2014-01-22 14:52:38,cdiscount.pfxlive.com
2014-01-22 14:52:39,ws-cdi.web-boosting.net
2014-01-22 14:52:40,tck.toc.io
2014-01-22 14:52:41,cdiscount.pfxlive.com
2014-01-22 14:52:41,ws-cdi.web-boosting.net
2014-01-22 14:52:43,tck.toc.io
2014-01-22 14:52:44,cdiscount.pfxlive.com
2014-01-22 14:52:44,ws-cdi.web-boosting.net
2014-01-22 14:52:55,tck.toc.io
2014-01-22 14:52:55,cdiscount.pfxlive.com
2014-01-22 14:52:58,tck.toc.io
2014-01-22 14:52:59,cdiscount.pfxlive.com
2014-01-22 14:53:08,ws-cdi.web-boosting.net
2014-01-22 14:53:09,ws-cdi.web-boosting.net
2014-01-22 14:54:04,tck.toc.io
2014-01-22 14:54:05,clients.cdiscount.com
2014-01-22 14:54:05,i1.cdiscount.com
2014-01-22 14:54:06,cdiscount.pfxlive.com
2014-01-22 14:54:06,i1.cdiscount.com
2014-01-22 14:54:06,ws-cdi.web-boosting.net
2014-01-22 14:54:16,cdiscount.pfxlive.com
2014-01-22 14:54:16,i1.cdiscount.com
2014-01-22 14:54:16,tck.toc.io
2014-01-22 14:54:16,clients.cdiscount.com
2014-01-22 14:54:17,ws-cdi.web-boosting.net
2014-01-22 14:54:33,tck.toc.io
2014-01-22 14:54:34,ws-cdi.web-boosting.net
2014-01-22 14:54:34,cdiscount.pfxlive.com
2014-01-22 14:54:34,clients.cdiscount.com
2014-01-22 14:54:40,tck.toc.io
2014-01-22 14:54:41,clients.cdiscount.com
2014-01-22 14:54:41,cdiscount.pfxlive.com
2014-01-22 14:54:42,i1.cdiscount.com
2014-01-22 14:54:42,tck.toc.io
2014-01-22 14:54:42,www.facebook.com
2014-01-22 14:54:42,s-static.ak.facebook.com
2014-01-22 14:54:42,ws-cdi.web-boosting.net
2014-01-22 14:55:13,www.relaiscolis.com
2014-01-22 14:55:50,i1.cdiscount.com
2014-01-22 14:55:50,google.fr
2014-01-22 14:55:50,www.google.fr
2014-01-22 14:56:25,www.google.fr
2014-01-22 14:56:26,ajax.googleapis.com
2014-01-22 14:56:26,www.google.fr
2014-01-22 14:56:26,www.iutenligne.net
2014-01-22 14:56:27,ajax.googleapis.com
2014-01-22 14:56:27,www.facebook.com
2014-01-22 14:56:27,www.iutenligne.net
2014-01-22 14:56:45,www.facebook.com
2014-01-22 14:56:45,www.iutenligne.net
2014-01-22 14:56:46,www.iutenligne.net
2014-01-22 14:56:53,public.iutenligne.net
2014-01-22 14:56:54,public.iutenligne.net
2014-01-22 14:56:55,public.iutenligne.net
2014-01-22 14:57:04,public.iutenligne.net
2014-01-22 14:57:10,public.iutenligne.net
2014-01-22 14:57:12,public.iutenligne.net
2014-01-22 15:05:11,public.iutenligne.net
2014-01-22 15:05:16,public.iutenligne.net
2014-01-22 15:06:46,public.iutenligne.net
2014-01-22 15:07:53,public.iutenligne.net
2014-01-22 15:08:06,public.iutenligne.net
2014-01-22 15:08:16,public.iutenligne.net
2014-01-22 15:08:41,public.iutenligne.net
2014-01-22 15:08:51,public.iutenligne.net
2014-01-22 15:09:00,public.iutenligne.net
2014-01-22 15:09:10,public.iutenligne.net
2014-01-22 15:09:19,public.iutenligne.net
2014-01-22 15:09:40,public.iutenligne.net
2014-01-22 15:09:47,public.iutenligne.net
2014-01-22 15:10:03,public.iutenligne.net
2014-01-22 15:10:33,public.iutenligne.net
2014-01-22 15:10:46,public.iutenligne.net
2014-01-22 15:11:08,public.iutenligne.net
2014-01-22 15:11:11,public.iutenligne.net
2014-01-22 15:11:19,public.iutenligne.net
2014-01-22 15:11:30,public.iutenligne.net
2014-01-22 15:11:44,public.iutenligne.net
2014-01-22 15:11:57,public.iutenligne.net
2014-01-22 15:12:06,public.iutenligne.net
2014-01-22 15:12:19,public.iutenligne.net
2014-01-22 15:12:28,public.iutenligne.net
2014-01-22 15:12:46,public.iutenligne.net
2014-01-22 15:12:48,public.iutenligne.net
2014-01-22 15:12:59,public.iutenligne.net
2014-01-22 15:13:11,public.iutenligne.net
2014-01-22 15:13:21,public.iutenligne.net
2014-01-22 15:13:31,public.iutenligne.net
2014-01-22 15:13:40,public.iutenligne.net
2014-01-22 15:13:50,public.iutenligne.net
2014-01-22 15:14:11,public.iutenligne.net
2014-01-22 15:14:13,public.iutenligne.net
2014-01-22 15:14:19,public.iutenligne.net
2014-01-22 15:14:24,public.iutenligne.net
2014-01-22 15:14:28,public.iutenligne.net
2014-01-22 15:14:30,public.iutenligne.net
2014-01-22 15:14:32,public.iutenligne.net
2014-01-22 15:14:51,public.iutenligne.net
2014-01-22 15:14:52,public.iutenligne.net
2014-01-22 15:15:05,www.iutenligne.net
2014-01-23 10:28:13,google.fr
2014-01-23 10:28:14,www.google.fr
2014-01-23 10:28:28,www.google.fr
2014-01-23 10:28:29,apis.google.com
2014-01-23 10:28:31,www.google.com
2014-01-23 10:28:50,www.google.fr
2014-01-23 10:28:50,www.iutenligne.net
2014-01-23 10:28:50,ajax.googleapis.com
2014-01-23 10:28:50,www.facebook.com
2014-01-23 10:28:50,www.google.com
2014-01-23 10:28:50,apis.google.com
2014-01-23 10:28:51,www.iutenligne.net
2014-01-23 10:28:56,www.iutenligne.net
2014-01-23 10:28:56,www.facebook.com
2014-01-23 10:29:07,public.iutenligne.net
2014-01-23 10:29:08,public.iutenligne.net
2014-01-23 10:29:09,public.iutenligne.net
2014-01-23 10:29:38,public.iutenligne.net
2014-01-23 10:29:41,public.iutenligne.net
2014-01-23 10:29:43,public.iutenligne.net
2014-01-23 10:30:27,public.iutenligne.net
2014-01-23 10:30:30,public.iutenligne.net
2014-01-23 10:30:36,public.iutenligne.net
2014-01-23 10:31:04,ieonline.microsoft.com
2014-01-30 23:24:41,fpdownload2.macromedia.com
2014-01-30 23:24:42,go.microsoft.com
2014-01-30 23:24:42,windows.microsoft.com
2014-01-30 23:24:42,ajax.microsoft.com
2014-01-30 23:24:42,res2.windows.microsoft.com
2014-01-30 23:24:42,res1.windows.microsoft.com
2014-01-30 23:24:43,js.microsoft.com
2014-01-30 23:24:43,res2.windows.microsoft.com
2014-01-30 23:24:43,res1.windows.microsoft.com
2014-01-30 23:24:43,windows.microsoft.com
2014-01-30 23:24:46,www.google.com
2014-01-30 23:24:57,google.fr
2014-01-30 23:24:57,www.google.fr
2014-01-30 23:24:58,www.google.fr
2014-01-30 23:24:59,apis.google.com
2014-01-30 23:24:59,www.google.com
2014-01-30 23:25:05,www.gmail.com
2014-01-30 23:25:05,mail.google.com
2014-01-30 23:25:06,accounts.google.com
2014-01-30 23:25:06,www.google.com
2014-01-30 23:25:06,apis.google.com
2014-01-30 23:25:06,www.google.fr
2014-01-30 23:25:06,accounts.youtube.com
2014-01-30 23:25:07,www.google.fr
2014-01-30 23:25:17,www.google.fr
2014-01-30 23:25:17,accounts.google.fr
2014-01-30 23:25:18,www.gmail.com
2014-01-30 23:25:19,mail.google.com
2014-01-30 23:25:19,accounts.google.fr
2014-01-30 23:25:19,accounts.youtube.com
2014-01-30 23:25:19,accounts.google.com
2014-01-30 23:25:20,plus.google.com
2014-01-30 23:25:20,mail.google.com
2014-01-30 23:25:20,apis.google.com
2014-01-30 23:25:20,clients2.google.com
2014-01-30 23:25:21,www.google.com
2014-01-30 23:25:21,mail.google.com
2014-01-30 23:25:21,plus.google.com
2014-01-30 23:25:23,clients2.google.com
2014-01-30 23:25:23,mail.google.com
2014-01-30 23:25:23,chatenabled.mail.google.com
2014-01-30 23:25:24,mail.google.com
2014-01-30 23:25:24,apis.google.com
2014-01-30 23:25:24,plus.google.com
2014-01-30 23:25:45,drive.google.com
2014-01-30 23:25:45,clients6.google.com
2014-01-30 23:25:45,accounts.google.com
2014-01-30 23:25:50,drive.google.com
2014-01-30 23:25:50,chatenabled.mail.google.com
2014-01-30 23:25:57,drive.google.com
2014-01-30 23:26:19,drive.google.com
2014-01-30 23:26:32,www.altera.com
2014-01-30 23:26:40,drive.google.com
2014-01-30 23:26:41,ieonline.microsoft.com
2014-01-30 23:26:41,go.microsoft.com
2014-01-30 23:26:57,dl.patchbeam.com
2014-01-30 23:28:31,mail.google.com
2014-01-30 23:28:32,mail.google.com
2014-01-30 23:28:54,clients6.google.com
2014-01-30 23:29:20,mail.google.com
2014-01-30 23:29:46,plus.google.com
2014-01-30 23:29:46,apis.google.com
2014-01-30 23:30:15,plus.google.com
2014-01-30 23:30:15,drive.google.com
2014-01-30 23:30:15,chatenabled.mail.google.com
2014-01-30 23:30:15,clients6.google.com
2014-01-30 23:31:44,www.altera.com
2014-01-30 23:36:50,plus.google.com
2014-01-30 23:39:38,plus.google.com
2014-01-30 23:40:06,mail.google.com
2014-02-02 22:42:12,www.altera.com
2014-03-02 19:41:52,www.altera.com
2014-03-02 21:17:01,www.altera.com
2014-03-02 21:17:56,js.microsoft.com
2014-03-02 21:17:56,res2.windows.microsoft.com
2014-03-02 21:17:56,res1.windows.microsoft.com
2014-03-02 21:17:56,ajax.microsoft.com
2014-03-02 21:17:56,windows.microsoft.com
2014-03-02 21:17:56,go.microsoft.com
2014-03-02 21:17:57,windows.microsoft.com
2014-03-02 21:17:57,res1.windows.microsoft.com
2014-03-02 21:17:57,res2.windows.microsoft.com
2014-03-02 21:17:57,js.microsoft.com
2014-03-02 21:18:01,www.google.com
2014-03-02 21:18:16,www.squid-cache.org
2014-03-02 21:19:46,ieonline.microsoft.com
2014-03-02 21:19:46,go.microsoft.com
2014-03-02 21:20:59,ieonline.microsoft.com
2014-03-02 23:53:04,www.altera.com
2014-04-02 08:59:39,www.google.fr
2014-04-02 08:59:39,google.fr
2014-04-02 08:59:50,www.google.fr
2014-04-02 08:59:51,apis.google.com
2014-04-02 08:59:53,www.google.com
2014-04-02 09:00:04,www.squid-cache.org
2014-04-02 09:00:13,www.google.fr
2014-04-02 09:00:20,www.google.fr
2014-04-02 09:00:20,apis.google.com
2014-04-02 09:00:20,www.google.com
2014-04-02 09:00:35,ieonline.microsoft.com
