timestamp,site
2014-02-04 08:03:52,www.google.fr
2014-02-04 08:04:06,www.google.fr
2014-02-04 08:04:08,apis.google.com
2014-02-04 08:04:10,www.google.com
2014-02-04 08:04:13,accounts.google.com
2014-02-04 08:04:25,www.google.fr
2014-02-04 08:04:27,accounts.youtube.com
2014-02-04 08:05:14,accounts.google.fr
2014-02-04 08:05:15,apis.google.com
2014-02-04 08:05:15,www.google.com
2014-02-04 08:05:21,drive.google.com
2014-02-04 08:05:21,accounts.google.com
2014-02-04 08:05:21,accounts.youtube.com
2014-02-04 08:05:22,accounts.google.fr
2014-02-04 08:05:22,www.google.fr
2014-02-04 08:05:22,www.google.com
2014-02-04 08:05:22,drive.google.com
2014-02-04 08:05:23,apis.google.com
2014-02-04 08:05:25,0.drive.google.com
2014-02-04 08:05:31,0.drive.google.com
2014-02-04 08:05:35,apis.google.com
2014-02-04 08:05:35,drive.google.com
2014-02-04 08:05:37,plus.google.com
2014-02-04 08:05:37,docs.google.com
2014-02-04 08:05:39,drive.google.com
2014-02-04 08:05:40,drive.google.com
2014-02-04 08:05:40,docs.google.com
2014-02-04 08:05:41,docs.google.com
2014-02-04 08:05:42,plus.google.com
2014-02-04 08:05:42,apis.google.com
2014-02-04 08:05:47,docs.google.com
2014-02-04 08:05:48,docs.google.com
2014-02-04 08:05:49,docs.google.com
2014-02-04 08:05:51,docs.google.com
2014-02-04 08:06:08,docs.google.com
2014-02-04 08:06:14,docs.google.com
2014-02-04 08:06:21,docs.google.com
2014-02-04 08:06:22,docs.google.com
2014-02-04 08:06:22,drive.google.com
2014-02-04 08:06:23,docs.google.com
2014-02-04 08:06:24,drive.google.com
2014-02-04 08:06:24,docs.google.com
2014-02-04 08:06:27,0.docs.google.com
2014-02-04 08:06:27,docs.google.com
2014-02-04 08:06:28,www.google.com
2014-02-04 08:06:28,apis.google.com
2014-02-04 08:06:29,0.docs.google.com
2014-02-04 08:06:30,docs.google.com
2014-02-04 08:06:31,docs.google.com
2014-02-04 08:06:34,apis.google.com
2014-02-04 08:06:34,gg.google.com
2014-02-04 08:06:35,gg.google.com
2014-02-04 08:06:35,docs.google.com
2014-02-04 08:06:35,accounts.google.com
2014-02-04 08:06:35,1.docs.google.com
2014-02-04 08:06:36,docs.google.com
2014-02-04 08:06:39,1.docs.google.com
2014-02-04 08:06:46,clients6.google.com
2014-02-04 08:06:46,apis.google.com
2014-02-04 08:06:46,1.docs.google.com
2014-02-04 08:06:47,1.docs.google.com
2014-02-04 08:06:52,ieonline.microsoft.com
2014-02-04 08:06:55,2.docs.google.com
2014-02-04 08:06:59,2.docs.google.com
2014-02-04 08:08:00,0.talkgadget.google.com
2014-02-04 08:08:01,apis.google.com
2014-02-04 08:08:02,plus.google.com
2014-02-04 08:09:04,www.google.com
2014-02-04 08:09:09,docs.google.com
2014-02-04 08:09:34,www.google.fr
2014-02-04 08:09:51,www.google.fr
2014-02-04 08:10:05,www.google.fr
2014-02-04 08:10:21,0.talkgadget.google.com
2014-02-04 08:10:26,plus.google.com
2014-02-04 08:10:37,docs.google.com
2014-02-04 08:10:41,www.google.fr
2014-02-04 08:10:44,plus.google.com
2014-02-04 08:10:44,www.google.fr
2014-02-04 08:10:44,translate.google.com
2014-02-04 08:10:45,translate.google.com
2014-02-04 08:10:46,apis.google.com
2014-02-04 08:10:46,translate.google.com
2014-02-04 08:10:47,clients6.google.com
2014-02-04 08:10:48,translate.google.com
2014-02-04 08:10:49,translate.google.com
2014-02-04 08:10:52,www.google.fr
2014-02-04 08:10:52,translate.google.com
2014-02-04 08:10:56,translate.google.com
2014-02-04 08:11:10,translate.google.com
2014-02-04 08:11:17,0.talkgadget.google.com
2014-02-04 08:11:26,drive.google.com
2014-02-04 08:11:27,docs.google.com
2014-02-04 08:11:34,clients2.google.com
2014-02-04 08:11:34,apis.google.com
2014-02-04 08:11:37,0.talkgadget.google.com
2014-02-04 08:11:42,www.google.com
2014-02-04 08:11:42,plus.google.com
2014-02-04 08:11:44,0.docs.google.com
2014-02-04 08:11:44,www.google.com
2014-02-04 08:11:47,3.docs.google.com
2014-02-04 08:11:48,clients2.google.com
2014-02-04 08:11:49,clients6.google.com
2014-02-04 08:11:50,3.docs.google.com
2014-02-04 08:11:59,docs.google.com
2014-02-04 08:12:13,plus.google.com
2014-02-04 08:12:13,www.google.fr
2014-02-04 08:13:12,www.youtube.com
2014-02-04 08:13:13,s.ytimg.com
2014-02-04 08:13:13,www.youtube-nocookie.com
2014-02-04 08:13:16,yt3.ggpht.com
2014-02-04 08:13:16,apis.google.com
2014-02-04 08:13:17,s.ytimg.com
2014-02-04 08:13:17,i1.ytimg.com
2014-02-04 08:13:17,apis.google.com
2014-02-04 08:13:17,www.youtube-nocookie.com
2014-02-04 08:13:17,yt3.ggpht.com
2014-02-04 08:13:17,r3---sn-gxo5uxg-jqbe.googlevideo.com
2014-02-04 08:13:17,www.youtube.com
2014-02-04 08:13:18,i1.ytimg.com
2014-02-04 08:13:18,r3---sn-gxo5uxg-jqbe.googlevideo.com
2014-02-04 08:13:18,s.ytimg.com
2014-02-04 08:13:18,www.youtube.com
2014-02-04 08:13:19,s.ytimg.com
2014-02-04 08:13:19,apis.google.com
2014-02-04 08:13:20,i1.ytimg.com
2014-02-04 08:13:20,www.youtube.com
2014-02-04 08:13:21,www.youtube.com
2014-02-04 08:13:21,r3---sn-gxo5uxg-jqbe.googlevideo.com
2014-02-04 08:13:21,apis.google.com
2014-02-04 08:13:21,i1.ytimg.com
2014-02-04 08:13:22,i1.ytimg.com
2014-02-04 08:13:22,apis.google.com
2014-02-04 08:13:27,s.ytimg.com
2014-02-04 08:13:29,drive.google.com
2014-02-04 08:13:30,s.youtube.com
2014-02-04 08:13:30,gg.google.com
2014-02-04 08:13:30,www.google.com
2014-02-04 08:13:30,i1.ytimg.com
2014-02-04 08:13:30,r3---sn-gxo5uxg-jqbe.googlevideo.com
2014-02-04 08:13:31,s.youtube.com
2014-02-04 08:13:31,gg.google.com
2014-02-04 08:13:31,plus.google.com
2014-02-04 08:13:32,www.google.fr
2014-02-04 08:13:32,docs.google.com
2014-02-04 08:13:33,www.google.fr
2014-02-04 08:13:39,translate.google.com
2014-02-04 08:13:39,www.google.fr
2014-02-04 08:13:39,plus.google.com
2014-02-04 08:13:40,translate.google.com
2014-02-04 08:13:40,www.google.fr
2014-02-04 08:13:43,translate.google.com
2014-02-04 08:13:44,translate.google.com
2014-02-04 08:13:48,www.google.fr
2014-02-04 08:13:48,translate.google.com
2014-02-04 08:15:37,www.google.com
2014-02-04 08:15:37,plus.google.com
2014-02-04 08:15:37,s.youtube.com
2014-02-04 08:15:37,i1.ytimg.com
2014-02-04 08:17:30,drive.google.com
2014-02-04 08:17:45,plus.google.com
2014-02-04 08:19:24,docs.google.com
2014-02-04 08:19:29,drive.google.com
2014-02-04 08:19:48,plus.google.com
2014-02-04 08:19:58,plus.google.com
2014-02-04 08:22:23,www.google.fr
2014-02-04 08:22:29,docs.google.com
2014-02-04 08:22:29,plus.google.com
2014-02-04 08:22:32,translate.google.com
2014-02-04 08:22:32,www.google.fr
2014-02-04 08:22:34,www.google.fr
2014-02-04 08:22:34,translate.google.com
2014-02-04 08:22:35,translate.google.com
2014-02-04 08:22:37,translate.google.com
2014-02-04 08:22:38,translate.google.com
2014-02-04 08:22:40,translate.google.com
2014-02-04 08:22:42,translate.google.com
2014-02-04 08:22:44,translate.google.com
2014-02-04 08:22:44,www.google.com
2014-02-04 08:22:44,www.google.fr
2014-02-04 08:22:45,www.google.com
2014-02-04 08:22:48,translate.google.com
2014-02-04 08:22:50,translate.google.com
2014-02-04 08:23:29,translate.google.com
2014-02-04 08:23:29,plus.google.com
2014-02-04 08:23:30,drive.google.com
2014-02-04 08:23:31,translate.google.com
2014-02-04 08:23:36,translate.google.com
2014-02-04 08:23:37,translate.google.com
2014-02-04 08:24:40,docs.google.com
2014-02-04 08:25:04,docs.google.com
2014-02-04 08:25:04,translate.google.com
2014-02-04 08:25:06,translate.google.com
2014-02-04 08:25:07,translate.google.com
2014-02-04 08:25:09,translate.google.com
2014-02-04 08:25:12,translate.google.com
2014-02-04 08:25:17,plus.google.com
2014-02-04 08:26:04,translate.google.com
2014-02-04 08:26:05,translate.google.com
2014-02-04 08:26:10,translate.google.com
2014-02-04 08:26:11,translate.google.com
2014-02-04 08:26:12,translate.google.com
2014-02-04 08:26:17,translate.google.com
2014-02-04 08:27:17,plus.google.com
2014-02-04 08:27:46,plus.google.com
2014-02-04 08:28:49,plus.google.com
2014-02-04 08:29:17,plus.google.com
2014-02-04 08:29:19,translate.google.com
2014-02-04 08:29:21,translate.google.com
2014-02-04 08:29:26,translate.google.com
2014-02-04 08:29:58,plus.google.com
2014-02-04 08:31:17,plus.google.com
2014-02-04 08:31:30,drive.google.com
2014-02-04 08:32:09,clients1.google.com
2014-02-04 08:32:19,www.google.com
2014-02-04 08:32:19,plus.google.com
2014-02-04 08:32:19,www.youtube.com
2014-02-04 08:32:19,i1.ytimg.com
2014-02-04 08:32:19,clients1.google.com
2014-02-04 08:32:22,i1.ytimg.com
2014-02-04 08:32:23,docs.google.com
2014-02-04 08:32:25,i1.ytimg.com
2014-02-04 08:32:26,yt3.ggpht.com
2014-02-04 08:32:26,www.youtube-nocookie.com
2014-02-04 08:32:26,www.youtube.com
2014-02-04 08:32:26,s.ytimg.com
2014-02-04 08:32:26,r3---sn-gxo5uxg-jqbe.googlevideo.com
2014-02-04 08:32:26,i1.ytimg.com
2014-02-04 08:32:26,s.youtube.com
2014-02-04 08:32:26,gg.google.com
2014-02-04 08:32:27,i1.ytimg.com
2014-02-04 08:32:28,s.youtube.com
2014-02-04 08:32:28,www.google.com
2014-02-04 08:32:28,s.ytimg.com
2014-02-04 08:32:28,gdata.youtube.com
2014-02-04 08:32:28,apis.google.com
2014-02-04 08:32:29,i1.ytimg.com
2014-02-04 08:32:29,gdata.youtube.com
2014-02-04 08:32:30,www.youtube.com
2014-02-04 08:32:31,gdata.youtube.com
2014-02-04 08:32:38,r3---sn-gxo5uxg-jqbe.googlevideo.com
2014-02-04 08:32:38,gg.google.com
2014-02-04 08:32:39,yt3.ggpht.com
2014-02-04 08:33:09,r3---sn-gxo5uxg-jqbe.googlevideo.com
2014-02-04 08:34:17,docs.google.com
2014-02-04 08:34:29,r3---sn-gxo5uxg-jqbe.googlevideo.com
2014-02-04 08:36:38,www.youtube.com
2014-02-04 08:36:39,s.youtube.com
2014-02-04 08:36:39,gg.google.com
2014-02-04 08:36:43,www.youtube.com
2014-02-04 08:36:49,plus.google.com
2014-02-04 08:37:31,r3---sn-gxo5uxg-jqbe.googlevideo.com
2014-02-04 08:37:41,docs.google.com
2014-02-04 08:37:56,plus.google.com
2014-02-04 08:38:18,docs.google.com
2014-02-04 08:39:36,i1.ytimg.com
2014-02-04 08:39:58,plus.google.com
2014-02-04 08:41:08,www.youtube.com
2014-02-04 08:41:30,drive.google.com
2014-02-04 08:41:37,s.ytimg.com
2014-02-04 08:42:31,docs.google.com
2014-02-04 08:42:51,s.youtube.com
2014-02-04 08:42:51,i1.ytimg.com
2014-02-04 08:43:36,plus.google.com
2014-02-04 08:43:36,s.youtube.com
2014-02-04 08:43:36,i1.ytimg.com
2014-02-04 08:43:37,i1.ytimg.com
2014-02-04 08:43:37,gdata.youtube.com
2014-02-04 08:43:37,www.youtube.com
2014-02-04 08:43:38,i1.ytimg.com
2014-02-04 08:43:38,www.youtube.com
2014-02-04 08:43:49,r1---sn-gxo5uxg-jqbe.googlevideo.com
2014-02-04 08:43:49,r2---sn-gxo5uxg-jqbe.googlevideo.com
2014-02-04 08:43:50,s.youtube.com
2014-02-04 08:43:50,r2---sn-gxo5uxg-jqbe.googlevideo.com
2014-02-04 08:43:50,apis.google.com
2014-02-04 08:43:50,yt3.ggpht.com
2014-02-04 08:43:51,r1---sn-gxo5uxg-jqbe.googlevideo.com
2014-02-04 08:44:09,gg.google.com
2014-02-04 08:44:09,r2---sn-gxo5uxg-jqbe.googlevideo.com
2014-02-04 08:44:39,r1---sn-gxo5uxg-jqbe.googlevideo.com
2014-02-04 08:44:40,r1---sn-gxo5uxg-jqbe.googlevideo.com
2014-02-04 08:46:38,translate.google.com
2014-02-04 08:46:38,plus.google.com
2014-02-04 08:46:39,translate.google.com
2014-02-04 08:46:44,translate.google.com
2014-02-04 08:47:17,s.youtube.com
2014-02-04 08:47:57,plus.google.com
2014-02-04 08:48:09,www.youtube.com
2014-02-04 08:48:09,gg.google.com
2014-02-04 08:48:11,i1.ytimg.com
2014-02-04 08:48:13,www.youtube.com
2014-02-04 08:49:30,drive.google.com
2014-02-04 08:49:40,r1---sn-gxo5uxg-jqbe.googlevideo.com
2014-02-04 08:49:40,www.youtube.com
2014-02-04 08:49:41,i1.ytimg.com
2014-02-04 08:49:41,s.youtube.com
2014-02-04 08:49:42,i1.ytimg.com
2014-02-04 08:49:42,gdata.youtube.com
2014-02-04 08:49:42,s.youtube.com
2014-02-04 08:49:42,yt3.ggpht.com
2014-02-04 08:49:42,r2---sn-gxo5uxg-jqbe.googlevideo.com
2014-02-04 08:49:45,www.youtube.com
2014-02-04 08:49:53,gg.google.com
2014-02-04 08:49:53,apis.google.com
2014-02-04 08:49:59,plus.google.com
2014-02-04 08:50:23,r1---sn-gxo5uxg-jqbe.googlevideo.com
2014-02-04 08:50:44,r1---sn-gxo5uxg-jqbe.googlevideo.com
2014-02-04 08:51:09,www.youtube.com
2014-02-04 08:51:10,i1.ytimg.com
2014-02-04 08:51:10,s.youtube.com
2014-02-04 08:51:10,gg.google.com
2014-02-04 08:51:10,r1---sn-gxo5uxg-jqbe.googlevideo.com
2014-02-04 08:51:10,www.youtube.com
2014-02-04 08:51:10,r2---sn-gxo5uxg-jqbe.googlevideo.com
2014-02-04 08:51:11,i1.ytimg.com
2014-02-04 08:51:11,docs.google.com
2014-02-04 08:51:12,i1.ytimg.com
2014-02-04 08:51:13,apis.google.com
2014-02-04 08:51:13,r2---sn-gxo5uxg-jqbe.googlevideo.com
2014-02-04 08:51:15,accounts.google.com
2014-02-04 08:51:17,r2---sn-gxo5uxg-jqbe.googlevideo.com
2014-02-04 08:51:18,r2---sn-gxo5uxg-jqbe.googlevideo.com
2014-02-04 08:51:23,www.google.com
2014-02-04 08:51:23,gg.google.com
2014-02-04 08:51:32,r2---sn-gxo5uxg-jqbe.googlevideo.com
2014-02-04 08:51:33,r2---sn-gxo5uxg-jqbe.googlevideo.com
2014-02-04 08:51:46,r4---sn-gxo5uxg-jqbe.googlevideo.com
2014-02-04 08:51:47,accounts.google.com
2014-02-04 08:51:47,s.youtube.com
2014-02-04 08:51:47,www.youtube.com
2014-02-04 08:51:48,gg.google.com
2014-02-04 08:51:48,i1.ytimg.com
2014-02-04 08:51:50,i3.ytimg.com
2014-02-04 08:51:58,r4---sn-gxo5uxg-jqbe.googlevideo.com
2014-02-04 08:52:36,r4---sn-gxo5uxg-jqbe.googlevideo.com
2014-02-04 08:53:30,drive.google.com
2014-02-04 08:53:53,r4---sn-gxo5uxg-jqbe.googlevideo.com
2014-02-04 08:55:48,apis.google.com
2014-02-04 08:55:51,i3.ytimg.com
2014-02-04 08:55:56,s.youtube.com
2014-02-04 08:55:58,i1.ytimg.com
2014-02-04 08:56:01,www.youtube.com
2014-02-04 08:56:50,plus.google.com
2014-02-04 08:57:57,plus.google.com
2014-02-04 08:58:01,docs.google.com
2014-02-04 08:58:18,s.youtube.com
2014-02-04 08:58:39,www.youtube.com
2014-02-04 08:58:39,s.youtube.com
2014-02-04 08:58:39,r2---sn-gxo5uxg-jqbe.googlevideo.com
2014-02-04 08:58:39,i1.ytimg.com
2014-02-04 08:58:39,gdata.youtube.com
2014-02-04 08:58:40,yt3.ggpht.com
2014-02-04 08:58:40,s.youtube.com
2014-02-04 08:58:40,i1.ytimg.com
2014-02-04 08:58:40,apis.google.com
2014-02-04 08:58:46,r2---sn-gxo5uxg-jqbe.googlevideo.com
2014-02-04 08:59:17,r2---sn-gxo5uxg-jqbe.googlevideo.com
2014-02-04 08:59:38,docs.google.com
2014-02-04 08:59:59,plus.google.com
2014-02-04 09:00:21,r2---sn-gxo5uxg-jqbe.googlevideo.com
2014-02-04 09:02:05,docs.google.com
2014-02-04 09:02:46,www.youtube.com
2014-02-04 09:02:47,www.youtube.com
2014-02-04 09:02:47,gg.google.com
2014-02-04 09:02:47,i1.ytimg.com
2014-02-04 09:03:08,s.youtube.com
2014-02-04 09:05:30,drive.google.com
2014-02-04 09:06:17,r2---sn-gxo5uxg-jqbe.googlevideo.com
2014-02-04 09:06:24,plus.google.com
2014-02-04 09:06:24,3.docs.google.com
2014-02-04 09:06:36,clients6.google.com
2014-02-04 09:06:36,4.docs.google.com
2014-02-04 09:06:38,4.docs.google.com
2014-02-04 09:06:38,clients6.google.com
2014-02-04 09:06:39,4.docs.google.com
2014-02-04 09:06:50,plus.google.com
2014-02-04 09:06:58,www.youtube.com
2014-02-04 09:07:00,clients1.google.com
2014-02-04 09:07:00,www.google.com
2014-02-04 09:07:09,0.drive.google.com
2014-02-04 09:07:24,r1---sn-gxo5uxg-jqbe.googlevideo.com
2014-02-04 09:07:24,s.youtube.com
2014-02-04 09:07:24,i1.ytimg.com
2014-02-04 09:07:24,gg.google.com
2014-02-04 09:07:25,www.youtube-nocookie.com
2014-02-04 09:07:26,s.youtube.com
2014-02-04 09:07:26,www.youtube.com
2014-02-04 09:07:26,apis.google.com
2014-02-04 09:07:26,i1.ytimg.com
2014-02-04 09:07:27,gdata.youtube.com
2014-02-04 09:07:27,www.youtube.com
2014-02-04 09:07:27,i1.ytimg.com
2014-02-04 09:07:28,i1.ytimg.com
2014-02-04 09:07:30,drive.google.com
2014-02-04 09:07:35,yt3.ggpht.com
2014-02-04 09:07:35,gg.google.com
2014-02-04 09:07:36,r1---sn-gxo5uxg-jqbe.googlevideo.com
2014-02-04 09:07:39,r1---sn-gxo5uxg-jqbe.googlevideo.com
2014-02-04 09:07:39,r3---sn-gxo5uxg-jqbe.googlevideo.com
2014-02-04 09:07:41,r1---sn-gxo5uxg-jqbe.googlevideo.com
2014-02-04 09:07:43,r1---sn-gxo5uxg-jqbe.googlevideo.com
2014-02-04 09:07:44,r1---sn-gxo5uxg-jqbe.googlevideo.com
2014-02-04 09:07:58,r1---sn-gxo5uxg-jqbe.googlevideo.com
2014-02-04 09:07:59,r1---sn-gxo5uxg-jqbe.googlevideo.com
2014-02-04 09:08:13,r1---sn-gxo5uxg-jqbe.googlevideo.com
2014-02-04 09:08:14,r1---sn-gxo5uxg-jqbe.googlevideo.com
2014-02-04 09:08:14,1.docs.google.com
2014-02-04 09:08:28,r1---sn-gxo5uxg-jqbe.googlevideo.com
2014-02-04 09:08:29,r1---sn-gxo5uxg-jqbe.googlevideo.com
2014-02-04 09:08:37,2.docs.google.com
2014-02-04 09:08:43,r1---sn-gxo5uxg-jqbe.googlevideo.com
2014-02-04 09:08:45,r1---sn-gxo5uxg-jqbe.googlevideo.com
2014-02-04 09:08:58,r1---sn-gxo5uxg-jqbe.googlevideo.com
2014-02-04 09:09:00,r1---sn-gxo5uxg-jqbe.googlevideo.com
2014-02-04 09:09:13,r1---sn-gxo5uxg-jqbe.googlevideo.com
2014-02-04 09:09:15,r1---sn-gxo5uxg-jqbe.googlevideo.com
2014-02-04 09:09:59,plus.google.com
2014-02-04 09:10:16,docs.google.com
2014-02-04 09:10:21,2.talkgadget.google.com
2014-02-04 09:10:23,apis.google.com
2014-02-04 09:10:24,docs.google.com
2014-02-04 09:10:24,apis.google.com
2014-02-04 09:11:27,www.google.com
2014-02-04 09:11:30,drive.google.com
2014-02-04 09:11:35,docs.google.com
2014-02-04 09:11:35,www.youtube.com
2014-02-04 09:11:36,www.youtube.com
2014-02-04 09:11:39,gg.google.com
2014-02-04 09:12:09,s.youtube.com
2014-02-04 09:12:50,plus.google.com
2014-02-04 09:14:21,2.talkgadget.google.com
2014-02-04 09:14:24,apis.google.com
2014-02-04 09:14:24,2.talkgadget.google.com
2014-02-04 09:15:27,www.google.com
2014-02-04 09:15:33,r1---sn-gxo5uxg-jqbe.googlevideo.com
2014-02-04 09:16:01,i1.ytimg.com
2014-02-04 09:16:02,s.youtube.com
2014-02-04 09:16:02,www.youtube.com
2014-02-04 09:16:02,r2---sn-gxo5uxg-jqbe.googlevideo.com
2014-02-04 09:16:02,i1.ytimg.com
2014-02-04 09:16:03,i1.ytimg.com
2014-02-04 09:16:03,www.youtube.com
2014-02-04 09:16:03,gg.google.com
2014-02-04 09:16:03,s.youtube.com
2014-02-04 09:16:03,r2---sn-gxo5uxg-jqbe.googlevideo.com
2014-02-04 09:16:03,apis.google.com
2014-02-04 09:16:07,i1.ytimg.com
2014-02-04 09:16:21,docs.google.com
2014-02-04 09:16:38,r2---sn-gxo5uxg-jqbe.googlevideo.com
2014-02-04 09:16:51,plus.google.com
2014-02-04 09:16:59,translate.google.com
2014-02-04 09:17:02,translate.google.com
2014-02-04 09:17:07,translate.google.com
2014-02-04 09:17:17,translate.google.com
2014-02-04 09:17:29,docs.google.com
2014-02-04 09:17:29,translate.google.com
2014-02-04 09:17:35,translate.google.com
2014-02-04 09:17:58,plus.google.com
2014-02-04 09:18:28,docs.google.com
2014-02-04 09:18:32,s.youtube.com
2014-02-04 09:18:32,i1.ytimg.com
2014-02-04 09:19:43,docs.google.com
2014-02-04 09:19:51,r2---sn-gxo5uxg-jqbe.googlevideo.com
2014-02-04 09:19:59,plus.google.com
2014-02-04 09:20:22,docs.google.com
2014-02-04 09:20:39,translate.google.com
2014-02-04 09:20:40,translate.google.com
2014-02-04 09:20:42,inputtools.google.com
2014-02-04 09:20:42,translate.google.com
2014-02-04 09:20:47,translate.google.com
2014-02-04 09:22:04,inputtools.google.com
2014-02-04 09:22:04,translate.google.com
2014-02-04 09:22:09,translate.google.com
2014-02-04 09:23:17,i1.ytimg.com
2014-02-04 09:23:28,translate.google.com
2014-02-04 09:23:29,translate.google.com
2014-02-04 09:23:29,apis.google.com
2014-02-04 09:23:30,translate.google.com
2014-02-04 09:23:35,translate.google.com
2014-02-04 09:23:43,docs.google.com
2014-02-04 09:24:12,translate.google.com
2014-02-04 09:24:12,plus.google.com
2014-02-04 09:24:14,translate.google.com
2014-02-04 09:24:15,translate.google.com
2014-02-04 09:24:19,translate.google.com
2014-02-04 09:24:38,translate.google.com
2014-02-04 09:24:39,translate.google.com
2014-02-04 09:24:40,translate.google.com
2014-02-04 09:24:41,s.youtube.com
2014-02-04 09:24:45,translate.google.com
2014-02-04 09:25:22,translate.google.com
2014-02-04 09:25:23,translate.google.com
2014-02-04 09:25:25,translate.google.com
2014-02-04 09:25:30,translate.google.com
2014-02-04 09:26:52,www.google.fr
2014-02-04 09:26:59,www.google.fr
2014-02-04 09:26:59,plus.google.com
2014-02-04 09:27:00,accounts.google.com
2014-02-04 09:27:44,plus.google.com
2014-02-04 09:27:44,docs.google.com
2014-02-04 09:27:44,4.docs.google.com
2014-02-04 09:29:17,plus.google.com
2014-02-04 09:30:00,plus.google.com
2014-02-04 09:31:17,plus.google.com
2014-02-04 09:31:30,drive.google.com
2014-02-04 09:31:59,plus.google.com
2014-02-04 09:31:59,clients1.google.com
2014-02-04 09:31:59,www.google.com
2014-02-04 09:32:01,yt3.ggpht.com
2014-02-04 09:32:01,r3---sn-gxo5uxg-jqbe.googlevideo.com
2014-02-04 09:32:01,www.youtube.com
2014-02-04 09:32:01,plus.google.com
2014-02-04 09:32:01,apis.google.com
2014-02-04 09:32:01,gg.google.com
2014-02-04 09:32:01,i1.ytimg.com
2014-02-04 09:32:02,i1.ytimg.com
2014-02-04 09:32:03,s.youtube.com
2014-02-04 09:32:03,i1.ytimg.com
2014-02-04 09:32:03,www.youtube.com
2014-02-04 09:32:03,r3---sn-gxo5uxg-jqbe.googlevideo.com
2014-02-04 09:32:03,gg.google.com
2014-02-04 09:32:03,apis.google.com
2014-02-04 09:32:13,lh4.ggpht.com
2014-02-04 09:32:24,i1.ytimg.com
2014-02-04 09:32:24,r3---sn-gxo5uxg-jqbe.googlevideo.com
2014-02-04 09:32:30,lh4.ggpht.com
2014-02-04 09:35:24,s.youtube.com
2014-02-04 09:35:30,drive.google.com
2014-02-04 09:35:58,plus.google.com
2014-02-04 09:38:42,docs.google.com
2014-02-04 09:38:52,0.drive.google.com
2014-02-04 09:38:52,plus.google.com
2014-02-04 09:38:52,docs.google.com
2014-02-04 09:38:52,www.google.fr
2014-02-04 09:38:53,1.docs.google.com
2014-02-04 09:38:53,www.google.com
2014-02-04 09:39:31,r3---sn-gxo5uxg-jqbe.googlevideo.com
2014-02-04 09:39:48,2.docs.google.com
2014-02-04 09:39:48,docs.google.com
2014-02-04 09:40:00,accounts.google.fr
2014-02-04 09:40:00,accounts.youtube.com
2014-02-04 09:40:00,accounts.google.com
2014-02-04 09:40:00,www.google.com
2014-02-04 09:41:34,www.youtube.com
2014-02-04 09:41:35,i1.ytimg.com
2014-02-04 09:41:55,r3---sn-gxo5uxg-jqbe.googlevideo.com
2014-02-04 09:42:05,clients1.google.com
2014-02-04 09:42:08,r1---sn-gxo5uxg-jqbe.googlevideo.com
2014-02-04 09:42:08,plus.google.com
2014-02-04 09:42:08,i1.ytimg.com
2014-02-04 09:42:08,s.youtube.com
2014-02-04 09:42:08,www.youtube.com
2014-02-04 09:42:08,yt3.ggpht.com
2014-02-04 09:42:09,i1.ytimg.com
2014-02-04 09:42:13,i1.ytimg.com
2014-02-04 09:42:34,r1---sn-gxo5uxg-jqbe.googlevideo.com
2014-02-04 09:42:34,gg.google.com
2014-02-04 09:42:36,r1---sn-gxo5uxg-jqbe.googlevideo.com
2014-02-04 09:42:44,www.youtube.com
2014-02-04 09:42:44,www.google.com
2014-02-04 09:42:44,clients1.google.com
2014-02-04 09:42:44,s.youtube.com
2014-02-04 09:42:44,i1.ytimg.com
2014-02-04 09:42:44,apis.google.com
2014-02-04 09:42:44,r1---sn-gxo5uxg-jqbe.googlevideo.com
2014-02-04 09:42:49,www.youtube.com
2014-02-04 09:42:49,r3---sn-gxo5uxg-jqbe.googlevideo.com
2014-02-04 09:42:49,s.youtube.com
2014-02-04 09:42:49,yt3.ggpht.com
2014-02-04 09:42:49,i1.ytimg.com
2014-02-04 09:42:49,www.youtube-nocookie.com
2014-02-04 09:42:49,gg.google.com
2014-02-04 09:42:50,i1.ytimg.com
2014-02-04 09:42:51,www.youtube.com
2014-02-04 09:42:52,apis.google.com
2014-02-04 09:42:52,s.youtube.com
2014-02-04 09:42:52,r7---sn-cg07luek.googlevideo.com
2014-02-04 09:42:52,r3---sn-gxo5uxg-jqbe.googlevideo.com
2014-02-04 09:42:53,r3---sn-gxo5uxg-jqbe.googlevideo.com
2014-02-04 09:42:57,r3---sn-gxo5uxg-jqbe.googlevideo.com
2014-02-04 09:43:00,r3---sn-gxo5uxg-jqbe.googlevideo.com
2014-02-04 09:43:13,r3---sn-gxo5uxg-jqbe.googlevideo.com
2014-02-04 09:43:14,r7---sn-cg07luek.googlevideo.com
2014-02-04 09:43:14,gg.google.com
2014-02-04 09:43:14,clients1.google.com
2014-02-04 09:43:18,r7---sn-cg07luek.googlevideo.com
2014-02-04 09:43:18,www.google.com
2014-02-04 09:43:18,i1.ytimg.com
2014-02-04 09:43:18,s.youtube.com
2014-02-04 09:43:20,yt3.ggpht.com
2014-02-04 09:43:20,gg.google.com
2014-02-04 09:43:20,apis.google.com
2014-02-04 09:43:20,r2---sn-gxo5uxg-jqbe.googlevideo.com
2014-02-04 09:43:20,i1.ytimg.com
2014-02-04 09:43:20,www.youtube.com
2014-02-04 09:43:21,i1.ytimg.com
2014-02-04 09:43:24,plus.googleapis.com
2014-02-04 09:43:24,i1.ytimg.com
2014-02-04 09:43:24,www.youtube.com
2014-02-04 09:43:24,gg.google.com
2014-02-04 09:43:24,s.youtube.com
2014-02-04 09:43:24,r2---sn-gxo5uxg-jqbe.googlevideo.com
2014-02-04 09:43:24,apis.google.com
2014-02-04 09:45:08,plus.googleapis.com
2014-02-04 09:45:08,s.youtube.com
2014-02-04 09:45:08,r2---sn-gxo5uxg-jqbe.googlevideo.com
2014-02-26 08:55:09,www.google.com
2014-02-26 08:55:17,go.microsoft.com
2014-02-26 08:55:17,ieonline.microsoft.com
2014-02-26 09:03:58,www.google.fr
2014-02-26 09:04:15,www.google.fr
2014-02-26 09:04:16,apis.google.com
2014-02-26 09:04:18,www.google.com
2014-02-26 09:04:21,accounts.google.com
2014-02-26 09:04:34,www.google.fr
2014-02-26 09:04:34,apis.google.com
2014-02-26 09:04:36,accounts.youtube.com
2014-02-26 09:05:03,www.google.fr
2014-02-26 09:05:14,accounts.google.fr
2014-02-26 09:05:14,www.google.com
2014-02-26 09:05:19,drive.google.com
2014-02-26 09:05:20,drive.google.com
2014-02-26 09:05:20,apis.google.com
2014-02-26 09:05:20,www.google.fr
2014-02-26 09:05:20,www.google.com
2014-02-26 09:05:20,accounts.youtube.com
2014-02-26 09:05:20,accounts.google.fr
2014-02-26 09:05:20,accounts.google.com
2014-02-26 09:05:21,apis.google.com
2014-02-26 09:05:23,0.drive.google.com
2014-02-26 09:05:23,drive.google.com
2014-02-26 09:05:25,drive.google.com
2014-02-26 09:05:28,docs.google.com
2014-02-26 09:05:28,plus.google.com
2014-02-26 09:05:28,drive.google.com
2014-02-26 09:05:28,www.google.com
2014-02-26 09:05:29,docs.google.com
2014-02-26 09:05:36,docs.google.com
2014-02-26 09:05:38,docs.google.com
2014-02-26 09:05:39,docs.google.com
2014-02-26 09:05:40,docs.google.com
2014-02-26 09:05:41,docs.google.com
2014-02-26 09:05:41,apis.google.com
2014-02-26 09:05:42,www.google.com
2014-02-26 09:05:43,apis.google.com
2014-02-26 09:05:43,0.docs.google.com
2014-02-26 09:05:44,0.docs.google.com
2014-02-26 09:05:44,docs.google.com
2014-02-26 09:05:44,www.google.com
2014-02-26 09:05:44,accounts.google.com
2014-02-26 09:05:50,1.docs.google.com
2014-02-26 09:05:50,docs.google.com
2014-02-26 09:05:51,1.docs.google.com
2014-02-26 09:05:51,docs.google.com
2014-02-26 09:05:52,docs.google.com
2014-02-26 09:05:53,docs.google.com
2014-02-26 09:05:55,clients6.google.com
2014-02-26 09:05:58,1.talkgadget.google.com
2014-02-26 09:06:00,accounts.google.com
2014-02-26 09:06:02,1.talkgadget.google.com
2014-02-26 09:06:02,apis.google.com
2014-02-26 09:06:03,2.docs.google.com
2014-02-26 09:06:05,apis.google.com
2014-02-26 09:06:05,plus.google.com
2014-02-26 09:06:15,clients6.google.com
2014-02-26 09:06:15,0.docs.google.com
2014-02-26 09:06:16,apis.google.com
2014-02-26 09:06:16,clients6.google.com
2014-02-26 09:06:16,docs.google.com
2014-02-26 09:06:16,2.docs.google.com
2014-02-26 09:06:32,gg.google.com
2014-02-26 09:06:40,docs.google.com
2014-02-26 09:06:42,docs.google.com
2014-02-26 09:06:50,docs.google.com
2014-02-26 09:06:58,ieonline.microsoft.com
2014-02-26 09:06:59,3.docs.google.com
2014-02-26 09:07:01,3.docs.google.com
2014-02-26 09:07:05,1.talkgadget.google.com
2014-02-26 09:07:10,www.google.com
2014-02-26 09:07:48,docs.google.com
2014-02-26 09:08:26,docs.google.com
2014-02-26 09:08:49,3.docs.google.com
2014-02-26 09:08:49,docs.google.com
2014-02-26 09:09:11,1.talkgadget.google.com
2014-02-26 09:09:29,plus.google.com
2014-02-26 09:09:29,apis.google.com
2014-02-26 09:09:55,drive.google.com
2014-02-26 09:10:05,apis.google.com
2014-02-26 09:10:05,1.talkgadget.google.com
2014-02-26 09:10:06,plus.google.com
2014-02-26 09:10:24,mail.google.com
2014-02-26 09:10:27,accounts.google.com
2014-02-26 09:10:28,drive.google.com
2014-02-26 09:10:30,docs.google.com
2014-02-26 09:10:32,accounts.google.com
2014-02-26 09:10:32,mail.google.com
2014-02-26 09:10:32,gg.google.com
2014-02-26 09:10:33,mail.google.com
2014-02-26 09:10:34,mail.google.com
2014-02-26 09:10:35,mail.google.com
2014-02-26 09:10:39,mail.google.com
2014-02-26 09:10:43,apis.google.com
2014-02-26 09:10:43,clients2.google.com
2014-02-26 09:10:43,plus.google.com
2014-02-26 09:10:43,mail.google.com
2014-02-26 09:10:43,www.google.com
2014-02-26 09:10:44,plus.google.com
2014-02-26 09:10:44,apis.google.com
2014-02-26 09:10:44,clients2.google.com
2014-02-26 09:10:45,mail.google.com
2014-02-26 09:10:46,mail.google.com
2014-02-26 09:10:46,apis.google.com
2014-02-26 09:10:46,plus.google.com
2014-02-26 09:10:46,accounts.google.com
2014-02-26 09:10:47,mail.google.com
2014-02-26 09:10:47,plus.google.com
2014-02-26 09:10:47,chatenabled.mail.google.com
2014-02-26 09:10:48,mail.google.com
2014-02-26 09:10:57,plus.google.com
2014-02-26 09:11:10,www.google.com
2014-02-26 09:11:18,plus.google.com
2014-02-26 09:11:19,plus.google.com
2014-02-26 09:11:23,drive.google.com
2014-02-26 09:11:36,plus.google.com
2014-02-26 09:11:48,chatenabled.mail.google.com
2014-02-26 09:11:49,docs.google.com
2014-02-26 09:12:12,mail.google.com
2014-02-26 09:12:13,plus.google.com
2014-02-26 09:12:14,apis.google.com
2014-02-26 09:12:15,mail.google.com
2014-02-26 09:12:17,mail.google.com
2014-02-26 09:12:30,apis.google.com
2014-02-26 09:12:30,www.google.com
2014-02-26 09:12:31,docs.google.com
2014-02-26 09:12:37,docs.google.com
2014-02-26 09:12:42,4.docs.google.com
2014-02-26 09:12:47,clients2.google.com
2014-02-26 09:12:51,docs.google.com
2014-02-26 09:12:55,mail.google.com
2014-02-26 09:12:56,plus.google.com
2014-02-26 09:13:37,docs.google.com
2014-02-26 09:13:41,chatenabled.mail.google.com
2014-02-26 09:13:41,apis.google.com
2014-02-26 09:13:41,www.google.com
2014-02-26 09:13:42,mail.google.com
2014-02-26 09:13:44,5.docs.google.com
2014-02-26 09:13:45,5.docs.google.com
2014-02-26 09:14:31,docs.google.com
2014-02-26 09:14:52,docs.google.com
2014-02-26 09:15:22,drive.google.com
2014-02-26 09:15:33,docs.google.com
2014-02-26 09:15:33,5.docs.google.com
2014-02-26 09:15:33,clients2.google.com
2014-02-26 09:15:33,mail.google.com
2014-02-26 09:16:31,apis.google.com
2014-02-26 09:16:32,docs.google.com
2014-02-26 09:16:36,docs.google.com
2014-02-26 09:18:45,docs.google.com
2014-02-26 09:19:22,drive.google.com
2014-02-26 09:19:29,plus.google.com
2014-02-26 09:19:39,plus.google.com
2014-02-26 09:21:26,www.google.fr
2014-02-26 09:21:40,www.google.fr
2014-02-26 09:21:54,www.google.fr
2014-02-26 09:21:55,docs.google.com
2014-02-26 09:21:56,docs.google.com
2014-02-26 09:22:02,6.docs.google.com
2014-02-26 09:22:04,6.docs.google.com
2014-02-26 09:22:04,www.google.fr
2014-02-26 09:22:05,docs.google.com
2014-02-26 09:22:09,6.talkgadget.google.com
2014-02-26 09:22:09,docs.google.com
2014-02-26 09:22:09,plus.google.com
2014-02-26 09:22:13,docs.google.com
2014-02-26 09:23:06,1.docs.google.com
2014-02-26 09:23:06,docs.google.com
2014-02-26 09:23:06,apis.google.com
2014-02-26 09:23:10,6.talkgadget.google.com
2014-02-26 09:23:15,www.google.com
2014-02-26 09:23:22,drive.google.com
2014-02-26 09:24:43,www.google.fr
2014-02-26 09:24:56,www.google.fr
2014-02-26 09:25:10,www.google.fr
2014-02-26 09:25:11,www.google.fr
2014-02-26 09:25:14,plus.google.com
2014-02-26 09:25:37,player.vimeo.com
2014-02-26 09:26:11,plus.google.com
2014-02-26 09:26:14,www.google.fr
2014-02-26 09:26:40,docs.google.com
2014-02-26 09:27:16,www.google.com
2014-02-26 09:27:23,drive.google.com
2014-02-26 09:27:43,docs.google.com
2014-02-26 09:29:23,drive.google.com
2014-02-26 09:29:40,plus.google.com
2014-02-26 09:30:05,www.google.fr
2014-02-26 09:30:19,www.google.fr
2014-02-26 09:30:36,plus.google.com
2014-02-26 09:30:58,www.google.fr
2014-02-26 09:30:58,plus.google.com
2014-02-26 09:30:59,www.google.fr
2014-02-26 09:30:59,www.staps.u-psud.fr
2014-02-26 09:31:43,docs.google.com
2014-02-26 09:33:22,drive.google.com
2014-02-26 09:33:41,plus.google.com
2014-02-26 09:33:41,www.google.fr
2014-02-26 09:33:42,www.google.fr
2014-02-26 09:33:43,www.kine-vichy.fr
2014-02-26 09:33:44,www.kine-vichy.fr
2014-02-26 09:33:50,www.kine-vichy.fr
2014-02-26 09:33:56,www.kine-vichy.fr
2014-02-26 09:34:01,www.kine-vichy.fr
2014-02-26 09:34:15,www.kine-vichy.fr
2014-02-26 09:35:13,www.kine-vichy.fr
2014-02-26 09:35:14,www.kine-vichy.fr
2014-02-26 09:35:14,maps.google.fr
2014-02-26 09:35:26,www.kine-vichy.fr
2014-02-26 09:35:27,www.kine-vichy.fr
2014-02-26 09:35:28,maps.google.fr
2014-02-26 09:35:28,www.kine-vichy.fr
2014-02-26 09:35:29,www.kine-vichy.fr
2014-02-26 09:35:57,www.kine-vichy.fr
2014-02-26 09:36:14,www.kine-vichy.fr
2014-02-26 09:36:27,www.kine-vichy.fr
2014-02-26 09:36:56,www.kine-vichy.fr
2014-02-26 09:36:57,www.kine-vichy.fr
2014-02-26 09:37:10,www.kine-vichy.fr
2014-02-26 09:37:16,docs.google.com
2014-02-26 09:37:21,drive.google.com
2014-02-26 09:37:21,plus.google.com
2014-02-26 09:37:21,www.google.com
2014-02-26 09:37:21,6.docs.google.com
2014-02-26 09:37:21,0.drive.google.com
2014-02-26 09:37:22,accounts.google.com
2014-03-19 08:09:20,www.google.fr
2014-03-19 08:09:49,www.google.fr
2014-03-19 08:10:04,www.google.fr
2014-03-19 08:10:04,apis.google.com
2014-03-19 08:10:07,www.google.com
2014-03-19 08:10:09,accounts.google.com
2014-03-19 08:10:23,accounts.youtube.com
2014-03-19 08:10:39,apis.google.com
2014-03-19 08:10:50,accounts.google.fr
2014-03-19 08:10:51,www.google.fr
2014-03-19 08:10:52,www.google.com
2014-03-19 08:10:54,plus.google.com
2014-03-19 08:10:55,accounts.google.com
2014-03-19 08:10:56,accounts.youtube.com
2014-03-19 08:10:56,drive.google.com
2014-03-19 08:10:56,accounts.google.fr
2014-03-19 08:10:56,www.google.fr
2014-03-19 08:10:57,apis.google.com
2014-03-19 08:10:57,www.google.com
2014-03-19 08:10:57,plus.google.com
2014-03-19 08:10:57,drive.google.com
2014-03-19 08:10:57,www.google.fr
2014-03-19 08:11:00,0.drive.google.com
2014-03-19 08:11:02,drive.google.com
2014-03-19 08:11:02,docs.google.com
2014-03-19 08:11:03,drive.google.com
2014-03-19 08:11:03,plus.google.com
2014-03-19 08:11:03,docs.google.com
2014-03-19 08:11:04,docs.google.com
2014-03-19 08:11:12,docs.google.com
2014-03-19 08:11:16,docs.google.com
2014-03-19 08:11:18,0.docs.google.com
2014-03-19 08:11:19,docs.google.com
2014-03-19 08:11:19,0.docs.google.com
2014-03-19 08:11:26,docs.google.com
2014-03-19 08:11:26,0.talkgadget.google.com
2014-03-19 08:11:31,apis.google.com
2014-03-19 08:11:32,plus.google.com
2014-03-19 08:12:08,gg.google.com
2014-03-19 08:12:26,ieonline.microsoft.com
2014-03-19 08:12:32,0.talkgadget.google.com
2014-03-19 08:12:34,www.google.com
2014-03-19 08:12:35,apis.google.com
2014-03-19 08:12:40,apis.google.com
2014-03-19 08:12:43,0.talkgadget.google.com
2014-03-19 08:15:14,www.google.fr
2014-03-19 08:15:17,drive.google.com
2014-03-19 08:15:29,www.google.fr
2014-03-19 08:15:32,plus.google.com
2014-03-19 08:15:35,plus.google.com
2014-03-19 08:16:07,docs.google.com
2014-03-19 08:16:08,gg.google.com
2014-03-19 08:16:19,www.google.fr
2014-03-19 08:16:19,plus.google.com
2014-03-19 08:16:20,ajax.googleapis.com
2014-03-19 08:16:20,www.google.fr
2014-03-19 08:16:20,duke.edu
2014-03-19 08:16:21,use.typekit.com
2014-03-19 08:16:21,duke.edu
2014-03-19 08:16:22,duke.edu
2014-03-19 08:16:30,alertbar.oit.duke.edu
2014-03-19 08:16:31,p.typekit.net
2014-03-19 08:16:31,duke.edu
2014-03-19 08:16:31,use.typekit.com
2014-03-19 08:16:31,www.youtube.com
2014-03-19 08:16:31,alertbar.oit.duke.edu
2014-03-19 08:16:32,www.youtube.com
2014-03-19 08:16:34,www.google.com
2014-03-19 08:16:35,www.youtube.com
2014-03-19 08:16:36,today.duke.edu
2014-03-19 08:16:37,duke.edu
2014-03-19 08:16:37,www.google.fr
2014-03-19 08:17:17,www.google.fr
2014-03-19 08:17:17,translate.google.com
2014-03-19 08:17:18,plus.google.com
2014-03-19 08:17:18,translate.google.com
2014-03-19 08:17:18,www.google.fr
2014-03-19 08:17:18,fpdownload2.macromedia.com
2014-03-19 08:17:21,translate.google.com
2014-03-19 08:17:22,translate.google.com
2014-03-19 08:17:23,www.google.fr
2014-03-19 08:17:23,translate.google.com
2014-03-19 08:17:24,translate.google.com
2014-03-19 08:17:26,www.google.com
2014-03-19 08:17:26,translate.google.com
2014-03-19 08:17:27,translate.google.com
2014-03-19 08:17:31,translate.google.com
2014-03-19 08:17:49,translate.google.com
2014-03-19 08:17:51,translate.google.com
2014-03-19 08:17:52,translate.google.com
2014-03-19 08:17:57,translate.google.com
2014-03-19 08:18:01,translate.google.com
2014-03-19 08:18:02,translate.google.com
2014-03-19 08:18:03,translate.google.com
2014-03-19 08:18:08,translate.google.com
2014-03-19 08:20:03,drive.google.com
2014-03-19 08:20:08,www.google.fr
2014-03-19 08:20:08,plus.google.com
2014-03-19 08:20:10,docs.google.com
2014-03-19 08:20:10,drive.google.com
2014-03-19 08:20:11,docs.google.com
2014-03-19 08:20:11,www.google.com
2014-03-19 08:20:12,docs.google.com
2014-03-19 08:20:20,docs.google.com
2014-03-19 08:20:22,1.docs.google.com
2014-03-19 08:20:23,clients6.google.com
2014-03-19 08:20:23,1.docs.google.com
2014-03-19 08:20:29,1.docs.google.com
2014-03-19 08:20:39,apis.google.com
2014-03-19 08:20:40,clients2.google.com
2014-03-19 08:20:41,drive.google.com
2014-03-19 08:20:41,clients6.google.com
2014-03-19 08:20:41,apis.google.com
2014-03-19 08:20:41,accounts.google.com
2014-03-19 08:20:44,2.docs.google.com
2014-03-19 08:20:45,2.docs.google.com
2014-03-19 08:20:57,clients2.google.com
2014-03-19 08:21:03,docs.google.com
2014-03-19 08:21:10,docs.google.com
2014-03-19 08:22:12,docs.google.com
2014-03-19 08:22:31,docs.google.com
2014-03-19 08:22:38,3.docs.google.com
2014-03-19 08:22:40,translate.google.com
2014-03-19 08:22:41,translate.google.com
2014-03-19 08:22:41,3.docs.google.com
2014-03-19 08:22:46,translate.google.com
2014-03-19 08:22:51,clients6.google.com
2014-03-19 08:23:28,3.docs.google.com
2014-03-19 08:23:29,docs.google.com
2014-03-19 08:23:45,drive.google.com
2014-03-19 08:23:48,docs.google.com
2014-03-19 08:24:00,4.docs.google.com
2014-03-19 08:24:01,4.docs.google.com
2014-03-19 08:24:02,4.docs.google.com
2014-03-19 08:24:04,clients6.google.com
2014-03-19 08:24:39,docs.google.com
2014-03-19 08:24:45,clients6.google.com
2014-03-19 08:24:57,drive.google.com
2014-03-19 08:25:05,plus.google.com
2014-03-19 08:25:10,translate.google.com
2014-03-19 08:25:11,translate.google.com
2014-03-19 08:25:12,translate.google.com
2014-03-19 08:25:13,translate.google.com
2014-03-19 08:25:15,plus.google.com
2014-03-19 08:25:17,translate.google.com
2014-03-19 08:25:18,translate.google.com
2014-03-19 08:26:26,docs.google.com
2014-03-19 08:26:26,www.google.fr
2014-03-19 08:26:33,www.google.fr
2014-03-19 08:26:53,www.google.fr
2014-03-19 08:26:53,plus.google.com
2014-03-19 08:26:53,docs.google.com
2014-03-19 08:26:53,www.youtube.com
2014-03-19 08:26:54,www.youtube.com
2014-03-19 08:26:55,s.ytimg.com
2014-03-19 08:26:57,drive.google.com
2014-03-19 08:26:58,www.google.fr
2014-03-19 08:26:58,yt3.ggpht.com
2014-03-19 08:26:58,gg.google.com
2014-03-19 08:26:58,s.ytimg.com
2014-03-19 08:26:58,www.youtube.com
2014-03-19 08:26:59,i1.ytimg.com
2014-03-19 08:26:59,s.ytimg.com
2014-03-19 08:26:59,apis.google.com
2014-03-19 08:27:00,i1.ytimg.com
2014-03-19 08:27:00,s.ytimg.com
2014-03-19 08:27:00,clients6.google.com
2014-03-19 08:27:00,plus.google.com
2014-03-19 08:27:01,i1.ytimg.com
2014-03-19 08:27:01,apis.google.com
2014-03-19 08:27:01,s.youtube.com
2014-03-19 08:27:01,accounts.google.com
2014-03-19 08:27:03,i1.ytimg.com
2014-03-19 08:27:04,i1.ytimg.com
2014-03-19 08:27:04,r3---sn-gxo5uxg-jqbe.googlevideo.com
2014-03-19 08:27:11,docs.google.com
2014-03-19 08:27:15,www.youtube.com
2014-03-19 08:27:31,accounts.google.com
2014-03-19 08:27:31,s.ytimg.com
2014-03-19 08:27:34,s.ytimg.com
2014-03-19 08:27:34,r3---sn-gxo5uxg-jqbe.googlevideo.com
2014-03-19 08:27:56,docs.google.com
2014-03-19 08:28:01,plus.google.com
2014-03-19 08:28:03,5.docs.google.com
2014-03-19 08:28:04,clients6.google.com
2014-03-19 08:28:04,plus.google.com
2014-03-19 08:28:07,5.docs.google.com
2014-03-19 08:28:57,drive.google.com
2014-03-19 08:29:09,docs.google.com
2014-03-19 08:29:10,translate.google.com
2014-03-19 08:29:10,www.google.com
2014-03-19 08:29:11,translate.google.com
2014-03-19 08:29:14,www.google.fr
2014-03-19 08:29:18,inputtools.google.com
2014-03-19 08:30:00,www.google.fr
2014-03-19 08:30:01,www.birmingham.ac.uk
2014-03-19 08:30:02,www.google.fr
2014-03-19 08:30:02,www.birmingham.ac.uk
2014-03-19 08:30:02,plus.google.com
2014-03-19 08:30:04,www.birmingham.ac.uk
2014-03-19 08:30:05,www.birmingham.ac.uk
2014-03-19 08:30:07,www.birmingham.ac.uk
2014-03-19 08:30:15,docs.google.com
2014-03-19 08:31:11,docs.google.com
2014-03-19 08:31:29,www.youtube.com
2014-03-19 08:31:35,s.youtube.com
2014-03-19 08:31:35,i1.ytimg.com
2014-03-19 08:31:40,s.youtube.com
2014-03-19 08:31:46,docs.google.com
2014-03-19 08:32:12,drive.google.com
2014-03-19 08:33:28,www.google.com
2014-03-19 08:33:31,clients1.google.com
2014-03-19 08:33:43,www.youtube.com
2014-03-19 08:33:43,www.google.com
2014-03-19 08:33:43,i1.ytimg.com
2014-03-19 08:33:43,docs.google.com
2014-03-19 08:33:43,clients1.google.com
2014-03-19 08:33:44,i1.ytimg.com
2014-03-19 08:33:44,i2.ytimg.com
2014-03-19 08:33:44,i4.ytimg.com
2014-03-19 08:33:46,s.ytimg.com
2014-03-19 08:33:49,i1.ytimg.com
2014-03-19 08:34:01,docs.google.com
2014-03-19 08:34:09,www.birmingham.ac.uk
2014-03-19 08:34:13,gg.google.com
2014-03-19 08:34:14,i4.ytimg.com
2014-03-19 08:34:14,i2.ytimg.com
2014-03-19 08:34:14,www.youtube-nocookie.com
2014-03-19 08:34:14,www.google.com
2014-03-19 08:34:14,accounts.google.com
2014-03-19 08:34:15,yt3.ggpht.com
2014-03-19 08:34:15,www.youtube-nocookie.com
2014-03-19 08:34:15,s.ytimg.com
2014-03-19 08:34:15,i1.ytimg.com
2014-03-19 08:34:15,s.youtube.com
2014-03-19 08:34:15,www.youtube.com
2014-03-19 08:34:16,i1.ytimg.com
2014-03-19 08:34:16,r2---sn-gxo5uxg-jqbe.googlevideo.com
2014-03-19 08:34:17,r2---sn-gxo5uxg-jqbe.googlevideo.com
2014-03-19 08:34:18,apis.google.com
2014-03-19 08:34:18,r2---sn-gxo5uxg-jqbe.googlevideo.com
2014-03-19 08:34:18,i1.ytimg.com
2014-03-19 08:34:18,s.ytimg.com
2014-03-19 08:34:20,apis.google.com
2014-03-19 08:34:20,r2---sn-gxo5uxg-jqbe.googlevideo.com
2014-03-19 08:34:21,r2---sn-gxo5uxg-jqbe.googlevideo.com
2014-03-19 08:34:22,www.google.com
2014-03-19 08:34:22,r2---sn-gxo5uxg-jqbe.googlevideo.com
2014-03-19 08:34:47,www.youtube.com
2014-03-19 08:34:47,gg.google.com
2014-03-19 08:34:47,r4---sn-gxo5uxg-jqbe.googlevideo.com
2014-03-19 08:34:47,r2---sn-gxo5uxg-jqbe.googlevideo.com
2014-03-19 08:34:47,s.youtube.com
2014-03-19 08:34:48,s.youtube.com
2014-03-19 08:34:48,i1.ytimg.com
2014-03-19 08:34:49,i1.ytimg.com
2014-03-19 08:34:49,apis.google.com
2014-03-19 08:34:49,s.youtube.com
2014-03-19 08:34:49,www.youtube.com
2014-03-19 08:34:49,gg.google.com
2014-03-19 08:34:49,r4---sn-gxo5uxg-jqbe.googlevideo.com
2014-03-19 08:35:16,plus.google.com
2014-03-19 08:35:19,apis.google.com
2014-03-19 08:35:19,www.youtube.com
2014-03-19 08:35:19,i1.ytimg.com
2014-03-19 08:35:20,i1.ytimg.com
2014-03-19 08:35:20,r4---sn-gxo5uxg-jqbe.googlevideo.com
2014-03-19 08:35:20,www.youtube.com
2014-03-19 08:35:20,s.youtube.com
2014-03-19 08:35:20,gg.google.com
2014-03-19 08:35:21,apis.google.com
2014-03-19 08:36:03,docs.google.com
2014-03-19 08:36:58,drive.google.com
2014-03-19 08:37:54,docs.google.com
2014-03-19 08:37:54,s.youtube.com
2014-03-19 08:37:54,www.google.fr
2014-03-19 08:37:57,i1.ytimg.com
2014-03-19 08:39:42,docs.google.com
2014-03-19 08:39:44,www.google.fr
2014-03-19 08:39:47,plus.google.com
2014-03-19 08:39:48,translate.google.com
2014-03-19 08:39:48,www.google.fr
2014-03-19 08:39:49,translate.google.com
2014-03-19 08:39:51,www.google.fr
2014-03-19 08:39:51,translate.google.com
2014-03-19 08:39:52,translate.google.com
2014-03-19 08:39:53,translate.google.com
2014-03-19 08:39:54,translate.google.com
2014-03-19 08:39:54,inputtools.google.com
2014-03-19 08:39:54,www.google.fr
2014-03-19 08:39:57,translate.google.com
2014-03-19 08:39:58,translate.google.com
2014-03-19 08:40:02,translate.google.com
2014-03-19 08:40:04,translate.google.com
2014-03-19 08:40:09,www.birmingham.ac.uk
2014-03-19 08:40:39,www.birmingham.ac.uk
2014-03-19 08:40:59,drive.google.com
2014-03-19 08:41:11,translate.google.com
2014-03-19 08:41:11,inputtools.google.com
2014-03-19 08:41:11,plus.google.com
2014-03-19 08:41:11,docs.google.com
2014-03-19 08:41:13,translate.google.com
2014-03-19 08:41:16,translate.google.com
2014-03-19 08:41:17,translate.google.com
2014-03-19 08:41:34,docs.google.com
2014-03-19 08:42:01,docs.google.com
2014-03-19 08:42:02,docs.google.com
2014-03-19 08:42:33,docs.google.com
2014-03-19 08:42:52,docs.google.com
2014-03-19 08:43:27,5.docs.google.com
2014-03-19 08:43:27,docs.google.com
2014-03-19 08:44:54,www.birmingham.ac.uk
2014-03-19 08:44:55,www.birmingham.ac.uk
2014-03-19 08:44:59,drive.google.com
2014-03-19 08:45:17,plus.google.com
2014-03-19 08:45:19,translate.google.com
2014-03-19 08:45:19,docs.google.com
2014-03-19 08:45:20,translate.google.com
2014-03-19 08:45:24,translate.google.com
2014-03-19 08:45:26,translate.google.com
2014-03-19 08:45:32,translate.google.com
2014-03-19 08:46:04,www.birmingham.ac.uk
2014-03-19 08:46:05,www.birmingham.ac.uk
2014-03-19 08:46:11,www.birmingham.ac.uk
2014-03-19 08:46:29,docs.google.com
2014-03-19 08:47:11,0.docs.google.com
2014-03-19 08:47:20,6.docs.google.com
2014-03-19 08:47:20,clients6.google.com
2014-03-19 08:47:23,clients6.google.com
2014-03-19 08:47:24,6.docs.google.com
2014-03-19 08:47:33,docs.google.com
2014-03-19 08:47:34,7.docs.google.com
2014-03-19 08:47:36,7.docs.google.com
2014-03-19 08:47:46,docs.google.com
2014-03-19 08:48:31,docs.google.com
2014-03-19 08:48:32,docs.google.com
2014-03-19 08:48:52,docs.google.com
2014-03-19 08:48:52,6.docs.google.com
2014-03-19 08:48:55,apis.google.com
2014-03-19 08:48:58,drive.google.com
2014-03-19 08:49:35,7.docs.google.com
2014-03-19 08:49:35,docs.google.com
2014-03-19 08:49:41,apis.google.com
2014-03-19 08:50:01,translate.google.com
2014-03-19 08:50:02,translate.google.com
2014-03-19 08:50:03,plus.google.com
2014-03-19 08:50:03,translate.google.com
2014-03-19 08:50:04,translate.google.com
2014-03-19 08:50:05,translate.google.com
2014-03-19 08:50:06,translate.google.com
2014-03-19 08:50:07,translate.google.com
2014-03-19 08:50:08,translate.google.com
2014-03-19 08:50:13,translate.google.com
2014-03-19 08:51:03,www.birmingham.ac.uk
2014-03-19 08:51:04,www.birmingham.ac.uk
2014-03-19 08:51:07,www.birmingham.ac.uk
2014-03-19 08:51:12,apis.google.com
2014-03-19 08:51:31,www.birmingham.ac.uk
2014-03-19 08:51:31,www.youtube.com
2014-03-19 08:51:34,s.ytimg.com
2014-03-19 08:51:34,www.youtube.com
2014-03-19 08:51:37,www.birmingham.ac.uk
2014-03-19 08:51:38,www.youtube.com
2014-03-19 08:51:39,www.birmingham.ac.uk
2014-03-19 08:51:41,www.birmingham.ac.uk
2014-03-19 08:51:56,inputtools.google.com
2014-03-19 08:51:56,translate.google.com
2014-03-19 08:51:56,plus.google.com
2014-03-19 08:52:02,translate.google.com
2014-03-19 08:52:27,docs.google.com
2014-03-19 08:52:41,www.google.fr
2014-03-19 08:52:48,docs.google.com
2014-03-19 08:52:58,drive.google.com
2014-03-19 08:53:05,gg.google.com
2014-03-19 08:53:22,www.google.fr
2014-03-19 08:53:25,www.nba.com
2014-03-19 08:53:25,www.google.fr
2014-03-19 08:53:25,ajax.googleapis.com
2014-03-19 08:53:25,w.sharethis.com
2014-03-19 08:53:25,plus.google.com
2014-03-19 08:53:26,s.sharethis.com
2014-03-19 08:53:26,www.nba.com
2014-03-19 08:53:27,laclippers.disqus.com
2014-03-19 08:53:27,disqus.com
2014-03-19 08:53:27,go.disqus.com
2014-03-19 08:53:27,www.nba.com
2014-03-19 08:53:28,disqus.com
2014-03-19 08:53:28,sd.sharethis.com
2014-03-19 08:53:30,w.sharethis.com
2014-03-19 08:53:30,apis.google.com
2014-03-19 08:53:30,s-static.ak.facebook.com
2014-03-19 08:53:30,connect.facebook.net
2014-03-19 08:53:30,edge.sharethis.com
2014-03-19 08:53:30,www.facebook.com
2014-03-19 08:53:30,disqus.com
2014-03-19 08:53:30,static.ak.facebook.com
2014-03-19 08:53:31,wd.sharethis.com
2014-03-19 08:53:31,apis.google.com
2014-03-19 08:53:31,w.sharethis.com
2014-03-19 08:53:33,sd.sharethis.com
2014-03-19 08:53:33,w.sharethis.com
2014-03-19 08:53:33,www.nba.com
2014-03-19 08:53:33,disqus.com
2014-03-19 08:53:33,apis.google.com
2014-03-19 08:53:33,accounts.google.com
2014-03-19 08:53:34,www.nba.com
2014-03-19 08:53:34,sd.sharethis.com
2014-03-19 08:53:34,disqus.com
2014-03-19 08:53:34,w.sharethis.com
2014-03-19 08:53:35,sd.sharethis.com
2014-03-19 08:53:35,aspen.turner.com
2014-03-19 08:53:35,disqus.com
2014-03-19 08:53:36,aspen.turner.com
2014-03-19 08:53:39,www.nba.com
2014-03-19 08:53:40,www.nba.com
2014-03-19 08:53:41,www.nba.com
2014-03-19 08:53:41,s.ytimg.com
2014-03-19 08:53:42,www.nba.com
2014-03-19 08:53:44,www.nba.com
2014-03-19 08:54:00,www.birmingham.ac.uk
2014-03-19 08:54:00,www.sport.bham.ac.uk
2014-03-19 08:54:05,www.birmingham.ac.uk
2014-03-19 08:54:08,www.birmingham.ac.uk
2014-03-19 08:54:23,www.birmingham.ac.uk
2014-03-19 08:54:24,aspen.turner.com
2014-03-19 08:54:31,www.birmingham.ac.uk
2014-03-19 08:54:49,www.birmingham.ac.uk
2014-03-19 08:54:52,www.birmingham.ac.uk
2014-03-19 08:54:54,www.birmingham.ac.uk
2014-03-19 08:54:59,www.birmingham.ac.uk
2014-03-19 08:55:17,plus.google.com
2014-03-19 08:55:29,www.birmingham.ac.uk
2014-03-19 08:55:52,www.google.com
2014-03-19 08:55:55,www.birmingham.ac.uk
2014-03-19 08:56:15,www.nba.com
2014-03-19 08:56:15,go.disqus.com
2014-03-19 08:56:18,sd.sharethis.com
2014-03-19 08:56:19,static.ak.facebook.com
2014-03-19 08:56:19,s-static.ak.facebook.com
2014-03-19 08:56:19,wd.sharethis.com
2014-03-19 08:56:28,docs.google.com
2014-03-19 08:56:50,translate.google.com
2014-03-19 08:56:51,translate.google.com
2014-03-19 08:56:52,translate.google.com
2014-03-19 08:56:52,apis.google.com
2014-03-19 08:56:53,translate.google.com
2014-03-19 08:56:54,translate.google.com
2014-03-19 08:56:59,translate.google.com
2014-03-19 08:57:06,www.birmingham.ac.uk
2014-03-19 08:57:06,platform.twitter.com
2014-03-19 08:57:06,www.youtube.com
2014-03-19 08:57:21,pbs.twimg.com
2014-03-19 08:57:21,www.birmingham.ac.uk
2014-03-19 08:57:21,www.youtube.com
2014-03-19 08:57:22,wwwimages.adobe.com
2014-03-19 08:57:22,www.adobe.com
2014-03-19 08:57:22,www.birmingham.ac.uk
2014-03-19 08:57:24,twitter.com
2014-03-19 08:57:53,plus.google.com
2014-03-19 08:57:53,translate.google.com
2014-03-19 08:57:53,www.google.fr
2014-03-19 08:57:58,translate.google.com
2014-03-19 08:58:10,translate.google.com
2014-03-19 08:58:12,translate.google.com
2014-03-19 08:58:17,docs.google.com
2014-03-19 08:58:31,docs.google.com
2014-03-19 08:59:22,pbs.twimg.com
2014-03-19 09:00:14,translate.google.com
2014-03-19 09:00:15,translate.google.com
2014-03-19 09:00:16,translate.google.com
2014-03-19 09:00:17,translate.google.com
2014-03-19 09:00:18,translate.google.com
2014-03-19 09:00:23,translate.google.com
2014-03-19 09:00:24,translate.google.com
2014-03-19 09:00:29,translate.google.com
2014-03-19 09:00:37,translate.google.com
2014-03-19 09:00:58,drive.google.com
2014-03-19 09:01:15,plus.google.com
2014-03-19 09:01:15,inputtools.google.com
2014-03-19 09:01:15,translate.google.com
2014-03-19 09:01:16,translate.google.com
2014-03-19 09:01:21,translate.google.com
2014-03-19 09:01:28,docs.google.com
2014-03-19 09:02:19,www.google.fr
2014-03-19 09:02:22,www.google.fr
2014-03-19 09:02:23,www.youtube.com
2014-03-19 09:02:26,i1.ytimg.com
2014-03-19 09:02:26,www.youtube.com
2014-03-19 09:02:26,www.google.fr
2014-03-19 09:02:26,yt3.ggpht.com
2014-03-19 09:02:26,gg.google.com
2014-03-19 09:02:27,i1.ytimg.com
2014-03-19 09:02:28,i1.ytimg.com
2014-03-19 09:02:28,clients6.google.com
2014-03-19 09:02:41,i1.ytimg.com
2014-03-19 09:02:42,apis.google.com
2014-03-19 09:02:42,plus.google.com
2014-03-19 09:02:42,s.ytimg.com
2014-03-19 09:02:42,clients1.google.com
2014-03-19 09:02:42,www.google.com
2014-03-19 09:02:45,gg.google.com
2014-03-19 09:02:45,www.youtube.com
2014-03-19 09:02:45,s.ytimg.com
2014-03-19 09:02:45,i1.ytimg.com
2014-03-19 09:02:45,r2---sn-gxo5uxg-jqbe.googlevideo.com
2014-03-19 09:02:45,yt3.ggpht.com
2014-03-19 09:02:45,www.youtube-nocookie.com
2014-03-19 09:02:46,i1.ytimg.com
2014-03-19 09:02:47,i1.ytimg.com
2014-03-19 09:02:47,www.google.com
2014-03-19 09:02:47,s.youtube.com
2014-03-19 09:02:47,s.ytimg.com
2014-03-19 09:02:47,www.youtube.com
2014-03-19 09:02:47,apis.google.com
2014-03-19 09:02:48,docs.google.com
2014-03-19 09:03:04,gdata.youtube.com
2014-03-19 09:03:29,www.google.com
2014-03-19 09:03:32,r2---sn-gxo5uxg-jqbe.googlevideo.com
2014-03-19 09:03:32,www.youtube-nocookie.com
2014-03-19 09:03:32,apis.google.com
2014-03-19 09:03:33,s.youtube.com
2014-03-19 09:03:33,i1.ytimg.com
2014-03-19 09:03:47,www.google.com
2014-03-19 09:03:47,www.youtube-nocookie.com
2014-03-19 09:03:47,r2---sn-gxo5uxg-jqbe.googlevideo.com
2014-03-19 09:03:50,gdata.youtube.com
2014-03-19 09:03:50,s.ytimg.com
2014-03-19 09:03:51,plus.google.com
2014-03-19 09:03:51,apis.google.com
2014-03-19 09:03:53,www.youtube.com
2014-03-19 09:03:53,gdata.youtube.com
2014-03-19 09:03:53,r1---sn-gxo5uxg-jqbe.googlevideo.com
2014-03-19 09:03:53,i1.ytimg.com
2014-03-19 09:03:53,s.youtube.com
2014-03-19 09:03:53,gg.google.com
2014-03-19 09:03:56,yt3.ggpht.com
2014-03-19 09:04:21,r1---sn-gxo5uxg-jqbe.googlevideo.com
2014-03-19 09:04:22,r1---sn-gxo5uxg-jqbe.googlevideo.com
2014-03-19 09:04:22,gg.google.com
2014-03-19 09:04:22,yt3.ggpht.com
2014-03-19 09:04:52,r2---sn-gxo5uxg-jqbe.googlevideo.com
2014-03-19 09:04:53,r2---sn-gxo5uxg-jqbe.googlevideo.com
2014-03-19 09:04:57,r2---sn-gxo5uxg-jqbe.googlevideo.com
2014-03-19 09:05:06,i1.ytimg.com
2014-03-19 09:05:06,gdata.youtube.com
2014-03-19 09:05:06,gg.google.com
2014-03-19 09:05:06,www.youtube.com
2014-03-19 09:05:17,plus.google.com
2014-03-19 09:06:27,s.youtube.com
2014-03-19 09:06:27,gg.google.com
2014-03-19 09:06:27,www.youtube.com
2014-03-19 09:07:41,docs.google.com
2014-03-19 09:08:58,drive.google.com
2014-03-19 09:09:18,yt3.ggpht.com
2014-03-19 09:09:18,s.youtube.com
2014-03-19 09:09:18,gg.google.com
2014-03-19 09:09:18,www.youtube.com
2014-03-19 09:09:18,i1.ytimg.com
2014-03-19 09:09:19,yt3.ggpht.com
2014-03-19 09:09:19,www.youtube.com
2014-03-19 09:09:19,r4---sn-gxo5uxg-jqbe.googlevideo.com
2014-03-19 09:09:21,plus.google.com
2014-03-19 09:09:21,www.youtube.com
2014-03-19 09:09:23,www.youtube.com
2014-03-19 09:09:23,plus.google.com
2014-03-19 09:09:29,www.google.fr
2014-03-19 09:10:42,www.google.fr
2014-03-19 09:10:47,www.google.fr
2014-03-19 09:10:58,drive.google.com
2014-03-19 09:11:54,0.drive.google.com
2014-03-19 09:12:52,www.youtube.com
2014-03-19 09:12:52,plus.google.com
2014-03-19 09:12:52,gg.google.com
2014-03-19 09:12:52,www.google.fr
2014-03-19 09:14:58,drive.google.com
2014-03-19 09:15:17,plus.google.com
2014-03-19 09:15:30,docs.google.com
2014-03-19 09:19:30,docs.google.com
2014-03-19 09:22:05,plus.google.com
2014-03-19 09:22:28,2.docs.google.com
2014-03-19 09:22:46,drive.google.com
2014-03-19 09:22:53,8.docs.google.com
2014-03-19 09:22:53,docs.google.com
2014-03-19 09:23:06,www.birmingham.ac.uk
2014-03-19 09:23:15,docs.google.com
2014-03-19 09:23:35,docs.google.com
2014-03-19 09:24:32,www.google.fr
2014-03-19 09:24:42,www.google.fr
2014-03-19 09:24:43,www.google.fr
2014-03-19 09:24:43,plus.google.com
2014-03-19 09:24:43,connect.facebook.net
2014-03-19 09:24:43,www.nba.com
2014-03-19 09:24:44,www.nba.com
2014-03-19 09:24:46,imagen04.247realmedia.com
2014-03-19 09:24:46,www.nba.com
2014-03-19 09:24:46,data.nba.com
2014-03-19 09:24:46,www.facebook.com
2014-03-19 09:24:47,up.massrelevance.com
2014-03-19 09:24:47,platform.twitter.com
2014-03-19 09:24:47,www.facebook.com
2014-03-19 09:24:47,apis.google.com
2014-03-19 09:24:48,up.massrelevance.com
2014-03-19 09:24:49,up.massrelevance.com
2014-03-19 09:24:50,www.nba.com
2014-03-19 09:24:50,up.massrelevance.com
2014-03-19 09:24:50,api.massrelevance.com
2014-03-19 09:24:50,data.nba.com
2014-03-19 09:24:51,platform.twitter.com
2014-03-19 09:24:51,apis.google.com
2014-03-19 09:24:51,api.massrelevance.com
2014-03-19 09:24:52,api.massrelevance.com
2014-03-19 09:24:52,platform.twitter.com
2014-03-19 09:24:52,data.nba.com
2014-03-19 09:24:53,s3.amazonaws.com
2014-03-19 09:24:53,pbs.twimg.com
2014-03-19 09:24:54,up.massrelevance.com
2014-03-19 09:24:56,platform.twitter.com
2014-03-19 09:24:57,platform.twitter.com
2014-03-19 09:24:58,drive.google.com
2014-03-19 09:25:00,s-static.ak.facebook.com
2014-03-19 09:25:00,twitter.com
2014-03-19 09:25:00,www.facebook.com
2014-03-19 09:25:00,static.ak.facebook.com
2014-03-19 09:25:01,twitter.com
2014-03-19 09:25:04,4.docs.google.com
2014-03-19 09:25:06,pbs.twimg.com
2014-03-19 09:25:11,www.nba.com
2014-03-19 09:25:12,pbs.twimg.com
2014-03-19 09:25:12,platform.twitter.com
2014-03-19 09:25:13,www.facebook.com
2014-03-19 09:25:13,static.ak.facebook.com
2014-03-19 09:25:13,s-static.ak.facebook.com
2014-03-19 09:25:14,www.facebook.com
2014-03-19 09:25:14,data.nba.com
2014-03-19 09:25:14,platform.twitter.com
2014-03-19 09:25:14,twitter.com
2014-03-19 09:25:15,www.facebook.com
2014-03-19 09:25:15,www.nba.com
2014-03-19 09:25:15,apis.google.com
2014-03-19 09:25:16,www.nba.com
2014-03-19 09:25:16,www.facebook.com
2014-03-19 09:25:16,aspen.turner.com
2014-03-19 09:25:17,www.nba.com
2014-03-19 09:25:17,plus.google.com
2014-03-19 09:25:18,www.nba.com
2014-03-19 09:25:19,www.nba.com
2014-03-19 09:25:20,www.nba.com
2014-03-19 09:25:20,twitter.com
2014-03-19 09:25:52,aspen.turner.com
2014-03-19 09:26:15,data.nba.com
2014-03-19 09:26:17,aspen.turner.com
2014-03-19 09:27:17,aspen.turner.com
2014-03-19 09:27:17,data.nba.com
2014-03-19 09:28:17,aspen.turner.com
2014-03-19 09:28:19,docs.google.com
2014-03-19 09:28:19,data.nba.com
2014-03-19 09:28:40,www.facebook.com
2014-03-19 09:28:58,drive.google.com
2014-03-19 09:29:16,aspen.turner.com
2014-03-19 09:29:19,data.nba.com
2014-03-19 09:29:30,connect.facebook.net
2014-03-19 09:29:30,www.nba.com
2014-03-19 09:29:30,platform.twitter.com
2014-03-19 09:29:31,s-static.ak.facebook.com
2014-03-19 09:29:31,static.ak.facebook.com
2014-03-19 09:29:31,www.facebook.com
2014-03-19 09:29:32,twitter.com
2014-03-19 09:29:32,www.facebook.com
2014-03-19 09:29:33,apis.google.com
2014-03-19 09:29:33,data.nba.com
2014-03-19 09:29:33,www.nba.com
2014-03-19 09:29:33,www.facebook.com
2014-03-19 09:29:34,www.facebook.com
2014-03-19 09:29:34,aspen.turner.com
2014-03-19 09:29:35,www.nba.com
2014-03-19 09:29:41,twitter.com
2014-03-19 09:29:48,synmedia.download.premiumtv.co.uk
2014-03-19 09:30:21,www.nba.com
2014-03-19 09:30:33,data.nba.com
2014-03-19 09:30:33,aspen.turner.com
2014-03-19 09:31:33,data.nba.com
2014-03-19 09:31:35,aspen.turner.com
2014-03-19 09:32:34,data.nba.com
2014-03-19 09:32:35,aspen.turner.com
2014-03-19 09:32:47,ajax.googleapis.com
2014-03-19 09:32:47,assets.kitbag.com
2014-03-19 09:32:47,www.nbastore.eu
2014-03-19 09:32:47,images.kitbag.com
2014-03-19 09:32:48,ajax.googleapis.com
2014-03-19 09:32:48,kitbag.d2.sc.omtrdc.net
2014-03-19 09:32:48,www.google.com
2014-03-19 09:32:48,www.nbastore.eu
2014-03-19 09:34:32,www.birmingham.ac.uk
2014-03-19 09:34:33,www.birmingham.ac.uk
2014-03-19 09:35:18,plus.google.com
2014-03-19 09:35:40,www.google.fr
2014-03-19 09:35:52,www.google.fr
2014-03-19 09:36:10,plus.google.com
2014-03-19 09:36:13,www.youtube.com
2014-03-19 09:36:13,www.google.fr
2014-03-19 09:36:17,www.youtube.com
2014-03-19 09:36:17,www.google.fr
2014-03-19 09:36:17,plus.google.com
2014-03-19 09:36:21,plus.google.com
2014-03-19 09:36:24,www.birmingham.ac.uk
2014-03-19 09:36:25,www.birmingham.ac.uk
2014-03-19 09:36:28,gg.google.com
2014-03-19 09:36:28,i1.ytimg.com
2014-03-19 09:36:29,i1.ytimg.com
2014-03-19 09:36:29,yt3.ggpht.com
2014-03-19 09:36:29,clients1.google.com
2014-03-19 09:36:29,clients6.google.com
2014-03-19 09:36:29,gg.google.com
2014-03-19 09:36:29,www.birmingham.ac.uk
2014-03-19 09:36:30,www.birmingham.ac.uk
2014-03-19 09:36:31,s.ytimg.com
2014-03-19 09:36:37,www.youtube.com
2014-03-19 09:36:37,clients1.google.com
2014-03-19 09:36:37,s.ytimg.com
2014-03-19 09:36:37,yt3.ggpht.com
2014-03-19 09:36:39,www.google.com
2014-03-19 09:36:40,gg.google.com
2014-03-19 09:36:40,www.google.com
2014-03-19 09:36:40,i1.ytimg.com
2014-03-19 09:36:40,i3.ytimg.com
2014-03-19 09:36:40,yt4.ggpht.com
2014-03-19 09:36:42,i1.ytimg.com
2014-03-19 09:36:45,i1.ytimg.com
2014-03-19 09:36:46,i1.ytimg.com
2014-03-19 09:36:46,www.youtube.com
2014-03-19 09:36:46,yt3.ggpht.com
2014-03-19 09:36:46,www.youtube-nocookie.com
2014-03-19 09:36:46,yt4.ggpht.com
2014-03-19 09:36:46,i3.ytimg.com
2014-03-19 09:36:47,s.youtube.com
2014-03-19 09:36:47,i1.ytimg.com
2014-03-19 09:36:47,www.youtube-nocookie.com
2014-03-19 09:36:47,apis.google.com
2014-03-19 09:36:48,s.youtube.com
2014-03-19 09:36:48,i1.ytimg.com
2014-03-19 09:36:48,www.youtube.com
2014-03-19 09:36:48,r3---sn-gxo5uxg-jqbe.googlevideo.com
2014-03-19 09:36:48,apis.google.com
2014-03-19 09:36:49,r3---sn-gxo5uxg-jqbe.googlevideo.com
2014-03-19 09:36:50,r3---sn-gxo5uxg-jqbe.googlevideo.com
2014-03-19 09:36:51,r3---sn-gxo5uxg-jqbe.googlevideo.com
2014-03-19 09:36:54,accounts.google.com
2014-03-19 09:36:58,drive.google.com
2014-03-19 09:37:01,gg.google.com
2014-03-19 09:37:25,r3---sn-gxo5uxg-jqbe.googlevideo.com
2014-03-19 09:39:51,www.youtube.com
2014-03-19 09:40:06,docs.google.com
2014-03-19 09:40:40,r3---sn-gxo5uxg-jqbe.googlevideo.com
2014-03-19 09:40:44,2.docs.google.com
2014-03-19 09:40:45,docs.google.com
2014-03-19 09:40:49,www.google.com
2014-03-19 09:40:49,www.google.fr
2014-03-19 09:40:49,0.drive.google.com
2014-03-19 09:40:49,drive.google.com
2014-03-19 09:40:49,plus.google.com
2014-03-19 09:40:52,apis.google.com
2014-03-19 09:40:54,accounts.google.com
2014-03-19 09:41:00,www.google.com
2014-03-19 09:41:00,accounts.google.com
2014-03-19 09:41:00,accounts.youtube.com
2014-03-19 09:41:00,accounts.google.fr
2014-03-19 09:41:00,4.docs.google.com
2014-03-19 09:41:00,s.youtube.com
2014-03-19 09:41:00,docs.google.com
2014-03-19 09:41:00,www.youtube.com
2014-03-26 08:06:38,www.google.fr
2014-03-26 08:06:46,www.google.fr
2014-03-26 08:07:00,www.google.fr
2014-03-26 08:07:01,apis.google.com
2014-03-26 08:07:03,www.google.com
2014-03-26 08:07:06,accounts.google.com
2014-03-26 08:07:06,www.google.fr
2014-03-26 08:07:18,apis.google.com
2014-03-26 08:07:18,www.google.fr
2014-03-26 08:07:20,accounts.youtube.com
2014-03-26 08:07:48,www.google.fr
2014-03-26 08:08:02,accounts.google.fr
2014-03-26 08:08:03,www.google.com
2014-03-26 08:08:03,www.google.fr
2014-03-26 08:08:10,accounts.google.com
2014-03-26 08:08:11,plus.google.com
2014-03-26 08:08:13,drive.google.com
2014-03-26 08:08:14,accounts.youtube.com
2014-03-26 08:08:14,accounts.google.fr
2014-03-26 08:08:14,www.google.fr
2014-03-26 08:08:14,apis.google.com
2014-03-26 08:08:15,apis.google.com
2014-03-26 08:08:15,www.google.com
2014-03-26 08:08:15,www.google.fr
2014-03-26 08:08:15,drive.google.com
2014-03-26 08:08:18,0.drive.google.com
2014-03-26 08:08:19,0.drive.google.com
2014-03-26 08:08:20,drive.google.com
2014-03-26 08:08:21,docs.google.com
2014-03-26 08:08:21,plus.google.com
2014-03-26 08:08:23,drive.google.com
2014-03-26 08:08:23,docs.google.com
2014-03-26 08:08:23,apis.google.com
2014-03-26 08:08:23,plus.google.com
2014-03-26 08:08:24,docs.google.com
2014-03-26 08:08:24,drive.google.com
2014-03-26 08:09:28,gg.google.com
2014-03-26 08:09:44,ieonline.microsoft.com
2014-03-26 08:12:24,docs.google.com
2014-03-26 08:12:36,drive.google.com
2014-03-26 08:13:29,gg.google.com
2014-03-26 08:14:37,www.google.fr
2014-03-26 08:14:53,www.google.fr
2014-03-26 08:15:06,www.google.fr
2014-03-26 08:15:06,translate.google.com
2014-03-26 08:15:07,translate.google.com
2014-03-26 08:15:07,www.google.fr
2014-03-26 08:15:10,translate.google.com
2014-03-26 08:15:11,translate.google.com
2014-03-26 08:15:13,translate.google.com
2014-03-26 08:15:13,www.google.fr
2014-03-26 08:15:13,plus.google.com
2014-03-26 08:15:14,plus.google.com
2014-03-26 08:15:18,translate.google.com
2014-03-26 08:15:21,translate.google.com
2014-03-26 08:15:22,translate.google.com
2014-03-26 08:15:27,translate.google.com
2014-03-26 08:15:31,translate.google.com
2014-03-26 08:15:33,translate.google.com
2014-03-26 08:15:34,translate.google.com
2014-03-26 08:15:35,translate.google.com
2014-03-26 08:15:38,translate.google.com
2014-03-26 08:15:39,translate.google.com
2014-03-26 08:15:40,translate.google.com
2014-03-26 08:15:43,translate.google.com
2014-03-26 08:15:45,translate.google.com
2014-03-26 08:15:46,translate.google.com
2014-03-26 08:15:49,translate.google.com
2014-03-26 08:15:54,translate.google.com
2014-03-26 08:16:51,plus.google.com
2014-03-26 08:16:51,translate.google.com
2014-03-26 08:16:52,translate.google.com
2014-03-26 08:16:54,translate.google.com
2014-03-26 08:16:55,translate.google.com
2014-03-26 08:16:56,translate.google.com
2014-03-26 08:17:00,translate.google.com
2014-03-26 08:17:00,www.google.com
2014-03-26 08:17:05,translate.google.com
2014-03-26 08:18:10,translate.google.com
2014-03-26 08:18:11,translate.google.com
2014-03-26 08:18:12,translate.google.com
2014-03-26 08:18:13,translate.google.com
2014-03-26 08:18:14,translate.google.com
2014-03-26 08:18:16,drive.google.com
2014-03-26 08:18:16,translate.google.com
2014-03-26 08:18:21,translate.google.com
2014-03-26 08:19:11,translate.google.com
2014-03-26 08:19:13,translate.google.com
2014-03-26 08:19:14,translate.google.com
2014-03-26 08:19:15,translate.google.com
2014-03-26 08:19:16,translate.google.com
2014-03-26 08:19:19,translate.google.com
2014-03-26 08:19:24,translate.google.com
2014-03-26 08:19:32,inputtools.google.com
2014-03-26 08:21:33,inputtools.google.com
2014-03-26 08:21:47,translate.google.com
2014-03-26 08:21:49,translate.google.com
2014-03-26 08:21:51,translate.google.com
2014-03-26 08:21:52,translate.google.com
2014-03-26 08:21:53,translate.google.com
2014-03-26 08:21:54,translate.google.com
2014-03-26 08:21:57,translate.google.com
2014-03-26 08:22:02,translate.google.com
2014-03-26 08:22:15,drive.google.com
2014-03-26 08:22:24,plus.google.com
2014-03-26 08:22:34,plus.google.com
2014-03-26 08:23:11,translate.google.com
2014-03-26 08:23:12,translate.google.com
2014-03-26 08:23:14,translate.google.com
2014-03-26 08:23:16,translate.google.com
2014-03-26 08:23:17,translate.google.com
2014-03-26 08:23:19,translate.google.com
2014-03-26 08:23:20,translate.google.com
2014-03-26 08:23:25,translate.google.com
2014-03-26 08:23:53,translate.google.com
2014-03-26 08:23:54,translate.google.com
2014-03-26 08:23:55,translate.google.com
2014-03-26 08:24:00,translate.google.com
2014-03-26 08:24:06,drive.google.com
2014-03-26 08:24:17,docs.google.com
2014-03-26 08:24:21,docs.google.com
2014-03-26 08:24:23,0.docs.google.com
2014-03-26 08:24:24,docs.google.com
2014-03-26 08:24:31,docs.google.com
2014-03-26 08:24:31,0.talkgadget.google.com
2014-03-26 08:24:36,plus.google.com
2014-03-26 08:24:36,apis.google.com
2014-03-26 08:24:37,apis.google.com
2014-03-26 08:25:36,0.talkgadget.google.com
2014-03-26 08:25:39,www.google.com
2014-03-26 08:27:01,0.talkgadget.google.com
2014-03-26 08:27:02,0.docs.google.com
2014-03-26 08:27:08,drive.google.com
2014-03-26 08:27:11,apis.google.com
2014-03-26 08:27:13,0.talkgadget.google.com
2014-03-26 08:27:13,plus.google.com
2014-03-26 08:27:13,www.google.com
2014-03-26 08:27:14,www.google.com
2014-03-26 08:27:15,clients6.google.com
2014-03-26 08:27:17,1.docs.google.com
2014-03-26 08:27:17,accounts.google.com
2014-03-26 08:27:17,docs.google.com
2014-03-26 08:27:19,inputtools.google.com
2014-03-26 08:27:25,docs.google.com
2014-03-26 08:27:35,plus.google.com
2014-03-26 08:27:40,docs.google.com
2014-03-26 08:27:40,apis.google.com
2014-03-26 08:27:40,clients6.google.com
2014-03-26 08:27:40,accounts.google.com
2014-03-26 08:27:40,1.docs.google.com
2014-03-26 08:27:43,2.docs.google.com
2014-03-26 08:27:44,2.docs.google.com
2014-03-26 08:28:27,2.docs.google.com
2014-03-26 08:29:12,www.google.fr
2014-03-26 08:29:17,translate.google.com
2014-03-26 08:29:17,www.google.fr
2014-03-26 08:29:18,fpdownload2.macromedia.com
2014-03-26 08:29:18,translate.google.com
2014-03-26 08:29:18,www.google.fr
2014-03-26 08:29:19,www.google.fr
2014-03-26 08:29:19,translate.google.com
2014-03-26 08:29:20,translate.google.com
2014-03-26 08:29:21,translate.google.com
2014-03-26 08:29:22,www.google.fr
2014-03-26 08:29:22,translate.google.com
2014-03-26 08:29:25,translate.google.com
2014-03-26 08:29:26,translate.google.com
2014-03-26 08:29:28,apis.google.com
2014-03-26 08:29:28,www.google.com
2014-03-26 08:29:28,docs.google.com
2014-03-26 08:29:28,clients6.google.com
2014-03-26 08:29:29,translate.google.com
2014-03-26 08:29:33,docs.google.com
2014-03-26 08:29:33,drive.google.com
2014-03-26 08:29:39,inputtools.google.com
2014-03-26 08:29:40,plus.google.com
2014-03-26 08:29:41,3.docs.google.com
2014-03-26 08:29:42,3.docs.google.com
2014-03-26 08:32:34,plus.google.com
2014-03-26 08:33:02,www.google.fr
2014-03-26 08:33:14,www.google.fr
2014-03-26 08:33:18,www.google.fr
2014-03-26 08:33:19,translate.google.com
2014-03-26 08:33:21,translate.google.com
2014-03-26 08:33:26,www.google.fr
2014-03-26 08:33:26,translate.google.com
2014-03-26 08:33:34,drive.google.com
2014-03-26 08:33:35,plus.google.com
2014-03-26 08:33:38,docs.google.com
2014-03-26 08:33:39,docs.google.com
2014-03-26 08:33:44,docs.google.com
2014-03-26 08:34:16,drive.google.com
2014-03-26 08:34:29,www.google.fr
2014-03-26 08:34:29,translate.google.com
2014-03-26 08:34:34,translate.google.com
2014-03-26 08:36:35,docs.google.com
2014-03-26 08:36:38,plus.google.com
2014-03-26 08:36:41,4.docs.google.com
2014-03-26 08:36:44,clients6.google.com
2014-03-26 08:36:44,4.docs.google.com
2014-03-26 08:36:53,gg.google.com
2014-03-26 08:37:51,4.docs.google.com
2014-03-26 08:37:51,docs.google.com
2014-03-26 08:38:02,docs.google.com
2014-03-26 08:38:05,drive.google.com
2014-03-26 08:38:12,5.docs.google.com
2014-03-26 08:38:13,5.talkgadget.google.com
2014-03-26 08:38:13,3.docs.google.com
2014-03-26 08:38:13,5.docs.google.com
2014-03-26 08:38:52,docs.google.com
2014-03-26 08:38:52,gg.google.com
2014-03-26 08:39:09,docs.google.com
2014-03-26 08:39:14,docs.google.com
2014-03-26 08:39:17,www.google.com
2014-03-26 08:42:07,drive.google.com
2014-03-26 08:42:13,docs.google.com
2014-03-26 08:42:13,5.talkgadget.google.com
2014-03-26 08:42:14,plus.google.com
2014-03-26 08:42:14,5.talkgadget.google.com
2014-03-26 08:42:16,drive.google.com
2014-03-26 08:42:35,plus.google.com
2014-03-26 08:42:51,docs.google.com
2014-03-26 08:42:52,docs.google.com
2014-03-26 08:42:57,apis.google.com
2014-03-26 08:42:58,6.docs.google.com
2014-03-26 08:42:59,6.docs.google.com
2014-03-26 08:42:59,docs.google.com
2014-03-26 08:43:11,clients6.google.com
2014-03-26 08:43:17,www.google.com
2014-03-26 08:44:16,drive.google.com
2014-03-26 08:46:56,docs.google.com
2014-03-26 08:46:57,apis.google.com
2014-03-26 08:48:16,drive.google.com
2014-03-26 08:51:16,www.google.fr
2014-03-26 08:51:16,plus.google.com
2014-03-26 08:51:27,plus.google.com
2014-03-26 08:51:27,www.google.fr
2014-03-26 08:51:27,www.nba.com
2014-03-26 08:51:27,connect.facebook.net
2014-03-26 08:51:27,drive.google.com
2014-03-26 08:51:28,www.nba.com
2014-03-26 08:51:30,data.nba.com
2014-03-26 08:51:31,imagen04.247realmedia.com
2014-03-26 08:51:31,www.nba.com
2014-03-26 08:51:31,www.facebook.com
2014-03-26 08:51:31,platform.twitter.com
2014-03-26 08:51:32,up.massrelevance.com
2014-03-26 08:51:32,data.nba.com
2014-03-26 08:51:33,www.nba.com
2014-03-26 08:51:33,accounts.google.com
2014-03-26 08:51:33,apis.google.com
2014-03-26 08:51:33,up.massrelevance.com
2014-03-26 08:51:34,0.drive.google.com
2014-03-26 08:51:35,platform.twitter.com
2014-03-26 08:51:35,api.massrelevance.com
2014-03-26 08:51:36,pbs.twimg.com
2014-03-26 08:51:36,up.massrelevance.com
2014-03-26 08:51:36,s3.amazonaws.com
2014-03-26 08:51:40,platform.twitter.com
2014-03-26 08:51:41,twitter.com
2014-03-26 08:51:41,pbs.twimg.com
2014-03-26 08:51:44,pbs.twimg.com
2014-03-26 08:51:44,twitter.com
2014-03-26 08:51:44,www.nba.com
2014-03-26 08:51:45,static.ak.facebook.com
2014-03-26 08:51:45,www.facebook.com
2014-03-26 08:51:46,apis.google.com
2014-03-26 08:51:46,data.nba.com
2014-03-26 08:51:46,www.facebook.com
2014-03-26 08:51:46,platform.twitter.com
2014-03-26 08:51:47,apis.google.com
2014-03-26 08:51:50,www.nba.com
2014-03-26 08:51:50,aspen.turner.com
2014-03-26 08:51:51,www.nba.com
2014-03-26 08:51:53,www.facebook.com
2014-03-26 08:51:53,www.nba.com
2014-03-26 08:51:55,www.nba.com
2014-03-26 08:51:56,aspen.turner.com
2014-03-26 08:51:56,docs.google.com
2014-03-26 08:52:15,www.facebook.com
2014-03-26 08:52:27,docs.google.com
2014-03-26 08:52:28,docs.google.com
2014-03-26 08:52:47,data.nba.com
2014-03-26 08:52:51,aspen.turner.com
2014-03-26 08:53:48,data.nba.com
2014-03-26 08:53:51,aspen.turner.com
2014-03-26 08:53:58,www.facebook.com
2014-03-26 08:54:22,docs.google.com
2014-03-26 08:54:49,www.nba.com
2014-03-26 08:54:49,data.nba.com
2014-03-26 08:54:51,www.facebook.com
2014-03-26 08:54:51,static.ak.facebook.com
2014-03-26 08:54:52,twitter.com
2014-03-26 08:54:52,www.facebook.com
2014-03-26 08:54:52,data.nba.com
2014-03-26 08:54:55,www.facebook.com
2014-03-26 08:54:56,aspen.turner.com
2014-03-26 08:54:57,www.nba.com
2014-03-26 08:54:59,twitter.com
2014-03-26 08:54:59,www.facebook.com
2014-03-26 08:55:12,synmedia.download.premiumtv.co.uk
2014-03-26 08:55:14,aspen.turner.com
2014-03-26 08:55:30,www.nba.com
2014-03-26 08:55:54,data.nba.com
2014-03-26 08:55:56,aspen.turner.com
2014-03-26 08:56:42,www.facebook.com
2014-03-26 08:56:56,aspen.turner.com
2014-03-26 08:56:57,data.nba.com
2014-03-26 08:57:32,drive.google.com
2014-03-26 08:57:56,aspen.turner.com
2014-03-26 08:57:58,data.nba.com
2014-03-26 08:58:24,docs.google.com
2014-03-26 08:58:52,www.facebook.com
2014-03-26 08:58:56,aspen.turner.com
2014-03-26 08:58:59,data.nba.com
2014-03-26 08:59:28,docs.google.com
2014-03-26 08:59:55,plus.google.com
2014-03-26 08:59:56,aspen.turner.com
2014-03-26 09:00:00,data.nba.com
2014-03-26 09:00:12,www.google.fr
2014-03-26 09:00:30,www.google.fr
2014-03-26 09:00:30,plus.google.com
2014-03-26 09:00:31,www.google.fr
2014-03-26 09:00:31,www.nba.com
2014-03-26 09:00:32,data.nba.com
2014-03-26 09:00:32,www.facebook.com
2014-03-26 09:00:33,apis.google.com
2014-03-26 09:00:33,platform.twitter.com
2014-03-26 09:00:33,twitter.com
2014-03-26 09:00:33,stats.nba.com
2014-03-26 09:00:33,www.nba.com
2014-03-26 09:00:34,stats.nba.com
2014-03-26 09:00:34,apis.google.com
2014-03-26 09:00:34,data.nba.com
2014-03-26 09:00:34,www.nba.com
2014-03-26 09:00:35,apis.google.com
2014-03-26 09:00:35,twitter.com
2014-03-26 09:00:35,pbs.twimg.com
2014-03-26 09:00:35,searchapp2.nba.com
2014-03-26 09:00:36,pbs.twimg.com
2014-03-26 09:00:36,searchapp2.nba.com
2014-03-26 09:00:37,aspen.turner.com
2014-03-26 09:00:37,www.nba.com
2014-03-26 09:00:38,www.nba.com
2014-03-26 09:00:39,www.nba.com
2014-03-26 09:00:40,www.nba.com
2014-03-26 09:00:41,www.nba.com
2014-03-26 09:00:41,platform.twitter.com
2014-03-26 09:00:41,www.facebook.com
2014-03-26 09:00:42,nbavod-f.akamaihd.net
2014-03-26 09:00:42,a66-w23-58dd0e8a-nbavod-f.akamaihd.net
2014-03-26 09:00:43,a66-w23-58dd0e8a-nbavod-f.akamaihd.net
2014-03-26 09:00:44,a66-w23-58dd0e8a-nbavod-f.akamaihd.net
2014-03-26 09:00:45,www.nba.com
2014-03-26 09:00:45,twitter.com
2014-03-26 09:00:46,a66-w23-58dd0e8a-nbavod-f.akamaihd.net
2014-03-26 09:00:47,a66-w23-58dd0e8a-nbavod-f.akamaihd.net
2014-03-26 09:00:49,a66-w23-58dd0e8a-nbavod-f.akamaihd.net
2014-03-26 09:00:50,a66-w23-58dd0e8a-nbavod-f.akamaihd.net
2014-03-26 09:00:52,a66-w23-58dd0e8a-nbavod-f.akamaihd.net
2014-03-26 09:00:54,stats.nba.com
2014-03-26 09:01:02,nbavod-f.akamaihd.net
2014-03-26 09:01:02,a66-w23-58dd0e8a-nbavod-f.akamaihd.net
2014-03-26 09:01:08,stats.nba.com
2014-03-26 09:01:37,www.google.fr
2014-03-26 09:01:38,translate.google.com
2014-03-26 09:01:39,translate.google.com
2014-03-26 09:01:39,www.google.fr
2014-03-26 09:01:39,plus.google.com
2014-03-26 09:01:42,translate.google.com
2014-03-26 09:01:44,www.google.fr
2014-03-26 09:01:44,translate.google.com
2014-03-26 09:01:46,translate.google.com
2014-03-26 09:01:47,translate.google.com
2014-03-26 09:01:56,docs.google.com
2014-03-26 09:02:07,docs.google.com
2014-03-26 09:02:34,translate.google.com
2014-03-26 09:02:35,translate.google.com
2014-03-26 09:02:38,translate.google.com
2014-03-26 09:02:38,www.google.fr
2014-03-26 09:02:40,translate.google.com
2014-03-26 09:02:41,translate.google.com
2014-03-26 09:03:53,5.docs.google.com
2014-03-26 09:03:53,docs.google.com
2014-03-26 09:04:13,drive.google.com
2014-03-26 09:04:25,docs.google.com
2014-03-26 09:04:48,apis.google.com
2014-03-26 09:04:48,7.docs.google.com
2014-03-26 09:04:49,7.docs.google.com
2014-03-26 09:04:50,7.docs.google.com
2014-03-26 09:05:44,plus.google.com
2014-03-26 09:05:47,docs.google.com
2014-03-26 09:07:40,www.google.com
2014-03-26 09:07:40,www.birmingham.ac.uk
2014-03-26 09:07:41,www.birmingham.ac.uk
2014-03-26 09:07:42,www.birmingham.ac.uk
2014-03-26 09:07:54,www.birmingham.ac.uk
2014-03-26 09:07:56,www.birmingham.ac.uk
2014-03-26 09:07:57,www.birmingham.ac.uk
2014-03-26 09:07:57,www.adobe.com
2014-03-26 09:07:57,wwwimages.adobe.com
2014-03-26 09:08:02,www.birmingham.ac.uk
2014-03-26 09:08:06,www.birmingham.ac.uk
2014-03-26 09:08:07,www.birmingham.ac.uk
2014-03-26 09:08:11,www.birmingham.ac.uk
2014-03-26 09:08:11,platform.twitter.com
2014-03-26 09:08:12,www.youtube.com
2014-03-26 09:08:12,s.ytimg.com
2014-03-26 09:08:12,www.google.com
2014-03-26 09:08:12,platform.twitter.com
2014-03-26 09:08:13,s.ytimg.com
2014-03-26 09:08:13,drive.google.com
2014-03-26 09:08:16,drive.google.com
2014-03-26 09:08:20,www.birmingham.ac.uk
2014-03-26 09:08:21,www.birmingham.ac.uk
2014-03-26 09:08:23,www.birmingham.ac.uk
2014-03-26 09:08:32,docs.google.com
2014-03-26 09:08:33,docs.google.com
2014-03-26 09:08:35,www.birmingham.ac.uk
2014-03-26 09:09:00,mail.google.com
2014-03-26 09:09:02,accounts.google.com
2014-03-26 09:09:07,docs.google.com
2014-03-26 09:09:08,accounts.google.com
2014-03-26 09:09:08,mail.google.com
2014-03-26 09:09:10,mail.google.com
2014-03-26 09:09:10,clients2.google.com
2014-03-26 09:09:10,www.google.com
2014-03-26 09:09:11,plus.google.com
2014-03-26 09:09:11,apis.google.com
2014-03-26 09:09:11,clients2.google.com
2014-03-26 09:09:12,mail.google.com
2014-03-26 09:09:12,www.google.com
2014-03-26 09:09:12,apis.google.com
2014-03-26 09:09:13,chatenabled.mail.google.com
2014-03-26 09:09:14,mail.google.com
2014-03-26 09:09:14,plus.google.com
2014-03-26 09:09:14,accounts.google.com
2014-03-26 09:09:15,apis.google.com
2014-03-26 09:09:15,plus.google.com
2014-03-26 09:09:15,chatenabled.mail.google.com
2014-03-26 09:09:16,mail.google.com
2014-03-26 09:09:24,plus.google.com
2014-03-26 09:09:30,mail.google.com
2014-03-26 09:09:30,plus.google.com
2014-03-26 09:09:42,www.birmingham.ac.uk
2014-03-26 09:09:47,docs.google.com
2014-03-26 09:10:09,docs.google.com
2014-03-26 09:10:30,www.birmingham.ac.uk
2014-03-26 09:10:34,www.birmingham.ac.uk
2014-03-26 09:10:35,www.birmingham.ac.uk
2014-03-26 09:11:22,www.birmingham.ac.uk
2014-03-26 09:11:23,maps.google.co.uk
2014-03-26 09:11:23,www.birmingham.ac.uk
2014-03-26 09:11:24,www.birmingham.ac.uk
2014-03-26 09:11:34,www.birmingham.ac.uk
2014-03-26 09:11:35,maps.google.co.uk
2014-03-26 09:11:38,www.birmingham.ac.uk
2014-03-26 09:11:38,maps.google.co.uk
2014-03-26 09:11:39,maps.google.co.uk
2014-03-26 09:11:39,www.birmingham.ac.uk
2014-03-26 09:11:43,mts0.google.com
2014-03-26 09:11:43,mts1.google.com
2014-03-26 09:11:44,plus.google.com
2014-03-26 09:11:45,www.birmingham.ac.uk
2014-03-26 09:11:45,maps.google.co.uk
2014-03-26 09:11:53,www.birmingham.ac.uk
2014-03-26 09:11:54,mts1.google.com
2014-03-26 09:11:54,www.birmingham.ac.uk
2014-03-26 09:11:55,mts1.google.com
2014-03-26 09:11:55,mts0.google.com
2014-03-26 09:11:55,www.birmingham.ac.uk
2014-03-26 09:11:56,www.google.co.uk
2014-03-26 09:11:56,www.birmingham.ac.uk
2014-03-26 09:11:56,www.google.com
2014-03-26 09:11:57,www.birmingham.ac.uk
2014-03-26 09:11:58,www.birmingham.ac.uk
2014-03-26 09:11:58,maps.google.com
2014-03-26 09:11:59,mts0.google.com
2014-03-26 09:11:59,www.google.co.uk
2014-03-26 09:11:59,maps.google.com
2014-03-26 09:11:59,mts1.google.com
2014-03-26 09:12:00,mts1.google.com
2014-03-26 09:12:00,www.google.com
2014-03-26 09:12:01,mts1.google.com
2014-03-26 09:12:01,www.google.co.uk
2014-03-26 09:12:01,www.google.com
2014-03-26 09:12:01,mts0.google.com
2014-03-26 09:12:02,www.google.com
2014-03-26 09:12:02,www.google.co.uk
2014-03-26 09:12:02,mts0.google.com
2014-03-26 09:12:02,mts1.google.com
2014-03-26 09:12:02,mts3.google.com
2014-03-26 09:12:02,mts2.google.com
2014-03-26 09:12:03,mts1.google.com
2014-03-26 09:12:03,mts3.google.com
2014-03-26 09:12:05,www.google.co.uk
2014-03-26 09:12:05,geo0.ggpht.com
2014-03-26 09:12:05,geo1.ggpht.com
2014-03-26 09:12:05,geo3.ggpht.com
2014-03-26 09:12:05,mts1.google.com
2014-03-26 09:12:05,mts2.google.com
2014-03-26 09:12:05,mts0.google.com
2014-03-26 09:12:05,geo2.ggpht.com
2014-03-26 09:12:50,translate.google.com
2014-03-26 09:12:50,www.google.com
2014-03-26 09:12:55,translate.google.com
2014-03-26 09:12:56,translate.google.com
2014-03-26 09:12:56,plus.google.com
2014-03-26 09:12:58,translate.google.com
2014-03-26 09:13:03,mts2.google.com
2014-03-26 09:13:03,translate.google.com
2014-03-26 09:13:08,geo2.ggpht.com
2014-03-26 09:13:08,www.birmingham.ac.uk
2014-03-26 09:13:08,geo1.ggpht.com
2014-03-26 09:13:08,www.google.com
2014-03-26 09:13:08,geo3.ggpht.com
2014-03-26 09:13:08,geo0.ggpht.com
2014-03-26 09:13:08,mts3.google.com
2014-03-26 09:13:08,mts1.google.com
2014-03-26 09:13:15,plus.google.com
2014-03-26 09:13:16,www.birmingham.ac.uk
2014-03-26 09:13:16,mail.google.com
2014-03-26 09:13:16,plus.google.com
2014-03-26 09:13:18,maps.google.co.uk
2014-03-26 09:13:18,mts1.google.com
2014-03-26 09:13:19,mts0.google.com
2014-03-26 09:13:20,gg.google.com
2014-03-26 09:13:30,mail.google.com
2014-03-26 09:13:33,translate.google.com
2014-03-26 09:13:34,translate.google.com
2014-03-26 09:13:35,translate.google.com
2014-03-26 09:13:40,translate.google.com
2014-03-26 09:13:41,translate.google.com
2014-03-26 09:13:43,translate.google.com
2014-03-26 09:13:46,translate.google.com
2014-03-26 09:13:46,inputtools.google.com
2014-03-26 09:13:51,translate.google.com
2014-03-26 09:13:52,translate.google.com
2014-03-26 09:13:53,translate.google.com
2014-03-26 09:13:54,translate.google.com
2014-03-26 09:13:58,translate.google.com
2014-03-26 09:14:03,translate.google.com
2014-03-26 09:14:05,translate.google.com
2014-03-26 09:14:08,translate.google.com
2014-03-26 09:14:09,translate.google.com
2014-03-26 09:14:11,translate.google.com
2014-03-26 09:14:15,translate.google.com
2014-03-26 09:14:16,translate.google.com
2014-03-26 09:14:27,docs.google.com
2014-03-26 09:14:28,docs.google.com
2014-03-26 09:15:21,gg.google.com
2014-03-26 09:15:21,mts2.google.com
2014-03-26 09:15:21,mts1.google.com
2014-03-26 09:15:21,mts0.google.com
2014-03-26 09:15:21,mts3.google.com
2014-03-26 09:15:21,maps.google.co.uk
2014-03-26 09:15:25,inputtools.google.com
2014-03-26 09:15:25,translate.google.com
2014-03-26 09:15:26,translate.google.com
2014-03-26 09:15:27,translate.google.com
2014-03-26 09:15:28,drive.google.com
2014-03-26 09:15:28,translate.google.com
2014-03-26 09:15:32,translate.google.com
2014-03-26 09:15:33,translate.google.com
2014-03-26 09:15:36,translate.google.com
2014-03-26 09:15:37,translate.google.com
2014-03-26 09:15:38,translate.google.com
2014-03-26 09:15:40,translate.google.com
2014-03-26 09:15:41,translate.google.com
2014-03-26 09:15:46,translate.google.com
2014-03-26 09:16:45,www.birmingham.ac.uk
2014-03-26 09:16:47,www.birmingham.ac.uk
2014-03-26 09:17:16,translate.google.com
2014-03-26 09:17:16,inputtools.google.com
2014-03-26 09:17:20,translate.google.com
2014-03-26 09:17:20,drive.google.com
2014-03-26 09:17:21,translate.google.com
2014-03-26 09:17:25,docs.google.com
2014-03-26 09:18:47,translate.google.com
2014-03-26 09:18:52,translate.google.com
2014-03-26 09:18:55,translate.google.com
2014-03-26 09:18:57,translate.google.com
2014-03-26 09:19:00,www.birmingham.ac.uk
2014-03-26 09:19:18,translate.google.com
2014-03-26 09:19:20,translate.google.com
2014-03-26 09:19:21,translate.google.com
2014-03-26 09:19:26,translate.google.com
2014-03-26 09:19:59,docs.google.com
2014-03-26 09:20:01,docs.google.com
2014-03-26 09:20:24,plus.google.com
2014-03-26 09:20:24,translate.google.com
2014-03-26 09:20:25,translate.google.com
2014-03-26 09:20:26,translate.google.com
2014-03-26 09:20:29,translate.google.com
2014-03-26 09:20:32,translate.google.com
2014-03-26 09:20:34,translate.google.com
2014-03-26 09:20:49,7.docs.google.com
2014-03-26 09:20:49,docs.google.com
2014-03-26 09:21:02,docs.google.com
2014-03-26 09:21:02,apis.google.com
2014-03-26 09:21:02,8.docs.google.com
2014-03-26 09:21:02,clients2.google.com
2014-03-26 09:21:21,docs.google.com
2014-03-26 09:21:36,9.docs.google.com
2014-03-26 09:21:40,9.docs.google.com
2014-03-26 09:21:41,9.docs.google.com
2014-03-26 09:21:41,9.talkgadget.google.com
2014-03-26 09:21:45,plus.google.com
2014-03-26 09:22:07,docs.google.com
2014-03-26 09:22:16,drive.google.com
2014-03-26 09:22:42,docs.google.com
2014-03-26 09:22:47,www.google.com
2014-03-26 09:23:33,drive.google.com
2014-03-26 09:23:33,apis.google.com
2014-03-26 09:23:33,inputtools.google.com
2014-03-26 09:23:33,translate.google.com
2014-03-26 09:23:33,plus.google.com
2014-03-26 09:23:34,translate.google.com
2014-03-26 09:23:35,translate.google.com
2014-03-26 09:23:38,docs.google.com
2014-03-26 09:23:40,translate.google.com
2014-03-26 09:23:45,translate.google.com
2014-03-26 09:23:47,docs.google.com
2014-03-26 09:23:57,translate.google.com
2014-03-26 09:24:00,translate.google.com
2014-03-26 09:24:02,translate.google.com
2014-03-26 09:25:41,9.talkgadget.google.com
2014-03-26 09:25:42,9.talkgadget.google.com
2014-03-26 09:25:45,plus.google.com
2014-03-26 09:25:48,www.youtube.com
2014-03-26 09:25:48,www.birmingham.ac.uk
2014-03-26 09:25:49,s.ytimg.com
2014-03-26 09:25:49,i1.ytimg.com
2014-03-26 09:25:50,i1.ytimg.com
2014-03-26 09:26:06,www.birmingham.ac.uk
2014-03-26 09:26:07,www.birmingham.ac.uk
2014-03-26 09:26:17,www.google.com
2014-03-26 09:26:18,www.birmingham.ac.uk
2014-03-26 09:26:27,www.birmingham.ac.uk
2014-03-26 09:26:41,www.birmingham.ac.uk
2014-03-26 09:26:47,www.google.com
2014-03-26 09:26:48,www.birmingham.ac.uk
2014-03-26 09:26:55,www.birmingham.ac.uk
2014-03-26 09:26:56,www.youtube.com
2014-03-26 09:26:57,i1.ytimg.com
2014-03-26 09:27:05,www.birmingham.ac.uk
2014-03-26 09:27:06,www.youtube.com
2014-03-26 09:27:07,i1.ytimg.com
2014-03-26 09:27:19,www.birmingham.ac.uk
2014-03-26 09:27:22,www.birmingham.ac.uk
2014-03-26 09:27:31,docs.google.com
2014-03-26 09:27:31,www.google.com
2014-03-26 09:27:33,www.birmingham.ac.uk
2014-03-26 09:27:48,www.birmingham.ac.uk
2014-03-26 09:27:49,www.birmingham.ac.uk
2014-03-26 09:27:49,www.youtube.com
2014-03-26 09:27:49,widget.unistats.ac.uk
2014-03-26 09:27:50,widget.unistats.ac.uk
2014-03-26 09:27:50,ajax.googleapis.com
2014-03-26 09:27:51,i1.ytimg.com
2014-03-26 09:27:51,ajax.googleapis.com
2014-03-26 09:27:51,widget.unistats.ac.uk
2014-03-26 09:28:07,translate.google.com
2014-03-26 09:28:08,translate.google.com
2014-03-26 09:28:14,translate.google.com
2014-03-26 09:28:23,translate.google.com
2014-03-26 09:29:01,docs.google.com
2014-03-26 09:29:27,www.birmingham.ac.uk
2014-03-26 09:29:27,www.google.com
2014-03-26 09:29:27,www.youtube.com
2014-03-26 09:29:28,widget.unistats.ac.uk
2014-03-26 09:29:29,i1.ytimg.com
2014-03-26 09:29:29,ajax.googleapis.com
2014-03-26 09:29:53,www.google.com
2014-03-26 09:29:54,www.birmingham.ac.uk
2014-03-26 09:29:54,www.youtube.com
2014-03-26 09:29:54,widget.unistats.ac.uk
2014-03-26 09:29:55,ajax.googleapis.com
2014-03-26 09:29:57,i1.ytimg.com
2014-03-26 09:29:58,widget.unistats.ac.uk
2014-03-26 09:30:03,www.birmingham.ac.uk
2014-03-26 09:30:04,www.youtube.com
2014-03-26 09:30:04,i1.ytimg.com
2014-03-26 09:30:10,www.birmingham.ac.uk
2014-03-26 09:30:14,www.birmingham.ac.uk
2014-03-26 09:30:26,www.birmingham.ac.uk
2014-03-26 09:30:51,www.birmingham.ac.uk
2014-03-26 09:30:52,www.youtube.com
2014-03-26 09:30:52,widget.unistats.ac.uk
2014-03-26 09:30:53,ajax.googleapis.com
2014-03-26 09:30:53,i1.ytimg.com
2014-03-26 09:30:54,i1.ytimg.com
2014-03-26 09:31:00,www.birmingham.ac.uk
2014-03-26 09:31:01,widget.unistats.ac.uk
2014-03-26 09:31:01,www.youtube.com
2014-03-26 09:31:01,ajax.googleapis.com
2014-03-26 09:31:02,i1.ytimg.com
2014-03-26 09:31:10,drive.google.com
2014-03-26 09:31:10,translate.google.com
2014-03-26 09:31:10,plus.google.com
2014-03-26 09:31:15,translate.google.com
2014-03-26 09:31:21,translate.google.com
2014-03-26 09:31:39,translate.google.com
2014-03-26 09:31:44,docs.google.com
2014-03-26 09:31:56,translate.google.com
2014-03-26 09:32:05,translate.google.com
2014-03-26 09:32:08,translate.google.com
2014-03-26 09:32:12,translate.google.com
2014-03-26 09:32:14,translate.google.com
2014-03-26 09:32:41,docs.google.com
2014-03-26 09:33:58,www.birmingham.ac.uk
2014-03-26 09:34:25,www.birmingham.ac.uk
2014-03-26 09:34:39,www.birmingham.ac.uk
2014-03-26 09:34:49,www.google.com
2014-03-26 09:34:49,common.nemisys.uk.com
2014-03-26 09:34:49,www.sport.bham.ac.uk
2014-03-26 09:34:50,connect.facebook.net
2014-03-26 09:34:50,www.sport.bham.ac.uk
2014-03-26 09:34:50,www.google.com
2014-03-26 09:34:50,static.ak.facebook.com
2014-03-26 09:34:50,s-static.ak.facebook.com
2014-03-26 09:34:51,www.sport.bham.ac.uk
2014-03-26 09:34:51,www.google.com
2014-03-26 09:34:51,clients1.google.com
2014-03-26 09:34:52,www.sport.bham.ac.uk
2014-03-26 09:34:53,www.googleapis.com
2014-03-26 09:34:57,s-static.ak.facebook.com
2014-03-26 09:34:57,static.ak.facebook.com
2014-03-26 09:34:57,clients1.google.com
2014-03-26 09:34:57,www.youtube.com
2014-03-26 09:34:57,www.googleapis.com
2014-03-26 09:34:57,www.sport.bham.ac.uk
2014-03-26 09:34:58,i1.ytimg.com
2014-03-26 09:34:59,i1.ytimg.com
2014-03-26 09:35:13,translate.google.com
2014-03-26 09:35:13,plus.google.com
2014-03-26 09:35:16,translate.google.com
2014-03-26 09:35:16,drive.google.com
2014-03-26 09:35:18,translate.google.com
2014-03-26 09:35:20,translate.google.com
2014-03-26 09:35:21,translate.google.com
2014-03-26 09:35:24,translate.google.com
2014-03-26 09:35:28,translate.google.com
2014-03-26 09:35:52,docs.google.com
2014-03-26 09:36:36,translate.google.com
2014-03-26 09:37:19,www.sport.bham.ac.uk
2014-03-26 09:37:19,static.ak.facebook.com
2014-03-26 09:37:19,s-static.ak.facebook.com
2014-03-26 09:37:19,www.googleapis.com
2014-03-26 09:37:20,clients1.google.com
2014-03-26 09:37:20,www.sport.bham.ac.uk
2014-03-26 09:39:45,docs.google.com
2014-03-26 09:40:03,plus.google.com
2014-03-26 09:40:03,translate.google.com
2014-03-26 09:40:04,translate.google.com
2014-03-26 09:40:05,translate.google.com
2014-03-26 09:40:07,translate.google.com
2014-03-26 09:40:09,translate.google.com
2014-03-26 09:40:14,translate.google.com
2014-03-26 09:40:33,0.drive.google.com
2014-03-26 09:40:34,www.google.fr
2014-03-26 09:40:46,www.google.fr
2014-03-26 09:40:52,accounts.google.com
2014-03-26 09:40:54,accounts.google.com
2014-03-26 09:40:54,accounts.youtube.com
2014-03-26 09:40:59,www.google.fr
2014-03-26 09:40:59,www.google.com
2014-03-26 09:40:59,9.docs.google.com
2014-03-26 09:40:59,accounts.google.fr
2014-03-26 09:40:59,docs.google.com
2014-03-26 09:41:02,mail.google.com
2014-03-26 09:41:10,drive.google.com
2014-03-26 09:41:10,www.google.fr
2014-03-26 09:41:10,mail.google.com
2014-03-26 09:41:10,accounts.google.fr
2014-03-26 09:41:10,accounts.youtube.com
2014-03-26 09:41:10,accounts.google.com
2014-03-26 09:41:10,plus.google.com
2014-03-26 09:41:10,www.google.com
2014-03-26 09:41:10,docs.google.com
2014-03-26 09:41:10,6.docs.google.com
2014-03-26 09:41:10,inputtools.google.com
