timestamp,site
2013-06-12 14:14:22,api.bing.com
2013-06-12 14:14:23,api.bing.com
2013-06-12 14:22:25,fpdownload2.macromedia.com
2013-11-15 14:35:39,api.bing.com
2013-11-15 14:38:36,api.bing.com
2013-11-15 14:38:37,api.bing.com
2013-11-15 14:41:09,fpdownload2.macromedia.com
2013-11-15 14:44:10,fpdownload2.macromedia.com
2013-11-15 15:50:25,api.bing.com
2013-11-20 11:58:08,fpdownload2.macromedia.com
2013-11-20 11:58:14,api.bing.com
2013-11-20 12:21:35,api.bing.com
2013-11-20 12:21:37,www.bing.com
2013-11-20 12:21:38,www.bing.com
2013-11-20 12:21:39,www.bing.com
2013-11-20 12:21:39,cms.abmr.net
2013-11-20 12:21:41,www.bing.com
2013-11-20 12:21:41,www.hotmail.com
2013-11-20 12:21:48,www.hotmail.com
2013-11-20 12:21:49,login.live.com
2013-11-20 12:21:51,login.live.com
2013-11-20 12:22:06,login.live.com
2013-11-20 12:22:17,login.live.com
2013-11-20 12:22:18,login.live.com
2013-11-20 12:22:24,mail.live.com
2013-11-20 12:22:29,dub117.mail.live.com
2013-11-20 12:22:30,people.directory.live.com
2013-11-20 12:22:34,windowslive.tt.omtrdc.net
2013-11-20 12:22:34,dub117.mail.live.com
2013-11-20 12:22:36,dub117.mail.live.com
2013-11-20 12:22:36,windowslive.tt.omtrdc.net
2013-11-20 12:22:37,cid-3a1be2753373e581.users.storage.live.com
2013-11-20 12:22:37,dub117.mail.live.com
2013-11-20 12:22:37,secure.shared.live.com
2013-11-20 12:22:38,secure.shared.live.com
2013-11-20 12:22:38,people.directory.live.com
2013-11-20 12:22:38,js.live.net
2013-11-20 12:22:39,login.live.com
2013-11-20 12:22:39,go.trouter.io
2013-11-20 12:22:39,blufiles.storage.msn.com
2013-11-20 12:22:42,dub117.mail.live.com
2013-11-20 12:22:42,storage.live.com
2013-11-20 12:22:42,h.live.com
2013-11-20 12:22:43,prod.registrar.skype.com
2013-11-20 12:22:43,dub117.mail.live.com
2013-11-20 12:22:44,h.live.com
2013-11-20 12:22:44,api.skype.com
2013-11-20 12:22:44,secure.shared.live.com
2013-11-20 12:22:47,h.live.com
2013-11-20 12:22:57,h.live.com
2013-11-20 12:23:00,h.live.com
2013-11-20 12:23:01,dub117.afx.ms
2013-11-20 12:23:01,dub117.mail.live.com
2013-11-20 12:23:03,h.live.com
2013-11-20 12:23:04,prod.registrar.skype.com
2013-11-20 12:23:04,p.sfx.ms
2013-11-20 12:23:05,p.sfx.ms
2013-11-20 12:23:05,dub117.mail.live.com
2013-11-20 12:23:05,go.trouter.io
2013-11-20 12:23:25,dub117.mail.live.com
2013-11-20 12:23:37,dub117.afx.ms
2013-11-20 12:23:45,h.live.com
2013-11-20 12:23:45,excel.officeapps.live.com
2013-11-20 12:23:45,dub117.mail.live.com
2013-11-20 12:23:51,login.live.com
2013-11-20 12:23:51,dub117.mail.live.com
2013-11-20 12:23:52,dub117.mail.live.com
2013-11-20 12:23:52,prod.registrar.skype.com
2013-11-20 12:24:26,dub117.mail.live.com
2013-11-20 12:24:28,dub117.mail.live.com
2013-11-20 12:24:28,dub117.afx.ms
2013-11-20 12:24:29,dub117.afx.ms
2013-11-20 12:24:32,dub117.afx.ms
2013-11-20 12:24:32,secure.shared.live.com
2013-11-20 12:24:33,dub117.mail.live.com
2013-11-20 12:24:36,dub117.mail.live.com
2013-11-20 12:24:39,storage.live.com
2013-11-20 12:24:39,prod.registrar.skype.com
2013-11-20 12:24:39,go.trouter.io
2013-11-20 12:25:27,api.skype.com
2013-11-20 12:25:27,go.trouter.io
2013-11-20 12:25:28,excel.officeapps.live.com
2013-11-20 12:25:31,prod.registrar.skype.com
2013-11-20 12:25:33,dub117.mail.live.com
2013-11-20 12:25:34,dub117.mail.live.com
2013-11-20 12:25:36,dub117.afx.ms
2013-11-20 12:25:37,dub117.mail.live.com
2013-11-20 12:25:41,prod.registrar.skype.com
2013-11-20 12:26:39,dub117.mail.live.com
2013-11-20 12:26:40,dub117.mail.live.com
2013-11-20 12:26:41,h.live.com
2013-11-20 12:26:45,dub117.afx.ms
2013-11-20 12:27:27,dub117.mail.live.com
2013-11-20 12:27:31,go.trouter.io
2013-11-20 12:27:40,go.trouter.io
2013-11-20 12:30:57,prod.registrar.skype.com
2013-11-20 12:31:01,login.live.com
2013-11-20 12:31:02,dub117.mail.live.com
2013-11-20 12:31:02,g.live.com
2013-11-20 12:31:02,cid-3a1be2753373e581.users.storage.live.com
2013-11-20 12:31:02,h.live.com
2013-11-20 12:31:02,go.trouter.io
2013-11-20 12:31:02,login.skype.com
2013-11-20 12:31:14,windowslive.tt.omtrdc.net
2013-11-20 15:29:53,api.bing.com
2013-11-20 15:33:39,office.microsoft.com
2013-11-20 15:33:39,office14client.microsoft.com
2013-11-20 15:33:40,office.microsoft.com
2013-11-21 14:48:40,api.bing.com
2013-11-21 15:55:16,api.bing.com
2013-11-21 15:55:18,www.bing.com
2013-11-21 15:55:19,www.bing.com
2013-11-21 15:55:20,www.bing.com
2013-11-21 15:55:30,login.live.com
2013-11-21 15:55:44,www.bing.com
2013-11-21 15:55:44,ssl.bing.com
2013-11-21 15:56:44,ssl.bing.com
2013-11-21 17:22:12,api.bing.com
2013-11-21 17:28:22,api.bing.com
2013-11-21 17:28:23,api.bing.com
2013-11-22 08:25:07,api.bing.com
2013-11-22 08:25:10,www.bing.com
2013-11-22 08:25:11,www.bing.com
2013-11-22 08:25:12,login.live.com
2013-11-22 08:25:12,www.hotmail.com
2013-11-22 08:25:12,www.bing.com
2013-11-22 08:25:22,login.live.com
2013-11-22 08:25:31,login.live.com
2013-11-22 08:25:55,login.live.com
2013-11-22 08:25:56,login.live.com
2013-11-22 08:26:02,mail.live.com
2013-11-22 08:26:03,dub117.mail.live.com
2013-11-22 08:26:04,dub117.mail.live.com
2013-11-22 08:26:05,dub117.mail.live.com
2013-11-22 08:26:07,h.live.com
2013-11-22 08:26:07,dub117.mail.live.com
2013-11-22 08:26:08,h.live.com
2013-11-22 08:26:10,secure.shared.live.com
2013-11-22 08:26:10,people.directory.live.com
2013-11-22 08:26:13,h.live.com
2013-11-22 08:26:14,h.live.com
2013-11-22 08:26:15,cid-3a1be2753373e581.users.storage.live.com
2013-11-22 08:26:15,blufiles.storage.msn.com
2013-11-22 08:26:15,js.live.net
2013-11-22 08:26:16,windowslive.tt.omtrdc.net
2013-11-22 08:26:21,login.live.com
2013-11-22 08:26:22,go.trouter.io
2013-11-22 08:26:22,storage.live.com
2013-11-22 08:26:22,windowslive.tt.omtrdc.net
2013-11-22 08:26:23,dub117.mail.live.com
2013-11-22 08:26:23,prod.registrar.skype.com
2013-11-22 08:26:32,api.skype.com
2013-11-22 08:26:34,secure.shared.live.com
2013-11-22 08:26:35,login.live.com
2013-11-22 08:26:35,prod.registrar.skype.com
2013-11-22 08:26:35,dub117.mail.live.com
2013-11-22 08:26:36,p.sfx.ms
2013-11-22 08:26:36,h.live.com
2013-11-22 08:26:36,cid-3a1be2753373e581.users.storage.live.com
2013-11-22 08:26:36,g.live.com
2013-11-22 08:26:36,dub117.mail.live.com
2013-11-22 08:26:37,go.trouter.io
2013-11-22 08:26:37,login.skype.com
2013-11-22 08:26:43,windowslive.tt.omtrdc.net
2013-11-22 14:22:43,api.bing.com
2013-11-22 16:16:14,api.bing.com
2013-11-22 16:18:19,www.bing.com
2013-11-22 16:18:20,www.bing.com
2013-11-22 16:18:21,www.hotmail.com
2013-11-22 16:18:21,www.bing.com
2013-11-22 16:18:21,cms.abmr.net
2013-11-22 16:18:22,login.live.com
2013-11-22 16:18:22,ssl.bing.com
2013-11-22 16:18:24,login.live.com
2013-11-22 16:18:26,windowslive.tt.omtrdc.net
2013-11-22 16:22:06,api.bing.com
2013-11-22 16:22:08,www.bing.com
2013-11-22 16:22:09,www.bing.com
2013-11-22 16:22:10,www.hotmail.com
2013-11-22 16:22:10,www.bing.com
2013-11-22 16:22:11,login.live.com
2013-11-22 16:22:11,ssl.bing.com
2013-11-22 16:22:12,login.live.com
2013-11-22 16:22:13,windowslive.tt.omtrdc.net
2013-11-22 16:22:24,windowslive.tt.omtrdc.net
2013-11-22 16:22:26,windowslive.tt.omtrdc.net
2013-11-22 16:22:31,login.live.com
2013-11-22 16:22:32,login.live.com
2013-11-22 16:22:34,mail.live.com
2013-11-22 16:22:34,people.directory.live.com
2013-11-22 16:22:35,h.live.com
2013-11-22 16:22:36,h.live.com
2013-11-22 16:22:39,dub117.mail.live.com
2013-11-22 16:22:39,people.directory.live.com
2013-11-22 16:22:39,cid-3a1be2753373e581.users.storage.live.com
2013-11-22 16:22:40,p.sfx.ms
2013-11-22 16:22:44,js.live.net
2013-11-22 16:23:40,blufiles.storage.msn.com
2013-11-22 16:23:41,dub117.mail.live.com
2013-11-22 16:23:41,h.live.com
2013-11-22 16:24:27,dub117.mail.live.com
2013-11-22 16:27:38,api.bing.com
2013-11-22 16:40:09,api.bing.com
2013-11-22 16:41:02,www.bing.com
2013-11-22 17:13:34,api.bing.com
2013-11-26 12:59:18,javadl-esd.sun.com
2013-11-26 15:44:52,api.bing.com
2013-11-26 15:54:35,javadl-esd.sun.com
2013-11-26 16:35:53,api.bing.com
2013-11-26 16:43:45,javadl-esd.sun.com
2013-11-26 18:09:53,go.microsoft.com
2013-11-26 18:09:53,windows.microsoft.com
2013-11-26 18:09:53,res1.windows.microsoft.com
2013-11-26 18:09:53,ajax.microsoft.com
2013-11-26 18:09:54,windows.microsoft.com
2013-11-26 18:09:54,res1.windows.microsoft.com
2013-11-26 18:09:54,js.microsoft.com
2013-11-26 18:09:54,res2.windows.microsoft.com
2013-11-26 18:09:58,www.bing.com
2013-11-26 18:12:54,ieonline.microsoft.com
2013-11-26 18:12:55,go.microsoft.com
2013-11-26 18:14:31,javadl-esd-secure.oracle.com
2013-11-26 18:15:29,javadl-esd-secure.oracle.com
2013-11-26 18:39:09,javadl-esd.sun.com
2013-11-26 19:28:48,api.bing.com
2013-11-26 19:33:26,www.bing.com
2013-11-26 19:36:21,ieonline.microsoft.com
2013-11-27 09:07:12,javadl-esd.sun.com
2013-11-28 15:09:30,sb-ssl.google.com
2013-11-28 15:09:37,apis.google.com
2013-11-28 15:52:21,login.live.com
2013-11-28 15:52:23,login.live.com
2013-11-28 15:52:36,windowslive.tt.omtrdc.net
2013-11-28 15:53:53,login.live.com
2013-11-28 15:53:54,dub117.mail.live.com
2013-11-28 15:53:55,login.live.com
2013-11-28 15:53:57,h.live.com
2013-11-28 15:54:01,login.live.com
2013-11-28 15:54:15,windowslive.tt.omtrdc.net
2013-11-28 15:54:56,mail.live.com
2013-11-28 15:54:58,dub117.mail.live.com
2013-11-28 15:54:59,cid-3a1be2753373e581.users.storage.live.com
2013-11-28 15:55:02,cid-3a1be2753373e581.users.storage.live.com
2013-11-28 16:52:24,outlook.com
2013-11-28 16:52:26,login.live.com
2013-11-28 16:52:28,login.live.com
2013-11-28 16:52:39,windowslive.tt.omtrdc.net
2013-11-28 16:52:48,login.live.com
2013-11-28 16:52:50,h.live.com
2013-11-28 16:53:08,login.live.com
2013-11-28 16:53:10,login.live.com
2013-11-28 16:53:12,login.live.com
2013-11-28 16:53:13,login.live.com
2013-11-28 16:53:49,mail.live.com
2013-11-28 16:53:49,dub117.mail.live.com
2013-11-28 16:54:12,mid.live.com
2013-11-28 16:57:33,www.outlook.com
2013-11-29 14:20:14,fpdownload2.macromedia.com
2013-11-29 14:20:18,api.bing.com
2013-12-12 13:45:53,api.bing.com
2013-12-12 15:00:28,api.bing.com
2013-12-12 15:00:31,api.bing.com
2013-12-12 15:00:36,www.bing.com
2013-12-12 15:00:37,www.bing.com
2013-12-12 15:00:38,www.google.fr
2013-12-12 15:00:38,login.live.com
2013-12-12 15:00:38,www.bing.com
2013-12-12 15:00:38,cms.abmr.net
2013-12-12 15:00:43,www.google.fr
2013-12-12 15:00:50,www.google.fr
2013-12-12 15:00:51,www.bing.com
2013-12-12 15:00:51,www.google.fr
2013-12-12 15:00:52,www.google.fr
2013-12-12 15:00:52,apis.google.com
2013-12-12 15:00:54,www.google.com
2013-12-12 15:01:18,www.google.fr
2013-12-12 15:01:18,www-irma.u-strasbg.fr
2013-12-12 15:01:18,apis.google.com
2013-12-12 15:01:18,www.google.com
2013-12-12 15:02:13,www.google.fr
2013-12-12 16:00:29,api.bing.com
2013-12-12 16:00:31,api.bing.com
2013-12-12 16:00:32,api.bing.com
2013-12-12 16:00:33,api.bing.com
2013-12-12 16:00:34,api.bing.com
2013-12-12 16:00:35,api.bing.com
2013-12-12 16:00:36,api.bing.com
2013-12-12 16:00:38,api.bing.com
2013-12-12 16:00:39,api.bing.com
2013-12-12 16:00:40,api.bing.com
2013-12-12 16:00:41,api.bing.com
2013-12-12 16:00:42,api.bing.com
2013-12-12 16:00:44,api.bing.com
2013-12-12 16:00:46,api.bing.com
2013-12-12 16:00:51,www.bing.com
2013-12-12 16:00:54,www.bing.com
2013-12-12 16:00:54,xmaths.free.fr
2013-12-12 16:00:57,www.bing.com
2013-12-12 16:00:59,www.bing.com
2013-12-12 16:01:00,www.bing.com
2013-12-12 16:01:02,login.live.com
2013-12-12 16:01:04,login.live.com
2013-12-12 16:01:05,login.live.com
2013-12-12 16:01:15,euler.ac-versailles.fr
2013-12-12 16:01:15,www.bing.com
2013-12-12 16:01:16,euler.ac-versailles.fr
2013-12-12 16:01:19,ssl.bing.com
2013-12-12 16:01:19,euler.ac-versailles.fr
2013-12-12 16:54:36,api.bing.com
2013-12-17 10:51:21,fpdownload2.macromedia.com
2013-12-17 10:51:26,api.bing.com
2013-12-17 10:51:28,www.bing.com
2013-12-17 10:51:29,cms.abmr.net
2013-12-17 10:51:29,www.hotmail.com
2013-12-17 10:51:29,www.bing.com
2013-12-17 10:51:30,www.bing.com
2013-12-17 10:51:35,www.bing.com
2013-12-17 10:51:41,ssl.bing.com
2013-12-17 10:51:41,login.live.com
2013-12-17 10:51:58,login.live.com
2013-12-17 10:52:06,login.live.com
2013-12-17 10:52:07,login.live.com
2013-12-17 10:52:14,mail.live.com
2013-12-17 10:52:19,dub117.mail.live.com
2013-12-17 10:52:20,people.directory.live.com
2013-12-17 10:52:24,windowslive.tt.omtrdc.net
2013-12-17 10:52:24,dub117.mail.live.com
2013-12-17 10:52:25,dub117.mail.live.com
2013-12-17 10:52:27,windowslive.tt.omtrdc.net
2013-12-17 10:52:28,cid-3a1be2753373e581.users.storage.live.com
2013-12-17 10:52:28,dub117.mail.live.com
2013-12-17 10:52:28,secure.shared.live.com
2013-12-17 10:52:29,js.live.net
2013-12-17 10:52:29,secure.shared.live.com
2013-12-17 10:52:29,people.directory.live.com
2013-12-17 10:52:30,blufiles.storage.msn.com
2013-12-17 10:52:30,login.live.com
2013-12-17 10:52:31,go.trouter.io
2013-12-17 10:52:31,prod.registrar.skype.com
2013-12-17 10:52:32,h.live.com
2013-12-17 10:52:32,storage.live.com
2013-12-17 10:52:37,h.live.com
2013-12-17 10:52:38,secure.shared.live.com
2013-12-17 10:52:38,api.skype.com
2013-12-17 10:52:39,h.live.com
2013-12-17 10:53:48,h.live.com
2013-12-17 10:53:50,dub117.mail.live.com
2013-12-17 10:53:51,h.live.com
2013-12-17 10:54:17,p.sfx.ms
2013-12-17 10:54:18,h.live.com
2013-12-17 10:54:19,dub117.mail.live.com
2013-12-17 10:54:33,h.live.com
2013-12-17 10:54:46,dub117.mail.live.com
2013-12-17 10:55:33,cid-3a1be2753373e581.users.storage.live.com
2013-12-17 10:56:15,dub117.mail.live.com
2013-12-17 10:57:03,prod.registrar.skype.com
2013-12-17 10:57:07,login.live.com
2013-12-17 10:57:08,go.trouter.io
2013-12-17 10:57:08,login.skype.com
2013-12-17 10:57:08,h.live.com
2013-12-17 10:57:08,g.live.com
2013-12-17 10:57:08,dub117.mail.live.com
2013-12-17 10:57:22,windowslive.tt.omtrdc.net
2013-12-17 10:58:02,office14client.microsoft.com
2013-12-17 10:58:03,office.microsoft.com
2013-12-17 10:58:04,office.microsoft.com
2013-12-20 14:19:25,api.bing.com
2014-01-17 10:34:13,fpdownload2.macromedia.com
2014-01-17 10:34:17,api.bing.com
2014-01-17 10:34:18,api.bing.com
2014-01-17 10:34:20,www.bing.com
2014-01-17 10:34:21,www.bing.com
2014-01-17 10:34:21,2167417.r.msn.com
2014-01-17 10:34:22,www.facebook.com
2014-01-17 10:34:22,s-static.ak.facebook.com
2014-01-17 10:34:22,static.ak.facebook.com
2014-01-17 10:34:22,login.live.com
2014-01-17 10:34:22,www.covoiturage.fr
2014-01-17 10:34:22,cms.abmr.net
2014-01-17 10:34:22,connect.facebook.net
2014-01-17 10:34:26,www.covoiturage.fr
2014-01-17 10:34:31,www.covoiturage.fr
2014-01-17 10:34:33,www.covoiturage.fr
2014-01-17 10:34:34,www.covoiturage.fr
2014-01-17 10:34:36,www.facebook.com
2014-01-17 10:34:36,www.covoiturage.fr
2014-01-17 10:34:36,static.ak.facebook.com
2014-01-17 10:34:36,bbcphotos.s3.amazonaws.com
2014-01-17 10:34:36,s-static.ak.facebook.com
2014-01-17 10:34:37,bbcphotos.s3.amazonaws.com
2014-01-17 10:34:37,www.google.fr
2014-01-17 10:34:37,www.google.com
2014-01-17 10:34:37,www.facebook.com
2014-01-17 10:34:43,static.ak.facebook.com
2014-01-17 10:34:43,www.covoiturage.fr
2014-01-17 10:34:43,www.facebook.com
2014-01-17 10:34:43,s-static.ak.facebook.com
2014-01-17 10:34:43,bbcphotos.s3.amazonaws.com
2014-01-17 10:34:44,www.facebook.com
2014-01-17 10:34:48,www.facebook.com
2014-01-17 10:34:48,s-static.ak.facebook.com
2014-01-17 10:34:48,maps.google.com
2014-01-17 10:34:48,bbcphotos.s3.amazonaws.com
2014-01-17 10:34:48,www.covoiturage.fr
2014-01-17 10:34:48,static.ak.facebook.com
2014-01-17 10:34:49,www.facebook.com
2014-01-17 10:34:52,www.covoiturage.fr
2014-01-17 10:34:53,maps.googleapis.com
2014-01-17 10:36:13,www.covoiturage.fr
2014-01-17 10:36:27,www.covoiturage.fr
2014-01-17 10:36:28,www.covoiturage.fr
2014-01-17 10:36:35,s-static.ak.facebook.com
2014-01-17 10:36:35,connect.facebook.net
2014-01-17 10:36:35,www.covoiturage.fr
2014-01-17 10:36:35,www.facebook.com
2014-01-17 10:36:42,s-static.ak.facebook.com
2014-01-17 10:36:42,www.facebook.com
2014-01-17 10:37:01,www.facebook.com
2014-01-17 10:37:01,s-static.ak.facebook.com
2014-01-17 10:37:14,ieonline.microsoft.com
2014-01-17 10:37:17,www.hotmail.com
2014-01-17 10:37:30,login.live.com
2014-01-17 10:37:50,login.live.com
2014-01-17 10:37:53,login.live.com
2014-01-17 10:37:54,login.live.com
2014-01-17 10:37:59,cid-3a1be2753373e581.users.storage.live.com
2014-01-17 10:37:59,mail.live.com
2014-01-17 10:38:01,dub117.mail.live.com
2014-01-17 10:38:01,www.covoiturage.fr
2014-01-17 10:38:03,dub117.mail.live.com
2014-01-17 10:38:04,sndgd.blablacar.com
2014-01-17 10:38:04,www.covoiturage.fr
2014-01-17 10:38:04,dub117.mail.live.com
2014-01-17 10:38:05,people.directory.live.com
2014-01-17 10:38:05,bbcphotos.s3.amazonaws.com
2014-01-17 10:38:05,s3-eu-west-1.amazonaws.com
2014-01-17 10:38:05,www.covoiturage.fr
2014-01-17 10:38:05,static.ak.facebook.com
2014-01-17 10:38:05,www.facebook.com
2014-01-17 10:38:05,dub117.mail.live.com
2014-01-17 10:38:05,s-static.ak.facebook.com
2014-01-17 10:38:06,h.live.com
2014-01-17 10:38:06,g.live.com
2014-01-17 10:38:06,p.sfx.ms
2014-01-17 10:38:07,p.sfx.ms
2014-01-17 10:38:08,www.covoiturage.fr
2014-01-17 10:38:09,h.live.com
2014-01-17 10:38:09,dub117.mail.live.com
2014-01-17 10:38:09,blufiles.storage.msn.com
2014-01-17 10:38:09,www.facebook.com
2014-01-17 10:38:09,s-static.ak.facebook.com
2014-01-17 10:38:09,windowslive.tt.omtrdc.net
2014-01-17 10:38:09,www.covoiturage.fr
2014-01-17 10:38:09,static.ak.facebook.com
2014-01-17 10:38:11,js.live.net
2014-01-17 10:38:11,windowslive.tt.omtrdc.net
2014-01-17 10:38:11,dub117.mail.live.com
2014-01-17 10:38:11,h.live.com
2014-01-17 10:38:12,secure.shared.live.com
2014-01-17 10:38:12,h.live.com
2014-01-17 10:38:17,www.covoiturage.fr
2014-01-17 10:38:17,login.live.com
2014-01-17 10:38:18,static.ak.facebook.com
2014-01-17 10:38:18,bbcphotos.s3.amazonaws.com
2014-01-17 10:38:18,www.covoiturage.fr
2014-01-17 10:38:18,s-static.ak.facebook.com
2014-01-17 10:38:18,www.facebook.com
2014-01-17 10:38:19,h.live.com
2014-01-17 10:38:19,prod.registrar.skype.com
2014-01-17 10:38:19,go.trouter.io
2014-01-17 10:38:19,secure.shared.live.com
2014-01-17 10:38:20,prod.registrar.skype.com
2014-01-17 10:38:22,www.covoiturage.fr
2014-01-17 10:38:23,maps.google.com
2014-01-17 10:38:23,www.facebook.com
2014-01-17 10:38:23,bbcphotos.s3.amazonaws.com
2014-01-17 10:38:23,static.ak.facebook.com
2014-01-17 10:38:23,www.covoiturage.fr
2014-01-17 10:38:23,s-static.ak.facebook.com
2014-01-17 10:38:28,maps.googleapis.com
2014-01-17 10:38:29,storage.live.com
2014-01-17 10:39:01,connect.facebook.net
2014-01-17 10:39:21,dub117.mail.live.com
2014-01-17 10:39:31,secure.shared.live.com
2014-01-17 10:39:59,dub117.mail.live.com
2014-01-17 10:40:10,www.covoiturage.fr
2014-01-17 10:41:11,dub117.mail.live.com
2014-01-17 10:41:41,api.skype.com
2014-01-17 10:42:11,cid-3a1be2753373e581.users.storage.live.com
2014-01-17 10:42:11,go.trouter.io
2014-01-17 10:42:11,login.live.com
2014-01-17 10:42:11,dub117.mail.live.com
2014-01-17 10:42:12,login.skype.com
2014-01-17 10:42:12,g.live.com
2014-01-17 10:42:25,windowslive.tt.omtrdc.net
2014-01-17 10:43:20,api.bing.com
2014-01-17 10:43:22,www.bing.com
2014-01-17 10:43:27,login.live.com
2014-01-17 10:43:29,www.bing.com
2014-01-17 10:43:32,www.bing.com
2014-01-17 10:43:40,ssl.bing.com
2014-01-17 10:43:40,www.bing.com
2014-01-17 10:43:42,www.bing.com
2014-01-17 10:43:42,login.live.com
2014-01-17 10:43:42,ssl.bing.com
2014-01-17 10:43:49,street-viewer.eu
2014-01-17 10:43:49,fr.street-viewer.eu
2014-01-17 10:43:49,www.bing.com
2014-01-17 10:43:49,ssl.bing.com
2014-01-17 10:43:49,www.panoramio.com
2014-01-17 10:44:00,maps.googleapis.com
2014-01-17 10:44:03,www.google.com
2014-01-17 10:44:03,apis.google.com
2014-01-17 10:44:03,static.ak.facebook.com
2014-01-17 10:44:03,s-static.ak.facebook.com
2014-01-17 10:44:03,maps.googleapis.com
2014-01-17 10:44:04,apis.google.com
2014-01-17 10:44:04,mts0.googleapis.com
2014-01-17 10:44:04,www.panoramio.com
2014-01-17 10:44:04,www.facebook.com
2014-01-17 10:44:04,mw2.google.com
2014-01-17 10:44:04,maps.googleapis.com
2014-01-17 10:44:04,cbks0.googleapis.com
2014-01-17 10:44:04,mts1.googleapis.com
2014-01-17 10:44:05,fr.street-viewer.eu
2014-01-17 10:44:05,www.google.com
2014-01-17 10:44:05,www.panoramio.com
2014-01-17 10:44:05,mw2.google.com
2014-01-17 10:44:05,mts0.googleapis.com
2014-01-17 10:44:05,mts1.googleapis.com
2014-01-17 10:44:05,maps.googleapis.com
2014-01-17 10:44:05,cbks0.googleapis.com
2014-01-17 10:44:06,cbks0.googleapis.com
2014-01-17 10:44:06,maps.googleapis.com
2014-01-17 10:44:06,mts1.googleapis.com
2014-01-17 10:44:06,accounts.google.com
2014-01-17 10:44:06,cbks1.googleapis.com
2014-01-17 10:44:06,www.google.com
2014-01-17 10:44:07,maps.googleapis.com
2014-01-17 10:44:08,accounts.google.com
2014-01-17 10:44:10,fr.street-viewer.eu
2014-01-17 10:44:10,platform.twitter.com
2014-01-17 10:44:10,cbks0.googleapis.com
2014-01-17 10:44:10,maps.googleapis.com
2014-01-17 10:44:12,platform.twitter.com
2014-01-17 10:44:18,twitter.com
2014-01-17 10:44:20,www.google.com
2014-01-17 10:44:32,twitter.com
2014-01-17 10:45:10,maps.googleapis.com
2014-01-17 10:45:10,cbks1.googleapis.com
2014-01-17 10:45:10,cbks0.googleapis.com
2014-01-17 10:45:27,cbks1.googleapis.com
2014-01-17 10:45:28,cbks0.googleapis.com
2014-01-17 10:45:37,cbks1.googleapis.com
2014-01-17 10:45:38,cbks1.googleapis.com
2014-01-17 10:45:38,cbks0.googleapis.com
2014-01-17 10:45:43,cbks0.googleapis.com
2014-01-17 10:45:51,cbks1.googleapis.com
2014-01-17 10:45:52,cbks1.googleapis.com
2014-01-17 10:45:52,cbks0.googleapis.com
2014-01-17 10:45:55,cbks0.googleapis.com
2014-01-17 10:45:55,cbks1.googleapis.com
2014-01-17 10:46:12,api.bing.com
2014-01-17 10:46:13,api.bing.com
2014-01-17 10:46:16,s-static.ak.facebook.com
2014-01-17 10:46:16,www.covoiturage.fr
2014-01-17 10:46:16,static.ak.facebook.com
2014-01-17 10:46:16,www.facebook.com
2014-01-17 10:46:31,s-static.ak.facebook.com
2014-01-17 10:46:31,www.covoiturage.fr
2014-01-17 10:46:31,static.ak.facebook.com
2014-01-17 10:46:31,www.facebook.com
2014-01-17 10:46:32,www.facebook.com
2014-01-17 10:46:32,www.covoiturage.fr
2014-01-17 10:46:32,bbcphotos.s3.amazonaws.com
2014-01-17 10:46:41,www.covoiturage.fr
2014-01-17 10:46:42,www.facebook.com
2014-01-17 10:46:42,www.covoiturage.fr
2014-01-17 10:46:42,bbcphotos.s3.amazonaws.com
2014-01-17 10:46:42,s-static.ak.facebook.com
2014-01-17 10:46:42,static.ak.facebook.com
2014-01-17 10:46:54,maps.google.com
2014-01-17 10:46:54,www.covoiturage.fr
2014-01-17 10:46:54,bbcphotos.s3.amazonaws.com
2014-01-17 10:46:54,static.ak.facebook.com
2014-01-17 10:46:54,s-static.ak.facebook.com
2014-01-17 10:46:54,www.facebook.com
2014-01-17 10:46:59,maps.googleapis.com
2014-01-17 10:47:40,api.bing.com
2014-01-17 10:47:43,cbks1.googleapis.com
2014-01-17 10:47:46,api.bing.com
2014-01-17 10:47:47,api.bing.com
2014-01-17 10:47:48,api.bing.com
2014-01-17 10:47:49,api.bing.com
2014-01-17 10:47:58,cbks1.googleapis.com
2014-01-17 10:47:58,cbks0.googleapis.com
2014-01-17 10:48:02,api.bing.com
2014-01-17 10:48:03,api.bing.com
2014-01-17 10:48:09,www.bing.com
2014-01-17 10:48:17,www.bing.com
2014-01-17 10:48:18,www.bing.com
2014-01-17 10:48:21,login.live.com
2014-01-17 10:48:22,www.bing.com
2014-01-17 10:48:22,login.live.com
2014-01-17 10:48:24,www.bing.com
2014-01-17 10:48:24,platform.twitter.com
2014-01-17 10:48:24,ssl.bing.com
2014-01-17 10:48:24,www.meilleursagents.com
2014-01-17 10:48:25,platform.twitter.com
2014-01-17 10:48:25,www.facebook.com
2014-01-17 10:48:25,static.ak.facebook.com
2014-01-17 10:48:25,maps.googleapis.com
2014-01-17 10:48:25,s-static.ak.facebook.com
2014-01-17 10:48:25,apis.google.com
2014-01-17 10:48:25,accounts.google.com
2014-01-17 10:48:26,mts1.googleapis.com
2014-01-17 10:48:26,maps.googleapis.com
2014-01-17 10:48:26,twitter.com
2014-01-17 10:48:26,mts0.googleapis.com
2014-01-17 10:48:27,mts1.googleapis.com
2014-01-17 10:48:29,maps.googleapis.com
2014-01-17 10:48:29,www.bing.com
2014-01-17 10:48:29,mts1.googleapis.com
2014-01-17 10:48:30,platform.twitter.com
2014-01-17 10:48:31,www.bing.com
2014-01-17 10:48:32,dlive.pagesjaunes.fr
2014-01-17 10:48:32,static4.pagesjaunes.fr
2014-01-17 10:48:32,static.pagesjaunes.fr
2014-01-17 10:48:32,www.pagesjaunes.fr
2014-01-17 10:48:32,static2.pagesjaunes.fr
2014-01-17 10:48:33,dlive.pagesjaunes.fr
2014-01-17 10:48:33,www.pagesjaunes.fr
2014-01-17 10:48:33,static.pagesjaunes.fr
2014-01-17 10:48:33,logc257.at.pagesjaunes.fr
2014-01-17 10:48:33,static2.pagesjaunes.fr
2014-01-17 10:48:35,www.bing.com
2014-01-17 10:48:35,s3-eu-west-1.amazonaws.com
2014-01-17 10:48:38,khms1.googleapis.com
2014-01-17 10:48:38,khms0.googleapis.com
2014-01-17 10:48:39,www.bing.com
2014-01-17 10:48:42,maps.google.com
2014-01-17 10:48:42,tracker.affility.com
2014-01-17 10:48:42,banniere.reussissonsensemble.fr
2014-01-17 10:48:42,193.164.197.60
2014-01-17 10:48:42,homengo.com
2014-01-17 10:48:42,ajax.googleapis.com
2014-01-17 10:48:43,dnn506yrbagrg.cloudfront.net
2014-01-17 10:48:43,ajax.googleapis.com
2014-01-17 10:48:43,images.explorimmo.com
2014-01-17 10:48:43,homengo.com
2014-01-17 10:48:43,s3-eu-west-1.amazonaws.com
2014-01-17 10:48:44,s-static.ak.facebook.com
2014-01-17 10:48:44,apis.google.com
2014-01-17 10:48:44,accounts.google.com
2014-01-17 10:48:44,homengo.com
2014-01-17 10:48:44,static.ak.facebook.com
2014-01-17 10:48:44,www.facebook.com
2014-01-17 10:48:44,platform.twitter.com
2014-01-17 10:48:44,images.explorimmo.com
2014-01-17 10:48:47,www.bing.com
2014-01-17 10:48:57,www.bing.com
2014-01-17 10:49:06,www.bing.com
2014-01-17 10:49:09,login.live.com
2014-01-17 10:49:09,twitter.com
2014-01-17 10:49:09,s-static.ak.facebook.com
2014-01-17 10:49:09,www.google.com
2014-01-17 10:49:09,static.ak.facebook.com
2014-01-17 10:49:10,ssl.bing.com
2014-01-17 10:49:10,apis.google.com
2014-01-17 10:49:10,www.facebook.com
2014-01-17 10:49:11,mts0.googleapis.com
2014-01-17 10:49:11,www.panoramio.com
2014-01-17 10:49:11,mts1.googleapis.com
2014-01-17 10:49:11,twitter.com
2014-01-17 10:49:11,maps.googleapis.com
2014-01-17 10:49:12,mts0.googleapis.com
2014-01-17 10:49:13,mts1.googleapis.com
2014-01-17 10:49:23,mts0.googleapis.com
2014-01-17 10:49:23,mts1.googleapis.com
2014-01-17 10:49:26,www.google.com
2014-01-17 10:49:26,mts0.googleapis.com
2014-01-17 10:49:26,maps.googleapis.com
2014-01-17 10:49:26,cbks1.googleapis.com
2014-01-17 10:49:26,mts1.googleapis.com
2014-01-17 10:50:06,www.facebook.com
2014-01-17 10:50:20,s-static.ak.facebook.com
2014-01-17 10:50:20,www.facebook.com
2014-01-17 10:50:20,static.ak.facebook.com
2014-01-17 10:50:20,www.covoiturage.fr
2014-01-17 10:50:21,www.facebook.com
2014-01-17 10:50:42,www.covoiturage.fr
2014-01-17 10:50:43,static.ak.facebook.com
2014-01-17 10:50:43,s-static.ak.facebook.com
2014-01-17 10:50:43,www.facebook.com
2014-01-17 10:51:18,www.covoiturage.fr
2014-01-17 10:51:26,www.covoiturage.fr
2014-01-17 10:51:27,s-static.ak.facebook.com
2014-01-17 10:51:27,www.facebook.com
2014-01-17 10:51:27,bbcphotos.s3.amazonaws.com
2014-01-17 10:51:27,www.covoiturage.fr
2014-01-17 10:51:27,static.ak.facebook.com
2014-01-17 10:51:36,www.facebook.com
2014-01-17 10:51:36,s-static.ak.facebook.com
2014-01-17 10:51:36,bbcphotos.s3.amazonaws.com
2014-01-17 10:51:36,static.ak.facebook.com
2014-01-17 10:51:36,www.covoiturage.fr
2014-01-17 10:51:36,cbks0.googleapis.com
2014-01-17 10:51:36,cbks1.googleapis.com
2014-01-17 10:51:37,www.facebook.com
2014-01-17 10:51:40,s-static.ak.facebook.com
2014-01-17 10:51:40,www.facebook.com
2014-01-17 10:51:40,maps.google.com
2014-01-17 10:51:40,bbcphotos.s3.amazonaws.com
2014-01-17 10:51:40,static.ak.facebook.com
2014-01-17 10:51:40,www.covoiturage.fr
2014-01-17 10:51:41,www.facebook.com
2014-01-17 10:51:45,maps.googleapis.com
2014-01-17 10:57:06,www.covoiturage.fr
2014-01-17 10:57:15,www.covoiturage.fr
2014-01-19 17:12:27,www.google.com
2014-01-19 17:12:28,www.bing.com
2014-01-19 17:15:13,ieonline.microsoft.com
2014-01-19 17:15:13,go.microsoft.com
2014-01-20 13:23:11,api.bing.com
2014-01-20 13:23:13,api.bing.com
2014-01-20 13:23:25,www.bing.com
2014-01-20 13:23:26,www.bing.com
2014-01-20 13:23:27,www.bing.com
2014-01-20 13:23:27,cms.abmr.net
2014-01-20 13:23:35,www.bing.com
2014-01-20 13:23:37,login.live.com
2014-01-20 13:23:40,www.bing.com
2014-01-20 13:23:52,ssl.bing.com
2014-01-20 13:26:08,ieonline.microsoft.com
2014-01-20 13:37:30,api.bing.com
2014-01-20 13:37:32,www.bing.com
2014-01-20 13:37:32,api.bing.com
2014-01-20 13:37:33,www.bing.com
2014-01-20 13:48:15,api.bing.com
2014-01-20 13:48:16,www.bing.com
2014-01-20 13:48:16,api.bing.com
2014-01-20 13:48:18,www.bing.com
2014-01-20 13:48:28,login.live.com
2014-01-21 14:57:39,api.bing.com
2014-01-21 14:57:40,api.bing.com
2014-01-21 14:57:41,www.bing.com
2014-01-21 14:57:42,www.bing.com
2014-01-21 14:57:43,www.bing.com
2014-01-21 14:57:43,cms.abmr.net
2014-01-21 14:57:43,login.live.com
2014-01-21 15:00:37,ieonline.microsoft.com
2014-01-22 09:52:23,api.bing.com
2014-01-22 09:52:24,api.bing.com
2014-01-22 09:52:24,www.bing.com
2014-01-22 09:52:25,www.bing.com
2014-01-22 09:52:26,cms.abmr.net
2014-01-22 09:52:26,www.bing.com
2014-01-22 09:52:27,www.bing.com
2014-01-22 09:52:36,login.live.com
2014-01-22 09:55:21,ieonline.microsoft.com
2014-01-31 08:18:19,fpdownload2.macromedia.com
2014-01-31 08:18:22,api.bing.com
2014-01-31 08:18:23,api.bing.com
2014-01-31 08:18:26,www.bing.com
2014-01-31 08:18:27,www.bing.com
2014-01-31 08:18:28,www.bing.com
2014-01-31 08:18:28,cms.abmr.net
2014-01-31 08:18:36,www.bing.com
2014-01-31 08:18:37,api.bing.com
2014-01-31 08:18:38,login.live.com
2014-01-31 08:18:38,www.bing.com
2014-01-31 08:18:39,www.bing.com
2014-01-31 08:18:40,login.live.com
2014-01-31 08:21:07,ieonline.microsoft.com
2014-01-31 13:01:07,api.bing.com
2014-01-31 13:01:08,www.bing.com
2014-01-31 13:01:09,www.bing.com
2014-01-31 13:01:10,login.live.com
2014-02-13 14:00:01,armmf.adobe.com
2014-02-13 14:00:04,armmf.adobe.com
2014-02-13 14:00:46,armmf.adobe.com
2014-02-13 14:00:48,armmf.adobe.com
2014-02-13 14:00:56,www.oracle.com
2014-02-13 14:00:57,www.oracle.com
2014-02-13 14:00:57,apex.oracle.com
2014-02-13 14:02:57,www.google.com
2014-02-13 14:02:58,api.bing.com
2014-02-13 14:03:01,www.bing.com
2014-02-13 14:04:43,go.microsoft.com
2014-02-13 14:04:43,ieonline.microsoft.com
2014-02-13 14:04:51,javadl-esd-secure.oracle.com
2014-02-13 14:05:56,ieonline.microsoft.com
2014-02-13 14:11:32,javadl-esd-secure.oracle.com
2014-02-13 14:11:40,dl.patchbeam.com
2014-02-20 09:16:31,armmf.adobe.com
2014-02-20 09:16:33,armmf.adobe.com
2014-02-20 09:18:24,go.microsoft.com
2014-02-20 09:18:25,windows.microsoft.com
2014-02-20 09:18:25,res2.windows.microsoft.com
2014-02-20 09:18:25,res1.windows.microsoft.com
2014-02-20 09:18:25,ajax.microsoft.com
2014-02-20 09:18:25,js.microsoft.com
2014-02-20 09:18:29,www.bing.com
2014-02-20 09:18:30,www.bing.com
2014-02-20 09:18:31,www.bing.com
2014-02-20 09:18:31,cms.abmr.net
2014-02-20 09:18:37,www.bing.com
2014-02-20 09:18:39,www.bing.com
2014-02-20 09:18:39,login.live.com
2014-02-20 09:18:44,login.live.com
2014-02-20 09:19:13,player.vimeo.com
2014-02-20 09:19:41,ieonline.microsoft.com
2014-02-20 09:21:33,javadl-esd-secure.oracle.com
2014-02-20 09:23:12,api.bing.com
2014-02-20 09:23:13,www.bing.com
2014-02-20 09:23:13,api.bing.com
2014-02-20 09:23:14,www.bing.com
2014-02-20 09:23:15,www.bing.com
2014-02-20 09:23:15,cms.abmr.net
2014-02-20 09:23:19,www.bing.com
2014-02-20 09:23:27,login.live.com
2014-02-20 09:24:04,player.vimeo.com
2014-02-20 09:26:03,ieonline.microsoft.com
2014-02-20 09:26:58,armmf.adobe.com
2014-02-20 09:27:00,armmf.adobe.com
2014-02-20 09:31:39,api.bing.com
2014-02-20 09:31:40,api.bing.com
2014-02-20 09:31:41,api.bing.com
2014-02-20 09:31:43,www.bing.com
2014-02-20 09:31:44,www.bing.com
2014-02-20 09:32:17,player.vimeo.com
2014-02-20 09:34:13,armmf.adobe.com
2014-02-20 09:34:15,armmf.adobe.com
2014-02-20 09:39:30,javadl-esd-secure.oracle.com
2014-02-20 09:48:21,javadl-esd-secure.oracle.com
2014-02-20 09:50:02,api.bing.com
2014-02-20 09:50:03,api.bing.com
2014-02-20 09:50:04,www.bing.com
2014-02-20 09:50:05,www.bing.com
2014-02-20 09:50:05,login.live.com
2014-02-20 09:50:43,player.vimeo.com
2014-02-20 09:52:17,www.powerarchiver.com
2014-02-20 09:52:17,dl.patchbeam.com
2014-02-20 09:54:58,armmf.adobe.com
2014-02-20 09:55:00,armmf.adobe.com
2014-02-20 10:37:14,api.bing.com
2014-02-20 10:37:16,api.bing.com
2014-02-20 10:37:16,www.bing.com
2014-02-20 10:37:18,login.live.com
2014-02-20 10:37:18,www.bing.com
2014-02-20 10:37:51,player.vimeo.com
2014-02-20 10:40:16,armmf.adobe.com
2014-02-20 10:40:18,armmf.adobe.com
2014-02-20 10:45:15,javadl-esd-secure.oracle.com
2014-02-20 10:55:33,javadl-esd-secure.oracle.com
2014-02-20 10:55:41,windows.microsoft.com
2014-02-20 10:55:41,ajax.microsoft.com
2014-02-20 10:55:41,go.microsoft.com
2014-02-20 10:55:41,res2.windows.microsoft.com
2014-02-20 10:55:41,res1.windows.microsoft.com
2014-02-20 10:55:41,js.microsoft.com
2014-02-20 10:55:42,www.bing.com
2014-02-20 10:55:49,www.bing.com
2014-02-20 10:55:50,www.bing.com
2014-02-20 10:55:51,www.bing.com
2014-02-20 10:56:55,ieonline.microsoft.com
2014-02-20 11:03:47,player.vimeo.com
2014-02-20 14:05:17,armmf.adobe.com
2014-02-20 14:05:19,armmf.adobe.com
2014-02-20 14:06:03,armmf.adobe.com
2014-02-20 14:06:05,armmf.adobe.com
2014-02-20 14:09:24,javadl-esd-secure.oracle.com
2014-02-20 14:33:59,javadl-esd-secure.oracle.com
2014-02-20 15:00:15,dl.javafx.com
2014-02-20 17:30:28,api.bing.com
2014-02-20 17:30:28,www.google.com
2014-02-20 17:30:29,www.google.fr
2014-02-20 17:30:30,www.bing.com
2014-02-20 17:30:32,www.google.fr
2014-02-20 17:30:34,www.google.com
2014-02-20 17:30:34,apis.google.com
2014-02-20 17:30:45,mail.yahoo.com
2014-02-20 17:30:45,www.google.com
2014-02-20 17:30:45,apis.google.com
2014-02-20 17:30:45,www.google.fr
2014-02-20 17:30:49,login.yahoo.com
2014-02-20 17:30:50,www.google.fr
2014-02-20 17:30:51,login.yahoo.com
2014-02-20 17:30:52,www.google.fr
2014-02-20 17:30:54,login.yahoo.com
2014-02-20 17:30:55,login.yahoo.com
2014-02-20 17:31:04,fr-mg42.mail.yahoo.com
2014-02-20 17:31:04,login.yahoo.com
2014-02-20 17:31:10,ycpi-mail-rest-core4.msg.yahoo.com
2014-02-20 17:31:12,ycpi-mail-rest-core4.msg.yahoo.com
2014-02-20 17:31:12,ucs.query.yahoo.com
2014-02-20 17:31:13,ycpi-mail-preferences.msg.yahoo.com
2014-02-20 17:31:14,socialprofiles.zenfs.com
2014-02-20 17:31:14,ycpi-mail-rest-core4.msg.yahoo.com
2014-02-20 17:31:14,fr-mg42.mail.yahoo.com
2014-02-20 17:31:17,ucs.query.yahoo.com
2014-02-20 17:31:18,ycpi-mail-preferences.msg.yahoo.com
2014-02-20 17:31:30,socialprofiles.zenfs.com
2014-02-20 17:31:55,login.yahoo.com
2014-02-20 17:31:56,fr-mg42.mail.yahoo.com
2014-02-20 17:31:56,ycpi-mail-rest-core4.msg.yahoo.com
2014-02-20 17:31:56,fr.yahoo.com
2014-02-20 17:31:58,fr.yahoo.com
2014-02-20 17:31:59,locdrop.query.yahoo.com
2014-02-20 17:31:59,fr.yahoo.com
2014-02-20 17:31:59,a248.e.akamai.net
2014-02-20 17:32:07,fr.yahoo.com
2014-02-20 17:32:07,a248.e.akamai.net
2014-02-20 17:32:08,fr.news.yahoo.com
2014-02-20 17:32:12,yep.video.yahoo.com
2014-02-20 17:32:12,fr.news.yahoo.com
2014-02-20 17:32:13,fr.news.yahoo.com
2014-02-20 17:32:14,connect.facebook.net
2014-02-20 17:32:15,fr.news.yahoo.com
2014-02-20 17:32:18,go.microsoft.com
2014-02-20 17:32:30,www.facebook.com
2014-02-20 17:32:55,www.ozap.com
2014-02-20 17:32:56,www.beead.fr
2014-02-20 17:32:56,www.facebook.com
2014-02-20 17:32:56,apis.google.com
2014-02-20 17:32:56,eu1.swbdds.com
2014-02-20 17:32:56,www.ozap.com
2014-02-20 17:32:56,puremediascom.disqus.com
2014-02-20 17:32:56,static1.ozap.com
2014-02-20 17:32:57,www.ozap.com
2014-02-20 17:32:57,disqus.com
2014-02-20 17:32:57,eu1.swbdds.com
2014-02-20 17:32:57,static1.ozap.com
2014-02-20 17:32:57,go.disqus.com
2014-02-20 17:32:57,static.ak.facebook.com
2014-02-20 17:32:57,s-static.ak.facebook.com
2014-02-20 17:32:57,apis.google.com
2014-02-20 17:32:57,www.facebook.com
2014-02-20 17:32:57,accounts.google.com
2014-02-20 17:32:57,platform.twitter.com
2014-02-20 17:32:58,disqus.com
2014-02-20 17:32:58,static1.ozap.com
2014-02-20 17:32:58,apis.google.com
2014-02-20 17:32:58,twitter.com
2014-02-20 17:32:59,twitter.com
2014-02-20 17:32:59,accounts.google.com
2014-02-20 17:32:59,www.ozap.com
2014-02-20 17:32:59,static1.webedia.fr
2014-02-20 17:32:59,disqus.com
2014-02-20 17:33:01,www.facebook.com
2014-02-20 17:33:01,static1.ozap.com
2014-02-20 17:33:04,www.beead.fr
2014-02-20 17:33:04,www.ozap.com
2014-02-20 17:33:05,go.disqus.com
2014-02-20 17:33:05,www.ozap.com
2014-02-20 17:33:05,www.facebook.com
2014-02-20 17:33:05,static.ak.facebook.com
2014-02-20 17:33:05,disqus.com
2014-02-20 17:33:05,s-static.ak.facebook.com
2014-02-20 17:33:05,static1.ozap.com
2014-02-20 17:33:06,www.facebook.com
2014-02-20 17:33:06,apis.google.com
2014-02-20 17:33:06,twitter.com
2014-02-20 17:33:08,www.google.com
2014-02-20 17:33:08,fpdownload2.macromedia.com
2014-02-20 17:33:08,disqus.com
2014-02-20 17:33:26,ieonline.microsoft.com
2014-02-20 17:33:36,twitter.com
2014-02-20 17:43:00,www.facebook.com
2014-02-20 17:50:10,www.hotmail.com
2014-02-20 17:50:16,login.live.com
2014-02-20 17:50:18,login.live.com
2014-02-20 17:50:20,windowslive.tt.omtrdc.net
2014-02-20 17:50:32,windowslive.tt.omtrdc.net
2014-02-20 17:50:37,login.live.com
2014-02-20 17:50:38,mail.live.com
2014-02-20 17:50:39,dub130.mail.live.com
2014-02-20 17:50:42,dub130.mail.live.com
2014-02-20 17:50:42,people.directory.live.com
2014-02-20 17:50:43,dub130.mail.live.com
2014-02-20 17:50:43,h.live.com
2014-02-20 17:50:43,windowslive.tt.omtrdc.net
2014-02-20 17:50:44,people.directory.live.com
2014-02-20 17:50:44,h.live.com
2014-02-20 17:50:44,cid-3a1be2753373e581.users.storage.live.com
2014-02-20 17:50:45,js.live.net
2014-02-20 17:50:45,dub130.mail.live.com
2014-02-20 17:50:45,secure.shared.live.com
2014-02-20 17:50:45,blufiles.storage.msn.com
2014-02-20 17:50:46,h.live.com
2014-02-20 17:50:47,go.trouter.io
2014-02-20 17:50:47,secure.shared.live.com
2014-02-20 17:50:47,h.live.com
2014-02-20 17:50:48,dub130.mail.live.com
2014-02-20 17:50:48,twimg0-a.akamaihd.net
2014-02-20 17:50:48,storage.live.com
2014-02-20 17:50:49,h.live.com
2014-02-20 17:50:50,p.sfx.ms
2014-02-20 17:50:58,p.sfx.ms
2014-02-20 17:51:51,dub130.mail.live.com
2014-02-20 17:51:52,twimg0-a.akamaihd.net
2014-02-20 17:51:52,secure.shared.live.com
2014-02-20 17:51:52,dub130.mail.live.com
2014-02-20 17:52:05,dub130.mail.live.com
2014-02-20 17:52:48,dub130.mail.live.com
2014-02-20 17:52:49,login.live.com
2014-02-20 17:52:49,h.live.com
2014-02-20 17:52:49,go.trouter.io
2014-02-20 17:52:51,dub130.mail.live.com
2014-02-20 17:52:51,h.live.com
2014-02-20 17:52:51,cid-3a1be2753373e581.users.storage.live.com
2014-02-20 17:52:51,g.live.com
2014-02-20 17:59:03,windowslive.tt.omtrdc.net
2014-02-20 21:02:04,armmf.adobe.com
2014-02-20 21:02:06,armmf.adobe.com
2014-02-20 21:02:14,go.microsoft.com
2014-02-20 21:02:15,ajax.microsoft.com
2014-02-20 21:02:15,windows.microsoft.com
2014-02-20 21:02:15,res2.windows.microsoft.com
2014-02-20 21:02:15,res1.windows.microsoft.com
2014-02-20 21:02:15,js.microsoft.com
2014-02-20 21:02:19,www.bing.com
2014-02-20 21:02:25,www.bing.com
2014-02-20 21:02:26,www.bing.com
2014-02-20 21:02:27,www.bing.com
2014-02-20 21:02:27,cms.abmr.net
2014-02-20 21:02:29,www.bing.com
2014-02-20 21:02:29,www.hotmail.com
2014-02-20 21:02:36,www.bing.com
2014-02-20 21:02:38,login.live.com
2014-02-20 21:02:39,login.live.com
2014-02-20 21:02:57,login.live.com
2014-02-20 21:03:12,login.live.com
2014-02-20 21:03:19,mail.live.com
2014-02-20 21:03:21,dub130.mail.live.com
2014-02-20 21:03:22,login.live.com
2014-02-20 21:03:22,dub130.mail.live.com
2014-02-20 21:03:23,dub130.mail.live.com
2014-02-20 21:03:24,dub130.mail.live.com
2014-02-20 21:03:25,people.directory.live.com
2014-02-20 21:03:25,dub130.mail.live.com
2014-02-20 21:03:25,p.sfx.ms
2014-02-20 21:03:26,p.sfx.ms
2014-02-20 21:03:27,ieonline.microsoft.com
2014-02-20 21:03:30,h.live.com
2014-02-20 21:03:31,h.live.com
2014-02-20 21:03:32,windowslive.tt.omtrdc.net
2014-02-20 21:04:25,blufiles.storage.msn.com
2014-02-20 21:04:27,dub130.mail.live.com
2014-02-20 21:04:32,cid-3a1be2753373e581.users.storage.live.com
2014-02-20 21:05:00,js.live.net
2014-02-20 21:05:00,dub130.mail.live.com
2014-02-20 21:05:00,windowslive.tt.omtrdc.net
2014-02-20 21:06:01,h.live.com
2014-02-20 21:06:11,h.live.com
2014-02-20 21:06:12,h.live.com
2014-02-20 21:06:12,dub130.mail.live.com
2014-02-20 21:06:14,dub130.mail.live.com
2014-02-20 21:06:15,dub130.mail.live.com
2014-02-20 21:06:49,secure.shared.live.com
2014-02-20 21:07:03,javadl-esd-secure.oracle.com
2014-02-20 21:07:16,javadl-esd-secure.oracle.com
2014-02-20 21:07:50,dub130.mail.live.com
2014-02-20 21:07:51,dub130.mail.live.com
2014-02-20 21:08:21,secure.shared.live.com
2014-02-20 21:08:23,go.trouter.io
2014-02-20 21:08:24,storage.live.com
2014-02-20 21:08:25,secure.shared.live.com
2014-02-20 21:09:27,h.live.com
2014-02-20 21:09:28,people.directory.live.com
2014-02-20 21:09:28,dub130.mail.live.com
2014-02-20 21:09:31,dub130.mail.live.com
2014-02-20 21:09:32,dub130.mail.live.com
2014-02-20 21:10:40,dub130.mail.live.com
2014-02-20 21:10:48,go.trouter.io
2014-02-20 21:10:48,cid-3a1be2753373e581.users.storage.live.com
2014-02-20 21:10:48,dub130.mail.live.com
2014-02-20 21:10:48,dub130.afx.ms
2014-02-20 21:10:48,login.live.com
2014-02-20 21:10:49,go.trouter.io
2014-02-20 21:10:49,h.live.com
2014-02-20 21:10:49,g.live.com
2014-02-20 21:11:35,dub130.mail.live.com
2014-02-21 09:12:30,api.bing.com
2014-02-21 09:12:31,api.bing.com
2014-02-21 09:12:32,www.bing.com
2014-02-21 09:12:33,www.bing.com
2014-02-21 09:12:34,www.bing.com
2014-02-21 09:12:34,cms.abmr.net
2014-02-21 09:12:41,www.bing.com
2014-02-21 09:12:43,login.live.com
2014-02-21 09:13:32,player.vimeo.com
2014-02-21 09:15:37,ieonline.microsoft.com
2014-02-21 09:16:33,api.bing.com
2014-02-21 09:16:34,api.bing.com
2014-02-21 09:16:35,api.bing.com
2014-02-21 09:16:36,api.bing.com
2014-02-21 09:16:38,www.bing.com
2014-02-21 09:16:41,www.bing.com
2014-02-21 09:16:41,www.hotmail.com
2014-02-21 09:16:49,www.bing.com
2014-02-21 09:16:49,www.hotmail.com
2014-02-21 09:16:50,login.live.com
2014-02-21 09:16:52,login.live.com
2014-02-21 09:17:00,login.live.com
2014-02-21 09:17:16,login.live.com
2014-02-21 09:17:17,login.live.com
2014-02-21 09:17:23,mail.live.com
2014-02-21 09:17:23,dub130.mail.live.com
2014-02-21 09:17:28,dub130.mail.live.com
2014-02-21 09:17:28,cid-3a1be2753373e581.users.storage.live.com
2014-02-21 09:17:28,people.directory.live.com
2014-02-21 09:17:32,h.live.com
2014-02-21 09:17:33,h.live.com
2014-02-21 09:17:33,dub130.mail.live.com
2014-02-21 09:17:33,blufiles.storage.msn.com
2014-02-21 09:17:33,js.live.net
2014-02-21 09:17:33,windowslive.tt.omtrdc.net
2014-02-21 09:17:34,secure.shared.live.com
2014-02-21 09:17:34,h.live.com
2014-02-21 09:17:36,secure.shared.live.com
2014-02-21 09:17:36,h.live.com
2014-02-21 09:17:37,dub130.mail.live.com
2014-02-21 09:17:45,go.trouter.io
2014-02-21 09:18:05,storage.live.com
2014-02-21 09:19:00,secure.shared.live.com
2014-02-21 09:19:14,dub130.mail.live.com
2014-02-21 09:19:22,h.live.com
2014-02-21 09:19:26,cid-3a1be2753373e581.users.storage.live.com
2014-02-21 09:19:26,h.live.com
2014-02-21 09:19:26,login.live.com
2014-02-21 09:19:26,dub130.mail.live.com
2014-02-21 09:19:26,g.live.com
2014-02-21 09:19:27,go.trouter.io
2014-02-21 09:19:40,windowslive.tt.omtrdc.net
2014-02-21 09:21:42,api.bing.com
2014-02-21 10:28:38,api.bing.com
2014-02-21 10:28:39,www.bing.com
2014-02-21 10:28:39,api.bing.com
2014-02-21 10:28:40,www.bing.com
2014-02-21 10:28:41,www.bing.com
2014-02-21 10:28:41,login.live.com
2014-02-21 10:29:13,player.vimeo.com
2014-02-21 11:22:51,office14client.microsoft.com
2014-02-21 11:22:52,office.microsoft.com
2014-02-21 12:37:07,api.bing.com
2014-02-21 12:38:40,player.vimeo.com
2014-02-21 18:21:17,armmf.adobe.com
2014-02-21 18:21:19,armmf.adobe.com
2014-02-21 18:26:16,javadl-esd-secure.oracle.com
2014-02-21 18:35:46,armmf.adobe.com
2014-02-21 18:35:48,armmf.adobe.com
2014-02-21 18:36:15,go.microsoft.com
2014-02-21 18:36:15,windows.microsoft.com
2014-02-21 18:36:15,res1.windows.microsoft.com
2014-02-21 18:36:15,res2.windows.microsoft.com
2014-02-21 18:36:15,ajax.microsoft.com
2014-02-21 18:36:15,js.microsoft.com
2014-02-21 18:36:19,www.bing.com
2014-02-21 18:36:41,js.microsoft.com
2014-02-21 18:36:41,www.bing.com
2014-02-21 18:36:42,www.bing.com
2014-02-21 18:36:43,www.bing.com
2014-02-21 18:36:47,www.bing.com
2014-02-21 18:36:48,www.hotmail.com
2014-02-21 18:36:52,www.bing.com
2014-02-21 18:36:56,login.live.com
2014-02-21 18:36:57,login.live.com
2014-02-21 18:37:13,cms.abmr.net
2014-02-21 18:37:18,login.live.com
2014-02-21 18:37:33,ieonline.microsoft.com
2014-02-21 18:37:37,login.live.com
2014-02-21 18:37:44,mail.live.com
2014-02-21 18:37:45,windowslive.tt.omtrdc.net
2014-02-21 18:37:48,dub130.mail.live.com
2014-02-21 18:37:49,cid-3a1be2753373e581.users.storage.live.com
2014-02-21 18:37:49,dub130.mail.live.com
2014-02-21 18:37:49,people.directory.live.com
2014-02-21 18:37:50,dub130.mail.live.com
2014-02-21 18:37:50,windowslive.tt.omtrdc.net
2014-02-21 18:37:50,login.live.com
2014-02-21 18:37:52,windowslive.tt.omtrdc.net
2014-02-21 18:37:53,h.live.com
2014-02-21 18:37:55,h.live.com
2014-02-21 18:37:55,blufiles.storage.msn.com
2014-02-21 18:37:55,js.live.net
2014-02-21 18:37:57,h.live.com
2014-02-21 18:38:53,h.live.com
2014-02-21 18:38:54,dub130.mail.live.com
2014-02-21 18:38:55,h.live.com
2014-02-21 18:38:58,h.live.com
2014-02-21 18:39:25,p.sfx.ms
2014-02-21 18:39:28,p.sfx.ms
2014-02-21 18:39:29,secure.shared.live.com
2014-02-21 18:40:28,h.live.com
2014-02-21 18:40:44,dub130.mail.live.com
2014-02-21 18:40:45,javadl-esd-secure.oracle.com
2014-02-21 18:41:08,secure.shared.live.com
2014-02-21 18:41:36,go.trouter.io
2014-02-21 18:41:36,storage.live.com
2014-02-21 18:41:36,secure.shared.live.com
2014-02-21 18:42:38,dub130.mail.live.com
2014-02-21 18:42:38,h.live.com
2014-02-21 18:42:39,proxy-blu-people.directory.live.com
2014-02-21 18:42:42,dub130.mail.live.com
2014-02-21 18:42:43,dub130.mail.live.com
2014-02-21 18:44:16,dub130.mail.live.com
2014-02-21 18:44:18,dub130.mail.live.com
2014-02-21 18:48:49,javadl-esd-secure.oracle.com
2014-02-21 18:48:54,dub130.mail.live.com
2014-02-21 18:48:55,dub130.mail.live.com
2014-02-21 18:48:56,dub130.afx.ms
2014-02-21 18:48:56,dub130.mail.live.com
2014-02-21 18:49:11,proxy-blu-people.directory.live.com
2014-02-21 18:49:12,cid-3a1be2753373e581.users.storage.live.com
2014-02-21 18:49:56,dub130.afx.ms
2014-02-21 18:49:56,dub130.mail.live.com
2014-02-21 18:50:50,go.trouter.io
2014-02-21 18:50:51,dub130.mail.live.com
2014-02-21 18:50:51,go.trouter.io
2014-02-21 18:50:51,h.live.com
2014-02-21 18:50:51,dub130.afx.ms
2014-02-21 18:51:52,h.live.com
2014-02-21 18:52:49,word-view.officeapps.live.com
2014-02-21 18:53:49,word-view.officeapps.live.com
2014-02-21 18:54:11,proxy-blu-people.directory.live.com
2014-02-21 18:54:47,word-view.officeapps.live.com
2014-02-21 18:54:50,proxy-blu-people.directory.live.com
2014-02-21 18:55:35,h.live.com
2014-02-21 18:55:36,dub130.mail.live.com
2014-02-21 18:55:37,dub130.mail.live.com
2014-02-21 18:55:50,dub130.mail.live.com
2014-02-21 18:55:52,dub130.mail.live.com
2014-02-21 18:55:54,dub130.afx.ms
2014-02-21 18:56:50,go.trouter.io
2014-02-21 18:57:08,dub130.mail.live.com
2014-02-21 18:57:42,dub130.mail.live.com
2014-02-21 18:57:43,dub130.afx.ms
2014-02-21 18:58:05,go.trouter.io
2014-02-21 18:58:11,dub130.mail.live.com
2014-02-21 18:58:11,go.trouter.io
2014-02-21 18:58:11,login.live.com
2014-02-21 18:58:11,storage.live.com
2014-02-21 18:58:12,g.live.com
2014-02-21 18:58:17,login.live.com
2014-02-21 18:58:19,windowslive.tt.omtrdc.net
2014-02-21 18:58:19,login.live.com
2014-02-21 18:58:19,dub130.mail.live.com
2014-02-21 18:58:20,g.live.com
2014-02-21 18:58:32,go.trouter.io
2014-02-21 18:58:32,windowslive.tt.omtrdc.net
2014-02-21 19:51:00,javadl-esd-secure.oracle.com
2014-02-21 21:38:54,ieonline.microsoft.com
2014-02-21 21:38:58,www.google.com
2014-02-21 21:38:59,www.bing.com
2014-02-21 21:39:21,api.bing.com
2014-02-21 21:39:23,api.bing.com
2014-02-21 21:39:26,api.bing.com
2014-02-21 21:39:29,www.hotmail.com
2014-02-21 21:39:32,login.live.com
2014-02-21 21:39:34,login.live.com
2014-02-21 21:39:36,windowslive.tt.omtrdc.net
2014-02-21 21:39:49,windowslive.tt.omtrdc.net
2014-02-21 21:39:58,login.live.com
2014-02-21 21:39:59,login.live.com
2014-02-21 21:40:01,mail.live.com
2014-02-21 21:40:02,people.directory.live.com
2014-02-21 21:40:02,dub122.mail.live.com
2014-02-21 21:40:04,windowslive.tt.omtrdc.net
2014-02-21 21:40:04,dub122.mail.live.com
2014-02-21 21:40:06,js.live.net
2014-02-21 21:40:06,dub122.mail.live.com
2014-02-21 21:40:06,h.live.com
2014-02-21 21:40:06,people.directory.live.com
2014-02-21 21:40:06,blufiles.storage.msn.com
2014-02-21 21:40:07,h.live.com
2014-02-21 21:40:07,secure.shared.live.com
2014-02-21 21:40:07,dub122.mail.live.com
2014-02-21 21:40:08,go.trouter.io
2014-02-21 21:40:08,dub122.mail.live.com
2014-02-21 21:40:08,secure.shared.live.com
2014-02-21 21:40:35,h.live.com
2014-02-21 21:40:48,h.live.com
2014-02-21 21:40:53,go.microsoft.com
2014-02-21 21:40:53,ieonline.microsoft.com
2014-02-21 21:41:17,cid-d686cde91660bca7.users.storage.live.com
2014-02-21 21:41:37,secure.shared.live.com
2014-02-21 21:41:37,storage.live.com
2014-02-21 21:41:37,h.live.com
2014-02-21 21:41:37,dub122.mail.live.com
2014-02-21 22:45:59,armmf.adobe.com
2014-02-21 22:46:01,armmf.adobe.com
2014-02-21 22:50:56,javadl-esd-secure.oracle.com
2014-02-21 22:51:23,javadl-esd-secure.oracle.com
2014-02-21 22:54:19,js.microsoft.com
2014-02-21 22:54:19,go.microsoft.com
2014-02-21 22:54:19,windows.microsoft.com
2014-02-21 22:54:19,res1.windows.microsoft.com
2014-02-21 22:54:19,res2.windows.microsoft.com
2014-02-21 22:54:19,ajax.microsoft.com
2014-02-21 22:54:20,windows.microsoft.com
2014-02-21 22:54:20,js.microsoft.com
2014-02-21 22:54:20,res1.windows.microsoft.com
2014-02-21 22:54:23,www.bing.com
2014-02-21 22:54:25,www.bing.com
2014-02-21 22:54:26,www.bing.com
2014-02-21 22:54:27,cms.abmr.net
2014-02-21 22:54:27,www.bing.com
2014-02-21 22:54:39,login.live.com
2014-02-21 22:55:05,player.vimeo.com
2014-02-21 22:55:34,ieonline.microsoft.com
2014-02-22 10:14:21,armmf.adobe.com
2014-02-22 10:14:23,armmf.adobe.com
2014-02-22 10:19:23,javadl-esd-secure.oracle.com
2014-02-22 10:33:56,armmf.adobe.com
2014-02-22 10:33:58,armmf.adobe.com
2014-02-22 10:36:39,go.microsoft.com
2014-02-22 10:36:40,shell.windows.com
2014-02-22 10:36:41,shell.windows.com
2014-02-22 10:36:42,go.microsoft.com
2014-02-22 10:36:42,shell.windows.com
2014-02-22 10:36:43,res2.windows.microsoft.com
2014-02-22 10:36:43,windows.microsoft.com
2014-02-22 10:36:43,res1.windows.microsoft.com
2014-02-22 10:36:43,ajax.microsoft.com
2014-02-22 10:36:43,js.microsoft.com
2014-02-22 10:36:47,www.bing.com
2014-02-22 10:36:49,ieonline.microsoft.com
2014-02-22 10:37:07,shell.windows.com
2014-02-22 10:37:07,go.microsoft.com
2014-02-22 10:37:08,shell.windows.com
2014-02-22 10:37:09,shell.windows.com
2014-02-22 10:38:56,javadl-esd-secure.oracle.com
2014-02-22 10:39:20,javadl-esd-secure.oracle.com
2014-02-22 10:44:57,www.bing.com
2014-02-22 10:44:58,www.bing.com
2014-02-22 10:44:59,www.bing.com
2014-02-22 10:44:59,cms.abmr.net
2014-02-22 10:45:01,www.bing.com
2014-02-22 10:45:12,login.live.com
2014-02-22 10:45:36,player.vimeo.com
2014-02-24 09:38:23,api.bing.com
2014-02-24 09:38:24,api.bing.com
2014-02-24 09:38:28,www.bing.com
2014-02-24 09:38:28,api.bing.com
2014-02-24 09:38:29,www.bing.com
2014-02-24 09:38:30,cms.abmr.net
2014-02-24 09:38:30,login.live.com
2014-02-24 09:38:30,www.bing.com
2014-02-24 09:39:26,player.vimeo.com
2014-02-24 09:41:35,ieonline.microsoft.com
2014-02-24 22:04:49,armmf.adobe.com
2014-02-24 22:04:51,armmf.adobe.com
2014-02-24 22:09:47,javadl-esd-secure.oracle.com
2014-02-24 22:15:54,javadl-esd-secure.oracle.com
2014-02-24 22:58:53,armmf.adobe.com
2014-02-24 22:58:55,armmf.adobe.com
2014-02-24 23:03:50,javadl-esd-secure.oracle.com
2014-02-24 23:28:54,javadl-esd-secure.oracle.com
2014-02-25 15:04:40,api.bing.com
2014-02-25 15:04:42,www.bing.com
2014-02-25 15:04:43,www.bing.com
2014-02-25 15:04:44,www.bing.com
2014-02-25 15:04:44,cms.abmr.net
2014-02-25 15:04:45,www.bing.com
2014-02-25 15:04:45,www.hotmail.com
2014-02-25 15:04:53,www.hotmail.com
2014-02-25 15:04:53,www.bing.com
2014-02-25 15:04:54,login.live.com
2014-02-25 15:04:56,login.live.com
2014-02-25 15:04:57,login.live.com
2014-02-25 15:05:14,login.live.com
2014-02-25 15:05:20,login.live.com
2014-02-25 15:05:21,login.live.com
2014-02-25 15:05:27,mail.live.com
2014-02-25 15:05:32,dub130.mail.live.com
2014-02-25 15:05:33,people.directory.live.com
2014-02-25 15:05:33,dub130.mail.live.com
2014-02-25 15:05:37,windowslive.tt.omtrdc.net
2014-02-25 15:05:37,h.live.com
2014-02-25 15:05:37,dub130.mail.live.com
2014-02-25 15:05:40,h.live.com
2014-02-25 15:05:40,twimg0-a.akamaihd.net
2014-02-25 15:05:44,h.live.com
2014-02-25 15:05:44,p.sfx.ms
2014-02-25 15:05:44,secure.shared.live.com
2014-02-25 15:05:45,js.live.net
2014-02-25 15:05:45,p.sfx.ms
2014-02-25 15:05:45,h.live.com
2014-02-25 15:05:45,cid-3a1be2753373e581.users.storage.live.com
2014-02-25 15:05:45,secure.shared.live.com
2014-02-25 15:05:46,dub130.mail.live.com
2014-02-25 15:05:46,go.trouter.io
2014-02-25 15:06:19,storage.live.com
2014-02-25 15:06:24,secure.shared.live.com
2014-02-25 15:06:26,dub130.afx.ms
2014-02-25 15:06:51,h.live.com
2014-02-25 15:06:56,dub130.mail.live.com
2014-02-25 15:06:56,h.live.com
2014-02-25 15:06:56,dub130.afx.ms
2014-02-25 15:06:59,dub130.mail.live.com
2014-02-25 15:07:00,dub130.mail.live.com
2014-02-25 15:07:02,dub130.mail.live.com
2014-02-25 15:07:07,dub130.mail.live.com
2014-02-25 15:07:12,login.live.com
2014-02-25 15:07:15,g.live.com
2014-02-25 15:07:15,dub130.mail.live.com
2014-02-25 15:07:15,h.live.com
2014-02-25 15:07:15,go.trouter.io
2014-02-25 15:07:15,cid-3a1be2753373e581.users.storage.live.com
2014-02-25 15:07:30,windowslive.tt.omtrdc.net
2014-02-25 15:07:43,ieonline.microsoft.com
2014-02-27 09:14:22,clients1.google.com
2014-02-27 09:14:22,gtglobal-ocsp.geotrust.com
2014-02-27 09:14:26,clients1.google.com
2014-02-27 09:14:30,ocsp.tcs.terena.org
2014-02-27 09:14:30,www.google.fr
2014-02-27 09:14:30,clients1.google.com
2014-02-27 09:14:30,ocsp.usertrust.com
2014-02-27 09:14:31,clients1.google.com
2014-02-27 09:15:02,safebrowsing.clients.google.com
2014-02-27 09:15:02,safebrowsing-cache.google.com
2014-02-27 09:15:20,gtssl-ocsp.geotrust.com
2014-02-27 09:17:05,ajax.googleapis.com
2014-02-27 09:17:05,www.dogfinance.com
2014-02-27 09:17:23,apis.google.com
2014-02-27 09:17:23,www.google.com
2014-02-27 09:17:24,www.google.fr
2014-02-27 09:17:57,sb-ssl.google.com
2014-02-27 09:20:01,ajax.googleapis.com
2014-02-27 09:20:16,ocsp.thawte.com
2014-02-27 09:24:55,clients1.google.com
2014-02-27 09:24:55,gtglobal-ocsp.geotrust.com
2014-02-27 09:24:58,clients1.google.com
2014-02-27 09:25:00,www.google.fr
2014-02-27 09:25:00,www.hotmail.fr
2014-02-27 09:25:01,evsecure-ocsp.verisign.com
2014-02-27 09:25:01,evintl-ocsp.verisign.com
2014-02-27 09:25:01,login.live.com
2014-02-27 09:25:02,login.live.com
2014-02-27 09:25:02,ocsp.digicert.com
2014-02-27 09:25:03,ocsp.entrust.net
2014-02-27 09:25:14,windowslive.tt.omtrdc.net
2014-02-27 09:25:19,login.live.com
2014-02-27 09:25:20,evintl-ocsp.verisign.com
2014-02-27 09:25:29,ocsp.verisign.com
2014-02-27 09:25:32,windowslive.tt.omtrdc.net
2014-02-27 09:25:52,gtssl-ocsp.geotrust.com
2014-02-27 09:26:19,mail.live.com
2014-02-27 09:26:30,people.directory.live.com
2014-02-27 09:26:30,h.live.com
2014-02-27 09:26:30,storage.live.com
2014-02-27 09:26:31,blufiles.storage.msn.com
2014-02-27 09:26:31,cid-3a1be2753373e581.users.storage.live.com
2014-02-27 09:26:32,dub130.mail.live.com
2014-02-27 09:26:33,dub130.mail.live.com
2014-02-27 09:26:35,h.live.com
2014-02-27 09:27:23,js.live.net
2014-02-27 09:27:24,go.trouter.io
2014-02-27 09:27:26,secure.shared.live.com
2014-02-27 09:27:27,p.sfx.ms
2014-02-27 09:27:28,p.sfx.ms
2014-02-27 09:27:28,twimg0-a.akamaihd.net
2014-02-27 09:27:54,apis.google.com
2014-02-27 09:27:54,www.google.com
2014-02-27 09:27:54,www.google.fr
2014-02-27 09:28:45,word-view.officeapps.live.com
2014-02-27 09:29:36,dub130.mail.live.com
2014-02-27 09:29:37,dub130.mail.live.com
2014-02-27 09:29:38,safebrowsing.clients.google.com
2014-02-27 09:29:38,safebrowsing-cache.google.com
2014-02-27 09:29:41,storage.live.com
2014-02-27 09:30:24,dub130.afx.ms
2014-02-27 09:30:35,go.trouter.io
2014-02-27 09:30:51,ocsp.thawte.com
2014-02-27 09:30:53,dub130.mail.live.com
2014-02-27 09:30:54,dub130.mail.live.com
2014-02-27 09:30:57,h.live.com
2014-02-27 09:31:26,word-view.officeapps.live.com
2014-02-27 09:31:27,word-view.officeapps.live.com
2014-02-27 09:31:47,word-view.officeapps.live.com
2014-02-27 09:31:55,dub130.mail.live.com
2014-02-27 09:32:31,cid-3a1be2753373e581.users.storage.live.com
2014-02-27 09:32:35,sb-ssl.google.com
2014-02-27 09:33:04,dub130.mail.live.com
2014-02-27 09:38:40,dl.patchbeam.com
2014-02-27 09:41:35,h.live.com
2014-02-27 09:41:36,dub130.mail.live.com
2014-02-27 09:41:39,dub130.afx.ms
2014-02-27 09:45:55,dub130.mail.live.com
2014-02-27 09:45:57,dub130.mail.live.com
2014-02-27 09:47:24,dub130.mail.live.com
2014-02-27 09:47:26,dub130.mail.live.com
2014-02-27 09:47:56,ocsp.verisign.com
2014-02-27 09:47:57,appsuite-production.s3.amazonaws.com
2014-02-27 09:48:16,s3.amazonaws.com
2014-02-27 09:48:39,dub130.mail.live.com
2014-02-27 09:48:40,dub130.mail.live.com
2014-02-27 09:48:47,h.live.com
2014-02-27 09:48:57,dub130.mail.live.com
2014-02-27 09:48:58,h.live.com
2014-02-27 09:49:26,word-view.officeapps.live.com
2014-02-27 09:49:32,word-view.officeapps.live.com
2014-02-27 09:49:36,dub130.mail.live.com
2014-02-27 09:49:36,login.live.com
2014-02-27 09:49:47,appsuite-production.s3.amazonaws.com
2014-02-27 09:49:52,s3.amazonaws.com
2014-02-27 09:50:25,dub130.mail.live.com
2014-02-27 09:50:54,login.live.com
2014-02-27 09:51:06,appsuite-production.s3.amazonaws.com
2014-02-27 09:51:11,s3.amazonaws.com
2014-02-27 09:51:18,dub130.mail.live.com
2014-02-27 09:51:37,dub130.mail.live.com
2014-02-27 09:53:24,dub130.mail.live.com
2014-02-27 09:53:33,login.live.com
2014-02-27 09:53:34,login.live.com
2014-02-27 09:53:34,dub130.mail.live.com
2014-02-27 09:53:34,g.live.com
2014-02-27 09:53:40,cid-3a1be2753373e581.users.storage.live.com
2014-02-27 09:53:46,windowslive.tt.omtrdc.net
2014-02-27 09:54:00,fr-fr.facebook.com
2014-02-27 09:54:01,fr-fr.facebook.com
2014-02-27 09:54:13,www.google.fr
2014-02-27 09:54:13,www.hotmail.fr
2014-02-27 09:54:14,login.live.com
2014-02-27 09:54:17,p.sfx.ms
2014-02-27 09:54:23,h.live.com
2014-02-27 09:54:24,dub130.mail.live.com
2014-02-27 09:54:25,dub130.mail.live.com
2014-02-27 09:54:25,p.sfx.ms
2014-02-27 09:54:26,windowslive.tt.omtrdc.net
2014-02-27 09:54:37,dub130.mail.live.com
2014-02-27 09:55:06,ocsp.usertrust.com
2014-02-27 09:55:06,ocsp.tcs.terena.org
2014-02-27 09:55:16,ocsp.tcs.terena.org
2014-02-27 09:55:28,go.trouter.io
2014-02-27 09:55:31,www.hotmail.fr
2014-02-27 09:55:31,www.google.fr
2014-02-27 09:55:32,login.live.com
2014-02-27 09:55:44,windowslive.tt.omtrdc.net
2014-02-27 09:56:50,go.microsoft.com
2014-02-27 09:56:51,login.live.com
2014-02-27 09:56:52,login.live.com
2014-02-27 09:57:53,account.live.com
2014-02-27 09:58:25,www.google.com
2014-02-27 09:58:26,www.google.fr
2014-02-27 10:00:03,safebrowsing-cache.google.com
2014-02-27 10:00:03,safebrowsing.clients.google.com
2014-02-27 10:12:41,armmf.adobe.com
2014-02-27 10:12:43,armmf.adobe.com
2014-02-27 10:13:26,armmf.adobe.com
2014-02-27 10:13:28,armmf.adobe.com
2014-02-27 10:16:47,javadl-esd-secure.oracle.com
2014-02-27 10:20:34,javadl-esd-secure.oracle.com
2014-02-27 10:54:53,clients1.google.com
2014-02-27 10:54:54,gtglobal-ocsp.geotrust.com
2014-02-27 10:54:58,clients1.google.com
2014-02-27 10:55:00,www.google.fr
2014-02-27 10:55:01,www.hotmail.fr
2014-02-27 10:55:01,evsecure-ocsp.verisign.com
2014-02-27 10:55:01,evintl-ocsp.verisign.com
2014-02-27 10:55:01,login.live.com
2014-02-27 10:55:02,login.live.com
2014-02-27 10:55:02,ocsp.digicert.com
2014-02-27 10:55:03,ocsp.digicert.com
2014-02-27 10:55:03,ocsp.entrust.net
2014-02-27 10:55:15,windowslive.tt.omtrdc.net
2014-02-27 10:55:21,login.live.com
2014-02-27 10:55:21,evintl-ocsp.verisign.com
2014-02-27 10:55:26,ocsp.verisign.com
2014-02-27 10:55:37,windowslive.tt.omtrdc.net
2014-02-27 10:55:50,gtssl-ocsp.geotrust.com
2014-02-27 10:56:22,mail.live.com
2014-02-27 10:56:27,cid-3a1be2753373e581.users.storage.live.com
2014-02-27 10:56:27,people.directory.live.com
2014-02-27 10:56:29,h.live.com
2014-02-27 10:56:33,blufiles.storage.msn.com
2014-02-27 10:56:34,storage.live.com
2014-02-27 10:56:35,dub130.mail.live.com
2014-02-27 10:56:36,dub130.mail.live.com
2014-02-27 10:56:37,h.live.com
2014-02-27 10:56:38,dub130.mail.live.com
2014-02-27 10:56:41,dub130.afx.ms
2014-02-27 10:57:01,safebrowsing-cache.google.com
2014-02-27 10:57:01,safebrowsing.clients.google.com
2014-02-27 10:57:02,safebrowsing-cache.google.com
2014-02-27 10:57:23,dub130.mail.live.com
2014-02-27 10:57:24,js.live.net
2014-02-27 10:57:25,go.trouter.io
2014-02-27 10:57:27,secure.shared.live.com
2014-02-27 10:57:30,p.sfx.ms
2014-02-27 10:57:30,twimg0-a.akamaihd.net
2014-02-27 10:57:55,www.google.com
2014-02-27 10:57:55,apis.google.com
2014-02-27 10:57:56,www.google.fr
2014-02-27 10:58:34,dub130.mail.live.com
2014-02-27 10:59:56,sb-ssl.google.com
2014-02-27 11:00:49,ocsp.thawte.com
2014-02-27 11:01:32,proxy-blu-people.directory.live.com
2014-02-27 11:01:41,login.live.com
2014-02-27 11:01:42,dub130.mail.live.com
2014-02-27 11:01:42,go.trouter.io
2014-02-27 11:01:42,g.live.com
2014-02-27 11:01:54,windowslive.tt.omtrdc.net
2014-02-27 11:02:03,ocsp.verisign.com
2014-02-27 11:02:03,outlook.com
2014-02-27 11:02:04,login.live.com
2014-02-27 11:02:15,windowslive.tt.omtrdc.net
2014-02-27 11:02:16,login.live.com
2014-02-27 11:03:18,dub130.mail.live.com
2014-02-27 11:03:19,mail.live.com
2014-02-27 11:03:20,dub130.mail.live.com
2014-02-27 11:03:20,people.directory.live.com
2014-02-27 11:03:22,cid-3a1be2753373e581.users.storage.live.com
2014-02-27 11:03:22,h.live.com
2014-02-27 11:03:22,dub130.mail.live.com
2014-02-27 11:03:23,h.live.com
2014-02-27 11:03:29,g.live.com
2014-02-27 11:03:29,storage.live.com
2014-02-27 11:03:29,login.live.com
2014-02-27 11:03:33,h.live.com
2014-02-27 11:03:34,www.outlook.com
2014-02-27 11:03:34,go.trouter.io
2014-02-27 11:03:34,p.sfx.ms
2014-02-27 11:03:34,dub130.mail.live.com
2014-02-27 11:03:34,windowslive.tt.omtrdc.net
2014-02-27 11:03:34,dub130.afx.ms
2014-02-27 11:07:01,shell.windows.com
2014-02-27 11:07:01,go.microsoft.com
2014-02-27 11:07:02,shell.windows.com
2014-02-27 11:07:04,shell.windows.com
2014-02-27 11:07:05,shell.windows.com
2014-03-02 17:40:08,api.bing.com
2014-03-02 17:40:09,www.bing.com
2014-03-02 17:40:09,api.bing.com
2014-03-02 17:40:10,www.bing.com
2014-03-02 17:40:11,www.bing.com
2014-03-02 17:40:11,cms.abmr.net
2014-03-02 17:43:02,ieonline.microsoft.com
2014-03-15 14:30:06,armmf.adobe.com
2014-03-15 14:30:08,armmf.adobe.com
2014-03-15 14:30:51,armmf.adobe.com
2014-03-15 14:30:55,armmf.adobe.com
2014-03-15 14:34:12,javadl-esd-secure.oracle.com
2014-03-15 21:03:26,dl.javafx.com
2014-03-15 23:19:13,ocsp.digicert.com
2014-03-15 23:19:14,ocsp.digicert.com
2014-03-15 23:19:14,ocsp.thawte.com
2014-03-15 23:19:14,gtssl-ocsp.geotrust.com
2014-03-15 23:19:14,clients1.google.com
2014-03-15 23:19:14,gtglobal-ocsp.geotrust.com
2014-03-15 23:19:15,clients1.google.com
2014-03-15 23:19:20,www.mozilla.org
2014-03-15 23:19:20,clients1.google.com
2014-03-15 23:19:21,www.mozilla.org
2014-03-15 23:19:27,www.google.fr
2014-03-15 23:19:27,clients1.google.com
2014-03-15 23:19:28,ocsp.tcs.terena.org
2014-03-15 23:19:28,ocsp.usertrust.com
2014-03-15 23:19:28,clients1.google.com
2014-03-15 23:20:04,safebrowsing.clients.google.com
2014-03-15 23:20:04,safebrowsing-cache.google.com
2014-03-15 23:20:05,safebrowsing-cache.google.com
2014-03-15 23:22:11,sb-ssl.google.com
2014-03-15 23:22:19,id.google.fr
2014-03-15 23:22:20,apis.google.com
2014-03-15 23:22:20,www.google.fr
2014-03-15 23:22:20,www.google.com
2014-03-15 23:27:10,ocsp.verisign.com
2014-03-15 23:29:10,ocsp.digicert.com
2014-03-15 23:49:53,safebrowsing-cache.google.com
2014-03-15 23:49:53,safebrowsing.clients.google.com
2014-03-15 23:52:55,www.dogfinance.com
2014-03-15 23:53:19,ajax.googleapis.com
2014-03-15 23:53:19,www.dogfinance.com
2014-03-15 23:53:20,www.dogfinance.com
2014-03-15 23:53:34,ajax.googleapis.com
2014-03-19 14:20:22,api.bing.com
2014-03-19 14:23:27,ieonline.microsoft.com
2014-03-19 14:28:56,www.powerarchiver.com
2014-03-19 14:28:56,dl.patchbeam.com
2014-03-19 14:33:27,api.bing.com
2014-03-19 14:33:28,api.bing.com
2014-03-19 14:39:55,office14client.microsoft.com
2014-03-19 14:40:00,office.microsoft.com
2014-03-19 14:40:01,office.microsoft.com
2014-03-20 12:37:24,api.bing.com
2014-03-20 12:37:25,api.bing.com
2014-03-20 12:37:25,www.bing.com
2014-03-20 12:37:26,www.bing.com
2014-03-20 12:37:27,www.bing.com
2014-03-20 12:37:27,cms.abmr.net
2014-03-20 12:37:29,www.bing.com
2014-03-20 12:37:36,login.live.com
2014-03-20 12:40:30,ieonline.microsoft.com
2014-03-20 12:52:52,armmf.adobe.com
2014-03-20 12:52:54,armmf.adobe.com
2014-03-20 12:53:37,armmf.adobe.com
2014-03-20 12:53:40,armmf.adobe.com
2014-03-20 12:54:03,www.google.com
2014-03-20 12:54:03,api.bing.com
2014-03-20 12:54:05,www.bing.com
2014-03-20 12:55:55,go.microsoft.com
2014-03-20 12:56:01,api.bing.com
2014-03-20 12:56:05,api.bing.com
2014-03-20 12:56:06,api.bing.com
2014-03-20 12:56:08,api.bing.com
2014-03-20 12:56:12,hotmail.fr
2014-03-20 12:56:12,login.live.com
2014-03-20 12:56:13,login.live.com
2014-03-20 12:56:14,windowslive.tt.omtrdc.net
2014-03-20 12:56:25,windowslive.tt.omtrdc.net
2014-03-20 12:56:35,login.live.com
2014-03-20 12:56:37,mail.live.com
2014-03-20 12:56:39,cid-3a1be2753373e581.users.storage.live.com
2014-03-20 12:56:39,people.directory.live.com
2014-03-20 12:56:39,windowslive.tt.omtrdc.net
2014-03-20 12:56:39,dub130.mail.live.com
2014-03-20 12:56:40,h.live.com
2014-03-20 12:56:40,dub130.mail.live.com
2014-03-20 12:56:41,p.sfx.ms
2014-03-20 12:56:41,dub130.mail.live.com
2014-03-20 12:56:42,dub130.mail.live.com
2014-03-20 12:56:42,p.sfx.ms
2014-03-20 12:56:43,blufiles.storage.msn.com
2014-03-20 12:56:43,h.live.com
2014-03-20 12:56:44,h.live.com
2014-03-20 12:56:45,h.live.com
2014-03-20 12:56:45,secure.shared.live.com
2014-03-20 12:56:46,js.live.net
2014-03-20 12:56:47,dub130.afx.ms
2014-03-20 12:56:52,dub130.afx.ms
2014-03-20 12:56:58,javadl-esd-secure.oracle.com
2014-03-20 12:57:02,ieonline.microsoft.com
2014-03-20 12:57:17,dub130.afx.ms
2014-03-20 12:58:18,dub130.mail.live.com
2014-03-20 12:58:19,dub130.afx.ms
2014-03-20 12:58:37,dub130.mail.live.com
2014-03-20 12:58:46,go.trouter.io
2014-03-20 12:59:45,dub130.mail.live.com
2014-03-20 13:02:46,proxy-blu-people.directory.live.com
2014-03-20 13:05:22,login.live.com
2014-03-20 13:05:22,go.trouter.io
2014-03-20 13:05:24,dub130.mail.live.com
2014-03-20 13:05:24,g.live.com
2014-03-20 13:05:24,cid-3a1be2753373e581.users.storage.live.com
2014-03-20 13:05:37,windowslive.tt.omtrdc.net
2014-03-20 13:05:41,javadl-esd-secure.oracle.com
2014-03-20 13:45:51,javadl-esd-secure.oracle.com
2014-03-20 13:46:50,javadl-esd-secure.oracle.com
2014-03-20 13:50:13,go.microsoft.com
2014-03-20 13:50:13,ieonline.microsoft.com
2014-03-20 13:50:52,login.live.com
2014-03-20 13:50:54,login.live.com
2014-03-20 13:50:54,windowslive.tt.omtrdc.net
2014-03-20 13:51:06,windowslive.tt.omtrdc.net
2014-03-20 13:51:08,login.live.com
2014-03-20 13:51:09,login.live.com
2014-03-20 13:51:12,mail.live.com
2014-03-20 13:51:12,dub130.mail.live.com
2014-03-20 13:51:13,cid-3a1be2753373e581.users.storage.live.com
2014-03-20 13:51:13,people.directory.live.com
2014-03-20 13:51:13,h.live.com
2014-03-20 13:51:14,h.live.com
2014-03-20 13:51:14,windowslive.tt.omtrdc.net
2014-03-20 13:51:14,dub130.mail.live.com
2014-03-20 13:51:15,p.sfx.ms
2014-03-20 13:51:15,dub130.mail.live.com
2014-03-20 13:51:19,h.live.com
2014-03-20 13:51:20,secure.shared.live.com
2014-03-20 13:51:20,h.live.com
2014-03-20 13:51:21,js.live.net
2014-03-20 13:51:21,blufiles.storage.msn.com
2014-03-20 13:51:24,dub130.mail.live.com
2014-03-20 13:52:24,storage.live.com
2014-03-20 13:53:10,dub130.mail.live.com
2014-03-20 13:53:21,go.trouter.io
2014-03-20 13:53:44,ieonline.microsoft.com
2014-03-20 13:54:19,dub130.mail.live.com
2014-03-20 13:57:16,people.directory.live.com
2014-03-20 13:59:43,secure.shared.live.com
2014-03-20 14:14:28,go.trouter.io
2014-03-20 14:29:48,proxy-blu-people.directory.live.com
2014-03-20 14:29:51,cid-3a1be2753373e581.users.storage.live.com
2014-03-20 14:29:52,login.live.com
2014-03-20 14:29:52,go.trouter.io
2014-03-20 14:30:02,windowslive.tt.omtrdc.net
2014-03-20 14:47:39,javadl-esd-secure.oracle.com
2014-03-20 15:10:40,javadl-esd-secure.oracle.com
2014-03-20 15:12:59,ieonline.microsoft.com
2014-03-20 20:27:13,javadl-esd-secure.oracle.com
2014-03-20 20:27:20,javadl-esd-secure.oracle.com
2014-03-20 20:49:51,geo.mozilla.org
2014-03-20 20:49:56,snippets-stats.mozilla.org
2014-03-20 20:52:12,www.google.fr
2014-03-20 20:52:12,www.google.com
2014-03-20 20:52:12,apis.google.com
2014-03-20 21:04:14,www.google.com
2014-03-20 21:04:14,www.google.fr
2014-03-20 21:04:14,id.google.fr
2014-03-27 15:11:46,api.bing.com
2014-03-27 15:11:57,www.google.com
2014-03-27 15:11:58,www.bing.com
2014-03-27 15:12:41,api.bing.com
2014-03-27 15:12:42,www.bing.com
2014-03-27 15:12:43,www.bing.com
2014-03-27 15:12:44,www.bing.com
2014-03-27 15:12:44,cms.abmr.net
2014-03-27 15:12:45,www.bing.com
2014-03-27 15:13:57,ieonline.microsoft.com
2014-03-27 15:13:57,go.microsoft.com
2014-03-27 15:23:17,www.dogfinance.com
2014-03-27 15:23:18,www.dogfinance.com
2014-03-27 15:26:35,api.bing.com
2014-03-27 15:26:36,api.bing.com
2014-03-27 15:26:37,www.bing.com
2014-03-27 15:26:38,cms.abmr.net
2014-03-27 15:26:38,www.bing.com
2014-03-27 15:26:39,www.bing.com
2014-03-27 15:26:40,www.bing.com
2014-03-27 15:26:49,login.live.com
2014-03-27 15:29:37,ieonline.microsoft.com
2014-03-27 15:29:38,office14client.microsoft.com
2014-03-27 15:29:39,office.microsoft.com
2014-03-27 15:29:40,office.microsoft.com
2014-03-27 16:07:24,api.bing.com
2014-03-27 16:09:37,office.microsoft.com
2014-03-27 16:18:42,api.bing.com
2014-03-27 16:18:43,api.bing.com
2014-03-27 16:18:44,www.bing.com
2014-03-27 16:18:45,www.bing.com
2014-03-27 16:18:46,login.live.com
2014-03-27 16:22:41,api.bing.com
2014-03-27 16:22:43,api.bing.com
2014-03-27 16:22:44,hotmail.fr
2014-03-27 16:22:53,login.live.com
2014-03-27 16:23:01,login.live.com
2014-03-27 16:23:31,login.live.com
2014-03-27 16:23:32,login.live.com
2014-03-27 16:23:38,mail.live.com
2014-03-27 16:23:43,dub130.mail.live.com
2014-03-27 16:23:48,cid-3a1be2753373e581.users.storage.live.com
2014-03-27 16:23:48,secure.shared.live.com
2014-03-27 16:23:48,people.directory.live.com
2014-03-27 16:23:49,js.live.net
2014-03-27 16:23:49,windowslive.tt.omtrdc.net
2014-03-27 16:23:53,secure.shared.live.com
2014-03-27 16:23:53,dub130.mail.live.com
2014-03-27 16:23:53,go.trouter.io
2014-03-27 16:23:54,storage.live.com
2014-03-27 16:23:54,windowslive.tt.omtrdc.net
2014-03-27 16:23:55,people.directory.live.com
2014-03-27 16:23:56,blufiles.storage.msn.com
2014-03-27 16:23:56,secure.shared.live.com
2014-03-27 16:23:58,h.live.com
2014-03-27 16:24:03,h.bing.com
2014-03-27 16:24:04,h.bing.com
2014-03-27 16:24:10,dub130.mail.live.com
2014-03-27 16:24:10,h.live.com
2014-03-27 16:24:16,dub130.mail.live.com
2014-03-27 16:24:16,h.live.com
2014-03-27 16:24:18,dub130.mail.live.com
2014-03-27 16:24:31,p.sfx.ms
2014-03-27 16:25:17,people.directory.live.com
2014-03-27 16:25:18,dub130.mail.live.com
2014-03-27 16:25:25,dub130.afx.ms
2014-03-27 16:25:30,h.live.com
2014-03-27 16:25:39,dub130.mail.live.com
2014-03-27 16:26:16,dl.patchbeam.com
2014-03-27 16:26:17,www.powerarchiver.com
2014-03-27 16:26:23,h.live.com
2014-03-27 16:26:45,dub130.mail.live.com
2014-03-27 16:28:15,go.microsoft.com
2014-03-27 16:28:15,shell.windows.com
2014-03-27 16:28:16,shell.windows.com
2014-03-27 16:28:33,shell.windows.com
2014-03-27 16:28:33,go.microsoft.com
2014-03-27 16:28:34,shell.windows.com
2014-03-27 16:28:35,shell.windows.com
2014-03-27 16:29:24,cid-3a1be2753373e581.users.storage.live.com
2014-03-27 16:29:47,h.live.com
2014-03-27 16:30:23,people.directory.live.com
2014-03-27 16:32:19,www.dogfinance.com
2014-03-27 16:32:30,p.sfx.ms
2014-03-27 16:33:40,dub130.mail.live.com
2014-03-27 16:33:40,login.live.com
2014-03-27 16:33:41,g.live.com
2014-03-27 16:33:41,go.trouter.io
2014-03-27 16:33:52,windowslive.tt.omtrdc.net
2014-03-27 16:44:02,api.bing.com
2014-03-27 16:44:03,hotmail.fr
2014-03-27 16:44:16,login.live.com
2014-03-27 16:44:24,login.live.com
2014-03-27 16:44:54,login.live.com
2014-03-27 16:44:55,login.live.com
2014-03-27 16:45:00,mail.live.com
2014-03-27 16:45:05,dub130.mail.live.com
2014-03-27 16:45:06,cid-3a1be2753373e581.users.storage.live.com
2014-03-27 16:45:06,dub130.mail.live.com
2014-03-27 16:45:11,secure.shared.live.com
2014-03-27 16:45:11,js.live.net
2014-03-27 16:45:11,people.directory.live.com
2014-03-27 16:45:12,secure.shared.live.com
2014-03-27 16:45:13,go.trouter.io
2014-03-27 16:45:13,windowslive.tt.omtrdc.net
2014-03-27 16:45:14,storage.live.com
2014-03-27 16:45:14,dub130.mail.live.com
2014-03-27 16:45:14,people.directory.live.com
2014-03-27 16:45:15,secure.shared.live.com
2014-03-27 16:45:16,blufiles.storage.msn.com
2014-03-27 16:45:18,h.live.com
2014-03-27 16:45:25,windowslive.tt.omtrdc.net
2014-03-27 16:45:34,h.live.com
2014-03-27 16:45:36,dub130.mail.live.com
2014-03-27 16:46:14,shell.windows.com
2014-03-27 16:46:14,go.microsoft.com
2014-03-27 16:46:15,shell.windows.com
2014-03-27 16:46:26,dub130.mail.live.com
2014-03-27 16:46:28,h.live.com
2014-03-27 16:46:42,go.microsoft.com
2014-03-27 16:46:43,proxy-blu-people.directory.live.com
2014-03-27 16:46:43,shell.windows.com
2014-03-27 16:46:44,shell.windows.com
2014-03-27 16:47:29,dub130.afx.ms
2014-03-27 16:47:29,p.sfx.ms
2014-03-27 16:47:29,h.live.com
2014-03-27 16:47:29,dub130.mail.live.com
2014-03-27 16:47:29,cid-3a1be2753373e581.users.storage.live.com
2014-03-28 09:34:36,api.bing.com
2014-03-28 09:37:38,ieonline.microsoft.com
2014-03-28 13:10:54,api.bing.com
2014-03-28 13:10:55,api.bing.com
2014-03-28 13:14:03,ieonline.microsoft.com
2014-03-28 13:15:45,hotmail.fr
2014-03-28 13:15:55,login.live.com
2014-03-28 13:15:56,hotmail.fr
2014-03-28 13:15:56,api.bing.com
2014-03-28 13:15:57,login.live.com
2014-03-28 13:16:14,login.live.com
2014-03-28 13:16:18,login.live.com
2014-03-28 13:16:24,mail.live.com
2014-03-28 13:16:29,dub130.mail.live.com
2014-03-28 13:16:29,cid-3a1be2753373e581.users.storage.live.com
2014-03-28 13:16:30,dub130.mail.live.com
2014-03-28 13:16:30,people.directory.live.com
2014-03-28 13:16:34,windowslive.tt.omtrdc.net
2014-03-28 13:16:34,js.live.net
2014-03-28 13:16:34,dub130.mail.live.com
2014-03-28 13:16:34,people.directory.live.com
2014-03-28 13:16:35,secure.shared.live.com
2014-03-28 13:16:35,cid-3a1be2753373e581.users.storage.live.com
2014-03-28 13:16:35,go.trouter.io
2014-03-28 13:16:35,h.live.com
2014-03-28 13:16:35,windowslive.tt.omtrdc.net
2014-03-28 13:16:35,blufiles.storage.msn.com
2014-03-28 13:16:36,h.bing.com
2014-03-28 13:16:36,h.live.com
2014-03-28 13:16:37,h.bing.com
2014-03-28 13:16:37,h.live.com
2014-03-28 13:16:38,h.live.com
2014-03-28 13:16:40,storage.live.com
2014-03-28 13:16:46,h.live.com
2014-03-28 13:16:51,go.trouter.io
2014-03-28 13:16:51,login.live.com
2014-03-28 13:16:51,dub130.mail.live.com
2014-03-28 13:16:51,secure.shared.live.com
2014-03-28 13:16:52,dub130.mail.live.com
2014-03-28 13:16:52,g.live.com
2014-03-28 13:17:03,windowslive.tt.omtrdc.net
2014-04-23 16:04:22,ieonline.microsoft.com
2014-04-23 16:04:30,login.live.com
2014-04-23 16:04:35,login.live.com
2014-04-23 16:04:36,login.live.com
2014-04-23 16:04:37,ssl.bing.com
2014-04-23 16:04:38,windowslive.tt.omtrdc.net
2014-04-23 16:04:50,windowslive.tt.omtrdc.net
2014-04-23 16:04:56,login.live.com
2014-04-23 16:04:57,login.live.com
2014-04-23 16:05:01,mail.live.com
2014-04-23 16:05:01,h.live.com
2014-04-23 16:05:02,dub130.mail.live.com
2014-04-23 16:05:02,people.directory.live.com
2014-04-23 16:05:02,h.bing.com
2014-04-23 16:05:03,h.live.com
2014-04-23 16:05:04,dub130.mail.live.com
2014-04-23 16:05:05,h.bing.com
2014-04-23 16:05:05,secure.shared.live.com
2014-04-23 16:05:05,cid-3a1be2753373e581.users.storage.live.com
2014-04-23 16:05:05,go.trouter.io
2014-04-23 16:05:06,h.live.com
2014-04-23 16:05:06,storage.live.com
2014-04-23 16:05:07,dub130.mail.live.com
2014-04-23 16:05:07,secure.shared.live.com
2014-04-23 16:05:14,js.live.net
2014-04-23 16:05:15,dub130.mail.live.com
2014-04-23 16:05:15,h.live.com
2014-04-23 16:05:15,p.sfx.ms
2014-04-23 16:05:15,blufiles.storage.msn.com
2014-04-23 16:05:16,dub130.mail.live.com
2014-04-23 16:05:31,dub130.mail.live.com
2014-04-23 16:05:32,dub130.mail.live.com
2014-04-23 16:05:36,h.live.com
2014-04-23 16:06:01,dub130.mail.live.com
2014-04-23 16:06:05,dub130.mail.live.com
2014-04-23 16:06:05,login.live.com
2014-04-23 16:06:06,go.trouter.io
2014-04-23 16:06:21,ieonline.microsoft.com
2014-04-23 16:06:21,go.microsoft.com
2014-04-23 16:06:31,h.live.com
2014-04-23 16:06:42,dub130.afx.ms
2014-04-23 16:07:01,dub130.mail.live.com
2014-04-23 16:07:03,cid-3a1be2753373e581.users.storage.live.com
2014-04-23 16:29:44,armmf.adobe.com
2014-04-23 16:34:44,javadl-esd-secure.oracle.com
2014-04-24 18:54:36,sci.sciences.univ-bpclermont.fr
2014-04-24 18:54:37,sci.sciences.univ-bpclermont.fr
2014-04-24 18:54:37,ocsp.thawte.com
2014-04-24 18:54:45,sci.sciences.univ-bpclermont.fr
2014-04-24 18:54:46,sci.sciences.univ-bpclermont.fr
2014-04-24 18:54:47,sci.sciences.univ-bpclermont.fr
2014-04-24 18:55:15,api.bing.com
2014-04-24 18:55:16,api.bing.com
2014-04-24 18:55:17,ent.univ-bpclermont.fr
2014-04-24 18:55:17,www.univ-bpclermont.fr
2014-04-24 18:55:18,www.univ-bpclermont.fr
2014-04-24 18:55:18,ent.univ-bpclermont.fr
2014-04-24 18:55:19,ent.univ-bpclermont.fr
2014-04-24 18:55:38,gtssl-ocsp.geotrust.com
2014-04-24 18:55:43,www.univ-bpclermont.fr
2014-04-24 18:55:57,ent.univ-bpclermont.fr
2014-04-24 18:55:58,ent.univ-bpclermont.fr
2014-04-24 18:55:58,www.univ-bpclermont.fr
2014-04-24 18:56:28,www.univ-bpclermont.fr
2014-04-24 18:56:28,ent.univ-bpclermont.fr
2014-04-24 18:56:56,clients1.google.com
2014-04-24 18:56:56,safebrowsing.clients.google.com
2014-04-24 18:56:56,safebrowsing-cache.google.com
2014-04-24 18:56:56,gtglobal-ocsp.geotrust.com
2014-04-24 18:56:57,safebrowsing-cache.google.com
2014-04-24 18:56:58,safebrowsing-cache.google.com
2014-04-24 18:56:59,safebrowsing-cache.google.com
2014-04-24 18:57:36,ieonline.microsoft.com
2014-04-24 18:59:41,www.univ-bpclermont.fr
2014-04-24 18:59:41,ent.univ-bpclermont.fr
2014-04-24 18:59:53,sb-ssl.google.com
2014-04-24 19:02:36,ocsp.verisign.com
2014-04-24 19:04:36,ocsp.digicert.com
2014-04-24 19:04:41,ent.univ-bpclermont.fr
