timestamp,site
2013-11-15 09:59:09,go.microsoft.com
2013-11-15 09:59:10,js.microsoft.com
2013-11-15 09:59:10,ajax.microsoft.com
2013-11-15 09:59:10,res1.windows.microsoft.com
2013-11-15 09:59:10,res2.windows.microsoft.com
2013-11-15 09:59:10,windows.microsoft.com
2013-11-15 09:59:24,www.bing.com
2013-11-15 09:59:25,www.bing.com
2013-11-15 09:59:26,login.live.com
2013-11-15 09:59:26,mail.google.com
2013-11-15 09:59:26,www.bing.com
2013-11-15 09:59:30,mail.google.com
2013-11-15 09:59:33,mail.google.com
2013-11-15 09:59:36,mail.google.com
2013-11-15 09:59:38,accounts.google.com
2013-11-15 09:59:39,accounts.google.com
2013-11-15 09:59:40,accounts.google.com
2013-11-15 09:59:41,accounts.youtube.com
2013-11-15 09:59:46,mail.google.com
2013-11-15 10:00:17,accounts.google.fr
2013-11-15 10:00:20,accounts.youtube.com
2013-11-15 10:00:20,accounts.google.com
2013-11-15 10:00:21,clients2.google.com
2013-11-15 10:00:21,mail.google.com
2013-11-15 10:00:21,accounts.google.fr
2013-11-15 10:00:21,apis.google.com
2013-11-15 10:00:22,mail.google.com
2013-11-15 10:00:22,plus.google.com
2013-11-15 10:00:22,apis.google.com
2013-11-15 10:00:23,accounts.google.com
2013-11-15 10:00:23,www.google.com
2013-11-15 10:00:25,chatenabled.mail.google.com
2013-11-15 10:00:26,b.mail.google.com
2013-11-15 10:00:27,ieonline.microsoft.com
2013-11-15 10:00:31,www.google.com
2013-11-15 10:00:33,plus.google.com
2013-11-15 10:00:33,chatenabled.mail.google.com
2013-11-15 10:00:33,apis.google.com
2013-11-15 10:00:34,apis.google.com
2013-11-15 10:00:34,mail.google.com
2013-11-15 10:00:35,plus.google.com
2013-11-15 10:00:53,plus.google.com
2013-11-15 10:01:01,clients6.google.com
2013-11-15 10:01:01,plus.google.com
2013-11-15 10:02:21,mail.google.com
2013-11-15 10:02:41,b.mail.google.com
2013-11-15 10:02:41,plus.google.com
2013-11-15 10:02:41,clients6.google.com
2013-11-15 10:02:41,apis.google.com
2013-11-15 10:02:43,www.squid-cache.org
2013-11-15 10:02:48,clients6.google.com
2013-11-15 10:02:55,clients2.google.com
2013-11-15 10:02:58,www.google.com
2013-11-15 10:02:59,mail.google.com
2013-11-15 10:03:08,clients6.google.com
2013-11-15 10:03:09,chatenabled.mail.google.com
2013-11-15 10:03:21,go.microsoft.com
2013-11-15 10:03:22,shell.windows.com
2013-11-15 10:03:23,shell.windows.com
2013-11-15 10:04:09,plus.google.com
2013-11-15 10:04:09,clients6.google.com
2013-11-15 10:04:12,b.mail.google.com
2013-11-15 10:04:13,accounts.google.com
2013-11-15 10:04:13,www.google.fr
2013-11-15 10:04:13,mail.google.com
2013-11-15 10:04:13,www.google.com
2013-11-15 10:04:13,accounts.google.fr
2013-11-15 10:04:13,clients6.google.com
2013-11-15 10:04:24,accounts.google.com
2013-11-15 10:04:24,accounts.youtube.com
2013-11-15 10:04:24,mail.google.com
2013-11-15 10:04:24,www.google.fr
2013-11-15 10:04:24,accounts.google.fr
2013-11-15 10:04:57,www.google.fr
2013-11-15 10:04:57,mail.google.com
2013-11-15 10:04:57,apis.google.com
2013-11-15 10:04:57,www.sigayret.fr
2013-11-15 10:04:57,www.google.com
2013-11-15 10:04:58,sigayret.fr
2013-11-15 10:08:06,mail.google.com
2013-11-15 10:08:06,www.google.fr
2013-11-15 10:19:40,www.google.com
2013-11-15 10:19:41,clients1.google.com
2013-11-15 10:19:42,www.google.com
2013-11-15 10:19:42,www.sigayret.fr
2013-11-15 10:19:44,www.sigayret.fr
2013-11-15 10:19:44,www.google.com
2013-11-15 10:19:44,sigayret.fr
2013-11-15 10:21:01,www.google.com
2013-11-15 10:22:48,sigayret.fr
2013-11-15 10:25:02,www.sigayret.fr
2013-11-15 10:25:31,www.google.com
2013-11-15 10:25:31,clients1.google.com
2013-11-15 10:25:37,www.google.com
2013-11-15 10:25:37,mail.google.com
2013-11-15 10:25:42,www.sigayret.fr
2013-11-15 10:27:47,sigayret.fr
2013-11-15 10:31:16,sigayret.fr
2013-11-15 10:31:19,sigayret.fr
2013-11-15 10:31:26,sigayret.fr
2013-11-15 10:31:46,sigayret.fr
2013-11-15 10:32:27,sigayret.fr
2013-11-15 10:34:40,www.sigayret.fr
2013-11-15 10:35:20,clients1.google.com
2013-11-15 10:35:20,www.google.com
2013-11-15 10:35:27,www.google.com
2013-11-15 10:35:27,www.grappa.univ-lille3.fr
2013-11-15 10:43:43,www.google.com
2013-11-15 10:43:43,clients1.google.com
2013-11-15 10:43:52,www.developpez.com
2013-11-15 10:43:52,www.google.com
2013-11-15 10:43:52,mtodorovic.developpez.com
2013-11-15 10:43:53,www.developpez.com
2013-11-15 10:43:53,mtodorovic.developpez.com
2013-11-15 10:43:53,premium.hi-mediaserver.com
2013-11-15 10:44:01,www.google.com
2013-11-15 10:44:01,www.fil.univ-lille1.fr
2013-11-15 10:44:04,www.fil.univ-lille1.fr
2013-11-15 10:46:34,www.sigayret.fr
2013-11-15 10:57:20,sigayret.fr
2013-11-15 11:26:19,www.sigayret.fr
2013-11-15 11:33:30,fxfeeds.mozilla.com
2013-11-15 11:33:30,newsrss.bbc.co.uk
2013-11-15 11:33:30,feeds.bbci.co.uk
2013-11-25 12:17:38,fpdownload2.macromedia.com
2013-11-25 12:17:50,www.bing.com
2013-11-25 12:17:51,www.bing.com
2013-11-25 12:17:52,www.bing.com
2013-11-25 12:33:47,office14client.microsoft.com
2013-11-25 12:33:48,office.microsoft.com
2013-11-25 12:33:50,office.microsoft.com
2013-11-27 08:20:49,www.google.com
2013-11-27 08:20:49,img.youtube.com
2013-11-27 08:20:49,clients1.google.com
2013-11-27 08:20:52,www.google.com
2013-11-27 08:21:07,sigayret.fr
2013-11-27 08:21:10,sigayret.fr
2013-11-27 08:22:12,www.google.com
2013-11-27 08:22:13,clients1.google.com
2013-11-27 08:22:17,www.addinto.com
2013-11-27 08:22:17,www.google.com
2013-11-27 08:22:17,www.freelance-informatique.fr
2013-11-27 08:22:18,www.freelance-informatique.fr
2013-11-27 08:22:18,www.addinto.com
2013-11-27 08:22:18,static.addinto.com
2013-11-27 08:22:21,www.freelance-informatique.fr
2013-11-27 08:22:25,www.google.com
2013-11-27 08:22:26,www.google.com
2013-11-27 08:22:26,fr.openclassrooms.com
2013-11-27 08:22:27,fr.openclassrooms.com
2013-11-27 08:22:27,www.google.com
2013-11-27 08:22:27,nsa32.casimages.com
2013-11-27 08:22:28,fr.openclassrooms.com
2013-11-27 08:22:28,sigayret.fr
2013-11-27 08:22:28,clients1.google.com
2013-11-27 08:22:28,dnn506yrbagrg.cloudfront.net
2013-11-27 08:22:28,gtglobal-ocsp.geotrust.com
2013-11-27 08:22:30,cip.gagnoo.com
2013-11-27 08:22:31,fr.openclassrooms.com
2013-11-27 08:22:32,fr.openclassrooms.com
2013-11-27 08:23:20,clients1.google.com
2013-11-27 08:23:22,www.google.com
2013-11-27 08:23:22,clients1.google.com
2013-11-27 08:23:27,clients1.google.com
2013-11-27 08:23:28,clients1.google.com
2013-11-27 08:23:29,clients1.google.com
2013-11-27 08:23:29,www.google.com
2013-11-27 08:23:30,clients1.google.com
2013-11-27 08:23:37,www.squid-cache.org
2013-11-27 08:23:40,www.google.com
2013-11-27 08:23:40,www.clubic.com
2013-11-27 08:23:41,emailretargeting.com
2013-11-27 08:23:41,www.clubic.com
2013-11-27 08:23:41,img.clubic.com
2013-11-27 08:23:41,dc1w54.wysistat.com
2013-11-27 08:23:42,www.clubic.com
2013-11-27 08:23:42,widget.achetezfacile.com
2013-11-27 08:23:42,ajax.googleapis.com
2013-11-27 08:23:42,i.htfacile.fr
2013-11-27 08:23:43,www.facebook.com
2013-11-27 08:23:43,static.ak.facebook.com
2013-11-27 08:23:43,s-static.ak.facebook.com
2013-11-27 08:23:43,platform.twitter.com
2013-11-27 08:23:43,connect.facebook.net
2013-11-27 08:23:46,cloudfront.cedexis.com
2013-11-27 08:23:46,i1-js-14-3-01-12434-831111004-i.init.cedexis-radar.net
2013-11-27 08:23:47,cloudfront.cedexis.com
2013-11-27 08:24:02,sigayret.fr
2013-11-27 08:26:29,www.googleapis.com
2013-11-27 08:27:31,sigayret.fr
2013-11-27 08:27:33,sigayret.fr
2013-11-27 08:27:45,sigayret.fr
2013-11-27 08:30:21,fxfeeds.mozilla.com
2013-11-27 08:30:21,newsrss.bbc.co.uk
2013-11-27 08:30:21,feeds.bbci.co.uk
2013-11-27 08:31:40,sigayret.fr
2013-11-27 08:32:42,clients1.google.com
2013-11-27 08:32:42,www.google.com
2013-11-27 08:32:45,www.google.com
2013-11-27 08:32:45,e-ressources.univ-avignon.fr
2013-11-27 08:32:52,e-ressources.univ-avignon.fr
2013-11-27 08:32:53,e-ressources.univ-avignon.fr
2013-11-27 08:33:24,e-ressources.univ-avignon.fr
2013-11-27 08:34:26,e-ressources.univ-avignon.fr
2013-11-27 08:34:41,clients1.google.com
2013-11-27 08:34:42,www.google.com
2013-11-27 08:34:43,clients1.google.com
2013-11-27 08:34:53,www.google.com
2013-11-27 08:34:54,igm.univ-mlv.fr
2013-11-27 08:37:07,sigayret.fr
2013-11-27 08:38:55,sigayret.fr
2013-11-27 08:39:13,www.google.com
2013-11-27 08:39:14,ocsp.tcs.terena.org
2013-11-27 08:39:14,ocsp.usertrust.com
2013-11-27 08:39:14,ocsp.comodoca.com
2013-11-27 08:39:30,www.ibisc.univ-evry.fr
2013-11-27 08:39:33,www.ibisc.univ-evry.fr
2013-11-27 08:39:41,www.google.com
2013-11-27 08:40:22,www.google.com
2013-11-27 08:40:33,www.google.com
2013-11-27 08:40:33,clients1.google.com
2013-11-27 08:40:44,www.google.com
2013-11-27 08:40:44,asm.developpez.com
2013-11-27 08:40:44,www.developpez.com
2013-11-27 08:40:45,asm.developpez.com
2013-11-27 08:40:45,clients1.google.com
2013-11-27 08:40:45,www.developpez.com
2013-11-27 08:40:45,premium.hi-mediaserver.com
2013-11-27 08:40:45,www.google.com
2013-11-27 08:40:46,www.developpez.com
2013-11-27 08:40:46,asm.developpez.com
2013-11-27 08:41:28,clients1.google.com
2013-11-27 08:41:28,www.google.com
2013-11-27 08:41:32,www.google.com
2013-11-27 08:41:35,www.cppfrance.com
2013-11-27 08:41:35,r.ccm2.net
2013-11-27 08:41:38,www.cppfrance.com
2013-11-27 08:41:40,www.cppfrance.com
2013-11-27 08:41:43,www.google.com
2013-11-27 08:41:43,www.lifl.fr
2013-11-27 08:41:46,www.lifl.fr
2013-11-27 08:41:47,www.lifl.fr
2013-11-27 08:41:52,www.google.com
2013-11-27 08:41:52,www.clubic.com
2013-11-27 08:41:53,widget.achetezfacile.com
2013-11-27 08:41:53,dc1w54.wysistat.com
2013-11-27 08:41:53,google.ezakus.net
2013-11-27 08:41:53,www.clubic.com
2013-11-27 08:41:54,i.htfacile.fr
2013-11-27 08:41:54,www.clubic.com
2013-11-27 08:41:54,www.facebook.com
2013-11-27 08:41:54,static.ak.facebook.com
2013-11-27 08:41:55,www.clubic.com
2013-11-27 08:41:55,www.facebook.com
2013-11-27 08:41:55,s-static.ak.facebook.com
2013-11-27 08:41:58,i1-js-14-3-01-12434-94267147-i.init.cedexis-radar.net
2013-11-27 08:41:58,slc.viawest.bench.cedexis.com
2013-11-27 08:42:13,www.google.com
2013-11-27 08:42:14,ocsp.godaddy.com
2013-11-27 08:42:14,r.ccm2.net
2013-11-27 08:42:14,ba.commentcamarche.net
2013-11-27 08:42:14,www.commentcamarche.net
2013-11-27 08:42:14,static.ccm2.net
2013-11-27 08:42:15,ba.commentcamarche.net
2013-11-27 08:42:15,ocsp.digicert.com
2013-11-27 08:42:15,static.ccm2.net
2013-11-27 08:42:16,static.ccm2.net
2013-11-27 08:42:16,broadcast.piximedia.fr
2013-11-27 08:42:17,www.facebook.com
2013-11-27 08:42:17,broadcast.piximedia.fr
2013-11-27 08:42:17,static.ccm2.net
2013-11-27 08:42:17,ba.commentcamarche.net
2013-11-27 08:42:17,s-static.ak.facebook.com
2013-11-27 08:42:17,static.ak.facebook.com
2013-11-27 08:42:18,www.facebook.com
2013-11-27 08:42:18,static.ccmbg.com
2013-11-27 08:42:18,static.ccm2.net
2013-11-27 08:42:18,platform.twitter.com
2013-11-27 08:42:19,evsecure-ocsp.verisign.com
2013-11-27 08:42:49,twitter.com
2013-11-27 08:42:56,www.google.com
2013-11-27 08:42:56,clients1.google.com
2013-11-27 08:43:01,ba.commentcamarche.net
2013-11-27 08:43:01,www.google.com
2013-11-27 08:43:01,www.commentcamarche.net
2013-11-27 08:43:02,s-static.ak.facebook.com
2013-11-27 08:43:02,event.etam.com
2013-11-27 08:43:02,www.facebook.com
2013-11-27 08:43:02,static.ak.facebook.com
2013-11-27 08:43:02,static.ccm2.net
2013-11-27 08:43:02,ba.commentcamarche.net
2013-11-27 08:43:02,style2.ad6.fr
2013-11-27 08:43:02,kh6qrx0f8h.s.ad6media.fr
2013-11-27 08:43:03,kh6qrx0f8h.s.ad6media.fr
2013-11-27 08:43:04,static.ccm2.net
2013-11-27 08:43:05,www.etam.com
2013-11-27 08:43:33,twitter.com
2013-11-27 08:44:35,clients1.google.com
2013-11-27 08:44:38,clients1.google.com
2013-11-27 08:44:39,clients1.google.com
2013-11-27 08:44:40,clients1.google.com
2013-11-27 08:44:41,clients1.google.com
2013-11-27 08:44:48,www.google.com
2013-11-27 08:44:48,clients1.google.com
2013-11-27 08:44:50,www.google.com
2013-11-27 08:44:56,www.google.com
2013-11-27 08:44:56,www.microelec.patricklecoq.fr
2013-11-27 08:46:14,ajax.googleapis.com
2013-11-27 08:47:05,apis.google.com
2013-11-27 08:49:29,www.google.com
2013-11-27 08:49:29,clients1.google.com
2013-11-27 08:49:31,www.google.com
2013-11-27 08:49:39,www.microelec.patricklecoq.fr
2013-11-27 08:49:39,www.google.com
2013-11-27 08:50:29,sigayret.fr
2013-11-27 09:02:33,clients1.google.com
2013-11-27 09:02:33,www.google.com
2013-11-27 09:02:36,www.google.com
2013-11-27 09:02:39,clients1.google.com
2013-11-27 09:02:39,www.google.com
2013-11-27 09:02:41,clients1.google.com
2013-11-27 09:02:41,www.google.com
2013-11-27 09:02:45,www.google.com
2013-11-27 09:02:45,clients1.google.com
2013-11-27 09:02:47,www.google.com
2013-11-27 09:02:47,web.univ-pau.fr
2013-11-27 09:10:29,sigayret.fr
2013-11-27 09:12:24,www.google.com
2013-11-27 09:12:25,clients1.google.com
2013-11-27 09:12:27,www.google.com
2013-11-27 09:12:27,ocsp.tcs.terena.org
2013-11-27 09:12:28,www.google.com
2013-11-27 09:22:42,clients1.google.com
2013-11-27 09:22:43,clients1.google.com
2013-11-27 09:22:44,clients1.google.com
2013-11-27 09:22:45,clients1.google.com
2013-11-27 09:22:46,clients1.google.com
2013-11-27 09:23:32,www.google.com
2013-11-27 09:23:34,www.google.com
2013-11-27 09:23:34,clients1.google.com
2013-11-27 09:23:39,www.google.com
2013-11-27 09:23:40,www.gladir.com
2013-11-27 09:23:41,www.gladir.com
2013-11-27 09:23:42,www.gladir.com
2013-11-27 09:23:42,www.google.com
2013-11-27 09:23:43,www.google.com
2013-11-27 09:23:43,clients1.google.com
2013-11-27 09:23:43,www.gladir.com
2013-11-27 09:23:43,gtglobal-ocsp.geotrust.com
2013-11-27 09:23:55,www.google.com
2013-11-27 09:23:56,paslam.com
2013-11-27 09:39:53,sigayret.fr
2013-11-27 09:44:22,www.google.com
2013-11-27 09:44:22,clients1.google.com
2013-11-27 09:44:23,www.google.com
2013-11-27 09:44:35,sigayret.fr
2013-11-27 09:45:21,feeds.bbci.co.uk
2013-11-27 09:45:21,newsrss.bbc.co.uk
2013-11-27 09:45:21,fxfeeds.mozilla.com
2013-11-27 09:47:00,sigayret.fr
2013-11-27 09:47:38,www.google.com
2013-11-27 09:47:38,clients1.google.com
2013-11-27 09:47:41,www.google.com
2013-11-27 09:47:44,sigayret.fr
2013-11-27 09:49:06,clients1.google.com
2013-11-27 09:49:06,www.google.com
2013-11-27 09:49:08,www.google.com
2013-11-27 09:50:04,sigayret.fr
2013-11-29 11:00:50,fxfeeds.mozilla.com
2013-11-29 11:00:50,feeds.bbci.co.uk
2013-11-29 11:00:50,newsrss.bbc.co.uk
2013-11-29 11:00:58,www.google.com
2013-11-29 11:00:58,clients1.google.com
2013-11-29 11:01:00,www.google.com
2013-11-29 11:01:00,fr.openclassrooms.com
2013-11-29 11:01:00,banniere.reussissonsensemble.fr
2013-11-29 11:01:00,static.siteduzero.com
2013-11-29 11:01:01,fr.openclassrooms.com
2013-11-29 11:01:01,clients1.google.com
2013-11-29 11:01:01,www.google.com
2013-11-29 11:01:01,static.siteduzero.com
2013-11-29 11:01:01,banniere.reussissonsensemble.fr
2013-11-29 11:01:01,dnn506yrbagrg.cloudfront.net
2013-11-29 11:01:02,gtglobal-ocsp.geotrust.com
2013-11-29 11:01:02,banniere.reussissonsensemble.fr
2013-11-29 11:01:02,clients1.google.com
2013-11-29 11:01:53,fr.openclassrooms.com
2013-11-29 11:01:54,fr.openclassrooms.com
2013-11-29 11:01:54,www.google.com
2013-11-29 11:01:55,dnn506yrbagrg.cloudfront.net
2013-11-29 11:01:56,www.google.com
2013-11-29 11:01:56,clients1.google.com
2013-11-29 11:01:59,clients1.google.com
2013-11-29 11:02:00,clients1.google.com
2013-11-29 11:02:01,clients1.google.com
2013-11-29 11:02:04,www.google.com
2013-11-29 11:02:12,clients1.google.com
2013-11-29 11:02:13,clients1.google.com
2013-11-29 11:02:14,clients1.google.com
2013-11-29 11:02:15,clients1.google.com
2013-11-29 11:02:16,clients1.google.com
2013-11-29 11:02:17,www.google.com
2013-11-29 11:02:23,www.google.com
2013-11-29 11:02:23,c.developpez.com
2013-11-29 11:02:24,c.developpez.com
2013-11-29 11:02:24,www.developpez.com
2013-11-29 11:02:24,www.google.com
2013-11-29 11:02:24,clients1.google.com
2013-11-29 11:02:24,magazine.developpez.com
2013-11-29 11:02:24,www.developpez.net
2013-11-29 11:02:24,premium.hi-mediaserver.com
2013-11-29 11:02:25,magazine.developpez.com
2013-11-29 11:02:25,c.developpez.com
2013-11-29 11:02:25,www.developpez.com
2013-11-29 11:02:39,fr.openclassrooms.com
2013-11-29 11:02:44,clients1.google.com
2013-11-29 11:02:56,fr.openclassrooms.com
2013-11-29 11:02:56,www.google.com
2013-11-29 11:02:58,fr.openclassrooms.com
2013-11-29 11:02:58,cs.specificclick.net
2013-11-29 11:03:00,choices.truste.com
2013-11-29 11:03:01,cs.specificclick.net
2013-11-29 11:03:01,rubicon-match.dotomi.com
2013-11-29 11:03:11,www.google.com
2013-11-29 11:03:23,choices.truste.com
2013-11-29 11:03:24,fr.openclassrooms.com
2013-11-29 11:03:24,www.google.com
2013-11-29 11:03:25,www.google.com
2013-11-29 11:03:25,fr.openclassrooms.com
2013-11-29 11:03:35,gg.google.com
2013-11-29 11:04:06,fr.openclassrooms.com
2013-11-29 11:04:06,www.google.com
2013-11-29 11:04:08,fr.openclassrooms.com
2013-11-29 11:04:08,pool-eu-ie.creative-serving.com
2013-11-29 11:04:09,fr.openclassrooms.com
2013-11-29 11:04:11,fr.openclassrooms.com
2013-11-29 11:04:12,fr.openclassrooms.com
2013-11-29 11:05:03,clients1.google.com
2013-11-29 11:05:04,safebrowsing.clients.google.com
2013-11-29 11:05:04,safebrowsing-cache.google.com
2013-11-29 11:05:05,safebrowsing-cache.google.com
2013-11-29 11:05:06,safebrowsing-cache.google.com
2013-11-29 11:05:07,safebrowsing-cache.google.com
2013-11-29 11:05:08,safebrowsing-cache.google.com
2013-11-29 11:06:09,safebrowsing-cache.google.com
2013-11-29 11:06:10,safebrowsing-cache.google.com
2013-11-29 11:06:55,www.google.com
2013-11-29 11:08:06,www.googleapis.com
2013-11-29 11:09:04,sb-ssl.google.com
2013-11-29 11:10:27,ocsp.digicert.com
2013-11-29 11:11:14,www.microsigma.fr
2013-11-29 11:11:15,www.microsigma.fr
2013-11-29 11:11:15,microsigma.fr
2013-11-29 11:11:16,www.microsigma.fr
2013-11-29 11:11:17,www.microsigma.fr
2013-11-29 11:11:28,www.microsigma.fr
2013-11-29 11:11:35,www.google.com
2013-11-29 11:11:35,fr.openclassrooms.com
2013-11-29 11:11:36,fr.openclassrooms.com
2013-11-29 11:15:37,www.googleapis.com
2013-11-29 11:22:49,ocsp.comodoca.com
2013-11-29 11:22:49,pr.ybp.yahoo.com
2013-11-29 11:22:54,match.rtbidder.net
2013-11-29 11:22:54,rp.gwallet.com
2013-11-29 11:22:54,choices.truste.com
2013-11-29 11:22:57,choices.truste.com
2013-11-29 11:23:13,pixel2368.everesttech.net
2013-11-29 11:23:30,fr.openclassrooms.com
2013-11-29 11:23:30,www.google.com
2013-11-29 11:24:59,www.google.com
2013-11-29 11:24:59,fr.openclassrooms.com
2013-11-29 11:25:00,fr.openclassrooms.com
2013-11-29 11:25:01,http.tidaltv.com
2013-11-29 11:25:47,fr.openclassrooms.com
2013-11-29 11:25:47,www.google.com
2013-11-29 11:25:49,ocsp.digicert.com
2013-11-29 11:25:49,ocsp.godaddy.com
2013-11-29 11:25:53,rbp.mxptint.net
2013-11-29 11:25:53,www.facebook.com
2013-11-29 11:25:54,gtssl-ocsp.geotrust.com
2013-11-29 11:25:58,www.facebook.com
2013-11-29 11:25:58,http.tidaltv.com
2013-11-29 11:25:58,um.simpli.fi
2013-11-29 11:26:05,http.tidaltv.com
2013-11-29 11:26:12,fr.openclassrooms.com
2013-11-29 11:26:12,http.tidaltv.com
2013-11-29 11:26:25,http.tidaltv.com
2013-11-29 11:26:27,http.tidaltv.com
2013-11-29 11:26:49,fr.openclassrooms.com
2013-11-29 11:26:49,www.google.com
2013-11-29 11:26:51,fr.openclassrooms.com
2013-11-29 11:26:51,http.tidaltv.com
2013-11-29 11:27:03,http.tidaltv.com
2013-11-29 11:27:05,http.tidaltv.com
2013-11-29 11:30:07,www.google.com
2013-11-29 11:30:07,fr.openclassrooms.com
2013-11-29 11:30:40,fr.openclassrooms.com
2013-11-29 11:30:40,www.google.com
2013-11-29 11:30:43,choices.truste.com
2013-11-29 11:30:44,jdn.monster.com
2013-11-29 11:30:45,jdn.monster.com
2013-11-29 11:30:46,jdn.monster.com
2013-11-29 11:30:47,ocsp.verisign.com
2013-11-29 11:30:47,apnx-match.dotomi.com
2013-11-29 11:31:53,choices.truste.com
2013-11-29 11:34:40,www.googleapis.com
2013-11-29 11:37:46,safebrowsing-cache.google.com
2013-11-29 11:37:46,safebrowsing.clients.google.com
2013-11-29 11:37:47,safebrowsing-cache.google.com
2013-11-29 11:37:48,safebrowsing-cache.google.com
2013-11-29 11:37:49,safebrowsing-cache.google.com
2013-11-29 11:37:50,safebrowsing-cache.google.com
2013-11-29 11:37:51,safebrowsing-cache.google.com
2013-11-29 11:38:51,safebrowsing-cache.google.com
2013-11-29 11:38:52,safebrowsing-cache.google.com
2013-12-17 10:39:40,fpdownload2.macromedia.com
2013-12-17 10:40:23,www.bing.com
2013-12-17 10:40:23,logc258.at.pagesjaunes.fr
2013-12-17 10:40:23,www.pagesjaunes.fr
2013-12-17 10:40:23,ecn.api.tiles.virtualearth.net
2013-12-17 10:40:24,www.bing.com
2013-12-17 10:40:25,translate.google.fr
2013-12-17 10:40:25,login.live.com
2013-12-17 10:40:25,www.bing.com
2013-12-17 10:40:25,cms.abmr.net
2013-12-17 10:40:26,translate.google.fr
2013-12-17 10:40:29,www.google.com
2013-12-17 10:40:29,translate.google.fr
2013-12-17 10:40:37,apis.google.com
2013-12-17 10:41:31,translate.google.fr
2013-12-17 10:41:34,www.google.com
2013-12-17 10:41:34,translate.google.fr
2013-12-17 10:41:35,translate.google.fr
2013-12-17 10:41:36,www.google.com
2013-12-17 10:41:36,translate.google.fr
2013-12-17 10:41:42,apis.google.com
2013-12-17 10:41:43,translate.google.fr
2013-12-17 10:41:43,apis.google.com
2013-12-17 10:41:54,www.bing.com
2013-12-17 10:41:55,www.bing.com
2013-12-17 10:41:56,mail.google.com
2013-12-17 10:41:56,www.bing.com
2013-12-17 10:41:56,apis.google.com
2013-12-17 10:41:56,login.live.com
2013-12-17 10:41:59,mail.google.com
2013-12-17 10:42:03,accounts.google.com
2013-12-17 10:42:04,accounts.google.com
2013-12-17 10:42:07,accounts.youtube.com
2013-12-17 10:42:09,mail.google.com
2013-12-17 10:42:21,accounts.google.fr
2013-12-17 10:42:25,accounts.google.com
2013-12-17 10:42:25,accounts.youtube.com
2013-12-17 10:42:25,accounts.google.fr
2013-12-17 10:42:25,plus.google.com
2013-12-17 10:42:25,clients2.google.com
2013-12-17 10:42:25,mail.google.com
2013-12-17 10:42:26,plus.google.com
2013-12-17 10:42:26,apis.google.com
2013-12-17 10:42:27,apis.google.com
2013-12-17 10:42:27,www.google.com
2013-12-17 10:42:29,chatenabled.mail.google.com
2013-12-17 10:42:29,accounts.google.com
2013-12-17 10:42:30,www.google.com
2013-12-17 10:42:30,b.mail.google.com
2013-12-17 10:42:42,chatenabled.mail.google.com
2013-12-17 10:42:44,mail.google.com
2013-12-17 10:42:58,drive.google.com
2013-12-17 10:42:59,apis.google.com
2013-12-17 10:42:59,drive.google.com
2013-12-17 10:43:00,drive.google.com
2013-12-17 10:43:02,drive.google.com
2013-12-17 10:43:02,0.drive.google.com
2013-12-17 10:43:07,drive.google.com
2013-12-17 10:43:16,www.google.com
2013-12-17 10:43:16,docs.google.com
2013-12-17 10:43:16,plus.google.com
2013-12-17 10:43:39,docs.google.com
2013-12-17 10:43:56,docs.google.com
2013-12-17 10:43:58,docs.google.com
2013-12-17 10:43:58,apis.google.com
2013-12-17 10:43:59,docs.google.com
2013-12-17 10:43:59,gg.google.com
2013-12-17 10:44:00,www.google.com
2013-12-17 10:44:01,0.docs.google.com
2013-12-17 10:44:01,accounts.google.com
2013-12-17 10:44:01,clients6.google.com
2013-12-17 10:44:01,docs.google.com
2013-12-17 10:44:04,docs.google.com
2013-12-17 10:44:25,mail.google.com
2013-12-17 10:44:29,0.docs.google.com
2013-12-17 10:44:29,apis.google.com
2013-12-17 10:44:29,docs.google.com
2013-12-17 10:44:37,docs.google.com
2013-12-17 10:44:39,docs.google.com
2013-12-17 10:44:39,apis.google.com
2013-12-17 10:44:40,docs.google.com
2013-12-17 10:44:41,www.google.com
2013-12-17 10:44:42,accounts.google.com
2013-12-17 10:44:42,1.docs.google.com
2013-12-17 10:44:42,clients6.google.com
2013-12-17 10:44:42,apis.google.com
2013-12-17 10:44:42,docs.google.com
2013-12-17 10:45:09,www.google.com
2013-12-17 10:45:09,accounts.google.com
2013-12-17 10:45:09,apis.google.com
2013-12-17 10:45:09,clients6.google.com
2013-12-17 10:46:44,www.google.com
2013-12-17 10:46:46,www.google.com
2013-12-17 10:46:54,plus.google.com
2013-12-17 10:47:16,docs.google.com
2013-12-17 10:47:40,plus.google.com
2013-12-17 10:47:42,docs.google.com
2013-12-17 10:47:42,1.docs.google.com
2013-12-17 10:47:43,b.mail.google.com
2013-12-17 10:47:43,mail.google.com
2013-12-17 10:47:43,gg.google.com
2013-12-17 10:47:43,0.drive.google.com
2013-12-17 10:47:43,www.google.com
2013-12-17 10:47:43,clients6.google.com
2013-12-17 10:47:43,accounts.google.com
2013-12-17 10:47:43,drive.google.com
2013-12-17 11:01:32,office14client.microsoft.com
2013-12-17 11:01:36,office.microsoft.com
2013-12-17 11:01:40,office.microsoft.com
2013-12-17 11:03:03,api.bing.com
2013-12-17 11:03:04,api.bing.com
2013-12-17 11:03:05,api.bing.com
2013-12-17 11:03:06,api.bing.com
2013-12-17 11:03:07,www.bing.com
2013-12-17 11:03:08,www.bing.com
2013-12-17 11:03:09,www.bing.com
2013-12-17 11:03:09,translate.google.fr
2013-12-17 11:03:09,login.live.com
2013-12-17 11:03:10,translate.google.fr
2013-12-17 11:03:11,translate.google.fr
2013-12-17 11:03:15,translate.google.fr
2013-12-17 11:03:15,www.google.com
2013-12-17 11:03:17,translate.google.fr
2013-12-17 11:03:24,api.bing.com
2013-12-17 11:03:25,api.bing.com
2013-12-17 11:03:26,www.bing.com
2013-12-17 11:03:26,api.bing.com
2013-12-17 11:03:33,www.bing.com
2013-12-17 11:03:33,mail.google.com
2013-12-17 11:03:36,mail.google.com
2013-12-17 11:03:36,apis.google.com
2013-12-17 11:03:37,plus.google.com
2013-12-17 11:03:41,login.live.com
2013-12-17 11:03:45,accounts.google.com
2013-12-17 11:03:48,mail.google.com
2013-12-17 11:03:50,translate.google.fr
2013-12-17 11:03:50,plus.google.com
2013-12-17 11:03:50,accounts.google.com
2013-12-17 11:03:50,apis.google.com
2013-12-17 11:03:51,translate.google.fr
2013-12-17 11:03:52,translate.google.fr
2013-12-17 11:03:52,mail.google.com
2013-12-17 11:03:53,mail.google.com
2013-12-17 11:03:53,translate.google.fr
2013-12-17 11:03:58,translate.google.fr
2013-12-17 11:03:59,translate.google.fr
2013-12-17 11:04:00,translate.google.fr
2013-12-17 11:04:03,translate.google.fr
2013-12-17 11:04:03,mail.google.com
2013-12-17 11:04:04,translate.google.fr
2013-12-17 11:04:05,translate.google.fr
2013-12-17 11:04:06,translate.google.fr
2013-12-17 11:04:07,mail.google.com
2013-12-17 11:04:08,clients2.google.com
2013-12-17 11:04:08,mail.google.com
2013-12-17 11:04:09,clients2.google.com
2013-12-17 11:04:09,translate.google.fr
2013-12-17 11:04:10,accounts.google.com
2013-12-17 11:04:10,plus.google.com
2013-12-17 11:04:10,apis.google.com
2013-12-17 11:04:10,translate.google.fr
2013-12-17 11:04:11,www.google.com
2013-12-17 11:04:14,translate.google.fr
2013-12-17 11:04:14,chatenabled.mail.google.com
2013-12-17 11:04:16,b.mail.google.com
2013-12-17 11:04:16,translate.google.fr
2013-12-17 11:04:17,translate.google.fr
2013-12-17 11:04:19,www.google.com
2013-12-17 11:04:20,translate.google.fr
2013-12-17 11:04:24,plus.google.com
2013-12-17 11:04:25,translate.google.fr
2013-12-17 11:04:31,translate.google.fr
2013-12-17 11:04:39,api.bing.com
2013-12-17 11:04:43,www.bing.com
2013-12-17 11:04:58,www.bing.com
2013-12-17 11:04:58,login.live.com
2013-12-17 11:04:59,fr.answers.yahoo.com
2013-12-17 11:04:59,yui.yahooapis.com
2013-12-17 11:05:00,yui.yahooapis.com
2013-12-17 11:05:00,dmros.ysm.yahoo.com
2013-12-17 11:05:03,yui.yahooapis.com
2013-12-17 11:05:06,yui.yahooapis.com
2013-12-17 11:05:07,chatenabled.mail.google.com
2013-12-17 11:05:23,socialprofiles.zenfs.com
2013-12-17 11:05:40,mail.google.com
2013-12-17 11:05:51,mail.google.com
2013-12-17 11:06:02,drive.google.com
2013-12-17 11:06:03,www.google.com
2013-12-17 11:06:12,mail.google.com
2013-12-17 11:06:12,drive.google.com
2013-12-17 11:06:14,drive.google.com
2013-12-17 11:06:15,apis.google.com
2013-12-17 11:06:15,drive.google.com
2013-12-17 11:06:17,drive.google.com
2013-12-17 11:06:18,drive.google.com
2013-12-17 11:06:21,0.drive.google.com
2013-12-17 11:06:21,www.google.com
2013-12-17 11:06:23,docs.google.com
2013-12-17 11:06:23,www.google.com
2013-12-17 11:06:23,drive.google.com
2013-12-17 11:06:23,0.drive.google.com
2013-12-17 11:06:26,docs.google.com
2013-12-17 11:06:27,docs.google.com
2013-12-17 11:06:28,docs.google.com
2013-12-17 11:06:37,plus.google.com
2013-12-17 11:06:39,drive.google.com
2013-12-17 11:07:14,gg.google.com
2013-12-17 11:07:47,drive.google.com
2013-12-17 11:08:30,gg.google.com
2013-12-17 11:08:30,drive.google.com
2013-12-17 11:08:32,mail.google.com
2013-12-17 11:09:03,drive.google.com
2013-12-17 11:09:09,docs.google.com
2013-12-17 11:09:10,docs.google.com
2013-12-17 11:09:13,clients2.google.com
2013-12-17 11:09:14,docs.google.com
2013-12-17 11:09:15,clients2.google.com
2013-12-17 11:09:18,www.google.com
2013-12-17 11:09:21,www.google.com
2013-12-17 11:09:23,docs.google.com
2013-12-17 11:09:24,docs.google.com
2013-12-17 11:09:24,apis.google.com
2013-12-17 11:09:26,apis.google.com
2013-12-17 11:09:26,clients6.google.com
2013-12-17 11:09:26,accounts.google.com
2013-12-17 11:09:26,0.docs.google.com
2013-12-17 11:09:27,0.docs.google.com
2013-12-17 11:09:54,clients6.google.com
2013-12-17 11:10:17,drive.google.com
2013-12-17 11:12:12,docs.google.com
2013-12-17 11:12:12,translate.google.fr
2013-12-17 11:12:13,translate.google.fr
2013-12-17 11:12:14,translate.google.fr
2013-12-17 11:12:15,translate.google.fr
2013-12-17 11:12:19,translate.google.fr
2013-12-17 11:12:20,translate.google.fr
2013-12-17 11:14:18,drive.google.com
2013-12-17 11:14:26,plus.google.com
2013-12-17 11:14:27,plus.google.com
2013-12-17 11:14:27,translate.google.fr
2013-12-17 11:14:28,translate.google.fr
2013-12-17 11:14:29,translate.google.fr
2013-12-17 11:14:29,mail.google.com
2013-12-17 11:14:33,translate.google.fr
2013-12-17 11:14:34,translate.google.fr
2013-12-17 11:14:35,translate.google.fr
2013-12-17 11:14:36,translate.google.fr
2013-12-17 11:14:41,translate.google.fr
2013-12-17 11:15:04,plus.google.com
2013-12-17 11:15:30,mail.google.com
2013-12-17 11:15:30,drive.google.com
2013-12-17 11:15:44,plus.google.com
2013-12-17 11:16:04,apis.google.com
2013-12-17 11:16:15,plus.google.com
2013-12-17 11:16:17,apis.google.com
2013-12-17 11:16:33,mail.google.com
2013-12-17 11:16:54,drive.google.com
2013-12-17 11:16:54,0.drive.google.com
2013-12-17 11:16:54,plus.google.com
2013-12-17 11:17:19,mail.google.com
2013-12-17 11:17:29,mail.google.com
2013-12-17 11:18:04,b.mail.google.com
2013-12-17 11:20:01,translate.google.fr
2013-12-17 11:20:02,translate.google.fr
2013-12-17 11:20:03,translate.google.fr
2013-12-17 11:20:04,translate.google.fr
2013-12-17 11:20:07,translate.google.fr
2013-12-17 11:20:08,translate.google.fr
2013-12-17 11:20:10,translate.google.fr
2013-12-17 11:20:11,translate.google.fr
2013-12-17 11:20:12,translate.google.fr
2013-12-17 11:20:13,translate.google.fr
2013-12-17 11:20:14,translate.google.fr
2013-12-17 11:20:15,translate.google.fr
2013-12-17 11:20:16,translate.google.fr
2013-12-17 11:20:20,translate.google.fr
2013-12-17 11:20:25,translate.google.fr
2013-12-17 11:21:04,mail.google.com
2013-12-17 11:21:06,translate.google.fr
2013-12-17 11:21:08,translate.google.fr
2013-12-17 11:21:09,translate.google.fr
2013-12-17 11:21:12,translate.google.fr
2013-12-17 11:21:13,translate.google.fr
2013-12-17 11:21:15,translate.google.fr
2013-12-17 11:21:16,translate.google.fr
2013-12-17 11:21:17,translate.google.fr
2013-12-17 11:21:18,translate.google.fr
2013-12-17 11:21:19,translate.google.fr
2013-12-17 11:21:20,translate.google.fr
2013-12-17 11:21:21,translate.google.fr
2013-12-17 11:21:22,translate.google.fr
2013-12-17 11:21:23,translate.google.fr
2013-12-17 11:21:28,translate.google.fr
2013-12-17 11:21:29,translate.google.fr
2013-12-17 11:21:30,plus.google.com
2013-12-17 11:21:30,translate.google.fr
2013-12-17 11:21:31,translate.google.fr
2013-12-17 11:21:32,translate.google.fr
2013-12-17 11:21:33,translate.google.fr
2013-12-17 11:21:34,translate.google.fr
2013-12-17 11:21:35,translate.google.fr
2013-12-17 11:21:36,translate.google.fr
2013-12-17 11:21:39,translate.google.fr
2013-12-17 11:21:43,translate.google.fr
2013-12-17 11:21:44,translate.google.fr
2013-12-17 11:21:53,api.bing.com
2013-12-17 11:21:54,api.bing.com
2013-12-17 11:21:55,api.bing.com
2013-12-17 11:21:56,api.bing.com
2013-12-17 11:21:57,www.bing.com
2013-12-17 11:21:59,www.bing.com
2013-12-17 11:22:00,www.bing.com
2013-12-17 11:22:11,www.bing.com
2013-12-17 11:22:15,login.live.com
2013-12-17 11:22:23,www.bing.com
2013-12-17 11:22:24,translate.google.fr
2013-12-17 11:22:28,translate.google.fr
2013-12-17 11:22:30,translate.google.fr
2013-12-17 11:22:31,translate.google.fr
2013-12-17 11:22:34,ssl.bing.com
2013-12-17 11:22:34,translate.google.fr
2013-12-17 11:22:34,plus.google.com
2013-12-17 11:22:36,translate.google.fr
2013-12-17 11:22:39,translate.google.fr
2013-12-17 11:22:45,translate.google.fr
2013-12-17 11:22:49,translate.google.fr
2013-12-17 11:23:04,translate.google.fr
2013-12-17 11:23:05,translate.google.fr
2013-12-17 11:23:07,translate.google.fr
2013-12-17 11:23:09,translate.google.fr
2013-12-17 11:24:04,plus.google.com
2013-12-17 11:24:04,translate.google.fr
2013-12-17 11:24:09,translate.google.fr
2013-12-17 11:24:10,translate.google.fr
2013-12-17 11:24:11,translate.google.fr
2013-12-17 11:24:16,translate.google.fr
2013-12-17 11:26:18,drive.google.com
2013-12-17 11:26:39,plus.google.com
2013-12-17 11:27:04,translate.google.fr
2013-12-17 11:27:05,translate.google.fr
2013-12-17 11:27:06,translate.google.fr
2013-12-17 11:27:07,translate.google.fr
2013-12-17 11:27:08,translate.google.fr
2013-12-17 11:27:09,translate.google.fr
2013-12-17 11:27:10,translate.google.fr
2013-12-17 11:27:11,translate.google.fr
2013-12-17 11:27:15,translate.google.fr
2013-12-17 11:27:16,translate.google.fr
2013-12-17 11:27:17,translate.google.fr
2013-12-17 11:27:20,translate.google.fr
2013-12-17 11:27:22,translate.google.fr
2013-12-17 11:28:17,drive.google.com
2013-12-17 11:30:39,plus.google.com
2013-12-17 11:32:09,mail.google.com
2013-12-17 11:32:09,drive.google.com
2013-12-17 11:32:45,www.lamontagne.fr
2013-12-17 11:33:05,mail.google.com
2013-12-17 11:33:07,plus.google.com
2013-12-17 11:33:07,0.docs.google.com
2013-12-17 11:33:09,mail.google.com
2013-12-17 11:33:09,0.drive.google.com
2013-12-17 11:33:18,www.google.com
2013-12-17 11:33:19,videosfr.s3.amazonaws.com
2013-12-17 11:33:20,www.lamontagne.fr
2013-12-17 11:33:21,www.lamontagne.fr
2013-12-17 11:33:21,www.google.com
2013-12-17 11:33:22,www.lamontagne.fr
2013-12-17 11:33:23,www.lamontagne.fr
2013-12-17 11:33:29,www.lamontagne.fr
2013-12-17 11:33:30,www.centreimmo.com
2013-12-17 11:33:30,www.lamontagne.fr
2013-12-17 11:33:31,www.centreimmo.com
2013-12-17 11:33:31,www.lamontagne.fr
2013-12-17 11:33:31,www.centreautos.com
2013-12-17 11:33:32,www.lamontagne.fr
2013-12-17 11:33:32,www.centreimmo.com
2013-12-17 11:33:33,platform.twitter.com
2013-12-17 11:33:33,www.lamontagne.fr
2013-12-17 11:33:33,widget.bonial.fr
2013-12-17 11:33:33,static05.bonial.fr
2013-12-17 11:33:34,www.lamontagne.fr
2013-12-17 11:33:35,static05.bonial.fr
2013-12-17 11:33:35,www.lamontagne.fr
2013-12-17 11:33:35,www.centreautos.com
2013-12-17 11:33:38,dtm.gap.com
2013-12-17 11:33:38,rbp.mxptint.net
2013-12-17 11:33:38,rubicon-match.dotomi.com
2013-12-17 11:33:39,platform.twitter.com
2013-12-17 11:33:39,www.lamontagne.fr
2013-12-17 11:33:40,banniere.reussissonsensemble.fr
2013-12-17 11:33:41,banniere.reussissonsensemble.fr
2013-12-17 11:33:41,a.nonstoppartner.net
2013-12-17 11:33:41,banner.nonstoppartner.net
2013-12-17 11:33:44,www.lamontagne.fr
2013-12-17 11:33:46,apis.google.com
2013-12-17 11:33:46,www.lamontagne.fr
2013-12-17 11:33:48,www.lamontagne.fr
2013-12-17 11:33:48,maps.googleapis.com
2013-12-17 11:33:48,connect.facebook.net
2013-12-17 11:33:49,www.lamontagne.fr
2013-12-17 11:33:51,maps.googleapis.com
2013-12-17 11:33:52,banniere.reussissonsensemble.fr
2013-12-17 11:33:52,apis.google.com
2013-12-17 11:33:53,apis.google.com
2013-12-17 11:33:53,static05.bonial.fr
2013-12-17 11:33:53,platform.twitter.com
2013-12-17 11:33:54,accounts.google.com
2013-12-17 11:33:54,platform.twitter.com
2013-12-17 11:33:55,accounts.google.com
2013-12-17 11:33:56,widget.bonial.fr
2013-12-17 11:33:57,s-static.ak.facebook.com
2013-12-17 11:33:57,static.ak.facebook.com
2013-12-17 11:33:57,www.facebook.com
2013-12-17 11:33:58,static07.bonial.fr
2013-12-17 11:33:59,static07.bonial.fr
2013-12-17 11:34:01,platform.twitter.com
2013-12-17 11:34:01,www.facebook.com
2013-12-17 11:34:04,www.lamontagne.fr
2013-12-17 11:34:05,twitter.com
2013-12-17 11:34:08,twitter.com
2013-12-17 11:34:08,platform.twitter.com
2013-12-17 11:34:09,maps.googleapis.com
2013-12-17 11:34:20,mts0.googleapis.com
2013-12-17 11:34:20,mts1.googleapis.com
2013-12-17 11:34:20,maps.googleapis.com
2013-12-17 11:34:21,maps.googleapis.com
2013-12-17 11:34:21,twitter.com
2013-12-17 11:34:21,mts0.googleapis.com
2013-12-17 11:34:21,mts1.googleapis.com
2013-12-17 11:34:22,mts1.googleapis.com
2013-12-17 11:34:23,mts0.googleapis.com
2013-12-17 11:34:26,plus.google.com
2013-12-17 11:34:31,maps.googleapis.com
2013-12-17 11:35:26,platform.twitter.com
2013-12-17 11:35:26,pbs.twimg.com
2013-12-17 11:36:39,plus.google.com
2013-12-17 11:37:05,b.mail.google.com
2013-12-17 11:37:31,plus.google.com
2013-12-17 11:37:32,translate.google.fr
2013-12-17 11:37:33,translate.google.fr
2013-12-17 11:37:34,translate.google.fr
2013-12-17 11:37:35,translate.google.fr
2013-12-17 11:37:38,translate.google.fr
2013-12-17 11:37:39,translate.google.fr
2013-12-17 11:37:40,translate.google.fr
2013-12-17 11:37:59,translate.google.fr
2013-12-17 11:38:04,translate.google.fr
2013-12-17 11:38:18,drive.google.com
2013-12-17 11:39:10,docs.google.com
2013-12-17 11:40:39,plus.google.com
2013-12-17 11:40:40,0.docs.google.com
2013-12-17 11:41:09,mail.google.com
2013-12-17 11:41:09,drive.google.com
2013-12-17 11:41:09,docs.google.com
2013-12-17 11:41:09,b.mail.google.com
2013-12-17 11:41:18,0.drive.google.com
2013-12-17 12:49:47,fpdownload2.macromedia.com
2013-12-17 12:50:25,api.bing.com
2013-12-17 12:50:26,api.bing.com
2013-12-17 12:50:28,www.bing.com
2013-12-17 12:50:30,cms.abmr.net
2013-12-17 12:50:30,www.bing.com
2013-12-17 12:50:31,translate.google.fr
2013-12-17 12:50:31,www.bing.com
2013-12-17 12:50:32,translate.google.fr
2013-12-17 12:50:36,translate.google.fr
2013-12-17 12:50:37,www.bing.com
2013-12-17 12:50:38,www.bing.com
2013-12-17 12:50:38,translate.google.fr
2013-12-17 12:50:39,translate.google.fr
2013-12-17 12:50:44,translate.google.fr
2013-12-17 12:50:45,api.bing.com
2013-12-17 12:50:45,www.bing.com
2013-12-17 12:50:46,www.bing.com
2013-12-17 12:50:48,translate.google.com
2013-12-17 12:50:48,www.bing.com
2013-12-17 12:50:54,login.live.com
2013-12-17 12:51:05,www.bing.com
2013-12-17 12:51:06,www.google.fr
2013-12-17 12:51:06,www.bing.com
2013-12-17 12:51:19,login.live.com
2013-12-17 12:51:21,www.google.fr
2013-12-17 12:51:31,translate.google.fr
2013-12-17 12:51:31,www.google.fr
2013-12-17 12:51:34,ssl.bing.com
2013-12-17 12:51:43,www.google.fr
2013-12-17 12:51:43,translate.google.com
2013-12-17 12:51:44,translate.google.com
2013-12-17 12:51:55,ajax.googleapis.com
2013-12-17 12:51:55,www.google.fr
2013-12-17 12:51:55,www.reverso.net
2013-12-17 12:51:55,cdn2.reverso.net
2013-12-17 12:51:56,api.conduit.com
2013-12-17 12:51:56,www.reverso.net
2013-12-17 12:51:56,cdn2.reverso.net
2013-12-17 12:51:56,ajax.googleapis.com
2013-12-17 12:52:02,www.google.fr
2013-12-17 12:52:02,cdn2.reverso.net
2013-12-17 12:52:02,www.reverso.net
2013-12-17 12:52:02,ajax.googleapis.com
2013-12-17 12:52:02,api.conduit.com
2013-12-17 12:52:08,www.google.fr
2013-12-17 12:52:08,translate.google.fr
2013-12-17 12:52:12,translate.google.fr
2013-12-17 12:52:21,www.google.com
2013-12-17 12:52:23,www.google.com
2013-12-17 12:52:35,api.bing.com
2013-12-17 12:52:36,api.bing.com
2013-12-17 12:52:37,api.bing.com
2013-12-17 12:52:39,www.bing.com
2013-12-17 12:52:43,www.bing.com
2013-12-17 12:52:43,translate.google.com
2013-12-17 12:52:44,translate.google.com
2013-12-17 12:53:05,login.live.com
2013-12-17 12:54:00,translate.google.com
2013-12-17 12:54:05,translate.google.com
2013-12-17 12:56:29,www.bing.com
2013-12-17 12:56:31,www.bing.com
2013-12-17 12:56:31,translate.google.fr
2013-12-17 12:56:35,translate.google.fr
2013-12-17 12:56:36,translate.google.fr
2013-12-17 12:56:37,translate.google.fr
2013-12-17 12:56:38,translate.google.fr
2013-12-17 12:56:39,translate.google.fr
2013-12-17 12:56:40,translate.google.fr
2013-12-17 12:56:41,translate.google.fr
2013-12-17 12:56:42,translate.google.fr
2013-12-17 12:56:42,apis.google.com
2013-12-17 12:56:43,translate.google.fr
2013-12-17 12:56:46,apis.google.com
2013-12-17 12:56:46,translate.google.fr
2013-12-17 12:56:46,www.google.com
2013-12-17 12:56:49,translate.google.fr
2013-12-17 12:56:51,translate.google.fr
2013-12-17 12:56:52,translate.google.fr
2013-12-17 12:56:53,translate.google.fr
2013-12-17 12:56:55,translate.google.fr
2013-12-17 12:56:56,translate.google.fr
2013-12-17 12:56:57,translate.google.fr
2013-12-17 12:56:58,translate.google.fr
2013-12-17 12:56:59,translate.google.fr
2013-12-17 12:57:02,translate.google.fr
2013-12-17 12:57:03,translate.google.fr
2013-12-17 12:57:04,translate.google.fr
2013-12-17 12:57:05,translate.google.fr
2013-12-17 12:57:06,translate.google.fr
2013-12-17 12:57:07,translate.google.fr
2013-12-17 12:57:10,translate.google.fr
2013-12-17 12:57:12,translate.google.fr
2013-12-17 12:58:12,translate.google.fr
2013-12-17 12:58:13,translate.google.fr
2013-12-17 12:58:14,translate.google.fr
2013-12-17 12:58:15,translate.google.fr
2013-12-17 12:58:16,translate.google.fr
2013-12-17 12:58:17,translate.google.fr
2013-12-17 12:58:18,translate.google.fr
2013-12-17 12:58:23,translate.google.fr
2013-12-17 12:58:25,translate.google.fr
2013-12-17 12:58:30,translate.google.fr
2013-12-17 12:59:03,translate.google.fr
2013-12-17 12:59:05,translate.google.fr
2013-12-17 12:59:08,translate.google.fr
2013-12-17 12:59:10,translate.google.fr
2013-12-17 12:59:11,translate.google.fr
2013-12-17 12:59:12,translate.google.fr
2013-12-17 12:59:14,translate.google.fr
2013-12-17 12:59:15,translate.google.fr
2013-12-17 12:59:16,translate.google.fr
2013-12-17 12:59:21,translate.google.fr
2013-12-17 13:00:03,translate.google.fr
2013-12-17 13:00:04,translate.google.fr
2013-12-17 13:00:05,translate.google.fr
2013-12-17 13:00:06,translate.google.fr
2013-12-17 13:00:07,translate.google.fr
2013-12-17 13:00:08,translate.google.fr
2013-12-17 13:00:09,translate.google.fr
2013-12-17 13:00:10,translate.google.fr
2013-12-17 13:00:16,translate.google.fr
2013-12-17 13:00:23,translate.google.fr
2013-12-17 13:00:25,translate.google.fr
2013-12-17 13:00:26,translate.google.fr
2013-12-17 13:00:27,translate.google.fr
2013-12-17 13:00:28,translate.google.fr
2013-12-17 13:00:29,translate.google.fr
2013-12-17 13:00:30,translate.google.fr
2013-12-17 13:00:31,translate.google.fr
2013-12-17 13:00:32,translate.google.fr
2013-12-17 13:00:33,translate.google.fr
2013-12-17 13:00:34,translate.google.fr
2013-12-17 13:00:39,translate.google.fr
2013-12-17 13:01:05,translate.google.fr
2013-12-17 13:01:42,translate.google.fr
2013-12-17 13:01:43,translate.google.fr
2013-12-17 13:01:44,translate.google.fr
2013-12-17 13:01:45,translate.google.fr
2013-12-17 13:01:46,translate.google.fr
2013-12-17 13:01:47,translate.google.fr
2013-12-17 13:01:50,translate.google.fr
2013-12-17 13:01:51,translate.google.fr
2013-12-17 13:01:53,translate.google.fr
2013-12-17 13:01:54,translate.google.fr
2013-12-17 13:01:55,translate.google.fr
2013-12-17 13:01:56,translate.google.fr
2013-12-17 13:01:57,translate.google.fr
2013-12-17 13:01:58,translate.google.fr
2013-12-17 13:02:03,translate.google.fr
2013-12-17 13:02:23,accounts.google.com
2013-12-17 13:02:25,accounts.youtube.com
2013-12-17 13:02:26,accounts.google.com
2013-12-17 13:02:28,mail.google.com
2013-12-17 13:02:35,accounts.youtube.com
2013-12-17 13:02:35,www.google.fr
2013-12-17 13:02:45,www.google.fr
2013-12-17 13:02:45,mail.google.com
2013-12-17 13:02:45,apis.google.com
2013-12-17 13:02:48,www.google.com
2013-12-17 13:02:53,mail.google.com
2013-12-17 13:03:07,translate.google.fr
2013-12-17 13:03:08,translate.google.fr
2013-12-17 13:03:12,translate.google.fr
2013-12-17 13:03:13,translate.google.fr
2013-12-17 13:04:02,translate.google.fr
2013-12-17 13:04:13,translate.google.fr
2013-12-17 13:04:14,translate.google.fr
2013-12-17 13:04:15,translate.google.fr
2013-12-17 13:04:17,translate.google.fr
2013-12-17 13:04:18,translate.google.fr
2013-12-17 13:04:19,translate.google.fr
2013-12-17 13:04:21,translate.google.fr
2013-12-17 13:04:24,translate.google.fr
2013-12-17 13:04:26,translate.google.fr
2013-12-17 13:05:07,translate.google.fr
2013-12-17 13:05:08,translate.google.fr
2013-12-17 13:05:09,translate.google.fr
2013-12-17 13:05:10,translate.google.fr
2013-12-17 13:05:11,translate.google.fr
2013-12-17 13:05:13,translate.google.fr
2013-12-17 13:05:14,translate.google.fr
2013-12-17 13:05:15,translate.google.fr
2013-12-17 13:05:16,translate.google.fr
2013-12-17 13:05:17,translate.google.fr
2013-12-17 13:05:21,translate.google.fr
2013-12-17 13:05:26,translate.google.fr
2013-12-17 13:06:29,mail.google.com
2013-12-17 13:06:29,translate.google.fr
2013-12-17 13:06:32,apis.google.com
2013-12-17 13:06:32,www.google.com
2013-12-17 13:06:32,www.google.fr
2013-12-17 13:06:36,translate.google.fr
2013-12-17 13:06:37,translate.google.fr
2013-12-17 13:06:38,translate.google.fr
2013-12-17 13:06:39,translate.google.fr
2013-12-17 13:06:44,translate.google.fr
2013-12-17 13:07:17,translate.google.fr
2013-12-17 13:07:26,translate.google.fr
2013-12-17 13:07:27,translate.google.fr
2013-12-17 13:07:28,translate.google.fr
2013-12-17 13:07:29,translate.google.fr
2013-12-17 13:07:30,translate.google.fr
2013-12-17 13:07:31,translate.google.fr
2013-12-17 13:07:32,translate.google.fr
2013-12-17 13:07:33,translate.google.fr
2013-12-17 13:07:34,translate.google.fr
2013-12-17 13:07:35,translate.google.fr
2013-12-17 13:07:39,translate.google.fr
2013-12-17 13:07:44,translate.google.fr
2013-12-17 13:07:54,translate.google.fr
2013-12-17 13:07:55,translate.google.fr
2013-12-17 13:07:56,translate.google.fr
2013-12-17 13:07:57,translate.google.fr
2013-12-17 13:07:59,translate.google.fr
2013-12-17 13:08:00,translate.google.fr
2013-12-17 13:08:01,translate.google.fr
2013-12-17 13:08:03,translate.google.fr
2013-12-17 13:08:05,translate.google.fr
2013-12-17 13:08:06,translate.google.fr
2013-12-17 13:08:07,translate.google.fr
2013-12-17 13:08:10,translate.google.fr
2013-12-17 13:08:11,translate.google.fr
2013-12-17 13:08:13,translate.google.fr
2013-12-17 13:08:15,translate.google.fr
2013-12-17 13:08:16,translate.google.fr
2013-12-17 13:08:17,translate.google.fr
2013-12-17 13:08:22,translate.google.fr
2013-12-17 13:10:06,translate.google.fr
2013-12-17 13:10:07,translate.google.fr
2013-12-17 13:10:08,translate.google.fr
2013-12-17 13:10:09,translate.google.fr
2013-12-17 13:10:10,translate.google.fr
2013-12-17 13:10:11,translate.google.fr
2013-12-17 13:10:13,translate.google.fr
2013-12-17 13:10:14,translate.google.fr
2013-12-17 13:10:15,translate.google.fr
2013-12-17 13:10:16,translate.google.fr
2013-12-17 13:10:17,translate.google.fr
2013-12-17 13:10:19,translate.google.fr
2013-12-17 13:10:20,translate.google.fr
2013-12-17 13:10:21,translate.google.fr
2013-12-17 13:10:22,translate.google.fr
2013-12-17 13:10:23,translate.google.fr
2013-12-17 13:10:28,translate.google.fr
2013-12-17 13:10:55,translate.google.fr
2013-12-17 13:10:56,translate.google.fr
2013-12-17 13:10:57,translate.google.fr
2013-12-17 13:11:02,translate.google.fr
2013-12-17 13:11:06,translate.google.fr
2013-12-17 13:11:07,translate.google.fr
2013-12-17 13:11:08,translate.google.fr
2013-12-17 13:11:09,translate.google.fr
2013-12-17 13:11:10,translate.google.fr
2013-12-17 13:11:11,translate.google.fr
2013-12-17 13:11:12,translate.google.fr
2013-12-17 13:11:13,translate.google.fr
2013-12-17 13:11:14,translate.google.fr
2013-12-17 13:11:15,translate.google.fr
2013-12-17 13:11:16,translate.google.fr
2013-12-17 13:11:17,translate.google.fr
2013-12-17 13:11:18,translate.google.fr
2013-12-17 13:11:19,translate.google.fr
2013-12-17 13:11:20,translate.google.fr
2013-12-17 13:11:22,translate.google.fr
2013-12-17 13:11:27,translate.google.fr
2013-12-17 13:11:44,translate.google.fr
2013-12-17 13:11:46,translate.google.fr
2013-12-17 13:11:49,translate.google.fr
2013-12-17 13:12:24,translate.google.fr
2013-12-17 13:12:25,translate.google.fr
2013-12-17 13:12:26,translate.google.fr
2013-12-17 13:12:27,translate.google.fr
2013-12-17 13:12:28,translate.google.fr
2013-12-17 13:12:29,translate.google.fr
2013-12-17 13:12:30,translate.google.fr
2013-12-17 13:12:31,translate.google.fr
2013-12-17 13:12:33,translate.google.fr
2013-12-17 13:12:34,translate.google.fr
2013-12-17 13:12:35,translate.google.fr
2013-12-17 13:12:36,translate.google.fr
2013-12-17 13:12:37,translate.google.fr
2013-12-17 13:12:42,translate.google.fr
2013-12-17 13:12:48,translate.google.fr
2013-12-17 13:12:50,translate.google.fr
2013-12-17 13:12:51,translate.google.fr
2013-12-17 13:12:52,translate.google.fr
2013-12-17 13:12:53,translate.google.fr
2013-12-17 13:12:54,translate.google.fr
2013-12-17 13:12:55,translate.google.fr
2013-12-17 13:12:56,translate.google.fr
2013-12-17 13:12:57,translate.google.fr
2013-12-17 13:13:02,translate.google.fr
2013-12-17 13:13:35,translate.google.fr
2013-12-17 13:13:37,translate.google.fr
2013-12-17 13:13:38,translate.google.fr
2013-12-17 13:13:39,translate.google.fr
2013-12-17 13:13:40,translate.google.fr
2013-12-17 13:13:45,translate.google.fr
2013-12-17 13:14:00,translate.google.fr
2013-12-17 13:14:02,translate.google.fr
2013-12-17 13:14:03,translate.google.fr
2013-12-17 13:14:04,translate.google.fr
2013-12-17 13:14:05,translate.google.fr
2013-12-17 13:14:10,translate.google.fr
2013-12-17 13:14:27,translate.google.fr
2013-12-17 13:14:28,translate.google.fr
2013-12-17 13:14:29,translate.google.fr
2013-12-17 13:14:30,translate.google.fr
2013-12-17 13:14:31,translate.google.fr
2013-12-17 13:14:32,translate.google.fr
2013-12-17 13:14:33,translate.google.fr
2013-12-17 13:14:34,translate.google.fr
2013-12-17 13:14:35,translate.google.fr
2013-12-17 13:14:36,translate.google.fr
2013-12-17 13:14:37,translate.google.fr
2013-12-17 13:14:39,translate.google.fr
2013-12-17 13:14:40,translate.google.fr
2013-12-17 13:14:41,translate.google.fr
2013-12-17 13:14:42,translate.google.fr
2013-12-17 13:14:44,translate.google.fr
2013-12-17 13:14:45,translate.google.fr
2013-12-17 13:14:50,translate.google.fr
2013-12-17 13:14:51,translate.google.fr
2013-12-17 13:14:55,translate.google.fr
2013-12-17 13:15:11,translate.google.fr
2013-12-17 13:15:16,translate.google.fr
2013-12-17 13:15:33,www.google.fr
2013-12-17 13:15:33,ajax.googleapis.com
2013-12-17 13:15:33,www.reverso.net
2013-12-17 13:15:33,api.conduit.com
2013-12-17 13:15:33,cdn2.reverso.net
2013-12-17 13:15:34,cdn2.reverso.net
2013-12-17 13:15:34,connect.facebook.net
2013-12-17 13:15:34,ajax.googleapis.com
2013-12-17 13:15:35,s-static.ak.facebook.com
2013-12-17 13:15:35,static.ak.facebook.com
2013-12-17 13:15:35,www.google.com
2013-12-17 13:15:35,cdn2.reverso.net
2013-12-17 13:15:39,www.reverso.net
2013-12-17 13:15:39,cdn2.reverso.net
2013-12-17 13:15:39,ajax.googleapis.com
2013-12-17 13:15:40,static.ak.facebook.com
2013-12-17 13:15:40,www.facebook.com
2013-12-17 13:15:40,s-static.ak.facebook.com
2013-12-17 13:15:44,www.reverso.net
2013-12-17 13:15:44,ajax.googleapis.com
2013-12-17 13:15:45,www.reverso.net
2013-12-17 13:15:45,ajax.googleapis.com
2013-12-17 13:15:46,www.reverso.net
2013-12-17 13:15:50,www.reverso.net
2013-12-17 13:15:55,www.reverso.net
2013-12-18 08:22:57,sigayret.fr
2013-12-18 08:23:00,sigayret.fr
2013-12-18 08:23:49,sigayret.fr
2013-12-18 08:25:06,www.google.com
2013-12-18 08:25:06,clients1.google.com
2013-12-18 08:25:09,www.google.com
2013-12-18 08:25:09,www.commentcamarche.net
2013-12-18 08:25:09,ba.commentcamarche.net
2013-12-18 08:25:09,static.ccm2.net
2013-12-18 08:25:09,r.ccm2.net
2013-12-18 08:25:10,www.facebook.com
2013-12-18 08:25:10,ba.commentcamarche.net
2013-12-18 08:25:10,static.ccm2.net
2013-12-18 08:25:11,www.facebook.com
2013-12-18 08:25:11,ba.commentcamarche.net
2013-12-18 08:25:11,platform.twitter.com
2013-12-18 08:31:41,clients1.google.com
2013-12-18 08:31:41,www.google.com
2013-12-18 08:31:43,static.ccm2.net
2013-12-18 08:31:43,ba.commentcamarche.net
2013-12-18 08:31:43,www.google.com
2013-12-18 08:31:43,www.commentcamarche.net
2013-12-18 08:32:17,www.commentcamarche.net
2013-12-18 08:32:17,ba.commentcamarche.net
2013-12-18 08:32:17,static.ccm2.net
2013-12-18 08:32:17,r.ccm2.net
2013-12-18 08:32:34,ba.commentcamarche.net
2013-12-18 08:32:34,www.facebook.com
2013-12-18 08:32:35,www.facebook.com
2013-12-18 08:32:35,ba.commentcamarche.net
2013-12-18 08:33:23,fxfeeds.mozilla.com
2013-12-18 08:33:24,newsrss.bbc.co.uk
2013-12-18 08:33:24,feeds.bbci.co.uk
2013-12-18 08:33:39,www.facebook.com
2013-12-18 08:33:39,static.ccm2.net
2013-12-18 08:33:39,platform.twitter.com
2013-12-18 08:33:45,clients1.google.com
2013-12-18 08:33:46,clients1.google.com
2013-12-18 08:33:47,clients1.google.com
2013-12-18 08:33:48,clients1.google.com
2013-12-18 08:33:50,clients1.google.com
2013-12-18 08:33:50,www.google.com
2013-12-18 08:33:52,www.google.com
2013-12-18 08:33:53,www.commentcamarche.net
2013-12-18 08:33:53,ba.commentcamarche.net
2013-12-18 08:33:53,r.ccm2.net
2013-12-18 08:33:53,www.facebook.com
2013-12-18 08:33:53,platform.twitter.com
2013-12-18 08:33:54,ba.commentcamarche.net
2013-12-18 08:37:16,www.google.com
2013-12-18 08:37:16,clients1.google.com
2013-12-18 08:37:21,www.google.com
2013-12-18 08:37:21,www.commentcamarche.net
2013-12-18 08:37:21,ba.commentcamarche.net
2013-12-18 08:37:21,www.facebook.com
2013-12-18 08:37:22,www.facebook.com
2013-12-18 08:37:22,ba.commentcamarche.net
2013-12-18 08:38:06,static.ak.facebook.com
2013-12-18 08:38:06,static.ccm2.net
2013-12-18 08:38:06,static.ccmbg.com
2013-12-18 08:38:06,www.facebook.com
2013-12-18 08:38:06,connect.facebook.net
2013-12-18 08:41:36,static.ak.facebook.com
2013-12-18 08:41:36,www.facebook.com
2013-12-18 08:56:30,www.google.com
2013-12-18 08:56:30,clients1.google.com
2013-12-18 08:56:35,www.google.com
2013-12-18 08:56:35,fr.openclassrooms.com
2013-12-18 08:56:36,www.google.com
2013-12-18 08:56:36,fr.openclassrooms.com
2013-12-18 08:56:38,dnn506yrbagrg.cloudfront.net
2013-12-18 08:56:38,www.google.com
2013-12-18 08:56:39,rp.gwallet.com
2013-12-18 08:56:39,pool-eu-ie.creative-serving.com
2013-12-18 08:56:40,fr.openclassrooms.com
2013-12-18 08:56:52,ba.commentcamarche.net
2013-12-18 08:56:52,www.google.com
2013-12-18 08:56:52,www.commentcamarche.net
2013-12-18 08:56:52,www.facebook.com
2013-12-18 08:56:53,ba.commentcamarche.net
2013-12-18 08:56:53,www.facebook.com
2013-12-18 08:57:33,www.google.com
2013-12-18 08:57:34,clients1.google.com
2013-12-18 08:57:38,www.google.com
2013-12-18 08:57:38,fr.openclassrooms.com
2013-12-18 08:57:39,fr.openclassrooms.com
2013-12-18 08:57:40,dnn506yrbagrg.cloudfront.net
2013-12-18 08:57:41,www.google.com
2013-12-18 09:14:07,www.google.com
2013-12-18 09:14:08,clients1.google.com
2013-12-18 09:14:13,www.google.com
2013-12-18 09:14:13,cap.utc.fr
2013-12-18 09:14:14,cap.utc.fr
2013-12-18 09:14:17,cap.utc.fr
2013-12-18 09:18:47,cap.utc.fr
2013-12-18 09:20:10,cap.utc.fr
2013-12-18 09:48:24,fxfeeds.mozilla.com
2013-12-18 09:48:24,newsrss.bbc.co.uk
2013-12-18 09:48:24,feeds.bbci.co.uk
2013-12-18 10:03:01,www.google.com
2013-12-18 10:03:01,clients1.google.com
2013-12-18 10:03:04,www.google.com
2013-12-18 10:03:27,clients1.google.com
2013-12-18 10:03:28,clients1.google.com
2013-12-18 10:03:28,www.google.com
2013-12-18 10:03:36,clients1.google.com
2013-12-18 10:03:38,clients1.google.com
2013-12-18 10:03:39,clients1.google.com
2013-12-18 10:03:39,www.google.com
2013-12-18 10:03:41,www.google.com
2013-12-18 10:03:55,www.google.com
2013-12-18 10:13:10,go.microsoft.com
2013-12-18 10:13:11,www.iegallery.com
2013-12-18 10:13:12,www.iegallery.com
2013-12-18 10:13:13,www.iegallery.com
2013-12-18 10:13:14,www.iegallery.com
2013-12-18 10:13:15,www.bing.com
2013-12-18 10:14:09,www.google.fr
2013-12-18 10:14:23,www.google.fr
2013-12-18 10:15:18,www.google.fr
2013-12-18 10:15:32,www.google.fr
2013-12-18 10:15:51,www.google.com
2013-12-18 10:15:51,clients1.google.com
2013-12-18 10:15:53,www.google.com
2013-12-18 10:16:02,www.google.com
2013-12-18 10:18:28,ocsp.comodoca.com
2013-12-18 10:18:28,ocsp.tcs.terena.org
2013-12-18 10:18:28,ocsp.usertrust.com
2013-12-18 10:18:28,clients1.google.com
2013-12-18 10:18:29,gtglobal-ocsp.geotrust.com
2014-01-20 13:33:32,fpdownload2.macromedia.com
2014-01-20 13:33:35,go.microsoft.com
2014-01-20 13:33:35,windows.microsoft.com
2014-01-20 13:33:35,res1.windows.microsoft.com
2014-01-20 13:33:35,ajax.microsoft.com
2014-01-20 13:33:35,js.microsoft.com
2014-01-20 13:33:35,res2.windows.microsoft.com
2014-01-20 13:33:39,www.bing.com
2014-01-20 13:33:42,www.bing.com
2014-01-20 13:33:43,www.bing.com
2014-01-20 13:33:43,cms.abmr.net
2014-01-20 13:33:44,login.live.com
2014-01-20 13:33:44,mail.google.com
2014-01-20 13:33:44,www.bing.com
2014-01-20 13:33:45,mail.google.com
2014-01-20 13:33:50,mail.google.com
2014-01-20 13:33:52,www.bing.com
2014-01-20 13:33:55,accounts.google.com
2014-01-20 13:33:57,accounts.google.com
2014-01-20 13:34:00,accounts.youtube.com
2014-01-20 13:34:02,mail.google.com
2014-01-20 13:34:17,accounts.google.fr
2014-01-20 13:34:20,apis.google.com
2014-01-20 13:34:20,clients2.google.com
2014-01-20 13:34:20,mail.google.com
2014-01-20 13:34:20,accounts.google.com
2014-01-20 13:34:20,accounts.youtube.com
2014-01-20 13:34:20,accounts.google.fr
2014-01-20 13:34:21,mail.google.com
2014-01-20 13:34:21,plus.google.com
2014-01-20 13:34:21,clients2.google.com
2014-01-20 13:34:22,mail.google.com
2014-01-20 13:34:23,www.google.com
2014-01-20 13:34:24,chatenabled.mail.google.com
2014-01-20 13:34:25,mail.google.com
2014-01-20 13:34:31,plus.google.com
2014-01-20 13:34:31,apis.google.com
2014-01-20 13:34:31,accounts.google.com
2014-01-20 13:34:31,chatenabled.mail.google.com
2014-01-20 13:34:31,www.google.com
2014-01-20 13:34:31,mail.google.com
2014-01-20 13:34:43,clients6.google.com
2014-01-20 13:34:44,mail.google.com
2014-01-20 13:35:08,drive.google.com
2014-01-20 13:36:36,go.microsoft.com
2014-01-20 13:36:36,ieonline.microsoft.com
2014-01-20 13:37:09,drive.google.com
2014-01-20 13:37:14,apis.google.com
2014-01-20 13:37:14,mail.google.com
2014-01-20 13:37:18,mail.google.com
2014-01-20 13:37:18,clients6.google.com
2014-01-20 13:37:18,plus.google.com
2014-01-20 13:37:28,clients6.google.com
2014-01-20 13:38:10,apis.google.com
2014-01-20 13:38:18,mail.google.com
2014-01-20 13:38:19,www.google.fr
2014-01-20 13:38:19,apis.google.com
2014-01-20 13:38:19,mail.google.com
2014-01-20 13:38:19,plus.google.com
2014-01-20 13:38:19,www.google.com
2014-01-20 13:38:23,accounts.google.com
2014-01-20 13:38:23,accounts.google.fr
2014-01-20 13:38:23,mail.google.com
2014-01-20 13:38:23,accounts.youtube.com
2014-03-17 10:12:41,office14client.microsoft.com
2014-03-17 10:12:42,office.microsoft.com
2014-03-17 10:12:43,office.microsoft.com
2014-03-17 10:13:44,www.google.fr
2014-03-17 10:13:59,www.google.fr
2014-03-17 10:14:00,apis.google.com
2014-03-17 10:14:03,www.google.com
2014-03-17 10:14:18,translate.google.com
2014-03-17 10:14:18,www.google.fr
2014-03-17 10:14:18,www.google.com
2014-03-17 10:14:18,apis.google.com
2014-03-17 10:14:19,translate.google.com
2014-03-17 10:14:19,www.google.fr
2014-03-17 10:14:20,translate.google.com
2014-03-17 10:14:20,fpdownload2.macromedia.com
2014-03-17 10:16:20,www.google.fr
2014-03-17 10:16:52,ieonline.microsoft.com
2014-03-17 10:32:26,translate.google.com
2014-03-17 10:32:27,translate.google.com
2014-03-17 10:32:28,translate.google.com
2014-03-17 10:32:29,translate.google.com
2014-03-17 10:32:34,translate.google.com
2014-03-17 10:32:40,translate.google.com
2014-03-17 10:33:52,www.bing.com
2014-03-17 10:33:53,www.bing.com
2014-03-17 10:33:53,api.bing.com
2014-03-17 10:33:54,cms.abmr.net
2014-03-17 10:33:54,www.bing.com
2014-03-17 10:34:05,www.bing.com
2014-03-17 10:34:08,mail.google.com
2014-03-17 10:34:11,accounts.google.com
2014-03-17 10:34:14,login.live.com
2014-03-17 10:34:17,ssl.bing.com
2014-03-17 10:34:23,www.bing.com
2014-03-17 10:34:26,accounts.google.com
2014-03-17 10:34:27,accounts.google.com
2014-03-17 10:34:29,www.google.com
2014-03-17 10:34:30,mail.google.com
2014-03-17 10:34:30,www.google.com
2014-03-17 10:34:30,accounts.google.com
2014-03-17 10:34:32,mail.google.com
2014-03-17 10:34:32,apis.google.com
2014-03-17 10:34:32,www.google.com
2014-03-17 10:34:34,apis.google.com
2014-03-17 10:34:34,accounts.youtube.com
2014-03-17 10:35:30,apis.google.com
2014-03-17 10:35:32,accounts.google.fr
2014-03-17 10:35:35,clients2.google.com
2014-03-17 10:35:35,mail.google.com
2014-03-17 10:35:35,accounts.google.com
2014-03-17 10:35:35,accounts.youtube.com
2014-03-17 10:35:35,accounts.google.fr
2014-03-17 10:35:36,clients2.google.com
2014-03-17 10:35:36,drive.google.com
2014-03-17 10:35:36,plus.google.com
2014-03-17 10:35:36,www.google.com
2014-03-17 10:35:40,chatenabled.mail.google.com
2014-03-17 10:35:40,mail.google.com
2014-03-17 10:36:11,drive.google.com
2014-03-17 10:36:12,apis.google.com
2014-03-17 10:36:12,drive.google.com
2014-03-17 10:36:13,apis.google.com
2014-03-17 10:36:13,drive.google.com
2014-03-17 10:36:15,0.drive.google.com
2014-03-17 10:36:16,0.drive.google.com
2014-03-17 10:36:18,apis.google.com
2014-03-17 10:36:18,drive.google.com
2014-03-17 10:36:29,docs.google.com
2014-03-17 10:36:29,plus.google.com
2014-03-17 10:36:30,docs.google.com
2014-03-17 10:36:32,docs.google.com
2014-03-17 10:36:37,0.docs.google.com
2014-03-17 10:36:38,0.docs.google.com
2014-03-17 10:36:38,accounts.google.com
2014-03-17 10:36:43,docs.google.com
2014-03-17 10:36:45,clients6.google.com
2014-03-17 10:36:48,1.docs.google.com
2014-03-17 10:36:48,clients6.google.com
2014-03-17 10:37:03,docs.google.com
2014-03-17 10:37:03,translate.google.com
2014-03-17 10:37:12,gg.google.com
2014-03-17 10:37:22,translate.google.com
2014-03-17 10:37:23,translate.google.com
2014-03-17 10:37:24,accounts.google.com
2014-03-17 10:37:24,translate.google.com
2014-03-17 10:37:25,translate.google.com
2014-03-17 10:37:30,translate.google.com
2014-03-17 10:37:35,translate.google.com
2014-03-17 10:37:35,apis.google.com
2014-03-17 10:37:36,translate.google.com
2014-03-17 10:37:37,translate.google.com
2014-03-17 10:37:38,translate.google.com
2014-03-17 10:37:41,translate.google.com
2014-03-17 10:37:42,translate.google.com
2014-03-17 10:37:43,translate.google.com
2014-03-17 10:37:44,translate.google.com
2014-03-17 10:37:48,translate.google.com
2014-03-17 10:37:48,clients6.google.com
2014-03-17 10:37:49,translate.google.com
2014-03-17 10:37:50,translate.google.com
2014-03-17 10:37:54,translate.google.com
2014-03-17 10:37:57,translate.google.com
2014-03-17 10:37:58,translate.google.com
2014-03-17 10:37:59,translate.google.com
2014-03-17 10:38:00,translate.google.com
2014-03-17 10:38:05,translate.google.com
2014-03-17 10:38:16,translate.google.com
2014-03-17 10:38:17,translate.google.com
2014-03-17 10:38:18,translate.google.com
2014-03-17 10:38:19,translate.google.com
2014-03-17 10:38:21,translate.google.com
2014-03-17 10:38:22,translate.google.com
2014-03-17 10:38:23,translate.google.com
2014-03-17 10:38:24,translate.google.com
2014-03-17 10:38:29,translate.google.com
2014-03-17 10:38:34,translate.google.com
2014-03-17 10:38:41,translate.google.com
2014-03-17 10:38:49,translate.google.com
2014-03-17 10:38:55,translate.google.com
2014-03-17 10:39:36,apis.google.com
2014-03-17 10:39:36,plus.google.com
2014-03-17 10:39:36,drive.google.com
2014-03-17 10:39:40,chatenabled.mail.google.com
2014-03-17 10:39:40,mail.google.com
2014-03-17 10:39:41,plus.google.com
2014-03-17 10:39:59,www.google.com
2014-03-17 10:40:30,docs.google.com
2014-03-17 10:40:30,plus.google.com
2014-03-17 10:40:33,drive.google.com
2014-03-17 10:40:40,plus.google.com
2014-03-17 10:40:45,docs.google.com
2014-03-17 10:40:46,docs.google.com
2014-03-17 10:41:12,gg.google.com
2014-03-17 10:43:37,mail.google.com
2014-03-17 10:44:39,translate.google.com
2014-03-17 10:44:44,translate.google.com
2014-03-17 10:44:45,translate.google.com
2014-03-17 10:44:46,translate.google.com
2014-03-17 10:44:47,www.google.com
2014-03-17 10:44:47,translate.google.com
2014-03-17 10:44:52,translate.google.com
2014-03-17 10:44:53,translate.google.com
2014-03-17 10:45:11,translate.google.com
2014-03-17 10:45:15,translate.google.com
2014-03-17 10:45:16,translate.google.com
2014-03-17 10:45:36,docs.google.com
2014-03-17 10:45:57,translate.google.com
2014-03-17 10:46:02,translate.google.com
2014-03-17 10:46:03,translate.google.com
2014-03-17 10:46:34,translate.google.com
2014-03-17 10:46:37,translate.google.com
2014-03-17 10:46:39,translate.google.com
2014-03-17 10:47:37,mail.google.com
2014-03-17 10:48:13,drive.google.com
2014-03-17 10:49:42,plus.google.com
2014-03-17 10:50:36,translate.google.com
2014-03-17 10:50:41,translate.google.com
2014-03-17 10:50:41,plus.google.com
2014-03-17 10:51:00,translate.google.com
2014-03-17 10:51:01,translate.google.com
2014-03-17 10:51:05,translate.google.com
2014-03-17 10:51:11,translate.google.com
2014-03-17 10:51:22,translate.google.com
2014-03-17 10:51:30,translate.google.com
2014-03-17 10:52:09,translate.google.com
2014-03-17 10:52:10,translate.google.com
2014-03-17 10:52:11,translate.google.com
2014-03-17 10:52:12,translate.google.com
2014-03-17 10:52:13,translate.google.com
2014-03-17 10:52:14,translate.google.com
2014-03-17 10:52:19,translate.google.com
2014-03-17 10:52:24,translate.google.com
2014-03-17 10:54:13,drive.google.com
2014-03-17 10:55:20,apis.google.com
2014-03-17 10:55:50,mail.google.com
2014-03-17 10:55:53,clients6.google.com
2014-03-17 10:56:03,docs.google.com
2014-03-17 10:56:05,docs.google.com
2014-03-17 10:56:13,www.google.com
2014-03-17 10:56:14,www.google.com
2014-03-17 10:56:16,accounts.google.com
2014-03-17 10:56:17,accounts.google.fr
2014-03-17 10:56:17,0.drive.google.com
2014-03-17 10:56:17,accounts.youtube.com
2014-03-17 10:56:17,www.google.fr
2014-03-17 10:56:17,drive.google.com
2014-03-17 10:56:18,www.google.com
2014-03-17 10:56:19,mail.google.com
2014-03-17 10:56:20,mail.google.com
2014-03-17 10:56:20,www.google.com
2014-03-17 10:56:21,mail.google.com
2014-03-17 10:56:21,drive.google.com
2014-03-17 10:56:35,accounts.google.com
2014-03-17 10:56:35,docs.google.com
2014-03-17 10:56:35,1.docs.google.com
2014-03-17 10:56:35,plus.google.com
2014-03-17 10:56:35,mail.google.com
2014-03-17 10:56:35,drive.google.com
2014-03-17 10:56:35,www.google.com
2014-03-17 10:56:35,0.docs.google.com
2014-03-17 10:56:35,accounts.google.fr
2014-03-17 10:56:35,accounts.youtube.com
2014-03-17 13:29:54,clients1.google.com
2014-03-17 13:29:54,gtglobal-ocsp.geotrust.com
2014-03-17 13:29:54,www.google.com
2014-03-17 13:29:55,clients1.google.com
2014-03-17 13:29:55,www.google.com
2014-03-17 13:29:57,clients1.google.com
2014-03-17 13:29:57,mail.google.com
2014-03-17 13:29:57,www.google.fr
2014-03-17 13:29:58,clients1.google.com
2014-03-17 13:30:33,clients1.google.com
2014-03-17 13:30:55,gtssl-ocsp.geotrust.com
2014-03-17 13:31:51,ocsp.verisign.com
2014-03-17 13:32:53,www.google.fr
2014-03-17 13:33:22,accounts.youtube.com
2014-03-17 13:33:24,accounts.google.fr
2014-03-17 13:33:24,accounts.google.com
2014-03-17 13:33:25,clients2.google.com
2014-03-17 13:33:27,chatenabled.mail.google.com
2014-03-17 13:33:27,www.google.com
2014-03-17 13:33:28,drive.google.com
2014-03-17 13:33:51,ocsp.digicert.com
2014-03-17 13:33:58,clients6.google.com
2014-03-17 13:33:58,apis.google.com
2014-03-17 13:34:08,mail.google.com
2014-03-17 13:34:08,plus.google.com
2014-03-18 15:56:38,ieonline.microsoft.com
2014-04-03 15:55:10,office14client.microsoft.com
2014-04-03 15:55:12,office.microsoft.com
2014-04-03 15:55:14,office.microsoft.com
2014-04-03 15:56:43,www.google.fr
2014-04-03 15:56:56,ieonline.microsoft.com
2014-04-03 15:56:56,www.google.fr
2014-04-03 15:56:57,apis.google.com
2014-04-03 15:57:00,www.google.com
2014-04-03 15:57:16,www.google.fr
2014-04-03 15:57:16,mail.google.com
2014-04-03 15:57:29,accounts.google.com
2014-04-03 15:57:32,apis.google.com
2014-04-03 15:57:32,www.google.com
2014-04-03 15:57:32,www.google.fr
2014-04-03 15:57:34,accounts.youtube.com
2014-04-03 15:57:34,www.google.fr
2014-04-03 15:57:37,mail.google.com
2014-04-03 15:58:17,accounts.google.fr
2014-04-03 15:58:19,accounts.google.fr
2014-04-03 15:58:22,plus.google.com
2014-04-03 15:58:22,accounts.youtube.com
2014-04-03 15:58:22,accounts.google.com
2014-04-03 15:58:22,www.google.com
2014-04-03 15:58:22,accounts.google.fr
2014-04-03 15:58:22,mail.google.com
2014-04-03 15:58:22,apis.google.com
2014-04-03 15:58:22,clients2.google.com
2014-04-03 15:58:23,clients2.google.com
2014-04-03 15:58:23,plus.google.com
2014-04-03 15:58:23,mail.google.com
2014-04-03 15:58:24,plus.google.com
2014-04-03 15:58:26,chatenabled.mail.google.com
2014-04-03 15:58:27,mail.google.com
2014-04-03 15:58:28,apis.google.com
2014-04-03 15:58:36,accounts.google.com
2014-04-03 15:58:40,drive.google.com
2014-04-03 15:58:41,apis.google.com
2014-04-03 15:58:41,drive.google.com
2014-04-03 15:58:43,0.drive.google.com
2014-04-03 15:58:44,0.drive.google.com
2014-04-03 15:58:44,apis.google.com
2014-04-03 15:58:45,drive.google.com
2014-04-03 15:58:46,drive.google.com
2014-04-03 15:58:58,plus.google.com
2014-04-03 15:58:58,docs.google.com
2014-04-03 15:59:18,docs.google.com
2014-04-03 15:59:21,docs.google.com
2014-04-03 15:59:22,apis.google.com
2014-04-03 15:59:22,docs.google.com
2014-04-03 15:59:23,www.google.com
2014-04-03 15:59:24,clients6.google.com
2014-04-03 15:59:24,docs.google.com
2014-04-03 15:59:24,accounts.google.com
2014-04-03 15:59:24,0.docs.google.com
2014-04-03 15:59:41,gg.google.com
2014-04-03 15:59:59,www.google.com
2014-04-03 15:59:59,plus.google.com
2014-04-03 15:59:59,mail.google.com
2014-04-03 15:59:59,www.google.fr
2014-04-03 15:59:59,chatenabled.mail.google.com
2014-04-03 16:00:24,plus.google.com
2014-04-03 16:00:24,mail.google.com
2014-04-03 16:00:24,www.google.fr
2014-04-03 16:00:33,clients1.google.fr
2014-04-03 16:00:35,clients1.google.fr
2014-04-03 16:00:35,www.google.fr
2014-04-03 16:00:35,plus.google.com
2014-04-03 16:00:41,drive.google.com
2014-04-03 16:00:46,www.google.fr
2014-04-03 16:01:03,www.google.fr
2014-04-03 16:01:03,clients1.google.fr
2014-04-03 16:01:16,www.google.fr
2014-04-03 16:01:39,mail.google.com
2014-04-03 16:01:39,www.google.fr
2014-04-03 16:01:40,s.plurielles.fr
2014-04-03 16:01:40,ajax.googleapis.com
2014-04-03 16:01:40,api.tf1.fr
2014-04-03 16:01:40,s.tf1.fr
2014-04-03 16:01:40,www.plurielles.fr
2014-04-03 16:01:40,www.google.fr
2014-04-03 16:01:41,apis.google.com
2014-04-03 16:01:41,static.ak.facebook.com
2014-04-03 16:01:41,static1.shopoon.fr
2014-04-03 16:01:41,connect.facebook.net
2014-04-03 16:01:41,platform.twitter.com
2014-04-03 16:01:41,sa.tf1.fr
2014-04-03 16:01:41,slpubmedias.tf1.fr
2014-04-03 16:01:41,www.plurielles.fr
2014-04-03 16:01:41,s.tf1.fr
2014-04-03 16:01:41,s.plurielles.fr
2014-04-03 16:01:41,eu1.swbdds.com
2014-04-03 16:01:41,s-static.ak.facebook.com
2014-04-03 16:01:42,static1.shopoon.fr
2014-04-03 16:01:42,accounts.google.com
2014-04-03 16:01:42,apis.google.com
2014-04-03 16:01:46,platform.twitter.com
2014-04-03 16:01:46,www.facebook.com
2014-04-03 16:01:51,twitter.com
2014-04-03 16:02:22,twitter.com
2014-04-03 16:02:46,apis.google.com
2014-04-03 16:02:58,docs.google.com
2014-04-03 16:02:58,plus.google.com
2014-04-03 16:03:22,docs.google.com
2014-04-03 16:03:23,www.google.com
2014-04-03 16:03:24,docs.google.com
2014-04-03 16:03:24,accounts.google.com
2014-04-03 16:03:25,apis.google.com
2014-04-03 16:03:25,clients6.google.com
2014-04-03 16:03:41,gg.google.com
2014-04-03 16:04:41,drive.google.com
2014-04-03 16:06:41,drive.google.com
2014-04-03 16:10:42,drive.google.com
2014-04-03 16:12:28,plus.google.com
2014-04-03 16:12:38,plus.google.com
2014-04-03 16:13:09,plus.google.com
2014-04-03 16:14:24,mail.google.com
2014-04-03 16:14:41,drive.google.com
2014-04-03 16:15:24,mail.google.com
2014-04-03 16:17:07,www.facebook.com
2014-04-03 16:17:19,www.google.fr
2014-04-03 16:17:33,www.google.fr
2014-04-03 16:17:50,www.google.fr
2014-04-03 16:17:50,translate.google.com
2014-04-03 16:17:50,plus.google.com
2014-04-03 16:17:51,translate.google.com
2014-04-03 16:17:51,fpdownload2.macromedia.com
2014-04-03 16:17:55,translate.google.com
2014-04-03 16:17:55,plus.google.com
2014-04-03 16:18:03,translate.google.com
2014-04-03 16:18:03,www.google.fr
2014-04-03 16:18:04,translate.google.com
2014-04-03 16:18:05,translate.google.com
2014-04-03 16:18:06,translate.google.com
2014-04-03 16:18:07,translate.google.com
2014-04-03 16:18:08,translate.google.com
2014-04-03 16:18:09,translate.google.com
2014-04-03 16:18:10,translate.google.com
2014-04-03 16:18:11,translate.google.com
2014-04-03 16:18:13,translate.google.com
2014-04-03 16:18:14,translate.google.com
2014-04-03 16:18:15,translate.google.com
2014-04-03 16:18:16,translate.google.com
2014-04-03 16:18:17,translate.google.com
2014-04-03 16:18:22,translate.google.com
2014-04-03 16:18:25,translate.google.com
2014-04-03 16:18:27,translate.google.com
2014-04-03 16:18:27,www.google.com
2014-04-03 16:18:28,translate.google.com
2014-04-03 16:18:28,mail.google.com
2014-04-03 16:18:31,translate.google.com
2014-04-03 16:18:32,translate.google.com
2014-04-03 16:18:41,drive.google.com
2014-04-03 16:19:08,accounts.google.com
2014-04-03 16:19:08,plus.google.com
2014-04-03 16:20:25,mail.google.com
2014-04-03 16:21:08,accounts.google.com
2014-04-03 16:22:06,plus.google.com
2014-04-03 16:22:41,drive.google.com
2014-04-03 16:22:48,mail.google.com
2014-04-03 16:22:48,plus.google.com
2014-04-03 16:22:48,www.google.fr
2014-04-03 16:22:48,clients1.google.fr
2014-04-03 16:23:06,clients1.google.fr
2014-04-03 16:23:06,www.google.fr
2014-04-03 16:23:09,plus.google.com
2014-04-03 16:23:11,www.google.fr
2014-04-03 16:23:24,cache.magicmaman.com
2014-04-03 16:23:24,www.google.fr
2014-04-03 16:23:29,www.google.fr
2014-04-03 16:23:29,mail.google.com
2014-04-03 16:23:29,www.magicmaman.com
2014-04-03 16:23:29,cache.magicmaman.com
2014-04-03 16:23:30,www.magicmaman.com
2014-04-03 16:23:30,www.ultimedia.com
2014-04-03 16:23:30,cache.magicmaman.com
2014-04-03 16:23:30,assets.pinterest.com
2014-04-03 16:23:30,img.shopreflex.com
2014-04-03 16:23:30,sc.tynt.com
2014-04-03 16:23:31,www.magicmaman.com
2014-04-03 16:23:31,api.apipagesjaunes.fr
2014-04-03 16:23:31,static.pagesjaunes.fr
2014-04-03 16:23:31,cache.magicmaman.com
2014-04-03 16:23:31,www.ultimedia.com
2014-04-03 16:23:31,img.shopreflex.com
2014-04-03 16:23:32,c1.adform.net
2014-04-03 16:23:32,x2.vindicosuite.com
2014-04-03 16:23:33,pr.ybp.yahoo.com
2014-04-03 16:23:33,cache.magicmaman.com
2014-04-03 16:23:36,um.simpli.fi
2014-04-03 16:23:37,x2.vindicosuite.com
2014-04-03 16:23:38,banniere.reussissonsensemble.fr
2014-04-03 16:23:38,match.rtbidder.net
2014-04-03 16:23:38,rbp.mxptint.net
2014-04-03 16:23:38,cache.magicmaman.com
2014-04-03 16:23:38,www.magicmaman.com
2014-04-03 16:23:39,ad.publicidees.com
2014-04-03 16:23:39,banniere.reussissonsensemble.fr
2014-04-03 16:23:39,rubicon-match.dotomi.com
2014-04-03 16:23:39,www.vetaffaires.fr
2014-04-03 16:23:39,www.facebook.com
2014-04-03 16:23:40,banniere.reussissonsensemble.fr
2014-04-03 16:23:41,www.facebook.com
2014-04-03 16:23:41,rp.gwallet.com
2014-04-03 16:23:42,cache.magicmaman.com
2014-04-03 16:23:42,www.magicmaman.com
2014-04-03 16:23:42,static.pagesjaunes.fr
2014-04-03 16:23:42,b12.myspace.com
2014-04-03 16:23:43,b12.myspace.com
2014-04-03 16:23:43,cache.magicmaman.com
2014-04-03 16:25:21,docs.google.com
2014-04-03 16:26:41,drive.google.com
2014-04-03 16:28:03,b12.myspace.com
2014-04-03 16:28:28,mail.google.com
2014-04-03 16:29:28,cache.magicmaman.com
2014-04-03 16:29:28,assets.pinterest.com
2014-04-03 16:29:28,connect.facebook.net
2014-04-03 16:29:28,platform.twitter.com
2014-04-03 16:29:28,www.magicmaman.com
2014-04-03 16:29:28,mail.google.com
2014-04-03 16:29:28,plus.google.com
2014-04-03 16:29:28,apis.google.com
2014-04-03 16:29:28,accounts.google.com
2014-04-03 16:29:30,www.facebook.com
2014-04-03 16:29:30,s-static.ak.facebook.com
2014-04-03 16:29:30,static.ak.facebook.com
2014-04-03 16:29:43,twitter.com
2014-04-03 16:30:14,plus.google.com
2014-04-03 16:30:42,4.bp.blogspot.com
2014-04-03 16:30:42,mail.google.com
2014-04-03 16:30:42,plus.google.com
2014-04-03 16:30:42,www.google.fr
2014-04-03 16:30:42,hapatchan.blogspot.com
2014-04-03 16:30:43,platform.twitter.com
2014-04-03 16:30:43,ajax.googleapis.com
2014-04-03 16:30:43,www.linkwithin.com
2014-04-03 16:30:43,dl.dropbox.com
2014-04-03 16:30:43,hapatchan.blogspot.fr
2014-04-03 16:30:43,www.google.com
2014-04-03 16:30:43,widget3.linkwithin.com
2014-04-03 16:30:43,clients1.google.fr
2014-04-03 16:30:43,www.google.fr
2014-04-03 16:30:43,2.bp.blogspot.com
2014-04-03 16:30:44,img1.blogblog.com
2014-04-03 16:30:54,www.blogger.com
2014-04-03 16:30:55,ajax.googleapis.com
2014-04-03 16:30:55,1.bp.blogspot.com
2014-04-03 16:30:55,4.bp.blogspot.com
2014-04-03 16:30:55,www.blogger.com
2014-04-03 16:30:55,apis.google.com
2014-04-03 16:30:55,www.facebook.com
2014-04-03 16:30:56,lh4.ggpht.com
2014-04-03 16:30:56,img2.blogblog.com
2014-04-03 16:30:56,twitter.com
2014-04-03 16:30:56,1.bp.blogspot.com
2014-04-03 16:30:56,bloggers.com
2014-04-03 16:30:56,xslt.alexa.com
2014-04-03 16:30:56,www.toutlemondeenblogue.com
2014-04-03 16:30:56,s.ytimg.com
2014-04-03 16:30:56,tinyurl.com
2014-04-03 16:30:56,www.google.com
2014-04-03 16:30:56,i.imgur.com
2014-04-03 16:30:56,www.youtube.com
2014-04-03 16:30:56,3.bp.blogspot.com
2014-04-03 16:30:56,img1.blogblog.com
2014-04-03 16:30:56,www.blogger.com
2014-04-03 16:30:56,www.facebook.com
2014-04-03 16:30:56,www.gravatar.com
2014-04-03 16:30:56,lh6.ggpht.com
2014-04-03 16:30:56,lh3.ggpht.com
2014-04-03 16:30:56,4.bp.blogspot.com
2014-04-03 16:30:56,lh5.ggpht.com
2014-04-03 16:30:57,www.feedcat.net
2014-04-03 16:30:57,demo.studiopress.com
2014-04-03 16:30:57,www.toutlemondeenblogue.com
2014-04-03 16:30:57,www.blogger.com
2014-04-03 16:30:57,www.google.com
2014-04-03 16:30:58,www.feedcat.net
2014-04-03 16:30:58,icon.feedcat.net
2014-04-03 16:30:59,s-static.ak.facebook.com
2014-04-03 16:30:59,apis.google.com
2014-04-03 16:30:59,hapatchan.blogspot.com
2014-04-03 16:30:59,static.ak.facebook.com
2014-04-03 16:30:59,1.bp.blogspot.com
2014-04-03 16:30:59,4.bp.blogspot.com
2014-04-03 16:31:11,www.feedcat.net
2014-04-03 16:31:11,accounts.google.com
2014-04-03 16:31:12,www.feedcat.net
2014-04-03 16:32:41,drive.google.com
2014-04-03 16:33:09,plus.google.com
2014-04-03 16:34:59,mail.google.com
2014-04-03 16:36:30,mail.google.com
2014-04-03 16:36:36,mail.google.com
2014-04-03 16:36:37,plus.google.com
2014-04-03 16:36:37,www.google.com
2014-04-03 16:36:37,www.feedcat.net
2014-04-03 16:36:37,www.google.fr
2014-04-03 16:36:40,accounts.google.fr
2014-04-03 16:36:42,drive.google.com
2014-04-03 16:36:42,accounts.google.fr
2014-04-03 16:36:43,0.drive.google.com
2014-04-03 16:36:44,docs.google.com
2014-04-03 16:36:46,0.docs.google.com
2014-04-03 16:36:46,mail.google.com
2014-04-03 16:36:46,www.google.com
2014-04-03 16:36:46,apis.google.com
2014-04-03 16:36:46,accounts.google.com
2014-04-15 15:55:18,ieonline.microsoft.com
2014-04-15 15:55:23,www.google.com
2014-04-15 15:55:23,clients1.google.com
2014-04-15 15:55:23,gtglobal-ocsp.geotrust.com
2014-04-15 15:55:37,clients1.google.com
2014-04-15 15:55:57,cens.ioc.ee
2014-04-15 15:55:57,www.google.fr
2014-04-15 15:56:18,gtssl-ocsp.geotrust.com
2014-04-15 15:56:27,www.google.fr
2014-04-15 15:56:27,yttriumath.free.fr
2014-04-15 15:56:30,yttriumath.free.fr
2014-04-15 15:56:31,yttriumath.free.fr
2014-04-15 15:58:05,www.google.fr
2014-04-15 15:58:06,www.ann.jussieu.fr
2014-04-15 15:58:07,www.ann.jussieu.fr
2014-04-15 15:58:08,ocsp.tcs.terena.org
2014-04-15 15:58:08,ocsp.usertrust.com
2014-04-15 15:58:23,www.ljll.math.upmc.fr
2014-04-15 15:58:29,safebrowsing.clients.google.com
2014-04-15 15:58:29,safebrowsing-cache.google.com
2014-04-15 15:58:30,safebrowsing-cache.google.com
2014-04-15 15:58:34,www.google.com
2014-04-15 15:58:35,apis.google.com
2014-04-15 15:59:19,www.google.fr
2014-04-15 15:59:59,www.facebook.com
2014-04-15 15:59:59,platform.twitter.com
2014-04-15 15:59:59,r.ccmbg.com
2014-04-15 15:59:59,ba.commentcamarche.net
2014-04-15 15:59:59,static.ccm2.net
2014-04-15 15:59:59,www.commentcamarche.net
2014-04-15 15:59:59,www.google.fr
2014-04-15 15:59:59,clients1.google.com
2014-04-15 16:00:00,evsecure-ocsp.verisign.com
2014-04-15 16:00:00,ba.commentcamarche.net
2014-04-15 16:00:00,static.ccm2.net
2014-04-15 16:00:00,static.ccmbg.com
2014-04-15 16:00:00,connect.facebook.net
2014-04-15 16:00:00,www.facebook.com
2014-04-15 16:00:00,static.ak.facebook.com
2014-04-15 16:00:00,platform.twitter.com
2014-04-15 16:00:01,www.facebook.com
2014-04-15 16:00:01,s-static.ak.facebook.com
2014-04-15 16:00:01,gtssl-ocsp.geotrust.com
2014-04-15 16:00:01,www.commentcamarche.net
2014-04-15 16:00:02,static.ccm2.net
2014-04-15 16:00:31,twitter.com
2014-04-15 16:01:16,ocsp.thawte.com
2014-04-15 16:01:25,sb-ssl.google.com
2014-04-15 16:02:49,www.google.fr
2014-04-15 16:02:56,ajax.googleapis.com
2014-04-15 16:03:16,ocsp.verisign.com
2014-04-15 16:05:16,ocsp.digicert.com
2014-04-15 16:05:17,ocsp.digicert.com
2014-04-15 16:06:34,www.google.fr
2014-04-15 16:15:45,www.google.fr
2014-04-15 16:15:46,forum.mathematex.net
2014-04-15 16:15:46,www.mathematex.net
2014-04-15 16:15:46,mathematex.net
2014-04-15 16:15:46,ajax.googleapis.com
2014-04-15 16:15:47,clients1.google.com
2014-04-15 16:15:47,www.google.com
2014-04-15 16:15:47,forum.mathematex.net
2014-04-15 16:16:51,www.google.fr
2014-04-15 16:16:51,perso.univ-rennes1.fr
2014-04-15 16:16:52,perso.univ-rennes1.fr
2014-04-15 16:16:52,blogperso.univ-rennes1.fr
2014-04-15 16:17:35,www.google.fr
2014-04-15 16:17:35,www.google.com
2014-04-15 16:30:27,www.google.fr
2014-04-15 16:30:41,www.google.fr
2014-04-15 16:30:42,apis.google.com
2014-04-15 16:30:44,www.google.com
2014-04-15 16:31:16,www.google.com
2014-04-15 16:31:16,apis.google.com
2014-04-15 16:31:16,www.google.fr
2014-04-15 16:31:17,www.google.fr
2014-04-15 16:31:18,ajax.googleapis.com
2014-04-15 16:31:18,www.developpez.net
2014-04-15 16:31:18,www.google.fr
2014-04-15 16:31:18,www.google.com
2014-04-15 16:31:18,sync.uuidcshmg.com
2014-04-15 16:31:19,fpdownload2.macromedia.com
2014-04-15 16:31:19,www.facebook.com
2014-04-15 16:31:20,dps.bing.com
2014-04-15 16:31:26,gtssl-ocsp.geotrust.com
2014-04-15 16:33:29,www.developpez.net
2014-04-15 16:33:42,clients1.google.com
2014-04-15 16:33:42,gtglobal-ocsp.geotrust.com
2014-04-15 16:33:42,safebrowsing.clients.google.com
2014-04-15 16:33:42,safebrowsing-cache.google.com
2014-04-15 16:33:43,safebrowsing-cache.google.com
2014-04-15 16:34:03,www.developpez.net
2014-04-15 16:34:03,sync.uuidcshmg.com
2014-04-15 16:34:04,www.developpez.net
2014-04-15 16:34:04,krxd.nexac.com
2014-04-15 16:34:05,www.developpez.net
2014-04-15 16:34:06,user-disp.tidaltv.com
2014-04-15 16:34:08,apnx-match.dotomi.com
2014-04-15 16:34:08,dtm.pacsun.com
2014-04-15 16:34:09,cm.adgrx.com
2014-04-15 16:35:51,www.developpez.net
2014-04-15 16:36:23,ocsp.thawte.com
2014-04-15 16:36:37,sb-ssl.google.com
2014-04-15 16:38:23,ocsp.verisign.com
2014-04-15 16:38:31,www.google.fr
2014-04-15 16:38:32,perso.univ-rennes1.fr
2014-04-15 16:40:23,ocsp.digicert.com
2014-04-15 16:40:26,www.google.fr
2014-04-15 16:40:32,www.google.fr
2014-04-15 16:40:39,www.google.fr
2014-04-15 16:42:05,www.google.fr
2014-04-15 16:42:50,www.google.fr
2014-04-15 16:42:54,clients1.google.com
2014-04-15 16:43:06,www.google.fr
2014-04-15 16:43:08,www.wstein.org
2014-04-15 16:43:09,www.wstein.org
2014-04-15 16:43:10,www.wstein.org
2014-04-15 16:43:11,www.wstein.org
2014-04-15 16:43:32,www.google.fr
2014-04-15 16:43:32,mistis.inrialpes.fr
2014-04-15 16:44:09,www.google.fr
2014-04-15 16:44:09,www.les-mathematiques.net
2014-04-15 16:44:10,www.les-mathematiques.net
2014-04-15 16:44:11,www.les-mathematiques.net
2014-04-15 16:44:12,www.les-mathematiques.net
2014-04-15 16:44:15,www.les-mathematiques.net
2014-04-15 16:44:32,www.les-mathematiques.net
2014-04-15 16:44:32,www.google.fr
2014-04-15 16:44:41,www.les-mathematiques.net
2014-04-15 16:44:42,www.les-mathematiques.net
2014-04-15 16:45:04,www.google.fr
2014-04-15 16:45:05,i1.ytimg.com
2014-04-15 16:45:05,latex.ilemaths.net
2014-04-15 16:45:05,www.ilemaths.net
2014-04-15 16:45:06,clients1.google.com
2014-04-15 16:45:06,www.google.com
2014-04-15 16:45:08,www.facebook.com
2014-04-15 16:45:09,ce.lijit.com
2014-04-15 16:45:09,gtssl-ocsp.geotrust.com
2014-04-15 16:45:09,s.kau.li
2014-04-15 16:45:09,cs.specificclick.net
2014-04-15 16:45:09,y.one.impact-ad.jp
2014-04-15 16:45:09,admaym.com
2014-04-15 16:45:17,clients1.google.com
2014-04-15 16:45:58,www.google.com
2014-04-15 16:45:58,apis.google.com
2014-04-15 16:47:23,www.google.fr
2014-04-15 17:04:43,safebrowsing.clients.google.com
2014-04-15 17:04:43,safebrowsing-cache.google.com
2014-04-15 17:04:44,safebrowsing-cache.google.com
2014-04-15 17:06:57,www.google.fr
2014-04-23 11:06:57,login.live.com
2014-04-23 11:06:59,mail.google.com
2014-04-23 11:07:00,mail.google.com
2014-04-23 11:07:01,mail.google.com
2014-04-23 11:07:02,accounts.google.com
2014-04-23 11:07:03,mail.google.com
2014-04-23 11:07:03,accounts.google.com
2014-04-23 11:07:11,accounts.youtube.com
2014-04-23 11:07:35,accounts.google.fr
2014-04-23 11:07:37,accounts.youtube.com
2014-04-23 11:07:37,accounts.google.com
2014-04-23 11:07:39,accounts.google.fr
2014-04-23 11:07:40,mail.google.com
2014-04-23 11:07:44,mail.google.com
2014-04-23 11:07:45,mail.google.com
2014-04-23 11:07:46,mail.google.com
2014-04-23 11:07:46,clients2.google.com
2014-04-23 11:07:48,mail.google.com
2014-04-23 11:07:48,www.google.com
2014-04-23 11:07:48,clients2.google.com
2014-04-23 11:07:53,www.google.com
2014-04-23 11:07:53,mail.google.com
2014-04-23 11:07:55,apis.google.com
2014-04-23 11:07:56,mail.google.com
2014-04-23 11:07:56,plus.google.com
2014-04-23 11:07:57,accounts.google.com
2014-04-23 11:07:57,mail.google.com
2014-04-23 11:07:58,clients6.google.com
2014-04-23 11:07:58,plus.google.com
2014-04-23 11:07:58,apis.google.com
2014-04-23 11:08:01,chatenabled.mail.google.com
2014-04-23 11:08:01,clients6.google.com
2014-04-23 11:08:01,b.mail.google.com
2014-04-23 11:08:02,apis.google.com
2014-04-23 11:08:19,plus.google.com
2014-04-23 11:08:23,chatenabled.mail.google.com
2014-04-23 11:08:24,clients6.google.com
2014-04-23 11:08:24,mail.google.com
2014-04-23 11:08:41,www.google.com
2014-04-23 11:08:42,www.google.com
2014-04-23 11:08:47,apis.google.com
2014-04-23 11:08:52,clients1.google.com
2014-04-23 11:09:02,apis.google.com
2014-04-23 11:09:02,www.google.com
2014-04-23 11:09:02,plus.google.com
2014-04-23 11:09:03,apis.google.com
2014-04-23 11:10:07,apis.google.com
2014-04-23 11:11:56,apis.google.com
2014-04-23 11:11:56,mail.google.com
2014-04-23 11:11:59,clients1.google.com
2014-04-23 11:12:02,www.google.com
2014-04-23 11:12:37,www.google.com
2014-04-23 11:12:37,clients1.google.com
2014-04-23 11:12:37,plus.google.com
2014-04-23 11:12:37,mail.google.com
2014-04-23 11:12:48,clients1.google.com
2014-04-23 11:12:49,plus.google.com
2014-04-23 11:12:49,apis.google.com
2014-04-23 11:15:46,b.mail.google.com
2014-04-23 11:15:47,www.google.com
2014-04-23 11:15:48,accounts.google.fr
2014-04-23 11:15:48,accounts.youtube.com
2014-04-23 11:15:48,accounts.google.com
2014-04-23 11:15:49,accounts.youtube.com
2014-04-23 11:15:49,accounts.google.com
2014-04-23 11:15:58,mail.google.com
2014-04-23 11:15:59,mail.google.com
