timestamp,site
2014-01-04 10:21:25,api.bing.com
2014-01-04 10:23:25,lequipe.fr
2014-01-04 10:23:25,www.lequipe.fr
2014-01-04 10:23:25,medias.lequipe.fr
2014-01-04 10:23:25,sa.kewego.com
2014-01-04 10:23:25,static.lequipe.fr
2014-01-04 10:23:26,medias.lequipe.fr
2014-01-04 10:23:26,static.lequipe.fr
2014-01-04 10:23:26,www.lequipe.fr
2014-01-04 10:23:26,widget.achetezfacile.com
2014-01-04 10:23:26,www.facebook.com
2014-01-04 10:23:26,platform.twitter.com
2014-01-04 10:23:27,ta.kewego.com
2014-01-04 10:23:27,static.lequipe.fr
2014-01-04 10:23:27,i.htfacile.fr
2014-01-04 10:23:27,ajax.googleapis.com
2014-01-04 10:23:27,apis.google.com
2014-01-04 10:23:27,www.lequipe.fr
2014-01-04 10:23:27,netstorage.lequipe.fr
2014-01-04 10:23:27,widget.achetezfacile.com
2014-01-04 10:23:28,apis.google.com
2014-01-04 10:23:28,match.rtbidder.net
2014-01-04 10:23:28,rubicon-match.dotomi.com
2014-01-04 10:23:28,rp.gwallet.com
2014-01-04 10:23:29,apis.google.com
2014-01-04 10:23:29,um.simpli.fi
2014-01-04 10:23:29,pr.ybp.yahoo.com
2014-01-04 10:23:29,accounts.google.com
2014-01-04 10:23:29,twitter.com
2014-01-04 10:23:32,twitter.com
2014-01-04 10:23:35,static.lequipe.fr
2014-01-04 10:23:35,www.lequipe.fr
2014-01-04 10:23:35,medias.lequipe.fr
2014-01-04 10:23:36,static.lequipe.fr
2014-01-04 10:23:36,platform.twitter.com
2014-01-04 10:23:36,twitter.com
2014-01-04 10:23:36,sa.kewego.com
2014-01-04 10:23:36,medias.lequipe.fr
2014-01-04 10:23:36,www.facebook.com
2014-01-04 10:23:36,ce.lijit.com
2014-01-04 10:23:36,ta.kewego.com
2014-01-04 10:23:36,netstorage.lequipe.fr
2014-01-04 10:23:36,widget.achetezfacile.com
2014-01-04 10:23:36,www.lequipe.fr
2014-01-04 10:23:36,connect.facebook.net
2014-01-04 10:23:36,s.kewego.com
2014-01-04 10:23:37,widget.achetezfacile.com
2014-01-04 10:23:37,fr.ad4mat.net
2014-01-04 10:23:37,www.lequipe.fr
2014-01-04 10:23:37,i.htfacile.fr
2014-01-04 10:23:37,static.ak.facebook.com
2014-01-04 10:23:37,platform.twitter.com
2014-01-04 10:23:37,static.lequipe.fr
2014-01-04 10:23:37,apis.google.com
2014-01-04 10:23:38,static.ad4mat.net
2014-01-04 10:23:38,s-static.ak.facebook.com
2014-01-04 10:23:38,www.facebook.com
2014-01-04 10:23:38,platform.twitter.com
2014-01-04 10:23:38,ad.publicidees.com
2014-01-04 10:23:38,rbp.mxptint.net
2014-01-04 10:23:38,c1.adform.net
2014-01-04 10:23:38,fr.ad4mat.net
2014-01-04 10:23:38,banniere.reussissonsensemble.fr
2014-01-04 10:23:39,www.facebook.com
2014-01-04 10:23:39,banner.nonstoppartner.net
2014-01-04 10:23:39,www.yceml.net
2014-01-04 10:23:39,banniere.reussissonsensemble.fr
2014-01-04 10:23:39,a.nonstoppartner.net
2014-01-04 10:23:44,banniere.reussissonsensemble.fr
2014-01-04 10:23:46,cyrillus.commander1.com
2014-01-04 10:23:46,media.cyrillus.fr
2014-01-04 10:23:46,boutique-online.orange.fr
2014-01-04 10:23:46,www.facebook.com
2014-01-04 10:24:04,api.bing.com
2014-01-04 10:24:05,api.bing.com
2014-01-04 10:24:06,api.bing.com
2014-01-04 10:24:06,www.bing.com
2014-01-04 10:24:07,www.bing.com
2014-01-04 10:24:08,www.bing.com
2014-01-04 10:24:09,cms.abmr.net
2014-01-04 10:24:11,login.wikimedia.org
2014-01-04 10:24:11,www.bing.com
2014-01-04 10:24:11,bits.wikimedia.org
2014-01-04 10:24:11,meta.wikimedia.org
2014-01-04 10:24:11,fr.wikipedia.org
2014-01-04 10:24:21,ieonline.microsoft.com
2014-01-04 10:24:22,sa.kewego.com
2014-01-04 10:24:22,medias.lequipe.fr
2014-01-04 10:24:22,www.lequipe.fr
2014-01-04 10:24:22,www.facebook.com
2014-01-04 10:24:23,s374.meetrics.net
2014-01-04 10:24:23,widget.achetezfacile.com
2014-01-04 10:24:23,medias.lequipe.fr
2014-01-04 10:24:23,netstorage.lequipe.fr
2014-01-04 10:24:23,www.lequipe.fr
2014-01-04 10:24:23,apis.google.com
2014-01-04 10:24:23,twitter.com
2014-01-04 10:24:23,i.htfacile.fr
2014-01-04 10:24:24,www.facebook.com
2014-01-04 10:24:24,static.lequipe.fr
2014-01-04 10:24:25,s3-eu-west-1.amazonaws.com
2014-01-04 10:24:25,www.facebook.com
2014-01-04 10:24:25,ajax.googleapis.com
2014-01-04 10:24:27,s3-eu-west-1.amazonaws.com
2014-01-04 10:24:27,apis.google.com
2014-01-04 10:24:44,medias.lequipe.fr
2014-01-04 10:24:55,apis.google.com
2014-01-04 10:24:55,medias.lequipe.fr
2014-01-04 10:24:59,medias.lequipe.fr
2014-01-04 10:25:14,www.lequipe.fr
2014-01-04 10:25:14,medias.lequipe.fr
2014-01-04 10:25:14,ebar.lequipe.fr
2014-01-04 10:25:14,static.lequipe.fr
2014-01-04 10:25:15,www.lequipe.fr
2014-01-04 10:25:15,www.facebook.com
2014-01-04 10:25:15,netstorage.lequipe.fr
2014-01-04 10:25:16,www.facebook.com
2014-01-04 10:25:16,widget.achetezfacile.com
2014-01-04 10:25:16,www.lequipe.fr
2014-01-04 10:25:16,i.htfacile.fr
2014-01-04 10:25:16,twitter.com
2014-01-04 10:25:16,apis.google.com
2014-01-04 10:25:17,api.allomatch.com
2014-01-04 10:26:08,www.lequipe.fr
2014-01-04 10:26:08,www.facebook.com
2014-01-04 10:26:08,sa.kewego.com
2014-01-04 10:26:09,apis.google.com
2014-01-04 10:26:09,www.facebook.com
2014-01-04 10:26:09,medias.lequipe.fr
2014-01-04 10:26:09,i.htfacile.fr
2014-01-04 10:26:09,www.lequipe.fr
2014-01-04 10:26:09,fr.ad4mat.net
2014-01-04 10:26:09,widget.achetezfacile.com
2014-01-04 10:26:09,twitter.com
2014-01-04 10:26:09,netstorage.lequipe.fr
2014-01-04 10:26:10,ad.publicidees.com
2014-01-04 10:26:10,static.ad4mat.net
2014-01-04 10:26:22,event.etam.com
2014-01-04 10:26:22,a.nonstoppartner.net
2014-01-04 10:26:57,www.lequipe.fr
2014-01-04 10:26:58,www.lequipe.fr
2014-01-04 10:26:58,www.facebook.com
2014-01-04 10:26:58,videosfr.s3.amazonaws.com
2014-01-04 10:26:58,widget.achetezfacile.com
2014-01-04 10:26:58,fr.ad4mat.net
2014-01-04 10:26:58,twitter.com
2014-01-04 10:26:59,i.htfacile.fr
2014-01-04 10:26:59,apis.google.com
2014-01-04 10:26:59,www.facebook.com
2014-01-04 10:28:00,www.lequipe.fr
2014-01-04 10:28:20,static.lequipe.fr
2014-01-04 10:29:01,www.lequipe.fr
2014-01-04 10:29:06,www.lequipe.fr
2014-01-04 10:29:07,js.pusher.com
2014-01-04 10:29:07,medias.lequipe.fr
2014-01-04 10:29:07,www.lequipe.fr
2014-01-04 10:29:08,www.lequipe.fr
2014-01-04 10:29:08,static.lequipe.fr
2014-01-04 10:29:08,widget.achetezfacile.com
2014-01-04 10:29:08,www.facebook.com
2014-01-04 10:29:08,twitter.com
2014-01-04 10:29:09,i.htfacile.fr
2014-01-04 10:29:09,www.lequipe.fr
2014-01-04 10:29:09,ajax.googleapis.com
2014-01-04 10:29:09,apis.google.com
2014-01-04 10:29:12,www.lequipe.fr
2014-01-04 10:29:12,static.lequipe.fr
2014-01-04 10:29:13,www.lequipe.fr
2014-01-04 10:29:13,medias.lequipe.fr
2014-01-04 10:29:14,www.lequipe.fr
2014-01-04 10:29:14,static.lequipe.fr
2014-01-04 10:29:18,www.lequipe.fr
2014-01-04 10:29:18,medias.lequipe.fr
2014-01-04 10:29:18,static.lequipe.fr
2014-01-04 10:30:11,www.lequipe.fr
2014-01-04 10:30:13,www.lequipe.fr
2014-01-04 10:30:13,medias.lequipe.fr
2014-01-04 10:30:13,static.lequipe.fr
2014-01-04 10:30:16,medias.lequipe.fr
2014-01-04 10:30:16,widget.achetezfacile.com
2014-01-04 10:30:16,static.lequipe.fr
2014-01-04 10:30:16,www.facebook.com
2014-01-04 10:30:16,ajax.googleapis.com
2014-01-04 10:30:16,www.lequipe.fr
2014-01-04 10:30:16,connect.facebook.net
2014-01-04 10:30:17,www.lequipe.fr
2014-01-04 10:30:17,twitter.com
2014-01-04 10:30:17,www.facebook.com
2014-01-04 10:30:17,apis.google.com
2014-01-04 10:30:18,a.nonstoppartner.net
2014-01-04 10:30:18,i.htfacile.fr
2014-01-04 10:30:18,banniere.reussissonsensemble.fr
2014-01-04 10:30:18,ad.publicidees.com
2014-01-04 10:30:19,banner.nonstoppartner.net
2014-01-04 10:30:19,a.nonstoppartner.net
2014-01-04 10:30:19,www.yceml.net
2014-01-04 10:30:19,banniere.reussissonsensemble.fr
2014-01-04 10:31:20,www.lequipe.fr
2014-01-04 10:31:38,api.bing.com
2014-01-04 10:31:39,api.bing.com
2014-01-04 10:31:40,api.bing.com
2014-01-04 10:31:41,api.bing.com
2014-01-04 10:31:42,api.bing.com
2014-01-04 10:31:43,api.bing.com
2014-01-04 10:31:44,www.bing.com
2014-01-04 10:31:44,api.bing.com
2014-01-04 10:31:45,www.bing.com
2014-01-04 10:31:47,www.commentcamarche.net
2014-01-04 10:31:47,static.ccm2.net
2014-01-04 10:31:47,ba.commentcamarche.net
2014-01-04 10:31:47,static.commentcamarche.net
2014-01-04 10:31:47,r.ccm2.net
2014-01-04 10:31:47,www.facebook.com
2014-01-04 10:31:47,platform.twitter.com
2014-01-04 10:31:47,www.bing.com
2014-01-04 10:31:47,ajax.googleapis.com
2014-01-04 10:31:48,twitter.com
2014-01-04 10:31:48,accounts.google.com
2014-01-04 10:31:48,apis.google.com
2014-01-04 10:31:48,static.ccm2.net
2014-01-04 10:31:48,platform.twitter.com
2014-01-04 10:31:48,www.facebook.com
2014-01-04 10:31:48,ba.commentcamarche.net
2014-01-04 10:31:48,mm.eulerian.net
2014-01-04 10:31:49,static.ccm2.net
2014-01-04 10:31:49,ba.commentcamarche.net
2014-01-04 10:31:49,twitter.com
2014-01-04 10:31:49,apis.google.com
2014-01-04 10:31:49,static.ccmbg.com
2014-01-04 10:31:49,www.facebook.com
2014-01-04 10:31:49,platform.twitter.com
2014-01-04 10:31:49,www.commentcamarche.net
2014-01-04 10:31:55,twitter.com
2014-01-04 10:31:55,static.ccmbg.com
2014-01-04 10:31:56,static.ccmbg.com
2014-01-04 10:31:56,static.ccm2.net
2014-01-04 10:31:56,www.facebook.com
2014-01-04 10:31:56,twitter.com
2014-01-04 10:31:59,www.facebook.com
2014-01-04 10:32:21,www.lequipe.fr
2014-01-04 10:33:06,www.facebook.com
2014-01-04 10:33:22,www.lequipe.fr
2014-01-04 10:34:23,www.lequipe.fr
2014-01-04 10:34:37,www.commentcamarche.net
2014-01-04 10:34:37,static.ccm2.net
2014-01-04 10:34:37,static.commentcamarche.net
2014-01-04 10:34:37,ba.commentcamarche.net
2014-01-04 10:34:37,r.ccm2.net
2014-01-04 10:34:38,accounts.google.com
2014-01-04 10:34:38,twitter.com
2014-01-04 10:34:38,apis.google.com
2014-01-04 10:34:38,ajax.googleapis.com
2014-01-04 10:34:38,platform.twitter.com
2014-01-04 10:34:38,ba.commentcamarche.net
2014-01-04 10:34:38,static.ccm2.net
2014-01-04 10:34:38,www.facebook.com
2014-01-04 10:34:39,apis.google.com
2014-01-04 10:34:39,twitter.com
2014-01-04 10:34:39,s-static.ak.facebook.com
2014-01-04 10:34:39,static.ccmbg.com
2014-01-04 10:34:39,connect.facebook.net
2014-01-04 10:34:39,ba.commentcamarche.net
2014-01-04 10:34:39,static.ak.facebook.com
2014-01-04 10:34:39,www.commentcamarche.net
2014-01-04 10:34:39,static.ccm2.net
2014-01-04 10:34:39,platform.twitter.com
2014-01-04 10:34:39,www.facebook.com
2014-01-04 10:34:39,loadr.exelator.com
2014-01-04 10:34:40,hal9000.redintelligence.net
2014-01-04 10:34:40,banniere.reussissonsensemble.fr
2014-01-04 10:34:40,www.google.com
2014-01-04 10:34:41,banniere.reussissonsensemble.fr
2014-01-04 10:34:41,ea.numericable.fr
2014-01-04 10:35:10,twitter.com
2014-01-04 10:35:24,www.lequipe.fr
2014-01-04 10:36:25,www.lequipe.fr
2014-01-04 10:37:26,www.lequipe.fr
2014-01-04 10:38:12,static.ccm2.net
2014-01-04 10:38:12,s-static.ak.facebook.com
2014-01-04 10:55:23,api.bing.com
2014-01-04 10:55:24,api.bing.com
2014-01-04 10:55:25,api.bing.com
2014-01-04 10:55:26,api.bing.com
2014-01-04 10:55:27,api.bing.com
2014-01-04 10:55:31,api.bing.com
2014-01-04 10:55:32,api.bing.com
2014-01-04 10:55:35,api.bing.com
2014-01-04 10:55:37,api.bing.com
2014-01-04 10:55:39,api.bing.com
2014-01-04 10:55:40,api.bing.com
2014-01-04 10:55:41,api.bing.com
2014-01-04 10:55:42,www.bing.com
2014-01-04 10:55:49,www.bing.com
2014-01-04 10:55:50,www2.cndp.fr
2014-01-04 10:58:35,api.bing.com
2014-01-04 10:58:36,api.bing.com
2014-01-04 10:58:37,api.bing.com
2014-01-04 10:58:38,api.bing.com
2014-01-04 10:58:39,www.bing.com
2014-01-04 10:58:39,api.bing.com
2014-01-04 10:58:40,www.bing.com
2014-01-04 10:58:41,www.bing.com
2014-01-04 10:58:42,www.bing.com
2014-01-04 10:58:49,www.bing.com
2014-01-04 10:58:51,www.bing.com
2014-01-04 10:58:51,theses.vet-alfort.fr
2014-01-04 10:58:52,login.live.com
2014-01-04 10:58:54,www.bing.com
2014-01-04 10:59:00,www.bing.com
2014-01-04 11:00:52,ssl.bing.com
2014-01-04 11:20:00,api.bing.com
2014-01-04 11:20:01,api.bing.com
2014-01-04 11:20:04,api.bing.com
2014-01-04 11:20:05,api.bing.com
2014-01-04 11:20:06,api.bing.com
2014-01-04 11:20:07,api.bing.com
2014-01-04 11:20:08,www.bing.com
2014-01-04 11:20:11,www.bing.com
2014-01-04 11:20:11,1290762.r.msn.com
2014-01-04 11:20:11,ea.pixmania.fr
2014-01-04 11:20:13,brain.pan.e-merchant.com
2014-01-04 11:20:13,www.pixmania.fr
2014-01-04 11:20:13,ea.pixmania.fr
2014-01-04 11:20:13,d1q62gfb8siqnm.cloudfront.net
2014-01-04 11:20:13,login.live.com
2014-01-04 11:20:14,brain.pan.e-merchant.com
2014-01-04 11:20:14,pixmania.emsecure.net
2014-01-04 11:20:14,www.pixmania.fr
2014-01-04 11:20:15,www.google.com
2014-01-04 11:20:15,www.facebook.com
2014-01-04 11:20:15,www.google.fr
2014-01-04 11:20:18,www.facebook.com
2014-01-04 11:20:19,www.facebook.com
2014-01-04 11:20:19,ea.pixmania.fr
2014-01-04 11:20:44,www.bing.com
2014-01-04 11:20:44,www.facebook.com
2014-01-04 11:20:47,www.bing.com
2014-01-04 11:20:48,www.bing.com
2014-01-04 11:20:48,ts4.mm.bing.net
2014-01-04 11:20:48,ts3.mm.bing.net
2014-01-04 11:20:48,ts2.mm.bing.net
2014-01-04 11:20:48,ts1.mm.bing.net
2014-01-04 11:20:48,api.bing.com
2014-01-04 11:20:49,ts4.mm.bing.net
2014-01-04 11:20:49,www.bing.com
2014-01-04 11:20:49,ts1.mm.bing.net
2014-01-04 11:20:49,ts3.mm.bing.net
2014-01-04 11:20:49,ts2.mm.bing.net
2014-01-04 11:20:50,ts1.mm.bing.net
2014-01-04 11:20:50,ts4.mm.bing.net
2014-01-04 11:20:50,ts2.mm.bing.net
2014-01-04 11:20:50,ts3.mm.bing.net
2014-01-04 11:20:50,www.bing.com
2014-01-04 11:20:51,login.live.com
2014-01-04 11:20:54,ts1.mm.bing.net
2014-01-04 11:20:54,ssl.bing.com
2014-01-04 11:20:54,www.bing.com
2014-01-04 11:20:55,www.bing.com
2014-01-04 11:25:15,api.bing.com
2014-01-04 11:25:15,www.facebook.com
2014-01-04 11:25:17,www.facebook.com
2014-01-04 11:25:18,fbstatic-a.akamaihd.net
2014-01-04 11:25:32,www.facebook.com
2014-01-04 11:25:32,fbstatic-a.akamaihd.net
2014-01-04 11:25:33,www.facebook.com
2014-01-04 11:25:33,fbstatic-a.akamaihd.net
2014-01-04 11:25:34,www.facebook.com
2014-01-04 11:25:34,fbcdn-photos-g-a.akamaihd.net
2014-01-04 11:25:35,www.facebook.com
2014-01-04 11:25:36,fbcdn-sphotos-c-a.akamaihd.net
2014-01-04 11:25:36,fbcdn-photos-g-a.akamaihd.net
2014-01-04 11:25:36,fbstatic-a.akamaihd.net
2014-01-04 11:25:36,fbcdn-sphotos-d-a.akamaihd.net
2014-01-04 11:25:36,fbcdn-sphotos-f-a.akamaihd.net
2014-01-04 11:25:36,fbcdn-sphotos-h-a.akamaihd.net
2014-01-04 11:25:36,fbcdn-sphotos-a-a.akamaihd.net
2014-01-04 11:25:36,fbcdn-sphotos-g-a.akamaihd.net
2014-01-04 11:25:36,www.facebook.com
2014-01-04 11:25:37,fbcdn-sphotos-f-a.akamaihd.net
2014-01-04 11:25:37,fbcdn-sphotos-g-a.akamaihd.net
2014-01-04 11:25:37,fbcdn-photos-a-a.akamaihd.net
2014-01-04 11:25:37,fbcdn-photos-e-a.akamaihd.net
2014-01-04 11:25:37,fbcdn-sphotos-d-a.akamaihd.net
2014-01-04 11:25:37,fbexternal-a.akamaihd.net
2014-01-04 11:25:37,fbstatic-a.akamaihd.net
2014-01-04 11:25:37,fbcdn-photos-h-a.akamaihd.net
2014-01-04 11:25:37,fbcdn-sphotos-h-a.akamaihd.net
2014-01-04 11:25:37,fbcdn-sphotos-a-a.akamaihd.net
2014-01-04 11:25:38,fbcdn-photos-h-a.akamaihd.net
2014-01-04 11:25:38,fbcdn-sphotos-g-a.akamaihd.net
2014-01-04 11:25:38,fbcdn-sphotos-h-a.akamaihd.net
2014-01-04 11:25:38,fbcdn-creative-a.akamaihd.net
2014-01-04 11:25:38,fbstatic-a.akamaihd.net
2014-01-04 11:25:38,fbexternal-a.akamaihd.net
2014-01-04 11:25:38,fbcdn-photos-e-a.akamaihd.net
2014-01-04 11:25:38,fbcdn-photos-a-a.akamaihd.net
2014-01-04 11:25:39,fbcdn-sphotos-h-a.akamaihd.net
2014-01-04 11:25:39,fbstatic-a.akamaihd.net
2014-01-04 11:25:39,www.facebook.com
2014-01-04 11:25:45,fbstatic-a.akamaihd.net
2014-01-04 11:25:48,fbcdn-creative-a.akamaihd.net
2014-01-04 11:25:53,www.facebook.com
2014-01-04 11:25:53,fbexternal-a.akamaihd.net
2014-01-04 11:25:53,fbcdn-creative-a.akamaihd.net
2014-01-04 11:25:58,www.facebook.com
2014-01-04 11:25:59,fbcdn-sphotos-d-a.akamaihd.net
2014-01-04 11:25:59,fbcdn-sphotos-a-a.akamaihd.net
2014-01-04 11:25:59,fbcdn-sphotos-f-a.akamaihd.net
2014-01-04 11:26:05,fbstatic-a.akamaihd.net
2014-01-04 11:26:05,fbcdn-photos-d-a.akamaihd.net
2014-01-04 11:26:09,www.facebook.com
2014-01-04 11:26:09,fbcdn-photos-c-a.akamaihd.net
2014-01-04 11:26:09,fbcdn-photos-f-a.akamaihd.net
2014-01-04 11:26:09,fbcdn-photos-b-a.akamaihd.net
2014-01-04 11:26:09,fbcdn-photos-a-a.akamaihd.net
2014-01-04 11:26:09,fbcdn-photos-g-a.akamaihd.net
2014-01-04 11:26:09,fbcdn-vthumb-a.akamaihd.net
2014-01-04 11:26:09,fbcdn-photos-e-a.akamaihd.net
2014-01-04 11:26:09,fbexternal-a.akamaihd.net
2014-01-04 11:26:09,fbstatic-a.akamaihd.net
2014-01-04 11:26:09,fbcdn-photos-d-a.akamaihd.net
2014-01-04 11:26:09,fbcdn-photos-h-a.akamaihd.net
2014-01-04 11:26:09,fbcdn-creative-a.akamaihd.net
2014-01-04 11:26:10,fbstatic-a.akamaihd.net
2014-01-04 11:26:10,www.facebook.com
2014-01-04 11:26:10,fbcdn-photos-b-a.akamaihd.net
2014-01-04 11:26:10,fbcdn-vthumb-a.akamaihd.net
2014-01-04 11:26:10,fbexternal-a.akamaihd.net
2014-01-04 11:26:10,fbcdn-sphotos-b-a.akamaihd.net
2014-01-04 11:26:10,fbcdn-creative-a.akamaihd.net
2014-01-04 11:26:10,fbcdn-sphotos-c-a.akamaihd.net
2014-01-04 11:26:11,fbstatic-a.akamaihd.net
2014-01-04 11:26:20,fbcdn-sphotos-b-a.akamaihd.net
2014-01-04 11:26:20,www.facebook.com
2014-01-04 11:27:15,www.facebook.com
2014-01-04 11:27:15,fbstatic-a.akamaihd.net
2014-01-04 11:33:12,api.bing.com
2014-01-04 11:33:13,api.bing.com
2014-01-04 11:33:15,www.bing.com
2014-01-04 11:33:16,www.bing.com
2014-01-04 11:33:17,fr.web.img3.acsta.net
2014-01-04 11:33:17,a69.g.akamai.net
2014-01-04 11:33:17,smart.allocine.fr
2014-01-04 11:33:17,accn.allocine.net
2014-01-04 11:33:17,smart2.allocine.fr
2014-01-04 11:33:17,fr.web.img1.acsta.net
2014-01-04 11:33:17,fr.web.img5.acsta.net
2014-01-04 11:33:17,fr.web.img6.acsta.net
2014-01-04 11:33:17,fr.web.img4.acsta.net
2014-01-04 11:33:17,fr.web.img2.acsta.net
2014-01-04 11:33:17,www.bing.com
2014-01-04 11:33:17,www.allocine.fr
2014-01-04 11:33:18,a69.g.akamai.net
2014-01-04 11:33:18,smart.allocine.fr
2014-01-04 11:33:18,apis.google.com
2014-01-04 11:33:18,accn.allocine.net
2014-01-04 11:33:18,yui.yahooapis.com
2014-01-04 11:33:18,fr.web.img1.acsta.net
2014-01-04 11:33:18,www.allocine.fr
2014-01-04 11:33:18,images.allocine.fr
2014-01-04 11:33:18,fby.s3.amazonaws.com
2014-01-04 11:33:18,platform.twitter.com
2014-01-04 11:33:18,connect.facebook.net
2014-01-04 11:33:19,accounts.google.com
2014-01-04 11:33:19,www.allocine.fr
2014-01-04 11:33:19,www.facebook.com
2014-01-04 11:33:24,apis.google.com
2014-01-04 11:33:24,fr.web.img5.acsta.net
2014-01-04 11:33:24,fr.web.img1.acsta.net
2014-01-04 11:33:24,fr.web.img2.acsta.net
2014-01-04 11:33:24,fr.web.img3.acsta.net
2014-01-04 11:33:24,platform.twitter.com
2014-01-04 11:33:24,fr.web.img4.acsta.net
2014-01-04 11:33:24,essearch.allocine.net
2014-01-04 11:33:24,fr.web.img6.acsta.net
2014-01-04 11:33:24,www.facebook.com
2014-01-04 11:33:24,accounts.google.com
2014-01-04 11:33:25,fr.web.img2.acsta.net
2014-01-04 11:33:25,fr.web.img1.acsta.net
2014-01-04 11:33:25,fr.web.img6.acsta.net
2014-01-04 11:33:25,fr.web.img5.acsta.net
2014-01-04 11:33:25,essearch.allocine.net
2014-01-04 11:33:26,essearch.allocine.net
2014-01-04 11:33:26,accn.allocine.net
2014-01-04 11:33:26,www.allocine.fr
2014-01-04 11:33:26,fr.web.img5.acsta.net
2014-01-04 11:33:26,fr.web.img6.acsta.net
2014-01-04 11:33:27,static.fnac-static.com
2014-01-04 11:33:27,fr.web.img3.acsta.net
2014-01-04 11:33:27,fr.web.img4.acsta.net
2014-01-04 11:33:27,fr.web.img1.acsta.net
2014-01-04 11:33:27,fr.web.img5.acsta.net
2014-01-04 11:33:27,fr.web.img6.acsta.net
2014-01-04 11:33:27,fr.web.img2.acsta.net
2014-01-04 11:33:27,accn.allocine.net
2014-01-04 11:33:27,www.allocine.fr
2014-01-04 11:33:27,static1.purepeople.com
2014-01-04 11:33:27,smart2.allocine.fr
2014-01-04 11:33:27,smart.allocine.fr
2014-01-04 11:33:27,a69.g.akamai.net
2014-01-04 11:33:27,platform.twitter.com
2014-01-04 11:33:27,apis.google.com
2014-01-04 11:33:27,images.allocine.fr
2014-01-04 11:33:28,smart.allocine.fr
2014-01-04 11:33:28,a69.g.akamai.net
2014-01-04 11:33:28,accn.allocine.net
2014-01-04 11:33:28,apis.google.com
2014-01-04 11:33:29,apis.google.com
2014-01-04 11:33:29,platform.twitter.com
2014-01-04 11:33:29,twitter.com
2014-01-04 11:33:29,smart.allocine.fr
2014-01-04 11:33:29,allocine-prod2.disqus.com
2014-01-04 11:33:29,go.disqus.com
2014-01-04 11:33:29,www.facebook.com
2014-01-04 11:33:30,disqus.com
2014-01-04 11:33:30,twitter.com
2014-01-04 11:33:31,disqus.com
2014-01-04 11:33:31,ad.publicidees.com
2014-01-04 11:33:31,www.allocine.fr
2014-01-04 11:33:32,platform.twitter.com
2014-01-04 11:33:32,smart.allocine.fr
2014-01-04 11:33:32,smart2.allocine.fr
2014-01-04 11:33:32,accn.allocine.net
2014-01-04 11:33:32,fr.web.img4.acsta.net
2014-01-04 11:33:32,fr.web.img3.acsta.net
2014-01-04 11:33:32,fr.web.img2.acsta.net
2014-01-04 11:33:32,fr.web.img1.acsta.net
2014-01-04 11:33:32,www.allocine.fr
2014-01-04 11:33:32,fr.web.img6.acsta.net
2014-01-04 11:33:33,smart.allocine.fr
2014-01-04 11:33:33,a69.g.akamai.net
2014-01-04 11:33:33,accn.allocine.net
2014-01-04 11:33:35,www.facebook.com
2014-01-04 11:33:35,images.oscaro.com
2014-01-04 11:33:35,static.ad4mat.net
2014-01-04 11:33:35,fr.ad4mat.net
2014-01-04 11:33:35,www.allocine.fr
2014-01-04 11:33:38,fr.web.img1.acsta.net
2014-01-04 11:33:38,www.allocine.fr
2014-01-04 11:33:38,graph.facebook.com
2014-01-04 11:33:38,smart.allocine.fr
2014-01-04 11:33:38,fr.web.img3.acsta.net
2014-01-04 11:33:38,accn.allocine.net
2014-01-04 11:33:38,fr.web.img4.acsta.net
2014-01-04 11:33:38,fr.web.img6.acsta.net
2014-01-04 11:33:38,fr.web.img2.acsta.net
2014-01-04 11:33:38,smart2.allocine.fr
2014-01-04 11:33:42,platform.twitter.com
2014-01-04 11:33:43,www.allocine.fr
2014-01-04 11:33:43,fr.web.img6.acsta.net
2014-01-04 11:33:43,a69.g.akamai.net
2014-01-04 11:33:43,accn.allocine.net
2014-01-04 11:33:43,smart.allocine.fr
2014-01-04 11:33:44,smart.allocine.fr
2014-01-04 11:33:44,fr.web.img6.acsta.net
2014-01-04 11:33:44,fr.web.img5.acsta.net
2014-01-04 11:33:45,fr.ad4mat.net
2014-01-04 11:33:45,static.ad4mat.net
2014-01-04 11:33:47,www.outiror.com
2014-01-04 11:34:08,fr.web.img4.acsta.net
2014-01-04 11:34:08,fr.web.img6.acsta.net
2014-01-04 11:34:08,fr.web.img1.acsta.net
2014-01-04 11:34:08,fr.web.img2.acsta.net
2014-01-04 11:34:08,www.facebook.com
2014-01-04 11:34:08,essearch.allocine.net
2014-01-04 11:34:09,fr.web.img4.acsta.net
2014-01-04 11:34:09,www.allocine.fr
2014-01-04 11:34:09,accn.allocine.net
2014-01-04 11:34:09,fr.web.img2.acsta.net
2014-01-04 11:34:09,fr.web.img6.acsta.net
2014-01-04 11:34:09,fr.web.img5.acsta.net
2014-01-04 11:34:09,fr.web.img3.acsta.net
2014-01-04 11:34:09,essearch.allocine.net
2014-01-04 11:34:10,platform.twitter.com
2014-01-04 11:34:10,smart.allocine.fr
2014-01-04 11:34:10,smart2.allocine.fr
2014-01-04 11:34:10,accn.allocine.net
2014-01-04 11:34:10,fr.web.img4.acsta.net
2014-01-04 11:34:10,fr.web.img6.acsta.net
2014-01-04 11:34:10,fr.web.img1.acsta.net
2014-01-04 11:34:10,www.allocine.fr
2014-01-04 11:34:10,fr.web.img3.acsta.net
2014-01-04 11:34:10,fr.web.img5.acsta.net
2014-01-04 11:34:10,fr.web.img2.acsta.net
2014-01-04 11:34:13,smart2.allocine.fr
2014-01-04 11:34:13,www.facebook.com
2014-01-04 11:34:13,apis.google.com
2014-01-04 11:34:13,platform.twitter.com
2014-01-04 11:34:13,static1.purepeople.com
2014-01-04 11:34:13,smart.allocine.fr
2014-01-04 11:34:13,accn.allocine.net
2014-01-04 11:34:13,fr.web.img4.acsta.net
2014-01-04 11:34:13,canalplay-publishing.canal-plus.com
2014-01-04 11:34:13,fr.web.img6.acsta.net
2014-01-04 11:34:13,fr.web.img5.acsta.net
2014-01-04 11:34:13,www.allocine.fr
2014-01-04 11:34:13,multimedia.fnac.com
2014-01-04 11:34:13,fr.web.img1.acsta.net
2014-01-04 11:34:13,fr.web.img2.acsta.net
2014-01-04 11:34:13,fr.web.img3.acsta.net
2014-01-04 11:34:13,images.allocine.fr
2014-01-04 11:34:14,www.allocine.fr
2014-01-04 11:34:14,apis.google.com
2014-01-04 11:34:14,smart.allocine.fr
2014-01-04 11:34:15,apis.google.com
2014-01-04 11:34:15,a69.g.akamai.net
2014-01-04 11:34:15,smart.allocine.fr
2014-01-04 11:34:15,accn.allocine.net
2014-01-04 11:34:15,go.disqus.com
2014-01-04 11:34:15,www.facebook.com
2014-01-04 11:34:16,disqus.com
2014-01-04 11:34:18,smart.allocine.fr
2014-01-04 11:34:18,twitter.com
2014-01-04 11:34:19,disqus.com
2014-01-04 11:34:20,fr.ad4mat.net
2014-01-04 11:34:20,fr.web.img6.acsta.net
2014-01-04 11:34:20,fr.web.img1.acsta.net
2014-01-04 11:34:20,fr.web.img3.acsta.net
2014-01-04 11:34:20,fr.web.img4.acsta.net
2014-01-04 11:34:20,www.allocine.fr
2014-01-04 11:34:21,smart.allocine.fr
2014-01-04 11:34:21,platform.twitter.com
2014-01-04 11:34:21,fr.web.img3.acsta.net
2014-01-04 11:34:21,fr.web.img2.acsta.net
2014-01-04 11:34:21,accn.allocine.net
2014-01-04 11:34:21,smart2.allocine.fr
2014-01-04 11:34:22,accn.allocine.net
2014-01-04 11:34:22,www.allocine.fr
2014-01-04 11:34:22,smart.allocine.fr
2014-01-04 11:34:22,a69.g.akamai.net
2014-01-04 11:34:23,smart.allocine.fr
2014-01-04 11:34:24,fr.ad4mat.net
2014-01-04 11:34:24,ea.numericable.fr
2014-01-04 11:34:24,lemoncurve.com
2014-01-04 11:34:24,static.ad4mat.net
2014-01-04 11:34:37,www.facebook.com
2014-01-04 11:34:37,essearch.allocine.net
2014-01-04 11:34:37,fr.web.img1.acsta.net
2014-01-04 11:34:37,fr.web.img6.acsta.net
2014-01-04 11:34:37,fr.web.img2.acsta.net
2014-01-04 11:34:37,fr.web.img4.acsta.net
2014-01-04 11:34:37,fr.web.img3.acsta.net
2014-01-04 11:34:38,essearch.allocine.net
2014-01-04 11:34:39,platform.twitter.com
2014-01-04 11:34:39,static1.purepeople.com
2014-01-04 11:34:39,smart.allocine.fr
2014-01-04 11:34:39,fr.web.img2.acsta.net
2014-01-04 11:34:39,canalplay-publishing.canal-plus.com
2014-01-04 11:34:39,accn.allocine.net
2014-01-04 11:34:39,www.allocine.fr
2014-01-04 11:34:39,images.allocine.fr
2014-01-04 11:34:39,fr.web.img1.acsta.net
2014-01-04 11:34:39,fr.web.img6.acsta.net
2014-01-04 11:34:39,fr.web.img5.acsta.net
2014-01-04 11:34:39,static.fnac-static.com
2014-01-04 11:34:39,smart2.allocine.fr
2014-01-04 11:34:39,fr.web.img4.acsta.net
2014-01-04 11:34:39,fr.web.img3.acsta.net
2014-01-04 11:34:40,www.allocine.fr
2014-01-04 11:34:40,apis.google.com
2014-01-04 11:34:40,smart.allocine.fr
2014-01-04 11:34:41,go.disqus.com
2014-01-04 11:34:41,apis.google.com
2014-01-04 11:34:41,smart.allocine.fr
2014-01-04 11:34:41,accn.allocine.net
2014-01-04 11:34:41,a69.g.akamai.net
2014-01-04 11:34:41,www.facebook.com
2014-01-04 11:34:42,disqus.com
2014-01-04 11:34:43,twitter.com
2014-01-04 11:34:43,disqus.com
2014-01-04 11:34:43,smart.allocine.fr
2014-01-04 11:34:44,www.habitat.fr
2014-01-04 11:34:44,static.ad4mat.net
2014-01-04 11:34:44,fr.ad4mat.net
2014-01-04 11:34:45,static.ad4mat.net
2014-01-04 11:35:00,fr.web.img1.acsta.net
2014-01-04 11:35:00,fr.web.img3.acsta.net
2014-01-04 11:35:00,fr.web.img5.acsta.net
2014-01-04 11:35:01,www.allocine.fr
2014-01-04 11:35:01,fr.web.img6.acsta.net
2014-01-04 11:35:01,fr.web.img5.acsta.net
2014-02-25 10:32:54,dl.javafx.com
2014-02-25 10:38:06,google.fr
2014-02-25 10:38:06,www.google.fr
2014-02-25 10:38:31,www.google.fr
2014-02-25 10:38:32,www.google.fr
2014-02-25 10:38:34,www.google.fr
2014-02-25 10:39:21,player.vimeo.com
2014-02-25 10:40:31,player.vimeo.com
2014-02-25 10:55:00,office14client.microsoft.com
2014-02-25 10:55:00,office.microsoft.com
2014-02-25 10:55:01,office.microsoft.com
2014-02-25 10:55:02,office.microsoft.com
2014-02-25 10:59:16,player.vimeo.com
2014-02-25 11:02:18,www.bing.com
2014-02-25 11:02:19,www.bing.com
2014-02-25 11:02:20,www.bing.com
2014-02-25 11:02:21,cms.abmr.net
2014-02-25 11:02:21,www.bing.com
2014-02-25 11:02:28,www.bing.com
2014-02-25 11:02:32,www.bing.com
2014-02-25 11:02:33,nexus.ensighten.com
2014-02-25 11:02:33,support.microsoft.com
2014-02-25 11:02:34,support.microsoft.com
2014-02-25 11:02:34,nexus.ensighten.com
2014-02-25 11:02:34,www.microsoft.com
2014-02-25 11:02:43,login.live.com
2014-02-25 11:02:47,support.microsoft.com
2014-02-25 11:02:47,www.microsoft.com
2014-02-25 11:02:48,www.microsoft.com
2014-02-25 11:02:48,cs.microsoft.com
2014-02-25 11:02:48,c1.microsoft.com
2014-02-25 11:02:48,support.microsoft.com
2014-02-25 11:04:20,support.microsoft.com
2014-02-25 12:01:18,medias.lequipe.fr
2014-02-25 12:01:18,static.lequipe.fr
2014-02-25 12:01:18,lequipe.fr
2014-02-25 12:01:18,www.lequipe.fr
2014-02-25 12:01:19,medias.lequipe.fr
2014-02-25 12:01:19,www.lequipe.fr
2014-02-25 12:01:20,medias.lequipe.fr
2014-02-25 12:01:20,static.lequipe.fr
2014-02-25 12:01:20,www.facebook.com
2014-02-25 12:01:20,sa.kewego.com
2014-02-25 12:01:20,www.lequipe.fr
2014-02-25 12:01:20,mediaspub.lequipe.fr
2014-02-25 12:01:20,netstorage.lequipe.fr
2014-02-25 12:01:20,platform.twitter.com
2014-02-25 12:01:20,fpdownload2.macromedia.com
2014-02-25 12:01:21,static.lequipe.fr
2014-02-25 12:01:21,medias.lequipe.fr
2014-02-25 12:01:36,www.lequipe.fr
2014-02-25 12:01:36,medias.lequipe.fr
2014-02-25 12:01:36,sa.kewego.com
2014-02-25 12:01:36,www.facebook.com
2014-02-25 12:01:36,static.lequipe.fr
2014-02-25 12:01:37,static.lequipe.fr
2014-02-25 12:01:37,www.lequipe.fr
2014-02-25 12:01:47,medias.lequipe.fr
2014-02-25 12:01:47,www.lequipe.fr
2014-02-25 12:01:47,www.facebook.com
2014-02-25 12:01:47,sa.kewego.com
2014-02-25 12:01:48,www.lequipe.fr
2014-02-25 12:01:59,twitter.com
2014-02-25 12:01:59,widget.achetezfacile.com
2014-02-25 12:01:59,static.lequipe.fr
2014-02-25 12:01:59,www.lequipe.fr
2014-02-25 12:02:00,medias.lequipe.fr
2014-02-25 12:02:00,static.lequipe.fr
2014-02-25 12:02:00,i.htfacile.fr
2014-02-25 12:02:00,ajax.googleapis.com
2014-02-25 12:02:00,twitter.com
2014-02-25 12:02:06,static.lequipe.fr
2014-02-25 12:02:10,widget.achetezfacile.com
2014-02-25 12:02:10,connect.facebook.net
2014-02-25 12:02:10,platform.twitter.com
2014-02-25 12:02:10,medias.lequipe.fr
2014-02-25 12:02:10,www.facebook.com
2014-02-25 12:02:10,static.lequipe.fr
2014-02-25 12:02:10,www.lequipe.fr
2014-02-25 12:02:10,sa.kewego.com
2014-02-25 12:02:11,widget.achetezfacile.com
2014-02-25 12:02:11,apis.google.com
2014-02-25 12:02:11,www.lequipe.fr
2014-02-25 12:02:11,foglio.basilic.io
2014-02-25 12:02:11,twitter.com
2014-02-25 12:02:11,i.htfacile.fr
2014-02-25 12:02:12,www.facebook.com
2014-02-25 12:02:12,medias.lequipe.fr
2014-02-25 12:02:12,platform.twitter.com
2014-02-25 12:02:12,twitter.com
2014-02-25 12:02:12,s-static.ak.facebook.com
2014-02-25 12:02:12,static.ak.facebook.com
2014-02-25 12:02:13,static.lequipe.fr
2014-02-25 12:02:13,medias.lequipe.fr
2014-02-25 12:02:13,apis.google.com
2014-02-25 12:02:16,accounts.google.com
2014-02-25 12:02:31,platform.twitter.com
2014-02-25 12:02:31,accounts.google.com
2014-02-25 12:02:31,medias.lequipe.fr
2014-02-25 12:02:38,www.lequipe.fr
2014-02-25 12:02:38,medias.lequipe.fr
2014-02-25 12:02:38,www.facebook.com
2014-02-25 12:02:39,medias.lequipe.fr
2014-02-25 12:02:39,www.lequipe.fr
2014-02-25 12:02:41,s-static.ak.facebook.com
2014-02-25 12:02:41,medias.lequipe.fr
2014-02-25 12:02:41,www.lequipe.fr
2014-02-25 12:02:41,platform.twitter.com
2014-02-25 12:02:41,static.ak.facebook.com
2014-02-25 12:02:41,widget.achetezfacile.com
2014-02-25 12:02:42,twitter.com
2014-02-25 12:02:42,apis.google.com
2014-02-25 12:02:42,platform.twitter.com
2014-02-25 12:02:42,www.facebook.com
2014-02-25 12:02:43,apis.google.com
2014-02-25 12:02:43,static.lequipe.fr
2014-02-25 12:02:47,www.lequipe.fr
2014-02-25 12:02:48,apis.google.com
2014-02-25 12:02:48,twitter.com
2014-02-25 12:02:48,platform.twitter.com
2014-02-25 12:02:48,widget.achetezfacile.com
2014-02-25 12:02:48,medias.lequipe.fr
2014-02-25 12:02:48,www.facebook.com
2014-02-25 12:02:48,www.lequipe.fr
2014-02-25 12:02:49,static.ak.facebook.com
2014-02-25 12:02:49,apis.google.com
2014-02-25 12:02:49,s-static.ak.facebook.com
2014-02-25 12:02:50,www.facebook.com
2014-02-25 12:03:03,160.92.123.193
2014-02-25 12:03:04,twitter.com
2014-02-25 12:03:58,player.vimeo.com
2014-03-18 10:14:39,ieonline.microsoft.com
2014-03-18 10:14:39,js.microsoft.com
2014-03-18 10:14:39,windows.microsoft.com
2014-03-18 10:14:39,res2.windows.microsoft.com
2014-03-18 10:14:39,res1.windows.microsoft.com
2014-03-18 10:14:39,ajax.microsoft.com
2014-03-18 10:14:39,go.microsoft.com
2014-03-18 10:14:40,js.microsoft.com
2014-03-18 10:14:40,res1.windows.microsoft.com
2014-03-18 10:14:42,api.bing.com
2014-03-18 10:14:43,api.bing.com
2014-03-18 10:14:44,www.bing.com
2014-03-18 10:14:44,api.bing.com
2014-03-18 10:14:45,api.bing.com
2014-03-18 10:14:46,www.msn.com
2014-03-18 10:14:46,fr.msn.com
2014-03-18 10:14:46,msn.com
2014-03-18 10:14:46,www.bing.com
2014-03-18 10:14:47,c.fr.msn.com
2014-03-18 10:14:47,www.bing.com
2014-03-18 10:14:47,h2.msn.com
2014-03-18 10:14:47,api.bing.com
2014-03-18 10:14:48,h2.msn.com
2014-03-18 10:14:51,platform.twitter.com
2014-03-18 10:14:51,g.msn.com
2014-03-18 10:14:51,fr.msn.com
2014-03-18 10:14:52,platform.twitter.com
2014-03-18 10:14:52,pbs.twimg.com
2014-03-18 10:14:52,g.msn.com
2014-03-18 10:14:52,www.mail.live.com
2014-03-18 10:14:52,www.bing.com
2014-03-18 10:14:53,twitter.com
2014-03-18 10:14:54,login.live.com
2014-03-18 10:14:54,pbs.twimg.com
2014-03-18 10:14:54,twitter.com
2014-03-18 10:14:54,platform.twitter.com
2014-03-18 10:14:54,connect.facebook.net
2014-03-18 10:14:54,fr.msn.com
2014-03-18 10:14:55,login.live.com
2014-03-18 10:14:56,windowslive.tt.omtrdc.net
2014-03-18 10:15:09,windowslive.tt.omtrdc.net
2014-03-18 10:15:10,login.live.com
2014-03-18 10:15:22,login.live.com
2014-03-18 10:15:34,login.live.com
2014-03-18 10:15:35,windowslive.tt.omtrdc.net
2014-03-18 10:15:35,mail.live.com
2014-03-18 10:15:35,dub118.mail.live.com
2014-03-18 10:15:36,dub118.mail.live.com
2014-03-18 10:15:37,dub118.mail.live.com
2014-03-18 10:15:38,dub118.mail.live.com
2014-03-18 10:15:38,windowslive.tt.omtrdc.net
2014-03-18 10:15:39,h.live.com
2014-03-18 10:15:40,dub118.mail.live.com
2014-03-18 10:15:40,cid-783a2cd30ecfc114.users.storage.live.com
2014-03-18 10:15:40,h.live.com
2014-03-18 10:15:40,people.directory.live.com
2014-03-18 10:15:41,js.live.net
2014-03-18 10:15:41,h.live.com
2014-03-18 10:15:41,dub118.mail.live.com
2014-03-18 10:15:42,secure.shared.live.com
2014-03-18 10:15:44,secure.shared.live.com
2014-03-18 10:16:08,dm2302files.storage.live.com
2014-03-18 10:16:08,dub118.mail.live.com
2014-03-18 10:16:08,h.live.com
2014-03-18 10:16:09,go.trouter.io
2014-03-18 10:16:09,blufiles.storage.msn.com
2014-03-18 10:16:09,byfiles.storage.msn.com
2014-03-18 10:16:16,dub118.mail.live.com
2014-03-18 10:16:19,sn2files.storage.msn.com
2014-03-18 10:16:19,byfiles.storage.msn.com
2014-03-18 10:16:20,dm2304files.storage.live.com
2014-03-18 10:16:20,byfiles.storage.msn.com
2014-03-18 10:16:20,storage.live.com
2014-03-18 10:16:20,bn1304files.storage.live.com
2014-03-18 10:16:20,dm2303files.storage.live.com
2014-03-18 10:16:25,h2.msn.com
2014-03-18 10:16:28,bn1files.storage.live.com
2014-03-18 10:16:33,h2.msn.com
2014-03-18 10:16:34,g.msn.com
2014-03-18 10:16:34,p.sfx.ms
2014-03-18 10:16:34,dub118.mail.live.com
2014-03-18 10:16:35,h.live.com
2014-03-18 10:16:39,ieonline.microsoft.com
2014-03-18 10:16:39,go.microsoft.com
2014-03-18 10:16:41,api.bing.com
2014-03-18 10:17:35,cid-783a2cd30ecfc114.users.storage.live.com
2014-03-18 10:18:45,api.bing.com
2014-03-18 10:18:45,dub118.mail.live.com
2014-03-18 10:18:48,go.trouter.io
2014-03-18 10:18:48,www.lequipe.fr
2014-03-18 10:18:48,lequipe.fr
2014-03-18 10:18:48,secure.shared.live.com
2014-03-18 10:18:49,medias.lequipe.fr
2014-03-18 10:18:50,static.lequipe.fr
2014-03-18 10:18:50,medias.lequipe.fr
2014-03-18 10:18:50,ta.kewego.com
2014-03-18 10:18:50,www.lequipe.fr
2014-03-18 10:18:50,sa.kewego.com
2014-03-18 10:18:51,api.bing.com
2014-03-18 10:18:51,www.facebook.com
2014-03-18 10:18:51,static.lequipe.fr
2014-03-18 10:18:51,netstorage.lequipe.fr
2014-03-18 10:18:51,medias.lequipe.fr
2014-03-18 10:18:51,www.lequipe.fr
2014-03-18 10:18:52,platform.twitter.com
2014-03-18 10:18:52,widget.achetezfacile.com
2014-03-18 10:18:52,static.lequipe.fr
2014-03-18 10:18:52,ajax.googleapis.com
2014-03-18 10:18:52,foglio.basilic.io
2014-03-18 10:18:52,apis.google.com
2014-03-18 10:18:52,i.htfacile.fr
2014-03-18 10:18:53,twitter.com
2014-03-18 10:18:53,accounts.google.com
2014-03-18 10:18:53,c.fr.msn.com
2014-03-18 10:18:53,fr.msn.com
2014-03-18 10:18:53,www.bing.com
2014-03-18 10:18:53,www.msn.com
2014-03-18 10:18:53,apis.google.com
2014-03-18 10:18:56,www.facebook.com
2014-03-18 10:18:56,static.ak.facebook.com
2014-03-18 10:18:56,www.bing.com
2014-03-18 10:18:56,g.msn.com
2014-03-18 10:18:56,fr.msn.com
2014-03-18 10:18:56,s-static.ak.facebook.com
2014-03-18 10:18:57,login.live.com
2014-03-18 10:18:57,g.msn.com
2014-03-18 10:18:57,www.facebook.com
2014-03-18 10:18:57,twitter.com
2014-03-18 10:18:59,fr.msn.com
2014-03-18 10:19:01,login.secure.emea.msn.com
2014-03-18 10:19:01,platform.twitter.com
2014-03-18 10:19:04,g.msn.com
2014-03-18 10:19:04,www.mail.live.com
2014-03-18 10:19:06,login.live.com
2014-03-18 10:19:07,hotmailproxy.fr.msn.com
2014-03-18 10:19:08,mail.live.com
2014-03-18 10:19:08,dub118.mail.live.com
2014-03-18 10:19:13,dub118.mail.live.com
2014-03-18 10:19:13,login.live.com
2014-03-18 10:19:13,h.live.com
2014-03-18 10:19:13,h2.msn.com
2014-03-18 10:19:13,g.msn.com
2014-03-18 10:19:16,dub118.mail.live.com
2014-03-18 10:19:16,g.live.com
2014-03-18 10:19:18,dub118.mail.live.com
2014-03-18 10:19:18,windowslive.tt.omtrdc.net
2014-03-18 10:19:20,c.fr.msn.com
2014-03-18 10:19:20,api.bing.com
2014-03-18 10:19:20,h2.msn.com
2014-03-18 10:19:20,fr.msn.com
2014-03-18 10:19:20,windowslive.tt.omtrdc.net
2014-03-18 10:19:23,fr.msn.com
2014-03-18 10:19:24,g.msn.com
2014-03-18 10:19:24,eulerian.canal-plus.com
2014-03-18 10:19:25,www.facebook.com
2014-03-18 10:19:25,static.ak.facebook.com
2014-03-18 10:19:25,fr.msn.com
2014-03-18 10:19:25,www.bing.com
2014-03-18 10:19:25,s-static.ak.facebook.com
2014-03-18 10:19:25,platform.twitter.com
2014-03-18 10:19:25,twitter.com
2014-03-18 10:19:26,login.secure.emea.msn.com
2014-03-18 10:19:26,login.live.com
2014-03-18 10:21:39,api.bing.com
2014-03-18 10:21:43,static.lequipe.fr
2014-03-18 10:21:43,www.facebook.com
2014-03-18 10:21:43,lequipe.fr
2014-03-18 10:21:43,sa.kewego.com
2014-03-18 10:21:43,www.lequipe.fr
2014-03-18 10:21:44,ce.lijit.com
2014-03-18 10:21:44,accounts.google.com
2014-03-18 10:21:44,apis.google.com
2014-03-18 10:21:44,static.lequipe.fr
2014-03-18 10:21:44,twitter.com
2014-03-18 10:21:44,netstorage.lequipe.fr
2014-03-18 10:21:44,widget.achetezfacile.com
2014-03-18 10:21:44,i.htfacile.fr
2014-03-18 10:21:44,foglio.basilic.io
2014-03-18 10:21:49,twitter.com
2014-03-18 10:21:49,apis.google.com
2014-03-18 10:21:49,accounts.google.com
2014-03-18 10:21:49,www.lequipe.fr
2014-03-18 10:21:49,medias.lequipe.fr
2014-03-18 10:21:49,static.lequipe.fr
2014-03-18 10:21:49,sa.kewego.com
2014-03-18 10:21:49,www.facebook.com
2014-03-18 10:21:50,apis.google.com
2014-03-18 10:21:50,twitter.com
2014-03-18 10:21:50,netstorage.lequipe.fr
2014-03-18 10:21:50,widget.achetezfacile.com
2014-03-18 10:21:50,www.lequipe.fr
2014-03-18 10:21:50,i.htfacile.fr
2014-03-18 10:21:50,medias.lequipe.fr
2014-03-18 10:21:51,netstorage.lequipe.fr
2014-03-18 10:22:04,medias.lequipe.fr
2014-03-18 10:22:05,medias.lequipe.fr
2014-03-18 10:22:08,medias.lequipe.fr
2014-03-18 10:22:11,medias.lequipe.fr
2014-03-18 10:22:13,static.lequipe.fr
2014-03-18 10:22:14,medias.lequipe.fr
2014-03-18 10:22:17,medias.lequipe.fr
2014-03-18 10:22:22,medias.lequipe.fr
2014-03-18 10:22:23,medias.lequipe.fr
2014-03-18 10:22:24,medias.lequipe.fr
2014-03-18 10:22:25,medias.lequipe.fr
2014-03-18 10:22:26,medias.lequipe.fr
2014-03-18 10:22:37,static.lequipe.fr
2014-03-18 10:22:37,www.lequipe.fr
2014-03-18 10:22:37,medias.lequipe.fr
2014-03-18 10:22:38,platform.twitter.com
2014-03-18 10:22:38,www.facebook.com
2014-03-18 10:22:38,s-static.ak.facebook.com
2014-03-18 10:22:38,www.lequipe.fr
2014-03-18 10:22:38,medias.lequipe.fr
2014-03-18 10:22:38,static.lequipe.fr
2014-03-18 10:22:38,static.ak.facebook.com
2014-03-18 10:22:38,widget.achetezfacile.com
2014-03-18 10:22:39,apis.google.com
2014-03-18 10:22:39,twitter.com
2014-03-18 10:22:40,static.lequipe.fr
2014-03-18 10:22:57,dl.patchbeam.com
2014-03-18 10:22:58,www.powerarchiver.com
2014-03-18 10:22:58,dl.patchbeam.com
2014-03-18 10:23:09,twitter.com
2014-03-18 10:23:39,www.lequipe.fr
2014-03-18 10:24:40,apis.google.com
2014-03-18 10:24:40,www.lequipe.fr
2014-03-18 10:25:21,www.lequipe.fr
2014-03-18 10:25:22,cyrillus.commander1.com
2014-03-18 10:25:22,media.cyrillus.fr
2014-03-18 10:25:22,static.ad4mat.net
2014-03-18 10:25:22,fr.ad4mat.net
2014-03-18 10:25:22,medias.lequipe.fr
2014-03-18 10:25:23,boutique-online.orange.fr
2014-03-18 10:25:31,eulerian.canal-plus.com
2014-03-18 10:25:31,c1.adform.net
2014-03-18 10:25:31,fr.ad4mat.net
2014-03-18 10:25:31,static.ad4mat.net
2014-03-18 10:25:31,medias.lequipe.fr
2014-03-18 10:25:31,rbp.mxptint.net
2014-03-18 10:25:31,event.etam.com
2014-03-18 10:25:32,a.nonstoppartner.net
2014-03-18 10:25:32,eulerian.canal-plus.com
2014-03-18 10:25:42,www.lequipe.fr
2014-03-18 10:26:01,fr.ad4mat.net
2014-03-18 10:26:01,medias.lequipe.fr
2014-03-18 10:26:02,match.rtbidder.net
2014-03-18 10:26:02,dtm.neimanmarcus.com
2014-03-18 10:26:02,rubicon-match.dotomi.com
2014-03-18 10:26:05,pixel2368.everesttech.net
2014-03-18 10:26:22,pixel2368.everesttech.net
2014-03-18 10:26:22,medias.lequipe.fr
2014-03-18 10:26:23,static.lequipe.fr
2014-03-18 10:26:23,pr.ybp.yahoo.com
2014-03-18 10:26:36,um.simpli.fi
2014-03-18 10:26:36,rp.gwallet.com
2014-03-18 10:26:37,fr.ad4mat.net
2014-03-18 10:26:37,www.facebook.com
2014-03-18 10:26:37,static.ad4mat.net
2014-03-18 10:26:37,www.google.com
2014-03-18 10:26:37,www.outiror.com
2014-03-18 10:26:37,ea.numericable.fr
2014-03-18 10:26:37,medias.lequipe.fr
2014-03-18 10:26:51,www.lequipe.fr
2014-03-18 10:27:03,medias.lequipe.fr
2014-03-18 10:27:03,www.facebook.com
2014-03-18 10:27:16,medias.lequipe.fr
2014-03-18 10:27:16,its.tradelab.fr
2014-03-18 10:27:16,mm.eulerian.net
2014-03-18 10:27:17,www.facebook.com
2014-03-18 10:27:26,its.tradelab.fr
2014-03-18 10:27:26,medias.lequipe.fr
2014-03-18 10:27:27,its.tradelab.fr
2014-03-18 10:27:27,mm.eulerian.net
2014-03-18 10:27:29,dtm.neimanmarcus.com
2014-03-18 10:27:29,apnx-match.dotomi.com
2014-03-18 10:27:29,um.simpli.fi
2014-03-18 10:27:29,adventori.com
2014-03-18 10:27:31,c1.adform.net
2014-03-18 10:27:42,bright.bncnt.com
2014-03-18 10:27:42,its.tradelab.fr
2014-03-18 10:27:43,medias.lequipe.fr
2014-03-18 10:27:45,cm.adgrx.com
2014-03-18 10:27:54,www.lequipe.fr
2014-03-18 10:28:51,medias.lequipe.fr
2014-03-18 10:28:51,tc.airfrance.com
2014-03-18 10:28:54,www.lequipe.fr
2014-03-18 10:29:02,medias.lequipe.fr
2014-03-18 10:29:31,www.lequipe.fr
2014-03-18 10:29:32,www.lequipe.fr
2014-03-18 10:29:32,www.facebook.com
2014-03-18 10:29:32,widget.achetezfacile.com
2014-03-18 10:29:32,medias.lequipe.fr
2014-03-18 10:29:33,www.facebook.com
2014-03-18 10:29:33,s-static.ak.facebook.com
2014-03-18 10:29:33,twitter.com
2014-03-18 10:29:33,apis.google.com
2014-03-18 10:29:33,static.ak.facebook.com
2014-03-18 10:29:33,www.lequipe.fr
2014-03-18 10:29:33,medias.lequipe.fr
2014-03-18 10:29:49,its.tradelab.fr
2014-03-18 10:29:50,medias.lequipe.fr
2014-03-18 10:30:04,twitter.com
2014-03-18 10:30:25,its.tradelab.fr
2014-03-18 10:30:25,medias.lequipe.fr
2014-03-18 10:30:26,fr.ad4mat.net
2014-03-18 10:30:26,static.ad4mat.net
2014-03-18 10:30:26,www.edenshoes.fr
2014-03-18 10:30:34,www.lequipe.fr
2014-03-18 10:30:46,fr.ad4mat.net
2014-03-18 10:30:46,medias.lequipe.fr
2014-03-18 10:30:46,static.ad4mat.net
2014-03-18 10:30:47,static.ad4mat.net
2014-03-18 10:31:12,medias.lequipe.fr
2014-03-18 10:31:25,its.tradelab.fr
2014-03-18 10:31:25,medias.lequipe.fr
2014-03-18 10:31:26,mm.eulerian.net
2014-03-18 10:31:36,www.lequipe.fr
2014-03-18 10:31:40,medias.lequipe.fr
2014-03-18 10:31:43,www.facebook.com
2014-03-18 10:32:14,medias.lequipe.fr
2014-03-18 10:32:34,api.bing.com
2014-03-18 10:32:35,api.bing.com
2014-03-18 10:32:37,www.lequipe.fr
2014-03-18 10:32:37,s.ytimg.com
2014-03-18 10:32:37,www.youtube.com
2014-03-18 10:32:37,i1.ytimg.com
2014-03-18 10:32:38,i1.ytimg.com
2014-03-18 10:32:38,s.youtube.com
2014-03-18 10:32:38,s.ytimg.com
2014-03-18 10:32:38,apis.google.com
2014-03-18 10:32:38,yt3.ggpht.com
2014-03-18 10:32:39,accounts.google.com
2014-03-18 10:32:40,yt3.ggpht.com
2014-03-18 10:32:41,s.ytimg.com
2014-03-18 10:32:41,clients1.google.com
2014-03-18 10:32:41,apis.google.com
2014-03-18 10:32:42,clients1.google.com
2014-03-18 10:32:42,www.google.com
2014-03-18 10:32:43,yt3.ggpht.com
2014-03-18 10:32:43,s.ytimg.com
2014-03-18 10:32:43,i3.ytimg.com
2014-03-18 10:32:43,i1.ytimg.com
2014-03-18 10:32:43,apis.google.com
2014-03-18 10:32:43,www.youtube.com
2014-03-18 10:32:43,accounts.google.com
2014-03-18 10:32:44,banniere.reussissonsensemble.fr
2014-03-18 10:32:44,apis.google.com
2014-03-18 10:32:45,a.nonstoppartner.net
2014-03-18 10:32:45,banniere.reussissonsensemble.fr
2014-03-18 10:32:45,banner.nonstoppartner.net
2014-03-18 10:32:45,clients1.google.com
2014-03-18 10:32:46,clients1.google.com
2014-03-18 10:32:47,clients1.google.com
2014-03-18 10:32:47,www.google.com
2014-03-18 10:32:48,www.youtube.com
2014-03-18 10:32:48,i1.ytimg.com
2014-03-18 10:32:51,www.youtube.com
2014-03-18 10:32:51,i1.ytimg.com
2014-03-18 10:32:52,i1.ytimg.com
2014-03-18 10:32:52,www.youtube.com
2014-03-18 10:32:53,www.youtube.com
2014-03-18 10:32:53,s.youtube.com
2014-03-18 10:32:54,yt3.ggpht.com
2014-03-18 10:32:54,www.youtube.com
2014-03-18 10:32:54,r3---sn-gxo5uxg-jqbe.googlevideo.com
2014-03-18 10:32:54,www.google.com
2014-03-18 10:32:54,www.youtube-nocookie.com
2014-03-18 10:32:54,i1.ytimg.com
2014-03-18 10:32:54,s.ytimg.com
2014-03-18 10:32:55,plus.googleapis.com
2014-03-18 10:33:09,s.youtube.com
2014-03-18 10:33:09,apis.google.com
2014-03-18 10:33:09,plus.googleapis.com
2014-03-18 10:33:09,i1.ytimg.com
2014-03-18 10:33:13,s.youtube.com
2014-03-18 10:33:15,www.youtube.com
2014-03-18 10:33:15,i1.ytimg.com
2014-03-18 10:33:18,www.youtube.com
2014-03-18 10:33:19,www.youtube.com
2014-03-18 10:33:19,s.youtube.com
2014-03-18 10:33:19,r4---sn-gxo5uxg-jqbe.googlevideo.com
2014-03-18 10:33:19,i1.ytimg.com
2014-03-18 10:33:19,gdata.youtube.com
2014-03-18 10:33:19,plus.googleapis.com
2014-03-18 10:33:20,s.youtube.com
2014-03-18 10:33:20,www.youtube.com
2014-03-18 10:33:31,www.youtube.com
2014-03-18 10:33:31,s.ytimg.com
2014-03-18 10:33:31,plus.googleapis.com
2014-03-18 10:33:31,i1.ytimg.com
2014-03-18 10:33:32,yt3.ggpht.com
2014-03-18 10:33:32,apis.google.com
2014-03-18 10:33:32,plus.googleapis.com
2014-03-18 10:33:32,i1.ytimg.com
2014-03-18 10:33:34,s.ytimg.com
2014-03-18 10:33:34,www.youtube.com
2014-03-18 10:33:34,s.youtube.com
2014-03-18 10:33:35,www.youtube.com
2014-03-18 10:33:35,s.youtube.com
2014-03-18 10:33:37,www.lequipe.fr
2014-03-18 10:33:39,s.youtube.com
2014-03-18 10:33:50,s.youtube.com
2014-03-18 10:33:57,r3---sn-gxo5uxg-jqbe.googlevideo.com
2014-03-18 10:33:57,s.youtube.com
2014-03-18 10:33:57,www.youtube.com
2014-03-18 10:34:12,s.youtube.com
2014-03-18 10:34:12,s.ytimg.com
2014-03-18 10:34:17,s.youtube.com
2014-03-18 10:34:33,apis.google.com
2014-03-18 10:34:33,s.ytimg.com
2014-03-18 10:34:38,www.lequipe.fr
2014-03-18 10:35:05,plus.googleapis.com
2014-03-18 10:35:09,medias.lequipe.fr
2014-03-18 10:35:24,medias.lequipe.fr
2014-03-18 10:35:28,ce.lijit.com
2014-03-18 10:35:39,www.lequipe.fr
2014-03-18 10:35:45,www.lequipe.fr
2014-03-18 10:35:45,static.lequipe.fr
2014-03-18 10:35:45,medias.lequipe.fr
2014-03-18 10:35:45,www.facebook.com
2014-03-18 10:35:46,netstorage.lequipe.fr
2014-03-18 10:35:46,apis.google.com
2014-03-18 10:35:46,twitter.com
2014-03-18 10:35:46,widget.achetezfacile.com
2014-03-18 10:35:46,medias.lequipe.fr
2014-03-18 10:35:46,www.lequipe.fr
2014-03-18 10:35:47,i.htfacile.fr
2014-03-18 10:35:51,medias.lequipe.fr
2014-03-18 10:35:54,medias.lequipe.fr
2014-03-18 10:35:54,www.lequipe.fr
2014-03-18 10:35:54,www.facebook.com
2014-03-18 10:35:54,connect.facebook.net
2014-03-18 10:35:54,videosfr.s3.amazonaws.com
2014-03-18 10:35:55,apis.google.com
2014-03-18 10:35:55,s-static.ak.facebook.com
2014-03-18 10:35:55,i.htfacile.fr
2014-03-18 10:35:55,www.facebook.com
2014-03-18 10:35:55,static.ak.facebook.com
2014-03-18 10:35:55,widget.achetezfacile.com
2014-03-18 10:35:55,twitter.com
2014-03-18 10:36:26,twitter.com
2014-03-18 10:36:27,medias.lequipe.fr
2014-03-18 10:36:27,www.lequipe.fr
2014-03-18 10:36:28,static.ak.facebook.com
2014-03-18 10:36:28,widget.achetezfacile.com
2014-03-18 10:36:28,www.facebook.com
2014-03-18 10:36:28,medias.lequipe.fr
2014-03-18 10:36:28,www.lequipe.fr
2014-03-18 10:36:28,twitter.com
2014-03-18 10:36:28,s-static.ak.facebook.com
2014-03-18 10:36:33,apis.google.com
2014-03-18 10:36:33,www.facebook.com
2014-03-18 10:36:59,160.92.123.193
2014-03-18 10:37:03,twitter.com
2014-03-18 10:37:08,www.lequipe.fr
2014-03-18 10:37:08,www.facebook.com
2014-03-18 10:37:08,broadcast.piximedia.fr
2014-03-18 10:37:09,i.htfacile.fr
2014-03-18 10:37:09,www.facebook.com
2014-03-18 10:37:09,www.lequipe.fr
2014-03-18 10:37:09,static.ak.facebook.com
2014-03-18 10:37:09,widget.achetezfacile.com
2014-03-18 10:37:09,broadcast.piximedia.fr
2014-03-18 10:37:09,apis.google.com
2014-03-18 10:37:09,s-static.ak.facebook.com
2014-03-18 10:37:09,twitter.com
2014-03-18 10:37:09,rm.piximedia.fr
2014-03-18 10:37:10,twitter.com
2014-03-18 10:37:10,medias.lequipe.fr
2014-03-18 10:37:11,ftn.fortuneo.fr
2014-03-18 10:37:37,160.92.123.193
2014-03-18 10:38:10,www.lequipe.fr
2014-03-18 10:38:44,www.lequipe.fr
2014-03-18 10:38:44,widget.achetezfacile.com
2014-03-18 10:38:44,static.lequipe.fr
2014-03-18 10:38:44,ebar.lequipe.fr
2014-03-18 10:38:44,www.facebook.com
2014-03-18 10:38:44,medias.lequipe.fr
2014-03-18 10:38:45,static.ak.facebook.com
2014-03-18 10:38:45,eulerian.canal-plus.com
2014-03-18 10:38:45,twitter.com
2014-03-18 10:38:45,s-static.ak.facebook.com
2014-03-18 10:38:45,www.facebook.com
2014-03-18 10:38:46,i.htfacile.fr
2014-03-18 10:38:46,api.allomatch.com
2014-03-18 10:38:46,ad.publicidees.com
2014-03-18 10:38:46,apis.google.com
2014-03-18 10:39:31,sa.kewego.com
2014-03-18 10:39:31,medias.lequipe.fr
2014-03-18 10:39:31,static.lequipe.fr
2014-03-18 10:39:31,www.lequipe.fr
2014-03-18 10:39:31,www.facebook.com
2014-03-18 10:39:32,ta.kewego.com
2014-03-18 10:39:32,medias.lequipe.fr
2014-03-18 10:39:32,twitter.com
2014-03-18 10:39:32,apis.google.com
2014-03-18 10:39:32,widget.achetezfacile.com
2014-03-18 10:39:32,i.htfacile.fr
2014-03-18 10:39:34,www.lequipe.fr
2014-03-18 10:39:34,medias.lequipe.fr
2014-03-18 10:39:34,www.facebook.com
2014-03-18 10:39:35,static.ak.facebook.com
2014-03-18 10:39:35,www.facebook.com
2014-03-18 10:39:35,i.htfacile.fr
2014-03-18 10:39:35,widget.achetezfacile.com
2014-03-18 10:39:35,apis.google.com
2014-03-18 10:39:35,twitter.com
2014-03-18 10:39:35,s-static.ak.facebook.com
2014-03-18 10:40:06,twitter.com
2014-03-18 10:40:12,www.lequipe.fr
2014-03-18 10:40:13,static.lequipe.fr
2014-03-18 10:40:13,sa.kewego.com
2014-03-18 10:40:13,www.lequipe.fr
2014-03-18 10:40:13,ta.kewego.com
2014-03-18 10:40:13,twitter.com
2014-03-18 10:40:13,www.facebook.com
2014-03-18 10:40:13,medias.lequipe.fr
2014-03-18 10:40:14,widget.achetezfacile.com
2014-03-18 10:40:14,medias.lequipe.fr
2014-03-18 10:40:15,apis.google.com
2014-03-18 10:40:16,rp.gwallet.com
2014-03-18 10:40:16,www.facebook.com
2014-03-18 10:40:16,www.lequipe.fr
2014-03-18 10:40:16,medias.lequipe.fr
2014-03-18 10:40:17,s-static.ak.facebook.com
2014-03-18 10:40:17,twitter.com
2014-03-18 10:40:17,static.ak.facebook.com
2014-03-18 10:40:17,static.lequipe.fr
2014-03-18 10:40:17,widget.achetezfacile.com
2014-03-18 10:40:17,netstorage.lequipe.fr
2014-03-18 10:40:18,i.htfacile.fr
2014-03-18 10:40:18,www.facebook.com
2014-03-18 10:40:18,www.lequipe.fr
2014-03-18 10:40:18,apis.google.com
2014-03-18 10:40:19,twitter.com
2014-03-18 10:40:19,widget.achetezfacile.com
2014-03-18 10:40:19,netstorage.lequipe.fr
2014-03-18 10:40:19,www.facebook.com
2014-03-18 10:40:19,www.lequipe.fr
2014-03-18 10:40:20,twitter.com
2014-03-18 10:40:20,s-static.ak.facebook.com
2014-03-18 10:40:20,www.facebook.com
2014-03-18 10:40:20,static.ak.facebook.com
2014-03-18 10:40:21,apis.google.com
2014-03-18 10:40:29,www.lequipe.fr
2014-03-18 10:40:30,widget.achetezfacile.com
2014-03-18 10:40:30,www.lequipe.fr
2014-03-18 10:40:30,www.facebook.com
2014-03-18 10:40:30,twitter.com
2014-03-18 10:40:30,apis.google.com
2014-03-18 10:40:31,s-static.ak.facebook.com
2014-03-18 10:40:31,twitter.com
2014-03-18 10:40:31,static.ak.facebook.com
2014-03-18 10:40:32,twitter.com
2014-03-18 10:40:32,apis.google.com
2014-03-18 10:40:32,www.facebook.com
2014-03-18 10:40:32,banniere.reussissonsensemble.fr
2014-03-18 10:40:42,medias.lequipe.fr
2014-03-18 10:40:42,www.lequipe.fr
2014-03-18 10:40:42,www.facebook.com
2014-03-18 10:40:43,apis.google.com
2014-03-18 10:40:43,static.ak.facebook.com
2014-03-18 10:40:43,www.facebook.com
2014-03-18 10:40:43,i.htfacile.fr
2014-03-18 10:40:43,netstorage.lequipe.fr
2014-03-18 10:40:43,widget.achetezfacile.com
2014-03-18 10:40:43,twitter.com
2014-03-18 10:40:43,s-static.ak.facebook.com
2014-03-18 10:40:44,api.allomatch.com
2014-03-18 10:40:44,its.tradelab.fr
2014-03-18 10:40:44,mm.eulerian.net
2014-03-18 10:40:44,twitter.com
2014-03-18 10:41:21,160.92.123.193
2014-03-18 10:41:24,160.92.123.193
2014-03-18 10:41:36,160.92.123.193
2014-03-18 10:41:45,www.lequipe.fr
2014-03-18 10:42:46,www.lequipe.fr
2014-03-18 10:43:47,www.lequipe.fr
2014-03-18 10:44:48,www.lequipe.fr
2014-03-18 10:45:44,160.92.123.193
2014-03-18 10:45:49,www.lequipe.fr
2014-03-18 10:46:44,160.92.123.193
2014-03-18 10:46:50,www.lequipe.fr
2014-03-18 10:47:44,160.92.123.193
2014-03-18 10:47:51,www.lequipe.fr
2014-03-18 10:48:44,160.92.123.193
2014-03-18 10:48:52,www.lequipe.fr
2014-03-18 10:49:44,160.92.123.193
2014-03-18 10:49:53,www.lequipe.fr
2014-03-18 10:50:44,160.92.123.193
2014-03-18 10:50:54,www.lequipe.fr
2014-03-18 10:51:44,160.92.123.193
2014-03-18 10:51:55,www.lequipe.fr
2014-03-18 10:52:44,160.92.123.193
2014-03-18 10:52:56,www.lequipe.fr
2014-03-18 10:53:44,160.92.123.193
2014-03-18 10:53:57,www.lequipe.fr
2014-03-18 10:54:44,160.92.123.193
2014-03-18 10:54:58,www.lequipe.fr
2014-03-18 10:55:44,160.92.123.193
2014-03-18 10:55:59,www.lequipe.fr
2014-03-18 10:56:44,160.92.123.193
2014-03-18 10:57:00,www.lequipe.fr
2014-03-18 10:57:44,160.92.123.193
2014-03-18 10:58:01,www.lequipe.fr
2014-03-18 10:58:44,160.92.123.193
2014-03-18 10:59:02,www.lequipe.fr
2014-03-18 10:59:44,160.92.123.193
2014-03-18 11:00:03,www.lequipe.fr
2014-03-18 11:00:44,160.92.123.193
2014-03-18 11:01:04,www.lequipe.fr
2014-03-18 11:01:44,160.92.123.193
2014-03-18 11:02:05,www.lequipe.fr
2014-03-18 11:02:44,160.92.123.193
2014-03-18 11:03:06,www.lequipe.fr
2014-03-18 11:03:44,160.92.123.193
2014-03-18 11:04:07,www.lequipe.fr
2014-03-18 11:04:44,160.92.123.193
2014-03-18 11:05:08,www.lequipe.fr
2014-03-18 11:05:44,160.92.123.193
2014-03-18 11:06:09,www.lequipe.fr
2014-03-18 11:06:44,160.92.123.193
2014-03-18 11:07:10,www.lequipe.fr
2014-03-18 11:07:44,160.92.123.193
2014-03-18 11:08:11,www.lequipe.fr
2014-03-18 11:08:44,160.92.123.193
2014-03-18 11:09:12,www.lequipe.fr
2014-03-18 11:09:44,160.92.123.193
2014-03-18 11:10:13,www.lequipe.fr
2014-03-18 11:10:44,160.92.123.193
2014-03-18 11:11:14,www.lequipe.fr
2014-03-18 11:11:44,160.92.123.193
2014-03-18 11:12:06,api.bing.com
2014-03-18 11:12:07,api.bing.com
2014-03-18 11:12:08,api.bing.com
2014-03-18 11:12:09,api.bing.com
2014-03-18 11:12:10,api.bing.com
2014-03-18 11:12:11,api.bing.com
2014-03-18 11:12:12,api.bing.com
2014-03-18 11:12:13,www.bing.com
2014-03-18 11:12:15,www.lequipe.fr
2014-03-18 11:12:19,google.fr
2014-03-18 11:12:19,www.bing.com
2014-03-18 11:12:19,www.google.fr
2014-03-18 11:12:21,www.bing.com
2014-03-18 11:12:21,www.google.fr
2014-03-18 11:12:21,login.live.com
2014-03-18 11:12:22,apis.google.com
2014-03-18 11:12:22,www.google.com
2014-03-18 11:12:32,apis.google.com
2014-03-18 11:12:32,www.google.com
2014-03-18 11:12:32,www.google.fr
2014-03-18 11:12:33,connect.facebook.net
2014-03-18 11:12:33,www.google.fr
2014-03-18 11:12:33,www.modeles-powerpoint.fr
2014-03-18 11:12:34,n27.hal9000.redintelligence.net
2014-03-18 11:12:34,apis.google.com
2014-03-18 11:12:34,accounts.google.com
2014-03-18 11:12:34,static.ak.facebook.com
2014-03-18 11:12:34,s-static.ak.facebook.com
2014-03-18 11:12:34,hal9000.redintelligence.net
2014-03-18 11:12:34,banniere.reussissonsensemble.fr
2014-03-18 11:12:35,banniere.reussissonsensemble.fr
2014-03-18 11:12:36,www.facebook.com
2014-03-18 11:12:36,www.modeles-powerpoint.fr
2014-03-18 11:12:44,160.92.123.193
2014-03-18 11:13:16,www.lequipe.fr
2014-03-18 11:13:44,160.92.123.193
2014-03-18 11:14:03,www.google.fr
2014-03-18 11:14:17,www.lequipe.fr
2014-03-18 11:14:44,160.92.123.193
2014-03-18 11:15:18,www.lequipe.fr
2014-03-18 11:15:44,160.92.123.193
2014-03-18 11:16:19,www.lequipe.fr
2014-03-18 11:16:44,160.92.123.193
2014-03-18 11:17:20,www.lequipe.fr
2014-03-18 11:17:44,160.92.123.193
2014-03-18 11:18:21,www.lequipe.fr
2014-03-18 11:18:44,160.92.123.193
2014-03-18 11:19:22,www.lequipe.fr
2014-03-18 11:19:44,160.92.123.193
2014-03-18 11:20:23,www.lequipe.fr
2014-03-18 11:20:43,160.92.123.193
2014-03-18 11:21:24,www.lequipe.fr
2014-03-18 11:21:43,160.92.123.193
2014-03-18 11:22:25,www.lequipe.fr
2014-03-18 11:22:44,160.92.123.193
2014-03-18 11:23:26,www.lequipe.fr
2014-03-18 11:23:43,160.92.123.193
2014-03-18 11:24:27,www.lequipe.fr
2014-03-18 11:24:43,160.92.123.193
2014-03-18 11:25:28,www.lequipe.fr
2014-03-18 11:25:44,160.92.123.193
2014-03-18 11:26:29,www.lequipe.fr
2014-03-18 11:26:43,160.92.123.193
2014-03-18 11:27:30,www.lequipe.fr
2014-03-18 11:27:44,160.92.123.193
2014-03-18 11:28:27,www.google.fr
2014-03-18 11:28:27,clients1.google.fr
2014-03-18 11:28:29,clients1.google.fr
2014-03-18 11:28:31,www.lequipe.fr
2014-03-18 11:28:32,www.google.fr
2014-03-18 11:28:34,www.google.fr
2014-03-18 11:28:42,cdn1.freepik.com
2014-03-18 11:28:42,static.freepik.com
2014-03-18 11:28:42,cdn2.freepik.com
2014-03-18 11:28:42,www.freepik.com
2014-03-18 11:28:42,cdn4.freepik.com
2014-03-18 11:28:42,www.google.fr
2014-03-18 11:28:42,cdn3.freepik.com
2014-03-18 11:28:42,cdnss.freepik.com
2014-03-18 11:28:42,fr.freepik.com
2014-03-18 11:28:43,um.simpli.fi
2014-03-18 11:28:43,160.92.123.193
2014-03-18 11:28:43,static.freepik.com
2014-03-18 11:28:43,static.ak.facebook.com
2014-03-18 11:28:43,fr.freepik.com
2014-03-18 11:28:43,s-static.ak.facebook.com
2014-03-18 11:28:43,graph.facebook.com
2014-03-18 11:28:43,cdn2.freepik.com
2014-03-18 11:28:43,204.10.32.68
2014-03-18 11:28:43,cdnss.freepik.com
2014-03-18 11:28:43,cdn4.freepik.com
2014-03-18 11:28:43,cdn1.freepik.com
2014-03-18 11:28:43,connect.facebook.net
2014-03-18 11:28:43,ajax.googleapis.com
2014-03-18 11:28:44,api.pinterest.com
2014-03-18 11:28:55,www.google.fr
2014-03-18 11:29:32,www.lequipe.fr
2014-03-18 11:29:44,160.92.123.193
2014-03-18 11:29:59,s-static.ak.facebook.com
2014-03-18 11:30:01,s-static.ak.facebook.com
2014-03-18 11:30:02,s-static.ak.facebook.com
2014-03-18 11:30:03,s-static.ak.facebook.com
2014-03-18 11:30:05,www.google.fr
2014-03-18 11:30:14,id.google.fr
2014-03-18 11:30:26,www.google.fr
2014-03-18 11:30:26,www.lampe-ampoule.com
2014-03-18 11:30:27,www.lampe-ampoule.com
2014-03-18 11:30:33,www.lequipe.fr
2014-03-18 11:30:35,www.google.fr
2014-03-18 11:30:35,clients1.google.fr
2014-03-18 11:30:35,id.google.fr
2014-03-18 11:30:38,www.google.fr
2014-03-18 11:30:41,www.google.fr
2014-03-18 11:30:42,apis.google.com
2014-03-18 11:30:42,www.facebook.com
2014-03-18 11:30:42,www.futura-sciences.com
2014-03-18 11:30:42,www.google.fr
2014-03-18 11:30:43,apis.google.com
2014-03-18 11:30:43,accounts.google.com
2014-03-18 11:30:43,www.futura-sciences.com
2014-03-18 11:30:44,160.92.123.193
2014-03-18 11:31:25,apis.google.com
2014-03-18 11:31:26,id.google.fr
2014-03-18 11:31:26,clients1.google.fr
2014-03-18 11:31:26,www.google.fr
2014-03-18 11:31:34,www.lequipe.fr
2014-03-18 11:31:43,160.92.123.193
2014-03-18 11:31:45,www.google.fr
2014-03-18 11:31:45,clients1.google.fr
2014-03-18 11:31:46,www.google.fr
2014-03-18 11:31:54,www.google.fr
2014-03-18 11:31:55,www.google.fr
2014-03-18 11:31:55,us.cdn4.123rf.com
2014-03-18 11:31:55,d3fqh47ho4rujh.cloudfront.net
2014-03-18 11:31:55,us.cdn1.123rf.com
2014-03-18 11:31:55,us.cdn2.123rf.com
2014-03-18 11:31:55,us.cdn3.123rf.com
2014-03-18 11:31:56,seal-chicago.bbb.org
2014-03-18 11:31:56,us.cdn4.123rf.com
2014-03-18 11:31:56,us.cdn1.123rf.com
2014-03-18 11:31:56,us.cdn2.123rf.com
2014-03-18 11:31:56,us.cdn3.123rf.com
2014-03-18 11:31:56,fr.123rf.com
2014-03-18 11:31:56,d3fqh47ho4rujh.cloudfront.net
2014-03-18 11:31:56,www.123rf.com
2014-03-18 11:31:57,us.123rf.com
2014-03-18 11:31:57,us.cdn3.123rf.com
2014-03-18 11:31:57,us.cdn1.123rf.com
2014-03-18 11:31:58,us.cdn2.123rf.com
2014-03-18 11:31:58,seal-chicago.bbb.org
2014-03-18 11:31:58,d3fqh47ho4rujh.cloudfront.net
2014-03-18 11:32:00,jserror.newrelic.com
2014-03-18 11:32:35,www.lequipe.fr
2014-03-18 11:32:43,160.92.123.193
2014-03-18 11:32:47,www.mister-lumiere.com
2014-03-18 11:32:47,www.google.fr
2014-03-18 11:32:47,clients1.google.fr
2014-03-18 11:32:50,www.mister-lumiere.com
2014-03-18 11:32:56,clients1.google.fr
2014-03-18 11:32:56,www.google.fr
2014-03-18 11:32:58,www.google.fr
2014-03-18 11:32:58,p0.storage.canalblog.com
2014-03-18 11:32:59,www.google.fr
2014-03-18 11:32:59,albumsdelorette.canalblog.com
2014-03-18 11:32:59,connect.facebook.net
2014-03-18 11:32:59,p6.storage.canalblog.com
2014-03-18 11:32:59,p3.storage.canalblog.com
2014-03-18 11:32:59,storage.canalblog.com
2014-03-18 11:32:59,static.ak.facebook.com
2014-03-18 11:32:59,p8.storage.canalblog.com
2014-03-18 11:32:59,p7.storage.canalblog.com
2014-03-18 11:32:59,static.canalblog.com
2014-03-18 11:33:00,p5.storage.canalblog.com
2014-03-18 11:33:00,www.facebook.com
2014-03-18 11:33:00,p9.storage.canalblog.com
2014-03-18 11:33:00,p2.storage.canalblog.com
2014-03-18 11:33:00,p1.storage.canalblog.com
2014-03-18 11:33:00,p7.storage.canalblog.com
2014-03-18 11:33:00,p3.storage.canalblog.com
2014-03-18 11:33:00,platform.twitter.com
2014-03-18 11:33:00,assets.pinterest.com
2014-03-18 11:33:00,albumsdelorette.canalblog.com
2014-03-18 11:33:00,p0.storage.canalblog.com
2014-03-18 11:33:00,www.canalblog.com
2014-03-18 11:33:01,s-static.ak.facebook.com
2014-03-18 11:33:01,assets.pinterest.com
2014-03-18 11:33:01,static.canalblog.com
2014-03-18 11:33:01,widgets.pinterest.com
2014-03-18 11:33:01,platform.twitter.com
2014-03-18 11:33:01,apis.google.com
2014-03-18 11:33:01,www.facebook.com
2014-03-18 11:33:02,www.google.fr
2014-03-18 11:33:02,d1xnn692s7u6t6.cloudfront.net
2014-03-18 11:33:02,clients1.google.fr
2014-03-18 11:33:02,accounts.google.com
2014-03-18 11:33:02,static.canalblog.com
2014-03-18 11:33:02,passets.pinterest.com
2014-03-18 11:33:02,apis.google.com
2014-03-18 11:33:03,twitter.com
2014-03-18 11:33:03,www.google.fr
2014-03-18 11:33:04,www.google.fr
2014-03-18 11:33:11,www.google.fr
2014-03-18 11:33:36,www.lequipe.fr
2014-03-18 11:33:43,160.92.123.193
2014-03-18 11:34:03,r.ccmbg.com
2014-03-18 11:34:03,ba.commentcamarche.net
2014-03-18 11:34:03,platform.twitter.com
2014-03-18 11:34:03,www.facebook.com
2014-03-18 11:34:03,www.commentcamarche.net
2014-03-18 11:34:03,static.ccm2.net
2014-03-18 11:34:03,ajax.googleapis.com
2014-03-18 11:34:03,www.google.fr
2014-03-18 11:34:04,static.ccmbg.com
2014-03-18 11:34:04,static.ccm2.net
2014-03-18 11:34:04,www.facebook.com
2014-03-18 11:34:04,platform.twitter.com
2014-03-18 11:34:04,ba.commentcamarche.net
2014-03-18 11:34:04,s-static.ak.facebook.com
2014-03-18 11:34:04,twitter.com
2014-03-18 11:34:04,static.ak.facebook.com
2014-03-18 11:34:05,www.facebook.com
2014-03-18 11:34:05,www.commentcamarche.net
2014-03-18 11:34:05,twitter.com
2014-03-18 11:34:13,static.ccm2.net
2014-03-18 11:34:35,twitter.com
2014-03-18 11:34:37,www.lequipe.fr
2014-03-18 11:34:43,160.92.123.193
2014-03-18 11:35:34,api.bing.com
2014-03-18 11:35:35,api.bing.com
2014-03-18 11:35:36,api.bing.com
2014-03-18 11:35:39,api.bing.com
2014-03-18 11:35:39,www.lequipe.fr
2014-03-18 11:35:39,www.bing.com
2014-03-18 11:35:43,www.bing.com
2014-03-18 11:35:43,160.92.123.193
2014-03-18 11:35:43,www.google.fr
2014-03-18 11:35:52,www.google.fr
2014-03-18 11:35:52,www.commentcamarche.net
2014-03-18 11:35:52,r.ccmbg.com
2014-03-18 11:35:52,ba.commentcamarche.net
2014-03-18 11:35:53,ba.commentcamarche.net
2014-03-18 11:35:53,www.google.fr
2014-03-18 11:35:53,static.ccm2.net
2014-03-18 11:35:53,www.facebook.com
2014-03-18 11:35:56,twitter.com
2014-03-18 11:35:57,ba.commentcamarche.net
2014-03-18 11:35:58,pixel.alephd.com
2014-03-18 11:35:58,www.facebook.com
2014-03-18 11:35:58,ba.commentcamarche.net
2014-03-18 11:35:59,static.ak.facebook.com
2014-03-18 11:35:59,www.facebook.com
2014-03-18 11:35:59,s-static.ak.facebook.com
2014-03-18 11:35:59,twitter.com
2014-03-18 11:36:00,www.facebook.com
2014-03-18 11:36:39,www.lequipe.fr
2014-03-18 11:36:43,160.92.123.193
2014-03-18 11:37:40,www.lequipe.fr
2014-03-18 11:37:43,160.92.123.193
2014-03-18 11:38:41,www.lequipe.fr
2014-03-18 11:38:43,160.92.123.193
2014-03-18 11:38:43,api.bing.com
2014-03-18 11:38:45,api.bing.com
2014-03-18 11:38:46,www.google.fr
2014-03-18 11:38:54,www.mon-cafe.fr
2014-03-18 11:38:54,www.google.fr
2014-03-18 11:38:55,www.mon-cafe.fr
2014-03-18 11:38:57,www.google.fr
2014-03-18 11:38:58,apis.google.com
2014-03-18 11:38:58,www.renders-graphiques.fr
2014-03-18 11:38:58,img1.renders-graphiques.fr
2014-03-18 11:38:58,www.dailymotion.com
2014-03-18 11:38:58,www.facebook.com
2014-03-18 11:38:58,www.google.fr
2014-03-18 11:38:58,img0.renders-graphiques.fr
2014-03-18 11:38:58,i.imgur.com
2014-03-18 11:38:59,ajax.googleapis.com
2014-03-18 11:38:59,nsa33.casimages.com
2014-03-18 11:38:59,www.facebook.com
2014-03-18 11:38:59,www.renders-graphiques.fr
2014-03-18 11:38:59,static.ak.facebook.com
2014-03-18 11:38:59,s-static.ak.facebook.com
2014-03-18 11:38:59,accounts.google.com
2014-03-18 11:38:59,apis.google.com
2014-03-18 11:38:59,hal9000.redintelligence.net
2014-03-18 11:39:00,n12.hal9000.redintelligence.net
2014-03-18 11:39:00,banniere.reussissonsensemble.fr
2014-03-18 11:39:00,images.yves-rocher.fr
2014-03-18 11:39:00,n9.hal9000.redintelligence.net
2014-03-18 11:39:00,datayr.yves-rocher.fr
2014-03-18 11:39:00,hal9000.redintelligence.net
2014-03-18 11:39:01,www.renders-graphiques.fr
2014-03-18 11:39:10,www.facebook.com
2014-03-18 11:39:10,www.google.fr
2014-03-18 11:39:10,www.commentcamarche.net
2014-03-18 11:39:10,ba.commentcamarche.net
2014-03-18 11:39:10,static.ccm2.net
2014-03-18 11:39:11,twitter.com
2014-03-18 11:39:12,s-static.ak.facebook.com
2014-03-18 11:39:12,static.ak.facebook.com
2014-03-18 11:39:12,www.facebook.com
2014-03-18 11:39:15,www.cjoint.com
2014-03-18 11:39:15,cjoint.com
2014-03-18 11:39:42,www.lequipe.fr
2014-03-18 11:39:42,twitter.com
2014-03-18 11:39:43,160.92.123.193
2014-03-18 11:39:43,cjoint.com
2014-03-18 11:40:21,static.ccm2.net
2014-03-18 11:40:25,www.google.fr
2014-03-18 11:40:42,www.google.fr
2014-03-18 11:40:42,www.contefleur.fr
2014-03-18 11:40:43,www.lequipe.fr
2014-03-18 11:40:43,160.92.123.193
2014-03-18 11:40:49,www.google.fr
2014-03-18 11:40:49,clients1.google.fr
2014-03-18 11:40:50,www.google.fr
2014-03-18 11:40:50,clients1.google.fr
2014-03-18 11:40:54,www.google.fr
2014-03-18 11:40:55,www.google.fr
2014-03-18 11:40:55,cdm.admaker.fr
2014-03-18 11:40:55,www.camiondesmots.fr
2014-03-18 11:40:55,ajax.googleapis.com
2014-03-18 11:40:56,www.camiondesmots.fr
2014-03-18 11:40:56,www.dailymotion.com
2014-03-18 11:41:10,www.google.fr
2014-03-18 11:41:11,www.google.fr
2014-03-18 11:41:11,www.01net.com
2014-03-18 11:41:12,www.facebook.com
2014-03-18 11:41:12,www.01net.com
2014-03-18 11:41:12,www.google.com
2014-03-18 11:41:13,ad.referencement.01net.com
2014-03-18 11:41:13,www.google.com
2014-03-18 11:41:13,www.facebook.com
2014-03-18 11:41:13,ce.lijit.com
2014-03-18 11:41:13,www.01net.com
2014-03-18 11:41:13,platform.twitter.com
2014-03-18 11:41:14,col001.ip-label.net
2014-03-18 11:41:14,www.01net.com
2014-03-18 11:41:14,twitter.com
2014-03-18 11:41:43,160.92.123.193
2014-03-18 11:41:44,www.lequipe.fr
2014-03-18 11:42:30,www.google.fr
2014-03-18 11:42:41,www.google.fr
2014-03-18 11:42:41,clients1.google.fr
2014-03-18 11:42:41,pbs.twimg.com
2014-03-18 11:42:42,www.google.fr
2014-03-18 11:42:43,160.92.123.193
2014-03-18 11:42:45,www.lequipe.fr
2014-03-18 11:43:43,160.92.123.193
2014-03-18 11:43:46,www.lequipe.fr
2014-03-18 11:44:43,160.92.123.193
2014-03-18 11:44:47,www.lequipe.fr
2014-03-18 11:44:54,www.google.fr
2014-03-18 11:45:43,160.92.123.193
2014-03-18 11:45:48,www.lequipe.fr
2014-03-18 11:46:43,160.92.123.193
2014-03-18 11:46:49,www.lequipe.fr
2014-03-18 11:47:43,160.92.123.193
2014-03-18 11:47:50,www.lequipe.fr
2014-03-18 11:48:43,160.92.123.193
2014-03-18 11:48:51,www.lequipe.fr
2014-03-18 11:49:43,160.92.123.193
2014-03-18 11:49:52,www.lequipe.fr
2014-03-18 11:50:43,160.92.123.193
2014-03-18 11:50:53,www.lequipe.fr
2014-03-18 11:51:43,160.92.123.193
2014-03-18 11:51:54,www.lequipe.fr
2014-03-18 11:52:43,160.92.123.193
2014-03-18 11:52:55,www.lequipe.fr
2014-03-18 11:53:01,www.google.fr
2014-03-18 11:53:43,160.92.123.193
2014-03-18 11:53:56,www.lequipe.fr
2014-03-18 11:54:43,160.92.123.193
2014-03-18 11:54:57,www.lequipe.fr
2014-03-18 11:55:43,160.92.123.193
2014-03-18 11:55:58,www.lequipe.fr
2014-03-18 11:56:43,160.92.123.193
2014-03-18 11:56:59,www.lequipe.fr
2014-03-18 11:57:43,160.92.123.193
2014-03-18 11:58:00,www.lequipe.fr
2014-03-18 11:58:43,160.92.123.193
2014-03-18 11:59:01,www.lequipe.fr
2014-03-18 11:59:43,160.92.123.193
2014-03-18 12:00:02,www.lequipe.fr
2014-03-18 12:00:43,160.92.123.193
2014-03-18 12:01:03,www.lequipe.fr
2014-03-18 12:01:43,160.92.123.193
2014-03-18 12:02:04,www.lequipe.fr
2014-03-18 12:02:43,160.92.123.193
2014-03-18 12:03:05,www.lequipe.fr
2014-03-18 12:03:43,160.92.123.193
2014-03-18 12:04:06,www.lequipe.fr
2014-03-18 12:04:43,160.92.123.193
2014-03-18 12:05:07,www.lequipe.fr
2014-03-18 12:05:43,160.92.123.193
2014-03-18 12:06:08,www.lequipe.fr
2014-03-18 12:06:43,160.92.123.193
2014-03-18 12:07:09,www.lequipe.fr
2014-03-18 12:07:43,160.92.123.193
2014-03-18 12:08:10,www.lequipe.fr
2014-03-18 12:08:43,160.92.123.193
2014-03-18 12:09:11,www.lequipe.fr
2014-03-18 12:09:43,160.92.123.193
2014-03-18 12:10:12,www.lequipe.fr
2014-03-18 12:10:43,160.92.123.193
2014-03-18 12:11:13,www.lequipe.fr
2014-03-18 12:11:43,160.92.123.193
2014-03-18 12:12:14,www.lequipe.fr
2014-03-18 12:12:43,160.92.123.193
2014-03-18 12:13:14,160.92.123.193
2014-04-22 11:09:08,login.live.com
2014-04-22 11:10:00,www.google.fr
2014-04-22 11:10:01,www.google.com
2014-04-22 11:10:01,apis.google.com
2014-04-22 11:10:41,ssl.bing.com
2014-04-22 11:11:09,www.google.fr
2014-04-22 11:11:37,apis.google.com
2014-04-22 11:11:37,www.google.com
2014-04-22 11:11:37,www.google.fr
2014-04-22 11:11:46,login.live.com
2014-04-22 11:11:48,www.google.fr
2014-04-22 11:11:49,ieonline.microsoft.com
2014-04-22 11:12:24,www.google.fr
2014-04-22 11:13:04,ssl.bing.com
2014-04-22 11:20:22,www.google.fr
2014-04-22 11:21:39,www.google.fr
2014-04-22 11:23:41,login.live.com
2014-04-22 11:24:58,ssl.bing.com
