timestamp,site
2014-01-03 10:00:57,armmf.adobe.com
2014-01-03 10:00:59,armmf.adobe.com
2014-01-03 10:01:00,armmf.adobe.com
2014-01-03 10:01:02,armmf.adobe.com
2014-01-03 10:01:20,go.microsoft.com
2014-01-03 10:01:20,www.iegallery.com
2014-01-03 10:01:21,www.iegallery.com
2014-01-03 10:01:22,www.iegallery.com
2014-01-03 10:01:23,www.iegallery.com
2014-01-03 10:01:24,www.iegallery.com
2014-01-03 10:01:35,www.google.fr
2014-01-03 10:01:38,www.google.com
2014-01-03 10:01:38,www.google.fr
2014-01-03 10:01:46,www.google.com
2014-01-03 10:01:46,www.google.fr
2014-01-03 10:02:40,www.google.fr
2014-01-03 10:09:07,www.bing.com
2014-01-03 10:09:08,www.bing.com
2014-01-03 10:09:09,login.live.com
2014-01-03 10:09:09,www.bing.com
2014-01-03 10:09:09,cms.abmr.net
2014-01-03 10:10:34,office14client.microsoft.com
2014-01-03 10:10:35,office.microsoft.com
2014-01-03 10:10:36,office.microsoft.com
2014-01-03 10:11:58,www.bing.com
2014-01-03 10:12:01,ieonline.microsoft.com
2014-01-03 10:12:07,www.bing.com
2014-01-03 10:12:08,s.psg.fr
2014-01-03 10:12:08,www.google.com
2014-01-03 10:12:08,www.google.fr
2014-01-03 10:12:08,www.psg.fr
2014-01-03 10:12:09,www.bing.com
2014-01-03 10:12:10,www.bing.com
2014-01-03 10:12:10,login.live.com
2014-01-03 10:12:11,www.eurosport.fr
2014-01-03 10:12:11,tracking.eurosport.com
2014-01-03 10:12:11,layout.eurosport.fr
2014-01-03 10:12:11,layout.eurosport.com
2014-01-03 10:12:11,i.eurosport.fr
2014-01-03 10:12:11,www.facebook.com
2014-01-03 10:12:11,platform.twitter.com
2014-01-03 10:12:12,www.google.fr
2014-01-03 10:12:12,eurosport-fr.disqus.com
2014-01-03 10:12:12,www.bing.com
2014-01-03 10:12:12,static.ak.facebook.com
2014-01-03 10:12:12,www.eurosport.fr
2014-01-03 10:12:12,www.google.com
2014-01-03 10:12:12,connect.facebook.net
2014-01-03 10:12:12,platform.twitter.com
2014-01-03 10:12:12,layout.eurosport.fr
2014-01-03 10:12:12,www.facebook.com
2014-01-03 10:12:12,layout.eurosport.com
2014-01-03 10:12:13,go.disqus.com
2014-01-03 10:12:13,eurosport-fr.disqus.com
2014-01-03 10:12:13,x2.vindicosuite.com
2014-01-03 10:12:14,disqus.com
2014-01-03 10:12:14,um.simpli.fi
2014-01-03 10:12:14,c1.adform.net
2014-01-03 10:12:14,rubicon-match.dotomi.com
2014-01-03 10:12:14,eurosportbet.loa24.com
2014-01-03 10:12:14,match.rtbidder.net
2014-01-03 10:12:15,www.eficiens-serving2.com
2014-01-03 10:12:15,rbp.mxptint.net
2014-01-03 10:12:15,rbx-cdn-tpn.c4tw.net
2014-01-03 10:12:15,eurosportbet.loa24.com
2014-01-03 10:12:15,www.facebook.com
2014-01-03 10:12:15,platform.twitter.com
2014-01-03 10:12:15,wtpn.twenga.fr
2014-01-03 10:12:15,disqus.com
2014-01-03 10:12:15,dtm.eddiebauer.com
2014-01-03 10:12:15,fr.ad4mat.net
2014-01-03 10:12:15,fpdownload2.macromedia.com
2014-01-03 10:12:16,wtpn.twenga.fr
2014-01-03 10:12:16,rp.gwallet.com
2014-01-03 10:12:17,disqus.com
2014-01-03 10:12:17,www.facebook.com
2014-01-03 10:12:17,rbx-cdn-tpn.c4tw.net
2014-01-03 10:12:17,s0r.c4tw.net
2014-01-03 10:12:17,i10.twenga.com
2014-01-03 10:12:17,pr.ybp.yahoo.com
2014-01-03 10:12:18,disqus.com
2014-01-03 10:12:18,s0r.c4tw.net
2014-01-03 10:12:18,i11.twenga.com
2014-01-03 10:12:18,i10.twenga.com
2014-01-03 10:12:18,rbx-cdn-tpn.c4tw.net
2014-01-03 10:12:22,twitter.com
2014-01-03 10:12:23,twitter.com
2014-01-03 10:12:23,apis.google.com
2014-01-03 10:12:26,apis.google.com
2014-01-03 10:12:26,accounts.google.com
2014-01-03 10:12:28,layout.eurosport.com
2014-01-03 10:12:28,www.eurosport.fr
2014-01-03 10:12:28,apis.google.com
2014-01-03 10:12:33,www.bing.com
2014-01-03 10:12:36,www.bing.com
2014-01-03 10:12:45,www.bing.com
2014-01-03 10:12:46,0.gravatar.com
2014-01-03 10:12:46,www.google.fr
2014-01-03 10:12:46,www.sportune.fr
2014-01-03 10:12:46,www.google.com
2014-01-03 10:12:47,www.bing.com
2014-01-03 10:12:47,www.facebook.com
2014-01-03 10:12:47,www.sportune.fr
2014-01-03 10:12:48,www.bing.com
2014-01-03 10:12:48,static.ak.facebook.com
2014-01-03 10:12:48,www.sportune.fr
2014-01-03 10:12:48,http.tidaltv.com
2014-01-03 10:12:48,www.facebook.com
2014-01-03 10:12:48,s-static.ak.facebook.com
2014-01-03 10:12:48,login.live.com
2014-01-03 10:12:48,bit.ly
2014-01-03 10:12:50,programme-tv-foot.fr
2014-01-03 10:12:50,ajax.googleapis.com
2014-01-03 10:12:50,www.programme-tv-foot.fr
2014-01-03 10:12:53,www.bing.com
2014-01-03 10:12:54,twitter.com
2014-01-03 10:12:55,shea.swelen.com
2014-01-03 10:12:55,ssl.bing.com
2014-01-03 10:12:55,www.facebook.com
2014-01-03 10:12:55,www.lemeilleurdupsg.com
2014-01-03 10:12:55,lemeilleurdupsg.com
2014-01-03 10:12:56,lemeilleurdupsg.com
2014-01-03 10:12:56,kfy023oepv.s.ad6media.fr
2014-01-03 10:12:57,twitter.com
2014-01-03 10:12:57,static.ak.facebook.com
2014-01-03 10:12:57,s-static.ak.facebook.com
2014-01-03 10:12:57,www.google.com
2014-01-03 10:12:58,www.conforama.fr
2014-01-03 10:12:58,apis.google.com
2014-01-03 10:12:58,www.audienceinsights.net
2014-01-03 10:12:59,eulerian.canal-plus.com
2014-01-03 10:13:00,ce.lijit.com
2014-01-03 10:13:00,admaym.com
2014-01-03 10:13:00,www.facebook.com
2014-01-03 10:13:01,accounts.google.com
2014-01-03 10:13:01,cs.specificclick.net
2014-01-03 10:13:01,y.one.impact-ad.jp
2014-01-03 10:13:01,s.kau.li
2014-01-03 10:13:05,twitter.com
2014-01-03 10:13:08,eulerian.canal-plus.com
2014-01-03 10:13:08,lemeilleurdupsg.com
2014-01-03 10:13:11,www.facebook.com
2014-01-03 10:13:11,accounts.google.com
2014-01-03 10:13:28,twitter.com
2014-01-03 10:13:35,twitter.com
2014-01-03 10:14:45,lemeilleurdupsg.com
2014-01-03 10:14:55,lemeilleurdupsg.com
2014-01-03 10:15:01,apis.google.com
2014-01-03 10:15:01,accounts.google.com
2014-01-03 10:15:40,lemeilleurdupsg.com
2014-01-03 10:15:43,lemeilleurdupsg.com
2014-01-03 10:16:27,www.google.fr
2014-01-03 10:16:27,www.google.com
2014-01-03 10:16:27,connect.facebook.net
2014-01-03 10:16:27,www.sportune.fr
2014-01-03 10:16:28,lemeilleurdupsg.com
2014-01-03 10:16:29,eulerian.canal-plus.com
2014-01-03 10:16:29,www.facebook.com
2014-01-03 10:16:30,rtb0.doubleverify.com
2014-01-03 10:16:31,www.facebook.com
2014-01-03 10:16:31,apis.google.com
2014-01-03 10:16:31,s-static.ak.facebook.com
2014-01-03 10:16:31,static.ak.facebook.com
2014-01-03 10:16:33,programme-tv-foot.fr
2014-01-03 10:17:00,lemeilleurdupsg.com
2014-01-03 10:17:02,twitter.com
2014-01-03 10:17:02,tag.atvnetworks.tv
2014-01-03 10:17:02,hiroservers.appspot.com
2014-01-03 10:17:02,software.hiro.tv
2014-01-03 10:17:03,um.simpli.fi
2014-01-03 10:17:03,contextweb-match.dotomi.com
2014-01-03 10:17:03,www.facebook.com
2014-01-03 10:17:03,ce.lijit.com
2014-01-03 10:17:03,match.rtbidder.net
2014-01-03 10:17:04,dtm.cabelas.com
2014-01-03 10:17:04,y.one.impact-ad.jp
2014-01-03 10:17:19,www.bing.com
2014-01-03 10:17:22,lemeilleurdupsg.com
2014-01-03 10:17:23,tag.atvnetworks.tv
2014-01-03 10:17:25,www.google.fr
2014-01-03 10:17:25,www.google.com
2014-01-03 10:17:25,1.gravatar.com
2014-01-03 10:17:25,www.sportune.fr
2014-01-03 10:17:25,www.bing.com
2014-01-03 10:17:25,hiroservers.appspot.com
2014-01-03 10:17:26,www.facebook.com
2014-01-03 10:17:26,tag.atvnetworks.tv
2014-01-03 10:17:26,ox-d.adventuremediaglobal.com
2014-01-03 10:17:27,static.ak.facebook.com
2014-01-03 10:17:27,tag.atvnetworks.tv
2014-01-03 10:17:27,rtb0.doubleverify.com
2014-01-03 10:17:28,www.facebook.com
2014-01-03 10:17:28,twitter.com
2014-01-03 10:17:28,s-static.ak.facebook.com
2014-01-03 10:17:30,lemeilleurdupsg.com
2014-01-03 10:17:30,login.live.com
2014-01-03 10:17:30,programme-tv-foot.fr
2014-01-03 10:17:31,tag.atvnetworks.tv
2014-01-03 10:17:32,hiroservers.appspot.com
2014-01-03 10:17:32,www.rvty.net
2014-01-03 10:17:38,apis.google.com
2014-01-03 10:18:39,lemeilleurdupsg.com
2014-01-03 10:18:50,www.sportune.fr
2014-01-03 10:18:51,www.google.com
2014-01-03 10:18:51,www.google.fr
2014-01-03 10:18:51,www.sportune.fr
2014-01-03 10:18:52,static.ak.facebook.com
2014-01-03 10:18:52,www.facebook.com
2014-01-03 10:18:52,s-static.ak.facebook.com
2014-01-03 10:18:54,programme-tv-foot.fr
2014-01-03 10:18:55,eurosportbet.loa24.com
2014-01-03 10:18:55,www.eurosport.fr
2014-01-03 10:18:56,x2.vindicosuite.com
2014-01-03 10:18:57,i10.twenga.com
2014-01-03 10:18:57,wtpn.twenga.fr
2014-01-03 10:18:57,s0r.c4tw.net
2014-01-03 10:18:57,i11.twenga.com
2014-01-03 10:19:01,b12.myspace.com
2014-01-03 10:19:01,hiroservers.appspot.com
2014-01-03 10:19:04,videos.emerse.com
2014-01-03 10:19:06,videos.emerse.com
2014-01-03 10:19:10,lemeilleurdupsg.com
2014-01-03 10:19:12,www.facebook.com
2014-01-03 10:19:14,lemeilleurdupsg.com
2014-01-03 10:19:15,tag.atvnetworks.tv
2014-01-03 10:19:16,hiroservers.appspot.com
2014-01-03 10:19:16,ajax.googleapis.com
2014-01-03 10:19:18,www.youtube.com
2014-01-03 10:19:18,www.bing.com
2014-01-03 10:19:19,www.bing.com
2014-01-03 10:19:23,ajax.googleapis.com
2014-01-03 10:19:29,www.bing.com
2014-01-03 10:19:30,login.live.com
2014-01-03 10:19:30,www.bing.com
2014-01-03 10:19:52,ssl.bing.com
2014-01-03 10:19:53,hiroservers.appspot.com
2014-01-03 10:20:06,vast.bp3854908.btrll.com
2014-01-03 10:20:09,dt.videohub.tv
2014-01-03 10:20:09,liverail.api.peer39.net
2014-01-03 10:20:09,lemeilleurdupsg.com
2014-01-03 10:20:09,vap3iad3.lijit.com
2014-01-03 10:20:10,dc.tremormedia.com
2014-01-03 10:20:10,dt.videohub.tv
2014-01-03 10:20:17,lemeilleurdupsg.com
2014-01-03 10:20:24,lemeilleurdupsg.com
2014-01-03 10:20:26,www.bing.com
2014-01-03 10:20:28,login.live.com
2014-01-03 10:20:28,www.bing.com
2014-01-03 10:20:36,www.bing.com
2014-01-03 10:21:00,www.bing.com
2014-01-03 10:21:02,login.live.com
2014-01-03 10:21:02,www.bing.com
2014-01-03 10:21:10,www.bing.com
2014-01-03 10:21:10,lemeilleurdupsg.com
2014-01-03 10:21:11,www.sportune.fr
2014-01-03 10:21:11,0.gravatar.com
2014-01-03 10:21:11,1.gravatar.com
2014-01-03 10:21:11,www.google.com
2014-01-03 10:21:11,www.google.fr
2014-01-03 10:21:12,jdn.monster.com
2014-01-03 10:21:12,choices.truste.com
2014-01-03 10:21:12,www.facebook.com
2014-01-03 10:21:12,ssl.bing.com
2014-01-03 10:21:13,static.ak.facebook.com
2014-01-03 10:21:13,choices.truste.com
2014-01-03 10:21:13,b12.myspace.com
2014-01-03 10:21:13,ox-d.adventuremediaglobal.com
2014-01-03 10:21:13,s-static.ak.facebook.com
2014-01-03 10:21:14,hal9000.redintelligence.net
2014-01-03 10:21:14,www.facebook.com
2014-01-03 10:21:14,n15.hal9000.redintelligence.net
2014-01-03 10:21:15,banniere.reussissonsensemble.fr
2014-01-03 10:21:15,affiliation.service-voyages.com
2014-01-03 10:21:16,programme-tv-foot.fr
2014-01-03 10:21:23,twitter.com
2014-01-03 10:21:23,apis.google.com
2014-01-03 10:21:29,hiroservers.appspot.com
2014-01-03 10:21:29,jdn.monster.com
2014-01-03 10:21:39,vast.bp3854908.btrll.com
2014-01-03 10:21:41,lemeilleurdupsg.com
2014-01-03 10:21:44,www.bing.com
2014-01-03 10:21:45,www.bing.com
2014-01-03 10:21:54,twitter.com
2014-01-03 10:22:43,apis.google.com
2014-01-03 10:34:18,office14client.microsoft.com
2014-01-03 10:34:18,office.microsoft.com
2014-01-03 10:34:19,office.microsoft.com
2014-01-03 10:37:42,www.bing.com
2014-01-03 10:37:47,www.bing.com
2014-01-03 10:37:48,www.psgmag.net
2014-01-03 10:37:49,www.psgmag.net
2014-01-03 10:37:52,www.bing.com
2014-01-03 10:37:54,www.bing.com
2014-01-03 10:37:54,login.live.com
2014-01-03 10:37:57,www.bing.com
2014-01-03 10:37:57,bits.wikimedia.org
2014-01-03 10:37:58,fr.wikipedia.org
2014-01-03 10:37:58,bits.wikimedia.org
2014-01-03 10:37:58,login.wikimedia.org
2014-01-03 10:37:58,meta.wikimedia.org
2014-01-03 10:37:59,meta.wikimedia.org
2014-01-03 10:37:59,fr.wikipedia.org
2014-01-03 10:37:59,bits.wikimedia.org
2014-01-03 10:39:02,ssl.bing.com
2014-01-03 10:40:37,www.bing.com
2014-01-03 10:40:38,www.challenges.fr
2014-01-03 10:40:38,referentiel.nouvelobs.com
2014-01-03 10:40:38,tempsreel.nouvelobs.com
2014-01-03 10:40:38,online.milibris.com
2014-01-03 10:40:38,emploi.challenges.fr
2014-01-03 10:40:39,referentiel.nouvelobs.com
2014-01-03 10:40:39,www.challenges.fr
2014-01-03 10:40:39,videosfr.s3.amazonaws.com
2014-01-03 10:40:39,www.facebook.com
2014-01-03 10:40:40,tempsreel.nouvelobs.com
2014-01-03 10:40:41,cdnjs.cloudflare.com
2014-01-03 10:40:41,code.jquery.com
2014-01-03 10:40:41,www.challenges.fr
2014-01-03 10:40:41,pixel.alephd.com
2014-01-03 10:40:41,cshoppingbox.partner.leguide.com
2014-01-03 10:40:41,mb.regionsjob.com
2014-01-03 10:40:41,ajax.googleapis.com
2014-01-03 10:40:41,cimg.leguide.com
2014-01-03 10:40:41,api.adyoulike.com
2014-01-03 10:40:41,loadr.exelator.com
2014-01-03 10:40:42,connect.facebook.net
2014-01-03 10:40:42,pixel.alephd.com
2014-01-03 10:40:42,apis.google.com
2014-01-03 10:40:42,static.ak.facebook.com
2014-01-03 10:40:42,api-leplus.nouvelobs.com
2014-01-03 10:40:42,www.facebook.com
2014-01-03 10:40:42,leplus.nouvelobs.com
2014-01-03 10:40:42,api.adyoulike.com
2014-01-03 10:40:42,www.challenges.fr
2014-01-03 10:40:42,referentiel.nouvelobs.com
2014-01-03 10:40:42,ssobs.nouvelobs.com
2014-01-03 10:40:42,s-static.ak.facebook.com
2014-01-03 10:40:43,api.adyoulike.com
2014-01-03 10:40:52,www.audienceinsights.net
2014-01-03 10:40:52,www.footmercato.net
2014-01-03 10:40:52,www.bing.com
2014-01-03 10:40:52,images.footmercato.net
2014-01-03 10:40:53,www.footmercato.net
2014-01-03 10:40:53,static.ak.facebook.com
2014-01-03 10:40:53,www.facebook.com
2014-01-03 10:40:53,s-static.ak.facebook.com
2014-01-03 10:40:53,apis.google.com
2014-01-03 10:40:53,accounts.google.com
2014-01-03 10:40:54,www.challenges.fr
2014-01-03 10:40:54,platform.twitter.com
2014-01-03 10:40:54,www.facebook.com
2014-01-03 10:40:57,www.challenges.fr
2014-01-03 10:41:05,www.footmercato.net
2014-01-03 10:41:05,accounts.google.com
2014-01-03 10:41:12,www.challenges.fr
2014-01-03 10:41:22,www.footmercato.net
2014-01-03 10:41:22,apis.google.com
2014-01-03 10:41:22,www.audienceinsights.net
2014-01-03 10:41:22,accounts.google.com
2014-01-03 10:41:22,platform.twitter.com
2014-01-03 10:41:23,www.facebook.com
2014-01-03 10:41:23,s-static.ak.facebook.com
2014-01-03 10:41:23,static.ak.facebook.com
2014-01-03 10:41:24,www.footmercato.net
2014-01-03 10:41:24,twitter.com
2014-01-03 10:41:25,tempsreel.nouvelobs.com
2014-01-03 10:41:25,accounts.google.com
2014-01-03 10:41:25,www.facebook.com
2014-01-03 10:41:25,apis.google.com
2014-01-03 10:41:26,pixel.alephd.com
2014-01-03 10:41:26,cimg.leguide.com
2014-01-03 10:41:26,cshoppingbox.partner.leguide.com
2014-01-03 10:41:26,its.tradelab.fr
2014-01-03 10:41:27,s-static.ak.facebook.com
2014-01-03 10:41:27,pixel.alephd.com
2014-01-03 10:41:27,www.challenges.fr
2014-01-03 10:41:27,static.ak.facebook.com
2014-01-03 10:41:27,ssobs.nouvelobs.com
2014-01-03 10:41:27,www.facebook.com
2014-01-03 10:41:27,api.adyoulike.com
2014-01-03 10:41:29,api.adyoulike.com
2014-01-03 10:41:33,twitter.com
2014-01-03 10:41:36,its.tradelab.fr
2014-01-03 10:42:30,apis.google.com
2014-01-03 10:42:30,www.bing.com
2014-01-03 10:42:32,login.live.com
2014-01-03 10:42:32,www.bing.com
2014-01-03 10:42:33,apis.google.com
2014-01-03 10:42:40,www.bing.com
2014-01-03 10:43:18,www.bing.com
2014-01-03 10:43:19,www.rfi.fr
2014-01-03 10:43:19,scd.rfi.fr
2014-01-03 10:43:19,cdn2.tagcommander.com
2014-01-03 10:43:20,cdn2.tagcommander.com
2014-01-03 10:43:20,scd.rfi.fr
2014-01-03 10:43:20,www.rfi.fr
2014-01-03 10:43:21,platform.linkedin.com
2014-01-03 10:43:21,cdn2.tagcommander.com
2014-01-03 10:43:21,www.rfi.fr
2014-01-03 10:43:21,static.ak.facebook.com
2014-01-03 10:43:21,s-static.ak.facebook.com
2014-01-03 10:43:21,www.facebook.com
2014-01-03 10:43:21,js.live.net
2014-01-03 10:43:22,www.linkedin.com
2014-01-03 10:43:22,platform.twitter.com
2014-01-03 10:43:30,apis.google.com
2014-01-03 10:43:30,twitter.com
2014-01-03 10:43:32,twitter.com
2014-01-03 10:43:32,api.dailymotion.com
2014-01-03 10:43:32,apis.google.com
2014-01-03 10:43:33,accounts.google.com
2014-01-03 10:43:51,www.rfi.fr
2014-01-03 10:43:55,www.linkedin.com
2014-01-03 10:44:03,www.bing.com
2014-01-03 10:44:03,ssl.bing.com
2014-01-03 10:44:05,login.live.com
2014-01-03 10:44:08,www.bing.com
2014-01-03 10:44:14,www.bing.com
2014-01-03 10:44:15,www.bing.com
2014-01-03 10:44:16,www.bing.com
2014-01-03 10:44:16,www.humanite.fr
2014-01-03 10:44:16,online.milibris.com
2014-01-03 10:44:16,login.live.com
2014-01-03 10:44:22,www.bing.com
2014-01-03 10:44:22,www.humanite.fr
2014-01-03 10:44:22,platform.twitter.com
2014-01-03 10:44:23,www.google.fr
2014-01-03 10:44:23,0.gravatar.com
2014-01-03 10:44:23,www.google.com
2014-01-03 10:44:23,www.sportune.fr
2014-01-03 10:44:24,jdn.monster.com
2014-01-03 10:44:24,www.facebook.com
2014-01-03 10:44:24,choices.truste.com
2014-01-03 10:44:24,ssl.bing.com
2014-01-03 10:44:24,apis.google.com
2014-01-03 10:44:25,www.facebook.com
2014-01-03 10:44:25,static.ak.facebook.com
2014-01-03 10:44:25,s-static.ak.facebook.com
2014-01-03 10:44:25,choices.truste.com
2014-01-03 10:44:27,videos.emerse.com
2014-01-03 10:44:27,s.ytimg.com
2014-01-03 10:44:27,www.youtube.com
2014-01-03 10:44:27,programme-tv-foot.fr
2014-01-03 10:44:29,i1.ytimg.com
2014-01-03 10:44:30,www.google.com
2014-01-03 10:44:30,twitter.com
2014-01-03 10:44:55,platform.twitter.com
2014-01-03 10:44:55,pbs.twimg.com
2014-01-03 10:44:55,accounts.google.com
2014-01-03 10:46:30,www.google.com
2014-01-03 10:46:30,i1.ytimg.com
2014-01-03 10:46:30,www.youtube.com
2014-01-03 10:46:30,s.ytimg.com
2014-01-03 10:47:59,www.bing.com
2014-01-03 10:48:09,www.bing.com
2014-01-03 10:48:28,www.bing.com
2014-01-03 10:48:34,www.bing.com
2014-01-03 10:48:35,www.bing.com
2014-01-03 10:48:36,www.bing.com
2014-01-03 10:48:39,www.bing.com
2014-01-03 10:48:40,login.live.com
2014-01-03 10:48:40,www.bing.com
2014-01-03 10:48:45,www.bing.com
2014-01-03 10:48:46,login.live.com
2014-01-03 10:48:46,www.bing.com
2014-01-03 10:48:46,www.google.fr
2014-01-03 10:48:47,login.live.com
2014-01-03 10:48:47,www.bing.com
2014-01-03 10:48:49,www.bing.com
2014-01-03 10:48:53,www.google.fr
2014-01-03 10:49:04,www.bing.com
2014-01-03 10:49:05,www.facebook.com
2014-01-03 10:49:05,news.maxifoot.fr
2014-01-03 10:49:05,newsimg.maxifoot.com
2014-01-03 10:49:06,rp.gwallet.com
2014-01-03 10:49:07,www.filedanstachambre.com
2014-01-03 10:49:07,www.outiror.com
2014-01-03 10:49:16,apis.google.com
2014-01-03 10:49:16,accounts.google.com
2014-01-03 10:49:16,news.maxifoot.fr
2014-01-03 10:50:08,ssl.bing.com
2014-01-03 10:50:54,apis.google.com
2014-01-03 10:50:54,www.google.fr
2014-01-03 10:50:54,www.google.com
2014-01-03 10:51:16,accounts.google.com
2014-01-03 10:51:16,apis.google.com
2014-01-03 10:51:45,www.google.fr
2014-01-03 10:51:47,www.google.fr
2014-01-03 10:51:47,i.eurosport.fr
2014-01-03 10:51:47,mercato.eurosport.fr
2014-01-03 10:51:47,layout.eurosport.fr
2014-01-03 10:51:47,tracking.eurosport.com
2014-01-03 10:51:48,layout.eurosport.com
2014-01-03 10:51:48,www.facebook.com
2014-01-03 10:51:48,www.google.fr
2014-01-03 10:51:48,accounts.google.com
2014-01-03 10:51:48,www.google.com
2014-01-03 10:51:49,apis.google.com
2014-01-03 10:51:49,i.eurosport.fr
2014-01-03 10:51:49,eurosportbet.loa24.com
2014-01-03 10:51:50,layout.eurosport.fr
2014-01-03 10:51:50,eurosport-fr.disqus.com
2014-01-03 10:51:50,go.disqus.com
2014-01-03 10:51:50,tc.airfrance.com
2014-01-03 10:51:50,wtpn.twenga.fr
2014-01-03 10:51:50,platform.twitter.com
2014-01-03 10:51:50,apis.google.com
2014-01-03 10:51:50,s-static.ak.facebook.com
2014-01-03 10:51:50,accounts.google.com
2014-01-03 10:51:50,mercato.eurosport.fr
2014-01-03 10:51:50,static.ak.facebook.com
2014-01-03 10:51:50,www.facebook.com
2014-01-03 10:51:51,ajax.googleapis.com
2014-01-03 10:51:51,go.disqus.com
2014-01-03 10:51:51,www.newsring.fr
2014-01-03 10:51:51,redir.adbutter.net
2014-01-03 10:51:51,disqus.com
2014-01-03 10:51:51,debats.terrafemina.com
2014-01-03 10:51:51,rbx-cdn-tpn.c4tw.net
2014-01-03 10:51:51,i11.twenga.com
2014-01-03 10:51:51,twitter.com
2014-01-03 10:51:51,www.facebook.com
2014-01-03 10:51:51,wtpn.twenga.fr
2014-01-03 10:51:52,i10.twenga.com
2014-01-03 10:51:52,disqus.com
2014-01-03 10:51:53,disqus.com
2014-01-03 10:51:54,disqus.com
2014-01-03 10:51:55,mercato.eurosport.fr
2014-01-03 10:51:57,adventori.com
2014-01-03 10:52:57,www.facebook.com
2014-01-03 10:53:05,mercato.eurosport.fr
2014-01-03 10:53:05,tracking.eurosport.com
2014-01-03 10:53:06,apis.google.com
2014-01-03 10:53:06,www.google.com
2014-01-03 10:53:06,www.google.fr
2014-01-03 10:53:06,www.facebook.com
2014-01-03 10:53:07,premium.hi-mediaserver.com
2014-01-03 10:53:07,eurosportbet.loa24.com
2014-01-03 10:53:08,s-static.ak.facebook.com
2014-01-03 10:53:08,accounts.google.com
2014-01-03 10:53:08,apis.google.com
2014-01-03 10:53:08,twitter.com
2014-01-03 10:53:08,mercato.eurosport.fr
2014-01-03 10:53:08,static.ak.facebook.com
2014-01-03 10:53:08,www.facebook.com
2014-01-03 10:53:08,platform.twitter.com
2014-01-03 10:53:08,www.newsring.fr
2014-01-03 10:53:08,debats.terrafemina.com
2014-01-03 10:53:09,twitter.com
2014-01-03 10:53:09,go.disqus.com
2014-01-03 10:53:09,debats.terrafemina.com
2014-01-03 10:53:09,redir.adbutter.net
2014-01-03 10:53:09,um.simpli.fi
2014-01-03 10:53:10,dtm.anthropologie.com
2014-01-03 10:53:10,apnx-match.dotomi.com
2014-01-03 10:53:10,disqus.com
2014-01-03 10:53:10,www.facebook.com
2014-01-03 10:53:13,tracking.eurosport.com
2014-01-03 10:53:14,www.google.fr
2014-01-03 10:53:20,www.google.fr
2014-01-03 10:53:20,www.google.com
2014-01-03 10:53:21,www.google.com
2014-01-03 10:53:21,www.google.fr
2014-01-03 10:53:23,www.google.fr
2014-01-03 10:53:23,www.google.com
2014-01-03 10:53:26,rlz-server.appspot.com
2014-01-03 10:53:30,www.google.fr
2014-01-03 10:53:30,www.google.com
2014-01-03 10:53:36,www.google.fr
2014-01-03 10:53:41,www.google.com
2014-01-03 10:53:49,rlz-server.appspot.com
2014-01-03 10:53:49,www.google.fr
2014-01-03 10:53:50,www.google.fr
2014-01-03 10:53:50,i.eurosport.fr
2014-01-03 10:53:50,tracking.eurosport.com
2014-01-03 10:53:50,www.google.com
2014-01-03 10:53:50,mercato.eurosport.fr
2014-01-03 10:53:51,apis.google.com
2014-01-03 10:53:51,www.google.fr
2014-01-03 10:53:51,www.google.com
2014-01-03 10:53:51,www.facebook.com
2014-01-03 10:53:51,i.eurosport.fr
2014-01-03 10:53:53,www.google.fr
2014-01-03 10:53:53,www.facebook.com
2014-01-03 10:53:53,apis.google.com
2014-01-03 10:53:53,s-static.ak.facebook.com
2014-01-03 10:53:53,accounts.google.com
2014-01-03 10:53:53,static.ak.facebook.com
2014-01-03 10:53:54,accounts.google.com
2014-01-03 10:53:54,twitter.com
2014-01-03 10:53:54,apis.google.com
2014-01-03 10:53:54,eurosport-fr.disqus.com
2014-01-03 10:53:54,platform.twitter.com
2014-01-03 10:53:54,www.newsring.fr
2014-01-03 10:53:54,go.disqus.com
2014-01-03 10:53:54,debats.terrafemina.com
2014-01-03 10:53:55,disqus.com
2014-01-03 10:53:56,www.google.fr
2014-01-03 10:53:57,disqus.com
2014-01-03 10:53:58,disqus.com
2014-01-03 10:53:59,www.facebook.com
2014-01-03 10:53:59,twitter.com
2014-01-03 10:54:04,ajax.googleapis.com
2014-01-03 10:54:04,assets2.lefigaro.fr
2014-01-03 10:54:04,api.fidji.lefigaro.fr
2014-01-03 10:54:04,assets4.lefigaro.fr
2014-01-03 10:54:04,assets6.lefigaro.fr
2014-01-03 10:54:04,plus.lefigaro.fr
2014-01-03 10:54:04,assets3.lefigaro.fr
2014-01-03 10:54:04,assets5.lefigaro.fr
2014-01-03 10:54:04,www.lefigaro.fr
2014-01-03 10:54:04,connect.facebook.net
2014-01-03 10:54:05,www.bing.com
2014-01-03 10:54:06,www.bing.com
2014-01-03 10:54:15,ajax.googleapis.com
2014-01-03 10:54:16,plus.lefigaro.fr
2014-01-03 10:54:16,assets5.lefigaro.fr
2014-01-03 10:54:16,assets4.lefigaro.fr
2014-01-03 10:54:16,assets3.lefigaro.fr
2014-01-03 10:54:16,assets1.lefigaro.fr
2014-01-03 10:54:16,assets-data.lefigaro.fr
2014-01-03 10:54:16,api.fidji.lefigaro.fr
2014-01-03 10:54:16,ajax.googleapis.com
2014-01-03 10:54:17,assets5.lefigaro.fr
2014-01-03 10:54:17,login.live.com
2014-01-03 10:54:17,www.bing.com
2014-01-03 10:54:17,www.lefigaro.fr
2014-01-03 10:54:17,assets4.lefigaro.fr
2014-01-03 10:54:18,x2.vindicosuite.com
2014-01-03 10:54:18,mpp2.specificclick.net
2014-01-03 10:54:18,assets-pub.lefigaro.fr
2014-01-03 10:54:18,www.facebook.com
2014-01-03 10:54:18,static.ak.facebook.com
2014-01-03 10:54:18,plus.lefigaro.fr
2014-01-03 10:54:18,s-static.ak.facebook.com
2014-01-03 10:54:19,assets5.lefigaro.fr
2014-01-03 10:54:19,dnn506yrbagrg.cloudfront.net
2014-01-03 10:54:19,assets-pub.lefigaro.fr
2014-01-03 10:54:19,video.lefigaro.fr
2014-01-03 10:54:19,www.lefigaro.fr
2014-01-03 10:54:19,foglio.basilic.io
2014-01-03 10:54:19,platform.linkedin.com
2014-01-03 10:54:19,www.facebook.com
2014-01-03 10:54:19,www.linkedin.com
2014-01-03 10:54:19,perpetuo-onl.basilic.io
2014-01-03 10:54:21,accounts.google.com
2014-01-03 10:54:21,apis.google.com
2014-01-03 10:54:21,i1-js-14-3-01-10036-512669544-i.init.cedexis-radar.net
2014-01-03 10:54:21,i1-js-14-3-01-10077-751998373-i.init.cedexis-radar.net
2014-01-03 10:54:22,accounts.google.com
2014-01-03 10:54:28,twitter.com
2014-01-03 10:54:29,twitter.com
2014-01-03 10:54:41,x2.vindicosuite.com
2014-01-03 10:54:41,www.facebook.com
2014-01-03 10:54:41,static.ak.facebook.com
2014-01-03 10:54:41,s-static.ak.facebook.com
2014-01-03 10:54:41,assets-pub.lefigaro.fr
2014-01-03 10:54:41,plus.lefigaro.fr
2014-01-03 10:54:42,plus.lefigaro.fr
2014-01-03 10:54:42,api.fidji.lefigaro.fr
2014-01-03 10:54:42,foglio.basilic.io
2014-01-03 10:54:42,perpetuo-onl.basilic.io
2014-01-03 10:54:43,fastly.bench.cedexis.com.global.prod.fastly.net
2014-01-03 10:54:43,fastly.bench.cedexis.com
2014-01-03 10:54:46,fastly.bench.cedexis.com
2014-01-03 10:54:50,fastly.bench.cedexis.com
2014-01-03 10:54:59,twitter.com
2014-01-03 10:55:31,apis.google.com
2014-01-03 10:55:41,www.google.com
2014-01-03 10:55:53,www.lefigaro.fr
2014-01-03 10:55:53,eu-ams1.joyent.bench.cedexis.com
2014-01-03 10:56:02,www.lefigaro.fr
2014-01-03 10:56:03,www.lefigaro.fr
2014-01-03 10:56:03,ssl.bing.com
2014-01-03 10:56:08,i.eurosport.fr
2014-01-03 10:56:18,assets1.lefigaro.fr
2014-01-03 10:56:27,media.cyrillus.fr
2014-01-03 10:56:27,cyrillus.commander1.com
2014-01-03 10:56:27,static.ad4mat.net
2014-01-03 10:56:27,fr.ad4mat.net
2014-01-03 10:56:28,ea.numericable.fr
2014-01-03 10:56:35,akvideo.aufeminin.com
2014-01-03 10:56:56,akvideo.aufeminin.com
2014-01-03 10:57:57,www.linkedin.com
2014-01-03 11:00:34,mercato.eurosport.fr
2014-01-03 11:04:27,www.google.fr
2014-01-03 11:04:28,layout.eurosport.fr
2014-01-03 11:04:28,i.eurosport.com
2014-01-03 11:04:28,mercato.eurosport.fr
2014-01-03 11:04:28,layout.eurosport.com
2014-01-03 11:04:28,i.eurosport.fr
2014-01-03 11:04:29,www.google.com
2014-01-03 11:04:29,www.google.fr
2014-01-03 11:04:29,layout.eurosport.com
2014-01-03 11:04:29,www.wat.tv
2014-01-03 11:04:29,apis.google.com
2014-01-03 11:04:29,www.facebook.com
2014-01-03 11:04:30,www.wat.tv
2014-01-03 11:04:30,eurosportbet.loa24.com
2014-01-03 11:04:31,www.wat.tv
2014-01-03 11:04:31,mercato.eurosport.fr
2014-01-03 11:04:31,tracking.eurosport.com
2014-01-03 11:04:31,layout.eurosport.fr
2014-01-03 11:04:31,connect.facebook.net
2014-01-03 11:04:31,www.facebook.com
2014-01-03 11:04:32,s.tf1.fr
2014-01-03 11:04:32,static.ak.facebook.com
2014-01-03 11:04:32,platform.twitter.com
2014-01-03 11:04:32,eurosport-fr.disqus.com
2014-01-03 11:04:32,s-static.ak.facebook.com
2014-01-03 11:04:32,accounts.google.com
2014-01-03 11:04:32,apis.google.com
2014-01-03 11:04:32,www.facebook.com
2014-01-03 11:04:33,www.newsring.fr
2014-01-03 11:04:33,go.disqus.com
2014-01-03 11:04:33,s.wat.tv
2014-01-03 11:04:33,twitter.com
2014-01-03 11:04:33,debats.terrafemina.com
2014-01-03 11:04:33,www.wat.tv
2014-01-03 11:04:34,disqus.com
2014-01-03 11:04:34,s.wat.tv
2014-01-03 11:04:34,www.google.fr
2014-01-03 11:04:35,www.lemonde.fr
2014-01-03 11:04:35,s1.lemde.fr
2014-01-03 11:04:35,live.lemde.fr
2014-01-03 11:04:35,kweb.videostep.com
2014-01-03 11:04:35,pixel.alephd.com
2014-01-03 11:04:35,static.videostep.com
2014-01-03 11:04:35,disqus.com
2014-01-03 11:04:35,publi.lemonde.fr
2014-01-03 11:04:36,s1.lemde.fr
2014-01-03 11:04:36,u.videostep.com
2014-01-03 11:04:36,disqus.com
2014-01-03 11:04:36,pixel.alephd.com
2014-01-03 11:04:36,static.videostep.com
2014-01-03 11:04:36,listener.ezakus.net
2014-01-03 11:04:38,s1.lemde.fr
2014-01-03 11:04:38,live.lemde.fr
2014-01-03 11:04:38,www.google.fr
2014-01-03 11:04:38,leblogfoot.fr
2014-01-03 11:04:38,photos.leblogfoot.fr
2014-01-03 11:04:38,u.videostep.com
2014-01-03 11:04:39,s-static.ak.facebook.com
2014-01-03 11:04:39,static.ak.facebook.com
2014-01-03 11:04:39,wyks2j4gi0.s.ad6media.fr
2014-01-03 11:04:39,www.facebook.com
2014-01-03 11:04:39,leblogfoot.fr
2014-01-03 11:04:39,s.videostep.com
2014-01-03 11:04:41,twitter.com
2014-01-03 11:04:41,www.facebook.com
2014-01-03 11:04:43,s.videostep.com
2014-01-03 11:04:48,twitter.com
2014-01-03 11:04:50,leblogfoot.fr
2014-01-03 11:04:50,accounts.google.com
2014-01-03 11:04:50,apis.google.com
2014-01-03 11:04:50,live.lemde.fr
2014-01-03 11:04:53,live.lemde.fr
2014-01-03 11:04:53,s.videostep.com
2014-01-03 11:04:56,live.lemde.fr
2014-01-03 11:04:59,live.lemde.fr
2014-01-03 11:05:11,live.lemde.fr
2014-01-03 11:05:13,s.videostep.com
2014-01-03 11:05:19,twitter.com
2014-01-03 11:05:20,live.lemde.fr
2014-01-03 11:05:23,s1.lemde.fr
2014-01-03 11:05:32,live.lemde.fr
2014-01-03 11:05:35,live.lemde.fr
2014-01-03 11:05:38,www.google.fr
2014-01-03 11:05:38,live.lemde.fr
2014-01-03 11:05:41,live.lemde.fr
2014-01-03 11:05:53,live.lemde.fr
2014-01-03 11:05:53,s.videostep.com
2014-01-03 11:05:56,live.lemde.fr
2014-01-03 11:05:59,live.lemde.fr
2014-01-03 11:06:02,live.lemde.fr
2014-01-03 11:06:03,cimg.leguide.com
2014-01-03 11:06:03,cshoppingbox.partner.leguide.com
2014-01-03 11:06:14,live.lemde.fr
2014-01-03 11:06:17,live.lemde.fr
2014-01-03 11:06:20,live.lemde.fr
2014-01-03 11:06:23,live.lemde.fr
2014-01-03 11:06:35,live.lemde.fr
2014-01-03 11:06:38,live.lemde.fr
2014-01-03 11:06:41,live.lemde.fr
2014-01-03 11:06:44,live.lemde.fr
2014-01-03 11:06:50,apis.google.com
2014-01-03 11:06:50,accounts.google.com
2014-01-03 11:06:56,live.lemde.fr
2014-01-03 11:06:59,live.lemde.fr
2014-01-03 11:07:02,live.lemde.fr
2014-01-03 11:07:05,live.lemde.fr
2014-01-03 11:07:17,live.lemde.fr
2014-01-03 11:07:20,live.lemde.fr
2014-01-03 11:07:23,live.lemde.fr
2014-01-03 11:07:26,live.lemde.fr
2014-01-03 11:07:38,live.lemde.fr
2014-01-03 11:07:41,live.lemde.fr
2014-01-03 11:07:44,live.lemde.fr
2014-01-03 11:07:47,live.lemde.fr
2014-01-03 11:07:59,live.lemde.fr
2014-01-03 11:08:02,live.lemde.fr
2014-01-03 11:08:05,live.lemde.fr
2014-01-03 11:08:08,live.lemde.fr
2014-01-03 11:08:20,live.lemde.fr
2014-01-03 11:08:23,live.lemde.fr
2014-01-03 11:08:26,live.lemde.fr
2014-01-03 11:08:29,live.lemde.fr
2014-01-03 11:08:41,live.lemde.fr
2014-01-03 11:08:53,live.lemde.fr
2014-01-03 11:08:56,live.lemde.fr
2014-01-03 11:08:59,live.lemde.fr
2014-01-03 11:09:02,live.lemde.fr
2014-01-03 11:09:14,live.lemde.fr
2014-01-03 11:09:26,live.lemde.fr
2014-01-03 11:09:38,live.lemde.fr
2014-01-03 11:09:50,live.lemde.fr
2014-01-03 11:10:02,live.lemde.fr
2014-01-03 11:10:14,live.lemde.fr
2014-01-03 11:10:26,live.lemde.fr
2014-01-03 11:10:38,live.lemde.fr
2014-01-03 11:10:50,live.lemde.fr
2014-01-03 11:11:02,live.lemde.fr
2014-01-03 11:11:12,mercato.eurosport.fr
2014-01-03 11:11:13,x2.vindicosuite.com
2014-01-03 11:11:14,live.lemde.fr
2014-01-03 11:11:26,live.lemde.fr
2014-01-03 11:11:38,live.lemde.fr
2014-01-03 11:11:50,live.lemde.fr
2014-01-03 11:12:02,live.lemde.fr
2014-01-03 11:12:14,live.lemde.fr
2014-01-03 11:12:26,live.lemde.fr
2014-01-03 11:12:38,live.lemde.fr
2014-01-03 11:12:46,office.microsoft.com
2014-01-03 11:12:50,live.lemde.fr
2014-01-03 11:13:02,live.lemde.fr
2014-01-03 11:13:14,live.lemde.fr
2014-01-03 11:13:26,live.lemde.fr
2014-01-03 11:13:38,live.lemde.fr
2014-01-03 11:13:50,live.lemde.fr
2014-01-03 11:14:02,live.lemde.fr
2014-01-03 11:14:14,live.lemde.fr
2014-01-03 11:14:26,live.lemde.fr
2014-01-03 11:14:38,live.lemde.fr
2014-01-03 11:14:50,live.lemde.fr
2014-01-03 11:15:02,live.lemde.fr
2014-01-03 11:15:14,live.lemde.fr
2014-01-03 11:15:26,live.lemde.fr
2014-01-03 11:15:38,live.lemde.fr
2014-01-03 11:15:50,live.lemde.fr
2014-01-03 11:16:02,live.lemde.fr
2014-01-03 11:16:12,eurosportbet.loa24.com
2014-01-03 11:16:12,mercato.eurosport.fr
2014-01-03 11:16:14,live.lemde.fr
2014-01-03 11:16:21,www.booking.com
2014-01-03 11:16:26,live.lemde.fr
2014-01-03 11:16:36,r.bstatic.com
2014-01-03 11:16:38,live.lemde.fr
2014-01-03 11:16:50,live.lemde.fr
2014-01-03 11:17:02,live.lemde.fr
2014-01-03 11:17:14,live.lemde.fr
2014-01-03 11:17:26,live.lemde.fr
2014-01-03 11:17:38,live.lemde.fr
2014-01-03 11:17:50,live.lemde.fr
2014-01-03 11:18:02,live.lemde.fr
2014-01-03 11:18:14,www.booking.com
2014-01-03 11:18:14,ajax.googleapis.com
2014-01-03 11:18:14,r.bstatic.com
2014-01-03 11:18:14,live.lemde.fr
2014-01-03 11:18:26,live.lemde.fr
2014-01-03 11:18:38,live.lemde.fr
2014-01-03 11:18:50,live.lemde.fr
2014-01-03 11:19:02,live.lemde.fr
2014-01-03 11:19:05,live.lemde.fr
2014-01-03 11:19:08,live.lemde.fr
2014-01-03 11:19:11,live.lemde.fr
2014-01-03 11:19:23,live.lemde.fr
2014-01-03 11:19:26,live.lemde.fr
2014-01-03 11:19:29,live.lemde.fr
2014-01-03 11:19:32,live.lemde.fr
2014-01-03 11:19:35,live.lemde.fr
2014-01-03 11:19:38,live.lemde.fr
2014-01-03 11:19:41,live.lemde.fr
2014-01-03 11:19:44,live.lemde.fr
2014-01-03 11:19:56,live.lemde.fr
2014-01-03 11:19:59,live.lemde.fr
2014-01-03 11:20:02,live.lemde.fr
2014-01-03 11:20:05,live.lemde.fr
2014-01-03 11:20:17,live.lemde.fr
2014-01-03 11:20:29,live.lemde.fr
2014-01-03 11:20:32,live.lemde.fr
2014-01-03 11:20:35,live.lemde.fr
2014-01-03 11:20:38,live.lemde.fr
2014-01-03 11:20:50,live.lemde.fr
2014-01-03 11:20:53,live.lemde.fr
2014-01-03 11:20:56,live.lemde.fr
2014-01-03 11:20:59,live.lemde.fr
2014-01-03 11:21:11,live.lemde.fr
2014-01-03 11:21:12,mercato.eurosport.fr
2014-01-03 11:21:14,live.lemde.fr
2014-01-03 11:21:14,x2.vindicosuite.com
2014-01-03 11:21:17,live.lemde.fr
2014-01-03 11:21:19,www.google.fr
2014-01-03 11:21:20,live.lemde.fr
2014-01-03 11:21:30,www.google.fr
2014-01-03 11:21:30,www.psg.fr
2014-01-03 11:21:30,s.psg.fr
2014-01-03 11:21:31,www.psg.fr
2014-01-03 11:21:31,www.google.com
2014-01-03 11:21:31,www.google.fr
2014-01-03 11:21:32,live.lemde.fr
2014-01-03 11:21:33,platform.twitter.com
2014-01-03 11:21:33,www.google.fr
2014-01-03 11:21:33,s.psg.fr
2014-01-03 11:21:33,www.psg.fr
2014-01-03 11:21:33,oas.psg.fr
2014-01-03 11:21:34,s.psg.fr
2014-01-03 11:21:34,www.psg.fr
2014-01-03 11:21:34,connect.facebook.net
2014-01-03 11:21:34,apis.google.com
2014-01-03 11:21:35,apis.google.com
2014-01-03 11:21:35,s.psg.fr
2014-01-03 11:21:35,static.ak.facebook.com
2014-01-03 11:21:35,www.facebook.com
2014-01-03 11:21:35,www.google.com
2014-01-03 11:21:35,www.google.fr
2014-01-03 11:21:35,s-static.ak.facebook.com
2014-01-03 11:21:35,live.lemde.fr
2014-01-03 11:21:38,live.lemde.fr
2014-01-03 11:21:41,live.lemde.fr
2014-01-03 11:21:42,www.psg.fr
2014-01-03 11:21:48,platform.twitter.com
2014-01-03 11:21:48,oas.psg.fr
2014-01-03 11:21:48,s.psg.fr
2014-01-03 11:21:48,www.psg.fr
2014-01-03 11:21:48,accounts.google.com
2014-01-03 11:21:48,twitter.com
2014-01-03 11:21:48,apis.google.com
2014-01-03 11:21:49,www.facebook.com
2014-01-03 11:21:49,static.ak.facebook.com
2014-01-03 11:21:49,www.google.fr
2014-01-03 11:21:49,www.google.com
2014-01-03 11:21:49,s-static.ak.facebook.com
2014-01-03 11:21:53,live.lemde.fr
2014-01-03 11:22:04,s.psg.fr
2014-01-03 11:22:04,www.psg.fr
2014-01-03 11:22:05,twitter.com
2014-01-03 11:22:05,apis.google.com
2014-01-03 11:22:05,www.google.fr
2014-01-03 11:22:05,s-static.ak.facebook.com
2014-01-03 11:22:05,www.google.com
2014-01-03 11:22:05,platform.twitter.com
2014-01-03 11:22:05,live.lemde.fr
2014-01-03 11:22:05,oas.psg.fr
2014-01-03 11:22:05,s.psg.fr
2014-01-03 11:22:05,static.ak.facebook.com
2014-01-03 11:22:06,graph.facebook.com
2014-01-03 11:22:06,apis.google.com
2014-01-03 11:22:06,www.eficiens-serving2.com
2014-01-03 11:22:06,www.facebook.com
2014-01-03 11:22:08,live.lemde.fr
2014-01-03 11:22:11,www.psg.fr
2014-01-03 11:22:11,live.lemde.fr
2014-01-03 11:22:12,www.psg.fr
2014-01-03 11:22:12,oas.psg.fr
2014-01-03 11:22:12,www.google.com
2014-01-03 11:22:12,www.google.fr
2014-01-03 11:22:13,s-static.ak.facebook.com
2014-01-03 11:22:13,static.ak.facebook.com
2014-01-03 11:22:13,www.facebook.com
2014-01-03 11:22:14,live.lemde.fr
2014-01-03 11:22:26,live.lemde.fr
2014-01-03 11:22:29,live.lemde.fr
2014-01-03 11:22:32,live.lemde.fr
2014-01-03 11:22:35,live.lemde.fr
2014-01-03 11:22:36,twitter.com
2014-01-03 11:22:43,twitter.com
2014-01-03 11:22:45,live.lemde.fr
2014-01-03 11:23:06,www.google.com
2014-01-03 11:24:50,www.google.com
2014-01-03 11:25:17,apis.google.com
2014-01-03 11:25:17,www.google.com
2014-01-03 11:25:18,www.google.com
2014-01-03 11:25:18,platdupied.com
2014-01-03 11:25:18,ajax.googleapis.com
2014-01-03 11:25:18,www.pagerank.fr
2014-01-03 11:25:22,platdupied.com
2014-01-03 11:25:22,www.facebook.com
2014-01-03 11:25:23,platdupied.com
2014-01-03 11:25:23,www.dailymotion.com
2014-01-03 11:25:23,platform.twitter.com
2014-01-03 11:25:24,twitter.com
2014-01-03 11:25:24,apis.google.com
2014-01-03 11:25:24,accounts.google.com
2014-01-03 11:25:24,platdupied.com
2014-01-03 11:25:24,www.dailymotion.com
2014-01-03 11:25:25,n.dyntrk.com
2014-01-03 11:25:25,audience.visiblemeasures.com
2014-01-03 11:25:25,www.dailymotion.com
2014-01-03 11:25:25,od2.visiblemeasures.com
2014-01-03 11:25:26,od2.visiblemeasures.com
2014-01-03 11:25:26,www.dailymotion.com
2014-01-03 11:25:28,www.dailymotion.com
2014-01-03 11:25:29,www.dailymotion.com
2014-01-03 11:25:29,vast.bp3849537.btrll.com
2014-01-03 11:25:30,vast.bp3849534.btrll.com
2014-01-03 11:25:30,www.dailymotion.com
2014-01-03 11:25:30,vast.bp3849530.btrll.com
2014-01-03 11:25:31,www.dailymotion.com
2014-01-03 11:25:32,n.dyntrk.com
2014-01-03 11:25:32,www.dailymotion.com
2014-01-03 11:25:33,www.dailymotion.com
2014-01-03 11:25:33,vast.bp3849914.btrll.com
2014-01-03 11:25:34,r4---sn-gxo5uxg-jqbe.googlevideo.com
2014-01-03 11:25:34,www.youtube.com
2014-01-03 11:25:34,s.ytimg.com
2014-01-03 11:25:34,i1.ytimg.com
2014-01-03 11:25:34,s.youtube.com
2014-01-03 11:25:34,gdata.youtube.com
2014-01-03 11:25:35,r4---sn-gxo5uxg-jqbe.googlevideo.com
2014-01-03 11:25:35,s.youtube.com
2014-01-03 11:25:35,www.dailymotion.com
2014-01-03 11:25:41,clients6.google.com
2014-01-03 11:25:41,plusone.google.com
2014-01-03 11:25:44,s.youtube.com
2014-01-03 11:25:54,s.youtube.com
2014-01-03 11:26:02,www.youtube.com
2014-01-03 11:26:03,s.youtube.com
2014-01-03 11:26:04,s.youtube.com
2014-01-03 11:26:09,s.youtube.com
2014-01-03 11:26:09,www.dailymotion.com
2014-01-03 11:26:09,accounts.google.com
2014-01-03 11:26:09,plusone.google.com
2014-01-03 11:26:10,www.dailymotion.com
2014-01-03 11:26:10,logger-02.vty.dailymotion.com
2014-01-03 11:26:10,od2.visiblemeasures.com
2014-01-03 11:26:10,audience.visiblemeasures.com
2014-01-03 11:26:10,clients6.google.com
2014-01-03 11:26:11,od2.visiblemeasures.com
2014-01-03 11:26:12,www.dailymotion.com
2014-01-03 11:26:30,s.youtube.com
2014-01-03 11:28:28,od2.visiblemeasures.com
2014-01-03 11:29:34,logger-02.vty.dailymotion.com
2014-01-03 11:30:34,www.dailymotion.com
2014-01-03 11:30:44,od2.visiblemeasures.com
2014-01-03 11:31:52,logger-02.vty.dailymotion.com
2014-01-03 11:31:53,od2.visiblemeasures.com
2014-01-17 14:45:39,www.bing.com
2014-01-17 14:45:39,api.bing.com
2014-01-17 14:45:40,api.bing.com
2014-01-17 14:45:41,www.bing.com
2014-01-17 14:45:42,cms.abmr.net
2014-01-17 14:45:42,www.bing.com
2014-01-17 14:45:43,www.bing.com
2014-01-17 14:47:38,go.microsoft.com
2014-01-17 14:47:38,ieonline.microsoft.com
2014-03-22 09:55:29,armmf.adobe.com
2014-03-22 09:55:32,armmf.adobe.com
2014-03-22 09:58:15,office14client.microsoft.com
2014-03-22 09:58:15,office.microsoft.com
2014-03-22 09:58:16,office.microsoft.com
2014-03-22 10:21:12,www.google.com
2014-03-22 10:21:13,clients1.google.com
2014-03-22 10:21:13,www.google.com
2014-03-22 10:21:27,www.google.com
2014-03-22 10:21:29,www.google.com
2014-03-22 10:21:29,ajax.googleapis.com
2014-03-22 10:21:29,www.slate.fr
2014-03-22 10:21:30,www.slate.fr
2014-03-22 10:21:31,www.slate.fr
2014-03-22 10:21:32,loadr.exelator.com
2014-03-22 10:21:32,www.slate.fr
2014-03-22 10:21:32,broadcast.piximedia.fr
2014-03-22 10:21:32,rm.piximedia.fr
2014-03-22 10:21:33,www.slate.fr
2014-03-22 10:21:34,www.google.com
2014-03-22 10:21:34,apis.google.com
2014-03-22 10:21:34,broadcast.piximedia.fr
2014-03-22 10:21:34,pics.lesechos.com
2014-03-22 10:21:34,pics.2012.lesechos.com
2014-03-22 10:21:34,fpdownload2.macromedia.com
2014-03-22 10:21:34,www.lesechos.fr
2014-03-22 10:21:34,www.slate.fr
2014-03-22 10:21:35,bourse.lesechos.fr
2014-03-22 10:21:35,pics.2012.lesechos.com
2014-03-22 10:21:35,www.lesechos.fr
2014-03-22 10:21:35,www.google.com
2014-03-22 10:21:36,s-static.ak.facebook.com
2014-03-22 10:21:36,platform.twitter.com
2014-03-22 10:21:36,ajax.googleapis.com
2014-03-22 10:21:36,www.google.com
2014-03-22 10:21:36,i1-js-14-3-01-10165-268046050-i.init.cedexis-radar.net
2014-03-22 10:21:36,connect.facebook.net
2014-03-22 10:21:36,pics.2012.lesechos.com
2014-03-22 10:21:36,www.leparisien.fr
2014-03-22 10:21:36,videosfr.s3.amazonaws.com
2014-03-22 10:21:36,www.lesechos.fr
2014-03-22 10:21:36,static.ak.facebook.com
2014-03-22 10:21:37,s-static.ak.facebook.com
2014-03-22 10:21:37,apis.google.com
2014-03-22 10:21:37,platform.linkedin.com
2014-03-22 10:21:37,foglio.basilic.io
2014-03-22 10:21:37,www.leparisien.fr
2014-03-22 10:21:37,broadcast2.piximedia.fr
2014-03-22 10:21:37,its.tradelab.fr
2014-03-22 10:21:37,www.lesechos.fr
2014-03-22 10:21:37,platform.twitter.com
2014-03-22 10:21:37,static.ak.facebook.com
2014-03-22 10:21:37,www.facebook.com
2014-03-22 10:21:37,pics.lesechos.com
2014-03-22 10:21:37,pixel.alephd.com
2014-03-22 10:21:38,platform.linkedin.com
2014-03-22 10:21:38,tc.airfrance.com
2014-03-22 10:21:38,www.ultimedia.com
2014-03-22 10:21:38,apis.google.com
2014-03-22 10:21:38,ajax.googleapis.com
2014-03-22 10:21:38,pixel.alephd.com
2014-03-22 10:21:38,platform.twitter.com
2014-03-22 10:21:38,www.leparisien.fr
2014-03-22 10:21:39,twitter.com
2014-03-22 10:21:39,accounts.google.com
2014-03-22 10:21:39,apis.google.com
2014-03-22 10:21:39,www.facebook.com
2014-03-22 10:21:39,airfrance.front.bannerfactory.ecritel.net
2014-03-22 10:21:39,broadcast.piximedia.fr
2014-03-22 10:21:39,d1r2y962f8isle.cloudfront.net
2014-03-22 10:21:39,pixel.alephd.com
2014-03-22 10:21:40,twitter.com
2014-03-22 10:21:40,d1r2y962f8isle.cloudfront.net
2014-03-22 10:21:40,airfrance.front.bannerfactory.ecritel.net
2014-03-22 10:21:41,airfrance.front.bannerfactory.ecritel.net
2014-03-22 10:21:43,adventori.com
2014-03-22 10:21:44,www.facebook.com
2014-03-22 10:21:45,www.lesechos.fr
2014-03-22 10:21:45,www.ultimedia.com
2014-03-22 10:21:45,apis.google.com
2014-03-22 10:21:45,www.leparisien.fr
2014-03-22 10:21:46,www.lesechos.fr
2014-03-22 10:21:46,s3.lprs1.fr
2014-03-22 10:21:46,apnx-match.dotomi.com
2014-03-22 10:21:46,i1-js-14-3-01-10292-867040917-i.init.cedexis-radar.net
2014-03-22 10:21:46,accounts.google.com
2014-03-22 10:21:46,www.leparisien.fr
2014-03-22 10:21:47,www.facebook.com
2014-03-22 10:21:47,www.leparisien.fr
2014-03-22 10:21:47,apnx-match.dotomi.com
2014-03-22 10:21:47,dtm.venus.com
2014-03-22 10:21:48,twitter.com
2014-03-22 10:21:48,its.tradelab.fr
2014-03-22 10:21:48,www.facebook.com
2014-03-22 10:21:48,platform.twitter.com
2014-03-22 10:21:48,www.leparisien.fr
2014-03-22 10:21:49,www.leparisien.fr
2014-03-22 10:21:49,perpetuo-onl.basilic.io
2014-03-22 10:21:49,ec2-us-east-1a.cedexis.com
2014-03-22 10:21:49,twitter.com
2014-03-22 10:21:50,ec2-us-east-1a.cedexis.com
2014-03-22 10:21:53,www.lesechos.fr
2014-03-22 10:22:05,broadcast.piximedia.fr
2014-03-22 10:22:14,www.google.com
2014-03-22 10:22:19,twitter.com
2014-03-22 10:22:20,twitter.com
2014-03-22 10:22:44,www.lesechos.fr
2014-03-22 10:22:45,www.lesechos.fr
2014-03-22 10:23:08,www.google.com
2014-03-22 10:23:08,clients1.google.com
2014-03-22 10:25:46,www.leparisien.fr
2014-03-22 10:29:46,www.leparisien.fr
2014-03-22 10:33:46,www.leparisien.fr
2014-03-22 10:37:46,www.leparisien.fr
2014-03-22 10:37:57,broadcast.piximedia.fr
2014-03-22 10:38:21,www.leparisien.fr
2014-03-22 10:41:45,www.google.com
2014-03-22 10:41:45,www.lemeilleurdupsg.com
2014-03-22 10:41:46,www.leparisien.fr
2014-03-22 10:41:46,www.lemeilleurdupsg.com
2014-03-22 10:41:47,www.lemeilleurdupsg.com
2014-03-22 10:41:48,www.facebook.com
2014-03-22 10:41:48,www.lemeilleurdupsg.com
2014-03-22 10:41:49,kfy023oepv.s.ad6media.fr
2014-03-22 10:41:50,static.ak.facebook.com
2014-03-22 10:41:50,shea.swelen.com
2014-03-22 10:41:50,s-static.ak.facebook.com
2014-03-22 10:41:50,eulerian.canal-plus.com
2014-03-22 10:41:50,www.lemeilleurdupsg.com
2014-03-22 10:41:51,twitter.com
2014-03-22 10:41:57,www.google.com
2014-03-22 10:41:57,static.foot01.com
2014-03-22 10:41:57,www.foot01.com
2014-03-22 10:41:58,apis.google.com
2014-03-22 10:41:58,static.foot01.com
2014-03-22 10:41:58,www.foot01.com
2014-03-22 10:41:59,www.foot01.com
2014-03-22 10:41:59,apis.google.com
2014-03-22 10:41:59,accounts.google.com
2014-03-22 10:41:59,static.foot01.com
2014-03-22 10:42:00,apis.google.com
2014-03-22 10:42:00,www.facebook.com
2014-03-22 10:42:00,static.foot01.com
2014-03-22 10:42:00,www.foot01.com
2014-03-22 10:42:01,static.foot01.com
2014-03-22 10:42:02,eulerian.canal-plus.com
2014-03-22 10:42:02,static.foot01.com
2014-03-22 10:42:21,twitter.com
2014-03-22 10:44:38,connect.facebook.net
2014-03-22 10:44:38,pics.2012.lesechos.com
2014-03-22 10:44:38,www.lemeilleurdupsg.com
2014-03-22 10:44:38,www.lesechos.fr
2014-03-22 10:44:39,s-static.ak.facebook.com
2014-03-22 10:44:39,apis.google.com
2014-03-22 10:44:39,www.facebook.com
2014-03-22 10:44:39,foglio.basilic.io
2014-03-22 10:44:39,www.leparisien.fr
2014-03-22 10:44:39,www.lemeilleurdupsg.com
2014-03-22 10:44:39,pics.2012.lesechos.com
2014-03-22 10:44:39,pics.lesechos.com
2014-03-22 10:44:39,www.ultimedia.com
2014-03-22 10:44:39,static.ak.facebook.com
2014-03-22 10:44:40,pics.2012.lesechos.com
2014-03-22 10:44:40,www.slate.fr
2014-03-22 10:44:40,www.lemeilleurdupsg.com
2014-03-22 10:44:40,www.lesechos.fr
2014-03-22 10:44:40,www.ultimedia.com
2014-03-22 10:44:40,static.foot01.com
2014-03-22 10:44:40,www.leparisien.fr
2014-03-22 10:44:40,www.google.com
2014-03-22 10:44:41,apis.google.com
2014-03-22 10:44:41,clients1.google.com
2014-03-22 10:44:41,www.lesechos.fr
2014-03-22 10:44:41,pics.2012.lesechos.com
2014-03-22 10:44:41,listener.ezakus.net
2014-03-22 10:44:41,www.facebook.com
2014-03-22 10:44:42,www.slate.fr
2014-03-22 10:44:42,pics.2012.lesechos.com
2014-03-22 10:44:42,www.lesechos.fr
2014-03-22 10:44:42,www.facebook.com
2014-03-22 10:44:42,apis.google.com
2014-03-22 10:44:43,pics.2012.lesechos.com
2014-03-22 10:44:43,www.lesechos.fr
2014-03-22 10:44:43,videosfr.s3.amazonaws.com
2014-03-22 10:44:43,apis.google.com
2014-03-22 10:44:44,apis.google.com
2014-03-22 10:44:44,www.slate.fr
2014-03-22 10:44:44,accounts.google.com
2014-03-22 10:44:45,twitter.com
2014-03-22 10:44:45,eulerian.canal-plus.com
2014-03-22 10:44:45,ajax.googleapis.com
2014-03-22 10:44:45,accounts.google.com
2014-03-22 10:44:45,www.lesechos.fr
2014-03-22 10:44:45,pics.2012.lesechos.com
2014-03-22 10:44:45,www.slate.fr
2014-03-22 10:44:45,i1-js-14-3-01-10077-1681411-i.init.cedexis-radar.net
2014-03-22 10:44:46,static.ak.facebook.com
2014-03-22 10:44:46,pics.lesechos.com
2014-03-22 10:44:46,www.facebook.com
2014-03-22 10:44:46,eulerian.canal-plus.com
2014-03-22 10:44:46,s-static.ak.facebook.com
2014-03-22 10:44:46,ajax.googleapis.com
2014-03-22 10:44:47,www.lemeilleurdupsg.com
2014-03-22 10:44:47,twitter.com
2014-03-22 10:44:47,platform.linkedin.com
2014-03-22 10:44:47,platform.twitter.com
2014-03-22 10:44:48,perpetuo-onl.basilic.io
2014-03-22 10:44:48,www.leparisien.fr
2014-03-22 10:44:48,twitter.com
2014-03-22 10:44:48,apis.google.com
2014-03-22 10:44:49,www.facebook.com
2014-03-22 10:44:50,sfr.cedexis.com
2014-03-22 10:44:50,www.google.com
2014-03-22 10:44:50,www.foot01.com
2014-03-22 10:44:50,apis.google.com
2014-03-22 10:44:50,twitter.com
2014-03-22 10:44:50,accounts.google.com
2014-03-22 10:44:50,pixel.alephd.com
2014-03-22 10:44:50,i1-js-14-3-01-10076-417715830-i.init.cedexis-radar.net
2014-03-22 10:44:50,tc.airfrance.com
2014-03-22 10:44:51,twitter.com
2014-03-22 10:44:51,airfrance.front.bannerfactory.ecritel.net
2014-03-22 10:44:51,accounts.google.com
2014-03-22 10:44:51,cm.adgrx.com
2014-03-22 10:44:51,sfr.cedexis.com
2014-03-22 10:44:52,eulerian.canal-plus.com
2014-03-22 10:44:52,pixel.alephd.com
2014-03-22 10:44:52,www.lesechos.fr
2014-03-22 10:44:52,cm.adgrx.com
2014-03-22 10:44:52,probe.cedexis.org
2014-03-22 10:44:52,static.foot01.com
2014-03-22 10:44:53,ns315250.ip-37-187-28.eu
2014-03-22 10:44:53,level3.cedexis.com
2014-03-22 10:44:53,twitter.com
2014-03-22 10:44:53,static.foot01.com
2014-03-22 10:44:53,its.tradelab.fr
2014-03-22 10:44:53,probe.cedexis.org
2014-03-22 10:44:54,accounts.google.com
2014-03-22 10:44:54,platform.twitter.com
2014-03-22 10:44:54,s-static.ak.facebook.com
2014-03-22 10:44:54,eulerian.canal-plus.com
2014-03-22 10:44:54,nb-commons.storage.googleapis.com
2014-03-22 10:44:54,static.ak.facebook.com
2014-03-22 10:44:54,www.facebook.com
2014-03-22 10:44:54,www.foot01.com
2014-03-22 10:44:54,pixel.alephd.com
2014-03-22 10:44:54,i1-js-14-3-01-10292-935957033-i.init.cedexis-radar.net
2014-03-22 10:44:55,twitter.com
2014-03-22 10:44:55,accounts.google.com
2014-03-22 10:44:55,eulerian.canal-plus.com
2014-03-22 10:44:55,edgecast-adn.cedexis.com
2014-03-22 10:44:56,eulerian.canal-plus.com
2014-03-22 10:44:56,ea.numericable.fr
2014-03-22 10:44:56,js.socialike-me.com
2014-03-22 10:44:56,www.numericable.fr
2014-03-22 10:44:56,foot01.disqus.com
2014-03-22 10:44:56,offres.numericable.fr
2014-03-22 10:44:56,www.groupon.fr
2014-03-22 10:44:56,twitter.com
2014-03-22 10:44:56,adventori.com
2014-03-22 10:44:56,ecvideo.aufeminin.com
2014-03-22 10:44:57,ea.numericable.fr
2014-03-22 10:44:57,go.disqus.com
2014-03-22 10:44:57,js.socialike-me.com
2014-03-22 10:44:57,offres.numericable.fr
2014-03-22 10:44:58,offres.numericable.fr
2014-03-22 10:44:58,um.simpli.fi
2014-03-22 10:44:58,disqus.com
2014-03-22 10:44:59,ea.numericable.fr
2014-03-22 10:44:59,c1.adform.net
2014-03-22 10:44:59,um.simpli.fi
2014-03-22 10:44:59,offres.numericable.fr
2014-03-22 10:44:59,disqus.com
2014-03-22 10:45:00,rainbow-fr.mythings.com
2014-03-22 10:45:00,disqus.com
2014-03-22 10:45:00,api.zanox.ws
2014-03-22 10:45:00,ea.numericable.fr
2014-03-22 10:45:00,www.foot01.com
2014-03-22 10:45:01,pixel2368.everesttech.net
2014-03-22 10:45:01,service.centraltag.com
2014-03-22 10:45:01,ea.numericable.fr
2014-03-22 10:45:01,halc.iadvize.com
2014-03-22 10:45:01,offres.numericable.fr
2014-03-22 10:45:03,halc.iadvize.com
2014-03-22 10:45:03,emailretargeting.com
2014-03-22 10:45:03,ajax.googleapis.com
2014-03-22 10:45:04,www.lesechos.fr
2014-03-22 10:45:04,probe.cedexis.org
2014-03-22 10:45:06,service.centraltag.com
2014-03-22 10:45:07,dc1w54.wysistat.com
2014-03-22 10:45:07,rainbow-fr.mythings.com
2014-03-22 10:45:07,halc.iadvize.com
2014-03-22 10:45:08,disqus.com
2014-03-22 10:45:10,fstatic.iadvize.com
2014-03-22 10:45:10,halc.iadvize.com
2014-03-22 10:45:10,ea.numericable.fr
2014-03-22 10:45:11,halc.iadvize.com
2014-03-22 10:45:11,www.ebuyclub.com
2014-03-22 10:45:12,www.facebook.com
2014-03-22 10:45:12,service.centraltag.com
2014-03-22 10:45:12,fstatic.iadvize.com
2014-03-22 10:45:12,halc.iadvize.com
2014-03-22 10:45:13,www.google.com
2014-03-22 10:45:13,halc.iadvize.com
2014-03-22 10:45:14,halc.iadvize.com
2014-03-22 10:45:14,www.google.fr
2014-03-22 10:45:14,www.google.com
2014-03-22 10:45:21,twitter.com
2014-03-22 10:45:46,www.foot01.com
2014-03-22 10:45:53,www.foot01.com
2014-03-22 10:45:55,its.tradelab.fr
2014-03-22 10:46:05,pixel2368.everesttech.net
2014-03-22 10:46:12,halc.iadvize.com
2014-03-22 10:46:46,www.foot01.com
2014-03-22 10:46:53,www.foot01.com
2014-03-22 10:47:02,www.lemeilleurdupsg.com
2014-03-22 10:47:12,halc.iadvize.com
2014-03-22 10:47:13,halc.iadvize.com
2014-03-22 10:47:16,www.foot01.com
2014-03-22 10:47:32,www.lemeilleurdupsg.com
2014-03-22 10:47:46,www.foot01.com
2014-03-22 10:47:53,www.foot01.com
2014-03-22 10:48:13,static.foot01.com
2014-03-22 10:48:13,halc.iadvize.com
2014-03-22 10:48:13,www.google.fr
2014-03-22 10:48:19,static.foot01.com
2014-03-22 10:48:19,www.foot01.com
2014-03-22 10:48:19,halc.iadvize.com
2014-03-22 10:48:20,static.foot01.com
2014-03-22 10:48:21,www.foot01.com
2014-03-22 10:48:21,apis.google.com
2014-03-22 10:48:21,static.foot01.com
2014-03-22 10:48:22,accounts.google.com
2014-03-22 10:48:22,www.foot01.com
2014-03-22 10:48:22,static.foot01.com
2014-03-22 10:48:22,www.facebook.com
2014-03-22 10:48:22,apis.google.com
2014-03-22 10:48:23,eulerian.canal-plus.com
2014-03-22 10:48:23,nb-commons.storage.googleapis.com
2014-03-22 10:48:23,boutique-online.orange.fr
2014-03-22 10:48:23,apis.google.com
2014-03-22 10:48:24,boutique-online.orange.fr
2014-03-22 10:48:24,connect.facebook.net
2014-03-22 10:48:24,platform.twitter.com
2014-03-22 10:48:24,ea.numericable.fr
2014-03-22 10:48:24,js.socialike-me.com
2014-03-22 10:48:25,www.facebook.com
2014-03-22 10:48:25,www.foot01.com
2014-03-22 10:48:25,static.ak.facebook.com
2014-03-22 10:48:25,boutique-online.orange.fr
2014-03-22 10:48:25,s-static.ak.facebook.com
2014-03-22 10:48:27,go.disqus.com
2014-03-22 10:48:27,foot01.disqus.com
2014-03-22 10:48:28,disqus.com
2014-03-22 10:48:28,twitter.com
2014-03-22 10:48:40,www.leparisien.fr
2014-03-22 10:48:41,clients1.google.com
2014-03-22 10:49:04,www.lemeilleurdupsg.com
2014-03-22 10:49:22,www.foot01.com
2014-03-22 10:49:24,www.foot01.com
2014-03-22 10:49:27,www.lemeilleurdupsg.com
2014-03-22 10:49:28,eulerian.canal-plus.com
2014-03-22 10:49:49,www.foot01.com
2014-03-22 10:49:52,code.jquery.com
2014-03-22 10:49:52,mfr.meteofrance.com
2014-03-22 10:49:52,js.socialike-me.com
2014-03-22 10:49:53,www.lesoffrescanal.fr
2014-03-22 10:49:53,www.miniinthebox.com
2014-03-22 10:49:53,eulerian.canal-plus.com
2014-03-22 10:49:53,miniinthebox.com
2014-03-22 10:49:53,retargeting.veoxa.com
2014-03-22 10:49:54,www.lesoffrescanal.fr
2014-03-22 10:49:54,d2yp9b3a29g3i2.cloudfront.net
2014-03-22 10:49:54,miniimg.rightinthebox.com
2014-03-22 10:50:01,apis.google.com
2014-03-22 10:50:02,apis.google.com
2014-03-22 10:50:22,apis.google.com
2014-03-22 10:50:22,www.foot01.com
2014-03-22 10:50:24,www.foot01.com
2014-03-22 10:50:49,www.foot01.com
2014-03-22 10:50:52,www.foot01.com
2014-03-22 10:50:54,www.miniinthebox.com
2014-03-22 10:51:03,miniinthebox.com
2014-03-22 10:51:03,www.miniinthebox.com
2014-03-22 10:51:12,clic.reussissonsensemble.fr
2014-03-22 10:51:13,eulerian.grosbill.com
2014-03-22 10:51:16,eulerian.grosbill.com
2014-03-22 10:51:19,eulerian.grosbill.com
2014-03-22 10:51:19,halc.iadvize.com
2014-03-22 10:51:19,fstatic.iadvize.com
2014-03-22 10:51:19,mfr.meteofrance.com
2014-03-22 10:51:20,www.facebook.com
2014-03-22 10:51:20,fbrainboweu-va-p.mythings.com
2014-03-22 10:51:20,halc.iadvize.com
2014-03-22 10:51:20,retargeting.veoxa.com
2014-03-22 10:51:20,cookieb.mythings.com
2014-03-22 10:51:20,www.google.com
2014-03-22 10:51:20,www.google.fr
2014-03-22 10:51:21,cookieb.mythings.com
2014-03-22 10:51:22,www.foot01.com
2014-03-22 10:51:22,apis.google.com
2014-03-22 10:51:24,www.foot01.com
2014-03-22 10:51:26,www.lemeilleurdupsg.com
2014-03-22 10:51:27,www.lemeilleurdupsg.com
2014-03-22 10:51:28,eulerian.canal-plus.com
2014-03-22 10:51:29,eulerian.canal-plus.com
2014-03-22 10:51:45,static.foot01.com
2014-03-22 10:51:45,www.foot01.com
2014-03-22 10:51:46,apis.google.com
2014-03-22 10:51:46,www.foot01.com
2014-03-22 10:51:46,static.foot01.com
2014-03-22 10:51:47,www.facebook.com
2014-03-22 10:51:47,www.foot01.com
2014-03-22 10:51:47,static.foot01.com
2014-03-22 10:51:47,apis.google.com
2014-03-22 10:51:48,apis.google.com
2014-03-22 10:51:48,accounts.google.com
2014-03-22 10:51:48,static.foot01.com
2014-03-22 10:51:48,www.foot01.com
2014-03-22 10:51:49,apis.google.com
2014-03-22 10:51:49,eulerian.canal-plus.com
2014-03-22 10:51:50,platform.twitter.com
2014-03-22 10:51:50,connect.facebook.net
2014-03-22 10:51:50,nb-commons.storage.googleapis.com
2014-03-22 10:51:51,twitter.com
2014-03-22 10:51:51,www.foot01.com
2014-03-22 10:51:51,static.ak.facebook.com
2014-03-22 10:51:51,www.facebook.com
2014-03-22 10:51:51,s-static.ak.facebook.com
2014-03-22 10:51:53,platform.twitter.com
2014-03-22 10:51:53,foot01.disqus.com
2014-03-22 10:51:53,go.disqus.com
2014-03-22 10:51:54,disqus.com
2014-03-22 10:51:55,disqus.com
2014-03-22 10:52:20,halc.iadvize.com
2014-03-22 10:52:40,www.leparisien.fr
2014-03-22 10:52:47,www.foot01.com
2014-03-22 10:52:50,www.foot01.com
2014-03-22 10:53:20,halc.iadvize.com
2014-03-22 10:53:47,www.foot01.com
2014-03-22 10:53:47,www.lemeilleurdupsg.com
2014-03-22 10:53:48,choices.truste.com
2014-03-22 10:53:49,choices.truste.com
2014-03-22 10:53:50,www.foot01.com
2014-03-22 10:54:06,www.lemeilleurdupsg.com
2014-03-22 10:54:06,eulerian.canal-plus.com
2014-03-22 10:54:17,www.foot01.com
2014-03-22 10:54:20,halc.iadvize.com
2014-03-22 10:54:47,www.foot01.com
2014-03-22 10:54:50,www.foot01.com
2014-03-22 10:55:10,www.foot01.com
2014-03-22 10:55:11,static.foot01.com
2014-03-22 10:55:11,www.foot01.com
2014-03-22 10:55:12,static.foot01.com
2014-03-22 10:55:12,www.foot01.com
2014-03-22 10:55:12,apis.google.com
2014-03-22 10:55:13,static.foot01.com
2014-03-22 10:55:13,www.facebook.com
2014-03-22 10:55:13,www.foot01.com
2014-03-22 10:55:13,apis.google.com
2014-03-22 10:55:13,accounts.google.com
2014-03-22 10:55:14,nb-commons.storage.googleapis.com
2014-03-22 10:55:14,eulerian.canal-plus.com
2014-03-22 10:55:14,apis.google.com
2014-03-22 10:55:15,apis.google.com
2014-03-22 10:55:15,connect.facebook.net
2014-03-22 10:55:15,platform.twitter.com
2014-03-22 10:55:16,www.facebook.com
2014-03-22 10:55:16,static.ak.facebook.com
2014-03-22 10:55:16,s-static.ak.facebook.com
2014-03-22 10:55:16,www.foot01.com
2014-03-22 10:55:17,foot01.disqus.com
2014-03-22 10:55:18,disqus.com
2014-03-22 10:55:18,go.disqus.com
2014-03-22 10:55:19,disqus.com
2014-03-22 10:55:19,twitter.com
2014-03-22 10:55:20,halc.iadvize.com
2014-03-22 10:56:13,www.foot01.com
2014-03-22 10:56:14,www.foot01.com
2014-03-22 10:56:16,www.lemeilleurdupsg.com
2014-03-22 10:56:17,choices.truste.com
2014-03-22 10:56:18,choices.truste.com
2014-03-22 10:56:20,halc.iadvize.com
2014-03-22 10:56:36,choices.truste.com
2014-03-22 10:56:36,www.lemeilleurdupsg.com
2014-03-22 10:56:37,choices.truste.com
2014-03-22 10:56:40,www.leparisien.fr
2014-03-22 10:57:13,www.foot01.com
2014-03-22 10:57:14,www.foot01.com
2014-03-22 10:57:20,halc.iadvize.com
2014-03-22 10:57:43,www.foot01.com
2014-03-22 10:57:59,www.lemeilleurdupsg.com
2014-03-22 10:57:59,choices.truste.com
2014-03-22 10:58:00,choices.truste.com
2014-03-22 10:58:13,www.foot01.com
2014-03-22 10:58:14,www.foot01.com
2014-03-22 10:58:20,halc.iadvize.com
2014-03-22 10:58:36,www.foot01.com
2014-03-22 10:58:36,static.foot01.com
2014-03-22 10:58:37,www.foot01.com
2014-03-22 10:58:37,static.foot01.com
2014-03-22 10:58:37,apis.google.com
2014-03-22 10:58:38,apis.google.com
2014-03-22 10:58:38,www.facebook.com
2014-03-22 10:58:38,static.foot01.com
2014-03-22 10:58:39,accounts.google.com
2014-03-22 10:58:39,apis.google.com
2014-03-22 10:58:39,nb-commons.storage.googleapis.com
2014-03-22 10:58:39,static.foot01.com
2014-03-22 10:58:39,www.foot01.com
2014-03-22 10:58:40,www.leparisien.fr
2014-03-22 10:58:40,platform.twitter.com
2014-03-22 10:58:40,connect.facebook.net
2014-03-22 10:58:40,eulerian.canal-plus.com
2014-03-22 10:58:41,s-static.ak.facebook.com
2014-03-22 10:58:41,static.ak.facebook.com
2014-03-22 10:58:41,www.facebook.com
2014-03-22 10:58:41,www.foot01.com
2014-03-22 10:58:43,go.disqus.com
2014-03-22 10:58:43,foot01.disqus.com
2014-03-22 10:58:44,disqus.com
2014-03-22 10:58:45,twitter.com
2014-03-22 10:58:45,disqus.com
2014-03-22 10:59:16,www.lemeilleurdupsg.com
2014-03-22 10:59:17,choices.truste.com
2014-03-22 10:59:18,choices.truste.com
2014-03-22 10:59:20,halc.iadvize.com
2014-03-22 10:59:38,www.foot01.com
2014-03-22 10:59:40,www.foot01.com
2014-03-22 10:59:57,www.lemeilleurdupsg.com
2014-03-22 10:59:59,eulerian.canal-plus.com
2014-03-22 11:00:20,halc.iadvize.com
2014-03-22 11:00:38,www.foot01.com
2014-03-22 11:00:40,www.foot01.com
2014-03-22 11:01:08,www.foot01.com
2014-03-22 11:01:20,halc.iadvize.com
2014-03-22 11:01:38,www.foot01.com
2014-03-22 11:01:40,www.foot01.com
2014-03-22 11:02:00,www.foot01.com
2014-03-22 11:02:00,static.foot01.com
2014-03-22 11:02:01,www.foot01.com
2014-03-22 11:02:02,static.foot01.com
2014-03-22 11:02:02,apis.google.com
2014-03-22 11:02:02,www.foot01.com
2014-03-22 11:02:03,www.foot01.com
2014-03-22 11:02:03,apis.google.com
2014-03-22 11:02:03,www.facebook.com
2014-03-22 11:02:03,static.foot01.com
2014-03-22 11:02:04,www.foot01.com
2014-03-22 11:02:04,nb-commons.storage.googleapis.com
2014-03-22 11:02:04,eulerian.canal-plus.com
2014-03-22 11:02:04,accounts.google.com
2014-03-22 11:02:04,apis.google.com
2014-03-22 11:02:05,platform.twitter.com
2014-03-22 11:02:05,connect.facebook.net
2014-03-22 11:02:06,s-static.ak.facebook.com
2014-03-22 11:02:06,www.foot01.com
2014-03-22 11:02:06,static.ak.facebook.com
2014-03-22 11:02:06,www.facebook.com
2014-03-22 11:02:07,foot01.disqus.com
2014-03-22 11:02:07,go.disqus.com
2014-03-22 11:02:08,disqus.com
2014-03-22 11:02:09,disqus.com
2014-03-22 11:02:09,twitter.com
2014-03-22 11:02:10,www.lemeilleurdupsg.com
2014-03-22 11:02:11,eulerian.canal-plus.com
2014-03-22 11:02:14,www.lemeilleurdupsg.com
2014-03-22 11:02:15,eulerian.canal-plus.com
2014-03-22 11:02:20,halc.iadvize.com
2014-03-22 11:02:40,www.leparisien.fr
2014-03-22 11:03:03,www.foot01.com
2014-03-22 11:03:04,www.foot01.com
2014-03-22 11:03:20,halc.iadvize.com
2014-03-22 11:04:03,www.foot01.com
2014-03-22 11:04:04,www.foot01.com
2014-03-22 11:04:08,www.lemeilleurdupsg.com
2014-03-22 11:04:09,eulerian.canal-plus.com
2014-03-22 11:04:20,halc.iadvize.com
2014-03-22 11:04:33,www.foot01.com
2014-03-22 11:04:39,www.lemeilleurdupsg.com
2014-03-22 11:04:40,eulerian.canal-plus.com
2014-03-22 11:04:40,www.leparisien.fr
2014-03-22 11:05:03,www.foot01.com
2014-03-22 11:05:04,www.foot01.com
2014-03-22 11:05:20,halc.iadvize.com
2014-03-22 11:05:25,www.foot01.com
2014-03-22 11:05:25,static.foot01.com
2014-03-22 11:05:26,static.foot01.com
2014-03-22 11:05:26,www.foot01.com
2014-03-22 11:05:26,apis.google.com
2014-03-22 11:05:27,apis.google.com
2014-03-22 11:05:27,static.foot01.com
2014-03-22 11:05:27,www.foot01.com
2014-03-22 11:05:27,www.facebook.com
2014-03-22 11:05:27,accounts.google.com
2014-03-22 11:05:28,www.foot01.com
2014-03-22 11:05:28,static.foot01.com
2014-03-22 11:05:28,apis.google.com
2014-03-22 11:05:29,static.foot01.com
2014-03-22 11:05:29,platform.twitter.com
2014-03-22 11:05:29,nb-commons.storage.googleapis.com
2014-03-22 11:05:29,connect.facebook.net
2014-03-22 11:05:29,apis.google.com
2014-03-22 11:05:29,eulerian.canal-plus.com
2014-03-22 11:05:30,www.facebook.com
2014-03-22 11:05:30,www.foot01.com
2014-03-22 11:05:30,s-static.ak.facebook.com
2014-03-22 11:05:30,static.ak.facebook.com
2014-03-22 11:05:32,foot01.disqus.com
2014-03-22 11:05:32,go.disqus.com
2014-03-22 11:05:33,disqus.com
2014-03-22 11:05:34,twitter.com
2014-03-22 11:05:34,disqus.com
2014-03-22 11:06:14,clients1.google.com
2014-03-22 11:06:15,img.youtube.com
2014-03-22 11:06:15,www.google.com
2014-03-22 11:06:15,clients1.google.com
2014-03-22 11:06:18,www.lemeilleurdupsg.com
2014-03-22 11:06:19,eulerian.canal-plus.com
2014-03-22 11:06:20,halc.iadvize.com
2014-03-22 11:06:26,img.youtube.com
2014-03-22 11:06:27,www.foot01.com
2014-03-22 11:06:34,www.google.com
2014-03-22 11:06:35,bits.wikimedia.org
2014-03-22 11:06:35,login.wikimedia.org
2014-03-22 11:06:35,www.google.com
2014-03-22 11:06:35,fr.wikipedia.org
2014-03-22 11:06:36,code.jquery.com
2014-03-22 11:06:36,api.adyoulike.com
2014-03-22 11:06:36,bits.wikimedia.org
2014-03-22 11:06:36,fr.wikipedia.org
2014-03-22 11:06:36,ajax.googleapis.com
2014-03-22 11:06:36,www.madeinfoot.com
2014-03-22 11:06:36,www.google.com
2014-03-22 11:06:36,clients1.google.com
2014-03-22 11:06:36,img.youtube.com
2014-03-22 11:06:36,meta.wikimedia.org
2014-03-22 11:06:36,www.madeinparisiens.com
2014-03-22 11:06:37,www.madeinparisiens.com
2014-03-22 11:06:37,meta.wikimedia.org
2014-03-22 11:06:37,bits.wikimedia.org
2014-03-22 11:06:38,www.madeinparisiens.com
2014-03-22 11:06:38,bits.wikimedia.org
2014-03-22 11:06:38,photos.madeinparisiens.com
2014-03-22 11:06:39,photos.madeinparisiens.com
2014-03-22 11:06:39,fr.wikipedia.org
2014-03-22 11:06:39,static.eplayer.performgroup.com
2014-03-22 11:06:39,www.madeinparisiens.com
2014-03-22 11:06:40,images.orangepublicite.fr
2014-03-22 11:06:40,photos.madeinparisiens.com
2014-03-22 11:06:40,images.eplayer.performgroup.com
2014-03-22 11:06:40,images.performgroup.com
2014-03-22 11:06:41,www.madeinfoot.com
2014-03-22 11:06:41,www.leparisien.fr
2014-03-22 11:06:41,www.madeinparisiens.com
2014-03-22 11:06:42,www.madeinfoot.com
2014-03-22 11:06:43,www.madeinparisiens.com
2014-03-22 11:06:44,www.madeinparisiens.com
2014-03-22 11:06:49,static.eplayer.performgroup.com
2014-03-22 11:06:49,code.jquery.com
2014-03-22 11:06:50,www.madeinparisiens.com
2014-03-22 11:06:51,www.madeinparisiens.com
2014-03-22 11:06:51,choices.truste.com
2014-03-22 11:06:52,static.eplayer.performgroup.com
2014-03-22 11:06:53,choices.truste.com
2014-03-22 11:07:23,www.lemeilleurdupsg.com
2014-03-22 11:07:24,eulerian.canal-plus.com
2014-03-22 11:07:27,www.foot01.com
2014-03-22 11:07:29,www.foot01.com
2014-03-22 11:07:57,www.foot01.com
2014-03-22 11:08:11,www.lemeilleurdupsg.com
2014-03-22 11:08:12,eulerian.canal-plus.com
2014-03-22 11:08:22,www.madeinfoot.com
2014-03-22 11:08:22,code.jquery.com
2014-03-22 11:08:22,www.madeinparisiens.com
2014-03-22 11:08:23,images.eplayer.performgroup.com
2014-03-22 11:08:23,photos.madeinparisiens.com
2014-03-22 11:08:23,www.madeinparisiens.com
2014-03-22 11:08:24,www.madeinfoot.com
2014-03-22 11:08:24,choices.truste.com
2014-03-22 11:08:24,photos.madeinparisiens.com
2014-03-22 11:08:24,www.madeinparisiens.com
2014-03-22 11:08:25,ea.numericable.fr
2014-03-22 11:08:25,choices.truste.com
2014-03-22 11:08:25,media.conforama.fr
2014-03-22 11:08:25,www.numericable.biz
2014-03-22 11:08:26,choices.truste.com
2014-03-22 11:08:26,www.numericable.biz
2014-03-22 11:08:27,www.foot01.com
2014-03-22 11:08:28,code.jquery.com
2014-03-22 11:08:29,www.madeinparisiens.com
2014-03-22 11:08:29,www.foot01.com
2014-03-22 11:08:30,choices.truste.com
2014-03-22 11:08:32,choices.truste.com
2014-03-22 11:08:41,www.leparisien.fr
2014-03-22 11:08:49,www.foot01.com
2014-03-22 11:08:49,static.foot01.com
2014-03-22 11:08:50,static.foot01.com
2014-03-22 11:08:51,static.foot01.com
2014-03-22 11:08:51,www.facebook.com
2014-03-22 11:08:51,apis.google.com
2014-03-22 11:08:51,www.foot01.com
2014-03-22 11:08:52,www.foot01.com
2014-03-22 11:08:52,apis.google.com
2014-03-22 11:08:52,accounts.google.com
2014-03-22 11:08:52,static.foot01.com
2014-03-22 11:08:53,nb-commons.storage.googleapis.com
2014-03-22 11:08:53,platform.twitter.com
2014-03-22 11:08:53,apis.google.com
2014-03-22 11:08:53,connect.facebook.net
2014-03-22 11:08:54,static.ak.facebook.com
2014-03-22 11:08:54,s-static.ak.facebook.com
2014-03-22 11:08:54,www.facebook.com
2014-03-22 11:08:55,www.google.com
2014-03-22 11:08:55,www.foot01.com
2014-03-22 11:08:56,platform.twitter.com
2014-03-22 11:08:56,foot01.disqus.com
2014-03-22 11:08:56,www.google.com
2014-03-22 11:08:56,go.disqus.com
2014-03-22 11:08:56,clients1.google.com
2014-03-22 11:08:56,img.youtube.com
2014-03-22 11:08:57,disqus.com
2014-03-22 11:08:59,img.youtube.com
2014-03-22 11:08:59,clients1.google.com
2014-03-22 11:08:59,www.google.com
2014-03-22 11:08:59,www.madeinparisiens.com
2014-03-22 11:08:59,code.jquery.com
2014-03-22 11:08:59,www.madeinfoot.com
2014-03-22 11:09:00,www.madeinparisiens.com
2014-03-22 11:09:00,photos.madeinparisiens.com
2014-03-22 11:09:01,www.madeinparisiens.com
2014-03-22 11:09:01,photos.madeinparisiens.com
2014-03-22 11:09:01,images.eplayer.performgroup.com
2014-03-22 11:09:01,www.madeinfoot.com
2014-03-22 11:09:01,choices.truste.com
2014-03-22 11:09:02,choices.truste.com
2014-03-22 11:09:07,www.lesechos.fr
2014-03-22 11:09:07,code.jquery.com
2014-03-22 11:09:07,www.madeinparisiens.com
2014-03-22 11:09:08,www.madeinparisiens.com
2014-03-22 11:09:09,i3.ytimg.com
2014-03-22 11:09:10,8a8g4fcp8f.s.ad6media.fr
2014-03-22 11:09:17,code.jquery.com
2014-03-22 11:09:18,www.madeinparisiens.com
2014-03-22 11:09:20,8a8g4fcp8f.s.ad6media.fr
2014-03-22 11:09:25,twitter.com
2014-03-22 11:09:51,www.foot01.com
2014-03-22 11:09:53,www.foot01.com
2014-03-22 11:09:56,www.lemeilleurdupsg.com
2014-03-22 11:09:57,eulerian.canal-plus.com
2014-03-22 11:10:00,www.lemeilleurdupsg.com
2014-03-22 11:10:01,eulerian.canal-plus.com
2014-03-22 11:10:51,www.foot01.com
2014-03-22 11:10:53,www.foot01.com
2014-03-22 11:11:21,www.foot01.com
2014-03-22 11:11:43,www.lemeilleurdupsg.com
2014-03-22 11:11:45,www.numericable.biz
2014-03-22 11:11:45,ea.numericable.fr
2014-03-22 11:11:51,www.foot01.com
2014-03-22 11:11:53,www.foot01.com
2014-03-22 11:11:55,www.numericable.biz
2014-03-22 11:12:13,www.foot01.com
2014-03-22 11:12:13,static.foot01.com
2014-03-22 11:12:14,www.lemeilleurdupsg.com
2014-03-22 11:12:15,apis.google.com
2014-03-22 11:12:15,static.foot01.com
2014-03-22 11:12:15,eulerian.canal-plus.com
2014-03-22 11:12:15,www.foot01.com
2014-03-22 11:12:16,static.foot01.com
2014-03-22 11:12:16,accounts.google.com
2014-03-22 11:12:16,apis.google.com
2014-03-22 11:12:16,www.foot01.com
2014-03-22 11:12:16,www.facebook.com
2014-03-22 11:12:17,apis.google.com
2014-03-22 11:12:17,nb-commons.storage.googleapis.com
2014-03-22 11:12:17,static.foot01.com
2014-03-22 11:12:18,connect.facebook.net
2014-03-22 11:12:18,platform.twitter.com
2014-03-22 11:12:18,apis.google.com
2014-03-22 11:12:19,www.facebook.com
2014-03-22 11:12:19,static.ak.facebook.com
2014-03-22 11:12:19,s-static.ak.facebook.com
2014-03-22 11:12:19,www.foot01.com
2014-03-22 11:12:20,foot01.disqus.com
2014-03-22 11:12:21,go.disqus.com
2014-03-22 11:12:21,platform.twitter.com
2014-03-22 11:12:21,disqus.com
2014-03-22 11:12:22,disqus.com
2014-03-22 11:12:23,disqus.com
2014-03-22 11:12:23,twitter.com
2014-03-22 11:12:40,www.leparisien.fr
2014-03-22 11:13:16,www.foot01.com
2014-03-22 11:13:17,www.foot01.com
2014-03-22 11:14:16,www.foot01.com
2014-03-22 11:14:17,www.foot01.com
2014-03-22 11:14:21,www.lemeilleurdupsg.com
2014-03-22 11:14:22,eulerian.canal-plus.com
2014-03-22 11:14:41,www.leparisien.fr
2014-03-22 11:14:46,www.foot01.com
2014-03-22 11:14:48,www.lemeilleurdupsg.com
2014-03-22 11:14:49,eulerian.canal-plus.com
2014-03-22 11:15:11,its.tradelab.fr
2014-03-22 11:15:12,s-static.ak.facebook.com
2014-03-22 11:15:12,apis.google.com
2014-03-22 11:15:12,www.leparisien.fr
2014-03-22 11:15:12,connect.facebook.net
2014-03-22 11:15:12,foglio.basilic.io
2014-03-22 11:15:12,platform.twitter.com
2014-03-22 11:15:12,static.ak.facebook.com
2014-03-22 11:15:13,www.leparisien.fr
2014-03-22 11:15:13,www.ultimedia.com
2014-03-22 11:15:13,accounts.google.com
2014-03-22 11:15:13,apis.google.com
2014-03-22 11:15:14,www.ultimedia.com
2014-03-22 11:15:14,www.leparisien.fr
2014-03-22 11:15:14,s3.lprs1.fr
2014-03-22 11:15:14,www.facebook.com
2014-03-22 11:15:15,www.facebook.com
2014-03-22 11:15:15,platform.twitter.com
2014-03-22 11:15:15,www.leparisien.fr
2014-03-22 11:15:16,perpetuo-onl.basilic.io
2014-03-22 11:15:16,www.foot01.com
2014-03-22 11:15:16,its.tradelab.fr
2014-03-22 11:15:16,apis.google.com
2014-03-22 11:15:16,twitter.com
2014-03-22 11:15:17,www.foot01.com
2014-03-22 11:15:18,fastly.bench.cedexis.com
2014-03-22 11:15:18,fastly.bench.cedexis.com.global.prod.fastly.net
2014-03-22 11:15:18,i1-js-14-3-01-10076-295269663-i.init.cedexis-radar.net
2014-03-22 11:15:19,fastly.bench.cedexis.com
2014-03-22 11:15:22,level3.cedexis.com
2014-03-22 11:15:23,probe.cedexis.org
2014-03-22 11:15:23,level3.cedexis.com
2014-03-22 11:15:24,sfr.cedexis.com
2014-03-22 11:15:25,ns315250.ip-37-187-28.eu
2014-03-22 11:15:39,static.foot01.com
2014-03-22 11:15:39,www.foot01.com
2014-03-22 11:15:41,static.foot01.com
2014-03-22 11:15:41,www.foot01.com
2014-03-22 11:15:41,apis.google.com
2014-03-22 11:15:42,www.facebook.com
2014-03-22 11:15:42,static.foot01.com
2014-03-22 11:15:42,www.foot01.com
2014-03-22 11:15:42,apis.google.com
2014-03-22 11:15:43,www.foot01.com
2014-03-22 11:15:43,apis.google.com
2014-03-22 11:15:43,accounts.google.com
2014-03-22 11:15:44,apis.google.com
2014-03-22 11:15:44,platform.twitter.com
2014-03-22 11:15:44,connect.facebook.net
2014-03-22 11:15:44,nb-commons.storage.googleapis.com
2014-03-22 11:15:45,www.foot01.com
2014-03-22 11:15:45,www.facebook.com
2014-03-22 11:15:45,s-static.ak.facebook.com
2014-03-22 11:15:45,static.ak.facebook.com
2014-03-22 11:15:47,foot01.disqus.com
2014-03-22 11:15:48,go.disqus.com
2014-03-22 11:15:49,twitter.com
2014-03-22 11:15:49,disqus.com
2014-03-22 11:15:53,www.google.com
2014-03-22 11:15:54,www.linkedin.com
2014-03-22 11:15:54,www.google.com
2014-03-22 11:15:55,clients1.google.com
2014-03-22 11:15:55,www.google.com
2014-03-22 11:15:55,img.youtube.com
2014-03-22 11:16:16,clients1.google.com
2014-03-22 11:16:16,www.google.com
2014-03-22 11:16:17,www.google.com
2014-03-22 11:16:21,img.youtube.com
2014-03-22 11:16:33,www.lemeilleurdupsg.com
2014-03-22 11:16:34,eulerian.canal-plus.com
2014-03-22 11:16:39,fr.wikipedia.org
2014-03-22 11:16:39,bits.wikimedia.org
2014-03-22 11:16:39,img.youtube.com
2014-03-22 11:16:39,clients1.google.com
2014-03-22 11:16:39,www.google.com
2014-03-22 11:16:40,bits.wikimedia.org
2014-03-22 11:16:41,fr.wikipedia.org
2014-03-22 11:16:41,meta.wikimedia.org
2014-03-22 11:16:42,fr.wikipedia.org
2014-03-22 11:16:42,www.foot01.com
2014-03-22 11:16:52,www.lemeilleurdupsg.com
2014-03-22 11:16:53,eulerian.canal-plus.com
2014-03-22 11:17:14,www.leparisien.fr
2014-03-22 11:17:42,www.foot01.com
2014-03-22 11:18:12,www.foot01.com
2014-03-22 11:18:28,www.lemeilleurdupsg.com
2014-03-22 11:18:29,eulerian.canal-plus.com
2014-03-22 11:18:42,www.foot01.com
2014-03-22 11:18:42,www.lemeilleurdupsg.com
2014-03-22 11:18:43,eulerian.canal-plus.com
2014-03-22 11:18:47,platform.twitter.com
2014-03-22 11:19:05,www.foot01.com
2014-03-22 11:19:05,static.foot01.com
2014-03-22 11:19:07,static.foot01.com
2014-03-22 11:19:07,www.foot01.com
2014-03-22 11:19:07,apis.google.com
2014-03-22 11:19:07,accounts.google.com
2014-03-22 11:19:08,www.facebook.com
2014-03-22 11:19:08,static.foot01.com
2014-03-22 11:19:08,apis.google.com
2014-03-22 11:19:09,platform.twitter.com
2014-03-22 11:19:09,connect.facebook.net
2014-03-22 11:19:09,www.foot01.com
2014-03-22 11:19:09,nb-commons.storage.googleapis.com
2014-03-22 11:19:09,apis.google.com
2014-03-22 11:19:10,platform.twitter.com
2014-03-22 11:19:10,s-static.ak.facebook.com
2014-03-22 11:19:10,static.ak.facebook.com
2014-03-22 11:19:10,www.facebook.com
2014-03-22 11:19:11,www.foot01.com
2014-03-22 11:19:12,go.disqus.com
2014-03-22 11:19:12,foot01.disqus.com
2014-03-22 11:19:13,disqus.com
2014-03-22 11:19:14,disqus.com
2014-03-22 11:19:40,twitter.com
2014-03-22 11:20:08,www.foot01.com
2014-03-22 11:20:24,www.lemeilleurdupsg.com
2014-03-22 11:20:25,eulerian.canal-plus.com
2014-03-22 11:20:27,its.tradelab.fr
2014-03-22 11:20:40,www.lemeilleurdupsg.com
2014-03-22 11:20:41,eulerian.canal-plus.com
2014-03-22 11:21:08,www.foot01.com
2014-03-22 11:21:38,www.foot01.com
2014-03-22 11:22:08,www.foot01.com
2014-03-22 11:22:09,www.foot01.com
2014-03-22 11:22:30,www.foot01.com
2014-03-22 11:22:30,static.foot01.com
2014-03-22 11:22:32,www.foot01.com
2014-03-22 11:22:32,static.foot01.com
2014-03-22 11:22:32,apis.google.com
2014-03-22 11:22:33,www.facebook.com
2014-03-22 11:22:33,www.foot01.com
2014-03-22 11:22:33,static.foot01.com
2014-03-22 11:22:33,apis.google.com
2014-03-22 11:22:33,accounts.google.com
2014-03-22 11:22:34,nb-commons.storage.googleapis.com
2014-03-22 11:22:34,apis.google.com
2014-03-22 11:22:35,connect.facebook.net
2014-03-22 11:22:35,platform.twitter.com
2014-03-22 11:22:36,s-static.ak.facebook.com
2014-03-22 11:22:36,static.ak.facebook.com
2014-03-22 11:22:36,www.facebook.com
2014-03-22 11:22:36,www.foot01.com
2014-03-22 11:22:37,foot01.disqus.com
2014-03-22 11:22:37,www.lemeilleurdupsg.com
2014-03-22 11:22:38,eulerian.canal-plus.com
2014-03-22 11:22:38,platform.twitter.com
2014-03-22 11:22:38,disqus.com
2014-03-22 11:22:38,go.disqus.com
2014-03-22 11:22:39,disqus.com
2014-03-22 11:22:48,www.lemeilleurdupsg.com
2014-03-22 11:22:49,eulerian.canal-plus.com
2014-03-22 11:23:06,twitter.com
2014-03-22 11:23:33,www.foot01.com
2014-03-22 11:23:34,www.foot01.com
2014-03-22 11:24:29,www.lemeilleurdupsg.com
2014-03-22 11:24:31,eulerian.canal-plus.com
2014-03-22 11:24:33,www.foot01.com
2014-03-22 11:24:34,www.foot01.com
2014-03-22 11:24:50,www.lemeilleurdupsg.com
2014-03-22 11:24:51,eulerian.canal-plus.com
2014-03-22 11:25:03,www.foot01.com
2014-03-22 11:25:33,www.foot01.com
2014-03-22 11:25:34,www.foot01.com
2014-03-22 11:25:54,static.foot01.com
2014-03-22 11:25:54,www.foot01.com
2014-03-22 11:25:56,www.foot01.com
2014-03-22 11:25:56,static.foot01.com
2014-03-22 11:25:57,www.foot01.com
2014-03-22 11:25:57,apis.google.com
2014-03-22 11:25:57,static.foot01.com
2014-03-22 11:25:58,static.foot01.com
2014-03-22 11:25:58,accounts.google.com
2014-03-22 11:25:58,apis.google.com
2014-03-22 11:25:58,www.facebook.com
2014-03-22 11:25:59,nb-commons.storage.googleapis.com
2014-03-22 11:25:59,connect.facebook.net
2014-03-22 11:25:59,platform.twitter.com
2014-03-22 11:25:59,apis.google.com
2014-03-22 11:26:00,s-static.ak.facebook.com
2014-03-22 11:26:00,www.facebook.com
2014-03-22 11:26:00,www.foot01.com
2014-03-22 11:26:00,static.ak.facebook.com
2014-03-22 11:26:02,platform.twitter.com
2014-03-22 11:26:02,go.disqus.com
2014-03-22 11:26:02,foot01.disqus.com
2014-03-22 11:26:03,disqus.com
2014-03-22 11:26:04,twitter.com
2014-03-22 11:26:04,disqus.com
2014-03-22 11:26:31,www.lemeilleurdupsg.com
2014-03-22 11:26:32,eulerian.canal-plus.com
2014-03-22 11:26:49,www.lemeilleurdupsg.com
2014-03-22 11:26:49,retargeting.veoxa.com
2014-03-22 11:26:50,ea.numericable.fr
2014-03-22 11:26:50,mfr.meteofrance.com
2014-03-22 11:26:58,www.foot01.com
2014-03-22 11:26:59,www.foot01.com
2014-03-22 11:27:00,www.numericable.biz
2014-03-22 11:27:58,www.foot01.com
2014-03-22 11:27:59,www.foot01.com
2014-03-22 11:28:17,www.lemeilleurdupsg.com
2014-03-22 11:28:18,eulerian.canal-plus.com
2014-03-22 11:28:27,www.foot01.com
2014-03-22 11:28:58,www.foot01.com
2014-03-22 11:28:59,www.foot01.com
2014-03-22 11:29:19,www.foot01.com
2014-03-22 11:29:19,static.foot01.com
2014-03-22 11:29:21,static.foot01.com
2014-03-22 11:29:21,www.foot01.com
2014-03-22 11:29:21,apis.google.com
2014-03-22 11:29:22,accounts.google.com
2014-03-22 11:29:22,apis.google.com
2014-03-22 11:29:22,www.foot01.com
2014-03-22 11:29:22,static.foot01.com
2014-03-22 11:29:22,www.facebook.com
2014-03-22 11:29:23,apis.google.com
2014-03-22 11:29:23,nb-commons.storage.googleapis.com
2014-03-22 11:29:24,connect.facebook.net
2014-03-22 11:29:24,platform.twitter.com
2014-03-22 11:29:25,www.facebook.com
2014-03-22 11:29:25,s-static.ak.facebook.com
2014-03-22 11:29:25,www.foot01.com
2014-03-22 11:29:25,static.ak.facebook.com
2014-03-22 11:29:26,go.disqus.com
2014-03-22 11:29:26,foot01.disqus.com
2014-03-22 11:29:27,platform.twitter.com
2014-03-22 11:29:27,disqus.com
2014-03-22 11:29:28,disqus.com
2014-03-22 11:29:47,www.lemeilleurdupsg.com
2014-03-22 11:29:48,eulerian.canal-plus.com
2014-03-22 11:29:55,twitter.com
2014-03-22 11:30:11,www.lemeilleurdupsg.com
2014-03-22 11:30:12,eulerian.canal-plus.com
2014-03-22 11:30:22,www.foot01.com
2014-03-22 11:30:23,www.foot01.com
2014-03-22 11:31:22,www.foot01.com
2014-03-22 11:31:23,www.foot01.com
2014-03-22 11:31:52,www.foot01.com
2014-03-22 11:32:22,www.foot01.com
2014-03-22 11:32:23,www.foot01.com
2014-03-22 11:32:28,www.lemeilleurdupsg.com
2014-03-22 11:32:29,eulerian.canal-plus.com
2014-03-22 11:32:30,www.lemeilleurdupsg.com
2014-03-22 11:32:31,ea.numericable.fr
2014-03-22 11:32:41,www.numericable.biz
2014-03-22 11:32:43,www.foot01.com
2014-03-22 11:32:43,static.foot01.com
2014-03-22 11:32:45,static.foot01.com
2014-03-22 11:32:46,apis.google.com
2014-03-22 11:32:46,static.foot01.com
2014-03-22 11:32:46,www.facebook.com
2014-03-22 11:32:46,www.foot01.com
2014-03-22 11:32:47,www.foot01.com
2014-03-22 11:32:47,static.foot01.com
2014-03-22 11:32:47,apis.google.com
2014-03-22 11:32:47,accounts.google.com
2014-03-22 11:32:48,platform.twitter.com
2014-03-22 11:32:48,apis.google.com
2014-03-22 11:32:48,connect.facebook.net
2014-03-22 11:32:48,nb-commons.storage.googleapis.com
2014-03-22 11:32:49,www.facebook.com
2014-03-22 11:32:49,s-static.ak.facebook.com
2014-03-22 11:32:49,static.ak.facebook.com
2014-03-22 11:32:49,www.foot01.com
2014-03-22 11:32:51,foot01.disqus.com
2014-03-22 11:32:51,go.disqus.com
2014-03-22 11:32:51,platform.twitter.com
2014-03-22 11:32:52,disqus.com
2014-03-22 11:32:53,disqus.com
2014-03-22 11:32:53,twitter.com
2014-03-22 11:33:46,www.foot01.com
2014-03-22 11:33:48,www.foot01.com
2014-03-22 11:34:39,www.lemeilleurdupsg.com
2014-03-22 11:34:40,www.lemeilleurdupsg.com
2014-03-22 11:34:40,eulerian.canal-plus.com
2014-03-22 11:34:41,eulerian.canal-plus.com
2014-03-22 11:34:46,www.foot01.com
2014-03-22 11:34:48,www.foot01.com
2014-03-22 11:35:16,www.foot01.com
2014-03-22 11:35:46,www.foot01.com
2014-03-22 11:35:48,www.foot01.com
2014-03-22 11:36:08,www.foot01.com
2014-03-22 11:36:08,static.foot01.com
2014-03-22 11:36:10,static.foot01.com
2014-03-22 11:36:10,www.foot01.com
2014-03-22 11:36:10,apis.google.com
2014-03-22 11:36:11,www.foot01.com
2014-03-22 11:36:11,static.foot01.com
2014-03-22 11:36:11,apis.google.com
2014-03-22 11:36:11,www.facebook.com
2014-03-22 11:36:12,connect.facebook.net
2014-03-22 11:36:12,accounts.google.com
2014-03-22 11:36:12,apis.google.com
2014-03-22 11:36:12,nb-commons.storage.googleapis.com
2014-03-22 11:36:12,www.foot01.com
2014-03-22 11:36:13,platform.twitter.com
2014-03-22 11:36:14,www.foot01.com
2014-03-22 11:36:14,s-static.ak.facebook.com
2014-03-22 11:36:14,static.ak.facebook.com
2014-03-22 11:36:14,www.facebook.com
2014-03-22 11:36:15,platform.twitter.com
2014-03-22 11:36:16,go.disqus.com
2014-03-22 11:36:16,foot01.disqus.com
2014-03-22 11:36:17,disqus.com
2014-03-22 11:36:18,twitter.com
2014-03-22 11:37:06,www.lemeilleurdupsg.com
2014-03-22 11:37:07,eulerian.canal-plus.com
2014-03-22 11:37:08,www.lemeilleurdupsg.com
2014-03-22 11:37:10,ea.numericable.fr
2014-03-22 11:37:10,www.numericable.biz
2014-03-22 11:37:11,www.foot01.com
2014-03-22 11:37:13,www.foot01.com
2014-03-22 11:38:11,www.foot01.com
2014-03-22 11:38:13,www.foot01.com
2014-03-22 11:38:41,www.foot01.com
2014-03-22 11:39:11,www.foot01.com
2014-03-22 11:39:13,www.foot01.com
2014-03-22 11:39:26,www.lemeilleurdupsg.com
2014-03-22 11:39:28,eulerian.canal-plus.com
2014-03-22 11:39:33,www.foot01.com
2014-03-22 11:39:33,static.foot01.com
2014-03-22 11:39:35,static.foot01.com
2014-03-22 11:39:36,www.foot01.com
2014-03-22 11:39:36,static.foot01.com
2014-03-22 11:39:36,apis.google.com
2014-03-22 11:39:36,accounts.google.com
2014-03-22 11:39:37,www.foot01.com
2014-03-22 11:39:37,static.foot01.com
2014-03-22 11:39:37,www.facebook.com
2014-03-22 11:39:37,apis.google.com
2014-03-22 11:39:38,apis.google.com
2014-03-22 11:39:38,nb-commons.storage.googleapis.com
2014-03-22 11:39:39,platform.twitter.com
2014-03-22 11:39:39,connect.facebook.net
2014-03-22 11:39:40,s-static.ak.facebook.com
2014-03-22 11:39:40,www.foot01.com
2014-03-22 11:39:40,www.facebook.com
2014-03-22 11:39:40,static.ak.facebook.com
2014-03-22 11:39:41,go.disqus.com
2014-03-22 11:39:41,foot01.disqus.com
2014-03-22 11:39:42,disqus.com
2014-03-22 11:39:42,platform.twitter.com
2014-03-22 11:39:43,disqus.com
2014-03-22 11:39:43,twitter.com
2014-03-22 11:39:58,www.lemeilleurdupsg.com
2014-03-22 11:39:59,eulerian.canal-plus.com
2014-03-22 11:40:37,www.foot01.com
2014-03-22 11:40:38,www.foot01.com
2014-03-22 11:41:37,www.foot01.com
2014-03-22 11:41:38,www.foot01.com
