timestamp,site
2014-02-21 13:39:59,www.bing.com
2014-02-21 13:40:00,www.bing.com
2014-02-21 13:40:00,cms.abmr.net
2014-02-21 13:40:01,login.live.com
2014-02-21 13:40:01,www.bing.com
2014-02-21 13:40:27,player.vimeo.com
2014-02-21 13:41:45,office14client.microsoft.com
2014-02-21 13:41:46,office.microsoft.com
2014-02-21 13:41:47,office.microsoft.com
2014-02-21 13:43:09,www.bing.com
2014-02-21 13:43:10,www.bing.com
2014-02-21 13:43:11,www.ncbi.nlm.nih.gov
2014-02-21 13:43:11,static.pubmed.gov
2014-02-21 13:43:11,login.live.com
2014-02-21 13:45:30,blast.ncbi.nlm.nih.gov
2014-02-21 13:45:30,www.ncbi.nlm.nih.gov
2014-02-21 13:45:31,www.ncbi.nlm.nih.gov
2014-02-21 13:45:31,blast.ncbi.nlm.nih.gov
2014-02-21 13:45:34,blast.ncbi.nlm.nih.gov
2014-02-21 13:45:34,www.ncbi.nlm.nih.gov
2014-02-21 13:45:35,blast.ncbi.nlm.nih.gov
2014-02-21 13:45:35,www.ncbi.nlm.nih.gov
2014-02-21 13:45:36,blast.ncbi.nlm.nih.gov
2014-02-21 13:49:56,blast.ncbi.nlm.nih.gov
2014-02-21 13:50:01,blast.ncbi.nlm.nih.gov
2014-02-21 13:50:05,blast.ncbi.nlm.nih.gov
2014-02-21 13:50:07,www.ncbi.nlm.nih.gov
2014-02-21 13:50:07,blast.ncbi.nlm.nih.gov
2014-02-21 13:50:08,blast.ncbi.nlm.nih.gov
2014-02-21 13:50:09,blast.ncbi.nlm.nih.gov
2014-02-21 13:50:09,www.ncbi.nlm.nih.gov
2014-02-21 13:50:10,blast.ncbi.nlm.nih.gov
2014-02-21 13:55:02,blast.ncbi.nlm.nih.gov
2014-02-21 14:02:33,blast.ncbi.nlm.nih.gov
2014-02-21 14:04:16,blast.ncbi.nlm.nih.gov
2014-02-21 14:04:38,blast.ncbi.nlm.nih.gov
2014-02-21 14:07:46,ieonline.microsoft.com
2014-02-21 14:22:04,blast.ncbi.nlm.nih.gov
2014-02-21 14:27:53,blast.ncbi.nlm.nih.gov
2014-02-21 14:27:54,static.pubmed.gov
2014-02-21 14:27:54,www.ncbi.nlm.nih.gov
2014-02-21 14:27:55,www.ncbi.nlm.nih.gov
2014-02-21 14:27:56,static.pubmed.gov
2014-02-21 14:43:22,www.ncbi.nlm.nih.gov
2014-02-21 14:43:50,blast.ncbi.nlm.nih.gov
2014-02-21 14:43:52,blast.ncbi.nlm.nih.gov
2014-02-21 14:43:53,www.ncbi.nlm.nih.gov
2014-02-21 14:43:54,blast.ncbi.nlm.nih.gov
2014-02-21 14:43:56,www.ncbi.nlm.nih.gov
2014-02-21 14:43:57,blast.ncbi.nlm.nih.gov
2014-02-21 14:43:59,www.ncbi.nlm.nih.gov
2014-02-21 14:43:59,blast.ncbi.nlm.nih.gov
2014-02-21 14:44:01,www.ncbi.nlm.nih.gov
2014-02-21 14:44:02,blast.ncbi.nlm.nih.gov
2014-02-21 14:44:04,www.ncbi.nlm.nih.gov
2014-02-21 14:44:04,blast.ncbi.nlm.nih.gov
2014-02-21 14:44:06,www.ncbi.nlm.nih.gov
2014-02-21 14:44:07,blast.ncbi.nlm.nih.gov
2014-02-21 14:44:10,www.ncbi.nlm.nih.gov
2014-02-21 14:44:12,blast.ncbi.nlm.nih.gov
2014-02-21 14:44:13,blast.ncbi.nlm.nih.gov
2014-02-21 14:44:15,www.ncbi.nlm.nih.gov
2014-02-21 14:44:15,blast.ncbi.nlm.nih.gov
2014-02-21 14:44:16,blast.ncbi.nlm.nih.gov
2014-02-21 14:44:49,blast.ncbi.nlm.nih.gov
2014-02-21 14:47:37,blast.ncbi.nlm.nih.gov
2014-02-21 14:48:07,blast.ncbi.nlm.nih.gov
2014-02-21 14:53:45,blast.ncbi.nlm.nih.gov
2014-02-21 14:53:56,www.ncbi.nlm.nih.gov
2014-02-21 14:53:56,static.pubmed.gov
2014-02-21 15:06:30,blast.ncbi.nlm.nih.gov
2014-02-21 15:06:36,blast.ncbi.nlm.nih.gov
2014-02-21 15:06:36,www.ncbi.nlm.nih.gov
2014-02-21 15:06:47,www.ncbi.nlm.nih.gov
2014-02-21 15:10:57,www.ncbi.nlm.nih.gov
2014-02-21 15:12:18,blast.ncbi.nlm.nih.gov
2014-02-21 15:12:19,blast.ncbi.nlm.nih.gov
2014-02-21 15:12:21,blast.ncbi.nlm.nih.gov
2014-02-21 15:12:22,blast.ncbi.nlm.nih.gov
2014-02-21 15:16:12,blast.ncbi.nlm.nih.gov
2014-02-25 08:13:19,www.bing.com
2014-02-25 08:13:24,go.microsoft.com
2014-02-25 08:13:24,www.iegallery.com
2014-02-25 08:13:25,www.iegallery.com
2014-02-25 08:13:26,www.iegallery.com
2014-02-25 08:13:27,www.iegallery.com
2014-02-25 08:15:04,www.bing.com
2014-02-25 08:15:05,www.bing.com
2014-02-25 08:15:09,login.live.com
2014-02-25 08:15:09,www.bing.com
2014-02-25 08:16:53,www.bing.com
2014-02-25 08:16:54,cms.abmr.net
2014-02-25 08:16:54,www.bing.com
2014-02-25 08:16:55,login.live.com
2014-02-25 08:16:56,www.bing.com
2014-02-25 08:16:56,ssl.bing.com
2014-02-25 08:16:57,static.pubmed.gov
2014-02-25 08:16:57,www.ncbi.nlm.nih.gov
2014-02-25 08:16:57,ssl.bing.com
2014-02-25 08:16:58,www.ncbi.nlm.nih.gov
2014-02-25 08:17:02,www.ncbi.nlm.nih.gov
2014-02-25 08:17:02,blast.ncbi.nlm.nih.gov
2014-02-25 08:17:03,www.ncbi.nlm.nih.gov
2014-02-25 08:17:03,blast.ncbi.nlm.nih.gov
2014-02-25 08:17:04,blast.ncbi.nlm.nih.gov
2014-02-25 08:17:10,blast.ncbi.nlm.nih.gov
2014-02-25 08:17:10,www.ncbi.nlm.nih.gov
2014-02-25 08:17:11,blast.ncbi.nlm.nih.gov
2014-02-25 08:17:12,blast.ncbi.nlm.nih.gov
2014-02-25 08:17:13,www.ncbi.nlm.nih.gov
2014-02-25 08:17:32,blast.ncbi.nlm.nih.gov
2014-02-25 08:17:33,blast.ncbi.nlm.nih.gov
2014-02-25 08:17:38,blast.ncbi.nlm.nih.gov
2014-02-25 08:17:39,blast.ncbi.nlm.nih.gov
2014-02-25 08:17:40,blast.ncbi.nlm.nih.gov
2014-02-25 08:17:43,www.ncbi.nlm.nih.gov
2014-02-25 08:17:43,blast.ncbi.nlm.nih.gov
2014-02-25 08:17:45,www.ncbi.nlm.nih.gov
2014-02-25 08:17:46,blast.ncbi.nlm.nih.gov
2014-02-25 08:17:48,blast.ncbi.nlm.nih.gov
2014-02-25 08:17:51,blast.ncbi.nlm.nih.gov
2014-02-25 08:17:58,blast.ncbi.nlm.nih.gov
2014-02-25 08:17:58,www.ncbi.nlm.nih.gov
2014-02-25 08:17:59,blast.ncbi.nlm.nih.gov
2014-02-25 08:18:00,blast.ncbi.nlm.nih.gov
2014-02-25 08:18:01,blast.ncbi.nlm.nih.gov
2014-02-25 08:18:34,player.vimeo.com
2014-02-25 08:20:41,blast.ncbi.nlm.nih.gov
2014-02-25 08:20:43,blast.ncbi.nlm.nih.gov
2014-02-25 08:20:45,blast.ncbi.nlm.nih.gov
2014-02-25 08:20:46,blast.ncbi.nlm.nih.gov
2014-02-25 08:29:42,blast.ncbi.nlm.nih.gov
2014-02-25 08:29:55,blast.ncbi.nlm.nih.gov
2014-02-25 08:29:56,blast.ncbi.nlm.nih.gov
2014-02-25 08:29:56,www.ncbi.nlm.nih.gov
2014-02-25 08:29:57,www.ncbi.nlm.nih.gov
2014-02-25 08:29:58,static.pubmed.gov
2014-02-25 08:29:58,www.ncbi.nlm.nih.gov
2014-02-25 08:29:59,www.ncbi.nlm.nih.gov
2014-02-25 08:29:59,static.pubmed.gov
2014-02-25 08:30:00,www.ncbi.nlm.nih.gov
2014-02-25 08:30:02,static.pubmed.gov
2014-02-25 08:31:13,static.pubmed.gov
2014-02-25 08:31:13,www.ncbi.nlm.nih.gov
2014-02-25 08:31:17,www.ncbi.nlm.nih.gov
2014-02-25 08:31:19,www.ncbi.nlm.nih.gov
2014-02-25 08:31:23,www.ncbi.nlm.nih.gov
2014-02-25 08:31:23,static.pubmed.gov
2014-02-25 08:31:24,static.pubmed.gov
2014-02-25 08:31:24,www.ncbi.nlm.nih.gov
2014-02-25 08:31:25,www.ncbi.nlm.nih.gov
2014-02-25 08:34:12,static.pubmed.gov
2014-02-25 08:34:43,blast.ncbi.nlm.nih.gov
2014-02-25 08:34:49,blast.ncbi.nlm.nih.gov
2014-02-25 08:34:53,blast.ncbi.nlm.nih.gov
2014-02-25 08:34:54,blast.ncbi.nlm.nih.gov
2014-02-25 08:34:55,blast.ncbi.nlm.nih.gov
2014-02-25 08:34:57,www.ncbi.nlm.nih.gov
2014-02-25 08:34:58,blast.ncbi.nlm.nih.gov
2014-02-25 08:35:00,blast.ncbi.nlm.nih.gov
2014-02-25 08:35:03,blast.ncbi.nlm.nih.gov
2014-02-25 08:35:05,blast.ncbi.nlm.nih.gov
2014-02-25 08:35:13,blast.ncbi.nlm.nih.gov
2014-02-25 08:35:25,blast.ncbi.nlm.nih.gov
2014-02-25 08:35:26,blast.ncbi.nlm.nih.gov
2014-02-25 08:35:27,blast.ncbi.nlm.nih.gov
2014-02-25 08:35:29,blast.ncbi.nlm.nih.gov
2014-02-25 08:35:30,blast.ncbi.nlm.nih.gov
2014-02-25 08:35:56,www.ncbi.nlm.nih.gov
2014-02-25 08:35:59,blast.ncbi.nlm.nih.gov
2014-02-25 08:36:00,blast.ncbi.nlm.nih.gov
2014-02-25 08:36:01,blast.ncbi.nlm.nih.gov
2014-02-25 08:36:03,blast.ncbi.nlm.nih.gov
2014-02-25 08:36:07,blast.ncbi.nlm.nih.gov
2014-02-25 08:36:08,blast.ncbi.nlm.nih.gov
2014-02-25 08:36:09,www.ncbi.nlm.nih.gov
2014-02-25 08:36:10,www.ncbi.nlm.nih.gov
2014-02-25 08:36:18,www.ncbi.nlm.nih.gov
2014-02-25 08:36:28,blast.ncbi.nlm.nih.gov
2014-02-25 08:36:28,www.ncbi.nlm.nih.gov
2014-02-25 08:36:30,www.ncbi.nlm.nih.gov
2014-02-25 08:36:37,blast.ncbi.nlm.nih.gov
2014-02-25 08:36:37,www.ncbi.nlm.nih.gov
2014-02-25 08:36:39,www.ncbi.nlm.nih.gov
2014-02-25 08:36:57,blast.ncbi.nlm.nih.gov
2014-02-25 08:36:58,blast.ncbi.nlm.nih.gov
2014-02-25 08:36:59,blast.ncbi.nlm.nih.gov
2014-02-25 08:37:00,blast.ncbi.nlm.nih.gov
2014-02-25 08:37:01,blast.ncbi.nlm.nih.gov
2014-02-25 08:37:01,www.ncbi.nlm.nih.gov
2014-02-25 08:37:02,blast.ncbi.nlm.nih.gov
2014-02-25 08:37:06,www.ncbi.nlm.nih.gov
2014-02-25 08:37:06,blast.ncbi.nlm.nih.gov
2014-02-25 08:37:08,www.ncbi.nlm.nih.gov
2014-02-25 08:37:19,blast.ncbi.nlm.nih.gov
2014-02-25 08:37:22,blast.ncbi.nlm.nih.gov
2014-02-25 08:37:24,blast.ncbi.nlm.nih.gov
2014-02-25 08:37:26,www.ncbi.nlm.nih.gov
2014-02-25 08:37:27,blast.ncbi.nlm.nih.gov
2014-02-25 08:37:28,www.ncbi.nlm.nih.gov
2014-02-25 08:37:29,blast.ncbi.nlm.nih.gov
2014-02-25 08:37:32,blast.ncbi.nlm.nih.gov
2014-02-25 08:37:34,blast.ncbi.nlm.nih.gov
2014-02-25 08:37:41,blast.ncbi.nlm.nih.gov
2014-02-25 08:37:51,blast.ncbi.nlm.nih.gov
2014-02-25 08:37:51,www.ncbi.nlm.nih.gov
2014-02-25 08:37:53,www.ncbi.nlm.nih.gov
2014-02-25 08:37:54,blast.ncbi.nlm.nih.gov
2014-02-25 08:37:55,blast.ncbi.nlm.nih.gov
2014-02-25 08:37:56,blast.ncbi.nlm.nih.gov
2014-02-25 08:37:56,www.ncbi.nlm.nih.gov
2014-02-25 08:37:57,blast.ncbi.nlm.nih.gov
2014-02-25 08:37:58,blast.ncbi.nlm.nih.gov
2014-02-25 08:37:59,blast.ncbi.nlm.nih.gov
2014-02-25 08:38:00,www.ncbi.nlm.nih.gov
2014-02-25 08:38:02,www.ncbi.nlm.nih.gov
2014-02-25 08:38:03,www.ncbi.nlm.nih.gov
2014-02-25 08:39:46,www.ncbi.nlm.nih.gov
2014-02-25 08:39:51,www.ncbi.nlm.nih.gov
2014-02-25 08:39:52,www.ncbi.nlm.nih.gov
2014-02-25 08:39:52,static.pubmed.gov
2014-02-25 08:39:53,www.ncbi.nlm.nih.gov
2014-02-25 08:39:53,static.pubmed.gov
2014-02-25 08:39:54,static.pubmed.gov
2014-02-25 08:39:54,www.ncbi.nlm.nih.gov
2014-02-25 08:40:01,www.ncbi.nlm.nih.gov
2014-02-25 08:40:02,www.ncbi.nlm.nih.gov
2014-02-25 08:40:28,www.ncbi.nlm.nih.gov
2014-02-25 08:40:33,www.ncbi.nlm.nih.gov
2014-02-25 08:40:34,www.ncbi.nlm.nih.gov
2014-02-25 08:40:35,www.ncbi.nlm.nih.gov
2014-02-25 08:40:36,www.ncbi.nlm.nih.gov
2014-02-25 08:41:15,www.ncbi.nlm.nih.gov
2014-02-25 08:41:20,www.ncbi.nlm.nih.gov
2014-02-25 08:41:21,www.ncbi.nlm.nih.gov
2014-02-25 08:41:23,www.ncbi.nlm.nih.gov
2014-02-25 08:41:42,www.ncbi.nlm.nih.gov
2014-02-25 08:41:56,www.ncbi.nlm.nih.gov
2014-02-25 08:43:03,www.ncbi.nlm.nih.gov
2014-02-25 08:43:04,www.ncbi.nlm.nih.gov
2014-02-25 08:43:06,www.ncbi.nlm.nih.gov
2014-02-25 08:43:11,www.ncbi.nlm.nih.gov
2014-02-25 08:43:12,www.ncbi.nlm.nih.gov
2014-02-25 08:46:24,blast.ncbi.nlm.nih.gov
2014-02-25 08:46:33,blast.ncbi.nlm.nih.gov
2014-02-25 08:46:51,www.bing.com
2014-02-25 08:46:52,www.bing.com
2014-02-25 08:46:54,www.bing.com
2014-02-25 08:46:54,ssl.bing.com
2014-02-25 08:46:54,login.live.com
2014-02-25 08:46:55,www.bing.com
2014-02-25 08:46:55,www.phylogeny.fr
2014-02-25 08:46:55,ssl.bing.com
2014-02-25 08:47:21,www.phylogeny.fr
2014-02-25 08:47:33,www.phylogeny.fr
2014-02-25 08:47:41,www.phylogeny.fr
2014-02-25 08:47:46,www.phylogeny.fr
2014-02-25 08:48:38,www.phylogeny.fr
2014-02-25 08:48:46,www.phylogeny.fr
2014-02-25 08:48:50,www.phylogeny.fr
2014-02-25 08:48:53,www.phylogeny.fr
2014-02-25 08:48:57,www.phylogeny.fr
2014-02-25 08:49:09,www.phylogeny.fr
2014-02-25 08:49:10,www.phylogeny.fr
2014-02-25 08:49:11,www.phylogeny.fr
2014-02-25 08:49:43,www.phylogeny.fr
2014-02-25 08:49:56,www.phylogeny.fr
2014-02-25 08:49:57,www.phylogeny.fr
2014-02-25 08:50:08,www.phylogeny.fr
2014-02-25 08:50:30,www.phylogeny.fr
2014-02-25 08:50:36,www.phylogeny.fr
2014-02-25 08:50:41,www.phylogeny.fr
2014-02-25 08:50:47,www.phylogeny.fr
2014-02-25 08:50:57,www.phylogeny.fr
2014-02-25 08:51:05,www.phylogeny.fr
2014-02-25 08:51:09,www.phylogeny.fr
2014-02-25 08:51:16,www.phylogeny.fr
2014-02-25 08:51:17,www.phylogeny.fr
2014-02-25 08:51:19,www.phylogeny.fr
2014-02-25 08:53:18,www.phylogeny.fr
2014-02-25 08:54:20,www.phylogeny.fr
2014-02-25 08:55:45,www.phylogeny.fr
2014-02-25 08:56:20,office14client.microsoft.com
2014-02-25 08:56:21,office.microsoft.com
2014-02-25 08:59:32,www.bing.com
2014-02-25 08:59:34,www.bionj.org
2014-02-25 08:59:34,www.bing.com
2014-02-25 08:59:34,login.live.com
2014-02-25 08:59:35,ajax.googleapis.com
2014-02-25 08:59:35,www.bionj.org
2014-02-25 08:59:36,www.bionj.org
2014-02-25 08:59:37,www.bionj.org
2014-02-25 08:59:38,www.bionj.org
2014-02-25 08:59:38,s.gravatar.com
2014-02-25 08:59:38,s0.wp.com
2014-02-25 08:59:39,www.bionj.org
2014-02-25 08:59:40,s.gravatar.com
2014-02-25 09:01:53,www.phylogeny.fr
2014-02-25 09:01:54,www.phylogeny.fr
2014-02-25 09:04:01,www.phylogeny.fr
2014-02-25 09:04:09,www.phylogeny.fr
2014-02-25 09:04:10,www.phylogeny.fr
2014-02-25 09:04:11,www.phylogeny.fr
2014-02-25 09:08:52,www.phylogeny.fr
2014-02-25 09:08:55,www.bionj.org
2014-02-25 09:10:37,www.phylogeny.fr
2014-02-25 09:10:50,www.phylogeny.fr
2014-02-25 09:11:05,www.phylogeny.fr
2014-02-25 09:11:23,www.phylogeny.fr
2014-02-25 09:11:26,www.phylogeny.fr
2014-02-25 09:11:29,www.phylogeny.fr
2014-02-25 09:11:31,www.phylogeny.fr
2014-02-25 09:11:34,www.phylogeny.fr
2014-02-25 09:11:37,www.phylogeny.fr
2014-02-25 09:11:40,www.phylogeny.fr
2014-02-25 09:11:42,www.phylogeny.fr
2014-02-25 09:11:46,www.phylogeny.fr
2014-02-25 09:11:49,www.phylogeny.fr
2014-02-25 09:11:52,www.phylogeny.fr
2014-02-25 09:11:55,www.phylogeny.fr
2014-02-25 09:12:06,www.phylogeny.fr
2014-02-25 09:12:07,www.phylogeny.fr
2014-02-25 09:12:46,www.phylogeny.fr
2014-02-25 09:13:02,www.phylogeny.fr
2014-02-25 09:13:15,www.phylogeny.fr
2014-02-25 09:13:16,www.phylogeny.fr
2014-02-25 09:13:53,www.phylogeny.fr
2014-02-25 09:13:58,www.phylogeny.fr
2014-02-25 09:13:59,www.phylogeny.fr
2014-02-25 09:18:32,www.phylogeny.fr
2014-02-25 09:18:41,www.phylogeny.fr
2014-02-25 09:18:56,www.phylogeny.fr
2014-02-25 09:19:07,www.phylogeny.fr
2014-02-25 09:19:08,www.phylogeny.fr
2014-02-25 09:19:22,www.phylogeny.fr
2014-02-25 09:20:07,www.phylogeny.fr
2014-02-25 09:20:20,www.phylogeny.fr
2014-02-25 09:20:29,www.phylogeny.fr
2014-02-25 09:20:38,www.phylogeny.fr
2014-02-25 09:20:39,www.phylogeny.fr
2014-02-25 09:20:41,www.phylogeny.fr
2014-02-25 09:20:44,www.phylogeny.fr
2014-02-25 09:20:48,www.phylogeny.fr
2014-02-25 09:20:51,www.phylogeny.fr
2014-02-25 09:20:54,www.phylogeny.fr
2014-02-25 09:20:57,www.phylogeny.fr
2014-02-25 09:21:00,www.phylogeny.fr
2014-02-25 09:21:02,www.phylogeny.fr
2014-02-25 09:21:05,www.phylogeny.fr
2014-02-25 09:21:08,www.phylogeny.fr
2014-02-25 09:21:10,www.phylogeny.fr
2014-02-25 09:21:13,www.phylogeny.fr
2014-02-25 09:21:16,www.phylogeny.fr
2014-02-25 09:21:19,www.phylogeny.fr
2014-02-25 09:21:23,www.phylogeny.fr
2014-02-25 09:21:25,www.phylogeny.fr
2014-02-25 09:21:28,www.phylogeny.fr
2014-02-25 09:21:31,www.phylogeny.fr
2014-02-25 09:21:33,www.phylogeny.fr
2014-02-25 09:21:36,www.phylogeny.fr
2014-02-25 09:21:39,www.phylogeny.fr
2014-02-25 09:21:41,www.phylogeny.fr
2014-02-25 09:21:44,www.phylogeny.fr
2014-02-25 09:21:47,www.phylogeny.fr
2014-02-25 09:21:49,www.phylogeny.fr
2014-02-25 09:21:52,www.phylogeny.fr
2014-02-25 09:21:55,www.phylogeny.fr
2014-02-25 09:21:57,www.phylogeny.fr
2014-02-25 09:22:00,www.phylogeny.fr
2014-02-25 09:22:03,www.phylogeny.fr
2014-02-25 09:22:05,www.phylogeny.fr
2014-02-25 09:22:08,www.phylogeny.fr
2014-02-25 09:22:10,www.phylogeny.fr
2014-02-25 09:22:13,www.phylogeny.fr
2014-02-25 09:22:15,www.phylogeny.fr
2014-02-25 09:22:18,www.phylogeny.fr
2014-02-25 09:22:20,www.phylogeny.fr
2014-02-25 09:22:23,www.phylogeny.fr
2014-02-25 09:22:25,www.phylogeny.fr
2014-02-25 09:22:28,www.phylogeny.fr
2014-02-25 09:22:31,www.phylogeny.fr
2014-02-25 09:22:33,www.phylogeny.fr
2014-02-25 09:22:36,www.phylogeny.fr
2014-02-25 09:22:39,www.phylogeny.fr
2014-02-25 09:22:41,www.phylogeny.fr
2014-02-25 09:22:44,www.phylogeny.fr
2014-02-25 09:22:46,www.phylogeny.fr
2014-02-25 09:22:54,www.phylogeny.fr
2014-02-25 09:22:55,www.phylogeny.fr
2014-02-25 09:23:07,www.phylogeny.fr
2014-02-25 09:23:21,www.phylogeny.fr
2014-02-25 09:23:33,www.phylogeny.fr
2014-02-25 09:23:35,www.phylogeny.fr
2014-02-25 09:24:06,www.phylogeny.fr
2014-02-25 09:31:41,www.phylogeny.fr
2014-02-25 09:33:25,blast.ncbi.nlm.nih.gov
2014-03-21 10:02:27,www.google.fr
2014-03-21 10:02:31,www.google.fr
2014-03-21 10:02:33,www.google.com
2014-03-21 10:02:33,apis.google.com
2014-03-21 10:02:37,apis.google.com
2014-03-21 10:02:37,www.google.com
2014-03-21 10:02:37,www.google.fr
2014-03-21 10:02:38,www.google.com
2014-03-21 10:02:38,accounts.google.com
2014-03-21 10:02:39,apis.google.com
2014-03-21 10:02:39,tools.google.com
2014-03-21 10:02:39,accounts.google.com
2014-03-21 10:02:44,dl.google.com
2014-03-21 10:02:52,www.google.fr
2014-03-21 10:02:52,www.google.com
2014-03-21 10:02:52,apis.google.com
2014-03-21 10:02:52,tools.google.com
2014-03-21 10:02:53,www.google.com
2014-03-21 10:02:54,www.google.fr
2014-03-21 10:02:55,www.google.fr
2014-03-21 10:03:46,dl.google.com
2014-03-21 10:04:03,tools.google.com
2014-03-21 10:04:03,www.google.fr
2014-03-21 10:04:34,dl.google.com
2014-03-21 10:05:04,ieonline.microsoft.com
2014-03-21 10:05:28,dl.google.com
2014-03-21 10:06:15,www.google.fr
2014-03-21 10:06:33,tools.google.com
2014-03-21 10:06:33,dl.google.com
2014-03-21 10:06:33,www.google.fr
2014-03-21 10:06:34,www.mozilla.org
2014-03-21 10:06:34,www.google.fr
2014-03-21 10:07:44,gtssl-ocsp.geotrust.com
2014-03-21 10:07:45,gtssl-ocsp.geotrust.com
2014-03-21 10:07:51,geo.mozilla.org
2014-03-21 10:07:56,snippets-stats.mozilla.org
2014-03-21 10:08:22,annotathon.org
2014-03-21 10:08:43,annotathon.org
2014-03-21 10:08:44,annotathon.org
2014-03-21 10:09:13,annotathon.org
2014-03-21 10:09:44,annotathon.org
2014-03-21 10:09:58,safebrowsing.clients.google.com
2014-03-21 10:09:58,safebrowsing-cache.google.com
2014-03-21 10:09:59,safebrowsing-cache.google.com
2014-03-21 10:10:01,annotathon.org
2014-03-21 10:10:08,annotathon.org
2014-03-21 10:10:10,annotathon.org
2014-03-21 10:10:11,annotathon.org
2014-03-21 10:10:20,annotathon.univ-mrs.fr
2014-03-21 10:10:20,annotathon.org
2014-03-21 10:10:50,annotathon.org
2014-03-21 10:11:20,annotathon.org
2014-03-21 10:11:50,annotathon.org
2014-03-21 10:12:20,annotathon.org
2014-03-21 10:12:50,annotathon.org
2014-03-21 10:13:17,www.squid-cache.org
2014-03-21 10:13:18,www.squid-cache.org
2014-03-21 10:13:19,www.squid-cache.org
2014-03-21 10:13:19,annotathon.org
2014-03-21 10:13:20,annotathon.org
2014-03-21 10:13:29,annotathon.org
2014-03-21 10:13:42,ocsp.thawte.com
2014-03-21 10:13:50,annotathon.org
2014-03-21 10:13:59,annotathon.org
2014-03-21 10:14:20,annotathon.org
2014-03-21 10:14:29,annotathon.org
2014-03-21 10:14:37,annotathon.org
2014-03-21 10:14:50,annotathon.org
2014-03-21 10:15:07,annotathon.org
2014-03-21 10:15:20,annotathon.org
2014-03-21 10:15:22,www.squid-cache.org
2014-03-21 10:15:27,clients1.google.com
2014-03-21 10:15:37,annotathon.org
2014-03-21 10:15:42,ocsp.verisign.com
2014-03-21 10:15:43,ocsp.digicert.com
2014-03-21 10:15:48,www.google.fr
2014-03-21 10:15:50,annotathon.org
2014-03-21 10:16:04,clients1.google.com
2014-03-21 10:16:06,www.google.fr
2014-03-21 10:16:07,static.pubmed.gov
2014-03-21 10:16:07,www.google.fr
2014-03-21 10:16:07,annotathon.org
2014-03-21 10:16:07,www.ncbi.nlm.nih.gov
2014-03-21 10:16:08,static.pubmed.gov
2014-03-21 10:16:08,www.ncbi.nlm.nih.gov
2014-03-21 10:16:09,www.ncbi.nlm.nih.gov
2014-03-21 10:16:10,blast.ncbi.nlm.nih.gov
2014-03-21 10:16:11,blast.ncbi.nlm.nih.gov
2014-03-21 10:16:11,www.ncbi.nlm.nih.gov
2014-03-21 10:16:13,www.ncbi.nlm.nih.gov
2014-03-21 10:16:13,blast.ncbi.nlm.nih.gov
2014-03-21 10:16:14,blast.ncbi.nlm.nih.gov
2014-03-21 10:16:14,www.ncbi.nlm.nih.gov
2014-03-21 10:16:20,annotathon.org
2014-03-21 10:16:29,blast.ncbi.nlm.nih.gov
2014-03-21 10:16:30,blast.ncbi.nlm.nih.gov
2014-03-21 10:16:36,blast.ncbi.nlm.nih.gov
2014-03-21 10:16:37,annotathon.org
2014-03-21 10:16:38,blast.ncbi.nlm.nih.gov
2014-03-21 10:16:40,www.ncbi.nlm.nih.gov
2014-03-21 10:16:41,blast.ncbi.nlm.nih.gov
2014-03-21 10:16:43,www.ncbi.nlm.nih.gov
2014-03-21 10:16:43,blast.ncbi.nlm.nih.gov
2014-03-21 10:16:45,www.ncbi.nlm.nih.gov
2014-03-21 10:16:46,blast.ncbi.nlm.nih.gov
2014-03-21 10:16:48,www.ncbi.nlm.nih.gov
2014-03-21 10:16:49,blast.ncbi.nlm.nih.gov
2014-03-21 10:16:50,annotathon.org
2014-03-21 10:16:51,www.ncbi.nlm.nih.gov
2014-03-21 10:16:51,blast.ncbi.nlm.nih.gov
2014-03-21 10:16:53,www.ncbi.nlm.nih.gov
2014-03-21 10:16:54,blast.ncbi.nlm.nih.gov
2014-03-21 10:16:57,www.ncbi.nlm.nih.gov
2014-03-21 10:16:59,blast.ncbi.nlm.nih.gov
2014-03-21 10:17:02,www.ncbi.nlm.nih.gov
2014-03-21 10:17:06,blast.ncbi.nlm.nih.gov
2014-03-21 10:17:06,www.ncbi.nlm.nih.gov
2014-03-21 10:17:07,blast.ncbi.nlm.nih.gov
2014-03-21 10:17:07,annotathon.org
2014-03-21 10:17:08,blast.ncbi.nlm.nih.gov
2014-03-21 10:17:10,www.ncbi.nlm.nih.gov
2014-03-21 10:17:10,blast.ncbi.nlm.nih.gov
2014-03-21 10:17:18,www.google.fr
2014-03-21 10:17:18,www.ncbi.nlm.nih.gov
2014-03-21 10:17:19,www.ncbi.nlm.nih.gov
2014-03-21 10:17:20,annotathon.org
2014-03-21 10:17:21,blast.ncbi.nlm.nih.gov
2014-03-21 10:17:22,blast.ncbi.nlm.nih.gov
2014-03-21 10:17:26,blast.ncbi.nlm.nih.gov
2014-03-21 10:17:27,blast.ncbi.nlm.nih.gov
2014-03-21 10:17:33,blast.ncbi.nlm.nih.gov
2014-03-21 10:17:37,annotathon.org
2014-03-21 10:17:38,blast.ncbi.nlm.nih.gov
2014-03-21 10:17:40,blast.ncbi.nlm.nih.gov
2014-03-21 10:17:41,blast.ncbi.nlm.nih.gov
2014-03-21 10:17:43,ocsp.digicert.com
2014-03-21 10:17:43,www.ncbi.nlm.nih.gov
2014-03-21 10:17:43,blast.ncbi.nlm.nih.gov
2014-03-21 10:17:44,blast.ncbi.nlm.nih.gov
2014-03-21 10:17:50,annotathon.org
2014-03-21 10:18:01,blast.ncbi.nlm.nih.gov
2014-03-21 10:18:02,blast.ncbi.nlm.nih.gov
2014-03-21 10:18:03,blast.ncbi.nlm.nih.gov
2014-03-21 10:18:07,annotathon.org
2014-03-21 10:18:07,blast.ncbi.nlm.nih.gov
2014-03-21 10:18:08,blast.ncbi.nlm.nih.gov
2014-03-21 10:18:09,blast.ncbi.nlm.nih.gov
2014-03-21 10:18:10,blast.ncbi.nlm.nih.gov
2014-03-21 10:18:20,annotathon.org
2014-03-21 10:18:37,annotathon.org
2014-03-21 10:18:50,annotathon.org
2014-03-21 10:19:01,apis.google.com
2014-03-21 10:19:07,annotathon.org
2014-03-21 10:19:20,annotathon.org
2014-03-21 10:19:37,annotathon.org
2014-03-21 10:19:50,annotathon.org
2014-03-21 10:19:58,www.google.com
2014-03-21 10:20:01,www.google.fr
2014-03-21 10:20:01,blast.ncbi.nlm.nih.gov
2014-03-21 10:20:07,annotathon.org
2014-03-21 10:20:20,annotathon.org
2014-03-21 10:20:24,blast.ncbi.nlm.nih.gov
2014-03-21 10:20:26,blast.ncbi.nlm.nih.gov
2014-03-21 10:20:28,blast.ncbi.nlm.nih.gov
2014-03-21 10:20:29,blast.ncbi.nlm.nih.gov
2014-03-21 10:20:31,blast.ncbi.nlm.nih.gov
2014-03-21 10:20:37,annotathon.org
2014-03-21 10:20:47,blast.ncbi.nlm.nih.gov
2014-03-21 10:20:50,annotathon.org
2014-03-21 10:21:07,annotathon.org
2014-03-21 10:21:20,annotathon.org
2014-03-21 10:21:37,annotathon.org
2014-03-21 10:21:50,annotathon.org
2014-03-21 10:22:05,blast.ncbi.nlm.nih.gov
2014-03-21 10:22:07,annotathon.org
2014-03-21 10:22:20,annotathon.org
2014-03-21 10:22:37,annotathon.org
2014-03-21 10:22:50,annotathon.org
2014-03-21 10:23:07,annotathon.org
2014-03-21 10:23:20,annotathon.org
2014-03-21 10:23:37,annotathon.org
2014-03-21 10:23:50,annotathon.org
2014-03-21 10:24:07,annotathon.org
2014-03-21 10:24:20,annotathon.org
2014-03-21 10:24:37,annotathon.org
2014-03-21 10:24:50,annotathon.org
2014-03-21 10:24:59,annotathon.org
2014-03-21 10:25:08,annotathon.org
2014-03-21 10:25:29,annotathon.org
2014-03-21 10:25:37,blast.ncbi.nlm.nih.gov
2014-03-21 10:25:38,annotathon.org
2014-03-21 10:25:59,annotathon.org
2014-03-21 10:26:08,annotathon.org
2014-03-21 10:26:29,annotathon.org
2014-03-21 10:26:38,annotathon.org
2014-03-21 10:27:00,annotathon.org
2014-03-21 10:27:08,annotathon.org
2014-03-21 10:27:30,annotathon.org
2014-03-21 10:27:38,annotathon.org
2014-03-21 10:28:00,annotathon.org
2014-03-21 10:28:08,annotathon.org
2014-03-21 10:28:30,annotathon.org
2014-03-21 10:28:38,annotathon.org
2014-03-21 10:28:47,blast.ncbi.nlm.nih.gov
2014-03-21 10:28:48,blast.ncbi.nlm.nih.gov
2014-03-21 10:28:49,blast.ncbi.nlm.nih.gov
2014-03-21 10:29:00,annotathon.org
2014-03-21 10:29:08,annotathon.org
2014-03-21 10:29:30,annotathon.org
2014-03-21 10:29:38,annotathon.org
2014-03-21 10:30:00,annotathon.org
2014-03-21 10:30:08,annotathon.org
2014-03-21 10:30:30,annotathon.org
2014-03-21 10:30:38,annotathon.org
2014-03-21 10:31:00,annotathon.org
2014-03-21 10:31:08,annotathon.org
2014-03-21 10:31:18,blast.ncbi.nlm.nih.gov
2014-03-21 10:31:19,blast.ncbi.nlm.nih.gov
2014-03-21 10:31:22,blast.ncbi.nlm.nih.gov
2014-03-21 10:31:30,annotathon.org
2014-03-21 10:31:36,blast.ncbi.nlm.nih.gov
2014-03-21 10:31:38,annotathon.org
2014-03-21 10:31:46,blast.ncbi.nlm.nih.gov
2014-03-21 10:31:47,blast.ncbi.nlm.nih.gov
2014-03-21 10:31:48,blast.ncbi.nlm.nih.gov
2014-03-21 10:31:49,blast.ncbi.nlm.nih.gov
2014-03-21 10:31:50,www.ncbi.nlm.nih.gov
2014-03-21 10:31:51,blast.ncbi.nlm.nih.gov
2014-03-21 10:32:00,annotathon.org
2014-03-21 10:32:08,annotathon.org
2014-03-21 10:32:30,annotathon.org
2014-03-21 10:32:38,annotathon.org
2014-03-21 10:33:00,annotathon.org
2014-03-21 10:33:08,annotathon.org
2014-03-21 10:33:30,annotathon.org
2014-03-21 10:33:38,annotathon.org
2014-03-21 10:34:00,annotathon.org
2014-03-21 10:34:08,annotathon.org
2014-03-21 10:34:30,annotathon.org
2014-03-21 10:34:38,annotathon.org
2014-03-21 10:35:00,annotathon.org
2014-03-21 10:35:08,annotathon.org
2014-03-21 10:35:30,annotathon.org
2014-03-21 10:35:38,annotathon.org
2014-03-21 10:36:00,annotathon.org
2014-03-21 10:36:08,annotathon.org
2014-03-21 10:36:30,annotathon.org
2014-03-21 10:36:38,annotathon.org
2014-03-21 10:37:00,annotathon.org
2014-03-21 10:37:08,annotathon.org
2014-03-21 10:37:30,annotathon.org
2014-03-21 10:37:38,annotathon.org
2014-03-21 10:38:00,annotathon.org
2014-03-21 10:38:08,annotathon.org
2014-03-21 10:38:30,annotathon.org
2014-03-21 10:38:38,annotathon.org
2014-03-21 10:39:00,annotathon.org
2014-03-21 10:39:08,annotathon.org
2014-03-21 10:39:09,safebrowsing.clients.google.com
2014-03-21 10:39:09,safebrowsing-cache.google.com
2014-03-21 10:39:10,safebrowsing-cache.google.com
2014-03-21 10:39:30,annotathon.org
2014-03-21 10:39:31,blast.ncbi.nlm.nih.gov
2014-03-21 10:39:33,blast.ncbi.nlm.nih.gov
2014-03-21 10:39:35,www.ncbi.nlm.nih.gov
2014-03-21 10:39:36,blast.ncbi.nlm.nih.gov
2014-03-21 10:39:38,annotathon.org
2014-03-21 10:39:38,blast.ncbi.nlm.nih.gov
2014-03-21 10:39:38,www.ncbi.nlm.nih.gov
2014-03-21 10:39:41,www.ncbi.nlm.nih.gov
2014-03-21 10:39:41,blast.ncbi.nlm.nih.gov
2014-03-21 10:39:43,www.ncbi.nlm.nih.gov
2014-03-21 10:39:44,blast.ncbi.nlm.nih.gov
2014-03-21 10:39:46,www.ncbi.nlm.nih.gov
2014-03-21 10:39:46,blast.ncbi.nlm.nih.gov
2014-03-21 10:39:49,www.ncbi.nlm.nih.gov
2014-03-21 10:39:49,blast.ncbi.nlm.nih.gov
2014-03-21 10:39:50,blast.ncbi.nlm.nih.gov
2014-03-21 10:39:53,www.ncbi.nlm.nih.gov
2014-03-21 10:39:54,blast.ncbi.nlm.nih.gov
2014-03-21 10:40:00,annotathon.org
2014-03-21 10:40:03,blast.ncbi.nlm.nih.gov
2014-03-21 10:40:04,blast.ncbi.nlm.nih.gov
2014-03-21 10:40:07,blast.ncbi.nlm.nih.gov
2014-03-21 10:40:08,annotathon.org
2014-03-21 10:40:30,annotathon.org
2014-03-21 10:40:38,annotathon.org
2014-03-21 10:41:00,annotathon.org
2014-03-21 10:41:08,annotathon.org
2014-03-21 10:41:30,annotathon.org
2014-03-21 10:41:38,annotathon.org
2014-03-21 10:42:00,annotathon.org
2014-03-21 10:42:08,annotathon.org
2014-03-21 10:42:30,annotathon.org
2014-03-21 10:42:38,annotathon.org
2014-03-21 10:42:50,blast.ncbi.nlm.nih.gov
2014-03-21 10:43:01,annotathon.org
2014-03-21 10:43:08,annotathon.org
2014-03-21 10:43:31,annotathon.org
2014-03-21 10:43:38,annotathon.org
2014-03-21 10:44:01,annotathon.org
2014-03-21 10:44:08,annotathon.org
2014-03-21 10:44:31,annotathon.org
2014-03-21 10:44:38,annotathon.org
2014-03-21 10:45:01,annotathon.org
2014-03-21 10:45:08,annotathon.org
2014-03-21 10:45:31,annotathon.org
2014-03-21 10:45:38,annotathon.org
2014-03-21 10:46:01,annotathon.org
2014-03-21 10:46:08,annotathon.org
2014-03-21 10:46:31,annotathon.org
2014-03-21 10:46:38,annotathon.org
2014-03-21 10:47:01,annotathon.org
2014-03-21 10:47:08,annotathon.org
2014-03-21 10:47:31,annotathon.org
2014-03-21 10:47:38,annotathon.org
2014-03-21 10:48:01,annotathon.org
2014-03-21 10:48:08,annotathon.org
2014-03-21 10:48:31,annotathon.org
2014-03-21 10:48:38,annotathon.org
2014-03-21 10:49:01,annotathon.org
2014-03-21 10:49:08,annotathon.org
2014-03-21 10:49:31,annotathon.org
2014-03-21 10:49:38,annotathon.org
2014-03-21 10:50:01,annotathon.org
2014-03-21 10:50:08,annotathon.org
2014-03-21 10:50:31,annotathon.org
2014-03-21 10:50:38,annotathon.org
2014-03-21 10:51:01,annotathon.org
2014-03-21 10:51:09,annotathon.org
2014-03-21 10:51:31,annotathon.org
2014-03-21 10:51:39,annotathon.org
2014-03-21 10:52:01,annotathon.org
2014-03-21 10:52:09,annotathon.org
2014-03-21 10:52:31,annotathon.org
2014-03-21 10:52:39,annotathon.org
2014-03-21 10:53:01,annotathon.org
2014-03-21 10:53:09,annotathon.org
2014-03-21 10:53:31,annotathon.org
2014-03-21 10:53:39,annotathon.org
2014-03-21 10:54:01,annotathon.org
2014-03-21 10:54:09,annotathon.org
2014-03-21 10:54:31,annotathon.org
2014-03-21 10:54:35,blast.ncbi.nlm.nih.gov
2014-03-21 10:54:39,annotathon.org
2014-03-21 10:55:01,annotathon.org
2014-03-21 10:55:09,annotathon.org
2014-03-21 10:55:31,annotathon.org
2014-03-21 10:55:39,annotathon.org
2014-03-21 10:56:01,annotathon.org
2014-03-21 10:56:09,annotathon.org
2014-03-21 10:56:31,annotathon.org
2014-03-21 10:56:39,annotathon.org
2014-03-21 10:57:01,annotathon.org
2014-03-21 10:57:09,annotathon.org
2014-03-21 10:57:31,annotathon.org
2014-03-21 10:57:39,annotathon.org
2014-03-21 10:58:01,annotathon.org
2014-03-21 10:58:09,annotathon.org
2014-03-21 10:58:31,annotathon.org
2014-03-21 10:58:39,annotathon.org
2014-03-21 10:59:01,annotathon.org
2014-03-21 10:59:09,annotathon.org
2014-03-21 10:59:15,blast.ncbi.nlm.nih.gov
2014-03-21 10:59:19,blast.ncbi.nlm.nih.gov
2014-03-21 10:59:20,blast.ncbi.nlm.nih.gov
2014-03-21 10:59:21,blast.ncbi.nlm.nih.gov
2014-03-21 10:59:23,blast.ncbi.nlm.nih.gov
2014-03-21 10:59:24,blast.ncbi.nlm.nih.gov
2014-03-21 10:59:31,annotathon.org
2014-03-21 10:59:33,blast.ncbi.nlm.nih.gov
2014-03-21 10:59:35,blast.ncbi.nlm.nih.gov
2014-03-21 10:59:39,annotathon.org
2014-03-21 10:59:40,blast.ncbi.nlm.nih.gov
2014-03-21 11:00:00,blast.ncbi.nlm.nih.gov
2014-03-21 11:00:01,annotathon.org
2014-03-21 11:00:09,annotathon.org
2014-03-21 11:00:16,blast.ncbi.nlm.nih.gov
2014-03-21 11:00:31,annotathon.org
2014-03-21 11:00:39,annotathon.org
2014-03-21 11:01:01,annotathon.org
2014-03-21 11:01:09,annotathon.org
2014-03-21 11:01:31,annotathon.org
2014-03-21 11:01:39,annotathon.org
2014-03-21 11:02:01,annotathon.org
2014-03-21 11:02:09,annotathon.org
2014-03-21 11:02:31,annotathon.org
2014-03-21 11:02:39,annotathon.org
2014-03-21 11:03:01,annotathon.org
2014-03-21 11:03:09,annotathon.org
2014-03-21 11:03:31,annotathon.org
2014-03-21 11:03:39,annotathon.org
2014-03-21 11:04:01,annotathon.org
2014-03-21 11:04:09,annotathon.org
2014-03-21 11:04:31,annotathon.org
2014-03-21 11:04:39,annotathon.org
2014-03-21 11:05:01,annotathon.org
2014-03-21 11:05:09,annotathon.org
2014-03-21 11:05:31,annotathon.org
2014-03-21 11:05:39,annotathon.org
2014-03-21 11:06:01,annotathon.org
2014-03-21 11:06:09,annotathon.org
2014-03-21 11:06:31,annotathon.org
2014-03-21 11:06:39,annotathon.org
2014-03-21 11:06:45,annotathon.org
2014-03-21 11:07:09,annotathon.org
2014-03-21 11:07:16,annotathon.org
2014-03-21 11:07:39,annotathon.org
2014-03-21 11:07:46,annotathon.org
2014-03-21 11:08:02,safebrowsing-cache.google.com
2014-03-21 11:08:02,safebrowsing.clients.google.com
2014-03-21 11:08:09,annotathon.org
2014-03-21 11:08:16,annotathon.org
2014-03-21 11:08:39,annotathon.org
2014-03-21 11:08:46,annotathon.org
2014-03-21 11:09:09,annotathon.org
2014-03-21 11:09:16,annotathon.org
2014-03-21 11:09:39,annotathon.org
2014-03-21 11:09:46,annotathon.org
2014-03-21 11:10:09,annotathon.org
2014-03-21 11:10:16,annotathon.org
2014-03-21 11:10:39,annotathon.org
2014-03-21 11:10:46,annotathon.org
2014-03-21 11:11:09,annotathon.org
2014-03-21 11:11:16,annotathon.org
2014-03-21 11:11:39,annotathon.org
2014-03-21 11:11:46,annotathon.org
2014-03-21 11:12:09,annotathon.org
2014-03-21 11:12:16,annotathon.org
2014-03-21 11:12:39,annotathon.org
2014-03-21 11:12:46,annotathon.org
2014-03-21 11:13:09,annotathon.org
2014-03-21 11:13:16,annotathon.org
2014-03-21 11:13:39,annotathon.org
2014-03-21 11:13:46,annotathon.org
2014-03-21 11:14:09,annotathon.org
2014-03-21 11:14:16,annotathon.org
2014-03-21 11:14:39,annotathon.org
2014-03-21 11:14:46,annotathon.org
2014-03-21 11:15:09,annotathon.org
2014-03-21 11:15:16,annotathon.org
2014-03-21 11:15:39,annotathon.org
2014-03-21 11:15:46,annotathon.org
2014-03-21 11:16:09,annotathon.org
2014-03-21 11:16:16,annotathon.org
2014-03-21 11:16:39,annotathon.org
2014-03-21 11:16:46,annotathon.org
2014-03-21 11:17:09,annotathon.org
2014-03-21 11:17:16,annotathon.org
2014-03-21 11:17:39,annotathon.org
2014-03-21 11:17:46,annotathon.org
2014-03-21 11:18:09,annotathon.org
2014-03-21 11:18:16,annotathon.org
2014-03-21 11:18:39,annotathon.org
2014-03-21 11:18:46,annotathon.org
2014-03-21 11:19:09,annotathon.org
2014-03-21 11:19:16,annotathon.org
2014-03-21 11:19:39,annotathon.org
2014-03-21 11:19:46,annotathon.org
2014-03-21 11:20:09,annotathon.org
2014-03-21 11:20:16,annotathon.org
2014-03-21 11:20:39,annotathon.org
2014-03-21 11:20:46,annotathon.org
2014-03-21 11:21:09,annotathon.org
2014-03-21 11:21:16,annotathon.org
2014-03-21 11:21:39,annotathon.org
2014-03-21 11:21:46,annotathon.org
2014-03-21 11:22:09,annotathon.org
2014-03-21 11:22:16,annotathon.org
2014-03-21 11:22:39,annotathon.org
2014-03-21 11:22:46,annotathon.org
2014-03-21 11:23:09,annotathon.org
2014-03-21 11:23:16,annotathon.org
2014-03-21 11:23:39,annotathon.org
2014-03-21 11:23:46,annotathon.org
2014-03-21 11:24:09,annotathon.org
2014-03-21 11:24:16,annotathon.org
2014-03-21 11:24:39,annotathon.org
2014-03-21 11:24:46,annotathon.org
2014-03-21 11:25:09,annotathon.org
2014-03-21 11:25:16,annotathon.org
2014-03-21 11:25:39,annotathon.org
2014-03-21 11:25:46,annotathon.org
2014-03-21 11:26:09,annotathon.org
2014-03-21 11:26:16,annotathon.org
2014-03-21 11:26:40,annotathon.org
2014-03-21 11:26:46,annotathon.org
2014-03-21 11:27:10,annotathon.org
2014-03-21 11:27:16,annotathon.org
2014-03-21 11:27:40,annotathon.org
2014-03-21 11:27:46,annotathon.org
2014-03-21 11:28:10,annotathon.org
2014-03-21 11:28:16,annotathon.org
2014-03-21 11:28:40,annotathon.org
2014-03-21 11:28:46,annotathon.org
2014-03-21 11:29:10,annotathon.org
2014-03-21 11:29:16,annotathon.org
2014-03-21 11:29:21,blast.ncbi.nlm.nih.gov
2014-03-21 11:29:40,annotathon.org
2014-03-21 11:29:46,annotathon.org
2014-03-21 11:30:10,annotathon.org
2014-03-21 11:30:16,annotathon.org
2014-03-21 11:30:40,annotathon.org
2014-03-21 11:30:46,annotathon.org
2014-03-21 11:31:10,annotathon.org
2014-03-21 11:31:16,annotathon.org
2014-03-21 11:31:40,annotathon.org
2014-03-21 11:31:46,annotathon.org
2014-03-21 11:32:10,annotathon.org
2014-03-21 11:32:16,annotathon.org
2014-03-21 11:32:40,annotathon.org
2014-03-21 11:32:46,annotathon.org
2014-03-21 11:33:10,annotathon.org
2014-03-21 11:33:16,annotathon.org
2014-03-21 11:33:40,annotathon.org
2014-03-21 11:33:46,www.google.com
2014-03-21 11:33:46,annotathon.org
2014-03-21 11:34:10,fr.wikipedia.org
2014-03-21 11:34:10,annotathon.org
2014-03-21 11:34:10,www.google.fr
2014-03-21 11:34:10,bits.wikimedia.org
2014-03-21 11:34:11,login.wikimedia.org
2014-03-21 11:34:11,meta.wikimedia.org
2014-03-21 11:34:11,fr.wikipedia.org
2014-03-21 11:34:11,bits.wikimedia.org
2014-03-21 11:34:16,annotathon.org
2014-03-21 11:34:40,annotathon.org
2014-03-21 11:34:46,annotathon.org
2014-03-21 11:35:10,annotathon.org
2014-03-21 11:35:16,annotathon.org
2014-03-21 11:35:40,annotathon.org
2014-03-21 11:35:46,annotathon.org
2014-03-21 11:36:10,annotathon.org
2014-03-21 11:36:16,annotathon.org
2014-03-21 11:36:40,annotathon.org
2014-03-21 11:36:46,annotathon.org
2014-03-21 11:37:01,www.google.fr
2014-03-21 11:37:10,annotathon.org
2014-03-21 11:37:10,safebrowsing.clients.google.com
2014-03-21 11:37:10,safebrowsing-cache.google.com
2014-03-21 11:37:12,safebrowsing-cache.google.com
2014-03-21 11:37:16,annotathon.org
2014-03-21 11:37:33,www.google.com
2014-03-21 11:37:40,annotathon.org
2014-03-21 11:37:46,annotathon.org
2014-03-21 11:38:10,annotathon.org
2014-03-21 11:38:16,annotathon.org
2014-03-21 11:38:40,annotathon.org
2014-03-21 11:38:46,annotathon.org
2014-03-21 11:39:10,annotathon.org
2014-03-21 11:39:16,annotathon.org
2014-03-21 11:39:40,annotathon.org
2014-03-21 11:39:46,annotathon.org
2014-03-21 11:40:10,annotathon.org
2014-03-21 11:40:16,annotathon.org
2014-03-21 11:40:40,annotathon.org
2014-03-21 11:40:46,annotathon.org
2014-03-21 11:41:10,annotathon.org
2014-03-21 11:41:16,annotathon.org
2014-03-21 11:41:40,annotathon.org
2014-03-21 11:41:46,annotathon.org
2014-03-21 11:42:10,annotathon.org
2014-03-21 11:42:16,annotathon.org
2014-03-21 11:42:32,blast.ncbi.nlm.nih.gov
2014-03-21 11:42:38,blast.ncbi.nlm.nih.gov
2014-03-21 11:42:40,static.pubmed.gov
2014-03-21 11:42:40,blast.ncbi.nlm.nih.gov
2014-03-21 11:42:40,www.ncbi.nlm.nih.gov
2014-03-21 11:42:40,annotathon.org
2014-03-21 11:42:41,static.pubmed.gov
2014-03-21 11:42:42,static.pubmed.gov
2014-03-21 11:42:42,www.ncbi.nlm.nih.gov
2014-03-21 11:42:43,static.pubmed.gov
2014-03-21 11:42:43,www.ncbi.nlm.nih.gov
2014-03-21 11:42:44,www.ncbi.nlm.nih.gov
2014-03-21 11:42:45,www.ncbi.nlm.nih.gov
2014-03-21 11:42:46,annotathon.org
2014-03-21 11:43:10,annotathon.org
2014-03-21 11:43:16,annotathon.org
2014-03-21 11:43:40,annotathon.org
2014-03-21 11:43:46,annotathon.org
2014-03-21 11:44:06,www.ncbi.nlm.nih.gov
2014-03-21 11:44:10,annotathon.org
2014-03-21 11:44:16,annotathon.org
2014-03-21 11:44:40,annotathon.org
2014-03-21 11:44:46,annotathon.org
2014-03-21 11:45:10,annotathon.org
2014-03-21 11:45:16,annotathon.org
2014-03-21 11:45:40,annotathon.org
2014-03-21 11:45:46,annotathon.org
2014-03-21 11:46:10,annotathon.org
2014-03-21 11:46:16,annotathon.org
2014-03-21 11:46:40,annotathon.org
2014-03-21 11:46:46,annotathon.org
2014-03-21 11:47:10,annotathon.org
2014-03-21 11:47:16,annotathon.org
2014-03-21 11:47:40,annotathon.org
2014-03-21 11:47:46,annotathon.org
2014-03-21 11:48:10,annotathon.org
2014-03-21 11:48:10,www.ncbi.nlm.nih.gov
2014-03-21 11:48:17,annotathon.org
2014-03-21 11:48:40,annotathon.org
2014-03-21 11:48:47,annotathon.org
2014-03-21 11:49:10,annotathon.org
2014-03-21 11:49:17,annotathon.org
2014-03-21 11:49:40,annotathon.org
2014-03-21 11:49:47,annotathon.org
2014-03-21 11:50:10,annotathon.org
2014-03-21 11:50:17,annotathon.org
2014-03-21 11:50:40,annotathon.org
2014-03-21 11:50:47,annotathon.org
2014-03-21 11:50:48,blast.ncbi.nlm.nih.gov
2014-03-21 11:51:10,annotathon.org
2014-03-21 11:51:17,annotathon.org
2014-03-21 11:51:22,www.ncbi.nlm.nih.gov
2014-03-21 11:51:40,annotathon.org
2014-03-21 11:51:47,annotathon.org
2014-03-21 11:52:10,annotathon.org
2014-03-21 11:52:17,annotathon.org
2014-03-21 11:52:47,annotathon.org
2014-03-21 11:52:52,annotathon.org
2014-03-21 11:52:53,annotathon.org
2014-03-21 11:53:23,annotathon.org
2014-03-21 11:53:29,annotathon.org
2014-03-21 11:53:37,www.google.com
2014-03-21 11:53:38,www.google.com
2014-03-21 11:53:39,clients1.google.com
2014-03-21 11:53:41,www.google.fr
2014-03-21 11:53:41,www.ncbi.nlm.nih.gov
2014-03-21 11:53:42,www.ncbi.nlm.nih.gov
2014-03-21 11:53:59,annotathon.org
2014-03-21 11:54:23,www.ncbi.nlm.nih.gov
2014-03-21 11:54:29,annotathon.org
2014-03-21 11:54:39,www.ncbi.nlm.nih.gov
2014-03-21 11:54:39,pubchem.ncbi.nlm.nih.gov
2014-03-21 11:54:40,pubchem.ncbi.nlm.nih.gov
2014-03-21 11:54:40,www.ncbi.nlm.nih.gov
2014-03-21 11:54:40,static.pubmed.gov
2014-03-21 11:54:41,static.pubmed.gov
2014-03-21 11:54:42,static.pubmed.gov
2014-03-21 11:54:42,www.ncbi.nlm.nih.gov
2014-03-21 11:54:59,annotathon.org
2014-03-21 11:55:29,annotathon.org
2014-03-21 11:55:47,www.ncbi.nlm.nih.gov
2014-03-21 11:55:48,www.ncbi.nlm.nih.gov
2014-03-21 11:55:50,www.ncbi.nlm.nih.gov
2014-03-21 11:55:59,annotathon.org
2014-03-21 11:56:29,annotathon.org
2014-03-21 11:56:35,id.google.fr
2014-03-21 11:56:59,annotathon.org
2014-03-21 11:57:11,annotathon.org
2014-03-21 11:57:20,annotathon.org
2014-03-21 11:57:21,annotathon.org
2014-03-21 11:57:24,www.google.fr
2014-03-21 11:57:24,www.google.com
2014-03-27 08:11:18,clients1.google.com
2014-03-27 08:11:22,www.google.fr
2014-03-27 08:11:28,annotathon.org
2014-03-27 08:11:46,annotathon.org
2014-03-27 08:12:19,annotathon.org
2014-03-27 08:12:25,annotathon.org
2014-03-27 08:12:26,annotathon.org
2014-03-27 08:12:27,annotathon.org
2014-03-27 08:12:29,annotathon.org
2014-03-27 08:12:29,annotathon.univ-mrs.fr
2014-03-27 08:12:59,annotathon.org
2014-03-27 08:13:03,safebrowsing.clients.google.com
2014-03-27 08:13:03,safebrowsing-cache.google.com
2014-03-27 08:13:29,annotathon.org
2014-03-27 08:13:58,www.squid-cache.org
2014-03-27 08:13:59,annotathon.org
2014-03-27 08:14:11,blast.ncbi.nlm.nih.gov
2014-03-27 08:14:11,www.ncbi.nlm.nih.gov
2014-03-27 08:14:12,blast.ncbi.nlm.nih.gov
2014-03-27 08:14:14,apis.google.com
2014-03-27 08:14:14,id.google.fr
2014-03-27 08:14:14,www.google.com
2014-03-27 08:14:14,www.google.fr
2014-03-27 08:14:19,blast.ncbi.nlm.nih.gov
2014-03-27 08:14:19,www.ncbi.nlm.nih.gov
2014-03-27 08:14:20,blast.ncbi.nlm.nih.gov
2014-03-27 08:14:21,blast.ncbi.nlm.nih.gov
2014-03-27 08:14:29,annotathon.org
2014-03-27 08:14:49,blast.ncbi.nlm.nih.gov
2014-03-27 08:14:54,blast.ncbi.nlm.nih.gov
2014-03-27 08:14:59,annotathon.org
2014-03-27 08:15:00,blast.ncbi.nlm.nih.gov
2014-03-27 08:15:02,blast.ncbi.nlm.nih.gov
2014-03-27 08:15:02,www.ncbi.nlm.nih.gov
2014-03-27 08:15:03,blast.ncbi.nlm.nih.gov
2014-03-27 08:15:06,blast.ncbi.nlm.nih.gov
2014-03-27 08:15:06,www.ncbi.nlm.nih.gov
2014-03-27 08:15:16,blast.ncbi.nlm.nih.gov
2014-03-27 08:15:17,blast.ncbi.nlm.nih.gov
2014-03-27 08:15:18,blast.ncbi.nlm.nih.gov
2014-03-27 08:15:20,www.ncbi.nlm.nih.gov
2014-03-27 08:15:20,blast.ncbi.nlm.nih.gov
2014-03-27 08:15:22,www.ncbi.nlm.nih.gov
2014-03-27 08:15:23,blast.ncbi.nlm.nih.gov
2014-03-27 08:15:25,www.ncbi.nlm.nih.gov
2014-03-27 08:15:26,blast.ncbi.nlm.nih.gov
2014-03-27 08:15:28,www.ncbi.nlm.nih.gov
2014-03-27 08:15:29,annotathon.org
2014-03-27 08:15:29,blast.ncbi.nlm.nih.gov
2014-03-27 08:15:30,blast.ncbi.nlm.nih.gov
2014-03-27 08:15:31,www.ncbi.nlm.nih.gov
2014-03-27 08:15:32,blast.ncbi.nlm.nih.gov
2014-03-27 08:15:34,www.ncbi.nlm.nih.gov
2014-03-27 08:15:34,blast.ncbi.nlm.nih.gov
2014-03-27 08:15:38,www.ncbi.nlm.nih.gov
2014-03-27 08:15:39,blast.ncbi.nlm.nih.gov
2014-03-27 08:15:40,blast.ncbi.nlm.nih.gov
2014-03-27 08:15:41,blast.ncbi.nlm.nih.gov
2014-03-27 08:15:42,blast.ncbi.nlm.nih.gov
2014-03-27 08:15:43,www.ncbi.nlm.nih.gov
2014-03-27 08:15:43,blast.ncbi.nlm.nih.gov
2014-03-27 08:15:59,annotathon.org
2014-03-27 08:16:22,ocsp.thawte.com
2014-03-27 08:16:29,annotathon.org
2014-03-27 08:16:59,annotathon.org
2014-03-27 08:17:29,annotathon.org
2014-03-27 08:17:46,blast.ncbi.nlm.nih.gov
2014-03-27 08:17:47,www.ncbi.nlm.nih.gov
2014-03-27 08:17:47,static.pubmed.gov
2014-03-27 08:17:48,static.pubmed.gov
2014-03-27 08:17:48,www.ncbi.nlm.nih.gov
2014-03-27 08:17:59,annotathon.org
2014-03-27 08:18:22,ocsp.verisign.com
2014-03-27 08:18:29,annotathon.org
2014-03-27 08:18:59,annotathon.org
2014-03-27 08:19:31,annotathon.org
2014-03-27 08:20:01,annotathon.org
2014-03-27 08:20:24,ocsp.digicert.com
2014-03-27 08:20:31,annotathon.org
2014-03-27 08:21:01,annotathon.org
2014-03-27 08:21:31,annotathon.org
2014-03-27 08:22:01,annotathon.org
2014-03-27 08:22:31,annotathon.org
2014-03-27 08:23:01,annotathon.org
2014-03-27 08:23:31,annotathon.org
2014-03-27 08:24:01,annotathon.org
2014-03-27 08:24:30,annotathon.org
2014-03-27 08:25:00,annotathon.org
2014-03-27 08:25:30,annotathon.org
2014-03-27 08:26:00,annotathon.org
2014-03-27 08:26:30,annotathon.org
2014-03-27 08:27:00,annotathon.org
2014-03-27 08:27:30,annotathon.org
2014-03-27 08:28:00,annotathon.org
2014-03-27 08:28:30,annotathon.org
2014-03-27 08:29:00,annotathon.org
2014-03-27 08:29:30,annotathon.org
2014-03-27 08:30:00,annotathon.org
2014-03-27 08:30:30,annotathon.org
2014-03-27 08:31:00,annotathon.org
2014-03-27 08:31:30,annotathon.org
2014-03-27 08:32:00,annotathon.org
2014-03-27 08:32:30,annotathon.org
2014-03-27 08:33:00,annotathon.org
2014-03-27 08:33:30,annotathon.org
2014-03-27 08:34:00,annotathon.org
2014-03-27 08:34:30,annotathon.org
2014-03-27 08:35:00,annotathon.org
2014-03-27 08:35:30,annotathon.org
2014-03-27 08:35:40,blast.ncbi.nlm.nih.gov
2014-03-27 08:35:43,blast.ncbi.nlm.nih.gov
2014-03-27 08:35:44,www.ncbi.nlm.nih.gov
2014-03-27 08:35:45,blast.ncbi.nlm.nih.gov
2014-03-27 08:35:45,www.ncbi.nlm.nih.gov
2014-03-27 08:35:46,static.pubmed.gov
2014-03-27 08:35:46,www.ncbi.nlm.nih.gov
2014-03-27 08:36:00,annotathon.org
2014-03-27 08:36:30,annotathon.org
2014-03-27 08:37:00,annotathon.org
2014-03-27 08:37:11,www.ncbi.nlm.nih.gov
2014-03-27 08:37:30,annotathon.org
2014-03-27 08:38:00,annotathon.org
2014-03-27 08:38:30,annotathon.org
2014-03-27 08:39:00,annotathon.org
2014-03-27 08:39:30,annotathon.org
2014-03-27 08:40:00,annotathon.org
2014-03-27 08:40:30,annotathon.org
2014-03-27 08:41:00,annotathon.org
2014-03-27 08:41:30,annotathon.org
2014-03-27 08:42:00,annotathon.org
2014-03-27 08:42:30,annotathon.org
2014-03-27 08:42:34,annotathon.org
2014-03-27 08:43:04,annotathon.org
2014-03-27 08:43:11,safebrowsing.clients.google.com
2014-03-27 08:43:11,safebrowsing-cache.google.com
2014-03-27 08:43:12,safebrowsing-cache.google.com
2014-03-27 08:43:34,annotathon.org
2014-03-27 08:44:04,annotathon.org
2014-03-27 08:44:27,annotathon.org
2014-03-27 08:44:57,annotathon.org
2014-03-27 08:45:27,annotathon.org
2014-03-27 08:45:57,annotathon.org
2014-03-27 08:46:27,annotathon.org
2014-03-27 08:46:57,annotathon.org
2014-03-27 08:47:27,annotathon.org
2014-03-27 08:47:57,annotathon.org
2014-03-27 08:48:27,annotathon.org
2014-03-27 08:48:32,www.ncbi.nlm.nih.gov
2014-03-27 08:48:57,annotathon.org
2014-03-27 08:49:27,annotathon.org
2014-03-27 08:49:57,annotathon.org
2014-03-27 08:50:27,annotathon.org
2014-03-27 08:50:57,annotathon.org
2014-03-27 08:51:27,annotathon.org
2014-03-27 08:51:57,annotathon.org
2014-03-27 08:52:27,annotathon.org
2014-03-27 08:52:58,annotathon.org
2014-03-27 08:53:27,annotathon.org
2014-03-27 08:53:37,blast.ncbi.nlm.nih.gov
2014-03-27 08:53:38,blast.ncbi.nlm.nih.gov
2014-03-27 08:53:39,blast.ncbi.nlm.nih.gov
2014-03-27 08:53:42,blast.ncbi.nlm.nih.gov
2014-03-27 08:53:43,blast.ncbi.nlm.nih.gov
2014-03-27 08:53:57,annotathon.org
2014-03-27 08:54:27,annotathon.org
2014-03-27 08:54:57,annotathon.org
2014-03-27 08:55:27,annotathon.org
2014-03-27 08:55:58,annotathon.org
2014-03-27 08:56:28,annotathon.org
2014-03-27 08:56:58,annotathon.org
2014-03-27 08:57:28,annotathon.org
2014-03-27 08:57:58,annotathon.org
2014-03-27 08:57:59,www.ncbi.nlm.nih.gov
2014-03-27 08:58:28,annotathon.org
2014-03-27 08:58:58,annotathon.org
2014-03-27 08:59:28,annotathon.org
2014-03-27 08:59:58,annotathon.org
2014-03-27 09:00:28,annotathon.org
2014-03-27 09:00:58,annotathon.org
2014-03-27 09:01:28,annotathon.org
2014-03-27 09:01:58,annotathon.org
2014-03-27 09:02:28,annotathon.org
2014-03-27 09:02:58,annotathon.org
2014-03-27 09:03:28,annotathon.org
2014-03-27 09:03:58,annotathon.org
2014-03-27 09:04:28,annotathon.org
2014-03-27 09:04:58,annotathon.org
2014-03-27 09:05:28,annotathon.org
2014-03-27 09:05:58,annotathon.org
2014-03-27 09:06:28,annotathon.org
2014-03-27 09:06:58,annotathon.org
2014-03-27 09:07:28,annotathon.org
2014-03-27 09:07:58,annotathon.org
2014-03-27 09:08:28,annotathon.org
2014-03-27 09:08:58,annotathon.org
2014-03-27 09:09:28,annotathon.org
2014-03-27 09:09:58,annotathon.org
2014-03-27 09:10:28,annotathon.org
2014-03-27 09:10:58,annotathon.org
2014-03-27 09:11:28,annotathon.org
2014-03-27 09:11:58,annotathon.org
2014-03-27 09:12:28,annotathon.org
2014-03-27 09:12:58,annotathon.org
2014-03-27 09:13:28,annotathon.org
2014-03-27 09:13:58,annotathon.org
2014-03-27 09:14:28,annotathon.org
2014-03-27 09:14:58,annotathon.org
2014-03-27 09:15:04,safebrowsing-cache.google.com
2014-03-27 09:15:04,safebrowsing.clients.google.com
2014-03-27 09:15:28,annotathon.org
2014-03-27 09:15:58,annotathon.org
2014-03-27 09:16:28,annotathon.org
2014-03-27 09:16:58,annotathon.org
2014-03-27 09:17:28,annotathon.org
2014-03-27 09:17:58,annotathon.org
2014-03-27 09:18:28,annotathon.org
2014-03-27 09:18:58,annotathon.org
2014-03-27 09:19:28,annotathon.org
2014-03-27 09:19:58,annotathon.org
2014-03-27 09:20:28,annotathon.org
2014-03-27 09:20:58,annotathon.org
2014-03-27 09:21:07,blast.ncbi.nlm.nih.gov
2014-03-27 09:21:09,blast.ncbi.nlm.nih.gov
2014-03-27 09:21:10,www.ncbi.nlm.nih.gov
2014-03-27 09:21:11,blast.ncbi.nlm.nih.gov
2014-03-27 09:21:13,www.ncbi.nlm.nih.gov
2014-03-27 09:21:14,blast.ncbi.nlm.nih.gov
2014-03-27 09:21:16,www.ncbi.nlm.nih.gov
2014-03-27 09:21:16,blast.ncbi.nlm.nih.gov
2014-03-27 09:21:18,www.ncbi.nlm.nih.gov
2014-03-27 09:21:19,blast.ncbi.nlm.nih.gov
2014-03-27 09:21:21,www.ncbi.nlm.nih.gov
2014-03-27 09:21:22,blast.ncbi.nlm.nih.gov
2014-03-27 09:21:24,www.ncbi.nlm.nih.gov
2014-03-27 09:21:24,blast.ncbi.nlm.nih.gov
2014-03-27 09:21:27,www.ncbi.nlm.nih.gov
2014-03-27 09:21:28,annotathon.org
2014-03-27 09:21:29,blast.ncbi.nlm.nih.gov
2014-03-27 09:21:31,blast.ncbi.nlm.nih.gov
2014-03-27 09:21:32,www.ncbi.nlm.nih.gov
2014-03-27 09:21:32,blast.ncbi.nlm.nih.gov
2014-03-27 09:21:33,blast.ncbi.nlm.nih.gov
2014-03-27 09:21:34,blast.ncbi.nlm.nih.gov
2014-03-27 09:21:39,blast.ncbi.nlm.nih.gov
2014-03-27 09:21:40,blast.ncbi.nlm.nih.gov
2014-03-27 09:21:41,blast.ncbi.nlm.nih.gov
2014-03-27 09:21:45,blast.ncbi.nlm.nih.gov
2014-03-27 09:21:47,blast.ncbi.nlm.nih.gov
2014-03-27 09:21:48,blast.ncbi.nlm.nih.gov
2014-03-27 09:21:49,blast.ncbi.nlm.nih.gov
2014-03-27 09:21:51,blast.ncbi.nlm.nih.gov
2014-03-27 09:21:53,blast.ncbi.nlm.nih.gov
2014-03-27 09:21:56,blast.ncbi.nlm.nih.gov
2014-03-27 09:21:58,blast.ncbi.nlm.nih.gov
2014-03-27 09:21:58,annotathon.org
2014-03-27 09:21:59,blast.ncbi.nlm.nih.gov
2014-03-27 09:22:00,blast.ncbi.nlm.nih.gov
2014-03-27 09:22:04,blast.ncbi.nlm.nih.gov
2014-03-27 09:22:06,blast.ncbi.nlm.nih.gov
2014-03-27 09:22:07,blast.ncbi.nlm.nih.gov
2014-03-27 09:22:08,blast.ncbi.nlm.nih.gov
2014-03-27 09:22:13,blast.ncbi.nlm.nih.gov
2014-03-27 09:22:16,blast.ncbi.nlm.nih.gov
2014-03-27 09:22:17,blast.ncbi.nlm.nih.gov
2014-03-27 09:22:18,blast.ncbi.nlm.nih.gov
2014-03-27 09:22:23,blast.ncbi.nlm.nih.gov
2014-03-27 09:22:28,blast.ncbi.nlm.nih.gov
2014-03-27 09:22:28,annotathon.org
2014-03-27 09:22:29,blast.ncbi.nlm.nih.gov
2014-03-27 09:22:34,blast.ncbi.nlm.nih.gov
2014-03-27 09:22:35,blast.ncbi.nlm.nih.gov
2014-03-27 09:22:47,blast.ncbi.nlm.nih.gov
2014-03-27 09:22:55,blast.ncbi.nlm.nih.gov
2014-03-27 09:22:57,blast.ncbi.nlm.nih.gov
2014-03-27 09:22:58,annotathon.org
2014-03-27 09:22:59,blast.ncbi.nlm.nih.gov
2014-03-27 09:23:01,www.ncbi.nlm.nih.gov
2014-03-27 09:23:01,blast.ncbi.nlm.nih.gov
2014-03-27 09:23:02,www.ncbi.nlm.nih.gov
2014-03-27 09:23:10,blast.ncbi.nlm.nih.gov
2014-03-27 09:23:11,blast.ncbi.nlm.nih.gov
2014-03-27 09:23:13,www.ncbi.nlm.nih.gov
2014-03-27 09:23:14,blast.ncbi.nlm.nih.gov
2014-03-27 09:23:16,blast.ncbi.nlm.nih.gov
2014-03-27 09:23:16,www.ncbi.nlm.nih.gov
2014-03-27 09:23:18,www.ncbi.nlm.nih.gov
2014-03-27 09:23:19,blast.ncbi.nlm.nih.gov
2014-03-27 09:23:21,blast.ncbi.nlm.nih.gov
2014-03-27 09:23:21,www.ncbi.nlm.nih.gov
2014-03-27 09:23:24,www.ncbi.nlm.nih.gov
2014-03-27 09:23:28,annotathon.org
2014-03-27 09:23:29,blast.ncbi.nlm.nih.gov
2014-03-27 09:23:31,www.ncbi.nlm.nih.gov
2014-03-27 09:23:42,blast.ncbi.nlm.nih.gov
2014-03-27 09:23:45,www.ncbi.nlm.nih.gov
2014-03-27 09:23:58,annotathon.org
2014-03-27 09:24:00,blast.ncbi.nlm.nih.gov
2014-03-27 09:24:05,www.ncbi.nlm.nih.gov
2014-03-27 09:24:23,blast.ncbi.nlm.nih.gov
2014-03-27 09:24:26,www.ncbi.nlm.nih.gov
2014-03-27 09:24:28,annotathon.org
2014-03-27 09:24:50,blast.ncbi.nlm.nih.gov
2014-03-27 09:24:52,blast.ncbi.nlm.nih.gov
2014-03-27 09:24:52,www.ncbi.nlm.nih.gov
2014-03-27 09:24:54,blast.ncbi.nlm.nih.gov
2014-03-27 09:24:55,blast.ncbi.nlm.nih.gov
2014-03-27 09:24:56,www.ncbi.nlm.nih.gov
2014-03-27 09:24:57,blast.ncbi.nlm.nih.gov
2014-03-27 09:24:58,blast.ncbi.nlm.nih.gov
2014-03-27 09:24:58,annotathon.org
2014-03-27 09:24:59,www.ncbi.nlm.nih.gov
2014-03-27 09:25:00,blast.ncbi.nlm.nih.gov
2014-03-27 09:25:01,blast.ncbi.nlm.nih.gov
2014-03-27 09:25:02,www.ncbi.nlm.nih.gov
2014-03-27 09:25:03,blast.ncbi.nlm.nih.gov
2014-03-27 09:25:05,blast.ncbi.nlm.nih.gov
2014-03-27 09:25:05,www.ncbi.nlm.nih.gov
2014-03-27 09:25:06,blast.ncbi.nlm.nih.gov
2014-03-27 09:25:08,blast.ncbi.nlm.nih.gov
2014-03-27 09:25:09,www.ncbi.nlm.nih.gov
2014-03-27 09:25:10,blast.ncbi.nlm.nih.gov
2014-03-27 09:25:11,blast.ncbi.nlm.nih.gov
2014-03-27 09:25:12,www.ncbi.nlm.nih.gov
2014-03-27 09:25:13,blast.ncbi.nlm.nih.gov
2014-03-27 09:25:14,blast.ncbi.nlm.nih.gov
2014-03-27 09:25:15,www.ncbi.nlm.nih.gov
2014-03-27 09:25:16,blast.ncbi.nlm.nih.gov
2014-03-27 09:25:18,blast.ncbi.nlm.nih.gov
2014-03-27 09:25:18,www.ncbi.nlm.nih.gov
2014-03-27 09:25:19,blast.ncbi.nlm.nih.gov
2014-03-27 09:25:21,blast.ncbi.nlm.nih.gov
2014-03-27 09:25:22,www.ncbi.nlm.nih.gov
2014-03-27 09:25:23,blast.ncbi.nlm.nih.gov
2014-03-27 09:25:24,blast.ncbi.nlm.nih.gov
2014-03-27 09:25:25,www.ncbi.nlm.nih.gov
2014-03-27 09:25:26,blast.ncbi.nlm.nih.gov
2014-03-27 09:25:27,blast.ncbi.nlm.nih.gov
2014-03-27 09:25:28,annotathon.org
2014-03-27 09:25:29,blast.ncbi.nlm.nih.gov
2014-03-27 09:25:29,www.ncbi.nlm.nih.gov
2014-03-27 09:25:31,blast.ncbi.nlm.nih.gov
2014-03-27 09:25:31,www.ncbi.nlm.nih.gov
2014-03-27 09:25:32,blast.ncbi.nlm.nih.gov
2014-03-27 09:25:34,blast.ncbi.nlm.nih.gov
2014-03-27 09:25:35,www.ncbi.nlm.nih.gov
2014-03-27 09:25:36,blast.ncbi.nlm.nih.gov
2014-03-27 09:25:37,blast.ncbi.nlm.nih.gov
2014-03-27 09:25:38,www.ncbi.nlm.nih.gov
2014-03-27 09:25:39,blast.ncbi.nlm.nih.gov
2014-03-27 09:25:40,blast.ncbi.nlm.nih.gov
2014-03-27 09:25:41,www.ncbi.nlm.nih.gov
2014-03-27 09:25:42,blast.ncbi.nlm.nih.gov
2014-03-27 09:25:43,blast.ncbi.nlm.nih.gov
2014-03-27 09:25:44,www.ncbi.nlm.nih.gov
2014-03-27 09:25:45,blast.ncbi.nlm.nih.gov
2014-03-27 09:25:46,blast.ncbi.nlm.nih.gov
2014-03-27 09:25:47,www.ncbi.nlm.nih.gov
2014-03-27 09:25:48,blast.ncbi.nlm.nih.gov
2014-03-27 09:25:50,blast.ncbi.nlm.nih.gov
2014-03-27 09:25:50,www.ncbi.nlm.nih.gov
2014-03-27 09:25:51,blast.ncbi.nlm.nih.gov
2014-03-27 09:25:53,blast.ncbi.nlm.nih.gov
2014-03-27 09:25:53,www.ncbi.nlm.nih.gov
2014-03-27 09:25:54,blast.ncbi.nlm.nih.gov
2014-03-27 09:25:56,blast.ncbi.nlm.nih.gov
2014-03-27 09:25:57,www.ncbi.nlm.nih.gov
2014-03-27 09:25:58,blast.ncbi.nlm.nih.gov
2014-03-27 09:25:58,annotathon.org
2014-03-27 09:25:59,blast.ncbi.nlm.nih.gov
2014-03-27 09:26:00,www.ncbi.nlm.nih.gov
2014-03-27 09:26:04,blast.ncbi.nlm.nih.gov
2014-03-27 09:26:06,blast.ncbi.nlm.nih.gov
2014-03-27 09:26:06,www.ncbi.nlm.nih.gov
2014-03-27 09:26:07,blast.ncbi.nlm.nih.gov
2014-03-27 09:26:09,blast.ncbi.nlm.nih.gov
2014-03-27 09:26:09,www.ncbi.nlm.nih.gov
2014-03-27 09:26:11,blast.ncbi.nlm.nih.gov
2014-03-27 09:26:12,blast.ncbi.nlm.nih.gov
2014-03-27 09:26:14,www.ncbi.nlm.nih.gov
2014-03-27 09:26:14,blast.ncbi.nlm.nih.gov
2014-03-27 09:26:16,www.ncbi.nlm.nih.gov
2014-03-27 09:26:16,blast.ncbi.nlm.nih.gov
2014-03-27 09:26:18,www.ncbi.nlm.nih.gov
2014-03-27 09:26:18,blast.ncbi.nlm.nih.gov
2014-03-27 09:26:19,blast.ncbi.nlm.nih.gov
2014-03-27 09:26:20,www.ncbi.nlm.nih.gov
2014-03-27 09:26:21,blast.ncbi.nlm.nih.gov
2014-03-27 09:26:23,blast.ncbi.nlm.nih.gov
2014-03-27 09:26:23,www.ncbi.nlm.nih.gov
2014-03-27 09:26:25,blast.ncbi.nlm.nih.gov
2014-03-27 09:26:26,blast.ncbi.nlm.nih.gov
2014-03-27 09:26:27,www.ncbi.nlm.nih.gov
2014-03-27 09:26:28,annotathon.org
2014-03-27 09:26:28,blast.ncbi.nlm.nih.gov
2014-03-27 09:26:30,blast.ncbi.nlm.nih.gov
2014-03-27 09:26:30,www.ncbi.nlm.nih.gov
2014-03-27 09:26:31,blast.ncbi.nlm.nih.gov
2014-03-27 09:26:33,blast.ncbi.nlm.nih.gov
2014-03-27 09:26:34,www.ncbi.nlm.nih.gov
2014-03-27 09:26:35,blast.ncbi.nlm.nih.gov
2014-03-27 09:26:36,blast.ncbi.nlm.nih.gov
2014-03-27 09:26:37,www.ncbi.nlm.nih.gov
2014-03-27 09:26:38,blast.ncbi.nlm.nih.gov
2014-03-27 09:26:40,blast.ncbi.nlm.nih.gov
2014-03-27 09:26:41,www.ncbi.nlm.nih.gov
2014-03-27 09:26:42,blast.ncbi.nlm.nih.gov
2014-03-27 09:26:43,blast.ncbi.nlm.nih.gov
2014-03-27 09:26:43,www.ncbi.nlm.nih.gov
2014-03-27 09:26:45,blast.ncbi.nlm.nih.gov
2014-03-27 09:26:45,www.ncbi.nlm.nih.gov
2014-03-27 09:26:47,blast.ncbi.nlm.nih.gov
2014-03-27 09:26:48,blast.ncbi.nlm.nih.gov
2014-03-27 09:26:49,www.ncbi.nlm.nih.gov
2014-03-27 09:26:50,blast.ncbi.nlm.nih.gov
2014-03-27 09:26:52,www.ncbi.nlm.nih.gov
2014-03-27 09:26:52,blast.ncbi.nlm.nih.gov
2014-03-27 09:26:53,blast.ncbi.nlm.nih.gov
2014-03-27 09:26:54,www.ncbi.nlm.nih.gov
2014-03-27 09:26:55,blast.ncbi.nlm.nih.gov
2014-03-27 09:26:57,blast.ncbi.nlm.nih.gov
2014-03-27 09:26:57,www.ncbi.nlm.nih.gov
2014-03-27 09:26:58,annotathon.org
2014-03-27 09:26:59,www.ncbi.nlm.nih.gov
2014-03-27 09:26:59,blast.ncbi.nlm.nih.gov
2014-03-27 09:27:00,blast.ncbi.nlm.nih.gov
2014-03-27 09:27:01,www.ncbi.nlm.nih.gov
2014-03-27 09:27:02,blast.ncbi.nlm.nih.gov
2014-03-27 09:27:04,www.ncbi.nlm.nih.gov
2014-03-27 09:27:04,blast.ncbi.nlm.nih.gov
2014-03-27 09:27:06,blast.ncbi.nlm.nih.gov
2014-03-27 09:27:07,blast.ncbi.nlm.nih.gov
2014-03-27 09:27:07,www.ncbi.nlm.nih.gov
2014-03-27 09:27:09,blast.ncbi.nlm.nih.gov
2014-03-27 09:27:11,blast.ncbi.nlm.nih.gov
2014-03-27 09:27:11,www.ncbi.nlm.nih.gov
2014-03-27 09:27:13,www.ncbi.nlm.nih.gov
2014-03-27 09:27:13,blast.ncbi.nlm.nih.gov
2014-03-27 09:27:14,www.ncbi.nlm.nih.gov
2014-03-27 09:27:14,blast.ncbi.nlm.nih.gov
2014-03-27 09:27:16,www.ncbi.nlm.nih.gov
2014-03-27 09:27:16,blast.ncbi.nlm.nih.gov
2014-03-27 09:27:18,blast.ncbi.nlm.nih.gov
2014-03-27 09:27:19,blast.ncbi.nlm.nih.gov
2014-03-27 09:27:20,www.ncbi.nlm.nih.gov
2014-03-27 09:27:21,blast.ncbi.nlm.nih.gov
2014-03-27 09:27:23,www.ncbi.nlm.nih.gov
2014-03-27 09:27:23,blast.ncbi.nlm.nih.gov
2014-03-27 09:27:24,blast.ncbi.nlm.nih.gov
2014-03-27 09:27:26,www.ncbi.nlm.nih.gov
2014-03-27 09:27:26,blast.ncbi.nlm.nih.gov
2014-03-27 09:27:28,www.ncbi.nlm.nih.gov
2014-03-27 09:27:28,blast.ncbi.nlm.nih.gov
2014-03-27 09:27:28,annotathon.org
2014-03-27 09:27:30,blast.ncbi.nlm.nih.gov
2014-03-27 09:27:31,blast.ncbi.nlm.nih.gov
2014-03-27 09:27:32,www.ncbi.nlm.nih.gov
2014-03-27 09:27:33,blast.ncbi.nlm.nih.gov
2014-03-27 09:27:35,blast.ncbi.nlm.nih.gov
2014-03-27 09:27:35,www.ncbi.nlm.nih.gov
2014-03-27 09:27:36,blast.ncbi.nlm.nih.gov
2014-03-27 09:27:37,www.ncbi.nlm.nih.gov
2014-03-27 09:27:38,blast.ncbi.nlm.nih.gov
2014-03-27 09:27:40,blast.ncbi.nlm.nih.gov
2014-03-27 09:27:41,www.ncbi.nlm.nih.gov
2014-03-27 09:27:41,blast.ncbi.nlm.nih.gov
2014-03-27 09:27:43,blast.ncbi.nlm.nih.gov
2014-03-27 09:27:43,www.ncbi.nlm.nih.gov
2014-03-27 09:27:45,blast.ncbi.nlm.nih.gov
2014-03-27 09:27:47,blast.ncbi.nlm.nih.gov
2014-03-27 09:27:47,www.ncbi.nlm.nih.gov
2014-03-27 09:27:48,blast.ncbi.nlm.nih.gov
2014-03-27 09:27:49,www.ncbi.nlm.nih.gov
2014-03-27 09:27:50,blast.ncbi.nlm.nih.gov
2014-03-27 09:27:52,blast.ncbi.nlm.nih.gov
2014-03-27 09:27:52,www.ncbi.nlm.nih.gov
2014-03-27 09:27:54,blast.ncbi.nlm.nih.gov
2014-03-27 09:27:55,www.ncbi.nlm.nih.gov
2014-03-27 09:27:55,blast.ncbi.nlm.nih.gov
2014-03-27 09:27:57,blast.ncbi.nlm.nih.gov
2014-03-27 09:27:58,annotathon.org
2014-03-27 09:27:59,blast.ncbi.nlm.nih.gov
2014-03-27 09:27:59,www.ncbi.nlm.nih.gov
2014-03-27 09:28:00,blast.ncbi.nlm.nih.gov
2014-03-27 09:28:02,www.ncbi.nlm.nih.gov
2014-03-27 09:28:02,blast.ncbi.nlm.nih.gov
2014-03-27 09:28:04,blast.ncbi.nlm.nih.gov
2014-03-27 09:28:09,www.ncbi.nlm.nih.gov
2014-03-27 09:28:28,annotathon.org
2014-03-27 09:28:59,annotathon.org
2014-03-27 09:29:26,blast.ncbi.nlm.nih.gov
2014-03-27 09:29:27,blast.ncbi.nlm.nih.gov
2014-03-27 09:29:28,annotathon.org
2014-03-27 09:29:31,blast.ncbi.nlm.nih.gov
2014-03-27 09:29:32,blast.ncbi.nlm.nih.gov
2014-03-27 09:29:39,blast.ncbi.nlm.nih.gov
2014-03-27 09:29:44,blast.ncbi.nlm.nih.gov
2014-03-27 09:29:52,blast.ncbi.nlm.nih.gov
2014-03-27 09:29:53,blast.ncbi.nlm.nih.gov
2014-03-27 09:29:57,blast.ncbi.nlm.nih.gov
2014-03-27 09:29:59,annotathon.org
2014-03-27 09:30:18,blast.ncbi.nlm.nih.gov
2014-03-27 09:30:20,blast.ncbi.nlm.nih.gov
2014-03-27 09:30:41,blast.ncbi.nlm.nih.gov
2014-03-27 09:30:42,blast.ncbi.nlm.nih.gov
2014-03-27 09:30:42,annotathon.org
2014-03-27 09:30:43,blast.ncbi.nlm.nih.gov
2014-03-27 09:31:11,blast.ncbi.nlm.nih.gov
2014-03-27 09:31:11,annotathon.org
2014-03-27 09:31:13,blast.ncbi.nlm.nih.gov
2014-03-27 09:31:41,annotathon.org
2014-03-27 09:32:11,annotathon.org
2014-03-27 09:32:41,annotathon.org
2014-03-27 09:33:11,annotathon.org
2014-03-27 09:33:41,annotathon.org
2014-03-27 09:34:11,blast.ncbi.nlm.nih.gov
2014-03-27 09:34:11,annotathon.org
2014-03-27 09:34:13,blast.ncbi.nlm.nih.gov
2014-03-27 09:34:15,www.ncbi.nlm.nih.gov
2014-03-27 09:34:15,blast.ncbi.nlm.nih.gov
2014-03-27 09:34:17,www.ncbi.nlm.nih.gov
2014-03-27 09:34:18,blast.ncbi.nlm.nih.gov
2014-03-27 09:34:20,blast.ncbi.nlm.nih.gov
2014-03-27 09:34:20,www.ncbi.nlm.nih.gov
2014-03-27 09:34:22,www.ncbi.nlm.nih.gov
2014-03-27 09:34:23,blast.ncbi.nlm.nih.gov
2014-03-27 09:34:25,www.ncbi.nlm.nih.gov
2014-03-27 09:34:26,blast.ncbi.nlm.nih.gov
2014-03-27 09:34:28,www.ncbi.nlm.nih.gov
2014-03-27 09:34:29,blast.ncbi.nlm.nih.gov
2014-03-27 09:34:31,www.ncbi.nlm.nih.gov
2014-03-27 09:34:41,annotathon.org
2014-03-27 09:34:46,blast.ncbi.nlm.nih.gov
2014-03-27 09:34:49,www.ncbi.nlm.nih.gov
2014-03-27 09:35:09,blast.ncbi.nlm.nih.gov
2014-03-27 09:35:11,annotathon.org
2014-03-27 09:35:31,www.ncbi.nlm.nih.gov
2014-03-27 09:35:37,blast.ncbi.nlm.nih.gov
2014-03-27 09:35:38,blast.ncbi.nlm.nih.gov
2014-03-27 09:35:41,www.ncbi.nlm.nih.gov
2014-03-27 09:35:41,annotathon.org
2014-03-27 09:35:43,blast.ncbi.nlm.nih.gov
2014-03-27 09:35:44,blast.ncbi.nlm.nih.gov
2014-03-27 09:35:46,blast.ncbi.nlm.nih.gov
2014-03-27 09:35:48,blast.ncbi.nlm.nih.gov
2014-03-27 09:35:57,blast.ncbi.nlm.nih.gov
2014-03-27 09:35:58,blast.ncbi.nlm.nih.gov
2014-03-27 09:36:11,annotathon.org
2014-03-27 09:36:11,blast.ncbi.nlm.nih.gov
2014-03-27 09:36:13,blast.ncbi.nlm.nih.gov
2014-03-27 09:36:25,blast.ncbi.nlm.nih.gov
2014-03-27 09:36:27,blast.ncbi.nlm.nih.gov
2014-03-27 09:36:29,www.ncbi.nlm.nih.gov
2014-03-27 09:36:29,blast.ncbi.nlm.nih.gov
2014-03-27 09:36:31,www.ncbi.nlm.nih.gov
2014-03-27 09:36:32,blast.ncbi.nlm.nih.gov
2014-03-27 09:36:34,www.ncbi.nlm.nih.gov
2014-03-27 09:36:34,blast.ncbi.nlm.nih.gov
2014-03-27 09:36:36,www.ncbi.nlm.nih.gov
2014-03-27 09:36:37,blast.ncbi.nlm.nih.gov
2014-03-27 09:36:39,www.ncbi.nlm.nih.gov
2014-03-27 09:36:40,blast.ncbi.nlm.nih.gov
2014-03-27 09:36:41,annotathon.org
2014-03-27 09:36:42,www.ncbi.nlm.nih.gov
2014-03-27 09:36:43,blast.ncbi.nlm.nih.gov
2014-03-27 09:36:45,www.ncbi.nlm.nih.gov
2014-03-27 09:36:47,blast.ncbi.nlm.nih.gov
2014-03-27 09:36:55,blast.ncbi.nlm.nih.gov
2014-03-27 09:37:03,www.ncbi.nlm.nih.gov
2014-03-27 09:37:04,blast.ncbi.nlm.nih.gov
2014-03-27 09:37:06,www.ncbi.nlm.nih.gov
2014-03-27 09:37:11,annotathon.org
2014-03-27 09:37:14,blast.ncbi.nlm.nih.gov
2014-03-27 09:37:17,www.ncbi.nlm.nih.gov
2014-03-27 09:37:32,blast.ncbi.nlm.nih.gov
2014-03-27 09:37:33,blast.ncbi.nlm.nih.gov
2014-03-27 09:37:35,www.ncbi.nlm.nih.gov
2014-03-27 09:37:36,blast.ncbi.nlm.nih.gov
2014-03-27 09:37:38,www.ncbi.nlm.nih.gov
2014-03-27 09:37:38,blast.ncbi.nlm.nih.gov
2014-03-27 09:37:40,www.ncbi.nlm.nih.gov
2014-03-27 09:37:41,blast.ncbi.nlm.nih.gov
2014-03-27 09:37:41,annotathon.org
2014-03-27 09:37:43,www.ncbi.nlm.nih.gov
2014-03-27 09:37:44,blast.ncbi.nlm.nih.gov
2014-03-27 09:37:46,www.ncbi.nlm.nih.gov
2014-03-27 09:37:51,blast.ncbi.nlm.nih.gov
2014-03-27 09:38:03,www.ncbi.nlm.nih.gov
2014-03-27 09:38:04,blast.ncbi.nlm.nih.gov
2014-03-27 09:38:05,blast.ncbi.nlm.nih.gov
2014-03-27 09:38:07,blast.ncbi.nlm.nih.gov
2014-03-27 09:38:07,www.ncbi.nlm.nih.gov
2014-03-27 09:38:08,blast.ncbi.nlm.nih.gov
2014-03-27 09:38:09,www.ncbi.nlm.nih.gov
2014-03-27 09:38:10,blast.ncbi.nlm.nih.gov
2014-03-27 09:38:11,annotathon.org
2014-03-27 09:38:11,blast.ncbi.nlm.nih.gov
2014-03-27 09:38:12,www.ncbi.nlm.nih.gov
2014-03-27 09:38:12,blast.ncbi.nlm.nih.gov
2014-03-27 09:38:13,blast.ncbi.nlm.nih.gov
2014-03-27 09:38:15,www.ncbi.nlm.nih.gov
2014-03-27 09:38:17,blast.ncbi.nlm.nih.gov
2014-03-27 09:38:18,blast.ncbi.nlm.nih.gov
2014-03-27 09:38:19,blast.ncbi.nlm.nih.gov
2014-03-27 09:38:23,blast.ncbi.nlm.nih.gov
2014-03-27 09:38:24,blast.ncbi.nlm.nih.gov
2014-03-27 09:38:29,blast.ncbi.nlm.nih.gov
2014-03-27 09:38:30,blast.ncbi.nlm.nih.gov
2014-03-27 09:38:31,blast.ncbi.nlm.nih.gov
2014-03-27 09:38:41,annotathon.org
2014-03-27 09:38:46,blast.ncbi.nlm.nih.gov
2014-03-27 09:38:48,blast.ncbi.nlm.nih.gov
2014-03-27 09:38:49,www.ncbi.nlm.nih.gov
2014-03-27 09:38:53,www.ncbi.nlm.nih.gov
2014-03-27 09:38:53,www.squid-cache.org
2014-03-27 09:39:11,annotathon.org
2014-03-27 09:39:12,blast.ncbi.nlm.nih.gov
2014-03-27 09:39:14,blast.ncbi.nlm.nih.gov
2014-03-27 09:39:15,blast.ncbi.nlm.nih.gov
2014-03-27 09:39:17,www.ncbi.nlm.nih.gov
2014-03-27 09:39:18,blast.ncbi.nlm.nih.gov
2014-03-27 09:39:20,blast.ncbi.nlm.nih.gov
2014-03-27 09:39:23,blast.ncbi.nlm.nih.gov
2014-03-27 09:39:25,blast.ncbi.nlm.nih.gov
2014-03-27 09:39:33,www.ncbi.nlm.nih.gov
2014-03-27 09:39:34,blast.ncbi.nlm.nih.gov
2014-03-27 09:39:41,annotathon.org
2014-03-27 09:39:44,www.ncbi.nlm.nih.gov
2014-03-27 09:39:47,blast.ncbi.nlm.nih.gov
2014-03-27 09:39:49,blast.ncbi.nlm.nih.gov
2014-03-27 09:39:49,www.ncbi.nlm.nih.gov
2014-03-27 09:39:50,blast.ncbi.nlm.nih.gov
2014-03-27 09:39:51,blast.ncbi.nlm.nih.gov
2014-03-27 09:39:53,blast.ncbi.nlm.nih.gov
2014-03-27 09:39:54,blast.ncbi.nlm.nih.gov
2014-03-27 09:39:54,www.ncbi.nlm.nih.gov
2014-03-27 09:39:56,www.ncbi.nlm.nih.gov
2014-03-27 09:39:59,static.pubmed.gov
2014-03-27 09:39:59,www.ncbi.nlm.nih.gov
2014-03-27 09:40:00,www.ncbi.nlm.nih.gov
2014-03-27 09:40:00,static.pubmed.gov
2014-03-27 09:40:11,annotathon.org
2014-03-27 09:40:22,blast.ncbi.nlm.nih.gov
2014-03-27 09:40:23,blast.ncbi.nlm.nih.gov
2014-03-27 09:40:24,blast.ncbi.nlm.nih.gov
2014-03-27 09:40:29,blast.ncbi.nlm.nih.gov
2014-03-27 09:40:30,blast.ncbi.nlm.nih.gov
2014-03-27 09:40:41,annotathon.org
2014-03-27 09:41:11,annotathon.org
2014-03-27 09:41:41,annotathon.org
2014-03-27 09:42:11,annotathon.org
2014-03-27 09:42:14,blast.ncbi.nlm.nih.gov
2014-03-27 09:42:18,blast.ncbi.nlm.nih.gov
2014-03-27 09:42:21,blast.ncbi.nlm.nih.gov
2014-03-27 09:42:22,www.ncbi.nlm.nih.gov
2014-03-27 09:42:24,www.ncbi.nlm.nih.gov
2014-03-27 09:42:26,www.ncbi.nlm.nih.gov
2014-03-27 09:42:27,www.ncbi.nlm.nih.gov
2014-03-27 09:42:41,annotathon.org
2014-03-27 09:43:11,annotathon.org
2014-03-27 09:43:40,www.ncbi.nlm.nih.gov
2014-03-27 09:43:40,static.pubmed.gov
2014-03-27 09:43:41,annotathon.org
2014-03-27 09:43:59,www.ncbi.nlm.nih.gov
2014-03-27 09:44:00,www.ncbi.nlm.nih.gov
2014-03-27 09:44:05,www.ncbi.nlm.nih.gov
2014-03-27 09:44:06,www.ncbi.nlm.nih.gov
2014-03-27 09:44:09,www.ncbi.nlm.nih.gov
2014-03-27 09:44:10,www.ncbi.nlm.nih.gov
2014-03-27 09:44:11,annotathon.org
2014-03-27 09:44:12,www.ncbi.nlm.nih.gov
2014-03-27 09:44:13,www.ncbi.nlm.nih.gov
2014-03-27 09:44:41,annotathon.org
2014-03-27 09:45:11,annotathon.org
2014-03-27 09:45:18,safebrowsing.clients.google.com
2014-03-27 09:45:18,safebrowsing-cache.google.com
2014-03-27 09:45:41,annotathon.org
2014-03-27 09:46:02,www.ncbi.nlm.nih.gov
2014-03-27 09:46:07,www.ncbi.nlm.nih.gov
2014-03-27 09:46:08,www.ncbi.nlm.nih.gov
2014-03-27 09:46:09,www.ncbi.nlm.nih.gov
2014-03-27 09:46:09,static.pubmed.gov
2014-03-27 09:46:11,annotathon.org
2014-03-27 09:46:32,www.ncbi.nlm.nih.gov
2014-03-27 09:46:34,www.ncbi.nlm.nih.gov
2014-03-27 09:46:40,www.ncbi.nlm.nih.gov
2014-03-27 09:46:41,annotathon.org
2014-03-27 09:46:46,www.ncbi.nlm.nih.gov
2014-03-27 09:46:47,www.ncbi.nlm.nih.gov
2014-03-27 09:46:51,www.ncbi.nlm.nih.gov
2014-03-27 09:46:52,www.ncbi.nlm.nih.gov
2014-03-27 09:47:11,annotathon.org
2014-03-27 09:47:41,annotathon.org
2014-03-27 09:48:11,annotathon.org
2014-03-27 09:48:38,www.ncbi.nlm.nih.gov
2014-03-27 09:48:41,annotathon.org
2014-03-27 09:48:44,www.ncbi.nlm.nih.gov
2014-03-27 09:48:45,www.ncbi.nlm.nih.gov
2014-03-27 09:49:05,www.ncbi.nlm.nih.gov
2014-03-27 09:49:11,annotathon.org
2014-03-27 09:49:41,annotathon.org
2014-03-27 09:50:11,annotathon.org
2014-03-27 09:50:41,www.ncbi.nlm.nih.gov
2014-03-27 09:50:41,annotathon.org
2014-03-27 09:50:42,www.ncbi.nlm.nih.gov
2014-03-27 09:50:43,www.ncbi.nlm.nih.gov
2014-03-27 09:50:45,www.ncbi.nlm.nih.gov
2014-03-27 09:50:46,static.pubmed.gov
2014-03-27 09:50:47,static.pubmed.gov
2014-03-27 09:50:47,www.ncbi.nlm.nih.gov
2014-03-27 09:50:48,www.ncbi.nlm.nih.gov
2014-03-27 09:50:49,www.ncbi.nlm.nih.gov
2014-03-27 09:50:50,www.ncbi.nlm.nih.gov
2014-03-27 09:50:52,www.ncbi.nlm.nih.gov
2014-03-27 09:51:11,annotathon.org
2014-03-27 09:51:41,annotathon.org
2014-03-27 09:52:11,annotathon.org
2014-03-27 09:52:41,annotathon.org
2014-03-27 09:53:11,annotathon.org
2014-03-27 09:53:41,annotathon.org
2014-03-27 09:54:11,annotathon.org
2014-03-27 09:54:41,annotathon.org
2014-03-27 09:55:11,annotathon.org
2014-03-27 09:55:41,annotathon.org
2014-03-27 09:56:02,annotathon.org
2014-03-27 09:56:26,annotathon.org
2014-03-27 09:56:27,annotathon.org
2014-03-27 09:56:57,annotathon.org
2014-03-27 09:57:24,blast.ncbi.nlm.nih.gov
2014-03-27 09:57:26,blast.ncbi.nlm.nih.gov
2014-03-27 09:57:27,annotathon.org
2014-03-27 09:57:27,blast.ncbi.nlm.nih.gov
2014-03-27 09:57:32,blast.ncbi.nlm.nih.gov
2014-03-27 09:57:33,blast.ncbi.nlm.nih.gov
2014-03-27 09:57:57,annotathon.org
2014-03-27 09:58:27,annotathon.org
2014-03-27 09:58:57,annotathon.org
2014-03-27 09:59:27,annotathon.org
2014-03-27 09:59:57,annotathon.org
2014-03-27 10:00:07,www.ncbi.nlm.nih.gov
2014-03-27 10:00:09,blast.ncbi.nlm.nih.gov
2014-03-27 10:00:10,blast.ncbi.nlm.nih.gov
2014-03-27 10:00:27,annotathon.org
2014-03-27 10:00:57,annotathon.org
2014-03-27 10:01:27,annotathon.org
2014-03-27 10:01:34,annotathon.org
2014-04-04 10:02:51,www.squid-cache.org
2014-04-04 10:02:56,gtglobal-ocsp.geotrust.com
2014-04-04 10:02:56,clients1.google.com
2014-04-04 10:02:57,clients1.google.com
2014-04-04 10:03:04,www.google.fr
2014-04-04 10:03:06,annotathon.org
2014-04-04 10:03:07,annotathon.org
2014-04-04 10:03:26,www.google.fr
2014-04-04 10:03:26,www.hotmail.fr
2014-04-04 10:03:27,evintl-ocsp.verisign.com
2014-04-04 10:03:27,evsecure-ocsp.verisign.com
2014-04-04 10:03:27,login.live.com
2014-04-04 10:03:31,ocsp.digicert.com
2014-04-04 10:03:31,login.live.com
2014-04-04 10:03:32,ocsp.digicert.com
2014-04-04 10:03:42,annotathon.org
2014-04-04 10:03:43,windowslive.tt.omtrdc.net
2014-04-04 10:03:47,gtssl-ocsp.geotrust.com
2014-04-04 10:04:03,annotathon.org
2014-04-04 10:04:05,annotathon.univ-mrs.fr
2014-04-04 10:04:05,annotathon.org
2014-04-04 10:04:06,annotathon.org
2014-04-04 10:04:18,login.live.com
2014-04-04 10:04:19,evintl-ocsp.verisign.com
2014-04-04 10:04:19,login.live.com
2014-04-04 10:04:22,ocsp.verisign.com
2014-04-04 10:04:36,annotathon.org
2014-04-04 10:04:48,login.live.com
2014-04-04 10:04:48,g.live.com
2014-04-04 10:04:48,dub113.mail.live.com
2014-04-04 10:04:50,fr.msn.com
2014-04-04 10:04:50,www.bing.com
2014-04-04 10:04:51,www.bing.com
2014-04-04 10:04:51,api.bing.com
2014-04-04 10:04:51,c.fr.msn.com
2014-04-04 10:04:52,c.fr.msn.com
2014-04-04 10:04:52,platform.twitter.com
2014-04-04 10:04:52,h2.msn.com
2014-04-04 10:04:52,fr.msn.com
2014-04-04 10:04:52,ia.nspmotion.com
2014-04-04 10:04:52,msfs.nspmotion.com
2014-04-04 10:04:53,platform.twitter.com
2014-04-04 10:04:53,gtssl-ocsp.geotrust.com
2014-04-04 10:04:53,g.msn.com
2014-04-04 10:04:53,msfs.nspmotion.com
2014-04-04 10:04:54,connect.facebook.net
2014-04-04 10:04:54,fr.msn.com
2014-04-04 10:04:54,www.bing.com
2014-04-04 10:04:54,platform.twitter.com
2014-04-04 10:04:55,ocsp.verisign.com
2014-04-04 10:04:55,evsecure-ocsp.verisign.com
2014-04-04 10:04:55,windowslive.tt.omtrdc.net
2014-04-04 10:04:55,static.ak.facebook.com
2014-04-04 10:04:55,www.facebook.com
2014-04-04 10:04:56,fr.msn.com
2014-04-04 10:04:56,login.live.com
2014-04-04 10:04:57,www.google.fr
2014-04-04 10:04:58,www.phylogeny.fr
2014-04-04 10:05:01,windowslive.tt.omtrdc.net
2014-04-04 10:05:06,annotathon.org
2014-04-04 10:05:18,mail.live.com
2014-04-04 10:05:23,h.live.com
2014-04-04 10:05:24,h.bing.com
2014-04-04 10:05:26,people.directory.live.com
2014-04-04 10:05:26,twitter.com
2014-04-04 10:05:27,storage.live.com
2014-04-04 10:05:27,dub113.afx.ms
2014-04-04 10:05:28,dub113.mail.live.com
2014-04-04 10:05:29,dub113.mail.live.com
2014-04-04 10:05:30,dub113.mail.live.com
2014-04-04 10:05:36,annotathon.org
2014-04-04 10:05:45,cid-f4b12534fd4f207f.users.storage.live.com
2014-04-04 10:05:46,www.phylogeny.fr
2014-04-04 10:05:47,www.phylogeny.fr
2014-04-04 10:05:54,apis.google.com
2014-04-04 10:06:06,annotathon.org
2014-04-04 10:06:10,www.phylogeny.fr
2014-04-04 10:06:13,www.phylogeny.fr
2014-04-04 10:06:17,www.phylogeny.fr
2014-04-04 10:06:19,www.google.com
2014-04-04 10:06:20,p.sfx.ms
2014-04-04 10:06:22,www.google.fr
2014-04-04 10:06:22,secure.shared.live.com
2014-04-04 10:06:24,js.live.net
2014-04-04 10:06:28,safebrowsing-cache.google.com
2014-04-04 10:06:28,safebrowsing.clients.google.com
2014-04-04 10:06:36,annotathon.org
2014-04-04 10:06:43,go.trouter.io
2014-04-04 10:06:51,s-static.ak.facebook.com
2014-04-04 10:06:51,pbs.twimg.com
2014-04-04 10:06:52,platform.twitter.com
2014-04-04 10:06:52,login.secure.emea.msn.com
2014-04-04 10:06:56,javadl-esd-secure.oracle.com
2014-04-04 10:07:05,javadl-esd-secure.oracle.com
2014-04-04 10:07:06,annotathon.org
2014-04-04 10:07:36,annotathon.org
2014-04-04 10:07:56,www.facebook.com
2014-04-04 10:08:06,annotathon.org
2014-04-04 10:08:36,annotathon.org
2014-04-04 10:08:44,ocsp.thawte.com
2014-04-04 10:09:06,annotathon.org
2014-04-04 10:09:14,www.phylogeny.fr
2014-04-04 10:09:20,www.phylogeny.fr
2014-04-04 10:09:21,www.phylogeny.fr
2014-04-04 10:09:23,www.phylogeny.fr
2014-04-04 10:09:23,sb-ssl.google.com
2014-04-04 10:09:26,www.phylogeny.fr
2014-04-04 10:09:31,www.phylogeny.fr
2014-04-04 10:09:32,www.phylogeny.fr
2014-04-04 10:09:33,www.phylogeny.fr
2014-04-04 10:09:34,www.phylogeny.fr
2014-04-04 10:09:36,annotathon.org
2014-04-04 10:10:06,annotathon.org
2014-04-04 10:10:36,annotathon.org
2014-04-04 10:10:44,ocsp.verisign.com
2014-04-04 10:11:06,annotathon.org
2014-04-04 10:11:36,annotathon.org
2014-04-04 10:12:06,annotathon.org
2014-04-04 10:12:36,annotathon.org
2014-04-04 10:12:45,ocsp.digicert.com
2014-04-04 10:13:06,annotathon.org
2014-04-04 10:13:36,annotathon.org
2014-04-04 10:14:06,annotathon.org
2014-04-04 10:14:36,annotathon.org
2014-04-04 10:15:06,annotathon.org
2014-04-04 10:15:36,annotathon.org
2014-04-04 10:16:06,annotathon.org
2014-04-04 10:16:36,annotathon.org
2014-04-04 10:17:06,annotathon.org
2014-04-04 10:17:36,annotathon.org
2014-04-04 10:18:06,annotathon.org
2014-04-04 10:18:36,annotathon.org
2014-04-04 10:19:06,annotathon.org
2014-04-04 10:19:36,annotathon.org
2014-04-04 10:20:06,annotathon.org
2014-04-04 10:20:36,annotathon.org
2014-04-04 10:21:06,annotathon.org
2014-04-04 10:21:36,annotathon.org
2014-04-04 10:22:06,annotathon.org
2014-04-04 10:22:36,annotathon.org
2014-04-04 10:23:06,annotathon.org
2014-04-04 10:23:36,annotathon.org
2014-04-04 10:24:06,annotathon.org
2014-04-04 10:24:36,annotathon.org
2014-04-04 10:25:06,annotathon.org
2014-04-04 10:25:36,annotathon.org
2014-04-04 10:26:06,annotathon.org
2014-04-04 10:26:36,annotathon.org
2014-04-04 10:27:06,annotathon.org
2014-04-04 10:27:36,annotathon.org
2014-04-04 10:28:06,annotathon.org
2014-04-04 10:28:36,annotathon.org
2014-04-04 10:29:06,annotathon.org
2014-04-04 10:29:36,annotathon.org
2014-04-04 10:30:06,annotathon.org
2014-04-04 10:30:36,annotathon.org
2014-04-04 10:31:06,annotathon.org
2014-04-04 10:31:36,annotathon.org
2014-04-04 10:32:07,annotathon.org
2014-04-04 10:32:17,www.phylogeny.fr
2014-04-04 10:32:37,annotathon.org
2014-04-04 10:33:01,www.phylogeny.fr
2014-04-04 10:33:07,annotathon.org
2014-04-04 10:33:37,annotathon.org
2014-04-04 10:34:07,annotathon.org
2014-04-04 10:34:37,annotathon.org
2014-04-04 10:35:07,annotathon.org
2014-04-04 10:35:16,safebrowsing.clients.google.com
2014-04-04 10:35:16,safebrowsing-cache.google.com
2014-04-04 10:35:37,annotathon.org
2014-04-04 10:36:07,annotathon.org
2014-04-04 10:36:37,annotathon.org
2014-04-04 10:37:07,annotathon.org
2014-04-04 10:37:37,annotathon.org
2014-04-04 10:38:07,annotathon.org
2014-04-04 10:38:37,annotathon.org
2014-04-04 10:39:07,annotathon.org
2014-04-04 10:39:37,annotathon.org
2014-04-04 10:40:07,annotathon.org
2014-04-04 10:40:37,annotathon.org
2014-04-04 10:41:07,annotathon.org
2014-04-04 10:41:37,annotathon.org
2014-04-04 10:42:07,annotathon.org
2014-04-04 10:42:37,annotathon.org
2014-04-04 10:43:07,annotathon.org
2014-04-04 10:43:37,annotathon.org
2014-04-04 10:44:07,annotathon.org
2014-04-04 10:44:37,annotathon.org
2014-04-04 10:45:07,annotathon.org
2014-04-04 10:45:37,annotathon.org
2014-04-04 10:46:07,annotathon.org
2014-04-04 10:46:37,annotathon.org
2014-04-04 10:47:07,annotathon.org
2014-04-04 10:47:18,annotathon.org
2014-04-04 10:47:49,annotathon.org
2014-04-04 10:48:19,annotathon.org
2014-04-04 10:48:49,annotathon.org
2014-04-04 10:49:19,annotathon.org
2014-04-04 10:49:49,annotathon.org
2014-04-04 10:50:19,annotathon.org
2014-04-04 10:50:49,annotathon.org
2014-04-04 10:51:19,annotathon.org
2014-04-04 10:51:49,annotathon.org
2014-04-04 10:52:18,www.phylogeny.fr
2014-04-04 10:52:19,annotathon.org
2014-04-04 10:52:22,www.phylogeny.fr
2014-04-04 10:52:26,www.phylogeny.fr
2014-04-04 10:52:29,www.phylogeny.fr
2014-04-04 10:52:49,annotathon.org
2014-04-04 10:53:06,www.phylogeny.fr
2014-04-04 10:53:19,annotathon.org
2014-04-04 10:53:49,annotathon.org
2014-04-04 10:54:19,annotathon.org
2014-04-04 10:54:49,annotathon.org
2014-04-04 10:55:13,www.phylogeny.fr
2014-04-04 10:55:17,www.phylogeny.fr
2014-04-04 10:55:18,www.phylogeny.fr
2014-04-04 10:55:19,annotathon.org
2014-04-04 10:55:20,www.phylogeny.fr
2014-04-04 10:55:23,www.phylogeny.fr
2014-04-04 10:55:27,www.phylogeny.fr
2014-04-04 10:55:28,www.phylogeny.fr
2014-04-04 10:55:29,www.phylogeny.fr
2014-04-04 10:55:30,www.phylogeny.fr
2014-04-04 10:55:47,www.phylogeny.fr
2014-04-04 10:55:49,annotathon.org
2014-04-04 10:56:17,www.phylogeny.fr
2014-04-04 10:56:19,annotathon.org
2014-04-04 10:56:31,www.phylogeny.fr
2014-04-04 10:56:49,annotathon.org
2014-04-04 10:57:19,annotathon.org
2014-04-04 10:57:34,annotathon.org
2014-04-04 10:57:35,annotathon.org
2014-04-04 10:58:05,annotathon.org
2014-04-04 10:58:35,annotathon.org
2014-04-04 10:59:05,annotathon.org
2014-04-04 10:59:12,www.phylogeny.fr
2014-04-04 10:59:35,annotathon.org
2014-04-04 11:00:05,annotathon.org
2014-04-04 11:00:17,www.phylogeny.fr
2014-04-04 11:00:22,www.phylogeny.fr
2014-04-04 11:00:27,www.phylogeny.fr
2014-04-04 11:00:28,www.phylogeny.fr
2014-04-04 11:00:29,www.phylogeny.fr
2014-04-04 11:00:30,www.phylogeny.fr
2014-04-04 11:00:31,www.phylogeny.fr
2014-04-04 11:00:35,annotathon.org
2014-04-04 11:01:05,annotathon.org
2014-04-04 11:01:35,annotathon.org
2014-04-04 11:02:05,annotathon.org
2014-04-04 11:02:35,annotathon.org
2014-04-04 11:02:56,www.phylogeny.fr
2014-04-04 11:03:06,annotathon.org
2014-04-04 11:03:35,annotathon.org
2014-04-04 11:04:05,annotathon.org
2014-04-04 11:04:35,annotathon.org
2014-04-04 11:04:39,safebrowsing.clients.google.com
2014-04-04 11:04:39,safebrowsing-cache.google.com
2014-04-04 11:05:05,annotathon.org
2014-04-04 11:05:35,annotathon.org
2014-04-04 11:06:05,annotathon.org
2014-04-04 11:06:35,annotathon.org
2014-04-04 11:07:05,annotathon.org
2014-04-04 11:07:35,annotathon.org
2014-04-04 11:07:36,annotathon.org
2014-04-04 11:07:37,annotathon.org
2014-04-04 11:08:07,annotathon.org
2014-04-04 11:08:37,annotathon.org
2014-04-04 11:09:07,annotathon.org
2014-04-04 11:09:37,annotathon.org
2014-04-04 11:10:07,annotathon.org
2014-04-04 11:10:27,www.google.com
2014-04-04 11:10:32,clients1.google.com
2014-04-04 11:10:32,gtglobal-ocsp.geotrust.com
2014-04-04 11:10:35,www.google.fr
2014-04-04 11:10:35,fr.wikipedia.org
2014-04-04 11:10:35,bits.wikimedia.org
2014-04-04 11:10:35,login.wikimedia.org
2014-04-04 11:10:35,meta.wikimedia.org
2014-04-04 11:10:36,fr.wikipedia.org
2014-04-04 11:10:36,meta.wikimedia.org
2014-04-04 11:10:37,annotathon.org
2014-04-04 11:10:57,commons.wikimedia.org
2014-04-04 11:10:57,bits.wikimedia.org
2014-04-04 11:10:58,bits.wikimedia.org
2014-04-04 11:10:58,login.wikimedia.org
2014-04-04 11:10:58,meta.wikimedia.org
2014-04-04 11:10:58,commons.wikimedia.org
2014-04-04 11:10:59,commons.wikimedia.org
2014-04-04 11:10:59,bits.wikimedia.org
2014-04-04 11:11:00,commons.wikimedia.org
2014-04-04 11:11:07,annotathon.org
2014-04-04 11:11:37,annotathon.org
2014-04-04 11:12:07,annotathon.org
2014-04-04 11:12:37,annotathon.org
2014-04-04 11:13:07,annotathon.org
2014-04-04 11:13:27,www.google.com
2014-04-04 11:13:29,www.google.fr
2014-04-04 11:13:37,annotathon.org
2014-04-04 11:14:07,annotathon.org
2014-04-04 11:14:37,annotathon.org
2014-04-04 11:15:07,annotathon.org
2014-04-04 11:15:37,annotathon.org
2014-04-04 11:16:07,annotathon.org
2014-04-04 11:16:20,www.phylogeny.fr
2014-04-04 11:16:37,annotathon.org
2014-04-04 11:16:57,www.phylogeny.fr
2014-04-04 11:17:07,annotathon.org
2014-04-04 11:17:37,annotathon.org
2014-04-04 11:18:07,annotathon.org
2014-04-04 11:18:37,annotathon.org
2014-04-04 11:18:49,www.phylogeny.fr
2014-04-04 11:18:54,www.phylogeny.fr
2014-04-04 11:18:55,www.phylogeny.fr
2014-04-04 11:18:58,www.phylogeny.fr
2014-04-04 11:19:00,www.phylogeny.fr
2014-04-04 11:19:03,www.phylogeny.fr
2014-04-04 11:19:07,annotathon.org
2014-04-04 11:19:08,www.phylogeny.fr
2014-04-04 11:19:09,www.phylogeny.fr
2014-04-04 11:19:37,annotathon.org
2014-04-04 11:20:07,annotathon.org
2014-04-04 11:20:37,annotathon.org
2014-04-04 11:21:07,annotathon.org
2014-04-04 11:21:37,annotathon.org
2014-04-04 11:22:07,annotathon.org
2014-04-04 11:22:11,www.phylogeny.fr
2014-04-04 11:22:17,www.phylogeny.fr
2014-04-04 11:22:22,www.phylogeny.fr
2014-04-04 11:22:32,www.phylogeny.fr
2014-04-04 11:22:33,www.phylogeny.fr
2014-04-04 11:22:34,www.phylogeny.fr
2014-04-04 11:22:37,annotathon.org
2014-04-04 11:23:07,annotathon.org
2014-04-04 11:23:11,www.phylogeny.fr
2014-04-04 11:23:20,www.phylogeny.fr
2014-04-04 11:23:21,www.phylogeny.fr
2014-04-04 11:23:22,www.phylogeny.fr
2014-04-04 11:23:37,annotathon.org
2014-04-04 11:24:07,annotathon.org
2014-04-04 11:24:37,annotathon.org
2014-04-04 11:24:52,www.phylogeny.fr
2014-04-04 11:25:02,www.phylogeny.fr
2014-04-04 11:25:07,annotathon.org
2014-04-04 11:25:11,www.phylogeny.fr
2014-04-04 11:25:12,www.phylogeny.fr
2014-04-04 11:25:14,www.phylogeny.fr
2014-04-04 11:25:17,www.phylogeny.fr
2014-04-04 11:25:22,www.phylogeny.fr
2014-04-04 11:25:23,www.phylogeny.fr
2014-04-04 11:25:37,annotathon.org
2014-04-04 11:26:07,annotathon.org
2014-04-04 11:26:37,annotathon.org
2014-04-04 11:27:04,annotathon.org
2014-04-04 11:27:29,annotathon.org
2014-04-04 11:27:32,annotathon.org
2014-04-04 11:27:34,annotathon.org
2014-04-04 11:27:40,annotathon.org
2014-04-04 11:28:04,annotathon.org
2014-04-04 11:28:10,annotathon.org
2014-04-04 11:28:34,annotathon.org
2014-04-04 11:28:40,annotathon.org
2014-04-04 11:29:05,annotathon.org
2014-04-04 11:29:10,annotathon.org
2014-04-04 11:29:34,annotathon.org
2014-04-04 11:29:40,annotathon.org
2014-04-04 11:30:04,annotathon.org
2014-04-04 11:30:10,annotathon.org
2014-04-04 11:30:34,annotathon.org
2014-04-04 11:30:40,annotathon.org
2014-04-04 11:30:42,www.phylogeny.fr
2014-04-04 11:30:50,www.phylogeny.fr
2014-04-04 11:31:04,annotathon.org
2014-04-04 11:31:10,annotathon.org
2014-04-04 11:31:16,www.phylogeny.fr
2014-04-04 11:31:21,www.phylogeny.fr
2014-04-04 11:31:27,www.phylogeny.fr
2014-04-04 11:31:30,www.phylogeny.fr
2014-04-04 11:31:32,www.phylogeny.fr
2014-04-04 11:31:34,annotathon.org
2014-04-04 11:31:35,www.phylogeny.fr
2014-04-04 11:31:40,www.phylogeny.fr
2014-04-04 11:31:40,annotathon.org
2014-04-04 11:31:41,www.phylogeny.fr
2014-04-04 11:31:42,www.phylogeny.fr
2014-04-04 11:32:05,annotathon.org
2014-04-04 11:32:11,annotathon.org
2014-04-04 11:32:16,www.phylogeny.fr
2014-04-04 11:32:34,annotathon.org
2014-04-04 11:32:40,annotathon.org
2014-04-04 11:33:04,annotathon.org
2014-04-04 11:33:10,annotathon.org
2014-04-04 11:33:35,annotathon.org
2014-04-04 11:33:40,annotathon.org
2014-04-04 11:33:45,www.phylogeny.fr
2014-04-04 11:33:50,www.phylogeny.fr
2014-04-04 11:33:59,www.phylogeny.fr
2014-04-04 11:34:00,www.phylogeny.fr
2014-04-04 11:34:05,annotathon.org
2014-04-04 11:34:10,annotathon.org
2014-04-04 11:34:19,www.phylogeny.fr
2014-04-04 11:34:23,www.phylogeny.fr
2014-04-04 11:34:35,annotathon.org
2014-04-04 11:34:35,www.phylogeny.fr
2014-04-04 11:34:39,www.phylogeny.fr
2014-04-04 11:34:40,www.phylogeny.fr
2014-04-04 11:34:40,annotathon.org
2014-04-04 11:34:46,www.phylogeny.fr
2014-04-04 11:35:00,www.phylogeny.fr
2014-04-04 11:35:05,annotathon.org
2014-04-04 11:35:07,www.phylogeny.fr
2014-04-04 11:35:10,annotathon.org
2014-04-04 11:35:16,www.phylogeny.fr
2014-04-04 11:35:29,safebrowsing.clients.google.com
2014-04-04 11:35:29,safebrowsing-cache.google.com
2014-04-04 11:35:35,annotathon.org
2014-04-04 11:35:40,annotathon.org
2014-04-04 11:36:05,annotathon.org
2014-04-04 11:36:10,annotathon.org
2014-04-04 11:36:35,annotathon.org
2014-04-04 11:36:40,annotathon.org
2014-04-04 11:37:05,annotathon.org
2014-04-04 11:37:10,annotathon.org
2014-04-04 11:37:35,annotathon.org
2014-04-04 11:38:05,annotathon.org
2014-04-04 11:38:35,annotathon.org
2014-04-04 11:39:05,annotathon.org
2014-04-04 11:39:35,annotathon.org
2014-04-04 11:40:05,annotathon.org
2014-04-04 11:40:35,annotathon.org
2014-04-04 11:41:05,annotathon.org
2014-04-04 11:41:35,annotathon.org
2014-04-04 11:42:05,annotathon.org
2014-04-04 11:42:35,annotathon.org
2014-04-04 11:43:05,annotathon.org
2014-04-04 11:43:35,annotathon.org
2014-04-04 11:44:05,annotathon.org
2014-04-04 11:44:35,annotathon.org
2014-04-04 11:45:05,annotathon.org
2014-04-04 11:45:35,annotathon.org
2014-04-04 11:46:05,annotathon.org
2014-04-04 11:46:10,www.phylogeny.fr
2014-04-04 11:46:24,www.phylogeny.fr
2014-04-04 11:46:35,annotathon.org
2014-04-04 11:47:05,annotathon.org
2014-04-04 11:47:35,annotathon.org
2014-04-04 11:47:41,www.phylogeny.fr
2014-04-04 11:47:42,www.phylogeny.fr
2014-04-04 11:47:50,www.phylogeny.fr
2014-04-04 11:48:05,annotathon.org
2014-04-04 11:48:35,annotathon.org
2014-04-04 11:48:36,www.phylogeny.fr
2014-04-04 11:48:44,www.phylogeny.fr
2014-04-04 11:48:57,www.phylogeny.fr
2014-04-04 11:49:05,annotathon.org
2014-04-04 11:49:26,www.phylogeny.fr
2014-04-04 11:49:35,annotathon.org
2014-04-04 11:49:55,www.phylogeny.fr
2014-04-04 11:50:00,www.phylogeny.fr
2014-04-04 11:50:05,annotathon.org
2014-04-04 11:50:27,www.phylogeny.fr
2014-04-04 11:50:35,annotathon.org
2014-04-04 11:50:38,www.phylogeny.fr
2014-04-04 11:50:48,www.phylogeny.fr
2014-04-04 11:51:05,annotathon.org
2014-04-04 11:51:12,www.phylogeny.fr
2014-04-04 11:51:35,annotathon.org
2014-04-04 11:51:42,www.phylogeny.fr
2014-04-04 11:51:49,www.phylogeny.fr
2014-04-04 11:52:05,annotathon.org
2014-04-04 11:52:13,www.phylogeny.fr
2014-04-04 11:52:35,annotathon.org
2014-04-04 11:52:45,www.phylogeny.fr
2014-04-04 11:52:51,www.phylogeny.fr
2014-04-04 11:53:05,annotathon.org
2014-04-04 11:53:13,www.phylogeny.fr
2014-04-04 11:53:23,www.phylogeny.fr
2014-04-04 11:53:35,annotathon.org
2014-04-04 11:54:05,annotathon.org
2014-04-04 11:54:09,www.phylogeny.fr
2014-04-04 11:54:28,www.phylogeny.fr
2014-04-04 11:54:35,annotathon.org
2014-04-04 11:55:05,annotathon.org
2014-04-04 11:55:06,www.phylogeny.fr
2014-04-04 11:55:24,www.phylogeny.fr
2014-04-04 11:55:35,www.phylogeny.fr
2014-04-04 11:55:35,annotathon.org
2014-04-04 11:56:05,annotathon.org
2014-04-04 11:56:35,annotathon.org
2014-04-04 11:57:05,annotathon.org
2014-04-04 11:57:11,annotathon.org
2014-04-04 11:57:12,annotathon.org
2014-04-04 11:57:22,annotathon.org
2014-04-04 11:57:23,annotathon.org
2014-04-04 11:57:32,annotathon.org
2014-04-22 08:04:48,ocsp.thawte.com
2014-04-22 08:05:10,gtglobal-ocsp.geotrust.com
2014-04-22 08:05:10,clients1.google.com
2014-04-22 08:05:11,clients1.google.com
2014-04-22 08:05:14,www.google.fr
2014-04-22 08:05:22,annotathon.org
2014-04-22 08:05:48,gtssl-ocsp.geotrust.com
2014-04-22 08:05:49,annotathon.org
2014-04-22 08:05:54,annotathon.org
2014-04-22 08:05:56,annotathon.org
2014-04-22 08:05:56,annotathon.univ-mrs.fr
2014-04-22 08:06:26,annotathon.org
2014-04-22 08:08:07,apis.google.com
2014-04-22 08:08:07,www.google.com
2014-04-22 08:08:08,www.google.fr
2014-04-22 08:08:31,www.google.com
2014-04-22 08:11:26,www.google.com
2014-04-22 08:11:27,www.google.fr
2014-04-22 08:12:16,sb-ssl.google.com
2014-04-22 08:40:57,www.google.com
2014-04-22 08:40:58,www.google.fr
2014-04-22 09:10:54,www.google.com
2014-04-22 09:10:55,www.google.fr
2014-04-22 09:33:52,www.google.com
2014-04-22 09:33:53,www.google.fr
2014-04-22 09:55:10,login.live.com
2014-04-22 09:55:11,login.live.com
2014-04-22 09:55:23,windowslive.tt.omtrdc.net
2014-04-22 09:55:27,login.live.com
2014-04-22 09:55:28,login.live.com
2014-04-22 09:56:07,g.msn.com
2014-04-22 09:56:27,mail.live.com
2014-04-22 09:56:30,h.bing.com
2014-04-22 09:56:32,people.directory.live.com
2014-04-22 09:56:36,storage.live.com
2014-04-22 09:56:39,cid-f4b12534fd4f207f.users.storage.live.com
2014-04-22 09:56:40,dub113.mail.live.com
2014-04-22 09:56:41,login.live.com
2014-04-22 09:56:45,www.facebook.com
2014-04-22 09:56:47,www.facebook.com
2014-04-22 09:56:47,s-static.ak.facebook.com
2014-04-22 09:56:47,login.live.com
2014-04-22 09:56:53,windowslive.tt.omtrdc.net
2014-04-22 09:56:59,dub113.mail.live.com
2014-04-22 09:56:59,h2.msn.com
2014-04-22 09:56:59,secure.shared.live.com
2014-04-22 09:56:59,h.live.com
2014-04-22 09:56:59,pbs.twimg.com
2014-04-22 09:56:59,twitter.com
2014-04-22 09:56:59,platform.twitter.com
2014-04-22 09:56:59,go.trouter.io
2014-04-22 09:56:59,www.google.com
2014-04-22 09:56:59,js.live.net
2014-04-22 09:56:59,www.google.fr
2014-04-22 09:56:59,login.secure.emea.msn.com
