timestamp,site
2014-02-13 10:20:33,go.microsoft.com
2014-02-13 10:20:34,windows.microsoft.com
2014-02-13 10:20:34,res2.windows.microsoft.com
2014-02-13 10:20:34,js.microsoft.com
2014-02-13 10:20:34,res1.windows.microsoft.com
2014-02-13 10:20:34,ajax.microsoft.com
2014-02-13 10:20:35,js.microsoft.com
2014-02-13 10:20:35,res1.windows.microsoft.com
2014-02-13 10:20:38,www.bing.com
2014-02-13 10:21:14,www.bing.com
2014-02-13 10:21:15,www.bing.com
2014-02-13 10:21:15,cms.abmr.net
2014-02-13 10:21:16,www.bing.com
2014-02-13 10:21:23,www.bing.com
2014-02-13 10:21:23,www.pagesjaunes.fr
2014-02-13 10:21:23,logc258.at.pagesjaunes.fr
2014-02-13 10:21:23,ecn.api.tiles.virtualearth.net
2014-02-13 10:21:28,login.live.com
2014-02-13 10:21:58,ieonline.microsoft.com
2014-02-13 10:24:44,javadl-esd.sun.com
2014-02-13 10:24:45,javadl-esd.sun.com
2014-02-13 10:37:44,office14client.microsoft.com
2014-02-13 10:37:45,office.microsoft.com
2014-02-13 10:37:46,office.microsoft.com
2014-02-13 10:40:47,www.bing.com
2014-02-13 10:40:53,www.bing.com
2014-02-13 10:40:53,www.police-scientifique.com
2014-02-13 10:40:53,ps99phpnet.phpnet.org
2014-02-13 10:40:53,www.police-nationale.interieur.gouv.fr
2014-02-13 10:40:54,img5.cherchons.com
2014-02-13 10:40:54,ps99phpnet.phpnet.org
2014-02-13 10:40:54,www.police-scientifique.com
2014-02-13 10:40:54,ajax.googleapis.com
2014-02-13 10:40:54,adcontrol.cherchons.com
2014-02-13 10:40:55,img5.cherchons.com
2014-02-13 10:40:55,www.police-scientifique.com
2014-02-13 10:40:56,www.police-scientifique.com
2014-02-13 10:40:57,www.google.com
2014-02-13 10:41:00,www.bing.com
2014-02-13 10:41:01,login.live.com
2014-02-13 10:41:01,www.bing.com
2014-02-13 10:41:01,www.police-scientifique.com
2014-02-13 10:41:02,adcontrol.cherchons.com
2014-02-13 10:41:03,www.police-scientifique.com
2014-02-13 10:41:03,www.bing.com
2014-02-13 10:41:03,www.google.com
2014-02-13 10:41:05,login.live.com
2014-02-13 10:41:06,www.bing.com
2014-02-13 10:41:07,www.police-nationale.net
2014-02-13 10:41:08,www.police-nationale.net
2014-02-13 10:41:09,www.police-nationale.net
2014-02-13 10:41:09,maps.google.com
2014-02-13 10:41:09,connect.facebook.net
2014-02-13 10:41:10,static.ak.facebook.com
2014-02-13 10:41:10,www.google.com
2014-02-13 10:41:10,www.facebook.com
2014-02-13 10:41:10,s-static.ak.facebook.com
2014-02-13 10:41:14,www.google.com
2014-02-13 10:41:14,maps.googleapis.com
2014-02-13 10:41:19,apis.google.com
2014-02-13 10:41:24,ssl.bing.com
2014-02-13 10:45:38,www.bing.com
2014-02-13 10:45:41,ps99phpnet.phpnet.org
2014-02-13 10:45:41,www.bing.com
2014-02-13 10:45:41,www.police-scientifique.com
2014-02-13 10:45:42,hal9000.redintelligence.net
2014-02-13 10:45:42,adcontrol.cherchons.com
2014-02-13 10:45:43,a.nonstoppartner.net
2014-02-13 10:45:43,www.police-scientifique.com
2014-02-13 10:45:43,affiliation.service-voyages.com
2014-02-13 10:45:43,hal9000.redintelligence.net
2014-02-13 10:45:47,www.bing.com
2014-02-13 10:45:50,www.police-nationale.interieur.gouv.fr
2014-02-13 10:45:50,www.bing.com
2014-02-13 10:45:51,static.ak.facebook.com
2014-02-13 10:45:51,www.facebook.com
2014-02-13 10:45:51,www.police-nationale.interieur.gouv.fr
2014-02-13 10:45:51,s-static.ak.facebook.com
2014-02-13 10:45:51,platform.twitter.com
2014-02-13 10:45:52,www.facebook.com
2014-02-13 10:45:52,www.police-nationale.interieur.gouv.fr
2014-02-13 10:45:54,platform.twitter.com
2014-02-13 10:45:58,www.police-nationale.interieur.gouv.fr
2014-02-13 10:46:00,login.live.com
2014-02-13 10:46:03,twitter.com
2014-02-13 10:46:25,www.police-nationale.interieur.gouv.fr
2014-02-13 10:46:25,platform.twitter.com
2014-02-13 10:46:25,twitter.com
2014-02-13 10:46:26,www.police-nationale.interieur.gouv.fr
2014-02-13 10:46:55,www.police-nationale.interieur.gouv.fr
2014-02-13 10:47:00,www.police-nationale.interieur.gouv.fr
2014-02-13 10:47:23,mail.google.com
2014-02-13 10:47:23,gmail.com
2014-02-13 10:47:33,accounts.google.com
2014-02-13 10:47:37,accounts.youtube.com
2014-02-13 10:47:40,mail.google.com
2014-02-13 10:48:07,accounts.youtube.com
2014-02-13 10:48:18,mail.google.com
2014-02-13 10:48:18,accounts.google.com
2014-02-13 11:06:06,accounts.google.fr
2014-02-13 11:06:08,accounts.google.fr
2014-02-13 11:06:08,mail.google.com
2014-02-13 11:06:08,clients2.google.com
2014-02-13 11:06:08,accounts.youtube.com
2014-02-13 11:06:08,accounts.google.com
2014-02-13 11:06:09,mail.google.com
2014-02-13 11:06:09,apis.google.com
2014-02-13 11:06:09,plus.google.com
2014-02-13 11:06:09,accounts.google.com
2014-02-13 11:06:10,plus.google.com
2014-02-13 11:06:10,mail.google.com
2014-02-13 11:06:11,www.google.com
2014-02-13 11:06:12,b.mail.google.com
2014-02-13 11:06:12,chatenabled.mail.google.com
2014-02-13 11:08:08,mail.google.com
2014-02-13 11:10:11,www.google.com
2014-02-13 11:10:12,chatenabled.mail.google.com
2014-02-13 11:10:14,plus.google.com
2014-02-13 11:16:10,mail.google.com
2014-02-13 11:17:32,plus.google.com
2014-02-13 11:18:26,plus.google.com
2014-02-13 11:18:26,www.google.com
2014-02-13 11:18:26,mail.google.com
2014-02-13 11:18:26,accounts.google.fr
2014-02-13 11:18:26,b.mail.google.com
2014-02-13 11:18:26,www.google.fr
2014-02-13 11:18:27,accounts.youtube.com
2014-02-13 11:18:27,www.google.fr
2014-02-13 11:18:29,accounts.youtube.com
2014-02-13 11:18:29,accounts.google.fr
2014-02-13 11:18:29,accounts.google.com
2014-02-13 11:18:29,mail.google.com
2014-02-13 11:19:29,mail.google.com
2014-02-13 11:23:43,www.police-nationale.interieur.gouv.fr
2014-02-13 11:24:16,www.police-nationale.interieur.gouv.fr
2014-02-13 11:24:16,platform.twitter.com
2014-02-13 11:24:16,www.facebook.com
2014-02-13 11:24:16,connect.facebook.net
2014-02-13 11:24:16,static.ak.facebook.com
2014-02-13 11:24:16,s-static.ak.facebook.com
2014-02-13 11:24:17,www.facebook.com
2014-02-13 11:24:19,platform.twitter.com
2014-02-13 11:24:47,twitter.com
2014-02-13 11:25:00,www.bing.com
2014-02-13 11:25:05,www.bing.com
2014-02-13 11:25:06,www.bing.com
2014-02-13 11:25:07,www.bing.com
2014-02-13 11:25:08,www.bing.com
2014-02-13 11:25:09,www.bing.com
2014-02-13 11:25:09,ts4.explicit.bing.net
2014-02-13 11:25:09,ts3.mm.bing.net
2014-02-13 11:25:09,ts4.mm.bing.net
2014-02-13 11:25:09,ts1.mm.bing.net
2014-02-13 11:25:10,www.bing.com
2014-02-13 11:25:10,ts3.mm.bing.net
2014-02-13 11:25:10,ts4.mm.bing.net
2014-02-13 11:25:10,ts2.mm.bing.net
2014-02-13 11:25:10,ts1.mm.bing.net
2014-02-13 11:25:10,ts4.explicit.bing.net
2014-02-13 11:25:10,ts3.explicit.bing.net
2014-02-13 11:25:11,ts1.mm.bing.net
2014-02-13 11:25:11,www.bing.com
2014-02-13 11:25:11,ts2.mm.bing.net
2014-02-13 11:25:11,ts4.mm.bing.net
2014-02-13 11:25:11,ts3.mm.bing.net
2014-02-13 11:25:12,ts2.mm.bing.net
2014-02-13 11:25:12,ts3.mm.bing.net
2014-02-13 11:25:12,ts4.mm.bing.net
2014-02-13 11:25:12,www.bing.com
2014-02-13 11:25:12,ts1.mm.bing.net
2014-02-13 11:25:12,ts2.explicit.bing.net
2014-02-13 11:25:13,ts3.mm.bing.net
2014-02-13 11:25:13,ts2.mm.bing.net
2014-02-13 11:25:13,ts4.mm.bing.net
2014-02-13 11:25:13,ts1.mm.bing.net
2014-02-13 11:25:13,www.bing.com
2014-02-13 11:25:14,ts4.explicit.bing.net
2014-02-13 11:25:14,www.bing.com
2014-02-13 11:25:14,ts1.mm.bing.net
2014-02-13 11:25:14,ts4.mm.bing.net
2014-02-13 11:25:14,ts2.mm.bing.net
2014-02-13 11:25:14,ts3.mm.bing.net
2014-02-13 11:25:14,login.live.com
2014-02-13 11:25:16,www.bing.com
2014-02-13 11:25:16,login.live.com
2014-02-13 11:25:17,www.bing.com
2014-02-13 11:25:17,ts1.mm.bing.net
2014-02-13 11:25:18,ts1.mm.bing.net
2014-02-13 11:25:20,ts4.mm.bing.net
2014-02-13 11:25:20,ts2.mm.bing.net
2014-02-13 11:25:20,www.bing.com
2014-02-13 11:25:20,ts1.mm.bing.net
2014-02-13 11:25:20,ts2.explicit.bing.net
2014-02-13 11:25:20,ts3.mm.bing.net
2014-02-13 11:25:21,ts1.explicit.bing.net
2014-02-13 11:25:21,ts3.mm.bing.net
2014-02-13 11:25:21,ts2.mm.bing.net
2014-02-13 11:25:21,ts4.mm.bing.net
2014-02-13 11:25:21,ts2.explicit.bing.net
2014-02-13 11:25:21,ts1.mm.bing.net
2014-02-13 11:25:22,ts1.mm.bing.net
2014-02-13 11:25:22,www.bing.com
2014-02-13 11:25:22,ts2.mm.bing.net
2014-02-13 11:25:22,ts4.mm.bing.net
2014-02-13 11:25:22,ts3.mm.bing.net
2014-02-13 11:25:23,ts1.mm.bing.net
2014-02-13 11:25:23,ts2.mm.bing.net
2014-02-13 11:25:23,ts3.mm.bing.net
2014-02-13 11:25:23,ts4.mm.bing.net
2014-02-13 11:25:23,www.bing.com
2014-02-13 11:25:24,ts4.mm.bing.net
2014-02-13 11:25:24,ts1.mm.bing.net
2014-02-13 11:25:24,ts3.mm.bing.net
2014-02-13 11:25:24,ts2.mm.bing.net
2014-02-13 11:25:25,ts4.mm.bing.net
2014-02-13 11:25:25,ts3.mm.bing.net
2014-02-13 11:25:25,ts1.mm.bing.net
2014-02-13 11:25:25,ts2.mm.bing.net
2014-02-13 11:25:25,www.bing.com
2014-02-13 11:25:26,ts1.mm.bing.net
2014-02-13 11:25:26,www.bing.com
2014-02-13 11:25:26,ts4.mm.bing.net
2014-02-13 11:25:26,ts3.mm.bing.net
2014-02-13 11:25:26,ts2.mm.bing.net
2014-02-13 11:25:26,ts2.explicit.bing.net
2014-02-13 11:25:27,ts2.mm.bing.net
2014-02-13 11:25:27,ts1.mm.bing.net
2014-02-13 11:25:27,ts3.mm.bing.net
2014-02-13 11:25:27,www.bing.com
2014-02-13 11:25:28,ts2.mm.bing.net
2014-02-13 11:25:28,ts4.mm.bing.net
2014-02-13 11:25:28,ts3.mm.bing.net
2014-02-13 11:25:29,ts1.mm.bing.net
2014-02-13 11:25:29,ts3.mm.bing.net
2014-02-13 11:25:29,ts4.mm.bing.net
2014-02-13 11:25:29,www.bing.com
2014-02-13 11:25:29,ts2.mm.bing.net
2014-02-13 11:25:30,ts3.mm.bing.net
2014-02-13 11:25:30,ts4.explicit.bing.net
2014-02-13 11:25:30,ts4.mm.bing.net
2014-02-13 11:25:30,ts2.mm.bing.net
2014-02-13 11:25:30,ts1.mm.bing.net
2014-02-13 11:25:30,ssl.bing.com
2014-02-13 11:25:31,www.bing.com
2014-02-13 11:25:31,ts3.mm.bing.net
2014-02-13 11:25:31,ts2.mm.bing.net
2014-02-13 11:25:31,ts4.mm.bing.net
2014-02-13 11:25:31,ts1.mm.bing.net
2014-02-13 11:25:32,www.bing.com
2014-02-13 11:25:32,ts4.mm.bing.net
2014-02-13 11:25:32,ts2.mm.bing.net
2014-02-13 11:25:32,ts3.mm.bing.net
2014-02-13 11:25:33,ts1.mm.bing.net
2014-02-13 11:25:33,www.bing.com
2014-02-13 11:25:33,ts3.mm.bing.net
2014-02-13 11:25:33,ts2.mm.bing.net
2014-02-13 11:25:34,ts1.mm.bing.net
2014-02-13 11:25:34,www.bing.com
2014-02-13 11:25:35,ts1.mm.bing.net
2014-02-13 11:25:36,www.bing.com
2014-02-13 11:25:37,www.bing.com
2014-02-13 11:25:39,www.bing.com
2014-02-13 11:25:51,www.bing.com
2014-02-13 11:25:51,ts1.mm.bing.net
2014-02-13 11:25:54,login.live.com
2014-02-13 11:25:57,platform.twitter.com
2014-02-13 11:26:08,ssl.bing.com
2014-02-13 11:26:08,www.bing.com
2014-02-13 11:28:39,www.bing.com
2014-02-13 11:28:41,www.bing.com
2014-02-13 11:28:41,login.live.com
2014-02-13 11:28:42,www.mon-poeme.fr
2014-02-13 11:28:43,www.mon-poeme.fr
2014-02-13 11:29:36,ssl.bing.com
2014-02-13 11:33:34,www.bing.com
2014-02-13 11:33:36,www.bing.com
2014-02-13 11:33:37,www.bing.com
2014-02-13 11:33:38,ts4.mm.bing.net
2014-02-13 11:33:38,www.imprescriptible.fr
2014-02-13 11:33:38,images.eveiletjeux.net
2014-02-13 11:33:38,img58.imageshack.us
2014-02-13 11:33:39,imageshack.us
2014-02-13 11:33:39,www.centraledesmultiples.com
2014-02-13 11:33:39,ecx.images-amazon.com
2014-02-13 11:33:39,www.bing.com
2014-02-13 11:33:40,larepubliquedulivrenumerique.com
2014-02-13 11:33:40,ts1.mm.bing.net
2014-02-13 11:33:40,www.cuisineduquebec.com
2014-02-13 11:33:41,ts1.mm.bing.net
2014-02-13 11:33:42,www.bing.com
2014-02-13 11:33:43,www.bing.com
2014-02-13 11:33:44,ts1.mm.bing.net
2014-02-13 11:33:46,www.bing.com
2014-02-13 11:33:46,ts2.explicit.bing.net
2014-02-13 11:33:46,ts1.mm.bing.net
2014-02-13 11:33:46,ts4.explicit.bing.net
2014-02-13 11:33:47,www.bing.com
2014-02-13 11:33:47,ts1.mm.bing.net
2014-02-13 11:33:47,www.aftereffects-formation.info
2014-02-13 11:33:47,ts4.mm.bing.net
2014-02-13 11:33:48,fond-ecran.linternaute.com
2014-02-13 11:33:48,www.nosenchanteurs.eu
2014-02-13 11:33:49,www.bing.com
2014-02-13 11:33:49,crdp.ac-amiens.fr
2014-02-13 11:33:49,image.consom-acteur.com
2014-02-13 11:33:49,images.doctissimo.fr
2014-02-13 11:33:49,ts1.mm.bing.net
2014-02-13 11:33:49,imageshack.us
2014-02-13 11:33:52,www.bing.com
2014-02-13 11:33:53,ts1.mm.bing.net
2014-02-13 11:33:53,www.bing.com
2014-02-13 11:33:54,ts1.mm.bing.net
2014-02-13 11:34:11,login.live.com
2014-02-13 11:34:11,www.bing.com
2014-02-13 11:34:42,www.bing.com
2014-02-13 11:34:47,www.bing.com
2014-02-13 11:34:47,ssl.bing.com
2014-02-13 11:34:48,ts1.mm.bing.net
2014-02-13 11:34:48,www.bing.com
2014-02-13 11:34:48,ts3.mm.bing.net
2014-02-13 11:34:48,ts2.mm.bing.net
2014-02-13 11:34:48,ts4.mm.bing.net
2014-02-13 11:34:49,www.bing.com
2014-02-13 11:34:49,ts1.mm.bing.net
2014-02-13 11:34:49,ts2.mm.bing.net
2014-02-13 11:34:49,ts3.mm.bing.net
2014-02-13 11:34:49,ts4.mm.bing.net
2014-02-13 11:34:50,ts1.mm.bing.net
2014-02-13 11:34:50,ts3.mm.bing.net
2014-02-13 11:34:50,ts4.mm.bing.net
2014-02-13 11:34:50,ts2.mm.bing.net
2014-02-13 11:34:50,www.bing.com
2014-02-13 11:34:51,ts2.mm.bing.net
2014-02-13 11:34:51,ts1.mm.bing.net
2014-02-13 11:34:51,ts4.mm.bing.net
2014-02-13 11:34:52,login.live.com
2014-02-13 11:34:52,ssl.bing.com
2014-02-13 11:34:52,ts2.mm.bing.net
2014-02-13 11:34:52,ts4.mm.bing.net
2014-02-13 11:34:52,ts1.mm.bing.net
2014-02-13 11:34:52,ts3.mm.bing.net
2014-02-13 11:34:52,www.bing.com
2014-02-13 11:34:53,ts4.mm.bing.net
2014-02-13 11:34:53,ts3.mm.bing.net
2014-02-13 11:34:53,ts1.mm.bing.net
2014-02-13 11:34:53,ts2.mm.bing.net
2014-02-13 11:34:54,www.bing.com
2014-02-13 11:34:54,ts2.mm.bing.net
2014-02-13 11:34:54,ts4.mm.bing.net
2014-02-13 11:34:54,ts1.mm.bing.net
2014-02-13 11:34:54,ts3.mm.bing.net
2014-02-13 11:34:55,ts4.explicit.bing.net
2014-02-13 11:34:55,ts1.mm.bing.net
2014-02-13 11:34:55,ts4.mm.bing.net
2014-02-13 11:34:55,ts3.mm.bing.net
2014-02-13 11:34:55,www.bing.com
2014-02-13 11:34:55,ts2.mm.bing.net
2014-02-13 11:34:56,ts4.mm.bing.net
2014-02-13 11:34:56,ts2.mm.bing.net
2014-02-13 11:34:56,www.bing.com
2014-02-13 11:34:56,ts1.mm.bing.net
2014-02-13 11:34:56,ts3.mm.bing.net
2014-02-13 11:34:57,ts2.mm.bing.net
2014-02-13 11:34:57,ts4.mm.bing.net
2014-02-13 11:34:57,ts3.mm.bing.net
2014-02-13 11:34:57,ts1.mm.bing.net
2014-02-13 11:34:58,ts1.mm.bing.net
2014-02-13 11:34:58,ts2.mm.bing.net
2014-02-13 11:34:58,ts3.mm.bing.net
2014-02-13 11:34:58,ts4.mm.bing.net
2014-02-13 11:34:59,ts4.mm.bing.net
2014-02-13 11:34:59,www.bing.com
2014-02-13 11:34:59,ts2.mm.bing.net
2014-02-13 11:34:59,ts3.mm.bing.net
2014-02-13 11:34:59,ts3.explicit.bing.net
2014-02-13 11:34:59,login.live.com
2014-02-13 11:34:59,ts1.mm.bing.net
2014-02-13 11:34:59,ssl.bing.com
2014-02-13 11:35:00,ts2.mm.bing.net
2014-02-13 11:35:00,www.bing.com
2014-02-13 11:35:00,ts1.mm.bing.net
2014-02-13 11:35:00,ts3.mm.bing.net
2014-02-13 11:35:00,ts4.mm.bing.net
2014-02-13 11:35:01,ts2.mm.bing.net
2014-02-13 11:35:01,ts3.mm.bing.net
2014-02-13 11:35:01,ts4.mm.bing.net
2014-02-13 11:35:01,ts1.mm.bing.net
2014-02-13 11:35:02,ts4.mm.bing.net
2014-02-13 11:35:02,ts3.mm.bing.net
2014-02-13 11:35:02,ts2.mm.bing.net
2014-02-13 11:35:02,www.bing.com
2014-02-13 11:35:02,ts1.mm.bing.net
2014-02-13 11:35:03,www.bing.com
2014-02-13 11:35:03,ts3.mm.bing.net
2014-02-13 11:35:03,ts4.mm.bing.net
2014-02-13 11:35:03,ts1.mm.bing.net
2014-02-13 11:35:03,ts2.mm.bing.net
2014-02-13 11:35:04,ts1.mm.bing.net
2014-02-13 11:35:04,www.bing.com
2014-02-13 11:35:05,ts1.mm.bing.net
2014-02-13 11:35:05,www.bing.com
2014-02-13 11:35:06,ts1.mm.bing.net
2014-02-13 11:35:07,ts1.mm.bing.net
2014-02-13 11:35:07,www.bing.com
2014-02-13 11:35:07,ts4.mm.bing.net
2014-02-13 11:35:07,ts2.mm.bing.net
2014-02-13 11:35:07,ts3.mm.bing.net
2014-02-13 11:35:08,ts2.mm.bing.net
2014-02-13 11:35:08,ts3.mm.bing.net
2014-02-13 11:35:08,www.bing.com
2014-02-13 11:35:08,ts1.mm.bing.net
2014-02-13 11:35:08,ts2.explicit.bing.net
2014-02-13 11:35:08,ts4.mm.bing.net
2014-02-13 11:35:09,www.bing.com
2014-02-13 11:35:09,ts3.mm.bing.net
2014-02-13 11:35:09,ts1.mm.bing.net
2014-02-13 11:35:09,ts4.mm.bing.net
2014-02-13 11:35:09,ts2.mm.bing.net
2014-02-13 11:35:10,www.bing.com
2014-02-13 11:35:10,ts1.mm.bing.net
2014-02-13 11:35:11,ts4.mm.bing.net
2014-02-13 11:35:11,www.bing.com
2014-02-13 11:35:11,ts1.mm.bing.net
2014-02-13 11:35:12,ts1.mm.bing.net
2014-02-13 11:35:12,ts3.mm.bing.net
2014-02-13 11:35:12,ts2.mm.bing.net
2014-02-13 11:35:12,ts4.mm.bing.net
2014-02-13 11:35:12,www.bing.com
2014-02-13 11:35:13,ts1.mm.bing.net
2014-02-13 11:35:13,ts3.mm.bing.net
2014-02-13 11:35:13,ts4.mm.bing.net
2014-02-13 11:35:13,www.bing.com
2014-02-13 11:35:13,ts2.mm.bing.net
2014-02-13 11:35:14,www.bing.com
2014-02-13 11:35:14,ts4.mm.bing.net
2014-02-13 11:35:14,www.equipmedical.com
2014-02-13 11:35:14,ts1.mm.bing.net
2014-02-13 11:35:15,images3.static-girodmedical.com
2014-02-13 11:35:15,presse-optique.com
2014-02-13 11:35:15,3.bp.blogspot.com
2014-02-13 11:35:15,www4.ac-nancy-metz.fr
2014-02-13 11:35:15,visuels.l214.com
2014-02-13 11:35:15,boutique.deaco.fr
2014-02-13 11:35:15,declicoptic.net
2014-02-13 11:35:15,lymelight.blog.lemonde.fr
2014-02-13 11:35:15,peripeties-infirmiere.com
2014-02-13 11:35:16,ts1.mm.bing.net
2014-02-13 11:35:18,www.bing.com
2014-02-13 11:35:19,www.bing.com
2014-02-13 11:35:26,www.bing.com
2014-02-13 11:36:14,www.bing.com
2014-02-13 11:36:20,www.bing.com
2014-02-13 11:36:20,ts3.mm.bing.net
2014-02-13 11:36:20,ts4.mm.bing.net
2014-02-13 11:36:20,ts1.mm.bing.net
2014-02-13 11:36:20,ts2.mm.bing.net
2014-02-13 11:36:21,ts4.mm.bing.net
2014-02-13 11:36:21,ts3.mm.bing.net
2014-02-13 11:36:21,ts1.mm.bing.net
2014-02-13 11:36:21,ts4.explicit.bing.net
2014-02-13 11:36:21,www.bing.com
2014-02-13 11:36:21,ts2.mm.bing.net
2014-02-13 11:36:22,ts4.mm.bing.net
2014-02-13 11:36:22,ts1.mm.bing.net
2014-02-13 11:36:22,www.bing.com
2014-02-13 11:36:22,ts2.mm.bing.net
2014-02-13 11:36:23,ts1.mm.bing.net
2014-02-13 11:36:23,ts4.mm.bing.net
2014-02-13 11:36:23,ts3.mm.bing.net
2014-02-13 11:36:23,ts1.explicit.bing.net
2014-02-13 11:36:23,ts2.mm.bing.net
2014-02-13 11:36:24,ts2.mm.bing.net
2014-02-13 11:36:24,ts1.mm.bing.net
2014-02-13 11:36:25,www.bing.com
2014-02-13 11:36:26,ts1.explicit.bing.net
2014-02-13 11:36:26,www.bing.com
2014-02-13 11:36:26,ts1.mm.bing.net
2014-02-13 11:36:26,ts2.mm.bing.net
2014-02-13 11:36:26,ts3.mm.bing.net
2014-02-13 11:36:26,ts4.mm.bing.net
2014-02-13 11:36:27,ts4.mm.bing.net
2014-02-13 11:36:27,www.bing.com
2014-02-13 11:36:27,ts3.mm.bing.net
2014-02-13 11:36:27,ts1.mm.bing.net
2014-02-13 11:36:27,ts2.mm.bing.net
2014-02-13 11:36:28,ts2.mm.bing.net
2014-02-13 11:36:28,ts1.mm.bing.net
2014-02-13 11:36:28,ts4.mm.bing.net
2014-02-13 11:36:28,www.bing.com
2014-02-13 11:36:28,ts3.mm.bing.net
2014-02-13 11:36:29,ts1.mm.bing.net
2014-02-13 11:36:29,ts3.mm.bing.net
2014-02-13 11:36:29,ts2.mm.bing.net
2014-02-13 11:36:29,ts4.mm.bing.net
2014-02-13 11:36:29,www.bing.com
2014-02-13 11:36:30,ts4.mm.bing.net
2014-02-13 11:36:30,ts1.mm.bing.net
2014-02-13 11:36:30,ts2.mm.bing.net
2014-02-13 11:36:30,www.bing.com
2014-02-13 11:36:30,ts3.mm.bing.net
2014-02-13 11:36:31,ts2.mm.bing.net
2014-02-13 11:36:31,www.bing.com
2014-02-13 11:36:31,ts3.mm.bing.net
2014-02-13 11:36:31,ts4.mm.bing.net
2014-02-13 11:36:31,ts1.mm.bing.net
2014-02-13 11:36:32,ts2.mm.bing.net
2014-02-13 11:36:32,ts4.mm.bing.net
2014-02-13 11:36:32,ts3.mm.bing.net
2014-02-13 11:36:32,www.bing.com
2014-02-13 11:36:32,ts1.mm.bing.net
2014-02-13 11:36:33,ts4.mm.bing.net
2014-02-13 11:36:33,ts3.mm.bing.net
2014-02-13 11:36:33,ts1.mm.bing.net
2014-02-13 11:36:33,ts2.mm.bing.net
2014-02-13 11:36:33,ts4.explicit.bing.net
2014-02-13 11:36:34,ts2.mm.bing.net
2014-02-13 11:36:34,ts4.mm.bing.net
2014-02-13 11:36:34,ts3.mm.bing.net
2014-02-13 11:36:34,ts1.mm.bing.net
2014-02-13 11:36:34,www.bing.com
2014-02-13 11:36:34,ts4.explicit.bing.net
2014-02-13 11:36:35,ts1.explicit.bing.net
2014-02-13 11:36:35,www.bing.com
2014-02-13 11:36:36,ts1.mm.bing.net
2014-02-13 11:36:36,ts1.explicit.bing.net
2014-02-13 11:36:36,ts4.explicit.bing.net
2014-02-13 11:36:36,ts3.mm.bing.net
2014-02-13 11:36:36,ts4.mm.bing.net
2014-02-13 11:36:36,ts2.mm.bing.net
2014-02-13 11:36:37,ts1.mm.bing.net
2014-02-13 11:36:37,ts3.mm.bing.net
2014-02-13 11:36:38,ts3.mm.bing.net
2014-02-13 11:36:38,ts4.mm.bing.net
2014-02-13 11:36:38,ts2.mm.bing.net
2014-02-13 11:36:38,ts1.mm.bing.net
2014-02-13 11:36:41,ts1.mm.bing.net
2014-02-13 11:36:41,ts4.mm.bing.net
2014-02-13 11:36:41,ts2.mm.bing.net
2014-02-13 11:36:41,ts3.mm.bing.net
2014-02-13 11:36:41,www.bing.com
2014-02-13 11:36:42,ts2.mm.bing.net
2014-02-13 11:36:42,ts1.mm.bing.net
2014-02-13 11:36:42,ts3.mm.bing.net
2014-02-13 11:36:42,www.bing.com
2014-02-13 11:36:42,ts4.mm.bing.net
2014-02-13 11:36:43,ts4.mm.bing.net
2014-02-13 11:36:43,ts3.mm.bing.net
2014-02-13 11:36:43,ts1.mm.bing.net
2014-02-13 11:36:44,www.bing.com
2014-02-13 11:36:44,ts4.explicit.bing.net
2014-02-13 11:36:44,ts4.mm.bing.net
2014-02-13 11:36:44,login.live.com
2014-02-13 11:36:44,ts3.mm.bing.net
2014-02-13 11:36:45,www.bing.com
2014-02-13 11:36:45,ts2.mm.bing.net
2014-02-13 11:36:45,ts3.mm.bing.net
2014-02-13 11:36:45,ts4.mm.bing.net
2014-02-13 11:36:45,ts1.mm.bing.net
2014-02-13 11:36:46,ts2.mm.bing.net
2014-02-13 11:36:46,ts4.mm.bing.net
2014-02-13 11:36:46,ts1.mm.bing.net
2014-02-13 11:36:46,login.live.com
2014-02-13 11:36:46,ts3.mm.bing.net
2014-02-13 11:36:47,ts1.mm.bing.net
2014-02-13 11:36:47,ts3.mm.bing.net
2014-02-13 11:36:47,ts2.mm.bing.net
2014-02-13 11:36:47,ts4.mm.bing.net
2014-02-13 11:36:48,login.live.com
2014-02-13 11:36:48,ts1.mm.bing.net
2014-02-13 11:36:48,ts4.mm.bing.net
2014-02-13 11:36:48,ts2.mm.bing.net
2014-02-13 11:36:48,ts3.mm.bing.net
2014-02-13 11:36:48,www.bing.com
2014-02-13 11:36:48,ssl.bing.com
2014-02-13 11:36:49,www.psychologie-bismuth.com
2014-02-13 11:36:49,www.bing.com
2014-02-13 11:36:49,ts4.mm.bing.net
2014-02-13 11:36:49,ts3.mm.bing.net
2014-02-13 11:36:49,ts1.mm.bing.net
2014-02-13 11:36:49,ts2.mm.bing.net
2014-02-13 11:36:50,ts4.mm.bing.net
2014-02-13 11:36:50,www.pseau.org
2014-02-13 11:36:50,ts2.mm.bing.net
2014-02-13 11:36:50,ts1.mm.bing.net
2014-02-13 11:36:50,ts3.mm.bing.net
2014-02-13 11:36:51,ts3.mm.bing.net
2014-02-13 11:36:51,ts1.mm.bing.net
2014-02-13 11:36:51,ts4.mm.bing.net
2014-02-13 11:36:52,ts2.mm.bing.net
2014-02-13 11:36:52,ts3.mm.bing.net
2014-02-13 11:36:52,ts4.mm.bing.net
2014-02-13 11:36:52,ts1.mm.bing.net
2014-02-13 11:36:52,www.bing.com
2014-02-13 11:36:53,ts3.mm.bing.net
2014-02-13 11:36:53,ts2.mm.bing.net
2014-02-13 11:36:53,www.boutique-jourdefete.com
2014-02-13 11:36:53,www.keladeco.com
2014-02-13 11:36:53,www.acam-france.org
2014-02-13 11:36:53,www.jeuxetjouetsenfolie.fr
2014-02-13 11:36:53,img58.imageshack.us
2014-02-13 11:36:53,4.bp.blogspot.com
2014-02-13 11:36:53,www.easa-alliance.org
2014-02-13 11:36:53,galerie.alittlemercerie.com
2014-02-13 11:36:53,imageshack.us
2014-02-13 11:36:53,data.jeuxetjouetsenfolie.fr
2014-02-13 11:36:53,www.bing.com
2014-02-13 11:36:56,www.bing.com
2014-02-13 11:36:57,ts1.mm.bing.net
2014-02-13 11:36:58,ts1.mm.bing.net
2014-02-13 11:39:53,www.bing.com
2014-02-13 11:39:54,img58.imageshack.us
2014-02-13 11:40:58,www.bing.com
2014-02-13 11:40:59,www.bing.com
2014-02-13 11:41:00,login.live.com
2014-02-13 11:41:00,www.bing.com
2014-02-13 11:41:01,ts4.mm.bing.net
2014-02-13 11:41:01,www.bing.com
2014-02-13 11:41:01,ts3.mm.bing.net
2014-02-13 11:41:01,ts1.mm.bing.net
2014-02-13 11:41:01,ts2.mm.bing.net
2014-02-13 11:41:02,www.bing.com
2014-02-13 11:41:02,ts4.mm.bing.net
2014-02-13 11:41:02,ts3.mm.bing.net
2014-02-13 11:41:02,ts1.mm.bing.net
2014-02-13 11:41:02,ts2.mm.bing.net
2014-02-13 11:41:03,www.bing.com
2014-02-13 11:41:03,ts3.mm.bing.net
2014-02-13 11:41:03,ts1.mm.bing.net
2014-02-13 11:41:03,ts4.mm.bing.net
2014-02-13 11:41:03,ts2.mm.bing.net
2014-02-13 11:41:04,ts3.mm.bing.net
2014-02-13 11:41:04,ts1.mm.bing.net
2014-02-13 11:41:04,ts4.mm.bing.net
2014-02-13 11:41:04,ts2.explicit.bing.net
2014-02-13 11:41:04,ts2.mm.bing.net
2014-02-13 11:41:05,ts3.mm.bing.net
2014-02-13 11:41:05,ts1.mm.bing.net
2014-02-13 11:41:05,ts4.mm.bing.net
2014-02-13 11:41:05,ts2.mm.bing.net
2014-02-13 11:41:05,www.bing.com
2014-02-13 11:41:06,ts1.mm.bing.net
2014-02-13 11:41:06,ts4.mm.bing.net
2014-02-13 11:41:06,www.bing.com
2014-02-13 11:41:06,www.pageblanche-leblogdesseniors.com
2014-02-13 11:41:06,blog.ig-conseils.com
2014-02-13 11:41:07,gestcopro.perso.sfr.fr
2014-02-13 11:41:07,cachemire-de-sournac.com
2014-02-13 11:41:07,www.durmaq.com
2014-02-13 11:41:07,ts1.mm.bing.net
2014-02-13 11:41:07,www.clipart-fr.com
2014-02-13 11:41:07,static.commentcamarche.net
2014-02-13 11:41:08,www.bing.com
2014-02-13 11:41:08,3.bp.blogspot.com
2014-02-13 11:41:10,www.bing.com
2014-02-13 11:41:11,ts1.mm.bing.net
2014-02-13 11:41:12,ts1.mm.bing.net
2014-02-13 11:41:28,login.live.com
2014-02-13 11:41:43,ssl.bing.com
2014-02-13 11:41:43,www.bing.com
2014-02-13 11:43:12,static.ladepeche.fr
2014-02-13 11:44:04,allezlesfilles.files.wordpress.com
2014-02-13 11:44:46,tpe-police-scientifique-luynes.e-monsite.com
2014-02-13 11:46:56,ssl.bing.com
2014-02-13 11:57:30,www.police-nationale.interieur.gouv.fr
2014-02-13 11:57:31,www.police-nationale.interieur.gouv.fr
2014-02-13 11:58:13,www.bing.com
2014-02-13 11:58:55,www.bing.com
2014-02-13 11:58:57,www.bing.com
2014-02-13 11:58:58,www.bing.com
2014-02-13 11:58:58,ts1.mm.bing.net
2014-02-13 11:58:59,ts1.mm.bing.net
2014-02-13 11:58:59,www.bing.com
2014-02-13 11:59:00,www.bing.com
2014-02-13 11:59:01,www.bing.com
2014-02-13 11:59:02,www.bing.com
2014-02-13 11:59:03,www.bing.com
2014-02-13 11:59:03,www.renders-graphiques.fr
2014-02-13 11:59:03,ts3.mm.bing.net
2014-02-13 11:59:03,ts1.mm.bing.net
2014-02-13 11:59:04,lymelight.blog.lemonde.fr
2014-02-13 11:59:05,www.bing.com
2014-02-13 11:59:05,ts1.mm.bing.net
2014-02-13 11:59:05,www.renders-graphiques.fr
2014-02-13 11:59:08,www.bing.com
2014-02-13 12:04:03,www.lemonde.fr
2014-02-13 12:04:03,s1.lemde.fr
2014-02-13 12:04:04,s1.lemde.fr
2014-02-13 12:04:04,www.lemonde.fr
2014-02-13 12:04:04,live.lemde.fr
2014-02-13 12:04:05,s1.lemde.fr
2014-02-13 12:04:05,api.adyoulike.com
2014-02-13 12:04:05,kweb.videostep.com
2014-02-13 12:04:05,ezakus.ezakus.net
2014-02-13 12:04:05,pixel.alephd.com
2014-02-13 12:04:05,u.videostep.com
2014-02-13 12:04:05,static.videostep.com
2014-02-13 12:04:05,videosfr.s3.amazonaws.com
2014-02-13 12:04:06,pixel.alephd.com
2014-02-13 12:04:06,mm.eulerian.net
2014-02-13 12:04:06,www.facebook.com
2014-02-13 12:04:06,api.adyoulike.com
2014-02-13 12:04:06,its.tradelab.fr
2014-02-13 12:04:06,ce.lijit.com
2014-02-13 12:04:07,i1-js-14-3-01-10013-942050533-i.init.cedexis-radar.net
2014-02-13 12:04:07,y.one.impact-ad.jp
2014-02-13 12:06:11,www.bing.com
2014-02-13 12:06:36,login.live.com
2014-02-27 10:22:04,www.bing.com
2014-02-27 10:22:05,www.bing.com
2014-02-27 10:22:07,cms.abmr.net
2014-02-27 10:22:07,login.live.com
2014-02-27 10:22:07,www.bing.com
2014-02-27 10:23:58,googole.fr
2014-02-27 10:23:58,ajax.googleapis.com
2014-02-27 10:23:58,www.google.com
2014-02-27 10:23:59,googole.fr
2014-02-27 10:24:02,fw.dnslink.com
2014-02-27 10:24:03,live-winners.com
2014-02-27 10:24:04,www.google.fr
2014-02-27 10:24:13,gmail.com
2014-02-27 10:24:13,mail.google.com
2014-02-27 10:24:18,www.google.fr
2014-02-27 10:24:18,accounts.google.com
2014-02-27 10:24:36,accounts.youtube.com
2014-02-27 10:24:37,accounts.google.fr
2014-02-27 10:24:40,mail.google.com
2014-02-27 10:24:42,mail.google.com
2014-02-27 10:24:42,accounts.google.fr
2014-02-27 10:24:42,accounts.google.com
2014-02-27 10:24:43,mail.google.com
2014-02-27 10:24:44,mail.google.com
2014-02-27 10:24:49,clients2.google.com
2014-02-27 10:24:50,mail.google.com
2014-02-27 10:24:50,plus.google.com
2014-02-27 10:24:50,apis.google.com
2014-02-27 10:24:50,clients2.google.com
2014-02-27 10:24:50,accounts.google.com
2014-02-27 10:24:52,www.google.com
2014-02-27 10:24:53,chatenabled.mail.google.com
2014-02-27 10:24:54,b.mail.google.com
2014-02-27 10:24:55,apis.google.com
2014-02-27 10:25:03,apis.google.com
2014-02-27 10:25:14,apis.google.com
2014-02-27 10:25:17,plus.google.com
2014-02-27 10:25:17,chatenabled.mail.google.com
2014-02-27 10:25:17,b.mail.google.com
2014-02-27 10:25:17,accounts.google.fr
2014-02-27 10:25:17,www.google.fr
2014-02-27 10:25:17,www.google.com
2014-02-27 10:25:17,mail.google.com
2014-02-27 10:25:18,accounts.youtube.com
2014-02-27 10:25:18,www.google.fr
2014-02-27 10:25:21,javadl-esd.sun.com
2014-02-27 10:25:22,javadl-esd.sun.com
2014-02-27 10:25:52,accounts.google.fr
2014-02-27 10:25:52,accounts.youtube.com
2014-02-27 10:25:52,accounts.google.com
2014-02-27 10:25:52,www.bing.com
2014-02-27 10:25:52,mail.google.com
2014-02-27 10:25:54,mail.google.com
2014-02-27 10:25:54,login.live.com
2014-02-27 10:25:54,fr-fr.facebook.com
2014-02-27 10:25:54,www.bing.com
2014-02-27 10:26:19,mail.google.com
2014-02-27 10:26:24,mail.google.com
2014-02-27 10:28:29,office.microsoft.com
2014-02-27 10:28:29,office14client.microsoft.com
2014-02-27 10:28:30,office.microsoft.com
2014-02-27 10:36:27,www.bing.com
2014-02-27 10:36:37,emploi-scientifique.info
2014-02-27 10:36:37,www.bing.com
2014-02-27 10:36:38,emploi-scientifique.info
2014-02-27 10:36:41,login.live.com
2014-02-27 10:37:03,emploi-scientifique.info
2014-02-27 10:37:09,emploi-scientifique.info
2014-02-27 10:37:23,emploi-scientifique.info
2014-02-27 10:37:27,emploi-scientifique.info
2014-02-27 10:38:16,www.bing.com
2014-02-27 10:38:26,www.bing.com
2014-02-27 10:38:30,login.live.com
2014-02-27 10:38:41,www.bing.com
2014-02-27 10:38:52,bibliotheque.clermont-universite.fr
2014-02-27 10:39:10,sicd.clermont-universite.fr
2014-02-27 10:39:11,www.bing.com
2014-02-27 10:39:27,www.bing.com
2014-02-27 10:39:28,www.bing.com
2014-02-27 10:39:36,img1.blogblog.com
2014-02-27 10:39:36,criminologie2b.blogspot.fr
2014-02-27 10:39:36,www.bing.com
2014-02-27 10:39:36,ssl.bing.com
2014-02-27 10:39:36,3.bp.blogspot.com
2014-02-27 10:39:36,criminologie2b.blogspot.com
2014-02-27 10:39:37,snow-effect.googlecode.com
2014-02-27 10:39:39,login.live.com
2014-02-27 10:39:48,www.blogger.com
2014-02-27 10:39:48,apis.google.com
2014-02-27 10:39:48,i254.photobucket.com
2014-02-27 10:39:49,criminologie2b.blogspot.fr
2014-02-27 10:39:49,www.blogger.com
2014-02-27 10:39:49,i254.photobucket.com
2014-02-27 10:39:49,sicd.clermont-universite.fr
2014-02-27 10:39:49,img1.blogblog.com
2014-02-27 10:39:52,accounts.google.com
2014-02-27 10:40:04,apis.google.com
2014-02-27 10:40:04,img1.blogblog.com
2014-02-27 10:40:04,sicd.clermont-universite.fr
2014-02-27 10:40:05,accounts.google.com
2014-02-27 10:40:05,www.bpe.europresse.com.sicd.clermont-universite.fr
2014-02-27 10:40:21,www.bpe.europresse.com.sicd.clermont-universite.fr
2014-02-27 10:40:23,snow-effect.googlecode.com
2014-02-27 10:40:23,www.blogger.com
2014-02-27 10:40:23,3.bp.blogspot.com
2014-02-27 10:40:23,criminologie2b.blogspot.fr
2014-02-27 10:40:26,www.bpe.europresse.com.sicd.clermont-universite.fr
2014-02-27 10:40:26,www.blogger.com
2014-02-27 10:40:26,apis.google.com
2014-02-27 10:40:27,www.bpe.europresse.com.sicd.clermont-universite.fr
2014-02-27 10:40:28,www.bpe.europresse.com.sicd.clermont-universite.fr
2014-02-27 10:40:29,www.bpe.europresse.com.sicd.clermont-universite.fr
2014-02-27 10:40:30,www.bpe.europresse.com.sicd.clermont-universite.fr
2014-02-27 10:40:56,www.bpe.europresse.com.sicd.clermont-universite.fr
2014-02-27 10:40:57,www.bpe.europresse.com.sicd.clermont-universite.fr
2014-02-27 10:40:58,www.bpe.europresse.com.sicd.clermont-universite.fr
2014-02-27 10:40:59,www.bpe.europresse.com.sicd.clermont-universite.fr
2014-02-27 10:41:20,www.bpe.europresse.com.sicd.clermont-universite.fr
2014-02-27 10:41:40,www.bing.com
2014-02-27 10:41:50,www.bing.com
2014-02-27 10:41:52,www.bpe.europresse.com.sicd.clermont-universite.fr
2014-02-27 10:41:53,www.bpe.europresse.com.sicd.clermont-universite.fr
2014-02-27 10:41:55,login.live.com
2014-02-27 10:41:58,www.bing.com
2014-02-27 10:42:30,www.bpe.europresse.com.sicd.clermont-universite.fr
2014-02-27 10:43:54,www.bpe.europresse.com.sicd.clermont-universite.fr
2014-02-27 10:44:01,www.bpe.europresse.com.sicd.clermont-universite.fr
2014-02-27 10:44:51,www.bpe.europresse.com.sicd.clermont-universite.fr
2014-02-27 10:45:06,www.bpe.europresse.com.sicd.clermont-universite.fr
2014-02-27 10:45:07,www.bpe.europresse.com.sicd.clermont-universite.fr
2014-02-27 10:45:19,www.bpe.europresse.com.sicd.clermont-universite.fr
2014-02-27 10:45:48,ssl.bing.com
2014-02-27 10:45:57,www.bing.com
2014-02-27 10:46:06,www.bpe.europresse.com.sicd.clermont-universite.fr
2014-02-27 10:46:07,www.bpe.europresse.com.sicd.clermont-universite.fr
2014-02-27 10:46:07,www.bing.com
2014-02-27 10:46:10,www.bing.com
2014-02-27 10:46:11,login.live.com
2014-02-27 10:46:12,login.live.com
2014-02-27 10:46:15,www.bing.com
2014-02-27 10:46:17,www.bing.com
2014-02-27 10:46:18,ssl.bing.com
2014-02-27 10:46:18,www.tf1.fr
2014-02-27 10:46:19,s.tf1.fr
2014-02-27 10:46:19,www.tf1.fr
2014-02-27 10:46:20,media.kpsule.me
2014-02-27 10:46:20,um.simpli.fi
2014-02-27 10:46:20,www.tf1.fr
2014-02-27 10:46:20,player.kpsule.me
2014-02-27 10:46:20,s.tf1.fr
2014-02-27 10:46:20,fpdownload2.macromedia.com
2014-02-27 10:46:21,s.tf1.fr
2014-02-27 10:46:22,s.tf1.fr
2014-02-27 10:46:22,www.facebook.com
2014-02-27 10:46:22,www.google.com
2014-02-27 10:46:23,s.tf1.fr
2014-02-27 10:46:34,www.bing.com
2014-02-27 10:46:35,www.bing.com
2014-02-27 10:46:38,www.bing.com
2014-02-27 10:46:45,www.bing.com
2014-02-27 10:46:45,statique.telerama.fr
2014-02-27 10:46:45,television.telerama.fr
2014-02-27 10:46:45,icon.telerama.fr
2014-02-27 10:46:45,connect.facebook.net
2014-02-27 10:46:45,www.telerama.fr
2014-02-27 10:46:45,listener.ezakus.net
2014-02-27 10:46:46,stats-telerama.sdv.fr
2014-02-27 10:46:46,statique.telerama.fr
2014-02-27 10:46:46,icon.telerama.fr
2014-02-27 10:46:46,pixel.alephd.com
2014-02-27 10:46:46,static.ak.facebook.com
2014-02-27 10:46:46,www.telerama.fr
2014-02-27 10:46:46,s-static.ak.facebook.com
2014-02-27 10:46:46,www.facebook.com
2014-02-27 10:46:46,television.telerama.fr
2014-02-27 10:46:46,images.telerama.fr
2014-02-27 10:46:46,medias-telerama.sdv.fr
2014-02-27 10:46:46,platform.twitter.com
2014-02-27 10:46:46,images.orangepublicite.fr
2014-02-27 10:46:46,captcha.sdv.fr
2014-02-27 10:46:47,icon.telerama.fr
2014-02-27 10:46:47,platform.twitter.com
2014-02-27 10:46:47,images.orangepublicite.fr
2014-02-27 10:46:47,v42bfubh2h.s.ad6media.fr
2014-02-27 10:46:47,mm.eulerian.net
2014-02-27 10:46:47,www.telerama.fr
2014-02-27 10:46:47,www.facebook.com
2014-02-27 10:46:47,pixel.alephd.com
2014-02-27 10:46:47,statique.telerama.fr
2014-02-27 10:46:47,television.telerama.fr
2014-02-27 10:46:48,icon.telerama.fr
2014-02-27 10:46:48,v42bfubh2h.s.ad6media.fr
2014-02-27 10:46:48,statique.telerama.fr
2014-02-27 10:46:48,banniere.reussissonsensemble.fr
2014-02-27 10:46:48,style2.ad6.fr
2014-02-27 10:46:48,mm.eulerian.net
2014-02-27 10:46:49,login.live.com
2014-02-27 10:46:49,its.tradelab.fr
2014-02-27 10:46:50,its.tradelab.fr
2014-02-27 10:46:51,style2.ad6.fr
2014-02-27 10:46:51,clic.reussissonsensemble.fr
2014-02-27 10:46:51,v42bfubh2h.s.ad6media.fr
2014-02-27 10:46:52,clic.reussissonsensemble.fr
2014-02-27 10:46:52,v42bfubh2h.s.ad6media.fr
2014-02-27 10:46:53,style2.ad6.fr
2014-02-27 10:46:53,d1447tq2m68ekg.cloudfront.net
2014-02-27 10:46:54,style2.ad6.fr
2014-02-27 10:46:56,twitter.com
2014-02-27 10:46:56,www.facebook.com
2014-02-27 10:46:57,twitter.com
2014-02-27 10:46:57,www.smartbox.com
2014-02-27 10:46:57,ea.smartbox.com
2014-02-27 10:46:58,apis.google.com
2014-02-27 10:46:59,api.dailymotion.com
2014-02-27 10:46:59,its.tradelab.fr
2014-02-27 10:46:59,www.bing.com
2014-02-27 10:47:09,www.bing.com
2014-02-27 10:47:10,login.live.com
2014-02-27 10:47:13,www.bing.com
2014-02-27 10:47:37,www.bing.com
2014-02-27 10:47:41,login.live.com
2014-02-27 10:47:42,www.bing.com
2014-02-27 10:47:47,www.bing.com
2014-02-27 10:48:09,www.bing.com
2014-02-27 10:48:09,www.tf1.fr
2014-02-27 10:48:09,ssl.bing.com
2014-02-27 10:48:10,www.tf1.fr
2014-02-27 10:48:10,s.tf1.fr
2014-02-27 10:48:11,dtm.potterybarnkids.com
2014-02-27 10:48:11,slpubmedias.tf1.fr
2014-02-27 10:48:11,s.tf1.fr
2014-02-27 10:48:11,sa.tf1.fr
2014-02-27 10:48:11,www.tf1.fr
2014-02-27 10:48:11,www.facebook.com
2014-02-27 10:48:11,rubicon-match.dotomi.com
2014-02-27 10:48:12,s.tf1.fr
2014-02-27 10:48:13,www.google.com
2014-02-27 10:48:13,www.tf1.fr
2014-02-27 10:48:21,www.bing.com
2014-02-27 10:48:22,www.bing.com
2014-02-27 10:48:31,www.bing.com
2014-02-27 10:48:46,www.bing.com
2014-02-27 10:48:51,www.bing.com
2014-02-27 10:48:51,bits.wikimedia.org
2014-02-27 10:48:52,login.wikimedia.org
2014-02-27 10:48:52,fr.wikipedia.org
2014-02-27 10:48:52,bits.wikimedia.org
2014-02-27 10:48:53,meta.wikimedia.org
2014-02-27 10:48:54,bits.wikimedia.org
2014-02-27 10:48:54,meta.wikimedia.org
2014-02-27 10:48:54,fr.wikipedia.org
2014-02-27 10:48:55,login.live.com
2014-02-27 10:50:49,static1.ozap.com
2014-02-27 10:50:49,www.ozap.com
2014-02-27 10:50:50,eu1.swbdds.com
2014-02-27 10:50:50,static1.ozap.com
2014-02-27 10:50:50,www.beead.fr
2014-02-27 10:50:51,www.facebook.com
2014-02-27 10:50:51,www.ozap.com
2014-02-27 10:50:51,puremediascom.disqus.com
2014-02-27 10:50:51,static1.ozap.com
2014-02-27 10:50:53,static.ak.facebook.com
2014-02-27 10:50:53,www.google.com
2014-02-27 10:50:53,static1.ozap.com
2014-02-27 10:50:53,s-static.ak.facebook.com
2014-02-27 10:50:54,static.ebz.io
2014-02-27 10:50:54,static1.ozap.com
2014-02-27 10:50:55,disqus.com
2014-02-27 10:50:55,go.disqus.com
2014-02-27 10:50:55,static.ebz.io
2014-02-27 10:50:55,eu1.swbdds.com
2014-02-27 10:50:55,www.ozap.com
2014-02-27 10:50:55,static1.ozap.com
2014-02-27 10:50:56,disqus.com
2014-02-27 10:50:57,disqus.com
2014-02-27 10:51:05,platform.twitter.com
2014-02-27 10:51:06,apis.google.com
2014-02-27 10:51:06,static1.ozap.com
2014-02-27 10:51:07,apis.google.com
2014-02-27 10:51:07,www.ozap.com
2014-02-27 10:51:07,www.facebook.com
2014-02-27 10:51:07,platform.twitter.com
2014-02-27 10:51:08,static1.ozap.com
2014-02-27 10:51:08,twitter.com
2014-02-27 10:51:08,apis.google.com
2014-02-27 10:51:09,accounts.google.com
2014-02-27 10:51:12,accounts.google.com
2014-02-27 10:51:12,www.ozap.com
2014-02-27 11:00:10,fr.wikipedia.org
2014-02-27 11:00:11,fr.wikipedia.org
2014-02-27 11:00:11,meta.wikimedia.org
2014-02-27 11:00:11,bits.wikimedia.org
2014-02-27 11:00:49,fr.wikipedia.org
2014-02-27 11:00:50,fr.wikipedia.org
2014-02-27 11:00:52,fr.wikipedia.org
2014-02-27 11:00:52,bits.wikimedia.org
2014-02-27 11:00:52,meta.wikimedia.org
2014-02-27 11:00:56,bits.wikimedia.org
2014-02-27 11:00:56,fr.wikipedia.org
2014-02-27 11:00:57,meta.wikimedia.org
2014-02-27 11:00:57,fr.wikipedia.org
2014-02-27 11:01:01,fr.wikipedia.org
2014-02-27 11:01:02,bits.wikimedia.org
2014-02-27 11:01:03,fr.wikipedia.org
2014-02-27 11:01:03,meta.wikimedia.org
2014-02-27 11:01:07,fr.wikipedia.org
2014-02-27 11:01:10,fr.wikipedia.org
2014-02-27 11:01:10,bits.wikimedia.org
2014-02-27 11:01:10,meta.wikimedia.org
2014-02-27 11:01:11,meta.wikimedia.org
2014-02-27 11:01:11,fr.wikipedia.org
2014-02-27 11:01:14,fr.wikipedia.org
2014-02-27 11:01:14,bits.wikimedia.org
2014-02-27 11:01:14,meta.wikimedia.org
2014-02-27 11:01:15,meta.wikimedia.org
2014-02-27 11:01:15,fr.wikipedia.org
2014-02-27 11:01:19,fr.wikipedia.org
2014-02-27 11:01:20,meta.wikimedia.org
2014-02-27 11:01:20,fr.wikipedia.org
2014-02-27 11:01:20,bits.wikimedia.org
2014-02-27 11:31:31,fr.wikipedia.org
2014-02-27 11:31:32,fr.wikipedia.org
2014-02-27 11:31:32,bits.wikimedia.org
2014-02-27 11:31:33,meta.wikimedia.org
2014-02-27 11:31:33,fr.wikipedia.org
2014-02-27 11:31:42,fr.wikipedia.org
2014-02-27 11:31:45,fr.wikipedia.org
2014-02-27 11:31:46,meta.wikimedia.org
2014-02-27 11:31:46,fr.wikipedia.org
2014-02-27 11:31:46,bits.wikimedia.org
2014-02-27 11:31:55,fr.wikipedia.org
2014-02-27 11:31:56,bits.wikimedia.org
2014-02-27 11:31:56,meta.wikimedia.org
2014-02-27 11:31:56,fr.wikipedia.org
2014-02-27 11:31:57,fr.wikipedia.org
2014-02-27 11:31:57,meta.wikimedia.org
2014-02-27 11:41:53,fr.wikipedia.org
2014-02-27 11:41:54,bits.wikimedia.org
2014-02-27 11:41:54,fr.wikipedia.org
2014-02-27 11:41:54,meta.wikimedia.org
2014-02-27 11:41:55,fr.wikipedia.org
2014-02-27 11:41:55,meta.wikimedia.org
2014-02-27 12:06:23,api.bing.com
2014-02-27 12:06:23,www.bing.com
2014-02-27 12:06:24,bits.wikimedia.org
2014-02-27 12:06:24,www.bing.com
2014-02-27 12:06:24,fr.wikipedia.org
2014-02-27 12:06:25,meta.wikimedia.org
2014-02-27 12:06:25,fr.wikipedia.org
2014-02-27 12:06:25,bits.wikimedia.org
2014-02-27 12:08:02,www.bing.com
2014-02-27 12:08:03,www.bing.com
2014-02-27 12:08:03,bits.wikimedia.org
2014-02-27 12:08:03,fr.wikipedia.org
2014-02-27 12:08:04,meta.wikimedia.org
2014-02-27 12:08:04,bits.wikimedia.org
2014-02-27 12:08:04,fr.wikipedia.org
2014-03-20 10:18:23,ieonline.microsoft.com
2014-03-20 10:20:26,go.microsoft.com
2014-03-20 10:20:27,js.microsoft.com
2014-03-20 10:20:27,windows.microsoft.com
2014-03-20 10:20:27,res2.windows.microsoft.com
2014-03-20 10:20:27,res1.windows.microsoft.com
2014-03-20 10:20:27,ajax.microsoft.com
2014-03-20 10:20:30,api.bing.com
2014-03-20 10:20:31,www.bing.com
2014-03-20 10:20:32,api.bing.com
2014-03-20 10:20:33,api.bing.com
2014-03-20 10:20:34,api.bing.com
2014-03-20 10:20:35,api.bing.com
2014-03-20 10:20:35,www.bing.com
2014-03-20 10:20:36,www.bing.com
2014-03-20 10:20:37,www.bing.com
2014-03-20 10:20:37,cms.abmr.net
2014-03-20 10:20:38,login.live.com
2014-03-20 10:22:24,ieonline.microsoft.com
2014-03-20 10:22:26,ieonline.microsoft.com
2014-03-20 10:22:26,go.microsoft.com
2014-03-20 10:32:29,api.bing.com
2014-03-20 10:32:30,www.bing.com
2014-03-20 10:32:30,api.bing.com
2014-03-20 10:32:31,www.bing.com
2014-03-20 10:32:31,fr-fr.facebook.com
2014-03-20 10:32:35,www.bing.com
2014-03-20 10:32:38,www.bing.com
2014-03-20 10:32:38,login.live.com
2014-03-20 10:32:39,fr-fr.facebook.com
2014-03-20 10:32:45,fr-fr.facebook.com
2014-03-20 10:33:50,ssl.bing.com
2014-03-20 11:08:42,api.bing.com
2014-03-20 11:08:43,api.bing.com
2014-03-20 11:08:46,gmail.com
2014-03-20 11:08:46,accounts.google.com
2014-03-20 11:08:46,mail.google.com
2014-03-20 11:08:47,accounts.youtube.com
2014-03-20 11:08:47,mail.google.com
2014-03-20 11:09:00,accounts.google.fr
2014-03-20 11:09:01,accounts.youtube.com
2014-03-20 11:09:01,accounts.google.com
2014-03-20 11:09:02,clients2.google.com
2014-03-20 11:09:02,accounts.google.fr
2014-03-20 11:09:02,www.google.com
2014-03-20 11:09:02,mail.google.com
2014-03-20 11:09:03,www.google.com
2014-03-20 11:09:03,plus.google.com
2014-03-20 11:09:03,clients2.google.com
2014-03-20 11:09:03,apis.google.com
2014-03-20 11:09:04,chatenabled.mail.google.com
2014-03-20 11:09:04,mail.google.com
2014-03-20 11:09:04,accounts.google.com
2014-03-20 11:10:11,plus.google.com
2014-03-20 11:10:11,chatenabled.mail.google.com
2014-03-20 11:10:11,apis.google.com
2014-03-20 11:10:11,api.bing.com
2014-03-20 11:10:12,api.bing.com
2014-03-20 11:10:13,api.bing.com
2014-03-20 11:10:14,api.bing.com
2014-03-20 11:10:15,api.bing.com
2014-03-20 11:11:02,mail.google.com
2014-03-20 11:11:30,mail.google.com
2014-03-20 11:11:30,apis.google.com
2014-03-20 11:11:32,apis.google.com
2014-03-20 11:11:39,apis.google.com
2014-03-20 11:11:40,apis.google.com
2014-03-20 11:11:53,mail.google.com
2014-03-20 11:11:54,www.google.com
2014-03-20 11:11:54,plus.google.com
2014-03-20 11:11:54,mail.google.com
2014-03-20 11:11:54,www.google.fr
2014-03-20 11:13:16,accounts.google.fr
2014-03-20 11:13:16,accounts.google.com
2014-03-20 11:13:16,accounts.youtube.com
2014-03-20 11:13:16,mail.google.com
2014-03-20 11:22:28,api.bing.com
2014-03-20 11:22:29,api.bing.com
2014-03-20 11:22:30,api.bing.com
2014-03-20 11:52:01,api.bing.com
2014-03-20 11:52:05,api.bing.com
2014-03-20 11:52:09,api.bing.com
2014-03-20 11:52:10,api.bing.com
2014-03-20 11:52:10,mail.google.com
2014-03-20 11:52:11,accounts.youtube.com
2014-03-20 11:52:11,mail.google.com
2014-03-20 11:52:11,accounts.google.com
2014-03-20 11:52:14,accounts.google.fr
2014-03-20 11:52:17,www.google.com
2014-03-20 11:52:17,plus.google.com
2014-03-20 11:52:17,clients2.google.com
2014-03-20 11:52:17,accounts.google.com
2014-03-20 11:52:17,accounts.youtube.com
2014-03-20 11:52:17,accounts.google.fr
2014-03-20 11:52:17,apis.google.com
2014-03-20 11:52:17,drive.google.com
2014-03-20 11:52:18,chatenabled.mail.google.com
2014-03-20 11:52:18,mail.google.com
2014-03-20 11:52:37,clients2.google.com
2014-03-20 11:52:41,www.google.com
2014-03-20 11:55:18,mail.google.com
2014-03-20 11:55:40,drive.google.com
2014-03-20 11:55:41,apis.google.com
2014-03-20 11:55:42,mail.google.com
2014-03-20 11:55:50,plus.google.com
2014-03-20 11:55:50,chatenabled.mail.google.com
2014-03-20 11:55:50,drive.google.com
2014-03-20 11:55:50,api.bing.com
2014-03-20 11:55:50,apis.google.com
2014-03-20 11:55:51,api.bing.com
2014-03-20 11:55:52,api.bing.com
2014-03-20 11:55:53,api.bing.com
2014-03-20 11:55:56,www.bing.com
2014-03-20 11:55:57,dev.virtualearth.net
2014-03-20 11:55:57,www.bing.com
2014-03-20 11:55:57,logc258.at.pagesjaunes.fr
2014-03-20 11:55:57,www.pagesjaunes.fr
2014-03-20 11:55:58,www.bing.com
2014-03-20 11:56:16,api.bing.com
2014-03-20 11:56:17,api.bing.com
2014-03-20 11:56:18,api.bing.com
2014-03-20 11:56:19,api.bing.com
2014-03-20 11:56:19,www.bing.com
2014-03-20 11:56:22,login.live.com
2014-03-20 11:56:27,www.bing.com
2014-03-20 11:56:28,ssl.bing.com
2014-03-20 11:56:28,meta.wikimedia.org
2014-03-20 11:56:28,bits.wikimedia.org
2014-03-20 11:56:28,fr.wikipedia.org
2014-03-20 11:56:28,login.wikimedia.org
2014-03-20 11:59:41,www.google.com
2014-03-20 11:59:42,accounts.youtube.com
2014-03-20 11:59:42,www.google.com
2014-03-20 11:59:42,mail.google.com
2014-03-20 11:59:42,accounts.google.com
2014-03-20 12:05:57,www.google.fr
2014-03-20 12:06:04,accounts.google.fr
2014-03-20 12:06:04,accounts.youtube.com
2014-03-20 12:06:04,accounts.google.com
2014-03-20 12:06:05,mail.google.com
2014-03-20 12:06:17,clients2.google.com
2014-03-20 12:06:35,www.google.com
2014-03-20 12:06:55,mail.google.com
2014-03-20 12:06:59,plus.google.com
2014-03-20 12:07:00,mail.google.com
2014-03-20 12:08:10,chatenabled.mail.google.com
2014-03-20 12:08:10,plus.google.com
2014-03-20 12:08:10,drive.google.com
2014-03-20 12:08:10,apis.google.com
2014-03-20 12:08:10,accounts.google.com
2014-03-20 12:08:10,www.google.com
2014-03-20 12:08:10,api.bing.com
2014-03-20 12:08:10,accounts.youtube.com
2014-03-20 12:08:11,api.bing.com
2014-03-20 12:08:12,www.bing.com
2014-03-20 12:08:14,login.live.com
2014-03-20 12:08:16,www.bing.com
2014-03-20 12:08:17,www.facebook.com
2014-03-20 12:08:24,www.facebook.com
2014-03-20 12:08:25,ssl.bing.com
2014-03-20 12:08:26,mail.google.com
2014-04-17 10:22:32,api.bing.com
2014-04-17 10:22:33,api.bing.com
2014-04-17 10:22:35,www.facebook.com
2014-04-17 10:23:00,api.bing.com
2014-04-17 10:23:01,api.bing.com
2014-04-17 10:23:02,api.bing.com
2014-04-17 10:23:03,gmail.com
2014-04-17 10:23:04,mail.google.com
2014-04-17 10:23:05,accounts.google.com
2014-04-17 10:23:05,accounts.youtube.com
2014-04-17 10:23:16,accounts.google.fr
2014-04-17 10:23:17,accounts.google.com
2014-04-17 10:23:18,accounts.google.fr
2014-04-17 10:23:18,clients2.google.com
2014-04-17 10:23:18,www.google.com
2014-04-17 10:23:18,mail.google.com
2014-04-17 10:23:18,accounts.youtube.com
2014-04-17 10:23:19,www.google.com
2014-04-17 10:23:19,clients2.google.com
2014-04-17 10:23:19,mail.google.com
2014-04-17 10:23:19,apis.google.com
2014-04-17 10:23:19,plus.google.com
2014-04-17 10:23:20,chatenabled.mail.google.com
2014-04-17 10:23:20,mail.google.com
2014-04-17 10:23:20,clients6.google.com
2014-04-17 10:23:33,accounts.google.com
2014-04-17 10:25:20,mail.google.com
2014-04-17 10:25:56,ieonline.microsoft.com
2014-04-17 10:27:20,apis.google.com
2014-04-17 10:27:20,clients6.google.com
2014-04-17 10:27:20,chatenabled.mail.google.com
2014-04-17 10:27:21,mail.google.com
2014-04-17 10:27:32,plus.google.com
2014-04-17 10:27:43,plus.google.com
2014-04-17 10:27:51,mail.google.com
2014-04-17 10:27:51,apis.google.com
2014-04-17 10:27:55,apis.google.com
2014-04-17 10:27:56,api.bing.com
2014-04-17 10:27:56,apis.google.com
2014-04-17 10:27:56,www.google.com
2014-04-17 10:28:02,www.google.com
2014-04-17 10:28:02,www.bing.com
2014-04-17 10:28:03,www.bing.com
2014-04-17 10:28:03,cms.abmr.net
2014-04-17 10:28:04,www.bing.com
2014-04-17 10:28:05,login.live.com
2014-04-17 10:28:08,accounts.google.com
2014-04-17 10:28:08,www.bing.com
2014-04-17 10:28:12,api.bing.com
2014-04-17 10:28:12,www.bing.com
2014-04-17 10:28:13,api.bing.com
2014-04-17 10:28:45,www.bing.com
2014-04-17 10:28:47,login.live.com
2014-04-17 10:28:56,www.bing.com
2014-04-17 10:29:05,www.bing.com
2014-04-17 10:29:08,www.bing.com
2014-04-17 10:29:11,www.bing.com
2014-04-17 10:29:12,www.bing.com
2014-04-17 10:29:14,login.live.com
2014-04-17 10:29:14,www.bing.com
2014-04-17 10:29:15,www.bing.com
2014-04-17 10:29:16,www.bing.com
2014-04-17 10:29:17,www.bing.com
2014-04-17 10:29:19,www.bing.com
2014-04-17 10:29:19,login.live.com
2014-04-17 10:29:24,accounts.youtube.com
2014-04-17 10:29:24,ssl.bing.com
2014-04-17 10:29:24,api.bing.com
2014-04-17 10:29:25,api.bing.com
2014-04-17 10:29:27,www.bing.com
2014-04-17 10:29:31,www.bing.com
2014-04-17 10:30:31,ssl.bing.com
2014-04-17 10:31:51,mail.google.com
2014-04-17 10:37:05,www.bing.com
2014-04-17 10:37:06,www.bing.com
2014-04-17 10:37:07,www.pagesjaunes.fr
2014-04-17 10:37:07,logc258.at.pagesjaunes.fr
2014-04-17 10:37:07,dev.virtualearth.net
2014-04-17 10:37:07,www.bing.com
2014-04-17 10:37:08,www.bing.com
2014-04-17 10:37:31,api.bing.com
2014-04-17 10:37:33,mail.google.com
2014-04-17 10:37:34,accounts.google.com
2014-04-17 10:37:34,accounts.youtube.com
2014-04-17 10:37:40,accounts.google.fr
2014-04-17 10:37:42,plus.google.com
2014-04-17 10:37:42,clients2.google.com
2014-04-17 10:37:42,www.google.com
2014-04-17 10:37:43,plus.google.com
2014-04-17 10:37:43,accounts.google.com
2014-04-17 10:37:43,chatenabled.mail.google.com
2014-04-17 10:37:44,clients6.google.com
2014-04-17 10:37:44,mail.google.com
2014-04-17 10:37:44,apis.google.com
2014-04-17 10:37:46,accounts.google.fr
2014-04-17 10:37:46,accounts.youtube.com
2014-04-17 10:37:47,drive.google.com
2014-04-17 10:37:47,mail.google.com
2014-04-17 10:37:47,apis.google.com
2014-04-17 10:37:47,clients6.google.com
2014-04-17 10:37:47,plus.google.com
2014-04-17 10:37:47,www.google.com
2014-04-17 10:37:47,clients2.google.com
2014-04-17 10:37:47,chatenabled.mail.google.com
2014-04-17 10:37:49,drive.google.com
2014-04-17 10:38:17,clients6.google.com
2014-04-17 10:39:42,mail.google.com
2014-04-17 10:41:47,plus.google.com
2014-04-17 10:42:46,plus.google.com
2014-04-17 10:49:43,api.bing.com
2014-04-17 10:49:44,api.bing.com
2014-04-17 10:49:45,api.bing.com
2014-04-17 10:49:47,www.bing.com
2014-04-17 10:49:49,login.live.com
2014-04-17 10:49:49,www.bing.com
2014-04-17 10:49:50,www.bing.com
2014-04-17 10:49:51,www.bing.com
2014-04-17 10:49:53,www.bing.com
2014-04-17 10:49:53,login.live.com
2014-04-17 10:49:54,www.bing.com
2014-04-17 10:49:54,ssl.bing.com
2014-04-17 10:49:55,api.bing.com
2014-04-17 10:49:55,ts4.mm.bing.net
2014-04-17 10:49:55,ts3.mm.bing.net
2014-04-17 10:49:55,ts1.mm.bing.net
2014-04-17 10:49:55,www.bing.com
2014-04-17 10:49:55,ts2.mm.bing.net
2014-04-17 10:49:56,ts1.mm.bing.net
2014-04-17 10:49:56,ts2.mm.bing.net
2014-04-17 10:49:56,ts4.mm.bing.net
2014-04-17 10:49:56,ts3.mm.bing.net
2014-04-17 10:49:56,www.bing.com
2014-04-17 10:49:57,ts1.mm.bing.net
2014-04-17 10:49:57,www.bing.com
2014-04-17 10:49:57,login.live.com
2014-04-17 10:49:58,ts1.mm.bing.net
2014-04-17 10:49:58,www.bing.com
2014-04-17 10:50:00,www.bing.com
2014-04-17 10:50:02,ts1.mm.bing.net
2014-04-17 10:50:02,www.bing.com
2014-04-17 10:50:03,www.bing.com
2014-04-17 10:50:04,ssl.bing.com
2014-04-17 10:50:04,ts2.mm.bing.net
2014-04-17 10:50:04,ts3.mm.bing.net
2014-04-17 10:50:04,ts4.mm.bing.net
2014-04-17 10:50:04,ts1.mm.bing.net
2014-04-17 10:50:04,www.bing.com
2014-04-17 10:50:06,ts1.mm.bing.net
2014-04-17 10:50:07,ts2.mm.bing.net
2014-04-17 10:50:07,ts4.mm.bing.net
2014-04-17 10:50:07,ts3.mm.bing.net
2014-04-17 10:50:07,www.bing.com
2014-04-17 10:50:07,ts1.mm.bing.net
2014-04-17 10:50:08,ts4.mm.bing.net
2014-04-17 10:50:08,ts2.mm.bing.net
2014-04-17 10:50:08,ts3.mm.bing.net
2014-04-17 10:50:08,ts1.mm.bing.net
2014-04-17 10:50:09,ts1.mm.bing.net
2014-04-17 10:50:10,www.bing.com
2014-04-17 10:50:11,www.bing.com
2014-04-17 10:50:12,ts1.mm.bing.net
2014-04-17 10:50:12,www.bing.com
2014-04-17 10:50:12,ts4.mm.bing.net
2014-04-17 10:50:12,ts2.mm.bing.net
2014-04-17 10:50:12,ts3.mm.bing.net
2014-04-17 10:50:14,ts1.mm.bing.net
2014-04-17 10:50:15,ts1.mm.bing.net
2014-04-17 10:50:15,www.bing.com
2014-04-17 10:50:16,ts2.mm.bing.net
2014-04-17 10:50:16,ts4.mm.bing.net
2014-04-17 10:50:16,ts1.mm.bing.net
2014-04-17 10:50:16,www.bing.com
2014-04-17 10:50:16,ts3.mm.bing.net
2014-04-17 10:50:17,ts1.mm.bing.net
2014-04-17 10:50:18,www.bing.com
2014-04-17 10:50:20,www.bing.com
2014-04-17 10:50:21,www.bing.com
2014-04-17 10:50:23,ts1.mm.bing.net
2014-04-17 10:50:23,www.bing.com
2014-04-17 10:50:24,ts1.mm.bing.net
2014-04-17 10:50:24,www.bing.com
2014-04-17 10:50:26,www.bing.com
2014-04-17 10:50:27,www.bing.com
2014-04-17 10:50:28,ts1.mm.bing.net
2014-04-17 10:50:28,www.bing.com
2014-04-17 10:50:30,www.bing.com
2014-04-17 10:50:33,ts1.mm.bing.net
2014-04-17 10:50:34,ts1.mm.bing.net
2014-04-17 10:50:35,ts1.mm.bing.net
2014-04-17 10:50:36,ts1.mm.bing.net
2014-04-17 10:50:36,www.bing.com
2014-04-17 10:50:37,www.bing.com
2014-04-17 10:50:39,www.bing.com
2014-04-17 10:50:42,www.bing.com
2014-04-17 10:50:43,www.bing.com
2014-04-17 10:50:44,ts1.mm.bing.net
2014-04-17 10:50:44,www.bing.com
2014-04-17 10:50:45,ts1.mm.bing.net
2014-04-17 10:50:45,www.bing.com
2014-04-17 10:50:47,www.bing.com
2014-04-17 10:50:48,www.bing.com
2014-04-17 10:50:49,www.bing.com
2014-04-17 10:50:50,www.bing.com
2014-04-17 10:50:51,www.bing.com
2014-04-17 10:50:51,ts1.mm.bing.net
2014-04-17 10:50:53,www.bing.com
2014-04-17 10:50:54,www.bing.com
2014-04-17 10:50:55,www.bing.com
2014-04-17 10:50:56,www.bing.com
2014-04-17 10:50:57,www.bing.com
2014-04-17 10:50:59,www.bing.com
2014-04-17 10:51:01,www.bing.com
2014-04-17 10:51:01,ts1.mm.bing.net
2014-04-17 10:51:02,www.forensicssource.com
2014-04-17 10:51:02,mfs3.cdnsw.com
2014-04-17 10:51:03,polikor.com
2014-04-17 10:51:03,feeds.yourstorewizards.com
2014-04-17 10:51:03,www.forensicssource.com
2014-04-17 10:51:03,ts1.mm.bing.net
2014-04-17 10:51:03,www.bvda.com
2014-04-17 10:51:03,images1.hellotrade.com
2014-04-17 10:51:04,feeds2.yourstorewizards.com
2014-04-17 10:51:04,www.rofinforensic.com.au
2014-04-17 10:51:04,www.crime-scene.com
2014-04-17 10:51:05,feeds2.yourstorewizards.com
2014-04-17 10:51:05,ts3.mm.bing.net
2014-04-17 10:51:05,www.bing.com
2014-04-17 10:51:07,ts1.mm.bing.net
2014-04-17 10:51:08,ts1.mm.bing.net
2014-04-17 10:51:16,www.bing.com
2014-04-17 10:51:19,www.bing.com
2014-04-17 10:51:20,www.bing.com
2014-04-17 10:51:22,www.waproducts.co.uk
2014-04-17 10:51:22,www.bing.com
2014-04-17 10:51:23,ts1.mm.bing.net
2014-04-17 10:51:24,www.forensicssource.com
2014-04-17 10:51:24,www.bing.com
2014-04-17 10:51:25,ts1.mm.bing.net
2014-04-17 10:51:25,www.bvda.com
2014-04-17 10:51:25,www.bing.com
2014-04-17 10:51:26,www.bing.com
2014-04-17 10:51:26,ts1.mm.bing.net
2014-04-17 10:51:27,www.bing.com
2014-04-17 10:51:28,www.bing.com
2014-04-17 10:51:29,ts1.mm.bing.net
2014-04-17 10:51:29,www.bing.com
2014-04-17 10:51:30,ts1.mm.bing.net
2014-04-17 10:51:30,www.bing.com
2014-04-17 10:51:31,ts1.mm.bing.net
2014-04-17 10:51:32,ts1.mm.bing.net
2014-04-17 10:51:32,www.bing.com
2014-04-17 10:51:33,ts1.mm.bing.net
2014-04-17 10:51:33,tpe-1ers4.doomby.com
2014-04-17 10:51:33,www.bing.com
2014-04-17 10:51:34,4.bp.blogspot.com
2014-04-17 10:51:34,www.bing.com
2014-04-17 10:51:34,ts4.mm.bing.net
2014-04-17 10:51:34,ts1.mm.bing.net
2014-04-17 10:51:34,img27.fansshare.com
2014-04-17 10:51:34,www.bvda.com
2014-04-17 10:51:35,1.bp.blogspot.com
2014-04-17 10:51:35,ts1.mm.bing.net
2014-04-17 10:51:35,trouvetavoie.files.wordpress.com
2014-04-17 10:51:35,www.rofinforensic.com.au
2014-04-17 10:51:35,www.bing.com
2014-04-17 10:51:36,ts1.mm.bing.net
2014-04-17 10:51:36,trouvetavoie.files.wordpress.com
2014-04-17 10:51:37,www.bing.com
2014-04-17 10:51:39,ts1.mm.bing.net
2014-04-17 10:51:40,www.bing.com
2014-04-17 10:51:42,www.bing.com
2014-04-17 10:51:43,www.bing.com
2014-04-17 10:51:43,ts1.mm.bing.net
2014-04-17 10:51:44,ts1.mm.bing.net
2014-04-17 10:51:46,ts1.mm.bing.net
2014-04-17 10:51:46,www.bing.com
2014-04-17 10:51:47,www.bing.com
2014-04-17 10:51:48,www.bing.com
2014-04-17 10:51:48,ts1.mm.bing.net
2014-04-17 10:51:50,www.bing.com
2014-04-17 10:51:52,ts1.mm.bing.net
2014-04-17 10:51:52,www.bing.com
2014-04-17 10:51:53,www.bing.com
2014-04-17 10:51:54,ts1.mm.bing.net
2014-04-17 10:51:54,www.bing.com
2014-04-17 10:51:55,www.bing.com
2014-04-17 10:51:55,ts1.mm.bing.net
2014-04-17 10:51:57,www.bing.com
2014-04-17 10:51:58,plus.google.com
2014-04-17 10:51:58,ts1.mm.bing.net
2014-04-17 10:51:58,www.bing.com
2014-04-17 10:51:59,ts1.mm.bing.net
2014-04-17 10:51:59,www.bing.com
2014-04-17 10:52:00,www.bing.com
2014-04-17 10:52:01,www.bing.com
2014-04-17 10:52:02,www.bing.com
2014-04-17 10:52:04,www.bing.com
2014-04-17 10:52:06,ts1.mm.bing.net
2014-04-17 10:52:06,www.bing.com
2014-04-17 10:52:06,www.roupasatacado.com.br
2014-04-17 10:52:07,www.bing.com
2014-04-17 10:52:08,www.bing.com
2014-04-17 10:52:08,ts1.mm.bing.net
2014-04-17 10:52:09,www.bing.com
2014-04-17 10:52:09,ts1.mm.bing.net
2014-04-17 10:52:10,ts1.mm.bing.net
2014-04-17 10:52:10,www.bing.com
2014-04-17 10:52:11,www.bing.com
2014-04-17 10:52:12,i1.ztat.net
2014-04-17 10:52:12,r2.cygnuspub.com
2014-04-17 10:52:12,www.higasarseguridad.com
2014-04-17 10:52:12,www.futura-sciences.com
2014-04-17 10:52:13,www.bing.com
2014-04-17 10:52:13,www.roupasatacado.com.br
2014-04-17 10:52:13,www.toldosdelrey.com.br
2014-04-17 10:52:13,legacy.futura-sciences.com
2014-04-17 10:52:13,ts1.mm.bing.net
2014-04-17 10:52:14,ts1.mm.bing.net
2014-04-17 10:52:14,www.roupasatacado.com.br
2014-04-17 10:52:14,www.bing.com
2014-04-17 10:52:16,www.bing.com
2014-04-17 10:52:16,ts3.mm.bing.net
2014-04-17 10:52:16,www.roupasatacado.com.br
2014-04-17 10:52:16,www.sunshinesombreamentos.com.br
2014-04-17 10:52:16,ts2.mm.bing.net
2014-04-17 10:52:18,ts1.mm.bing.net
2014-04-17 10:52:18,www.hrradinhos.com.br
2014-04-17 10:52:19,www.crime-scene.com
2014-04-17 10:52:29,www.bing.com
2014-04-17 10:52:30,ts1.mm.bing.net
2014-04-17 10:52:30,www.bing.com
2014-04-17 10:52:31,ts1.mm.bing.net
2014-04-17 10:52:31,www.bing.com
2014-04-17 10:52:32,ts1.mm.bing.net
2014-04-17 10:52:32,www.bing.com
2014-04-17 10:52:33,ts3.mm.bing.net
2014-04-17 10:52:33,www.bing.com
2014-04-17 10:52:33,ts1.mm.bing.net
2014-04-17 10:52:34,www.bing.com
2014-04-17 10:52:34,ts4.mm.bing.net
2014-04-17 10:52:34,ts1.mm.bing.net
2014-04-17 10:52:34,ts2.mm.bing.net
2014-04-17 10:52:35,www.altlight.com
2014-04-17 10:52:35,www.mindenkiaruhaza.hu
2014-04-17 10:52:35,ts3.mm.bing.net
2014-04-17 10:52:35,www.roupasatacado.com.br
2014-04-17 10:52:35,ts4.mm.bing.net
2014-04-17 10:52:35,www.bing.com
2014-04-17 10:52:35,images-2.domain.com.au
2014-04-17 10:52:35,ts1.mm.bing.net
2014-04-17 10:52:35,www.bvda.com
2014-04-17 10:52:36,ts1.mm.bing.net
2014-04-17 10:52:36,www.bing.com
2014-04-17 10:52:37,www.annexpublishers.com
2014-04-17 10:52:37,ts1.mm.bing.net
2014-04-17 10:52:37,www.bing.com
2014-04-17 10:52:37,widget.maplink.com.br
2014-04-17 10:52:38,ts3.mm.bing.net
2014-04-17 10:52:38,www.bing.com
2014-04-17 10:52:39,img.auctiva.com
2014-04-17 10:52:39,www.roupasatacado.com.br
2014-04-17 10:52:39,ts3.mm.bing.net
2014-04-17 10:52:40,www.bing.com
2014-04-17 10:52:40,www.nfsa.gov.pk
2014-04-17 10:52:41,1.bp.blogspot.com
2014-04-17 10:52:41,ts1.mm.bing.net
2014-04-17 10:52:42,3.bp.blogspot.com
2014-04-17 10:52:42,www.altlight.com
2014-04-17 10:52:42,www.fdaafrica.com
2014-04-17 10:52:42,1.bp.blogspot.com
2014-04-17 10:52:42,ts1.mm.bing.net
2014-04-17 10:52:43,ts1.mm.bing.net
2014-04-17 10:52:43,www.bing.com
2014-04-17 10:52:43,ts3.mm.bing.net
2014-04-17 10:52:43,www.photonics.com
2014-04-17 10:52:44,www.forensicssource.com
2014-04-17 10:52:44,www.roupasatacado.com.br
2014-04-17 10:52:45,www.roupasatacado.com.br
2014-04-17 10:52:45,www.crime-scene.com
2014-04-17 10:52:45,ts1.mm.bing.net
2014-04-17 10:52:45,www.ansto.gov.au
2014-04-17 10:52:45,www.bing.com
2014-04-17 10:52:46,ts1.mm.bing.net
2014-04-17 10:52:46,www.bing.com
2014-04-17 10:52:47,www.ansto.gov.au
2014-04-17 10:52:47,www.bing.com
2014-04-17 10:52:48,ts1.mm.bing.net
2014-04-17 10:52:49,ts1.mm.bing.net
2014-04-17 10:52:49,www.bing.com
2014-04-17 10:52:50,www.nfstc.org
2014-04-17 10:52:51,www.nfstc.org
2014-04-17 10:52:52,ts4.mm.bing.net
2014-04-17 10:52:53,www.bing.com
2014-04-17 10:56:02,ieonline.microsoft.com
2014-04-17 10:56:27,mail.google.com
2014-04-17 11:00:08,mail.google.com
2014-04-17 11:01:05,rr.office.microsoft.com
2014-04-17 11:01:05,office14client.microsoft.com
2014-04-17 11:01:05,api.bing.com
2014-04-17 11:01:06,rr.office.microsoft.com
2014-04-17 11:01:06,services.highbeam.com
2014-04-17 11:01:06,integrate.factiva.com
2014-04-17 11:01:06,www.worldlingo.com
2014-04-17 11:01:07,www.microsofttranslator.com
2014-04-17 11:04:01,plus.google.com
2014-04-17 11:04:01,mail.google.com
2014-04-17 11:04:02,www.google.com
2014-04-17 11:04:02,www.google.fr
2014-04-17 11:04:04,api.bing.com
2014-04-17 11:04:05,api.bing.com
2014-04-17 11:04:08,api.bing.com
2014-04-17 11:04:09,api.bing.com
2014-04-17 11:04:10,api.bing.com
2014-04-17 11:04:11,www.google.com
2014-04-17 11:04:11,accounts.google.fr
2014-04-17 11:04:11,accounts.google.com
2014-04-17 11:04:11,accounts.youtube.com
2014-04-17 11:04:11,mail.google.com
2014-04-17 11:04:11,www.bing.com
2014-04-17 11:04:13,login.live.com
2014-04-17 11:04:13,www.bing.com
2014-04-17 11:04:15,www.bing.com
2014-04-17 11:04:21,www.bing.com
2014-04-17 11:04:35,www.bing.com
2014-04-17 11:04:37,www.bing.com
2014-04-17 11:04:40,www.bing.com
2014-04-17 11:04:41,www.bing.com
2014-04-17 11:04:42,www.bing.com
2014-04-17 11:04:43,www.bing.com
2014-04-17 11:04:45,login.live.com
2014-04-17 11:04:45,www.bing.com
2014-04-17 11:04:49,www.microsofttranslator.com
2014-04-17 11:04:49,www.bing.com
2014-04-17 11:04:50,www.microsofttranslator.com
2014-04-17 11:04:51,www.microsofttranslator.com
2014-04-17 11:04:51,www.bing.com
2014-04-17 11:04:52,yui.yahooapis.com
2014-04-17 11:04:52,ssl.bing.com
2014-04-17 11:04:53,apis.google.com
2014-04-17 11:04:53,yui.yahooapis.com
2014-04-17 11:04:54,accounts.google.com
2014-04-17 11:04:54,apis.google.com
2014-04-17 11:04:54,yui.yahooapis.com
2014-04-17 11:04:54,api.microsofttranslator.com
2014-04-17 11:04:54,www.bing.com
2014-04-17 11:04:55,api.microsofttranslator.com
2014-04-17 11:04:55,www.microsofttranslator.com
2014-04-17 11:05:01,www.microsofttranslator.com
2014-04-17 11:05:32,www.bing.com
2014-04-17 11:05:37,www.bing.com
2014-04-17 11:05:38,www.bing.com
2014-04-17 11:05:39,www.bing.com
2014-04-17 11:05:40,www.bing.com
2014-04-17 11:05:41,www.bing.com
2014-04-17 11:05:42,www.bing.com
2014-04-17 11:05:43,www.bing.com
2014-04-17 11:05:44,www.bing.com
2014-04-17 11:05:45,www.bing.com
2014-04-17 11:05:46,www.bing.com
2014-04-17 11:05:48,www.bing.com
2014-04-17 11:05:48,login.live.com
2014-04-17 11:05:53,www.bing.com
2014-04-17 11:05:53,www.microsofttranslator.com
2014-04-17 11:05:55,apis.google.com
2014-04-17 11:05:55,ssl.bing.com
2014-04-17 11:05:55,en.cyclopaedia.net
2014-04-17 11:05:55,www.facebook.com
2014-04-17 11:05:55,www.google.com
2014-04-17 11:05:55,platform.twitter.com
2014-04-17 11:05:56,en.cyclopaedia.net
2014-04-17 11:05:56,vcm-match.dotomi.com
2014-04-17 11:05:56,dtm.venus.com
2014-04-17 11:05:56,dtm.underarmour.com
2014-04-17 11:05:56,dtm.cabelas.com
2014-04-17 11:05:56,www.bing.com
2014-04-17 11:05:56,l.longtailvideo.com
2014-04-17 11:05:56,www.google.com
2014-04-17 11:05:56,www.googleapis.com
2014-04-17 11:05:57,www.google.com
2014-04-17 11:05:57,ajax.googleapis.com
2014-04-17 11:05:58,twitter.com
2014-04-17 11:05:58,en.cyclopaedia.net
2014-04-17 11:05:58,clients1.google.com
2014-04-17 11:05:58,www.google.com
2014-04-17 11:05:58,platform.twitter.com
2014-04-17 11:05:58,ajax.googleapis.com
2014-04-17 11:06:00,twitter.com
2014-04-17 11:06:00,apis.google.com
2014-04-17 11:06:00,www.facebook.com
2014-04-17 11:06:01,api.microsofttranslator.com
2014-04-17 11:06:02,ts1.explicit.bing.net
2014-04-17 11:06:02,g-ecx.images-amazon.com
2014-04-17 11:06:02,en.cyclopaedia.net
2014-04-17 11:06:02,ecx.images-amazon.com
2014-04-17 11:06:02,ts2.mm.bing.net
2014-04-17 11:06:02,www.microsofttranslator.com
2014-04-17 11:06:02,ts1.mm.bing.net
2014-04-17 11:06:02,ts3.mm.bing.net
2014-04-17 11:06:02,api.microsofttranslator.com
2014-04-17 11:06:02,encrypted.google.com
2014-04-17 11:06:07,ts3.mm.bing.net
2014-04-17 11:06:07,ts4.mm.bing.net
2014-04-17 11:06:07,encrypted.google.com
2014-04-17 11:06:07,apis.google.com
2014-04-17 11:06:07,ts1.mm.bing.net
2014-04-17 11:06:10,www.bing.com
2014-04-17 11:06:15,www.bing.com
2014-04-17 11:06:16,www.bing.com
2014-04-17 11:06:18,www.bing.com
2014-04-17 11:06:20,www.bing.com
2014-04-17 11:06:20,login.live.com
2014-04-17 11:06:28,www.bing.com
2014-04-17 11:06:35,www.bing.com
2014-04-17 11:06:36,projects.nfstc.org
2014-04-17 11:06:56,www.bing.com
2014-04-17 11:06:57,www.zoominfo.com
2014-04-17 11:06:58,ssl.bing.com
2014-04-17 11:06:58,www.zoominfo.com
2014-04-17 11:06:59,www.google.com
2014-04-17 11:06:59,www.zoominfo.com
2014-04-17 11:06:59,www.google.fr
2014-04-17 11:08:01,mail.google.com
2014-04-17 11:09:46,api.bing.com
2014-04-17 11:09:47,api.bing.com
2014-04-17 11:09:48,api.bing.com
2014-04-17 11:09:49,api.bing.com
2014-04-17 11:09:50,api.bing.com
2014-04-17 11:09:51,api.bing.com
2014-04-17 11:09:52,api.bing.com
2014-04-17 11:09:53,www.bing.com
2014-04-17 11:09:55,login.live.com
2014-04-17 11:09:55,www.bing.com
2014-04-17 11:10:02,www.bing.com
2014-04-17 11:10:03,www.bing.com
2014-04-17 11:10:03,www.uncg.edu
2014-04-17 11:10:03,ajax.googleapis.com
2014-04-17 11:10:03,ssl.bing.com
2014-04-17 11:10:04,www.uncg.edu
2014-04-17 11:10:04,translate.google.com
2014-04-17 11:10:04,translate.googleapis.com
2014-04-17 11:10:05,translate.google.com
2014-04-17 11:10:05,www.uncg.edu
2014-04-17 11:10:05,translate.googleapis.com
2014-04-17 11:10:28,translate.google.com
2014-04-17 11:10:28,www.google.com
2014-04-17 11:12:25,translate.googleapis.com
2014-04-17 11:12:26,translate.googleapis.com
2014-04-17 11:13:14,translate.googleapis.com
2014-04-17 11:14:05,translate.googleapis.com
2014-04-17 11:14:05,www.google.com
2014-04-17 11:14:28,translate.googleapis.com
2014-04-17 11:14:29,translate.googleapis.com
2014-04-17 11:26:02,ieonline.microsoft.com
2014-04-17 12:27:24,ocsp.thawte.com
2014-04-17 12:27:27,gtglobal-ocsp.geotrust.com
2014-04-17 12:27:27,www.google.com
2014-04-17 12:27:27,clients1.google.com
2014-04-17 12:27:31,clients1.google.com
2014-04-17 12:27:34,fr-fr.facebook.com
2014-04-17 12:27:49,clients1.google.com
2014-04-17 12:27:50,clients1.google.com
2014-04-17 12:27:55,clients1.google.com
2014-04-17 12:28:25,gtssl-ocsp.geotrust.com
2014-04-17 12:28:30,clients1.google.com
2014-04-17 12:28:31,clients1.google.com
2014-04-17 12:30:44,www.google.fr
2014-04-17 12:30:47,safebrowsing-cache.google.com
2014-04-17 12:30:47,safebrowsing.clients.google.com
2014-04-17 12:30:48,safebrowsing-cache.google.com
2014-04-17 12:30:56,javadl-esd-secure.oracle.com
2014-04-17 12:31:03,javadl-esd-secure.oracle.com
2014-04-17 12:31:21,accounts.youtube.com
2014-04-17 12:31:21,accounts.google.fr
2014-04-17 12:31:24,clients2.google.com
2014-04-17 12:31:24,www.google.com
2014-04-17 12:31:25,accounts.google.com
2014-04-17 12:31:26,chatenabled.mail.google.com
2014-04-17 12:31:26,plus.google.com
2014-04-17 12:31:26,clients6.google.com
2014-04-17 12:31:26,apis.google.com
2014-04-17 12:33:42,sb-ssl.google.com
2014-04-17 12:34:42,apis.google.com
2014-04-17 12:34:54,drive.google.com
2014-04-17 12:35:17,www.google.fr
2014-04-17 12:35:17,www.jobijoba.com
2014-04-17 12:35:17,use.typekit.net
2014-04-17 12:35:17,www.google.com
2014-04-17 12:35:17,p.typekit.net
2014-04-17 12:35:17,www.allgoob.com
2014-04-17 12:35:18,www.jobijoba.com
2014-04-17 12:35:18,connect.facebook.net
2014-04-17 12:35:18,static.ak.facebook.com
2014-04-17 12:35:18,s-static.ak.facebook.com
2014-04-17 12:35:18,www.google.com
2014-04-17 12:35:19,www.google.com
2014-04-17 12:35:19,clients1.google.com
2014-04-17 12:35:19,www.facebook.com
2014-04-17 12:35:22,ocsp.verisign.com
2014-04-17 12:35:23,clients6.google.com
2014-04-17 12:35:40,www.google.com
2014-04-17 12:35:40,www.jobijoba.com
2014-04-17 12:35:43,ajax.googleapis.com
2014-04-17 12:35:43,www.qapa.fr
2014-04-17 12:35:43,static.qapa.fr
2014-04-17 12:35:43,www.google.com
2014-04-17 12:35:44,a.tile.openstreetmap.org
2014-04-17 12:35:44,static.qapa.fr
2014-04-17 12:35:44,b.tile.openstreetmap.org
2014-04-17 12:35:44,c.tile.openstreetmap.org
2014-04-17 12:35:44,gtssl2-ocsp.geotrust.com
2014-04-17 12:35:45,sync.uuidcshmg.com
2014-04-17 12:35:46,www.facebook.com
2014-04-17 12:35:46,www.qapa.fr
2014-04-17 12:35:46,premium.hi-mediaserver.com
2014-04-17 12:35:48,dps.bing.com
2014-04-17 12:35:51,static.qapa.fr
2014-04-17 12:35:51,www.qapa.fr
2014-04-17 12:35:51,maps.googleapis.com
2014-04-17 12:35:56,maps.googleapis.com
2014-04-17 12:36:02,www.google.fr
2014-04-17 12:36:03,www.elis.com
2014-04-17 12:36:04,www.elis.com
2014-04-17 12:36:19,www.elis.com
2014-04-17 12:36:20,www.elis.com
2014-04-17 12:36:21,www.elis.com
2014-04-17 12:36:22,www.elis.com
2014-04-17 12:37:22,ocsp.digicert.com
2014-04-17 12:38:05,www.google.com
2014-04-17 12:38:06,www.google.fr
2014-04-17 12:38:07,plus.google.com
2014-04-17 12:38:11,apis.google.com
2014-04-17 12:38:14,accounts.google.com
2014-04-17 12:40:41,www.google.fr
2014-04-17 12:40:41,www.capital.fr
2014-04-17 12:40:41,platform.linkedin.com
2014-04-17 12:40:41,www.google.com
2014-04-17 12:40:41,platform.twitter.com
2014-04-17 12:40:42,www.capital.fr
2014-04-17 12:40:42,s-static.ak.facebook.com
2014-04-17 12:40:42,platform.linkedin.com
2014-04-17 12:40:42,www.google.com
2014-04-17 12:40:42,static.ak.facebook.com
2014-04-17 12:40:42,d1447tq2m68ekg.cloudfront.net
2014-04-17 12:40:42,emailretargeting.com
2014-04-17 12:40:42,bdm.capital.fr
2014-04-17 12:40:42,www.ultimedia.com
2014-04-17 12:40:42,www.linkedin.com
2014-04-17 12:40:42,api.adyoulike.com
2014-04-17 12:40:43,www.facebook.com
2014-04-17 12:40:43,www.capital.fr
2014-04-17 12:40:43,graph.facebook.com
2014-04-17 12:40:43,platform.twitter.com
2014-04-17 12:40:43,fo-static.omnitagjs.com
2014-04-17 12:40:43,www.linkedin.com
2014-04-17 12:40:43,static.cloud-media.fr
2014-04-17 12:40:43,clients1.google.com
2014-04-17 12:40:44,endor.mediabong.com
2014-04-17 12:40:44,korriban.mediabong.com
2014-04-17 12:40:44,eulerian.hiscoxpro.fr
2014-04-17 12:40:44,ajax.googleapis.com
2014-04-17 12:40:44,www.capital.fr
2014-04-17 12:40:44,player.mediabong.com
2014-04-17 12:40:44,www.facebook.com
2014-04-17 12:40:44,videosfr.s3.amazonaws.com
2014-04-17 12:40:45,www.facebook.com
2014-04-17 12:40:45,static.mediabong.com
2014-04-17 12:40:45,evsecure-ocsp.verisign.com
2014-04-17 12:40:45,korriban.mediabong.com
2014-04-17 12:40:45,eulerian.hiscoxpro.fr
2014-04-17 12:40:45,player.mediabong.net
2014-04-17 12:40:45,pixel.alephd.com
2014-04-17 12:40:45,its.tradelab.fr
2014-04-17 12:40:46,hal9000.redintelligence.net
2014-04-17 12:40:46,banniere.reussissonsensemble.fr
2014-04-17 12:40:47,korriban.mediabong.com
2014-04-17 12:40:47,cm.adgrx.com
2014-04-17 12:40:47,www.capital.fr
2014-04-17 12:40:47,static.mediabong.com
2014-04-17 12:40:47,banniere.reussissonsensemble.fr
2014-04-17 12:40:47,ea.numericable.fr
2014-04-17 12:40:47,a.nonstoppartner.net
2014-04-17 12:40:48,adventori.com
2014-04-17 12:40:48,um.simpli.fi
2014-04-17 12:40:50,its.tradelab.fr
2014-04-17 12:41:00,ocsp.verisign.com
2014-04-17 12:41:00,s3-eu-west-1.amazonaws.com
2014-04-17 12:41:00,fo-static.omnitagjs.com
2014-04-17 12:41:02,its.tradelab.fr
2014-04-17 12:41:02,www.linkedin.com
2014-04-17 12:41:03,static.ak.facebook.com
2014-04-17 12:41:04,www.google.com
2014-04-17 12:41:04,s-static.ak.facebook.com
2014-04-17 12:41:05,www.facebook.com
2014-04-17 12:41:05,graph.facebook.com
2014-04-17 12:41:05,ftn.fortuneo.fr
2014-04-17 12:41:05,www.capital.fr
2014-04-17 12:41:06,pixel.alephd.com
2014-04-17 12:41:06,ftn.fortuneo.fr
2014-04-17 12:41:06,korriban.mediabong.com
2014-04-17 12:41:08,ocsp.comodoca.com
2014-04-17 12:41:08,c1.adform.net
2014-04-17 12:41:08,korriban.mediabong.com
2014-04-17 12:41:23,www.google.fr
2014-04-17 12:41:24,www.cfea.fr
2014-04-17 12:41:24,www.fomatguyane.fr
2014-04-17 12:41:24,s387878290.siteweb-initial.fr
2014-04-17 12:41:24,ocsp.thawte.com
2014-04-17 12:41:24,pixel2368.everesttech.net
2014-04-17 12:41:24,static.ak.facebook.com
2014-04-17 12:41:25,s-static.ak.facebook.com
2014-04-17 12:41:25,www.facebook.com
2014-04-17 12:41:25,www.fastt.org
2014-04-17 12:41:29,twitter.com
2014-04-17 12:41:29,cms01.website-start.de
2014-04-17 12:41:41,s387878290.siteweb-initial.fr
2014-04-17 12:43:23,www.google.com
2014-04-17 12:43:24,plus.google.com
2014-04-17 12:43:24,www.google.fr
2014-04-17 12:43:37,accounts.google.com
2014-04-17 12:43:38,www.googleapis.com
2014-04-17 12:43:58,apis.google.com
2014-04-17 12:57:48,www.google.fr
2014-04-17 12:57:48,www.google.com
2014-04-17 12:57:49,www.google.com
2014-04-17 12:59:18,clients6.google.com
2014-04-17 12:59:18,plus.google.com
2014-04-17 12:59:21,safebrowsing.clients.google.com
2014-04-17 12:59:21,safebrowsing-cache.google.com
2014-04-17 12:59:22,safebrowsing-cache.google.com
2014-04-17 12:59:32,www.google.fr
2014-04-17 12:59:33,static.ak.facebook.com
2014-04-17 12:59:33,foglio.basilic.io
2014-04-17 12:59:33,www.leparisien.fr
2014-04-17 12:59:33,s3.lprs1.fr
2014-04-17 12:59:34,www.leparisien.fr
2014-04-17 12:59:34,eulerian.hiscoxpro.fr
2014-04-17 12:59:34,s3.lprs1.fr
2014-04-17 12:59:34,builder.extensionfactory.com
2014-04-17 12:59:34,www.tripadvisor.com
2014-04-17 12:59:35,its.tradelab.fr
2014-04-17 12:59:35,www.tripadvisor.com
2014-04-17 12:59:35,s3.lprs1.fr
2014-04-17 12:59:35,www.facebook.com
2014-04-17 12:59:35,platform.twitter.com
2014-04-17 12:59:35,s-static.ak.facebook.com
2014-04-17 12:59:35,www.leparisien.fr
2014-04-17 12:59:36,its.tradelab.fr
2014-04-17 12:59:37,gtssl-ocsp.geotrust.com
2014-04-17 12:59:37,www.google.com
2014-04-17 12:59:38,banniere.reussissonsensemble.fr
2014-04-17 12:59:39,pr.ybp.yahoo.com
2014-04-17 12:59:39,rubicon-match.dotomi.com
2014-04-17 12:59:39,perpetuo-onl.basilic.io
2014-04-17 12:59:39,rp.gwallet.com
2014-04-17 12:59:39,user-disp.tidaltv.com
2014-04-17 12:59:39,banniere.reussissonsensemble.fr
2014-04-17 12:59:39,rbp.mxptint.net
2014-04-17 12:59:40,user-disp.tidaltv.com
2014-04-17 12:59:41,i1-js-14-3-01-10076-427006321-i.init.cedexis-radar.net
2014-04-17 12:59:42,fastly2.bench.cedexis.com
2014-04-17 12:59:43,fastly2.bench.cedexis.com
2014-04-17 12:59:44,s3.lprs1.fr
2014-04-17 12:59:45,ns315250.ip-37-187-28.eu
2014-04-17 13:00:01,www.google.fr
2014-04-17 13:00:01,www.google.com
2014-04-17 13:00:01,accounts.google.com
2014-04-17 13:00:01,accounts.youtube.com
2014-04-17 13:00:01,mail.google.com
2014-04-17 13:00:01,apis.google.com
2014-04-17 13:00:01,twitter.com
2014-04-17 13:00:01,accounts.google.fr
2014-04-17 16:56:37,ocsp.thawte.com
2014-04-17 16:56:42,gtglobal-ocsp.geotrust.com
2014-04-17 16:56:42,www.google.com
2014-04-17 16:56:42,clients1.google.com
2014-04-17 16:56:49,en.wiktionary.org
2014-04-17 16:56:49,www.google.fr
2014-04-17 16:56:49,bits.wikimedia.org
2014-04-17 16:56:49,login.wikimedia.org
2014-04-17 16:56:50,en.wiktionary.org
2014-04-17 16:56:50,meta.wikimedia.org
2014-04-17 16:57:09,clients1.google.com
2014-04-17 16:57:13,www.google.fr
2014-04-17 16:57:13,translate.google.fr
2014-04-17 16:57:14,translate.google.fr
2014-04-17 16:57:16,translate.google.fr
2014-04-17 16:57:17,translate.google.fr
2014-04-17 16:57:18,translate.google.fr
2014-04-17 16:57:22,www.google.fr
2014-04-17 16:57:22,apis.google.com
2014-04-17 16:57:22,www.google.com
2014-04-24 10:07:10,sci.sciences.univ-bpclermont.fr
2014-04-24 10:07:11,sci.sciences.univ-bpclermont.fr
2014-04-24 10:07:11,ocsp.thawte.com
2014-04-24 10:07:15,sci.sciences.univ-bpclermont.fr
2014-04-24 10:07:30,sci.sciences.univ-bpclermont.fr
2014-04-24 10:07:49,www.squid-cache.org
2014-04-24 10:08:11,gtssl-ocsp.geotrust.com
2014-04-24 10:08:17,gtglobal-ocsp.geotrust.com
2014-04-24 10:08:17,clients1.google.com
2014-04-24 10:08:23,clients1.google.com
2014-04-24 10:08:40,safebrowsing-cache.google.com
2014-04-24 10:08:40,safebrowsing.clients.google.com
2014-04-24 10:08:41,safebrowsing-cache.google.com
2014-04-24 10:08:42,safebrowsing-cache.google.com
2014-04-24 10:09:04,www.google.fr
2014-04-24 10:09:04,o2i.univ-bpclermont.fr
2014-04-24 10:09:04,c2i.univ-bpclermont.fr
2014-04-24 10:09:19,o2i.univ-bpclermont.fr
2014-04-24 10:11:19,apis.google.com
2014-04-24 10:11:35,sb-ssl.google.com
2014-04-24 10:11:55,www.google.fr
2014-04-24 10:11:55,www.google.com
2014-04-24 10:13:39,o2i.univ-bpclermont.fr
2014-04-24 10:13:41,o2i.univ-bpclermont.fr
2014-04-24 10:13:42,o2i.univ-bpclermont.fr
2014-04-24 10:13:43,o2i.univ-bpclermont.fr
2014-04-24 10:13:44,o2i.univ-bpclermont.fr
2014-04-24 10:13:45,o2i.univ-bpclermont.fr
2014-04-24 10:13:47,o2i.univ-bpclermont.fr
2014-04-24 10:13:48,o2i.univ-bpclermont.fr
2014-04-24 10:13:56,o2i.univ-bpclermont.fr
2014-04-24 10:14:07,o2i.univ-bpclermont.fr
2014-04-24 10:14:08,o2i.univ-bpclermont.fr
2014-04-24 10:14:09,o2i.univ-bpclermont.fr
2014-04-24 10:14:10,o2i.univ-bpclermont.fr
2014-04-24 10:14:11,o2i.univ-bpclermont.fr
2014-04-24 10:14:12,o2i.univ-bpclermont.fr
2014-04-24 10:14:13,o2i.univ-bpclermont.fr
2014-04-24 10:14:14,o2i.univ-bpclermont.fr
2014-04-24 10:14:31,o2i.univ-bpclermont.fr
2014-04-24 10:14:33,o2i.univ-bpclermont.fr
2014-04-24 10:14:34,o2i.univ-bpclermont.fr
2014-04-24 10:14:35,o2i.univ-bpclermont.fr
2014-04-24 10:14:36,o2i.univ-bpclermont.fr
2014-04-24 10:14:37,o2i.univ-bpclermont.fr
2014-04-24 10:14:38,o2i.univ-bpclermont.fr
2014-04-24 10:14:40,o2i.univ-bpclermont.fr
2014-04-24 10:14:41,o2i.univ-bpclermont.fr
2014-04-24 10:14:42,o2i.univ-bpclermont.fr
2014-04-24 10:14:43,o2i.univ-bpclermont.fr
2014-04-24 10:14:44,o2i.univ-bpclermont.fr
2014-04-24 10:14:45,o2i.univ-bpclermont.fr
2014-04-24 10:14:46,o2i.univ-bpclermont.fr
2014-04-24 10:14:47,o2i.univ-bpclermont.fr
2014-04-24 10:14:48,o2i.univ-bpclermont.fr
2014-04-24 10:14:49,o2i.univ-bpclermont.fr
2014-04-24 10:14:50,o2i.univ-bpclermont.fr
2014-04-24 10:14:51,o2i.univ-bpclermont.fr
2014-04-24 10:14:57,o2i.univ-bpclermont.fr
2014-04-24 10:14:58,o2i.univ-bpclermont.fr
2014-04-24 10:15:02,o2i.univ-bpclermont.fr
2014-04-24 10:15:03,o2i.univ-bpclermont.fr
2014-04-24 10:15:04,o2i.univ-bpclermont.fr
2014-04-24 10:15:05,o2i.univ-bpclermont.fr
2014-04-24 10:15:06,o2i.univ-bpclermont.fr
2014-04-24 10:15:07,o2i.univ-bpclermont.fr
2014-04-24 10:15:08,o2i.univ-bpclermont.fr
2014-04-24 10:15:08,ocsp.verisign.com
2014-04-24 10:15:10,o2i.univ-bpclermont.fr
2014-04-24 10:15:11,o2i.univ-bpclermont.fr
2014-04-24 10:15:12,o2i.univ-bpclermont.fr
2014-04-24 10:15:15,o2i.univ-bpclermont.fr
2014-04-24 10:15:16,o2i.univ-bpclermont.fr
2014-04-24 10:15:17,o2i.univ-bpclermont.fr
2014-04-24 10:15:19,o2i.univ-bpclermont.fr
2014-04-24 10:15:20,o2i.univ-bpclermont.fr
2014-04-24 10:15:21,o2i.univ-bpclermont.fr
2014-04-24 10:15:22,o2i.univ-bpclermont.fr
2014-04-24 10:15:23,o2i.univ-bpclermont.fr
2014-04-24 10:15:24,o2i.univ-bpclermont.fr
2014-04-24 10:15:25,o2i.univ-bpclermont.fr
2014-04-24 10:15:26,o2i.univ-bpclermont.fr
2014-04-24 10:15:27,o2i.univ-bpclermont.fr
2014-04-24 10:15:28,o2i.univ-bpclermont.fr
2014-04-24 10:15:29,o2i.univ-bpclermont.fr
2014-04-24 10:15:30,o2i.univ-bpclermont.fr
2014-04-24 10:15:31,o2i.univ-bpclermont.fr
2014-04-24 10:15:32,o2i.univ-bpclermont.fr
2014-04-24 10:15:34,o2i.univ-bpclermont.fr
2014-04-24 10:15:35,o2i.univ-bpclermont.fr
2014-04-24 10:15:36,o2i.univ-bpclermont.fr
2014-04-24 10:15:37,o2i.univ-bpclermont.fr
2014-04-24 10:15:38,o2i.univ-bpclermont.fr
2014-04-24 10:15:39,o2i.univ-bpclermont.fr
2014-04-24 10:15:42,o2i.univ-bpclermont.fr
2014-04-24 10:15:43,o2i.univ-bpclermont.fr
2014-04-24 10:15:44,o2i.univ-bpclermont.fr
2014-04-24 10:15:45,o2i.univ-bpclermont.fr
2014-04-24 10:15:46,o2i.univ-bpclermont.fr
2014-04-24 10:15:47,o2i.univ-bpclermont.fr
2014-04-24 10:15:48,o2i.univ-bpclermont.fr
2014-04-24 10:15:49,o2i.univ-bpclermont.fr
2014-04-24 10:15:50,o2i.univ-bpclermont.fr
2014-04-24 10:15:51,o2i.univ-bpclermont.fr
2014-04-24 10:15:52,o2i.univ-bpclermont.fr
2014-04-24 10:15:53,o2i.univ-bpclermont.fr
2014-04-24 10:15:54,o2i.univ-bpclermont.fr
2014-04-24 10:15:55,o2i.univ-bpclermont.fr
2014-04-24 10:15:56,o2i.univ-bpclermont.fr
2014-04-24 10:15:57,o2i.univ-bpclermont.fr
2014-04-24 10:15:58,o2i.univ-bpclermont.fr
2014-04-24 10:15:59,o2i.univ-bpclermont.fr
2014-04-24 10:16:00,o2i.univ-bpclermont.fr
2014-04-24 10:16:01,o2i.univ-bpclermont.fr
2014-04-24 10:16:02,o2i.univ-bpclermont.fr
2014-04-24 10:16:03,o2i.univ-bpclermont.fr
2014-04-24 10:16:04,o2i.univ-bpclermont.fr
2014-04-24 10:16:05,o2i.univ-bpclermont.fr
2014-04-24 10:16:06,o2i.univ-bpclermont.fr
2014-04-24 10:16:07,o2i.univ-bpclermont.fr
2014-04-24 10:16:08,o2i.univ-bpclermont.fr
2014-04-24 10:16:09,o2i.univ-bpclermont.fr
2014-04-24 10:16:10,o2i.univ-bpclermont.fr
2014-04-24 10:16:11,o2i.univ-bpclermont.fr
2014-04-24 10:16:12,o2i.univ-bpclermont.fr
2014-04-24 10:16:13,o2i.univ-bpclermont.fr
2014-04-24 10:16:14,o2i.univ-bpclermont.fr
2014-04-24 10:16:15,o2i.univ-bpclermont.fr
2014-04-24 10:16:16,o2i.univ-bpclermont.fr
2014-04-24 10:16:17,o2i.univ-bpclermont.fr
2014-04-24 10:16:18,o2i.univ-bpclermont.fr
2014-04-24 10:16:20,o2i.univ-bpclermont.fr
2014-04-24 10:16:22,o2i.univ-bpclermont.fr
2014-04-24 10:16:23,o2i.univ-bpclermont.fr
2014-04-24 10:16:24,o2i.univ-bpclermont.fr
2014-04-24 10:16:25,o2i.univ-bpclermont.fr
2014-04-24 10:16:26,o2i.univ-bpclermont.fr
2014-04-24 10:16:27,o2i.univ-bpclermont.fr
2014-04-24 10:16:28,o2i.univ-bpclermont.fr
2014-04-24 10:16:31,o2i.univ-bpclermont.fr
2014-04-24 10:16:32,o2i.univ-bpclermont.fr
2014-04-24 10:16:33,o2i.univ-bpclermont.fr
2014-04-24 10:16:34,o2i.univ-bpclermont.fr
2014-04-24 10:16:35,o2i.univ-bpclermont.fr
2014-04-24 10:16:36,o2i.univ-bpclermont.fr
2014-04-24 10:16:37,o2i.univ-bpclermont.fr
2014-04-24 10:16:38,o2i.univ-bpclermont.fr
2014-04-24 10:16:39,o2i.univ-bpclermont.fr
2014-04-24 10:16:40,o2i.univ-bpclermont.fr
2014-04-24 10:16:41,o2i.univ-bpclermont.fr
2014-04-24 10:16:42,o2i.univ-bpclermont.fr
2014-04-24 10:16:43,o2i.univ-bpclermont.fr
2014-04-24 10:16:56,o2i.univ-bpclermont.fr
2014-04-24 10:16:58,o2i.univ-bpclermont.fr
2014-04-24 10:17:06,o2i.univ-bpclermont.fr
2014-04-24 10:17:08,ocsp.digicert.com
2014-04-24 10:17:09,ocsp.digicert.com
2014-04-24 10:17:15,o2i.univ-bpclermont.fr
2014-04-24 10:17:25,o2i.univ-bpclermont.fr
2014-04-24 10:17:27,o2i.univ-bpclermont.fr
2014-04-24 10:17:29,o2i.univ-bpclermont.fr
2014-04-24 10:17:31,o2i.univ-bpclermont.fr
2014-04-24 10:17:32,o2i.univ-bpclermont.fr
2014-04-24 10:17:43,o2i.univ-bpclermont.fr
2014-04-24 10:37:46,safebrowsing.clients.google.com
2014-04-24 10:37:46,safebrowsing-cache.google.com
2014-04-24 10:51:05,o2i.univ-bpclermont.fr
2014-04-24 10:51:13,o2i.univ-bpclermont.fr
2014-04-24 10:51:18,o2i.univ-bpclermont.fr
2014-04-24 10:51:22,o2i.univ-bpclermont.fr
2014-04-24 10:51:29,o2i.univ-bpclermont.fr
2014-04-24 10:51:33,o2i.univ-bpclermont.fr
2014-04-24 10:51:35,o2i.univ-bpclermont.fr
2014-04-24 10:51:35,c2i.univ-bpclermont.fr
