timestamp,site
2013-06-12 14:52:28,clients1.google.com
2013-06-12 14:52:28,gtglobal-ocsp.geotrust.com
2013-06-12 14:52:33,www.google.fr
2013-06-12 14:52:33,ocsp.tcs.terena.org
2013-06-12 14:52:33,clients1.google.com
2013-06-12 14:52:33,ocsp.usertrust.com
2013-06-12 14:52:34,clients1.google.com
2013-06-12 14:53:48,clients1.google.com
2013-06-12 14:54:03,www.google.fr
2013-06-12 14:54:03,jobs-stages.letudiant.fr
2013-06-12 14:54:03,static.ak.connect.facebook.com
2013-06-12 14:54:04,medias.letudiant.fr
2013-06-12 14:54:04,static.ak.connect.facebook.com
2013-06-12 14:54:04,code.jquery.com
2013-06-12 14:54:04,www.letudiant.fr
2013-06-12 14:54:04,jobs-stages.letudiant.fr
2013-06-12 14:54:05,www.letudiant.fr
2013-06-12 14:54:05,medias.letudiant.fr
2013-06-12 14:54:06,www.letudiant.fr
2013-06-12 14:54:08,medias.letudiant.fr
2013-06-12 14:54:09,www.letudiant.fr
2013-06-12 14:54:09,platform.twitter.com
2013-06-12 14:54:09,apis.google.com
2013-06-12 14:54:09,connect.facebook.net
2013-06-12 14:54:09,static.ak.facebook.com
2013-06-12 14:54:09,code.jquery.com
2013-06-12 14:54:10,www.facebook.com
2013-06-12 14:54:10,s-static.ak.facebook.com
2013-06-12 14:54:10,www.letudiant.fr
2013-06-12 14:54:10,platform.twitter.com
2013-06-12 14:54:11,ocsp.verisign.com
2013-06-12 14:54:16,jobs-stages.letudiant.fr
2013-06-12 14:54:21,jobs-stages.letudiant.fr
2013-06-12 14:54:22,jobs-stages.letudiant.fr
2013-06-12 14:54:22,static.ak.connect.facebook.com
2013-06-12 14:54:22,www.letudiant.fr
2013-06-12 14:54:22,medias.letudiant.fr
2013-06-12 14:54:23,www.letudiant.fr
2013-06-12 14:54:24,www.letudiant.fr
2013-06-12 14:54:25,www.letudiant.fr
2013-06-12 14:54:25,static.ak.facebook.com
2013-06-12 14:54:25,www.facebook.com
2013-06-12 14:54:25,platform.twitter.com
2013-06-12 14:54:26,www.letudiant.fr
2013-06-12 14:54:26,s-static.ak.facebook.com
2013-06-12 14:54:26,www.facebook.com
2013-06-12 14:54:28,i1-js-14-3-01-10077-362951324-i.init.cedexis-radar.net
2013-06-12 14:54:31,jobs-stages.letudiant.fr
2013-06-12 14:54:31,code.jquery.com
2013-06-12 14:54:35,jobs-stages.letudiant.fr
2013-06-12 14:54:36,static.ak.connect.facebook.com
2013-06-12 14:54:36,www.letudiant.fr
2013-06-12 14:54:36,jobs-stages.letudiant.fr
2013-06-12 14:54:37,www.letudiant.fr
2013-06-12 14:54:37,medias.letudiant.fr
2013-06-12 14:54:40,www.letudiant.fr
2013-06-12 14:54:41,www.letudiant.fr
2013-06-12 14:54:41,static.ak.facebook.com
2013-06-12 14:54:41,www.facebook.com
2013-06-12 14:54:41,platform.twitter.com
2013-06-12 14:54:41,s-static.ak.facebook.com
2013-06-12 14:54:43,www.letudiant.fr
2013-06-12 14:54:43,medias.letudiant.fr
2013-06-12 14:54:43,jobs-stages.letudiant.fr
2013-06-12 14:54:43,static.ak.connect.facebook.com
2013-06-12 14:54:47,jobs-stages.letudiant.fr
2013-06-12 14:54:47,static.ak.connect.facebook.com
2013-06-12 14:54:48,www.letudiant.fr
2013-06-12 14:54:48,medias.letudiant.fr
2013-06-12 14:54:50,www.letudiant.fr
2013-06-12 14:54:51,static.ak.facebook.com
2013-06-12 14:54:51,www.facebook.com
2013-06-12 14:54:51,platform.twitter.com
2013-06-12 14:54:51,www.letudiant.fr
2013-06-12 14:54:52,www.letudiant.fr
2013-06-12 14:54:52,s-static.ak.facebook.com
2013-06-12 14:54:52,www.facebook.com
2013-06-12 14:55:01,jobs-stages.letudiant.fr
2013-06-12 14:55:01,www.letudiant.fr
2013-06-12 14:55:01,static.ak.connect.facebook.com
2013-06-12 14:55:02,www.letudiant.fr
2013-06-12 14:55:02,medias.letudiant.fr
2013-06-12 14:55:02,jobs-stages.letudiant.fr
2013-06-12 14:55:05,jobs-stages.letudiant.fr
2013-06-12 14:55:05,static.ak.facebook.com
2013-06-12 14:55:05,www.letudiant.fr
2013-06-12 14:55:06,jobs-stages.letudiant.fr
2013-06-12 14:55:06,www.facebook.com
2013-06-12 14:55:07,jobs-stages.letudiant.fr
2013-06-12 14:55:07,www.letudiant.fr
2013-06-12 14:55:07,www.facebook.com
2013-06-12 14:55:07,s-static.ak.facebook.com
2013-06-12 14:55:07,platform.twitter.com
2013-06-12 14:55:08,platform.twitter.com
2013-06-12 14:55:09,evsecure-ocsp.verisign.com
2013-06-12 14:55:23,jobs-stages.letudiant.fr
2013-06-12 14:55:23,static.ak.connect.facebook.com
2013-06-12 14:55:24,www.letudiant.fr
2013-06-12 14:55:24,medias.letudiant.fr
2013-06-12 14:55:26,static.ak.facebook.com
2013-06-12 14:55:26,www.facebook.com
2013-06-12 14:55:26,www.letudiant.fr
2013-06-12 14:55:27,s-static.ak.facebook.com
2013-06-12 14:55:27,www.facebook.com
2013-06-12 14:55:27,www.letudiant.fr
2013-06-12 14:55:27,platform.twitter.com
2013-06-12 14:55:39,twitter.com
2013-06-12 14:56:07,platform.twitter.com
2013-06-12 14:56:32,www.google.com
2013-06-12 14:56:35,ocsp.thawte.com
2013-06-12 14:56:52,www.google.fr
2013-06-12 14:56:57,apis.google.com
2013-06-12 15:11:32,gtssl-ocsp.geotrust.com
2013-06-12 15:11:33,gtssl-ocsp.geotrust.com
2013-06-12 15:11:36,clients1.google.com
2013-06-12 15:11:36,www.google.com
2013-06-12 15:11:37,clients1.google.com
2013-06-12 15:11:37,gtglobal-ocsp.geotrust.com
2013-06-12 15:11:37,www.google.com
2013-06-12 15:11:38,clients1.google.com
2013-06-12 15:11:39,geo.mozilla.org
2013-06-12 15:11:53,clients1.google.com
2013-06-12 15:12:23,www.google.com
2013-06-12 15:12:23,clients1.google.fr
2013-06-12 15:12:23,www.google.fr
2013-09-12 10:47:05,fxfeeds.mozilla.com
2013-09-12 10:47:05,clients1.google.com
2013-09-12 10:47:05,newsrss.bbc.co.uk
2013-09-12 10:47:05,gtglobal-ocsp.geotrust.com
2013-09-12 10:47:05,feeds.bbci.co.uk
2013-09-12 10:47:06,clients1.google.fr
2013-09-12 10:47:07,clients1.google.fr
2013-09-12 10:47:07,www.google.fr
2013-09-12 10:47:08,clients1.google.fr
2013-09-12 10:47:09,ocsp.tcs.terena.org
2013-09-12 10:47:09,clients1.google.com
2013-09-12 10:47:09,www.google.fr
2013-09-12 10:47:12,ocsp.usertrust.com
2013-09-12 10:47:12,ocsp.comodoca.com
2013-09-12 10:48:48,safebrowsing.clients.google.com
2013-09-12 10:50:03,safebrowsing-cache.google.com
2013-09-12 10:50:06,safebrowsing-cache.google.com
2013-09-12 10:50:07,safebrowsing-cache.google.com
2013-09-12 10:51:05,sb-ssl.google.com
2013-09-12 10:51:08,safebrowsing-cache.google.com
2013-09-12 10:51:10,safebrowsing-cache.google.com
2013-09-12 10:51:11,safebrowsing-cache.google.com
2013-09-12 10:51:12,safebrowsing-cache.google.com
2013-09-12 10:51:13,safebrowsing-cache.google.com
2013-09-12 10:52:14,safebrowsing-cache.google.com
2013-09-12 10:52:15,safebrowsing-cache.google.com
2013-09-12 10:52:16,safebrowsing-cache.google.com
2013-09-12 10:52:17,safebrowsing-cache.google.com
2013-09-12 10:52:18,safebrowsing-cache.google.com
2013-09-12 10:52:19,safebrowsing-cache.google.com
2013-12-16 12:20:11,www.google.fr
2013-12-16 12:20:11,clients1.google.fr
2013-12-16 12:20:14,www.google.fr
2013-12-16 12:20:21,clients1.google.fr
2013-12-16 12:20:23,clients1.google.fr
2013-12-16 12:20:24,clients1.google.fr
2013-12-16 12:20:24,www.google.fr
2013-12-16 12:20:25,www.google.fr
2013-12-16 12:20:26,ocsp.usertrust.com
2013-12-16 12:20:26,ocsp.tcs.terena.org
2013-12-16 12:20:26,clients1.google.com
2013-12-16 12:20:26,gtglobal-ocsp.geotrust.com
2013-12-16 12:20:27,ocsp.comodoca.com
2013-12-16 12:20:36,safebrowsing.clients.google.com
2013-12-16 12:20:40,safebrowsing-cache.google.com
2013-12-16 12:21:43,safebrowsing-cache.google.com
2013-12-16 12:21:44,safebrowsing-cache.google.com
2013-12-16 12:21:45,safebrowsing-cache.google.com
2013-12-16 12:21:46,safebrowsing-cache.google.com
2013-12-16 12:21:47,safebrowsing-cache.google.com
2013-12-16 12:21:48,safebrowsing-cache.google.com
2014-01-30 13:37:12,javadl-esd.sun.com
2014-01-30 13:42:15,www.bing.com
2014-01-30 13:42:16,www.bing.com
2014-01-30 13:42:17,login.wikimedia.org
2014-01-30 13:42:17,fr.wikipedia.org
2014-01-30 13:42:17,www.bing.com
2014-01-30 13:42:17,bits.wikimedia.org
2014-01-30 13:42:18,meta.wikimedia.org
2014-01-30 13:42:18,bits.wikimedia.org
2014-01-30 13:42:18,fr.wikipedia.org
2014-01-30 13:52:17,bits.wikimedia.org
2014-01-30 13:52:17,fr.wikipedia.org
2014-01-30 13:52:17,meta.wikimedia.org
2014-01-30 13:54:09,fr.wikipedia.org
2014-01-30 13:54:09,meta.wikimedia.org
2014-01-30 13:54:12,fr.wikipedia.org
2014-01-30 13:54:12,bits.wikimedia.org
2014-01-30 13:54:12,meta.wikimedia.org
2014-01-30 13:54:27,meta.wikimedia.org
2014-01-30 13:54:27,fr.wikipedia.org
2014-01-30 13:54:30,fr.wikipedia.org
2014-01-30 13:54:30,bits.wikimedia.org
2014-01-30 13:54:30,meta.wikimedia.org
2014-01-30 13:54:31,fr.wikipedia.org
2014-01-30 13:54:31,meta.wikimedia.org
2014-01-30 13:54:34,fr.wikipedia.org
2014-01-30 13:54:34,meta.wikimedia.org
2014-01-30 13:55:04,fr.wikipedia.org
2014-01-30 13:55:08,fr.wikipedia.org
2014-01-30 13:55:08,meta.wikimedia.org
2014-01-30 13:55:08,bits.wikimedia.org
2014-01-30 13:55:13,fr.wikipedia.org
2014-01-30 13:55:15,meta.wikimedia.org
2014-01-30 13:55:15,fr.wikipedia.org
2014-01-30 13:55:22,fr.wikipedia.org
2014-01-30 13:55:26,meta.wikimedia.org
2014-01-30 13:55:26,fr.wikipedia.org
2014-01-30 14:00:41,bits.wikimedia.org
2014-01-30 14:00:41,fr.wikipedia.org
2014-01-30 14:00:42,bits.wikimedia.org
2014-01-30 14:00:42,meta.wikimedia.org
2014-01-30 14:00:42,fr.wikipedia.org
2014-01-30 14:00:43,fr.wikipedia.org
2014-01-30 14:00:43,bits.wikimedia.org
2014-01-30 14:00:43,meta.wikimedia.org
2014-01-30 14:11:51,www.bing.com
2014-01-30 14:11:52,www.bing.com
2014-01-30 14:11:52,cms.abmr.net
2014-01-30 14:11:53,www.bing.com
2014-01-30 14:11:59,www.bing.com
2014-01-30 14:12:01,www.bing.com
2014-01-30 14:12:01,ba.commentcamarche.net
2014-01-30 14:12:01,r.ccm2.net
2014-01-30 14:12:01,wheb.ac-reims.fr
2014-01-30 14:12:01,codes-sources.commentcamarche.net
2014-01-30 14:12:01,www.vbfrance.com
2014-01-30 14:12:01,static.ccm2.net
2014-01-30 14:12:02,www.linternaute.com
2014-01-30 14:12:02,ba.commentcamarche.net
2014-01-30 14:12:02,wheb.ac-reims.fr
2014-01-30 14:12:02,static.ccm2.net
2014-01-30 14:12:02,r.ccmbg.com
2014-01-30 14:12:03,login.live.com
2014-01-30 14:12:10,static.ccm2.net
2014-01-30 14:12:13,ajax.googleapis.com
2014-01-30 14:12:14,www.facebook.com
2014-01-30 14:12:14,s-static.ak.facebook.com
2014-01-30 14:12:14,static.ak.facebook.com
2014-01-30 14:12:14,ajax.googleapis.com
2014-01-30 14:12:14,codes-sources.commentcamarche.net
2014-01-30 14:12:14,connect.facebook.net
2014-01-30 14:12:14,platform.twitter.com
2014-01-30 14:12:14,r.ccmbg.com
2014-01-30 14:12:14,apis.google.com
2014-01-30 14:12:15,www.facebook.com
2014-01-30 14:12:15,www.linkedin.com
2014-01-30 14:12:17,apis.google.com
2014-01-30 14:12:24,twitter.com
2014-01-30 14:12:37,www.bing.com
2014-01-30 14:12:38,www.bing.com
2014-01-30 14:12:40,www.excel-pratique.com
2014-01-30 14:12:40,www.google.fr
2014-01-30 14:12:40,forum.excel-pratique.com
2014-01-30 14:12:40,www.bing.com
2014-01-30 14:12:41,www.google.com
2014-01-30 14:12:41,www.facebook.com
2014-01-30 14:12:41,static.ak.facebook.com
2014-01-30 14:12:41,www.excel-pratique.com
2014-01-30 14:12:41,www.google.fr
2014-01-30 14:12:41,forum.excel-pratique.com
2014-01-30 14:12:41,s-static.ak.facebook.com
2014-01-30 14:12:41,mhubiche.developpez.com
2014-01-30 14:12:42,www.developpez.com
2014-01-30 14:12:42,mhubiche.developpez.com
2014-01-30 14:12:42,premium.hi-mediaserver.com
2014-01-30 14:12:42,www.excel-pratique.com
2014-01-30 14:12:42,forum.excel-pratique.com
2014-01-30 14:12:42,www.google.com
2014-01-30 14:12:43,www.facebook.com
2014-01-30 14:12:43,premium.hi-mediaserver.com
2014-01-30 14:12:43,mhubiche.developpez.com
2014-01-30 14:12:43,www.developpez.com
2014-01-30 14:12:44,www.bing.com
2014-01-30 14:12:45,www.ilemaths.net
2014-01-30 14:12:47,www.bing.com
2014-01-30 14:12:50,login.live.com
2014-01-30 14:12:53,apis.google.com
2014-01-30 14:12:53,www.ilemaths.net
2014-01-30 14:12:54,apis.google.com
2014-01-30 14:12:54,www.ilemaths.net
2014-01-30 14:12:55,www.ilemaths.net
2014-01-30 14:12:57,accounts.google.com
2014-01-30 14:13:04,www.bing.com
2014-01-30 14:13:04,ssl.bing.com
2014-01-30 14:13:21,www.ilemaths.net
2014-01-30 14:13:33,www.dcode.fr
2014-01-30 14:13:34,www.facebook.com
2014-01-30 14:13:34,static.ak.facebook.com
2014-01-30 14:13:34,www.dcode.fr
2014-01-30 14:13:34,s-static.ak.facebook.com
2014-01-30 14:13:44,twitter.com
2014-01-30 14:13:46,apis.google.com
2014-01-30 14:13:48,accounts.google.com
2014-01-30 14:14:01,accounts.google.com
2014-01-30 14:14:15,twitter.com
2014-01-30 14:15:29,ssl.bing.com
2014-01-30 14:15:34,apis.google.com
2014-01-30 14:17:34,www.dcode.fr
2014-01-30 14:17:48,accounts.google.com
2014-01-30 14:22:40,www.bing.com
2014-01-30 14:22:41,www.bing.com
2014-01-30 14:24:32,www.bing.com
2014-01-30 14:24:33,www.bing.com
2014-01-30 14:24:34,www.bing.com
2014-01-30 14:24:34,login.live.com
2014-01-30 14:24:35,www.mozilla.org
2014-01-30 14:26:22,www.bing.com
2014-01-30 14:26:24,www.bing.com
2014-01-30 14:27:56,gtssl-ocsp.geotrust.com
2014-01-30 14:27:56,ocsp.digicert.com
2014-01-30 14:27:57,gtglobal-ocsp.geotrust.com
2014-01-30 14:27:57,clients1.google.com
2014-01-30 14:28:01,clients1.google.com
2014-01-30 14:28:03,www.mozilla.org
2014-01-30 14:28:08,clients1.google.com
2014-01-30 14:28:09,clients1.google.com
2014-01-30 14:28:10,www.mozilla.org
2014-01-30 14:28:13,www.google.fr
2014-01-30 14:28:14,ocsp.tcs.terena.org
2014-01-30 14:28:14,clients1.google.com
2014-01-30 14:28:14,ocsp.usertrust.com
2014-01-30 14:28:15,clients1.google.com
2014-01-30 14:30:57,sb-ssl.google.com
2014-01-30 14:31:05,www.google.com
2014-01-30 14:31:06,apis.google.com
2014-01-30 14:31:08,www.google.fr
2014-01-30 14:32:47,safebrowsing.clients.google.com
2014-01-30 14:32:47,safebrowsing-cache.google.com
2014-01-30 14:32:48,safebrowsing-cache.google.com
2014-01-30 14:33:53,ocsp.thawte.com
2014-01-30 14:35:53,ocsp.verisign.com
2014-01-30 14:37:53,ocsp.digicert.com
2014-01-30 14:45:44,www.bing.com
2014-01-30 14:45:45,www.bing.com
2014-01-30 15:02:55,safebrowsing.clients.google.com
2014-01-30 15:02:55,safebrowsing-cache.google.com
2014-01-30 15:02:56,safebrowsing-cache.google.com
2014-01-30 15:31:30,safebrowsing-cache.google.com
2014-01-30 15:31:30,safebrowsing.clients.google.com
2014-01-30 15:31:31,safebrowsing-cache.google.com
2014-02-13 13:33:54,www.google.fr
2014-02-13 13:34:08,www.google.fr
2014-02-13 13:34:26,www.google.fr
2014-02-13 13:34:41,apis.google.com
2014-02-13 13:34:41,www.google.com
2014-02-13 13:34:44,www.google.com
2014-02-13 13:34:44,apis.google.com
2014-02-13 13:34:44,www.mozilla.org
2014-02-13 13:34:44,www.google.fr
2014-02-13 13:34:56,www.google.fr
2014-02-13 13:35:56,www.google.fr
2014-02-13 13:37:02,ocsp.verisign.com
2014-02-13 13:37:05,gtssl-ocsp.geotrust.com
2014-02-13 13:37:06,gtssl-ocsp.geotrust.com
2014-02-13 13:37:12,geo.mozilla.org
2014-02-13 13:37:56,javadl-esd.sun.com
2014-02-13 13:40:55,gtglobal-ocsp.geotrust.com
2014-02-13 13:40:55,clients1.google.com
2014-02-13 13:41:03,www.google.fr
2014-02-13 13:41:04,clients1.google.com
2014-02-13 13:41:04,ocsp.tcs.terena.org
2014-02-13 13:41:04,ocsp.usertrust.com
2014-02-13 13:41:33,safebrowsing.clients.google.com
2014-02-13 13:41:33,safebrowsing-cache.google.com
2014-02-13 13:41:34,safebrowsing-cache.google.com
2014-02-13 13:43:51,www.google.com
2014-02-13 13:43:52,apis.google.com
2014-02-13 13:43:58,www.google.fr
2014-02-13 13:46:01,gtssl-ocsp.geotrust.com
2014-02-13 13:46:47,ocsp.thawte.com
2014-02-13 13:47:32,www.google.com
2014-02-13 13:47:59,fr.wikipedia.org
2014-02-13 13:47:59,www.google.fr
2014-02-13 13:47:59,bits.wikimedia.org
2014-02-13 13:48:00,fr.wikipedia.org
2014-02-13 13:48:00,bits.wikimedia.org
2014-02-13 13:48:00,meta.wikimedia.org
2014-02-13 13:48:00,login.wikimedia.org
2014-02-13 13:48:01,meta.wikimedia.org
2014-02-13 13:48:47,ocsp.verisign.com
2014-02-13 13:50:24,apis.google.com
2014-02-13 13:50:25,www.google.com
2014-02-13 13:50:25,www.google.fr
2014-02-13 13:50:47,ocsp.digicert.com
2014-02-13 13:50:57,www.google.fr
2014-02-13 13:50:58,www.larecherche.fr
2014-02-13 13:50:59,www.larecherche.fr
2014-02-13 13:51:00,www.dailymotion.com
2014-02-13 13:51:00,www.larecherche.fr
2014-02-13 13:51:00,www.facebook.com
2014-02-13 13:51:00,gtssl-ocsp.geotrust.com
2014-02-13 13:51:00,cm.eyedemand.com
2014-02-13 13:51:00,platform.twitter.com
2014-02-13 13:51:03,clients1.google.com
2014-02-13 13:51:06,www.google.fr
2014-02-13 13:51:06,obligement.free.fr
2014-02-13 13:51:07,evsecure-ocsp.verisign.com
2014-02-13 13:51:08,evsecure-ocsp.verisign.com
2014-02-13 13:51:35,ocsp.digicert.com
2014-02-13 13:51:38,twitter.com
2014-02-13 13:52:06,syndication.twitter.com
2014-02-13 13:53:01,pbs.twimg.com
2014-02-13 13:53:03,platform.twitter.com
2014-02-13 13:53:48,www.google.com
2014-02-13 13:53:55,www.google.fr
2014-02-13 13:53:55,meta.wikimedia.org
2014-02-13 13:53:55,bits.wikimedia.org
2014-02-13 13:53:55,fr.wikipedia.org
2014-02-13 13:56:49,www.google.fr
2014-02-13 14:10:52,safebrowsing-cache.google.com
2014-02-13 14:10:52,safebrowsing.clients.google.com
2014-02-13 14:12:01,www.google.com
2014-02-13 14:12:02,safebrowsing.clients.google.com
2014-02-13 14:12:04,bits.wikimedia.org
2014-02-13 14:12:04,fr.wikipedia.org
2014-02-13 14:12:04,www.google.fr
2014-02-13 14:12:05,meta.wikimedia.org
2014-02-13 14:12:05,fr.wikipedia.org
2014-02-13 14:12:05,bits.wikimedia.org
2014-02-13 14:12:45,www.google.fr
2014-02-13 14:12:46,laurent.flaum.free.fr
2014-02-13 14:12:46,fr.openclassrooms.com
2014-02-13 14:12:46,www.google.com
2014-02-13 14:12:46,www.google.fr
2014-02-13 14:12:46,doug1izaerwt3.cloudfront.net
2014-02-13 14:12:46,dnn506yrbagrg.cloudfront.net
2014-02-13 14:12:47,fr.openclassrooms.com
2014-02-13 14:12:47,laurent.flaum.free.fr
2014-02-13 14:12:47,www.google.com
2014-02-13 14:12:47,perso0.free.fr
2014-02-13 14:12:48,gtssl-ocsp.geotrust.com
2014-02-13 14:12:48,rubicon-match.dotomi.com
2014-02-13 14:12:48,clients1.google.com
2014-02-13 14:12:48,www.facebook.com
2014-02-13 14:12:48,rp.gwallet.com
2014-02-13 14:12:48,www.google.com
2014-02-13 14:15:18,www.google.com
2014-02-13 14:15:19,id.google.fr
2014-02-13 14:15:39,www.google.fr
2014-02-13 14:15:43,www.googleapis.com
2014-02-13 14:36:47,www.google.com
2014-02-13 14:39:41,fr.wikipedia.org
2014-02-13 14:39:41,www.google.fr
2014-02-13 14:39:41,bits.wikimedia.org
2014-02-13 14:39:42,meta.wikimedia.org
2014-02-13 14:39:42,fr.wikipedia.org
2014-02-13 14:39:42,bits.wikimedia.org
2014-02-13 14:41:05,gtglobal-ocsp.geotrust.com
2014-02-13 14:41:05,clients1.google.com
2014-02-13 14:42:03,safebrowsing.clients.google.com
2014-02-13 14:42:04,safebrowsing-cache.google.com
2014-02-13 14:42:05,safebrowsing-cache.google.com
2014-02-13 14:43:58,www.google.com
2014-02-13 14:44:01,clients1.google.fr
2014-02-13 14:44:28,www.google.fr
2014-02-13 14:52:00,meta.wikimedia.org
2014-02-13 14:52:00,bits.wikimedia.org
2014-02-13 14:52:00,fr.wikipedia.org
2014-02-13 14:52:00,www.google.fr
2014-02-13 14:52:05,fr.wikipedia.org
2014-02-13 14:52:05,bits.wikimedia.org
2014-02-13 14:52:06,fr.wikipedia.org
2014-02-13 14:52:06,meta.wikimedia.org
2014-02-13 14:52:06,bits.wikimedia.org
2014-02-13 14:52:12,bits.wikimedia.org
2014-02-13 14:52:12,commons.wikimedia.org
2014-02-13 14:52:12,login.wikimedia.org
2014-02-13 14:52:12,meta.wikimedia.org
2014-02-13 14:52:13,meta.wikimedia.org
2014-02-13 14:52:13,commons.wikimedia.org
2014-02-13 14:52:13,bits.wikimedia.org
2014-02-13 14:52:14,commons.wikimedia.org
2014-02-13 14:54:30,www.google.fr
2014-02-13 14:54:31,meta.wikimedia.org
2014-02-13 14:54:31,bits.wikimedia.org
2014-02-13 14:54:31,fr.wikipedia.org
2014-02-13 14:55:01,bits.wikimedia.org
2014-02-13 14:55:01,fr.wikipedia.org
2014-02-13 14:55:02,fr.wikipedia.org
2014-02-13 14:55:02,meta.wikimedia.org
2014-02-13 14:55:39,fr.uikipedia.org
2014-02-13 14:55:40,fr.uikipedia.org
2014-02-13 14:57:24,id.google.fr
2014-02-13 14:57:26,www.google.com
2014-02-13 14:57:26,www.google.fr
2014-02-13 14:58:00,www.google.com
2014-02-13 14:58:08,www.google.fr
2014-02-13 14:58:09,explosm.net
2014-02-13 14:58:09,www.explosm.net
2014-02-13 14:58:09,www.flashasylum.com
2014-02-13 14:58:10,store.explosm.net
2014-02-13 14:58:10,rp.gwallet.com
2014-02-13 14:58:10,162.218.115.228
2014-02-13 14:58:11,162.218.115.228
2014-02-13 14:58:11,loadr.exelator.com
2014-02-13 14:58:12,162.218.115.228
2014-02-13 14:58:12,ocsp.thawte.com
2014-02-13 14:58:12,clients1.google.com
2014-02-13 14:58:12,apr.lijit.com
2014-02-13 14:58:12,vap4iad3.lijit.com
2014-02-13 14:58:12,um.simpli.fi
2014-02-13 14:58:13,ce.lijit.com
2014-02-13 14:58:13,contextweb-match.dotomi.com
2014-02-13 14:58:13,explosm.net
2014-02-13 14:58:13,vap4iad3.lijit.com
2014-02-13 14:58:13,match.rtbidder.net
2014-02-13 14:58:14,www.facebook.com
2014-02-13 14:58:14,www.explosm.net
2014-02-13 14:58:14,explosm.net
2014-02-13 14:58:14,store.explosm.net
2014-02-13 14:58:14,y.one.impact-ad.jp
2014-02-13 14:58:15,162.218.115.228
2014-02-13 14:58:15,www.facebook.com
2014-02-13 14:58:16,match.rtbidder.net
2014-02-13 14:58:16,ce.lijit.com
2014-02-13 14:58:16,apr.lijit.com
2014-02-13 14:58:16,um.simpli.fi
2014-02-13 14:58:16,vap4iad3.lijit.com
2014-02-13 14:58:17,cm.adgrx.com
2014-02-13 14:58:17,ce.lijit.com
2014-02-13 14:58:17,casale-match.dotomi.com
2014-02-13 14:58:17,match.rtbidder.net
2014-02-13 14:58:17,ec2-54-211-204-155.compute-1.amazonaws.com
2014-02-13 14:58:18,images.orangepublicite.fr
2014-02-13 14:58:18,ocsp.comodoca.com
2014-02-13 14:58:18,www.facebook.com
2014-02-13 14:58:18,www.audienceinsights.net
2014-02-13 14:58:18,www.anonymousdmp.com
2014-02-13 14:58:18,boutique-online.orange.fr
2014-02-13 14:58:18,ad.publicidees.com
2014-02-13 14:58:18,162.218.115.228
2014-02-13 14:58:18,www.explosm.net
2014-02-13 14:58:18,sam.zebestof.com
2014-02-13 14:58:19,tag.kineto.hiro.tv
2014-02-13 14:58:19,www.audienceinsights.net
2014-02-13 14:58:20,www.audienceinsights.net
2014-02-13 14:58:20,cox-match.dotomi.com
2014-02-13 14:58:21,adventori.com
2014-02-13 14:58:24,store.explosm.net
2014-02-13 14:58:24,explosm.net
2014-02-13 14:58:24,www.explosm.net
2014-02-13 14:58:25,162.218.115.228
2014-02-13 14:58:26,c1.adform.net
2014-02-13 14:58:26,ce.lijit.com
2014-02-13 14:58:26,vap4iad3.lijit.com
2014-02-13 14:58:26,apr.lijit.com
2014-02-13 14:58:26,pr.ybp.yahoo.com
2014-02-13 14:58:27,ce.lijit.com
2014-02-13 14:58:27,match.rtbidder.net
2014-02-13 14:58:27,apnx-match.dotomi.com
2014-02-13 14:58:27,um.simpli.fi
2014-02-13 14:58:28,apnx-match.dotomi.com
2014-02-13 14:58:34,pixel2368.everesttech.net
2014-02-13 14:58:36,www.explosm.net
2014-02-13 14:58:36,explosm.net
2014-02-13 14:58:37,store.explosm.net
2014-02-13 14:58:37,explosm.net
2014-02-13 14:58:37,162.218.115.228
2014-02-13 14:58:38,apr.lijit.com
2014-02-13 14:58:38,zenovia-match.dotomi.com
2014-02-13 14:58:38,vap4iad3.lijit.com
2014-02-13 14:58:40,zenovia-match.dotomi.com
2014-02-13 14:58:41,ce.lijit.com
2014-02-13 14:58:47,www.explosm.net
2014-02-13 14:58:47,explosm.net
2014-02-13 14:58:47,store.explosm.net
2014-02-13 14:58:48,162.218.115.228
2014-02-13 14:58:49,vap4iad3.lijit.com
2014-02-13 14:58:49,rbp.mxptint.net
2014-02-13 14:58:49,apr.lijit.com
2014-02-13 14:59:46,www.google.fr
2014-02-13 14:59:46,fr.wikipedia.org
2014-02-13 14:59:46,bits.wikimedia.org
2014-02-13 14:59:46,clients1.google.com
2014-02-13 14:59:47,meta.wikimedia.org
2014-02-13 14:59:47,fr.wikipedia.org
2014-02-13 14:59:58,fr.wikipedia.org
2014-02-13 14:59:58,bits.wikimedia.org
2014-02-13 14:59:58,meta.wikimedia.org
2014-02-13 15:00:44,codes-sources.commentcamarche.net
2014-02-13 15:00:44,www.google.fr
2014-02-13 15:00:45,safebrowsing.clients.google.com
2014-02-13 15:00:45,static.ccm2.net
2014-02-13 15:00:45,r.ccm2.net
2014-02-13 15:00:45,ba.commentcamarche.net
2014-02-13 15:00:45,clients1.google.com
2014-02-13 15:00:46,static.ccmbg.com
2014-02-13 15:00:46,ba.commentcamarche.net
2014-02-13 15:00:46,static.ccm2.net
2014-02-13 15:00:46,www.commentcamarche.net
2014-02-13 15:00:46,r.ccmbg.com
2014-02-13 15:00:47,static.ak.facebook.com
2014-02-13 15:00:47,r.ccmbg.com
2014-02-13 15:00:47,codes-sources.commentcamarche.net
2014-02-13 15:00:47,apis.google.com
2014-02-13 15:00:47,connect.facebook.net
2014-02-13 15:00:47,platform.twitter.com
2014-02-13 15:00:47,www.facebook.com
2014-02-13 15:00:47,s-static.ak.facebook.com
2014-02-13 15:00:47,clients1.google.com
2014-02-13 15:00:48,clients1.google.com
2014-02-13 15:00:48,static.ccm2.net
2014-02-13 15:00:48,www.linkedin.com
2014-02-13 15:00:50,platform.twitter.com
2014-02-13 15:01:04,www.google.fr
2014-02-13 15:01:06,blog.univ-reunion.fr
2014-02-13 15:01:07,blog.univ-reunion.fr
2014-02-13 15:01:07,s0.wp.com
2014-02-13 15:01:08,blog.univ-reunion.fr
2014-02-13 15:01:08,www.univ-reunion.fr
2014-02-13 15:01:17,twitter.com
2014-02-13 15:02:32,www.google.com
2014-02-13 15:02:46,platform.twitter.com
2014-02-13 15:03:40,ajax.googleapis.com
2014-02-13 15:03:43,accounts.google.com
2014-02-13 15:03:43,apis.google.com
2014-02-13 15:03:50,clients1.google.fr
2014-02-13 15:05:15,www.google.fr
2014-02-13 15:09:07,www.google.com
2014-02-13 15:10:12,www.google.fr
2014-02-13 15:11:47,safebrowsing-cache.google.com
2014-02-13 15:11:47,safebrowsing.clients.google.com
2014-02-13 15:11:48,safebrowsing-cache.google.com
2014-02-13 15:17:41,www.google.com
2014-02-13 15:17:44,clients1.google.fr
2014-02-13 15:17:49,www.google.fr
2014-02-13 15:21:59,ocsp.usertrust.com
2014-02-13 15:21:59,ocsp.tcs.terena.org
2014-02-13 15:27:26,bits.wikimedia.org
2014-02-13 15:27:26,fr.wikipedia.org
2014-02-13 15:27:26,www.google.fr
2014-02-13 15:27:27,fr.wikipedia.org
2014-02-13 15:27:27,meta.wikimedia.org
2014-02-13 15:29:08,www.google.fr
2014-02-13 15:29:10,www.deguisementhalloween.ca
2014-02-13 15:29:10,ajax.googleapis.com
2014-02-13 15:29:11,www.deguisementhalloween.ca
2014-02-13 15:29:11,assets.pinterest.com
2014-02-13 15:29:11,ocsp.verisign.com
2014-02-13 15:29:11,evsecure-ocsp.verisign.com
2014-02-13 15:29:21,system.netsuite.com
2014-02-13 15:30:16,fr.wikipedia.org
2014-02-13 15:30:17,fr.wikipedia.org
2014-02-13 15:30:18,fr.wikipedia.org
2014-02-13 15:30:19,meta.wikimedia.org
2014-02-13 15:30:19,bits.wikimedia.org
2014-02-13 15:30:19,fr.wikipedia.org
2014-02-13 15:31:44,www.google.com
2014-02-13 15:32:01,www.google.fr
2014-02-13 15:32:01,clients1.google.fr
2014-02-18 12:54:34,ocsp.thawte.com
2014-02-18 12:54:43,clients1.google.com
2014-02-18 12:54:43,gtglobal-ocsp.geotrust.com
2014-02-18 12:54:44,clients1.google.com
2014-02-18 12:54:47,www.google.fr
2014-02-18 12:54:48,ocsp.tcs.terena.org
2014-02-18 12:54:48,clients1.google.com
2014-02-18 12:54:48,ocsp.usertrust.com
2014-02-18 12:54:50,clients1.google.com
2014-02-18 12:55:18,player.vimeo.com
2014-02-18 12:55:19,livepassdl.conviva.com
2014-02-18 12:55:19,player.vimeo.com
2014-02-18 12:55:19,gtssl-ocsp.geotrust.com
2014-02-18 12:55:19,ocsp.digicert.com
2014-02-18 12:55:20,ocsp.digicert.com
2014-02-18 12:55:20,ocsp.godaddy.com
2014-02-18 12:55:26,pings.conviva.com
2014-02-18 12:56:31,safebrowsing-cache.google.com
2014-02-18 12:56:31,safebrowsing.clients.google.com
2014-02-18 12:56:32,safebrowsing-cache.google.com
2014-02-18 12:57:15,livepassdl.conviva.com
2014-02-18 12:57:40,apis.google.com
2014-02-18 12:57:40,www.google.com
2014-02-18 12:57:42,www.google.fr
2014-02-18 12:58:27,ocsp.digicert.com
2014-02-18 13:00:20,livepassdl.conviva.com
2014-02-18 13:00:48,www.numilog.com
2014-02-18 13:00:49,www.numilog.com
2014-02-18 13:00:50,www.numilog.com
2014-02-18 13:00:50,couverture.numilog.com
2014-02-18 13:02:19,ocsp.verisign.com
2014-02-18 13:04:19,ocsp.digicert.com
2014-02-18 13:05:31,clients1.google.com
2014-02-18 13:05:52,www.google.fr
2014-02-18 13:05:52,bits.wikimedia.org
2014-02-18 13:05:52,fr.wikipedia.org
2014-02-18 13:05:53,bits.wikimedia.org
2014-02-18 13:05:54,bits.wikimedia.org
2014-02-18 13:05:55,bits.wikimedia.org
2014-02-18 13:05:55,www.google.fr
2014-02-18 13:05:56,bits.wikimedia.org
2014-02-18 13:05:56,euler.ac-versailles.fr
2014-02-18 13:05:56,login.wikimedia.org
2014-02-18 13:05:57,euler.ac-versailles.fr
2014-02-18 13:05:57,meta.wikimedia.org
2014-02-18 13:05:57,bits.wikimedia.org
2014-02-18 13:05:58,meta.wikimedia.org
2014-02-18 13:05:58,euler.ac-versailles.fr
2014-02-18 13:05:58,fr.wikipedia.org
2014-02-18 13:05:59,euler.ac-versailles.fr
2014-02-18 13:08:21,www.google.com
2014-02-18 13:08:47,www.google.fr
2014-02-18 13:09:04,www.google.fr
2014-02-18 13:09:05,fr.wikipedia.org
2014-02-18 13:09:05,bits.wikimedia.org
2014-02-18 13:09:06,fr.wikipedia.org
2014-02-18 13:09:06,meta.wikimedia.org
2014-02-18 13:09:07,meta.wikimedia.org
2014-02-18 13:09:14,www.google.fr
2014-02-18 13:09:14,www.reviz.fr
2014-02-18 13:09:15,www.reviz.fr
2014-02-18 13:09:17,clients1.google.com
2014-02-18 13:09:17,www.reviz.fr
2014-02-18 13:09:17,www.google.com
2014-02-18 13:11:56,www.google.com
2014-02-18 13:12:07,www.google.fr
2014-02-18 13:15:21,fr-fr.facebook.com
2014-02-18 13:15:22,www.google.fr
2014-02-18 13:15:24,ajax.googleapis.com
2014-02-18 13:15:24,res.cloudinary.com
2014-02-18 13:15:24,assets.strikingly.com
2014-02-18 13:15:24,d1lm7kd3bd3yo9.cloudfront.net
2014-02-18 13:15:26,assets.strikingly.com
2014-02-18 13:15:26,res.cloudinary.com
2014-02-18 13:15:26,apis.google.com
2014-02-18 13:15:27,res.cloudinary.com
2014-02-18 13:15:28,connect.facebook.net
2014-02-18 13:15:28,res.cloudinary.com
2014-02-18 13:15:29,res.cloudinary.com
2014-02-18 13:15:29,static.ak.facebook.com
2014-02-18 13:15:29,s-static.ak.facebook.com
2014-02-18 13:15:30,clients1.google.com
2014-02-18 13:15:31,d15qhc0lu1ghnk.cloudfront.net
2014-02-18 13:15:31,www.facebook.com
2014-02-18 13:15:49,d1lm7kd3bd3yo9.cloudfront.net
2014-02-18 13:15:52,static.ak.facebook.com
2014-02-18 13:15:52,s-static.ak.facebook.com
2014-02-18 13:15:56,d1lm7kd3bd3yo9.cloudfront.net
2014-02-18 13:15:57,www.facebook.com
2014-02-18 13:15:58,www.facebook.com
2014-02-18 13:15:58,s-static.ak.facebook.com
2014-02-18 13:15:58,static.ak.facebook.com
2014-02-18 13:15:59,www.facebook.com
2014-02-18 13:16:00,www.facebook.com
2014-02-18 13:16:20,fr-fr.facebook.com
2014-02-18 13:17:04,clermont-ferrand.onvasortir.com
2014-02-18 13:17:04,paris.onvasortir.com
2014-02-18 13:17:04,photos.onvasortir.com
2014-02-18 13:17:04,www.google.fr
2014-02-18 13:17:04,www.onvasortir.com
2014-02-18 13:17:05,photos.onvasortir.com
2014-02-18 13:17:06,clermont-ferrand.onvasortir.com
2014-02-18 13:17:06,match.rtbidder.net
2014-02-18 13:17:06,photos.onvasortir.com
2014-02-18 13:17:06,c1.adform.net
2014-02-18 13:17:07,clermont-ferrand.onvasortir.com
2014-02-18 13:17:08,rp.gwallet.com
2014-02-18 13:17:08,clermont-ferrand.onvasortir.com
2014-02-18 13:17:08,www.facebook.com
2014-02-18 13:17:09,www.skyboardmedia.com
2014-02-18 13:17:09,hal9000.redintelligence.net
2014-02-18 13:17:10,hal9000.redintelligence.net
2014-02-18 13:17:11,banniere.reussissonsensemble.fr
2014-02-18 13:17:11,clermont-ferrand.onvasortir.com
2014-02-18 13:17:11,rp.gwallet.com
2014-02-18 13:17:12,a.nonstoppartner.net
2014-02-18 13:17:12,banniere.reussissonsensemble.fr
2014-02-18 13:17:12,clermont-ferrand.onvasortir.com
2014-02-18 13:18:24,accounts.google.com
2014-02-18 13:18:51,photos.onvasortir.com
2014-02-18 13:18:52,apis.google.com
2014-02-18 13:18:56,photos.onvasortir.com
2014-02-18 13:18:59,photos.onvasortir.com
2014-02-18 13:19:01,photos.onvasortir.com
2014-02-18 13:19:04,photos.onvasortir.com
2014-02-18 13:19:05,photos.onvasortir.com
2014-02-18 13:19:26,www.google.fr
2014-02-18 13:19:28,aalto.info
2014-02-18 13:19:29,aalto.info
2014-02-18 13:19:30,aalto.info
2014-02-18 13:19:31,aalto.info
2014-02-18 13:19:48,platform.twitter.com
2014-02-18 13:19:48,aalto.info
2014-02-18 13:19:49,static.ak.facebook.com
2014-02-18 13:19:49,www.facebook.com
2014-02-18 13:19:49,platform.twitter.com
2014-02-18 13:19:49,s-static.ak.facebook.com
2014-02-18 13:19:51,evsecure-ocsp.verisign.com
2014-02-18 13:19:52,evsecure-ocsp.verisign.com
2014-02-18 13:19:56,aalto.info
2014-02-18 13:20:21,aalto.info
2014-02-18 13:20:23,twitter.com
2014-02-18 13:20:36,aalto.info
2014-02-18 13:20:37,aalto.info
2014-02-18 13:21:05,static.ak.facebook.com
2014-02-18 13:21:05,aalto.info
2014-02-18 13:21:06,www.facebook.com
2014-02-18 13:21:06,s-static.ak.facebook.com
2014-02-18 13:21:13,aalto.info
2014-02-18 13:21:17,www.google.com
2014-02-18 13:21:17,ajax.googleapis.com
2014-02-18 13:21:17,khms1.google.com
2014-02-18 13:21:17,mts0.google.com
2014-02-18 13:21:17,twitter.com
2014-02-18 13:21:17,mts1.google.com
2014-02-18 13:21:17,www.google.fr
2014-02-18 13:21:17,maps.google.com
2014-02-18 13:21:17,accounts.google.com
2014-02-18 13:21:17,cbks0.google.com
2014-02-18 13:21:17,khms0.google.com
2014-02-18 13:21:17,cbks3.google.com
2014-02-18 13:21:17,apis.google.com
2014-02-27 13:29:30,gtssl-ocsp.geotrust.com
2014-02-27 13:30:02,clients1.google.com
2014-02-27 13:30:02,gtglobal-ocsp.geotrust.com
2014-02-27 13:30:04,clients1.google.com
2014-02-27 13:30:04,www.google.fr
2014-02-27 13:30:04,ocsp.tcs.terena.org
2014-02-27 13:30:05,ocsp.usertrust.com
2014-02-27 13:30:06,clients1.google.com
2014-02-27 13:30:31,gtssl-ocsp.geotrust.com
2014-02-27 13:32:14,www.google.fr
2014-02-27 13:32:15,www.google.fr
2014-02-27 13:32:21,clients1.google.com
2014-02-27 13:32:28,clients1.google.com
2014-02-27 13:32:40,www.google.fr
2014-02-27 13:32:59,apis.google.com
2014-02-27 13:33:00,id.google.fr
2014-02-27 13:34:10,safebrowsing-cache.google.com
2014-02-27 13:34:10,safebrowsing.clients.google.com
2014-02-27 13:34:11,safebrowsing-cache.google.com
2014-02-27 13:34:11,javadl-esd.sun.com
2014-02-27 13:34:12,safebrowsing-cache.google.com
2014-02-27 13:35:17,lh5.ggpht.com
2014-02-27 13:35:17,lh3.ggpht.com
2014-02-27 13:35:17,lh6.ggpht.com
2014-02-27 13:35:17,lh4.ggpht.com
2014-02-27 13:35:22,www.google.com
2014-02-27 13:35:28,ocsp.thawte.com
2014-02-27 13:35:32,www.google.fr
2014-02-27 13:35:32,apis.google.com
2014-02-27 13:35:34,www.google.fr
2014-02-27 13:37:28,ocsp.verisign.com
2014-02-27 13:39:28,ocsp.digicert.com
2014-02-27 13:42:54,bits.wikimedia.org
2014-02-27 13:42:54,fr.wikipedia.org
2014-02-27 13:42:54,www.google.fr
2014-02-27 13:42:55,meta.wikimedia.org
2014-02-27 13:42:55,fr.wikipedia.org
2014-02-27 13:42:55,login.wikimedia.org
2014-02-27 13:42:55,bits.wikimedia.org
2014-02-27 13:42:56,meta.wikimedia.org
2014-02-27 13:43:10,www.google.fr
2014-02-27 13:43:11,meta.wikimedia.org
2014-02-27 13:43:11,bits.wikimedia.org
2014-02-27 13:43:11,fr.wikipedia.org
2014-02-27 13:43:13,fr.wikipedia.org
2014-02-27 13:43:13,bits.wikimedia.org
2014-02-27 13:43:14,meta.wikimedia.org
2014-02-27 13:43:14,fr.wikipedia.org
2014-02-27 13:45:46,id.google.fr
2014-02-27 13:45:46,www.google.com
2014-02-27 13:45:46,www.google.fr
2014-02-27 13:48:12,www.google.fr
2014-02-27 13:48:13,www.ideeslogan.com
2014-02-27 13:48:13,www.google.fr
2014-02-27 13:48:14,www.google.com
2014-02-27 13:48:14,www.ideeslogan.com
2014-02-27 13:48:15,clients1.google.com
2014-02-27 13:48:15,www.google.com
2014-02-27 13:50:54,clients1.google.fr
2014-02-27 13:50:58,www.google.fr
2014-02-27 13:50:58,www.linternaute.com
2014-02-27 13:50:59,ba.linternaute.com
2014-02-27 13:50:59,static.ccmbg.com
2014-02-27 13:50:59,r.ccmbg.com
2014-02-27 13:50:59,www.beead.fr
2014-02-27 13:50:59,clients1.google.com
2014-02-27 13:50:59,ocsp.digicert.com
2014-02-27 13:51:00,www.google.fr
2014-02-27 13:51:00,static.ccmbg.com
2014-02-27 13:51:00,www.quizz.biz
2014-02-27 13:51:00,www.linternaute.com
2014-02-27 13:51:01,ba.linternaute.com
2014-02-27 13:51:01,www.quizz.biz
2014-02-27 13:51:01,s-static.ak.facebook.com
2014-02-27 13:51:01,www.linternaute.com
2014-02-27 13:51:01,connect.facebook.net
2014-02-27 13:51:01,js.live.net
2014-02-27 13:51:01,static.ak.facebook.com
2014-02-27 13:51:02,www.quizz.biz
2014-02-27 13:51:02,pixel.alephd.com
2014-02-27 13:51:02,www.francetvinfo.fr
2014-02-27 13:51:02,static.ccmbg.com
2014-02-27 13:51:02,clients1.google.com
2014-02-27 13:51:02,ajax.googleapis.com
2014-02-27 13:51:02,www.linternaute.com
2014-02-27 13:51:03,www.francetvinfo.fr
2014-02-27 13:51:03,r.ccmbg.com
2014-02-27 13:51:03,www.facebook.com
2014-02-27 13:51:03,www.quizz.biz
2014-02-27 13:51:04,ba.linternaute.com
2014-02-27 13:51:04,www.google.com
2014-02-27 13:51:04,www.google.fr
2014-02-27 13:51:04,s-static.ak.facebook.com
2014-02-27 13:51:04,static.ccmbg.com
2014-02-27 13:51:04,static.ak.facebook.com
2014-02-27 13:51:04,www.facebook.com
2014-02-27 13:51:04,apis.google.com
2014-02-27 13:51:04,platform.twitter.com
2014-02-27 13:51:04,r.ccmbg.com
2014-02-27 13:51:05,graph.facebook.com
2014-02-27 13:51:05,www.linkedin.com
2014-02-27 13:51:05,widgets.pinterest.com
2014-02-27 13:51:05,www.quizz.biz
2014-02-27 13:51:05,evsecure-ocsp.verisign.com
2014-02-27 13:51:06,www.facebook.com
2014-02-27 13:51:07,platform.twitter.com
2014-02-27 13:51:08,adventori.com
2014-02-27 13:51:35,twitter.com
2014-02-27 13:52:13,www.google.fr
2014-02-27 13:52:14,www.ideeslogan.com
2014-02-27 13:52:27,www.ideeslogan.com
2014-02-27 13:53:02,platform.twitter.com
2014-02-27 13:53:25,www.ideeslogan.com
2014-02-27 13:53:28,www.ideeslogan.com
2014-02-27 13:53:32,www.ideeslogan.com
2014-02-27 13:53:33,www.ideeslogan.com
2014-02-27 13:53:40,www.ideeslogan.com
2014-02-27 13:53:41,www.ideeslogan.com
2014-02-27 13:53:52,www.ideeslogan.com
2014-02-27 13:53:56,www.ideeslogan.com
2014-02-27 13:53:57,www.ideeslogan.com
2014-02-27 13:53:57,hal9000.redintelligence.net
2014-02-27 13:53:58,hal9000.redintelligence.net
2014-02-27 13:53:58,a.nonstoppartner.net
2014-02-27 13:53:59,ocsp.usertrust.com
2014-02-27 13:53:59,banner.nonstoppartner.net
2014-02-27 13:53:59,a.nonstoppartner.net
2014-02-27 13:53:59,ocsp.comodoca.com
2014-02-27 13:54:00,apis.google.com
2014-02-27 13:54:01,accounts.google.com
2014-02-27 13:54:05,www.ideeslogan.com
2014-02-27 13:54:13,banniere.reussissonsensemble.fr
2014-02-27 13:54:43,www.ideeslogan.com
2014-02-27 13:57:14,fr.wikipedia.org
2014-02-27 13:57:14,bits.wikimedia.org
2014-02-27 13:57:15,meta.wikimedia.org
2014-02-27 13:57:15,fr.wikipedia.org
2014-02-27 13:57:43,www.google.fr
2014-02-27 13:57:43,bits.wikimedia.org
2014-02-27 13:57:43,fr.wikipedia.org
2014-02-27 13:57:43,meta.wikimedia.org
2014-02-27 13:58:13,bits.wikimedia.org
2014-02-27 13:58:14,fr.wikipedia.org
2014-02-27 13:58:15,fr.wikipedia.org
2014-02-27 13:58:16,fr.wikipedia.org
2014-02-27 13:58:17,fr.wikipedia.org
2014-02-27 13:58:17,bits.wikimedia.org
2014-02-27 13:58:17,meta.wikimedia.org
2014-02-27 13:58:23,fr.wikipedia.org
2014-02-27 13:58:24,fr.wikipedia.org
2014-02-27 13:58:25,fr.wikipedia.org
2014-02-27 13:58:26,fr.wikipedia.org
2014-02-27 13:58:26,bits.wikimedia.org
2014-02-27 13:58:26,meta.wikimedia.org
2014-02-27 13:58:30,fr.wikipedia.org
2014-02-27 13:58:30,meta.wikimedia.org
2014-02-27 13:58:30,bits.wikimedia.org
2014-02-27 13:58:50,fr.wikipedia.org
2014-02-27 13:58:50,bits.wikimedia.org
2014-02-27 13:58:50,meta.wikimedia.org
2014-02-27 14:00:36,www.google.fr
2014-02-27 14:05:15,safebrowsing.clients.google.com
2014-02-27 14:05:15,safebrowsing-cache.google.com
2014-02-27 14:05:16,safebrowsing-cache.google.com
2014-02-27 14:36:39,safebrowsing-cache.google.com
2014-02-27 14:36:39,safebrowsing.clients.google.com
2014-02-27 14:48:54,fr.wikipedia.org
2014-02-27 14:48:54,meta.wikimedia.org
2014-02-27 14:48:54,bits.wikimedia.org
2014-02-27 14:57:44,gtglobal-ocsp.geotrust.com
2014-02-27 14:57:44,clients1.google.com
2014-02-27 14:57:52,www.omme.hu
2014-02-27 14:57:52,www.google.fr
2014-02-27 14:57:53,www.omme.hu
2014-02-27 14:58:12,www.omme.hu
2014-02-27 15:00:43,www.google.com
2014-02-27 15:00:45,clients1.google.fr
2014-02-27 15:00:46,www.google.fr
2014-02-27 15:04:53,safebrowsing.clients.google.com
2014-02-27 15:04:53,safebrowsing-cache.google.com
2014-02-27 15:04:54,safebrowsing-cache.google.com
2014-02-27 15:04:55,safebrowsing-cache.google.com
2014-02-27 15:20:04,ocsp.usertrust.com
2014-02-27 15:20:04,ocsp.tcs.terena.org
2014-02-27 15:21:42,www.google.com
2014-02-27 15:24:46,www.google.com
2014-02-27 15:24:47,www.google.fr
2014-03-03 13:02:14,www.mozilla.org
2014-03-03 13:02:15,www.mozilla.org
2014-03-03 13:04:28,get3.adobe.com
2014-03-03 13:05:05,sb-ssl.google.com
2014-03-03 13:05:21,apis.google.com
2014-03-03 13:05:24,www.google.com
2014-03-03 13:05:24,www.google.fr
2014-03-03 13:05:24,geo.mozilla.org
2014-03-03 13:05:24,get3.adobe.com
2014-03-03 13:05:24,plus.googleapis.com
2014-03-03 13:05:24,yt3.ggpht.com
2014-03-03 13:05:24,www.paypal.com
2014-03-03 13:05:53,www.google.fr
2014-03-03 13:05:55,www.google.fr
2014-03-03 13:05:56,apis.google.com
2014-03-03 13:05:58,www.google.com
2014-03-03 13:06:06,www.google.fr
2014-03-03 13:06:06,apis.google.com
2014-03-03 13:06:06,www.google.com
2014-03-03 13:06:09,www.google.fr
2014-03-03 13:06:18,yt3.ggpht.com
2014-03-03 13:06:22,plus.googleapis.com
2014-03-03 13:06:23,apis.google.com
2014-03-03 13:06:23,plus.googleapis.com
2014-03-03 13:08:33,ieonline.microsoft.com
2014-03-03 13:08:33,go.microsoft.com
2014-03-03 13:08:56,yt3.ggpht.com
2014-03-03 13:09:11,yt3.ggpht.com
2014-03-03 13:09:15,plus.googleapis.com
2014-03-03 13:09:16,plus.googleapis.com
2014-03-03 13:09:18,i1.ytimg.com
2014-03-03 13:09:28,i1.ytimg.com
2014-03-03 13:09:32,yt3.ggpht.com
2014-03-03 13:09:34,i1.ytimg.com
2014-03-03 13:09:34,plus.googleapis.com
2014-03-03 13:09:34,yt3.ggpht.com
2014-03-03 13:10:37,i1.ytimg.com
2014-03-03 13:12:57,plus.googleapis.com
2014-03-03 13:12:58,www.google.fr
2014-03-03 13:13:02,www.facebook.com
2014-03-03 13:13:12,twitter.com
2014-03-03 13:13:43,twitter.com
2014-03-03 13:17:51,yt3.ggpht.com
2014-03-03 13:19:17,plus.googleapis.com
2014-03-03 13:21:06,www.mozilla.org
2014-03-03 13:21:07,www.mozilla.org
2014-03-03 13:21:46,graph.facebook.com
2014-03-03 13:21:46,www.facebook.com
2014-03-03 13:21:46,s-static.ak.facebook.com
2014-03-03 13:21:49,s-static.ak.facebook.com
2014-03-03 13:21:52,www.facebook.com
2014-03-03 13:21:53,pixel2368.everesttech.net
2014-03-03 13:22:17,twitter.com
2014-03-03 13:22:46,loader.engage.gsfn.us
2014-03-03 13:22:54,s-static.ak.facebook.com
2014-03-03 13:22:54,www.facebook.com
2014-03-03 13:22:56,korben.info
2014-03-03 13:23:10,www.facebook.com
2014-03-03 13:23:33,twitter.com
2014-03-03 13:23:38,platform.twitter.com
2014-03-03 13:24:00,ibeu2.mookie1.com
2014-03-03 13:24:02,sb-ssl.google.com
2014-03-03 13:24:16,www.google.com
2014-03-03 13:24:21,cdns.gigya.com
2014-03-03 13:24:21,clients1.google.fr
2014-03-03 13:24:21,apis.google.com
2014-03-03 13:24:21,accounts.google.com
2014-03-03 13:24:21,www.google.fr
2014-03-03 13:26:38,www.mozilla.org
2014-03-03 13:26:39,www.mozilla.org
2014-03-03 13:29:31,sb-ssl.google.com
2014-03-03 13:29:36,apis.google.com
2014-03-03 13:29:38,www.google.fr
2014-03-03 13:29:38,www.google.com
2014-03-03 13:37:37,login.live.com
2014-03-03 13:38:09,www.mozilla.org
2014-03-03 13:38:10,www.mozilla.org
2014-03-03 13:41:36,ssl.bing.com
2014-03-03 13:42:27,login.live.com
2014-03-03 13:44:35,ssl.bing.com
2014-03-03 13:44:58,www.googleapis.com
2014-03-03 13:45:01,www.googleapis.com
2014-03-03 13:45:08,login.live.com
2014-03-03 13:45:26,apis.google.com
2014-03-03 13:45:48,ssl.bing.com
2014-03-03 13:47:01,www.googleapis.com
2014-03-03 13:47:14,login.live.com
2014-03-03 13:48:26,twitter.com
2014-03-03 13:51:20,login.live.com
2014-03-03 13:51:29,ssl.bing.com
2014-03-03 13:54:32,s-static.ak.facebook.com
2014-03-03 13:54:40,login.live.com
2014-03-03 13:54:42,twitter.com
2014-03-03 13:54:43,apis.google.com
2014-03-03 13:54:46,accounts.google.com
2014-03-03 13:54:48,twitter.com
2014-03-03 13:54:48,apis.google.com
2014-03-03 13:55:24,apis.google.com
2014-03-03 13:55:40,ssl.bing.com
2014-03-03 13:55:58,accounts.google.com
2014-03-03 13:55:58,apis.google.com
2014-03-03 14:05:04,login.live.com
2014-03-03 14:06:00,www.facebook.com
2014-03-03 14:06:35,weworkremotely.com
2014-03-03 14:10:07,login.live.com
2014-03-03 14:10:08,login.live.com
2014-03-03 14:10:12,ssl.bing.com
2014-03-03 14:10:13,s-static.ak.facebook.com
2014-03-03 14:10:20,twitter.com
2014-03-03 14:10:25,s-static.ak.facebook.com
2014-03-03 14:10:25,twitter.com
2014-03-03 14:10:26,www.facebook.com
2014-03-03 14:10:31,twitter.com
2014-03-03 14:10:33,twitter.com
2014-03-03 14:10:34,twitter.com
2014-03-03 14:10:37,accounts.google.com
2014-03-03 14:10:37,apis.google.com
2014-03-03 14:10:38,accounts.google.com
2014-03-03 14:10:38,apis.google.com
2014-03-03 14:10:39,apis.google.com
2014-03-03 14:10:46,livepassdl.conviva.com
2014-03-03 14:10:46,app.getsentry.com
2014-03-03 14:10:47,app.getsentry.com
2014-03-03 14:11:09,twitter.com
2014-03-03 14:12:08,apis.google.com
2014-03-03 14:12:08,pbs.twimg.com
2014-03-03 14:12:08,platform.twitter.com
2014-03-03 14:12:26,login.live.com
2014-03-03 14:12:38,login.live.com
2014-03-03 14:12:42,ssl.bing.com
2014-03-03 14:12:45,s-static.ak.facebook.com
2014-03-03 14:12:45,www.facebook.com
2014-03-03 14:12:47,static.nytimes.com
2014-03-03 14:12:54,twitter.com
2014-03-03 14:12:56,api.dailymotion.com
2014-03-03 14:13:25,twitter.com
2014-03-03 14:13:44,www.facebook.com
2014-03-03 14:13:44,s-static.ak.facebook.com
2014-03-03 14:13:44,twitter.com
2014-03-03 14:13:52,twitter.com
2014-03-03 14:13:52,s-static.ak.facebook.com
2014-03-03 14:13:52,www.facebook.com
2014-03-03 14:13:53,apis.google.com
2014-03-03 14:13:54,apis.google.com
2014-03-03 14:13:56,api.dailymotion.com
2014-03-03 14:13:57,accounts.google.com
2014-03-03 14:13:59,apis.google.com
2014-03-03 14:13:59,twitter.com
2014-03-03 14:13:59,accounts.google.com
2014-03-03 14:13:59,pbs.twimg.com
2014-03-03 14:14:00,www.facebook.com
2014-03-03 14:14:00,platform.twitter.com
2014-03-03 14:14:00,pbs.twimg.com
2014-03-03 14:14:00,s-static.ak.facebook.com
2014-03-03 14:14:01,apis.google.com
2014-03-03 14:14:01,twitter.com
2014-03-03 14:14:03,api.dailymotion.com
2014-03-03 14:14:05,api.dailymotion.com
2014-03-03 14:14:19,static.nytimes.com
2014-03-03 14:14:36,apis.google.com
2014-03-03 14:14:36,accounts.google.com
2014-03-03 14:15:12,apis.google.com
2014-03-03 14:15:15,apis.google.com
2014-03-03 14:17:12,apis.google.com
2014-03-03 14:17:15,apis.google.com
2014-03-03 14:17:20,apis.google.com
2014-03-03 14:21:41,www.linkedin.com
2014-03-03 14:22:36,sb-ssl.google.com
2014-03-04 13:37:26,ocsp.thawte.com
2014-03-04 13:37:26,gtssl-ocsp.geotrust.com
2014-03-04 13:38:05,clients1.google.com
2014-03-04 13:38:05,gtglobal-ocsp.geotrust.com
2014-03-04 13:38:06,clients1.google.com
2014-03-04 13:38:08,www.google.fr
2014-03-04 13:38:09,ocsp.tcs.terena.org
2014-03-04 13:38:09,ocsp.usertrust.com
2014-03-04 13:38:09,clients1.google.com
2014-03-04 13:38:10,clients1.google.com
2014-03-04 13:38:28,gtssl-ocsp.geotrust.com
2014-03-04 13:39:04,safebrowsing-cache.google.com
2014-03-04 13:39:04,safebrowsing.clients.google.com
2014-03-04 13:39:05,safebrowsing-cache.google.com
2014-03-04 13:39:32,ieonline.microsoft.com
2014-03-04 13:39:49,ieonline.microsoft.com
2014-03-04 13:41:01,www.google.com
2014-03-04 13:41:01,apis.google.com
2014-03-04 13:41:01,id.google.fr
2014-03-04 13:41:02,www.google.fr
2014-03-04 13:45:25,ocsp.verisign.com
2014-03-04 13:45:25,ocsp.digicert.com
2014-03-04 13:45:26,ocsp.digicert.com
2014-03-04 13:47:25,ocsp.digicert.com
2014-03-04 14:10:13,safebrowsing.clients.google.com
2014-03-04 14:10:13,safebrowsing-cache.google.com
2014-03-04 14:10:14,safebrowsing-cache.google.com
2014-03-04 14:16:07,www.google.fr
2014-03-04 14:16:08,www.microsoft.com
2014-03-04 14:16:10,www.microsoft.com
2014-03-04 14:16:10,www.google.fr
2014-03-04 14:17:27,id.google.fr
2014-03-04 14:17:27,clients1.google.fr
2014-03-04 14:17:27,www.google.fr
2014-03-04 14:17:27,www.google.com
2014-03-04 15:04:55,clients1.google.com
2014-03-04 15:04:55,gtglobal-ocsp.geotrust.com
2014-03-04 15:04:59,www.google.fr
2014-03-04 15:04:59,unevieaprsleboulot.blogspot.com
2014-03-04 15:04:59,2.bp.blogspot.com
2014-03-04 15:05:00,unevieaprsleboulot.blogspot.fr
2014-03-04 15:05:00,www.google.com
2014-03-04 15:05:00,clients1.google.com
2014-03-04 15:05:01,img1.blogblog.com
2014-03-04 15:05:01,2.bp.blogspot.com
2014-03-04 15:05:01,4.bp.blogspot.com
2014-03-04 15:05:01,www.blogger.com
2014-03-04 15:05:01,clients1.google.com
2014-03-04 15:05:01,www.google.com
2014-03-04 15:05:02,lh6.ggpht.com
2014-03-04 15:05:02,lh5.ggpht.com
2014-03-04 15:05:02,clients1.google.com
2014-03-04 15:05:02,www.google.com
2014-03-04 15:05:03,lh6.ggpht.com
2014-03-04 15:05:03,lh3.ggpht.com
2014-03-04 15:05:04,lh6.ggpht.com
2014-03-04 15:05:04,lh5.ggpht.com
2014-03-04 15:05:04,lh4.ggpht.com
2014-03-04 15:05:05,lh3.ggpht.com
2014-03-04 15:05:05,lh6.ggpht.com
2014-03-04 15:05:29,2.bp.blogspot.com
2014-03-04 15:05:39,www.google.com
2014-03-04 15:05:46,www.google.fr
2014-03-04 15:05:47,gbphotodidactical.ca
2014-03-04 15:05:48,gbphotodidactical.ca
2014-03-04 15:05:49,gbphotodidactical.ca
2014-03-04 15:05:51,gbphotodidactical.ca
2014-03-04 15:05:52,gbphotodidactical.ca
2014-03-04 15:06:25,apis.google.com
2014-03-04 15:06:25,clients1.google.fr
2014-03-04 15:06:25,www.blogger.com
2014-03-04 15:06:25,www.google.fr
2014-03-04 15:06:25,www.google.com
2014-03-04 15:06:25,img1.blogblog.com
2014-03-04 15:06:25,gg.google.com
2014-03-04 15:06:25,accounts.google.com
2014-03-20 13:34:05,geo.mozilla.org
2014-03-20 13:36:54,sb-ssl.google.com
2014-03-20 13:37:07,www.google.fr
2014-03-20 13:37:07,www.google.com
2014-03-20 13:37:07,apis.google.com
2014-03-20 15:31:13,www.google.com
2014-03-20 15:31:37,www.google.fr
2014-04-17 13:32:56,ocsp.verisign.com
2014-04-17 13:32:58,gtssl-ocsp.geotrust.com
2014-04-17 13:33:04,clients1.google.com
2014-04-17 13:33:05,clients1.google.com
2014-04-17 13:33:07,www.google.fr
2014-04-17 13:33:08,ocsp.tcs.terena.org
2014-04-17 13:33:08,clients1.google.com
2014-04-17 13:33:10,safebrowsing.clients.google.com
2014-04-17 13:33:10,safebrowsing-cache.google.com
2014-04-17 13:33:11,safebrowsing-cache.google.com
2014-04-17 13:33:59,gtssl-ocsp.geotrust.com
2014-04-17 13:36:01,www.google.com
2014-04-17 13:36:02,www.google.fr
2014-04-17 13:36:02,apis.google.com
2014-04-17 13:38:58,ocsp.thawte.com
2014-04-17 13:42:12,clients1.google.com
2014-04-17 13:42:13,www.google.com
2014-04-17 13:42:26,clients1.google.com
2014-04-17 13:42:58,ocsp.digicert.com
2014-04-17 13:45:11,www.google.com
2014-04-17 13:45:12,www.google.fr
2014-04-17 13:51:00,www.google.com
2014-04-17 13:51:21,www.google.fr
2014-04-17 14:03:03,safebrowsing.clients.google.com
2014-04-17 14:03:03,safebrowsing-cache.google.com
2014-04-17 14:05:15,scd.rfi.fr
2014-04-17 14:05:15,cdn2.tagcommander.com
2014-04-17 14:05:15,www.rfi.fr
2014-04-17 14:05:16,js.live.net
2014-04-17 14:05:16,connect.facebook.net
2014-04-17 14:05:16,platform.twitter.com
2014-04-17 14:05:16,www.rfi.fr
2014-04-17 14:05:16,cdn2.tagcommander.com
2014-04-17 14:05:16,s-static.ak.facebook.com
2014-04-17 14:05:16,platform.linkedin.com
2014-04-17 14:05:16,ocsp.digicert.com
2014-04-17 14:05:16,www.facebook.com
2014-04-17 14:05:16,static.ak.facebook.com
2014-04-17 14:05:17,evsecure-ocsp.verisign.com
2014-04-17 14:05:17,www.linkedin.com
2014-04-17 14:05:17,clients1.google.com
2014-04-17 14:05:18,evsecure-ocsp.verisign.com
2014-04-17 14:05:18,www.google.com
2014-04-17 14:05:18,clients1.google.com
2014-04-17 14:05:19,ocsp.godaddy.com
2014-04-17 14:05:28,www.linkedin.com
2014-04-17 14:05:28,www.rfi.fr
2014-04-17 14:05:28,cdn2.tagcommander.com
2014-04-17 14:05:28,www.facebook.com
2014-04-17 14:05:29,cdn2.tagcommander.com
2014-04-17 14:05:31,www.rfi.fr
2014-04-17 14:05:31,cdn2.tagcommander.com
2014-04-17 14:05:32,www.linkedin.com
2014-04-17 14:05:32,www.facebook.com
2014-04-17 14:05:32,cdn2.tagcommander.com
2014-04-17 14:05:33,hal9000.redintelligence.net
2014-04-17 14:05:33,banniere.reussissonsensemble.fr
2014-04-17 14:05:34,cdn2.tagcommander.com
2014-04-17 14:05:34,media.cyrillus.fr
2014-04-17 14:05:34,cyrillus.commander1.com
2014-04-17 14:05:34,ea.numericable.fr
2014-04-17 14:05:34,banniere.reussissonsensemble.fr
2014-04-17 14:05:34,www.facebook.com
2014-04-17 14:05:34,www.linkedin.com
2014-04-17 14:05:35,cdn2.tagcommander.com
2014-04-17 14:05:35,www.linkedin.com
2014-04-17 14:05:44,api.dailymotion.com
2014-04-17 14:05:46,www.rfi.fr
2014-04-17 14:06:02,twitter.com
2014-04-17 14:06:16,www.rfi.fr
2014-04-17 14:06:34,www.covoiturageauvergne.net
2014-04-17 14:06:34,docs.laroueverte.com
2014-04-17 14:06:34,maps.google.com
2014-04-17 14:06:35,www.covoiturageauvergne.net
2014-04-17 14:06:35,mt0.googleapis.com
2014-04-17 14:06:35,mt1.googleapis.com
2014-04-17 14:06:35,maps.googleapis.com
2014-04-17 14:06:36,maps.googleapis.com
2014-04-17 14:06:40,maps.googleapis.com
2014-04-17 14:06:46,www.rfi.fr
2014-04-17 14:07:16,www.rfi.fr
2014-04-17 14:07:46,www.rfi.fr
2014-04-17 14:08:13,accounts.google.com
2014-04-17 14:08:16,www.rfi.fr
2014-04-17 14:08:30,apis.google.com
2014-04-17 14:08:46,www.rfi.fr
2014-04-17 14:08:56,www.google.com
2014-04-17 14:08:57,www.google.fr
2014-04-17 14:09:16,www.rfi.fr
2014-04-17 14:09:46,www.rfi.fr
2014-04-17 14:10:16,www.rfi.fr
2014-04-17 14:10:46,www.rfi.fr
2014-04-17 14:11:17,www.rfi.fr
2014-04-17 14:11:47,www.rfi.fr
2014-04-17 14:12:16,www.rfi.fr
2014-04-17 14:12:17,www.rfi.fr
2014-04-17 14:12:47,www.rfi.fr
2014-04-17 14:13:17,www.rfi.fr
2014-04-17 14:13:46,www.rfi.fr
2014-04-17 14:13:47,www.rfi.fr
2014-04-17 14:14:16,www.rfi.fr
2014-04-17 14:14:17,www.rfi.fr
2014-04-17 14:14:47,www.rfi.fr
2014-04-17 14:15:17,www.rfi.fr
2014-04-17 14:15:47,www.rfi.fr
2014-04-17 14:16:17,www.rfi.fr
2014-04-17 14:16:47,www.rfi.fr
2014-04-17 14:17:17,www.rfi.fr
2014-04-17 14:17:47,www.rfi.fr
2014-04-17 14:18:17,www.rfi.fr
2014-04-17 14:18:47,www.rfi.fr
2014-04-17 14:19:17,www.rfi.fr
2014-04-17 14:19:47,www.rfi.fr
2014-04-17 14:20:17,www.rfi.fr
2014-04-17 14:20:47,www.rfi.fr
2014-04-17 14:21:17,www.rfi.fr
2014-04-17 14:21:18,www.rfi.fr
2014-04-17 14:21:47,www.rfi.fr
2014-04-17 14:21:48,www.rfi.fr
2014-04-17 14:22:18,www.rfi.fr
2014-04-17 14:22:48,www.rfi.fr
2014-04-17 14:23:17,www.rfi.fr
2014-04-17 14:23:18,www.rfi.fr
2014-04-17 14:23:47,www.rfi.fr
2014-04-17 14:23:48,www.rfi.fr
2014-04-17 14:24:17,www.rfi.fr
2014-04-17 14:24:18,www.rfi.fr
2014-04-17 14:24:48,www.rfi.fr
2014-04-17 14:24:55,www.squid-cache.org
2014-04-17 14:25:17,www.rfi.fr
2014-04-17 14:25:18,www.rfi.fr
2014-04-17 14:25:39,www.google.com
2014-04-17 14:25:47,www.rfi.fr
2014-04-17 14:25:48,www.rfi.fr
2014-04-17 14:25:56,korben.info
2014-04-17 14:25:56,korben.disqus.com
2014-04-17 14:25:56,ajax.googleapis.com
2014-04-17 14:25:56,api.adyoulike.com
2014-04-17 14:25:56,www.google.fr
2014-04-17 14:25:57,ajax.cloudflare.com
2014-04-17 14:25:57,ocsp.digicert.com
2014-04-17 14:25:57,korben.info
2014-04-17 14:25:57,www.facebook.com
2014-04-17 14:25:58,stat.korben.info
2014-04-17 14:25:58,disqus.com
2014-04-17 14:25:58,match.rtbidder.net
2014-04-17 14:25:58,nodes.tvmc4tsv.com
2014-04-17 14:25:58,go.disqus.com
2014-04-17 14:25:58,korben.info
2014-04-17 14:25:58,www.facebook.com
2014-04-17 14:25:58,korben.disqus.com
2014-04-17 14:25:59,korben.info
2014-04-17 14:25:59,static.natoms.com
2014-04-17 14:25:59,stat.korben.info
2014-04-17 14:25:59,disqus.com
2014-04-17 14:26:01,korben.info
2014-04-17 14:26:01,disqus.com
2014-04-17 14:26:18,www.rfi.fr
2014-04-17 14:26:47,www.rfi.fr
2014-04-17 14:26:48,www.rfi.fr
2014-04-17 14:27:07,loader.engage.gsfn.us
2014-04-17 14:27:17,www.rfi.fr
2014-04-17 14:27:18,www.rfi.fr
2014-04-17 14:27:47,www.rfi.fr
2014-04-17 14:27:48,www.rfi.fr
2014-04-17 14:27:49,korben.info
2014-04-17 14:28:17,www.rfi.fr
2014-04-17 14:28:18,www.rfi.fr
2014-04-17 14:28:45,www.google.com
2014-04-17 14:28:46,www.google.fr
2014-04-17 14:28:46,id.google.fr
2014-04-17 14:28:48,www.rfi.fr
2014-04-17 14:29:17,www.rfi.fr
2014-04-17 14:29:18,www.rfi.fr
2014-04-17 14:29:48,www.rfi.fr
2014-04-17 14:30:17,www.rfi.fr
2014-04-17 14:30:18,www.rfi.fr
2014-04-17 14:30:48,www.rfi.fr
2014-04-17 14:31:19,www.rfi.fr
2014-04-17 14:31:48,www.rfi.fr
2014-04-17 14:31:49,www.rfi.fr
2014-04-17 14:32:19,www.rfi.fr
2014-04-17 14:32:48,www.rfi.fr
2014-04-17 14:32:49,www.rfi.fr
2014-04-17 14:33:18,www.rfi.fr
2014-04-17 14:33:19,www.rfi.fr
2014-04-17 14:33:25,www.rfi.fr
2014-04-17 14:33:25,cdn2.tagcommander.com
2014-04-17 14:33:25,safebrowsing.clients.google.com
2014-04-17 14:33:25,safebrowsing-cache.google.com
2014-04-17 14:33:25,www.linkedin.com
2014-04-17 14:33:25,www.facebook.com
2014-04-17 14:33:26,cdn2.tagcommander.com
2014-04-17 14:33:27,cdn2.tagcommander.com
2014-04-17 14:33:28,clients1.google.com
2014-04-17 14:33:36,api.dailymotion.com
2014-04-17 14:33:48,www.rfi.fr
2014-04-17 14:33:49,www.rfi.fr
2014-04-17 14:33:55,twitter.com
2014-04-17 14:34:19,www.rfi.fr
2014-04-17 14:34:48,www.rfi.fr
2014-04-17 14:34:49,www.rfi.fr
2014-04-17 14:35:18,www.rfi.fr
2014-04-17 14:35:19,www.rfi.fr
2014-04-17 14:35:48,www.rfi.fr
2014-04-17 14:35:49,www.rfi.fr
2014-04-17 14:36:18,www.rfi.fr
2014-04-17 14:36:19,www.rfi.fr
2014-04-17 14:36:21,apis.google.com
2014-04-17 14:36:49,www.rfi.fr
2014-04-17 14:37:18,www.rfi.fr
2014-04-17 14:37:19,www.rfi.fr
2014-04-17 14:37:48,www.rfi.fr
2014-04-17 14:37:49,www.rfi.fr
2014-04-17 14:38:18,www.rfi.fr
2014-04-17 14:38:19,www.rfi.fr
2014-04-17 14:38:48,www.rfi.fr
2014-04-17 14:38:49,www.rfi.fr
2014-04-17 14:39:19,www.rfi.fr
2014-04-17 14:39:48,www.rfi.fr
2014-04-17 14:39:50,www.rfi.fr
2014-04-17 14:40:18,www.rfi.fr
2014-04-17 14:40:20,www.rfi.fr
2014-04-17 14:40:49,www.rfi.fr
2014-04-17 14:40:50,www.rfi.fr
2014-04-17 14:41:18,www.rfi.fr
2014-04-17 14:41:20,www.rfi.fr
2014-04-17 14:41:49,www.rfi.fr
2014-04-17 14:41:50,www.rfi.fr
2014-04-17 14:42:20,www.rfi.fr
2014-04-17 14:42:48,www.rfi.fr
2014-04-17 14:42:50,www.rfi.fr
2014-04-17 14:43:19,www.rfi.fr
2014-04-17 14:43:20,www.rfi.fr
2014-04-17 14:43:48,www.rfi.fr
2014-04-17 14:43:50,www.rfi.fr
2014-04-17 14:44:20,www.rfi.fr
2014-04-17 14:44:49,www.rfi.fr
2014-04-17 14:44:50,www.rfi.fr
2014-04-17 14:45:18,www.rfi.fr
2014-04-17 14:45:20,www.rfi.fr
2014-04-17 14:45:35,www.google.fr
2014-04-17 14:45:36,s2.wp.com
2014-04-17 14:45:36,formation17mars.files.wordpress.com
2014-04-17 14:45:36,1.gravatar.com
2014-04-17 14:45:36,0.gravatar.com
2014-04-17 14:45:36,formation17mars.wordpress.com
2014-04-17 14:45:36,s0.wp.com
2014-04-17 14:45:37,cloud.eclipse.unrulymedia.com
2014-04-17 14:45:37,targeting.unrulymedia.com
2014-04-17 14:45:37,formation17mars.wordpress.com
2014-04-17 14:45:37,s0.wp.com
2014-04-17 14:45:37,s2.wp.com
2014-04-17 14:45:37,widgets.wp.com
2014-04-17 14:45:37,0.gravatar.com
2014-04-17 14:45:38,www.themanual.com
2014-04-17 14:45:38,s0.wp.com
2014-04-17 14:45:38,widgets.wp.com
2014-04-17 14:45:38,images.newsmax.com
2014-04-17 14:45:38,assets.vice.com
2014-04-17 14:45:38,formation17mars.wordpress.com
2014-04-17 14:45:41,clients1.google.com
2014-04-17 14:45:48,www.rfi.fr
2014-04-17 14:45:50,www.rfi.fr
2014-04-17 14:45:54,s0.wp.com
2014-04-17 14:45:54,accounts.google.com
2014-04-17 14:45:54,public-api.wordpress.com
2014-04-17 14:45:54,apis.google.com
2014-04-17 14:45:54,www.google.fr
2014-04-17 14:45:54,www.google.com
2014-04-17 14:46:14,clients1.google.com
2014-04-17 14:46:22,www.google.fr
2014-04-17 14:46:22,www.plagium.com
2014-04-17 14:46:22,api.twitter.com
2014-04-17 14:46:23,www.plagium.com
2014-04-17 14:46:24,s-static.ak.facebook.com
2014-04-17 14:46:24,connect.facebook.net
2014-04-17 14:46:24,www.plagium.com
2014-04-17 14:46:24,static.ak.facebook.com
2014-04-17 14:46:24,api.twitter.com
2014-04-17 14:46:24,www.facebook.com
2014-04-17 14:46:24,platform.twitter.com
2014-04-17 14:46:24,clients1.google.com
2014-04-17 14:46:25,evsecure-ocsp.verisign.com
2014-04-17 14:46:26,evsecure-ocsp.verisign.com
2014-04-17 14:46:27,platform.twitter.com
2014-04-17 14:46:29,clients1.google.com
2014-04-17 14:46:40,ocsp.tcs.terena.org
2014-04-17 14:46:40,www.google.fr
2014-04-17 14:46:56,twitter.com
2014-04-17 14:47:19,wearebrands.fr
2014-04-17 14:47:19,www.hellopro.fr
2014-04-17 14:47:19,www.aurel32.net
2014-04-17 14:47:20,www.ekaterinawalter.com
2014-04-17 14:47:50,www.plagium.com
2014-04-17 14:47:52,www.plagium.com
2014-04-17 14:47:53,www.plagium.com
2014-04-17 14:47:53,ajax.googleapis.com
2014-04-17 14:47:54,engines.plagium.com
2014-04-17 14:47:54,ajax.googleapis.com
2014-04-17 14:47:54,www.plagium.com
2014-04-17 14:47:55,www.plagium.com
2014-04-17 14:47:56,www.plagium.com
2014-04-17 14:48:23,platform.twitter.com
2014-04-17 14:48:31,safebrowsing.clients.google.com
2014-04-17 14:48:31,safebrowsing-cache.google.com
2014-04-17 14:48:32,safebrowsing-cache.google.com
2014-04-17 14:49:16,id.google.fr
2014-04-17 14:49:16,www.google.com
2014-04-17 14:49:17,www.google.fr
2014-04-17 14:49:21,accounts.google.com
2014-04-17 14:49:21,apis.google.com
2014-04-17 14:53:25,www.plagium.com
2014-04-17 14:53:26,www.plagium.com
2014-04-17 14:53:44,www.plagium.com
2014-04-17 14:53:46,www.plagium.com
2014-04-17 14:53:48,ajax.googleapis.com
2014-04-17 14:53:48,www.plagium.com
2014-04-17 14:53:49,www.plagium.com
2014-04-17 14:53:49,engines.plagium.com
2014-04-17 14:53:49,ajax.googleapis.com
2014-04-17 14:53:50,www.plagium.com
2014-04-17 14:53:51,www.plagium.com
2014-04-17 14:53:58,www.plagium.com
2014-04-17 14:54:00,www.plagium.com
2014-04-17 14:54:01,www.plagium.com
2014-04-17 14:54:01,ajax.googleapis.com
2014-04-17 14:54:01,engines.plagium.com
2014-04-17 14:54:02,www.plagium.com
2014-04-17 15:02:22,clients1.google.com
2014-04-17 15:02:24,www.google.fr
2014-04-17 15:02:25,gabrielecirulli.github.io
2014-04-17 15:02:25,sa.symcd.com
2014-04-17 15:02:25,evsecure-ocsp.verisign.com
2014-04-17 15:02:26,gabrielecirulli.github.io
2014-04-17 15:02:55,twitter.com
2014-04-17 15:04:21,www.paypalobjects.com
2014-04-17 15:05:17,www.google.com
2014-04-17 15:05:17,www.google.fr
2014-04-17 15:05:33,safebrowsing-cache.google.com
2014-04-17 15:05:33,safebrowsing.clients.google.com
2014-04-17 15:05:59,twitter.com
2014-04-18 13:25:40,www.google.com
2014-04-18 13:25:41,clients1.google.com
2014-04-18 13:25:41,www.google.com
2014-04-18 13:25:42,clients1.google.com
2014-04-18 13:25:53,clients1.google.com
2014-04-18 13:25:55,www.youtube.com
2014-04-18 13:25:55,s.ytimg.com
2014-04-18 13:25:55,i1.ytimg.com
2014-04-18 13:25:55,clients1.google.com
2014-04-18 13:25:55,www.google.fr
2014-04-18 13:25:56,s.ytimg.com
2014-04-18 13:25:56,i1.ytimg.com
2014-04-18 13:25:57,safebrowsing.clients.google.com
2014-04-18 13:25:57,safebrowsing-cache.google.com
2014-04-18 13:25:58,safebrowsing-cache.google.com
2014-04-18 13:26:01,s.ytimg.com
2014-04-18 13:26:06,s.ytimg.com
2014-04-18 13:26:06,i1.ytimg.com
2014-04-18 13:26:06,s.youtube.com
2014-04-18 13:26:06,r4---sn-gxo5uxg-jqbe.googlevideo.com
2014-04-18 13:26:06,www.youtube.com
2014-04-18 13:26:08,clients1.google.com
2014-04-18 13:26:09,www.youtube.com
2014-04-18 13:26:10,i1.ytimg.com
2014-04-18 13:26:12,ocsp.digicert.com
2014-04-18 13:26:12,fpdownload2.macromedia.com
2014-04-18 13:26:15,download.macromedia.com
2014-04-18 13:26:21,r4---sn-gxo5uxg-jqbe.googlevideo.com
2014-04-18 13:26:21,s.ytimg.com
2014-04-18 13:26:21,www.youtube.com
2014-04-18 13:26:22,i1.ytimg.com
2014-04-18 13:26:22,s.ytimg.com
2014-04-18 13:26:22,s.youtube.com
2014-04-18 13:26:25,www.youtube.com
2014-04-18 13:26:25,i1.ytimg.com
2014-04-18 13:26:26,i1.ytimg.com
2014-04-18 13:26:27,s.ytimg.com
2014-04-18 13:26:27,clients1.google.com
2014-04-18 13:26:28,s.ytimg.com
2014-04-18 13:26:28,r4---sn-gxo5uxg-jqbe.googlevideo.com
2014-04-18 13:26:28,www.youtube.com
2014-04-18 13:26:29,s.ytimg.com
2014-04-18 13:26:29,i1.ytimg.com
2014-04-18 13:26:29,s.youtube.com
2014-04-18 13:26:31,clients1.google.com
2014-04-18 13:26:32,www.youtube.com
2014-04-18 13:26:32,i1.ytimg.com
2014-04-18 13:26:33,www.youtube.com
2014-04-18 13:26:33,s.ytimg.com
2014-04-18 13:26:35,r4---sn-gxo5uxg-jqbe.googlevideo.com
2014-04-18 13:26:35,s.ytimg.com
2014-04-18 13:26:36,s.youtube.com
2014-04-18 13:26:49,admin.brightcove.com
2014-04-18 13:26:49,i.mol.im
2014-04-18 13:26:49,gs.dailymail.co.uk
2014-04-18 13:26:49,scripts.dailymail.co.uk
2014-04-18 13:26:49,www.google.fr
2014-04-18 13:26:49,i.dailymail.co.uk
2014-04-18 13:26:49,www.dailymail.co.uk
2014-04-18 13:26:50,i.dailymail.co.uk
2014-04-18 13:26:50,www.dailymail.co.uk
2014-04-18 13:26:51,www.google.fr
2014-04-18 13:26:52,connect.facebook.net
2014-04-18 13:26:52,static.ak.facebook.com
2014-04-18 13:26:52,s-static.ak.facebook.com
2014-04-18 13:26:52,www.dailymotion.com
2014-04-18 13:26:53,www.dailymotion.com
2014-04-18 13:26:53,www.facebook.com
2014-04-18 13:26:54,www.squid-cache.org
2014-04-18 13:26:54,www.dailymotion.com
2014-04-18 13:26:57,www.dailymotion.com
2014-04-18 13:26:57,static.ak.facebook.com
2014-04-18 13:26:57,s-static.ak.facebook.com
2014-04-18 13:26:58,www.dailymotion.com
2014-04-18 13:26:58,www.facebook.com
2014-04-18 13:26:59,s-static.ak.facebook.com
2014-04-18 13:26:59,ajax.googleapis.com
2014-04-18 13:26:59,platform.twitter.com
2014-04-18 13:26:59,www.dailymotion.com
2014-04-18 13:26:59,static.ak.facebook.com
2014-04-18 13:27:00,www.facebook.com
2014-04-18 13:27:00,evsecure-ocsp.verisign.com
2014-04-18 13:27:02,www.dailymotion.com
2014-04-18 13:27:02,http.tidaltv.com
2014-04-18 13:27:03,www.adobe.com
2014-04-18 13:27:03,p.typekit.net
2014-04-18 13:27:03,http.tidaltv.com
2014-04-18 13:27:03,get.adobe.com
2014-04-18 13:27:03,wwwimages.adobe.com
2014-04-18 13:27:04,get.adobe.com
2014-04-18 13:27:04,wwwimages.adobe.com
2014-04-18 13:27:04,stats.adobe.com
2014-04-18 13:27:04,www.google.com
2014-04-18 13:27:04,clients1.google.com
2014-04-18 13:27:05,www.google.com
2014-04-18 13:27:06,get.adobe.com
2014-04-18 13:27:07,stats.adobe.com
2014-04-18 13:27:07,p.typekit.net
2014-04-18 13:27:07,wwwimages.adobe.com
2014-04-18 13:27:23,hal9000.redintelligence.net
2014-04-18 13:27:23,www.dailymotion.com
2014-04-18 13:27:24,hal9000.redintelligence.net
2014-04-18 13:27:24,banniere.reussissonsensemble.fr
2014-04-18 13:27:25,banniere.reussissonsensemble.fr
2014-04-18 13:27:25,rbp.mxptint.net
2014-04-18 13:27:25,ocsp.comodoca.com
2014-04-18 13:27:26,ad.publicidees.com
2014-04-18 13:27:30,twitter.com
2014-04-18 13:27:35,s-static.ak.facebook.com
2014-04-18 13:27:35,platform.twitter.com
2014-04-18 13:27:35,static.ak.facebook.com
2014-04-18 13:27:35,connect.facebook.net
2014-04-18 13:27:35,www.dailymotion.com
2014-04-18 13:27:36,www.facebook.com
2014-04-18 13:27:38,http.tidaltv.com
2014-04-18 13:27:38,www.dailymotion.com
2014-04-18 13:27:39,http.tidaltv.com
2014-04-18 13:27:39,hal9000.redintelligence.net
2014-04-18 13:27:39,n15.hal9000.redintelligence.net
2014-04-18 13:27:39,rapidssl-ocsp.geotrust.com
2014-04-18 13:27:39,ocsp.comodoca.com
2014-04-18 13:27:40,pixel2368.everesttech.net
2014-04-18 13:27:50,ajax.googleapis.com
2014-04-18 13:27:50,www.google.fr
2014-04-18 13:27:50,www.jazzradio.fr
2014-04-18 13:27:50,widgets.twimg.com
2014-04-18 13:27:51,www.facebook.com
2014-04-18 13:27:51,www.jazzradio.fr
2014-04-18 13:27:52,clients1.google.com
2014-04-18 13:27:52,www.jazzradio.fr
2014-04-18 13:27:54,www.jazzradio.fr
2014-04-18 13:27:55,www.facebook.com
2014-04-18 13:27:55,www.google.fr
2014-04-18 13:27:55,www.jazzradio.fr
2014-04-18 13:27:56,www.jazzradio.fr
2014-04-18 13:28:06,twitter.com
2014-04-18 13:28:12,www.todae.fr
2014-04-18 13:28:12,www.jazzradio.fr
2014-04-18 13:28:13,clients1.google.com
2014-04-18 13:28:19,www.jazzradio.fr
2014-04-18 13:28:28,assets.zendesk.com
2014-04-18 13:28:28,ajax.googleapis.com
2014-04-18 13:28:28,ocsp.thawte.com
2014-04-18 13:28:28,static.radio.fr
2014-04-18 13:28:28,www.radio.fr
2014-04-18 13:28:28,code.jquery.com
2014-04-18 13:28:28,www.google.fr
2014-04-18 13:28:29,www.radio.fr
2014-04-18 13:28:29,static.radio.fr
2014-04-18 13:28:29,qs.ioam.de
2014-04-18 13:28:29,assets.zendesk.com
2014-04-18 13:28:30,www.facebook.com
2014-04-18 13:28:30,s-static.ak.facebook.com
2014-04-18 13:28:30,static.ak.facebook.com
2014-04-18 13:28:30,www.radio.fr
2014-04-18 13:28:33,static.radio.fr
2014-04-18 13:28:33,www.radio.fr
2014-04-18 13:28:42,qs.ioam.de
2014-04-18 13:28:42,static.radio.fr
2014-04-18 13:28:42,platform.twitter.com
2014-04-18 13:28:42,jazz24.radio.fr
2014-04-18 13:28:43,jazz24.radio.fr
2014-04-18 13:28:43,www.facebook.com
2014-04-18 13:28:43,s-static.ak.facebook.com
2014-04-18 13:28:43,static.ak.facebook.com
2014-04-18 13:28:46,www.facebook.com
2014-04-18 13:28:46,static.ak.facebook.com
2014-04-18 13:28:46,s-static.ak.facebook.com
2014-04-18 13:28:47,static.radio.fr
2014-04-18 13:28:49,www.radio.fr
2014-04-18 13:28:50,static.radio.fr
2014-04-18 13:28:58,get3.adobe.com
2014-04-18 13:29:13,twitter.com
2014-04-18 13:29:15,static.radio.fr
2014-04-18 13:29:15,jazz24.radio.fr
2014-04-18 13:29:16,static.ak.facebook.com
2014-04-18 13:29:16,www.facebook.com
2014-04-18 13:29:16,s-static.ak.facebook.com
2014-04-18 13:29:24,static.radio.fr
2014-04-18 13:29:24,swissjazz.radio.fr
2014-04-18 13:29:25,static.radio.fr
2014-04-18 13:29:25,swissjazz.radio.fr
2014-04-18 13:29:25,qs.ioam.de
2014-04-18 13:29:25,www.facebook.com
2014-04-18 13:29:25,s-static.ak.facebook.com
2014-04-18 13:29:25,static.ak.facebook.com
2014-04-18 13:29:26,swissjazz.radio.fr
2014-04-18 13:29:26,yt3.ggpht.com
2014-04-18 13:29:26,www.facebook.com
2014-04-18 13:29:28,static.ak.facebook.com
2014-04-18 13:29:28,s-static.ak.facebook.com
2014-04-18 13:29:28,www.facebook.com
2014-04-18 13:29:29,www.facebook.com
2014-04-18 13:29:30,platform.twitter.com
2014-04-18 13:29:34,plus.googleapis.com
2014-04-18 13:29:47,www.radiofrance.fr
2014-04-18 13:29:47,www.google.fr
2014-04-18 13:29:48,pixel.alephd.com
2014-04-18 13:29:48,www.radiofrance.fr
2014-04-18 13:29:49,pixel.alephd.com
2014-04-18 13:29:49,ocsp.godaddy.com
2014-04-18 13:29:49,www.radiofrance.fr
2014-04-18 13:29:50,www.facebook.com
2014-04-18 13:29:50,www.radiofrance.fr
2014-04-18 13:29:50,www.dailymotion.com
2014-04-18 13:29:51,www.radioclassique.fr
2014-04-18 13:29:51,www.google.fr
2014-04-18 13:29:51,dnn506yrbagrg.cloudfront.net
2014-04-18 13:29:52,www.radioclassique.fr
2014-04-18 13:29:53,www.dailymotion.com
2014-04-18 13:29:53,videosfr.s3.amazonaws.com
2014-04-18 13:29:53,pixel.alephd.com
2014-04-18 13:29:53,www.radioclassique.fr
2014-04-18 13:29:54,platform.twitter.com
2014-04-18 13:29:54,dps.bing.com
2014-04-18 13:29:54,its.tradelab.fr
2014-04-18 13:29:54,listener.ezakus.net
2014-04-18 13:29:54,gtssl-ocsp.geotrust.com
2014-04-18 13:29:55,www.radioclassique.fr
2014-04-18 13:30:02,www.radioclassique.fr
2014-04-18 13:30:02,twitter.com
2014-04-18 13:30:03,radioclassique.ice.infomaniak.ch
2014-04-18 13:30:04,radioclassique.ice.infomaniak.ch
2014-04-18 13:30:08,www.radioclassique.fr
2014-04-18 13:30:17,www.radioclassique.fr
2014-04-18 13:30:23,www.radioclassique.fr
2014-04-18 13:30:28,ocsp.digicert.com
2014-04-18 13:30:33,www.radioclassique.fr
2014-04-18 13:30:38,www.radioclassique.fr
2014-04-18 13:30:47,www.radioclassique.fr
2014-04-18 13:30:53,www.radioclassique.fr
2014-04-18 13:30:55,its.tradelab.fr
2014-04-18 13:30:58,syndication.twitter.com
2014-04-18 13:31:02,www.radioclassique.fr
2014-04-18 13:31:08,www.radioclassique.fr
2014-04-18 13:31:17,www.radioclassique.fr
2014-04-18 13:31:22,id.google.fr
2014-04-18 13:31:23,www.radioclassique.fr
2014-04-18 13:31:29,pbs.twimg.com
2014-04-18 13:31:29,platform.twitter.com
2014-04-18 13:31:29,abs.twimg.com
2014-04-18 13:31:29,accounts.google.com
2014-04-18 13:31:29,apis.google.com
2014-04-18 13:31:29,www.google.fr
2014-04-18 13:31:29,www.google.com
2014-04-24 14:27:08,gtssl-ocsp.geotrust.com
2014-04-24 14:27:08,clients1.google.com
2014-04-24 14:27:09,gtssl-ocsp.geotrust.com
2014-04-24 14:27:14,geo.mozilla.org
2014-04-24 14:27:32,safebrowsing-cache.google.com
2014-04-24 14:27:32,safebrowsing.clients.google.com
2014-04-24 14:27:33,o2i.univ-bpclermont.fr
2014-04-24 14:27:34,o2i.univ-bpclermont.fr
2014-04-24 14:27:34,c2i.univ-bpclermont.fr
2014-04-24 14:27:46,o2i.univ-bpclermont.fr
2014-04-24 14:27:57,o2i.univ-bpclermont.fr
2014-04-24 14:28:09,gtssl-ocsp.geotrust.com
2014-04-24 14:29:03,ocsp.verisign.com
2014-04-24 14:29:06,o2i.univ-bpclermont.fr
2014-04-24 14:29:10,o2i.univ-bpclermont.fr
2014-04-24 14:29:14,o2i.univ-bpclermont.fr
2014-04-24 14:29:32,www.rfi.fr
2014-04-24 14:29:32,scd.rfi.fr
2014-04-24 14:29:32,cdn2.tagcommander.com
2014-04-24 14:29:33,clients1.google.com
2014-04-24 14:29:33,www.rfi.fr
2014-04-24 14:29:33,www.google.com
2014-04-24 14:29:38,www.google.fr
2014-04-24 14:29:38,ent.univ-bpclermont.fr
2014-04-24 14:29:39,ent.univ-bpclermont.fr
2014-04-24 14:29:39,www.univ-bpclermont.fr
2014-04-24 14:29:39,clients1.google.com
2014-04-24 14:29:40,ent.univ-bpclermont.fr
2014-04-24 14:29:40,ocsp.tcs.terena.org
2014-04-24 14:29:41,ent.univ-bpclermont.fr
2014-04-24 14:29:41,www.rfi.fr
2014-04-24 14:29:41,cdn2.tagcommander.com
2014-04-24 14:29:41,clients1.google.com
2014-04-24 14:29:41,www.univ-bpclermont.fr
2014-04-24 14:29:42,www.univ-bpclermont.fr
2014-04-24 14:29:42,js.live.net
2014-04-24 14:29:42,platform.twitter.com
2014-04-24 14:29:42,cdn2.tagcommander.com
2014-04-24 14:29:42,connect.facebook.net
2014-04-24 14:29:42,www.rfi.fr
2014-04-24 14:29:42,platform.linkedin.com
2014-04-24 14:29:43,s-static.ak.facebook.com
2014-04-24 14:29:43,www.facebook.com
2014-04-24 14:29:43,www.rfi.fr
2014-04-24 14:29:43,platform.twitter.com
2014-04-24 14:29:43,static.ak.facebook.com
2014-04-24 14:29:43,platform.linkedin.com
2014-04-24 14:29:48,ent.univ-bpclermont.fr
2014-04-24 14:29:49,ent.univ-bpclermont.fr
2014-04-24 14:29:49,www.univ-bpclermont.fr
2014-04-24 14:29:50,ent.univ-bpclermont.fr
2014-04-24 14:29:51,www.univ-bpclermont.fr
2014-04-24 14:29:51,ent.univ-bpclermont.fr
2014-04-24 14:30:03,sb-ssl.google.com
2014-04-24 14:30:11,ent.univ-bpclermont.fr
2014-04-24 14:30:12,edt.univ-bpclermont.fr
2014-04-24 14:30:12,ent.univ-bpclermont.fr
2014-04-24 14:30:12,www.univ-bpclermont.fr
2014-04-24 14:30:13,edt.univ-bpclermont.fr
2014-04-24 14:30:14,claroline.univ-bpclermont.fr
2014-04-24 14:30:15,claroline.univ-bpclermont.fr
2014-04-24 14:30:15,ent.univ-bpclermont.fr
2014-04-24 14:30:16,ent.univ-bpclermont.fr
2014-04-24 14:30:16,edt.univ-bpclermont.fr
2014-04-24 14:30:16,www.univ-bpclermont.fr
2014-04-24 14:30:17,edt.univ-bpclermont.fr
2014-04-24 14:30:17,claroline.univ-bpclermont.fr
2014-04-24 14:30:18,claroline.univ-bpclermont.fr
2014-04-24 14:30:26,edt.univ-bpclermont.fr
2014-04-24 14:30:27,edt.univ-bpclermont.fr
2014-04-24 14:30:29,edt.univ-bpclermont.fr
2014-04-24 14:30:30,edt.univ-bpclermont.fr
2014-04-24 14:30:31,edt.univ-bpclermont.fr
2014-04-24 14:30:32,edt.univ-bpclermont.fr
2014-04-24 14:30:34,edt.univ-bpclermont.fr
2014-04-24 14:30:35,edt.univ-bpclermont.fr
2014-04-24 14:30:38,edt.univ-bpclermont.fr
2014-04-24 14:30:39,edt.univ-bpclermont.fr
2014-04-24 14:30:40,edt.univ-bpclermont.fr
2014-04-24 14:30:41,edt.univ-bpclermont.fr
2014-04-24 14:30:42,edt.univ-bpclermont.fr
2014-04-24 14:30:44,edt.univ-bpclermont.fr
2014-04-24 14:30:47,edt.univ-bpclermont.fr
2014-04-24 14:30:52,claroline.univ-bpclermont.fr
2014-04-24 14:30:52,ent.univ-bpclermont.fr
2014-04-24 14:30:52,edt.univ-bpclermont.fr
2014-04-24 14:30:52,www.univ-bpclermont.fr
2014-04-24 14:30:53,claroline.univ-bpclermont.fr
2014-04-24 14:30:54,claroline.univ-bpclermont.fr
2014-04-24 14:31:03,ocsp.digicert.com
2014-04-24 14:31:10,ent.univ-bpclermont.fr
2014-04-24 14:31:14,claroline.univ-bpclermont.fr
2014-04-24 14:31:16,claroline.univ-bpclermont.fr
2014-04-24 14:31:18,claroline.univ-bpclermont.fr
2014-04-24 14:31:20,claroline.univ-bpclermont.fr
2014-04-24 14:31:21,claroline.univ-bpclermont.fr
2014-04-24 14:31:22,claroline.univ-bpclermont.fr
2014-04-24 14:32:38,apis.google.com
2014-04-24 14:33:56,www.google.com
2014-04-24 14:34:00,www.google.fr
2014-04-24 14:36:32,ent.univ-bpclermont.fr
2014-04-24 14:36:35,claroline.univ-bpclermont.fr
2014-04-24 14:37:03,ent.univ-bpclermont.fr
2014-04-24 14:37:03,ocsp.thawte.com
2014-04-24 14:37:17,www.google.com
2014-04-24 14:37:29,fr-fr.facebook.com
2014-04-24 14:37:33,www.google.fr
2014-04-24 14:37:34,ludikafee.strikingly.com
2014-04-24 14:37:35,res.cloudinary.com
2014-04-24 14:37:35,ajax.googleapis.com
2014-04-24 14:37:35,assets.strikingly.com
2014-04-24 14:37:36,connect.facebook.net
2014-04-24 14:37:36,res.cloudinary.com
2014-04-24 14:37:36,assets.strikingly.com
2014-04-24 14:37:36,dc8na2hxrj29i.cloudfront.net
2014-04-24 14:37:37,s-static.ak.facebook.com
2014-04-24 14:37:37,res.cloudinary.com
2014-04-24 14:37:37,b.strikingly.com
2014-04-24 14:37:37,static.ak.facebook.com
2014-04-24 14:37:37,sci.sciences.univ-bpclermont.fr
2014-04-24 14:37:38,api.keen.io
2014-04-24 14:37:38,ocsp.digicert.com
2014-04-24 14:37:38,clients1.google.com
2014-04-24 14:37:38,sci.sciences.univ-bpclermont.fr
2014-04-24 14:37:39,www.facebook.com
2014-04-24 14:37:39,api.keen.io
2014-04-24 14:37:39,d15qhc0lu1ghnk.cloudfront.net
2014-04-24 14:38:28,o2i.univ-bpclermont.fr
2014-04-24 14:38:29,o2i.univ-bpclermont.fr
2014-04-24 14:38:32,o2i.univ-bpclermont.fr
2014-04-24 14:40:22,www.google.com
2014-04-24 14:40:25,www.google.fr
2014-04-24 14:40:34,accounts.google.com
2014-04-24 14:40:34,apis.google.com
2014-04-24 14:56:23,safebrowsing-cache.google.com
2014-04-24 14:56:23,safebrowsing.clients.google.com
2014-04-24 14:59:40,o2i.univ-bpclermont.fr
2014-04-24 14:59:46,o2i.univ-bpclermont.fr
2014-04-24 14:59:48,o2i.univ-bpclermont.fr
2014-04-24 15:00:41,o2i.univ-bpclermont.fr
2014-04-24 15:00:43,o2i.univ-bpclermont.fr
2014-04-24 15:00:43,c2i.univ-bpclermont.fr
