timestamp,site
2013-02-12 10:30:44,www.google.fr
2013-02-12 10:30:56,www.google.fr
2013-02-12 10:30:57,apis.google.com
2013-02-12 10:30:59,www.google.com
2013-02-12 10:31:04,plus.google.com
2013-02-12 10:31:16,www.google.fr
2013-02-12 10:31:16,www.google.com
2013-02-12 10:31:16,plus.google.com
2013-02-12 10:31:16,apis.google.com
2013-02-12 10:32:01,www.ifeng.com
2013-02-12 10:32:01,www.google.fr
2013-02-12 10:32:02,www.google.fr
2013-02-12 10:32:02,www.ifeng.com
2013-02-12 10:32:12,www.google.fr
2013-02-12 10:32:24,www.google.fr
2013-02-12 10:32:25,clients1.google.fr
2013-02-12 10:32:27,www.google.com
2013-02-12 10:32:35,www.google.com
2013-02-12 10:32:35,www.google.fr
2013-02-12 10:32:43,apis.google.com
2013-02-12 10:33:05,www.google.fr
2013-02-12 10:33:05,www.ifeng.com
2013-02-12 10:33:05,www.squid-cache.org
2013-02-12 10:33:38,www.ifeng.com
2013-02-12 10:33:47,www.ifeng.com
2013-02-12 10:33:52,www.google.fr
2013-02-12 10:33:57,clients1.google.fr
2013-02-12 10:33:57,www.google.fr
2013-02-12 10:38:26,dl.patchbeam.com
2013-02-12 10:38:47,dl.patchbeam.com
2013-02-12 10:38:47,www.powerarchiver.com
2013-02-12 11:08:24,www.google.fr
2013-02-12 11:08:35,www.google.fr
2013-02-12 11:08:36,clients1.google.fr
2013-02-12 11:08:38,www.google.com
2013-02-12 11:08:49,www.google.com
2013-02-12 11:08:49,docs.google.com
2013-02-12 11:08:49,www.google.fr
2013-02-12 11:08:55,apis.google.com
2013-02-12 11:08:56,accounts.google.com
2013-02-12 11:08:57,accounts.youtube.com
2013-02-12 11:09:13,accounts.google.fr
2013-02-12 11:09:13,clients1.google.fr
2013-02-12 11:09:14,docs.google.com
2013-02-12 11:09:14,www.google.fr
2013-02-12 11:09:14,drive.google.com
2013-02-12 11:09:15,docs.google.com
2013-02-12 11:09:15,accounts.google.fr
2013-02-12 11:09:15,accounts.youtube.com
2013-02-12 11:09:15,apis.google.com
2013-02-12 11:09:15,accounts.google.com
2013-02-12 11:09:15,www.google.com
2013-02-12 11:09:15,drive.google.com
2013-02-12 11:09:18,apis.google.com
2013-02-12 11:09:18,0.drive.google.com
2013-02-12 11:09:18,drive.google.com
2013-02-12 11:09:23,docs.google.com
2013-02-12 11:09:23,drive.google.com
2013-02-12 11:09:23,plus.google.com
2013-02-12 11:09:23,www.google.com
2013-02-12 11:09:24,docs.google.com
2013-02-12 11:09:39,docs.google.com
2013-02-12 11:09:41,docs.google.com
2013-02-12 11:09:43,docs.google.com
2013-02-12 11:09:44,docs.google.com
2013-02-12 11:09:44,apis.google.com
2013-02-12 11:09:46,0.docs.google.com
2013-02-12 11:09:46,www.google.com
2013-02-12 11:09:47,docs.google.com
2013-02-12 11:09:47,apis.google.com
2013-02-12 11:09:52,accounts.google.com
2013-02-12 11:09:52,www.google.com
2013-02-12 11:09:59,clients6.google.com
2013-02-12 11:10:15,docs.google.com
2013-02-12 11:10:22,gg.google.com
2013-02-12 11:11:27,docs.google.com
2013-02-12 11:11:27,drive.google.com
2013-02-12 11:11:29,accounts.google.com
2013-02-12 11:11:29,apis.google.com
2013-02-12 11:11:29,clients6.google.com
2013-02-12 11:11:29,docs.google.com
2013-02-12 11:11:41,1.docs.google.com
2013-02-12 11:12:28,0.docs.google.com
2013-02-12 11:12:28,docs.google.com
2013-02-12 11:12:29,docs.google.com
2013-02-12 11:12:30,drive.google.com
2013-02-12 11:12:34,apis.google.com
2013-02-12 11:12:34,docs.google.com
2013-02-12 11:12:55,plus.google.com
2013-02-12 11:12:55,docs.google.com
2013-02-12 11:12:55,0.drive.google.com
2013-02-12 11:12:55,gg.google.com
2013-02-12 15:49:12,javadl-esd.sun.com
2013-02-12 15:55:50,www.squid-cache.org
2013-02-12 16:09:30,www.squid-cache.org
2013-02-12 16:09:42,api.bing.com
2013-02-12 16:09:43,api.bing.com
2013-02-12 16:09:44,api.bing.com
2013-02-12 16:09:47,api.bing.com
2013-02-12 16:09:48,www.bing.com
2013-02-12 16:09:48,api.bing.com
2013-02-12 16:09:49,www.bing.com
2013-02-12 16:09:50,www.bing.com
2013-02-12 16:09:50,cms.abmr.net
2013-02-12 16:09:51,login.live.com
2013-02-12 16:09:51,www.bing.com
2013-02-12 16:57:55,www.squid-cache.org
2013-04-12 14:52:46,fpdownload2.macromedia.com
2013-05-12 14:22:16,office.microsoft.com
2013-05-12 14:22:16,office14client.microsoft.com
2013-05-12 14:22:17,office.microsoft.com
2013-05-12 14:22:18,office.microsoft.com
2013-09-12 16:03:43,javadl-esd.sun.com
2013-10-12 13:21:06,www.google.fr
2013-10-12 13:21:16,www.google.fr
2013-10-12 13:21:16,apis.google.com
2013-10-12 13:21:19,www.google.com
2013-10-12 13:21:22,www.google.fr
2013-10-12 13:21:31,apis.google.com
2013-10-12 13:21:31,www.google.com
2013-10-12 13:21:31,www.google.fr
2013-10-12 13:21:32,mail.google.com
2013-10-12 13:21:34,www.google.fr
2013-10-12 13:21:34,apis.google.com
2013-10-12 13:21:37,www.google.com
2013-10-12 13:21:43,accounts.google.com
2013-10-12 13:21:46,www.google.fr
2013-10-12 13:21:48,www.google.fr
2013-10-12 13:21:48,accounts.youtube.com
2013-10-12 13:21:50,mail.google.com
2013-10-12 13:22:32,accounts.google.fr
2013-10-12 13:22:36,apis.google.com
2013-10-12 13:22:36,accounts.google.com
2013-10-12 13:22:36,accounts.youtube.com
2013-10-12 13:22:36,accounts.google.fr
2013-10-12 13:22:36,mail.google.com
2013-10-12 13:22:37,apis.google.com
2013-10-12 13:22:37,www.google.com
2013-10-12 13:22:37,mail.google.com
2013-10-12 13:22:38,mail.google.com
2013-10-12 13:22:38,apis.google.com
2013-10-12 13:22:38,accounts.google.com
2013-10-12 13:22:42,mail.google.com
2013-10-12 13:22:42,clients2.google.com
2013-10-12 13:22:42,plus.google.com
2013-10-12 13:22:46,plus.google.com
2013-10-12 13:22:46,clients2.google.com
2013-10-12 13:22:48,plus.google.com
2013-10-12 13:22:48,b.mail.google.com
2013-10-12 13:22:48,chatenabled.mail.google.com
2013-10-12 13:23:32,www.google.fr
2013-10-12 13:23:32,apis.google.com
2013-10-12 13:23:32,www.google.com
2013-10-12 13:25:38,mail.google.com
2013-10-12 13:26:46,apis.google.com
2013-10-12 13:26:48,chatenabled.mail.google.com
2013-10-12 13:30:38,mail.google.com
2013-10-12 13:33:44,plus.google.com
2013-10-12 13:37:45,plus.google.com
2013-10-12 13:46:53,plus.google.com
2013-10-12 13:50:38,mail.google.com
2013-10-12 13:50:39,b.mail.google.com
2013-10-12 13:50:42,clients2.google.com
2013-10-12 13:50:50,plus.google.com
2013-10-12 13:50:50,chatenabled.mail.google.com
2013-10-12 13:50:50,www.google.com
2013-10-12 13:50:50,mail.google.com
2013-10-12 13:50:50,b.mail.google.com
2013-10-12 13:50:51,www.google.fr
2013-10-12 13:50:51,www.google.com
2013-10-12 13:50:51,accounts.google.com
2013-10-12 13:50:51,accounts.google.fr
2013-10-12 13:50:51,mail.google.com
2013-10-12 13:50:54,mail.google.com
2013-10-12 13:50:54,accounts.youtube.com
2013-10-12 13:50:54,accounts.google.fr
2013-10-12 13:50:54,accounts.google.com
2013-11-18 13:14:30,login.live.com
2013-11-18 13:14:44,ssl.bing.com
2013-11-18 13:15:44,ssl.bing.com
2013-11-18 13:19:45,login.live.com
2013-11-18 13:19:55,bits.wikimedia.org
2013-11-18 13:19:55,login.wikimedia.org
2013-11-18 13:19:55,fr.wikipedia.org
2013-11-18 13:20:11,bits.wikimedia.org
2013-11-18 13:20:11,login.wikimedia.org
2013-11-18 13:20:11,fr.wikipedia.org
2013-11-18 13:20:15,login.live.com
2013-11-18 13:20:21,login.live.com
2013-11-18 13:20:21,ssl.bing.com
2013-11-18 13:20:38,login.live.com
2013-11-18 13:21:20,login.live.com
2013-11-18 13:21:46,login.live.com
2013-11-18 13:22:29,ssl.bing.com
2013-11-18 17:32:08,login.live.com
2013-11-18 17:32:10,login.live.com
2013-11-18 17:32:26,login.live.com
2013-11-18 17:32:41,ssl.bing.com
2013-11-18 17:32:59,login.live.com
2013-11-18 17:33:31,ssl.bing.com
2013-11-25 17:41:39,fpdownload2.macromedia.com
2013-11-25 17:41:47,www.bing.com
2013-11-25 17:41:48,www.bing.com
2013-11-25 17:41:49,login.live.com
2013-11-25 17:41:49,www.bing.com
2013-11-25 17:41:49,cms.abmr.net
2013-12-17 15:20:12,www.mozilla.org
2013-12-17 15:20:13,www.mozilla.org
2013-12-17 15:20:18,www.mozilla.org
2013-12-17 15:23:11,sb-ssl.google.com
2013-12-17 15:23:19,apis.google.com
2013-12-17 15:23:19,www.google.com
2013-12-17 15:23:20,www.google.fr
2013-12-17 16:33:02,api.gnome.org
2013-12-17 16:33:08,www.google.com
2013-12-17 16:33:53,www.google.fr
2013-12-17 16:33:53,www.google.com
2013-12-17 16:50:18,geo.mozilla.org
2013-12-17 16:50:42,www.google.com
2013-12-17 16:53:38,www.google.com
2013-12-17 16:53:40,www.google.fr
2014-02-20 12:29:20,player.vimeo.com
2014-02-20 12:30:28,ieonline.microsoft.com
2014-03-20 08:33:25,mscrl.microsoft.com
2014-03-20 08:33:25,go.microsoft.com
2014-03-20 08:33:25,cdp1.public-trust.com
2014-03-20 08:33:26,www.iegallery.com
2014-03-20 08:33:27,www.iegallery.com
2014-03-20 08:33:28,www.iegallery.com
2014-03-20 08:33:30,www.google.com
2014-03-20 08:33:33,www.live.com
2014-03-20 08:33:39,api.search.live.com
2014-03-20 08:33:42,api.search.live.com
2014-03-20 08:33:44,api.search.live.com
2014-03-20 08:33:53,api.search.live.com
2014-03-20 08:33:55,api.search.live.com
2014-03-20 08:33:56,api.search.live.com
2014-03-20 08:33:57,api.search.live.com
2014-03-20 08:33:59,api.search.live.com
2014-03-20 08:34:00,api.search.live.com
2014-03-20 08:34:04,www.bing.com
2014-03-20 08:34:04,search.live.com
2014-03-20 08:34:05,www.bing.com
2014-03-20 08:34:06,cms.abmr.net
2014-03-20 08:34:06,www.bing.com
2014-03-20 08:34:07,evintl-crl.verisign.com
2014-03-20 08:34:07,crl.verisign.com
2014-03-20 08:34:07,evsecure-crl.verisign.com
2014-03-20 08:34:07,login.live.com
2014-03-20 08:34:08,www.bing.com
2014-03-20 08:34:15,www.bing.com
2014-03-20 08:34:17,www.bing.com
2014-03-20 08:34:18,ssl.bing.com
2014-03-20 08:34:18,www.google.com
2014-03-20 08:34:18,www.clubic.com
2014-03-20 08:34:18,crl.geotrust.com
2014-03-20 08:34:18,pki.google.com
2014-03-20 08:34:18,emailretargeting.com
2014-03-20 08:34:18,dc1w54.wysistat.com
2014-03-20 08:34:19,www.clubic.com
2014-03-20 08:34:20,1.im6.fr
2014-03-20 08:34:20,www.google.com
2014-03-20 08:34:20,www.clubic.com
2014-03-20 08:34:20,img.clubic.com
2014-03-20 08:34:21,widget.achetezfacile.com
2014-03-20 08:34:21,its.tradelab.fr
2014-03-20 08:34:21,www.facebook.com
2014-03-20 08:34:21,broadcast.piximedia.fr
2014-03-20 08:34:21,loadr.exelator.com
2014-03-20 08:34:21,pixel.alephd.com
2014-03-20 08:34:21,crl.comodoca.com
2014-03-20 08:34:22,www.facebook.com
2014-03-20 08:34:22,apis.google.com
2014-03-20 08:34:22,connect.facebook.net
2014-03-20 08:34:22,platform.twitter.com
2014-03-20 08:34:22,www.clubic.com
2014-03-20 08:34:22,broadcast.piximedia.fr
2014-03-20 08:34:22,i.htfacile.fr
2014-03-20 08:34:22,pixel.alephd.com
2014-03-20 08:34:22,ajax.googleapis.com
2014-03-20 08:34:22,gtssl-crl.geotrust.com
2014-03-20 08:34:22,widget.achetezfacile.com
2014-03-20 08:34:22,mm.eulerian.net
2014-03-20 08:34:22,its.tradelab.fr
2014-03-20 08:34:23,broadcast.piximedia.fr
2014-03-20 08:34:23,static.ak.facebook.com
2014-03-20 08:34:24,s-static.ak.facebook.com
2014-03-20 08:34:24,twitter.com
2014-03-20 08:34:24,www.facebook.com
2014-03-20 08:34:24,broadcast.piximedia.fr
2014-03-20 08:34:24,evsecure-crl.verisign.com
2014-03-20 08:34:25,twitter.com
2014-03-20 08:34:25,broadcast.piximedia.fr
2014-03-20 08:34:26,i1-js-14-3-01-12434-744663141-i.init.cedexis-radar.net
2014-03-20 08:34:27,level3.cedexis.com
2014-03-20 08:34:27,cbv.sfr.bench.cedexis.com
2014-03-20 08:34:28,cbv.sfr.bench.cedexis.com
2014-03-20 08:34:28,ieonline.microsoft.com
2014-03-20 08:34:40,rm.piximedia.fr
2014-03-20 08:34:43,rm.piximedia.fr
2014-03-20 08:34:46,its.tradelab.fr
2014-03-20 08:35:01,rm.piximedia.fr
2014-03-20 08:35:05,rm.piximedia.fr
2014-03-20 08:35:09,rm.piximedia.fr
2014-03-20 08:35:16,its.tradelab.fr
2014-03-20 08:35:17,its.tradelab.fr
2014-03-20 08:35:18,www.bing.com
2014-03-20 08:35:21,ba.commentcamarche.net
2014-03-20 08:35:21,www.bing.com
2014-03-20 08:35:21,www.commentcamarche.net
2014-03-20 08:35:21,static.ccm2.net
2014-03-20 08:35:22,html5shim.googlecode.com
2014-03-20 08:35:22,ba.ccmbg.net
2014-03-20 08:35:22,ba.commentcamarche.net
2014-03-20 08:35:22,static.ccm2.net
2014-03-20 08:35:22,www.facebook.com
2014-03-20 08:35:22,platform.twitter.com
2014-03-20 08:35:22,crl3.digicert.com
2014-03-20 08:35:23,www.public-trust.com
2014-03-20 08:35:23,twitter.com
2014-03-20 08:35:23,crl3.digicert.com
2014-03-20 08:35:23,crl.omniroot.com
2014-03-20 08:35:24,accounts.google.com
2014-03-20 08:35:24,apis.google.com
2014-03-20 08:35:24,www.facebook.com
2014-03-20 08:35:24,static.commentcamarche.net
2014-03-20 08:35:24,platform.twitter.com
2014-03-20 08:35:24,static.ccm2.net
2014-03-20 08:35:25,ba.commentcamarche.net
2014-03-20 08:35:25,static.ccmbg.com
2014-03-20 08:35:25,platform.twitter.com
2014-03-20 08:35:25,www.facebook.com
2014-03-20 08:35:25,r.ccmbg.com
2014-03-20 08:35:25,ajax.googleapis.com
2014-03-20 08:35:25,static.ccm2.net
2014-03-20 08:35:25,twitter.com
2014-03-20 08:35:26,s-static.ak.facebook.com
2014-03-20 08:35:26,www.facebook.com
2014-03-20 08:35:26,twitter.com
2014-03-20 08:35:26,www.commentcamarche.net
2014-03-20 08:35:26,static.ccmbg.com
2014-03-20 08:35:26,static.ak.facebook.com
2014-03-20 08:35:27,www.facebook.com
2014-03-20 08:35:42,static.ccm2.net
2014-03-20 08:35:44,static.ccm2.net
2014-03-20 08:35:48,static.ccm2.net
2014-03-20 08:36:03,www.commentcamarche.net
2014-03-20 08:36:04,style2.ad6.fr
2014-03-20 08:36:04,www.facebook.com
2014-03-20 08:36:04,ba.commentcamarche.net
2014-03-20 08:36:04,www.google.com
2014-03-20 08:36:04,r.ccmbg.com
2014-03-20 08:36:04,static.ccm2.net
2014-03-20 08:36:04,kh6qrx0f8h.s.ad6media.fr
2014-03-20 08:36:05,static.ccm2.net
2014-03-20 08:36:05,www.google.com
2014-03-20 08:36:05,www.facebook.com
2014-03-20 08:36:05,ba.commentcamarche.net
2014-03-20 08:36:05,twitter.com
2014-03-20 08:36:05,style2.ad6.fr
2014-03-20 08:36:06,s-static.ak.facebook.com
2014-03-20 08:36:06,static.ak.facebook.com
2014-03-20 08:36:06,www.commentcamarche.net
2014-03-20 08:36:07,twitter.com
2014-03-20 08:36:07,www.facebook.com
2014-03-20 08:36:08,kh6qrx0f8h.s.ad6media.fr
2014-03-20 08:36:09,img6.shoes.fr
2014-03-20 08:36:09,style2.ad6.fr
2014-03-20 08:36:09,static6.shoes.fr
2014-03-20 08:36:09,www.shoes.fr
2014-03-20 08:36:10,s.trustpilot.com
2014-03-20 08:36:10,img6.shoes.fr
2014-03-20 08:36:10,www.facebook.com
2014-03-20 08:36:10,photos6.shoes.fr
2014-03-20 08:36:10,static6.shoes.fr
2014-03-20 08:36:11,kh6qrx0f8h.s.ad6media.fr
2014-03-20 08:36:11,static6.shoes.fr
2014-03-20 08:36:11,img6.shoes.fr
2014-03-20 08:36:11,photos6.shoes.fr
2014-03-20 08:36:12,photos6.shoes.fr
2014-03-20 08:36:12,img6.shoes.fr
2014-03-20 08:36:12,static6.shoes.fr
2014-03-20 08:36:12,ba.commentcamarche.net
2014-03-20 08:36:13,www.facebook.com
2014-03-20 08:36:13,static.ccm2.net
2014-03-20 08:36:13,twitter.com
2014-03-20 08:36:13,apis.google.com
2014-03-20 08:36:13,ba.commentcamarche.net
2014-03-20 08:36:14,static.ak.facebook.com
2014-03-20 08:36:14,www.facebook.com
2014-03-20 08:36:14,twitter.com
2014-03-20 08:36:14,s-static.ak.facebook.com
2014-03-20 08:36:16,broadcast.piximedia.fr
2014-03-20 08:36:16,www.facebook.com
2014-03-20 08:36:16,twitter.com
2014-03-20 08:36:17,www.bing.com
2014-03-20 08:36:17,broadcast.piximedia.fr
2014-03-20 08:36:27,www.bing.com
2014-03-20 08:36:40,www.bing.com
2014-03-20 08:36:40,b.urbani.free.fr
2014-03-20 08:37:12,search.microsoft.com
2014-03-20 08:37:12,i.s-microsoft.com
2014-03-20 08:37:12,nexus.ensighten.com
2014-03-20 08:37:12,code.jquery.com
2014-03-20 08:37:12,i2.microsoft.com
2014-03-20 08:37:12,i3.microsoft.com
2014-03-20 08:37:12,i.microsoft.com
2014-03-20 08:37:12,www.microsoft.com
2014-03-20 08:37:13,nexus.ensighten.com
2014-03-20 08:37:13,i.microsoft.com
2014-03-20 08:37:13,i.s-microsoft.com
2014-03-20 08:37:15,c1.microsoft.com
2014-03-20 08:37:15,i3.microsoft.com
2014-03-20 08:37:15,www.microsoft.com
2014-03-20 08:37:17,b.urbani.free.fr
2014-03-20 08:37:31,b.urbani.free.fr
2014-03-20 08:40:21,www.bing.com
2014-03-20 08:40:23,www.clubic.com
2014-03-20 08:40:23,dc1w54.wysistat.com
2014-03-20 08:40:23,listener.ezakus.net
2014-03-20 08:40:24,i.htfacile.fr
2014-03-20 08:40:24,widget.achetezfacile.com
2014-03-20 08:40:24,pixel.alephd.com
2014-03-20 08:40:25,pixel.alephd.com
2014-03-20 08:40:30,ce.lijit.com
2014-03-20 08:40:30,connect.facebook.net
2014-03-20 08:40:30,www.facebook.com
2014-03-20 08:40:32,www.facebook.com
2014-03-20 08:40:32,i1-js-14-3-01-12434-730997446-i.init.cedexis-radar.net
2014-03-20 08:40:32,twitter.com
2014-03-20 08:40:32,s-static.ak.facebook.com
2014-03-20 08:40:32,static.ak.facebook.com
2014-03-20 08:40:33,www.facebook.com
2014-03-20 08:40:34,sfr.cedexis.com
2014-03-20 08:40:36,sfr.cedexis.com
2014-03-20 08:40:38,ec2-us-east-1a.cedexis.com
2014-03-20 08:40:43,dc1w54.wysistat.com
2014-03-20 08:40:43,www.clubic.com
2014-03-20 08:40:44,1.im6.fr
2014-03-20 08:40:44,broadcast.piximedia.fr
2014-03-20 08:40:44,www.clubic.com
2014-03-20 08:40:44,videosfr.s3.amazonaws.com
2014-03-20 08:40:44,google.ezakus.net
2014-03-20 08:40:45,lh5.ggpht.com
2014-03-20 08:40:45,widget.achetezfacile.com
2014-03-20 08:40:45,pixel.alephd.com
2014-03-20 08:40:45,mobwidget.mobpartner.com
2014-03-20 08:40:45,broadcast.piximedia.fr
2014-03-20 08:40:45,rm.piximedia.fr
2014-03-20 08:40:45,1.im6.fr
2014-03-20 08:40:46,hal9000.redintelligence.net
2014-03-20 08:40:46,dsp.active-agent.com
2014-03-20 08:40:46,broadcast.piximedia.fr
2014-03-20 08:40:47,rapidssl-crl.geotrust.com
2014-03-20 08:40:47,www.habitat.fr
2014-03-20 08:40:47,rm.piximedia.fr
2014-03-20 08:40:47,broadcast.piximedia.fr
2014-03-20 08:40:48,static.ak.facebook.com
2014-03-20 08:40:48,www.facebook.com
2014-03-20 08:40:48,s-static.ak.facebook.com
2014-03-20 08:40:49,www.facebook.com
2014-03-20 08:40:49,twitter.com
2014-03-20 08:40:50,i1-js-14-3-01-12434-718620465-i.init.cedexis-radar.net
2014-03-20 08:40:51,ec2-us-west-2a.cedexis.com
2014-03-20 08:40:51,adventori.com
2014-03-20 08:40:52,rm.piximedia.fr
2014-03-20 08:40:52,cloudfront.cedexis.com
2014-03-20 08:40:54,ec2-us-west-1a.cedexis.com
2014-03-20 08:40:56,rm.piximedia.fr
2014-03-20 08:41:16,dc1w54.wysistat.com
2014-03-20 08:41:16,www.clubic.com
2014-03-20 08:41:17,img.clubic.com
2014-03-20 08:41:17,img.m6.fr
2014-03-20 08:41:17,www.clubic.com
2014-03-20 08:41:17,www.toomai.fr
2014-03-20 08:41:17,1.im6.fr
2014-03-20 08:41:17,widget.achetezfacile.com
2014-03-20 08:41:17,i.htfacile.fr
2014-03-20 08:41:18,adventori.com
2014-03-20 08:41:18,pixel.alephd.com
2014-03-20 08:41:18,i.htfacile.fr
2014-03-20 08:41:18,www.clubic.com
2014-03-20 08:41:19,static.ak.facebook.com
2014-03-20 08:41:19,www.facebook.com
2014-03-20 08:41:19,s-static.ak.facebook.com
2014-03-20 08:41:20,www.facebook.com
2014-03-20 08:41:22,i1-js-14-3-01-12434-532601704-i.init.cedexis-radar.net
2014-03-20 08:41:23,um.simpli.fi
2014-03-20 08:41:23,platform.twitter.com
2014-03-20 08:41:23,fastlydsa.bench.cedexis.com
2014-03-20 08:41:24,twitter.com
2014-03-20 08:41:24,svrsecure-g3-crl.verisign.com
2014-03-20 08:41:24,c1.adform.net
2014-03-20 08:41:25,dtm.venus.com
2014-03-20 08:41:25,apnx-match.dotomi.com
2014-03-20 08:41:25,pbs.twimg.com
2014-03-20 08:41:27,twitter.com
2014-03-20 08:41:27,img.clubic.com
2014-03-20 08:41:29,img.clubic.com
2014-03-20 08:41:29,chinacache.cedexis.com
2014-03-20 08:41:30,chinacache.cedexis.com
2014-03-20 08:41:30,probe.cedexis.org
2014-03-20 08:41:31,probe.cedexis.org
2014-03-20 08:41:46,www.6play.fr
2014-03-20 08:41:46,www.clubic.com
2014-03-20 08:41:54,platform.twitter.com
2014-03-20 08:41:54,crl3.digicert.com
2014-03-20 08:42:02,search.live.com
2014-03-20 08:42:02,www.bing.com
2014-03-20 08:42:05,login.live.com
2014-03-20 08:42:05,www.bing.com
2014-03-20 08:42:12,www.bing.com
2014-03-20 08:42:24,www.bing.com
2014-03-20 08:42:25,syndication.twitter.com
2014-03-20 08:42:36,clients1.google.com
2014-03-20 08:42:36,gtglobal-ocsp.geotrust.com
2014-03-20 08:42:41,fxfeeds.mozilla.com
2014-03-20 08:42:41,www.lemonde.fr
2014-03-20 08:42:41,rss.lemonde.fr
2014-03-20 08:43:05,www.bing.com
2014-03-20 08:43:09,www.commentcamarche.net
2014-03-20 08:43:09,ba.commentcamarche.net
2014-03-20 08:43:09,html5shim.googlecode.com
2014-03-20 08:43:09,static.ccm2.net
2014-03-20 08:43:09,www.bing.com
2014-03-20 08:43:10,ssl.bing.com
2014-03-20 08:43:10,www.facebook.com
2014-03-20 08:43:10,ba.commentcamarche.net
2014-03-20 08:43:10,apis.google.com
2014-03-20 08:43:10,accounts.google.com
2014-03-20 08:43:10,ajax.googleapis.com
2014-03-20 08:43:10,twitter.com
2014-03-20 08:43:11,pixel.alephd.com
2014-03-20 08:43:11,s-static.ak.facebook.com
2014-03-20 08:43:11,ba.commentcamarche.net
2014-03-20 08:43:11,static.ak.facebook.com
2014-03-20 08:43:11,www.facebook.com
2014-03-20 08:43:12,twitter.com
2014-03-20 08:43:12,www.facebook.com
2014-03-20 08:43:12,pixel.alephd.com
2014-03-20 08:43:13,www.google.com
2014-03-20 08:43:15,www.commentcamarche.net
2014-03-20 08:43:16,html5shim.googlecode.com
2014-03-20 08:43:16,static.ccm2.net
2014-03-20 08:43:16,ba.commentcamarche.net
2014-03-20 08:43:16,www.commentcamarche.net
2014-03-20 08:43:16,www.facebook.com
2014-03-20 08:43:17,www.google.com
2014-03-20 08:43:17,static.ccm2.net
2014-03-20 08:43:17,www.commentcamarche.net
2014-03-20 08:43:17,twitter.com
2014-03-20 08:43:17,www.facebook.com
2014-03-20 08:43:17,static.commentcamarche.net
2014-03-20 08:43:18,s-static.ak.facebook.com
2014-03-20 08:43:18,static.ak.facebook.com
2014-03-20 08:43:18,pixel.alephd.com
2014-03-20 08:43:18,www.facebook.com
2014-03-20 08:43:19,static.ccm2.net
2014-03-20 08:43:19,pixel.alephd.com
2014-03-20 08:43:19,www.facebook.com
2014-03-20 08:43:20,www.commentcamarche.net
2014-03-20 08:43:21,cm.adgrx.com
2014-03-20 08:43:22,od.ccm2.net
2014-03-20 08:43:49,twitter.com
2014-03-20 08:43:52,sb-ssl.google.com
2014-03-20 08:44:01,www.commentcamarche.net
2014-03-20 08:44:01,html5shim.googlecode.com
2014-03-20 08:44:01,static.ccm2.net
2014-03-20 08:44:02,ba.commentcamarche.net
2014-03-20 08:44:02,www.facebook.com
2014-03-20 08:44:02,static.ccm2.net
2014-03-20 08:44:02,www.commentcamarche.net
2014-03-20 08:44:02,platform.twitter.com
2014-03-20 08:44:02,static.commentcamarche.net
2014-03-20 08:44:03,www.facebook.com
2014-03-20 08:44:03,static.ccm2.net
2014-03-20 08:44:03,static.commentcamarche.net
2014-03-20 08:44:03,www.commentcamarche.net
2014-03-20 08:44:03,apis.google.com
2014-03-20 08:44:03,ba.commentcamarche.net
2014-03-20 08:44:03,twitter.com
2014-03-20 08:44:04,static.ccm2.net
2014-03-20 08:44:05,twitter.com
2014-03-20 08:44:05,s-static.ak.facebook.com
2014-03-20 08:44:05,static.ak.facebook.com
2014-03-20 08:44:05,www.facebook.com
2014-03-20 08:47:57,www.facebook.com
2014-03-20 08:47:57,ba.commentcamarche.net
2014-03-20 08:47:57,static.ccm2.net
2014-03-20 08:47:58,twitter.com
2014-03-20 08:47:58,static.ak.facebook.com
2014-03-20 08:47:58,pixel.alephd.com
2014-03-20 08:47:58,www.facebook.com
2014-03-20 08:47:58,s-static.ak.facebook.com
2014-03-20 08:47:58,www.google.com
2014-03-20 08:47:59,www.facebook.com
2014-03-20 08:48:00,pixel.alephd.com
2014-03-20 08:48:00,twitter.com
2014-03-20 08:48:01,cm.adgrx.com
2014-03-20 08:48:01,www.facebook.com
2014-03-20 08:48:09,ba.commentcamarche.net
2014-03-20 08:48:10,www.facebook.com
2014-03-20 08:48:10,static.ccm2.net
2014-03-20 08:48:10,twitter.com
2014-03-20 08:48:11,static.ak.facebook.com
2014-03-20 08:48:11,pixel.alephd.com
2014-03-20 08:48:11,apis.google.com
2014-03-20 08:48:11,www.facebook.com
2014-03-20 08:48:11,s-static.ak.facebook.com
2014-03-20 08:48:12,www.facebook.com
2014-03-20 08:48:13,pixel.alephd.com
2014-03-20 08:48:16,pixel.alephd.com
2014-03-20 08:48:31,www.facebook.com
2014-03-20 08:48:31,twitter.com
2014-03-20 08:48:39,www.facebook.com
2014-03-20 08:48:42,www.bing.com
2014-03-20 08:48:44,login.live.com
2014-03-20 08:48:44,www.bing.com
2014-03-20 08:48:48,ssl.bing.com
2014-03-20 08:48:48,videosfr.s3.amazonaws.com
2014-03-20 08:48:48,dc1w54.wysistat.com
2014-03-20 08:48:48,www.clubic.com
2014-03-20 08:48:48,www.bing.com
2014-03-20 08:48:49,lh5.ggpht.com
2014-03-20 08:48:49,pixel.alephd.com
2014-03-20 08:48:49,mobwidget.mobpartner.com
2014-03-20 08:48:49,widget.achetezfacile.com
2014-03-20 08:48:49,i.htfacile.fr
2014-03-20 08:48:50,www.facebook.com
2014-03-20 08:48:50,certificates.godaddy.com
2014-03-20 08:48:50,crl.godaddy.com
2014-03-20 08:48:51,ajax.googleapis.com
2014-03-20 08:48:51,crl.godaddy.com
2014-03-20 08:48:51,platform.twitter.com
2014-03-20 08:48:52,static.ak.facebook.com
2014-03-20 08:48:52,s-static.ak.facebook.com
2014-03-20 08:48:52,twitter.com
2014-03-20 08:48:52,www.facebook.com
2014-03-20 08:48:53,www.facebook.com
2014-03-20 08:48:53,i1-js-14-3-01-12434-962423546-i.init.cedexis-radar.net
2014-03-20 08:48:54,s3.amazonaws.com
2014-03-20 08:48:54,gce-us-central1-a.bench.cedexis.com
2014-03-20 08:48:55,probe.cedexis.org
2014-03-20 08:48:55,gce-us-central1-a.bench.cedexis.com
2014-03-20 08:48:55,level3.cedexis.com
2014-03-20 08:49:04,dc1w54.wysistat.com
2014-03-20 08:49:04,videosfr.s3.amazonaws.com
2014-03-20 08:49:04,img.clubic.com
2014-03-20 08:49:04,1.im6.fr
2014-03-20 08:49:04,lh5.ggpht.com
2014-03-20 08:49:04,mobwidget.mobpartner.com
2014-03-20 08:49:04,www.clubic.com
2014-03-20 08:49:05,mobwidget.mobpartner.com
2014-03-20 08:49:05,pixel.alephd.com
2014-03-20 08:49:05,widget.achetezfacile.com
2014-03-20 08:49:05,ajax.googleapis.com
2014-03-20 08:49:05,i.htfacile.fr
2014-03-20 08:49:05,www.clubic.com
2014-03-20 08:49:06,um.simpli.fi
2014-03-20 08:49:07,www.groupon.fr
2014-03-20 08:49:07,platform.twitter.com
2014-03-20 08:49:07,www.facebook.com
2014-03-20 08:49:07,apis.google.com
2014-03-20 08:49:07,s-static.ak.facebook.com
2014-03-20 08:49:07,connect.facebook.net
2014-03-20 08:49:07,static.ak.facebook.com
2014-03-20 08:49:08,www.facebook.com
2014-03-20 08:49:08,twitter.com
2014-03-20 08:49:09,i1-js-14-3-01-12434-575896131-i.init.cedexis-radar.net
2014-03-20 08:49:09,limelight.cedexis.com
2014-03-20 08:49:10,cloudfront.cedexis.com
2014-03-20 08:49:36,www.clubic.com
2014-03-20 08:49:36,dc1w54.wysistat.com
2014-03-20 08:49:36,twitter.com
2014-03-20 08:49:37,www.toomai.fr
2014-03-20 08:49:37,widget.achetezfacile.com
2014-03-20 08:49:37,i.htfacile.fr
2014-03-20 08:49:38,pixel.alephd.com
2014-03-20 08:49:38,platform.twitter.com
2014-03-20 08:49:39,s-static.ak.facebook.com
2014-03-20 08:49:39,www.facebook.com
2014-03-20 08:49:39,static.ak.facebook.com
2014-03-20 08:49:40,twitter.com
2014-03-20 08:57:21,www.mozilla.com
2014-03-20 08:57:22,fr.start3.mozilla.com
2014-03-20 08:57:22,start.mozilla.org
2014-03-20 08:57:22,www.mozilla.org
2014-03-20 08:57:23,www.getpersonas.com
2014-03-20 08:57:23,www.mozilla.org
2014-03-20 08:57:24,ocsp.digicert.com
2014-03-20 08:57:25,www.mozilla.org
2014-03-20 08:57:49,www.google.com
2014-03-20 08:57:49,www.google.fr
2014-03-20 08:57:50,clients1.google.fr
2014-03-20 08:57:50,www.google.fr
2014-03-20 08:57:50,img.youtube.com
2014-03-20 09:00:29,safebrowsing-cache.google.com
2014-03-20 09:00:29,safebrowsing.clients.google.com
2014-03-20 09:00:30,safebrowsing-cache.google.com
2014-03-20 09:00:31,safebrowsing-cache.google.com
2014-03-20 09:00:32,safebrowsing-cache.google.com
2014-03-20 09:00:33,safebrowsing-cache.google.com
2014-03-20 09:00:34,safebrowsing-cache.google.com
2014-03-20 09:00:38,www.google.com
2014-03-20 09:00:38,www.google.fr
2014-03-20 09:00:39,clients1.google.fr
2014-03-20 09:00:45,ba.commentcamarche.net
2014-03-20 09:00:45,www.google.fr
2014-03-20 09:00:45,www.commentcamarche.net
2014-03-20 09:00:46,gtglobal-ocsp.geotrust.com
2014-03-20 09:00:46,static.commentcamarche.net
2014-03-20 09:00:46,clients1.google.com
2014-03-20 09:00:46,ba.commentcamarche.net
2014-03-20 09:00:46,static.ccm2.net
2014-03-20 09:00:46,www.facebook.com
2014-03-20 09:00:46,r.ccmbg.com
2014-03-20 09:00:46,platform.twitter.com
2014-03-20 09:00:47,evsecure-ocsp.verisign.com
2014-03-20 09:00:47,www.facebook.com
2014-03-20 09:00:47,static.ccm2.net
2014-03-20 09:00:48,static.ak.facebook.com
2014-03-20 09:00:48,static.ccmbg.com
2014-03-20 09:00:48,clients1.google.com
2014-03-20 09:00:48,platform.twitter.com
2014-03-20 09:00:48,static.ccm2.net
2014-03-20 09:00:48,www.facebook.com
2014-03-20 09:00:48,ba.commentcamarche.net
2014-03-20 09:00:48,connect.facebook.net
2014-03-20 09:00:48,evsecure-ocsp.verisign.com
2014-03-20 09:00:49,ba.commentcamarche.net
2014-03-20 09:00:49,www.commentcamarche.net
2014-03-20 09:00:49,static.commentcamarche.net
2014-03-20 09:00:49,gtssl-ocsp.geotrust.com
2014-03-20 09:00:49,www.facebook.com
2014-03-20 09:00:49,s-static.ak.facebook.com
2014-03-20 09:00:49,apis.google.com
2014-03-20 09:00:49,twitter.com
2014-03-20 09:00:50,www.facebook.com
2014-03-20 09:00:50,www.commentcamarche.net
2014-03-20 09:00:50,static.commentcamarche.net
2014-03-20 09:00:50,r.ccmbg.com
2014-03-20 09:00:50,www.google.com
2014-03-20 09:00:50,static.ccm2.net
2014-03-20 09:00:50,ba.commentcamarche.net
2014-03-20 09:00:51,www.facebook.com
2014-03-20 09:00:51,static.commentcamarche.net
2014-03-20 09:00:51,static.ccm2.net
2014-03-20 09:00:51,s-static.ak.facebook.com
2014-03-20 09:00:51,static.ak.facebook.com
2014-03-20 09:00:51,www.google.com
2014-03-20 09:00:52,od.ccm2.net
2014-03-20 09:00:52,www.facebook.com
2014-03-20 09:01:21,twitter.com
2014-03-20 09:01:35,safebrowsing-cache.google.com
2014-03-20 09:01:35,www.commentcamarche.net
2014-03-20 09:01:35,ba.commentcamarche.net
2014-03-20 09:01:35,static.ccm2.net
2014-03-20 09:01:35,www.facebook.com
2014-03-20 09:01:35,static.commentcamarche.net
2014-03-20 09:01:36,static.commentcamarche.net
2014-03-20 09:01:36,ba.commentcamarche.net
2014-03-20 09:01:36,platform.twitter.com
2014-03-20 09:01:36,static.ak.facebook.com
2014-03-20 09:01:36,www.facebook.com
2014-03-20 09:01:36,static.ccm2.net
2014-03-20 09:01:36,www.commentcamarche.net
2014-03-20 09:01:37,s-static.ak.facebook.com
2014-03-20 09:01:37,static.commentcamarche.net
2014-03-20 09:01:37,ba.commentcamarche.net
2014-03-20 09:01:37,www.facebook.com
2014-03-20 09:01:37,static.ccm2.net
2014-03-20 09:01:38,clients1.google.com
2014-03-20 09:02:07,twitter.com
2014-03-20 09:02:08,twitter.com
2014-03-20 09:02:51,ajax.googleapis.com
2014-03-20 09:03:36,accounts.google.com
2014-03-20 09:03:36,apis.google.com
2014-03-20 09:03:54,static.ccm2.net
2014-03-20 09:03:59,static.ccm2.net
2014-03-20 09:07:11,ba.commentcamarche.net
2014-03-20 09:07:12,www.ibm.com
2014-03-20 09:07:12,www-03.ibm.com
2014-03-20 09:07:12,1.www.s81c.com
2014-03-20 09:07:13,1.www.s81c.com
2014-03-20 09:07:13,www.ibm.com
2014-03-20 09:07:13,www-03.ibm.com
2014-03-20 09:07:13,gtssl-ocsp.geotrust.com
2014-03-20 09:07:14,pt200204.unica.com
2014-03-20 09:07:14,www-03.ibm.com
2014-03-20 09:07:14,www.ibm.com
2014-03-20 09:07:14,1.www.s81c.com
2014-03-20 09:07:15,ajax.googleapis.com
2014-03-20 09:07:15,www.google.com
2014-03-20 09:07:16,www.google.com
2014-03-20 09:09:15,www.ibm.com
2014-03-20 09:18:32,clients1.google.fr
2014-03-20 09:18:32,www.google.fr
2014-03-20 09:18:32,www.google.com
2014-03-20 09:18:42,www.commentcamarche.net
2014-03-20 09:18:42,www.google.fr
2014-03-20 09:18:43,ba.commentcamarche.net
2014-03-20 09:18:43,www.facebook.com
2014-03-20 09:18:43,clients1.google.com
2014-03-20 09:18:43,gtglobal-ocsp.geotrust.com
2014-03-20 09:18:43,static.ccm2.net
2014-03-20 09:18:44,www.facebook.com
2014-03-20 09:18:44,evsecure-ocsp.verisign.com
2014-03-20 09:18:44,platform.twitter.com
2014-03-20 09:18:44,clients1.google.com
2014-03-20 09:18:45,rapidssl-ocsp.geotrust.com
2014-03-20 09:18:46,www.commentcamarche.net
2014-03-20 09:18:46,ba.commentcamarche.net
2014-03-20 09:18:47,ba.commentcamarche.net
2014-03-20 09:18:47,www.facebook.com
2014-03-20 09:18:47,www.commentcamarche.net
2014-03-20 09:18:47,www.google.com
2014-03-20 09:18:47,static.ccm2.net
2014-03-20 09:18:48,pixel.alephd.com
2014-03-20 09:18:48,s-static.ak.facebook.com
2014-03-20 09:18:48,static.ak.facebook.com
2014-03-20 09:18:49,www.facebook.com
2014-03-20 09:18:49,mm.eulerian.net
2014-03-20 09:18:49,pixel.alephd.com
2014-03-20 09:18:50,gtssl-ocsp.geotrust.com
2014-03-20 09:18:50,pixel.alephd.com
2014-03-20 09:18:50,www.facebook.com
2014-03-20 09:19:17,twitter.com
2014-03-20 09:19:19,twitter.com
2014-03-20 09:19:32,static.ccm2.net
2014-03-20 09:19:32,www.commentcamarche.net
2014-03-20 09:19:32,ba.commentcamarche.net
2014-03-20 09:19:32,www.facebook.com
2014-03-20 09:19:33,static.ak.facebook.com
2014-03-20 09:19:33,static.ccm2.net
2014-03-20 09:19:33,www.facebook.com
2014-03-20 09:19:33,www.commentcamarche.net
2014-03-20 09:19:33,platform.twitter.com
2014-03-20 09:19:34,clients1.google.com
2014-03-20 09:19:34,www.facebook.com
2014-03-20 09:19:34,s-static.ak.facebook.com
2014-03-20 09:20:03,twitter.com
2014-03-20 09:20:04,twitter.com
2014-03-20 09:20:23,www.google.com
2014-03-20 09:20:23,www.google.fr
2014-03-20 09:20:23,clients1.google.fr
2014-03-20 09:20:40,clients1.google.fr
2014-03-20 09:20:41,clients1.google.fr
2014-03-20 09:20:41,www.google.fr
2014-03-20 09:20:47,safebrowsing.clients.google.com
2014-03-20 09:20:48,safebrowsing-cache.google.com
2014-03-20 09:20:49,safebrowsing-cache.google.com
2014-03-20 09:20:50,safebrowsing-cache.google.com
2014-03-20 09:20:51,safebrowsing-cache.google.com
2014-03-20 09:20:52,safebrowsing-cache.google.com
2014-03-20 09:20:57,www.google.fr
2014-03-20 09:20:57,clients1.google.fr
2014-03-20 09:21:18,www.google.fr
2014-03-20 09:21:18,clients1.google.fr
2014-03-20 09:21:28,clients1.google.fr
2014-03-20 09:21:28,www.google.fr
2014-03-20 09:21:35,accounts.google.com
2014-03-20 09:21:35,apis.google.com
2014-03-20 09:21:40,clients1.google.fr
2014-03-20 09:21:41,clients1.google.fr
2014-03-20 09:21:42,clients1.google.fr
2014-03-20 09:21:45,clients1.google.fr
2014-03-20 09:21:46,clients1.google.fr
2014-03-20 09:21:48,www.google.fr
2014-03-20 09:21:48,clients1.google.fr
2014-03-20 09:21:53,safebrowsing-cache.google.com
2014-03-20 09:21:54,safebrowsing-cache.google.com
2014-03-20 09:22:03,www.google.fr
2014-03-20 09:22:03,www.sjoseph.be
2014-03-20 09:22:08,www.google.fr
2014-03-20 09:22:09,www.sonelec-musique.com
2014-03-20 09:43:21,fxfeeds.mozilla.com
2014-03-20 09:43:21,www.lemonde.fr
2014-03-20 09:43:21,rss.lemonde.fr
2014-03-20 09:43:26,www.google.com
2014-03-20 09:43:26,www.google.fr
2014-03-20 09:43:27,clients1.google.fr
2014-03-20 09:43:31,www.google.fr
2014-03-20 09:43:31,www.01net.com
2014-03-20 09:43:32,www.01net.com
2014-03-20 09:43:32,www.facebook.com
2014-03-20 09:43:33,pixel.alephd.com
2014-03-20 09:43:33,www.01net.com
2014-03-20 09:43:33,ce.lijit.com
2014-03-20 09:43:34,pixel.alephd.com
2014-03-20 09:43:34,images.orangepublicite.fr
2014-03-20 09:43:34,www.01net.com
2014-03-20 09:43:34,www.facebook.com
2014-03-20 09:43:35,gtglobal-ocsp.geotrust.com
2014-03-20 09:43:35,pixel.alephd.com
2014-03-20 09:43:35,clients1.google.com
2014-03-20 09:43:35,www.01net.com
2014-03-20 09:43:35,www.google.com
2014-03-20 09:43:35,platform.twitter.com
2014-03-20 09:43:35,rp.gwallet.com
2014-03-20 09:43:36,flv.01net.com
2014-03-20 09:43:36,videosfr.s3.amazonaws.com
2014-03-20 09:43:36,platform.twitter.com
2014-03-20 09:43:37,ocsp.verisign.com
2014-03-20 09:43:37,col001.ip-label.net
2014-03-20 09:43:37,s-static.ak.facebook.com
2014-03-20 09:43:37,gtssl-ocsp.geotrust.com
2014-03-20 09:43:37,platform.twitter.com
2014-03-20 09:43:37,ad.referencement.01net.com
2014-03-20 09:43:37,static.ak.facebook.com
2014-03-20 09:43:37,www.facebook.com
2014-03-20 09:43:37,connect.facebook.net
2014-03-20 09:43:38,evsecure-ocsp.verisign.com
2014-03-20 09:43:38,www.facebook.com
2014-03-20 09:43:39,apnx-match.dotomi.com
2014-03-20 09:44:08,twitter.com
2014-03-20 09:44:59,www.google.fr
2014-03-20 09:44:59,www.commentcamarche.net
2014-03-20 09:44:59,ba.commentcamarche.net
2014-03-20 09:45:00,ba.commentcamarche.net
2014-03-20 09:45:00,static.ccm2.net
2014-03-20 09:45:00,www.facebook.com
2014-03-20 09:45:01,clients1.google.com
2014-03-20 09:45:02,static.ak.facebook.com
2014-03-20 09:45:02,www.commentcamarche.net
2014-03-20 09:45:02,s-static.ak.facebook.com
2014-03-20 09:45:03,ba.commentcamarche.net
2014-03-20 09:45:03,www.facebook.com
2014-03-20 09:45:03,static.ccm2.net
2014-03-20 09:45:03,www.commentcamarche.net
2014-03-20 09:45:03,www.google.com
2014-03-20 09:45:04,www.facebook.com
2014-03-20 09:45:04,static.ak.facebook.com
2014-03-20 09:45:04,platform.twitter.com
2014-03-20 09:45:04,pixel.alephd.com
2014-03-20 09:45:04,www.google.com
2014-03-20 09:45:04,s-static.ak.facebook.com
2014-03-20 09:45:06,pixel.alephd.com
2014-03-20 09:45:06,www.facebook.com
2014-03-20 09:45:07,um.simpli.fi
2014-03-20 09:45:07,cm.adgrx.com
2014-03-20 09:45:08,adventori.com
2014-03-20 09:45:33,twitter.com
2014-03-20 09:45:35,twitter.com
2014-03-20 09:45:43,pbs.twimg.com
2014-03-20 09:45:43,platform.twitter.com
2014-03-20 09:45:48,static.ccm2.net
2014-03-20 09:45:48,www.commentcamarche.net
2014-03-20 09:45:48,ba.commentcamarche.net
2014-03-20 09:45:48,www.facebook.com
2014-03-20 09:45:49,static.ak.facebook.com
2014-03-20 09:45:49,static.ccm2.net
2014-03-20 09:45:49,www.commentcamarche.net
2014-03-20 09:45:49,www.facebook.com
2014-03-20 09:45:51,clients1.google.com
2014-03-20 09:45:51,s-static.ak.facebook.com
2014-03-20 09:45:51,www.facebook.com
2014-03-20 09:46:20,twitter.com
2014-03-20 09:46:21,twitter.com
2014-03-20 09:47:58,accounts.google.com
2014-03-20 09:47:58,apis.google.com
2014-03-20 09:48:03,safebrowsing.clients.google.com
2014-03-20 09:48:04,safebrowsing-cache.google.com
2014-03-20 09:48:05,safebrowsing-cache.google.com
2014-03-20 09:48:06,safebrowsing-cache.google.com
2014-03-20 09:48:07,safebrowsing-cache.google.com
2014-03-20 09:48:08,safebrowsing-cache.google.com
2014-03-20 09:49:10,safebrowsing-cache.google.com
2014-03-20 09:49:11,safebrowsing-cache.google.com
2014-03-20 09:50:24,safebrowsing-cache.google.com
2014-03-20 09:50:25,safebrowsing-cache.google.com
2014-03-20 09:50:26,safebrowsing-cache.google.com
2014-03-20 09:50:27,safebrowsing-cache.google.com
2014-03-20 09:50:28,safebrowsing-cache.google.com
2014-03-20 09:50:29,safebrowsing-cache.google.com
2014-03-20 09:51:29,safebrowsing-cache.google.com
2014-03-20 09:55:50,www.commentcamarche.net
2014-03-20 09:55:50,ba.commentcamarche.net
2014-03-20 09:55:50,static.ccm2.net
2014-03-20 09:55:50,static.commentcamarche.net
2014-03-20 09:55:50,r.ccmbg.com
2014-03-20 09:55:50,clients1.google.com
2014-03-20 09:55:51,static.ccm2.net
2014-03-20 09:55:51,static.commentcamarche.net
2014-03-20 09:55:51,platform.twitter.com
2014-03-20 09:55:51,www.commentcamarche.net
2014-03-20 09:55:51,ba.commentcamarche.net
2014-03-20 09:55:51,static.ccmbg.com
2014-03-20 09:55:51,connect.facebook.net
2014-03-20 09:55:52,static.ccm2.net
2014-03-20 09:55:52,ba.commentcamarche.net
2014-03-20 09:55:53,clients1.google.com
2014-03-20 09:55:53,s-static.ak.facebook.com
2014-03-20 09:55:53,www.facebook.com
2014-03-20 09:56:22,twitter.com
2014-03-20 09:56:23,twitter.com
2014-03-20 09:57:59,apis.google.com
2014-03-20 09:57:59,ajax.googleapis.com
2014-03-20 09:58:59,accounts.google.com
2014-03-20 10:05:50,r.ccmbg.com
2014-03-20 10:05:50,www.commentcamarche.net
2014-03-20 10:05:50,static.ccm2.net
2014-03-20 10:05:50,ba.commentcamarche.net
2014-03-20 10:05:51,ba.commentcamarche.net
2014-03-20 10:05:51,static.ccm2.net
2014-03-20 10:05:51,static.commentcamarche.net
2014-03-20 10:05:51,www.commentcamarche.net
2014-03-20 10:05:51,connect.facebook.net
2014-03-20 10:05:52,static.ccmbg.com
2014-03-20 10:05:52,s-static.ak.facebook.com
2014-03-20 10:05:52,static.ccm2.net
2014-03-20 10:05:52,www.facebook.com
2014-03-20 10:05:52,ba.commentcamarche.net
2014-03-20 10:06:22,twitter.com
2014-03-20 10:07:59,apis.google.com
2014-03-20 10:07:59,ajax.googleapis.com
2014-03-20 10:08:59,accounts.google.com
2014-03-20 10:15:51,static.commentcamarche.net
2014-03-20 10:15:51,connect.facebook.net
2014-03-20 10:15:51,r.ccmbg.com
2014-03-20 10:15:51,static.ccm2.net
2014-03-20 10:15:51,ba.commentcamarche.net
2014-03-20 10:15:51,www.commentcamarche.net
2014-03-20 10:15:51,platform.twitter.com
2014-03-20 10:15:52,platform.twitter.com
2014-03-20 10:15:52,static.commentcamarche.net
2014-03-20 10:15:52,static.ccm2.net
2014-03-20 10:15:52,ba.commentcamarche.net
2014-03-20 10:15:52,static.ccmbg.com
2014-03-20 10:15:52,s-static.ak.facebook.com
2014-03-20 10:15:53,www.facebook.com
2014-03-20 10:16:23,twitter.com
2014-03-20 10:17:59,ajax.googleapis.com
2014-03-20 10:17:59,apis.google.com
2014-03-20 10:18:59,accounts.google.com
2014-03-20 10:21:00,safebrowsing-cache.google.com
2014-03-20 10:21:00,safebrowsing.clients.google.com
2014-03-20 10:21:01,safebrowsing-cache.google.com
2014-03-20 10:21:02,safebrowsing-cache.google.com
2014-03-20 10:21:03,safebrowsing-cache.google.com
2014-03-20 10:21:04,safebrowsing-cache.google.com
2014-03-20 10:25:51,r.ccmbg.com
2014-03-20 10:25:51,static.ccm2.net
2014-03-20 10:25:51,www.commentcamarche.net
2014-03-20 10:25:51,ba.commentcamarche.net
2014-03-20 10:25:52,static.commentcamarche.net
2014-03-20 10:25:52,ba.commentcamarche.net
2014-03-20 10:25:52,www.commentcamarche.net
2014-03-20 10:25:52,connect.facebook.net
2014-03-20 10:25:52,static.ccm2.net
2014-03-20 10:25:53,ba.commentcamarche.net
2014-03-20 10:25:53,s-static.ak.facebook.com
2014-03-20 10:25:53,static.ccmbg.com
2014-03-20 10:25:54,static.ccm2.net
2014-03-20 10:25:54,www.facebook.com
2014-03-20 10:26:23,twitter.com
2014-03-20 10:26:24,twitter.com
2014-03-20 10:28:00,ajax.googleapis.com
2014-03-20 10:28:00,apis.google.com
2014-03-20 10:28:59,accounts.google.com
2014-03-20 10:35:51,ba.commentcamarche.net
2014-03-20 10:35:51,www.commentcamarche.net
2014-03-20 10:35:52,r.ccmbg.com
2014-03-20 10:35:52,static.commentcamarche.net
2014-03-20 10:35:52,www.commentcamarche.net
2014-03-20 10:35:52,connect.facebook.net
2014-03-20 10:35:52,ba.commentcamarche.net
2014-03-20 10:35:52,static.ccm2.net
2014-03-20 10:35:53,static.ccmbg.com
2014-03-20 10:35:53,ba.commentcamarche.net
2014-03-20 10:35:53,static.ccm2.net
2014-03-20 10:35:53,www.facebook.com
2014-03-20 10:35:53,s-static.ak.facebook.com
2014-03-20 10:36:23,twitter.com
2014-03-20 10:36:24,twitter.com
2014-03-20 10:37:59,apis.google.com
2014-03-20 10:37:59,ajax.googleapis.com
2014-03-20 10:38:59,accounts.google.com
2014-03-20 10:45:52,www.commentcamarche.net
2014-03-20 10:45:52,ba.commentcamarche.net
2014-03-20 10:45:52,static.ccm2.net
2014-03-20 10:45:52,r.ccmbg.com
2014-03-20 10:45:52,static.commentcamarche.net
2014-03-20 10:45:53,platform.twitter.com
2014-03-20 10:45:53,www.commentcamarche.net
2014-03-20 10:45:53,static.ccm2.net
2014-03-20 10:45:53,static.ccmbg.com
2014-03-20 10:45:53,ba.commentcamarche.net
2014-03-20 10:45:53,connect.facebook.net
2014-03-20 10:45:53,static.commentcamarche.net
2014-03-20 10:45:54,www.facebook.com
2014-03-20 10:45:54,s-static.ak.facebook.com
2014-03-20 10:45:54,gtssl-ocsp.geotrust.com
2014-03-20 10:45:54,static.ccm2.net
2014-03-20 10:45:54,ba.commentcamarche.net
2014-03-20 10:46:23,twitter.com
2014-03-20 10:46:24,twitter.com
2014-03-20 10:46:25,twitter.com
2014-03-20 10:47:59,ajax.googleapis.com
2014-03-20 10:47:59,apis.google.com
2014-03-20 10:48:59,accounts.google.com
2014-03-20 10:51:02,safebrowsing-cache.google.com
2014-03-20 10:51:02,safebrowsing.clients.google.com
2014-03-20 10:51:03,safebrowsing-cache.google.com
2014-03-20 10:51:04,safebrowsing-cache.google.com
2014-03-20 10:55:53,r.ccmbg.com
2014-03-20 10:55:53,ba.commentcamarche.net
2014-03-20 10:55:53,www.commentcamarche.net
2014-03-20 10:55:53,static.commentcamarche.net
2014-03-20 10:55:53,static.ccm2.net
2014-03-20 10:55:54,static.commentcamarche.net
2014-03-20 10:55:54,static.ccmbg.com
2014-03-20 10:55:54,ba.commentcamarche.net
2014-03-20 10:55:54,connect.facebook.net
2014-03-20 10:55:54,www.commentcamarche.net
2014-03-20 10:55:54,static.ccm2.net
2014-03-20 10:55:55,www.facebook.com
2014-03-20 10:55:55,s-static.ak.facebook.com
2014-03-20 10:55:55,static.ccm2.net
2014-03-20 10:55:55,ba.commentcamarche.net
2014-03-20 10:56:24,twitter.com
2014-03-20 10:56:25,twitter.com
2014-03-20 10:57:59,apis.google.com
2014-03-20 10:57:59,ajax.googleapis.com
2014-03-20 10:58:22,www.lemonde.fr
2014-03-20 10:58:22,fxfeeds.mozilla.com
2014-03-20 10:58:22,rss.lemonde.fr
2014-03-20 10:58:59,accounts.google.com
2014-03-20 11:05:53,static.commentcamarche.net
2014-03-20 11:05:53,r.ccmbg.com
2014-03-20 11:05:53,static.ccm2.net
2014-03-20 11:05:53,ba.commentcamarche.net
2014-03-20 11:05:53,www.commentcamarche.net
2014-03-20 11:05:54,ba.commentcamarche.net
2014-03-20 11:05:54,connect.facebook.net
2014-03-20 11:05:54,www.commentcamarche.net
2014-03-20 11:05:54,static.commentcamarche.net
2014-03-20 11:05:54,static.ccm2.net
2014-03-20 11:05:54,static.ccmbg.com
2014-03-20 11:05:55,static.ccmbg.com
2014-03-20 11:05:55,ba.commentcamarche.net
2014-03-20 11:05:56,s-static.ak.facebook.com
2014-03-20 11:05:56,www.facebook.com
2014-03-20 11:05:56,static.ccm2.net
2014-03-20 11:06:24,twitter.com
2014-03-20 11:06:25,twitter.com
2014-03-20 11:06:26,twitter.com
2014-03-20 11:07:58,apis.google.com
2014-03-20 11:07:58,ajax.googleapis.com
2014-03-20 11:08:59,accounts.google.com
2014-03-20 11:15:54,static.commentcamarche.net
2014-03-20 11:15:54,static.ccm2.net
2014-03-20 11:15:54,www.commentcamarche.net
2014-03-20 11:15:54,connect.facebook.net
2014-03-20 11:15:54,ba.commentcamarche.net
2014-03-20 11:15:54,r.ccmbg.com
2014-03-20 11:15:55,s-static.ak.facebook.com
2014-03-20 11:15:55,static.ccmbg.com
2014-03-20 11:15:55,ba.commentcamarche.net
2014-03-20 11:15:55,www.commentcamarche.net
2014-03-20 11:15:55,platform.twitter.com
2014-03-20 11:15:55,static.commentcamarche.net
2014-03-20 11:15:55,static.ccm2.net
2014-03-20 11:15:56,static.ccm2.net
2014-03-20 11:15:56,www.facebook.com
2014-03-20 11:16:26,twitter.com
2014-03-20 11:17:59,apis.google.com
2014-03-20 11:17:59,ajax.googleapis.com
2014-03-20 11:18:58,accounts.google.com
2014-03-20 11:19:12,safebrowsing-cache.google.com
2014-03-20 11:19:12,safebrowsing.clients.google.com
2014-03-20 11:19:13,safebrowsing-cache.google.com
2014-03-20 11:19:14,safebrowsing-cache.google.com
2014-03-20 11:19:15,safebrowsing-cache.google.com
2014-03-20 11:25:54,www.commentcamarche.net
2014-03-20 11:25:54,ba.commentcamarche.net
2014-03-20 11:25:55,connect.facebook.net
2014-03-20 11:25:55,www.commentcamarche.net
2014-03-20 11:25:55,r.ccmbg.com
2014-03-20 11:25:55,static.ccm2.net
2014-03-20 11:25:55,ba.commentcamarche.net
2014-03-20 11:25:55,static.commentcamarche.net
2014-03-20 11:25:56,static.commentcamarche.net
2014-03-20 11:25:56,static.ccmbg.com
2014-03-20 11:25:56,ba.commentcamarche.net
2014-03-20 11:25:56,www.facebook.com
2014-03-20 11:25:56,s-static.ak.facebook.com
2014-03-20 11:25:56,static.ccm2.net
2014-03-20 11:26:26,twitter.com
2014-03-20 11:26:27,twitter.com
2014-03-20 11:27:58,ajax.googleapis.com
2014-03-20 11:27:58,apis.google.com
2014-03-20 11:28:58,accounts.google.com
2014-03-20 11:35:56,ba.commentcamarche.net
2014-03-20 11:35:56,static.commentcamarche.net
2014-03-20 11:35:56,r.ccmbg.com
2014-03-20 11:35:56,static.ccm2.net
2014-03-20 11:35:56,www.commentcamarche.net
2014-03-20 11:35:57,ba.commentcamarche.net
2014-03-20 11:35:57,static.ccm2.net
2014-03-20 11:35:57,static.ccmbg.com
2014-03-20 11:35:57,connect.facebook.net
2014-03-20 11:35:57,static.commentcamarche.net
2014-03-20 11:35:57,s-static.ak.facebook.com
2014-03-20 11:35:58,static.ccm2.net
2014-03-20 11:35:58,ba.commentcamarche.net
2014-03-20 11:35:58,www.facebook.com
2014-03-20 11:36:27,twitter.com
2014-03-20 11:36:28,twitter.com
2014-03-20 11:37:59,ajax.googleapis.com
2014-03-20 11:37:59,apis.google.com
2014-03-20 11:38:59,accounts.google.com
2014-03-20 11:41:26,www.google.fr
2014-03-20 11:41:26,www.google.com
2014-03-20 11:41:27,clients1.google.fr
2014-03-20 11:41:32,b.urbani.free.fr
2014-03-20 11:41:32,www.google.fr
2014-03-20 11:41:33,b.urbani.free.fr
2014-03-20 11:41:36,b.urbani.free.fr
2014-03-20 11:45:57,static.ccm2.net
2014-03-20 11:45:57,ba.commentcamarche.net
2014-03-20 11:45:57,www.commentcamarche.net
2014-03-20 11:45:57,r.ccmbg.com
2014-03-20 11:45:58,www.commentcamarche.net
2014-03-20 11:45:58,ba.commentcamarche.net
2014-03-20 11:45:58,static.ccmbg.com
2014-03-20 11:45:58,s-static.ak.facebook.com
2014-03-20 11:45:58,static.ccm2.net
2014-03-20 11:45:58,static.commentcamarche.net
2014-03-20 11:45:58,platform.twitter.com
2014-03-20 11:45:58,connect.facebook.net
2014-03-20 11:45:59,static.ccm2.net
2014-03-20 11:45:59,gtssl-ocsp.geotrust.com
2014-03-20 11:45:59,www.facebook.com
2014-03-20 11:46:29,twitter.com
2014-03-20 11:47:32,safebrowsing.clients.google.com
2014-03-20 11:47:32,safebrowsing-cache.google.com
2014-03-20 11:47:33,safebrowsing-cache.google.com
2014-03-20 11:47:34,safebrowsing-cache.google.com
2014-03-20 11:47:39,safebrowsing-cache.google.com
2014-03-20 11:47:59,apis.google.com
2014-03-20 11:47:59,ajax.googleapis.com
2014-03-20 11:48:39,safebrowsing-cache.google.com
2014-03-20 11:48:59,accounts.google.com
2014-03-20 11:55:57,www.commentcamarche.net
2014-03-20 11:55:57,ba.commentcamarche.net
2014-03-20 11:55:58,ba.commentcamarche.net
2014-03-20 11:55:58,static.ccm2.net
2014-03-20 11:55:58,r.ccmbg.com
2014-03-20 11:55:58,static.commentcamarche.net
2014-03-20 11:55:58,www.commentcamarche.net
2014-03-20 11:55:59,connect.facebook.net
2014-03-20 11:55:59,static.ccm2.net
2014-03-20 11:55:59,static.commentcamarche.net
2014-03-20 11:55:59,ba.commentcamarche.net
2014-03-20 11:55:59,static.ccmbg.com
2014-03-20 11:55:59,s-static.ak.facebook.com
2014-03-20 11:56:00,static.ccm2.net
2014-03-20 11:56:00,www.facebook.com
2014-03-20 11:56:29,twitter.com
2014-03-20 11:57:59,apis.google.com
2014-03-20 11:57:59,ajax.googleapis.com
2014-03-20 11:58:17,www.google.fr
2014-03-20 11:58:17,www.google.com
2014-03-20 11:58:18,clients1.google.fr
2014-03-20 11:58:21,www.google.com
2014-03-20 11:58:21,www.google.fr
2014-03-20 11:58:25,www.google.com
2014-03-20 11:58:25,www.google.fr
2014-03-20 11:58:26,gtglobal-ocsp.geotrust.com
2014-03-20 11:58:26,clients1.google.com
2014-03-20 11:58:26,drive.google.com
2014-03-20 11:58:29,drive.google.com
2014-03-20 11:58:53,clients1.google.com
2014-03-20 11:58:53,accounts.google.com
2014-03-20 11:58:54,clients1.google.com
2014-03-20 11:58:55,clients1.google.com
2014-03-20 11:58:56,0.drive.google.com
2014-03-20 11:59:06,0.drive.google.com
2014-03-20 11:59:07,apis.google.com
2014-03-20 11:59:07,accounts.google.fr
2014-03-20 11:59:07,0.drive.google.com
2014-03-20 11:59:08,www.google.com
2014-03-20 11:59:09,maps-api-ssl.google.com
2014-03-20 11:59:09,plus.google.com
2014-03-20 11:59:09,apis.google.com
2014-03-20 11:59:11,plus.google.com
2014-03-20 11:59:11,talkgadget.google.com
2014-03-20 11:59:14,plus.google.com
2014-03-20 11:59:24,www.google.com
2014-03-20 11:59:24,apis.google.com
2014-03-20 11:59:24,talkgadget.google.com
2014-03-20 11:59:25,talkgadget.google.com
2014-03-20 11:59:25,clients1.google.fr
2014-03-20 11:59:25,clients6.google.com
2014-03-20 11:59:25,www.google.fr
2014-03-20 11:59:28,mail.google.com
2014-03-20 11:59:28,clients1.google.com
2014-03-20 11:59:28,www.google.fr
2014-03-20 11:59:29,mail.google.com
2014-03-20 11:59:36,www.google.com
2014-03-20 11:59:37,clients6.google.com
2014-03-20 11:59:37,www.google.com
2014-03-20 11:59:37,mail.google.com
2014-03-20 11:59:37,www.mozilla.org
2014-03-20 11:59:38,clients6.google.com
2014-03-20 11:59:39,www.google.com
2014-03-20 11:59:41,www.google.com
2014-03-20 11:59:41,www.google.fr
2014-03-20 11:59:41,clients1.google.fr
2014-03-20 11:59:46,www.google.com
2014-03-20 11:59:49,www.google.fr
2014-03-20 11:59:49,www.google.com
2014-03-20 11:59:50,clients1.google.fr
2014-03-20 11:59:50,www.google.fr
2014-03-20 11:59:52,www.google.com
2014-03-20 11:59:55,clients1.google.fr
2014-03-20 11:59:55,www.google.fr
2014-03-20 11:59:58,www.google.fr
2014-03-20 11:59:58,www.google.com
2014-03-20 11:59:58,clients1.google.fr
2014-03-20 11:59:59,www.google.com
2014-03-20 12:00:00,www.google.fr
2014-03-20 12:00:00,clients1.google.fr
2014-03-20 12:00:02,clients1.google.fr
2014-03-20 12:00:02,www.google.fr
2014-03-20 12:00:02,www.google.com
2014-03-20 12:00:18,accounts.google.com
2014-03-20 12:00:18,plus.google.com
2014-03-20 12:00:18,accounts.google.fr
2014-03-20 12:00:18,talkgadget.google.com
2014-03-20 12:00:18,apis.google.com
2014-03-20 12:00:18,accounts.youtube.com
2014-03-20 12:00:18,mail.google.com
2014-03-20 12:00:18,maps-api-ssl.google.com
2014-03-20 12:00:18,drive.google.com
2014-03-22 20:23:42,www.google.fr
2014-03-22 20:23:44,apis.google.com
2014-03-22 20:23:44,www.google.com
2014-03-22 20:24:35,www.google.fr
2014-03-22 20:24:35,www.google.com
2014-03-22 20:24:35,apis.google.com
2014-03-22 20:24:36,img.clubic.com
2014-03-22 20:24:36,www.clubic.com
2014-03-22 20:24:36,1.im6.fr
2014-03-22 20:24:36,www.google.com
2014-03-22 20:24:36,www.google.fr
2014-03-22 20:24:37,emailretargeting.com
2014-03-22 20:24:37,img.clubic.com
2014-03-22 20:24:38,www.clubic.com
2014-03-22 20:24:38,dc1w54.wysistat.com
2014-03-22 20:24:38,www.google.com
2014-03-22 20:24:39,its.tradelab.fr
2014-03-22 20:24:39,pixel.alephd.com
2014-03-22 20:24:39,fpdownload2.macromedia.com
2014-03-22 20:24:40,mm.eulerian.net
2014-03-22 20:24:44,widget.achetezfacile.com
2014-03-22 20:24:44,www.google.com
2014-03-22 20:24:45,widget.achetezfacile.com
2014-03-22 20:24:45,ajax.googleapis.com
2014-03-22 20:24:45,i.htfacile.fr
2014-03-22 20:24:45,pixel.alephd.com
2014-03-22 20:24:46,platform.twitter.com
2014-03-22 20:24:46,www.clubic.com
2014-03-22 20:24:46,connect.facebook.net
2014-03-22 20:24:46,static.ak.facebook.com
2014-03-22 20:24:47,platform.twitter.com
2014-03-22 20:24:47,s-static.ak.facebook.com
2014-03-22 20:24:47,apis.google.com
2014-03-22 20:24:47,www.facebook.com
2014-03-22 20:24:48,webperf.m6web.fr
2014-03-22 20:24:48,accounts.google.com
2014-03-22 20:24:48,twitter.com
2014-03-22 20:24:48,adventori.com
2014-03-22 20:24:48,www.facebook.com
2014-03-22 20:24:48,apis.google.com
2014-03-22 20:24:49,i1-js-14-3-01-12434-895641198-i.init.cedexis-radar.net
2014-03-22 20:24:49,twitter.com
2014-03-22 20:24:50,probe.cedexis.org
2014-03-22 20:24:50,its.tradelab.fr
2014-03-22 20:24:50,twitter.com
2014-03-22 20:24:51,1.im6.fr
2014-03-22 20:24:51,www.clubic.com
2014-03-22 20:24:51,probe.cedexis.org
2014-03-22 20:24:51,dc1w54.wysistat.com
2014-03-22 20:24:51,google.ezakus.net
2014-03-22 20:24:52,videosfr.s3.amazonaws.com
2014-03-22 20:24:52,mobwidget.mobpartner.com
2014-03-22 20:24:53,lh5.ggpht.com
2014-03-22 20:24:53,loadr.exelator.com
2014-03-22 20:24:53,mobwidget.mobpartner.com
2014-03-22 20:24:54,broadcast.piximedia.fr
2014-03-22 20:24:54,rm.piximedia.fr
2014-03-22 20:24:54,lh5.ggpht.com
2014-03-22 20:24:55,broadcast.piximedia.fr
2014-03-22 20:24:55,pixel.alephd.com
2014-03-22 20:24:55,widget.achetezfacile.com
2014-03-22 20:24:55,i.htfacile.fr
2014-03-22 20:24:56,hal9000.redintelligence.net
2014-03-22 20:24:56,pixel.alephd.com
2014-03-22 20:24:57,hal9000.redintelligence.net
2014-03-22 20:24:58,ea.numericable.fr
2014-03-22 20:24:58,banniere.reussissonsensemble.fr
2014-03-22 20:24:59,broadcast.piximedia.fr
2014-03-22 20:24:59,s-static.ak.facebook.com
2014-03-22 20:24:59,static.ak.facebook.com
2014-03-22 20:25:00,www.facebook.com
2014-03-22 20:25:00,webperf.m6web.fr
2014-03-22 20:25:00,apis.google.com
2014-03-22 20:25:02,i1-js-14-3-01-12434-192941501-i.init.cedexis-radar.net
2014-03-22 20:25:02,twitter.com
2014-03-22 20:25:12,ieonline.microsoft.com
2014-03-22 20:25:27,www.clubic.com
2014-03-22 20:25:29,twitter.com
2014-03-22 20:25:29,img.m6.fr
2014-03-22 20:25:29,www.clubic.com
2014-03-22 20:25:29,dc1w54.wysistat.com
2014-03-22 20:25:29,listener.ezakus.net
2014-03-22 20:25:29,img.clubic.com
2014-03-22 20:25:30,i.htfacile.fr
2014-03-22 20:25:30,www.clubic.com
2014-03-22 20:25:30,1.im6.fr
2014-03-22 20:25:30,img.clubic.com
2014-03-22 20:25:30,www.toomai.fr
2014-03-22 20:25:30,widget.achetezfacile.com
2014-03-22 20:25:31,mm.eulerian.net
2014-03-22 20:25:31,its.tradelab.fr
2014-03-22 20:25:31,um.simpli.fi
2014-03-22 20:25:31,pixel.alephd.com
2014-03-22 20:26:02,s-static.ak.facebook.com
2014-03-22 20:26:02,its.tradelab.fr
2014-03-22 20:26:02,www.facebook.com
2014-03-22 20:26:02,static.ak.facebook.com
2014-03-22 20:26:03,platform.twitter.com
2014-03-22 20:26:03,webperf.m6web.fr
2014-03-22 20:26:05,um.simpli.fi
2014-03-22 20:26:05,i1-js-14-3-01-12434-74767198-i.init.cedexis-radar.net
2014-03-22 20:26:06,cm.adgrx.com
2014-03-22 20:26:06,fastly.bench.cedexis.com
2014-03-22 20:26:06,fastly.bench.cedexis.com.global.prod.fastly.net
2014-03-22 20:26:07,fastly.bench.cedexis.com
2014-03-22 20:26:34,twitter.com
2014-03-22 20:26:34,syndication.twitter.com
2014-03-22 20:27:04,syndication.twitter.com
2014-03-22 20:27:22,platform.twitter.com
2014-03-22 20:27:22,pbs.twimg.com
2014-03-22 20:28:05,syndication.twitter.com
2014-03-22 20:29:35,syndication.twitter.com
2014-03-22 20:30:36,syndication.twitter.com
2014-03-22 20:32:06,syndication.twitter.com
2014-03-22 20:32:16,dl.patchbeam.com
2014-03-22 20:32:37,dl.patchbeam.com
2014-03-22 20:32:37,www.powerarchiver.com
2014-03-22 20:33:36,syndication.twitter.com
2014-03-22 20:35:06,syndication.twitter.com
2014-03-22 20:36:37,syndication.twitter.com
2014-03-22 20:38:06,syndication.twitter.com
2014-03-27 08:28:37,start.mozilla.org
2014-03-27 08:28:39,start.mozilla.org
2014-03-27 08:28:39,fxfeeds.mozilla.com
2014-03-27 08:28:39,www.lemonde.fr
2014-03-27 08:28:40,rss.lemonde.fr
2014-03-27 08:31:58,safebrowsing.clients.google.com
2014-03-27 08:33:28,safebrowsing-cache.google.com
2014-03-27 08:33:29,safebrowsing-cache.google.com
2014-03-27 08:34:38,safebrowsing-cache.google.com
2014-03-27 08:34:39,safebrowsing-cache.google.com
2014-03-27 08:34:40,safebrowsing-cache.google.com
2014-03-27 08:35:49,safebrowsing-cache.google.com
2014-03-27 08:35:51,safebrowsing-cache.google.com
2014-03-27 08:36:56,safebrowsing-cache.google.com
2014-03-27 08:36:57,safebrowsing-cache.google.com
2014-03-27 08:36:58,safebrowsing-cache.google.com
2014-03-27 08:38:32,ocsp.digicert.com
2014-03-27 08:38:33,ocsp.thawte.com
2014-03-27 08:40:04,www.microsoft.com
2014-03-27 08:40:32,go.microsoft.com
2014-03-27 09:07:55,safebrowsing.clients.google.com
2014-03-27 09:07:55,safebrowsing-cache.google.com
2014-03-27 09:36:53,safebrowsing.clients.google.com
2014-03-27 09:36:53,safebrowsing-cache.google.com
2014-03-27 09:36:54,safebrowsing-cache.google.com
2014-03-27 09:43:39,fxfeeds.mozilla.com
2014-03-27 09:43:39,www.lemonde.fr
2014-03-27 09:43:39,rss.lemonde.fr
2014-03-27 10:05:11,safebrowsing.clients.google.com
2014-03-27 10:05:11,safebrowsing-cache.google.com
2014-03-27 10:05:12,safebrowsing-cache.google.com
2014-03-27 10:35:47,clients1.google.fr
2014-03-27 10:35:49,clients1.google.fr
2014-03-27 10:35:50,clients1.google.fr
2014-03-27 10:35:52,clients1.google.fr
2014-03-27 10:35:53,clients1.google.fr
2014-03-27 10:35:54,clients1.google.fr
2014-03-27 10:35:55,safebrowsing.clients.google.com
2014-03-27 10:35:55,safebrowsing-cache.google.com
2014-03-27 10:35:59,clients1.google.fr
2014-03-27 10:36:00,clients1.google.fr
2014-03-27 10:36:01,clients1.google.fr
2014-03-27 10:36:02,clients1.google.fr
2014-03-27 10:36:03,clients1.google.fr
2014-03-27 10:36:04,clients1.google.fr
2014-03-27 10:36:05,clients1.google.fr
2014-03-27 10:36:06,clients1.google.fr
2014-03-27 10:36:07,www.google.fr
2014-03-27 10:36:07,clients1.google.fr
2014-03-27 10:36:14,www.google.fr
2014-03-27 10:36:14,img.youtube.com
2014-03-27 10:36:14,clients1.google.fr
2014-03-27 10:36:16,www.google.fr
2014-03-27 10:36:16,clients1.google.fr
2014-03-27 10:36:17,www.google.fr
2014-03-27 10:36:18,clients1.google.fr
2014-03-27 10:36:18,www.google.fr
2014-03-27 10:36:20,clients1.google.com
2014-03-27 10:36:20,maps.google.fr
2014-03-27 10:36:20,gtglobal-ocsp.geotrust.com
2014-03-27 10:36:21,maps.google.fr
2014-03-27 10:36:31,mts0.google.com
2014-03-27 10:36:31,maps.google.fr
2014-03-27 10:36:31,cbks0.google.com
2014-03-27 10:36:31,maps-api-ssl.google.com
2014-03-27 10:36:31,mts1.google.com
2014-03-27 10:36:41,mts1.google.com
2014-03-27 10:36:41,mts0.google.com
2014-03-27 10:36:54,www.squid-cache.org
2014-03-27 10:36:54,clients1.google.com
2014-03-27 10:37:46,clients1.google.fr
2014-03-27 10:37:46,www.google.fr
2014-03-27 10:37:48,clients1.google.fr
2014-03-27 10:37:48,www.google.fr
2014-03-27 10:37:50,clients1.google.fr
2014-03-27 10:37:50,www.google.fr
2014-03-27 10:37:50,mts0.google.com
2014-03-27 10:38:01,static.positron-libre.com
2014-03-27 10:38:01,sg-autorepondeur.com
2014-03-27 10:38:01,www.google.fr
2014-03-27 10:38:01,www.positron-libre.com
2014-03-27 10:38:02,sg-autorepondeur.com
2014-03-27 10:38:02,clients1.google.com
2014-03-27 10:38:02,www.google.com
2014-03-27 10:38:41,fr.wikipedia.org
2014-03-27 10:38:41,bits.wikimedia.org
2014-03-27 10:38:41,www.google.fr
2014-03-27 10:38:42,fr.wikipedia.org
2014-03-27 10:38:42,meta.wikimedia.org
2014-03-27 10:38:42,bits.wikimedia.org
2014-03-27 10:38:42,login.wikimedia.org
2014-03-27 10:38:47,meta.wikimedia.org
2014-03-27 10:38:47,login.wikimedia.org
2014-03-27 10:38:47,bits.wikimedia.org
2014-03-27 10:38:47,commons.wikimedia.org
2014-03-27 10:38:48,meta.wikimedia.org
2014-03-27 10:38:48,bits.wikimedia.org
2014-03-27 10:38:48,commons.wikimedia.org
2014-03-27 10:38:49,commons.wikimedia.org
2014-03-27 10:38:50,bits.wikimedia.org
2014-03-27 10:43:18,meta.wikimedia.org
2014-03-27 10:43:30,clients1.google.fr
2014-03-27 10:43:39,www.google.fr
2014-03-27 10:43:40,clients1.google.fr
2014-03-27 10:43:48,clients1.google.fr
2014-03-27 10:43:49,clients1.google.fr
2014-03-27 10:43:50,clients1.google.fr
2014-03-27 10:43:51,clients1.google.fr
2014-03-27 10:43:53,clients1.google.fr
2014-03-27 10:43:59,clients1.google.fr
2014-03-27 10:44:02,clients1.google.fr
2014-03-27 10:44:04,clients1.google.fr
2014-03-27 10:44:05,clients1.google.fr
2014-03-27 10:44:06,clients1.google.fr
2014-03-27 10:44:07,clients1.google.fr
2014-03-27 10:44:09,clients1.google.fr
2014-03-27 10:44:11,clients1.google.fr
2014-03-27 10:44:16,clients1.google.fr
2014-03-27 10:44:17,clients1.google.fr
2014-03-27 10:44:18,clients1.google.fr
2014-03-27 10:44:22,www.google.fr
2014-03-27 10:44:23,www.google.fr
2014-03-27 10:44:23,clients1.google.fr
2014-03-27 10:44:50,www.google.fr
2014-03-27 10:44:50,clients1.google.fr
2014-03-27 10:45:06,clients1.google.fr
2014-03-27 10:45:06,www.google.fr
2014-03-27 10:45:10,www.bricozone.be
2014-03-27 10:45:10,www.google.fr
2014-03-27 10:45:11,rp.gwallet.com
2014-03-27 10:45:13,www.bricozone.be
2014-03-27 10:58:39,www.lemonde.fr
2014-03-27 10:58:39,fxfeeds.mozilla.com
2014-03-27 10:58:40,rss.lemonde.fr
2014-03-27 11:07:11,safebrowsing.clients.google.com
2014-03-27 11:07:11,safebrowsing-cache.google.com
2014-03-27 11:08:55,www.circuit-electronique.fr
2014-03-27 11:08:56,s-static.ak.facebook.com
2014-03-27 11:08:56,static.ak.facebook.com
2014-03-27 11:08:56,connect.facebook.net
2014-03-27 11:08:56,platform.twitter.com
2014-03-27 11:08:56,php-my-visites.circuit-electronique.fr
2014-03-27 11:08:56,www.facebook.com
2014-03-27 11:08:56,www.circuit-electronique.fr
2014-03-27 11:08:57,evsecure-ocsp.verisign.com
2014-03-27 11:08:57,clients1.google.com
2014-03-27 11:09:18,static.ak.facebook.com
2014-03-27 11:09:18,www.circuit-electronique.fr
2014-03-27 11:09:18,s-static.ak.facebook.com
2014-03-27 11:09:19,php-my-visites.circuit-electronique.fr
2014-03-27 11:09:19,www.facebook.com
2014-03-27 11:09:42,twitter.com
2014-03-27 11:11:01,apis.google.com
2014-03-27 11:11:01,accounts.google.com
2014-03-27 11:11:16,apis.google.com
2014-03-27 11:15:42,www.circuit-electronique.fr
2014-03-27 11:15:43,s-static.ak.facebook.com
2014-03-27 11:15:43,php-my-visites.circuit-electronique.fr
2014-03-27 11:16:10,www.google.fr
2014-03-27 11:16:10,www.google.com
2014-03-27 11:16:11,clients1.google.fr
2014-03-27 11:16:13,twitter.com
2014-03-27 11:16:14,www.google.fr
2014-03-27 11:16:15,www.nipic.com
2014-03-27 11:16:16,www.google.fr
2014-03-27 11:16:16,clients1.google.fr
2014-03-27 11:16:26,clients1.google.fr
2014-03-27 11:16:27,clients1.google.fr
2014-03-27 11:16:28,clients1.google.fr
2014-03-27 11:16:29,clients1.google.fr
2014-03-27 11:16:30,www.google.fr
2014-03-27 11:16:31,clients1.google.fr
2014-03-27 11:16:40,clients1.google.fr
2014-03-27 11:16:41,clients1.google.fr
2014-03-27 11:16:42,clients1.google.fr
2014-03-27 11:16:43,clients1.google.fr
2014-03-27 11:16:55,www.google.fr
2014-03-27 11:16:55,clients1.google.fr
2014-03-27 11:17:04,www.google.fr
2014-03-27 11:17:04,f6csx.free.fr
2014-03-27 11:17:05,f6csx.free.fr
2014-03-27 11:17:06,f6csx.free.fr
2014-03-27 11:17:08,f6csx.free.fr
2014-03-27 11:17:46,apis.google.com
2014-03-27 11:18:09,f6csx.free.fr
2014-03-27 11:18:15,f6csx.free.fr
2014-03-27 11:18:52,f6csx.free.fr
2014-03-27 11:19:13,etronics.free.fr
2014-03-27 11:19:13,www.google.fr
2014-03-27 11:19:16,etronics.free.fr
2014-03-27 11:19:30,etronics.free.fr
2014-03-27 11:19:31,etronics.free.fr
2014-03-27 11:19:33,etronics.free.fr
2014-03-27 11:19:38,etronics.free.fr
2014-03-27 11:19:56,clients1.google.fr
2014-03-27 11:19:56,www.google.fr
2014-03-27 11:20:03,www.sonelec-musique.com
2014-03-27 11:20:03,www.google.fr
2014-03-27 11:20:06,www.sonelec-musique.com
2014-03-27 11:27:09,fusee.pagesperso-orange.fr
2014-03-27 11:27:09,www.google.fr
2014-03-27 11:27:18,fusee.pagesperso-orange.fr
2014-03-27 11:28:03,www.google.fr
2014-03-27 11:28:03,www.google.com
2014-03-27 11:28:04,clients1.google.fr
2014-03-27 11:28:09,www.google.fr
2014-03-27 11:28:09,clients1.google.fr
2014-03-27 11:28:30,orgue-de-barbarie.pagesperso-orange.fr
2014-03-27 11:28:30,www.google.fr
2014-03-27 11:28:30,pages.perso.orange.fr
2014-03-27 11:29:12,www.google.fr
2014-03-27 11:29:12,clients1.google.fr
2014-03-27 11:29:19,www.google.fr
2014-03-27 11:29:19,jean-pierre.cossard.pagesperso-orange.fr
2014-03-27 11:29:20,jean-pierre.cossard.pagesperso-orange.fr
2014-03-27 11:29:28,www.google.fr
2014-03-27 11:29:28,clients1.google.fr
2014-03-27 11:29:34,clients1.google.fr
2014-03-27 11:29:34,www.google.fr
2014-03-27 11:30:50,www.google.fr
2014-03-27 11:31:01,www.google.fr
2014-03-27 11:31:01,clients1.google.fr
2014-03-27 11:31:06,www.google.fr
2014-03-27 11:31:06,clients1.google.fr
2014-03-27 11:31:11,www.google.fr
2014-03-27 11:31:11,clients1.google.fr
2014-03-27 11:31:20,clients1.google.fr
2014-03-27 11:31:21,clients1.google.fr
2014-03-27 11:31:22,clients1.google.fr
2014-03-27 11:31:27,clients1.google.fr
2014-03-27 11:31:27,www.google.fr
2014-03-27 11:31:36,clients1.google.fr
2014-03-27 11:31:37,clients1.google.fr
2014-03-27 11:31:38,clients1.google.fr
2014-03-27 11:31:39,www.google.fr
2014-03-27 11:31:40,clients1.google.fr
2014-03-27 11:31:46,clients1.google.fr
2014-03-27 11:31:47,clients1.google.fr
2014-03-27 11:31:48,clients1.google.fr
2014-03-27 11:31:49,clients1.google.fr
2014-03-27 11:31:50,clients1.google.fr
2014-03-27 11:31:51,clients1.google.fr
2014-03-27 11:31:52,clients1.google.fr
2014-03-27 11:31:54,www.google.fr
2014-03-27 11:31:54,clients1.google.fr
2014-03-27 11:32:05,rascol.free.fr
2014-03-27 11:32:05,www.google.fr
2014-03-27 11:32:08,rascol.free.fr
2014-03-27 11:32:11,rascol.free.fr
2014-03-27 11:34:23,www.google.com
2014-03-27 11:34:23,www.google.fr
2014-03-27 11:34:23,clients1.google.fr
2014-03-27 11:34:27,docs.google.com
2014-03-27 11:34:27,www.google.fr
2014-03-27 11:34:27,clients1.google.com
2014-03-27 11:34:30,docs.google.com
2014-03-27 11:34:36,accounts.google.com
2014-03-27 11:34:38,clients1.google.com
2014-03-27 11:34:39,0.drive.google.com
2014-03-27 11:35:34,0.drive.google.com
2014-03-27 11:36:25,safebrowsing.clients.google.com
2014-03-27 11:36:25,safebrowsing-cache.google.com
2014-03-27 11:36:29,0.drive.google.com
2014-03-27 11:36:31,accounts.youtube.com
2014-03-27 11:36:31,accounts.google.fr
2014-03-27 11:36:31,www.google.com
2014-03-27 11:36:46,docs.google.com
2014-03-27 11:36:46,drive.google.com
2014-03-27 11:36:56,0.drive.google.com
2014-03-27 11:36:57,clients1.google.com
2014-03-27 11:36:57,gtglobal-ocsp.geotrust.com
2014-03-27 11:36:58,0.drive.google.com
2014-03-27 11:36:58,plus.google.com
2014-03-27 11:37:00,clients1.google.com
2014-03-27 11:37:02,plus.google.com
2014-03-27 11:37:02,talkgadget.google.com
2014-03-27 11:37:05,plus.google.com
2014-03-27 11:37:06,clients6.google.com
2014-03-27 11:37:07,clients1.google.com
2014-03-27 11:37:07,clients6.google.com
2014-03-27 11:39:01,plus.google.com
2014-03-27 11:39:01,accounts.google.com
2014-03-27 11:39:01,apis.google.com
2014-03-27 11:39:01,maps-api-ssl.google.com
2014-03-27 11:39:06,clients6.google.com
2014-03-27 11:39:16,plus.google.com
2014-03-27 11:39:31,plus.google.com
2014-03-27 11:40:01,talkgadget.google.com
2014-03-27 11:40:01,plus.google.com
2014-03-27 11:40:32,talkgadget.google.com
2014-03-27 11:41:16,clients6.google.com
2014-03-27 11:42:38,talkgadget.google.com
2014-03-28 15:37:00,ocsp.verisign.com
2014-03-28 15:37:07,www.microsoft.com
2014-03-28 15:37:09,start.mozilla.org
2014-03-28 15:37:10,start.mozilla.org
2014-03-28 15:37:10,ocsp.verisign.com
2014-03-28 15:37:11,ocsp.digicert.com
2014-03-28 15:37:12,start.mozilla.org
2014-03-28 15:37:12,gtglobal-ocsp.geotrust.com
2014-03-28 15:37:12,clients1.google.com
2014-03-28 15:37:12,ocsp.digicert.com
2014-03-28 15:37:13,ocsp.digicert.com
2014-03-28 15:37:14,fxfeeds.mozilla.com
2014-03-28 15:37:14,www.lemonde.fr
2014-03-28 15:37:14,rss.lemonde.fr
2014-03-28 15:37:18,www.mozilla.com
2014-03-28 15:37:18,www.google.com
2014-03-28 15:37:18,ocsp.tcs.terena.org
2014-03-28 15:37:18,ocsp.usertrust.com
2014-03-28 15:37:19,clients1.google.com
2014-03-28 15:37:19,ocsp.comodoca.com
2014-03-28 15:37:23,www.mozilla.org
2014-03-28 15:37:23,plugins.mozilla.org
2014-03-28 15:41:34,clients5.google.com
2014-03-28 15:41:36,clients5.google.com
2014-03-28 15:41:37,clients5.google.com
2014-03-28 15:41:38,clients5.google.com
2014-03-28 15:41:41,clients5.google.com
2014-03-28 15:41:42,clients5.google.com
2014-03-28 15:41:43,clients5.google.com
2014-03-28 15:41:45,clients5.google.com
2014-03-28 15:41:46,clients5.google.com
2014-03-28 15:41:47,clients5.google.com
2014-03-28 15:41:49,clients5.google.com
2014-03-28 15:41:51,clients5.google.com
2014-03-28 15:41:52,clients5.google.com
2014-03-28 15:41:57,img.youtube.com
2014-03-28 15:41:57,www.google.com
2014-03-28 15:41:57,www.google.fr
2014-03-28 15:41:58,clients1.google.fr
2014-03-28 15:41:58,www.google.fr
2014-03-28 15:42:02,www.google.fr
2014-03-28 15:42:02,www.commentcamarche.net
2014-03-28 15:42:02,static.ccm2.net
2014-03-28 15:42:02,ba.commentcamarche.net
2014-03-28 15:42:02,html5shim.googlecode.com
2014-03-28 15:42:03,ba.commentcamarche.net
2014-03-28 15:42:03,static.ccm2.net
2014-03-28 15:42:03,www.facebook.com
2014-03-28 15:42:03,www.google.fr
2014-03-28 15:42:04,safebrowsing.clients.google.com
2014-03-28 15:42:04,ce.lijit.com
2014-03-28 15:42:04,static.ccm2.net
2014-03-28 15:42:04,www.commentcamarche.net
2014-03-28 15:42:04,ba.commentcamarche.net
2014-03-28 15:42:05,pixel.alephd.com
2014-03-28 15:42:05,static.ccm2.net
2014-03-28 15:42:05,kh6qrx0f8h.s.ad6media.fr
2014-03-28 15:42:06,evsecure-crl.verisign.com
2014-03-28 15:42:06,ba.commentcamarche.net
2014-03-28 15:42:06,static.ccm2.net
2014-03-28 15:42:06,twitter.com
2014-03-28 15:42:07,www.facebook.com
2014-03-28 15:42:08,twitter.com
2014-03-28 15:42:08,static.commentcamarche.net
2014-03-28 15:42:08,apis.google.com
2014-03-28 15:42:08,static.ccm2.net
2014-03-28 15:42:08,platform.twitter.com
2014-03-28 15:42:08,r.ccmbg.com
2014-03-28 15:42:08,www.facebook.com
2014-03-28 15:42:08,p.ccmbg.com
2014-03-28 15:42:08,ba.commentcamarche.net
2014-03-28 15:42:08,pixel.alephd.com
2014-03-28 15:42:08,www.commentcamarche.net
2014-03-28 15:42:09,static.commentcamarche.net
2014-03-28 15:42:09,player.ooyala.com
2014-03-28 15:42:09,twitter.com
2014-03-28 15:42:09,ajax.googleapis.com
2014-03-28 15:42:10,ajax.googleapis.com
2014-03-28 15:42:10,accounts.google.com
2014-03-28 15:42:10,apis.google.com
2014-03-28 15:42:10,static.ak.facebook.com
2014-03-28 15:42:10,www.facebook.com
2014-03-28 15:42:10,static.ccm2.net
2014-03-28 15:42:10,ba.commentcamarche.net
2014-03-28 15:42:10,connect.facebook.net
2014-03-28 15:42:10,player.ooyala.com
2014-03-28 15:42:11,apis.google.com
2014-03-28 15:42:11,s-static.ak.facebook.com
2014-03-28 15:42:11,www.facebook.com
2014-03-28 15:42:11,pixel.alephd.com
2014-03-28 15:42:11,player.ooyala.com
2014-03-28 15:42:11,cdn-api.ooyala.com
2014-03-28 15:42:12,twitter.com
2014-03-28 15:42:12,player.ooyala.com
2014-03-28 15:42:12,platform.twitter.com
2014-03-28 15:42:12,pixel.alephd.com
2014-03-28 15:42:12,l.ooyala.com
2014-03-28 15:42:12,www.facebook.com
2014-03-28 15:42:13,loadr.exelator.com
2014-03-28 15:42:13,twitter.com
2014-03-28 15:42:13,r.ccmbg.com
2014-03-28 15:42:13,www.facebook.com
2014-03-28 15:42:13,l.ooyala.com
2014-03-28 15:42:14,twitter.com
2014-03-28 15:42:14,s-static.ak.facebook.com
2014-03-28 15:42:14,www.commentcamarche.net
2014-03-28 15:42:14,l.ooyala.com
2014-03-28 15:42:14,static.ak.facebook.com
2014-03-28 15:42:14,www.facebook.com
2014-03-28 15:42:15,l.ooyala.com
2014-03-28 15:42:15,dps.bing.com
2014-03-28 15:42:37,clients1.google.fr
2014-03-28 15:42:38,clients1.google.fr
2014-03-28 15:43:37,safebrowsing-cache.google.com
2014-03-28 15:44:00,clients1.google.fr
2014-03-28 15:44:46,safebrowsing-cache.google.com
2014-03-28 15:44:47,safebrowsing-cache.google.com
2014-03-28 15:45:56,safebrowsing-cache.google.com
2014-03-28 15:47:08,ocsp.digicert.com
2014-03-28 15:47:09,ocsp.thawte.com
2014-03-28 15:47:11,player.ooyala.com
2014-03-28 15:47:12,l.ooyala.com
2014-03-28 15:49:08,www.microsoft.com
2014-03-28 15:49:08,go.microsoft.com
2014-03-28 15:52:19,player.ooyala.com
2014-03-28 15:52:20,l.ooyala.com
2014-03-28 15:57:36,player.ooyala.com
2014-03-28 15:57:37,l.ooyala.com
2014-03-28 16:02:36,player.ooyala.com
2014-03-28 16:02:37,l.ooyala.com
2014-03-28 16:07:44,player.ooyala.com
2014-03-28 16:07:45,l.ooyala.com
2014-03-28 16:12:53,player.ooyala.com
2014-03-28 16:12:54,l.ooyala.com
2014-03-28 16:16:31,safebrowsing-cache.google.com
2014-03-28 16:16:31,safebrowsing.clients.google.com
2014-03-28 16:18:34,l.ooyala.com
2014-03-28 16:18:34,player.ooyala.com
2014-03-28 16:24:32,player.ooyala.com
2014-03-28 16:24:33,l.ooyala.com
2014-03-28 16:30:16,player.ooyala.com
2014-03-28 16:30:17,l.ooyala.com
2014-03-28 16:35:16,player.ooyala.com
2014-03-28 16:35:17,l.ooyala.com
2014-03-28 16:40:33,player.ooyala.com
2014-03-28 16:40:34,l.ooyala.com
2014-03-28 16:40:35,l.ooyala.com
2014-03-28 16:46:29,player.ooyala.com
2014-03-28 16:46:29,l.ooyala.com
2014-03-28 16:46:31,l.ooyala.com
2014-03-28 16:47:57,safebrowsing-cache.google.com
2014-03-28 16:47:57,safebrowsing.clients.google.com
2014-04-15 12:32:44,www.google.com
2014-04-15 12:32:44,gtglobal-ocsp.geotrust.com
2014-04-15 12:32:44,clients1.google.com
2014-04-15 12:32:50,clients1.google.com
2014-04-15 12:32:53,www.google.fr
2014-04-15 12:32:56,www.zhibo8.cc
2014-04-15 12:32:57,www.zhibo8.cc
2014-04-15 12:32:58,www.zhibo8.cc
2014-04-15 12:32:59,v12.cnzz.com
2014-04-15 12:32:59,s96.cnzz.com
2014-04-15 12:32:59,m.zhibo8.cc
2014-04-15 12:33:00,cbjs.baidu.com
2014-04-15 12:33:00,www.zhibo8.cc
2014-04-15 12:33:01,cb.baidu.com
2014-04-15 12:33:01,cbjs.baidu.com
2014-04-15 12:33:02,cb.baidu.com
2014-04-15 12:33:03,cb.baidu.com
2014-04-15 12:33:06,cb.baidu.com
2014-04-15 12:33:07,dup.baidustatic.com
2014-04-15 12:33:08,a.alimama.cn
2014-04-15 12:33:08,i.gtimg.cn
2014-04-15 12:33:08,dup.baidustatic.com
2014-04-15 12:33:08,www.zhibo8.cc
2014-04-15 12:33:08,bdimg.share.baidu.com
2014-04-15 12:33:09,cpro.baidustatic.com
2014-04-15 12:33:09,cb.baidu.com
2014-04-15 12:33:10,cpro.baidu.com
2014-04-15 12:33:10,pos.baidu.com
2014-04-15 12:33:11,pos.baidu.com
2014-04-15 12:33:11,p.tanx.com
2014-04-15 12:33:12,cpro.baidu.com
2014-04-15 12:33:12,pos.baidu.com
2014-04-15 12:33:13,ubmcmm.baidustatic.com
2014-04-15 12:33:14,ubmcmm.baidustatic.com
2014-04-15 12:33:14,pos.baidu.com
2014-04-15 12:33:15,cpro.baidustatic.com
2014-04-15 12:33:15,pos.baidu.com
2014-04-15 12:33:15,tns.simba.taobao.com
2014-04-15 12:33:15,wn.pos.baidu.com
2014-04-15 12:33:16,df.tanx.com
2014-04-15 12:33:16,show.re.taobao.com
2014-04-15 12:33:16,ubmcmm.baidustatic.com
2014-04-15 12:33:16,pos.baidu.com
2014-04-15 12:33:16,pcookie.tanx.com
2014-04-15 12:33:16,rtb.behe.com
2014-04-15 12:33:17,cpro.baidustatic.com
2014-04-15 12:33:18,cpro.baidustatic.com
2014-04-15 12:33:18,v.behe.com
2014-04-15 12:33:18,pos.baidu.com
2014-04-15 12:33:18,wn.pos.baidu.com
2014-04-15 12:33:19,rtb.behe.com
2014-04-15 12:33:19,cpro.baidustatic.com
2014-04-15 12:33:20,dup.baidustatic.com
2014-04-15 12:33:20,pos.baidu.com
2014-04-15 12:33:21,eclick.baidu.com
2014-04-15 12:33:21,pos.baidu.com
2014-04-15 12:33:21,cpro.baidustatic.com
2014-04-15 12:33:22,eclick.baidu.com
2014-04-15 12:33:22,www.zhibo8.cc
2014-04-15 12:33:23,nsclick.baidu.com
2014-04-15 12:33:25,pos.baidu.com
2014-04-15 12:33:37,eclick.baidu.com
2014-04-15 12:33:38,www.zhibo8.cc
2014-04-15 12:33:39,www.zhibo8.cc
2014-04-15 12:33:40,cb.baidu.com
2014-04-15 12:33:40,bbs.zhibo8.cc
2014-04-15 12:33:41,gtssl-ocsp.geotrust.com
2014-04-15 12:33:44,pos.baidu.com
2014-04-15 12:33:45,cb.baidu.com
2014-04-15 12:33:45,www.zhibo8.cc
2014-04-15 12:33:46,pos.baidu.com
2014-04-15 12:33:46,bdimg.share.baidu.com
2014-04-15 12:33:46,cb.baidu.com
2014-04-15 12:33:46,bbs.zhibo8.cc
2014-04-15 12:33:47,cb.baidu.com
2014-04-15 12:33:47,www.zhibo8.cc
2014-04-15 12:33:47,pl.zhibo8.cc
2014-04-15 12:33:47,bbs.zhibo8.cc
2014-04-15 12:33:47,p.tanx.com
2014-04-15 12:33:48,cb.baidu.com
2014-04-15 12:33:48,p.tanx.com
2014-04-15 12:33:48,bbs.zhibo8.cc
2014-04-15 12:33:48,df.tanx.com
2014-04-15 12:33:48,api.share.baidu.com
2014-04-15 12:33:48,aw.kejet.net
2014-04-15 12:33:49,m.kejet.net
2014-04-15 12:33:49,aw.kejet.net
2014-04-15 12:33:49,pos.baidu.com
2014-04-15 12:33:49,df.tanx.com
2014-04-15 12:33:49,cb.baidu.com
2014-04-15 12:33:49,www.zhibo8.cc
2014-04-15 12:33:50,www.weibo.com
2014-04-15 12:33:50,pos.baidu.com
2014-04-15 12:33:50,weibo.com
2014-04-15 12:33:50,cb.baidu.com
2014-04-15 12:33:50,wn.pos.baidu.com
2014-04-15 12:33:50,m.kejet.net
2014-04-15 12:33:50,www.188bifen.com
2014-04-15 12:33:50,tns.simba.taobao.com
2014-04-15 12:33:50,ubmcmm.baidustatic.com
2014-04-15 12:33:51,p.tanx.com
2014-04-15 12:33:51,pos.baidu.com
2014-04-15 12:33:52,df.tanx.com
2014-04-15 12:33:52,ubmcmm.baidustatic.com
2014-04-15 12:33:52,s.cpro.baidu.com
2014-04-15 12:33:52,www.188bifen.com
2014-04-15 12:33:52,m.kejet.net
2014-04-15 12:33:52,aw.kejet.net
2014-04-15 12:33:53,eclick.baidu.com
2014-04-15 12:33:53,aw.kejet.net
2014-04-15 12:33:57,cb.baidu.com
2014-04-15 12:33:57,www.188bifen.com
2014-04-15 12:33:58,sd.symcd.com
2014-04-15 12:33:58,clients1.google.com
2014-04-15 12:33:58,www.google.com
2014-04-15 12:33:58,p.tanx.com
2014-04-15 12:33:58,m.kejet.net
2014-04-15 12:33:58,static.acs86.com
2014-04-15 12:33:58,pos.baidu.com
2014-04-15 12:33:59,wn.pos.baidu.com
2014-04-15 12:33:59,www.zhibo8.cc
2014-04-15 12:33:59,pl.zhibo8.cc
2014-04-15 12:33:59,static.acs86.com
2014-04-15 12:34:00,tns.simba.taobao.com
2014-04-15 12:34:00,ubmcmm.baidustatic.com
2014-04-15 12:34:00,free.7m.cn
2014-04-15 12:34:01,choices.truste.com
2014-04-15 12:34:01,free.7m.cn
2014-04-15 12:34:01,tu.zhibo8.cc
2014-04-15 12:34:01,eclick.baidu.com
2014-04-15 12:34:02,acs86.com
2014-04-15 12:34:02,7mad.7m.cn
2014-04-15 12:34:02,img.7m.cn
2014-04-15 12:34:03,sjs2.sinajs.cn
2014-04-15 12:34:03,sjs3.sinajs.cn
2014-04-15 12:34:03,video.sina.com.cn
2014-04-15 12:34:04,www.sinaimg.cn
2014-04-15 12:34:04,i3.sinaimg.cn
2014-04-15 12:34:04,sjs0.sinajs.cn
2014-04-15 12:34:04,sjs1.sinajs.cn
2014-04-15 12:34:04,beacon.sina.com.cn
2014-04-15 12:34:04,sjs3.sinajs.cn
2014-04-15 12:34:04,i2.sinaimg.cn
2014-04-15 12:34:04,i1.sinaimg.cn
2014-04-15 12:34:04,tj.zhibo8.cc
2014-04-15 12:34:04,sjs2.sinajs.cn
2014-04-15 12:34:05,video.sina.com.cn
2014-04-15 12:34:05,i0.sinaimg.cn
2014-04-15 12:34:05,i.sso.sina.com.cn
2014-04-15 12:34:05,beacon.sina.com.cn
2014-04-15 12:34:06,cb.baidu.com
2014-04-15 12:34:06,d2.sina.com.cn
2014-04-15 12:34:06,beacon.sina.com.cn
2014-04-15 12:34:06,static.acs86.com
2014-04-15 12:34:06,pos.baidu.com
2014-04-15 12:34:07,adx.acs86.com
2014-04-15 12:34:08,acs86.com
2014-04-15 12:34:08,pos.baidu.com
2014-04-15 12:34:08,cpro.baidustatic.com
2014-04-15 12:34:08,ps3.v.iask.com
2014-04-15 12:34:08,count.kandian.com
2014-04-15 12:34:09,video.sina.com.cn
2014-04-15 12:34:10,eclick.baidu.com
2014-04-15 12:34:10,wn.pos.baidu.com
2014-04-15 12:34:10,pos.baidu.com
2014-04-15 12:34:12,nsclick.baidu.com
2014-04-15 12:34:14,static1.pplive.cn
2014-04-15 12:34:14,pub.pptv.com
2014-04-15 12:34:16,sr1.pplive.com
2014-04-15 12:34:18,count.7m.cn
2014-04-15 12:34:18,free.7m.cn
2014-04-15 12:34:19,www.188bifen.com
2014-04-15 12:34:20,www.188bifen.com
2014-04-15 12:34:20,static9.pplive.cn
2014-04-15 12:34:22,tools.aplusapi.pptv.com
2014-04-15 12:34:30,api2.v.pptv.com
2014-04-15 12:34:33,i3.sinaimg.cn
2014-04-15 12:34:33,image2.sina.com.cn
2014-04-15 12:34:33,i1.sinaimg.cn
2014-04-15 12:34:34,i2.sinaimg.cn
2014-04-15 12:34:34,www.sinaimg.cn
2014-04-15 12:34:34,match.sports.sina.com.cn
2014-04-15 12:34:34,woocall.sina.com.cn
2014-04-15 12:34:34,sjs.sinajs.cn
2014-04-15 12:34:35,beacon.sina.com.cn
2014-04-15 12:34:35,player.aplus.pptv.com
2014-04-15 12:34:35,i0.sinaimg.cn
2014-04-15 12:34:35,i1.sinaimg.cn
2014-04-15 12:34:35,match.sports.sina.com.cn
2014-04-15 12:34:35,www.sinaimg.cn
2014-04-15 12:34:35,sjs.sinajs.cn
2014-04-15 12:34:36,www.sinaimg.cn
2014-04-15 12:34:36,sjs.sinajs.cn
2014-04-15 12:34:36,match.sports.sina.com.cn
2014-04-15 12:34:36,sina.wrating.com
2014-04-15 12:34:36,api.sports.sina.com.cn
2014-04-15 12:34:36,i2.sinaimg.cn
2014-04-15 12:34:36,i.sso.sina.com.cn
2014-04-15 12:34:37,www.sinaimg.cn
2014-04-15 12:34:37,image2.sina.com.cn
2014-04-15 12:34:37,sina.wrating.com
2014-04-15 12:34:37,api.sports.sina.com.cn
2014-04-15 12:34:37,p.v.iask.com
2014-04-15 12:34:37,comment.sinajs.cn
2014-04-15 12:34:37,i.sso.sina.com.cn
2014-04-15 12:34:38,www.adobe.com
2014-04-15 12:34:38,match.sports.sina.com.cn
2014-04-15 12:34:38,get.adobe.com
2014-04-15 12:34:38,comment5.news.sina.com.cn
2014-04-15 12:34:38,wwwimages.adobe.com
2014-04-15 12:34:39,api.sports.sina.com.cn
2014-04-15 12:34:39,get.adobe.com
2014-04-15 12:34:39,p.typekit.net
2014-04-15 12:34:39,match.sports.sina.com.cn
2014-04-15 12:34:39,wwwimages.adobe.com
2014-04-15 12:34:40,wwwimages.adobe.com
2014-04-15 12:34:40,p.typekit.net
2014-04-15 12:34:40,cbjs.baidu.com
2014-04-15 12:34:40,www.adobe.com
2014-04-15 12:34:40,get.adobe.com
2014-04-15 12:34:40,stats.adobe.com
2014-04-15 12:34:41,match.sports.sina.com.cn
2014-04-15 12:34:42,cb.baidu.com
2014-04-15 12:34:43,www.188bifen.com
2014-04-15 12:34:43,dup.baidustatic.com
2014-04-15 12:34:44,p.tanx.com
2014-04-15 12:34:44,hal9000.redintelligence.net
2014-04-15 12:34:44,free.7m.cn
2014-04-15 12:34:45,n22.hal9000.redintelligence.net
2014-04-15 12:34:45,n21.hal9000.redintelligence.net
2014-04-15 12:34:45,n23.hal9000.redintelligence.net
2014-04-15 12:34:45,ea.numericable.fr
2014-04-15 12:34:45,a.nonstoppartner.net
2014-04-15 12:34:45,ocsp.comodoca.com
2014-04-15 12:34:45,ocsp.usertrust.com
2014-04-15 12:34:46,tns.simba.taobao.com
2014-04-15 12:34:57,www.188bifen.com
2014-04-15 12:34:58,choices.truste.com
2014-04-15 12:34:59,free.7m.cn
2014-04-15 12:34:59,cb.baidu.com
2014-04-15 12:35:00,p.tanx.com
2014-04-15 12:35:01,tns.simba.taobao.com
2014-04-15 12:35:14,get.adobe.com
2014-04-15 12:35:14,p.typekit.net
2014-04-15 12:35:15,get.adobe.com
2014-04-15 12:35:15,stats.adobe.com
2014-04-15 12:35:29,www.google.fr
2014-04-15 12:35:40,www.ifeng.com
2014-04-15 12:35:47,apis.google.com
2014-04-15 12:36:02,www.188bifen.com
2014-04-15 12:36:05,safebrowsing.clients.google.com
2014-04-15 12:36:05,safebrowsing-cache.google.com
2014-04-15 12:36:06,cb.baidu.com
2014-04-15 12:36:06,safebrowsing-cache.google.com
2014-04-15 12:36:07,p.tanx.com
2014-04-15 12:36:07,safebrowsing-cache.google.com
2014-04-15 12:36:07,free.7m.cn
2014-04-15 12:36:11,tns.simba.taobao.com
2014-04-15 12:36:28,tv.sohu.com
2014-04-15 12:36:28,www.sohu.com
2014-04-15 12:36:29,tv.sohu.com
2014-04-15 12:36:29,js.sohu.com
2014-04-15 12:36:30,tv.sohu.com
2014-04-15 12:36:30,live.tv.sohu.com
2014-04-15 12:36:30,sohu.wrating.com
2014-04-15 12:36:31,sohu.wrating.com
2014-04-15 12:36:32,tv.sohu.com
2014-04-15 12:36:45,free.7m.cn
2014-04-15 12:36:56,match.sports.sina.com.cn
2014-04-15 12:36:57,i0.sinaimg.cn
2014-04-15 12:36:57,woocall.sina.com.cn
2014-04-15 12:36:57,sjs.sinajs.cn
2014-04-15 12:36:57,match.sports.sina.com.cn
2014-04-15 12:36:57,i1.sinaimg.cn
2014-04-15 12:36:58,api.sports.sina.com.cn
2014-04-15 12:36:58,sjs.sinajs.cn
2014-04-15 12:36:58,beacon.sina.com.cn
2014-04-15 12:36:58,match.sports.sina.com.cn
2014-04-15 12:36:58,sina.wrating.com
2014-04-15 12:36:59,match.sports.sina.com.cn
2014-04-15 12:36:59,i.sso.sina.com.cn
2014-04-15 12:36:59,www.sinaimg.cn
2014-04-15 12:36:59,woocall.sina.com.cn
2014-04-15 12:37:00,api.sports.sina.com.cn
2014-04-15 12:37:00,woocall.sina.com.cn
2014-04-15 12:37:00,p.v.iask.com
2014-04-15 12:37:01,match.sports.sina.com.cn
2014-04-15 12:37:01,api.sports.sina.com.cn
2014-04-15 12:37:02,i2.sinaimg.cn
2014-04-15 12:37:03,match.sports.sina.com.cn
2014-04-15 12:37:04,sina.wrating.com
2014-04-15 12:37:05,match.sports.sina.com.cn
2014-04-15 12:37:05,comment.sinajs.cn
2014-04-15 12:37:05,i.sso.sina.com.cn
2014-04-15 12:37:06,sina.wrating.com
2014-04-15 12:37:06,i.sso.sina.com.cn
2014-04-15 12:37:07,passport.weibo.com
2014-04-15 12:37:07,sjs.sinajs.cn
2014-04-15 12:37:07,comment5.news.sina.com.cn
2014-04-15 12:37:08,im.sina.com.cn
2014-04-15 12:37:09,i2.sinaimg.cn
2014-04-15 12:37:10,get3.adobe.com
2014-04-15 12:37:12,passport.weibo.com
2014-04-15 12:37:13,passport.weibo.com
2014-04-15 12:37:14,login.sina.com.cn
2014-04-15 12:37:18,simg.sinajs.cn
2014-04-15 12:37:18,login.sina.com.cn
2014-04-15 12:37:24,im.sina.com.cn
2014-04-15 12:37:58,nsclick.baidu.com
2014-04-15 12:37:58,eclick.baidu.com
2014-04-15 12:38:09,www.google.fr
2014-04-15 12:38:09,sb-ssl.google.com
2014-04-15 12:38:09,www.google.com
