timestamp,site
2013-05-12 11:13:59,go.microsoft.com
2013-05-12 11:15:11,fpdownload2.macromedia.com
2013-05-12 11:15:29,www.bing.com
2013-05-12 11:15:31,go.microsoft.com
2013-05-12 11:15:31,windows.microsoft.com
2013-05-12 11:15:32,res1.windows.microsoft.com
2013-05-12 11:15:32,res2.windows.microsoft.com
2013-05-12 11:15:32,ajax.microsoft.com
2013-05-12 11:15:32,js.microsoft.com
2013-05-12 11:15:32,windows.microsoft.com
2013-05-12 11:15:33,res2.windows.microsoft.com
2013-05-12 11:15:33,res1.windows.microsoft.com
2013-05-12 11:15:35,res2.windows.microsoft.com
2013-05-12 11:15:35,www.facebook.com
2013-05-12 11:15:35,windows.microsoft.com
2013-05-12 11:15:36,res1.windows.microsoft.com
2013-05-12 11:15:37,www.facebook.com
2013-05-12 11:15:38,js.microsoft.com
2013-05-12 11:15:39,res2.windows.microsoft.com
2013-05-12 11:15:39,api.bing.com
2013-05-12 11:15:39,windows.microsoft.com
2013-05-12 11:15:39,res1.windows.microsoft.com
2013-05-12 11:15:40,api.bing.com
2013-05-12 11:15:41,api.bing.com
2013-05-12 11:15:42,www.google.fr
2013-05-12 11:15:44,www.google.fr
2013-05-12 11:15:45,res2.windows.microsoft.com
2013-05-12 11:15:46,res2.windows.microsoft.com
2013-05-12 11:15:47,apis.google.com
2013-05-12 11:15:49,res1.windows.microsoft.com
2013-05-12 11:15:49,www.google.com
2013-05-12 11:17:29,go.microsoft.com
2013-05-12 11:17:29,ieonline.microsoft.com
2013-05-12 11:18:39,www.google.com
2013-05-12 11:18:39,www.google.fr
2013-05-12 11:18:39,apis.google.com
2013-11-12 13:42:48,api.bing.com
2013-11-12 13:42:49,api.bing.com
2013-11-12 13:42:50,api.bing.com
2013-11-12 13:42:51,yahooo.com
2013-11-12 13:42:52,yahoo.com
2013-11-12 13:42:52,www.yahoo.com
2013-11-12 13:42:53,fr.yahoo.com
2013-11-12 13:42:54,rover.ebay.com
2013-11-12 13:42:55,rover.ebay.com
2013-11-12 13:42:57,locdrop.query.yahoo.com
2013-11-12 13:42:57,fr.yahoo.com
2013-11-12 13:43:07,fr.yahoo.com
2013-11-12 13:43:08,fr.yahoo.com
2013-11-12 13:43:08,login.yahoo.com
2013-11-12 13:43:09,login.yahoo.com
2013-11-12 13:43:11,login.yahoo.com
2013-11-12 13:43:13,login.yahoo.com
2013-11-12 13:43:22,login.yahoo.com
2013-11-12 13:43:23,fr.yahoo.com
2013-11-12 13:43:26,mail.yahoo.com
2013-11-12 13:43:27,fr-mg42.mail.yahoo.com
2013-11-12 13:43:27,fr.yahoo.com
2013-11-12 13:43:27,locdrop.query.yahoo.com
2013-11-12 13:43:35,fr-mg42.mail.yahoo.com
2013-11-12 13:43:35,ieonline.microsoft.com
2013-11-12 13:43:36,fr-mg42.mail.yahoo.com
2013-11-12 13:43:37,rover.ebay.com
2013-11-12 13:43:38,ucs.query.yahoo.com
2013-11-12 13:43:39,fr-mg42.mail.yahoo.com
2013-11-12 13:43:39,ucs.query.yahoo.com
2013-11-12 13:43:40,u-ac64j8bnr2.zux.bkln.wc.s1.b.yahoodns.net
2013-11-12 13:43:40,u-bc64j8bnr2.zux.bkln.wc.s1.b.yahoodns.net
2013-11-12 13:43:40,u-cc64j8bnr2.zux.bkln.wc.s1.b.yahoodns.net
2013-11-12 13:43:40,fr-mg42.mail.yahoo.com
2013-11-12 13:43:51,fr-mg42.mail.yahoo.com
2013-11-12 13:46:41,fr-mg42.mail.yahoo.com
2013-11-12 13:53:56,fr-mg42.mail.yahoo.com
2013-11-12 13:54:36,fr-mg42.mail.yahoo.com
2013-11-12 14:04:35,fr-mg42.mail.yahoo.com
2013-11-12 14:04:45,fr-mg42.mail.yahoo.com
2013-11-20 15:54:46,www.hotmail.com
2013-11-20 15:54:48,login.live.com
2013-11-20 15:54:50,login.live.com
2013-11-20 15:54:52,windowslive.tt.omtrdc.net
2013-11-20 15:55:00,login.live.com
2013-11-20 15:55:02,login.live.com
2013-11-20 15:55:04,windowslive.tt.omtrdc.net
2013-11-20 15:55:04,mail.live.com
2013-11-20 15:55:08,cid-a49429c90604af1b.users.storage.live.com
2013-11-20 15:55:17,people.directory.live.com
2013-11-20 15:55:17,dub126.mail.live.com
2013-11-20 15:55:17,windowslive.tt.omtrdc.net
2013-11-20 15:55:20,dub126.mail.live.com
2013-11-20 15:55:20,h.live.com
2013-11-20 15:55:22,people.directory.live.com
2013-11-20 15:55:22,h.live.com
2013-11-20 15:55:23,byfiles.storage.msn.com
2013-11-20 15:55:26,h.live.com
2013-11-20 15:55:26,js.live.net
2013-11-20 15:55:27,secure.shared.live.com
2013-11-20 15:55:27,dub126.mail.live.com
2013-11-20 15:55:28,dub126.mail.live.com
2013-11-20 15:55:30,login.live.com
2013-11-20 15:55:41,secure.shared.live.com
2013-11-20 15:55:42,prod.registrar.skype.com
2013-11-20 15:55:42,go.trouter.io
2013-11-20 15:55:43,prod.registrar.skype.com
2013-11-20 15:56:13,h.live.com
2013-11-20 15:56:28,api.skype.com
2013-11-20 15:56:28,storage.live.com
2013-11-20 15:56:29,secure.shared.live.com
2013-11-20 15:56:47,dub126.mail.live.com
2013-11-20 15:56:49,cid-a49429c90604af1b.users.storage.live.com
2013-11-20 15:56:50,h.live.com
2013-11-20 15:57:30,dub126.mail.live.com
2013-11-20 15:57:31,www.mon-logement-etudiant.fr
2013-11-20 15:57:32,maps.google.com
2013-11-20 15:57:32,www.mon-logement-etudiant.fr
2013-11-20 15:57:33,images.easyroommate.com
2013-11-20 15:57:33,static.easyroommate.com
2013-11-20 15:57:34,images.easyroommate.com
2013-11-20 15:57:35,images.easyroommate.com
2013-11-20 15:57:39,maps.googleapis.com
2013-11-20 15:57:48,h.live.com
2013-11-20 15:57:50,dub126.mail.live.com
2013-11-20 15:57:50,ieonline.microsoft.com
2013-11-20 15:57:51,dub126.mail.live.com
2013-11-20 15:57:52,dub126.mail.live.com
2013-11-20 15:58:02,g.live.com
2013-11-20 15:58:28,dub126.mail.live.com
2013-11-20 15:59:22,www.mon-logement-etudiant.fr
2013-11-20 15:59:22,images.easyroommate.com
2013-11-20 15:59:23,images.easyroommate.com
2013-11-20 15:59:23,www.mon-logement-etudiant.fr
2013-11-20 15:59:27,www.mon-logement-etudiant.fr
2013-11-20 15:59:41,www.mon-logement-etudiant.fr
2013-11-20 15:59:57,www.mon-logement-etudiant.fr
2013-11-20 15:59:58,www.mon-logement-etudiant.fr
2013-11-20 16:00:17,www.mon-logement-etudiant.fr
2013-11-20 16:00:18,www.mon-logement-etudiant.fr
2013-11-20 16:00:19,www.mon-logement-etudiant.fr
2013-11-20 16:00:19,images.easyroommate.com
2013-11-20 16:00:20,images.easyroommate.com
2013-11-20 16:00:20,www.mon-logement-etudiant.fr
2013-11-20 16:00:20,static.easyroommate.com
2013-11-20 16:00:21,static.easyroommate.com
2013-11-20 16:00:21,images.easyroommate.com
2013-11-20 16:00:33,www.mon-logement-etudiant.fr
2013-11-20 16:00:41,www.mon-logement-etudiant.fr
2013-11-20 16:01:24,people.directory.live.com
2013-11-20 16:02:39,www.google.fr
2013-11-20 16:02:41,apis.google.com
2013-11-20 16:02:41,www.google.com
2013-11-20 16:03:03,www.google.fr
2013-11-20 16:03:03,s.ytimg.com
2013-11-20 16:03:03,www.youtube.com
2013-11-20 16:03:03,i1.ytimg.com
2013-11-20 16:03:03,apis.google.com
2013-11-20 16:03:03,www.google.com
2013-11-20 16:03:04,r1---sn-gxo5uxg-jqbe.googlevideo.com
2013-11-20 16:03:04,s.ytimg.com
2013-11-20 16:03:05,s.ytimg.com
2013-11-20 16:03:06,www.youtube.com
2013-11-20 16:03:06,s.ytimg.com
2013-11-20 16:03:07,r1---sn-gxo5uxg-jqbe.googlevideo.com
2013-11-20 16:03:07,www.youtube.com
2013-11-20 16:03:07,s.youtube.com
2013-11-20 16:03:07,s.ytimg.com
2013-11-20 16:03:08,s.ytimg.com
2013-11-20 16:03:08,i1.ytimg.com
2013-11-20 16:03:09,r5---sn-cg07luer.googlevideo.com
2013-11-20 16:03:09,s.ytimg.com
2013-11-20 16:03:10,s.ytimg.com
2013-11-20 16:03:10,r1---sn-gxo5uxg-jqbe.googlevideo.com
2013-11-20 16:03:10,www.youtube.com
2013-11-20 16:03:10,r5---sn-cg07luer.googlevideo.com
2013-11-20 16:03:10,apis.google.com
2013-11-20 16:03:11,r1---sn-gxo5uxg-jqbe.googlevideo.com
2013-11-20 16:03:11,r5---sn-cg07luer.googlevideo.com
2013-11-20 16:03:11,h.live.com
2013-11-20 16:03:12,r5---sn-cg07luer.googlevideo.com
2013-11-20 16:03:13,dub126.afx.ms
2013-11-20 16:03:13,h.live.com
2013-11-20 16:03:13,dub126.mail.live.com
2013-11-20 16:03:13,r1---sn-gxo5uxg-jqbe.googlevideo.com
2013-11-20 16:03:13,i1.ytimg.com
2013-11-20 16:03:13,www.youtube.com
2013-11-20 16:03:13,s.youtube.com
2013-11-20 16:03:13,r5---sn-cg07luer.googlevideo.com
2013-11-20 16:03:14,r5---sn-cg07luer.googlevideo.com
2013-11-20 16:03:16,r1---sn-gxo5uxg-jqbe.googlevideo.com
2013-11-20 16:03:16,s.youtube.com
2013-11-20 16:03:17,r5---sn-cg07luer.googlevideo.com
2013-11-20 16:03:19,i1.ytimg.com
2013-11-20 16:03:20,s.youtube.com
2013-11-20 16:03:28,r1---sn-gxo5uxg-jqbe.googlevideo.com
2013-11-20 16:03:29,r5---sn-cg07luer.googlevideo.com
2013-11-20 16:03:31,s.youtube.com
2013-11-20 16:03:31,r1---sn-gxo5uxg-jqbe.googlevideo.com
2013-11-20 16:03:31,r5---sn-cg07luer.googlevideo.com
2013-11-20 16:03:39,i1.ytimg.com
2013-11-20 16:03:39,h.live.com
2013-11-20 16:03:41,s.youtube.com
2013-11-20 16:03:46,r1---sn-gxo5uxg-jqbe.googlevideo.com
2013-11-20 16:03:46,r5---sn-cg07luer.googlevideo.com
2013-11-20 16:03:46,s.youtube.com
2013-11-20 16:03:50,r1---sn-gxo5uxg-jqbe.googlevideo.com
2013-11-20 16:03:50,r5---sn-cg07luer.googlevideo.com
2013-11-20 16:03:52,s.youtube.com
2013-11-20 16:04:01,r1---sn-gxo5uxg-jqbe.googlevideo.com
2013-11-20 16:04:01,r5---sn-cg07luer.googlevideo.com
2013-11-20 16:04:16,s.youtube.com
2013-11-20 16:04:30,i1.ytimg.com
2013-11-20 16:04:30,s.ytimg.com
2013-11-20 16:04:32,s.youtube.com
2013-11-20 16:04:39,www.youtube.com
2013-11-20 16:04:46,s.youtube.com
2013-11-20 16:04:59,r1---sn-gxo5uxg-jqbe.googlevideo.com
2013-11-20 16:04:59,www.youtube.com
2013-11-20 16:05:00,www.youtube.com
2013-11-20 16:05:00,r1---sn-gxo5uxg-jqbe.googlevideo.com
2013-11-20 16:05:01,apis.google.com
2013-11-20 16:05:01,s.youtube.com
2013-11-20 16:05:01,www.youtube.com
2013-11-20 16:05:01,r1---sn-gxo5uxg-jqbe.googlevideo.com
2013-11-20 16:05:02,apis.google.com
2013-11-20 16:05:02,r1---sn-gxo5uxg-jqbe.googlevideo.com
2013-11-20 16:05:02,s.youtube.com
2013-11-20 16:05:02,www.youtube.com
2013-11-20 16:05:03,www.youtube.com
2013-11-20 16:05:03,r1---sn-gxo5uxg-jqbe.googlevideo.com
2013-11-20 16:05:05,s.youtube.com
2013-11-20 16:05:05,r1---sn-gxo5uxg-jqbe.googlevideo.com
2013-11-20 16:05:05,www.youtube.com
2013-11-20 16:05:06,www.youtube.com
2013-11-20 16:05:06,r1---sn-gxo5uxg-jqbe.googlevideo.com
2013-11-20 16:05:08,www.youtube.com
2013-11-20 16:05:08,r1---sn-gxo5uxg-jqbe.googlevideo.com
2013-11-20 16:05:10,www.youtube.com
2013-11-20 16:05:10,r1---sn-gxo5uxg-jqbe.googlevideo.com
2013-11-20 16:05:10,s.youtube.com
2013-11-20 16:05:11,r1---sn-gxo5uxg-jqbe.googlevideo.com
2013-11-20 16:05:12,s.youtube.com
2013-11-20 16:05:12,www.youtube.com
2013-11-20 16:05:12,r1---sn-gxo5uxg-jqbe.googlevideo.com
2013-11-20 16:05:13,www.youtube.com
2013-11-20 16:05:13,i1.ytimg.com
2013-11-20 16:05:13,apis.google.com
2013-11-20 16:05:14,plus.googleapis.com
2013-11-20 16:05:15,i1.ytimg.com
2013-11-20 16:05:15,s.youtube.com
2013-11-20 16:05:15,plus.googleapis.com
2013-11-20 16:05:16,i1.ytimg.com
2013-11-20 16:05:52,www.google.fr
2013-11-20 16:05:54,platform.twitter.com
2013-11-20 16:05:54,platform.linkedin.com
2013-11-20 16:05:54,www.stumbleupon.com
2013-11-20 16:05:54,apis.google.com
2013-11-20 16:05:54,residences.leclubetudiant.com
2013-11-20 16:05:54,www.google.fr
2013-11-20 16:05:54,people.directory.live.com
2013-11-20 16:05:55,maps.google.fr
2013-11-20 16:05:55,www.facebook.com
2013-11-20 16:05:55,www.dailymotion.com
2013-11-20 16:05:55,residences.leclubetudiant.com
2013-11-20 16:05:55,apis.google.com
2013-11-20 16:05:55,ajax.googleapis.com
2013-11-20 16:05:55,platform.linkedin.com
2013-11-20 16:05:56,apis.google.com
2013-11-20 16:05:56,platform.stumbleupon.com
2013-11-20 16:05:56,www.linkedin.com
2013-11-20 16:05:57,www.linkedin.com
2013-11-20 16:05:57,accounts.google.com
2013-11-20 16:05:57,platform.stumbleupon.com
2013-11-20 16:05:57,www.facebook.com
2013-11-20 16:05:57,residences.leclubetudiant.com
2013-11-20 16:05:58,apis.google.com
2013-11-20 16:05:58,platform.twitter.com
2013-11-20 16:05:59,accounts.google.com
2013-11-20 16:05:59,apis.google.com
2013-11-20 16:06:00,residences.leclubetudiant.com
2013-11-20 16:06:01,twitter.com
2013-11-20 16:06:01,badge.stumbleupon.com
2013-11-20 16:06:13,www.linkedin.com
2013-11-20 16:06:14,residences.leclubetudiant.com
2013-11-20 16:06:15,twitter.com
2013-11-20 16:06:15,residences.leclubetudiant.com
2013-11-20 16:06:15,www.stumbleupon.com
2013-11-20 16:06:15,platform.linkedin.com
2013-11-20 16:06:15,platform.stumbleupon.com
2013-11-20 16:06:15,www.facebook.com
2013-11-20 16:06:16,apis.google.com
2013-11-20 16:06:16,www.linkedin.com
2013-11-20 16:06:17,www.operarc.com
2013-11-20 16:06:18,twitter.com
2013-11-20 16:06:18,www.operarc.com
2013-11-20 16:06:19,www.operarc.com
2013-11-20 16:06:20,residences.leclubetudiant.com
2013-11-20 16:06:20,badge.stumbleupon.com
2013-11-20 16:06:20,www.operarc.com
2013-11-20 16:06:55,www.linkedin.com
2013-11-20 16:06:55,www.operarc.com
2013-11-20 16:06:56,residences.leclubetudiant.com
2013-11-20 16:06:57,residences.leclubetudiant.com
2013-11-20 16:07:05,residences.leclubetudiant.com
2013-11-20 16:07:05,www.dailymotion.com
2013-11-20 16:07:05,www.facebook.com
2013-11-20 16:07:05,platform.linkedin.com
2013-11-20 16:07:06,www.linkedin.com
2013-11-20 16:07:06,www.facebook.com
2013-11-20 16:07:06,platform.stumbleupon.com
2013-11-20 16:07:07,maps.google.fr
2013-11-20 16:07:08,apis.google.com
2013-11-20 16:07:09,mts0.google.com
2013-11-20 16:07:09,mts1.google.com
2013-11-20 16:07:09,twitter.com
2013-11-20 16:07:09,maps.google.fr
2013-11-20 16:07:10,mts0.google.com
2013-11-20 16:07:10,mts1.google.com
2013-11-20 16:07:13,mts0.google.com
2013-11-20 16:07:13,mts1.google.com
2013-11-20 16:07:15,mts2.google.com
2013-11-20 16:07:15,maps.google.fr
2013-11-20 16:07:15,mts3.google.com
2013-11-20 16:07:16,mts0.google.com
2013-11-20 16:07:16,maps.google.fr
2013-11-20 16:07:16,mts1.google.com
2013-11-20 16:07:16,mts3.google.com
2013-11-20 16:07:16,mts2.google.com
2013-11-20 16:07:27,www.bing.com
2013-11-20 16:07:28,www.bing.com
2013-11-20 16:07:29,www.bing.com
2013-11-20 16:07:30,login.live.com
2013-11-20 16:07:30,fr.answers.yahoo.com
2013-11-20 16:07:30,yui.yahooapis.com
2013-11-20 16:07:30,cms.abmr.net
2013-11-20 16:07:31,dmros.ysm.yahoo.com
2013-11-20 16:07:31,yui.yahooapis.com
2013-11-20 16:07:32,yui.yahooapis.com
2013-11-20 16:07:34,service.centraltag.com
2013-11-20 16:07:34,socialprofiles.zenfs.com
2013-11-20 16:07:35,service.centraltag.com
2013-11-20 16:08:11,mts1.google.com
2013-11-20 16:08:18,www.google.com
2013-11-20 16:10:48,www.google.com
2013-11-20 16:11:16,mts2.google.com
2013-11-20 16:11:16,maps.google.fr
2013-11-20 16:11:16,mts1.google.com
2013-11-20 16:11:16,mts0.google.com
2013-11-20 16:11:16,mts3.google.com
2013-11-20 16:12:17,www.dailymotion.com
2013-11-20 16:12:18,www.dailymotion.com
2013-11-20 16:12:18,audience.visiblemeasures.com
2013-11-20 16:12:19,www.dailymotion.com
2013-11-20 16:12:19,od2.visiblemeasures.com
2013-11-20 16:12:19,audience.visiblemeasures.com
2013-11-20 16:12:20,www.dailymotion.com
2013-11-20 16:12:21,www.dailymotion.com
2013-11-20 16:12:27,www.dailymotion.com
2013-11-20 16:12:30,od2.visiblemeasures.com
2013-11-20 16:12:31,dreamhouse.barbie.com
2013-11-20 16:12:31,ajax.googleapis.com
2013-11-20 16:12:32,dreamhouse.barbie.com
2013-11-20 16:12:32,tracker.mattel.com
2013-11-20 16:12:32,corporate.mattel.com
2013-11-20 16:12:32,use.typekit.com
2013-11-20 16:12:35,www.dailymotion.com
2013-11-20 16:12:36,od2.visiblemeasures.com
2013-11-20 16:12:36,logger-02.vty.dailymotion.com
2013-11-20 16:12:36,audience.visiblemeasures.com
2013-11-20 16:12:36,www.dailymotion.com
2013-11-20 16:12:37,www.dailymotion.com
2013-11-20 16:12:51,od2.visiblemeasures.com
2013-11-20 16:13:01,od2.visiblemeasures.com
2013-11-20 16:13:07,od2.visiblemeasures.com
2013-11-20 16:13:12,od2.visiblemeasures.com
2013-11-20 16:13:23,od2.visiblemeasures.com
2013-11-20 16:13:30,www.dailymotion.com
2013-11-20 16:13:31,www.dailymotion.com
2013-11-20 16:13:34,od2.visiblemeasures.com
2013-11-20 16:13:44,od2.visiblemeasures.com
2013-11-20 16:13:55,mts0.google.com
2013-11-20 16:13:56,od2.visiblemeasures.com
2013-11-20 16:14:01,od2.visiblemeasures.com
2013-11-20 16:14:05,www.linkedin.com
2013-11-20 16:14:12,www.mon-logement-etudiant.fr
2013-11-20 16:14:12,static.easyroommate.com
2013-11-20 16:15:48,people.directory.live.com
2013-11-20 16:16:22,dub126.mail.live.com
2013-11-20 16:17:03,h2.msn.com
2013-11-20 16:17:31,g.msn.com
2013-11-20 16:17:55,h2.msn.com
2013-11-20 16:18:25,ea.twimg.com
2013-11-20 16:18:26,h.live.com
2013-11-20 16:18:26,twitter.com
2013-11-20 16:18:26,ea.twimg.com
2013-11-20 16:19:13,go.trouter.io
2013-11-20 16:19:15,people.directory.live.com
2013-11-20 16:19:15,dub126.mail.live.com
2013-11-21 11:28:45,armmf.adobe.com
2013-11-21 11:28:47,armmf.adobe.com
2013-11-21 11:28:50,armdl.adobe.com
2013-12-12 15:09:47,fpdownload2.macromedia.com
2013-12-12 15:10:02,www.bing.com
2013-12-12 15:10:03,www.bing.com
2013-12-12 15:10:04,www.bing.com
2013-12-12 15:10:04,cms.abmr.net
2013-12-12 15:10:05,www.bing.com
2013-12-12 15:10:06,www.win-design.com
2013-12-12 15:10:14,login.live.com
2013-12-12 15:11:22,www.squid-cache.org
2013-12-12 15:11:30,www.bing.com
2013-12-12 15:11:31,www.bing.com
2013-12-12 15:11:34,www.bing.com
2013-12-12 15:11:34,mail.google.com
2013-12-12 15:11:42,login.live.com
2013-12-12 15:11:46,accounts.google.com
2013-12-12 15:11:49,accounts.youtube.com
2013-12-12 15:12:03,mail.google.com
2013-12-12 15:12:10,www.win-design.com
2013-12-12 15:12:43,accounts.google.fr
2013-12-12 15:12:45,mail.google.com
2013-12-12 15:12:45,clients2.google.com
2013-12-12 15:12:45,accounts.google.fr
2013-12-12 15:12:45,accounts.youtube.com
2013-12-12 15:12:45,accounts.google.com
2013-12-12 15:12:46,mail.google.com
2013-12-12 15:12:46,clients2.google.com
2013-12-12 15:12:46,apis.google.com
2013-12-12 15:12:46,plus.google.com
2013-12-12 15:12:47,plus.google.com
2013-12-12 15:12:47,apis.google.com
2013-12-12 15:12:48,www.google.com
2013-12-12 15:12:48,accounts.google.com
2013-12-12 15:12:50,chatenabled.mail.google.com
2013-12-12 15:12:51,b.mail.google.com
2013-12-12 15:13:05,www.google.com
2013-12-12 15:13:18,www.win-design.com
2013-12-12 15:14:48,mail.google.com
2013-12-12 15:16:50,chatenabled.mail.google.com
2013-12-12 15:16:51,plus.google.com
2013-12-12 15:23:57,plus.google.com
2013-12-12 15:27:57,plus.google.com
2013-12-12 15:31:29,mail.google.com
2013-12-12 15:31:29,b.mail.google.com
2014-01-27 08:15:20,fpdownload2.macromedia.com
2014-01-27 08:15:23,res2.windows.microsoft.com
2014-01-27 08:15:23,ajax.microsoft.com
2014-01-27 08:15:23,js.microsoft.com
2014-01-27 08:15:23,windows.microsoft.com
2014-01-27 08:15:23,go.microsoft.com
2014-01-27 08:15:23,res1.windows.microsoft.com
2014-01-27 08:15:27,www.bing.com
2014-01-27 08:15:28,www.bing.com
2014-01-27 08:15:29,login.live.com
2014-01-27 08:15:29,www.bing.com
2014-01-27 08:15:29,cms.abmr.net
2014-01-27 08:15:38,www.bing.com
2014-01-27 08:18:24,go.microsoft.com
2014-01-27 08:18:24,ieonline.microsoft.com
2014-02-04 17:10:30,clients1.google.com
2014-02-04 17:10:31,gtglobal-ocsp.geotrust.com
2014-02-04 17:10:36,clients1.google.com
2014-02-04 17:10:38,www.google.fr
2014-02-04 17:10:39,windows.microsoft.com
2014-02-04 17:10:39,res1.windows.microsoft.com
2014-02-04 17:10:39,res2.windows.microsoft.com
2014-02-04 17:10:40,evsecure-ocsp.verisign.com
2014-02-04 17:10:40,ajax.microsoft.com
2014-02-04 17:10:40,login.live.com
2014-02-04 17:10:40,res1.windows.microsoft.com
2014-02-04 17:10:40,res2.windows.microsoft.com
2014-02-04 17:10:40,js.microsoft.com
2014-02-04 17:10:41,www.facebook.com
2014-02-04 17:10:41,js.microsoft.com
2014-02-04 17:10:41,res1.windows.microsoft.com
2014-02-04 17:10:41,windows.microsoft.com
2014-02-04 17:10:41,res2.windows.microsoft.com
2014-02-04 17:10:44,www.google.fr
2014-02-04 17:10:44,www.hotmail.fr
2014-02-04 17:10:45,login.live.com
2014-02-04 17:10:45,evintl-ocsp.verisign.com
2014-02-04 17:10:46,login.live.com
2014-02-04 17:10:46,safebrowsing.clients.google.com
2014-02-04 17:10:46,ocsp.digicert.com
2014-02-04 17:10:46,safebrowsing-cache.google.com
2014-02-04 17:10:48,ocsp.digicert.com
2014-02-04 17:10:59,login.live.com
2014-02-04 17:10:59,windowslive.tt.omtrdc.net
2014-02-04 17:11:00,evintl-ocsp.verisign.com
2014-02-04 17:11:04,ocsp.verisign.com
2014-02-04 17:11:09,gtssl-ocsp.geotrust.com
2014-02-04 17:11:14,windowslive.tt.omtrdc.net
2014-02-04 17:11:31,www.commentcamarche.net
2014-02-04 17:11:31,www.google.fr
2014-02-04 17:11:31,static.ccm2.net
2014-02-04 17:11:31,r.ccmbg.com
2014-02-04 17:11:31,ba.commentcamarche.net
2014-02-04 17:11:32,clients1.google.com
2014-02-04 17:11:32,ba.commentcamarche.net
2014-02-04 17:11:32,platform.twitter.com
2014-02-04 17:11:32,www.facebook.com
2014-02-04 17:11:32,pixel.alephd.com
2014-02-04 17:11:32,evsecure-ocsp.verisign.com
2014-02-04 17:11:32,ocsp.verisign.com
2014-02-04 17:11:32,static.ccm2.net
2014-02-04 17:11:33,ba.commentcamarche.net
2014-02-04 17:11:33,loadr.exelator.com
2014-02-04 17:11:33,static.ak.facebook.com
2014-02-04 17:11:33,connect.facebook.net
2014-02-04 17:11:33,static.ccm2.net
2014-02-04 17:11:33,clients1.google.com
2014-02-04 17:11:34,www.commentcamarche.net
2014-02-04 17:11:34,static.ccmbg.com
2014-02-04 17:11:34,static.ccm2.net
2014-02-04 17:11:34,ba.commentcamarche.net
2014-02-04 17:11:34,www.facebook.com
2014-02-04 17:11:34,gtssl-ocsp.geotrust.com
2014-02-04 17:11:34,pixel.alephd.com
2014-02-04 17:11:34,platform.twitter.com
2014-02-04 17:11:35,pixel.alephd.com
2014-02-04 17:11:36,dps.bing.com
2014-02-04 17:12:03,h.bing.com
2014-02-04 17:12:03,mail.live.com
2014-02-04 17:12:04,dub126.mail.live.com
2014-02-04 17:12:04,h.bing.com
2014-02-04 17:12:04,twitter.com
2014-02-04 17:12:05,dub126.mail.live.com
2014-02-04 17:12:06,h.live.com
2014-02-04 17:12:07,dub126.mail.live.com
2014-02-04 17:12:07,h.live.com
2014-02-04 17:12:08,pixel.alephd.com
2014-02-04 17:12:08,cid-a49429c90604af1b.users.storage.live.com
2014-02-04 17:12:08,people.directory.live.com
2014-02-04 17:12:08,h.live.com
2014-02-04 17:12:08,byfiles.storage.msn.com
2014-02-04 17:12:09,cid-aaa5032b13954e81.users.storage.live.com
2014-02-04 17:12:09,h.bing.com
2014-02-04 17:12:10,storage.live.com
2014-02-04 17:12:13,dub126.mail.live.com
2014-02-04 17:12:14,www.squid-cache.org
2014-02-04 17:13:02,js.live.net
2014-02-04 17:13:02,p.sfx.ms
2014-02-04 17:13:04,go.trouter.io
2014-02-04 17:13:05,dub126.mail.live.com
2014-02-04 17:13:08,secure.shared.live.com
2014-02-04 17:13:28,s-static.ak.facebook.com
2014-02-04 17:13:32,apis.google.com
2014-02-04 17:13:40,sb-ssl.google.com
2014-02-04 17:14:23,www.google.com
2014-02-04 17:14:25,www.google.fr
2014-02-04 17:14:28,ajax.googleapis.com
2014-02-04 17:14:35,www.facebook.com
2014-02-04 17:15:11,h.live.com
2014-02-04 17:15:11,cid-a49429c90604af1b.users.storage.live.com
2014-02-04 17:15:12,dub126.mail.live.com
2014-02-04 17:15:12,dub126.afx.ms
2014-02-04 17:16:06,ocsp.thawte.com
2014-02-04 17:17:07,people.directory.live.com
2014-02-04 17:17:21,dub126.afx.ms
2014-02-04 17:18:06,ocsp.verisign.com
2014-02-04 17:18:40,h.live.com
2014-02-04 17:18:43,dub126.mail.live.com
2014-02-04 17:19:14,dub126.mail.live.com
2014-02-04 17:19:15,www.google.com
2014-02-04 17:19:16,dub126.afx.ms
2014-02-04 17:19:45,www.google.fr
2014-02-04 17:19:46,www.convert-jpg-to-pdf.net
2014-02-04 17:19:47,platform.twitter.com
2014-02-04 17:19:47,www.google.com
2014-02-04 17:19:47,clients1.google.com
2014-02-04 17:19:47,apis.google.com
2014-02-04 17:19:47,www.facebook.com
2014-02-04 17:19:48,clients1.google.com
2014-02-04 17:19:50,platform.twitter.com
2014-02-04 17:20:06,ocsp.digicert.com
2014-02-04 17:20:18,jpg.smallpdf.com
2014-02-04 17:20:18,twitter.com
2014-02-04 17:20:18,www.google.fr
2014-02-04 17:20:19,connect.facebook.net
2014-02-04 17:20:19,jpg.smallpdf.com
2014-02-04 17:20:20,www.facebook.com
2014-02-04 17:20:20,jpg.smallpdf.com
2014-02-04 17:20:46,jpg.smallpdf.com
2014-02-04 17:20:50,twitter.com
2014-02-04 17:21:46,platform.twitter.com
2014-02-04 17:22:09,people.directory.live.com
2014-02-04 17:22:12,www.facebook.com
2014-02-04 17:22:12,jpg.smallpdf.com
2014-02-04 17:22:26,jpg.smallpdf.com
2014-02-04 17:22:41,www.youtube.com
2014-02-04 17:22:41,i1.ytimg.com
2014-02-04 17:22:42,s.ytimg.com
2014-02-04 17:22:42,twitter.com
2014-02-04 17:22:49,www.facebook.com
2014-02-04 17:23:07,www.google.com
2014-02-04 17:23:08,www.google.fr
2014-02-04 17:23:16,accounts.google.com
2014-02-04 17:25:08,apis.google.com
2014-02-04 17:41:00,safebrowsing-cache.google.com
2014-02-04 17:41:00,safebrowsing.clients.google.com
2014-02-04 17:53:26,www.google.fr
2014-02-04 17:53:27,mobile.free.fr
2014-02-04 17:53:27,www.google.com
2014-02-04 17:53:27,www.google.fr
2014-02-04 17:53:34,mobile.free.fr
2014-02-04 17:53:34,rapidssl-ocsp.geotrust.com
2014-02-04 17:55:44,www.google.fr
2014-02-04 17:55:44,mobile.free.fr
2014-02-04 17:55:44,www.google.com
2014-02-04 18:00:43,api.bing.com
2014-02-04 18:00:45,api.bing.com
2014-02-04 18:00:46,www.hotmail.fr
2014-02-04 18:00:49,login.live.com
2014-02-04 18:00:52,login.live.com
2014-02-04 18:00:53,windowslive.tt.omtrdc.net
2014-02-04 18:01:06,windowslive.tt.omtrdc.net
2014-02-04 18:01:12,login.live.com
2014-02-04 18:01:13,login.live.com
2014-02-04 18:01:13,mail.live.com
2014-02-04 18:01:19,cid-a49429c90604af1b.users.storage.live.com
2014-02-04 18:01:19,dub126.mail.live.com
2014-02-04 18:01:20,h.live.com
2014-02-04 18:01:20,dub126.mail.live.com
2014-02-04 18:01:20,people.directory.live.com
2014-02-04 18:01:20,windowslive.tt.omtrdc.net
2014-02-04 18:01:21,h.bing.com
2014-02-04 18:01:23,h.live.com
2014-02-04 18:01:23,h.bing.com
2014-02-04 18:01:24,h.live.com
2014-02-04 18:01:26,h.live.com
2014-02-04 18:01:26,dub126.mail.live.com
2014-02-04 18:01:27,dub126.afx.ms
2014-02-04 18:01:27,secure.shared.live.com
2014-02-04 18:01:28,js.live.net
2014-02-04 18:01:29,byfiles.storage.msn.com
2014-02-04 18:01:45,us-request.foxitservice.com
2014-02-04 18:02:31,dub126.afx.ms
2014-02-04 18:02:31,storage.live.com
2014-02-04 18:02:32,dub126.mail.live.com
2014-02-04 18:03:13,dub126.mail.live.com
2014-02-04 18:03:16,ieonline.microsoft.com
2014-02-04 18:03:28,go.trouter.io
2014-02-04 18:03:52,secure.shared.live.com
2014-02-04 18:04:24,dub126.mail.live.com
2014-02-04 18:06:39,cid-a49429c90604af1b.users.storage.live.com
2014-02-04 18:06:41,dub126.mail.live.com
2014-02-04 18:06:44,dub126.afx.ms
2014-02-04 18:07:21,proxy-bay-people.directory.live.com
2014-02-04 18:21:18,proxy-bay-people.directory.live.com
2014-02-17 14:29:34,www.google.fr
2014-02-17 14:29:44,fpdownload2.macromedia.com
2014-02-17 14:29:50,www.google.fr
2014-02-17 14:29:51,apis.google.com
2014-02-17 14:29:53,www.google.com
2014-02-17 14:31:53,www.google.com
2014-02-17 14:31:53,apis.google.com
2014-02-17 14:31:53,www.google.fr
2014-02-17 14:32:36,ieonline.microsoft.com
2014-02-18 13:36:54,api.bing.com
2014-02-18 13:37:00,api.bing.com
2014-02-18 13:37:01,www.hotmail.fr
2014-02-18 13:37:04,login.live.com
2014-02-18 13:37:06,login.live.com
2014-02-18 13:37:09,windowslive.tt.omtrdc.net
2014-02-18 13:37:21,windowslive.tt.omtrdc.net
2014-02-18 13:37:22,login.live.com
2014-02-18 13:37:23,login.live.com
2014-02-18 13:37:30,mail.live.com
2014-02-18 13:37:30,people.directory.live.com
2014-02-18 13:37:31,windowslive.tt.omtrdc.net
2014-02-18 13:37:31,dub126.mail.live.com
2014-02-18 13:37:31,cid-a49429c90604af1b.users.storage.live.com
2014-02-18 13:37:32,dub126.mail.live.com
2014-02-18 13:37:32,dub126.afx.ms
2014-02-18 13:37:33,dub126.afx.ms
2014-02-18 13:37:33,dub126.mail.live.com
2014-02-18 13:37:33,h.live.com
2014-02-18 13:37:34,people.directory.live.com
2014-02-18 13:37:35,dub126.mail.live.com
2014-02-18 13:37:35,h.live.com
2014-02-18 13:37:38,dub126.mail.live.com
2014-02-18 13:37:39,secure.shared.live.com
2014-02-18 13:37:39,h.live.com
2014-02-18 13:37:41,h.live.com
2014-02-18 13:37:43,js.live.net
2014-02-18 13:37:44,dub126.mail.live.com
2014-02-18 13:37:44,byfiles.storage.msn.com
2014-02-18 13:38:11,go.trouter.io
2014-02-18 13:38:12,storage.live.com
2014-02-18 13:38:16,secure.shared.live.com
2014-02-18 13:38:16,h2.msn.com
2014-02-18 13:38:36,h.live.com
2014-02-18 13:38:36,h2.msn.com
2014-02-18 13:38:44,g.msn.com
2014-02-18 13:39:17,dub126.mail.live.com
2014-02-18 13:39:29,dub126.mail.live.com
2014-02-18 13:39:29,p.sfx.ms
2014-02-18 13:39:33,ieonline.microsoft.com
2014-02-18 13:39:36,p.sfx.ms
2014-02-18 13:39:36,cid-a49429c90604af1b.users.storage.live.com
2014-02-18 13:39:48,dub126.mail.live.com
2014-02-18 13:39:48,dub126.afx.ms
2014-02-18 13:39:48,h.live.com
2014-02-18 13:39:48,h2.msn.com
2014-02-18 13:39:48,g.msn.com
2014-02-18 13:40:18,word-view.officeapps.live.com
2014-02-18 13:40:20,dub126.afx.ms
2014-02-18 13:41:14,dub126.mail.live.com
2014-02-18 13:41:20,dub126.mail.live.com
2014-02-18 13:41:20,h.live.com
2014-02-18 13:41:21,dub126.mail.live.com
2014-02-18 13:41:27,proxy-bay-people.directory.live.com
2014-02-18 13:41:29,us-request.foxitservice.com
2014-02-18 13:41:32,dub126.afx.ms
2014-02-18 13:42:18,dub126.mail.live.com
2014-02-18 13:42:23,api.bing.com
2014-02-18 13:42:24,api.bing.com
2014-02-18 13:42:25,api.bing.com
2014-02-18 13:42:26,www.google.fr
2014-02-18 13:42:36,www.google.fr
2014-02-18 13:42:39,apis.google.com
2014-02-18 13:42:39,www.google.com
2014-02-18 13:42:47,apis.google.com
2014-02-18 13:42:47,www.google.com
2014-02-18 13:42:47,www.google.fr
2014-02-18 13:42:50,www.nitrocloud.com
2014-02-18 13:42:50,apis.google.com
2014-02-18 13:42:51,www.nitrocloud.com
2014-02-18 13:42:51,apis.google.com
2014-02-18 13:42:52,apis.google.com
2014-02-18 13:42:52,cid-a49429c90604af1b.users.storage.live.com
2014-02-18 13:42:52,platform.twitter.com
2014-02-18 13:42:53,www.nitrocloud.com
2014-02-18 13:42:53,d3dy5gmtp8yhk7.cloudfront.net
2014-02-18 13:42:53,apis.google.com
2014-02-18 13:42:53,connect.facebook.net
2014-02-18 13:42:53,doug1izaerwt3.cloudfront.net
2014-02-18 13:42:54,d3dy5gmtp8yhk7.cloudfront.net
2014-02-18 13:42:54,ajax.googleapis.com
2014-02-18 13:42:54,doug1izaerwt3.cloudfront.net
2014-02-18 13:42:54,www.nitrocloud.com
2014-02-18 13:42:56,s-static.ak.facebook.com
2014-02-18 13:42:56,ajax.googleapis.com
2014-02-18 13:42:56,s2128.t.eloqua.com
2014-02-18 13:42:56,accounts.google.com
2014-02-18 13:42:57,ajax.cloudflare.com
2014-02-18 13:42:58,apis.google.com
2014-02-18 13:42:58,s2128.t.eloqua.com
2014-02-18 13:42:59,www.facebook.com
2014-02-18 13:42:59,platform.twitter.com
2014-02-18 13:42:59,apis.google.com
2014-02-18 13:42:59,s2128.t.eloqua.com
2014-02-18 13:42:59,accounts.google.com
2014-02-18 13:42:59,www.nitrocloud.com
2014-02-18 13:42:59,twitter.com
2014-02-18 13:43:00,www.facebook.com
2014-02-18 13:43:00,twitter.com
2014-02-18 13:43:25,dub126.mail.live.com
2014-02-18 13:43:33,nitrocloud-prod.s3.amazonaws.com
2014-02-18 13:43:35,api.bing.com
2014-02-18 13:43:36,www.gmail.com
2014-02-18 13:43:36,mail.google.com
2014-02-18 13:43:39,mail.google.com
2014-02-18 13:43:39,accounts.google.com
2014-02-18 13:43:40,www.google.com
2014-02-18 13:43:41,www.google.com
2014-02-18 13:43:41,accounts.google.com
2014-02-18 13:43:44,mail.google.com
2014-02-18 13:43:45,apis.google.com
2014-02-18 13:43:50,www.google.com
2014-02-18 13:43:50,www.google.fr
2014-02-18 13:43:50,s-static.ak.facebook.com
2014-02-18 13:43:50,d3dy5gmtp8yhk7.cloudfront.net
2014-02-18 13:43:51,www.facebook.com
2014-02-18 13:43:51,s2128.t.eloqua.com
2014-02-18 13:43:54,doug1izaerwt3.cloudfront.net
2014-02-18 13:43:54,s-static.ak.facebook.com
2014-02-18 13:43:54,d3dy5gmtp8yhk7.cloudfront.net
2014-02-18 13:43:56,www.facebook.com
2014-02-18 13:43:56,twitter.com
2014-02-18 13:43:57,www.facebook.com
2014-02-18 13:43:57,s2128.t.eloqua.com
2014-02-18 13:43:57,apis.google.com
2014-02-18 13:43:57,www.nitrocloud.com
2014-02-18 13:43:58,www.google.com
2014-02-18 13:44:07,www.google.fr
2014-02-18 13:44:08,www.google.fr
2014-02-18 13:44:09,d3dy5gmtp8yhk7.cloudfront.net
2014-02-18 13:44:09,www.google.fr
2014-02-18 13:44:09,s-static.ak.facebook.com
2014-02-18 13:44:10,www.nitrocloud.com
2014-02-18 13:44:10,doug1izaerwt3.cloudfront.net
2014-02-18 13:44:10,www.facebook.com
2014-02-18 13:44:14,mail.google.com
2014-02-18 13:44:14,apis.google.com
2014-02-18 13:44:14,www.google.com
2014-02-18 13:44:17,accounts.google.com
2014-02-18 13:44:17,www.google.com
2014-02-18 13:44:18,www.google.com
2014-02-18 13:44:21,accounts.youtube.com
2014-02-18 13:44:37,s2128.t.eloqua.com
2014-02-18 13:44:37,www.google.fr
2014-02-18 13:44:38,twitter.com
2014-02-18 13:44:38,apis.google.com
2014-02-18 13:44:38,www.google.fr
2014-02-18 13:44:38,www.pdfonline.com
2014-02-18 13:44:39,www.google.com
2014-02-18 13:44:39,www.pdfonline.com
2014-02-18 13:44:39,connect.facebook.net
2014-02-18 13:44:40,s-static.ak.facebook.com
2014-02-18 13:44:40,www.google.com
2014-02-18 13:44:40,www.pdfonline.com
2014-02-18 13:44:40,static.ak.facebook.com
2014-02-18 13:44:41,accounts.google.com
2014-02-18 13:44:41,www.google.com
2014-02-18 13:44:41,pdftoword4.pdfonline.com
2014-02-18 13:44:41,www.pdfonline.com
2014-02-18 13:44:41,apis.google.com
2014-02-18 13:44:42,pdftoword4.pdfonline.com
2014-02-18 13:44:42,www.google.com
2014-02-18 13:44:43,clients1.google.com
2014-02-18 13:44:43,www.google.com
2014-02-18 13:44:43,pdftoword4.pdfonline.com
2014-02-18 13:44:43,www.googleapis.com
2014-02-18 13:44:44,www.pdfonline.com
2014-02-18 13:44:44,www.facebook.com
2014-02-18 13:44:44,www.googleapis.com
2014-02-18 13:44:54,accounts.google.fr
2014-02-18 13:45:00,accounts.google.com
2014-02-18 13:45:00,accounts.youtube.com
2014-02-18 13:45:00,accounts.google.fr
2014-02-18 13:45:02,mail.google.com
2014-02-18 13:45:02,clients2.google.com
2014-02-18 13:45:03,www.google.com
2014-02-18 13:45:03,apis.google.com
2014-02-18 13:45:04,mail.google.com
2014-02-18 13:45:04,plus.google.com
2014-02-18 13:45:05,clients2.google.com
2014-02-18 13:45:06,mail.google.com
2014-02-18 13:45:07,clients6.google.com
2014-02-18 13:45:09,www.google.com
2014-02-18 13:45:10,mail.google.com
2014-02-18 13:45:10,plus.google.com
2014-02-18 13:45:10,chatenabled.mail.google.com
2014-02-18 13:45:24,apis.google.com
2014-02-18 13:45:28,www.pdfonline.com
2014-02-18 13:45:28,apis.google.com
2014-02-18 13:45:29,www.google.com
2014-02-18 13:45:29,connect.facebook.net
2014-02-18 13:45:30,www.pdfonline.com
2014-02-18 13:45:30,www.google.com
2014-02-18 13:45:31,s-static.ak.facebook.com
2014-02-18 13:45:31,plus.google.com
2014-02-18 13:45:31,www.google.com
2014-02-18 13:45:31,static.ak.facebook.com
2014-02-18 13:45:32,www.google.com
2014-02-18 13:45:32,apis.google.com
2014-02-18 13:45:32,www.facebook.com
2014-02-18 13:45:32,www.googleapis.com
2014-02-18 13:45:33,www.google.com
2014-02-18 13:45:33,pdftoword2.pdfonline.com
2014-02-18 13:45:33,clients1.google.com
2014-02-18 13:45:33,www.pdfonline.com
2014-02-18 13:45:33,apis.google.com
2014-02-18 13:45:33,accounts.google.com
2014-02-18 13:45:34,pdftoword2.pdfonline.com
2014-02-18 13:45:35,pdftoword2.pdfonline.com
2014-02-18 13:45:46,clients6.google.com
2014-02-18 13:46:09,chatenabled.mail.google.com
2014-02-18 13:46:09,proxy-bay-people.directory.live.com
2014-02-18 13:46:10,apis.google.com
2014-02-18 13:46:11,apis.google.com
2014-02-18 13:46:47,www.google.fr
2014-02-18 13:46:48,www.pdfenword.com
2014-02-18 13:46:49,www.pdfenword.com
2014-02-18 13:46:49,static.ak.facebook.com
2014-02-18 13:46:49,connect.facebook.net
2014-02-18 13:46:49,s-static.ak.facebook.com
2014-02-18 13:46:50,www.facebook.com
2014-02-18 13:46:50,www.pdfenword.com
2014-02-18 13:46:51,www.facebook.com
2014-02-18 13:46:51,www.pdfenword.com
2014-02-18 13:46:52,www.pdfenword.com
2014-02-18 13:46:52,platform.twitter.com
2014-02-18 13:46:52,accounts.google.com
2014-02-18 13:46:52,www.facebook.com
2014-02-18 13:46:53,platform.twitter.com
2014-02-18 13:46:53,apis.google.com
2014-02-18 13:46:54,www.facebook.com
2014-02-18 13:46:56,static.ak.facebook.com
2014-02-18 13:46:56,platform.twitter.com
2014-02-18 13:46:56,s-static.ak.facebook.com
2014-02-18 13:47:00,www.pdfenword.com
2014-02-18 13:47:00,de.tynt.com
2014-02-18 13:47:01,www.google.com
2014-02-18 13:47:28,twitter.com
2014-02-18 13:47:44,www.pdfenword.com
2014-02-18 13:47:45,www.pdfenword.com
2014-02-18 13:47:46,www.pdfenword.com
2014-02-18 13:47:48,www.pdfenword.com
2014-02-18 13:48:10,mail.google.com
2014-02-18 13:48:35,mail.google.com
2014-02-18 13:48:37,platform.twitter.com
2014-02-18 13:48:37,plus.google.com
2014-02-18 13:48:37,mail.google.com
2014-02-18 13:48:37,clients6.google.com
2014-02-18 13:48:38,go.trouter.io
2014-02-18 14:12:02,www.google.fr
2014-02-18 14:12:06,www.google.fr
2014-02-18 14:12:15,www.google.fr
2014-02-18 14:12:59,www.google.fr
2014-02-18 14:13:11,www.google.fr
2014-02-18 14:13:12,apis.google.com
2014-02-18 14:13:14,www.google.com
2014-02-18 14:15:14,ieonline.microsoft.com
2014-02-18 14:15:17,www.google.fr
2014-02-18 14:15:20,www.google.fr
2014-02-18 14:17:12,apis.google.com
2014-02-18 14:17:15,www.google.com
2014-02-18 14:18:09,www.google.fr
2014-02-18 14:27:30,www.google.fr
2014-02-18 14:28:32,www.hotmail.fr
2014-02-18 14:28:42,login.live.com
2014-02-18 14:28:50,login.live.com
2014-02-18 14:29:03,www.google.fr
2014-02-18 14:29:13,login.live.com
2014-02-18 14:29:15,login.live.com
2014-02-18 14:29:42,login.live.com
2014-02-18 14:29:43,windowslive.tt.omtrdc.net
2014-02-18 14:29:49,mail.live.com
2014-02-18 14:29:49,dub126.mail.live.com
2014-02-18 14:29:55,dub126.mail.live.com
2014-02-18 14:29:56,dub126.mail.live.com
2014-02-18 14:29:56,people.directory.live.com
2014-02-18 14:29:56,cid-a49429c90604af1b.users.storage.live.com
2014-02-18 14:29:57,dub126.mail.live.com
2014-02-18 14:29:57,secure.shared.live.com
2014-02-18 14:29:58,js.live.net
2014-02-18 14:29:59,secure.shared.live.com
2014-02-18 14:30:01,windowslive.tt.omtrdc.net
2014-02-18 14:30:03,www.google.fr
2014-02-18 14:30:05,dub126.mail.live.com
2014-02-18 14:30:05,go.trouter.io
2014-02-18 14:30:07,storage.live.com
2014-02-18 14:30:08,windowslive.tt.omtrdc.net
2014-02-18 14:30:10,secure.shared.live.com
2014-02-18 14:30:10,h.live.com
2014-02-18 14:30:10,people.directory.live.com
2014-02-18 14:30:11,byfiles.storage.msn.com
2014-02-18 14:30:16,www.google.fr
2014-02-18 14:30:16,dub126.mail.live.com
2014-02-18 14:30:31,player.vimeo.com
2014-02-18 14:30:49,connect.facebook.net
2014-02-18 14:30:49,www.beead.fr
2014-02-18 14:30:49,www.modele-cv-lettre.com
2014-02-18 14:30:49,lettre-de-motivation.modele-cv-lettre.com
2014-02-18 14:30:49,www.google.fr
2014-02-18 14:30:49,s-static.ak.facebook.com
2014-02-18 14:30:49,www.ebz.io
2014-02-18 14:30:49,static.ak.facebook.com
2014-02-18 14:30:50,www.google.com
2014-02-18 14:30:51,adventori.com
2014-02-18 14:30:51,static.ebz.io
2014-02-18 14:30:51,www.facebook.com
2014-02-18 14:31:01,apis.google.com
2014-02-18 14:31:04,accounts.google.com
2014-02-18 14:31:06,apis.google.com
2014-02-18 14:31:06,www.modele-cv-lettre.com
2014-02-18 14:31:06,h.live.com
2014-02-18 14:31:13,h.live.com
2014-02-18 14:31:15,dub126.mail.live.com
2014-02-18 14:31:18,h.live.com
2014-02-18 14:31:46,dub126.mail.live.com
2014-02-18 14:33:01,dub126.mail.live.com
2014-02-18 14:33:06,accounts.google.com
2014-02-18 14:33:06,apis.google.com
2014-02-18 14:36:15,www.google.com
2014-02-18 14:36:23,s-static.ak.facebook.com
2014-02-18 14:36:23,apis.google.com
2014-02-18 14:36:23,lettre-de-motivation.modele-cv-lettre.com
2014-02-18 14:36:23,static.ak.facebook.com
2014-02-18 14:36:24,adventori.com
2014-02-18 14:36:25,www.facebook.com
2014-02-18 14:36:25,www.modele-cv-lettre.com
2014-02-18 14:36:28,s-static.ak.facebook.com
2014-02-18 14:36:28,apis.google.com
2014-02-18 14:36:28,lettre-de-motivation.modele-cv-lettre.com
2014-02-18 14:36:28,static.ak.facebook.com
2014-02-18 14:36:29,lettre-de-motivation.modele-cv-lettre.com
2014-02-18 14:36:40,www.google.fr
2014-02-18 14:36:41,www.google.fr
2014-02-18 14:36:41,www.lettres-gratuites.com
2014-02-18 14:36:42,57qkzlaeuw.s.ad6media.fr
2014-02-18 14:36:43,57qkzlaeuw.s.ad6media.fr
2014-02-18 14:36:43,www.lettres-gratuites.com
2014-02-18 14:37:00,www.lettres-gratuites.com
2014-02-18 14:37:00,57qkzlaeuw.s.ad6media.fr
2014-02-18 14:37:07,www.google.fr
2014-02-18 14:37:07,accounts.google.com
2014-02-18 14:37:07,apis.google.com
2014-02-18 14:37:08,www.google.com
2014-02-18 14:37:08,www.google.fr
2014-02-18 14:37:09,videosfr.s3.amazonaws.com
2014-02-18 14:37:09,platform.twitter.com
2014-02-18 14:37:09,rs.mediapostcommunication.net
2014-02-18 14:37:09,av.mediapostcommunication.net
2014-02-18 14:37:09,ws.mediapostcommunication.net
2014-02-18 14:37:10,accounts.google.com
2014-02-18 14:37:10,av.mediapostcommunication.net
2014-02-18 14:37:10,static.ak.facebook.com
2014-02-18 14:37:10,www.facebook.com
2014-02-18 14:37:10,s-static.ak.facebook.com
2014-02-18 14:37:10,apis.google.com
2014-02-18 14:37:13,i1-js-14-3-01-11074-640020563-i.init.cedexis-radar.net
2014-02-18 14:37:14,cedexis-test01.insnw.net
2014-02-18 14:37:17,pixel2368.everesttech.net
2014-02-18 14:37:23,cedexis-test01.insnw.net
2014-02-18 14:37:24,limelight.cedexis.com
2014-02-18 14:37:24,cedexis-test01.insnw.net
2014-02-18 14:37:25,probe.cedexis.org
2014-02-18 14:37:25,level3.cedexis.com
2014-02-18 14:37:26,level3.cedexis.com
2014-02-18 14:38:09,www.facebook.com
2014-02-18 14:39:57,www.google.fr
2014-02-18 14:40:09,www.google.fr
2014-02-18 14:40:56,proxy-bay-people.directory.live.com
2014-02-18 14:42:40,www.google.fr
2014-02-18 14:54:04,dub126.mail.live.com
2014-02-18 14:54:05,dub126.mail.live.com
2014-02-18 14:57:43,dub126.afx.ms
2014-02-18 14:57:44,dub126.mail.live.com
2014-02-18 14:57:44,dub126.afx.ms
2014-02-18 14:58:10,dub126.afx.ms
2014-02-18 14:58:10,dub126.mail.live.com
2014-02-18 14:58:10,h.live.com
2014-02-18 14:58:11,dub126.afx.ms
2014-02-18 14:58:11,connect.facebook.net
2014-02-18 14:58:11,proxy-bay-people.directory.live.com
2014-02-18 14:58:12,h.live.com
2014-02-18 14:58:12,s-static.ak.facebook.com
2014-02-18 14:58:12,ws.mediapostcommunication.net
2014-02-18 14:58:12,static.ak.facebook.com
2014-02-18 14:58:12,www.facebook.com
2014-02-18 14:58:12,as.beead.net
2014-02-18 14:58:13,static.ebz.io
2014-02-18 14:58:13,as.beead.net
2014-02-18 14:58:13,av.mediapostcommunication.net
2014-02-18 14:58:13,apis.google.com
2014-02-18 14:58:14,static.ebz.io
2014-02-18 14:58:16,i1-js-14-3-01-11074-795207705-i.init.cedexis-radar.net
2014-02-18 14:58:19,eu-ams1.joyent.bench.cedexis.com
2014-02-18 14:58:19,twitter.com
2014-02-18 14:58:26,static.ebz.io
2014-02-18 14:58:26,twitter.com
2014-02-18 14:58:27,static.ebz.io
2014-02-18 14:58:30,ec2-sa-east-1a.cedexis.com
2014-02-18 14:58:31,sfr.cedexis.com
2014-02-18 14:58:31,ec2-sa-east-1a.cedexis.com
2014-02-18 14:59:38,www.google.fr
2014-02-18 15:03:53,proxy-bay-people.directory.live.com
2014-02-18 15:08:20,h.live.com
2014-02-18 15:08:22,dub126.mail.live.com
2014-02-18 15:08:41,p.sfx.ms
2014-02-18 15:08:41,proxy-bay-people.directory.live.com
2014-02-18 15:09:42,login.live.com
2014-02-18 15:09:42,h.live.com
2014-02-18 15:09:43,dub126.mail.live.com
2014-02-18 15:09:44,dub126.mail.live.com
2014-02-18 15:09:45,dub126.mail.live.com
2014-02-18 15:09:49,cid-a49429c90604af1b.users.storage.live.com
2014-02-18 15:10:37,dub126.mail.live.com
2014-02-18 15:13:01,av.mediapostcommunication.net
2014-02-18 15:13:01,ws.mediapostcommunication.net
2014-02-18 15:13:01,platform.twitter.com
2014-02-18 15:13:01,connect.facebook.net
2014-02-18 15:13:02,static.ak.facebook.com
2014-02-18 15:13:02,s-static.ak.facebook.com
2014-02-18 15:13:04,as.beead.net
2014-02-18 15:13:05,static.ebz.io
2014-02-18 15:13:06,static.ebz.io
2014-02-18 15:13:12,www.facebook.com
2014-02-18 15:13:12,apis.google.com
2014-02-18 15:13:12,twitter.com
2014-02-18 15:13:15,i1-js-14-3-01-11074-797259609-i.init.cedexis-radar.net
2014-02-18 15:13:17,www.facebook.com
2014-02-18 15:13:20,fastly.bench.cedexis.com
2014-02-18 15:13:20,fastly.bench.cedexis.com.global.prod.fastly.net
2014-02-18 15:13:23,fastly.bench.cedexis.com
2014-02-18 15:13:25,hkg.rackspace.bench.cedexis.com
2014-02-18 15:13:29,hkg.rackspace.bench.cedexis.com
2014-02-18 15:13:31,radar.cedexis.swiftserve.com
2014-02-18 15:13:33,radar.cedexis.swiftserve.com
2014-02-18 15:13:38,www.google.fr
2014-02-18 15:13:39,www.ebz.io
2014-02-18 15:13:39,s-static.ak.facebook.com
2014-02-18 15:13:39,www.google.fr
2014-02-18 15:13:39,lettre-de-motivation.modele-cv-lettre.com
2014-02-18 15:13:39,static.ak.facebook.com
2014-02-18 15:13:39,apis.google.com
2014-02-18 15:13:40,www.facebook.com
2014-02-18 15:13:42,twitter.com
2014-02-18 15:13:51,proxy-bay-people.directory.live.com
2014-02-18 15:15:25,www.google.fr
2014-02-18 15:15:40,apis.google.com
2014-02-18 15:15:59,www.google.fr
2014-02-18 15:16:00,conjugaison.lemonde.fr
2014-02-18 15:16:00,s1.lemde.fr
2014-02-18 15:16:00,www.lemonde.fr
2014-02-18 15:16:00,www.google.fr
2014-02-18 15:16:01,s1.lemde.fr
2014-02-18 15:16:02,medias.lemonde.fr
2014-02-18 15:16:02,s1.lemde.fr
2014-02-18 15:17:12,apis.google.com
2014-02-18 15:18:57,proxy-bay-people.directory.live.com
2014-02-18 15:20:05,www.facebook.com
2014-02-18 15:20:10,www.facebook.com
2014-02-18 15:20:10,s-static.ak.facebook.com
2014-02-18 15:20:10,twitter.com
2014-02-18 15:20:10,static.ak.facebook.com
2014-02-18 15:20:11,apis.google.com
2014-02-18 15:20:11,www.facebook.com
2014-02-18 15:20:16,www.modele-cv-lettre.com
2014-02-18 15:20:24,i1-js-14-3-01-11074-453713811-i.init.cedexis-radar.net
2014-02-18 15:20:28,akamai.cedexis.com
2014-02-18 15:20:30,static.ebz.io
2014-02-18 15:20:31,us-east1.joyent.bench.cedexis.com
2014-02-18 15:20:34,us-east1.joyent.bench.cedexis.com
2014-02-18 15:20:38,limelight.cedexis.com
2014-02-18 15:20:39,limelight.cedexis.com
2014-02-18 15:22:03,www.google.fr
2014-02-18 15:23:05,dub126.mail.live.com
2014-02-18 15:34:15,www.google.fr
2014-02-18 15:34:16,go.trouter.io
2014-02-18 15:53:20,www.google.fr
2014-02-18 15:53:33,www.google.fr
2014-02-18 15:54:36,www.google.fr
2014-02-18 15:54:37,www.google.fr
2014-02-18 15:54:37,fr.openclassrooms.com
2014-02-18 15:54:38,dnn506yrbagrg.cloudfront.net
2014-02-18 15:54:38,doug1izaerwt3.cloudfront.net
2014-02-18 15:54:38,fr.openclassrooms.com
2014-02-18 15:54:38,www.google.com
2014-02-18 15:54:39,pixel.alephd.com
2014-02-18 15:54:39,fr.openclassrooms.com
2014-02-18 15:54:40,fr.openclassrooms.com
2014-02-18 15:54:40,www.uaredesign.com
2014-02-18 15:54:40,banniere.reussissonsensemble.fr
2014-02-18 15:54:42,cs.specificclick.net
2014-02-18 15:54:42,www.facebook.com
2014-02-18 15:54:42,admaym.com
2014-02-18 15:54:42,s.kau.li
2014-02-18 15:54:42,y.one.impact-ad.jp
2014-02-18 15:54:43,adventori.com
2014-02-18 15:54:43,ce.lijit.com
2014-02-18 15:54:43,um.simpli.fi
2014-02-18 15:54:50,www.googleapis.com
2014-02-18 15:54:53,www.google.com
2014-02-18 15:55:31,dnn506yrbagrg.cloudfront.net
2014-02-18 15:55:31,doug1izaerwt3.cloudfront.net
2014-02-18 15:55:31,www.google.com
2014-02-18 15:55:31,fr.openclassrooms.com
2014-02-18 15:55:32,www.googleapis.com
2014-02-18 15:55:32,rubicon-match.dotomi.com
2014-02-18 15:55:33,dtm.gap.com
2014-02-18 15:55:33,rubicon-match.dotomi.com
2014-02-18 15:55:55,fr.openclassrooms.com
2014-02-18 15:55:55,www.google.com
2014-02-18 15:55:56,doug1izaerwt3.cloudfront.net
2014-02-18 15:55:56,www.googleapis.com
2014-02-18 15:56:08,www.mlo.me
2014-02-18 15:56:09,www.cosplayshow.com
2014-02-18 15:56:09,www.lolitashow.com
2014-02-18 15:56:09,www.milanoo.jp
2014-02-18 15:56:09,www.costumeslive.com
2014-02-18 15:56:09,www.mlo.me
2014-02-18 15:56:10,www.mlo.me
2014-02-18 15:56:10,www.milanoo.com
2014-02-18 15:56:10,www.google.com
2014-02-18 15:56:10,www.google.fr
2014-02-18 15:56:10,api.skype.com
2014-02-18 15:56:17,www.mlo.me
2014-02-18 15:56:21,www.mlo.me
2014-02-18 15:56:30,www.mlo.me
2014-02-18 15:56:33,www.mlo.me
2014-02-18 15:56:34,images.mcafeesecure.com
2014-02-18 15:56:34,www.mlo.me
2014-02-18 15:56:35,www.google.com
2014-02-18 15:56:35,www.mlo.me
2014-02-18 15:56:35,www.milanoo.com
2014-02-18 15:56:35,www.google.fr
2014-02-18 15:56:36,www.milanoo.com
2014-02-18 15:56:36,www.mlo.me
2014-02-18 15:56:39,www.facebook.com
2014-02-18 15:56:39,www.google.com
2014-02-18 15:56:39,www.google.fr
2014-02-18 15:56:39,apnx-match.dotomi.com
2014-02-18 15:56:39,dtm.wayfair.com
2014-02-18 15:56:50,www.mlo.me
2014-02-18 15:57:04,www.mlo.me
2014-02-18 15:57:37,www.mlo.me
2014-02-18 15:59:19,www.google.com
2014-02-18 15:59:20,www.cosplayshow.com
2014-02-18 15:59:20,www.lolitashow.com
2014-02-18 15:59:20,www.costumeslive.com
2014-02-18 15:59:20,www.milanoo.jp
2014-02-18 15:59:20,www.milanoo.com
2014-02-18 15:59:20,www.google.fr
2014-02-18 16:02:00,www.google.fr
2014-02-18 16:02:13,www.google.fr
2014-02-18 16:02:43,fr.wiktionary.org
2014-02-18 16:02:43,www.google.fr
2014-02-18 16:02:43,bits.wikimedia.org
2014-02-18 16:02:44,fr.wiktionary.org
2014-02-18 16:02:44,bits.wikimedia.org
2014-02-18 16:02:45,login.wikimedia.org
2014-02-18 16:02:45,bits.wikimedia.org
2014-02-18 16:02:45,meta.wikimedia.org
2014-02-18 16:02:46,bits.wikimedia.org
2014-02-18 16:03:23,www.google.fr
2014-02-18 16:03:25,www.google.fr
2014-02-18 16:03:25,fr.answers.yahoo.com
2014-02-18 16:03:43,www.wordreference.com
2014-02-18 16:03:43,www.google.fr
2014-02-18 16:03:44,www2.wordreference.com
2014-02-18 16:03:44,www.google.fr
2014-02-18 16:03:44,www.wordreference.com
2014-02-18 16:03:44,www.google.com
2014-02-18 16:03:45,http.tidaltv.com
2014-02-18 16:03:45,yui.yahooapis.com
2014-02-18 16:03:45,www.wordreference.com
2014-02-18 16:03:46,http.tidaltv.com
2014-02-18 16:03:47,cdn3.vizury.com
2014-02-18 16:03:48,cdn3.vizury.com
2014-02-18 16:03:54,www.wordreference.com
2014-02-18 16:03:55,www.google.fr
2014-02-18 16:03:55,www.wordreference.com
2014-02-18 16:03:55,www2.wordreference.com
2014-02-18 16:03:55,http.tidaltv.com
2014-02-18 16:03:55,apis.google.com
2014-02-18 16:03:55,www.google.com
2014-02-18 16:03:57,apis.google.com
2014-02-18 16:04:00,choices.truste.com
2014-02-18 16:04:05,www.google.fr
2014-02-18 16:04:06,fr.answers.yahoo.com
2014-02-18 16:04:06,www.google.fr
2014-02-18 16:04:22,fr.answers.yahoo.com
2014-02-18 16:04:23,fr.answers.yahoo.com
2014-02-18 16:04:24,dmros.ysm.yahoo.com
2014-02-18 16:04:25,socialprofiles.zenfs.com
2014-02-18 16:04:28,socialprofiles.zenfs.com
2014-02-18 16:04:43,socialprofiles.zenfs.com
2014-02-18 16:05:55,fr.answers.yahoo.com
2014-02-18 16:05:56,fr.answers.yahoo.com
2014-02-18 16:05:56,dmros.ysm.yahoo.com
2014-02-18 16:06:12,www.google.fr
2014-02-18 16:06:13,assets6.lefigaro.fr
2014-02-18 16:06:13,assets4.lefigaro.fr
2014-02-18 16:06:13,api.fidji.lefigaro.fr
2014-02-18 16:06:13,assets3.lefigaro.fr
2014-02-18 16:06:13,plus.lefigaro.fr
2014-02-18 16:06:13,connect.facebook.net
2014-02-18 16:06:13,assets5.lefigaro.fr
2014-02-18 16:06:13,www.lefigaro.fr
2014-02-18 16:06:13,ajax.googleapis.com
2014-02-18 16:06:13,www.google.fr
2014-02-18 16:06:13,assets2.lefigaro.fr
2014-02-18 16:06:15,ajax.googleapis.com
2014-02-18 16:06:16,assets3.lefigaro.fr
2014-02-18 16:06:16,assets-data.lefigaro.fr
2014-02-18 16:06:16,ajax.googleapis.com
2014-02-18 16:06:16,plus.lefigaro.fr
2014-02-18 16:06:16,assets4.lefigaro.fr
2014-02-18 16:06:17,assets1.lefigaro.fr
2014-02-18 16:06:17,api.fidji.lefigaro.fr
2014-02-18 16:06:18,s-static.ak.facebook.com
2014-02-18 16:06:18,assets5.lefigaro.fr
2014-02-18 16:06:18,www.facebook.com
2014-02-18 16:06:18,assets-pub.lefigaro.fr
2014-02-18 16:06:18,plus.lefigaro.fr
2014-02-18 16:06:18,www.lefigaro.fr
2014-02-18 16:06:18,static.ak.facebook.com
2014-02-18 16:06:18,assets4.lefigaro.fr
2014-02-18 16:06:19,foglio.basilic.io
2014-02-18 16:06:19,assets5.lefigaro.fr
2014-02-18 16:06:19,www.lefigaro.fr
2014-02-18 16:06:19,video.lefigaro.fr
2014-02-18 16:06:20,www.lefigaro.fr
2014-02-18 16:06:20,dnn506yrbagrg.cloudfront.net
2014-02-18 16:06:20,lefigaro.fr
2014-02-18 16:06:20,assets5.lefigaro.fr
2014-02-18 16:06:20,cdn3.vizury.com
2014-02-18 16:06:20,www.facebook.com
2014-02-18 16:06:20,assets-pub.lefigaro.fr
2014-02-18 16:06:20,platform.linkedin.com
2014-02-18 16:06:20,assets4.lefigaro.fr
2014-02-18 16:06:20,assets1.lefigaro.fr
2014-02-18 16:06:20,www.ticketac.com
2014-02-18 16:06:20,rp.gwallet.com
2014-02-18 16:06:21,www.linkedin.com
2014-02-18 16:06:21,cdn3.vizury.com
2014-02-18 16:06:21,www.lefigaro.fr
2014-02-18 16:06:21,platform.linkedin.com
2014-02-18 16:06:22,apis.google.com
2014-02-18 16:06:25,accounts.google.com
2014-02-18 16:06:25,www.lefigaro.fr
2014-02-18 16:06:25,api.fidji.lefigaro.fr
2014-02-18 16:06:25,plus.lefigaro.fr
2014-02-18 16:06:25,apis.google.com
2014-02-18 16:06:26,plus.lefigaro.fr
2014-02-18 16:06:28,i1-js-14-3-01-10036-883163976-i.init.cedexis-radar.net
2014-02-18 16:06:29,ec2-eu-west-1a.cedexis.com
2014-02-18 16:06:30,ec2-eu-west-1a.cedexis.com
2014-02-18 16:06:40,ec2-ap-northeast-1a.cedexis.com
2014-02-18 16:06:49,ec2-ap-northeast-1a.cedexis.com
2014-02-18 16:06:50,www.lefigaro.fr
2014-02-18 16:06:51,www.lefigaro.fr
2014-02-18 16:10:23,apis.google.com
2014-02-18 16:10:25,accounts.google.com
2014-02-18 16:10:54,www.linkedin.com
2014-02-18 16:11:04,assets6.lefigaro.fr
2014-02-18 16:11:04,www.lefigaro.fr
2014-02-18 16:11:05,www.facebook.com
2014-02-18 16:11:05,plus.lefigaro.fr
2014-02-18 16:11:05,static.ak.facebook.com
2014-02-18 16:11:05,assets-pub.lefigaro.fr
2014-02-18 16:11:05,foglio.basilic.io
2014-02-18 16:11:05,dnn506yrbagrg.cloudfront.net
2014-02-18 16:11:05,platform.linkedin.com
2014-02-18 16:11:05,s-static.ak.facebook.com
2014-02-18 16:11:06,www.linkedin.com
2014-02-18 16:11:06,www.facebook.com
2014-02-18 16:11:09,www.linkedin.com
2014-02-18 16:11:10,platform.twitter.com
2014-02-18 16:13:23,apis.google.com
2014-02-18 16:13:23,www.google.fr
2014-02-18 16:13:24,www.google.fr
2014-02-18 16:13:25,www.google.fr
2014-02-18 16:13:25,fr.answers.yahoo.com
2014-02-18 16:13:26,fr.answers.yahoo.com
2014-02-18 16:13:26,dmros.ysm.yahoo.com
2014-02-18 16:13:41,socialprofiles.zenfs.com
2014-02-18 16:13:42,www.google.fr
2014-02-18 16:13:43,www.forum-auto.com
2014-02-18 16:13:43,images.forum-auto.com
2014-02-18 16:13:43,staticclub.caradisiac.com
2014-02-18 16:13:43,www.google.fr
2014-02-18 16:13:44,connect.facebook.net
2014-02-18 16:13:44,platform.twitter.com
2014-02-18 16:13:44,images.forum-auto.com
2014-02-18 16:13:44,staticclub.caradisiac.com
2014-02-18 16:13:44,club.caradisiac.com
2014-02-18 16:13:45,static.ak.facebook.com
2014-02-18 16:13:45,www.facebook.com
2014-02-18 16:13:45,staticclub.caradisiac.com
2014-02-18 16:13:45,accounts.google.com
2014-02-18 16:13:45,s-static.ak.facebook.com
2014-02-18 16:13:54,twitter.com
2014-02-18 16:14:25,twitter.com
2014-02-18 16:15:16,apis.google.com
2014-02-18 16:15:17,twitter.com
2014-02-18 16:15:17,s-static.ak.facebook.com
2014-02-18 16:15:17,www.facebook.com
2014-02-18 16:15:17,static.ak.facebook.com
2014-02-18 16:15:17,club.caradisiac.com
2014-02-18 16:15:17,platform.twitter.com
2014-02-18 16:15:29,static.ak.facebook.com
2014-02-18 16:15:29,platform.twitter.com
2014-02-18 16:15:29,club.caradisiac.com
2014-02-18 16:15:29,www.facebook.com
2014-02-18 16:15:29,s-static.ak.facebook.com
2014-02-18 16:15:30,www.facebook.com
2014-02-18 16:15:59,twitter.com
2014-02-18 16:16:01,apis.google.com
2014-02-18 16:16:02,www.facebook.com
2014-02-18 16:16:02,s-static.ak.facebook.com
2014-02-18 16:16:02,platform.twitter.com
2014-02-18 16:16:02,club.caradisiac.com
2014-02-18 16:16:02,static.ak.facebook.com
2014-02-18 16:16:04,platform.twitter.com
2014-02-18 16:16:04,club.caradisiac.com
2014-02-18 16:16:04,static.ak.facebook.com
2014-02-18 16:16:04,s-static.ak.facebook.com
2014-02-18 16:16:04,www.facebook.com
2014-02-18 16:16:12,platform.twitter.com
2014-02-18 16:16:13,club.caradisiac.com
2014-02-18 16:16:13,www.facebook.com
2014-02-18 16:16:13,static.ak.facebook.com
2014-02-18 16:16:13,s-static.ak.facebook.com
2014-02-18 16:16:14,club.caradisiac.com
2014-02-18 16:16:14,platform.twitter.com
2014-02-18 16:16:15,club.caradisiac.com
2014-02-18 16:16:15,s-static.ak.facebook.com
2014-02-18 16:16:15,www.facebook.com
2014-02-18 16:16:16,static.ak.facebook.com
2014-02-18 16:16:16,club.caradisiac.com
2014-02-18 16:16:16,platform.twitter.com
2014-02-18 16:16:16,s-static.ak.facebook.com
2014-02-18 16:16:16,www.facebook.com
2014-02-18 16:16:17,platform.twitter.com
2014-02-18 16:16:17,www.facebook.com
2014-02-18 16:16:17,twitter.com
2014-02-18 16:16:17,static.ak.facebook.com
2014-02-18 16:16:17,club.caradisiac.com
2014-02-18 16:16:17,s-static.ak.facebook.com
2014-02-18 16:16:33,apis.google.com
2014-02-18 16:16:33,translate.google.com
2014-02-18 16:16:33,www.google.fr
2014-02-18 16:16:33,michel.buze.perso.neuf.fr
2014-02-18 16:16:33,ajax.googleapis.com
2014-02-18 16:16:33,w.sharethis.com
2014-02-18 16:16:34,michel.buze.perso.neuf.fr
2014-02-18 16:16:34,s-static.ak.facebook.com
2014-02-18 16:16:34,static.ak.facebook.com
2014-02-18 16:16:34,translate.googleapis.com
2014-02-18 16:16:34,services.supportduweb.com
2014-02-18 16:16:35,www.facebook.com
2014-02-18 16:16:35,michel.buze.perso.neuf.fr
2014-02-18 16:16:36,www.facebook.com
2014-02-18 16:16:36,translate.googleapis.com
2014-02-18 16:16:36,michel.buze.perso.neuf.fr
2014-02-18 16:16:37,edge.sharethis.com
2014-02-18 16:16:37,w.sharethis.com
2014-02-18 16:16:37,translate.googleapis.com
2014-02-18 16:16:39,www.google.com
2014-02-18 16:20:38,www.google.com
2014-02-18 16:20:50,www.google.fr
2014-02-18 16:21:20,www.google.fr
2014-02-18 16:22:02,www.google.fr
2014-02-18 16:22:03,fr.answers.yahoo.com
2014-02-18 16:22:04,www.google.fr
2014-02-18 16:22:05,fr.answers.yahoo.com
2014-02-18 16:22:05,dmros.ysm.yahoo.com
2014-02-18 16:22:06,socialprofiles.zenfs.com
2014-02-18 16:22:22,socialprofiles.zenfs.com
2014-02-18 16:22:30,fr.answers.yahoo.com
2014-02-18 16:22:31,dmros.ysm.yahoo.com
2014-02-18 16:22:32,fr.answers.yahoo.com
2014-02-18 16:22:33,fr.answers.yahoo.com
2014-02-18 16:22:34,dmros.ysm.yahoo.com
2014-02-18 16:22:34,fr.answers.yahoo.com
2014-02-18 16:23:05,www.google.fr
2014-02-18 16:23:05,fr.cyclopaedia.net
2014-02-18 16:23:06,fr.cyclopaedia.net
2014-02-18 16:23:15,encrypted.google.com
2014-02-18 16:23:15,www.google.com
2014-02-18 16:23:15,img.youtube.com
2014-02-18 16:23:15,fr.cyclopaedia.net
2014-02-18 16:23:15,www.youtube.com
2014-02-18 16:23:15,www.facebook.com
2014-02-18 16:23:15,ecx.images-amazon.com
2014-02-18 16:23:16,platform.twitter.com
2014-02-18 16:23:16,www.google.fr
2014-02-18 16:23:16,fr.cyclopaedia.net
2014-02-18 16:23:17,s.ytimg.com
2014-02-18 16:23:17,fr.cyclopaedia.net
2014-02-18 16:23:17,www.google.com
2014-02-18 16:23:17,www.google.fr
2014-02-18 16:23:17,clients1.google.com
2014-02-18 16:23:17,encrypted.google.com
2014-02-18 16:23:18,apis.google.com
2014-02-18 16:23:18,fr.cyclopaedia.net
2014-02-18 16:23:18,platform.twitter.com
2014-02-18 16:23:18,s.ytimg.com
2014-02-18 16:23:18,i1.ytimg.com
2014-02-18 16:23:18,www.google.com
2014-02-18 16:23:19,i1.ytimg.com
2014-02-18 16:23:19,apis.google.com
2014-02-18 16:23:19,www.googleapis.com
2014-02-18 16:23:19,cdn3.vizury.com
2014-02-18 16:23:20,accounts.google.com
2014-02-18 16:23:28,twitter.com
2014-02-18 16:23:36,www.googleapis.com
2014-02-18 16:23:36,accounts.google.com
2014-02-18 16:23:36,fr.cyclopaedia.net
2014-02-18 16:23:36,www.google.com
2014-02-18 16:23:36,platform.twitter.com
2014-02-18 16:23:36,www.facebook.com
2014-02-18 16:23:36,twitter.com
2014-02-18 16:23:37,encrypted.google.com
2014-02-18 16:23:37,i1.ytimg.com
2014-02-18 16:23:37,www.google.fr
2014-02-18 16:23:37,www.youtube.com
2014-02-18 16:23:37,www.google.com
2014-02-18 16:23:37,clients1.google.com
2014-02-18 16:23:37,www.googleapis.com
2014-02-18 16:23:38,apis.google.com
2014-02-18 16:23:38,platform.twitter.com
2014-02-18 16:23:38,choices.truste.com
2014-02-18 16:23:38,vcm-match.dotomi.com
2014-02-18 16:23:38,fr.cyclopaedia.net
2014-02-18 16:23:38,www.facebook.com
2014-02-18 16:23:38,www.google.com
2014-02-18 16:23:39,vcm-match.dotomi.com
2014-02-18 16:23:39,www.googleapis.com
2014-02-18 16:23:39,twitter.com
2014-02-18 16:23:39,www.youtube.com
2014-02-18 16:23:39,clients1.google.com
2014-02-18 16:23:39,www.google.com
2014-02-18 16:23:39,www.google.fr
2014-02-18 16:23:39,i1.ytimg.com
2014-02-18 16:23:39,choices.truste.com
2014-02-18 16:23:40,www.googleapis.com
2014-02-18 16:23:40,www.google.com
2014-02-18 16:23:40,www.google.fr
2014-02-18 16:23:40,www.facebook.com
2014-02-18 16:23:40,platform.twitter.com
2014-02-18 16:23:40,www.youtube.com
2014-02-18 16:23:40,clients1.google.com
2014-02-18 16:23:40,fr.cyclopaedia.net
2014-02-18 16:23:41,i1.ytimg.com
2014-02-18 16:23:41,choices.truste.com
2014-02-18 16:23:41,vcm-match.dotomi.com
2014-02-18 16:23:41,fr.cyclopaedia.net
2014-02-18 16:23:41,www.facebook.com
2014-02-18 16:23:41,platform.twitter.com
2014-02-18 16:23:41,www.google.com
2014-02-18 16:23:41,www.google.fr
2014-02-18 16:23:41,www.youtube.com
2014-02-18 16:23:41,clients1.google.com
2014-02-18 16:23:42,www.googleapis.com
2014-02-18 16:23:42,apis.google.com
2014-02-18 16:23:42,www.google.com
2014-02-18 16:23:42,www.google.fr
2014-02-18 16:23:42,vcm-match.dotomi.com
2014-02-18 16:23:43,clients1.google.com
2014-02-18 16:23:43,fr.cyclopaedia.net
2014-02-18 16:23:43,www.facebook.com
2014-02-18 16:23:43,platform.twitter.com
2014-02-18 16:23:43,www.google.com
2014-02-18 16:23:43,www.google.fr
2014-02-18 16:23:43,www.youtube.com
2014-02-18 16:23:43,www.googleapis.com
2014-02-18 16:23:44,www.google.com
2014-02-18 16:23:44,platform.twitter.com
2014-02-18 16:23:44,www.facebook.com
2014-02-18 16:23:44,choices.truste.com
2014-02-18 16:23:44,fr.cyclopaedia.net
2014-02-18 16:23:44,vcm-match.dotomi.com
2014-02-18 16:23:44,www.youtube.com
2014-02-18 16:23:44,apis.google.com
2014-02-18 16:23:44,www.google.fr
2014-02-18 16:23:45,vcm-match.dotomi.com
2014-02-18 16:23:45,choices.truste.com
2014-02-18 16:23:45,www.google.com
2014-02-18 16:23:45,www.google.fr
2014-02-18 16:23:45,www.googleapis.com
2014-02-18 16:23:45,clients1.google.com
2014-02-18 16:23:46,apis.google.com
2014-02-18 16:23:46,cdn3.vizury.com
2014-02-18 16:23:46,choices.truste.com
2014-02-18 16:23:46,dtm.pacsun.com
2014-02-18 16:23:46,dtm.cabelas.com
2014-02-18 16:23:46,dtm.crateandbarrel.com
2014-02-18 16:23:46,i1.ytimg.com
2014-02-18 16:23:47,choices.truste.com
2014-02-18 16:23:47,cdn3.vizury.com
2014-02-18 16:23:48,www.facebook.com
2014-02-18 16:23:48,platform.twitter.com
2014-02-18 16:23:48,fr.cyclopaedia.net
2014-02-18 16:23:49,www.googleapis.com
2014-02-18 16:23:49,www.google.com
2014-02-18 16:23:49,www.google.fr
2014-02-18 16:23:49,www.youtube.com
2014-02-18 16:23:49,clients1.google.com
2014-02-18 16:23:49,twitter.com
2014-02-18 16:23:49,vcm-match.dotomi.com
2014-02-18 16:23:49,choices.truste.com
2014-02-18 16:23:50,dtm.gap.com
2014-02-18 16:23:50,i1.ytimg.com
2014-02-18 16:23:50,www.yceml.net
2014-02-18 16:23:50,choices.truste.com
2014-02-18 16:23:50,apis.google.com
2014-02-18 16:23:50,dtm.officemax.com
2014-02-18 16:23:50,dtm.eastbay.com
2014-02-18 16:23:51,cdn3.vizury.com
2014-02-18 16:23:52,twitter.com
2014-02-18 16:23:52,vcm-match.dotomi.com
2014-02-18 16:23:52,clients1.google.com
2014-02-18 16:23:52,www.google.fr
2014-02-18 16:23:52,www.google.com
2014-02-18 16:23:52,www.youtube.com
2014-02-18 16:23:52,www.facebook.com
2014-02-18 16:23:52,fr.cyclopaedia.net
2014-02-18 16:23:52,platform.twitter.com
2014-02-18 16:23:52,www.googleapis.com
2014-02-18 16:23:53,dtm.wayfair.com
2014-02-18 16:23:53,choices.truste.com
2014-02-18 16:23:53,vcm-match.dotomi.com
2014-02-18 16:23:53,dtm.gap.com
2014-02-18 16:23:53,i1.ytimg.com
2014-02-18 16:23:53,dtm.footlocker.com
2014-02-18 16:24:24,twitter.com
2014-02-18 16:24:31,apis.google.com
2014-02-18 16:24:31,www.google.fr
2014-02-18 16:24:32,forum-auto.co
2014-02-18 16:24:32,www.squid-cache.org
2014-02-18 16:24:32,carbase.info
2014-02-18 16:24:45,www.google.fr
2014-02-18 16:25:00,www.google.fr
2014-02-18 16:25:52,www.google.fr
2014-02-18 16:26:32,www.google.fr
2014-02-18 16:26:33,www.webou.net
2014-02-18 16:26:33,www.google.fr
2014-02-18 16:26:37,validator.w3.org
2014-02-18 16:26:37,www.w3.org
2014-02-18 16:26:37,api.flattr.com
2014-02-18 16:26:37,flattr.com
2014-02-18 16:26:46,www.w3.org
2014-02-18 16:26:46,validator.w3.org
2014-02-18 16:26:46,api.flattr.com
2014-02-18 16:26:47,validator-suite.w3.org
2014-02-18 16:26:51,api.flattr.com
2014-02-18 16:26:52,validator-suite.w3.org
2014-02-18 16:27:05,www.google.fr
2014-02-18 16:27:06,www.google.fr
2014-02-18 16:27:06,www.commentcamarche.net
2014-02-18 16:27:06,static.ccm2.net
2014-02-18 16:27:06,ba.commentcamarche.net
2014-02-18 16:27:06,r.ccm2.net
2014-02-18 16:27:06,static.commentcamarche.net
2014-02-18 16:27:06,platform.twitter.com
2014-02-18 16:27:06,www.facebook.com
2014-02-18 16:27:07,platform.twitter.com
2014-02-18 16:27:07,static.ccm2.net
2014-02-18 16:27:07,broadcast.piximedia.fr
2014-02-18 16:27:07,images.orangepublicite.fr
2014-02-18 16:27:07,www.facebook.com
2014-02-18 16:27:07,ba.commentcamarche.net
2014-02-18 16:27:08,static.ak.facebook.com
2014-02-18 16:27:08,platform.twitter.com
2014-02-18 16:27:08,www.facebook.com
2014-02-18 16:27:08,connect.facebook.net
2014-02-18 16:27:08,broadcast.piximedia.fr
2014-02-18 16:27:08,www.commentcamarche.net
2014-02-18 16:27:09,ba.commentcamarche.net
2014-02-18 16:27:09,broadcast.piximedia.fr
2014-02-18 16:27:09,static.ccmbg.com
2014-02-18 16:27:09,static.ccm2.net
2014-02-18 16:27:13,eulerian.canal-plus.com
2014-02-18 16:27:16,twitter.com
2014-02-18 16:27:17,twitter.com
2014-02-18 16:27:18,accounts.google.com
2014-02-18 16:27:18,ajax.googleapis.com
2014-02-18 16:27:18,apis.google.com
2014-02-18 16:27:19,www.facebook.com
2014-02-18 16:27:19,apis.google.com
2014-02-18 16:27:19,twitter.com
2014-02-18 16:27:19,accounts.google.com
2014-02-18 16:27:19,ajax.googleapis.com
2014-02-18 16:27:20,eulerian.canal-plus.com
2014-02-18 16:27:57,validator-suite.w3.org
2014-02-18 16:28:14,www.w3.org
2014-02-18 16:28:14,validator.w3.org
2014-02-18 16:28:15,api.flattr.com
2014-02-18 16:28:21,www.facebook.com
2014-02-18 16:28:23,ba.commentcamarche.net
2014-02-18 16:28:23,www.commentcamarche.net
2014-02-18 16:28:23,kh6qrx0f8h.s.ad6media.fr
2014-02-18 16:28:23,www.facebook.com
2014-02-18 16:28:24,static.ccm2.net
2014-02-18 16:28:24,s-static.ak.facebook.com
2014-02-18 16:28:24,apis.google.com
2014-02-18 16:28:24,twitter.com
2014-02-18 16:28:24,static.ak.facebook.com
2014-02-18 16:28:24,platform.twitter.com
2014-02-18 16:28:24,images.orangepublicite.fr
2014-02-18 16:28:24,ba.commentcamarche.net
2014-02-18 16:28:24,www.facebook.com
2014-02-18 16:28:26,eulerian.canal-plus.com
2014-02-18 16:28:26,twitter.com
2014-02-18 16:28:26,www.facebook.com
2014-02-18 16:28:26,www.commentcamarche.net
2014-02-18 16:28:27,www.facebook.com
2014-02-18 16:28:29,ba.commentcamarche.net
2014-02-18 16:28:29,apis.google.com
2014-02-18 16:28:29,ea.virginmobile.fr
2014-02-18 16:28:29,twitter.com
2014-02-18 16:28:29,www.commentcamarche.net
2014-02-18 16:28:29,www.facebook.com
2014-02-18 16:28:30,images.orangepublicite.fr
2014-02-18 16:28:30,www.facebook.com
2014-02-18 16:28:30,platform.twitter.com
2014-02-18 16:28:31,twitter.com
2014-02-18 16:28:31,s-static.ak.facebook.com
2014-02-18 16:28:31,eulerian.canal-plus.com
2014-02-18 16:28:31,www.facebook.com
2014-02-18 16:28:31,static.ak.facebook.com
2014-02-18 16:28:33,www.facebook.com
2014-02-18 16:28:35,www.commentcamarche.net
2014-02-18 16:28:35,ba.commentcamarche.net
2014-02-18 16:28:35,www.facebook.com
2014-02-18 16:28:35,its.tradelab.fr
2014-02-18 16:28:35,mm.eulerian.net
2014-02-18 16:28:35,platform.twitter.com
2014-02-18 16:28:35,twitter.com
2014-02-18 16:28:37,static.ak.facebook.com
2014-02-18 16:28:37,www.facebook.com
2014-02-18 16:28:37,eulerian.canal-plus.com
2014-02-18 16:28:37,apis.google.com
2014-02-18 16:28:37,s-static.ak.facebook.com
2014-02-18 16:28:40,its.tradelab.fr
2014-02-18 16:29:06,twitter.com
2014-02-18 16:29:07,twitter.com
2014-02-18 16:33:07,www.facebook.com
2014-02-18 16:33:20,www.google.fr
2014-02-18 16:33:20,www.expressio.fr
2014-02-18 16:33:20,www.facebook.com
2014-02-18 16:33:20,platform.linkedin.com
2014-02-18 16:33:21,accounts.google.com
2014-02-18 16:33:21,www.expressio.fr
2014-02-18 16:33:21,www.linkedin.com
2014-02-18 16:33:21,platform.twitter.com
2014-02-18 16:33:21,apis.google.com
2014-02-18 16:33:26,www.google.fr
2014-02-18 16:33:52,twitter.com
2014-02-18 16:34:51,www.expressio.fr
2014-02-18 16:34:52,www.linkedin.com
2014-02-18 16:34:52,www.expressio.fr
2014-02-18 16:35:23,www.expressio.fr
2014-02-18 16:35:24,um.simpli.fi
2014-02-18 16:35:43,www.expressio.fr
2014-02-18 16:35:44,redir.adbutter.net
2014-02-18 16:35:44,ajax.googleapis.com
2014-02-18 16:35:44,rp.gwallet.com
2014-02-18 16:35:44,tc.airfrance.com
2014-02-18 16:36:10,www.facebook.com
2014-02-18 16:36:11,match.rtbidder.net
2014-02-18 16:36:11,www.linkedin.com
2014-02-18 16:36:11,apis.google.com
2014-02-18 16:36:15,www.linkedin.com
2014-02-18 16:36:35,www.expressio.fr
2014-02-18 16:36:41,twitter.com
2014-02-18 16:37:37,www.expressio.fr
2014-02-18 16:37:38,c1.adform.net
2014-02-18 16:39:10,www.google.fr
2014-02-18 16:39:13,ajax.googleapis.com
2014-02-18 16:39:13,cdn2.reverso.net
2014-02-18 16:39:13,api.conduit.com
2014-02-18 16:39:13,dictionnaire.reverso.net
2014-02-18 16:39:13,www.google.fr
2014-02-18 16:39:14,dictionnaire.reverso.net
2014-02-18 16:39:14,cdn2.reverso.net
2014-02-18 16:39:15,hal9000.redintelligence.net
2014-02-18 16:39:15,cdn2.reverso.net
2014-02-18 16:39:15,dictionnaire.reverso.net
2014-02-18 16:39:16,st.targetix.net
2014-02-18 16:39:16,banniere.reussissonsensemble.fr
2014-02-18 16:39:16,n37.hal9000.redintelligence.net
2014-02-18 16:39:16,hal9000.redintelligence.net
2014-02-18 16:39:16,dictionnaire.reverso.net
2014-02-18 16:39:16,goog.applovin.com
2014-02-18 16:39:17,banniere.reussissonsensemble.fr
2014-02-18 16:41:00,cdn2.reverso.net
2014-02-18 16:41:42,www.expressio.fr
2014-02-18 16:42:01,www.google.fr
2014-02-18 16:42:01,www.bing.com
2014-02-18 16:42:02,www.bing.com
2014-02-18 16:42:03,www.bing.com
2014-02-18 16:42:03,cms.abmr.net
2014-02-18 16:42:06,www.bing.com
2014-02-18 16:42:07,www.bing.com
2014-02-18 16:42:08,www.google.fr
2014-02-18 16:42:08,www.bing.com
2014-02-18 16:42:16,login.live.com
2014-02-18 16:42:17,login.live.com
2014-02-18 16:42:18,www.bing.com
2014-02-18 16:42:19,www.bing.com
2014-02-18 16:42:20,bits.wikimedia.org
2014-02-18 16:42:20,fr.wikipedia.org
2014-02-18 16:42:20,login.wikimedia.org
2014-02-18 16:42:20,meta.wikimedia.org
2014-02-18 16:42:26,www.bing.com
2014-02-18 16:42:31,ssl.bing.com
2014-02-18 16:42:32,ssl.bing.com
2014-02-18 16:42:36,www.bing.com
2014-02-18 16:42:42,www.bing.com
2014-02-18 16:42:49,login.live.com
2014-02-18 16:42:52,www.bing.com
2014-02-18 16:42:57,www.bing.com
2014-02-18 16:42:58,www.bing.com
2014-02-18 16:43:00,login.live.com
2014-02-18 16:43:04,www.bing.com
2014-02-18 16:43:08,www.bing.com
2014-02-18 16:43:41,www.bing.com
2014-02-18 16:43:51,www.bing.com
2014-02-18 16:43:52,login.live.com
2014-02-18 16:43:55,www.bing.com
2014-02-18 16:43:58,www.bing.com
2014-02-18 16:44:00,login.live.com
2014-02-18 16:44:02,www.bing.com
2014-02-18 16:44:08,www.bing.com
2014-02-18 16:44:09,www.bing.com
2014-02-18 16:44:12,login.live.com
2014-02-18 16:44:13,www.bing.com
2014-02-18 16:44:20,www.bing.com
2014-02-18 16:44:28,www.bing.com
2014-02-18 16:44:30,fr.answers.yahoo.com
2014-02-18 16:44:31,dmros.ysm.yahoo.com
2014-02-18 16:44:31,fr.answers.yahoo.com
2014-02-18 16:44:31,ssl.bing.com
2014-02-18 16:45:09,socialprofiles.zenfs.com
2014-02-18 16:46:53,www.bing.com
2014-02-18 16:46:58,www.bing.com
2014-02-18 16:46:59,dictionnaire.sensagent.com
2014-02-18 16:46:59,ajax.googleapis.com
2014-02-18 16:46:59,common.sensagent.eu
2014-02-18 16:46:59,common-en.sensagent.com
2014-02-18 16:46:59,common-fr.sensagent.com
2014-02-18 16:46:59,www.sensagent.com
2014-02-18 16:47:00,www.sensagent.com
2014-02-18 16:47:00,connect.facebook.net
2014-02-18 16:47:00,platform.twitter.com
2014-02-18 16:47:00,apis.google.com
2014-02-18 16:47:00,static.ak.facebook.com
2014-02-18 16:47:00,accounts.google.com
2014-02-18 16:47:00,www.facebook.com
2014-02-18 16:47:02,twitter.com
2014-02-18 16:47:02,www.sensagent.com
2014-02-18 16:47:03,choices.truste.com
2014-02-18 16:47:04,cdn3.vizury.com
2014-02-18 16:47:05,www.facebook.com
2014-02-18 16:47:05,dictionnaire.sensagent.com
2014-02-18 16:48:35,platform.twitter.com
2014-02-18 16:48:36,dictionnaire.sensagent.com
2014-02-18 16:48:37,apis.google.com
2014-02-18 16:48:37,s-static.ak.facebook.com
2014-02-18 16:48:37,www.facebook.com
2014-02-18 16:48:37,www.sensagent.com
2014-02-18 16:48:37,platform.twitter.com
2014-02-18 16:48:37,static.ak.facebook.com
2014-02-18 16:48:38,www.sensagent.com
2014-02-18 16:48:38,twitter.com
2014-02-18 16:48:39,www.facebook.com
2014-02-18 16:48:39,choices.truste.com
2014-02-18 16:48:39,cdn3.vizury.com
2014-02-18 16:48:40,choices.truste.com
2014-02-18 16:49:15,www.sensagent.com
2014-02-18 16:49:16,platform.twitter.com
2014-02-18 16:49:16,apis.google.com
2014-02-18 16:49:16,s-static.ak.facebook.com
2014-02-18 16:49:16,www.facebook.com
2014-02-18 16:49:16,static.ak.facebook.com
2014-02-18 16:49:18,twitter.com
2014-02-18 16:49:18,choices.truste.com
2014-02-18 16:49:18,cdn3.vizury.com
2014-02-18 16:49:18,www.sensagent.com
2014-02-18 16:49:19,www.facebook.com
2014-02-18 16:49:19,choices.truste.com
2014-02-18 16:49:20,cdn3.vizury.com
2014-02-18 16:49:20,choices.truste.com
2014-02-18 16:49:55,www.bing.com
2014-02-18 16:49:57,www.sensagent.com
2014-02-18 16:49:57,platform.twitter.com
2014-02-18 16:49:57,static.ak.facebook.com
2014-02-18 16:49:57,apis.google.com
2014-02-18 16:49:57,www.facebook.com
2014-02-18 16:49:57,s-static.ak.facebook.com
2014-02-18 16:49:59,twitter.com
2014-02-18 16:49:59,www.sensagent.com
2014-02-18 16:49:59,choices.truste.com
2014-02-18 16:50:00,choices.truste.com
2014-02-18 16:50:00,www.facebook.com
2014-02-18 16:50:01,choices.truste.com
2014-02-18 16:50:04,www.bing.com
2014-02-18 16:50:05,www.sensagent.com
2014-02-18 16:50:06,static.ak.facebook.com
2014-02-18 16:50:06,s-static.ak.facebook.com
2014-02-18 16:50:06,www.facebook.com
2014-02-18 16:50:06,apis.google.com
2014-02-18 16:50:06,twitter.com
2014-02-18 16:50:06,platform.twitter.com
2014-02-18 16:50:06,www.sensagent.com
2014-02-18 16:50:07,www.facebook.com
2014-02-18 16:50:07,choices.truste.com
2014-02-18 16:50:08,choices.truste.com
2014-02-18 16:50:09,www.bing.com
2014-02-18 16:50:10,www.sensagent.com
2014-02-18 16:50:10,platform.twitter.com
2014-02-18 16:50:10,static.ak.facebook.com
2014-02-18 16:50:11,apis.google.com
2014-02-18 16:50:11,twitter.com
2014-02-18 16:50:11,s-static.ak.facebook.com
2014-02-18 16:50:11,www.sensagent.com
2014-02-18 16:50:11,www.facebook.com
2014-02-18 16:50:22,www.google.com
2014-02-18 16:50:23,www.google.com
2014-02-18 16:50:23,www.youtube.com
2014-02-18 16:50:35,www.google.com
2014-02-18 16:50:37,www.google.com
2014-02-18 16:50:38,www.google.com
2014-02-18 16:50:44,www.bing.com
2014-02-18 16:50:46,www.facebook.com
2014-02-18 16:50:46,www.sensagent.com
2014-02-18 16:50:46,platform.twitter.com
2014-02-18 16:50:46,static.ak.facebook.com
2014-02-18 16:50:46,s-static.ak.facebook.com
2014-02-18 16:50:46,apis.google.com
2014-02-18 16:50:49,www.bing.com
2014-02-18 16:50:50,twitter.com
2014-02-18 16:50:50,www.sensagent.com
2014-02-18 16:50:50,choices.truste.com
2014-02-18 16:50:50,platform.twitter.com
2014-02-18 16:50:51,s-static.ak.facebook.com
2014-02-18 16:50:51,static.ak.facebook.com
2014-02-18 16:50:51,www.facebook.com
2014-02-18 16:50:52,choices.truste.com
2014-02-18 16:50:54,www.bing.com
2014-02-18 16:50:56,choices.truste.com
2014-02-18 16:50:56,www.sensagent.com
2014-02-18 16:50:56,twitter.com
2014-02-18 16:50:56,apis.google.com
2014-02-18 16:50:56,login.live.com
2014-02-18 16:50:57,platform.twitter.com
2014-02-18 16:50:57,www.sensagent.com
2014-02-18 16:50:57,www.facebook.com
2014-02-18 16:50:57,s-static.ak.facebook.com
2014-02-18 16:50:57,static.ak.facebook.com
2014-02-18 16:50:58,choices.truste.com
2014-02-18 16:50:58,www.facebook.com
2014-02-18 16:50:58,twitter.com
2014-02-18 16:50:58,apis.google.com
2014-02-18 16:50:59,choices.truste.com
2014-02-18 16:51:00,www.bing.com
2014-02-18 16:51:02,platform.twitter.com
2014-02-18 16:51:02,apis.google.com
2014-02-18 16:51:02,static.ak.facebook.com
2014-02-18 16:51:02,www.facebook.com
2014-02-18 16:51:02,www.sensagent.com
2014-02-18 16:51:02,s-static.ak.facebook.com
2014-02-18 16:51:04,twitter.com
2014-02-18 16:51:04,www.facebook.com
2014-02-18 16:51:04,choices.truste.com
2014-02-18 16:51:04,www.sensagent.com
2014-02-18 16:51:05,choices.truste.com
2014-02-18 16:51:07,www.bing.com
2014-02-18 16:51:17,www.bing.com
2014-02-18 16:51:18,login.live.com
2014-02-18 16:51:30,www.google.com
2014-02-18 16:52:14,www.bing.com
2014-02-18 16:52:16,www.sensagent.com
2014-02-18 16:52:16,ssl.bing.com
2014-02-18 16:52:17,www.facebook.com
2014-02-18 16:52:17,apis.google.com
2014-02-18 16:52:17,s-static.ak.facebook.com
2014-02-18 16:52:17,platform.twitter.com
2014-02-18 16:52:17,static.ak.facebook.com
2014-02-18 16:52:18,twitter.com
2014-02-18 16:52:18,www.sensagent.com
2014-02-18 16:52:19,choices.truste.com
2014-02-18 16:52:19,www.facebook.com
2014-02-18 16:52:20,www.bing.com
2014-02-18 16:52:21,www.sensagent.com
2014-02-18 16:52:22,s-static.ak.facebook.com
2014-02-18 16:52:22,choices.truste.com
2014-02-18 16:52:22,platform.twitter.com
2014-02-18 16:52:22,www.sensagent.com
2014-02-18 16:52:22,static.ak.facebook.com
2014-02-18 16:52:22,www.facebook.com
2014-02-18 16:52:23,www.sensagent.com
2014-02-18 16:52:23,apis.google.com
2014-02-18 16:52:23,choices.truste.com
2014-02-18 16:52:25,i.ssix.io
2014-02-18 16:52:25,www.accoona.com
2014-02-18 16:52:26,www.facebook.com
2014-02-18 16:52:28,video.sekindo.com
2014-02-18 16:52:29,www.bing.com
2014-02-18 16:52:30,twitter.com
2014-02-18 16:52:30,www.sensagent.com
2014-02-18 16:52:30,static.ak.facebook.com
2014-02-18 16:52:30,platform.twitter.com
2014-02-18 16:52:30,s-static.ak.facebook.com
2014-02-18 16:52:30,www.facebook.com
2014-02-18 16:52:31,apis.google.com
2014-02-18 16:52:32,www.sensagent.com
2014-02-18 16:52:32,choices.truste.com
2014-02-18 16:52:32,www.facebook.com
2014-02-18 16:52:32,xml.betclick.com
2014-02-18 16:52:33,choices.truste.com
2014-02-18 16:52:34,www.bing.com
2014-02-18 16:52:35,www.sensagent.com
2014-02-18 16:52:35,choices.truste.com
2014-02-18 16:52:35,twitter.com
2014-02-18 16:52:36,platform.twitter.com
2014-02-18 16:52:36,static.ak.facebook.com
2014-02-18 16:52:36,www.facebook.com
2014-02-18 16:52:36,s-static.ak.facebook.com
2014-02-18 16:52:37,www.facebook.com
2014-02-18 16:52:37,its.tradelab.fr
2014-02-18 16:52:37,choices.truste.com
2014-02-18 16:52:37,www.accoona.com
2014-02-18 16:52:37,mm.eulerian.net
2014-02-18 16:52:41,twitter.com
2014-02-18 16:52:41,n.dyntrk.com
2014-02-18 16:52:41,apis.google.com
2014-02-18 16:52:41,vast.yashi.com
2014-02-18 16:52:51,files.provenpixel.com
2014-02-18 16:52:52,files.provenpixel.com
2014-02-18 16:52:55,tr.provenpixel.com
2014-02-18 16:52:55,vast.yashi.com
2014-02-18 16:53:04,vast.yashi.com
2014-02-18 16:53:04,n.dyntrk.com
2014-02-18 16:53:13,www.google.com
2014-02-18 16:53:15,support.google.com
2014-02-18 16:53:17,vast.yashi.com
2014-02-18 16:53:18,storage.googleapis.com
2014-02-18 16:53:19,clients1.google.com
2014-02-18 16:53:19,storage.googleapis.com
2014-02-18 16:53:19,www.google.com
2014-02-18 16:53:19,support.google.com
2014-02-18 16:53:20,apis.google.com
2014-02-18 16:53:25,n.dyntrk.com
2014-02-18 16:53:30,www.google.com
2014-02-18 16:53:32,vast.yashi.com
2014-02-18 16:53:32,n.dyntrk.com
2014-02-18 16:53:33,n.dyntrk.com
2014-02-18 16:53:39,its.tradelab.fr
2014-02-18 16:53:46,vast.yashi.com
2014-02-18 16:53:46,tr.provenpixel.com
2014-02-18 16:53:51,vast.yashi.com
2014-02-18 16:53:51,n.dyntrk.com
2014-02-18 16:53:53,www.bing.com
2014-02-18 16:53:55,login.live.com
2014-02-18 16:54:01,www.bing.com
2014-02-18 16:54:03,www.bing.com
2014-02-18 16:54:04,www.bing.com
2014-02-18 16:54:06,login.live.com
2014-02-18 16:54:07,www.bing.com
2014-02-18 16:54:14,www.bing.com
2014-02-18 16:54:22,www.bing.com
2014-02-18 16:54:23,ssl.bing.com
2014-02-18 16:55:24,accounts.google.com
2014-02-18 16:55:24,apis.google.com
2014-02-18 16:55:24,www.google.com
2014-02-18 16:55:24,clients1.google.com
2014-02-18 16:55:24,support.google.com
2014-02-18 17:01:52,www.google.fr
2014-02-18 17:02:06,www.google.fr
2014-02-18 17:02:50,www.google.fr
2014-02-18 17:02:51,www.google.fr
2014-02-18 17:02:52,www.google.fr
2014-02-18 17:02:53,rbp.mxptint.net
2014-02-18 17:02:53,platform.twitter.com
2014-02-18 17:02:53,av.mediapostcommunication.net
2014-02-18 17:02:53,ws.mediapostcommunication.net
2014-02-18 17:02:57,s-static.ak.facebook.com
2014-02-18 17:02:57,www.google.com
2014-02-18 17:02:57,static.ak.facebook.com
2014-02-18 17:03:02,twitter.com
2014-02-18 17:03:03,apis.google.com
2014-02-18 17:03:04,www.facebook.com
2014-02-18 17:03:07,i1-js-14-3-01-11074-829842017-i.init.cedexis-radar.net
2014-02-18 17:03:21,www.google.fr
2014-02-18 17:03:22,www.google.fr
2014-02-18 17:03:22,ws.mediapostcommunication.net
2014-02-18 17:03:23,static.ak.facebook.com
2014-02-18 17:03:23,apis.google.com
2014-02-18 17:03:23,av.mediapostcommunication.net
2014-02-18 17:03:23,www.facebook.com
2014-02-18 17:03:23,twitter.com
2014-02-18 17:03:23,s-static.ak.facebook.com
2014-02-18 17:03:26,i1-js-14-3-01-11074-75467918-i.init.cedexis-radar.net
2014-02-18 17:03:26,www.facebook.com
2014-02-18 17:03:27,llnwop.cedexis.com
2014-02-18 17:03:28,llnwop.cedexis.com
2014-02-18 17:03:31,static.ak.facebook.com
2014-02-18 17:03:31,its.tradelab.fr
2014-02-18 17:03:31,twitter.com
2014-02-18 17:03:31,s-static.ak.facebook.com
2014-02-18 17:03:31,www.facebook.com
2014-02-18 17:03:33,twitter.com
2014-02-18 17:03:37,its.tradelab.fr
2014-02-18 17:03:38,i1-js-14-3-01-11074-100274445-i.init.cedexis-radar.net
2014-02-18 17:03:39,tc.airfrance.com
2014-02-18 17:03:39,apis.google.com
2014-02-18 17:03:40,static.ak.facebook.com
2014-02-18 17:03:40,s-static.ak.facebook.com
2014-02-18 17:03:40,twitter.com
2014-02-18 17:03:40,apis.google.com
2014-02-18 17:03:40,www.facebook.com
2014-02-18 17:03:41,redir.adbutter.net
2014-02-18 17:03:45,s-static.ak.facebook.com
2014-02-18 17:03:45,static.ak.facebook.com
2014-02-18 17:03:45,pr.ybp.yahoo.com
2014-02-18 17:03:46,www.facebook.com
2014-02-18 17:03:46,twitter.com
2014-02-18 17:03:53,lettre-de-motivation.modele-cv-lettre.com
2014-02-18 17:03:53,www.google.fr
2014-02-18 17:03:54,s-static.ak.facebook.com
2014-02-18 17:03:54,www.google.fr
2014-02-18 17:03:54,www.ebz.io
2014-02-18 17:03:54,www.beead.fr
2014-02-18 17:03:54,static.ak.facebook.com
2014-02-18 17:03:55,www.facebook.com
2014-02-18 17:05:55,apis.google.com
2014-02-18 17:07:04,apis.google.com
2014-02-18 17:10:37,www.google.fr
2014-02-18 17:11:08,www.google.fr
2014-02-18 17:11:38,www.google.fr
2014-02-18 17:13:26,www.hotmail.fr
2014-02-18 17:14:18,login.live.com
2014-02-18 17:14:36,login.live.com
2014-02-18 17:15:03,login.live.com
2014-02-18 17:15:09,mail.live.com
2014-02-18 17:15:10,dub126.mail.live.com
2014-02-18 17:15:11,dub126.mail.live.com
2014-02-18 17:15:12,www.google.fr
2014-02-18 17:15:12,dub126.mail.live.com
2014-02-18 17:15:16,p.pfx.ms
2014-02-18 17:15:16,people.directory.live.com
2014-02-18 17:15:18,dub126.mail.live.com
2014-02-18 17:15:18,go.trouter.io
2014-02-18 17:15:18,storage.live.com
2014-02-18 17:15:19,h.live.com
2014-02-18 17:15:20,dub126.mail.live.com
2014-02-18 17:15:23,windowslive.tt.omtrdc.net
2014-02-18 17:15:24,dub126.mail.live.com
2014-02-18 17:15:29,h.live.com
2014-02-18 17:15:31,h.live.com
2014-02-18 17:15:35,windowslive.tt.omtrdc.net
2014-02-18 17:15:36,h.live.com
2014-02-18 17:16:17,h.live.com
2014-02-18 17:16:35,dub126.mail.live.com
2014-02-18 17:16:36,h.live.com
2014-02-18 17:16:49,cid-a49429c90604af1b.users.storage.live.com
2014-02-18 17:17:04,www.google.fr
2014-02-18 17:17:10,dub126.mail.live.com
2014-02-18 17:17:13,tempsreel.nouvelobs.com
2014-02-18 17:17:13,platform.twitter.com
2014-02-18 17:17:13,apis.google.com
2014-02-18 17:17:13,www.google.fr
2014-02-18 17:17:13,la-conjugaison.nouvelobs.com
2014-02-18 17:17:13,referentiel.nouvelobs.com
2014-02-18 17:17:13,programme-tv.nouvelobs.com
2014-02-18 17:17:14,referentiel.nouvelobs.com
2014-02-18 17:17:14,la-conjugaison.nouvelobs.com
2014-02-18 17:17:15,api.adyoulike.com
2014-02-18 17:17:15,s374.meetrics.net
2014-02-18 17:17:15,referentiel.nouvelobs.com
2014-02-18 17:17:15,cshoppingbox.partner.leguide.com
2014-02-18 17:17:15,hal9000.redintelligence.net
2014-02-18 17:17:15,www.facebook.com
2014-02-18 17:17:15,apis.google.com
2014-02-18 17:17:15,accounts.google.com
2014-02-18 17:17:15,la-conjugaison.nouvelobs.com
2014-02-18 17:17:16,api.adyoulike.com
2014-02-18 17:17:16,twitter.com
2014-02-18 17:17:16,tempsreel.nouvelobs.com
2014-02-18 17:17:16,n40.hal9000.redintelligence.net
2014-02-18 17:17:16,hal9000.redintelligence.net
2014-02-18 17:17:16,cshoppingbox.partner.leguide.com
2014-02-18 17:17:16,cimg.leguide.com
2014-02-18 17:17:17,ad.publicidees.com
2014-02-18 17:17:17,cdnjs.cloudflare.com
2014-02-18 17:17:17,ajax.googleapis.com
2014-02-18 17:17:17,la-conjugaison.nouvelobs.com
2014-02-18 17:17:17,cimg.leguide.com
2014-02-18 17:17:17,code.jquery.com
2014-02-18 17:18:08,cid-a49429c90604af1b.users.storage.live.com
2014-02-18 17:18:33,dub126.mail.live.com
2014-02-18 17:21:23,people.directory.live.com
2014-02-18 17:23:13,www.google.fr
2014-02-18 17:25:00,www.google.fr
2014-02-18 17:25:01,platform.twitter.com
2014-02-18 17:25:01,www.facebook.com
2014-02-18 17:25:01,s-static.ak.facebook.com
2014-02-18 17:25:01,www.google.fr
2014-02-18 17:25:01,www.lettres-modeles.fr
2014-02-18 17:25:01,connect.facebook.net
2014-02-18 17:25:01,static.ak.facebook.com
2014-02-18 17:25:02,www.lettres-modeles.fr
2014-02-18 17:25:17,www.lettres-modeles.fr
2014-02-18 17:25:32,twitter.com
2014-02-18 17:26:23,people.directory.live.com
2014-02-18 17:26:56,www.lettres-modeles.fr
2014-02-18 17:26:57,s-static.ak.facebook.com
2014-02-18 17:26:57,static.ak.facebook.com
2014-02-18 17:26:57,www.lettres-modeles.fr
2014-02-18 17:26:57,www.facebook.com
2014-02-18 17:27:03,www.lettres-modeles.fr
2014-02-18 17:27:28,twitter.com
2014-02-18 17:29:14,www.google.fr
2014-02-18 17:32:33,www.google.fr
2014-02-18 17:32:36,www.google.fr
2014-02-18 17:35:08,www.google.fr
2014-02-18 17:35:53,bits.wikimedia.org
2014-02-18 17:35:53,fr.wikipedia.org
2014-02-18 17:35:53,www.google.fr
2014-02-18 17:35:54,fr.wikipedia.org
2014-02-18 17:35:54,meta.wikimedia.org
2014-02-18 17:36:34,www.google.fr
2014-02-18 17:46:17,go.trouter.io
2014-02-27 13:21:05,api.bing.com
2014-02-27 13:21:06,www.google.fr
2014-02-27 13:21:08,www.google.fr
2014-02-27 13:21:12,plus.google.com
2014-02-27 13:21:16,plus.google.com
2014-02-27 13:21:41,pbs.twimg.com
2014-02-27 13:21:41,www.non-stop-people.com
2014-02-27 13:21:41,www.google.fr
2014-02-27 13:21:41,plus.google.com
2014-02-27 13:21:42,www.non-stop-people.com
2014-02-27 13:21:43,connect.facebook.net
2014-02-27 13:21:43,platform.twitter.com
2014-02-27 13:21:43,www.non-stop-people.com
2014-02-27 13:21:44,static.ak.facebook.com
2014-02-27 13:21:44,www.non-stop-people.com
2014-02-27 13:21:44,s-static.ak.facebook.com
2014-02-27 13:21:44,apis.google.com
2014-02-27 13:21:45,x2.vindicosuite.com
2014-02-27 13:21:45,accounts.google.com
2014-02-27 13:21:46,apis.google.com
2014-02-27 13:21:47,accounts.google.com
2014-02-27 13:21:47,rp.gwallet.com
2014-02-27 13:21:48,fpdownload2.macromedia.com
2014-02-27 13:21:49,match.rtbidder.net
2014-02-27 13:21:51,www.facebook.com
2014-02-27 13:21:51,um.simpli.fi
2014-02-27 13:21:52,www.facebook.com
2014-02-27 13:21:53,www.non-stop-people.com
2014-02-27 13:21:53,rp.gwallet.com
2014-02-27 13:21:53,twitter.com
2014-02-27 13:22:05,www.non-stop-people.com
2014-02-27 13:22:05,pbs.twimg.com
2014-02-27 13:22:05,twitter.com
2014-02-27 13:22:06,www.non-stop-people.com
2014-02-27 13:22:07,static.ak.facebook.com
2014-02-27 13:22:07,www.non-stop-people.com
2014-02-27 13:22:07,connect.facebook.net
2014-02-27 13:22:07,platform.twitter.com
2014-02-27 13:22:07,s-static.ak.facebook.com
2014-02-27 13:22:08,apis.google.com
2014-02-27 13:22:08,www.non-stop-people.com
2014-02-27 13:22:09,accounts.google.com
2014-02-27 13:22:09,apis.google.com
2014-02-27 13:22:09,pr.ybp.yahoo.com
2014-02-27 13:22:10,x2.vindicosuite.com
2014-02-27 13:22:11,platform.twitter.com
2014-02-27 13:22:11,rbp.mxptint.net
2014-02-27 13:22:11,match.rtbidder.net
2014-02-27 13:22:11,www.non-stop-people.com
2014-02-27 13:22:11,www.facebook.com
2014-02-27 13:22:12,b12.myspace.com
2014-02-27 13:22:13,www.facebook.com
2014-02-27 13:22:24,www.jetcost.com
2014-02-27 13:22:25,ajax.googleapis.com
2014-02-27 13:22:25,a.jtcstatic.com
2014-02-27 13:22:25,www.jetcost.com
2014-02-27 13:22:26,www.facebook.com
2014-02-27 13:22:26,a.jtcstatic.com
2014-02-27 13:22:27,a.jtcstatic.com
2014-02-27 13:22:27,www.google.com
2014-02-27 13:22:28,a.nonstoppartner.net
2014-02-27 13:22:28,accounts.google.com
2014-02-27 13:22:28,apis.google.com
2014-02-27 13:22:34,api.bing.com
2014-02-27 13:22:35,api.bing.com
2014-02-27 13:22:36,api.bing.com
2014-02-27 13:22:37,api.bing.com
2014-02-27 13:22:41,www.bing.com
2014-02-27 13:22:41,twitter.com
2014-02-27 13:22:41,b12.myspace.com
2014-02-27 13:22:42,cms.abmr.net
2014-02-27 13:22:42,www.bing.com
2014-02-27 13:22:46,www.bing.com
2014-02-27 13:22:47,www.non-stop-people.com
2014-02-27 13:22:47,www.bing.com
2014-02-27 13:22:48,s-static.ak.facebook.com
2014-02-27 13:22:48,static.ak.facebook.com
2014-02-27 13:22:48,www.non-stop-people.com
2014-02-27 13:22:49,www.non-stop-people.com
2014-02-27 13:22:50,c1.adform.net
2014-02-27 13:22:57,www.facebook.com
2014-02-27 13:22:57,rubicon-match.dotomi.com
2014-02-27 13:22:57,rp.gwallet.com
2014-02-27 13:22:58,tc.airfrance.com
2014-02-27 13:22:58,www.facebook.com
2014-02-27 13:22:59,ajax.googleapis.com
2014-02-27 13:22:59,www.facebook.com
2014-02-27 13:23:00,redir.adbutter.net
2014-02-27 13:23:30,accounts.google.com
2014-02-27 13:23:30,apis.google.com
2014-02-27 13:23:53,ieonline.microsoft.com
2014-02-27 13:23:57,www.non-stop-people.com
2014-02-27 13:23:58,static.ak.facebook.com
2014-02-27 13:23:58,s-static.ak.facebook.com
2014-02-27 13:24:00,rp.gwallet.com
2014-02-27 13:24:00,www.facebook.com
2014-02-27 13:24:01,www.facebook.com
2014-02-27 13:24:01,rp.gwallet.com
2014-02-27 13:24:02,adventori.com
2014-02-27 13:24:04,apnx-match.dotomi.com
2014-02-27 13:24:14,www.non-stop-people.com
2014-02-27 13:24:15,s-static.ak.facebook.com
2014-02-27 13:24:15,static.ak.facebook.com
2014-02-27 13:24:18,um.simpli.fi
2014-02-27 13:24:18,www.facebook.com
2014-02-27 13:24:23,ce.lijit.com
2014-02-27 13:24:24,www.non-stop-people.com
2014-02-27 13:24:25,s-static.ak.facebook.com
2014-02-27 13:24:25,static.ak.facebook.com
2014-02-27 13:24:27,www.facebook.com
2014-02-27 13:24:29,www.non-stop-people.com
2014-02-27 13:25:17,www.non-stop-people.com
2014-02-27 13:25:18,static.ak.facebook.com
2014-02-27 13:25:18,s-static.ak.facebook.com
2014-02-27 13:25:21,www.facebook.com
2014-02-27 13:25:38,www.non-stop-people.com
2014-02-27 13:25:39,s-static.ak.facebook.com
2014-02-27 13:25:39,static.ak.facebook.com
2014-02-27 13:25:40,www.facebook.com
2014-02-27 13:26:02,www.dailymotion.com
2014-02-27 13:26:02,www.non-stop-people.com
2014-02-27 13:26:03,s-static.ak.facebook.com
2014-02-27 13:26:03,static.ak.facebook.com
2014-02-27 13:26:03,www.non-stop-people.com
2014-02-27 13:26:06,www.facebook.com
2014-02-27 13:26:37,twitter.com
2014-02-27 13:28:24,apis.google.com
2014-02-27 13:30:15,s-static.ak.facebook.com
2014-02-27 13:30:15,static.ak.facebook.com
2014-02-27 13:30:16,rbx-cdn-tpn.c4tw.net
2014-02-27 13:30:16,wtpn.twenga.fr
2014-02-27 13:30:17,www.facebook.com
2014-02-27 13:30:17,wtpn.twenga.fr
2014-02-27 13:30:17,s0r.c4tw.net
2014-02-27 13:30:17,i10.twenga.com
2014-02-27 13:30:17,i11.twenga.com
2014-02-27 13:30:34,www.non-stop-people.com
2014-02-27 13:30:36,static.ak.facebook.com
2014-02-27 13:30:36,s-static.ak.facebook.com
2014-02-27 13:30:37,www.facebook.com
2014-02-27 13:31:19,www.non-stop-people.com
2014-02-27 13:31:20,static.ak.facebook.com
2014-02-27 13:31:20,s-static.ak.facebook.com
2014-02-27 13:31:21,wtpn.twenga.fr
2014-02-27 13:31:21,i10.twenga.com
2014-02-27 13:31:22,s0r.c4tw.net
2014-02-27 13:31:23,wtpn.twenga.fr
2014-02-27 13:31:23,www.facebook.com
2014-02-27 13:31:37,www.non-stop-people.com
2014-02-27 13:31:38,static.ak.facebook.com
2014-02-27 13:31:38,s-static.ak.facebook.com
2014-02-27 13:31:40,x2.vindicosuite.com
2014-02-27 13:31:41,www.facebook.com
2014-02-27 13:31:41,mpp2.specificclick.net
2014-02-27 13:32:04,www.non-stop-people.com
2014-02-27 13:32:05,static.ak.facebook.com
2014-02-27 13:32:05,s-static.ak.facebook.com
2014-02-27 13:32:07,www.facebook.com
2014-02-27 13:32:13,s-static.ak.facebook.com
2014-02-27 13:32:13,static.ak.facebook.com
2014-02-27 13:32:14,www.facebook.com
2014-02-27 13:32:37,www.non-stop-people.com
2014-02-27 13:32:38,static.ak.facebook.com
2014-02-27 13:32:38,s-static.ak.facebook.com
2014-02-27 13:32:41,www.facebook.com
2014-02-27 13:32:49,www.non-stop-people.com
2014-02-27 13:32:50,static.ak.facebook.com
2014-02-27 13:32:50,s-static.ak.facebook.com
2014-02-27 13:32:52,www.non-stop-people.com
2014-02-27 13:32:53,static.ak.facebook.com
2014-02-27 13:32:53,s-static.ak.facebook.com
2014-02-27 13:32:54,redir.adbutter.net
2014-02-27 13:32:56,www.facebook.com
2014-02-27 13:32:57,redir.adbutter.net
2014-03-20 16:56:50,www.google.fr
2014-03-20 16:56:53,apis.google.com
2014-03-20 16:57:05,www.google.fr
2014-03-20 16:57:05,apis.google.com
2014-03-20 16:57:06,www.google.fr
2014-03-20 16:57:39,login.live.com
2014-03-20 16:58:18,s-static.ak.facebook.com
2014-03-20 16:58:20,twitter.com
2014-03-20 16:58:22,www.facebook.com
2014-03-20 16:58:51,twitter.com
2014-03-20 16:59:29,platform.twitter.com
2014-03-20 16:59:45,ieonline.microsoft.com
2014-03-20 17:00:05,www.formulaires.modernisation.gouv.fr
2014-03-20 17:00:20,www.formulaires.modernisation.gouv.fr
2014-03-20 17:00:45,www.formulaires.modernisation.gouv.fr
2014-03-20 17:12:41,s-static.ak.facebook.com
2014-03-20 17:12:43,apis.google.com
2014-03-20 17:12:43,plusone.google.com
2014-03-20 17:12:44,twitter.com
2014-03-20 17:12:59,platform.twitter.com
2014-03-20 17:12:59,plusone.google.com
2014-03-20 17:12:59,apis.google.com
2014-03-20 17:13:00,apis.google.com
2014-03-20 17:13:01,twitter.com
2014-03-20 17:13:04,www.google.fr
2014-03-20 17:13:04,www.google.com
2014-03-20 17:14:32,www.google.com
2014-03-20 17:14:32,apis.google.com
2014-03-20 17:14:32,www.google.fr
2014-03-20 17:21:56,apis.google.com
2014-03-20 17:21:57,apis.google.com
2014-03-20 17:21:58,accounts.google.com
2014-03-20 17:21:58,s-static.ak.facebook.com
2014-03-20 17:21:58,apis.google.com
2014-03-20 17:21:59,apis.google.com
2014-03-20 17:22:00,accounts.google.com
2014-03-20 17:23:03,www.google.fr
2014-03-20 17:24:31,www.google.fr
2014-03-20 17:24:52,www.google.fr
2014-04-23 16:41:13,apis.google.com
2014-04-23 16:41:13,www.google.com
2014-04-23 16:41:14,www.google.fr
2014-04-23 16:45:24,sb-ssl.google.com
2014-04-23 16:47:30,www.google.com
2014-04-23 16:47:37,login.live.com
2014-04-23 16:47:38,login.live.com
2014-04-23 16:47:50,windowslive.tt.omtrdc.net
2014-04-23 16:48:10,login.live.com
2014-04-23 16:48:48,g.msn.com
2014-04-23 16:49:10,mail.live.com
2014-04-23 16:49:12,h.bing.com
2014-04-23 16:49:14,h.live.com
2014-04-23 16:49:16,cid-a49429c90604af1b.users.storage.live.com
2014-04-23 16:49:17,storage.live.com
2014-04-23 16:49:18,dub126.mail.live.com
2014-04-23 16:49:19,dub126.mail.live.com
2014-04-23 16:49:20,byfiles.storage.msn.com
2014-04-23 16:49:20,dub126.mail.live.com
2014-04-23 16:49:33,g.live.com
2014-04-23 16:49:39,people.directory.live.com
2014-04-23 16:49:50,h2.msn.com
2014-04-23 16:50:10,go.trouter.io
2014-04-23 16:50:12,secure.shared.live.com
2014-04-23 16:50:12,dub126.mail.live.com
2014-04-23 16:50:13,js.live.net
2014-04-23 16:50:29,www.google.com
2014-04-23 16:50:30,www.google.fr
2014-04-23 16:52:13,dub126.mail.live.com
2014-04-23 16:54:08,www.google.com
2014-04-23 16:54:14,maps.google.fr
2014-04-23 16:54:17,geo0.ggpht.com
2014-04-23 16:54:17,storage.googleapis.com
2014-04-23 16:54:36,people.directory.live.com
2014-04-23 16:54:36,dub126.mail.live.com
2014-04-23 16:54:38,h.live.com
2014-04-23 16:54:48,mts0.google.com
2014-04-23 16:54:58,www.google.fr
2014-04-23 16:56:55,login.live.com
2014-04-23 16:57:01,www.facebook.com
2014-04-23 16:57:01,s-static.ak.facebook.com
2014-04-23 16:57:01,login.live.com
2014-04-23 16:57:07,g.msn.com
2014-04-23 16:57:07,cid-a49429c90604af1b.users.storage.live.com
2014-04-23 16:57:07,go.trouter.io
2014-04-23 16:57:07,windowslive.tt.omtrdc.net
2014-04-23 16:57:07,pbs.twimg.com
2014-04-23 16:57:07,login.secure.emea.msn.com
2014-04-23 16:57:07,platform.twitter.com
2014-04-23 16:57:07,twitter.com
2014-04-24 10:18:36,sci.sciences.univ-bpclermont.fr
2014-04-24 10:18:37,sci.sciences.univ-bpclermont.fr
2014-04-24 10:18:41,sci.sciences.univ-bpclermont.fr
2014-04-24 10:18:48,www.hotmail.fr
2014-04-24 10:18:50,sci.sciences.univ-bpclermont.fr
2014-04-24 10:18:59,login.live.com
2014-04-24 10:19:18,login.live.com
2014-04-24 10:19:24,login.live.com
2014-04-24 10:19:25,login.live.com
2014-04-24 10:19:32,mail.live.com
2014-04-24 10:19:32,dub126.mail.live.com
2014-04-24 10:19:39,people.directory.live.com
2014-04-24 10:19:39,js.live.net
2014-04-24 10:19:40,dub126.mail.live.com
2014-04-24 10:19:40,go.trouter.io
2014-04-24 10:19:40,byfiles.storage.msn.com
2014-04-24 10:19:42,storage.live.com
2014-04-24 10:19:42,secure.shared.live.com
2014-04-24 10:19:43,h.bing.com
2014-04-24 10:19:43,secure.shared.live.com
2014-04-24 10:19:43,h.live.com
2014-04-24 10:19:43,cid-a49429c90604af1b.users.storage.live.com
2014-04-24 10:19:44,h.bing.com
2014-04-24 10:20:43,h.live.com
2014-04-24 10:20:47,dub126.mail.live.com
2014-04-24 10:20:48,dub126.afx.ms
2014-04-24 10:21:32,dub126.mail.live.com
2014-04-24 10:21:37,ieonline.microsoft.com
2014-04-24 10:22:49,dub126.mail.live.com
2014-04-24 10:24:50,dub126.afx.ms
2014-04-24 10:25:29,cid-a49429c90604af1b.users.storage.live.com
2014-04-24 10:25:29,dub126.mail.live.com
2014-04-24 10:25:29,proxy-bay-people.directory.live.com
