timestamp,site
2013-11-19 13:18:42,armmf.adobe.com
2013-11-19 13:18:44,armmf.adobe.com
2013-11-19 14:34:40,search.mywebs.pro
2013-11-19 14:34:41,search.mywebs.pro
2013-11-19 14:34:41,fpdownload2.macromedia.com
2013-11-19 14:34:47,search.mywebs.pro
2013-11-19 14:34:48,fr.ask.com
2013-11-19 14:34:49,fr.ask.com
2013-11-19 14:34:51,fr.ask.com
2013-11-19 14:34:51,www.google.fr
2013-11-19 14:34:54,fr.ask.com
2013-11-19 14:34:54,www.google.fr
2013-11-19 14:34:56,fr.ask.com
2013-11-19 14:34:56,www.google.fr
2013-11-19 14:34:57,webresultado.com
2013-11-19 14:34:57,apis.google.com
2013-11-19 14:34:57,www.google.fr
2013-11-19 14:35:00,www.google.com
2013-11-19 14:35:07,www.google.fr
2013-11-19 14:35:59,apis.google.com
2013-11-19 14:36:09,www.google.com
2013-11-19 14:36:09,www.google.fr
2013-11-19 14:36:11,fr.wikipedia.org
2013-11-19 14:36:11,www.google.fr
2013-11-19 14:36:11,bits.wikimedia.org
2013-11-19 14:36:12,bits.wikimedia.org
2013-11-19 14:36:12,meta.wikimedia.org
2013-11-19 14:36:12,fr.wikipedia.org
2013-11-19 14:36:13,login.wikimedia.org
2013-11-19 14:36:13,fr.wikipedia.org
2013-11-19 14:36:13,bits.wikimedia.org
2013-11-19 14:36:32,fr.wikipedia.org
2013-11-19 14:36:32,bits.wikimedia.org
2013-11-19 14:36:33,fr.wikipedia.org
2013-11-19 14:36:33,bits.wikimedia.org
2013-11-19 14:36:33,meta.wikimedia.org
2013-11-19 14:36:46,search.mywebs.pro
2013-11-19 14:36:48,fr.ask.com
2013-11-19 14:36:50,fr.ask.com
2013-11-19 14:36:50,www.google.fr
2013-11-19 14:36:54,login.wikimedia.org
2013-11-19 14:37:12,www.google.fr
2013-11-19 14:37:12,search.mywebs.pro
2013-11-19 14:37:13,fr.edaboard.com
2013-11-19 14:37:14,images.elektroda.net
2013-11-19 14:37:14,smf.edaboard.com
2013-11-19 14:37:14,fr.wikipedia.org
2013-11-19 14:37:16,bits.wikimedia.org
2013-11-19 14:37:17,www.google.fr
2013-11-19 14:37:17,search.mywebs.pro
2013-11-19 14:37:17,smf.edaboard.com
2013-11-19 14:37:19,smf.edaboard.com
2013-11-19 14:37:19,www.edaboard.com
2013-11-19 14:37:20,www.edaboard.com
2013-11-19 14:37:20,yui.yahooapis.com
2013-11-19 14:37:20,forums.futura-sciences.com
2013-11-19 14:37:20,smf.edaboard.com
2013-11-19 14:37:21,www.edaboard.com
2013-11-19 14:37:21,forums.futura-sciences.com
2013-11-19 14:37:22,www.edaboard.com
2013-11-19 14:37:22,smf.edaboard.com
2013-11-19 14:37:23,smf.edaboard.com
2013-11-19 14:37:23,www.edaboard.com
2013-11-19 14:37:24,legacy.futura-sciences.com
2013-11-19 14:37:24,forums.futura-sciences.com
2013-11-19 14:37:24,smf.edaboard.com
2013-11-19 14:37:24,www.futura-sciences.com
2013-11-19 14:37:24,www.edaboard.com
2013-11-19 14:37:25,forums.futura-sciences.com
2013-11-19 14:37:25,www.google.com
2013-11-19 14:37:26,forums.futura-sciences.com
2013-11-19 14:37:26,www.edaboard.com
2013-11-19 14:37:26,smf.edaboard.com
2013-11-19 14:37:27,www.google.com
2013-11-19 14:37:27,www.google.fr
2013-11-19 14:37:28,www.google.com
2013-11-19 14:37:28,legacy.futura-sciences.com
2013-11-19 14:37:28,forums.futura-sciences.com
2013-11-19 14:37:28,www.futura-sciences.com
2013-11-19 14:37:29,www.google.fr
2013-11-19 14:37:29,www.google.com
2013-11-19 14:37:29,forums.futura-sciences.com
2013-11-19 14:37:29,legacy.futura-sciences.com
2013-11-19 14:37:30,forums.futura-sciences.com
2013-11-19 14:37:30,fr.edaboard.com
2013-11-19 14:37:30,legacy.futura-sciences.com
2013-11-19 14:37:30,www.futura-sciences.com
2013-11-19 14:37:31,fr.intext.adfever.com
2013-11-19 14:37:32,adventori.com
2013-11-19 14:37:33,forums.futura-sciences.com
2013-11-19 14:37:33,apis.google.com
2013-11-19 14:37:33,fr.intext.adfever.com
2013-11-19 14:37:34,connect.facebook.net
2013-11-19 14:37:34,forums.futura-sciences.com
2013-11-19 14:37:34,platform.twitter.com
2013-11-19 14:37:34,static.ak.facebook.com
2013-11-19 14:37:34,fr.intext.adfever.com
2013-11-19 14:37:34,s-static.ak.facebook.com
2013-11-19 14:37:34,apis.google.com
2013-11-19 14:37:34,www.facebook.com
2013-11-19 14:37:35,fr.intext.adfever.com
2013-11-19 14:37:36,forums.futura-sciences.com
2013-11-19 14:37:37,platform.twitter.com
2013-11-19 14:37:37,twitter.com
2013-11-19 14:37:38,apis.google.com
2013-11-19 14:37:38,www.facebook.com
2013-11-19 14:37:38,forums.futura-sciences.com
2013-11-19 14:37:42,forums.futura-sciences.com
2013-11-19 14:37:43,apis.google.com
2013-11-19 14:37:44,accounts.google.com
2013-11-19 14:38:08,search.mywebs.pro
2013-11-19 14:38:09,search.mywebs.pro
2013-11-19 14:38:10,twitter.com
2013-11-19 14:38:11,www-inst.eecs.berkeley.edu
2013-11-19 14:38:17,search.mywebs.pro
2013-11-19 14:38:18,search.mywebs.pro
2013-11-19 14:38:19,pigeon.users.greyc.fr
2013-11-19 14:38:34,pigeon.users.greyc.fr
2013-11-19 14:38:46,accounts.google.com
2013-11-19 14:38:46,apis.google.com
2013-11-19 14:38:46,platform.twitter.com
2013-11-19 14:38:55,www.google.fr
2013-11-19 14:39:57,search.mywebs.pro
2013-11-19 14:39:57,www.google.fr
2013-11-19 14:39:57,fr.cyclopaedia.net
2013-11-19 14:39:58,fr.cyclopaedia.net
2013-11-19 14:39:58,img.youtube.com
2013-11-19 14:40:01,fr.cyclopaedia.net
2013-11-19 14:40:01,apis.google.com
2013-11-19 14:40:01,www.facebook.com
2013-11-19 14:40:01,www.google.com
2013-11-19 14:40:02,www.youtube.com
2013-11-19 14:40:02,ecx.images-amazon.com
2013-11-19 14:40:02,fr.cyclopaedia.net
2013-11-19 14:40:02,www.google.com
2013-11-19 14:40:02,encrypted.google.com
2013-11-19 14:40:02,s.ytimg.com
2013-11-19 14:40:03,www.google.fr
2013-11-19 14:40:03,encrypted.google.com
2013-11-19 14:40:03,www.google.com
2013-11-19 14:40:03,apis.google.com
2013-11-19 14:40:03,accounts.google.com
2013-11-19 14:40:03,fr.cyclopaedia.net
2013-11-19 14:40:04,www.google.fr
2013-11-19 14:40:04,fr.cyclopaedia.net
2013-11-19 14:40:04,apis.google.com
2013-11-19 14:40:04,accounts.google.com
2013-11-19 14:40:04,encrypted.google.com
2013-11-19 14:40:04,www.google.com
2013-11-19 14:40:04,s.ytimg.com
2013-11-19 14:40:05,www.googleapis.com
2013-11-19 14:40:05,hal9000.redintelligence.net
2013-11-19 14:40:05,fr.cyclopaedia.net
2013-11-19 14:40:05,ecx.images-amazon.com
2013-11-19 14:40:05,clients1.google.com
2013-11-19 14:40:05,s.ytimg.com
2013-11-19 14:40:05,www.google.com
2013-11-19 14:40:06,fr.cyclopaedia.net
2013-11-19 14:40:06,www.googleapis.com
2013-11-19 14:40:06,s.ytimg.com
2013-11-19 14:40:06,choices.truste.com
2013-11-19 14:40:06,hal9000.redintelligence.net
2013-11-19 14:40:07,i1.ytimg.com
2013-11-19 14:40:07,choices.truste.com
2013-11-19 14:40:07,fr.cyclopaedia.net
2013-11-19 14:40:08,www.facebook.com
2013-11-19 14:40:08,choices.truste.com
2013-11-19 14:40:08,vcm-match.dotomi.com
2013-11-19 14:40:08,www.conforama.fr
2013-11-19 14:40:08,ad.publicidees.com
2013-11-19 14:40:09,dtm.gap.com
2013-11-19 14:40:09,vcm-match.dotomi.com
2013-11-19 14:40:09,twitter.com
2013-11-19 14:40:09,dtm.eddiebauer.com
2013-11-19 14:40:09,dtm.urbanoutfitters.com
2013-11-19 14:40:11,ea.numericable.fr
2013-11-19 14:40:12,fr.cyclopaedia.net
2013-11-19 14:40:16,fr.wikipedia.org
2013-11-19 14:40:16,search.mywebs.pro
2013-11-19 14:40:16,bits.wikimedia.org
2013-11-19 14:40:17,meta.wikimedia.org
2013-11-19 14:40:17,fr.wikipedia.org
2013-11-19 14:40:17,bits.wikimedia.org
2013-11-19 14:40:18,bits.wikimedia.org
2013-11-19 14:40:35,bits.wikimedia.org
2013-11-19 14:40:35,fr.wikipedia.org
2013-11-19 14:40:36,meta.wikimedia.org
2013-11-19 14:40:36,bits.wikimedia.org
2013-11-19 14:40:36,fr.wikipedia.org
2013-11-19 14:40:37,meta.wikimedia.org
2013-11-19 14:40:38,meta.wikimedia.org
2013-11-26 12:56:46,armmf.adobe.com
2013-11-28 08:07:50,armmf.adobe.com
2013-11-28 08:07:52,armmf.adobe.com
2013-12-16 08:05:21,ds.dellfix.com
2013-12-16 08:06:07,ds.dellfix.com
2013-12-16 08:07:07,ds.dellfix.com
2013-12-16 08:07:08,ds.dellfix.com
2013-12-16 08:15:21,ds.dellfix.com
2013-12-16 08:16:08,ds.dellfix.com
2013-12-16 08:16:12,ds.dellfix.com
2013-12-16 08:17:08,ds.dellfix.com
2013-12-16 08:35:21,ds.dellfix.com
2013-12-16 08:36:12,ds.dellfix.com
2013-12-16 08:37:08,ds.dellfix.com
2013-12-16 09:15:21,ds.dellfix.com
2013-12-16 09:16:12,ds.dellfix.com
2013-12-16 09:17:08,ds.dellfix.com
2013-12-16 10:35:20,ds.dellfix.com
2013-12-16 10:36:11,ds.dellfix.com
2013-12-16 10:37:07,ds.dellfix.com
2013-12-17 17:00:26,ieonline.microsoft.com
2014-02-13 09:04:01,armmf.adobe.com
2014-02-13 09:04:04,armmf.adobe.com
2014-02-13 10:03:44,search.mywebs.pro
2014-02-13 10:03:45,search.mywebs.pro
2014-02-13 10:03:56,search.mywebs.pro
2014-02-13 10:03:57,www.google.com
2014-02-13 10:03:57,fr.ask.com
2014-02-13 10:03:58,www.google.com
2014-02-13 10:03:58,fr.ask.com
2014-02-13 10:04:13,fr.ask.com
2014-02-13 10:04:13,www.google.com
2014-02-13 10:04:14,fr.ask.com
2014-02-13 10:04:15,events.foreseeresults.com
2014-02-13 10:04:15,sp.ask.com
2014-02-13 10:04:18,events.foreseeresults.com
2014-02-13 10:04:27,www.google.fr
2014-02-13 10:04:28,www.google.fr
2014-02-13 10:04:28,webresultado.com
2014-02-13 10:04:28,www.google.com
2014-02-13 10:04:29,apis.google.com
2014-02-13 10:05:35,www.google.com
2014-02-13 10:05:35,apis.google.com
2014-02-13 10:05:35,www.google.fr
2014-02-13 11:52:50,search.mywebs.pro
2014-02-13 11:52:51,search.mywebs.pro
2014-02-13 11:53:04,www.google.fr
2014-02-13 11:53:05,webresultado.com
2014-02-13 11:53:05,www.google.com
2014-02-13 11:53:05,apis.google.com
2014-02-13 11:53:28,www.google.fr
2014-02-13 11:53:28,barreau.matthieu.free.fr
2014-02-13 11:53:29,barreau.matthieu.free.fr
2014-02-13 11:53:38,barreau.matthieu.free.fr
2014-02-13 11:53:42,barreau.matthieu.free.fr
2014-02-13 11:53:42,www.google.com
2014-02-13 11:54:07,apis.google.com
2014-02-13 11:54:32,www.google.fr
2014-02-13 11:54:45,barreau.matthieu.free.fr
2014-02-13 11:54:46,barreau.matthieu.free.fr
2014-02-13 12:10:23,barreau.matthieu.free.fr
2014-02-13 12:10:27,barreau.matthieu.free.fr
2014-02-13 12:11:07,barreau.matthieu.free.fr
2014-02-13 12:11:10,barreau.matthieu.free.fr
2014-02-13 12:15:21,barreau.matthieu.free.fr
2014-02-18 13:59:17,ds.dellfix.com
2014-02-18 14:00:17,ds.dellfix.com
2014-02-18 14:01:17,ds.dellfix.com
2014-02-18 14:09:17,ds.dellfix.com
2014-02-18 14:10:17,ds.dellfix.com
2014-02-18 14:11:17,ds.dellfix.com
2014-02-18 14:29:17,ds.dellfix.com
2014-02-18 14:30:17,ds.dellfix.com
2014-02-18 14:31:17,ds.dellfix.com
2014-02-18 14:33:01,www.google.fr
2014-02-18 14:47:47,www.google.fr
2014-02-18 14:47:48,www.google.fr
2014-02-18 14:48:02,www.google.com
2014-02-18 14:48:05,www.google.fr
2014-02-18 14:48:05,3.bp.blogspot.com
2014-02-18 14:48:05,civetteauboisdormant.blogspot.com
2014-02-18 14:48:06,www.blogger.com
2014-02-18 14:48:06,civetteauboisdormant.blogspot.fr
2014-02-18 14:48:07,img2.blogblog.com
2014-02-18 14:48:07,3.bp.blogspot.com
2014-02-18 14:48:07,apis.google.com
2014-02-18 14:48:08,www.blogger.com
2014-02-18 14:48:08,img1.blogblog.com
2014-02-18 14:48:08,img2.blogblog.com
2014-02-18 14:48:08,4.bp.blogspot.com
2014-02-18 14:48:08,www.blogblog.com
2014-02-18 14:48:08,apis.google.com
2014-02-18 14:48:09,accounts.google.com
2014-02-18 14:48:09,apis.google.com
2014-02-18 14:48:09,www.google.com
2014-02-18 14:48:09,www.blogger.com
2014-02-18 14:48:10,atrecherche.blogspot.fr
2014-02-18 14:48:10,graindemusc.blogspot.com
2014-02-18 14:48:10,lysepona.blogspot.com
2014-02-18 14:48:10,nouveleuphorbia.blogspot.fr
2014-02-18 14:48:10,lysepona.blogspot.fr
2014-02-18 14:48:10,atrecherche.blogspot.com
2014-02-18 14:48:10,chyprerouge.com
2014-02-18 14:48:10,nouveleuphorbia.blogspot.com
2014-02-18 14:48:10,apis.google.com
2014-02-18 14:48:10,mybluehour.blogspot.fr
2014-02-18 14:48:10,lagardenianellocchiello.blogspot.fr
2014-02-18 14:48:10,dr-jicky-and-mister-phoebus.blogspot.fr
2014-02-18 14:48:10,0.gravatar.com
2014-02-18 14:48:10,dr-jicky-and-mister-phoebus.blogspot.com
2014-02-18 14:48:10,www.google.fr
2014-02-18 14:48:10,lagardenianellocchiello.blogspot.com
2014-02-18 14:48:10,graindemusc.blogspot.fr
2014-02-18 14:48:10,www.blogger.com
2014-02-18 14:48:19,www.google.fr
2014-02-18 14:48:19,civetteauboisdormant.blogspot.fr
2014-02-18 14:48:19,civetteauboisdormant.blogspot.com
2014-02-18 14:48:21,apis.google.com
2014-02-18 14:48:22,www.blogger.com
2014-02-18 15:09:17,ds.dellfix.com
2014-02-18 15:10:17,ds.dellfix.com
2014-02-18 15:11:17,ds.dellfix.com
2014-02-18 15:41:48,google.fr
2014-02-18 15:41:48,www.google.fr
2014-02-18 15:41:57,www.google.fr
2014-02-18 15:41:58,www.ozap.com
2014-02-18 15:41:58,static1.ozap.com
2014-02-18 15:41:58,www.google.com
2014-02-18 15:41:59,eu1.swbdds.com
2014-02-18 15:41:59,www.google.fr
2014-02-18 15:41:59,www.dailymotion.com
2014-02-18 15:41:59,static1.ozap.com
2014-02-18 15:41:59,www.beead.fr
2014-02-18 15:42:00,connect.facebook.net
2014-02-18 15:42:00,apis.google.com
2014-02-18 15:42:00,www.facebook.com
2014-02-18 15:42:00,www.ozap.com
2014-02-18 15:42:00,static1.ozap.com
2014-02-18 15:42:01,static1.ozap.com
2014-02-18 15:42:01,puremediascom.disqus.com
2014-02-18 15:42:01,apis.google.com
2014-02-18 15:42:01,crl.verisign.com
2014-02-18 15:42:01,www.facebook.com
2014-02-18 15:42:01,www.ozap.com
2014-02-18 15:42:02,accounts.google.com
2014-02-18 15:42:02,static1.ozap.com
2014-02-18 15:42:02,go.disqus.com
2014-02-18 15:42:04,platform.twitter.com
2014-02-18 15:42:04,static.ak.facebook.com
2014-02-18 15:42:04,www.facebook.com
2014-02-18 15:42:04,www.dailymotion.com
2014-02-18 15:42:04,disqus.com
2014-02-18 15:42:04,s-static.ak.facebook.com
2014-02-18 15:42:04,svrsecure-g3-crl.verisign.com
2014-02-18 15:42:04,www.ozap.com
2014-02-18 15:42:05,www.dailymotion.com
2014-02-18 15:42:05,audience.visiblemeasures.com
2014-02-18 15:42:05,platform.twitter.com
2014-02-18 15:42:05,static1.ozap.com
2014-02-18 15:42:05,www.facebook.com
2014-02-18 15:42:05,evsecure-crl.verisign.com
2014-02-18 15:42:05,twitter.com
2014-02-18 15:42:06,static1.ozap.com
2014-02-18 15:42:06,od2.visiblemeasures.com
2014-02-18 15:42:06,www.google.com
2014-02-18 15:42:07,static1.ozap.com
2014-02-18 15:42:07,disqus.com
2014-02-18 15:42:07,twitter.com
2014-02-18 15:42:09,static1.webedia.fr
2014-02-18 15:42:10,disqus.com
2014-02-18 15:42:10,www.dailymotion.com
2014-02-18 15:42:34,static1.ozap.com
2014-02-18 15:42:52,www.dailymotion.com
2014-02-18 15:42:53,audience.visiblemeasures.com
2014-02-18 15:42:53,od2.visiblemeasures.com
2014-02-18 15:42:53,www.dailymotion.com
2014-02-18 15:42:53,logger-02.vty.dailymotion.com
2014-02-18 15:42:54,www.dailymotion.com
2014-02-18 15:43:09,od2.visiblemeasures.com
2014-02-18 15:43:15,logger-02.vty.dailymotion.com
2014-02-18 15:43:33,logger-02.vty.dailymotion.com
2014-02-18 15:43:34,od2.visiblemeasures.com
2014-02-18 16:29:17,ds.dellfix.com
2014-02-18 16:30:17,ds.dellfix.com
2014-02-18 16:31:17,ds.dellfix.com
2014-02-20 09:02:05,armmf.adobe.com
2014-02-20 09:02:07,armmf.adobe.com
2014-02-27 09:01:10,armmf.adobe.com
2014-02-27 09:01:12,armmf.adobe.com
2014-02-27 09:18:14,www.google.fr
2014-02-27 09:18:18,www.google.fr
2014-02-27 09:18:19,www.google.com
2014-02-27 09:18:20,apis.google.com
2014-02-27 09:18:35,www.google.com
2014-02-27 09:18:35,apis.google.com
2014-02-27 09:18:35,www.google.fr
2014-02-27 09:18:36,barreau.matthieu.free.fr
2014-02-27 09:18:52,barreau.matthieu.free.fr
2014-02-27 09:19:37,www.google.fr
2014-02-27 09:19:42,barreau.matthieu.free.fr
2014-02-27 09:56:22,fr.ask.com
2014-02-27 09:56:22,www.google.com
2014-02-27 09:56:22,search.mywebs.pro
2014-02-27 09:56:23,fr.ask.com
2014-02-27 09:56:23,www.google.com
2014-02-27 09:56:28,fr.ask.com
2014-02-27 09:56:28,www.google.com
2014-02-27 09:56:29,fr.ask.com
2014-02-27 09:56:29,www.google.com
2014-02-27 09:56:30,fr.ask.com
2014-02-27 09:56:31,ajax.googleapis.com
2014-02-27 09:56:31,www.agora-project.net
2014-02-27 09:56:31,www.google.com
2014-02-27 09:56:46,fr.ask.com
2014-02-27 09:56:47,fr.ask.com
2014-02-27 09:56:47,www.google.com
2014-02-27 09:56:48,events.foreseeresults.com
2014-02-27 09:56:49,events.foreseeresults.com
2014-03-18 08:57:29,ds.dellfix.com
2014-03-18 08:58:27,ds.dellfix.com
2014-03-18 08:59:27,ds.dellfix.com
2014-03-18 09:07:29,ds.dellfix.com
2014-03-18 09:08:27,ds.dellfix.com
2014-03-18 09:09:27,ds.dellfix.com
2014-03-18 09:27:29,ds.dellfix.com
2014-03-18 09:28:27,ds.dellfix.com
2014-03-18 09:29:27,ds.dellfix.com
2014-03-18 10:07:29,ds.dellfix.com
2014-03-18 10:08:27,ds.dellfix.com
2014-03-18 10:09:27,ds.dellfix.com
2014-03-18 11:27:29,ds.dellfix.com
2014-03-18 11:28:27,ds.dellfix.com
2014-03-18 11:29:27,ds.dellfix.com
2014-03-18 13:43:56,www.google.fr
2014-03-18 13:43:57,clients1.google.fr
2014-03-18 13:43:57,www.google.fr
2014-03-18 13:44:00,www.google.com
2014-03-18 13:44:00,clients1.google.fr
2014-03-18 13:44:00,www.google.fr
2014-03-18 13:44:01,clients1.google.fr
2014-03-18 13:44:05,www.google.fr
2014-03-18 13:44:06,graph.facebook.com
2014-03-18 13:44:07,graph.facebook.com
2014-03-18 13:44:08,a248.e.akamai.net
2014-03-18 13:44:42,clients1.google.fr
2014-03-18 13:44:42,www.google.fr
2014-03-18 13:44:43,s-static.ak.facebook.com
2014-03-18 13:44:43,www.facebook.com
2014-03-18 13:44:44,graph.facebook.com
2014-03-18 13:44:58,twitter.com
2014-03-18 13:44:58,platform.twitter.com
2014-03-18 13:44:59,clients1.google.fr
2014-03-18 13:44:59,www.google.fr
2014-03-18 13:45:04,clients1.google.fr
2014-03-18 13:45:05,www.google.fr
2014-03-18 13:45:22,clients1.google.fr
2014-03-18 13:45:22,www.google.fr
2014-03-18 13:45:23,clients1.google.fr
2014-03-18 13:45:26,www.google.fr
2014-03-18 13:45:28,apis.google.com
2014-03-18 13:45:28,s-static.ak.facebook.com
2014-03-18 13:45:28,www.facebook.com
2014-03-18 13:45:57,clients1.google.fr
2014-03-18 13:45:57,www.google.fr
2014-03-18 13:45:59,clients1.google.fr
2014-03-18 13:46:02,clients1.google.fr
2014-03-18 13:46:02,www.google.fr
2014-03-18 13:46:05,clients1.google.fr
2014-03-18 13:46:07,www.google.com
2014-03-18 13:46:07,clients1.google.fr
2014-03-18 13:46:07,www.google.fr
2014-03-18 14:17:53,www.google.fr
2014-03-18 14:18:00,clients1.google.fr
2014-03-18 14:18:00,www.google.fr
2014-03-18 14:18:04,clients1.google.fr
2014-03-18 14:18:04,www.google.fr
2014-03-18 14:18:06,www.facebook.com
2014-03-18 14:18:06,s-static.ak.facebook.com
2014-03-18 14:18:11,www.facebook.com
2014-03-18 14:18:11,clients1.google.fr
2014-03-18 14:18:11,www.google.fr
2014-03-18 14:18:11,s-static.ak.facebook.com
2014-03-18 14:18:30,clients1.google.fr
2014-03-18 14:18:31,www.google.fr
2014-03-18 14:18:32,clients1.google.fr
2014-03-18 14:18:52,www.google.fr
2014-03-18 14:19:52,www.displaytech-us.com
2014-03-18 14:19:52,www.google.fr
2014-03-18 14:19:52,clients1.google.fr
2014-03-18 14:19:53,www.displaytech-us.com
2014-03-18 14:19:53,ajax.cloudflare.com
2014-03-18 14:20:01,www.displaytech-us.com
2014-03-18 14:20:02,www.displaytech-us.com
2014-03-18 14:20:08,shield.sitelock.com
2014-03-18 14:20:28,clients1.google.fr
2014-03-18 14:20:28,www.google.fr
2014-03-18 14:20:31,www.facebook.com
2014-03-18 14:20:33,www.facebook.com
2014-03-18 14:20:58,www.google.fr
2014-03-18 14:20:58,clients1.google.fr
2014-03-18 14:21:31,www.google.fr
2014-03-18 14:21:31,clients1.google.fr
2014-03-18 14:21:37,clients1.google.fr
2014-03-18 14:21:37,www.google.fr
2014-03-18 14:21:44,apis.google.com
2014-03-18 14:21:44,b12.myspace.com
2014-03-18 14:21:46,apis.google.com
2014-03-18 14:21:46,accounts.google.com
2014-03-18 14:21:46,twitter.com
2014-03-18 14:21:46,s-static.ak.facebook.com
2014-03-18 14:21:46,www.facebook.com
2014-03-18 14:21:49,platform.twitter.com
2014-03-18 14:24:55,apis.google.com
2014-03-18 14:24:55,www.facebook.com
2014-03-18 14:24:55,twitter.com
2014-03-18 14:24:55,s-static.ak.facebook.com
2014-03-18 14:25:32,apis.google.com
2014-03-18 14:25:34,twitter.com
2014-03-18 14:25:38,apis.google.com
2014-03-18 14:25:38,s-static.ak.facebook.com
2014-03-18 14:25:38,www.facebook.com
2014-03-18 14:26:08,twitter.com
2014-03-18 14:59:06,www.google.fr
2014-03-18 14:59:08,clients1.google.fr
2014-03-18 14:59:13,www.google.fr
2014-03-18 14:59:13,clients1.google.fr
2014-03-18 14:59:13,www.google.com
2014-03-18 14:59:15,clients1.google.fr
2014-03-18 14:59:20,clients1.google.fr
2014-03-18 14:59:20,www.google.fr
2014-03-18 14:59:20,apis.google.com
2014-03-18 14:59:24,twitter.com
2014-03-18 14:59:25,apis.google.com
2014-03-18 14:59:25,accounts.google.com
2014-03-18 15:56:27,www.google.fr
2014-03-18 15:56:36,www.google.fr
2014-03-18 15:56:36,www.google.com
2014-03-18 15:56:36,clients1.google.fr
2014-03-18 15:58:06,img.youtube.com
2014-03-18 15:58:11,www.google.fr
2014-03-18 15:58:11,clients1.google.fr
2014-03-18 16:47:39,jserror.newrelic.com
2014-03-18 16:47:42,api.dailymotion.com
2014-03-18 16:47:43,jserror.newrelic.com
2014-03-18 16:49:01,api.dailymotion.com
2014-03-18 16:49:21,jserror.newrelic.com
2014-03-18 16:49:23,jserror.newrelic.com
2014-03-18 16:50:15,api.dailymotion.com
2014-03-18 16:50:16,jserror.newrelic.com
2014-03-18 16:50:19,api.dailymotion.com
2014-03-18 16:50:21,jserror.newrelic.com
2014-03-18 16:50:22,www.google.fr
2014-03-18 16:50:22,jserror.newrelic.com
2014-03-18 16:50:44,clients1.google.fr
2014-03-18 16:50:44,www.google.fr
2014-03-18 16:50:45,clients1.google.fr
2014-03-19 15:33:28,google.fr
2014-03-19 15:33:28,www.google.fr
2014-03-19 15:33:32,www.google.fr
2014-03-19 15:33:38,clients1.google.fr
2014-03-19 15:33:39,www.google.fr
2014-03-19 15:33:39,clients1.google.fr
2014-03-19 15:33:41,clients1.google.fr
2014-03-19 15:33:41,img.youtube.com
2014-03-19 15:33:41,www.tourisme-lot.com
2014-03-19 15:33:42,www.google.fr
2014-03-19 15:33:42,ajax.googleapis.com
2014-03-19 15:33:42,www.tourisme-lot.com
2014-03-19 15:33:42,grandsites.midipyrenees.fr
2014-03-19 15:33:43,static.ak.facebook.com
2014-03-19 15:33:43,connect.facebook.net
2014-03-19 15:33:43,www.tourisme-lot.com
2014-03-19 15:33:43,ajax.googleapis.com
2014-03-19 15:33:43,admin.tourisme-lot.com
2014-03-19 15:33:43,s-static.ak.facebook.com
2014-03-19 15:33:44,www.tourisme-lot.com
2014-03-19 15:33:44,ajax.googleapis.com
2014-03-19 15:33:45,admin.tourisme-lot.com
2014-03-19 15:33:46,admin.tourisme-lot.com
2014-03-19 15:33:47,admin.tourisme-lot.com
2014-03-19 15:33:47,www.jscache.com
2014-03-19 15:33:48,admin.tourisme-lot.com
2014-03-19 15:33:48,cdt46.media.tourinsoft.eu
2014-03-19 15:33:48,www.tourisme-lot.com
2014-03-19 15:33:49,admin.tourisme-lot.com
2014-03-19 15:33:49,www.tourisme-lot.com
2014-03-19 15:33:50,www.tripadvisor.fr
2014-03-19 15:33:50,www.tourisme-lot.com
2014-03-19 15:33:50,www.facebook.com
2014-03-19 15:33:51,v2.zopim.com
2014-03-19 15:33:51,www.tourisme-lot.com
2014-03-19 15:33:52,v2.zopim.com
2014-03-19 15:33:52,www.tourisme-lot.com
2014-03-19 15:33:53,widget.tourisme-midi-pyrenees.com
2014-03-19 15:33:53,www.tourisme-lot.com
2014-03-19 15:33:53,www.grandsites.midipyrenees.fr
2014-03-19 15:34:01,crl.comodoca.com
2014-03-19 15:34:02,de08.zopim.com
2014-03-19 15:34:05,ds.dellfix.com
2014-03-19 15:34:06,www.tourisme-lot.com
2014-03-19 15:34:06,de08.zopim.com
2014-03-19 15:34:07,de04.zopim.com
2014-03-19 15:34:07,v2.zopim.com
2014-03-19 15:34:07,www.tourisme-lot.com
2014-03-19 15:34:07,grandsites.midipyrenees.fr
2014-03-19 15:34:08,ajax.googleapis.com
2014-03-19 15:34:08,www.tourisme-lot.com
2014-03-19 15:34:08,admin.tourisme-lot.com
2014-03-19 15:34:08,www.jscache.com
2014-03-19 15:34:09,s-static.ak.facebook.com
2014-03-19 15:34:09,static.ak.facebook.com
2014-03-19 15:34:09,www.tripadvisor.fr
2014-03-19 15:34:09,ajax.googleapis.com
2014-03-19 15:34:13,www.facebook.com
2014-03-19 15:34:13,www.grandsites.midipyrenees.fr
2014-03-19 15:34:13,widget.tourisme-midi-pyrenees.com
2014-03-19 15:34:13,www.tourisme-lot.com
2014-03-19 15:34:13,www.tripadvisor.fr
2014-03-19 15:34:19,www.tourisme-lot.com
2014-03-19 15:34:50,de06.zopim.com
2014-03-19 15:34:50,clients1.google.fr
2014-03-19 15:34:50,maps.google.fr
2014-03-19 15:35:01,de04.zopim.com
2014-03-19 15:35:01,maps.google.fr
2014-03-19 15:35:01,maps-api-ssl.google.com
2014-03-19 15:35:02,mts1.google.com
2014-03-19 15:35:02,mts0.google.com
2014-03-19 15:35:02,maps-api-ssl.google.com
2014-03-19 15:35:02,apis.google.com
2014-03-19 15:35:03,mts1.google.com
2014-03-19 15:35:05,ds.dellfix.com
2014-03-19 15:35:05,mts0.google.com
2014-03-19 15:35:05,mts1.google.com
2014-03-19 15:35:05,maps.google.fr
2014-03-19 15:35:06,mts1.google.com
2014-03-19 15:35:06,mts0.google.com
2014-03-19 15:35:06,maps.google.fr
2014-03-19 15:35:06,de08.zopim.com
2014-03-19 15:35:07,maps.google.fr
2014-03-19 15:35:07,mts1.google.com
2014-03-19 15:35:07,mts0.google.com
2014-03-19 15:35:08,mts1.google.com
2014-03-19 15:35:08,mts0.google.com
2014-03-19 15:35:09,de06.zopim.com
2014-03-19 15:35:09,mts1.google.com
2014-03-19 15:35:09,mts0.google.com
2014-03-19 15:35:09,maps.google.fr
2014-03-19 15:35:10,mts1.google.com
2014-03-19 15:35:10,mts0.google.com
2014-03-19 15:35:13,mts0.google.com
2014-03-19 15:35:13,maps.google.fr
2014-03-19 15:35:13,mts1.google.com
2014-03-19 15:35:14,mts1.google.com
2014-03-19 15:35:14,mts0.google.com
2014-03-19 15:35:15,mts0.google.com
2014-03-19 15:35:15,mts1.google.com
2014-03-19 15:35:15,maps.google.fr
2014-03-19 15:35:19,maps.google.fr
2014-03-19 15:35:19,mts1.google.com
2014-03-19 15:35:19,mts0.google.com
2014-03-19 15:35:20,mts1.google.com
2014-03-19 15:35:24,mts0.google.com
2014-03-19 15:35:33,mts1.google.com
2014-03-19 15:35:36,mts0.google.com
2014-03-19 15:35:36,maps.google.fr
2014-03-19 15:35:36,mts1.google.com
2014-03-19 15:35:37,mts0.google.com
2014-03-19 15:35:37,mts1.google.com
2014-03-19 15:35:40,mts0.google.com
2014-03-19 15:35:40,maps.google.fr
2014-03-19 15:35:40,khms0.google.fr
2014-03-19 15:35:40,khms1.google.fr
2014-03-19 15:35:44,khms0.google.fr
2014-03-19 15:35:45,mts0.google.com
2014-03-19 15:35:45,maps.google.fr
2014-03-19 15:35:45,mts1.google.com
2014-03-19 15:35:45,khms0.google.fr
2014-03-19 15:35:46,khms1.google.fr
2014-03-19 15:35:46,mts1.google.com
2014-03-19 15:35:46,mts0.google.com
2014-03-19 15:35:46,khms0.google.fr
2014-03-19 15:35:50,khms1.google.fr
2014-03-19 15:35:50,mts1.google.com
2014-03-19 15:35:50,mts0.google.com
2014-03-19 15:35:50,maps.google.fr
2014-03-19 15:35:50,khms0.google.fr
2014-03-19 15:35:51,mts1.google.com
2014-03-19 15:35:51,khms1.google.fr
2014-03-19 15:35:51,khms0.google.fr
2014-03-19 15:35:52,mts0.google.com
2014-03-19 15:35:52,mts1.google.com
2014-03-19 15:35:53,khms0.google.fr
2014-03-19 15:35:55,khms1.google.fr
2014-03-19 15:36:05,ds.dellfix.com
2014-03-19 15:36:06,khms1.google.fr
2014-03-19 15:36:06,khms0.google.fr
2014-03-19 15:36:07,maps.google.fr
2014-03-19 15:36:07,mts1.google.com
2014-03-19 15:36:07,mts0.google.com
2014-03-19 15:36:09,mts1.google.com
2014-03-19 15:36:09,mts0.google.com
2014-03-19 15:36:10,khms0.google.fr
2014-03-19 15:36:10,mts0.google.com
2014-03-19 15:36:10,khms1.google.fr
2014-03-19 15:36:11,khms0.google.fr
2014-03-19 15:36:11,khms1.google.fr
2014-03-19 15:36:13,khms0.google.fr
2014-03-19 15:36:13,khms1.google.fr
2014-03-19 15:36:13,mts0.google.com
2014-03-19 15:36:13,mts1.google.com
2014-03-19 15:36:14,mts0.google.com
2014-03-19 15:36:15,khms1.google.fr
2014-03-19 15:36:15,mts1.google.com
2014-03-19 15:36:15,khms0.google.fr
2014-03-19 15:36:15,mts0.google.com
2014-03-19 15:36:23,khms1.google.fr
2014-03-19 15:36:23,khms0.google.fr
2014-03-19 15:36:37,maps.google.fr
2014-03-19 15:36:37,mts1.google.com
2014-03-19 15:36:37,khms1.google.fr
2014-03-19 15:36:37,khms0.google.fr
2014-03-19 15:36:37,mts0.google.com
2014-03-19 15:36:38,khms0.google.fr
2014-03-19 15:36:38,khms1.google.fr
2014-03-19 15:36:38,mts0.google.com
2014-03-19 15:36:40,mts1.google.com
2014-03-19 15:36:40,khms0.google.fr
2014-03-19 15:36:40,khms1.google.fr
2014-03-19 15:36:40,mts0.google.com
2014-03-19 15:36:40,maps.google.fr
2014-03-19 15:36:43,mts0.google.com
2014-03-19 15:36:43,mts1.google.com
2014-03-19 15:36:46,mts1.google.com
2014-03-19 15:36:46,khms1.google.fr
2014-03-19 15:36:46,khms0.google.fr
2014-03-19 15:36:52,khms1.google.fr
2014-03-19 15:36:52,khms0.google.fr
2014-03-19 15:36:53,mts0.google.com
2014-03-19 15:36:53,khms1.google.fr
2014-03-19 15:36:53,mts1.google.com
2014-03-19 15:36:59,mts1.google.com
2014-03-19 15:36:59,khms1.google.fr
2014-03-19 15:37:00,khms0.google.fr
2014-03-19 15:37:00,khms1.google.fr
2014-03-19 15:37:00,mts1.google.com
2014-03-19 15:37:00,mts0.google.com
2014-03-19 15:37:01,khms0.google.fr
2014-03-19 15:37:01,khms1.google.fr
2014-03-19 15:37:01,mts0.google.com
2014-03-19 15:37:01,mts1.google.com
2014-03-19 15:37:04,khms1.google.fr
2014-03-19 15:37:09,mts0.google.com
2014-03-19 15:37:09,mts1.google.com
2014-03-19 15:37:09,khms1.google.fr
2014-03-19 15:37:09,maps.google.fr
2014-03-19 15:37:10,mts0.google.com
2014-03-19 15:37:10,khms1.google.fr
2014-03-19 15:37:10,khms0.google.fr
2014-03-19 15:37:10,mts1.google.com
2014-03-19 15:37:11,khms0.google.fr
2014-03-19 15:37:21,mts0.google.com
2014-03-19 15:37:21,mts1.google.com
2014-03-19 15:37:21,khms1.google.fr
2014-03-19 15:37:21,khms0.google.fr
2014-03-19 15:37:22,maps.google.fr
2014-03-19 15:37:23,geo1.ggpht.com
2014-03-19 15:37:23,geo3.ggpht.com
2014-03-19 15:37:23,geo2.ggpht.com
2014-03-19 15:37:23,geo0.ggpht.com
2014-03-19 15:37:23,maps.google.fr
2014-03-19 15:37:24,geo0.ggpht.com
2014-03-19 15:37:24,geo2.ggpht.com
2014-03-19 15:37:24,geo1.ggpht.com
2014-03-19 15:37:24,geo3.ggpht.com
2014-03-19 15:37:26,mts1.google.com
2014-03-19 15:37:26,mts0.google.com
2014-03-19 15:37:26,mts3.google.com
2014-03-19 15:37:26,geo2.ggpht.com
2014-03-19 15:37:26,maps.google.fr
2014-03-19 15:37:26,www.google.com
2014-03-19 15:37:27,mw2.google.com
2014-03-19 15:37:27,static.panoramio.com.storage.googleapis.com
2014-03-19 15:37:27,mts0.google.com
2014-03-19 15:37:28,geo3.ggpht.com
2014-03-19 15:37:28,geo1.ggpht.com
2014-03-19 15:37:28,geo0.ggpht.com
2014-03-19 15:37:28,geo2.ggpht.com
2014-03-19 15:37:29,khms0.google.fr
2014-03-19 15:37:29,geo3.ggpht.com
2014-03-19 15:37:29,geo0.ggpht.com
2014-03-19 15:37:29,geo2.ggpht.com
2014-03-19 15:37:29,geo1.ggpht.com
2014-03-19 15:37:30,geo3.ggpht.com
2014-03-19 15:37:31,geo1.ggpht.com
2014-03-19 15:37:39,geo2.ggpht.com
2014-03-19 15:37:39,geo1.ggpht.com
2014-03-19 15:37:39,mts0.google.com
2014-03-19 15:37:41,geo2.ggpht.com
2014-03-19 15:37:41,geo3.ggpht.com
2014-03-19 15:37:41,geo0.ggpht.com
2014-03-19 15:37:43,geo1.ggpht.com
2014-03-19 15:37:43,geo0.ggpht.com
2014-03-19 15:37:44,mts0.google.com
2014-03-19 15:37:44,khms0.google.fr
2014-03-19 15:37:49,geo3.ggpht.com
2014-03-19 15:37:51,geo0.ggpht.com
2014-03-19 15:37:51,mts2.google.com
2014-03-19 15:37:52,geo0.ggpht.com
2014-03-19 15:37:52,geo1.ggpht.com
2014-03-19 15:37:52,maps.google.fr
2014-03-19 15:37:52,geo2.ggpht.com
2014-03-19 15:37:53,geo1.ggpht.com
2014-03-19 15:37:57,geo1.ggpht.com
2014-03-19 15:37:57,geo2.ggpht.com
2014-03-19 15:37:57,geo0.ggpht.com
2014-03-19 15:37:58,geo0.ggpht.com
2014-03-19 15:37:58,geo3.ggpht.com
2014-03-19 15:37:59,geo1.ggpht.com
2014-03-19 15:37:59,geo3.ggpht.com
2014-03-19 15:37:59,geo0.ggpht.com
2014-03-19 15:37:59,geo2.ggpht.com
2014-03-19 15:38:00,geo1.ggpht.com
2014-03-19 15:38:01,khms1.google.fr
2014-03-19 15:38:01,khms0.google.fr
2014-03-19 15:38:01,geo1.ggpht.com
2014-03-19 15:38:01,mw2.google.com
2014-03-19 15:38:01,mts0.google.com
2014-03-19 15:38:01,mts1.google.com
2014-03-19 15:38:02,geo0.ggpht.com
2014-03-19 15:38:03,geo0.ggpht.com
2014-03-19 15:38:03,geo1.ggpht.com
2014-03-19 15:38:03,geo3.ggpht.com
2014-03-19 15:38:03,geo2.ggpht.com
2014-03-19 15:38:03,maps.google.fr
2014-03-19 15:38:04,geo1.ggpht.com
2014-03-19 15:38:04,geo0.ggpht.com
2014-03-19 15:38:06,mts0.google.com
2014-03-19 15:38:06,geo2.ggpht.com
2014-03-19 15:38:06,geo3.ggpht.com
2014-03-19 15:38:06,geo0.ggpht.com
2014-03-19 15:38:07,geo1.ggpht.com
2014-03-19 15:38:09,geo0.ggpht.com
2014-03-19 15:38:09,geo2.ggpht.com
2014-03-19 15:38:09,geo3.ggpht.com
2014-03-19 15:38:09,geo1.ggpht.com
2014-03-19 15:38:10,geo1.ggpht.com
2014-03-19 15:38:12,geo0.ggpht.com
2014-03-19 15:38:18,geo3.ggpht.com
2014-03-19 15:38:19,mw2.google.com
2014-03-19 15:38:21,geo0.ggpht.com
2014-03-19 15:38:22,geo3.ggpht.com
2014-03-19 15:38:22,geo1.ggpht.com
2014-03-19 15:38:22,geo2.ggpht.com
2014-03-19 15:38:25,geo3.ggpht.com
2014-03-19 15:38:25,geo1.ggpht.com
2014-03-19 15:38:26,geo1.ggpht.com
2014-03-19 15:38:26,geo3.ggpht.com
2014-03-19 15:38:34,geo2.ggpht.com
2014-03-19 15:38:34,geo0.ggpht.com
2014-03-19 15:38:34,geo1.ggpht.com
2014-03-19 15:38:36,mts0.google.com
2014-03-19 15:38:36,khms0.google.fr
2014-03-19 15:38:45,geo1.ggpht.com
2014-03-19 15:38:45,geo2.ggpht.com
2014-03-19 15:38:45,maps.google.fr
2014-03-19 15:38:45,khms0.google.fr
2014-03-19 15:38:45,geo3.ggpht.com
2014-03-19 15:38:46,geo3.ggpht.com
2014-03-19 15:38:46,geo0.ggpht.com
2014-03-19 15:38:46,geo1.ggpht.com
2014-03-19 15:38:46,geo2.ggpht.com
2014-03-19 15:38:48,geo0.ggpht.com
2014-03-19 15:38:48,geo2.ggpht.com
2014-03-19 15:38:48,geo1.ggpht.com
2014-03-19 15:38:48,mw2.google.com
2014-03-19 15:38:54,mw2.google.com
2014-03-19 15:38:58,static.panoramio.com.storage.googleapis.com
2014-03-19 15:38:59,lh4.ggpht.com
2014-03-19 15:39:00,geo0.ggpht.com
2014-03-19 15:39:00,mw2.google.com
2014-03-19 15:39:00,static.panoramio.com.storage.googleapis.com
2014-03-19 15:39:03,www.google.com
2014-03-19 15:39:03,geo0.ggpht.com
2014-03-19 15:39:04,lh4.ggpht.com
2014-03-19 15:39:04,mw2.google.com
2014-03-19 15:39:33,geo1.ggpht.com
2014-03-19 15:39:33,geo0.ggpht.com
2014-03-19 15:39:33,lh6.ggpht.com
2014-03-19 15:39:33,www.google.com
2014-03-19 15:39:33,static.panoramio.com.storage.googleapis.com
2014-03-19 15:39:33,mw2.google.com
2014-03-19 15:39:34,geo2.ggpht.com
2014-03-19 15:39:34,geo3.ggpht.com
2014-03-19 15:39:34,geo1.ggpht.com
2014-03-19 15:39:34,geo0.ggpht.com
2014-03-19 15:39:36,geo1.ggpht.com
2014-03-19 15:39:36,geo0.ggpht.com
2014-03-19 15:39:37,geo2.ggpht.com
2014-03-19 15:39:38,geo0.ggpht.com
2014-03-19 15:39:38,geo2.ggpht.com
2014-03-19 15:39:38,geo3.ggpht.com
2014-03-19 15:39:38,geo1.ggpht.com
2014-03-19 15:39:39,maps.google.fr
2014-03-19 15:39:39,geo1.ggpht.com
2014-03-19 15:39:43,geo1.ggpht.com
2014-03-19 15:39:43,geo0.ggpht.com
2014-03-19 15:39:43,geo2.ggpht.com
2014-03-19 15:39:43,geo3.ggpht.com
2014-03-19 15:39:44,mts0.google.com
2014-03-19 15:39:44,khms0.google.fr
2014-03-19 15:39:44,maps.google.fr
2014-03-19 15:39:44,khms1.google.fr
2014-03-19 15:39:44,mts1.google.com
2014-03-19 15:39:44,geo0.ggpht.com
2014-03-19 15:39:44,geo3.ggpht.com
2014-03-19 15:39:44,geo1.ggpht.com
2014-03-19 15:39:44,geo2.ggpht.com
2014-03-19 15:39:45,maps.google.fr
2014-03-19 15:39:46,geo2.ggpht.com
2014-03-19 15:39:46,geo1.ggpht.com
2014-03-19 15:39:46,mw2.google.com
2014-03-19 15:39:46,mts0.google.com
2014-03-19 15:39:47,mts1.google.com
2014-03-19 15:39:49,maps.google.fr
2014-03-19 15:39:49,khms1.google.fr
2014-03-19 15:39:49,khms0.google.fr
2014-03-19 15:39:50,mts1.google.com
2014-03-19 15:39:50,mts0.google.com
2014-03-19 15:39:50,khms1.google.fr
2014-03-19 15:39:52,khms0.google.fr
2014-03-19 15:39:52,khms1.google.fr
2014-03-19 15:39:54,mts0.google.com
2014-03-19 15:39:54,maps.google.fr
2014-03-19 15:39:59,mts0.google.com
2014-03-19 15:39:59,mts1.google.com
2014-03-19 15:39:59,khms1.google.fr
2014-03-19 15:39:59,khms0.google.fr
2014-03-19 15:40:06,mts0.google.com
2014-03-19 15:40:06,khms1.google.fr
2014-03-19 15:40:06,khms0.google.fr
2014-03-19 15:40:06,mts1.google.com
2014-03-19 15:40:07,khms0.google.fr
2014-03-19 15:40:07,khms1.google.fr
2014-03-19 15:40:07,maps.google.fr
2014-03-19 15:40:07,mts0.google.com
2014-03-19 15:40:07,mts1.google.com
2014-03-19 15:40:08,khms0.google.fr
2014-03-19 15:40:08,khms1.google.fr
2014-03-19 15:40:08,mts1.google.com
2014-03-19 15:40:16,khms1.google.fr
2014-03-19 15:40:16,maps.google.fr
2014-03-19 15:40:17,mts0.google.com
2014-03-19 15:40:17,mts1.google.com
2014-03-19 15:40:19,mts1.google.com
2014-03-19 15:40:36,maps.google.fr
2014-03-19 15:40:36,mts0.google.com
2014-03-19 15:40:36,mts1.google.com
2014-03-19 15:40:36,khms0.google.fr
2014-03-19 15:40:36,khms1.google.fr
2014-03-19 15:40:37,khms0.google.fr
2014-03-19 15:40:37,khms1.google.fr
2014-03-19 15:40:45,khms1.google.fr
2014-03-19 15:40:45,khms0.google.fr
2014-03-19 15:40:48,khms0.google.fr
2014-03-19 15:40:48,khms1.google.fr
2014-03-19 15:40:48,mts1.google.com
2014-03-19 15:40:48,mts0.google.com
2014-03-19 15:40:49,mts0.google.com
2014-03-19 15:40:50,khms0.google.fr
2014-03-19 15:40:50,mts0.google.com
2014-03-19 15:40:50,mts1.google.com
2014-03-19 15:40:50,khms1.google.fr
2014-03-19 15:40:50,maps.google.fr
2014-03-19 15:40:51,mts1.google.com
2014-03-19 15:40:51,mts0.google.com
2014-03-19 15:40:54,khms0.google.fr
2014-03-19 15:40:54,khms1.google.fr
2014-03-19 15:40:59,khms0.google.fr
2014-03-19 15:40:59,maps.google.fr
2014-03-19 15:40:59,mts0.google.com
2014-03-19 15:41:00,khms1.google.fr
2014-03-19 15:41:00,mts1.google.com
2014-03-19 15:41:00,mts0.google.com
2014-03-19 15:41:01,mts0.google.com
2014-03-19 15:41:01,khms0.google.fr
2014-03-19 15:41:01,khms1.google.fr
2014-03-19 15:41:03,khms0.google.fr
2014-03-19 15:41:23,maps.google.fr
2014-03-19 15:41:23,mts0.google.com
2014-03-19 15:41:24,khms0.google.fr
2014-03-19 15:41:24,mts1.google.com
2014-03-19 15:41:24,mts0.google.com
2014-03-19 15:41:24,khms1.google.fr
2014-03-19 15:41:25,khms0.google.fr
2014-03-19 15:41:25,khms1.google.fr
2014-03-19 15:41:29,khms1.google.fr
2014-03-19 15:41:29,mts0.google.com
2014-03-19 15:41:29,khms0.google.fr
2014-03-19 15:41:30,khms0.google.fr
2014-03-19 15:41:30,mts1.google.com
2014-03-19 15:41:30,mts0.google.com
2014-03-19 15:41:30,khms1.google.fr
2014-03-19 15:41:31,khms0.google.fr
2014-03-19 15:41:31,khms1.google.fr
2014-03-19 15:41:37,mts1.google.com
2014-03-19 15:41:37,khms0.google.fr
2014-03-19 15:41:39,mts1.google.com
2014-03-19 15:41:39,geo0.ggpht.com
2014-03-19 15:41:39,mts0.google.com
2014-03-19 15:41:39,maps.google.fr
2014-03-19 15:41:39,khms1.google.fr
2014-03-19 15:41:39,geo1.ggpht.com
2014-03-19 15:41:40,geo2.ggpht.com
2014-03-19 15:41:40,geo3.ggpht.com
2014-03-19 15:41:40,geo1.ggpht.com
2014-03-19 15:41:40,geo0.ggpht.com
2014-03-19 15:41:40,mts3.google.com
2014-03-19 15:41:40,www.google.com
2014-03-19 15:41:40,mts2.google.com
2014-03-19 15:41:41,geo0.ggpht.com
2014-03-19 15:41:41,geo1.ggpht.com
2014-03-19 15:41:41,geo3.ggpht.com
2014-03-19 15:41:41,maps.google.fr
2014-03-19 15:41:41,geo2.ggpht.com
2014-03-19 15:41:42,geo1.ggpht.com
2014-03-19 15:41:42,khms1.google.fr
2014-03-19 15:41:42,mts1.google.com
2014-03-19 15:41:43,mts0.google.com
2014-03-19 15:41:43,mts1.google.com
2014-03-19 15:41:43,khms1.google.fr
2014-03-19 15:41:43,khms0.google.fr
2014-03-19 15:41:43,geo3.ggpht.com
2014-03-19 15:41:43,geo2.ggpht.com
2014-03-19 15:41:43,geo1.ggpht.com
2014-03-19 15:41:43,geo0.ggpht.com
2014-03-19 15:41:44,mts1.google.com
2014-03-19 15:41:44,geo1.ggpht.com
2014-03-19 15:41:45,mts1.google.com
2014-03-19 15:41:45,khms0.google.fr
2014-03-19 15:41:45,mts0.google.com
2014-03-19 15:41:45,khms1.google.fr
2014-03-19 15:41:45,geo3.ggpht.com
2014-03-19 15:41:45,geo0.ggpht.com
2014-03-19 15:41:45,geo2.ggpht.com
2014-03-19 15:41:45,geo1.ggpht.com
2014-03-19 15:41:46,mts1.google.com
2014-03-19 15:41:46,khms1.google.fr
2014-03-19 15:41:46,geo1.ggpht.com
2014-03-19 15:41:46,geo0.ggpht.com
2014-03-19 15:41:46,geo2.ggpht.com
2014-03-19 15:41:46,geo3.ggpht.com
2014-03-19 15:41:46,khms0.google.fr
2014-03-19 15:41:49,mts0.google.com
2014-03-19 15:41:51,mts0.google.com
2014-03-19 15:41:58,khms0.google.fr
2014-03-19 15:42:06,geo0.ggpht.com
2014-03-19 15:42:06,geo3.ggpht.com
2014-03-19 15:42:06,geo2.ggpht.com
2014-03-19 15:42:08,geo1.ggpht.com
2014-03-19 15:42:08,geo0.ggpht.com
2014-03-19 15:42:08,geo2.ggpht.com
2014-03-19 15:42:08,geo3.ggpht.com
2014-03-19 15:42:09,geo1.ggpht.com
2014-03-19 15:42:09,geo0.ggpht.com
2014-03-19 15:42:09,geo3.ggpht.com
2014-03-19 15:42:09,mts0.google.com
2014-03-19 15:42:09,geo2.ggpht.com
2014-03-19 15:42:09,maps.google.fr
2014-03-19 15:42:10,mts1.google.com
2014-03-19 15:42:10,geo1.ggpht.com
2014-03-19 15:42:10,mts0.google.com
2014-03-19 15:42:11,khms1.google.fr
2014-03-19 15:42:11,geo1.ggpht.com
2014-03-19 15:42:11,khms0.google.fr
2014-03-19 15:42:11,mts1.google.com
2014-03-19 15:42:12,geo1.ggpht.com
2014-03-19 15:42:13,geo0.ggpht.com
2014-03-19 15:42:13,geo1.ggpht.com
2014-03-19 15:42:13,geo3.ggpht.com
2014-03-19 15:42:13,geo2.ggpht.com
2014-03-19 15:42:14,mts0.google.com
2014-03-19 15:42:14,geo1.ggpht.com
2014-03-19 15:42:14,geo0.ggpht.com
2014-03-19 15:42:14,geo2.ggpht.com
2014-03-19 15:42:14,geo3.ggpht.com
2014-03-19 15:42:14,maps.google.fr
2014-03-19 15:42:15,mts1.google.com
2014-03-19 15:42:15,mts0.google.com
2014-03-19 15:42:16,geo0.ggpht.com
2014-03-19 15:42:16,khms0.google.fr
2014-03-19 15:42:16,khms1.google.fr
2014-03-19 15:42:16,geo1.ggpht.com
2014-03-19 15:42:17,geo3.ggpht.com
2014-03-19 15:42:17,geo2.ggpht.com
2014-03-19 15:42:17,geo0.ggpht.com
2014-03-19 15:42:17,geo1.ggpht.com
2014-03-19 15:42:18,maps.google.fr
2014-03-19 15:42:18,mts0.google.com
2014-03-19 15:42:18,geo3.ggpht.com
2014-03-19 15:42:18,geo0.ggpht.com
2014-03-19 15:42:18,geo2.ggpht.com
2014-03-19 15:42:18,geo1.ggpht.com
2014-03-19 15:42:21,geo2.ggpht.com
2014-03-19 15:42:21,geo3.ggpht.com
2014-03-19 15:42:21,geo0.ggpht.com
2014-03-19 15:42:21,mts1.google.com
2014-03-19 15:42:21,geo1.ggpht.com
2014-03-19 15:42:21,mts0.google.com
2014-03-19 15:42:21,khms0.google.fr
2014-03-19 15:42:21,khms1.google.fr
2014-03-19 15:42:22,mts1.google.com
2014-03-19 15:42:22,geo0.ggpht.com
2014-03-19 15:42:22,geo1.ggpht.com
2014-03-19 15:42:22,geo2.ggpht.com
2014-03-19 15:42:22,geo3.ggpht.com
2014-03-19 15:42:23,maps.google.fr
2014-03-19 15:42:23,mts0.google.com
2014-03-19 15:42:23,khms1.google.fr
2014-03-19 15:42:23,mts1.google.com
2014-03-19 15:42:23,khms0.google.fr
2014-03-19 15:42:23,geo1.ggpht.com
2014-03-19 15:42:24,geo2.ggpht.com
2014-03-19 15:42:24,geo1.ggpht.com
2014-03-19 15:42:24,geo0.ggpht.com
2014-03-19 15:42:24,geo3.ggpht.com
2014-03-19 15:42:25,maps.google.fr
2014-03-19 15:42:25,mts1.google.com
2014-03-19 15:42:25,khms0.google.fr
2014-03-19 15:42:25,geo1.ggpht.com
2014-03-19 15:42:25,geo0.ggpht.com
2014-03-19 15:42:25,geo3.ggpht.com
2014-03-19 15:42:25,geo2.ggpht.com
2014-03-19 15:42:26,khms1.google.fr
2014-03-19 15:42:26,mts1.google.com
2014-03-19 15:42:26,mts0.google.com
2014-03-19 15:42:26,khms0.google.fr
2014-03-19 15:42:26,maps.google.fr
2014-03-19 15:42:26,geo1.ggpht.com
2014-03-19 15:42:27,geo1.ggpht.com
2014-03-19 15:42:28,geo0.ggpht.com
2014-03-19 15:42:28,geo3.ggpht.com
2014-03-19 15:42:28,geo1.ggpht.com
2014-03-19 15:42:28,maps.google.fr
2014-03-19 15:42:28,geo2.ggpht.com
2014-03-19 15:42:29,mts0.google.com
2014-03-19 15:42:29,geo1.ggpht.com
2014-03-19 15:42:29,geo0.ggpht.com
2014-03-19 15:42:30,geo3.ggpht.com
2014-03-19 15:42:30,geo1.ggpht.com
2014-03-19 15:42:30,geo2.ggpht.com
2014-03-19 15:42:31,geo3.ggpht.com
2014-03-19 15:42:31,khms0.google.fr
2014-03-19 15:42:31,mts1.google.com
2014-03-19 15:42:31,khms1.google.fr
2014-03-19 15:42:31,maps.google.fr
2014-03-19 15:42:31,geo1.ggpht.com
2014-03-19 15:42:31,geo0.ggpht.com
2014-03-19 15:42:31,geo2.ggpht.com
2014-03-19 15:42:31,mts0.google.com
2014-03-19 15:42:32,maps.google.fr
2014-03-19 15:42:32,mts0.google.com
2014-03-19 15:42:32,geo1.ggpht.com
2014-03-19 15:42:33,geo3.ggpht.com
2014-03-19 15:42:33,geo0.ggpht.com
2014-03-19 15:42:33,geo1.ggpht.com
2014-03-19 15:42:33,geo2.ggpht.com
2014-03-19 15:42:34,geo1.ggpht.com
2014-03-19 15:42:34,maps.google.fr
2014-03-19 15:42:34,mts0.google.com
2014-03-19 15:42:34,geo2.ggpht.com
2014-03-19 15:42:34,khms0.google.fr
2014-03-19 15:42:35,geo3.ggpht.com
2014-03-19 15:42:35,geo2.ggpht.com
2014-03-19 15:42:35,geo1.ggpht.com
2014-03-19 15:42:35,geo0.ggpht.com
2014-03-19 15:42:36,geo0.ggpht.com
2014-03-19 15:42:36,geo2.ggpht.com
2014-03-19 15:42:36,geo3.ggpht.com
2014-03-19 15:42:37,geo2.ggpht.com
2014-03-19 15:42:37,geo1.ggpht.com
2014-03-19 15:42:38,geo1.ggpht.com
2014-03-19 15:42:38,geo3.ggpht.com
2014-03-19 15:42:41,maps.google.fr
2014-03-19 15:42:41,geo1.ggpht.com
2014-03-19 15:42:41,mts0.google.com
2014-03-19 15:42:41,mts1.google.com
2014-03-19 15:42:41,khms1.google.fr
2014-03-19 15:42:41,khms0.google.fr
2014-03-19 15:42:42,mts1.google.com
2014-03-19 15:42:42,mts0.google.com
2014-03-19 15:42:42,khms1.google.fr
2014-03-19 15:42:42,khms0.google.fr
2014-03-19 15:42:42,geo1.ggpht.com
2014-03-19 15:42:43,khms1.google.fr
2014-03-19 15:42:44,mts1.google.com
2014-03-19 15:42:44,mts0.google.com
2014-03-19 15:42:44,khms0.google.fr
2014-03-19 15:42:47,mts1.google.com
2014-03-19 15:42:55,mts0.google.com
2014-03-19 15:42:55,khms0.google.fr
2014-03-19 15:42:55,khms1.google.fr
2014-03-19 15:42:55,maps.google.fr
2014-03-19 15:42:55,mts1.google.com
2014-03-19 15:42:56,khms1.google.fr
2014-03-19 15:42:56,khms0.google.fr
2014-03-19 15:42:56,mts1.google.com
2014-03-19 15:42:56,mts0.google.com
2014-03-19 15:42:58,khms0.google.fr
2014-03-19 15:42:59,mts0.google.com
2014-03-19 15:42:59,maps.google.fr
2014-03-19 15:43:01,khms1.google.fr
2014-03-19 15:43:01,mts1.google.com
2014-03-19 15:43:02,khms1.google.fr
2014-03-19 15:43:02,khms0.google.fr
2014-03-19 15:43:02,mts0.google.com
2014-03-19 15:43:02,mts1.google.com
2014-03-19 15:43:10,khms1.google.fr
2014-03-19 15:43:10,khms0.google.fr
2014-03-19 15:43:10,mts0.google.com
2014-03-19 15:43:10,mts1.google.com
2014-03-19 15:43:11,khms1.google.fr
2014-03-19 15:43:11,mts0.google.com
2014-03-19 15:43:11,mts1.google.com
2014-03-19 15:43:11,maps.google.fr
2014-03-19 15:43:11,khms0.google.fr
2014-03-19 15:43:12,maps.google.fr
2014-03-19 15:43:12,mts0.google.com
2014-03-19 15:43:12,khms0.google.fr
2014-03-19 15:43:12,khms1.google.fr
2014-03-19 15:43:13,khms0.google.fr
2014-03-19 15:43:13,khms1.google.fr
2014-03-19 15:43:13,mts1.google.com
2014-03-19 15:43:13,mts0.google.com
2014-03-19 15:43:14,mts0.google.com
2014-03-19 15:43:14,khms0.google.fr
2014-03-19 15:43:14,khms1.google.fr
2014-03-19 15:43:15,mts0.google.com
2014-03-19 15:43:15,mts1.google.com
2014-03-19 15:43:15,khms1.google.fr
2014-03-19 15:43:15,khms0.google.fr
2014-03-19 15:43:16,mts0.google.com
2014-03-19 15:43:16,mts1.google.com
2014-03-19 15:43:16,khms1.google.fr
2014-03-19 15:43:20,mts1.google.com
2014-03-19 15:43:20,mts0.google.com
2014-03-19 15:43:20,khms0.google.fr
2014-03-19 15:43:21,khms1.google.fr
2014-03-19 15:43:21,mts0.google.com
2014-03-19 15:43:21,khms0.google.fr
2014-03-19 15:43:21,mts1.google.com
2014-03-19 15:43:24,mts0.google.com
2014-03-19 15:43:27,mts0.google.com
2014-03-19 15:43:27,khms1.google.fr
2014-03-19 15:43:27,maps.google.fr
2014-03-19 15:43:27,mts1.google.com
2014-03-19 15:43:28,mts0.google.com
2014-03-19 15:43:28,mts1.google.com
2014-03-19 15:43:28,khms1.google.fr
2014-03-19 15:43:28,khms0.google.fr
2014-03-19 15:43:29,khms1.google.fr
2014-03-19 15:43:29,khms0.google.fr
2014-03-19 15:43:30,mts1.google.com
2014-03-19 15:43:30,mts0.google.com
2014-03-19 15:43:30,maps.google.fr
2014-03-19 15:43:30,geo1.ggpht.com
2014-03-19 15:43:31,mts0.google.com
2014-03-19 15:43:31,mts1.google.com
2014-03-19 15:43:31,geo2.ggpht.com
2014-03-19 15:43:31,mts3.google.com
2014-03-19 15:43:31,geo1.ggpht.com
2014-03-19 15:43:31,geo0.ggpht.com
2014-03-19 15:43:31,geo3.ggpht.com
2014-03-19 15:43:32,maps.google.fr
2014-03-19 15:43:32,www.google.com
2014-03-19 15:43:32,geo3.ggpht.com
2014-03-19 15:43:32,geo2.ggpht.com
2014-03-19 15:43:34,geo3.ggpht.com
2014-03-19 15:43:34,geo1.ggpht.com
2014-03-19 15:43:34,geo2.ggpht.com
2014-03-19 15:43:34,geo0.ggpht.com
2014-03-19 15:43:37,geo1.ggpht.com
2014-03-19 15:43:38,geo3.ggpht.com
2014-03-19 15:43:38,geo2.ggpht.com
2014-03-19 15:43:38,geo1.ggpht.com
2014-03-19 15:43:38,geo0.ggpht.com
2014-03-19 15:43:39,maps.google.fr
2014-03-19 15:43:39,geo1.ggpht.com
2014-03-19 15:43:40,geo2.ggpht.com
2014-03-19 15:43:40,geo0.ggpht.com
2014-03-19 15:43:40,geo3.ggpht.com
2014-03-19 15:43:40,geo1.ggpht.com
2014-03-19 15:43:41,geo1.ggpht.com
2014-03-19 15:43:41,geo0.ggpht.com
2014-03-19 15:43:41,geo2.ggpht.com
2014-03-19 15:43:41,geo3.ggpht.com
2014-03-19 15:43:42,maps.google.fr
2014-03-19 15:43:42,mts0.google.com
2014-03-19 15:43:44,geo3.ggpht.com
2014-03-19 15:43:44,geo1.ggpht.com
2014-03-19 15:43:44,geo0.ggpht.com
2014-03-19 15:43:44,mts1.google.com
2014-03-19 15:43:44,khms1.google.fr
2014-03-19 15:43:45,geo3.ggpht.com
2014-03-19 15:43:45,geo0.ggpht.com
2014-03-19 15:43:45,geo2.ggpht.com
2014-03-19 15:43:46,geo1.ggpht.com
2014-03-19 15:43:46,mts1.google.com
2014-03-19 15:43:46,khms1.google.fr
2014-03-19 15:43:47,geo3.ggpht.com
2014-03-19 15:43:47,geo0.ggpht.com
2014-03-19 15:43:47,geo2.ggpht.com
2014-03-19 15:43:47,geo1.ggpht.com
2014-03-19 15:43:48,mts0.google.com
2014-03-19 15:43:48,geo2.ggpht.com
2014-03-19 15:43:48,geo3.ggpht.com
2014-03-19 15:43:48,geo0.ggpht.com
2014-03-19 15:43:48,geo1.ggpht.com
2014-03-19 15:43:48,maps.google.fr
2014-03-19 15:43:50,geo2.ggpht.com
2014-03-19 15:43:50,geo0.ggpht.com
2014-03-19 15:43:50,geo3.ggpht.com
2014-03-19 15:43:50,geo1.ggpht.com
2014-03-19 15:43:51,geo3.ggpht.com
2014-03-19 15:43:51,geo2.ggpht.com
2014-03-19 15:43:51,geo0.ggpht.com
2014-03-19 15:43:51,maps.google.fr
2014-03-19 15:43:51,geo1.ggpht.com
2014-03-19 15:43:54,geo1.ggpht.com
2014-03-19 15:43:54,geo0.ggpht.com
2014-03-19 15:43:54,geo3.ggpht.com
2014-03-19 15:43:54,geo2.ggpht.com
2014-03-19 15:43:55,geo1.ggpht.com
2014-03-19 15:43:55,geo3.ggpht.com
2014-03-19 15:43:55,geo2.ggpht.com
2014-03-19 15:43:55,geo0.ggpht.com
2014-03-19 15:43:56,maps.google.fr
2014-03-19 15:43:56,khms1.google.fr
2014-03-19 15:43:56,mts1.google.com
2014-03-19 15:43:56,geo2.ggpht.com
2014-03-19 15:43:57,geo0.ggpht.com
2014-03-19 15:43:57,geo2.ggpht.com
2014-03-19 15:43:57,geo1.ggpht.com
2014-03-19 15:43:57,geo3.ggpht.com
2014-03-19 15:43:58,geo0.ggpht.com
2014-03-19 15:43:58,geo3.ggpht.com
2014-03-19 15:43:58,geo2.ggpht.com
2014-03-19 15:43:58,geo1.ggpht.com
2014-03-19 15:43:59,geo1.ggpht.com
2014-03-19 15:43:59,geo3.ggpht.com
2014-03-19 15:43:59,geo0.ggpht.com
2014-03-19 15:43:59,geo2.ggpht.com
2014-03-19 15:43:59,mts0.google.com
2014-03-19 15:43:59,maps.google.fr
2014-03-19 15:44:00,geo1.ggpht.com
2014-03-19 15:44:00,geo0.ggpht.com
2014-03-19 15:44:00,geo3.ggpht.com
2014-03-19 15:44:00,geo2.ggpht.com
2014-03-19 15:44:01,geo3.ggpht.com
2014-03-19 15:44:01,geo2.ggpht.com
2014-03-19 15:44:01,geo1.ggpht.com
2014-03-19 15:44:01,geo0.ggpht.com
2014-03-19 15:44:02,geo2.ggpht.com
2014-03-19 15:44:02,geo1.ggpht.com
2014-03-19 15:44:04,geo2.ggpht.com
2014-03-19 15:44:04,geo3.ggpht.com
2014-03-19 15:44:05,ds.dellfix.com
2014-03-19 15:44:07,maps.google.fr
2014-03-19 15:44:07,geo0.ggpht.com
2014-03-19 15:44:07,geo1.ggpht.com
2014-03-19 15:44:08,geo2.ggpht.com
2014-03-19 15:44:08,geo1.ggpht.com
2014-03-19 15:44:08,geo3.ggpht.com
2014-03-19 15:44:08,geo0.ggpht.com
2014-03-19 15:44:11,geo1.ggpht.com
2014-03-19 15:44:11,geo3.ggpht.com
2014-03-19 15:44:11,geo2.ggpht.com
2014-03-19 15:44:13,geo2.ggpht.com
2014-03-19 15:44:13,geo0.ggpht.com
2014-03-19 15:44:14,geo2.ggpht.com
2014-03-19 15:44:14,geo1.ggpht.com
2014-03-19 15:44:14,geo3.ggpht.com
2014-03-19 15:44:14,geo0.ggpht.com
2014-03-19 15:44:14,maps.google.fr
2014-03-19 15:44:15,geo3.ggpht.com
2014-03-19 15:44:15,geo1.ggpht.com
2014-03-19 15:44:15,geo2.ggpht.com
2014-03-19 15:44:16,geo0.ggpht.com
2014-03-19 15:44:16,geo3.ggpht.com
2014-03-19 15:44:18,geo2.ggpht.com
2014-03-19 15:44:18,geo3.ggpht.com
2014-03-19 15:44:20,maps.google.fr
2014-03-19 15:44:20,geo1.ggpht.com
2014-03-19 15:44:20,geo0.ggpht.com
2014-03-19 15:44:20,geo3.ggpht.com
2014-03-19 15:44:20,geo2.ggpht.com
2014-03-19 15:44:21,geo1.ggpht.com
2014-03-19 15:44:21,geo0.ggpht.com
2014-03-19 15:44:21,geo3.ggpht.com
2014-03-19 15:44:22,khms0.google.fr
2014-03-19 15:44:22,mts2.google.com
2014-03-19 15:44:22,geo2.ggpht.com
2014-03-19 15:44:22,geo3.ggpht.com
2014-03-19 15:44:22,geo1.ggpht.com
2014-03-19 15:44:22,maps.google.fr
2014-03-19 15:44:22,khms1.google.fr
2014-03-19 15:44:22,geo0.ggpht.com
2014-03-19 15:44:22,mts0.google.com
2014-03-19 15:44:22,mts1.google.com
2014-03-19 15:44:23,geo3.ggpht.com
2014-03-19 15:44:23,geo1.ggpht.com
2014-03-19 15:44:23,geo2.ggpht.com
2014-03-19 15:44:23,geo0.ggpht.com
2014-03-19 15:44:25,geo1.ggpht.com
2014-03-19 15:44:25,geo3.ggpht.com
2014-03-19 15:44:26,geo0.ggpht.com
2014-03-19 15:44:26,geo2.ggpht.com
2014-03-19 15:44:28,geo0.ggpht.com
2014-03-19 15:44:28,geo3.ggpht.com
2014-03-19 15:44:28,geo2.ggpht.com
2014-03-19 15:44:28,geo1.ggpht.com
2014-03-19 15:44:29,mts0.google.com
2014-03-19 15:44:29,mts1.google.com
2014-03-19 15:44:30,khms0.google.fr
2014-03-19 15:44:30,geo1.ggpht.com
2014-03-19 15:44:30,geo0.ggpht.com
2014-03-19 15:44:30,khms1.google.fr
2014-03-19 15:44:31,geo1.ggpht.com
2014-03-19 15:44:31,geo0.ggpht.com
2014-03-19 15:44:31,geo3.ggpht.com
2014-03-19 15:44:31,geo2.ggpht.com
2014-03-19 15:44:31,maps.google.fr
2014-03-19 15:44:32,khms1.google.fr
2014-03-19 15:44:32,mts0.google.com
2014-03-19 15:44:32,maps.google.fr
2014-03-19 15:44:32,mts1.google.com
2014-03-19 15:44:32,geo1.ggpht.com
2014-03-19 15:44:34,geo1.ggpht.com
2014-03-19 15:44:34,geo0.ggpht.com
2014-03-19 15:44:34,geo3.ggpht.com
2014-03-19 15:44:34,geo2.ggpht.com
2014-03-19 15:44:35,geo1.ggpht.com
2014-03-19 15:44:35,geo0.ggpht.com
2014-03-19 15:44:36,maps.google.fr
2014-03-19 15:44:41,geo3.ggpht.com
2014-03-19 15:44:41,geo1.ggpht.com
2014-03-19 15:44:41,geo2.ggpht.com
2014-03-19 15:44:41,geo0.ggpht.com
2014-03-19 15:44:42,geo0.ggpht.com
2014-03-19 15:44:42,geo1.ggpht.com
2014-03-19 15:44:42,geo2.ggpht.com
2014-03-19 15:44:42,geo3.ggpht.com
2014-03-19 15:44:43,mts0.google.com
2014-03-19 15:44:43,maps.google.fr
2014-03-19 15:44:43,mts1.google.com
2014-03-19 15:44:43,geo1.ggpht.com
2014-03-19 15:44:43,khms1.google.fr
2014-03-19 15:44:45,geo2.ggpht.com
2014-03-19 15:44:45,geo0.ggpht.com
2014-03-19 15:44:45,geo3.ggpht.com
2014-03-19 15:44:45,geo1.ggpht.com
2014-03-19 15:44:46,geo2.ggpht.com
2014-03-19 15:44:46,geo3.ggpht.com
2014-03-19 15:44:46,geo0.ggpht.com
2014-03-19 15:44:46,maps.google.fr
2014-03-19 15:44:47,geo2.ggpht.com
2014-03-19 15:44:47,geo3.ggpht.com
2014-03-19 15:44:47,geo0.ggpht.com
2014-03-19 15:44:48,geo2.ggpht.com
2014-03-19 15:44:48,geo1.ggpht.com
2014-03-19 15:44:48,geo3.ggpht.com
2014-03-19 15:44:48,geo0.ggpht.com
2014-03-19 15:44:49,geo3.ggpht.com
2014-03-19 15:44:49,geo0.ggpht.com
2014-03-19 15:44:49,geo2.ggpht.com
2014-03-19 15:44:49,geo1.ggpht.com
2014-03-19 15:44:50,maps.google.fr
2014-03-19 15:44:50,geo1.ggpht.com
2014-03-19 15:44:50,mts0.google.com
2014-03-19 15:44:50,geo0.ggpht.com
2014-03-19 15:44:50,geo3.ggpht.com
2014-03-19 15:44:50,khms1.google.fr
2014-03-19 15:44:50,mts1.google.com
2014-03-19 15:45:01,geo0.ggpht.com
2014-03-19 15:45:02,geo2.ggpht.com
2014-03-19 15:45:02,geo1.ggpht.com
2014-03-19 15:45:02,geo0.ggpht.com
2014-03-19 15:45:02,geo3.ggpht.com
2014-03-19 15:45:03,geo3.ggpht.com
2014-03-19 15:45:03,geo1.ggpht.com
2014-03-19 15:45:03,geo2.ggpht.com
2014-03-19 15:45:03,geo0.ggpht.com
2014-03-19 15:45:04,maps.google.fr
2014-03-19 15:45:04,geo0.ggpht.com
2014-03-19 15:45:04,geo2.ggpht.com
2014-03-19 15:45:04,geo1.ggpht.com
2014-03-19 15:45:04,geo3.ggpht.com
2014-03-19 15:45:05,ds.dellfix.com
2014-03-19 15:45:07,geo0.ggpht.com
2014-03-19 15:45:07,geo2.ggpht.com
2014-03-19 15:45:08,geo1.ggpht.com
2014-03-19 15:45:08,geo3.ggpht.com
2014-03-19 15:45:08,geo0.ggpht.com
2014-03-19 15:45:08,geo2.ggpht.com
2014-03-19 15:45:09,geo2.ggpht.com
2014-03-19 15:45:09,geo0.ggpht.com
2014-03-19 15:45:09,geo3.ggpht.com
2014-03-19 15:45:09,geo1.ggpht.com
2014-03-19 15:45:28,maps.google.fr
2014-03-19 15:46:05,ds.dellfix.com
2014-03-19 16:04:05,ds.dellfix.com
2014-03-19 16:05:05,ds.dellfix.com
2014-03-19 16:06:05,ds.dellfix.com
2014-03-19 16:19:36,ds.dellfix.com
2014-03-19 16:20:35,ds.dellfix.com
2014-03-19 16:21:35,ds.dellfix.com
2014-03-19 16:29:36,ds.dellfix.com
2014-03-19 16:30:35,ds.dellfix.com
2014-03-19 16:31:35,ds.dellfix.com
2014-03-19 16:49:36,ds.dellfix.com
2014-03-19 16:50:35,ds.dellfix.com
2014-03-19 16:51:35,ds.dellfix.com
2014-03-19 17:15:10,www.google.fr
2014-03-19 17:15:14,www.google.fr
2014-03-19 17:15:15,www.google.fr
2014-03-19 17:15:19,www.google.com
2014-03-19 17:15:19,mail.google.com
2014-03-19 17:15:19,www.google.fr
2014-03-19 17:15:19,clients1.google.fr
2014-03-19 17:15:19,accounts.google.com
2014-03-19 17:15:20,mail.google.com
2014-03-19 17:15:20,www.google.com
2014-03-19 17:15:21,mail.google.com
2014-03-19 17:15:21,apis.google.com
2014-03-19 17:15:21,www.google.com
2014-03-19 17:15:21,accounts.google.com
2014-03-19 17:15:23,apis.google.com
2014-03-19 17:15:23,mail.google.com
2014-03-19 17:15:23,accounts.google.com
2014-03-19 17:15:47,accounts.google.com
2014-03-19 17:15:47,accounts.youtube.com
2014-03-19 17:15:47,accounts.google.fr
2014-03-19 17:15:48,mail.google.com
2014-03-19 17:15:49,mail.google.com
2014-03-19 17:15:51,www.google.com
2014-03-19 17:15:51,clients2.google.com
2014-03-19 17:15:52,mail.google.com
2014-03-19 17:15:52,apis.google.com
2014-03-19 17:15:53,plus.google.com
2014-03-19 17:15:53,apis.google.com
2014-03-19 17:15:53,mail.google.com
2014-03-19 17:15:54,mail.google.com
2014-03-19 17:15:55,chatenabled.mail.google.com
2014-03-19 17:15:57,b.mail.google.com
2014-03-19 17:15:58,plus.google.com
2014-03-19 17:15:58,mail.google.com
2014-03-19 17:15:59,mail.google.com
2014-03-19 17:15:59,plus.google.com
2014-03-19 17:16:10,mail.google.com
2014-03-19 17:18:09,mail.google.com
2014-03-19 17:18:12,plus.google.com
2014-03-19 17:19:40,mail.google.com
2014-03-19 17:19:42,b.mail.google.com
2014-03-19 17:19:43,www.google.com
2014-03-19 17:19:43,mail.google.com
2014-03-19 17:19:43,accounts.google.fr
2014-03-19 17:19:43,www.google.fr
2014-03-19 17:19:43,accounts.google.com
2014-03-19 17:19:43,accounts.youtube.com
2014-03-19 17:19:44,accounts.google.com
2014-03-19 17:19:44,accounts.youtube.com
2014-03-19 17:19:51,mail.google.com
2014-03-20 09:00:06,armmf.adobe.com
2014-03-20 09:00:08,armmf.adobe.com
2014-03-20 11:16:42,www.google.fr
2014-03-20 11:17:03,www.google.fr
2014-03-20 11:17:07,www.google.com
2014-03-20 11:17:07,apis.google.com
2014-03-20 11:17:10,mail.google.com
2014-03-20 11:17:19,accounts.google.com
2014-03-20 11:17:19,www.google.fr
2014-03-20 11:17:24,www.google.fr
2014-03-20 11:17:25,www.google.fr
2014-03-20 11:17:27,accounts.youtube.com
2014-03-20 11:17:39,accounts.google.com
2014-03-20 11:18:05,www.google.com
2014-03-20 11:18:05,accounts.google.com
2014-03-20 11:18:28,accounts.google.fr
2014-03-20 11:18:30,accounts.youtube.com
2014-03-20 11:18:31,mail.google.com
2014-03-20 11:18:31,accounts.google.com
2014-03-20 11:18:31,www.google.com
2014-03-20 11:18:31,accounts.google.fr
2014-03-20 11:18:32,mail.google.com
2014-03-20 11:18:33,clients2.google.com
2014-03-20 11:18:34,chatenabled.mail.google.com
2014-03-20 11:18:34,apis.google.com
2014-03-20 11:18:34,plus.google.com
2014-03-20 11:18:35,clients2.google.com
2014-03-20 11:18:35,b.mail.google.com
2014-03-20 11:18:44,chatenabled.mail.google.com
2014-03-20 11:18:44,plus.google.com
2014-03-20 11:18:44,apis.google.com
2014-03-20 11:18:44,accounts.google.com
2014-03-20 11:18:44,mail.google.com
2014-03-20 11:18:45,mail.google.com
2014-03-20 11:18:47,mail.google.com
2014-03-20 11:19:04,plus.google.com
2014-03-20 11:19:04,mail.google.com
2014-03-20 11:20:05,apis.google.com
2014-03-20 11:20:05,plus.google.com
2014-03-20 11:20:05,b.mail.google.com
2014-03-20 11:20:05,mail.google.com
2014-03-20 15:58:59,www.google.fr
2014-03-20 15:59:03,www.google.com
2014-03-20 15:59:03,apis.google.com
2014-03-20 15:59:17,plus.google.com
2014-03-20 16:00:08,www.google.fr
2014-03-20 16:00:08,www.google.com
2014-03-20 16:00:18,plus.google.com
2014-03-20 16:00:18,apis.google.com
2014-03-20 16:00:28,plus.google.com
2014-03-20 16:10:21,plus.google.com
2014-03-20 16:10:36,plus.google.com
2014-03-20 16:11:21,plus.google.com
2014-03-26 16:27:54,armmf.adobe.com
2014-03-26 16:27:56,armmf.adobe.com
2014-03-26 16:27:59,armmf.adobe.com
2014-03-26 16:28:01,armmf.adobe.com
2014-03-26 16:28:40,search.mywebs.pro
2014-03-26 16:28:41,search.mywebs.pro
2014-03-26 16:28:42,webresultado.com
2014-03-26 16:28:57,search.mywebs.pro
2014-03-26 16:28:58,www.google.com
2014-03-26 16:28:58,fr.ask.com
2014-03-26 16:28:59,www.google.com
2014-03-26 16:28:59,sp.fr.ask.com
2014-03-26 16:28:59,fr.ask.com
2014-03-26 16:29:02,fr.ask.com
2014-03-26 16:29:03,www.google.com
2014-03-26 16:29:03,fr.ask.com
2014-03-26 16:29:04,sp.ask.com
2014-03-26 16:29:04,fr.ask.com
2014-03-26 16:29:05,events.foreseeresults.com
2014-03-26 16:29:06,events.foreseeresults.com
2014-03-26 16:29:09,fr.ask.com
2014-03-26 16:29:38,search.mywebs.pro
2014-03-26 16:29:39,fr.ask.com
2014-03-26 16:29:39,www.google.com
2014-03-26 16:30:12,www.google.com
2014-03-26 16:30:12,fr.ask.com
2014-03-26 16:30:13,fr.ask.com
2014-03-26 16:30:23,fr.ask.com
2014-03-26 16:30:24,fr.ask.com
2014-03-26 16:30:24,www.google.com
2014-03-26 16:30:32,www.google.fr
2014-03-26 16:30:34,www.google.fr
2014-03-26 16:30:35,www.google.com
2014-03-26 16:30:35,apis.google.com
2014-03-26 16:30:35,www.google.fr
2014-03-26 16:30:39,www.google.fr
2014-03-26 16:30:40,www.google.com
2014-03-26 16:30:40,plus.google.com
2014-03-26 16:30:45,barreau.matthieu.free.fr
2014-03-26 16:30:45,www.google.fr
2014-03-26 16:30:46,apis.google.com
2014-03-26 16:30:46,barreau.matthieu.free.fr
2014-03-26 16:30:46,plus.google.com
2014-03-26 16:30:49,barreau.matthieu.free.fr
2014-03-26 16:30:58,barreau.matthieu.free.fr
2014-03-26 16:30:58,www.google.fr
2014-03-26 16:31:03,barreau.matthieu.free.fr
2014-03-26 16:31:09,barreau.matthieu.free.fr
2014-03-26 16:31:10,barreau.matthieu.free.fr
2014-03-26 16:32:10,barreau.matthieu.free.fr
2014-03-26 16:32:26,barreau.matthieu.free.fr
2014-03-26 16:32:27,barreau.matthieu.free.fr
2014-03-26 16:32:51,barreau.matthieu.free.fr
2014-03-26 16:32:52,barreau.matthieu.free.fr
2014-03-26 16:33:33,barreau.matthieu.free.fr
2014-03-26 16:33:49,barreau.matthieu.free.fr
2014-03-26 16:34:28,barreau.matthieu.free.fr
2014-03-26 16:34:29,barreau.matthieu.free.fr
2014-03-26 16:34:59,barreau.matthieu.free.fr
2014-03-26 16:35:01,barreau.matthieu.free.fr
2014-03-26 16:35:15,barreau.matthieu.free.fr
2014-03-26 16:35:15,search.mywebs.pro
2014-03-26 16:35:16,barreau.matthieu.free.fr
2014-03-26 16:35:17,barreau.matthieu.free.fr
2014-03-26 16:35:18,barreau.matthieu.free.fr
2014-03-26 16:35:19,barreau.matthieu.free.fr
2014-03-26 16:35:20,barreau.matthieu.free.fr
2014-03-26 16:35:21,barreau.matthieu.free.fr
2014-03-26 16:35:23,barreau.matthieu.free.fr
2014-03-26 16:36:28,barreau.matthieu.free.fr
2014-03-26 16:36:38,barreau.matthieu.free.fr
2014-03-26 16:36:39,barreau.matthieu.free.fr
2014-03-26 16:36:40,barreau.matthieu.free.fr
2014-03-26 16:36:47,barreau.matthieu.free.fr
2014-03-26 16:37:04,barreau.matthieu.free.fr
2014-03-26 16:37:05,search.mywebs.pro
2014-03-26 16:37:05,barreau.matthieu.free.fr
2014-03-26 16:37:06,barreau.matthieu.free.fr
2014-03-26 16:37:07,barreau.matthieu.free.fr
2014-03-26 16:37:08,barreau.matthieu.free.fr
2014-03-26 16:37:09,barreau.matthieu.free.fr
2014-03-26 16:37:12,barreau.matthieu.free.fr
2014-03-26 16:38:07,barreau.matthieu.free.fr
2014-03-26 16:41:17,barreau.matthieu.free.fr
2014-03-26 16:41:28,barreau.matthieu.free.fr
2014-03-26 16:41:34,barreau.matthieu.free.fr
2014-03-26 16:41:36,barreau.matthieu.free.fr
2014-03-26 16:41:37,barreau.matthieu.free.fr
2014-03-26 16:41:37,search.mywebs.pro
2014-03-26 16:41:38,barreau.matthieu.free.fr
2014-03-26 16:41:39,barreau.matthieu.free.fr
2014-03-26 16:42:31,www.google.fr
2014-03-26 16:42:32,www.google.fr
2014-03-26 16:42:37,www.google.fr
2014-03-26 16:43:00,www.google.com
2014-03-26 16:43:01,clients1.google.fr
2014-03-26 16:43:01,www.google.com
2014-03-26 16:43:01,www.google.fr
2014-03-26 16:43:01,apis.google.com
2014-03-26 16:43:01,plus.google.com
2014-03-26 16:43:03,www.google.fr
2014-03-26 16:43:07,plus.google.com
2014-03-26 16:43:07,apis.google.com
2014-03-26 16:43:07,www.google.fr
2014-03-26 16:43:11,www.google.fr
2014-03-26 16:43:13,www.google.fr
2014-03-26 16:43:26,www.google.fr
2014-03-26 16:43:27,www.google.fr
2014-03-26 16:44:08,www.google.fr
2014-03-26 18:21:56,search.mywebs.pro
2014-03-26 18:21:57,search.mywebs.pro
2014-03-26 18:21:57,webresultado.com
2014-03-26 18:21:58,search.mywebs.pro
2014-03-26 18:21:59,search.mywebs.pro
2014-03-26 18:22:01,search.mywebs.pro
2014-03-26 18:22:02,fr.ask.com
2014-03-26 18:22:02,www.google.com
2014-03-26 18:22:03,sp.fr.ask.com
2014-03-26 18:22:03,fr.ask.com
2014-03-26 18:22:03,www.google.com
2014-03-26 18:22:10,search.mywebs.pro
2014-03-26 18:22:11,fr.ask.com
2014-03-26 18:22:11,www.google.com
2014-03-26 18:22:13,fr.ask.com
2014-03-26 18:22:14,fr.ask.com
2014-03-26 18:22:14,www.google.com
2014-03-26 18:22:17,search.mywebs.pro
2014-03-26 18:22:17,fr.ask.com
2014-03-26 18:22:18,fr.ask.com
2014-03-26 18:22:18,www.google.com
2014-03-26 18:22:23,www.google.fr
2014-03-26 18:22:24,www.google.fr
2014-03-26 18:22:25,www.google.com
2014-03-26 18:22:25,apis.google.com
2014-03-26 18:22:29,mail.google.com
2014-03-26 18:22:29,www.google.com
2014-03-26 18:22:29,accounts.google.com
2014-03-26 18:22:29,apis.google.com
2014-03-26 18:22:29,www.google.fr
2014-03-26 18:22:30,mail.google.com
2014-03-26 18:22:31,www.google.fr
2014-03-26 18:22:32,accounts.google.com
2014-03-26 18:22:32,mail.google.com
2014-03-26 18:22:32,clients2.google.com
2014-03-26 18:22:32,www.google.com
2014-03-26 18:22:33,chatenabled.mail.google.com
2014-03-26 18:22:33,accounts.google.com
2014-03-26 18:22:33,mail.google.com
2014-03-26 18:22:33,apis.google.com
2014-03-26 18:22:33,plus.google.com
2014-03-26 18:22:34,b.mail.google.com
2014-03-26 18:22:38,chatenabled.mail.google.com
2014-03-26 18:22:46,mail.google.com
2014-03-26 18:22:51,apis.google.com
2014-03-26 18:22:51,plus.google.com
2014-03-26 18:22:51,mail.google.com
2014-03-26 18:23:28,mail.google.com
2014-03-26 18:23:37,plus.google.com
2014-03-26 18:27:37,apis.google.com
2014-03-26 18:27:38,apis.google.com
2014-03-26 18:28:38,b.mail.google.com
2014-03-26 18:28:38,plus.google.com
2014-03-26 18:28:38,apis.google.com
2014-03-26 18:28:38,mail.google.com
2014-03-27 09:00:01,armmf.adobe.com
2014-03-27 09:27:31,search.mywebs.pro
2014-03-27 09:27:32,webresultado.com
2014-03-27 09:27:33,search.mywebs.pro
2014-03-27 09:27:34,www.google.fr
2014-03-27 09:27:36,www.google.com
2014-03-27 09:27:36,apis.google.com
2014-03-27 09:27:41,plus.google.com
2014-03-27 09:27:43,www.google.fr
2014-03-27 09:27:43,barreau.matthieu.free.fr
2014-03-27 09:27:43,www.google.com
2014-03-27 09:27:50,barreau.matthieu.free.fr
2014-03-27 09:27:55,barreau.matthieu.free.fr
2014-03-27 09:27:55,www.google.fr
2014-03-27 09:27:55,plus.google.com
2014-03-27 09:27:55,apis.google.com
2014-03-27 09:27:56,barreau.matthieu.free.fr
2014-03-27 10:08:21,search.mywebs.pro
2014-03-27 10:08:22,search.mywebs.pro
2014-03-27 10:08:24,www.google.fr
2014-03-27 10:08:25,www.google.fr
2014-03-27 10:08:26,apis.google.com
2014-03-27 10:08:26,www.google.com
2014-03-27 10:08:31,plus.google.com
2014-03-27 10:08:36,www.google.com
2014-03-27 10:08:36,plus.google.com
2014-03-27 10:08:36,www.snr-bearings.com
2014-03-27 10:08:36,www.google.fr
2014-03-27 10:08:37,apis.google.com
2014-03-27 10:08:37,www.snr-bearings.com
2014-03-27 10:08:37,www.ntn-snr.com
2014-03-27 10:08:37,www.google.fr
2014-03-27 10:08:37,plus.google.com
2014-03-27 10:08:48,search.mywebs.pro
2014-03-27 10:08:48,www.ntn-snr.com
2014-03-27 10:08:49,www.ntn-snr.com
2014-03-27 10:09:06,www.ntn-snr.com
2014-03-27 10:09:10,www.ntn-snr.com
2014-03-27 10:09:10,search.mywebs.pro
2014-03-27 10:09:11,www.ntn-snr.com
2014-03-27 10:09:12,www.ntn-snr.com
2014-03-27 10:09:32,get.adobe.com
2014-03-27 10:09:32,www.adobe.com
2014-03-27 10:09:32,search.mywebs.pro
2014-03-27 10:09:33,p.typekit.net
2014-03-27 10:09:33,wwwimages.adobe.com
2014-03-27 10:09:33,get.adobe.com
2014-03-27 10:09:34,get3.adobe.com
2014-03-27 10:09:34,get.adobe.com
2014-03-27 10:09:34,www.adobe.com
2014-03-27 10:09:35,get3.adobe.com
2014-03-27 10:09:35,get.adobe.com
2014-03-27 10:09:35,wwwimages.adobe.com
2014-03-27 10:09:35,stats.adobe.com
2014-03-27 10:09:50,www.ntn-snr.com
2014-03-27 10:09:51,www.ntn-snr.com
2014-03-27 10:09:51,www.snr-cms.com
2014-03-27 10:09:52,www.ntn-snr.com
2014-03-27 10:09:52,www.snr-cms.com
2014-03-27 10:10:44,www.ntn-snr.com
2014-03-27 10:11:02,www.ntn-snr.com
2014-03-27 10:11:03,www.ntn-snr.com
2014-03-27 10:11:24,www.ntn-snr.com
2014-03-27 10:11:44,www.google.fr
2014-03-27 10:11:45,www.google.fr
2014-03-27 10:11:45,www.google.com
2014-03-27 10:11:46,apis.google.com
2014-03-27 10:11:51,plus.google.com
2014-03-27 10:11:57,www.schaeffler.fr
2014-03-27 10:11:57,apis.google.com
2014-03-27 10:11:57,plus.google.com
2014-03-27 10:11:57,www.google.fr
2014-03-27 10:11:57,www.google.com
2014-03-27 10:11:58,www.schaeffler.com
2014-03-27 10:11:58,www.schaeffler.fr
2014-03-27 10:11:58,www.google.fr
2014-03-27 10:12:28,search.mywebs.pro
2014-03-27 10:12:33,www.google.fr
2014-03-27 10:12:34,www.google.fr
2014-03-27 10:12:34,www.google.com
2014-03-27 10:12:34,apis.google.com
2014-03-27 10:12:36,accounts.google.com
2014-03-27 10:12:37,www.google.fr
2014-03-27 10:12:37,apis.google.com
2014-03-27 10:12:38,mail.google.com
2014-03-27 10:12:38,www.google.fr
2014-03-27 10:12:38,www.google.com
2014-03-27 10:12:38,accounts.google.fr
2014-03-27 10:12:39,accounts.google.com
2014-03-27 10:12:39,accounts.google.fr
2014-03-27 10:13:44,mail.google.com
2014-03-27 10:13:44,www.google.com
2014-03-27 10:13:44,www.google.fr
2014-03-27 10:13:44,apis.google.com
2014-03-27 13:29:23,armmf.adobe.com
2014-03-27 13:29:25,armmf.adobe.com
2014-04-03 13:44:04,ds.dellfix.com
2014-04-03 13:45:03,ds.dellfix.com
2014-04-03 13:45:04,ds.dellfix.com
2014-04-03 13:46:03,ds.dellfix.com
2014-04-03 13:46:04,ds.dellfix.com
2014-04-03 13:54:04,ds.dellfix.com
2014-04-03 13:55:04,ds.dellfix.com
2014-04-03 13:56:04,ds.dellfix.com
2014-04-03 14:08:22,www.google.com
2014-04-03 14:08:22,www.google.fr
2014-04-03 14:08:22,crl.geotrust.com
2014-04-03 14:08:23,crl.geotrust.com
2014-04-03 14:08:23,pki.google.com
2014-04-03 14:08:25,www.google.fr
2014-04-03 14:08:25,www.google.com
2014-04-03 14:08:26,www.google.fr
2014-04-03 14:08:32,www.google.fr
2014-04-03 14:12:26,google.fr
2014-04-03 14:12:26,www.google.fr
2014-04-03 14:12:38,www.jcpoiret.com
2014-04-03 14:12:38,www.google.com
2014-04-03 14:12:38,www.google.fr
2014-04-03 14:12:39,www.jcpoiret.com
2014-04-03 14:12:40,www.jcpoiret.com
2014-04-03 14:12:41,www.google.com
2014-04-03 14:12:45,www.google.fr
2014-04-03 14:12:46,www.jcpoiret.com
2014-04-03 14:13:31,www.jcpoiret.com
2014-04-03 14:13:31,www.google.fr
2014-04-03 14:13:35,www.google.fr
2014-04-03 14:13:35,www.jcpoiret.com
2014-04-03 14:13:45,www.google.fr
2014-04-03 14:14:02,google.fr
2014-04-03 14:14:02,www.google.fr
2014-04-03 14:14:04,ds.dellfix.com
2014-04-03 14:14:12,www.google.fr
2014-04-03 14:14:12,www.google.com
2014-04-03 14:14:13,en.wikipedia.org
2014-04-03 14:14:13,bits.wikimedia.org
2014-04-03 14:14:13,login.wikimedia.org
2014-04-03 14:14:13,www.google.fr
2014-04-03 14:14:14,bits.wikimedia.org
2014-04-03 14:14:14,meta.wikimedia.org
2014-04-03 14:14:14,en.wikipedia.org
2014-04-03 14:14:15,bits.wikimedia.org
2014-04-03 14:14:19,www.google.fr
2014-04-03 14:14:19,en.wikipedia.org
2014-04-03 14:14:20,meta.wikimedia.org
2014-04-03 14:14:21,bits.wikimedia.org
2014-04-03 14:14:21,en.wikipedia.org
2014-04-03 14:14:23,meta.wikimedia.org
2014-04-03 14:14:23,en.wikipedia.org
2014-04-03 14:14:23,bits.wikimedia.org
2014-04-03 14:14:23,commons.wikimedia.org
2014-04-03 14:14:24,en.wikipedia.org
2014-04-03 14:14:24,meta.wikimedia.org
2014-04-03 14:14:27,en.wikipedia.org
2014-04-03 14:14:28,meta.wikimedia.org
2014-04-03 14:14:32,www.google.fr
2014-04-03 14:14:32,s.ytimg.com
2014-04-03 14:14:33,r4---sn-gxo5uxg-jqbe.googlevideo.com
2014-04-03 14:14:33,s.ytimg.com
2014-04-03 14:14:33,www.google.fr
2014-04-03 14:14:33,www.youtube.com
2014-04-03 14:14:34,yt3.ggpht.com
2014-04-03 14:14:34,www.youtube.com
2014-04-03 14:14:34,s.ytimg.com
2014-04-03 14:14:35,r4---sn-gxo5uxg-jqbe.googlevideo.com
2014-04-03 14:14:35,s.youtube.com
2014-04-03 14:14:35,i1.ytimg.com
2014-04-03 14:14:35,s.ytimg.com
2014-04-03 14:14:35,www.youtube.com
2014-04-03 14:14:36,s.ytimg.com
2014-04-03 14:14:36,r4---sn-gxo5uxg-jqbe.googlevideo.com
2014-04-03 14:14:36,s.youtube.com
2014-04-03 14:14:36,apis.google.com
2014-04-03 14:14:37,plus.googleapis.com
2014-04-03 14:14:37,i1.ytimg.com
2014-04-03 14:14:38,www.youtube.com
2014-04-03 14:14:39,i1.ytimg.com
2014-04-03 14:14:40,s.youtube.com
2014-04-03 14:14:44,s.youtube.com
2014-04-03 14:14:50,s.youtube.com
2014-04-03 14:15:00,s.youtube.com
2014-04-03 14:15:03,ds.dellfix.com
2014-04-03 14:15:09,s.ytimg.com
2014-04-03 14:15:10,plus.googleapis.com
2014-04-03 14:15:10,i1.ytimg.com
2014-04-03 14:15:14,s.youtube.com
2014-04-03 14:15:24,s.youtube.com
2014-04-03 14:15:26,www.youtube.com
2014-04-03 14:15:33,i1.ytimg.com
2014-04-03 14:15:39,s.youtube.com
2014-04-03 14:15:39,www.youtube.com
2014-04-03 14:15:39,s.ytimg.com
2014-04-03 14:15:40,clients1.google.com
2014-04-03 14:15:55,clients1.google.fr
2014-04-03 14:15:55,www.google.fr
2014-04-03 14:15:55,www.illex.fr
2014-04-03 14:15:56,www.illex.fr
2014-04-03 14:15:57,www.illex.fr
2014-04-03 14:15:59,www.google.fr
2014-04-03 14:15:59,www.illex.fr
2014-04-03 14:16:03,ds.dellfix.com
2014-04-03 14:54:03,ds.dellfix.com
2014-04-03 14:55:03,ds.dellfix.com
2014-04-03 14:56:03,ds.dellfix.com
2014-04-03 16:10:43,www.google.com
2014-04-03 16:10:43,www.google.fr
2014-04-03 16:10:45,www.google.com
2014-04-03 16:10:45,static.latribune.fr
2014-04-03 16:10:45,www.google.fr
2014-04-03 16:10:45,www.latribune.fr
2014-04-03 16:10:46,static.latribune.fr
2014-04-03 16:10:46,connect.facebook.net
2014-04-03 16:10:46,static.ak.facebook.com
2014-04-03 16:10:47,platform.twitter.com
2014-04-03 16:10:47,static.latribune.fr
2014-04-03 16:10:47,videosfr.s3.amazonaws.com
2014-04-03 16:10:47,s-static.ak.facebook.com
2014-04-03 16:10:47,apis.google.com
2014-04-03 16:10:48,apis.google.com
2014-04-03 16:10:48,accounts.google.com
2014-04-03 16:10:48,www.latribune.fr
2014-04-03 16:10:48,franchise.latribune.fr
2014-04-03 16:10:48,static.latribune.fr
2014-04-03 16:10:48,bourse.latribune.fr
2014-04-03 16:10:49,static.latribune.fr
2014-04-03 16:10:49,franchise.latribune.fr
2014-04-03 16:10:50,www.facebook.com
2014-04-03 16:10:50,apis.google.com
2014-04-03 16:10:50,franchise.latribune.fr
2014-04-03 16:10:51,platform.twitter.com
2014-04-03 16:10:52,evsecure-crl.verisign.com
2014-04-03 16:11:22,twitter.com
2014-04-03 16:11:41,platform.linkedin.com
2014-04-03 16:11:42,www.linkedin.com
2014-04-03 16:11:42,platform.linkedin.com
2014-04-03 16:12:04,www.linkedin.com
2014-04-03 16:12:04,www.google.fr
2014-04-03 16:12:04,www.google.com
2014-04-03 16:13:10,www.google.fr
2014-04-03 16:13:10,dictionnaire.reverso.net
2014-04-03 16:13:10,www.squid-cache.org
2014-04-03 16:13:14,www.google.fr
2014-04-03 16:13:15,www.google.fr
2014-04-03 16:13:15,cdn2.reverso.net
2014-04-03 16:13:15,ajax.googleapis.com
2014-04-03 16:13:15,api.conduit.com
2014-04-03 16:13:15,dictionnaire.reverso.net
2014-04-03 16:13:18,cdn2.reverso.net
2014-04-03 16:13:19,cdn2.reverso.net
2014-04-03 16:13:19,dictionnaire.reverso.net
2014-04-03 16:13:22,cdn2.reverso.net
2014-04-03 16:13:26,cdn2.reverso.net
2014-04-03 16:13:26,dictionnaire.reverso.net
2014-04-03 16:13:37,www.google.fr
2014-04-03 16:13:37,google.fr
2014-04-03 16:13:44,www.google.fr
2014-04-03 16:13:45,hal9000.redintelligence.net
2014-04-03 16:13:45,translit.ru
2014-04-03 16:13:45,www.google.fr
2014-04-03 16:13:46,ad.publicidees.com
2014-04-03 16:13:46,banniere.reussissonsensemble.fr
2014-04-03 16:13:46,n31.hal9000.redintelligence.net
2014-04-03 16:13:46,hal9000.redintelligence.net
2014-04-03 16:13:46,n35.hal9000.redintelligence.net
2014-04-03 16:13:46,translit.ru
2014-04-03 16:14:03,ds.dellfix.com
2014-04-03 16:14:46,www.google.fr
2014-04-03 16:14:46,www.google.com
2014-04-03 16:14:53,hal9000.redintelligence.net
2014-04-03 16:15:03,ds.dellfix.com
2014-04-03 16:15:48,www.google.fr
2014-04-03 16:15:48,www.google.com
2014-04-03 16:15:53,id.google.fr
2014-04-03 16:16:03,ds.dellfix.com
