timestamp,site
2013-05-12 08:13:03,search.mywebs.pro
2013-05-12 08:13:05,search.mywebs.pro
2013-05-12 08:13:06,search.mywebs.pro
2013-05-12 08:13:09,webresultado.com
2013-05-12 08:13:12,search.mywebs.pro
2013-05-12 08:13:12,windows.microsoft.com
2013-05-12 08:13:12,go.microsoft.com
2013-05-12 08:13:13,windows.microsoft.com
2013-05-12 08:13:13,search.mywebs.pro
2013-05-12 08:13:13,res2.windows.microsoft.com
2013-05-12 08:13:13,res1.windows.microsoft.com
2013-05-12 08:13:14,js.microsoft.com
2013-05-12 08:13:14,res1.windows.microsoft.com
2013-05-12 08:13:15,res1.windows.microsoft.com
2013-05-12 08:13:16,res2.windows.microsoft.com
2013-05-12 08:13:16,res1.windows.microsoft.com
2013-05-12 08:13:16,js.microsoft.com
2013-05-12 08:13:17,ajax.microsoft.com
2013-05-12 08:13:17,res1.windows.microsoft.com
2013-05-12 08:13:17,res2.windows.microsoft.com
2013-05-12 08:13:17,www.bing.com
2013-05-12 08:13:17,js.microsoft.com
2013-05-12 08:13:18,res1.windows.microsoft.com
2013-05-12 08:13:22,windows.microsoft.com
2013-05-12 08:13:50,search.mywebs.pro
2013-05-12 08:13:51,fr.ask.com
2013-05-12 08:13:52,sp.fr.ask.com
2013-05-12 08:13:52,fr.ask.com
2013-05-12 08:14:46,ieonline.microsoft.com
2013-05-12 08:15:03,fr.ask.com
2013-05-12 08:15:05,fr.ask.com
2013-05-12 08:15:06,fr.ask.com
2013-05-12 08:15:08,fr.ask.com
2013-05-12 08:15:09,search.mywebs.pro
2013-05-12 08:15:09,www.google.com
2013-05-12 08:15:10,youtube-videos-hoy.com
2013-05-12 08:15:11,bestvideosnow.com
2013-05-12 08:15:12,ajax.googleapis.com
2013-05-12 08:15:12,bestvideosnow.com
2013-05-12 08:15:13,search.mywebs.pro
2013-05-12 08:15:13,bestvideosnow.com
2013-05-12 08:15:14,bestvideosnow.com
2013-05-12 08:15:15,bestvideosnow.com
2013-05-12 08:15:16,bestvideosnow.com
2013-05-12 08:15:17,bestvideosnow.com
2013-05-12 08:15:18,hal9000.redintelligence.net
2013-05-12 08:15:19,hal9000.redintelligence.net
2014-01-14 14:11:59,tools.google.com
2014-01-14 14:11:59,www.google.com
2014-01-14 14:12:00,www.google.fr
2014-01-14 14:12:00,clients4.google.com
2014-01-14 14:12:00,translate.googleapis.com
2014-01-14 14:12:00,clients3.google.com
2014-01-14 14:12:00,www.google.com
2014-01-14 14:12:00,clients2.google.com
2014-01-14 14:12:06,search.mywebs.pro
2014-01-14 14:12:09,fpdownload2.macromedia.com
2014-01-14 14:12:21,173.192.5.118
2014-01-14 14:12:23,173.192.5.118
2014-01-14 14:12:34,173.192.5.118
2014-01-14 14:12:48,webresultado.com
2014-01-14 14:13:33,search.mywebs.pro
2014-01-14 14:13:34,search.mywebs.pro
2014-01-14 14:19:23,173.192.5.118
2014-01-14 14:19:24,173.192.5.118
2014-01-14 14:23:16,173.192.5.118
2014-01-14 14:30:07,173.192.5.118
2014-01-14 14:32:34,173.192.5.118
2014-01-14 14:32:39,173.192.5.118
2014-01-14 14:37:57,173.192.5.118
2014-01-14 14:37:58,173.192.5.118
2014-01-14 14:38:00,173.192.5.118
2014-01-14 14:40:37,173.192.5.118
2014-01-14 14:42:17,173.192.5.118
2014-01-14 14:42:22,173.192.5.118
2014-01-14 14:42:24,173.192.5.118
2014-01-14 14:42:36,173.192.5.118
2014-01-14 15:05:29,173.192.5.118
2014-01-14 15:05:39,173.192.5.118
2014-01-14 15:06:11,www.grooveshark.com
2014-01-14 15:06:11,grooveshark.com
2014-01-14 15:06:12,grooveshark.com
2014-01-14 15:06:14,grooveshark.com
2014-01-14 15:06:20,grooveshark.com
2014-01-14 15:06:30,grooveshark.com
2014-01-14 15:06:36,grooveshark.com
2014-01-14 15:06:40,grooveshark.com
2014-01-14 15:06:41,grooveshark.com
2014-01-14 15:06:42,grooveshark.com
2014-01-14 15:06:47,stream57a-he.grooveshark.com
2014-01-14 15:07:12,grooveshark.com
2014-01-14 15:07:30,grooveshark.com
2014-01-14 15:07:31,grooveshark.com
2014-01-14 15:07:32,grooveshark.com
2014-01-14 15:07:35,grooveshark.com
2014-01-14 15:07:40,stream79b.grooveshark.com
2014-01-14 15:07:42,grooveshark.com
2014-01-14 15:07:48,grooveshark.com
2014-01-14 15:07:49,grooveshark.com
2014-01-14 15:07:50,grooveshark.com
2014-01-14 15:07:51,grooveshark.com
2014-01-14 15:07:51,stream57a-he.grooveshark.com
2014-01-14 15:07:52,grooveshark.com
2014-01-14 15:07:53,grooveshark.com
2014-01-14 15:07:56,stream126a-he.grooveshark.com
2014-01-14 15:07:56,stream160a-he.grooveshark.com
2014-01-14 15:08:01,grooveshark.com
2014-01-14 15:08:04,stream128b-he.grooveshark.com
2014-01-14 15:08:08,stream66a.grooveshark.com
2014-01-14 15:09:57,grooveshark.com
2014-01-14 15:10:02,grooveshark.com
2014-01-14 15:10:03,grooveshark.com
2014-01-14 15:11:08,openx2-match.dotomi.com
2014-01-14 15:11:08,dtm.kidsfootlocker.com
2014-01-14 15:11:09,hal9000.redintelligence.net
2014-01-14 15:11:10,hal9000.redintelligence.net
2014-01-14 15:11:10,banniere.reussissonsensemble.fr
2014-01-14 15:11:11,www.yceml.net
2014-01-14 15:11:11,www.kdukvh.com
2014-01-14 15:11:11,banniere.reussissonsensemble.fr
2014-01-14 15:11:22,grooveshark.com
2014-01-14 15:11:23,grooveshark.com
2014-01-14 15:11:24,grooveshark.com
2014-01-14 15:11:25,grooveshark.com
2014-01-14 15:11:34,stream126a-he.grooveshark.com
2014-01-14 15:11:34,grooveshark.com
2014-01-14 15:11:35,grooveshark.com
2014-01-14 15:11:36,grooveshark.com
2014-01-14 15:11:37,grooveshark.com
2014-01-14 15:11:37,stream126a-he.grooveshark.com
2014-01-14 15:11:38,stream160a-he.grooveshark.com
2014-01-14 15:11:39,grooveshark.com
2014-01-14 15:11:40,stream66a.grooveshark.com
2014-01-14 15:11:41,grooveshark.com
2014-01-14 15:11:43,ajax.googleapis.com
2014-01-14 15:11:44,grooveshark.com
2014-01-14 15:11:44,d3e9pgsvkxe0kb.cloudfront.net
2014-01-14 15:11:44,dobrx2zp5pxii.cloudfront.net
2014-01-14 15:11:52,stream126a-he.grooveshark.com
2014-01-14 15:12:14,grooveshark.com
2014-01-14 15:12:15,grooveshark.com
2014-01-14 15:12:15,img0.etsystatic.com
2014-01-14 15:12:21,stream79b.grooveshark.com
2014-01-14 15:12:36,rp.gwallet.com
2014-01-14 15:12:37,cip.gagnoo.com
2014-01-14 15:12:37,www.lutinbotte.com
2014-01-14 15:12:37,images.surinvitation.com
2014-01-14 15:12:37,www.youtube.com
2014-01-14 15:12:37,hal9000.redintelligence.net
2014-01-14 15:12:37,www.surinvitation.com
2014-01-14 15:12:38,platform.twitter.com
2014-01-14 15:12:38,media.vitrinemagique.com
2014-01-14 15:12:38,www.vitrinemagique.com
2014-01-14 15:12:38,miniimg5.rightinthebox.com
2014-01-14 15:12:38,miniimg7.rightinthebox.com
2014-01-14 15:12:38,www.facebook.com
2014-01-14 15:12:38,miniimg6.rightinthebox.com
2014-01-14 15:12:38,litbimg.rightinthebox.com
2014-01-14 15:12:38,miniimg2.rightinthebox.com
2014-01-14 15:12:38,miniimg3.rightinthebox.com
2014-01-14 15:12:38,miniimg4.rightinthebox.com
2014-01-14 15:12:38,miniimg1.rightinthebox.com
2014-01-14 15:12:38,miniimg.rightinthebox.com
2014-01-14 15:12:38,minijscss.rightinthebox.com
2014-01-14 15:12:38,www.miniinthebox.com
2014-01-14 15:12:38,miniimg8.rightinthebox.com
2014-01-14 15:12:39,www.miniinthebox.com
2014-01-14 15:12:39,www.google.fr
2014-01-14 15:12:39,miniimg3.rightinthebox.com
2014-01-14 15:12:39,d3cxv97fi8q177.cloudfront.net
2014-01-14 15:12:39,www.facebook.com
2014-01-14 15:12:39,miniimg7.rightinthebox.com
2014-01-14 15:12:39,miniimg6.rightinthebox.com
2014-01-14 15:12:39,www.vitrinemagique.com
2014-01-14 15:12:39,www.google.com
2014-01-14 15:12:39,media.vitrinemagique.com
2014-01-14 15:12:40,www.vitrinemagique.com
2014-01-14 15:12:40,media.vitrinemagique.com
2014-01-14 15:12:40,mastertag.effiliation.com
2014-01-14 15:12:41,www.facebook.com
2014-01-14 15:12:42,ce.lijit.com
2014-01-14 15:12:43,serv3.vizury.com
2014-01-14 15:12:43,y.one.impact-ad.jp
2014-01-14 15:12:47,grooveshark.com
2014-01-14 15:12:49,deliv.bayard-pub.com
2014-01-14 15:12:49,mfr.meteofrance.com
2014-01-14 15:12:49,www.facebook.com
2014-01-14 15:12:49,calotag.com
2014-01-14 15:12:49,img1.etsystatic.com
2014-01-14 15:12:50,www.google.fr
2014-01-14 15:12:50,www.google.com
2014-01-14 15:12:51,twitter.com
2014-01-14 15:12:54,twitter.com
2014-01-14 15:12:54,miniimg5.rightinthebox.com
2014-01-14 15:12:54,mfr.meteofrance.com
2014-01-14 15:12:54,deliv.bayard-pub.com
2014-01-14 15:12:54,miniimg.rightinthebox.com
2014-01-14 15:12:54,miniimg2.rightinthebox.com
2014-01-14 15:12:54,miniimg6.rightinthebox.com
2014-01-14 15:12:54,www.facebook.com
2014-01-14 15:12:54,miniimg8.rightinthebox.com
2014-01-14 15:12:54,1by1.vitrinemagique.com
2014-01-14 15:12:54,www.surinvitation.com
2014-01-14 15:12:54,trk.adbutter.net
2014-01-14 15:12:54,media.vitrinemagique.com
2014-01-14 15:12:54,miniimg4.rightinthebox.com
2014-01-14 15:12:55,www.google.fr
2014-01-14 15:12:55,www.google.com
2014-01-14 15:12:58,um.simpli.fi
2014-01-14 15:12:58,rp.gwallet.com
2014-01-14 15:12:59,grooveshark.com
2014-01-14 15:13:00,grooveshark.com
2014-01-14 15:13:02,cox-match.dotomi.com
2014-01-14 15:13:03,dtm.officedepot.com
2014-01-14 15:13:03,www.facebook.com
2014-01-14 15:13:09,grooveshark.com
2014-01-14 15:13:10,www.lightinthebox.com
2014-01-14 15:13:10,grooveshark.com
2014-01-14 15:13:11,grooveshark.com
2014-01-14 15:13:12,apis.google.com
2014-01-14 15:13:23,grooveshark.com
2014-01-14 15:13:55,grooveshark.com
2014-01-14 15:13:56,grooveshark.com
2014-01-14 15:13:57,grooveshark.com
2014-01-14 15:13:58,grooveshark.com
2014-01-14 15:19:42,www.google.fr
2014-01-14 15:19:42,www.facebook.com
2014-01-14 15:19:42,www.google.com
2014-01-14 15:28:46,grooveshark.com
2014-01-14 15:29:06,grooveshark.com
2014-01-14 15:29:10,grooveshark.com
2014-01-14 15:29:13,grooveshark.com
2014-01-14 15:29:14,grooveshark.com
2014-01-14 15:29:15,grooveshark.com
2014-01-14 15:29:15,um.simpli.fi
2014-01-14 15:29:17,pmp.mxptint.net
2014-01-14 15:29:17,www.facebook.com
2014-01-14 15:29:17,rbp.mxptint.net
2014-01-14 15:29:17,cox-match.dotomi.com
2014-01-14 15:29:18,dtm.anthropologie.com
2014-01-14 15:29:18,yhp.mxptint.net
2014-01-14 15:29:18,aep.mxptint.net
2014-01-14 15:29:23,grooveshark.com
2014-01-14 15:29:24,grooveshark.com
2014-01-14 15:29:25,grooveshark.com
2014-01-14 15:29:34,stream126a-he.grooveshark.com
2014-01-14 15:29:50,grooveshark.com
2014-01-14 15:29:51,cox-match.dotomi.com
2014-01-14 15:29:51,dtm.footlocker.com
2014-01-14 15:29:52,match.rtbidder.net
2014-01-14 15:29:53,pool-eu-ie.creative-serving.com
2014-01-14 15:29:53,www.lahalle.com
2014-01-14 15:29:54,ad.publicidees.com
2014-01-14 15:30:01,grooveshark.com
2014-01-14 15:30:25,pr.ybp.yahoo.com
2014-01-14 15:30:26,cox-match.dotomi.com
2014-01-14 15:30:26,dtm.urbanoutfitters.com
2014-01-14 15:30:59,grooveshark.com
2014-01-14 15:31:00,grooveshark.com
2014-01-14 15:33:15,grooveshark.com
2014-01-14 15:33:16,grooveshark.com
2014-01-14 15:33:20,grooveshark.com
2014-01-14 15:33:21,grooveshark.com
2014-01-14 15:33:27,grooveshark.com
2014-01-14 15:33:29,grooveshark.com
2014-01-14 15:33:30,grooveshark.com
2014-01-14 15:33:32,grooveshark.com
2014-01-14 15:33:32,google.com
2014-01-14 15:33:33,grooveshark.com
2014-01-14 15:33:35,cox-match.dotomi.com
2014-01-14 15:33:35,match.rtbidder.net
2014-01-14 15:33:35,dtm.urbanoutfitters.com
2014-01-14 15:33:35,pr.ybp.yahoo.com
2014-01-14 15:33:37,grooveshark.com
2014-01-14 15:33:40,cox-match.dotomi.com
2014-01-14 15:33:40,rubicon-match.dotomi.com
2014-01-14 15:33:40,dtm.urbanoutfitters.com
2014-01-14 15:33:40,www.facebook.com
2014-01-14 15:33:41,rubicon-match.dotomi.com
2014-01-14 15:33:41,dtm.urbanoutfitters.com
2014-01-14 15:33:53,grooveshark.com
2014-01-14 15:33:56,grooveshark.com
2014-01-14 15:33:57,grooveshark.com
2014-01-14 15:34:03,stream160a-he.grooveshark.com
2014-01-14 15:34:03,grooveshark.com
2014-01-14 15:34:10,grooveshark.com
2014-01-14 15:34:12,grooveshark.com
2014-01-14 15:34:13,grooveshark.com
2014-01-14 15:34:14,grooveshark.com
2014-01-14 15:34:16,stream66a.grooveshark.com
2014-01-14 15:34:20,cox-match.dotomi.com
2014-01-14 15:34:20,dtm.urbanoutfitters.com
2014-01-14 15:34:55,www.facebook.com
2014-01-14 15:34:56,ce.lijit.com
2014-01-14 15:34:56,y.one.impact-ad.jp
2014-01-14 15:35:25,dtm.urbanoutfitters.com
2014-01-14 15:35:25,cox-match.dotomi.com
2014-01-14 15:35:58,dtm.urbanoutfitters.com
2014-01-14 15:35:58,cox-match.dotomi.com
2014-01-14 15:36:31,cox-match.dotomi.com
2014-01-14 15:36:31,dtm.urbanoutfitters.com
2014-01-14 15:37:29,img0.etsystatic.com
2014-01-14 15:37:35,cs.specificclick.net
2014-01-14 15:51:08,cox-match.dotomi.com
2014-01-14 15:51:09,dtm.urbanoutfitters.com
2014-01-14 15:52:49,cox-match.dotomi.com
2014-01-14 15:52:50,dtm.urbanoutfitters.com
2014-01-14 15:53:23,cox-match.dotomi.com
2014-01-14 15:53:23,dtm.urbanoutfitters.com
2014-01-14 15:53:44,173.192.5.118
2014-01-14 15:57:12,173.192.5.118
2014-01-14 15:57:15,173.192.5.118
2014-01-14 15:59:04,173.192.5.118
2014-01-14 15:59:56,173.192.5.118
2014-01-14 15:59:57,173.192.5.118
2014-01-14 15:59:58,173.192.5.118
2014-01-14 16:00:51,173.192.5.118
2014-01-14 16:21:36,173.192.5.118
2014-01-14 16:21:37,173.192.5.118
2014-01-14 16:21:39,173.192.5.118
2014-01-14 16:22:55,173.192.5.118
2014-01-14 16:22:57,173.192.5.118
2014-01-14 16:22:59,173.192.5.118
2014-01-14 16:23:12,173.192.5.118
2014-01-14 16:23:15,173.192.5.118
2014-01-14 16:23:36,173.192.5.118
2014-01-14 16:23:37,173.192.5.118
2014-01-14 16:23:39,173.192.5.118
2014-01-14 16:24:26,173.192.5.118
2014-01-14 16:24:27,173.192.5.118
2014-01-14 16:24:54,173.192.5.118
2014-01-14 16:24:56,173.192.5.118
2014-01-14 16:52:27,grooveshark.com
2014-01-14 16:52:28,grooveshark.com
2014-01-14 16:52:29,grooveshark.com
2014-01-14 16:52:30,grooveshark.com
2014-01-14 16:52:31,grooveshark.com
2014-01-14 16:52:51,grooveshark.com
2014-01-14 16:52:54,grooveshark.com
2014-01-14 16:53:01,grooveshark.com
2014-01-14 16:53:02,grooveshark.com
2014-01-14 16:53:04,grooveshark.com
2014-01-14 16:53:05,grooveshark.com
2014-01-14 16:53:13,grooveshark.com
2014-01-14 16:53:14,grooveshark.com
2014-01-14 16:53:16,grooveshark.com
2014-01-14 16:53:18,cox-match.dotomi.com
2014-01-14 16:53:18,dtm.urbanoutfitters.com
2014-01-14 16:53:18,stream160a-he.grooveshark.com
2014-01-14 16:53:46,grooveshark.com
2014-01-14 16:53:51,cox-match.dotomi.com
2014-01-14 16:53:51,dtm.urbanoutfitters.com
2014-01-14 16:54:24,cox-match.dotomi.com
2014-01-14 16:54:24,dtm.urbanoutfitters.com
2014-01-14 16:54:58,cox-match.dotomi.com
2014-01-14 16:54:59,dtm.urbanoutfitters.com
2014-01-14 16:56:30,cox-match.dotomi.com
2014-01-14 16:56:30,wtpn.twenga.fr
2014-01-14 16:56:30,i11.twenga.com
2014-01-14 16:56:30,rbx-cdn-tpn.c4tw.net
2014-01-14 16:56:30,i10.twenga.com
2014-01-14 16:56:31,dtm.urbanoutfitters.com
2014-01-14 16:57:03,cox-match.dotomi.com
2014-01-14 16:57:03,dtm.urbanoutfitters.com
2014-01-14 16:57:36,cox-match.dotomi.com
2014-01-14 16:57:36,wtpn.twenga.fr
2014-01-14 16:57:36,i10.twenga.com
2014-01-14 16:57:36,i11.twenga.com
2014-01-14 16:57:36,dtm.urbanoutfitters.com
2014-01-14 16:58:09,cox-match.dotomi.com
2014-01-14 16:58:09,dtm.urbanoutfitters.com
2014-01-14 16:58:25,173.192.5.118
2014-01-14 16:58:32,173.192.5.118
2014-01-14 16:58:42,173.192.5.118
2014-01-14 16:59:33,173.192.5.118
2014-01-14 17:01:53,173.192.5.118
2014-01-14 17:02:02,173.192.5.118
2014-01-14 17:02:03,173.192.5.118
2014-01-14 17:02:42,173.192.5.118
2014-01-14 17:02:47,173.192.5.118
2014-01-14 17:04:56,173.192.5.118
2014-01-14 17:04:59,173.192.5.118
2014-01-14 17:08:29,173.192.5.118
2014-01-14 17:08:31,173.192.5.118
2014-01-14 17:08:59,173.192.5.118
2014-01-14 17:09:02,173.192.5.118
2014-01-14 17:09:15,173.192.5.118
2014-01-14 17:09:16,173.192.5.118
2014-01-14 17:09:18,173.192.5.118
2014-01-14 17:11:53,173.192.5.118
2014-01-14 17:11:54,173.192.5.118
2014-01-14 17:17:36,173.192.5.118
2014-01-14 17:17:38,173.192.5.118
2014-01-14 17:18:22,search.mywebs.pro
2014-01-14 17:18:24,search.mywebs.pro
2014-01-14 17:19:29,webresultado.com
2014-01-21 13:43:58,www.google.fr
2014-01-21 13:43:58,www.google.com
2014-01-21 13:44:02,clients4.google.com
2014-01-21 13:44:02,clients3.google.com
2014-01-21 13:44:02,clients1.google.fr
2014-01-21 13:44:02,www.google.fr
2014-01-21 13:44:02,www.google.com
2014-01-21 13:44:02,clients2.google.com
2014-01-21 13:44:02,apis.google.com
2014-01-21 13:44:02,translate.googleapis.com
2014-01-21 13:44:09,search.mywebs.pro
2014-01-21 13:46:22,webresultado.com
2014-01-21 14:05:46,grooveshark.com
2014-01-21 14:05:47,grooveshark.com
2014-01-21 14:05:48,grooveshark.com
2014-01-21 14:05:52,grooveshark.com
2014-01-21 14:05:53,grooveshark.com
2014-01-21 14:06:02,grooveshark.com
2014-01-21 14:06:15,grooveshark.com
2014-01-21 14:06:16,grooveshark.com
2014-01-21 14:06:21,grooveshark.com
2014-01-21 14:06:22,grooveshark.com
2014-01-21 14:06:23,grooveshark.com
2014-01-21 14:06:24,stream57a-he.grooveshark.com
2014-01-21 14:06:54,grooveshark.com
2014-01-21 14:06:57,grooveshark.com
2014-01-21 14:06:59,grooveshark.com
2014-01-21 14:07:00,grooveshark.com
2014-01-21 14:07:02,stream79a-he.grooveshark.com
2014-01-21 14:07:31,grooveshark.com
2014-01-21 14:11:20,www.facebook.com
2014-01-21 14:11:20,www.google.com
2014-01-21 14:11:20,www.google.fr
2014-01-21 14:11:41,grooveshark.com
2014-01-21 14:11:53,grooveshark.com
2014-01-21 14:11:54,grooveshark.com
2014-01-21 14:11:55,grooveshark.com
2014-01-21 14:11:57,stream79b.grooveshark.com
2014-01-21 14:12:26,grooveshark.com
2014-01-21 14:14:47,grooveshark.com
2014-01-21 14:15:16,www.google.com
2014-01-21 14:15:16,www.google.fr
2014-01-21 14:15:31,clients1.google.com
2014-01-21 14:17:39,fr.answers.yahoo.com
2014-01-21 14:17:40,fr.answers.yahoo.com
2014-01-21 14:17:41,dmros.ysm.yahoo.com
2014-01-21 14:17:41,fr.answers.yahoo.com
2014-01-21 14:18:20,socialprofiles.zenfs.com
2014-01-21 14:19:16,translate.googleapis.com
2014-01-21 14:19:16,clients4.google.com
2014-01-21 14:19:17,clients1.google.fr
2014-01-21 14:19:17,www.google.com
2014-01-21 14:21:12,clients2.google.com
2014-01-21 14:21:16,tools.google.com
2014-01-21 14:21:42,media.bestofmicro.com
2014-01-21 14:21:42,www.tomsguide.fr
2014-01-21 14:21:42,m.bestofmedia.com
2014-01-21 14:21:42,ajax.googleapis.com
2014-01-21 14:21:43,ops.bestofmedia.com
2014-01-21 14:21:43,www.beead.fr
2014-01-21 14:21:43,m.bestofmedia.com
2014-01-21 14:21:43,www.tomsguide.fr
2014-01-21 14:21:44,connect.facebook.net
2014-01-21 14:21:44,eulerian.canal-plus.com
2014-01-21 14:21:44,www.facebook.com
2014-01-21 14:21:44,static.ak.facebook.com
2014-01-21 14:21:44,s-static.ak.facebook.com
2014-01-21 14:21:45,www.facebook.com
2014-01-21 14:21:47,cdns.gigya.com
2014-01-21 14:21:47,www.google.com
2014-01-21 14:21:47,clients1.google.fr
2014-01-21 14:21:47,m.bestofmedia.com
2014-01-21 14:21:47,clients1.google.com
2014-01-21 14:21:47,mg.mail.yahoo.com
2014-01-21 14:21:47,www.google.fr
2014-01-21 14:21:49,eulerian.canal-plus.com
2014-01-21 14:21:51,safebrowsing.google.com
2014-01-21 14:21:52,safebrowsing-cache.google.com
2014-01-21 14:22:45,media.bestofmicro.com
2014-01-21 14:22:45,www.tomsguide.fr
2014-01-21 14:22:46,mg.mail.yahoo.com
2014-01-21 14:24:42,www.generation-nt.com
2014-01-21 14:24:43,static.natoms.com
2014-01-21 14:24:43,img.youtube.com
2014-01-21 14:24:43,img.generation-nt.com
2014-01-21 14:24:43,www.generation-nt.com
2014-01-21 14:24:44,static.natoms.com
2014-01-21 14:24:44,www.facebook.com
2014-01-21 14:24:44,s-static.ak.facebook.com
2014-01-21 14:24:44,ajax.googleapis.com
2014-01-21 14:24:44,static.ak.facebook.com
2014-01-21 14:24:45,www.generation-nt.com
2014-01-21 14:24:45,premium.hi-mediaserver.com
2014-01-21 14:24:47,www.generation-nt.com
2014-01-21 14:24:47,apis.google.com
2014-01-21 14:24:47,accounts.google.com
2014-01-21 14:24:47,mg.mail.yahoo.com
2014-01-21 14:24:48,adventori.com
2014-01-21 14:24:48,apnx-match.dotomi.com
2014-01-21 14:24:49,adventori.com
2014-01-21 14:24:50,www.generation-nt.com
2014-01-21 14:26:19,pixel2368.everesttech.net
2014-01-21 14:26:58,www.generation-nt.com
2014-01-21 14:28:28,clients2.google.com
2014-01-21 14:31:08,mg.mail.yahoo.com
2014-01-21 14:31:10,www.google.com
2014-01-21 14:31:10,m.bestofmedia.com
2014-01-21 14:31:10,www.tomsguide.fr
2014-01-21 14:31:11,r.kelkoo.com
2014-01-21 14:31:11,eulerian.canal-plus.com
2014-01-21 14:31:13,static.ak.facebook.com
2014-01-21 14:31:13,www.facebook.com
2014-01-21 14:31:13,s-static.ak.facebook.com
2014-01-21 14:31:16,eulerian.canal-plus.com
2014-01-21 14:31:52,www.tomsguide.fr
2014-01-21 14:31:52,www.google.com
2014-01-21 14:32:05,m.bestofmedia.com
2014-01-21 14:32:05,www.tomsguide.fr
2014-01-21 14:32:06,static.ak.facebook.com
2014-01-21 14:32:06,s-static.ak.facebook.com
2014-01-21 14:32:06,eulerian.canal-plus.com
2014-01-21 14:32:07,www.facebook.com
2014-01-21 14:32:08,media.bestofmicro.com
2014-01-21 14:32:08,www.tomsguide.fr
2014-01-21 14:32:11,eulerian.canal-plus.com
2014-01-21 14:32:30,www.tomsguide.fr
2014-01-21 14:32:31,eulerian.canal-plus.com
2014-01-21 14:32:31,s-static.ak.facebook.com
2014-01-21 14:32:31,static.ak.facebook.com
2014-01-21 14:32:31,www.tomsguide.fr
2014-01-21 14:32:32,www.facebook.com
2014-01-21 14:32:32,ce.lijit.com
2014-01-21 14:32:33,www.facebook.com
2014-01-21 14:32:33,clients1.google.com
2014-01-21 14:32:34,www.facebook.com
2014-01-21 14:34:11,socialprofiles.zenfs.com
2014-01-21 14:34:13,socialprofiles.zenfs.com
2014-01-21 14:34:14,socialprofiles.zenfs.com
2014-01-21 14:36:56,m.bestofmedia.com
2014-01-21 14:36:56,media.bestofmicro.com
2014-01-21 14:36:57,m.bestofmedia.com
2014-01-21 14:36:57,premium.hi-mediaserver.com
2014-01-21 14:36:57,static.ak.facebook.com
2014-01-21 14:36:57,s-static.ak.facebook.com
2014-01-21 14:36:58,premium.hi-mediaserver.com
2014-01-21 14:36:58,www.facebook.com
2014-01-21 14:36:58,eulerian.canal-plus.com
2014-01-21 14:36:59,cdns.gigya.com
2014-01-21 14:36:59,clients1.google.fr
2014-01-21 14:36:59,clients1.google.com
2014-01-21 14:36:59,mg.mail.yahoo.com
2014-01-21 14:37:00,cs.specificclick.net
2014-01-21 14:37:00,m.bestofmedia.com
2014-01-21 14:37:01,media.bestofmicro.com
2014-01-21 14:37:49,h10025.www1.hp.com
2014-01-21 14:37:50,h10025.www1.hp.com
2014-01-21 14:38:00,m.bestofmedia.com
2014-01-21 14:38:10,mg.mail.yahoo.com
2014-01-21 14:40:15,s-static.ak.facebook.com
2014-01-21 14:40:15,static.ccm2.net
2014-01-21 14:40:15,www.facebook.com
2014-01-21 14:40:15,static.commentcamarche.net
2014-01-21 14:40:15,platform.twitter.com
2014-01-21 14:40:15,www.google.com
2014-01-21 14:40:15,r.ccm2.net
2014-01-21 14:40:15,static.ak.facebook.com
2014-01-21 14:40:15,static.ccmbg.com
2014-01-21 14:40:15,www.commentcamarche.net
2014-01-21 14:40:16,static.commentcamarche.net
2014-01-21 14:40:16,www.facebook.com
2014-01-21 14:40:16,www.google.com
2014-01-21 14:40:19,static.ccm2.net
2014-01-21 14:40:31,s-static.ak.facebook.com
2014-01-21 14:40:31,www.google.com
2014-01-21 14:40:31,static.commentcamarche.net
2014-01-21 14:40:31,static.ak.facebook.com
2014-01-21 14:40:31,www.commentcamarche.net
2014-01-21 14:40:31,www.facebook.com
2014-01-21 14:40:36,twitter.com
2014-01-21 14:40:37,www.commentcamarche.net
2014-01-21 14:40:37,www.facebook.com
2014-01-21 14:40:50,s-static.ak.facebook.com
2014-01-21 14:40:50,static.ak.facebook.com
2014-01-21 14:40:51,www.facebook.com
2014-01-21 14:40:55,s-static.ak.facebook.com
2014-01-21 14:40:55,www.google.fr
2014-01-21 14:40:55,twitter.com
2014-01-21 14:40:55,static.ak.facebook.com
2014-01-21 14:40:55,mg.mail.yahoo.com
2014-01-21 14:40:56,static.ak.facebook.com
2014-01-21 14:40:56,s-static.ak.facebook.com
2014-01-21 14:40:56,www.facebook.com
2014-01-21 14:40:57,s-static.ak.facebook.com
2014-01-21 14:40:57,static.ak.facebook.com
2014-01-21 14:40:57,www.facebook.com
2014-01-21 14:41:07,www.softonic.fr
2014-01-21 14:41:09,www.google.com
2014-01-21 14:41:09,hal9000.redintelligence.net
2014-01-21 14:41:09,s3.amazonaws.com
2014-01-21 14:41:09,www.softonic.fr
2014-01-21 14:41:10,hal9000.redintelligence.net
2014-01-21 14:41:10,ea.numericable.fr
2014-01-21 14:41:11,www.google.fr
2014-01-21 14:41:11,ad.publicidees.com
2014-01-21 14:41:21,twitter.com
2014-01-21 14:42:39,clients1.google.fr
2014-01-21 14:42:41,hal9000.redintelligence.net
2014-01-21 14:43:07,www.clubic.com
2014-01-21 14:43:07,img.clubic.com
2014-01-21 14:43:07,emailretargeting.com
2014-01-21 14:43:07,dc1w54.wysistat.com
2014-01-21 14:43:07,pixel.alephd.com
2014-01-21 14:43:08,www.clubic.com
2014-01-21 14:43:08,widget.achetezfacile.com
2014-01-21 14:43:08,pixel.alephd.com
2014-01-21 14:43:08,i.htfacile.fr
2014-01-21 14:43:09,www.facebook.com
2014-01-21 14:43:09,static.ak.facebook.com
2014-01-21 14:43:09,s-static.ak.facebook.com
2014-01-21 14:43:09,www.clubic.com
2014-01-21 14:43:09,platform.twitter.com
2014-01-21 14:43:09,connect.facebook.net
2014-01-21 14:43:09,pixel.alephd.com
2014-01-21 14:43:09,ajax.googleapis.com
2014-01-21 14:43:10,webperf.m6web.fr
2014-01-21 14:43:10,twitter.com
2014-01-21 14:43:13,limelight.cedexis.com
2014-01-21 14:43:13,i1-js-14-3-01-12434-551258906-i.init.cedexis-radar.net
2014-01-21 14:43:22,limelight.cedexis.com
2014-01-21 14:43:23,fastlydsa.bench.cedexis.com
2014-01-21 14:43:24,fastlydsa.bench.cedexis.com
2014-01-21 14:43:24,us-west1.joyent.bench.cedexis.com
2014-01-21 14:43:25,us-west1.joyent.bench.cedexis.com
2014-01-21 14:43:40,twitter.com
2014-01-21 14:44:15,ajax.googleapis.com
2014-01-21 14:45:10,mg.mail.yahoo.com
2014-01-21 14:45:56,m.bestofmedia.com
2014-01-21 14:47:07,www.google.fr
2014-01-21 14:49:12,search.mywebs.pro
2014-01-21 14:49:13,fpdownload2.macromedia.com
2014-01-21 14:49:13,search.mywebs.pro
2014-01-21 14:49:14,search.mywebs.pro
2014-01-21 14:50:14,webresultado.com
2014-01-21 14:51:20,safebrowsing.google.com
2014-01-21 14:51:21,safebrowsing-cache.google.com
2014-01-21 14:52:47,173.192.5.118
2014-01-21 14:53:03,173.192.5.118
2014-01-21 14:53:04,173.192.5.118
2014-01-21 14:54:11,res1.windows.microsoft.com
2014-01-21 14:54:11,windows.microsoft.com
2014-01-21 14:54:11,res2.windows.microsoft.com
2014-01-21 14:54:12,windows.microsoft.com
2014-01-21 14:54:12,res2.windows.microsoft.com
2014-01-21 14:54:12,js.microsoft.com
2014-01-21 14:54:12,ajax.microsoft.com
2014-01-21 14:54:12,res1.windows.microsoft.com
2014-01-21 14:54:32,login.live.com
2014-01-21 14:54:33,login.live.com
2014-01-21 14:54:50,m.bestofmedia.com
2014-01-21 14:54:53,socialprofiles.zenfs.com
2014-01-21 14:54:54,fr.answers.yahoo.com
2014-01-21 14:55:27,res2.windows.microsoft.com
2014-01-21 14:55:27,res1.windows.microsoft.com
2014-01-21 14:55:27,windows.microsoft.com
2014-01-21 14:55:27,www.facebook.com
2014-01-21 14:55:28,res1.windows.microsoft.com
2014-01-21 14:55:28,js.microsoft.com
2014-01-21 14:56:01,search.mywebs.pro
2014-01-21 14:56:02,search.mywebs.pro
2014-01-21 14:56:03,search.mywebs.pro
2014-01-21 14:57:45,clients1.google.fr
2014-01-21 14:57:52,mg.mail.yahoo.com
2014-01-21 14:58:03,id.google.fr
2014-01-21 14:58:11,www.google.fr
2014-01-21 14:58:57,www.google.fr
2014-01-21 14:59:02,imp.ovh.net
2014-01-21 14:59:02,ssl0.ovh.net
2014-01-21 14:59:02,www.eurobarre.com
2014-01-21 14:59:03,ssl0.ovh.net
2014-01-21 14:59:22,www.ma-config.com
2014-01-21 14:59:23,www.ma-config.com
2014-01-21 14:59:24,www.ma-config.com
2014-01-21 14:59:27,rp.gwallet.com
2014-01-21 14:59:59,www.ma-config.com
2014-01-21 15:00:00,www.ma-config.com
2014-01-21 15:00:03,www.ma-config.com
2014-01-21 15:00:08,www.ma-config.com
2014-01-21 15:00:09,match.rtbidder.net
2014-01-21 15:00:37,www.ma-config.com
2014-01-21 15:00:47,www.ma-config.com
2014-01-21 15:00:54,www.ma-config.com
2014-01-21 15:00:58,www.ma-config.com
2014-01-21 15:02:45,www.deezer.com
2014-01-21 15:02:45,cdn-files.deezer.com
2014-01-21 15:02:46,ajax.googleapis.com
2014-01-21 15:02:46,connect.facebook.net
2014-01-21 15:02:46,static.ak.facebook.com
2014-01-21 15:02:46,s-static.ak.facebook.com
2014-01-21 15:02:46,cdn-files.deezer.com
2014-01-21 15:02:46,www.facebook.com
2014-01-21 15:02:47,cdn-files.deezer.com
2014-01-21 15:02:49,cdn-files.deezer.com
2014-01-21 15:02:51,cdn-files.deezer.com
2014-01-21 15:02:52,cdn-preview-3.deezer.com
2014-01-21 15:03:10,www.deezer.com
2014-01-21 15:03:44,id.google.fr
2014-01-21 15:03:44,apis.google.com
2014-01-21 15:03:44,www.google.fr
2014-01-21 15:03:44,clients1.google.fr
2014-01-21 15:03:44,sb-ssl.google.com
2014-01-21 15:03:44,accounts.google.com
2014-01-21 15:03:44,fbstatic-a.akamaihd.net
2014-01-21 15:06:32,grooveshark.com
2014-01-21 15:06:33,grooveshark.com
2014-01-21 15:06:43,grooveshark.com
2014-01-21 15:06:52,grooveshark.com
2014-01-21 15:06:53,grooveshark.com
2014-01-21 15:07:03,html5.grooveshark.com
2014-01-21 15:07:03,search.mywebs.pro
2014-01-21 15:07:04,html5.grooveshark.com
2014-01-21 15:07:05,html5.grooveshark.com
2014-01-21 15:07:18,html5.grooveshark.com
2014-01-21 15:07:19,html5.grooveshark.com
2014-01-21 15:07:24,html5.grooveshark.com
2014-01-21 15:08:00,html5.grooveshark.com
2014-01-21 15:08:22,grooveshark.com
2014-01-21 15:08:23,grooveshark.com
2014-01-21 15:08:25,grooveshark.com
2014-01-21 15:08:38,grooveshark.com
2014-01-21 15:08:40,grooveshark.com
2014-01-21 15:08:41,grooveshark.com
2014-01-21 15:08:51,www.google.fr
2014-01-21 15:08:51,www.google.com
2014-01-21 15:09:02,www.google.fr
2014-01-21 15:09:09,clients1.google.com
2014-01-21 15:09:12,www-static.ubuntu-fr.org
2014-01-21 15:09:12,forum.ubuntu-fr.org
2014-01-21 15:10:26,www.debian-fr.org
2014-01-21 15:10:27,www.debian-fr.org
2014-01-21 15:10:43,search.mywebs.pro
2014-01-21 15:10:44,search.mywebs.pro
2014-01-21 15:10:45,search.mywebs.pro
2014-01-21 15:12:51,clients4.google.com
2014-01-21 15:12:52,translate.googleapis.com
2014-01-21 15:12:53,clients1.google.fr
2014-01-21 15:12:54,www.google.com
2014-01-21 15:13:12,www.google.fr
2014-01-21 15:14:19,safebrowsing.google.com
2014-01-21 15:14:20,safebrowsing-cache.google.com
2014-01-21 15:14:27,apis.google.com
2014-01-21 15:14:27,accounts.google.com
2014-01-21 15:14:49,clients2.google.com
2014-01-21 15:14:53,cache.pack.google.com
2014-01-21 15:14:54,tools.google.com
2014-01-21 15:14:54,r4---sn-gxo5uxg-jqbe.c.pack.google.com
2014-01-21 15:42:30,safebrowsing.google.com
2014-01-21 15:42:31,safebrowsing-cache.google.com
2014-01-21 15:48:18,173.192.5.118
2014-01-21 15:48:25,173.192.5.118
2014-01-21 15:48:26,173.192.5.118
2014-01-21 15:48:40,grooveshark.com
2014-01-21 15:48:41,grooveshark.com
2014-01-21 15:49:00,grooveshark.com
2014-01-21 15:49:06,grooveshark.com
2014-01-21 15:49:10,search.mywebs.pro
2014-01-21 15:49:11,search.mywebs.pro
2014-01-21 15:51:59,173.192.5.118
2014-01-21 15:52:00,173.192.5.118
2014-01-21 15:52:25,173.192.5.118
2014-01-21 15:52:27,get.adobe.com
2014-01-21 15:52:27,wwwimages.adobe.com
2014-01-21 15:52:27,search.mywebs.pro
2014-01-21 15:52:28,webresultado.com
2014-01-21 15:52:28,wwwimages.adobe.com
2014-01-21 15:52:28,p.typekit.net
2014-01-21 15:52:44,get3.adobe.com
2014-01-21 15:52:45,stats.adobe.com
2014-01-21 15:52:45,wwwimages.adobe.com
2014-01-21 15:52:45,get.adobe.com
2014-01-21 15:52:50,search.mywebs.pro
2014-01-21 15:52:50,get.adobe.com
2014-01-21 15:52:50,wwwimages.adobe.com
2014-01-21 15:52:50,stats.adobe.com
2014-01-21 15:52:50,p.typekit.net
2014-01-21 15:53:50,get3.adobe.com
2014-01-21 15:54:43,search.mywebs.pro
2014-01-21 16:03:49,search.mywebs.pro
2014-01-21 16:03:50,search.mywebs.pro
2014-01-21 16:03:51,search.mywebs.pro
2014-01-21 16:04:32,search.mywebs.pro
2014-01-21 16:04:33,fr.ask.com
2014-01-21 16:04:33,www.google.com
2014-01-21 16:04:33,sp.fr.ask.com
2014-01-21 16:07:33,search.mywebs.pro
2014-01-21 16:07:34,search.mywebs.pro
2014-01-21 16:07:49,www.google.fr
2014-01-21 16:07:49,www.google.com
2014-01-21 16:08:36,r.ccmbg.com
2014-01-21 16:08:36,www.facebook.com
2014-01-21 16:08:36,static.ccm2.net
2014-01-21 16:08:36,www.commentcamarche.net
2014-01-21 16:08:36,ba.commentcamarche.net
2014-01-21 16:08:37,www.commentcamarche.net
2014-01-21 16:08:37,ba.commentcamarche.net
2014-01-21 16:08:37,www.facebook.com
2014-01-21 16:08:37,connect.facebook.net
2014-01-21 16:08:37,platform.twitter.com
2014-01-21 16:08:37,static.ak.facebook.com
2014-01-21 16:08:37,static.ccm2.net
2014-01-21 16:08:37,s-static.ak.facebook.com
2014-01-21 16:08:45,static.ccm2.net
2014-01-21 16:08:46,twitter.com
2014-01-21 16:09:16,twitter.com
2014-01-21 16:10:03,translate.googleapis.com
2014-01-21 16:10:03,www.google.fr
2014-01-21 16:10:03,clients1.google.fr
2014-01-21 16:10:03,clients4.google.com
2014-01-21 16:10:03,www.google.com
2014-01-21 16:10:03,safebrowsing.google.com
2014-01-21 16:10:04,search.mywebs.pro
2014-01-21 16:10:05,search.mywebs.pro
2014-01-21 16:10:06,search.mywebs.pro
2014-01-21 16:20:48,search.mywebs.pro
2014-01-21 16:20:50,search.mywebs.pro
2014-01-21 16:21:45,173.192.5.118
2014-01-21 16:25:17,get3.adobe.com
2014-01-21 16:25:20,p.typekit.net
2014-01-21 16:25:21,get3.adobe.com
2014-01-21 16:26:33,get3.adobe.com
2014-01-21 16:26:36,www.google.fr
2014-01-21 16:26:36,www.google.com
2014-01-21 16:26:36,clients1.google.fr
2014-01-21 16:26:36,p.typekit.net
2014-01-21 16:26:36,clients4.google.com
2014-01-21 16:26:36,translate.googleapis.com
2014-01-21 16:26:45,search.mywebs.pro
2014-01-21 16:26:47,search.mywebs.pro
2014-01-21 16:26:50,173.192.5.118
2014-01-21 16:26:51,173.192.5.118
2014-01-21 16:43:48,www.google.fr
2014-01-21 16:43:48,www.google.com
2014-01-21 16:43:53,www.booska-p.com
2014-01-21 16:43:53,platform.twitter.com
2014-01-21 16:43:53,static.booska-p.com
2014-01-21 16:43:53,connect.facebook.net
2014-01-21 16:43:54,s-static.ak.facebook.com
2014-01-21 16:43:54,static.booska-p.com
2014-01-21 16:43:54,static.ak.facebook.com
2014-01-21 16:43:54,www.booska-p.com
2014-01-21 16:43:54,www.facebook.com
2014-01-21 16:43:54,platform.twitter.com
2014-01-21 16:44:04,twitter.com
2014-01-21 16:44:05,www.booska-p.com
2014-01-21 16:44:06,static.booska-p.com
2014-01-21 16:44:08,static.booska-p.com
2014-01-21 16:44:16,static.booska-p.com
2014-01-21 16:44:18,static.booska-p.com
2014-01-21 16:44:20,s-static.ak.facebook.com
2014-01-21 16:44:20,www.booska-p.com
2014-01-21 16:44:20,static.booska-p.com
2014-01-21 16:44:20,static.ak.facebook.com
2014-01-21 16:44:20,www.facebook.com
2014-01-21 16:44:21,www.facebook.com
2014-01-21 16:44:21,hal9000.redintelligence.net
2014-01-21 16:44:22,www.facebook.com
2014-01-21 16:44:22,hal9000.redintelligence.net
2014-01-21 16:44:23,banniere.reussissonsensemble.fr
2014-01-21 16:44:24,banniere.reussissonsensemble.fr
2014-01-21 16:44:27,s-static.ak.facebook.com
2014-01-21 16:44:27,static.booska-p.com
2014-01-21 16:44:27,www.booska-p.com
2014-01-21 16:44:27,static.ak.facebook.com
2014-01-21 16:44:27,www.facebook.com
2014-01-21 16:44:28,www.facebook.com
2014-01-21 16:44:28,service.centraltag.com
2014-01-21 16:44:34,twitter.com
2014-01-21 16:44:49,twitter.com
2014-01-21 16:44:59,www.booska-p.com
2014-01-21 16:45:00,static.booska-p.com
2014-01-21 16:45:00,s-static.ak.facebook.com
2014-01-21 16:45:00,www.booska-p.com
2014-01-21 16:45:00,www.facebook.com
2014-01-21 16:45:00,static.ak.facebook.com
2014-01-21 16:45:01,twitter.com
2014-01-21 16:45:01,platform.twitter.com
2014-01-21 16:45:01,fpdownload.adobe.com
2014-01-21 16:45:02,www.booska-p.com
2014-01-21 16:45:03,www.booska-p.com
2014-01-21 16:45:03,static.booska-p.com
2014-01-21 16:45:04,static.booska-p.com
2014-01-21 16:45:13,www.booska-p.com
2014-01-21 16:45:31,twitter.com
2014-01-21 16:46:01,pbs.twimg.com
2014-01-21 16:46:01,syndication.twitter.com
2014-01-21 16:46:31,connect.facebook.net
2014-01-21 16:46:31,ajax.googleapis.com
2014-01-21 16:46:31,www.deezer.com
2014-01-21 16:46:31,cdn-files.deezer.com
2014-01-21 16:46:32,static.ak.facebook.com
2014-01-21 16:46:32,www.facebook.com
2014-01-21 16:46:32,s-static.ak.facebook.com
2014-01-21 16:46:34,cdn-files.deezer.com
2014-01-21 16:47:02,syndication.twitter.com
2014-01-21 16:47:48,translate.googleapis.com
2014-01-21 16:47:48,www.google.com
2014-01-21 16:47:48,clients4.google.com
2014-01-21 16:47:53,ajax.googleapis.com
2014-01-21 16:48:01,pbs.twimg.com
2014-01-21 16:48:02,platform.twitter.com
2014-01-21 16:48:02,syndication.twitter.com
2014-01-21 16:49:02,syndication.twitter.com
2014-01-21 16:49:39,www.booska-p.com
2014-01-21 16:49:43,clients2.google.com
2014-01-21 16:49:48,www.google.com
2014-01-21 16:49:51,www.booska-p.com
2014-01-21 16:49:57,www.booska-p.com
2014-01-21 16:50:00,tools.google.com
2014-01-21 16:50:02,syndication.twitter.com
2014-01-21 16:50:26,clients1.google.fr
2014-01-21 16:50:31,www.google.fr
2014-01-21 16:50:31,apis.google.com
2014-01-21 16:50:32,accounts.google.com
2014-01-21 16:50:36,safebrowsing.google.com
2014-01-21 16:50:37,safebrowsing-cache.google.com
2014-01-21 16:50:49,www.booska-p.com
2014-01-21 16:51:02,syndication.twitter.com
2014-01-21 16:51:20,www.booska-p.com
2014-01-21 16:52:02,syndication.twitter.com
2014-01-21 16:52:12,www.booska-p.com
2014-01-21 16:52:13,static.ak.facebook.com
2014-01-21 16:52:13,s-static.ak.facebook.com
2014-01-21 16:52:13,www.facebook.com
2014-01-21 16:52:13,twitter.com
2014-01-21 16:52:14,twitter.com
2014-01-21 16:52:14,www.facebook.com
2014-01-21 16:52:21,www.booska-p.com
2014-01-21 16:52:22,s-static.ak.facebook.com
2014-01-21 16:52:22,platform.twitter.com
2014-01-21 16:52:22,static.ak.facebook.com
2014-01-21 16:52:22,static.booska-p.com
2014-01-21 16:52:22,twitter.com
2014-01-21 16:52:23,www.facebook.com
2014-01-21 16:52:44,twitter.com
2014-01-21 16:52:53,twitter.com
2014-01-21 16:53:23,syndication.twitter.com
2014-01-21 16:53:38,static.ak.facebook.com
2014-01-21 16:53:38,www.booska-p.com
2014-01-21 16:53:38,s-static.ak.facebook.com
2014-01-21 16:53:38,twitter.com
2014-01-21 16:53:39,twitter.com
2014-01-21 16:53:39,platform.twitter.com
2014-01-21 16:53:39,www.facebook.com
2014-01-21 16:53:58,twitter.com
2014-01-21 16:53:58,www.booska-p.com
2014-01-21 16:53:59,s-static.ak.facebook.com
2014-01-21 16:53:59,static.ak.facebook.com
2014-01-21 16:53:59,www.facebook.com
2014-01-21 16:53:59,platform.twitter.com
2014-01-21 16:54:24,twitter.com
2014-01-21 16:54:26,www.booska-p.com
2014-01-21 16:54:26,s-static.ak.facebook.com
2014-01-21 16:54:26,www.facebook.com
2014-01-21 16:54:26,static.ak.facebook.com
2014-01-21 16:54:27,twitter.com
2014-01-21 16:54:27,www.facebook.com
2014-01-21 16:54:28,www.facebook.com
2014-01-21 16:54:42,www.booska-p.com
2014-01-21 16:54:43,www.facebook.com
2014-01-21 16:54:43,platform.twitter.com
2014-01-21 16:54:43,static.ak.facebook.com
2014-01-21 16:54:43,www.booska-p.com
2014-01-21 16:54:43,static.booska-p.com
2014-01-21 16:54:43,s-static.ak.facebook.com
2014-01-21 16:54:44,www.booska-p.com
2014-01-21 16:54:45,static.booska-p.com
2014-01-21 16:54:45,www.booska-p.com
2014-01-21 16:54:54,www.peugeotwebstore.com
2014-01-21 16:54:55,maps.google.com
2014-01-21 16:54:55,www.peugeotwebstore.com
2014-01-21 16:54:56,as00.estara.com
2014-01-21 16:54:56,psa.sophus3.com
2014-01-21 16:54:56,its.tradelab.fr
2014-01-21 16:54:56,www.peugeotwebstore.com
2014-01-21 16:54:56,clients1.google.com
2014-01-21 16:54:57,twitter.com
2014-01-21 16:55:12,twitter.com
2014-01-21 16:55:16,service.centraltag.com
2014-01-21 16:55:22,s-static.ak.facebook.com
2014-01-21 16:55:22,static.ak.facebook.com
2014-01-21 16:55:22,www.booska-p.com
2014-01-21 16:55:23,twitter.com
2014-01-21 16:55:23,www.facebook.com
2014-01-21 16:55:23,its.tradelab.fr
2014-01-21 16:55:23,eulerian.netbooster.com
2014-01-21 16:55:23,platform.twitter.com
2014-01-21 16:55:25,www.booska-p.com
2014-01-21 16:55:26,www.booska-p.com
2014-01-21 16:55:29,its.tradelab.fr
2014-01-21 16:55:30,www.booska-p.com
2014-01-21 16:55:30,www.facebook.com
2014-01-21 16:55:30,static.ak.facebook.com
2014-01-21 16:55:30,twitter.com
2014-01-21 16:55:30,s-static.ak.facebook.com
2014-01-21 16:55:31,www.facebook.com
2014-01-21 16:55:44,syndication.twitter.com
2014-01-21 16:55:48,platform.twitter.com
2014-01-21 16:55:48,static.ak.facebook.com
2014-01-21 16:55:48,static.booska-p.com
2014-01-21 16:55:48,www.booska-p.com
2014-01-21 16:55:48,s-static.ak.facebook.com
2014-01-21 16:55:49,www.facebook.com
2014-01-21 16:55:51,www.booska-p.com
2014-01-21 16:55:53,static.booska-p.com
2014-01-21 16:55:53,www.booska-p.com
2014-01-21 16:55:54,static.booska-p.com
2014-01-21 16:55:55,n.dyntrk.com
2014-01-21 16:56:08,twitter.com
2014-01-21 16:56:20,s-static.ak.facebook.com
2014-01-21 16:56:20,twitter.com
2014-01-21 16:56:20,www.booska-p.com
2014-01-21 16:56:20,static.ak.facebook.com
2014-01-21 16:56:20,platform.twitter.com
2014-01-21 16:56:21,twitter.com
2014-01-21 16:56:21,www.facebook.com
2014-01-21 16:56:22,s-static.ak.facebook.com
2014-01-21 16:56:22,static.ak.facebook.com
2014-01-21 16:56:22,www.booska-p.com
2014-01-21 16:56:22,www.facebook.com
2014-01-21 16:56:22,platform.twitter.com
2014-01-21 16:56:24,www.booska-p.com
2014-01-21 16:56:25,www.facebook.com
2014-01-21 16:56:25,static.ak.facebook.com
2014-01-21 16:56:25,s-static.ak.facebook.com
2014-01-21 16:56:25,www.booska-p.com
2014-01-21 16:56:26,its.tradelab.fr
2014-01-21 16:56:26,www.facebook.com
2014-01-21 16:56:27,www.facebook.com
2014-01-21 16:56:32,its.tradelab.fr
2014-01-21 16:56:34,graph.facebook.com
2014-01-21 16:56:34,www.booska-p.com
2014-01-21 16:56:34,static.booska-p.com
2014-01-21 16:56:35,www.facebook.com
2014-01-21 16:56:35,platform.twitter.com
2014-01-21 16:56:35,s-static.ak.facebook.com
2014-01-21 16:56:35,static.ak.facebook.com
2014-01-21 16:56:37,www.booska-p.com
2014-01-21 16:56:38,www.booska-p.com
2014-01-21 16:56:39,www.booska-p.com
2014-01-21 16:56:41,static.booska-p.com
2014-01-21 16:56:42,www.booska-p.com
2014-01-21 16:56:43,static.booska-p.com
2014-01-21 16:56:49,syndication.twitter.com
2014-01-21 16:57:06,twitter.com
2014-01-21 16:57:16,www.booska-p.com
2014-01-21 16:57:41,www.booska-p.com
2014-01-21 16:57:41,static.ak.facebook.com
2014-01-21 16:57:41,www.facebook.com
2014-01-21 16:57:41,s-static.ak.facebook.com
2014-01-21 16:57:42,twitter.com
2014-01-21 16:57:42,www.facebook.com
2014-01-21 16:57:43,twitter.com
2014-01-21 16:57:46,www.booska-p.com
2014-01-21 16:57:47,static.ak.facebook.com
2014-01-21 16:57:47,static.booska-p.com
2014-01-21 16:57:47,www.facebook.com
2014-01-21 16:57:47,twitter.com
2014-01-21 16:57:47,s-static.ak.facebook.com
2014-01-21 16:57:48,ce.lijit.com
2014-01-21 16:57:48,www.facebook.com
2014-01-21 16:58:06,syndication.twitter.com
2014-01-21 16:58:13,twitter.com
2014-01-21 16:58:18,twitter.com
2014-01-21 16:58:54,www.booska-p.com
2014-01-21 16:58:55,www.facebook.com
2014-01-21 16:58:55,platform.twitter.com
2014-01-21 16:58:55,static.ak.facebook.com
2014-01-21 16:58:55,twitter.com
2014-01-21 16:58:55,s-static.ak.facebook.com
2014-01-21 16:58:56,www.facebook.com
2014-01-21 16:59:26,twitter.com
2014-01-21 16:59:46,www.booska-p.com
2014-01-21 16:59:46,s-static.ak.facebook.com
2014-01-21 16:59:46,static.ak.facebook.com
2014-01-21 16:59:47,www.facebook.com
2014-01-21 16:59:48,twitter.com
2014-01-21 16:59:48,www.facebook.com
2014-01-21 16:59:56,syndication.twitter.com
2014-01-21 16:59:59,www.booska-p.com
2014-01-21 17:00:00,static.booska-p.com
2014-01-21 17:00:00,s-static.ak.facebook.com
2014-01-21 17:00:00,www.booska-p.com
2014-01-21 17:00:01,static.ak.facebook.com
2014-01-21 17:00:01,www.facebook.com
2014-01-21 17:00:02,www.facebook.com
2014-01-21 17:00:02,www.booska-p.com
2014-01-21 17:00:02,static.ak.facebook.com
2014-01-21 17:00:03,www.booska-p.com
2014-01-21 17:00:03,www.facebook.com
2014-01-21 17:00:03,s-static.ak.facebook.com
2014-01-21 17:00:04,www.booska-p.com
2014-01-21 17:00:04,platform.twitter.com
2014-01-21 17:00:06,static.booska-p.com
2014-01-21 17:00:06,platform.twitter.com
2014-01-21 17:00:07,static.booska-p.com
2014-01-21 17:00:07,www.booska-p.com
2014-01-21 17:00:08,www.booska-p.com
2014-01-21 17:00:09,www.booska-p.com
2014-01-21 17:00:09,s.ytimg.com
2014-01-21 17:00:09,www.youtube.com
2014-01-21 17:00:10,i1.ytimg.com
2014-01-21 17:00:10,s.ytimg.com
2014-01-21 17:00:10,static.ak.facebook.com
2014-01-21 17:00:10,s-static.ak.facebook.com
2014-01-21 17:00:10,www.facebook.com
2014-01-21 17:00:11,www.facebook.com
2014-01-21 17:00:11,www.booska-p.com
2014-01-21 17:00:13,platform.twitter.com
2014-01-21 17:00:13,www.booska-p.com
2014-01-21 17:00:15,www.booska-p.com
2014-01-21 17:00:15,static.booska-p.com
2014-01-21 17:00:16,static.booska-p.com
2014-01-21 17:00:18,twitter.com
2014-01-21 17:00:23,www.booska-p.com
2014-01-21 17:00:24,www.facebook.com
2014-01-21 17:00:24,platform.twitter.com
2014-01-21 17:00:24,static.ak.facebook.com
2014-01-21 17:00:24,www.booska-p.com
2014-01-21 17:00:24,s-static.ak.facebook.com
2014-01-21 17:00:33,twitter.com
2014-01-21 17:00:41,www.booska-p.com
2014-01-21 17:00:49,www.booska-p.com
2014-01-21 17:01:14,syndication.twitter.com
2014-01-21 17:01:45,syndication.twitter.com
2014-01-21 17:02:55,syndication.twitter.com
2014-01-21 17:03:56,syndication.twitter.com
2014-01-21 17:04:24,apis.google.com
2014-01-21 17:04:50,syndication.twitter.com
2014-01-21 17:05:50,syndication.twitter.com
2014-01-21 17:06:34,search.mywebs.pro
2014-01-21 17:06:35,search.mywebs.pro
2014-01-21 17:06:36,search.mywebs.pro
2014-01-21 17:06:38,173.192.5.118
2014-01-21 17:06:39,173.192.5.118
2014-01-21 17:06:43,webresultado.com
2014-01-21 17:06:50,syndication.twitter.com
2014-01-21 17:21:57,safebrowsing-cache.google.com
2014-01-21 17:21:57,safebrowsing.google.com
2014-01-21 17:22:34,cdn-files.deezer.com
2014-01-21 17:22:34,cdn-images.deezer.com
2014-01-21 17:22:34,www.deezer.com
2014-01-21 17:22:35,cdn-images.deezer.com
2014-01-21 17:22:35,www.deezer.com
2014-01-21 17:22:36,cdn-images.deezer.com
2014-01-21 17:22:36,www.deezer.com
2014-01-21 17:22:37,www.deezer.com
2014-01-21 17:22:37,cdn-images.deezer.com
2014-01-21 17:22:38,www.deezer.com
2014-01-21 17:22:40,cdn-files.deezer.com
2014-01-21 17:22:40,www.deezer.com
2014-01-21 17:22:40,cdn-images.deezer.com
2014-01-21 17:22:41,cdn-images.deezer.com
2014-01-21 17:22:41,www.deezer.com
2014-01-21 17:22:41,cdn-files.deezer.com
2014-01-21 17:22:42,cdn-images.deezer.com
2014-01-21 17:22:43,cdn-files.deezer.com
2014-01-21 17:22:43,cdn-preview-5.deezer.com
2014-01-21 17:23:13,www.deezer.com
2014-01-21 17:23:13,cdn-files.deezer.com
2014-01-21 17:23:23,www.deezer.com
2014-01-22 13:41:58,office14client.microsoft.com
2014-01-22 13:41:59,office.microsoft.com
2014-01-22 13:44:36,go.microsoft.com
2014-01-22 13:44:36,www.iegallery.com
2014-01-22 13:44:37,www.iegallery.com
2014-01-22 13:44:38,www.iegallery.com
2014-01-22 13:44:39,www.iegallery.com
2014-01-22 13:44:40,www.bing.com
2014-01-22 13:44:40,www.iegallery.com
2014-01-22 13:45:51,ieonline.microsoft.com
2014-01-22 13:46:52,api.bing.com
2014-01-22 13:46:53,api.bing.com
2014-01-22 13:46:54,api.bing.com
2014-01-22 13:46:56,www.bing.com
2014-01-22 13:46:57,www.bing.com
2014-01-22 13:46:58,www.bing.com
2014-01-22 13:46:59,www.bing.com
2014-01-22 13:46:59,fr-fr.facebook.com
2014-01-22 13:46:59,cms.abmr.net
2014-01-22 13:47:20,api.bing.com
2014-01-22 13:47:21,api.bing.com
2014-01-22 13:47:23,api.bing.com
2014-01-22 13:47:33,www.bing.com
2014-01-22 13:47:34,api.bing.com
2014-01-22 13:47:34,www.bing.com
2014-01-22 13:47:36,www.bing.com
2014-01-22 13:47:36,www.cartejeunes-nouveaumonde.fr
2014-01-22 13:47:37,www.cartejeunes-nouveaumonde.fr
2014-01-22 13:47:38,www.cartejeunes-nouveaumonde.fr
2014-01-22 13:47:48,login.live.com
2014-01-22 13:49:39,www.cartejeunes-nouveaumonde.fr
2014-01-22 13:49:55,www.almerys.com
2014-01-22 13:49:56,www.almerys.com
2014-01-22 13:49:58,www.cartejeunes-nouveaumonde.fr
2014-01-22 13:50:00,www.cartejeunes-nouveaumonde.fr
2014-01-22 13:50:14,www.almerys.com
2014-01-22 13:50:15,www.cartejeunes-nouveaumonde.fr
2014-01-22 13:50:20,www.cartejeunes-nouveaumonde.fr
2014-01-22 13:50:34,www.cartejeunes-nouveaumonde.fr
2014-01-22 13:50:42,www.almerys.com
2014-01-22 13:50:54,www.almerys.com
2014-01-22 13:51:15,www.cartejeunes-nouveaumonde.fr
2014-01-22 13:51:38,www.almerys.com
2014-01-22 13:51:48,www.cartejeunes-nouveaumonde.fr
2014-01-22 13:52:02,www.cartejeunes-nouveaumonde.fr
2014-01-22 13:52:18,www.cartejeunes-nouveaumonde.fr
2014-01-22 13:52:38,www.cartejeunes-nouveaumonde.fr
2014-01-22 13:52:39,www.cartejeunes-nouveaumonde.fr
2014-01-22 14:02:20,www.bing.com
2014-01-22 14:02:21,www.bing.com
2014-01-22 14:02:22,www.bing.com
2014-01-22 14:02:22,www.booska-p.com
2014-01-22 14:02:22,html5shiv.googlecode.com
2014-01-22 14:02:37,static.booska-p.com
2014-01-22 14:02:37,ajax.googleapis.com
2014-01-22 14:02:38,platform.twitter.com
2014-01-22 14:02:38,connect.facebook.net
2014-01-22 14:02:38,www.booska-p.com
2014-01-22 14:02:39,static.booska-p.com
2014-01-22 14:02:40,www.booska-p.com
2014-01-22 14:02:40,apis.google.com
2014-01-22 14:02:40,static.booska-p.com
2014-01-22 14:02:41,static.ak.facebook.com
2014-01-22 14:02:41,static.booska-p.com
2014-01-22 14:02:41,apis.google.com
2014-01-22 14:02:41,s-static.ak.facebook.com
2014-01-22 14:02:42,platform.twitter.com
2014-01-22 14:02:42,www.facebook.com
2014-01-22 14:02:42,apis.google.com
2014-01-22 14:02:43,platform.twitter.com
2014-01-22 14:02:55,www.facebook.com
2014-01-22 14:02:55,www.google.com
2014-01-22 14:02:55,twitter.com
2014-01-22 14:02:58,twitter.com
2014-01-22 14:02:59,twitter.com
2014-01-22 14:03:00,twitter.com
2014-01-22 14:03:01,static.booska-p.com
2014-01-22 14:03:01,twitter.com
2014-01-22 14:03:02,twitter.com
2014-01-22 14:03:03,static.booska-p.com
2014-01-22 14:03:03,twitter.com
2014-01-22 14:03:03,www.booska-p.com
2014-01-22 14:03:04,twitter.com
2014-01-22 14:03:07,static.booska-p.com
2014-01-22 14:03:07,twitter.com
2014-01-22 14:03:10,static.booska-p.com
2014-01-22 14:03:17,static.booska-p.com
2014-01-22 14:03:20,static.booska-p.com
2014-01-22 14:03:30,static.booska-p.com
2014-01-22 14:03:34,twitter.com
2014-01-22 14:04:44,www.booska-p.com
2014-01-22 14:04:45,html5shiv.googlecode.com
2014-01-22 14:04:45,www.booska-p.com
2014-01-22 14:04:46,www.booska-p.com
2014-01-22 14:04:52,www.booska-p.com
2014-01-22 14:04:53,www.booska-p.com
2014-01-22 14:04:53,static.booska-p.com
2014-01-22 14:04:54,static.booska-p.com
2014-01-22 14:04:55,static.ak.facebook.com
2014-01-22 14:04:55,s-static.ak.facebook.com
2014-01-22 14:04:55,www.facebook.com
2014-01-22 14:04:56,hal9000.redintelligence.net
2014-01-22 14:04:56,fpdownload.adobe.com
2014-01-22 14:04:56,twitter.com
2014-01-22 14:04:57,n12.hal9000.redintelligence.net
2014-01-22 14:04:57,adventori.com
2014-01-22 14:04:57,fpdownload.adobe.com
2014-01-22 14:04:57,banniere.reussissonsensemble.fr
2014-01-22 14:04:57,twitter.com
2014-01-22 14:04:57,hal9000.redintelligence.net
2014-01-22 14:04:59,ajax.googleapis.com
2014-01-22 14:05:00,static.ak.facebook.com
2014-01-22 14:05:00,ajax.googleapis.com
2014-01-22 14:05:00,s-static.ak.facebook.com
2014-01-22 14:05:01,static.booska-p.com
2014-01-22 14:05:01,ajax.googleapis.com
2014-01-22 14:05:02,banniere.reussissonsensemble.fr
2014-01-22 14:05:02,apis.google.com
2014-01-22 14:05:03,s-static.ak.facebook.com
2014-01-22 14:05:03,static.ak.facebook.com
2014-01-22 14:05:03,apis.google.com
2014-01-22 14:05:04,static.booska-p.com
2014-01-22 14:05:04,www.facebook.com
2014-01-22 14:05:05,www.booska-p.com
2014-01-22 14:05:05,banniere.reussissonsensemble.fr
2014-01-22 14:05:05,www.facebook.com
2014-01-22 14:05:05,platform.twitter.com
2014-01-22 14:05:08,static.booska-p.com
2014-01-22 14:05:08,static.ak.facebook.com
2014-01-22 14:05:08,banner.nonstoppartner.net
2014-01-22 14:05:08,a.nonstoppartner.net
2014-01-22 14:05:08,banniere.reussissonsensemble.fr
2014-01-22 14:05:08,s-static.ak.facebook.com
2014-01-22 14:05:09,banniere.reussissonsensemble.fr
2014-01-22 14:05:09,www.booska-p.com
2014-01-22 14:05:10,static.booska-p.com
2014-01-22 14:05:10,a.nonstoppartner.net
2014-01-22 14:05:10,www.facebook.com
2014-01-22 14:05:11,banniere.reussissonsensemble.fr
2014-01-22 14:05:11,apis.google.com
2014-01-22 14:05:11,www.booska-p.com
2014-01-22 14:05:12,www.booska-p.com
2014-01-22 14:05:12,twitter.com
2014-01-22 14:05:15,twitter.com
2014-01-22 14:05:15,apis.google.com
2014-01-22 14:05:16,apis.google.com
2014-01-22 14:05:16,twitter.com
2014-01-22 14:05:17,twitter.com
2014-01-22 14:05:18,twitter.com
2014-01-22 14:05:18,accounts.google.com
2014-01-22 14:05:19,www.booska-p.com
2014-01-22 14:05:19,platform.twitter.com
2014-01-22 14:05:19,twitter.com
2014-01-22 14:05:19,accounts.google.com
2014-01-22 14:05:20,static.booska-p.com
2014-01-22 14:05:20,apis.google.com
2014-01-22 14:05:20,twitter.com
2014-01-22 14:05:20,www.booska-p.com
2014-01-22 14:05:21,s-static.ak.facebook.com
2014-01-22 14:05:21,static.ak.facebook.com
2014-01-22 14:05:21,static.booska-p.com
2014-01-22 14:05:21,www.booska-p.com
2014-01-22 14:05:22,platform.twitter.com
2014-01-22 14:05:24,platform.twitter.com
2014-01-22 14:05:28,static.booska-p.com
2014-01-22 14:05:28,pbs.twimg.com
2014-01-22 14:05:29,static.booska-p.com
2014-01-22 14:05:29,www.booska-p.com
2014-01-22 14:05:29,pbs.twimg.com
2014-01-22 14:05:29,banniere.reussissonsensemble.fr
2014-01-22 14:05:30,pbs.twimg.com
2014-01-22 14:05:30,banniere.reussissonsensemble.fr
2014-01-22 14:05:30,static.booska-p.com
2014-01-22 14:05:31,apis.google.com
2014-01-22 14:05:37,www.facebook.com
2014-01-22 14:05:38,www.booska-p.com
2014-01-22 14:05:38,www.facebook.com
2014-01-22 14:05:39,accounts.google.com
2014-01-22 14:05:39,pbs.twimg.com
2014-01-22 14:05:40,pbs.twimg.com
2014-01-22 14:05:40,accounts.google.com
2014-01-22 14:05:40,twitter.com
2014-01-22 14:05:41,www.facebook.com
2014-01-22 14:05:41,pbs.twimg.com
2014-01-22 14:05:41,twitter.com
2014-01-22 14:05:42,twitter.com
2014-01-22 14:05:44,twitter.com
2014-01-22 14:05:44,www.facebook.com
2014-01-22 14:05:44,pbs.twimg.com
2014-01-22 14:05:45,www.facebook.com
2014-01-22 14:05:45,pbs.twimg.com
2014-01-22 14:05:47,twitter.com
2014-01-22 14:05:47,pbs.twimg.com
2014-01-22 14:05:47,static.booska-p.com
2014-01-22 14:05:48,twitter.com
2014-01-22 14:05:48,pbs.twimg.com
2014-01-22 14:05:49,pbs.twimg.com
2014-01-22 14:05:49,twitter.com
2014-01-22 14:05:49,www.facebook.com
2014-01-22 14:05:51,syndication.twitter.com
2014-01-22 14:05:57,ajax.googleapis.com
2014-01-22 14:05:58,syndication.twitter.com
2014-01-22 14:05:59,www.booska-p.com
2014-01-22 14:06:19,twitter.com
2014-01-22 14:06:19,www.facebook.com
2014-01-22 14:06:19,static.ak.facebook.com
2014-01-22 14:06:20,apis.google.com
2014-01-22 14:06:20,syndication.twitter.com
2014-01-22 14:06:20,s-static.ak.facebook.com
2014-01-22 14:06:20,static.booska-p.com
2014-01-22 14:06:20,www.facebook.com
2014-01-22 14:06:20,static.ak.facebook.com
2014-01-22 14:06:23,static.booska-p.com
2014-01-22 14:06:23,www.facebook.com
2014-01-22 14:06:24,fpdownload.adobe.com
2014-01-22 14:06:24,www.facebook.com
2014-01-22 14:06:24,platform.twitter.com
2014-01-22 14:06:26,ajax.googleapis.com
2014-01-22 14:06:26,twitter.com
2014-01-22 14:06:27,fpdownload.adobe.com
2014-01-22 14:06:27,static.booska-p.com
2014-01-22 14:06:27,apis.google.com
2014-01-22 14:06:27,twitter.com
2014-01-22 14:06:28,www.facebook.com
2014-01-22 14:06:28,twitter.com
2014-01-22 14:06:29,twitter.com
2014-01-22 14:06:29,www.facebook.com
2014-01-22 14:06:30,www.booska-p.com
2014-01-22 14:06:31,www.facebook.com
2014-01-22 14:06:32,twitter.com
2014-01-22 14:06:32,www.facebook.com
2014-01-22 14:06:33,www.booska-p.com
2014-01-22 14:06:33,twitter.com
2014-01-22 14:06:33,www.facebook.com
2014-01-22 14:06:34,www.facebook.com
2014-01-22 14:06:35,www.facebook.com
2014-01-22 14:06:36,www.booska-p.com
2014-01-22 14:06:37,www.facebook.com
2014-01-22 14:06:40,static.booska-p.com
2014-01-22 14:06:41,accounts.google.com
2014-01-22 14:06:41,static.booska-p.com
2014-01-22 14:06:42,accounts.google.com
2014-01-22 14:06:42,www.booska-p.com
2014-01-22 14:06:46,twitter.com
2014-01-22 14:06:46,static.booska-p.com
2014-01-22 14:06:47,twitter.com
2014-01-22 14:06:51,twitter.com
2014-01-22 14:06:52,pbs.twimg.com
2014-01-22 14:06:53,twitter.com
2014-01-22 14:06:55,www.booska-p.com
2014-01-22 14:06:56,twitter.com
2014-01-22 14:07:16,static.ak.facebook.com
2014-01-22 14:07:16,s-static.ak.facebook.com
2014-01-22 14:07:17,static.booska-p.com
2014-01-22 14:07:20,www.facebook.com
2014-01-22 14:07:21,twitter.com
2014-01-22 14:07:22,twitter.com
2014-01-22 14:07:23,twitter.com
2014-01-22 14:07:24,twitter.com
2014-01-22 14:07:24,www.facebook.com
2014-01-22 14:07:25,www.facebook.com
2014-01-22 14:07:25,twitter.com
2014-01-22 14:07:26,www.facebook.com
2014-01-22 14:07:27,www.facebook.com
2014-01-22 14:07:28,www.facebook.com
2014-01-22 14:07:29,www.facebook.com
2014-01-22 14:07:30,www.facebook.com
2014-01-22 14:07:31,platform.twitter.com
2014-01-22 14:07:31,syndication.twitter.com
2014-01-22 14:07:33,www.facebook.com
2014-01-22 14:07:34,www.facebook.com
2014-01-22 14:07:35,www.facebook.com
2014-01-22 14:07:36,www.facebook.com
2014-01-22 14:07:43,platform.twitter.com
2014-01-22 14:07:47,syndication.twitter.com
2014-01-22 14:08:02,syndication.twitter.com
2014-01-22 14:09:11,syndication.twitter.com
2014-01-22 14:09:53,pbs.twimg.com
2014-01-22 14:10:17,syndication.twitter.com
2014-01-22 14:11:39,syndication.twitter.com
2014-01-22 14:12:41,syndication.twitter.com
2014-01-22 14:13:47,syndication.twitter.com
2014-01-22 14:15:10,syndication.twitter.com
2014-01-22 14:16:12,syndication.twitter.com
2014-01-22 14:17:17,syndication.twitter.com
2014-01-22 14:18:40,syndication.twitter.com
2014-01-22 14:19:42,syndication.twitter.com
2014-01-22 14:20:47,syndication.twitter.com
2014-01-22 14:22:10,syndication.twitter.com
2014-01-22 14:23:12,syndication.twitter.com
2014-01-22 14:24:17,syndication.twitter.com
2014-01-22 14:24:59,syndication.twitter.com
2014-01-22 14:25:25,syndication.twitter.com
2014-01-22 14:26:02,syndication.twitter.com
2014-01-22 14:27:26,syndication.twitter.com
2014-01-22 14:28:29,syndication.twitter.com
2014-01-22 14:29:32,syndication.twitter.com
2014-01-22 14:30:51,syndication.twitter.com
2014-01-22 14:32:21,syndication.twitter.com
2014-01-22 14:33:51,syndication.twitter.com
2014-01-22 14:35:21,syndication.twitter.com
2014-01-22 14:36:51,syndication.twitter.com
2014-01-22 14:38:21,syndication.twitter.com
2014-01-22 14:39:52,syndication.twitter.com
2014-01-22 14:41:21,syndication.twitter.com
2014-01-22 14:42:51,syndication.twitter.com
2014-01-22 14:44:36,syndication.twitter.com
2014-01-22 14:46:21,syndication.twitter.com
2014-01-22 14:47:52,syndication.twitter.com
2014-01-22 15:00:42,www.booska-p.com
2014-01-22 15:00:43,html5shiv.googlecode.com
2014-01-22 15:01:27,platform.twitter.com
2014-01-22 15:01:28,connect.facebook.net
2014-01-22 15:01:32,www.booska-p.com
2014-01-22 15:01:32,static.booska-p.com
2014-01-22 15:01:37,apis.google.com
2014-01-22 15:01:39,static.ak.facebook.com
2014-01-22 15:01:39,www.booska-p.com
2014-01-22 15:01:39,s-static.ak.facebook.com
2014-01-22 15:01:39,www.facebook.com
2014-01-22 15:01:39,twitter.com
2014-01-22 15:01:40,www.booska-p.com
2014-01-22 15:01:41,twitter.com
2014-01-22 15:01:42,www.booska-p.com
2014-01-22 15:01:45,www.facebook.com
2014-01-22 15:01:46,static.booska-p.com
2014-01-22 15:01:46,apis.google.com
2014-01-22 15:01:50,static.booska-p.com
2014-01-22 15:01:50,www.booska-p.com
2014-01-22 15:01:53,n.dyntrk.com
2014-01-22 15:01:53,twitter.com
2014-01-22 15:01:54,n.dyntrk.com
2014-01-22 15:01:59,platform.twitter.com
2014-01-22 15:02:25,www.booska-p.com
2014-01-22 15:03:03,syndication.twitter.com
2014-01-22 15:04:49,syndication.twitter.com
2014-01-22 15:06:19,syndication.twitter.com
2014-01-22 15:06:58,www.booska-p.com
2014-01-22 15:07:01,www.booska-p.com
2014-01-22 15:07:26,www.booska-p.com
2014-01-22 15:07:49,syndication.twitter.com
2014-01-22 15:09:19,syndication.twitter.com
2014-01-22 15:10:36,www.bing.com
2014-01-22 15:10:38,www.bing.com
2014-01-22 15:10:49,syndication.twitter.com
2014-01-22 15:10:49,www.bing.com
2014-01-22 15:10:53,login.live.com
2014-01-22 15:11:08,www.bing.com
2014-01-22 15:11:08,ssl.bing.com
2014-01-22 15:12:08,ssl.bing.com
2014-01-22 15:12:19,syndication.twitter.com
2014-01-22 15:13:49,syndication.twitter.com
2014-01-22 15:15:19,syndication.twitter.com
2014-01-22 15:16:49,syndication.twitter.com
2014-01-22 15:18:19,syndication.twitter.com
2014-01-22 15:19:42,www.booska-p.com
2014-01-22 15:19:49,syndication.twitter.com
2014-01-22 15:19:59,www.booska-p.com
2014-01-22 15:20:16,www.booska-p.com
2014-01-22 15:20:30,www.booska-p.com
2014-01-22 15:20:43,www.booska-p.com
2014-01-22 15:20:57,www.booska-p.com
2014-01-22 15:21:09,www.booska-p.com
2014-01-22 15:21:19,syndication.twitter.com
2014-01-22 15:21:57,www.booska-p.com
2014-01-22 15:22:49,syndication.twitter.com
2014-01-22 15:24:34,syndication.twitter.com
2014-01-22 15:26:19,syndication.twitter.com
2014-01-22 15:27:50,syndication.twitter.com
2014-01-22 15:29:20,syndication.twitter.com
2014-01-22 15:30:50,syndication.twitter.com
2014-01-22 15:32:20,syndication.twitter.com
2014-01-22 15:33:50,syndication.twitter.com
2014-01-22 15:35:20,syndication.twitter.com
2014-01-22 15:36:50,syndication.twitter.com
2014-01-22 15:38:20,syndication.twitter.com
2014-01-22 15:40:05,syndication.twitter.com
2014-01-22 15:41:48,www.booska-p.com
2014-01-22 15:41:50,syndication.twitter.com
2014-01-22 15:43:27,www.bing.com
2014-01-22 15:43:35,syndication.twitter.com
2014-01-22 15:58:09,www.bing.com
2014-01-22 15:58:10,www.bing.com
2014-01-22 15:58:19,www.bing.com
2014-01-22 15:58:19,ts2.mm.bing.net
2014-01-22 15:58:20,ts2.mm.bing.net
2014-01-22 15:58:21,www.bing.com
2014-01-22 15:58:25,www.bing.com
2014-01-22 15:58:25,login.live.com
2014-01-22 15:58:26,www.bing.com
2014-01-22 15:58:29,login.live.com
2014-01-22 15:58:29,www.bing.com
2014-01-22 15:58:36,www.bing.com
2014-01-22 15:58:42,ts1.mm.bing.net
2014-01-22 15:58:42,ts3.mm.bing.net
2014-01-22 15:58:43,ts2.mm.bing.net
2014-01-22 15:58:48,www.bing.com
2014-01-22 15:58:49,ts1.mm.bing.net
2014-01-22 15:59:17,ssl.bing.com
2014-01-22 15:59:39,www.bing.com
2014-01-22 15:59:41,www.koreus.com
2014-01-22 15:59:41,www.google.com
2014-01-22 15:59:41,connect.facebook.net
2014-01-22 15:59:41,thumbs.koreus.com
2014-01-22 15:59:41,static.koreus.com
2014-01-22 15:59:41,media.koreus.com
2014-01-22 15:59:41,www.bing.com
2014-01-22 15:59:42,thumbs.koreus.com
2014-01-22 15:59:42,o1fi67p86o.s.ad6media.fr
2014-01-22 15:59:43,platform.twitter.com
2014-01-22 15:59:43,static.ak.facebook.com
2014-01-22 15:59:43,s-static.ak.facebook.com
2014-01-22 15:59:43,www.facebook.com
2014-01-22 15:59:44,www.koreus.com
2014-01-22 15:59:45,www.facebook.com
2014-01-22 15:59:46,www.facebook.com
2014-01-22 15:59:58,twitter.com
2014-01-22 16:00:00,apis.google.com
2014-01-22 16:00:00,twitter.com
2014-01-22 16:00:01,apis.google.com
2014-01-22 16:00:03,accounts.google.com
2014-01-22 16:00:23,accounts.google.com
2014-01-22 16:01:13,platform.twitter.com
2014-01-22 16:01:13,apis.google.com
2014-01-22 16:01:13,www.koreus.com
2014-01-22 16:01:15,s-static.ak.facebook.com
2014-01-22 16:01:15,static.ak.facebook.com
2014-01-22 16:01:15,apis.google.com
2014-01-22 16:01:16,www.facebook.com
2014-01-22 16:01:16,www.koreus.com
2014-01-22 16:01:33,twitter.com
2014-01-22 16:01:33,www.koreus.com
2014-01-22 16:01:33,platform.twitter.com
2014-01-22 16:01:34,s-static.ak.facebook.com
2014-01-22 16:01:34,www.facebook.com
2014-01-22 16:01:34,apis.google.com
2014-01-22 16:01:34,static.ak.facebook.com
2014-01-22 16:01:35,www.facebook.com
2014-01-22 16:01:40,twitter.com
2014-01-22 16:02:13,www.bing.com
2014-01-22 16:02:13,api.bing.com
2014-01-22 16:02:19,www.bing.com
2014-01-22 16:02:19,www.gamaniak.com
2014-01-22 16:02:20,www.squid-cache.org
2014-01-22 16:02:20,www.gamaniak.com
2014-01-22 16:02:22,www.bing.com
2014-01-22 16:02:25,api.bing.com
2014-01-22 16:02:27,api.bing.com
2014-01-22 16:02:27,login.live.com
2014-01-22 16:02:29,login.live.com
2014-01-22 16:02:32,www.bing.com
2014-01-22 16:02:43,ssl.bing.com
2014-01-22 16:02:44,www.bing.com
2014-01-22 16:02:52,www.bing.com
2014-01-22 16:02:53,www.bing.com
2014-01-22 16:02:54,api.adyoulike.com
2014-01-22 16:02:54,jquery-ui.googlecode.com
2014-01-22 16:02:54,code.jquery.com
2014-01-22 16:02:54,ssl.bing.com
2014-01-22 16:02:54,www.spi0n.com
2014-01-22 16:02:55,ajax.cloudflare.com
2014-01-22 16:02:55,api.adyoulike.com
2014-01-22 16:02:55,www.spi0n.com
2014-01-22 16:02:55,www.facebook.com
2014-01-22 16:02:55,maps.google.com
2014-01-22 16:02:56,i.creativecommons.org
2014-01-22 16:02:56,adcontrol.cherchons.com
2014-01-22 16:02:56,www.spi0n.com
2014-01-22 16:02:56,93y7z60j4z.b.ad6media.fr
2014-01-22 16:02:57,spi0nx.disqus.com
2014-01-22 16:02:57,disqus.com
2014-01-22 16:02:57,93y7z60j4z.b.ad6media.fr
2014-01-22 16:02:57,go.disqus.com
2014-01-22 16:02:57,js.sddan.com
2014-01-22 16:02:57,adcontrol.cherchons.com
2014-01-22 16:02:58,adcontrol.cherchons.com
2014-01-22 16:02:58,img5.cherchons.com
2014-01-22 16:02:58,www.spi0n.com
2014-01-22 16:02:58,platform.twitter.com
2014-01-22 16:02:59,93y7z60j4z.b.ad6media.fr
2014-01-22 16:03:00,maps.googleapis.com
2014-01-22 16:03:08,www.spi0n.com
2014-01-22 16:03:08,maps.google.com
2014-01-22 16:03:08,www.dailymotion.com
2014-01-22 16:03:08,spi0nx.disqus.com
2014-01-22 16:03:08,go.disqus.com
2014-01-22 16:03:08,api.adyoulike.com
2014-01-22 16:03:09,www.spi0n.com
2014-01-22 16:03:09,93y7z60j4z.b.ad6media.fr
2014-01-22 16:03:09,www.facebook.com
2014-01-22 16:03:09,ajax.googleapis.com
2014-01-22 16:03:09,www.dailymotion.com
2014-01-22 16:03:09,platform.twitter.com
2014-01-22 16:03:09,disqus.com
2014-01-22 16:03:10,spi0nx.disqus.com
2014-01-22 16:03:10,adcontrol.cherchons.com
2014-01-22 16:03:10,disqus.com
2014-01-22 16:03:10,js.sddan.com
2014-01-22 16:03:10,93y7z60j4z.b.ad6media.fr
2014-01-22 16:03:11,js.sddan.com
2014-01-22 16:03:11,spi0nx.disqus.com
2014-01-22 16:03:11,platform.twitter.com
2014-01-22 16:03:13,platform.twitter.com
2014-01-22 16:03:13,disqus.com
2014-01-22 16:03:17,disqus.com
2014-01-22 16:03:17,93y7z60j4z.b.ad6media.fr
2014-01-22 16:03:18,maps.googleapis.com
2014-01-22 16:03:19,platform.twitter.com
2014-01-22 16:03:19,www.dailymotion.com
2014-01-22 16:03:20,od2.visiblemeasures.com
2014-01-22 16:03:20,www.dailymotion.com
2014-01-22 16:03:20,audience.visiblemeasures.com
2014-01-22 16:03:21,od2.visiblemeasures.com
2014-01-22 16:03:23,www.spi0n.com
2014-01-22 16:03:23,twitter.com
2014-01-22 16:03:29,www.dailymotion.com
2014-01-22 16:03:31,twitter.com
2014-01-22 16:03:31,www.dailymotion.com
2014-01-22 16:03:32,logger-02.vty.dailymotion.com
2014-01-22 16:03:32,www.dailymotion.com
2014-01-22 16:03:32,audience.visiblemeasures.com
2014-01-22 16:03:32,od2.visiblemeasures.com
2014-01-22 16:03:34,od2.visiblemeasures.com
2014-01-22 16:03:35,www.dailymotion.com
2014-01-22 16:03:44,disqus.com
2014-01-22 16:03:45,od2.visiblemeasures.com
2014-01-22 16:03:54,www.dailymotion.com
2014-01-22 16:03:56,disqus.com
2014-01-22 16:04:02,od2.visiblemeasures.com
2014-01-22 16:04:08,od2.visiblemeasures.com
2014-01-22 16:04:14,od2.visiblemeasures.com
2014-01-22 16:04:26,od2.visiblemeasures.com
2014-01-22 16:04:45,www.dailymotion.com
2014-01-22 16:04:51,od2.visiblemeasures.com
2014-01-22 16:05:04,od2.visiblemeasures.com
2014-01-22 16:05:10,od2.visiblemeasures.com
2014-01-22 16:05:16,od2.visiblemeasures.com
2014-01-22 16:05:24,maps.google.com
2014-01-22 16:05:24,www.spi0n.com
2014-01-22 16:05:26,93y7z60j4z.b.ad6media.fr
2014-01-22 16:05:26,www.spi0n.com
2014-01-22 16:05:27,www.spi0n.com
2014-01-22 16:05:27,js.sddan.com
2014-01-22 16:05:27,spi0nx.disqus.com
2014-01-22 16:05:27,93y7z60j4z.b.ad6media.fr
2014-01-22 16:05:27,adcontrol.cherchons.com
2014-01-22 16:05:27,disqus.com
2014-01-22 16:05:29,platform.twitter.com
2014-01-22 16:05:32,maps.google.com
2014-01-22 16:05:32,www.spi0n.com
2014-01-22 16:05:33,www.facebook.com
2014-01-22 16:05:33,spi0nx.disqus.com
2014-01-22 16:05:33,www.spi0n.com
2014-01-22 16:05:33,api.adyoulike.com
2014-01-22 16:05:34,platform.twitter.com
2014-01-22 16:05:34,go.disqus.com
2014-01-22 16:05:34,93y7z60j4z.b.ad6media.fr
2014-01-22 16:05:34,www.facebook.com
2014-01-22 16:05:34,disqus.com
2014-01-22 16:05:34,spi0nx.disqus.com
2014-01-22 16:05:34,www.spi0n.com
2014-01-22 16:05:35,93y7z60j4z.b.ad6media.fr
2014-01-22 16:05:35,js.sddan.com
2014-01-22 16:05:36,disqus.com
2014-01-22 16:05:36,ad.publicidees.com
2014-01-22 16:05:36,adcontrol.cherchons.com
2014-01-22 16:05:37,platform.twitter.com
2014-01-22 16:05:37,disqus.com
2014-01-22 16:05:37,twitter.com
2014-01-22 16:05:39,93y7z60j4z.b.ad6media.fr
2014-01-22 16:05:39,maps.googleapis.com
2014-01-22 16:05:43,www.spi0n.com
2014-01-22 16:13:04,maps.google.com
2014-01-22 16:13:04,www.spi0n.com
2014-01-22 16:13:05,www.spi0n.com
2014-01-22 16:13:06,www.facebook.com
2014-01-22 16:13:06,93y7z60j4z.b.ad6media.fr
2014-01-22 16:13:06,disqus.com
2014-01-22 16:13:06,spi0nx.disqus.com
2014-01-22 16:13:06,www.spi0n.com
2014-01-22 16:13:07,js.sddan.com
2014-01-22 16:13:07,93y7z60j4z.b.ad6media.fr
2014-01-22 16:13:07,platform.twitter.com
2014-01-22 16:13:08,93y7z60j4z.b.ad6media.fr
2014-01-22 16:13:09,93y7z60j4z.b.ad6media.fr
2014-01-22 16:16:25,maps.google.com
2014-01-22 16:16:25,jquery-ui.googlecode.com
2014-01-22 16:16:25,api.adyoulike.com
2014-01-22 16:16:25,www.spi0n.com
2014-01-22 16:16:26,www.facebook.com
2014-01-22 16:16:26,93y7z60j4z.b.ad6media.fr
2014-01-22 16:16:26,platform.twitter.com
2014-01-22 16:16:26,www.dailymotion.com
2014-01-22 16:16:26,www.spi0n.com
2014-01-22 16:16:26,api.adyoulike.com
2014-01-22 16:16:26,spi0nx.disqus.com
2014-01-22 16:16:26,go.disqus.com
2014-01-22 16:16:27,93y7z60j4z.b.ad6media.fr
2014-01-22 16:16:27,js.sddan.com
2014-01-22 16:16:27,disqus.com
2014-01-22 16:16:27,spi0nx.disqus.com
2014-01-22 16:16:28,93y7z60j4z.b.ad6media.fr
2014-01-22 16:16:28,disqus.com
2014-01-22 16:16:28,spi0nx.disqus.com
2014-01-22 16:16:30,disqus.com
2014-01-22 16:16:30,93y7z60j4z.b.ad6media.fr
2014-01-22 16:16:30,platform.twitter.com
2014-01-22 16:16:30,twitter.com
2014-01-22 16:16:34,disqus.com
2014-01-22 16:16:35,maps.googleapis.com
2014-01-22 16:16:41,www.spi0n.com
2014-01-22 16:16:48,od2.visiblemeasures.com
2014-01-22 16:16:48,audience.visiblemeasures.com
2014-01-22 16:16:48,www.dailymotion.com
2014-01-22 16:16:49,www.dailymotion.com
2014-01-22 16:16:50,www.dailymotion.com
2014-01-22 16:16:51,www.dailymotion.com
2014-01-22 16:16:52,www.dailymotion.com
2014-01-22 16:16:53,www.dailymotion.com
2014-01-22 16:16:54,www.dailymotion.com
2014-01-22 16:16:55,www.dailymotion.com
2014-01-22 16:16:55,vast.bp3849534.btrll.com
2014-01-22 16:16:56,www.dailymotion.com
2014-01-22 16:16:57,www.dailymotion.com
2014-01-22 16:16:58,www.dailymotion.com
2014-01-22 16:16:59,audience.visiblemeasures.com
2014-01-22 16:16:59,www.dailymotion.com
2014-01-22 16:16:59,od2.visiblemeasures.com
2014-01-22 16:16:59,logger-02.vty.dailymotion.com
2014-01-22 16:17:00,www.dailymotion.com
2014-01-22 16:18:03,od2.visiblemeasures.com
2014-01-22 16:18:28,od2.visiblemeasures.com
2014-01-22 16:18:41,od2.visiblemeasures.com
2014-01-22 16:18:54,od2.visiblemeasures.com
2014-01-22 16:19:28,od2.visiblemeasures.com
2014-01-22 16:19:30,www.dailymotion.com
2014-01-22 16:19:53,od2.visiblemeasures.com
2014-01-22 16:20:37,od2.visiblemeasures.com
2014-01-22 16:21:16,od2.visiblemeasures.com
2014-01-22 16:21:36,od2.visiblemeasures.com
2014-01-22 16:21:48,od2.visiblemeasures.com
2014-01-22 16:21:56,www.dailymotion.com
2014-01-22 16:22:14,od2.visiblemeasures.com
2014-01-22 16:22:25,maps.google.com
2014-01-22 16:22:25,www.spi0n.com
2014-01-22 16:22:26,www.spi0n.com
2014-01-22 16:22:26,www.facebook.com
2014-01-22 16:22:26,93y7z60j4z.b.ad6media.fr
2014-01-22 16:22:27,spi0nx.disqus.com
2014-01-22 16:22:27,js.sddan.com
2014-01-22 16:22:27,disqus.com
2014-01-22 16:22:27,93y7z60j4z.b.ad6media.fr
2014-01-22 16:22:28,93y7z60j4z.b.ad6media.fr
2014-01-22 16:22:29,platform.twitter.com
2014-01-22 16:22:30,93y7z60j4z.b.ad6media.fr
2014-01-22 16:30:06,js.sddan.com
2014-01-22 16:30:06,ohvglh3i1t.b.ad6media.fr
2014-01-22 16:30:07,ohvglh3i1t.b.ad6media.fr
2014-01-22 16:30:08,ohvglh3i1t.b.ad6media.fr
2014-01-22 16:30:11,www.spi0n.com
2014-01-22 16:30:11,api.adyoulike.com
2014-01-22 16:30:11,jquery-ui.googlecode.com
2014-01-22 16:30:11,maps.google.com
2014-01-22 16:30:12,93y7z60j4z.b.ad6media.fr
2014-01-22 16:30:12,www.facebook.com
2014-01-22 16:30:12,www.spi0n.com
2014-01-22 16:30:12,api.adyoulike.com
2014-01-22 16:30:13,js.sddan.com
2014-01-22 16:30:13,93y7z60j4z.b.ad6media.fr
2014-01-22 16:30:13,spi0nx.disqus.com
2014-01-22 16:30:13,disqus.com
2014-01-22 16:30:14,platform.twitter.com
2014-01-22 16:30:14,93y7z60j4z.b.ad6media.fr
2014-01-22 16:30:15,93y7z60j4z.b.ad6media.fr
2014-01-22 16:30:17,maps.googleapis.com
2014-01-22 16:30:37,maps.google.com
2014-01-22 16:30:37,www.spi0n.com
2014-01-22 16:30:38,api.adyoulike.com
2014-01-22 16:30:38,www.facebook.com
2014-01-22 16:30:38,www.dailymotion.com
2014-01-22 16:30:38,spi0nx.disqus.com
2014-01-22 16:30:38,93y7z60j4z.b.ad6media.fr
2014-01-22 16:30:38,go.disqus.com
2014-01-22 16:30:38,platform.twitter.com
2014-01-22 16:30:38,www.spi0n.com
2014-01-22 16:30:39,disqus.com
2014-01-22 16:30:39,spi0nx.disqus.com
2014-01-22 16:30:39,platform.twitter.com
2014-01-22 16:30:40,platform.twitter.com
2014-01-22 16:30:40,js.sddan.com
2014-01-22 16:30:40,93y7z60j4z.b.ad6media.fr
2014-01-22 16:30:41,93y7z60j4z.b.ad6media.fr
2014-01-22 16:30:41,disqus.com
2014-01-22 16:30:42,93y7z60j4z.b.ad6media.fr
2014-01-22 16:30:43,maps.googleapis.com
2014-01-22 16:30:45,www.spi0n.com
2014-01-22 16:30:58,twitter.com
2014-01-22 16:32:41,disqus.com
2014-01-22 16:33:00,disqus.com
2014-01-22 16:33:13,disqus.com
2014-01-22 16:33:42,maps.google.com
2014-01-22 16:33:42,www.spi0n.com
2014-01-22 16:33:44,www.spi0n.com
2014-01-22 16:33:45,www.spi0n.com
2014-01-22 16:33:45,spi0nx.disqus.com
2014-01-22 16:33:45,disqus.com
2014-01-22 16:33:45,93y7z60j4z.b.ad6media.fr
2014-01-22 16:33:45,www.facebook.com
2014-01-22 16:33:46,platform.twitter.com
2014-01-22 16:36:23,js.sddan.com
2014-01-22 16:36:23,93y7z60j4z.b.ad6media.fr
2014-01-22 16:36:24,api.adyoulike.com
2014-01-22 16:36:24,jquery-ui.googlecode.com
2014-01-22 16:36:24,spi0nx.disqus.com
2014-01-22 16:36:24,maps.google.com
2014-01-22 16:36:24,www.spi0n.com
2014-01-22 16:36:25,api.adyoulike.com
2014-01-22 16:36:25,platform.twitter.com
2014-01-22 16:36:25,www.spi0n.com
2014-01-22 16:36:25,go.disqus.com
2014-01-22 16:36:25,www.facebook.com
2014-01-22 16:36:25,93y7z60j4z.b.ad6media.fr
2014-01-22 16:36:25,disqus.com
2014-01-22 16:36:25,js.sddan.com
2014-01-22 16:36:26,spi0nx.disqus.com
2014-01-22 16:36:26,disqus.com
2014-01-22 16:36:27,twitter.com
2014-01-22 16:36:28,platform.twitter.com
2014-01-22 16:36:28,93y7z60j4z.b.ad6media.fr
2014-01-22 16:36:28,disqus.com
2014-01-22 16:36:30,disqus.com
2014-01-22 16:36:31,maps.googleapis.com
2014-01-22 16:36:35,www.spi0n.com
2014-01-22 16:39:33,platform.twitter.com
2014-01-22 16:45:07,disqus.com
2014-01-22 16:47:57,www.spi0n.com
2014-01-22 16:47:57,maps.google.com
2014-01-22 16:47:58,www.spi0n.com
2014-01-22 16:47:59,www.spi0n.com
2014-01-22 16:47:59,93y7z60j4z.b.ad6media.fr
2014-01-22 16:47:59,www.facebook.com
2014-01-22 16:48:00,93y7z60j4z.b.ad6media.fr
2014-01-22 16:48:00,js.sddan.com
2014-01-22 16:48:00,disqus.com
2014-01-22 16:48:00,spi0nx.disqus.com
2014-01-22 16:48:01,platform.twitter.com
2014-01-22 16:48:02,93y7z60j4z.b.ad6media.fr
2014-01-22 16:48:28,api.adyoulike.com
2014-01-22 16:48:28,jquery-ui.googlecode.com
2014-01-22 16:48:28,maps.google.com
2014-01-22 16:48:28,www.spi0n.com
2014-01-22 16:48:29,platform.twitter.com
2014-01-22 16:48:29,93y7z60j4z.b.ad6media.fr
2014-01-22 16:48:29,go.disqus.com
2014-01-22 16:48:29,spi0nx.disqus.com
2014-01-22 16:48:29,www.spi0n.com
2014-01-22 16:48:29,www.dailymotion.com
2014-01-22 16:48:29,www.facebook.com
2014-01-22 16:48:30,93y7z60j4z.b.ad6media.fr
2014-01-22 16:48:30,spi0nx.disqus.com
2014-01-22 16:48:30,disqus.com
2014-01-22 16:48:30,js.sddan.com
2014-01-22 16:48:31,platform.twitter.com
2014-01-22 16:48:32,twitter.com
2014-01-22 16:48:32,disqus.com
2014-01-22 16:48:32,93y7z60j4z.b.ad6media.fr
2014-01-22 16:48:33,disqus.com
2014-01-22 16:48:37,maps.googleapis.com
2014-01-22 16:48:42,www.spi0n.com
2014-01-22 16:49:04,www.dailymotion.com
2014-01-22 16:49:05,audience.visiblemeasures.com
2014-01-22 16:49:05,od2.visiblemeasures.com
2014-01-22 16:49:05,www.dailymotion.com
2014-01-22 16:49:07,www.dailymotion.com
2014-01-22 16:49:08,www.dailymotion.com
2014-01-22 16:49:09,www.dailymotion.com
2014-01-22 16:49:10,www.dailymotion.com
2014-01-22 16:49:11,www.dailymotion.com
2014-01-22 16:49:13,usersync.yashi.com
2014-01-22 16:49:17,www.dailymotion.com
2014-01-22 16:49:18,od2.visiblemeasures.com
2014-01-22 16:49:18,audience.visiblemeasures.com
2014-01-22 16:49:18,www.dailymotion.com
2014-01-22 16:49:18,logger-02.vty.dailymotion.com
2014-01-22 16:49:19,od2.visiblemeasures.com
2014-01-22 16:49:19,www.dailymotion.com
2014-01-22 16:49:32,od2.visiblemeasures.com
2014-01-22 16:49:45,od2.visiblemeasures.com
2014-01-22 16:49:52,od2.visiblemeasures.com
2014-01-22 16:49:59,od2.visiblemeasures.com
2014-01-22 16:50:12,od2.visiblemeasures.com
2014-01-22 16:50:14,www.dailymotion.com
2014-01-22 16:50:25,od2.visiblemeasures.com
2014-01-22 16:50:38,od2.visiblemeasures.com
2014-01-22 16:54:33,od2.visiblemeasures.com
2014-01-22 16:54:40,od2.visiblemeasures.com
2014-01-22 16:54:44,www.spi0n.com
2014-01-22 16:54:44,maps.google.com
2014-01-22 16:54:45,www.spi0n.com
2014-01-22 16:54:45,www.facebook.com
2014-01-22 16:54:45,93y7z60j4z.b.ad6media.fr
2014-01-22 16:54:46,www.spi0n.com
2014-01-22 16:54:46,93y7z60j4z.b.ad6media.fr
2014-01-22 16:54:46,spi0nx.disqus.com
2014-01-22 16:54:46,disqus.com
2014-01-22 16:54:47,spi0nx.disqus.com
2014-01-22 16:54:47,93y7z60j4z.b.ad6media.fr
2014-01-22 16:54:47,js.sddan.com
2014-01-22 16:54:48,platform.twitter.com
2014-01-22 16:54:49,93y7z60j4z.b.ad6media.fr
2014-01-22 16:56:05,www.spi0n.com
2014-01-22 16:56:05,maps.google.com
2014-01-22 16:56:05,jquery-ui.googlecode.com
2014-01-22 16:56:05,api.adyoulike.com
2014-01-22 16:56:06,93y7z60j4z.b.ad6media.fr
2014-01-22 16:56:06,api.adyoulike.com
2014-01-22 16:56:06,www.facebook.com
2014-01-22 16:56:06,go.disqus.com
2014-01-22 16:56:06,www.spi0n.com
2014-01-22 16:56:06,spi0nx.disqus.com
2014-01-22 16:56:06,www.dailymotion.com
2014-01-22 16:56:07,spi0nx.disqus.com
2014-01-22 16:56:07,disqus.com
2014-01-22 16:56:08,js.sddan.com
2014-01-22 16:56:08,platform.twitter.com
2014-01-22 16:56:08,93y7z60j4z.b.ad6media.fr
2014-01-22 16:56:09,93y7z60j4z.b.ad6media.fr
2014-01-22 16:56:09,disqus.com
2014-01-22 16:56:13,twitter.com
2014-01-22 16:56:14,93y7z60j4z.b.ad6media.fr
2014-01-22 16:56:14,disqus.com
2014-01-22 16:56:15,maps.googleapis.com
2014-01-22 16:56:16,www.dailymotion.com
2014-01-22 16:56:17,audience.visiblemeasures.com
2014-01-22 16:56:17,www.dailymotion.com
2014-01-22 16:56:18,www.dailymotion.com
2014-01-22 16:56:18,od2.visiblemeasures.com
2014-01-22 16:56:21,www.spi0n.com
2014-01-22 16:56:27,www.dailymotion.com
2014-01-22 16:56:28,od2.visiblemeasures.com
2014-01-22 16:56:28,audience.visiblemeasures.com
2014-01-22 16:56:28,logger-02.vty.dailymotion.com
2014-01-22 16:56:28,www.dailymotion.com
2014-01-22 16:56:29,www.dailymotion.com
2014-01-22 16:56:29,od2.visiblemeasures.com
2014-01-22 16:56:34,od2.visiblemeasures.com
2014-01-22 16:56:40,od2.visiblemeasures.com
2014-01-22 16:56:43,od2.visiblemeasures.com
2014-01-22 16:56:46,od2.visiblemeasures.com
2014-01-22 16:56:52,od2.visiblemeasures.com
2014-01-22 16:56:54,www.dailymotion.com
2014-01-22 16:56:58,od2.visiblemeasures.com
2014-01-22 16:57:04,od2.visiblemeasures.com
2014-01-22 16:57:06,www.spi0n.com
2014-01-22 16:57:06,maps.google.com
2014-01-22 16:57:08,www.facebook.com
2014-01-22 16:57:08,93y7z60j4z.b.ad6media.fr
2014-01-22 16:57:08,www.spi0n.com
2014-01-22 16:57:09,disqus.com
2014-01-22 16:57:09,spi0nx.disqus.com
2014-01-22 16:57:10,93y7z60j4z.b.ad6media.fr
2014-01-22 16:57:10,platform.twitter.com
2014-01-22 16:57:12,93y7z60j4z.b.ad6media.fr
2014-01-22 16:57:16,js.sddan.com
2014-01-22 16:57:16,ohvglh3i1t.b.ad6media.fr
2014-01-22 16:57:17,ohvglh3i1t.b.ad6media.fr
2014-01-22 16:57:18,jquery-ui.googlecode.com
2014-01-22 16:57:18,maps.google.com
2014-01-22 16:57:18,www.spi0n.com
2014-01-22 16:57:19,api.adyoulike.com
2014-01-22 16:57:19,www.spi0n.com
2014-01-22 16:57:19,93y7z60j4z.b.ad6media.fr
2014-01-22 16:57:19,www.facebook.com
2014-01-22 16:57:20,spi0nx.disqus.com
2014-01-22 16:57:20,disqus.com
2014-01-22 16:57:21,platform.twitter.com
2014-01-22 16:57:21,93y7z60j4z.b.ad6media.fr
2014-01-22 16:57:23,93y7z60j4z.b.ad6media.fr
2014-01-22 16:57:24,maps.googleapis.com
2014-01-22 16:58:07,ohvglh3i1t.b.ad6media.fr
2014-01-22 16:58:07,js.sddan.com
2014-01-22 16:58:09,ohvglh3i1t.b.ad6media.fr
2014-01-22 16:58:15,maps.google.com
2014-01-22 16:58:15,www.spi0n.com
2014-01-22 16:58:16,spi0nx.disqus.com
2014-01-22 16:58:16,www.facebook.com
2014-01-22 16:58:16,www.dailymotion.com
2014-01-22 16:58:16,www.spi0n.com
2014-01-22 16:58:17,www.facebook.com
2014-01-22 16:58:17,93y7z60j4z.b.ad6media.fr
2014-01-22 16:58:17,api.adyoulike.com
2014-01-22 16:58:17,www.spi0n.com
2014-01-22 16:58:17,disqus.com
2014-01-22 16:58:17,spi0nx.disqus.com
2014-01-22 16:58:17,go.disqus.com
2014-01-22 16:58:18,spi0nx.disqus.com
2014-01-22 16:58:19,93y7z60j4z.b.ad6media.fr
2014-01-22 16:58:19,platform.twitter.com
2014-01-22 16:58:21,disqus.com
2014-01-22 16:58:24,maps.googleapis.com
2014-01-22 16:58:24,93y7z60j4z.b.ad6media.fr
2014-01-22 16:58:30,www.spi0n.com
2014-01-22 16:58:47,www.spi0n.com
2014-01-22 16:58:48,twitter.com
2014-01-22 16:58:48,maps.google.com
2014-01-22 16:58:49,93y7z60j4z.b.ad6media.fr
2014-01-22 16:58:49,www.facebook.com
2014-01-22 16:58:49,www.spi0n.com
2014-01-22 16:58:50,spi0nx.disqus.com
2014-01-22 16:58:50,disqus.com
2014-01-22 16:58:51,platform.twitter.com
2014-01-22 16:58:54,ohvglh3i1t.b.ad6media.fr
2014-01-22 16:58:54,www.spi0n.com
2014-01-22 16:58:54,maps.google.com
2014-01-22 16:58:54,js.sddan.com
2014-01-22 16:58:55,www.spi0n.com
2014-01-22 16:58:55,api.adyoulike.com
2014-01-22 16:58:56,spi0nx.disqus.com
2014-01-22 16:58:56,disqus.com
2014-01-22 16:58:56,www.facebook.com
2014-01-22 16:58:56,93y7z60j4z.b.ad6media.fr
2014-01-22 16:58:56,www.spi0n.com
2014-01-22 16:58:57,spi0nx.disqus.com
2014-01-22 16:58:57,platform.twitter.com
2014-01-22 16:58:57,93y7z60j4z.b.ad6media.fr
2014-01-22 16:58:58,93y7z60j4z.b.ad6media.fr
2014-01-22 16:58:59,93y7z60j4z.b.ad6media.fr
2014-01-22 16:59:00,maps.googleapis.com
2014-01-22 16:59:25,js.sddan.com
2014-01-22 16:59:25,ohvglh3i1t.b.ad6media.fr
2014-01-22 16:59:27,ohvglh3i1t.b.ad6media.fr
2014-01-22 16:59:29,api.adyoulike.com
2014-01-22 16:59:29,maps.google.com
2014-01-22 16:59:29,www.spi0n.com
2014-01-22 16:59:30,93y7z60j4z.b.ad6media.fr
2014-01-22 16:59:30,www.dailymotion.com
2014-01-22 16:59:30,www.spi0n.com
2014-01-22 16:59:30,disqus.com
2014-01-22 16:59:30,www.facebook.com
2014-01-22 16:59:30,go.disqus.com
2014-01-22 16:59:30,spi0nx.disqus.com
2014-01-22 16:59:31,spi0nx.disqus.com
2014-01-22 16:59:31,disqus.com
2014-01-22 16:59:32,platform.twitter.com
2014-01-22 16:59:32,93y7z60j4z.b.ad6media.fr
2014-01-22 16:59:33,js.sddan.com
2014-01-22 16:59:33,disqus.com
2014-01-22 16:59:33,twitter.com
2014-01-22 16:59:33,93y7z60j4z.b.ad6media.fr
2014-01-22 16:59:38,93y7z60j4z.b.ad6media.fr
2014-01-22 16:59:39,maps.googleapis.com
2014-01-22 16:59:44,www.spi0n.com
2014-01-29 13:41:08,office14client.microsoft.com
2014-01-29 13:41:09,office.microsoft.com
2014-01-29 14:39:38,office.microsoft.com
2014-01-29 15:11:28,office.microsoft.com
2014-01-29 15:11:28,office14client.microsoft.com
