timestamp,site
2013-04-12 12:15:22,go.microsoft.com
2013-04-12 12:15:22,shell.windows.com
2013-04-12 12:15:24,shell.windows.com
2013-04-12 15:58:54,www.google.fr
2013-04-12 15:58:58,www.google.fr
2013-05-12 16:11:22,www.google.fr
2013-05-12 16:11:32,www.google.fr
2013-05-12 16:11:34,www.google.fr
2013-05-12 16:11:35,apis.google.com
2013-05-12 16:11:37,www.google.com
2013-05-12 16:11:40,apis.google.com
2013-05-12 16:11:40,www.google.com
2013-05-12 16:11:40,www.google.fr
2013-05-12 16:11:41,www.google.fr
2013-06-12 14:12:29,www.google.fr
2013-06-12 14:12:41,www.google.fr
2013-06-12 14:12:42,apis.google.com
2013-06-12 14:12:44,www.google.com
2013-06-12 14:12:55,www.google.com
2013-06-12 14:12:55,apis.google.com
2013-06-12 14:12:55,www.google.fr
2013-06-12 14:12:56,www.google.fr
2013-06-12 15:45:09,fpdownload2.macromedia.com
2013-06-12 15:45:15,www.google.fr
2013-06-12 15:45:27,www.google.fr
2013-06-12 15:45:28,apis.google.com
2013-06-12 15:45:30,www.google.com
2013-06-12 15:45:39,www.google.fr
2013-06-12 15:45:39,apis.google.com
2013-06-12 15:45:40,www.google.com
2013-06-12 15:45:40,www.google.fr
2013-06-12 15:48:21,www.google.fr
2013-06-12 15:48:32,www.google.fr
2013-06-12 15:48:33,apis.google.com
2013-06-12 15:48:35,www.google.com
2013-06-12 15:48:52,www.google.fr
2013-06-12 15:48:53,apis.google.com
2013-06-12 15:48:53,www.google.com
2013-06-12 15:48:53,www.google.fr
2013-11-15 14:08:56,www.bing.com
2013-11-15 14:08:57,www.bing.com
2013-11-15 14:08:58,mail.live.com
2013-11-15 14:08:58,www.bing.com
2013-11-15 14:08:59,3.perf.msedge.net
2013-11-15 14:08:59,2.perf.msedge.net
2013-11-15 14:08:59,1.perf.msedge.net
2013-11-15 14:09:01,www.bing.com
2013-11-15 14:09:08,login.live.com
2013-11-15 14:09:09,login.live.com
2013-11-15 14:09:24,mail.live.com
2013-11-15 14:09:29,people.directory.live.com
2013-11-15 14:09:29,bay169.mail.live.com
2013-11-15 14:09:31,secure.shared.live.com
2013-11-15 14:09:35,secure.shared.live.com
2013-11-15 14:09:35,bay169.mail.live.com
2013-11-15 14:09:36,secure.shared.live.com
2013-11-15 14:09:37,people.directory.live.com
2013-11-15 14:09:37,windowslive.tt.omtrdc.net
2013-11-15 14:09:37,cid-277b0535ffd5ea77.users.storage.live.com
2013-11-15 14:09:37,js.live.net
2013-11-15 14:09:37,storage.live.com
2013-11-15 14:09:38,secure.shared.live.com
2013-11-15 14:09:38,bay169.mail.live.com
2013-11-15 14:09:39,bay169.mail.live.com
2013-11-15 14:09:40,windowslive.tt.omtrdc.net
2013-11-15 14:09:41,h.live.com
2013-11-15 14:09:42,h.live.com
2013-11-15 14:09:45,h.live.com
2013-11-15 14:10:40,byfiles.storage.msn.com
2013-11-15 14:10:42,bay169.mail.live.com
2013-11-15 14:10:44,bay169.afx.ms
2013-11-15 14:10:45,bay169.mail.live.com
2013-11-15 14:10:46,h.live.com
2013-11-15 14:11:07,bay169.afx.ms
2013-11-15 14:11:11,bay169.mail.live.com
2013-11-15 14:11:11,bay169.afx.ms
2013-11-15 14:17:00,dl.javafx.com
2013-11-15 16:11:09,www.bing.com
2013-11-15 16:11:10,www.bing.com
2013-11-15 16:11:11,mail.live.com
2013-11-15 16:11:12,3.perf.msedge.net
2013-11-15 16:11:12,1.perf.msedge.net
2013-11-15 16:11:12,2.perf.msedge.net
2013-11-15 16:11:14,www.bing.com
2013-11-15 16:11:21,login.live.com
2013-11-15 16:11:37,mail.live.com
2013-11-15 16:11:38,bay169.mail.live.com
2013-11-15 16:11:38,cid-277b0535ffd5ea77.users.storage.live.com
2013-11-15 16:11:40,people.directory.live.com
2013-11-15 16:11:43,bay169.mail.live.com
2013-11-15 16:11:44,bay169.mail.live.com
2013-11-15 16:11:45,bay169.mail.live.com
2013-11-15 16:11:46,bay169.mail.live.com
2013-11-15 16:11:46,h.live.com
2013-11-15 16:11:47,bay169.mail.live.com
2013-11-15 16:11:48,people.directory.live.com
2013-11-15 16:11:48,bay169.mail.live.com
2013-11-15 16:11:49,bay169.mail.live.com
2013-11-15 16:11:49,js.live.net
2013-11-15 16:11:49,h.live.com
2013-11-15 16:11:49,secure.shared.live.com
2013-11-15 16:11:50,h.live.com
2013-11-15 16:11:51,h.live.com
2013-11-15 16:11:53,byfiles.storage.msn.com
2013-11-15 16:11:53,secure.shared.live.com
2013-11-15 16:12:29,storage.live.com
2013-11-15 16:12:35,h.live.com
2013-11-15 16:12:36,h.live.com
2013-11-15 16:12:36,cid-277b0535ffd5ea77.users.storage.live.com
2013-11-15 16:12:36,bay169.mail.live.com
2013-11-15 16:12:36,proxy-bay-people.directory.live.com
2013-11-18 21:25:06,www.google.fr
2013-11-18 21:25:07,apis.google.com
2013-11-18 21:25:08,www.google.com
2013-11-18 21:25:28,accounts.google.com
2013-11-18 21:25:29,accounts.youtube.com
2013-11-18 21:25:29,apis.google.com
2013-11-18 21:25:29,www.google.fr
2013-11-18 21:26:36,accounts.google.com
2013-11-18 21:26:37,accounts.google.fr
2013-11-18 21:26:37,www.google.com
2013-11-18 21:26:37,www.google.fr
2013-11-18 21:26:37,accounts.youtube.com
2013-11-18 21:26:38,clients1.google.fr
2013-11-18 21:26:41,mail.google.com
2013-11-18 21:26:42,accounts.youtube.com
2013-11-18 21:26:42,accounts.google.fr
2013-11-18 21:26:42,www.google.fr
2013-11-18 21:26:43,www.google.fr
2013-11-18 21:26:43,www.google.com
2013-11-18 21:26:43,accounts.google.com
2013-11-18 21:26:43,apis.google.com
2013-11-18 21:26:43,clients2.google.com
2013-11-18 21:26:43,mail.google.com
2013-11-18 21:26:43,plus.google.com
2013-11-18 21:26:43,clients1.google.fr
2013-11-18 21:26:44,ieonline.microsoft.com
2013-11-18 21:26:44,go.microsoft.com
2013-11-18 21:26:44,mail.google.com
2013-11-18 21:26:45,plus.google.com
2013-11-18 21:26:45,clients2.google.com
2013-11-18 21:26:45,chatenabled.mail.google.com
2013-11-18 21:26:45,mail.google.com
2013-11-18 21:26:53,accounts.google.com
2013-11-18 21:26:55,plus.google.com
2013-11-18 21:26:55,chatenabled.mail.google.com
2013-11-18 21:26:57,plus.google.com
2013-11-18 21:26:59,apis.google.com
2013-11-18 21:27:01,apis.google.com
2013-11-18 21:28:15,apis.google.com
2013-11-18 21:28:16,mail.google.com
2013-11-18 21:29:16,mail.google.com
2013-11-18 21:29:18,mail.google.com
2013-11-18 21:29:26,plus.google.com
2013-11-18 21:29:26,chatenabled.mail.google.com
2013-11-18 21:29:26,mail.google.com
2013-11-19 12:31:17,www.google.fr
2013-11-19 12:31:29,www.google.fr
2013-11-19 12:31:29,apis.google.com
2013-11-19 12:31:32,www.google.com
2013-11-19 12:31:41,www.google.fr
2013-11-19 12:31:41,apis.google.com
2013-11-19 12:31:41,www.google.com
2013-11-20 07:39:15,www.google.fr
2013-11-20 07:39:18,www.google.com
2013-11-20 07:39:18,apis.google.com
2013-11-20 07:39:21,ieonline.microsoft.com
2013-11-20 07:39:23,accounts.google.com
2013-11-20 07:39:24,accounts.youtube.com
2013-11-20 07:39:24,apis.google.com
2013-11-20 07:39:24,www.google.fr
2013-11-20 07:40:35,accounts.google.com
2013-11-20 07:40:36,accounts.youtube.com
2013-11-20 07:40:36,www.google.fr
2013-11-20 07:40:36,accounts.google.fr
2013-11-20 07:40:37,www.google.com
2013-11-20 07:40:38,clients1.google.fr
2013-11-20 07:40:43,mail.google.com
2013-11-20 07:40:44,accounts.google.fr
2013-11-20 07:40:44,accounts.youtube.com
2013-11-20 07:40:46,www.google.fr
2013-11-20 07:40:47,clients1.google.fr
2013-11-20 07:40:47,www.google.fr
2013-11-20 07:40:47,www.google.com
2013-11-20 07:40:47,accounts.google.com
2013-11-20 07:40:48,clients2.google.com
2013-11-20 07:40:48,apis.google.com
2013-11-20 07:40:48,mail.google.com
2013-11-20 07:40:48,plus.google.com
2013-11-20 07:40:48,www.google.com
2013-11-20 07:40:49,clients2.google.com
2013-11-20 07:40:51,accounts.google.com
2013-11-20 07:40:51,apis.google.com
2013-11-20 07:40:51,mail.google.com
2013-11-20 07:40:51,plus.google.com
2013-11-20 07:40:52,chatenabled.mail.google.com
2013-11-20 07:40:52,mail.google.com
2013-11-20 07:41:02,mail.google.com
2013-11-20 07:41:55,plus.google.com
2013-11-20 07:43:22,mail.google.com
2013-11-20 07:43:23,chatenabled.mail.google.com
2013-11-20 07:43:23,plus.google.com
2013-11-20 07:43:23,mail.google.com
2013-11-20 13:03:53,javadl-esd-secure.oracle.com
2013-11-20 13:27:37,javadl-esd-secure.oracle.com
2013-11-20 15:30:23,www.google.fr
2013-11-20 15:30:34,www.google.fr
2013-11-20 15:30:35,apis.google.com
2013-11-20 15:30:38,www.google.com
2013-11-20 15:30:46,www.google.fr
2013-11-20 15:30:46,apis.google.com
2013-11-20 15:30:46,www.google.com
2013-11-21 15:18:22,fpdownload2.macromedia.com
2013-11-21 15:18:26,www.google.fr
2013-11-21 15:18:38,www.google.fr
2013-11-21 15:18:40,apis.google.com
2013-11-21 15:18:43,www.google.com
2013-11-21 15:18:46,www.google.com
2013-11-21 15:18:46,apis.google.com
2013-11-21 15:18:46,www.google.fr
2013-11-21 15:21:07,dl.patchbeam.com
2013-11-21 15:21:07,www.powerarchiver.com
2013-11-25 15:10:59,www.google.fr
2013-11-25 15:11:26,www.google.fr
2013-11-25 15:13:00,www.google.fr
2013-11-25 15:13:12,javadl-esd.sun.com
2013-11-25 15:13:31,apis.google.com
2013-11-25 15:13:31,www.google.com
2013-11-25 15:14:08,www.google.fr
2013-11-25 15:14:09,www.google.fr
2013-11-25 15:14:11,www.google.com
2013-11-25 15:14:12,www.google.com
2013-11-25 15:14:21,www.google.fr
2013-11-25 15:14:22,www.google.fr
2013-11-25 15:14:22,www.hotmail.com
2013-11-25 15:14:23,login.live.com
2013-11-25 15:14:24,www.google.com
2013-11-25 15:14:24,www.google.fr
2013-11-25 15:14:25,login.live.com
2013-11-25 15:14:27,www.google.fr
2013-11-25 15:14:27,windowslive.tt.omtrdc.net
2013-11-25 15:14:38,windowslive.tt.omtrdc.net
2013-11-25 15:14:40,login.live.com
2013-11-25 15:14:51,windowslive.tt.omtrdc.net
2013-11-25 15:14:52,login.live.com
2013-11-25 15:15:01,www.google.fr
2013-11-25 15:15:02,www.google.fr
2013-11-25 15:15:02,windowslive.tt.omtrdc.net
2013-11-25 15:15:07,login.live.com
2013-11-25 15:15:08,login.live.com
2013-11-25 15:15:12,mail.live.com
2013-11-25 15:15:12,bay169.mail.live.com
2013-11-25 15:15:12,cid-277b0535ffd5ea77.users.storage.live.com
2013-11-25 15:15:13,windowslive.tt.omtrdc.net
2013-11-25 15:15:13,h.live.com
2013-11-25 15:15:13,people.directory.live.com
2013-11-25 15:15:14,h.live.com
2013-11-25 15:15:14,bay169.mail.live.com
2013-11-25 15:15:15,h.live.com
2013-11-25 15:15:15,bay169.mail.live.com
2013-11-25 15:15:16,bay169.mail.live.com
2013-11-25 15:15:17,bay169.mail.live.com
2013-11-25 15:15:18,h.live.com
2013-11-25 15:15:18,bay169.afx.ms
2013-11-25 15:15:19,secure.shared.live.com
2013-11-25 15:15:23,byfiles.storage.msn.com
2013-11-25 15:15:23,js.live.net
2013-11-25 15:15:32,secure.shared.live.com
2013-11-25 15:16:01,www.google.fr
2013-11-25 15:16:01,www.google.com
2013-11-25 15:16:01,apis.google.com
2013-11-25 15:16:02,www.google.fr
2013-11-25 15:16:17,bay169.mail.live.com
2013-11-25 15:16:22,storage.live.com
2013-11-25 15:16:23,bay169.afx.ms
2013-11-25 15:16:54,ieonline.microsoft.com
2013-11-25 15:16:56,go.microsoft.com
2013-11-25 15:17:05,secure.shared.live.com
2013-11-25 15:17:23,h.live.com
2013-11-25 15:18:07,bay169.afx.ms
2013-11-25 15:18:25,bay169.mail.live.com
2013-11-25 15:18:36,javadl-esd-secure.oracle.com
2013-11-25 15:19:18,dl.powerarchiver.com
2013-11-25 15:19:19,www.powerarchiver.com
2013-11-25 15:19:20,www.powerarchiver.com
2013-11-25 15:19:20,dl.powerarchiver.com
2013-11-25 15:19:20,ajax.googleapis.com
2013-11-25 15:19:21,dl.powerarchiver.com
2013-11-25 15:19:21,www.powerarchiver.com
2013-11-25 15:19:21,static.olark.com
2013-11-25 15:19:22,dl.powerarchiver.com
2013-11-25 15:19:22,static.olark.com
2013-11-25 15:19:22,www.powerarchiver.com
2013-11-25 15:19:22,640-events.olark.com
2013-11-25 15:19:53,javadl-esd-secure.oracle.com
2013-11-25 20:14:24,ad.foxitsoftware.com
2013-11-25 20:14:24,addons.foxitsoftware.com
2013-11-25 20:14:34,addons.foxitsoftware.com
2013-11-25 20:17:30,javadl-esd.sun.com
2013-11-25 23:43:41,javadl-esd.sun.com
2013-11-26 12:26:35,javadl-esd.sun.com
2013-11-26 14:47:43,www.google.fr
2013-11-26 14:47:44,www.google.fr
2013-11-26 14:47:46,clients1.google.fr
2013-11-26 14:47:53,apis.google.com
2013-11-26 14:47:54,www.google.fr
2013-11-26 14:47:54,plus.google.com
2013-11-26 14:47:54,clients1.google.fr
2013-11-26 14:47:54,apis.google.com
2013-11-26 14:56:18,javadl-esd.sun.com
2013-11-26 15:43:26,www.google.fr
2013-11-26 15:43:38,www.google.fr
2013-11-26 15:43:40,apis.google.com
2013-11-26 15:43:43,www.google.com
2013-11-26 15:43:50,www.google.fr
2013-11-26 15:43:53,www.google.fr
2013-11-26 15:43:53,apis.google.com
2013-11-26 15:43:53,www.google.com
2013-11-26 15:43:56,www.google.fr
2013-11-26 15:47:37,www.google.fr
2013-11-26 15:47:49,www.google.fr
2013-11-26 15:47:50,www.google.fr
2013-11-26 15:47:50,apis.google.com
2013-11-26 15:47:52,www.google.com
2013-11-26 15:47:54,hotmail.fr
2013-11-26 15:47:56,login.live.com
2013-11-26 15:48:02,login.live.com
2013-11-26 15:48:08,windowslive.tt.omtrdc.net
2013-11-26 15:48:19,windowslive.tt.omtrdc.net
2013-11-26 15:48:21,login.live.com
2013-11-26 15:48:34,windowslive.tt.omtrdc.net
2013-11-26 15:48:43,login.live.com
2013-11-26 15:48:44,login.live.com
2013-11-26 15:48:45,mail.live.com
2013-11-26 15:48:45,dub110.mail.live.com
2013-11-26 15:48:49,cid-336092d397b98bdd.users.storage.live.com
2013-11-26 15:48:49,people.directory.live.com
2013-11-26 15:48:49,h.live.com
2013-11-26 15:48:50,windowslive.tt.omtrdc.net
2013-11-26 15:48:50,h.live.com
2013-11-26 15:48:50,dub110.mail.live.com
2013-11-26 15:48:51,h.live.com
2013-11-26 15:48:52,h.live.com
2013-11-26 15:48:54,dub110.mail.live.com
2013-11-26 15:48:54,p.sfx.ms
2013-11-26 15:48:56,dub110.mail.live.com
2013-11-26 15:48:56,h.live.com
2013-11-26 15:48:57,secure.shared.live.com
2013-11-26 15:48:58,dub110.afx.ms
2013-11-26 15:48:58,js.live.net
2013-11-26 15:48:59,login.live.com
2013-11-26 15:49:02,secure.shared.live.com
2013-11-26 15:49:03,go.trouter.io
2013-11-26 15:49:03,prod.registrar.skype.com
2013-11-26 15:49:12,go.trouter.io
2013-11-26 15:50:00,storage.live.com
2013-11-26 15:50:02,secure.shared.live.com
2013-11-26 15:50:05,dub110.mail.live.com
2013-11-26 15:50:45,ieonline.microsoft.com
2013-11-26 15:50:48,dub110.mail.live.com
2013-11-26 15:51:56,dub110.mail.live.com
2013-11-26 15:54:13,api.skype.com
2013-11-26 15:54:55,proxy-bay-people.directory.live.com
2013-11-26 15:54:59,javadl-esd.sun.com
2013-11-26 15:55:06,go.trouter.io
2013-11-26 15:55:07,cid-336092d397b98bdd.users.storage.live.com
2013-11-26 16:41:28,javadl-esd.sun.com
2013-11-28 15:59:36,sb-ssl.google.com
2013-11-29 14:18:22,fpdownload2.macromedia.com
2013-12-12 13:59:16,www.google.fr
2013-12-12 13:59:27,www.google.fr
2013-12-12 13:59:28,apis.google.com
2013-12-12 13:59:31,www.google.com
2013-12-12 13:59:41,www.google.com
2013-12-12 13:59:41,apis.google.com
2013-12-12 13:59:41,www.google.fr
2013-12-12 13:59:42,www.google.fr
2013-12-12 15:29:35,www.google.fr
2013-12-12 15:29:47,www.google.fr
2013-12-12 15:29:48,apis.google.com
2013-12-12 15:29:50,www.google.com
2013-12-12 15:30:01,www.google.com
2013-12-12 15:30:01,apis.google.com
2013-12-12 15:30:01,ba.commentcamarche.net
2013-12-12 15:30:01,www.google.fr
2013-12-12 15:30:01,www.commentcamarche.net
2013-12-12 15:30:01,static.ccm2.net
2013-12-12 15:30:02,apis.google.com
2013-12-12 15:30:02,ba.commentcamarche.net
2013-12-12 15:30:02,platform.twitter.com
2013-12-12 15:30:02,www.facebook.com
2013-12-12 15:30:02,static.commentcamarche.net
2013-12-12 15:30:02,www.commentcamarche.net
2013-12-12 15:30:02,static.ccm2.net
2013-12-12 15:30:03,s-static.ak.facebook.com
2013-12-12 15:30:03,static.ak.facebook.com
2013-12-12 15:30:03,static.ccm2.net
2013-12-12 15:30:03,connect.facebook.net
2013-12-12 15:30:03,apis.google.com
2013-12-12 15:30:03,www.facebook.com
2013-12-12 15:30:04,www.facebook.com
2013-12-12 15:30:04,platform.twitter.com
2013-12-12 15:30:04,static.ccmbg.com
2013-12-12 15:30:04,r.ccm2.net
2013-12-12 15:30:04,static.ccm2.net
2013-12-12 15:30:13,twitter.com
2013-12-12 15:30:14,twitter.com
2013-12-12 15:30:14,accounts.google.com
2013-12-12 15:30:15,ba.commentcamarche.net
2013-12-12 15:30:15,ajax.googleapis.com
2013-12-12 15:30:15,accounts.google.com
2013-12-12 15:30:15,twitter.com
2013-12-12 15:30:16,www.facebook.com
2013-12-20 14:08:16,fpdownload2.macromedia.com
2013-12-20 14:08:24,www.google.fr
2013-12-20 14:08:35,www.google.fr
2013-12-20 14:08:37,apis.google.com
2013-12-20 14:08:39,www.google.com
2013-12-20 14:08:43,www.google.fr
2013-12-20 14:08:43,www.google.com
2013-12-20 14:08:43,apis.google.com
2013-12-20 14:08:44,www.google.fr
2013-12-20 14:13:51,www.google.fr
2013-12-20 14:14:03,www.google.fr
2013-12-20 14:14:04,apis.google.com
2013-12-20 14:14:06,www.google.com
2013-12-20 14:14:11,apis.google.com
2013-12-20 14:14:11,www.hotmail.fr
2013-12-20 14:14:11,www.google.fr
2013-12-20 14:14:22,login.live.com
2013-12-20 14:14:30,www.google.com
2013-12-20 14:14:30,www.google.fr
2013-12-20 14:14:39,login.live.com
2013-12-20 14:15:02,login.live.com
2013-12-20 14:15:03,login.live.com
2013-12-20 14:15:11,mail.live.com
2013-12-20 14:15:14,bay169.mail.live.com
2013-12-20 14:15:15,bay169.mail.live.com
2013-12-20 14:15:15,cid-277b0535ffd5ea77.users.storage.live.com
2013-12-20 14:15:16,bay169.mail.live.com
2013-12-20 14:15:16,people.directory.live.com
2013-12-20 14:15:17,bay169.mail.live.com
2013-12-20 14:15:17,h.live.com
2013-12-20 14:15:18,h.live.com
2013-12-20 14:15:18,byfiles.storage.msn.com
2013-12-20 14:15:18,bay169.mail.live.com
2013-12-20 14:15:19,js.live.net
2013-12-20 14:15:19,g.msn.com
2013-12-20 14:15:20,secure.shared.live.com
2013-12-20 14:15:22,h.live.com
2013-12-20 14:15:23,h.live.com
2013-12-20 14:15:25,windowslive.tt.omtrdc.net
2013-12-20 14:16:02,h.live.com
2013-12-20 14:16:02,bay169.mail.live.com
2013-12-20 14:16:02,bay169.afx.ms
2013-12-20 14:16:02,secure.shared.live.com
2014-01-19 21:10:54,ieonline.microsoft.com
2014-01-19 21:10:58,www.google.com
2014-01-19 21:10:58,www.bing.com
2014-01-19 21:11:03,www.google.fr
2014-01-19 21:11:04,www.google.fr
2014-01-19 21:11:07,www.google.com
2014-01-19 21:11:07,accounts.google.com
2014-01-19 21:11:08,www.google.fr
2014-01-19 21:11:08,accounts.youtube.com
2014-01-19 21:12:00,www.google.fr
2014-01-19 21:12:01,accounts.google.fr
2014-01-19 21:12:01,www.google.com
2014-01-19 21:12:03,clients1.google.fr
2014-01-19 21:12:04,plus.google.com
2014-01-19 21:12:04,mail.google.com
2014-01-19 21:12:05,accounts.youtube.com
2014-01-19 21:12:05,accounts.google.fr
2014-01-19 21:12:07,www.google.fr
2014-01-19 21:12:07,clients1.google.fr
2014-01-19 21:12:07,www.google.com
2014-01-19 21:12:08,accounts.google.com
2014-01-19 21:12:08,apis.google.com
2014-01-19 21:12:09,mail.google.com
2014-01-19 21:12:09,clients2.google.com
2014-01-19 21:12:10,www.google.com
2014-01-19 21:12:10,plus.google.com
2014-01-19 21:12:11,plus.google.com
2014-01-19 21:12:15,clients2.google.com
2014-01-19 21:12:15,apis.google.com
2014-01-19 21:12:15,mail.google.com
2014-01-19 21:12:15,accounts.google.com
2014-01-19 21:12:15,plus.google.com
2014-01-19 21:12:16,chatenabled.mail.google.com
2014-01-19 21:12:17,mail.google.com
2014-01-19 21:12:43,ieonline.microsoft.com
2014-01-19 21:12:43,go.microsoft.com
2014-01-19 21:13:25,mail.google.com
2014-01-19 21:13:27,mail.google.com
2014-01-19 21:13:27,plus.google.com
2014-01-19 21:13:27,chatenabled.mail.google.com
2014-01-31 15:16:35,www.google.fr
2014-01-31 15:16:46,www.google.fr
2014-01-31 15:16:50,www.google.com
2014-01-31 15:16:52,www.google.com
2014-01-31 15:16:52,accounts.google.com
2014-01-31 15:17:35,www.google.fr
2014-01-31 15:17:40,accounts.google.fr
2014-01-31 15:17:41,www.google.fr
2014-01-31 15:17:41,www.google.com
2014-01-31 15:17:41,clients1.google.fr
2014-01-31 15:17:48,apis.google.com
2014-01-31 15:17:48,plus.google.com
2014-01-31 15:17:51,accounts.google.com
2014-01-31 15:17:54,mail.google.com
2014-01-31 15:17:54,accounts.google.fr
2014-01-31 15:17:55,clients1.google.fr
2014-01-31 15:17:55,www.google.fr
2014-01-31 15:17:56,www.google.com
2014-01-31 15:17:56,apis.google.com
2014-01-31 15:17:56,plus.google.com
2014-01-31 15:17:56,mail.google.com
2014-01-31 15:17:56,clients2.google.com
2014-01-31 15:17:56,www.google.fr
2014-01-31 15:17:56,accounts.google.com
2014-01-31 15:17:57,clients1.google.fr
2014-01-31 15:17:57,clients2.google.com
2014-01-31 15:18:00,chatenabled.mail.google.com
2014-01-31 15:18:00,mail.google.com
2014-01-31 15:18:02,plus.google.com
2014-01-31 15:18:18,clients1.google.fr
2014-01-31 15:18:18,plus.google.com
2014-01-31 15:18:18,www.google.fr
2014-01-31 15:19:35,ieonline.microsoft.com
2014-01-31 15:21:56,plus.google.com
2014-01-31 15:21:56,apis.google.com
2014-01-31 15:21:56,mail.google.com
2014-01-31 15:21:57,accounts.google.com
2014-01-31 15:21:57,plus.google.com
2014-01-31 15:21:57,chatenabled.mail.google.com
2014-01-31 15:28:01,mail.google.com
2014-01-31 15:28:01,apis.google.com
2014-01-31 15:28:03,apis.google.com
2014-01-31 15:28:34,apis.google.com
2014-01-31 15:29:08,mail.google.com
2014-01-31 15:30:39,mail.google.com
2014-01-31 15:30:42,mail.google.com
2014-01-31 15:30:43,www.google.com
2014-01-31 15:30:43,plus.google.com
2014-01-31 15:30:43,mail.google.com
2014-01-31 15:30:43,clients2.google.com
2014-01-31 15:30:44,chatenabled.mail.google.com
2014-01-31 15:30:44,mail.google.com
2014-01-31 15:30:44,apis.google.com
2014-01-31 15:30:44,plus.google.com
2014-01-31 15:30:44,clients6.google.com
2014-01-31 15:30:44,drive.google.com
2014-01-31 15:30:44,www.google.com
2014-01-31 15:30:44,clients2.google.com
2014-01-31 15:30:45,drive.google.com
2014-01-31 15:30:53,mail.google.com
2014-01-31 15:31:54,chatenabled.mail.google.com
2014-01-31 15:31:54,apis.google.com
2014-01-31 15:31:54,drive.google.com
2014-01-31 15:31:54,plus.google.com
2014-01-31 15:31:54,mail.google.com
2014-01-31 15:31:54,clients6.google.com
2014-01-31 15:32:02,plus.google.com
2014-01-31 15:32:12,plus.google.com
2014-01-31 15:32:34,apis.google.com
2014-01-31 15:33:08,chatenabled.mail.google.com
2014-01-31 15:33:25,mail.google.com
2014-01-31 15:44:20,mail.google.com
2014-01-31 15:45:18,mail.google.com
2014-01-31 15:45:19,apis.google.com
2014-01-31 15:45:29,mail.google.com
2014-01-31 15:45:29,apis.google.com
2014-01-31 15:45:29,plus.google.com
2014-01-31 15:45:30,drive.google.com
2014-02-13 14:01:20,armmf.adobe.com
2014-02-13 14:01:22,armmf.adobe.com
2014-02-13 14:02:05,armmf.adobe.com
2014-02-13 14:02:07,armmf.adobe.com
2014-02-13 14:04:38,ieonline.microsoft.com
2014-02-13 14:25:29,www.google.fr
2014-02-13 14:25:31,www.google.fr
2014-02-13 14:25:32,apis.google.com
2014-02-13 14:25:32,www.google.com
2014-02-13 14:25:48,www.osymbian.com
2014-02-13 14:25:48,www.google.fr
2014-02-13 14:25:49,external.priceminister.com
2014-02-13 14:25:49,premium.hi-mediaserver.com
2014-02-13 14:25:49,www.osymbian.com
2014-02-13 14:25:50,www.paypal.com
2014-02-13 14:25:50,www.google.com
2014-02-13 14:25:55,www.paypal.com
2014-02-13 14:25:58,www.google.fr
2014-02-13 14:26:02,pic.dhe.ibm.com
2014-02-13 14:26:02,www.google.fr
2014-02-13 14:26:03,pic.dhe.ibm.com
2014-02-13 14:26:03,www.ibm.com
2014-02-13 14:26:03,pt200204.unica.com
2014-02-13 14:26:04,pic.dhe.ibm.com
2014-02-13 14:26:04,www.ibm.com
2014-02-13 14:26:04,pt200204.unica.com
2014-02-13 14:26:04,1.www.s81c.com
2014-02-13 14:26:05,pt200204.unica.com
2014-02-13 14:26:05,pic.dhe.ibm.com
2014-02-13 14:26:05,www.ibm.com
2014-02-13 14:26:06,pic.dhe.ibm.com
2014-02-13 14:26:29,www.ultimatecounter.com
2014-02-13 14:26:29,www.osymbian.com
2014-02-13 14:26:48,fpdownload2.macromedia.com
2014-02-13 14:26:52,www.google.fr
2014-02-13 14:27:00,www.google.fr
2014-02-13 14:27:02,www.google.fr
2014-02-13 14:27:26,www.google.com
2014-02-13 14:27:26,apis.google.com
2014-02-13 14:29:19,www.google.fr
2014-02-13 14:29:37,www.google.fr
2014-02-13 14:29:38,www.developpez.net
2014-02-13 14:29:38,ajax.googleapis.com
2014-02-13 14:29:38,www.google.com
2014-02-13 14:29:39,premium.hi-mediaserver.com
2014-02-13 14:29:39,www.developpez.net
2014-02-13 14:29:40,www.facebook.com
2014-02-13 14:29:40,www.developpez.net
2014-02-13 14:29:41,www.google.fr
2014-02-13 14:29:44,www.di.ens.fr
2014-02-13 14:30:40,www.google.fr
2014-02-13 14:31:07,www.google.fr
2014-02-13 14:31:08,clients1.google.fr
2014-02-13 14:31:09,www.google.fr
2014-02-13 14:31:09,clients1.google.fr
2014-02-13 14:31:11,www.google.fr
2014-02-13 14:31:11,limos.raksmey.fr
2014-02-13 14:31:12,limos.raksmey.fr
2014-02-13 14:31:13,limos.raksmey.fr
2014-02-13 14:31:13,badge.facebook.com
2014-02-13 14:31:16,www.google.fr
2014-02-13 14:31:28,www.google.fr
2014-02-13 14:31:43,limos.raksmey.fr
2014-02-13 14:31:44,limos.raksmey.fr
2014-02-13 14:31:50,limos.raksmey.fr
2014-02-13 14:31:54,limos.raksmey.fr
2014-02-13 14:32:01,limos.raksmey.fr
2014-02-13 14:32:02,limos.raksmey.fr
2014-02-13 14:32:03,limos.raksmey.fr
2014-02-13 14:32:04,limos.raksmey.fr
2014-02-13 14:32:05,limos.raksmey.fr
2014-02-13 14:32:11,limos.raksmey.fr
2014-02-13 14:32:12,limos.raksmey.fr
2014-02-13 14:32:13,limos.raksmey.fr
2014-02-13 14:32:18,limos.raksmey.fr
2014-02-13 14:32:24,limos.raksmey.fr
2014-02-13 14:32:30,limos.raksmey.fr
2014-02-13 14:33:02,badge.facebook.com
2014-02-13 14:33:02,limos.raksmey.fr
2014-02-13 14:33:13,www.google.fr
2014-02-13 14:33:24,limos.raksmey.fr
2014-02-13 14:44:27,www.google.fr
2014-02-13 14:44:34,www.google.fr
2014-02-13 14:44:43,www.google.com
2014-02-13 14:44:43,accounts.youtube.com
2014-02-13 14:44:43,accounts.google.com
2014-02-13 14:44:45,www.google.com
2014-02-13 14:44:45,accounts.google.fr
2014-02-13 14:44:45,www.google.fr
2014-02-13 14:44:47,plus.google.com
2014-02-13 14:44:52,plus.google.com
2014-02-13 14:44:52,translate.google.fr
2014-02-13 14:44:53,accounts.google.com
2014-02-13 14:44:53,plus.google.com
2014-02-13 14:44:53,accounts.google.fr
2014-02-13 14:44:53,accounts.youtube.com
2014-02-13 14:44:58,plus.google.com
2014-02-13 14:44:58,www.google.fr
2014-02-13 14:44:59,apis.google.com
2014-02-13 14:45:08,clients1.google.fr
2014-02-13 14:46:23,www.google.com
2014-02-13 14:46:23,translate.google.fr
2014-02-13 14:46:23,plus.google.com
2014-02-13 14:46:23,apis.google.com
2014-02-13 14:48:16,translate.google.fr
2014-02-13 14:56:59,plus.google.com
2014-02-13 15:03:05,www.google.fr
2014-02-13 15:03:06,clients1.google.fr
2014-02-13 15:03:06,plus.google.com
2014-02-13 15:03:11,plus.google.com
2014-02-13 15:03:23,www.google.fr
2014-02-13 15:03:23,plus.google.com
2014-02-13 15:03:24,pic.dhe.ibm.com
2014-02-13 15:03:24,pt200204.unica.com
2014-02-13 15:03:24,www.ibm.com
2014-02-13 15:03:25,pic.dhe.ibm.com
2014-02-13 15:03:25,www.ibm.com
2014-02-13 15:03:25,pt200204.unica.com
2014-02-13 15:03:26,pic.dhe.ibm.com
2014-02-13 15:03:27,www.google.fr
2014-02-13 15:03:28,www.ibm.com
2014-02-13 15:03:28,pic.dhe.ibm.com
2014-02-13 15:03:28,pt200204.unica.com
2014-02-13 15:03:29,www.ibm.com
2014-02-13 15:03:29,pt200204.unica.com
2014-02-13 15:03:29,pic.dhe.ibm.com
2014-02-13 15:03:29,www.google.fr
2014-02-13 15:03:30,www.ibm.com
2014-02-13 15:03:30,pic.dhe.ibm.com
2014-02-13 15:03:31,pic.dhe.ibm.com
2014-02-13 15:03:31,1.www.s81c.com
2014-02-13 15:03:31,www.ibm.com
2014-02-13 15:03:31,pt200204.unica.com
2014-02-13 15:03:32,pic.dhe.ibm.com
2014-02-13 15:03:33,pic.dhe.ibm.com
2014-02-13 15:03:33,www.google.fr
2014-02-13 15:03:34,pic.dhe.ibm.com
2014-02-13 15:03:34,www.ibm.com
2014-02-13 15:03:34,pt200204.unica.com
2014-02-13 15:03:35,pt200204.unica.com
2014-02-13 15:03:35,pic.dhe.ibm.com
2014-02-13 15:03:55,www.ibm.com
2014-02-13 15:03:57,www.ibm.com
2014-02-13 15:03:57,dw1.s81c.com
2014-02-13 15:03:57,1.www.s81c.com
2014-02-13 15:05:05,www.google.fr
2014-02-13 15:05:05,clients1.google.fr
2014-02-13 15:05:05,plus.google.com
2014-02-13 15:06:40,dw1.s81c.com
2014-02-13 15:06:40,1.www.s81c.com
2014-02-13 15:06:40,www.ibm.com
2014-02-13 15:09:27,www.google.fr
2014-02-13 15:09:28,www.google.fr
2014-02-13 15:09:29,www-304.ibm.com
2014-02-13 15:09:29,1.www.s81c.com
2014-02-13 15:09:29,www.ibm.com
2014-02-13 15:09:29,www.docstoc.com
2014-02-13 15:09:30,pt200204.unica.com
2014-02-13 15:09:30,1.www.s81c.com
2014-02-13 15:09:30,www-304.ibm.com
2014-02-13 15:09:30,www.docstoc.com
2014-02-13 15:09:31,1.www.s81c.com
2014-02-13 15:09:31,www.google.fr
2014-02-13 15:09:31,www.uio.no
2014-02-13 15:09:31,ajax.googleapis.com
2014-02-13 15:09:31,choices.truste.com
2014-02-13 15:09:31,www.ibm.com
2014-02-13 15:09:32,www.ibm.com
2014-02-13 15:09:32,choices.truste.com
2014-02-13 15:09:33,www.docstoc.com
2014-02-13 15:09:35,s-static.ak.facebook.com
2014-02-13 15:09:35,connect.facebook.net
2014-02-13 15:09:35,platform.linkedin.com
2014-02-13 15:09:35,www.docstoc.com
2014-02-13 15:09:35,static.ak.facebook.com
2014-02-13 15:09:35,www.facebook.com
2014-02-13 15:09:36,accounts.google.com
2014-02-13 15:09:36,apis.google.com
2014-02-13 15:09:36,platform.twitter.com
2014-02-13 15:09:36,www.linkedin.com
2014-02-13 15:09:37,twitter.com
2014-02-13 15:09:37,apis.google.com
2014-02-13 15:09:37,platform.twitter.com
2014-02-13 15:10:07,twitter.com
2014-02-13 15:10:13,www.linkedin.com
2014-02-13 15:10:43,clients1.google.fr
2014-02-13 15:10:55,www.google.fr
2014-02-13 15:11:07,www.google.fr
2014-02-13 15:11:09,www.ibm.com
2014-02-13 15:11:14,accounts.google.com
2014-02-13 15:11:14,apis.google.com
2014-02-13 15:12:52,www.google.fr
2014-02-13 15:12:52,clients1.google.fr
2014-02-13 15:14:40,www.google.fr
2014-02-13 15:14:40,www-desir.lip6.fr
2014-02-13 15:16:32,www.google.fr
2014-02-13 15:16:32,plus.google.com
2014-02-13 15:16:32,clients1.google.fr
2014-02-13 15:17:29,www.google.fr
2014-02-13 15:17:30,clients1.google.fr
2014-02-13 15:17:30,www.google.fr
2014-02-13 15:17:31,plus.google.com
2014-02-13 15:17:36,plus.google.com
2014-02-13 15:17:42,www.google.fr
2014-02-13 15:17:42,www.lri.fr
2014-02-13 15:17:46,www.lamsade.dauphine.fr
2014-02-13 15:17:46,www.google.fr
2014-02-13 15:17:57,www.lri.fr
2014-02-13 15:18:26,www.lri.fr
2014-02-13 15:18:27,www.lri.fr
2014-02-13 15:19:18,www.google.fr
2014-02-13 15:19:29,clients1.google.fr
2014-02-13 15:19:29,plus.google.com
2014-02-13 15:19:29,www.google.fr
2014-02-13 15:20:20,www.lamsade.dauphine.fr
2014-02-13 15:20:34,www.google.fr
2014-02-13 15:20:34,pic.dhe.ibm.com
2014-02-13 15:20:35,pic.dhe.ibm.com
2014-02-13 15:20:35,pt200204.unica.com
2014-02-13 15:20:36,pt200204.unica.com
2014-02-13 15:20:36,www.ibm.com
2014-02-13 15:20:36,pic.dhe.ibm.com
2014-02-13 15:20:36,www.google.fr
2014-02-13 15:20:38,lak.informatik.uni-freiburg.de
2014-02-13 15:20:38,www.google.fr
2014-02-13 15:20:39,lak.informatik.uni-freiburg.de
2014-02-13 15:20:40,lak.informatik.uni-freiburg.de
2014-02-13 15:20:40,prac.im.pwr.wroc.pl
2014-02-13 15:20:41,lak.informatik.uni-freiburg.de
2014-02-13 15:20:41,prac.im.pwr.wroc.pl
2014-02-13 15:20:42,prac.im.pwr.wroc.pl
2014-02-13 15:20:42,lak.informatik.uni-freiburg.de
2014-02-13 15:20:42,www.google.fr
2014-02-13 15:20:42,folk.uio.no
2014-02-13 15:20:43,prac.im.pwr.wroc.pl
2014-02-13 15:20:43,lak.informatik.uni-freiburg.de
2014-02-13 15:20:44,lak.informatik.uni-freiburg.de
2014-02-13 15:20:44,prac.im.pwr.wroc.pl
2014-02-13 15:20:45,lak.informatik.uni-freiburg.de
2014-02-13 15:20:45,prac.im.pwr.wroc.pl
2014-02-13 15:20:45,www.google.fr
2014-02-13 15:20:45,cedric.cnam.fr
2014-02-13 15:20:46,lak.informatik.uni-freiburg.de
2014-02-13 15:20:46,prac.im.pwr.wroc.pl
2014-02-13 15:20:47,prac.im.pwr.wroc.pl
2014-02-13 15:20:48,prac.im.pwr.wroc.pl
2014-02-13 15:20:49,prac.im.pwr.wroc.pl
2014-02-13 15:20:50,prac.im.pwr.wroc.pl
2014-02-13 15:20:51,prac.im.pwr.wroc.pl
2014-02-13 15:20:52,prac.im.pwr.wroc.pl
2014-02-13 15:20:52,pic.dhe.ibm.com
2014-02-13 15:20:53,pic.dhe.ibm.com
2014-02-13 15:20:53,prac.im.pwr.wroc.pl
2014-02-13 15:20:53,pt200204.unica.com
2014-02-13 15:20:54,prac.im.pwr.wroc.pl
2014-02-13 15:20:55,prac.im.pwr.wroc.pl
2014-02-13 15:20:56,prac.im.pwr.wroc.pl
2014-02-13 15:20:57,prac.im.pwr.wroc.pl
2014-02-13 15:20:58,prac.im.pwr.wroc.pl
2014-02-13 15:20:59,prac.im.pwr.wroc.pl
2014-02-13 15:21:00,prac.im.pwr.wroc.pl
2014-02-13 15:21:01,prac.im.pwr.wroc.pl
2014-02-13 15:21:02,prac.im.pwr.wroc.pl
2014-02-13 15:21:03,prac.im.pwr.wroc.pl
2014-02-13 15:21:04,prac.im.pwr.wroc.pl
2014-02-13 15:21:05,prac.im.pwr.wroc.pl
2014-02-13 15:21:06,prac.im.pwr.wroc.pl
2014-02-13 15:21:07,prac.im.pwr.wroc.pl
2014-02-13 15:21:08,prac.im.pwr.wroc.pl
2014-02-13 15:21:09,prac.im.pwr.wroc.pl
2014-02-13 15:21:10,prac.im.pwr.wroc.pl
2014-02-13 15:21:11,prac.im.pwr.wroc.pl
2014-02-13 15:21:12,prac.im.pwr.wroc.pl
2014-02-13 15:21:13,prac.im.pwr.wroc.pl
2014-02-13 15:21:14,prac.im.pwr.wroc.pl
2014-02-13 15:21:15,prac.im.pwr.wroc.pl
2014-02-13 15:21:16,prac.im.pwr.wroc.pl
2014-02-13 15:21:17,prac.im.pwr.wroc.pl
2014-02-13 15:21:18,prac.im.pwr.wroc.pl
2014-02-13 15:21:19,prac.im.pwr.wroc.pl
2014-02-13 15:21:20,prac.im.pwr.wroc.pl
2014-02-13 15:21:21,prac.im.pwr.wroc.pl
2014-02-13 15:21:22,prac.im.pwr.wroc.pl
2014-02-13 15:21:23,prac.im.pwr.wroc.pl
2014-02-13 15:21:24,prac.im.pwr.wroc.pl
2014-02-13 15:21:25,prac.im.pwr.wroc.pl
2014-02-13 15:21:26,prac.im.pwr.wroc.pl
2014-02-13 15:21:27,prac.im.pwr.wroc.pl
2014-02-13 15:21:28,prac.im.pwr.wroc.pl
2014-02-13 15:21:29,prac.im.pwr.wroc.pl
2014-02-13 15:21:30,prac.im.pwr.wroc.pl
2014-02-13 15:21:31,prac.im.pwr.wroc.pl
2014-02-13 15:21:32,prac.im.pwr.wroc.pl
2014-02-13 15:25:12,dl.javafx.com
2014-02-13 15:40:52,folk.uio.no
2014-02-13 16:31:48,folk.uio.no
2014-02-13 16:31:54,www.lamsade.dauphine.fr
2014-02-13 16:32:01,www.lri.fr
2014-02-13 16:32:16,www.lri.fr
2014-02-13 16:33:36,ieonline.microsoft.com
2014-02-14 09:15:06,ieonline.microsoft.com
2014-02-14 09:15:38,www.google.fr
2014-02-14 09:15:49,www.google.fr
2014-02-14 09:15:50,apis.google.com
2014-02-14 09:15:52,www.google.com
2014-02-14 09:15:52,ajax.googleapis.com
2014-02-14 09:15:59,www.chinapage.com
2014-02-14 09:15:59,www.google.fr
2014-02-14 09:15:59,apis.google.com
2014-02-14 09:15:59,www.google.com
2014-02-14 09:15:59,ajax.googleapis.com
2014-02-14 09:16:00,www.chinapage.com
2014-02-14 09:16:00,www.google.fr
2014-02-14 09:17:12,www.google.fr
2014-02-14 09:17:22,www.google.fr
2014-02-14 09:17:22,bbs.xineurope.com
2014-02-14 09:17:23,info.xineurope.com
2014-02-14 09:17:24,media.xineurope.com
2014-02-14 09:17:24,corp.xineurope.com
2014-02-14 09:17:24,user.xineurope.com
2014-02-14 09:17:24,bbs.xineurope.com
2014-02-14 09:17:26,bbs.xineurope.com
2014-02-14 09:17:27,bbs.xineurope.com
2014-02-14 09:17:27,rc.so.cnzz.net
2014-02-14 09:17:29,media.xineurope.com
2014-02-14 09:17:29,bbs.xineurope.com
2014-02-14 09:17:30,rc.so.cnzz.net
2014-02-14 09:17:39,bbs.xineurope.com
2014-02-14 09:17:47,bbs.xineurope.com
2014-02-14 09:17:48,info.xineurope.com
2014-02-14 09:17:48,user.xineurope.com
2014-02-14 09:17:48,bbs.xineurope.com
2014-02-14 09:17:48,ww4.sinaimg.cn
2014-02-14 09:17:48,media.xineurope.com
2014-02-14 09:17:51,v1.jiathis.com
2014-02-14 09:17:52,v1.jiathis.com
2014-02-14 09:17:53,bbs.xineurope.com
2014-02-14 09:17:54,www.yoyoer.com
2014-02-14 09:17:54,bbs.xineurope.com
2014-02-14 09:17:55,v1.jiathis.com
2014-02-14 09:17:55,rc.so.cnzz.net
2014-02-14 09:17:56,www.yoyoer.com
2014-02-14 09:17:56,www.illicotravel.com
2014-02-14 09:17:57,hal9000.redintelligence.net
2014-02-14 09:17:58,www.google.com
2014-02-14 09:17:58,tui.cnzz.net
2014-02-14 09:17:58,hal9000.redintelligence.net
2014-02-14 09:17:59,tui.cnzz.net
2014-02-14 09:17:59,oss.aliyuncs.com
2014-02-14 09:17:59,tajs.qq.com
2014-02-14 09:18:00,ea.numericable.fr
2014-02-14 09:18:00,log.so.cnzz.net
2014-02-14 09:18:01,log.so.cnzz.net
2014-02-14 09:18:02,pcookie.cnzz.net
2014-02-14 09:18:03,bbs.xineurope.com
2014-02-14 09:18:33,bbs.xineurope.com
2014-02-14 09:18:56,bbs.xineurope.com
2014-02-14 09:18:58,bbs.xineurope.com
2014-02-14 09:18:59,bbs.xineurope.com
2014-02-14 09:19:03,bbs.xineurope.com
2014-02-14 09:19:04,log.so.cnzz.net
2014-02-14 09:19:15,bbs.xineurope.com
2014-02-14 09:19:32,bbs.xineurope.com
2014-02-14 09:19:50,study.xineurope.com
2014-02-14 09:19:50,buy.xineurope.com
2014-02-14 09:19:50,bbs.xineurope.com
2014-02-14 09:19:50,live.xineurope.com
2014-02-14 09:19:53,bbs.xineurope.com
2014-02-14 09:19:53,user.xineurope.com
2014-02-14 09:19:54,bbs.xineurope.com
2014-02-14 09:19:58,bbs.xineurope.com
2014-02-14 09:19:59,bbs.xineurope.com
2014-02-14 09:19:59,user.xineurope.com
2014-02-14 09:20:05,bbs.xineurope.com
2014-02-14 09:20:10,bbs.xineurope.com
2014-02-14 09:20:11,bbs.xineurope.com
2014-02-14 09:20:13,rf.xineurope.com
2014-02-14 09:20:13,bbs.xineurope.com
2014-02-14 09:20:14,rf.xineurope.com
2014-02-14 09:20:14,live.xineurope.com
2014-02-14 09:20:15,tp2.sinaimg.cn
2014-02-14 09:20:15,widget.weibo.com
2014-02-14 09:20:15,js.t.sinajs.cn
2014-02-14 09:20:15,rc.so.cnzz.net
2014-02-14 09:20:16,img.t.sinajs.cn
2014-02-14 09:20:16,rf.xineurope.com
2014-02-14 09:20:16,tjs.sjs.sinajs.cn
2014-02-14 09:20:18,rs.sinajs.cn
2014-02-14 09:20:19,rf.xineurope.com
2014-02-20 09:17:36,armmf.adobe.com
2014-02-20 09:17:40,armmf.adobe.com
2014-02-20 09:18:40,player.vimeo.com
2014-02-20 09:20:38,player.vimeo.com
2014-02-20 09:22:35,javadl-esd-secure.oracle.com
2014-02-20 09:23:29,javadl-esd-secure.oracle.com
2014-02-20 09:25:04,player.vimeo.com
2014-02-20 09:29:48,javadl-esd-secure.oracle.com
2014-02-20 09:30:15,javadl-esd-secure.oracle.com
2014-02-20 14:10:16,www.google.com
2014-02-20 14:10:18,www.google.fr
2014-02-20 14:10:20,www.google.fr
2014-02-20 14:10:21,www.google.com
2014-02-20 14:10:21,apis.google.com
2014-02-20 14:10:23,accounts.google.com
2014-02-20 14:10:23,www.google.fr
2014-02-20 14:10:24,www.google.fr
2014-02-20 14:10:24,apis.google.com
2014-02-20 14:10:24,accounts.youtube.com
2014-02-20 14:10:26,www.google.com
2014-02-20 14:10:26,accounts.google.fr
2014-02-20 14:10:26,www.google.fr
2014-02-20 14:10:27,clients1.google.fr
2014-02-20 14:10:27,plus.google.com
2014-02-20 14:10:33,plus.google.com
2014-02-20 14:10:37,accounts.google.com
2014-02-20 14:10:37,accounts.youtube.com
2014-02-20 14:10:37,mail.google.com
2014-02-20 14:10:38,accounts.google.fr
2014-02-20 14:10:39,www.google.fr
2014-02-20 14:10:39,clients1.google.fr
2014-02-20 14:10:40,www.google.fr
2014-02-20 14:10:40,plus.google.com
2014-02-20 14:10:41,apis.google.com
2014-02-20 14:10:41,clients2.google.com
2014-02-20 14:10:41,mail.google.com
2014-02-20 14:10:41,www.google.com
2014-02-20 14:10:41,accounts.google.com
2014-02-20 14:10:44,mail.google.com
2014-02-20 14:10:44,chatenabled.mail.google.com
2014-02-20 14:10:50,www.google.fr
2014-02-20 14:10:54,www.google.fr
2014-02-20 14:10:55,clients1.google.fr
2014-02-20 14:10:55,plus.google.com
2014-02-20 14:11:00,plus.google.com
2014-02-20 14:11:10,javadl-esd-secure.oracle.com
2014-02-20 14:12:10,ieonline.microsoft.com
2014-02-20 14:12:11,ieonline.microsoft.com
2014-02-20 14:12:11,go.microsoft.com
2014-02-20 14:12:17,www.google.fr
2014-02-20 14:12:17,plus.google.com
2014-02-20 14:12:17,clients1.google.fr
2014-02-20 14:12:18,www.hotmail.com
2014-02-20 14:12:18,login.live.com
2014-02-20 14:12:19,login.live.com
2014-02-20 14:12:21,windowslive.tt.omtrdc.net
2014-02-20 14:12:31,login.live.com
2014-02-20 14:12:32,login.live.com
2014-02-20 14:12:33,windowslive.tt.omtrdc.net
2014-02-20 14:12:36,mail.live.com
2014-02-20 14:12:36,bay169.mail.live.com
2014-02-20 14:12:36,h2.msn.com
2014-02-20 14:12:36,people.directory.live.com
2014-02-20 14:12:39,windowslive.tt.omtrdc.net
2014-02-20 14:12:39,bay169.mail.live.com
2014-02-20 14:12:39,h.live.com
2014-02-20 14:12:39,h2.msn.com
2014-02-20 14:12:40,g.msn.com
2014-02-20 14:12:40,bay169.mail.live.com
2014-02-20 14:12:41,people.directory.live.com
2014-02-20 14:12:41,cid-277b0535ffd5ea77.users.storage.live.com
2014-02-20 14:12:41,h.live.com
2014-02-20 14:12:42,h.live.com
2014-02-20 14:12:43,h.live.com
2014-02-20 14:12:43,secure.shared.live.com
2014-02-20 14:12:44,js.live.net
2014-02-20 14:12:45,h.live.com
2014-02-20 14:12:55,h.live.com
2014-02-20 14:13:01,byfiles.storage.msn.com
2014-02-20 14:13:03,storage.live.com
2014-02-20 14:13:03,secure.shared.live.com
2014-02-20 14:13:03,h.live.com
2014-02-20 14:13:03,bay169.mail.live.com
2014-02-20 14:13:04,h.live.com
2014-02-20 14:13:04,bay169.mail.live.com
2014-02-20 14:13:10,bay169.mail.live.com
2014-02-20 14:13:11,bay169.mail.live.com
2014-02-20 14:13:43,g.msn.com
2014-02-20 14:14:10,h.live.com
2014-02-20 14:14:11,bay169.mail.live.com
2014-02-20 14:14:14,bay169.mail.live.com
2014-02-20 14:14:15,bay169.mail.live.com
2014-02-20 14:14:37,bay169.mail.live.com
2014-02-20 14:14:41,clients2.google.com
2014-02-20 14:14:41,plus.google.com
2014-02-20 14:14:42,apis.google.com
2014-02-20 14:14:42,accounts.google.com
2014-02-20 14:14:42,plus.google.com
2014-02-20 14:14:44,chatenabled.mail.google.com
2014-02-20 14:15:44,mail.google.com
2014-02-20 14:15:46,bay169.mail.live.com
2014-02-20 14:18:43,people.directory.live.com
2014-02-20 14:22:01,apis.google.com
2014-02-20 14:22:13,plus.google.com
2014-02-20 14:22:14,plus.google.com
2014-02-20 14:22:48,javadl-esd-secure.oracle.com
2014-02-20 14:23:06,g.msn.com
2014-02-20 14:23:35,h.live.com
2014-02-20 14:23:41,people.directory.live.com
2014-02-20 14:24:44,mail.google.com
2014-02-20 14:26:14,plus.google.com
2014-02-20 14:26:32,plus.google.com
2014-02-20 14:30:44,mail.google.com
2014-02-20 14:39:53,mail.google.com
2014-02-20 14:42:32,mail.google.com
2014-02-20 14:44:13,mail.google.com
2014-02-20 14:44:54,plus.google.com
2014-02-20 14:47:29,mail.google.com
2014-02-20 14:49:54,mail.google.com
2014-02-20 14:51:26,mail.google.com
2014-02-20 14:54:54,mail.google.com
2014-02-20 14:57:32,mail.google.com
2014-02-20 14:59:21,mail.google.com
2014-02-20 15:02:32,mail.google.com
2014-02-20 15:04:54,plus.google.com
2014-02-20 15:04:55,mail.google.com
2014-02-20 15:06:44,mail.google.com
2014-02-20 15:09:55,mail.google.com
2014-02-20 15:12:32,mail.google.com
2014-02-20 15:14:52,mail.google.com
2014-02-20 15:17:32,mail.google.com
2014-02-20 15:18:37,mail.google.com
2014-02-20 15:22:35,mail.google.com
2014-02-20 15:24:58,plus.google.com
2014-02-20 15:24:59,mail.google.com
2014-02-20 15:25:04,dl.javafx.com
2014-02-20 15:25:16,dl.javafx.com
2014-02-20 15:26:58,mail.google.com
2014-02-20 15:30:59,mail.google.com
2014-02-20 15:34:34,mail.google.com
2014-02-20 15:37:35,mail.google.com
2014-02-20 15:41:59,mail.google.com
2014-02-20 15:44:58,plus.google.com
2014-02-20 15:45:00,mail.google.com
2014-02-20 15:46:04,mail.google.com
2014-02-20 15:49:39,mail.google.com
2014-02-20 15:55:00,mail.google.com
2014-02-20 15:57:10,mail.google.com
2014-02-20 16:00:48,mail.google.com
2014-02-20 16:04:26,mail.google.com
2014-02-20 16:04:58,plus.google.com
2014-02-20 16:07:35,mail.google.com
2014-02-20 16:12:05,mail.google.com
2014-02-20 16:15:01,mail.google.com
2014-02-20 16:17:35,mail.google.com
2014-02-20 16:18:49,mail.google.com
2014-02-20 16:22:35,mail.google.com
2014-02-20 16:24:59,plus.google.com
2014-02-20 16:25:01,mail.google.com
2014-02-20 16:26:57,mail.google.com
2014-02-20 16:30:38,mail.google.com
2014-02-20 16:34:11,mail.google.com
2014-02-20 16:37:35,mail.google.com
2014-02-20 16:41:25,mail.google.com
2014-02-20 16:44:59,plus.google.com
2014-02-20 16:45:02,mail.google.com
2014-02-20 16:47:35,mail.google.com
2014-02-20 16:49:06,mail.google.com
2014-02-20 16:55:03,mail.google.com
2014-02-20 16:56:41,mail.google.com
2014-02-20 16:59:48,mail.google.com
2014-02-20 17:02:35,mail.google.com
2014-02-20 17:04:07,mail.google.com
2014-02-20 17:04:25,plus.google.com
2014-02-20 17:07:35,mail.google.com
2014-02-20 17:08:22,mail.google.com
2014-02-20 17:08:24,mail.google.com
2014-02-21 10:57:25,www.google.fr
2014-02-21 10:57:39,www.google.fr
2014-02-21 10:57:40,www.google.fr
2014-02-21 10:57:42,www.google.fr
2014-02-21 10:57:43,apis.google.com
2014-02-21 10:57:45,www.google.com
2014-02-21 10:58:16,www.google.fr
2014-02-21 10:58:16,eric.univ-lyon2.fr
2014-02-21 10:58:19,www.google.fr
2014-02-21 10:58:21,apis.google.com
2014-02-21 10:58:21,www.google.com
2014-02-21 10:58:21,www.r-project.org
2014-02-21 10:58:21,www.google.fr
2014-02-21 10:58:22,www.r-project.org
2014-02-21 10:58:37,www.google.fr
2014-02-21 10:58:37,cran.r-project.org
2014-02-21 11:00:09,ieonline.microsoft.com
2014-02-21 11:00:37,www.google.fr
2014-02-21 12:13:24,www.google.fr
2014-02-21 12:13:33,www.geneaservice.com
2014-02-21 12:13:33,www.google.fr
2014-02-21 12:13:40,www.google.fr
2014-02-21 12:13:51,clients1.google.fr
2014-02-21 12:13:52,www.google.fr
2014-02-21 12:14:02,www.google.fr
2014-02-21 12:14:19,www.le-dictionnaire.com
2014-02-21 12:14:19,www.google.fr
2014-02-21 12:14:20,www.le-dictionnaire.com
2014-02-21 12:14:20,www.facebook.com
2014-02-21 12:14:22,accounts.google.com
2014-02-21 12:14:25,apis.google.com
2014-02-21 12:14:25,accounts.google.com
2014-02-21 12:14:25,www.le-dictionnaire.com
2014-02-21 12:14:35,www.le-dictionnaire.com
2014-02-21 12:14:36,www.le-dictionnaire.com
2014-02-21 12:14:36,www.google.com
2014-02-21 12:14:36,loadr.exelator.com
2014-02-21 12:14:45,www.le-dictionnaire.com
2014-02-21 12:14:46,adventori.com
2014-02-21 12:14:46,fpdownload2.macromedia.com
2014-02-21 12:14:51,www.facebook.com
2014-02-21 12:14:51,www.le-dictionnaire.com
2014-02-21 12:14:54,www.google.fr
2014-02-21 12:14:54,www.larousse.fr
2014-02-21 12:14:54,apis.google.com
2014-02-21 12:14:55,s-static.ak.facebook.com
2014-02-21 12:14:55,www.larousse.fr
2014-02-21 12:14:55,static.ak.facebook.com
2014-02-21 12:14:55,www.google.fr
2014-02-21 12:14:55,apis.google.com
2014-02-21 12:14:55,connect.facebook.net
2014-02-21 12:14:55,platform.twitter.com
2014-02-21 12:14:55,www.aldaniti.net
2014-02-21 12:14:55,www.facebook.com
2014-02-21 12:14:55,accounts.google.com
2014-02-21 12:14:56,apis.google.com
2014-02-21 12:14:56,platform.twitter.com
2014-02-21 12:14:57,ksvzyt5fp1.s.ad6media.fr
2014-02-21 12:14:58,platform.twitter.com
2014-02-21 12:14:59,www.larousse.fr
2014-02-21 12:15:00,www.larousse.fr
2014-02-21 12:15:00,static.ak.facebook.com
2014-02-21 12:15:00,s-static.ak.facebook.com
2014-02-21 12:15:00,apis.google.com
2014-02-21 12:15:00,www.aldaniti.net
2014-02-21 12:15:00,www.facebook.com
2014-02-21 12:15:01,www.facebook.com
2014-02-21 12:15:02,x2.vindicosuite.com
2014-02-21 12:15:03,pbs.twimg.com
2014-02-21 12:15:03,platform.twitter.com
2014-02-21 12:15:05,twitter.com
2014-02-21 12:15:06,twitter.com
2014-02-21 12:15:10,platform.twitter.com
2014-02-21 12:15:10,www.facebook.com
2014-02-21 12:15:10,apis.google.com
2014-02-21 12:15:10,s-static.ak.facebook.com
2014-02-21 12:15:10,twitter.com
2014-02-21 12:15:10,www.aldaniti.net
2014-02-21 12:15:10,x2.vindicosuite.com
2014-02-21 12:15:10,static.ak.facebook.com
2014-02-21 12:15:11,www.facebook.com
2014-02-21 12:15:42,www.google.fr
2014-02-21 12:15:42,fr.wikipedia.org
2014-02-21 12:15:43,bits.wikimedia.org
2014-02-21 12:15:43,login.wikimedia.org
2014-02-21 12:15:43,meta.wikimedia.org
2014-02-21 12:15:43,fr.wikipedia.org
2014-02-21 12:15:51,clients1.google.fr
2014-02-21 12:15:51,www.google.fr
2014-02-21 12:15:59,www.aldaniti.net
2014-02-21 12:16:04,www.aldaniti.net
2014-02-21 12:16:13,www.aldaniti.net
2014-02-21 12:19:59,www.google.fr
2014-02-21 12:20:36,www.google.fr
2014-02-21 12:53:16,player.vimeo.com
2014-02-24 15:00:42,armmf.adobe.com
2014-02-24 15:00:47,armmf.adobe.com
2014-02-24 15:01:32,armmf.adobe.com
2014-02-24 15:01:34,armmf.adobe.com
2014-02-24 15:04:50,javadl-esd-secure.oracle.com
2014-02-24 15:19:45,www.google.com
2014-02-24 15:19:59,www.google.fr
2014-02-24 15:20:03,www.google.fr
2014-02-24 15:20:06,www.google.com
2014-02-24 15:20:06,apis.google.com
2014-02-24 15:20:10,go.microsoft.com
2014-02-24 15:20:10,ieonline.microsoft.com
2014-02-24 15:20:46,javadl-esd-secure.oracle.com
2014-02-24 15:21:54,www.google.fr
2014-02-24 15:21:54,apis.google.com
2014-02-24 15:21:54,www.google.com
2014-02-24 15:22:53,ieonline.microsoft.com
2014-03-17 15:11:55,ieonline.microsoft.com
2014-03-17 15:14:39,www.google.fr
2014-03-17 15:14:51,www.google.fr
2014-03-17 15:14:52,apis.google.com
2014-03-17 15:14:54,www.google.com
2014-03-17 15:17:34,www.google.com
2014-03-17 15:17:34,www.google.fr
2014-03-17 15:17:34,apis.google.com
2014-03-17 15:23:16,www.google.fr
2014-03-17 15:23:28,www.google.fr
2014-03-17 15:24:50,www.google.fr
2014-03-17 15:25:53,www.google.fr
2014-03-17 15:25:54,www.hotmail.com
2014-03-17 15:25:54,www.google.fr
2014-03-17 15:26:03,login.live.com
2014-03-17 15:26:14,login.live.com
2014-03-17 15:26:18,www.google.fr
2014-03-17 15:26:33,www.google.fr
2014-03-17 15:26:44,login.live.com
2014-03-17 15:26:52,mail.live.com
2014-03-17 15:26:57,cid-277b0535ffd5ea77.users.storage.live.com
2014-03-17 15:26:57,bay169.mail.live.com
2014-03-17 15:26:58,people.directory.live.com
2014-03-17 15:26:59,bay169.mail.live.com
2014-03-17 15:26:59,js.live.net
2014-03-17 15:26:59,byfiles.storage.msn.com
2014-03-17 15:26:59,h2.msn.com
2014-03-17 15:27:00,h2.msn.com
2014-03-17 15:27:01,g.msn.com
2014-03-17 15:27:01,go.trouter.io
2014-03-17 15:27:01,secure.shared.live.com
2014-03-17 15:27:02,h.live.com
2014-03-17 15:27:02,storage.live.com
2014-03-17 15:27:03,h.live.com
2014-03-17 15:27:04,h.live.com
2014-03-17 15:27:04,storage.live.com
2014-03-17 15:27:05,bay169.mail.live.com
2014-03-17 15:27:05,h.live.com
2014-03-17 15:27:06,h.live.com
2014-03-17 15:27:15,bay169.mail.live.com
2014-03-17 15:27:24,secure.shared.live.com
2014-03-17 15:27:35,g.msn.com
2014-03-17 15:27:59,go.trouter.io
2014-03-17 15:28:00,h.live.com
2014-03-17 15:28:00,bay169.mail.live.com
2014-03-17 15:28:00,g.msn.com
2014-03-17 15:28:00,people.directory.live.com
2014-03-17 15:40:09,www.google.fr
2014-03-17 15:40:24,www.google.fr
2014-03-17 15:40:25,apis.google.com
2014-03-17 15:40:27,www.google.com
2014-03-17 15:40:28,www.google.fr
2014-03-17 15:40:33,apis.google.com
2014-03-17 15:40:33,www.google.fr
2014-03-17 15:40:33,www.hotmail.com
2014-03-17 15:40:33,www.google.com
2014-03-17 15:40:43,login.live.com
2014-03-17 15:40:51,login.live.com
2014-03-17 15:40:57,www.google.fr
2014-03-17 15:41:12,login.live.com
2014-03-17 15:41:16,login.live.com
2014-03-17 15:41:20,mail.live.com
2014-03-17 15:41:23,bay169.mail.live.com
2014-03-17 15:41:23,cid-277b0535ffd5ea77.users.storage.live.com
2014-03-17 15:41:26,h2.msn.com
2014-03-17 15:41:26,people.directory.live.com
2014-03-17 15:41:26,bay169.mail.live.com
2014-03-17 15:41:30,h.live.com
2014-03-17 15:41:31,h.live.com
2014-03-17 15:41:32,h.live.com
2014-03-17 15:41:32,g.msn.com
2014-03-17 15:41:32,secure.shared.live.com
2014-03-17 15:42:07,dl.patchbeam.com
2014-03-17 15:42:17,js.live.net
2014-03-17 15:42:29,www.powerarchiver.com
2014-03-17 15:42:29,dl.patchbeam.com
2014-03-17 15:42:36,byfiles.storage.msn.com
2014-03-17 15:42:39,storage.live.com
2014-03-17 15:42:40,bay169.mail.live.com
2014-03-17 15:42:41,bay169.mail.live.com
2014-03-17 15:42:52,bay169.afx.ms
2014-03-17 15:43:20,bay169.mail.live.com
2014-03-17 15:44:38,bay169.mail.live.com
2014-03-17 15:45:37,g.msn.com
2014-03-17 15:45:53,bay169.mail.live.com
2014-03-17 15:46:08,h.live.com
2014-03-17 15:46:59,bay169.mail.live.com
2014-03-17 15:47:05,bay169.afx.ms
2014-03-17 15:47:32,people.directory.live.com
2014-03-17 15:48:30,secure.shared.live.com
2014-03-17 15:50:15,zoonek2.free.fr
2014-03-17 15:52:40,proxy-bay-people.directory.live.com
2014-03-17 16:08:19,proxy-bay-people.directory.live.com
2014-03-17 16:08:47,bay169.mail.live.com
2014-03-17 16:09:14,bay169.mail.live.com
2014-03-17 16:09:20,bay169.mail.live.com
2014-03-17 16:09:41,g.msn.com
2014-03-17 16:09:47,bay169.mail.live.com
2014-03-17 16:09:55,bay169.afx.ms
2014-03-17 16:10:01,bay169.afx.ms
2014-03-17 16:10:13,bay169.mail.live.com
2014-03-17 16:10:14,h.live.com
2014-03-17 16:14:06,bay169.afx.ms
2014-03-17 16:14:06,bay169.mail.live.com
2014-03-17 16:14:09,proxy-bay-people.directory.live.com
2014-03-17 16:14:27,h2.msn.com
2014-03-17 16:14:46,h2.msn.com
2014-03-17 16:19:12,proxy-bay-people.directory.live.com
2014-03-17 17:05:11,g.msn.com
2014-03-17 17:05:25,proxy-bay-people.directory.live.com
2014-03-17 17:05:38,h.live.com
2014-03-17 17:05:39,bay169.mail.live.com
2014-03-17 17:05:53,cid-277b0535ffd5ea77.users.storage.live.com
2014-03-19 23:14:11,armmf.adobe.com
2014-03-19 23:14:13,armmf.adobe.com
2014-03-19 23:14:56,armmf.adobe.com
2014-03-19 23:14:58,armmf.adobe.com
2014-03-19 23:18:17,javadl-esd-secure.oracle.com
2014-03-19 23:22:18,www.google.com
2014-03-19 23:22:22,www.google.fr
2014-03-19 23:22:27,www.google.fr
2014-03-19 23:22:29,apis.google.com
2014-03-19 23:22:29,www.google.com
2014-03-19 23:22:49,www.google.fr
2014-03-19 23:22:50,www.hotmail.com
2014-03-19 23:22:50,www.google.com
2014-03-19 23:22:50,apis.google.com
2014-03-19 23:22:51,login.live.com
2014-03-19 23:22:52,login.live.com
2014-03-19 23:22:53,www.google.fr
2014-03-19 23:22:54,www.google.fr
2014-03-19 23:22:55,windowslive.tt.omtrdc.net
2014-03-19 23:23:06,windowslive.tt.omtrdc.net
2014-03-19 23:23:08,login.live.com
2014-03-19 23:23:21,windowslive.tt.omtrdc.net
2014-03-19 23:23:23,login.live.com
2014-03-19 23:23:24,login.live.com
2014-03-19 23:23:27,mail.live.com
2014-03-19 23:23:27,h2.msn.com
2014-03-19 23:23:29,bay169.mail.live.com
2014-03-19 23:23:30,h.live.com
2014-03-19 23:23:30,people.directory.live.com
2014-03-19 23:23:30,bay169.mail.live.com
2014-03-19 23:23:31,bay169.mail.live.com
2014-03-19 23:23:31,h2.msn.com
2014-03-19 23:23:32,g.msn.com
2014-03-19 23:23:32,cid-277b0535ffd5ea77.users.storage.live.com
2014-03-19 23:23:32,people.directory.live.com
2014-03-19 23:23:34,h.live.com
2014-03-19 23:23:35,h.live.com
2014-03-19 23:23:35,secure.shared.live.com
2014-03-19 23:23:36,byfiles.storage.msn.com
2014-03-19 23:23:36,js.live.net
2014-03-19 23:23:37,g.msn.com
2014-03-19 23:23:37,secure.shared.live.com
2014-03-19 23:23:38,storage.live.com
2014-03-19 23:23:38,go.trouter.io
2014-03-19 23:23:48,bay169.mail.live.com
2014-03-19 23:24:04,secure.shared.live.com
2014-03-19 23:24:07,go.microsoft.com
2014-03-19 23:24:07,ieonline.microsoft.com
2014-03-19 23:24:16,g.msn.com
2014-03-19 23:24:47,g.msn.com
2014-03-19 23:24:49,h.live.com
2014-03-19 23:25:04,bay169.mail.live.com
2014-03-19 23:25:09,bay169.afx.ms
2014-03-19 23:25:10,ieonline.microsoft.com
2014-03-19 23:25:25,bay169.mail.live.com
2014-03-19 23:26:37,bay169.mail.live.com
2014-03-19 23:26:40,javadl-esd-secure.oracle.com
2014-03-19 23:26:43,go.trouter.io
2014-03-19 23:26:46,dl.javafx.com
2014-03-20 13:52:38,javadl-esd-secure.oracle.com
2014-03-20 14:25:35,javadl-esd-secure.oracle.com
2014-03-20 14:25:44,ieonline.microsoft.com
2014-03-20 14:27:43,go.microsoft.com
2014-03-20 14:28:46,ieonline.microsoft.com
2014-03-24 10:45:49,www.google.com
2014-03-24 10:45:49,www.google.fr
2014-03-24 10:45:52,www.google.fr
2014-03-24 10:45:54,www.google.com
2014-03-24 10:45:55,apis.google.com
2014-03-24 10:46:05,www.google.com
2014-03-24 10:46:05,www.google.fr
2014-03-24 10:46:06,login.live.com
2014-03-24 10:46:06,www.hotmail.fr
2014-03-24 10:46:08,login.live.com
2014-03-24 10:46:08,apis.google.com
2014-03-24 10:46:08,www.google.fr
2014-03-24 10:46:09,windowslive.tt.omtrdc.net
2014-03-24 10:46:09,www.google.fr
2014-03-24 10:46:20,windowslive.tt.omtrdc.net
2014-03-24 10:46:29,login.live.com
2014-03-24 10:46:30,login.live.com
2014-03-24 10:46:34,mail.live.com
2014-03-24 10:46:36,h2.msn.com
2014-03-24 10:46:37,bay169.mail.live.com
2014-03-24 10:46:37,people.directory.live.com
2014-03-24 10:46:38,h2.msn.com
2014-03-24 10:46:38,cid-277b0535ffd5ea77.users.storage.live.com
2014-03-24 10:46:38,h.live.com
2014-03-24 10:46:39,g.msn.com
2014-03-24 10:46:39,people.directory.live.com
2014-03-24 10:46:39,h.live.com
2014-03-24 10:46:41,byfiles.storage.msn.com
2014-03-24 10:46:41,bay169.mail.live.com
2014-03-24 10:46:41,h.live.com
2014-03-24 10:46:42,secure.shared.live.com
2014-03-24 10:47:08,h.live.com
2014-03-24 10:47:08,js.live.net
2014-03-24 10:47:09,secure.shared.live.com
2014-03-24 10:47:23,h.live.com
2014-03-24 10:47:29,bay169.mail.live.com
2014-03-24 10:47:29,go.trouter.io
2014-03-24 10:47:30,storage.live.com
2014-03-24 10:47:49,go.microsoft.com
2014-03-24 10:47:49,ieonline.microsoft.com
2014-03-24 10:48:10,secure.shared.live.com
2014-03-24 10:48:16,h2.msn.com
2014-03-24 10:48:35,g.msn.com
2014-03-24 10:48:43,go.trouter.io
2014-03-24 10:48:45,cid-277b0535ffd5ea77.users.storage.live.com
2014-03-24 10:48:45,g.msn.com
2014-03-24 10:48:45,h.live.com
2014-03-24 10:48:45,bay169.mail.live.com
2014-03-25 09:55:44,www.google.fr
2014-03-25 09:55:56,www.google.fr
2014-03-25 09:55:57,apis.google.com
2014-03-25 09:55:59,www.google.com
2014-03-25 09:56:01,www.google.com
2014-03-25 09:56:01,accounts.google.com
2014-03-25 09:56:04,www.google.fr
2014-03-25 09:56:11,www.google.fr
2014-03-25 09:56:15,accounts.youtube.com
2014-03-25 09:56:16,accounts.google.fr
2014-03-25 09:56:17,clients1.google.fr
2014-03-25 09:56:20,apis.google.com
2014-03-25 09:56:22,mail.google.com
2014-03-25 09:56:22,plus.google.com
2014-03-25 09:56:23,accounts.google.fr
2014-03-25 09:56:23,www.google.fr
2014-03-25 09:56:24,clients1.google.fr
2014-03-25 09:56:24,www.google.com
2014-03-25 09:56:24,accounts.google.com
2014-03-25 09:56:24,apis.google.com
2014-03-25 09:56:24,clients2.google.com
2014-03-25 09:56:24,mail.google.com
2014-03-25 09:56:24,plus.google.com
2014-03-25 09:56:25,clients2.google.com
2014-03-25 09:56:27,apis.google.com
2014-03-25 09:56:27,plus.google.com
2014-03-25 09:56:27,accounts.google.com
2014-03-25 09:56:27,drive.google.com
2014-03-25 09:56:28,mail.google.com
2014-03-25 09:56:28,chatenabled.mail.google.com
2014-03-25 09:56:38,mail.google.com
2014-03-25 09:56:57,mail.google.com
2014-03-25 09:56:57,clients6.google.com
2014-03-25 09:58:55,ieonline.microsoft.com
2014-03-25 10:00:27,drive.google.com
2014-03-25 10:00:27,plus.google.com
2014-03-25 10:00:28,chatenabled.mail.google.com
2014-03-25 10:00:57,apis.google.com
2014-03-25 10:00:58,clients6.google.com
2014-03-25 10:01:26,mail.google.com
2014-03-25 10:01:27,plus.google.com
2014-03-25 10:01:27,mail.google.com
2014-03-27 13:15:46,ieonline.microsoft.com
2014-03-27 13:15:49,www.google.fr
2014-03-27 13:15:50,www.google.com
2014-03-27 13:16:58,www.google.fr
2014-03-27 13:16:59,www.google.com
2014-03-27 13:17:00,apis.google.com
2014-03-27 13:17:02,accounts.google.com
2014-03-27 13:17:02,accounts.youtube.com
2014-03-27 13:17:08,accounts.google.fr
2014-03-27 13:17:08,apis.google.com
2014-03-27 13:17:09,www.google.fr
2014-03-27 13:17:10,clients1.google.fr
2014-03-27 13:17:10,www.google.com
2014-03-27 13:17:11,drive.google.com
2014-03-27 13:17:11,plus.google.com
2014-03-27 13:17:12,www.google.fr
2014-03-27 13:17:12,accounts.google.fr
2014-03-27 13:17:12,accounts.google.com
2014-03-27 13:17:12,accounts.youtube.com
2014-03-27 13:17:13,www.google.fr
2014-03-27 13:17:13,clients1.google.fr
2014-03-27 13:17:13,www.google.com
2014-03-27 13:17:14,drive.google.com
2014-03-27 13:17:15,apis.google.com
2014-03-27 13:17:16,0.drive.google.com
2014-03-27 13:17:16,plus.google.com
2014-03-27 13:17:18,0.drive.google.com
2014-03-27 13:17:19,drive.google.com
2014-03-27 13:17:20,docs.google.com
2014-03-27 13:17:20,drive.google.com
2014-03-27 13:17:20,plus.google.com
2014-03-27 13:17:21,plus.google.com
2014-03-27 13:17:21,docs.google.com
2014-03-27 13:17:22,docs.google.com
2014-03-27 13:17:24,docs.google.com
2014-03-27 13:17:25,docs.google.com
2014-03-27 13:17:26,docs.google.com
2014-03-27 13:17:26,drive.google.com
2014-03-27 13:17:26,www.google.fr
2014-03-27 13:17:27,docs.google.com
2014-03-27 13:17:28,docs.google.com
2014-03-27 13:17:29,docs.google.com
2014-03-27 13:17:30,docs.google.com
2014-03-27 13:17:30,clients1.google.fr
2014-03-27 13:17:31,clients1.google.fr
2014-03-27 13:17:32,apis.google.com
2014-03-27 13:17:32,drive.google.com
2014-03-27 13:17:32,plus.google.com
2014-03-27 13:17:33,docs.google.com
2014-03-27 13:17:33,drive.google.com
2014-03-27 13:17:33,0.drive.google.com
2014-03-27 13:17:37,plus.google.com
2014-03-27 13:17:45,ieonline.microsoft.com
2014-03-27 13:17:45,go.microsoft.com
2014-03-27 13:18:14,accounts.google.com
2014-03-27 13:18:14,www.google.com
2014-03-27 13:18:14,mail.google.com
2014-03-27 13:18:17,www.google.fr
2014-03-27 13:18:17,clients1.google.fr
2014-03-27 13:18:17,plus.google.com
2014-03-27 13:18:18,accounts.google.com
2014-03-27 13:18:18,www.google.com
2014-03-27 13:18:18,clients2.google.com
2014-03-27 13:18:18,apis.google.com
2014-03-27 13:18:19,mail.google.com
2014-03-27 13:18:22,apis.google.com
2014-03-27 13:18:22,plus.google.com
2014-03-27 13:18:22,clients2.google.com
2014-03-27 13:18:25,mail.google.com
2014-03-27 13:18:25,chatenabled.mail.google.com
2014-03-27 13:18:25,accounts.google.com
2014-03-27 13:18:34,drive.google.com
2014-03-27 13:18:34,mail.google.com
2014-03-27 13:18:46,mail.google.com
2014-03-27 13:18:47,clients6.google.com
2014-03-27 13:18:47,mail.google.com
2014-03-27 13:18:47,chatenabled.mail.google.com
2014-03-27 13:18:47,plus.google.com
2014-03-27 14:38:20,office14client.microsoft.com
2014-03-27 14:38:21,office.microsoft.com
2014-03-27 14:38:23,office.microsoft.com
2014-03-27 15:28:13,www.google.com
2014-03-27 15:28:16,www.google.fr
2014-03-27 15:28:18,www.google.fr
2014-03-27 15:28:21,www.google.com
2014-03-27 15:28:22,apis.google.com
2014-03-27 15:28:31,www.google.com
2014-03-27 15:28:31,www.google.fr
2014-03-27 15:28:32,www.hotmail.com
2014-03-27 15:28:32,login.live.com
2014-03-27 15:28:34,apis.google.com
2014-03-27 15:28:34,www.google.fr
2014-03-27 15:28:34,login.live.com
2014-03-27 15:28:36,www.google.fr
2014-03-27 15:28:37,windowslive.tt.omtrdc.net
2014-03-27 15:28:47,login.live.com
2014-03-27 15:28:48,windowslive.tt.omtrdc.net
2014-03-27 15:28:48,login.live.com
2014-03-27 15:28:53,mail.live.com
2014-03-27 15:28:56,cid-277b0535ffd5ea77.users.storage.live.com
2014-03-27 15:28:56,bay169.mail.live.com
2014-03-27 15:28:56,people.directory.live.com
2014-03-27 15:28:57,h.live.com
2014-03-27 15:28:58,h2.msn.com
2014-03-27 15:28:58,h.bing.com
2014-03-27 15:28:58,g.msn.com
2014-03-27 15:28:58,people.directory.live.com
2014-03-27 15:28:58,h.live.com
2014-03-27 15:29:00,h.bing.com
2014-03-27 15:29:02,h.bing.com
2014-03-27 15:29:03,h.live.com
2014-03-27 15:29:04,secure.shared.live.com
2014-03-27 15:29:05,byfiles.storage.msn.com
2014-03-27 15:29:06,js.live.net
2014-03-27 15:29:06,bay169.mail.live.com
2014-03-27 15:29:07,secure.shared.live.com
2014-03-27 15:29:10,bay169.mail.live.com
2014-03-27 15:29:12,go.trouter.io
2014-03-27 15:29:14,g.msn.com
2014-03-27 15:29:17,storage.live.com
2014-03-27 15:29:17,bay169.mail.live.com
2014-03-27 15:29:17,h2.msn.com
2014-03-27 15:29:18,h2.msn.com
2014-03-27 15:29:23,g.msn.com
2014-03-27 15:29:23,secure.shared.live.com
2014-03-27 15:29:23,h.live.com
2014-03-27 15:29:23,bay169.mail.live.com
2014-03-27 15:29:23,cid-277b0535ffd5ea77.users.storage.live.com
2014-03-27 15:29:25,bay169.mail.live.com
2014-03-27 15:29:29,word-view.officeapps.live.com
2014-03-27 15:29:32,word-view.officeapps.live.com
2014-03-27 15:29:36,word-view.officeapps.live.com
2014-03-27 15:29:41,bay169.mail.live.com
2014-03-27 15:30:05,bay169.mail.live.com
2014-03-27 15:30:06,g.msn.com
2014-03-27 15:30:06,bay169.mail.live.com
2014-03-27 15:30:13,ieonline.microsoft.com
2014-03-27 15:30:13,go.microsoft.com
2014-03-27 15:31:05,bay169.mail.live.com
2014-03-27 15:31:09,h.live.com
2014-03-27 15:32:03,word-view.officeapps.live.com
2014-03-27 15:32:10,bay169.mail.live.com
2014-03-27 15:32:15,word-view.officeapps.live.com
2014-03-27 15:32:20,word-view.officeapps.live.com
2014-03-27 15:32:20,bay169.mail.live.com
2014-03-27 15:32:23,bay169.mail.live.com
2014-03-27 15:32:28,h.live.com
2014-03-27 15:32:35,bay169.mail.live.com
2014-03-27 15:32:36,people.directory.live.com
2014-03-27 15:32:36,word-view.officeapps.live.com
2014-03-27 15:32:38,bay169.mail.live.com
2014-03-27 15:32:39,bay169.mail.live.com
2014-03-27 15:33:06,g.msn.com
2014-03-27 15:33:25,go.trouter.io
2014-03-27 15:33:36,h.live.com
2014-03-27 15:33:36,storage.live.com
2014-03-27 15:33:46,go.trouter.io
2014-03-27 15:33:47,bay169.mail.live.com
2014-03-27 21:20:57,www.google.fr
2014-03-27 21:21:01,www.google.com
2014-03-27 21:21:09,www.google.fr
2014-03-27 21:21:11,www.google.com
2014-03-27 21:21:11,apis.google.com
2014-03-27 21:21:12,apis.google.com
2014-03-27 21:21:12,accounts.google.com
2014-03-27 21:21:12,accounts.youtube.com
2014-03-27 21:21:15,www.google.fr
2014-03-27 21:21:15,accounts.google.fr
2014-03-27 21:21:17,www.google.com
2014-03-27 21:21:17,plus.google.com
2014-03-27 21:21:17,clients1.google.fr
2014-03-27 21:21:18,mail.google.com
2014-03-27 21:21:20,accounts.youtube.com
2014-03-27 21:21:20,accounts.google.fr
2014-03-27 21:21:21,accounts.google.com
2014-03-27 21:21:21,www.google.com
2014-03-27 21:21:21,clients1.google.fr
2014-03-27 21:21:21,www.google.fr
2014-03-27 21:21:22,clients2.google.com
2014-03-27 21:21:22,mail.google.com
2014-03-27 21:21:22,apis.google.com
2014-03-27 21:21:23,plus.google.com
2014-03-27 21:21:23,www.google.com
2014-03-27 21:21:23,clients2.google.com
2014-03-27 21:21:23,apis.google.com
2014-03-27 21:21:23,mail.google.com
2014-03-27 21:21:24,accounts.google.com
2014-03-27 21:21:24,plus.google.com
2014-03-27 21:21:24,apis.google.com
2014-03-27 21:21:25,chatenabled.mail.google.com
2014-03-27 21:21:25,mail.google.com
2014-03-27 21:21:47,mail.google.com
2014-03-27 21:22:33,mail.google.com
2014-03-27 21:22:36,chatenabled.mail.google.com
2014-03-27 21:22:36,mail.google.com
2014-03-27 21:22:44,mail.google.com
2014-03-27 21:22:45,mail.google.com
2014-03-27 21:22:45,chatenabled.mail.google.com
2014-03-27 21:22:45,plus.google.com
2014-03-27 21:22:45,ieonline.microsoft.com
2014-03-27 21:22:45,go.microsoft.com
2014-03-27 21:33:38,www.google.fr
2014-03-27 21:33:41,www.google.fr
2014-03-27 21:33:42,www.google.com
2014-03-27 21:33:43,apis.google.com
2014-03-27 21:33:52,www.google.fr
2014-03-27 21:33:53,sourceforge.net
2014-03-27 21:33:53,consent-st.truste.com
2014-03-27 21:33:53,www.google.fr
2014-03-27 21:33:53,apis.google.com
2014-03-27 21:33:53,www.google.com
2014-03-27 21:33:53,a.fsdn.com
2014-03-27 21:33:54,a.fsdn.com
2014-03-27 21:33:55,sourceforge.net
2014-03-27 21:33:55,fpdownload2.macromedia.com
2014-03-27 21:33:55,a.fsdn.com
2014-03-27 21:33:55,consent-st.truste.com
2014-03-27 21:33:56,a.fsdn.com
2014-03-27 21:33:56,ajax.googleapis.com
2014-03-27 21:33:56,www.google.com
2014-03-27 21:33:56,sourceforge.net
2014-03-27 21:33:56,secure.gravatar.com
2014-03-27 21:33:56,images.sourceforge.net
2014-03-27 21:33:57,ajax.googleapis.com
2014-03-27 21:33:57,sourceforge.net
2014-03-27 21:33:57,www.google.com
2014-03-27 21:33:57,d.startpagea.com
2014-03-27 21:33:58,www.google.com
2014-03-27 21:33:59,a.fsdn.com
2014-03-27 21:52:50,www.google.fr
2014-03-27 21:52:53,www.google.fr
2014-03-27 21:52:54,www.google.com
2014-03-27 21:52:55,apis.google.com
2014-03-27 21:52:57,accounts.google.com
2014-03-27 21:52:58,accounts.youtube.com
2014-03-27 21:52:58,apis.google.com
2014-03-27 21:53:00,accounts.google.fr
2014-03-27 21:53:00,www.google.fr
2014-03-27 21:53:00,www.google.com
2014-03-27 21:53:01,clients1.google.fr
2014-03-27 21:53:01,www.google.com
2014-03-27 21:53:01,plus.google.com
2014-03-27 21:53:02,mail.google.com
2014-03-27 21:53:03,accounts.google.fr
2014-03-27 21:53:03,accounts.youtube.com
2014-03-27 21:53:03,www.google.fr
2014-03-27 21:53:04,www.google.fr
2014-03-27 21:53:04,clients1.google.fr
2014-03-27 21:53:05,clients2.google.com
2014-03-27 21:53:05,accounts.google.com
2014-03-27 21:53:05,mail.google.com
2014-03-27 21:53:05,www.google.com
2014-03-27 21:53:06,plus.google.com
2014-03-27 21:53:07,mail.google.com
2014-03-27 21:53:07,clients2.google.com
2014-03-27 21:53:08,chatenabled.mail.google.com
2014-03-27 21:53:08,mail.google.com
2014-03-27 21:53:09,plus.google.com
2014-03-27 21:53:10,plus.google.com
2014-03-27 21:53:10,mail.google.com
2014-03-27 21:53:10,apis.google.com
2014-03-27 21:53:10,chatenabled.mail.google.com
2014-03-27 21:53:10,accounts.google.com
2014-03-27 21:53:11,drive.google.com
2014-03-27 21:53:11,mail.google.com
2014-03-27 21:53:15,drive.google.com
2014-03-27 21:53:41,mail.google.com
2014-03-27 21:53:41,clients6.google.com
2014-03-27 21:55:00,ieonline.microsoft.com
2014-03-27 21:55:00,go.microsoft.com
2014-03-27 21:56:44,mail.google.com
2014-03-27 21:56:45,drive.google.com
2014-03-27 21:56:45,mail.google.com
2014-03-27 21:56:45,plus.google.com
2014-03-27 21:56:45,clients6.google.com
2014-03-27 21:56:45,apis.google.com
2014-03-27 23:22:12,cran.r-project.org
2014-03-27 23:22:16,cran.irsn.fr
2014-03-27 23:22:17,www.stats.ox.ac.uk
2014-03-27 23:22:18,cran.irsn.fr
2014-03-27 23:22:19,cran.irsn.fr
2014-03-27 23:39:25,www.google.fr
2014-03-27 23:39:27,www.google.fr
2014-03-27 23:39:28,www.google.com
2014-03-27 23:39:29,apis.google.com
2014-03-27 23:39:29,accounts.google.com
2014-03-27 23:39:30,accounts.youtube.com
2014-03-27 23:39:30,www.google.fr
2014-03-27 23:39:31,www.google.fr
2014-03-27 23:39:32,www.google.com
2014-03-27 23:39:32,accounts.google.fr
2014-03-27 23:39:32,apis.google.com
2014-03-27 23:39:33,clients1.google.fr
2014-03-27 23:39:33,plus.google.com
2014-03-27 23:39:34,mail.google.com
2014-03-27 23:39:35,www.google.fr
2014-03-27 23:39:35,accounts.google.fr
2014-03-27 23:39:35,accounts.youtube.com
2014-03-27 23:39:36,www.google.fr
2014-03-27 23:39:36,clients1.google.fr
2014-03-27 23:39:37,www.google.com
2014-03-27 23:39:37,mail.google.com
2014-03-27 23:39:37,accounts.google.com
2014-03-27 23:39:38,clients2.google.com
2014-03-27 23:39:38,plus.google.com
2014-03-27 23:39:39,plus.google.com
2014-03-27 23:39:39,mail.google.com
2014-03-27 23:39:40,clients2.google.com
2014-03-27 23:39:41,accounts.google.com
2014-03-27 23:39:41,plus.google.com
2014-03-27 23:39:41,apis.google.com
2014-03-27 23:39:41,mail.google.com
2014-03-27 23:39:41,chatenabled.mail.google.com
2014-03-27 23:39:42,chatenabled.mail.google.com
2014-03-27 23:39:53,mail.google.com
2014-03-27 23:40:12,mail.google.com
2014-03-27 23:40:13,clients6.google.com
2014-03-27 23:40:13,mail.google.com
2014-03-27 23:41:40,mail.google.com
2014-03-27 23:42:10,ieonline.microsoft.com
2014-03-27 23:43:43,plus.google.com
2014-03-27 23:44:13,apis.google.com
2014-03-27 23:44:13,clients6.google.com
2014-03-27 23:44:39,plus.google.com
2014-03-27 23:47:08,mail.google.com
2014-03-28 09:45:12,ieonline.microsoft.com
2014-03-28 13:15:35,gtglobal-ocsp.geotrust.com
2014-03-28 13:15:35,clients1.google.com
2014-03-28 13:15:37,www.google.fr
2014-03-28 13:15:39,gtssl2-ocsp.geotrust.com
2014-03-28 13:15:42,gtssl-ocsp.geotrust.com
2014-03-28 13:16:00,gtssl-ocsp.geotrust.com
2014-03-28 13:16:02,safebrowsing.clients.google.com
2014-03-28 13:16:02,safebrowsing-cache.google.com
2014-03-28 13:16:12,ui.ptlogin2.qq.com
2014-03-28 13:16:15,r99.res.qqmail.com
2014-03-28 13:16:16,r99.res.qqmail.com
2014-03-28 13:16:17,r99.res.qqmail.com
2014-03-28 13:16:18,wp.mail.qq.com
2014-03-28 13:16:19,r99.res.qqmail.com
2014-03-28 13:16:20,r99.res.qqmail.com
2014-03-28 13:16:24,ui.ptlogin2.qq.com
2014-03-28 13:16:33,gtssl-ocsp.geotrust.com
2014-03-28 13:16:39,r99.res.qqmail.com
2014-03-28 13:16:48,wp.mail.qq.com
2014-03-28 13:16:49,res.mail.qq.com
2014-03-28 13:17:13,go.microsoft.com
2014-03-28 13:17:13,shell.windows.com
2014-03-28 13:17:14,shell.windows.com
2014-03-28 13:17:15,shell.windows.com
2014-03-28 13:17:18,wp.mail.qq.com
2014-03-28 13:17:50,wp.mail.qq.com
2014-03-28 13:18:23,wp.mail.qq.com
2014-03-28 13:18:27,go.microsoft.com
2014-03-28 13:18:28,shell.windows.com
2014-03-28 13:18:31,www.google.com
2014-03-28 13:18:32,apis.google.com
2014-03-28 13:18:32,www.google.fr
2014-03-28 13:18:54,wp.mail.qq.com
2014-03-28 13:18:57,sb-ssl.google.com
2014-03-28 13:19:24,wp.mail.qq.com
2014-03-28 13:19:41,r99.res.qqmail.com
2014-03-28 13:19:54,wp.mail.qq.com
2014-03-28 13:20:24,wp.mail.qq.com
2014-03-28 13:20:56,wp.mail.qq.com
2014-03-28 13:21:26,wp.mail.qq.com
2014-03-28 13:21:31,ocsp.thawte.com
2014-03-28 13:21:59,wp.mail.qq.com
2014-03-28 13:22:32,wp.mail.qq.com
2014-03-28 17:53:47,gtglobal-ocsp.geotrust.com
2014-03-28 17:53:47,clients1.google.com
2014-03-28 17:53:49,clients1.google.com
2014-03-28 17:53:50,clients1.google.com
2014-03-28 17:53:54,evsecure-ocsp.verisign.com
2014-03-28 17:53:54,outlook.com
2014-03-28 17:53:54,www.google.fr
2014-03-28 17:53:54,login.live.com
2014-03-28 17:53:55,ocsp.digicert.com
2014-03-28 17:53:55,evintl-ocsp.verisign.com
2014-03-28 17:53:55,login.live.com
2014-03-28 17:53:56,ocsp.digicert.com
2014-03-28 17:54:06,windowslive.tt.omtrdc.net
2014-03-28 17:54:40,gtssl-ocsp.geotrust.com
2014-03-28 17:55:50,www.outlook.com
2014-03-28 17:55:56,login.live.com
2014-03-28 17:55:56,evintl-ocsp.verisign.com
2014-03-28 17:56:02,ocsp.verisign.com
2014-03-28 17:56:12,windowslive.tt.omtrdc.net
2014-03-28 17:56:46,apis.google.com
2014-03-28 17:56:47,www.google.com
2014-03-28 17:56:47,www.google.fr
2014-03-28 17:56:57,mail.live.com
2014-03-28 17:57:04,h.bing.com
2014-03-28 17:57:05,cid-30ea233a6f688044.users.storage.live.com
2014-03-28 17:57:06,h.live.com
2014-03-28 17:57:08,people.directory.live.com
2014-03-28 17:57:08,byfiles.storage.live.com
2014-03-28 17:57:10,storage.live.com
2014-03-28 17:57:13,h.live.com
2014-03-28 17:57:33,safebrowsing-cache.google.com
2014-03-28 17:57:33,safebrowsing.clients.google.com
2014-03-28 17:57:34,h.live.com
2014-03-28 17:57:34,dub124.mail.live.com
2014-03-28 17:57:35,dub124.mail.live.com
2014-03-28 17:57:36,dub124.mail.live.com
2014-03-28 17:57:40,dub124.afx.ms
2014-03-28 17:57:56,dub124.mail.live.com
2014-03-28 17:57:59,js.live.net
2014-03-28 17:58:00,go.trouter.io
2014-03-28 17:58:01,secure.shared.live.com
2014-03-28 17:58:08,a248.e.akamai.net
2014-03-28 17:59:06,clients1.google.com
2014-03-28 17:59:07,www.google.fr
2014-03-28 17:59:08,www.google.com
2014-03-28 17:59:08,clients1.google.com
2014-03-28 17:59:08,dc1w54.wysistat.com
2014-03-28 17:59:08,emailretargeting.com
2014-03-28 17:59:08,www.dominos.fr
2014-03-28 17:59:08,www.google.fr
2014-03-28 17:59:09,www.google.fr
2014-03-28 17:59:10,dub124.mail.live.com
2014-03-28 17:59:16,www.dominos.fr
2014-03-28 17:59:16,connect.facebook.net
2014-03-28 17:59:17,www.dominos.fr
2014-03-28 17:59:17,www.google.com
2014-03-28 17:59:17,ocsp.verisign.com
2014-03-28 17:59:17,www.facebook.com
2014-03-28 17:59:17,www.google.fr
2014-03-28 17:59:17,dc1w54.wysistat.com
2014-03-28 17:59:17,static.ak.facebook.com
2014-03-28 17:59:19,www.dominos.fr
2014-03-28 17:59:20,www.google.fr
2014-03-28 17:59:20,www.google.com
2014-03-28 17:59:24,i1-js-14-3-01-11654-887212103-i.init.cedexis-radar.net
2014-03-28 17:59:25,bitgravity.cedexis.com
2014-03-28 17:59:26,bitgravity.cedexis.com
2014-03-28 17:59:29,www.cust01.probe.mediactive-network.net
2014-03-28 17:59:37,ocsp.thawte.com
2014-03-28 18:00:27,sb-ssl.google.com
2014-03-28 18:01:12,s-static.ak.facebook.com
2014-03-28 18:01:37,ocsp.verisign.com
2014-03-28 18:02:01,www.google.com
2014-03-28 18:02:03,www.google.fr
2014-03-28 18:02:05,people.directory.live.com
2014-03-28 18:02:18,www.facebook.com
2014-03-28 18:02:45,login.live.com
2014-03-28 18:02:46,g.live.com
2014-03-28 18:02:46,dub124.mail.live.com
2014-03-28 18:02:47,windowslive.tt.omtrdc.net
2014-03-28 18:02:47,go.trouter.io
2014-03-28 18:02:47,cid-30ea233a6f688044.users.storage.live.com
2014-03-28 18:02:47,dub124.mail.live.com
