timestamp,site
2013-11-28 13:37:14,s-static.ak.facebook.com
2013-11-28 13:37:15,www.facebook.com
2013-11-28 13:37:19,platform.twitter.com
2013-11-28 13:37:24,login.live.com
2013-11-28 13:37:24,pbs.twimg.com
2013-11-28 13:37:28,login.live.com
2013-11-28 13:37:31,twitter.com
2013-11-28 14:29:33,www.facebook.com
2013-11-28 14:29:33,s-static.ak.facebook.com
2013-11-28 14:29:37,platform.twitter.com
2013-11-28 14:29:42,login.live.com
2013-11-28 15:21:50,s-static.ak.facebook.com
2013-11-28 15:21:50,www.facebook.com
2013-11-28 15:21:55,platform.twitter.com
2013-11-28 15:21:58,login.live.com
2013-11-28 15:22:00,login.live.com
2014-02-28 09:22:49,go.microsoft.com
2014-02-28 09:22:50,res1.windows.microsoft.com
2014-02-28 09:22:50,windows.microsoft.com
2014-02-28 09:22:50,js.microsoft.com
2014-02-28 09:22:50,res2.windows.microsoft.com
2014-02-28 09:22:50,ajax.microsoft.com
2014-02-28 09:23:03,www.google.fr
2014-02-28 09:23:06,www.bing.com
2014-02-28 09:25:49,go.microsoft.com
2014-02-28 09:25:49,ieonline.microsoft.com
2014-02-28 10:06:38,www.bing.com
2014-02-28 10:06:39,www.bing.com
2014-02-28 10:06:40,www.bing.com
2014-02-28 10:06:40,login.live.com
2014-02-28 10:08:02,office14client.microsoft.com
2014-02-28 10:08:03,office.microsoft.com
2014-02-28 10:08:04,office.microsoft.com
2014-02-28 10:11:43,www.bing.com
2014-02-28 10:11:44,www.bing.com
2014-02-28 10:11:44,cms.abmr.net
2014-02-28 10:11:45,www.bing.com
2014-02-28 10:11:45,www.ncbi.nlm.nih.gov
2014-02-28 10:11:46,www.ncbi.nlm.nih.gov
2014-02-28 10:11:46,static.pubmed.gov
2014-02-28 10:11:47,www.ncbi.nlm.nih.gov
2014-02-28 10:11:49,www.ncbi.nlm.nih.gov
2014-02-28 10:11:49,blast.ncbi.nlm.nih.gov
2014-02-28 10:11:50,blast.ncbi.nlm.nih.gov
2014-02-28 10:11:54,login.live.com
2014-02-28 10:12:06,blast.ncbi.nlm.nih.gov
2014-02-28 10:12:06,www.ncbi.nlm.nih.gov
2014-02-28 10:12:07,blast.ncbi.nlm.nih.gov
2014-02-28 10:12:27,blast.ncbi.nlm.nih.gov
2014-02-28 10:12:27,www.ncbi.nlm.nih.gov
2014-02-28 10:12:28,blast.ncbi.nlm.nih.gov
2014-02-28 10:12:29,www.ncbi.nlm.nih.gov
2014-02-28 10:12:39,blast.ncbi.nlm.nih.gov
2014-02-28 10:13:11,blast.ncbi.nlm.nih.gov
2014-02-28 10:13:15,blast.ncbi.nlm.nih.gov
2014-02-28 10:13:16,blast.ncbi.nlm.nih.gov
2014-02-28 10:13:17,blast.ncbi.nlm.nih.gov
2014-02-28 10:13:19,www.ncbi.nlm.nih.gov
2014-02-28 10:13:20,blast.ncbi.nlm.nih.gov
2014-02-28 10:13:22,www.ncbi.nlm.nih.gov
2014-02-28 10:13:22,blast.ncbi.nlm.nih.gov
2014-02-28 10:13:24,www.ncbi.nlm.nih.gov
2014-02-28 10:13:25,blast.ncbi.nlm.nih.gov
2014-02-28 10:13:26,www.ncbi.nlm.nih.gov
2014-02-28 10:13:27,blast.ncbi.nlm.nih.gov
2014-02-28 10:13:30,www.ncbi.nlm.nih.gov
2014-02-28 10:13:35,blast.ncbi.nlm.nih.gov
2014-02-28 10:13:37,www.ncbi.nlm.nih.gov
2014-02-28 10:13:47,blast.ncbi.nlm.nih.gov
2014-02-28 10:13:50,www.ncbi.nlm.nih.gov
2014-02-28 10:14:05,blast.ncbi.nlm.nih.gov
2014-02-28 10:14:07,www.ncbi.nlm.nih.gov
2014-02-28 10:14:27,blast.ncbi.nlm.nih.gov
2014-02-28 10:14:29,www.ncbi.nlm.nih.gov
2014-02-28 10:14:32,www.ncbi.nlm.nih.gov
2014-02-28 10:14:33,www.ncbi.nlm.nih.gov
2014-02-28 10:14:34,www.ncbi.nlm.nih.gov
2014-02-28 10:14:44,www.ncbi.nlm.nih.gov
2014-02-28 10:14:55,blast.ncbi.nlm.nih.gov
2014-02-28 10:14:57,www.ncbi.nlm.nih.gov
2014-02-28 10:15:25,blast.ncbi.nlm.nih.gov
2014-02-28 10:15:27,www.ncbi.nlm.nih.gov
2014-02-28 10:15:55,blast.ncbi.nlm.nih.gov
2014-02-28 10:15:57,blast.ncbi.nlm.nih.gov
2014-02-28 10:15:58,blast.ncbi.nlm.nih.gov
2014-02-28 10:16:06,blast.ncbi.nlm.nih.gov
2014-02-28 10:16:07,blast.ncbi.nlm.nih.gov
2014-02-28 10:16:11,blast.ncbi.nlm.nih.gov
2014-02-28 10:16:12,blast.ncbi.nlm.nih.gov
2014-02-28 10:16:14,blast.ncbi.nlm.nih.gov
2014-02-28 10:16:14,www.ncbi.nlm.nih.gov
2014-02-28 10:16:17,www.ncbi.nlm.nih.gov
2014-02-28 10:16:17,blast.ncbi.nlm.nih.gov
2014-02-28 10:16:19,blast.ncbi.nlm.nih.gov
2014-02-28 10:16:19,www.ncbi.nlm.nih.gov
2014-02-28 10:16:21,www.ncbi.nlm.nih.gov
2014-02-28 10:16:22,blast.ncbi.nlm.nih.gov
2014-02-28 10:16:24,www.ncbi.nlm.nih.gov
2014-02-28 10:16:30,blast.ncbi.nlm.nih.gov
2014-02-28 10:16:31,www.ncbi.nlm.nih.gov
2014-02-28 10:16:42,blast.ncbi.nlm.nih.gov
2014-02-28 10:16:44,www.ncbi.nlm.nih.gov
2014-02-28 10:17:00,blast.ncbi.nlm.nih.gov
2014-02-28 10:17:01,www.ncbi.nlm.nih.gov
2014-02-28 10:17:22,blast.ncbi.nlm.nih.gov
2014-02-28 10:17:24,www.ncbi.nlm.nih.gov
2014-02-28 10:17:50,blast.ncbi.nlm.nih.gov
2014-02-28 10:17:52,www.ncbi.nlm.nih.gov
2014-02-28 10:18:21,blast.ncbi.nlm.nih.gov
2014-02-28 10:18:22,www.ncbi.nlm.nih.gov
2014-02-28 10:18:51,blast.ncbi.nlm.nih.gov
2014-02-28 10:18:53,www.ncbi.nlm.nih.gov
2014-02-28 10:19:22,blast.ncbi.nlm.nih.gov
2014-02-28 10:19:23,www.ncbi.nlm.nih.gov
2014-02-28 10:19:52,blast.ncbi.nlm.nih.gov
2014-02-28 10:19:54,www.ncbi.nlm.nih.gov
2014-02-28 10:19:55,www.squid-cache.org
2014-02-28 10:20:11,gtssl-ocsp.geotrust.com
2014-02-28 10:20:22,blast.ncbi.nlm.nih.gov
2014-02-28 10:20:24,www.ncbi.nlm.nih.gov
2014-02-28 10:20:33,clients1.google.com
2014-02-28 10:20:33,gtglobal-ocsp.geotrust.com
2014-02-28 10:20:33,www.google.com
2014-02-28 10:20:36,clients1.google.com
2014-02-28 10:20:39,www.google.fr
2014-02-28 10:20:40,www.phylogeny.fr
2014-02-28 10:20:41,www.phylogeny.fr
2014-02-28 10:20:42,www.phylogeny.fr
2014-02-28 10:20:53,blast.ncbi.nlm.nih.gov
2014-02-28 10:20:55,www.ncbi.nlm.nih.gov
2014-02-28 10:21:24,blast.ncbi.nlm.nih.gov
2014-02-28 10:21:27,www.ncbi.nlm.nih.gov
2014-02-28 10:21:31,safebrowsing.clients.google.com
2014-02-28 10:21:31,safebrowsing-cache.google.com
2014-02-28 10:21:54,blast.ncbi.nlm.nih.gov
2014-02-28 10:21:54,www.ncbi.nlm.nih.gov
2014-02-28 10:21:55,blast.ncbi.nlm.nih.gov
2014-02-28 10:21:56,blast.ncbi.nlm.nih.gov
2014-02-28 10:21:56,www.ncbi.nlm.nih.gov
2014-02-28 10:21:57,blast.ncbi.nlm.nih.gov
2014-02-28 10:22:59,blast.ncbi.nlm.nih.gov
2014-02-28 10:23:00,blast.ncbi.nlm.nih.gov
2014-02-28 10:23:02,blast.ncbi.nlm.nih.gov
2014-02-28 10:23:33,apis.google.com
2014-02-28 10:23:33,www.google.com
2014-02-28 10:23:34,www.google.fr
2014-02-28 10:24:27,sb-ssl.google.com
2014-02-28 10:25:08,ocsp.thawte.com
2014-02-28 10:27:07,ocsp.verisign.com
2014-02-28 10:29:07,ocsp.digicert.com
2014-02-28 10:33:08,blast.ncbi.nlm.nih.gov
2014-02-28 10:33:08,www.ncbi.nlm.nih.gov
2014-02-28 10:33:09,www.ncbi.nlm.nih.gov
2014-02-28 10:33:26,www.ncbi.nlm.nih.gov
2014-02-28 10:33:26,blast.ncbi.nlm.nih.gov
2014-02-28 10:38:50,blast.ncbi.nlm.nih.gov
2014-02-28 10:38:51,blast.ncbi.nlm.nih.gov
2014-02-28 10:38:52,blast.ncbi.nlm.nih.gov
2014-02-28 10:38:53,blast.ncbi.nlm.nih.gov
2014-02-28 10:38:54,blast.ncbi.nlm.nih.gov
2014-02-28 10:38:58,blast.ncbi.nlm.nih.gov
2014-02-28 10:39:01,blast.ncbi.nlm.nih.gov
2014-02-28 10:39:06,blast.ncbi.nlm.nih.gov
2014-02-28 10:39:07,blast.ncbi.nlm.nih.gov
2014-02-28 10:39:09,www.ncbi.nlm.nih.gov
2014-02-28 10:39:10,blast.ncbi.nlm.nih.gov
2014-02-28 10:39:12,www.ncbi.nlm.nih.gov
2014-02-28 10:39:12,blast.ncbi.nlm.nih.gov
2014-02-28 10:39:14,www.ncbi.nlm.nih.gov
2014-02-28 10:39:15,blast.ncbi.nlm.nih.gov
2014-02-28 10:39:17,www.ncbi.nlm.nih.gov
2014-02-28 10:39:17,blast.ncbi.nlm.nih.gov
2014-02-28 10:39:19,www.ncbi.nlm.nih.gov
2014-02-28 10:39:25,www.ncbi.nlm.nih.gov
2014-02-28 10:39:25,blast.ncbi.nlm.nih.gov
2014-02-28 10:39:26,www.ncbi.nlm.nih.gov
2014-02-28 10:39:27,www.ncbi.nlm.nih.gov
2014-02-28 10:39:27,static.pubmed.gov
2014-02-28 10:39:27,blast.ncbi.nlm.nih.gov
2014-02-28 10:39:28,www.ncbi.nlm.nih.gov
2014-02-28 10:39:28,blast.ncbi.nlm.nih.gov
2014-02-28 10:39:29,www.ncbi.nlm.nih.gov
2014-02-28 10:39:29,blast.ncbi.nlm.nih.gov
2014-02-28 10:39:30,blast.ncbi.nlm.nih.gov
2014-02-28 10:39:31,www.ncbi.nlm.nih.gov
2014-02-28 10:39:31,blast.ncbi.nlm.nih.gov
2014-02-28 10:39:32,www.ncbi.nlm.nih.gov
2014-02-28 10:39:33,blast.ncbi.nlm.nih.gov
2014-02-28 10:39:34,www.ncbi.nlm.nih.gov
2014-02-28 10:39:34,blast.ncbi.nlm.nih.gov
2014-02-28 10:39:35,www.ncbi.nlm.nih.gov
2014-02-28 10:39:36,blast.ncbi.nlm.nih.gov
2014-02-28 10:39:37,www.ncbi.nlm.nih.gov
2014-02-28 10:39:37,blast.ncbi.nlm.nih.gov
2014-02-28 10:39:38,www.ncbi.nlm.nih.gov
2014-02-28 10:39:39,blast.ncbi.nlm.nih.gov
2014-02-28 10:39:40,www.ncbi.nlm.nih.gov
2014-02-28 10:39:40,blast.ncbi.nlm.nih.gov
2014-02-28 10:39:41,www.ncbi.nlm.nih.gov
2014-02-28 10:39:42,blast.ncbi.nlm.nih.gov
2014-02-28 10:39:45,www.ncbi.nlm.nih.gov
2014-02-28 10:40:13,blast.ncbi.nlm.nih.gov
2014-02-28 10:40:14,blast.ncbi.nlm.nih.gov
2014-02-28 10:40:14,www.ncbi.nlm.nih.gov
2014-02-28 10:40:15,blast.ncbi.nlm.nih.gov
2014-02-28 10:40:16,blast.ncbi.nlm.nih.gov
2014-02-28 10:40:19,blast.ncbi.nlm.nih.gov
2014-02-28 10:40:21,pis.foxitsoftware.com
2014-02-28 10:40:22,ad.foxitsoftware.com
2014-02-28 10:40:31,blast.ncbi.nlm.nih.gov
2014-02-28 10:42:40,blast.ncbi.nlm.nih.gov
2014-02-28 10:42:43,blast.ncbi.nlm.nih.gov
2014-02-28 10:42:45,blast.ncbi.nlm.nih.gov
2014-02-28 10:42:48,blast.ncbi.nlm.nih.gov
2014-02-28 10:42:49,blast.ncbi.nlm.nih.gov
2014-02-28 10:42:54,blast.ncbi.nlm.nih.gov
2014-02-28 10:44:15,blast.ncbi.nlm.nih.gov
2014-02-28 10:44:24,blast.ncbi.nlm.nih.gov
2014-02-28 10:44:25,blast.ncbi.nlm.nih.gov
2014-02-28 10:44:29,blast.ncbi.nlm.nih.gov
2014-02-28 10:44:30,blast.ncbi.nlm.nih.gov
2014-02-28 10:44:54,blast.ncbi.nlm.nih.gov
2014-02-28 10:44:56,blast.ncbi.nlm.nih.gov
2014-02-28 10:44:56,www.ncbi.nlm.nih.gov
2014-02-28 10:44:57,www.ncbi.nlm.nih.gov
2014-02-28 10:44:58,www.ncbi.nlm.nih.gov
2014-02-28 10:44:59,www.ncbi.nlm.nih.gov
2014-02-28 10:44:59,static.pubmed.gov
2014-02-28 10:45:30,blast.ncbi.nlm.nih.gov
2014-02-28 10:45:31,blast.ncbi.nlm.nih.gov
2014-02-28 10:45:36,www.ncbi.nlm.nih.gov
2014-02-28 10:45:36,static.pubmed.gov
2014-02-28 10:45:56,www.ncbi.nlm.nih.gov
2014-02-28 10:46:02,www.ncbi.nlm.nih.gov
2014-02-28 10:46:02,static.pubmed.gov
2014-02-28 10:46:03,www.ncbi.nlm.nih.gov
2014-02-28 10:46:03,static.pubmed.gov
2014-02-28 10:47:10,www.ncbi.nlm.nih.gov
2014-02-28 10:47:15,www.ncbi.nlm.nih.gov
2014-02-28 10:47:17,www.ncbi.nlm.nih.gov
2014-02-28 10:48:07,www.ncbi.nlm.nih.gov
2014-02-28 10:48:25,www.ncbi.nlm.nih.gov
2014-02-28 10:48:32,static.pubmed.gov
2014-02-28 10:48:47,static.pubmed.gov
2014-02-28 10:48:49,www.ncbi.nlm.nih.gov
2014-02-28 10:48:51,www.ncbi.nlm.nih.gov
2014-02-28 10:48:55,www.ncbi.nlm.nih.gov
2014-02-28 10:48:56,www.ncbi.nlm.nih.gov
2014-02-28 10:49:09,www.ncbi.nlm.nih.gov
2014-02-28 10:49:14,www.ncbi.nlm.nih.gov
2014-02-28 10:49:14,static.pubmed.gov
2014-02-28 10:49:15,www.ncbi.nlm.nih.gov
2014-02-28 10:49:16,www.ncbi.nlm.nih.gov
2014-02-28 10:49:32,safebrowsing-cache.google.com
2014-02-28 10:49:32,safebrowsing.clients.google.com
2014-02-28 10:50:20,www.ncbi.nlm.nih.gov
2014-02-28 10:50:25,www.ncbi.nlm.nih.gov
2014-02-28 10:50:29,www.ncbi.nlm.nih.gov
2014-02-28 10:50:36,www.ncbi.nlm.nih.gov
2014-02-28 10:50:41,www.ncbi.nlm.nih.gov
2014-02-28 10:50:42,www.ncbi.nlm.nih.gov
2014-02-28 10:50:43,www.ncbi.nlm.nih.gov
2014-02-28 10:50:46,www.ncbi.nlm.nih.gov
2014-02-28 10:50:49,www.ncbi.nlm.nih.gov
2014-02-28 10:50:56,www.ncbi.nlm.nih.gov
2014-02-28 10:50:57,www.ncbi.nlm.nih.gov
2014-02-28 10:51:00,www.ncbi.nlm.nih.gov
2014-02-28 10:51:05,www.ncbi.nlm.nih.gov
2014-02-28 10:51:06,www.ncbi.nlm.nih.gov
2014-02-28 10:51:07,www.ncbi.nlm.nih.gov
2014-02-28 10:51:09,static.pubmed.gov
2014-02-28 10:51:12,www.ncbi.nlm.nih.gov
2014-02-28 10:51:16,www.ncbi.nlm.nih.gov
2014-02-28 10:55:42,www.ncbi.nlm.nih.gov
2014-02-28 10:55:46,www.ncbi.nlm.nih.gov
2014-02-28 10:55:59,www.ncbi.nlm.nih.gov
2014-02-28 10:56:02,www.ncbi.nlm.nih.gov
2014-02-28 10:56:39,www.ncbi.nlm.nih.gov
2014-02-28 10:56:41,www.ncbi.nlm.nih.gov
2014-02-28 10:57:13,www.ncbi.nlm.nih.gov
2014-02-28 10:57:14,www.ncbi.nlm.nih.gov
2014-02-28 10:57:14,static.pubmed.gov
2014-02-28 10:57:15,www.ncbi.nlm.nih.gov
2014-02-28 10:57:34,www.ncbi.nlm.nih.gov
2014-02-28 10:57:38,www.ncbi.nlm.nih.gov
2014-02-28 10:57:40,www.ncbi.nlm.nih.gov
2014-02-28 10:59:15,www.phylogeny.fr
2014-02-28 10:59:22,www.phylogeny.fr
2014-02-28 10:59:30,www.phylogeny.fr
2014-02-28 10:59:34,www.phylogeny.fr
2014-02-28 11:01:03,www.phylogeny.fr
2014-02-28 11:01:47,www.phylogeny.fr
2014-02-28 11:02:25,www.phylogeny.fr
2014-02-28 11:03:28,www.phylogeny.fr
2014-02-28 11:05:14,www.phylogeny.fr
2014-02-28 11:05:18,www.phylogeny.fr
2014-02-28 11:05:21,www.phylogeny.fr
2014-02-28 11:05:26,www.phylogeny.fr
2014-02-28 11:05:27,www.phylogeny.fr
2014-02-28 11:05:28,www.phylogeny.fr
2014-02-28 11:05:29,www.phylogeny.fr
2014-02-28 11:06:07,www.phylogeny.fr
2014-02-28 11:16:09,www.phylogeny.fr
2014-02-28 11:16:26,www.phylogeny.fr
2014-02-28 11:16:27,www.phylogeny.fr
2014-02-28 11:17:46,www.phylogeny.fr
2014-02-28 11:17:51,www.phylogeny.fr
2014-02-28 11:17:53,www.phylogeny.fr
2014-02-28 11:18:02,www.phylogeny.fr
2014-02-28 11:18:22,www.phylogeny.fr
2014-02-28 11:18:28,www.phylogeny.fr
2014-02-28 11:18:29,www.phylogeny.fr
2014-02-28 11:18:34,www.phylogeny.fr
2014-02-28 11:18:35,www.phylogeny.fr
2014-02-28 11:19:04,safebrowsing.clients.google.com
2014-02-28 11:19:05,safebrowsing-cache.google.com
2014-02-28 11:19:10,www.phylogeny.fr
2014-02-28 11:20:22,www.phylogeny.fr
2014-02-28 11:20:33,www.phylogeny.fr
2014-02-28 11:20:43,www.phylogeny.fr
2014-02-28 11:20:49,www.phylogeny.fr
2014-02-28 11:20:50,www.phylogeny.fr
2014-02-28 11:21:25,www.phylogeny.fr
2014-02-28 11:22:06,www.phylogeny.fr
2014-02-28 11:22:11,www.phylogeny.fr
2014-02-28 11:22:19,www.phylogeny.fr
2014-02-28 11:22:30,www.phylogeny.fr
2014-02-28 11:22:31,www.phylogeny.fr
2014-02-28 11:22:32,www.phylogeny.fr
2014-02-28 11:22:33,www.phylogeny.fr
2014-02-28 11:22:34,www.phylogeny.fr
2014-02-28 11:34:13,www.phylogeny.fr
2014-02-28 11:34:38,www.phylogeny.fr
2014-02-28 11:34:42,www.phylogeny.fr
2014-02-28 11:34:43,www.phylogeny.fr
2014-02-28 11:35:36,www.phylogeny.fr
2014-02-28 11:35:49,www.phylogeny.fr
2014-02-28 11:35:50,www.phylogeny.fr
2014-02-28 11:36:42,www.phylogeny.fr
2014-02-28 11:36:50,www.phylogeny.fr
2014-02-28 11:36:56,www.phylogeny.fr
2014-02-28 11:37:00,www.phylogeny.fr
2014-02-28 11:37:07,www.phylogeny.fr
2014-02-28 11:37:08,www.phylogeny.fr
2014-02-28 11:37:10,www.phylogeny.fr
2014-02-28 11:37:14,www.phylogeny.fr
2014-02-28 11:37:16,www.phylogeny.fr
2014-02-28 11:37:19,www.phylogeny.fr
2014-02-28 11:37:21,www.phylogeny.fr
2014-02-28 11:37:24,www.phylogeny.fr
2014-02-28 11:37:26,www.phylogeny.fr
2014-02-28 11:37:29,www.phylogeny.fr
2014-02-28 11:37:31,www.phylogeny.fr
2014-02-28 11:37:33,www.phylogeny.fr
2014-02-28 11:37:36,www.phylogeny.fr
2014-02-28 11:37:38,www.phylogeny.fr
2014-02-28 11:37:41,www.phylogeny.fr
2014-02-28 11:37:43,www.phylogeny.fr
2014-02-28 11:37:46,www.phylogeny.fr
2014-02-28 11:37:48,www.phylogeny.fr
2014-02-28 11:37:51,www.phylogeny.fr
2014-02-28 11:37:53,www.phylogeny.fr
2014-02-28 11:37:56,www.phylogeny.fr
2014-02-28 11:37:58,www.phylogeny.fr
2014-02-28 11:38:01,www.phylogeny.fr
2014-02-28 11:38:03,www.phylogeny.fr
2014-02-28 11:38:06,www.phylogeny.fr
2014-02-28 11:38:08,www.phylogeny.fr
2014-02-28 11:38:11,www.phylogeny.fr
2014-02-28 11:38:13,www.phylogeny.fr
2014-02-28 11:38:15,www.phylogeny.fr
2014-02-28 11:38:18,www.phylogeny.fr
2014-02-28 11:38:20,www.phylogeny.fr
2014-02-28 11:38:23,www.phylogeny.fr
2014-02-28 11:38:29,www.phylogeny.fr
2014-02-28 11:38:30,www.phylogeny.fr
2014-02-28 11:39:09,www.phylogeny.fr
2014-02-28 11:39:19,www.phylogeny.fr
2014-02-28 11:39:26,www.phylogeny.fr
2014-02-28 11:39:35,www.phylogeny.fr
2014-02-28 11:39:43,www.phylogeny.fr
2014-02-28 11:39:46,www.phylogeny.fr
2014-02-28 11:39:47,www.phylogeny.fr
2014-02-28 11:39:56,www.phylogeny.fr
2014-02-28 11:39:57,www.phylogeny.fr
2014-02-28 11:50:51,safebrowsing.clients.google.com
2014-02-28 11:50:51,safebrowsing-cache.google.com
2014-03-21 10:03:59,ieonline.microsoft.com
2014-03-21 10:04:41,api.bing.com
2014-03-21 10:04:42,api.bing.com
2014-03-21 10:04:45,www.bing.com
2014-03-21 10:04:47,www.bing.com
2014-03-21 10:04:47,cms.abmr.net
2014-03-21 10:04:48,www.bing.com
2014-03-21 10:04:49,www.bing.com
2014-03-21 10:04:49,login.live.com
2014-03-21 10:04:51,annotathon.org
2014-03-21 10:04:51,ssl.bing.com
2014-03-21 10:04:57,www.bing.com
2014-03-21 10:04:57,annotathon.org
2014-03-21 10:05:11,annotathon.org
2014-03-21 10:05:21,annotathon.org
2014-03-21 10:05:22,annotathon.org
2014-03-21 10:05:52,annotathon.org
2014-03-21 10:06:21,annotathon.org
2014-03-21 10:06:52,annotathon.org
2014-03-21 10:06:57,annotathon.univ-mrs.fr
2014-03-21 10:06:57,annotathon.org
2014-03-21 10:07:01,ieonline.microsoft.com
2014-03-21 10:07:27,annotathon.org
2014-03-21 10:07:57,annotathon.org
2014-03-21 10:08:27,annotathon.org
2014-03-21 10:08:51,annotathon.org
2014-03-21 10:08:52,annotathon.org
2014-03-21 10:09:22,annotathon.org
2014-03-21 10:09:52,annotathon.org
2014-03-21 10:10:22,annotathon.org
2014-03-21 10:10:32,annotathon.org
2014-03-21 10:10:34,annotathon.org
2014-03-21 10:10:39,annotathon.org
2014-03-21 10:10:40,annotathon.org
2014-03-21 10:10:46,annotathon.org
2014-03-21 10:10:48,annotathon.org
2014-03-21 10:10:50,annotathon.org
2014-03-21 10:10:54,annotathon.org
2014-03-21 10:11:06,api.bing.com
2014-03-21 10:11:07,api.bing.com
2014-03-21 10:11:08,api.bing.com
2014-03-21 10:11:09,api.bing.com
2014-03-21 10:11:11,www.bing.com
2014-03-21 10:11:12,www.bing.com
2014-03-21 10:11:12,www.ncbi.nlm.nih.gov
2014-03-21 10:11:13,www.ncbi.nlm.nih.gov
2014-03-21 10:11:16,www.ncbi.nlm.nih.gov
2014-03-21 10:11:17,www.ncbi.nlm.nih.gov
2014-03-21 10:11:24,annotathon.org
2014-03-21 10:11:54,annotathon.org
2014-03-21 10:12:24,annotathon.org
2014-03-21 10:12:54,annotathon.org
2014-03-21 10:13:24,annotathon.org
2014-03-21 10:13:54,annotathon.org
2014-03-21 10:14:05,www.ncbi.nlm.nih.gov
2014-03-21 10:14:06,www.ncbi.nlm.nih.gov
2014-03-21 10:14:14,www.ncbi.nlm.nih.gov
2014-03-21 10:14:14,blast.ncbi.nlm.nih.gov
2014-03-21 10:14:15,www.ncbi.nlm.nih.gov
2014-03-21 10:14:16,www.ncbi.nlm.nih.gov
2014-03-21 10:14:18,www.ncbi.nlm.nih.gov
2014-03-21 10:14:21,www.ncbi.nlm.nih.gov
2014-03-21 10:14:23,www.ncbi.nlm.nih.gov
2014-03-21 10:14:24,annotathon.org
2014-03-21 10:14:26,www.ncbi.nlm.nih.gov
2014-03-21 10:14:34,www.ncbi.nlm.nih.gov
2014-03-21 10:14:47,www.ncbi.nlm.nih.gov
2014-03-21 10:14:54,annotathon.org
2014-03-21 10:15:05,www.ncbi.nlm.nih.gov
2014-03-21 10:15:11,api.bing.com
2014-03-21 10:15:12,api.bing.com
2014-03-21 10:15:14,static.pubmed.gov
2014-03-21 10:15:14,www.ncbi.nlm.nih.gov
2014-03-21 10:15:16,www.ncbi.nlm.nih.gov
2014-03-21 10:15:17,blast.ncbi.nlm.nih.gov
2014-03-21 10:15:17,www.ncbi.nlm.nih.gov
2014-03-21 10:15:21,blast.ncbi.nlm.nih.gov
2014-03-21 10:15:21,www.ncbi.nlm.nih.gov
2014-03-21 10:15:22,blast.ncbi.nlm.nih.gov
2014-03-21 10:15:24,annotathon.org
2014-03-21 10:15:25,api.bing.com
2014-03-21 10:15:26,api.bing.com
2014-03-21 10:15:27,api.bing.com
2014-03-21 10:15:27,www.ncbi.nlm.nih.gov
2014-03-21 10:15:29,api.bing.com
2014-03-21 10:15:30,www.bing.com
2014-03-21 10:15:31,www.bing.com
2014-03-21 10:15:31,www.ncbi.nlm.nih.gov
2014-03-21 10:15:43,annotathon.org
2014-03-21 10:15:54,www.ncbi.nlm.nih.gov
2014-03-21 10:15:55,www.ncbi.nlm.nih.gov
2014-03-21 10:15:57,www.ncbi.nlm.nih.gov
2014-03-21 10:16:13,annotathon.org
2014-03-21 10:16:25,www.ncbi.nlm.nih.gov
2014-03-21 10:16:28,blast.ncbi.nlm.nih.gov
2014-03-21 10:16:30,blast.ncbi.nlm.nih.gov
2014-03-21 10:16:31,blast.ncbi.nlm.nih.gov
2014-03-21 10:16:32,blast.ncbi.nlm.nih.gov
2014-03-21 10:16:43,annotathon.org
2014-03-21 10:16:56,www.ncbi.nlm.nih.gov
2014-03-21 10:17:13,annotathon.org
2014-03-21 10:17:27,www.ncbi.nlm.nih.gov
2014-03-21 10:17:29,www.ncbi.nlm.nih.gov
2014-03-21 10:17:34,www.ncbi.nlm.nih.gov
2014-03-21 10:17:43,annotathon.org
2014-03-21 10:17:49,blast.ncbi.nlm.nih.gov
2014-03-21 10:17:50,blast.ncbi.nlm.nih.gov
2014-03-21 10:17:54,blast.ncbi.nlm.nih.gov
2014-03-21 10:17:55,blast.ncbi.nlm.nih.gov
2014-03-21 10:17:56,blast.ncbi.nlm.nih.gov
2014-03-21 10:17:57,www.ncbi.nlm.nih.gov
2014-03-21 10:17:58,blast.ncbi.nlm.nih.gov
2014-03-21 10:18:01,blast.ncbi.nlm.nih.gov
2014-03-21 10:18:03,blast.ncbi.nlm.nih.gov
2014-03-21 10:18:06,blast.ncbi.nlm.nih.gov
2014-03-21 10:18:09,blast.ncbi.nlm.nih.gov
2014-03-21 10:18:11,blast.ncbi.nlm.nih.gov
2014-03-21 10:18:13,annotathon.org
2014-03-21 10:18:16,www.ncbi.nlm.nih.gov
2014-03-21 10:18:16,blast.ncbi.nlm.nih.gov
2014-03-21 10:18:17,blast.ncbi.nlm.nih.gov
2014-03-21 10:18:18,blast.ncbi.nlm.nih.gov
2014-03-21 10:18:28,www.ncbi.nlm.nih.gov
2014-03-21 10:18:43,annotathon.org
2014-03-21 10:18:58,www.ncbi.nlm.nih.gov
2014-03-21 10:19:07,blast.ncbi.nlm.nih.gov
2014-03-21 10:19:13,annotathon.org
2014-03-21 10:19:29,www.ncbi.nlm.nih.gov
2014-03-21 10:19:43,annotathon.org
2014-03-21 10:19:59,www.ncbi.nlm.nih.gov
2014-03-21 10:20:13,annotathon.org
2014-03-21 10:20:30,www.ncbi.nlm.nih.gov
2014-03-21 10:20:33,www.ncbi.nlm.nih.gov
2014-03-21 10:20:35,www.ncbi.nlm.nih.gov
2014-03-21 10:20:36,www.ncbi.nlm.nih.gov
2014-03-21 10:20:40,www.ncbi.nlm.nih.gov
2014-03-21 10:20:43,annotathon.org
2014-03-21 10:20:49,blast.ncbi.nlm.nih.gov
2014-03-21 10:20:59,blast.ncbi.nlm.nih.gov
2014-03-21 10:21:00,www.ncbi.nlm.nih.gov
2014-03-21 10:21:00,blast.ncbi.nlm.nih.gov
2014-03-21 10:21:06,blast.ncbi.nlm.nih.gov
2014-03-21 10:21:07,blast.ncbi.nlm.nih.gov
2014-03-21 10:21:08,blast.ncbi.nlm.nih.gov
2014-03-21 10:21:11,blast.ncbi.nlm.nih.gov
2014-03-21 10:21:12,blast.ncbi.nlm.nih.gov
2014-03-21 10:21:13,blast.ncbi.nlm.nih.gov
2014-03-21 10:21:13,annotathon.org
2014-03-21 10:21:17,blast.ncbi.nlm.nih.gov
2014-03-21 10:21:22,blast.ncbi.nlm.nih.gov
2014-03-21 10:21:24,blast.ncbi.nlm.nih.gov
2014-03-21 10:21:26,blast.ncbi.nlm.nih.gov
2014-03-21 10:21:29,blast.ncbi.nlm.nih.gov
2014-03-21 10:21:31,www.ncbi.nlm.nih.gov
2014-03-21 10:21:32,blast.ncbi.nlm.nih.gov
2014-03-21 10:21:34,blast.ncbi.nlm.nih.gov
2014-03-21 10:21:37,blast.ncbi.nlm.nih.gov
2014-03-21 10:21:40,blast.ncbi.nlm.nih.gov
2014-03-21 10:21:43,annotathon.org
2014-03-21 10:21:45,blast.ncbi.nlm.nih.gov
2014-03-21 10:22:02,www.ncbi.nlm.nih.gov
2014-03-21 10:22:13,annotathon.org
2014-03-21 10:22:20,blast.ncbi.nlm.nih.gov
2014-03-21 10:22:24,blast.ncbi.nlm.nih.gov
2014-03-21 10:22:25,blast.ncbi.nlm.nih.gov
2014-03-21 10:22:33,www.ncbi.nlm.nih.gov
2014-03-21 10:22:43,annotathon.org
2014-03-21 10:23:02,blast.ncbi.nlm.nih.gov
2014-03-21 10:23:03,www.ncbi.nlm.nih.gov
2014-03-21 10:23:03,blast.ncbi.nlm.nih.gov
2014-03-21 10:23:04,blast.ncbi.nlm.nih.gov
2014-03-21 10:23:09,www.ncbi.nlm.nih.gov
2014-03-21 10:23:11,www.ncbi.nlm.nih.gov
2014-03-21 10:23:12,www.ncbi.nlm.nih.gov
2014-03-21 10:23:13,annotathon.org
2014-03-21 10:23:16,www.ncbi.nlm.nih.gov
2014-03-21 10:23:24,blast.ncbi.nlm.nih.gov
2014-03-21 10:23:25,blast.ncbi.nlm.nih.gov
2014-03-21 10:23:26,blast.ncbi.nlm.nih.gov
2014-03-21 10:23:34,www.ncbi.nlm.nih.gov
2014-03-21 10:23:35,www.ncbi.nlm.nih.gov
2014-03-21 10:23:36,www.ncbi.nlm.nih.gov
2014-03-21 10:23:42,www.ncbi.nlm.nih.gov
2014-03-21 10:23:43,annotathon.org
2014-03-21 10:23:44,www.ncbi.nlm.nih.gov
2014-03-21 10:23:50,www.ncbi.nlm.nih.gov
2014-03-21 10:23:52,www.ncbi.nlm.nih.gov
2014-03-21 10:23:55,www.ncbi.nlm.nih.gov
2014-03-21 10:24:13,annotathon.org
2014-03-21 10:24:19,blast.ncbi.nlm.nih.gov
2014-03-21 10:24:21,www.ncbi.nlm.nih.gov
2014-03-21 10:24:22,blast.ncbi.nlm.nih.gov
2014-03-21 10:24:24,blast.ncbi.nlm.nih.gov
2014-03-21 10:24:26,blast.ncbi.nlm.nih.gov
2014-03-21 10:24:29,blast.ncbi.nlm.nih.gov
2014-03-21 10:24:32,blast.ncbi.nlm.nih.gov
2014-03-21 10:24:34,blast.ncbi.nlm.nih.gov
2014-03-21 10:24:37,blast.ncbi.nlm.nih.gov
2014-03-21 10:24:39,blast.ncbi.nlm.nih.gov
2014-03-21 10:24:43,annotathon.org
2014-03-21 10:24:44,blast.ncbi.nlm.nih.gov
2014-03-21 10:24:45,blast.ncbi.nlm.nih.gov
2014-03-21 10:25:14,annotathon.org
2014-03-21 10:25:30,blast.ncbi.nlm.nih.gov
2014-03-21 10:25:31,blast.ncbi.nlm.nih.gov
2014-03-21 10:25:32,blast.ncbi.nlm.nih.gov
2014-03-21 10:25:33,www.ncbi.nlm.nih.gov
2014-03-21 10:25:34,www.ncbi.nlm.nih.gov
2014-03-21 10:25:35,www.ncbi.nlm.nih.gov
2014-03-21 10:25:38,www.ncbi.nlm.nih.gov
2014-03-21 10:25:44,annotathon.org
2014-03-21 10:25:46,blast.ncbi.nlm.nih.gov
2014-03-21 10:25:51,blast.ncbi.nlm.nih.gov
2014-03-21 10:25:53,blast.ncbi.nlm.nih.gov
2014-03-21 10:25:55,www.ncbi.nlm.nih.gov
2014-03-21 10:25:55,blast.ncbi.nlm.nih.gov
2014-03-21 10:25:58,www.ncbi.nlm.nih.gov
2014-03-21 10:25:58,blast.ncbi.nlm.nih.gov
2014-03-21 10:26:00,www.ncbi.nlm.nih.gov
2014-03-21 10:26:01,blast.ncbi.nlm.nih.gov
2014-03-21 10:26:03,www.ncbi.nlm.nih.gov
2014-03-21 10:26:03,blast.ncbi.nlm.nih.gov
2014-03-21 10:26:05,blast.ncbi.nlm.nih.gov
2014-03-21 10:26:05,www.ncbi.nlm.nih.gov
2014-03-21 10:26:06,blast.ncbi.nlm.nih.gov
2014-03-21 10:26:07,blast.ncbi.nlm.nih.gov
2014-03-21 10:26:07,www.ncbi.nlm.nih.gov
2014-03-21 10:26:08,blast.ncbi.nlm.nih.gov
2014-03-21 10:26:10,www.ncbi.nlm.nih.gov
2014-03-21 10:26:10,blast.ncbi.nlm.nih.gov
2014-03-21 10:26:14,annotathon.org
2014-03-21 10:26:44,annotathon.org
2014-03-21 10:27:14,annotathon.org
2014-03-21 10:27:44,annotathon.org
2014-03-21 10:27:55,www.ncbi.nlm.nih.gov
2014-03-21 10:28:00,www.ncbi.nlm.nih.gov
2014-03-21 10:28:14,annotathon.org
2014-03-21 10:28:44,annotathon.org
2014-03-21 10:29:14,annotathon.org
2014-03-21 10:29:19,www.ncbi.nlm.nih.gov
2014-03-21 10:29:24,www.ncbi.nlm.nih.gov
2014-03-21 10:29:44,annotathon.org
2014-03-21 10:29:46,www.ncbi.nlm.nih.gov
2014-03-21 10:30:14,annotathon.org
2014-03-21 10:30:44,annotathon.org
2014-03-21 10:31:14,annotathon.org
2014-03-21 10:31:44,annotathon.org
2014-03-21 10:32:14,annotathon.org
2014-03-21 10:32:28,annotathon.org
2014-03-21 10:32:58,annotathon.org
2014-03-21 10:33:28,annotathon.org
2014-03-21 10:33:58,annotathon.org
2014-03-21 10:34:28,annotathon.org
2014-03-21 10:34:58,annotathon.org
2014-03-21 10:35:28,annotathon.org
2014-03-21 10:35:58,annotathon.org
2014-03-21 10:36:28,annotathon.org
2014-03-21 10:36:58,annotathon.org
2014-03-21 10:37:28,annotathon.org
2014-03-21 10:37:58,annotathon.org
2014-03-21 10:38:28,annotathon.org
2014-03-21 10:38:58,annotathon.org
2014-03-21 10:39:28,annotathon.org
2014-03-21 10:39:58,annotathon.org
2014-03-21 10:40:28,annotathon.org
2014-03-21 10:40:58,annotathon.org
2014-03-21 10:41:05,annotathon.org
2014-03-21 10:41:35,annotathon.org
2014-03-21 10:42:05,annotathon.org
2014-03-21 10:42:35,annotathon.org
2014-03-21 10:43:05,annotathon.org
2014-03-21 10:43:22,annotathon.org
2014-03-21 10:43:42,annotathon.org
2014-03-21 10:43:43,annotathon.org
2014-03-21 10:44:13,annotathon.org
2014-03-21 10:44:24,api.bing.com
2014-03-21 10:44:25,api.bing.com
2014-03-21 10:44:26,api.bing.com
2014-03-21 10:44:27,api.bing.com
2014-03-21 10:44:28,api.bing.com
2014-03-21 10:44:30,www.bing.com
2014-03-21 10:44:31,www.bing.com
2014-03-21 10:44:43,annotathon.org
2014-03-21 10:45:13,annotathon.org
2014-03-21 10:45:43,annotathon.org
2014-03-21 10:46:13,annotathon.org
2014-03-21 10:46:43,annotathon.org
2014-03-21 10:47:13,annotathon.org
2014-03-21 10:47:26,annotathon.org
2014-03-21 10:47:43,annotathon.org
2014-03-21 10:48:13,annotathon.org
2014-03-21 10:48:43,annotathon.org
2014-03-21 10:49:13,annotathon.org
2014-03-21 10:49:43,annotathon.org
2014-03-21 10:49:49,platform.twitter.com
2014-03-21 10:50:13,annotathon.org
2014-03-21 10:50:43,annotathon.org
2014-03-21 10:51:04,annotathon.org
2014-03-21 10:51:34,annotathon.org
2014-03-21 10:52:04,annotathon.org
2014-03-21 10:52:34,annotathon.org
2014-03-21 10:53:04,annotathon.org
2014-03-21 10:53:34,annotathon.org
2014-03-21 10:54:04,annotathon.org
2014-03-21 10:54:34,annotathon.org
2014-03-21 10:54:57,annotathon.org
2014-03-21 10:54:58,annotathon.org
2014-03-21 10:55:28,annotathon.org
2014-03-21 10:55:58,annotathon.org
2014-03-21 10:56:28,annotathon.org
2014-03-21 10:56:58,annotathon.org
2014-03-21 10:57:28,annotathon.org
2014-03-21 10:57:58,annotathon.org
2014-03-21 10:58:28,annotathon.org
2014-03-21 10:58:58,annotathon.org
2014-03-21 10:59:28,annotathon.org
2014-03-21 10:59:58,annotathon.org
2014-03-21 11:00:28,annotathon.org
2014-03-21 11:00:58,annotathon.org
2014-03-21 11:01:28,annotathon.org
2014-03-21 11:01:58,annotathon.org
2014-03-21 11:02:28,annotathon.org
2014-03-21 11:02:58,annotathon.org
2014-03-21 11:03:28,annotathon.org
2014-03-21 11:03:58,annotathon.org
2014-03-21 11:04:28,annotathon.org
2014-03-21 11:04:58,annotathon.org
2014-03-21 11:05:28,annotathon.org
2014-03-21 11:05:30,annotathon.org
2014-03-21 11:06:00,annotathon.org
2014-03-21 11:06:30,annotathon.org
2014-03-21 11:07:00,annotathon.org
2014-03-21 11:07:30,annotathon.org
2014-03-21 11:08:00,annotathon.org
2014-03-21 11:08:30,annotathon.org
2014-03-21 11:09:00,annotathon.org
2014-03-21 11:09:30,annotathon.org
2014-03-21 11:10:00,annotathon.org
2014-03-21 11:10:30,annotathon.org
2014-03-21 11:11:00,annotathon.org
2014-03-21 11:11:30,annotathon.org
2014-03-21 11:12:00,annotathon.org
2014-03-21 11:12:28,annotathon.org
2014-03-21 11:12:58,annotathon.org
2014-03-21 11:13:28,annotathon.org
2014-03-21 11:13:58,annotathon.org
2014-03-21 11:14:28,annotathon.org
2014-03-21 11:14:58,annotathon.org
2014-03-21 11:15:28,annotathon.org
2014-03-21 11:15:37,annotathon.org
2014-03-21 11:16:07,annotathon.org
2014-03-21 11:16:37,annotathon.org
2014-03-21 11:17:07,annotathon.org
2014-03-21 11:17:37,annotathon.org
2014-03-21 11:18:07,annotathon.org
2014-03-21 11:18:37,annotathon.org
2014-03-21 11:19:07,annotathon.org
2014-03-21 11:19:37,annotathon.org
2014-03-21 11:20:07,annotathon.org
2014-03-21 11:20:37,annotathon.org
2014-03-21 11:21:07,annotathon.org
2014-03-21 11:21:37,annotathon.org
2014-03-21 11:22:07,annotathon.org
2014-03-21 11:22:37,annotathon.org
2014-03-21 11:23:07,annotathon.org
2014-03-21 11:23:37,annotathon.org
2014-03-21 11:24:04,annotathon.org
2014-03-21 11:24:34,annotathon.org
2014-03-21 11:25:04,annotathon.org
2014-03-21 11:25:34,annotathon.org
2014-03-21 11:25:39,api.bing.com
2014-03-21 11:25:40,api.bing.com
2014-03-21 11:25:42,www.ncbi.nlm.nih.gov
2014-03-21 11:25:42,static.pubmed.gov
2014-03-21 11:25:45,blast.ncbi.nlm.nih.gov
2014-03-21 11:25:45,www.ncbi.nlm.nih.gov
2014-03-21 11:25:46,blast.ncbi.nlm.nih.gov
2014-03-21 11:25:48,blast.ncbi.nlm.nih.gov
2014-03-21 11:25:49,blast.ncbi.nlm.nih.gov
2014-03-21 11:25:50,blast.ncbi.nlm.nih.gov
2014-03-21 11:25:54,blast.ncbi.nlm.nih.gov
2014-03-21 11:25:59,blast.ncbi.nlm.nih.gov
2014-03-21 11:26:01,blast.ncbi.nlm.nih.gov
2014-03-21 11:26:03,www.ncbi.nlm.nih.gov
2014-03-21 11:26:04,blast.ncbi.nlm.nih.gov
2014-03-21 11:26:04,annotathon.org
2014-03-21 11:26:06,www.ncbi.nlm.nih.gov
2014-03-21 11:26:06,blast.ncbi.nlm.nih.gov
2014-03-21 11:26:08,www.ncbi.nlm.nih.gov
2014-03-21 11:26:09,blast.ncbi.nlm.nih.gov
2014-03-21 11:26:11,www.ncbi.nlm.nih.gov
2014-03-21 11:26:12,blast.ncbi.nlm.nih.gov
2014-03-21 11:26:14,www.ncbi.nlm.nih.gov
2014-03-21 11:26:15,blast.ncbi.nlm.nih.gov
2014-03-21 11:26:16,blast.ncbi.nlm.nih.gov
2014-03-21 11:26:18,www.ncbi.nlm.nih.gov
2014-03-21 11:26:19,blast.ncbi.nlm.nih.gov
2014-03-21 11:26:34,annotathon.org
2014-03-21 11:27:04,annotathon.org
2014-03-21 11:27:34,annotathon.org
2014-03-21 11:28:04,annotathon.org
2014-03-21 11:28:09,blast.ncbi.nlm.nih.gov
2014-03-21 11:28:10,www.ncbi.nlm.nih.gov
2014-03-21 11:28:10,static.pubmed.gov
2014-03-21 11:28:11,static.pubmed.gov
2014-03-21 11:28:11,www.ncbi.nlm.nih.gov
2014-03-21 11:28:12,static.pubmed.gov
2014-03-21 11:28:34,annotathon.org
2014-03-21 11:29:04,annotathon.org
2014-03-21 11:29:34,annotathon.org
2014-03-21 11:30:04,annotathon.org
2014-03-21 11:30:34,annotathon.org
2014-03-21 11:31:04,annotathon.org
2014-03-21 11:31:16,annotathon.org
2014-03-21 11:31:22,platform.twitter.com
2014-03-21 11:31:46,annotathon.org
2014-03-21 11:31:57,platform.twitter.com
2014-03-21 11:32:16,annotathon.org
2014-03-21 11:32:46,annotathon.org
2014-03-21 11:33:05,platform.twitter.com
2014-03-21 11:33:16,annotathon.org
2014-03-21 11:33:43,platform.twitter.com
2014-03-21 11:33:46,annotathon.org
2014-03-21 11:33:57,platform.twitter.com
2014-03-21 11:34:16,annotathon.org
2014-03-21 11:34:20,platform.twitter.com
2014-03-21 11:34:34,platform.twitter.com
2014-03-21 11:34:46,annotathon.org
2014-03-21 11:35:09,platform.twitter.com
2014-03-21 11:35:16,annotathon.org
2014-03-21 11:35:23,platform.twitter.com
2014-03-21 11:35:46,annotathon.org
2014-03-21 11:36:09,platform.twitter.com
2014-03-21 11:36:16,annotathon.org
2014-03-21 11:36:22,platform.twitter.com
2014-03-21 11:36:46,annotathon.org
2014-03-21 11:36:55,platform.twitter.com
2014-03-21 11:37:07,platform.twitter.com
2014-03-21 11:37:16,annotathon.org
2014-03-21 11:37:39,platform.twitter.com
2014-03-21 11:37:46,annotathon.org
2014-03-21 11:37:51,platform.twitter.com
2014-03-21 11:38:06,annotathon.org
2014-03-21 11:38:36,annotathon.org
2014-03-21 11:39:06,annotathon.org
2014-03-21 11:39:36,annotathon.org
2014-03-21 11:40:06,annotathon.org
2014-03-21 11:40:36,annotathon.org
2014-03-21 11:40:58,annotathon.org
2014-03-21 11:40:59,annotathon.org
2014-03-21 11:41:29,annotathon.org
2014-03-21 11:41:41,annotathon.org
2014-03-21 11:42:11,annotathon.org
2014-03-21 11:42:41,annotathon.org
2014-03-21 11:43:11,annotathon.org
2014-03-21 11:43:41,annotathon.org
2014-03-21 11:44:11,annotathon.org
2014-03-21 11:44:41,annotathon.org
2014-03-21 11:44:54,annotathon.org
2014-03-21 11:45:24,annotathon.org
2014-03-21 11:45:54,annotathon.org
2014-03-21 11:46:24,annotathon.org
2014-03-21 11:46:54,annotathon.org
2014-03-21 11:47:23,blast.ncbi.nlm.nih.gov
2014-03-21 11:47:24,annotathon.org
2014-03-21 11:47:24,blast.ncbi.nlm.nih.gov
2014-03-21 11:47:29,blast.ncbi.nlm.nih.gov
2014-03-21 11:47:30,blast.ncbi.nlm.nih.gov
2014-03-21 11:47:38,blast.ncbi.nlm.nih.gov
2014-03-21 11:47:40,blast.ncbi.nlm.nih.gov
2014-03-21 11:47:45,blast.ncbi.nlm.nih.gov
2014-03-21 11:47:46,blast.ncbi.nlm.nih.gov
2014-03-21 11:47:50,blast.ncbi.nlm.nih.gov
2014-03-21 11:47:51,blast.ncbi.nlm.nih.gov
2014-03-21 11:47:53,www.ncbi.nlm.nih.gov
2014-03-21 11:47:54,blast.ncbi.nlm.nih.gov
2014-03-21 11:47:54,annotathon.org
2014-03-21 11:47:56,www.ncbi.nlm.nih.gov
2014-03-21 11:47:56,blast.ncbi.nlm.nih.gov
2014-03-21 11:47:58,www.ncbi.nlm.nih.gov
2014-03-21 11:47:59,blast.ncbi.nlm.nih.gov
2014-03-21 11:48:01,www.ncbi.nlm.nih.gov
2014-03-21 11:48:02,blast.ncbi.nlm.nih.gov
2014-03-21 11:48:04,www.ncbi.nlm.nih.gov
2014-03-21 11:48:04,blast.ncbi.nlm.nih.gov
2014-03-21 11:48:06,www.ncbi.nlm.nih.gov
2014-03-21 11:48:07,blast.ncbi.nlm.nih.gov
2014-03-21 11:48:08,blast.ncbi.nlm.nih.gov
2014-03-21 11:48:10,www.ncbi.nlm.nih.gov
2014-03-21 11:48:11,blast.ncbi.nlm.nih.gov
2014-03-21 11:48:24,annotathon.org
2014-03-21 11:48:54,annotathon.org
2014-03-21 11:49:24,annotathon.org
2014-03-21 11:49:54,annotathon.org
2014-03-21 11:50:24,annotathon.org
2014-03-21 11:50:54,annotathon.org
2014-03-21 11:51:24,annotathon.org
2014-03-21 11:51:29,annotathon.org
2014-03-21 11:51:59,annotathon.org
2014-03-21 11:52:29,annotathon.org
2014-03-21 11:52:59,annotathon.org
2014-03-21 11:53:29,annotathon.org
2014-03-21 11:53:59,annotathon.org
2014-03-21 11:54:08,blast.ncbi.nlm.nih.gov
2014-03-21 11:54:29,annotathon.org
2014-03-21 11:54:59,annotathon.org
2014-03-21 11:55:09,blast.ncbi.nlm.nih.gov
2014-03-21 11:55:29,annotathon.org
2014-03-21 11:55:42,annotathon.org
2014-03-21 11:55:49,www.ncbi.nlm.nih.gov
2014-03-21 11:55:50,blast.ncbi.nlm.nih.gov
2014-03-21 11:55:53,annotathon.org
2014-03-28 10:07:55,api.bing.com
2014-03-28 10:07:59,annotathon.org
2014-03-28 10:08:12,annotathon.org
2014-03-28 10:08:13,annotathon.org
2014-03-28 10:08:23,annotathon.org
2014-03-28 10:08:27,annotathon.org
2014-03-28 10:08:27,annotathon.univ-mrs.fr
2014-03-28 10:08:58,annotathon.org
2014-03-28 10:09:28,annotathon.org
2014-03-28 10:09:57,annotathon.org
2014-03-28 10:10:27,annotathon.org
2014-03-28 10:10:47,ieonline.microsoft.com
2014-03-28 10:10:50,api.bing.com
2014-03-28 10:10:52,blast.ncbi.nlm.nih.gov
2014-03-28 10:10:53,blast.ncbi.nlm.nih.gov
2014-03-28 10:10:53,www.ncbi.nlm.nih.gov
2014-03-28 10:10:54,blast.ncbi.nlm.nih.gov
2014-03-28 10:10:55,blast.ncbi.nlm.nih.gov
2014-03-28 10:10:56,blast.ncbi.nlm.nih.gov
2014-03-28 10:10:56,www.ncbi.nlm.nih.gov
2014-03-28 10:10:57,blast.ncbi.nlm.nih.gov
2014-03-28 10:10:57,www.ncbi.nlm.nih.gov
2014-03-28 10:10:57,annotathon.org
2014-03-28 10:11:23,blast.ncbi.nlm.nih.gov
2014-03-28 10:11:25,blast.ncbi.nlm.nih.gov
2014-03-28 10:11:27,annotathon.org
2014-03-28 10:11:29,blast.ncbi.nlm.nih.gov
2014-03-28 10:11:31,blast.ncbi.nlm.nih.gov
2014-03-28 10:11:33,www.ncbi.nlm.nih.gov
2014-03-28 10:11:34,blast.ncbi.nlm.nih.gov
2014-03-28 10:11:36,www.ncbi.nlm.nih.gov
2014-03-28 10:11:36,blast.ncbi.nlm.nih.gov
2014-03-28 10:11:38,www.ncbi.nlm.nih.gov
2014-03-28 10:11:39,blast.ncbi.nlm.nih.gov
2014-03-28 10:11:41,blast.ncbi.nlm.nih.gov
2014-03-28 10:11:41,www.ncbi.nlm.nih.gov
2014-03-28 10:11:43,www.ncbi.nlm.nih.gov
2014-03-28 10:11:44,blast.ncbi.nlm.nih.gov
2014-03-28 10:11:46,www.ncbi.nlm.nih.gov
2014-03-28 10:11:47,blast.ncbi.nlm.nih.gov
2014-03-28 10:11:48,www.ncbi.nlm.nih.gov
2014-03-28 10:11:48,blast.ncbi.nlm.nih.gov
2014-03-28 10:11:49,blast.ncbi.nlm.nih.gov
2014-03-28 10:11:49,www.ncbi.nlm.nih.gov
2014-03-28 10:11:50,blast.ncbi.nlm.nih.gov
2014-03-28 10:11:50,www.ncbi.nlm.nih.gov
2014-03-28 10:11:51,www.ncbi.nlm.nih.gov
2014-03-28 10:11:52,blast.ncbi.nlm.nih.gov
2014-03-28 10:11:56,api.bing.com
2014-03-28 10:11:57,annotathon.org
2014-03-28 10:11:59,blast.ncbi.nlm.nih.gov
2014-03-28 10:12:00,blast.ncbi.nlm.nih.gov
2014-03-28 10:12:02,blast.ncbi.nlm.nih.gov
2014-03-28 10:12:03,blast.ncbi.nlm.nih.gov
2014-03-28 10:12:04,blast.ncbi.nlm.nih.gov
2014-03-28 10:12:08,blast.ncbi.nlm.nih.gov
2014-03-28 10:12:10,blast.ncbi.nlm.nih.gov
2014-03-28 10:12:13,blast.ncbi.nlm.nih.gov
2014-03-28 10:12:15,blast.ncbi.nlm.nih.gov
2014-03-28 10:12:16,blast.ncbi.nlm.nih.gov
2014-03-28 10:12:17,blast.ncbi.nlm.nih.gov
2014-03-28 10:12:18,www.ncbi.nlm.nih.gov
2014-03-28 10:12:19,blast.ncbi.nlm.nih.gov
2014-03-28 10:12:27,annotathon.org
2014-03-28 10:12:57,annotathon.org
2014-03-28 10:13:27,annotathon.org
2014-03-28 10:13:57,annotathon.org
2014-03-28 10:14:27,annotathon.org
2014-03-28 10:14:57,annotathon.org
2014-03-28 10:15:27,annotathon.org
2014-03-28 10:15:57,annotathon.org
2014-03-28 10:16:27,annotathon.org
2014-03-28 10:16:57,annotathon.org
2014-03-28 10:17:27,annotathon.org
2014-03-28 10:17:40,annotathon.org
2014-03-28 10:18:10,annotathon.org
2014-03-28 10:18:40,annotathon.org
2014-03-28 10:19:10,annotathon.org
2014-03-28 10:19:13,blast.ncbi.nlm.nih.gov
2014-03-28 10:19:14,blast.ncbi.nlm.nih.gov
2014-03-28 10:19:35,blast.ncbi.nlm.nih.gov
2014-03-28 10:19:36,blast.ncbi.nlm.nih.gov
2014-03-28 10:19:40,annotathon.org
2014-03-28 10:19:41,blast.ncbi.nlm.nih.gov
2014-03-28 10:19:43,blast.ncbi.nlm.nih.gov
2014-03-28 10:19:44,blast.ncbi.nlm.nih.gov
2014-03-28 10:19:45,www.ncbi.nlm.nih.gov
2014-03-28 10:19:46,blast.ncbi.nlm.nih.gov
2014-03-28 10:20:10,annotathon.org
2014-03-28 10:20:40,annotathon.org
2014-03-28 10:21:10,annotathon.org
2014-03-28 10:21:40,annotathon.org
2014-03-28 10:22:10,annotathon.org
2014-03-28 10:22:22,blast.ncbi.nlm.nih.gov
2014-03-28 10:22:40,annotathon.org
2014-03-28 10:23:10,annotathon.org
2014-03-28 10:23:29,blast.ncbi.nlm.nih.gov
2014-03-28 10:23:40,annotathon.org
2014-03-28 10:24:10,annotathon.org
2014-03-28 10:24:12,annotathon.org
2014-03-28 10:24:42,annotathon.org
2014-03-28 10:25:12,annotathon.org
2014-03-28 10:25:42,annotathon.org
2014-03-28 10:26:12,annotathon.org
2014-03-28 10:26:42,annotathon.org
2014-03-28 10:27:12,annotathon.org
2014-03-28 10:27:42,annotathon.org
2014-03-28 10:28:12,annotathon.org
2014-03-28 10:28:42,annotathon.org
2014-03-28 10:29:12,annotathon.org
2014-03-28 10:29:42,annotathon.org
2014-03-28 10:30:13,annotathon.org
2014-03-28 10:30:42,annotathon.org
2014-03-28 10:31:12,annotathon.org
2014-03-28 10:31:42,annotathon.org
2014-03-28 10:32:12,annotathon.org
2014-03-28 10:32:42,annotathon.org
2014-03-28 10:33:12,annotathon.org
2014-03-28 10:33:42,annotathon.org
2014-03-28 10:34:12,annotathon.org
2014-03-28 10:34:42,annotathon.org
2014-03-28 10:35:12,annotathon.org
2014-03-28 10:35:42,annotathon.org
2014-03-28 10:36:12,annotathon.org
2014-03-28 10:36:42,annotathon.org
2014-03-28 10:37:12,annotathon.org
2014-03-28 10:37:42,annotathon.org
2014-03-28 10:38:12,annotathon.org
2014-03-28 10:38:42,annotathon.org
2014-03-28 10:39:12,annotathon.org
2014-03-28 10:39:42,annotathon.org
2014-03-28 10:40:12,annotathon.org
2014-03-28 10:40:42,annotathon.org
2014-03-28 10:40:47,annotathon.org
2014-03-28 10:41:17,annotathon.org
2014-03-28 10:41:47,annotathon.org
2014-03-28 10:42:17,annotathon.org
2014-03-28 10:42:47,annotathon.org
2014-03-28 10:43:17,annotathon.org
2014-03-28 10:43:47,annotathon.org
2014-03-28 10:44:17,annotathon.org
2014-03-28 10:44:47,annotathon.org
2014-03-28 10:45:17,annotathon.org
2014-03-28 10:45:47,annotathon.org
2014-03-28 10:46:17,annotathon.org
2014-03-28 10:46:47,annotathon.org
2014-03-28 10:47:17,annotathon.org
2014-03-28 10:47:47,annotathon.org
2014-03-28 10:48:17,annotathon.org
2014-03-28 10:48:47,annotathon.org
2014-03-28 10:48:58,annotathon.org
2014-03-28 10:49:28,annotathon.org
2014-03-28 10:49:42,blast.ncbi.nlm.nih.gov
2014-03-28 10:49:52,blast.ncbi.nlm.nih.gov
2014-03-28 10:49:53,www.ncbi.nlm.nih.gov
2014-03-28 10:49:54,static.pubmed.gov
2014-03-28 10:49:54,www.ncbi.nlm.nih.gov
2014-03-28 10:49:55,static.pubmed.gov
2014-03-28 10:49:58,annotathon.org
2014-03-28 10:50:28,annotathon.org
2014-03-28 10:50:58,annotathon.org
2014-03-28 10:51:13,www.ncbi.nlm.nih.gov
2014-03-28 10:51:16,blast.ncbi.nlm.nih.gov
2014-03-28 10:51:17,www.ncbi.nlm.nih.gov
2014-03-28 10:51:17,static.pubmed.gov
2014-03-28 10:51:18,static.pubmed.gov
2014-03-28 10:51:18,www.ncbi.nlm.nih.gov
2014-03-28 10:51:28,annotathon.org
2014-03-28 10:51:52,www.ncbi.nlm.nih.gov
2014-03-28 10:51:57,blast.ncbi.nlm.nih.gov
2014-03-28 10:51:58,annotathon.org
2014-03-28 10:51:59,blast.ncbi.nlm.nih.gov
2014-03-28 10:52:00,static.pubmed.gov
2014-03-28 10:52:00,www.ncbi.nlm.nih.gov
2014-03-28 10:52:01,www.ncbi.nlm.nih.gov
2014-03-28 10:52:01,static.pubmed.gov
2014-03-28 10:52:28,annotathon.org
2014-03-28 10:52:42,www.ncbi.nlm.nih.gov
2014-03-28 10:52:42,blast.ncbi.nlm.nih.gov
2014-03-28 10:52:43,www.ncbi.nlm.nih.gov
2014-03-28 10:52:43,static.pubmed.gov
2014-03-28 10:52:44,www.ncbi.nlm.nih.gov
2014-03-28 10:52:58,annotathon.org
2014-03-28 10:53:09,annotathon.org
2014-03-28 10:53:11,blast.ncbi.nlm.nih.gov
2014-03-28 10:53:13,www.ncbi.nlm.nih.gov
2014-03-28 10:53:37,blast.ncbi.nlm.nih.gov
2014-03-28 10:53:38,blast.ncbi.nlm.nih.gov
2014-03-28 10:53:39,annotathon.org
2014-03-28 10:54:09,annotathon.org
2014-03-28 10:54:39,annotathon.org
2014-03-28 10:55:09,annotathon.org
2014-03-28 10:55:39,annotathon.org
2014-03-28 10:56:09,annotathon.org
2014-03-28 10:56:39,annotathon.org
2014-03-28 10:57:09,annotathon.org
2014-03-28 10:57:10,api.bing.com
2014-03-28 10:57:11,api.bing.com
2014-03-28 10:57:12,api.bing.com
2014-03-28 10:57:13,api.bing.com
2014-03-28 10:57:14,api.bing.com
2014-03-28 10:57:15,www.bing.com
2014-03-28 10:57:16,www.bing.com
2014-03-28 10:57:17,cms.abmr.net
2014-03-28 10:57:33,blast.ncbi.nlm.nih.gov
2014-03-28 10:57:34,www.ncbi.nlm.nih.gov
2014-03-28 10:57:34,static.pubmed.gov
2014-03-28 10:57:35,www.ncbi.nlm.nih.gov
2014-03-28 10:57:39,annotathon.org
2014-03-28 10:57:41,www.ncbi.nlm.nih.gov
2014-03-28 10:58:09,annotathon.org
2014-03-28 10:58:21,api.bing.com
2014-03-28 10:58:22,api.bing.com
2014-03-28 10:58:23,api.bing.com
2014-03-28 10:58:25,api.bing.com
2014-03-28 10:58:26,api.bing.com
2014-03-28 10:58:27,api.bing.com
2014-03-28 10:58:29,api.bing.com
2014-03-28 10:58:30,api.bing.com
2014-03-28 10:58:39,annotathon.org
2014-03-28 10:59:09,annotathon.org
2014-03-28 10:59:39,annotathon.org
2014-03-28 11:00:09,annotathon.org
2014-03-28 11:00:39,annotathon.org
2014-03-28 11:01:09,annotathon.org
2014-03-28 11:01:39,annotathon.org
2014-03-28 11:02:09,annotathon.org
2014-03-28 11:02:18,annotathon.org
2014-03-28 11:02:33,api.bing.com
2014-03-28 11:02:34,api.bing.com
2014-03-28 11:02:35,api.bing.com
2014-03-28 11:02:37,api.bing.com
2014-03-28 11:02:38,api.bing.com
2014-03-28 11:02:41,www.bing.com
2014-03-28 11:02:48,annotathon.org
2014-03-28 11:02:49,www.bing.com
2014-03-28 11:02:50,www.phylogeny.fr
2014-03-28 11:03:18,annotathon.org
2014-03-28 11:03:48,annotathon.org
2014-03-28 11:03:57,annotathon.org
2014-03-28 11:04:18,annotathon.org
2014-03-28 11:04:27,annotathon.org
2014-03-28 11:04:48,annotathon.org
2014-03-28 11:05:18,annotathon.org
2014-03-28 11:05:48,annotathon.org
2014-03-28 11:06:18,annotathon.org
2014-03-28 11:06:48,annotathon.org
2014-03-28 11:07:18,annotathon.org
2014-03-28 11:07:48,annotathon.org
2014-03-28 11:08:18,annotathon.org
2014-03-28 11:08:48,annotathon.org
2014-03-28 11:09:18,annotathon.org
2014-03-28 11:09:48,annotathon.org
2014-03-28 11:13:10,annotathon.org
2014-03-28 11:13:10,blast.ncbi.nlm.nih.gov
2014-03-28 11:13:11,blast.ncbi.nlm.nih.gov
2014-03-28 11:13:12,blast.ncbi.nlm.nih.gov
2014-03-28 11:13:28,blast.ncbi.nlm.nih.gov
2014-03-28 11:13:30,blast.ncbi.nlm.nih.gov
2014-03-28 11:13:40,annotathon.org
2014-03-28 11:14:10,annotathon.org
2014-03-28 11:14:40,annotathon.org
2014-03-28 11:15:10,annotathon.org
2014-03-28 11:15:40,annotathon.org
2014-03-28 11:16:10,annotathon.org
2014-03-28 11:16:40,annotathon.org
2014-03-28 11:16:51,blast.ncbi.nlm.nih.gov
2014-03-28 11:16:53,blast.ncbi.nlm.nih.gov
2014-03-28 11:16:59,blast.ncbi.nlm.nih.gov
2014-03-28 11:17:00,blast.ncbi.nlm.nih.gov
2014-03-28 11:17:10,blast.ncbi.nlm.nih.gov
2014-03-28 11:17:10,annotathon.org
2014-03-28 11:17:11,blast.ncbi.nlm.nih.gov
2014-03-28 11:17:13,blast.ncbi.nlm.nih.gov
2014-03-28 11:17:40,annotathon.org
2014-03-28 11:18:10,annotathon.org
2014-03-28 11:18:40,annotathon.org
2014-03-28 11:19:10,annotathon.org
2014-03-28 11:19:40,annotathon.org
2014-03-28 11:20:10,annotathon.org
2014-03-28 11:20:40,annotathon.org
2014-03-28 11:21:10,annotathon.org
2014-03-28 11:21:40,annotathon.org
2014-03-28 11:22:05,blast.ncbi.nlm.nih.gov
2014-03-28 11:22:07,blast.ncbi.nlm.nih.gov
2014-03-28 11:22:08,www.ncbi.nlm.nih.gov
2014-03-28 11:22:09,www.ncbi.nlm.nih.gov
2014-03-28 11:22:10,annotathon.org
2014-03-28 11:22:14,static.pubmed.gov
2014-03-28 11:22:14,www.ncbi.nlm.nih.gov
2014-03-28 11:22:15,www.ncbi.nlm.nih.gov
2014-03-28 11:22:17,static.pubmed.gov
2014-03-28 11:22:18,www.ncbi.nlm.nih.gov
2014-03-28 11:22:18,static.pubmed.gov
2014-03-28 11:22:19,static.pubmed.gov
2014-03-28 11:22:22,static.pubmed.gov
2014-03-28 11:22:23,www.ncbi.nlm.nih.gov
2014-03-28 11:22:23,static.pubmed.gov
2014-03-28 11:22:34,www.ncbi.nlm.nih.gov
2014-03-28 11:22:35,www.ncbi.nlm.nih.gov
2014-03-28 11:22:37,www.ncbi.nlm.nih.gov
2014-03-28 11:22:39,www.ncbi.nlm.nih.gov
2014-03-28 11:22:40,www.ncbi.nlm.nih.gov
2014-03-28 11:22:40,annotathon.org
2014-03-28 11:22:41,www.ncbi.nlm.nih.gov
2014-03-28 11:22:55,www.ncbi.nlm.nih.gov
2014-03-28 11:23:04,static.pubmed.gov
2014-03-28 11:23:04,www.ncbi.nlm.nih.gov
2014-03-28 11:23:05,www.ncbi.nlm.nih.gov
2014-03-28 11:23:05,static.pubmed.gov
2014-03-28 11:23:10,annotathon.org
2014-03-28 11:23:40,annotathon.org
2014-03-28 11:24:10,annotathon.org
2014-03-28 11:24:40,annotathon.org
2014-03-28 11:25:10,annotathon.org
2014-03-28 11:25:40,annotathon.org
2014-03-28 11:25:57,www.ncbi.nlm.nih.gov
2014-03-28 11:26:02,www.ncbi.nlm.nih.gov
2014-03-28 11:26:10,annotathon.org
2014-03-28 11:26:40,annotathon.org
2014-03-28 11:26:40,static.pubmed.gov
2014-03-28 11:26:55,update.megasoftware.net
2014-03-28 11:27:10,annotathon.org
2014-03-28 11:27:12,www.ncbi.nlm.nih.gov
2014-03-28 11:27:13,www.ncbi.nlm.nih.gov
2014-03-28 11:27:14,www.ncbi.nlm.nih.gov
2014-03-28 11:27:15,www.ncbi.nlm.nih.gov
2014-03-28 11:27:17,www.ncbi.nlm.nih.gov
2014-03-28 11:27:21,www.ncbi.nlm.nih.gov
2014-03-28 11:27:30,blast.ncbi.nlm.nih.gov
2014-03-28 11:27:30,www.ncbi.nlm.nih.gov
2014-03-28 11:27:31,www.ncbi.nlm.nih.gov
2014-03-28 11:27:33,www.ncbi.nlm.nih.gov
2014-03-28 11:27:34,www.ncbi.nlm.nih.gov
2014-03-28 11:27:39,www.ncbi.nlm.nih.gov
2014-03-28 11:27:40,annotathon.org
2014-03-28 11:27:43,www.ncbi.nlm.nih.gov
2014-03-28 11:27:44,www.ncbi.nlm.nih.gov
2014-03-28 11:27:46,www.ncbi.nlm.nih.gov
2014-03-28 11:27:47,www.ncbi.nlm.nih.gov
2014-03-28 11:27:53,www.ncbi.nlm.nih.gov
2014-03-28 11:27:58,www.ncbi.nlm.nih.gov
2014-03-28 11:28:00,www.ncbi.nlm.nih.gov
2014-03-28 11:28:10,annotathon.org
2014-03-28 11:28:40,annotathon.org
2014-03-28 11:29:10,annotathon.org
2014-03-28 11:29:40,annotathon.org
2014-03-28 11:30:10,annotathon.org
2014-03-28 11:30:40,annotathon.org
2014-03-28 11:31:10,annotathon.org
2014-03-28 11:31:40,annotathon.org
2014-03-28 11:31:48,annotathon.org
2014-03-28 11:32:18,annotathon.org
2014-03-28 11:32:45,www.ncbi.nlm.nih.gov
2014-03-28 11:32:47,www.ncbi.nlm.nih.gov
2014-03-28 11:32:48,annotathon.org
2014-03-28 11:32:52,www.ncbi.nlm.nih.gov
2014-03-28 11:33:08,www.ncbi.nlm.nih.gov
2014-03-28 11:33:10,www.ncbi.nlm.nih.gov
2014-03-28 11:33:12,www.ncbi.nlm.nih.gov
2014-03-28 11:33:18,annotathon.org
2014-03-28 11:33:48,annotathon.org
2014-03-28 11:34:16,annotathon.org
2014-03-28 11:34:17,annotathon.org
2014-03-28 11:34:47,annotathon.org
2014-03-28 11:35:03,www.phylogeny.fr
2014-03-28 11:35:17,annotathon.org
2014-03-28 11:35:47,annotathon.org
2014-03-28 11:36:17,annotathon.org
2014-03-28 11:36:47,annotathon.org
2014-03-28 11:37:03,www.ncbi.nlm.nih.gov
2014-03-28 11:37:17,annotathon.org
2014-03-28 11:37:24,www.ncbi.nlm.nih.gov
2014-03-28 11:37:27,www.ncbi.nlm.nih.gov
2014-03-28 11:37:28,www.ncbi.nlm.nih.gov
2014-03-28 11:37:47,annotathon.org
2014-03-28 11:37:50,www.megasoftware.net
2014-03-28 11:38:17,annotathon.org
2014-03-28 11:38:24,annotathon.org
2014-03-28 11:38:47,annotathon.org
2014-03-28 11:39:17,annotathon.org
2014-03-28 11:39:47,annotathon.org
2014-03-28 11:40:17,annotathon.org
2014-03-28 11:40:47,annotathon.org
2014-03-28 11:41:17,annotathon.org
2014-03-28 11:41:28,www.phylogeny.fr
2014-03-28 11:41:35,www.phylogeny.fr
2014-03-28 11:41:38,www.phylogeny.fr
2014-03-28 11:41:41,www.phylogeny.fr
2014-03-28 11:41:47,annotathon.org
2014-03-28 11:42:17,annotathon.org
2014-03-28 11:42:47,annotathon.org
2014-03-28 11:43:17,annotathon.org
2014-03-28 11:43:47,annotathon.org
2014-03-28 11:44:13,www.phylogeny.fr
2014-03-28 11:44:17,annotathon.org
2014-03-28 11:44:19,www.phylogeny.fr
2014-03-28 11:44:47,annotathon.org
2014-03-28 11:45:17,annotathon.org
2014-03-28 11:45:47,annotathon.org
2014-03-28 11:46:17,annotathon.org
2014-03-28 11:46:21,annotathon.org
2014-03-28 11:46:29,annotathon.org
2014-04-04 10:05:03,api.bing.com
2014-04-04 10:05:04,api.bing.com
2014-04-04 10:05:07,annotathon.org
2014-04-04 10:05:18,annotathon.org
2014-04-04 10:05:19,annotathon.org
2014-04-04 10:05:40,annotathon.org
2014-04-04 10:05:45,annotathon.org
2014-04-04 10:05:45,annotathon.univ-mrs.fr
2014-04-04 10:06:15,annotathon.org
2014-04-04 10:06:45,annotathon.org
2014-04-04 10:07:15,annotathon.org
2014-04-04 10:07:17,annotathon.org
2014-04-04 10:07:18,annotathon.org
2014-04-04 10:07:48,annotathon.org
2014-04-04 10:07:52,api.bing.com
2014-04-04 10:07:53,api.bing.com
2014-04-04 10:07:56,www.phylogeny.fr
2014-04-04 10:07:57,www.phylogeny.fr
2014-04-04 10:08:01,www.phylogeny.fr
2014-04-04 10:08:04,www.phylogeny.fr
2014-04-04 10:08:05,www.phylogeny.fr
2014-04-04 10:08:07,www.phylogeny.fr
2014-04-04 10:08:11,www.phylogeny.fr
2014-04-04 10:08:18,annotathon.org
2014-04-04 10:08:48,annotathon.org
2014-04-04 10:09:05,www.phylogeny.fr
2014-04-04 10:09:09,www.phylogeny.fr
2014-04-04 10:09:12,www.phylogeny.fr
2014-04-04 10:09:14,www.phylogeny.fr
2014-04-04 10:09:17,www.phylogeny.fr
2014-04-04 10:09:18,annotathon.org
2014-04-04 10:09:19,www.phylogeny.fr
2014-04-04 10:09:22,www.phylogeny.fr
2014-04-04 10:09:25,www.phylogeny.fr
2014-04-04 10:09:27,www.phylogeny.fr
2014-04-04 10:09:30,www.phylogeny.fr
2014-04-04 10:09:32,www.phylogeny.fr
2014-04-04 10:09:35,www.phylogeny.fr
2014-04-04 10:09:37,www.phylogeny.fr
2014-04-04 10:09:39,www.phylogeny.fr
2014-04-04 10:09:42,www.phylogeny.fr
2014-04-04 10:09:44,www.phylogeny.fr
2014-04-04 10:09:47,www.phylogeny.fr
2014-04-04 10:09:48,annotathon.org
2014-04-04 10:09:49,www.phylogeny.fr
2014-04-04 10:09:51,www.phylogeny.fr
2014-04-04 10:09:54,www.phylogeny.fr
2014-04-04 10:09:56,www.phylogeny.fr
2014-04-04 10:09:58,www.phylogeny.fr
2014-04-04 10:10:01,www.phylogeny.fr
2014-04-04 10:10:03,www.phylogeny.fr
2014-04-04 10:10:06,www.phylogeny.fr
2014-04-04 10:10:08,www.phylogeny.fr
2014-04-04 10:10:11,www.phylogeny.fr
2014-04-04 10:10:13,www.phylogeny.fr
2014-04-04 10:10:16,www.phylogeny.fr
2014-04-04 10:10:18,annotathon.org
2014-04-04 10:10:18,www.phylogeny.fr
2014-04-04 10:10:21,www.phylogeny.fr
2014-04-04 10:10:23,www.phylogeny.fr
2014-04-04 10:10:25,www.phylogeny.fr
2014-04-04 10:10:28,www.phylogeny.fr
2014-04-04 10:10:30,www.phylogeny.fr
2014-04-04 10:10:33,www.phylogeny.fr
2014-04-04 10:10:35,www.phylogeny.fr
2014-04-04 10:10:38,www.phylogeny.fr
2014-04-04 10:10:40,www.phylogeny.fr
2014-04-04 10:10:43,www.phylogeny.fr
2014-04-04 10:10:45,www.phylogeny.fr
2014-04-04 10:10:47,www.phylogeny.fr
2014-04-04 10:10:48,annotathon.org
2014-04-04 10:10:50,www.phylogeny.fr
2014-04-04 10:10:52,www.phylogeny.fr
2014-04-04 10:10:55,www.phylogeny.fr
2014-04-04 10:10:57,www.phylogeny.fr
2014-04-04 10:11:01,www.phylogeny.fr
2014-04-04 10:11:03,www.phylogeny.fr
2014-04-04 10:11:05,www.phylogeny.fr
2014-04-04 10:11:08,www.phylogeny.fr
2014-04-04 10:11:10,www.phylogeny.fr
2014-04-04 10:11:13,www.phylogeny.fr
2014-04-04 10:11:15,www.phylogeny.fr
2014-04-04 10:11:18,annotathon.org
2014-04-04 10:11:18,www.phylogeny.fr
2014-04-04 10:11:20,www.phylogeny.fr
2014-04-04 10:11:23,www.phylogeny.fr
2014-04-04 10:11:25,www.phylogeny.fr
2014-04-04 10:11:27,www.phylogeny.fr
2014-04-04 10:11:30,www.phylogeny.fr
2014-04-04 10:11:32,www.phylogeny.fr
2014-04-04 10:11:35,www.phylogeny.fr
2014-04-04 10:11:37,www.phylogeny.fr
2014-04-04 10:11:39,www.phylogeny.fr
2014-04-04 10:11:42,www.phylogeny.fr
2014-04-04 10:11:44,www.phylogeny.fr
2014-04-04 10:11:47,www.phylogeny.fr
2014-04-04 10:11:48,annotathon.org
2014-04-04 10:11:49,www.phylogeny.fr
2014-04-04 10:11:51,www.phylogeny.fr
2014-04-04 10:11:54,www.phylogeny.fr
2014-04-04 10:12:02,www.phylogeny.fr
2014-04-04 10:12:03,www.phylogeny.fr
2014-04-04 10:12:05,www.phylogeny.fr
2014-04-04 10:12:18,annotathon.org
2014-04-04 10:12:48,annotathon.org
2014-04-04 10:13:18,annotathon.org
2014-04-04 10:13:48,annotathon.org
2014-04-04 10:14:18,annotathon.org
2014-04-04 10:14:48,annotathon.org
2014-04-04 10:15:18,annotathon.org
2014-04-04 10:15:28,www.phylogeny.fr
2014-04-04 10:15:33,api.bing.com
2014-04-04 10:15:34,api.bing.com
2014-04-04 10:15:35,api.bing.com
2014-04-04 10:15:36,www.bing.com
2014-04-04 10:15:37,www.bing.com
2014-04-04 10:15:37,cms.abmr.net
2014-04-04 10:15:38,annotathon.org
2014-04-04 10:15:42,annotathon.org
2014-04-04 10:15:44,annotathon.org
2014-04-04 10:15:55,api.bing.com
2014-04-04 10:15:56,api.bing.com
2014-04-04 10:15:57,api.bing.com
2014-04-04 10:16:02,www.phylogeny.fr
2014-04-04 10:16:07,www.phylogeny.fr
2014-04-04 10:16:11,www.phylogeny.fr
2014-04-04 10:16:14,annotathon.org
2014-04-04 10:16:44,annotathon.org
2014-04-04 10:17:14,annotathon.org
2014-04-04 10:17:44,annotathon.org
2014-04-04 10:18:14,annotathon.org
2014-04-04 10:18:44,annotathon.org
2014-04-04 10:18:46,www.phylogeny.fr
2014-04-04 10:19:14,annotathon.org
2014-04-04 10:19:44,annotathon.org
2014-04-04 10:20:14,annotathon.org
2014-04-04 10:20:44,annotathon.org
2014-04-04 10:21:07,api.bing.com
2014-04-04 10:21:14,annotathon.org
2014-04-04 10:21:24,www.phylogeny.fr
2014-04-04 10:21:28,www.phylogeny.fr
2014-04-04 10:21:31,www.phylogeny.fr
2014-04-04 10:21:44,annotathon.org
2014-04-04 10:22:14,annotathon.org
2014-04-04 10:22:44,annotathon.org
2014-04-04 10:23:14,annotathon.org
2014-04-04 10:23:44,annotathon.org
2014-04-04 10:24:14,annotathon.org
2014-04-04 10:24:44,annotathon.org
2014-04-04 10:25:14,annotathon.org
2014-04-04 10:25:44,annotathon.org
2014-04-04 10:26:14,annotathon.org
2014-04-04 10:26:44,annotathon.org
2014-04-04 10:27:05,www.squid-cache.org
2014-04-04 10:27:11,www.google.com
2014-04-04 10:27:12,clients1.google.com
2014-04-04 10:27:12,gtglobal-ocsp.geotrust.com
2014-04-04 10:27:14,clients1.google.com
2014-04-04 10:27:14,annotathon.org
2014-04-04 10:27:16,www.google.fr
2014-04-04 10:27:16,www.phylogeny.fr
2014-04-04 10:27:20,www.phylogeny.fr
2014-04-04 10:27:21,www.phylogeny.fr
2014-04-04 10:27:22,www.phylogeny.fr
2014-04-04 10:27:23,www.phylogeny.fr
2014-04-04 10:27:27,www.phylogeny.fr
2014-04-04 10:27:41,www.phylogeny.fr
2014-04-04 10:27:44,annotathon.org
2014-04-04 10:27:45,www.phylogeny.fr
2014-04-04 10:27:46,www.phylogeny.fr
2014-04-04 10:27:48,www.phylogeny.fr
2014-04-04 10:27:50,www.phylogeny.fr
2014-04-04 10:27:53,www.phylogeny.fr
2014-04-04 10:27:55,www.phylogeny.fr
2014-04-04 10:27:57,gtssl-ocsp.geotrust.com
2014-04-04 10:27:58,www.phylogeny.fr
2014-04-04 10:28:00,www.phylogeny.fr
2014-04-04 10:28:04,www.phylogeny.fr
2014-04-04 10:28:07,www.phylogeny.fr
2014-04-04 10:28:09,www.phylogeny.fr
2014-04-04 10:28:12,www.phylogeny.fr
2014-04-04 10:28:14,www.phylogeny.fr
2014-04-04 10:28:14,annotathon.org
2014-04-04 10:28:16,www.phylogeny.fr
2014-04-04 10:28:19,www.phylogeny.fr
2014-04-04 10:28:21,www.phylogeny.fr
2014-04-04 10:28:23,www.phylogeny.fr
2014-04-04 10:28:26,www.phylogeny.fr
2014-04-04 10:28:28,www.phylogeny.fr
2014-04-04 10:28:31,www.phylogeny.fr
2014-04-04 10:28:33,www.phylogeny.fr
2014-04-04 10:28:35,www.phylogeny.fr
2014-04-04 10:28:38,www.phylogeny.fr
2014-04-04 10:28:41,www.phylogeny.fr
2014-04-04 10:28:43,www.phylogeny.fr
2014-04-04 10:28:44,annotathon.org
2014-04-04 10:28:46,www.phylogeny.fr
2014-04-04 10:28:48,www.phylogeny.fr
2014-04-04 10:28:51,www.phylogeny.fr
2014-04-04 10:28:53,www.phylogeny.fr
2014-04-04 10:28:56,www.phylogeny.fr
2014-04-04 10:28:59,www.phylogeny.fr
2014-04-04 10:29:02,www.phylogeny.fr
2014-04-04 10:29:04,www.phylogeny.fr
2014-04-04 10:29:07,www.phylogeny.fr
2014-04-04 10:29:09,www.phylogeny.fr
2014-04-04 10:29:11,www.phylogeny.fr
2014-04-04 10:29:14,www.phylogeny.fr
2014-04-04 10:29:14,annotathon.org
2014-04-04 10:29:16,www.phylogeny.fr
2014-04-04 10:29:19,www.phylogeny.fr
2014-04-04 10:29:21,www.phylogeny.fr
2014-04-04 10:29:23,www.phylogeny.fr
2014-04-04 10:29:26,www.phylogeny.fr
2014-04-04 10:29:28,www.phylogeny.fr
2014-04-04 10:29:31,www.phylogeny.fr
2014-04-04 10:29:33,www.phylogeny.fr
2014-04-04 10:29:36,www.phylogeny.fr
2014-04-04 10:29:38,www.phylogeny.fr
2014-04-04 10:29:41,www.phylogeny.fr
2014-04-04 10:29:43,www.phylogeny.fr
2014-04-04 10:29:44,annotathon.org
2014-04-04 10:29:45,www.phylogeny.fr
2014-04-04 10:29:48,www.phylogeny.fr
2014-04-04 10:29:50,www.phylogeny.fr
2014-04-04 10:29:53,www.phylogeny.fr
2014-04-04 10:29:55,safebrowsing.clients.google.com
2014-04-04 10:29:55,safebrowsing-cache.google.com
2014-04-04 10:29:55,www.phylogeny.fr
2014-04-04 10:29:57,www.phylogeny.fr
2014-04-04 10:30:00,www.phylogeny.fr
2014-04-04 10:30:02,www.phylogeny.fr
2014-04-04 10:30:05,www.phylogeny.fr
2014-04-04 10:30:07,www.phylogeny.fr
2014-04-04 10:30:09,www.phylogeny.fr
2014-04-04 10:30:10,www.google.com
2014-04-04 10:30:11,apis.google.com
2014-04-04 10:30:11,www.google.fr
2014-04-04 10:30:12,www.phylogeny.fr
2014-04-04 10:30:14,annotathon.org
2014-04-04 10:30:14,www.phylogeny.fr
2014-04-04 10:30:17,www.phylogeny.fr
2014-04-04 10:30:19,www.phylogeny.fr
2014-04-04 10:30:21,www.phylogeny.fr
2014-04-04 10:30:24,www.phylogeny.fr
2014-04-04 10:30:26,www.phylogeny.fr
2014-04-04 10:30:29,www.phylogeny.fr
2014-04-04 10:30:31,www.phylogeny.fr
2014-04-04 10:30:36,www.phylogeny.fr
2014-04-04 10:30:37,www.phylogeny.fr
2014-04-04 10:30:38,www.phylogeny.fr
2014-04-04 10:30:39,www.phylogeny.fr
2014-04-04 10:30:44,annotathon.org
2014-04-04 10:31:14,annotathon.org
2014-04-04 10:31:44,annotathon.org
2014-04-04 10:32:14,annotathon.org
2014-04-04 10:32:44,annotathon.org
2014-04-04 10:32:51,sb-ssl.google.com
2014-04-04 10:32:55,ocsp.thawte.com
2014-04-04 10:33:14,annotathon.org
2014-04-04 10:33:44,annotathon.org
2014-04-04 10:34:14,annotathon.org
2014-04-04 10:34:44,annotathon.org
2014-04-04 10:34:55,ocsp.verisign.com
2014-04-04 10:35:14,annotathon.org
2014-04-04 10:35:44,annotathon.org
2014-04-04 10:36:14,annotathon.org
2014-04-04 10:36:44,annotathon.org
2014-04-04 10:36:55,ocsp.digicert.com
2014-04-04 10:37:14,annotathon.org
2014-04-04 10:37:44,annotathon.org
2014-04-04 10:38:14,annotathon.org
2014-04-04 10:38:44,annotathon.org
2014-04-04 10:38:44,www.phylogeny.fr
2014-04-04 10:38:45,www.phylogeny.fr
2014-04-04 10:38:46,www.phylogeny.fr
2014-04-04 10:38:47,www.phylogeny.fr
2014-04-04 10:38:48,www.phylogeny.fr
2014-04-04 10:38:49,www.phylogeny.fr
2014-04-04 10:39:14,annotathon.org
2014-04-04 10:39:44,annotathon.org
2014-04-04 10:40:14,annotathon.org
2014-04-04 10:40:44,annotathon.org
2014-04-04 10:41:14,annotathon.org
2014-04-04 10:41:44,annotathon.org
2014-04-04 10:42:14,annotathon.org
2014-04-04 10:42:24,www.phylogeny.fr
2014-04-04 10:42:25,www.phylogeny.fr
2014-04-04 10:42:31,www.phylogeny.fr
2014-04-04 10:42:37,www.phylogeny.fr
2014-04-04 10:42:39,www.phylogeny.fr
2014-04-04 10:42:44,annotathon.org
2014-04-04 10:42:44,www.phylogeny.fr
2014-04-04 10:42:45,www.phylogeny.fr
2014-04-04 10:42:46,www.phylogeny.fr
2014-04-04 10:42:47,www.phylogeny.fr
2014-04-04 10:42:50,www.phylogeny.fr
2014-04-04 10:43:14,annotathon.org
2014-04-04 10:43:28,www.phylogeny.fr
2014-04-04 10:43:44,annotathon.org
2014-04-04 10:44:14,annotathon.org
2014-04-04 10:44:20,www.phylogeny.fr
2014-04-04 10:44:27,www.phylogeny.fr
2014-04-04 10:44:32,www.phylogeny.fr
2014-04-04 10:44:35,www.phylogeny.fr
2014-04-04 10:44:38,www.phylogeny.fr
2014-04-04 10:44:40,www.phylogeny.fr
2014-04-04 10:44:42,www.phylogeny.fr
2014-04-04 10:44:44,annotathon.org
2014-04-04 10:44:45,www.phylogeny.fr
2014-04-04 10:44:47,www.phylogeny.fr
2014-04-04 10:44:50,www.phylogeny.fr
2014-04-04 10:44:52,www.phylogeny.fr
2014-04-04 10:44:55,www.phylogeny.fr
2014-04-04 10:44:57,www.phylogeny.fr
2014-04-04 10:44:59,www.phylogeny.fr
2014-04-04 10:45:02,www.phylogeny.fr
2014-04-04 10:45:04,www.phylogeny.fr
2014-04-04 10:45:07,www.phylogeny.fr
2014-04-04 10:45:09,www.phylogeny.fr
2014-04-04 10:45:12,www.phylogeny.fr
2014-04-04 10:45:14,www.phylogeny.fr
2014-04-04 10:45:14,annotathon.org
2014-04-04 10:45:16,www.phylogeny.fr
2014-04-04 10:45:19,www.phylogeny.fr
2014-04-04 10:45:21,www.phylogeny.fr
2014-04-04 10:45:24,www.phylogeny.fr
2014-04-04 10:45:26,www.phylogeny.fr
2014-04-04 10:45:28,www.phylogeny.fr
2014-04-04 10:45:31,www.phylogeny.fr
2014-04-04 10:45:33,www.phylogeny.fr
2014-04-04 10:45:36,www.phylogeny.fr
2014-04-04 10:45:38,www.phylogeny.fr
2014-04-04 10:45:40,www.phylogeny.fr
2014-04-04 10:45:43,www.phylogeny.fr
2014-04-04 10:45:44,annotathon.org
2014-04-04 10:45:45,www.phylogeny.fr
2014-04-04 10:45:48,www.phylogeny.fr
2014-04-04 10:45:51,www.phylogeny.fr
2014-04-04 10:45:53,www.phylogeny.fr
2014-04-04 10:45:56,www.phylogeny.fr
2014-04-04 10:45:58,www.phylogeny.fr
2014-04-04 10:46:00,www.phylogeny.fr
2014-04-04 10:46:03,www.phylogeny.fr
2014-04-04 10:46:05,www.phylogeny.fr
2014-04-04 10:46:08,www.phylogeny.fr
2014-04-04 10:46:10,www.phylogeny.fr
2014-04-04 10:46:12,www.phylogeny.fr
2014-04-04 10:46:14,annotathon.org
2014-04-04 10:46:15,www.phylogeny.fr
2014-04-04 10:46:17,www.phylogeny.fr
2014-04-04 10:46:20,www.phylogeny.fr
2014-04-04 10:46:22,www.phylogeny.fr
2014-04-04 10:46:24,www.phylogeny.fr
2014-04-04 10:46:27,www.phylogeny.fr
2014-04-04 10:46:29,www.phylogeny.fr
2014-04-04 10:46:32,www.phylogeny.fr
2014-04-04 10:46:34,www.phylogeny.fr
2014-04-04 10:46:37,www.phylogeny.fr
2014-04-04 10:46:39,www.phylogeny.fr
2014-04-04 10:46:41,www.phylogeny.fr
2014-04-04 10:46:44,www.phylogeny.fr
2014-04-04 10:46:44,annotathon.org
2014-04-04 10:46:46,www.phylogeny.fr
2014-04-04 10:46:49,www.phylogeny.fr
2014-04-04 10:46:51,www.phylogeny.fr
2014-04-04 10:46:53,www.phylogeny.fr
2014-04-04 10:46:56,www.phylogeny.fr
2014-04-04 10:46:58,www.phylogeny.fr
2014-04-04 10:47:01,www.phylogeny.fr
2014-04-04 10:47:03,www.phylogeny.fr
2014-04-04 10:47:06,www.phylogeny.fr
2014-04-04 10:47:08,www.phylogeny.fr
2014-04-04 10:47:11,www.phylogeny.fr
2014-04-04 10:47:13,www.phylogeny.fr
2014-04-04 10:47:14,annotathon.org
2014-04-04 10:47:16,www.phylogeny.fr
2014-04-04 10:47:20,www.phylogeny.fr
2014-04-04 10:47:21,www.phylogeny.fr
2014-04-04 10:47:23,www.phylogeny.fr
2014-04-04 10:47:44,annotathon.org
2014-04-04 10:47:51,annotathon.org
2014-04-04 10:48:21,annotathon.org
2014-04-04 10:48:51,annotathon.org
2014-04-04 10:49:21,annotathon.org
2014-04-04 10:49:51,annotathon.org
2014-04-04 10:50:21,annotathon.org
2014-04-04 10:50:51,annotathon.org
2014-04-04 10:51:21,annotathon.org
2014-04-04 10:51:26,www.phylogeny.fr
2014-04-04 10:51:32,www.phylogeny.fr
2014-04-04 10:51:37,www.phylogeny.fr
2014-04-04 10:51:40,www.phylogeny.fr
2014-04-04 10:51:51,annotathon.org
2014-04-04 10:52:21,annotathon.org
2014-04-04 10:52:51,annotathon.org
2014-04-04 10:53:07,annotathon.org
2014-04-04 10:53:08,annotathon.org
2014-04-04 10:53:37,annotathon.org
2014-04-04 10:54:07,annotathon.org
2014-04-04 10:54:37,annotathon.org
2014-04-04 10:55:07,annotathon.org
2014-04-04 10:55:37,annotathon.org
2014-04-04 10:56:07,annotathon.org
2014-04-04 10:56:34,www.google.fr
2014-04-04 10:56:37,annotathon.org
2014-04-04 10:56:38,www.phylogeny.fr
2014-04-04 10:56:41,www.phylogeny.fr
2014-04-04 10:56:45,www.phylogeny.fr
2014-04-04 10:57:07,annotathon.org
2014-04-04 10:57:37,annotathon.org
2014-04-04 10:58:07,annotathon.org
2014-04-04 10:58:37,annotathon.org
2014-04-04 10:59:07,annotathon.org
2014-04-04 10:59:27,www.google.com
2014-04-04 10:59:28,www.google.fr
2014-04-04 10:59:37,annotathon.org
2014-04-04 11:00:07,annotathon.org
2014-04-04 11:00:38,annotathon.org
2014-04-04 11:01:07,annotathon.org
2014-04-04 11:01:37,annotathon.org
2014-04-04 11:01:47,safebrowsing.clients.google.com
2014-04-04 11:01:47,safebrowsing-cache.google.com
2014-04-04 11:02:07,annotathon.org
2014-04-04 11:02:37,annotathon.org
2014-04-04 11:02:57,www.phylogeny.fr
2014-04-04 11:03:02,www.phylogeny.fr
2014-04-04 11:03:05,www.phylogeny.fr
2014-04-04 11:03:07,www.phylogeny.fr
2014-04-04 11:03:07,annotathon.org
2014-04-04 11:03:10,www.phylogeny.fr
2014-04-04 11:03:12,www.phylogeny.fr
2014-04-04 11:03:15,www.phylogeny.fr
2014-04-04 11:03:17,www.phylogeny.fr
2014-04-04 11:03:20,www.phylogeny.fr
2014-04-04 11:03:22,www.phylogeny.fr
2014-04-04 11:03:25,www.phylogeny.fr
2014-04-04 11:03:27,www.phylogeny.fr
2014-04-04 11:03:30,www.phylogeny.fr
2014-04-04 11:03:32,www.phylogeny.fr
2014-04-04 11:03:35,www.phylogeny.fr
2014-04-04 11:03:37,www.phylogeny.fr
2014-04-04 11:03:37,annotathon.org
2014-04-04 11:03:40,www.phylogeny.fr
2014-04-04 11:03:42,www.phylogeny.fr
2014-04-04 11:03:47,www.phylogeny.fr
2014-04-04 11:03:48,www.phylogeny.fr
2014-04-04 11:03:53,www.phylogeny.fr
2014-04-04 11:04:06,www.phylogeny.fr
2014-04-04 11:04:07,annotathon.org
2014-04-04 11:04:37,annotathon.org
2014-04-04 11:04:54,annotathon.org
2014-04-04 11:04:55,annotathon.org
2014-04-04 11:05:05,www.phylogeny.fr
2014-04-04 11:05:11,www.phylogeny.fr
2014-04-04 11:05:16,www.phylogeny.fr
2014-04-04 11:05:21,www.phylogeny.fr
2014-04-04 11:05:22,www.phylogeny.fr
2014-04-04 11:05:24,www.phylogeny.fr
2014-04-04 11:05:25,annotathon.org
2014-04-04 11:05:28,www.phylogeny.fr
2014-04-04 11:05:55,annotathon.org
2014-04-04 11:06:02,www.phylogeny.fr
2014-04-04 11:06:19,annotathon.org
2014-04-04 11:06:49,annotathon.org
2014-04-04 11:07:19,annotathon.org
2014-04-04 11:07:31,annotathon.org
2014-04-04 11:08:01,annotathon.org
2014-04-04 11:08:31,annotathon.org
2014-04-04 11:09:01,annotathon.org
2014-04-04 11:09:31,annotathon.org
2014-04-04 11:10:01,annotathon.org
2014-04-04 11:10:31,annotathon.org
2014-04-04 11:10:48,annotathon.org
2014-04-04 11:10:49,annotathon.org
2014-04-04 11:11:19,annotathon.org
2014-04-04 11:11:49,annotathon.org
2014-04-04 11:12:19,annotathon.org
2014-04-04 11:12:49,annotathon.org
2014-04-04 11:13:19,annotathon.org
2014-04-04 11:13:49,annotathon.org
2014-04-04 11:14:14,annotathon.org
2014-04-04 11:14:44,annotathon.org
2014-04-04 11:15:14,annotathon.org
2014-04-04 11:15:44,annotathon.org
2014-04-04 11:16:14,annotathon.org
2014-04-04 11:16:44,annotathon.org
2014-04-04 11:17:14,annotathon.org
2014-04-04 11:17:44,annotathon.org
2014-04-04 11:18:14,annotathon.org
2014-04-04 11:18:35,ieonline.microsoft.com
2014-04-04 11:18:44,annotathon.org
2014-04-04 11:18:49,annotathon.org
2014-04-04 11:19:19,annotathon.org
2014-04-04 11:19:49,annotathon.org
2014-04-04 11:20:19,annotathon.org
2014-04-04 11:20:49,annotathon.org
2014-04-04 11:21:19,www.phylogeny.fr
2014-04-04 11:21:19,annotathon.org
2014-04-04 11:21:24,www.phylogeny.fr
2014-04-04 11:21:28,www.phylogeny.fr
2014-04-04 11:21:29,www.phylogeny.fr
2014-04-04 11:21:31,www.phylogeny.fr
2014-04-04 11:21:33,www.phylogeny.fr
2014-04-04 11:21:36,www.phylogeny.fr
2014-04-04 11:21:38,www.phylogeny.fr
2014-04-04 11:21:41,www.phylogeny.fr
2014-04-04 11:21:43,www.phylogeny.fr
2014-04-04 11:21:46,www.phylogeny.fr
2014-04-04 11:21:48,www.phylogeny.fr
2014-04-04 11:21:49,annotathon.org
2014-04-04 11:21:51,www.phylogeny.fr
2014-04-04 11:21:54,www.phylogeny.fr
2014-04-04 11:21:56,www.phylogeny.fr
2014-04-04 11:21:59,www.phylogeny.fr
2014-04-04 11:22:01,www.phylogeny.fr
2014-04-04 11:22:04,www.phylogeny.fr
2014-04-04 11:22:08,www.phylogeny.fr
2014-04-04 11:22:12,www.phylogeny.fr
2014-04-04 11:22:13,www.phylogeny.fr
2014-04-04 11:22:14,www.phylogeny.fr
2014-04-04 11:22:18,www.phylogeny.fr
2014-04-04 11:22:19,annotathon.org
2014-04-04 11:22:49,annotathon.org
2014-04-04 11:23:19,annotathon.org
2014-04-04 11:23:49,annotathon.org
2014-04-04 11:24:20,annotathon.org
2014-04-04 11:24:49,annotathon.org
2014-04-04 11:25:20,annotathon.org
2014-04-04 11:25:49,annotathon.org
2014-04-04 11:26:17,www.phylogeny.fr
2014-04-04 11:26:19,annotathon.org
2014-04-04 11:26:23,www.phylogeny.fr
2014-04-04 11:26:28,www.phylogeny.fr
2014-04-04 11:26:34,www.phylogeny.fr
2014-04-04 11:26:35,www.phylogeny.fr
2014-04-04 11:26:36,www.phylogeny.fr
2014-04-04 11:26:37,www.phylogeny.fr
2014-04-04 11:26:40,www.phylogeny.fr
2014-04-04 11:26:44,www.phylogeny.fr
2014-04-04 11:26:49,annotathon.org
2014-04-04 11:27:19,annotathon.org
2014-04-04 11:27:49,annotathon.org
2014-04-04 11:28:19,annotathon.org
2014-04-04 11:28:32,annotathon.org
2014-04-04 11:28:49,www.phylogeny.fr
2014-04-04 11:29:00,www.phylogeny.fr
2014-04-04 11:29:02,annotathon.org
2014-04-04 11:29:08,www.phylogeny.fr
2014-04-04 11:29:09,www.phylogeny.fr
2014-04-04 11:29:11,www.phylogeny.fr
2014-04-04 11:29:14,www.phylogeny.fr
2014-04-04 11:29:16,www.phylogeny.fr
2014-04-04 11:29:19,www.phylogeny.fr
2014-04-04 11:29:21,www.phylogeny.fr
2014-04-04 11:29:24,www.phylogeny.fr
2014-04-04 11:29:26,www.phylogeny.fr
2014-04-04 11:29:29,www.phylogeny.fr
2014-04-04 11:29:31,www.phylogeny.fr
2014-04-04 11:29:32,annotathon.org
2014-04-04 11:29:34,www.phylogeny.fr
2014-04-04 11:29:36,www.phylogeny.fr
2014-04-04 11:29:38,www.phylogeny.fr
2014-04-04 11:29:41,www.phylogeny.fr
2014-04-04 11:29:43,www.phylogeny.fr
2014-04-04 11:29:45,www.phylogeny.fr
2014-04-04 11:29:48,www.phylogeny.fr
2014-04-04 11:29:50,www.phylogeny.fr
2014-04-04 11:29:53,www.phylogeny.fr
2014-04-04 11:29:55,www.phylogeny.fr
2014-04-04 11:29:58,www.phylogeny.fr
2014-04-04 11:30:00,www.phylogeny.fr
2014-04-04 11:30:02,annotathon.org
2014-04-04 11:30:03,www.phylogeny.fr
2014-04-04 11:30:05,www.phylogeny.fr
2014-04-04 11:30:07,www.phylogeny.fr
2014-04-04 11:30:10,www.phylogeny.fr
2014-04-04 11:30:12,www.phylogeny.fr
2014-04-04 11:30:17,www.phylogeny.fr
2014-04-04 11:30:19,www.phylogeny.fr
2014-04-04 11:30:21,www.phylogeny.fr
2014-04-04 11:30:24,www.phylogeny.fr
2014-04-04 11:30:26,www.phylogeny.fr
2014-04-04 11:30:29,www.phylogeny.fr
2014-04-04 11:30:31,www.phylogeny.fr
2014-04-04 11:30:32,annotathon.org
2014-04-04 11:30:33,www.phylogeny.fr
2014-04-04 11:30:36,www.phylogeny.fr
2014-04-04 11:30:38,www.phylogeny.fr
2014-04-04 11:30:41,www.phylogeny.fr
2014-04-04 11:30:43,www.phylogeny.fr
2014-04-04 11:30:46,www.phylogeny.fr
2014-04-04 11:30:48,www.phylogeny.fr
2014-04-04 11:30:50,www.phylogeny.fr
2014-04-04 11:30:53,www.phylogeny.fr
2014-04-04 11:30:55,www.phylogeny.fr
2014-04-04 11:30:58,www.phylogeny.fr
2014-04-04 11:31:02,annotathon.org
2014-04-04 11:31:02,www.phylogeny.fr
2014-04-04 11:31:04,www.phylogeny.fr
2014-04-04 11:31:07,www.phylogeny.fr
2014-04-04 11:31:09,www.phylogeny.fr
2014-04-04 11:31:11,www.phylogeny.fr
2014-04-04 11:31:14,www.phylogeny.fr
2014-04-04 11:31:16,www.phylogeny.fr
2014-04-04 11:31:19,www.phylogeny.fr
2014-04-04 11:31:21,www.phylogeny.fr
2014-04-04 11:31:24,www.phylogeny.fr
2014-04-04 11:31:26,www.phylogeny.fr
2014-04-04 11:31:28,www.phylogeny.fr
2014-04-04 11:31:31,www.phylogeny.fr
2014-04-04 11:31:32,annotathon.org
2014-04-04 11:31:33,www.phylogeny.fr
2014-04-04 11:31:35,www.phylogeny.fr
2014-04-04 11:31:38,www.phylogeny.fr
2014-04-04 11:31:40,www.phylogeny.fr
2014-04-04 11:31:43,www.phylogeny.fr
2014-04-04 11:31:45,www.phylogeny.fr
2014-04-04 11:31:47,www.phylogeny.fr
2014-04-04 11:31:50,www.phylogeny.fr
2014-04-04 11:31:52,www.phylogeny.fr
2014-04-04 11:31:55,www.phylogeny.fr
2014-04-04 11:31:57,www.phylogeny.fr
2014-04-04 11:31:59,www.phylogeny.fr
2014-04-04 11:32:02,annotathon.org
2014-04-04 11:32:02,www.phylogeny.fr
2014-04-04 11:32:04,www.phylogeny.fr
2014-04-04 11:32:07,www.phylogeny.fr
2014-04-04 11:32:09,www.phylogeny.fr
2014-04-04 11:32:10,safebrowsing.clients.google.com
2014-04-04 11:32:10,safebrowsing-cache.google.com
2014-04-04 11:32:11,www.phylogeny.fr
2014-04-04 11:32:14,www.phylogeny.fr
2014-04-04 11:32:16,www.phylogeny.fr
2014-04-04 11:32:19,www.phylogeny.fr
2014-04-04 11:32:21,www.phylogeny.fr
2014-04-04 11:32:23,www.phylogeny.fr
2014-04-04 11:32:26,www.phylogeny.fr
2014-04-04 11:32:28,www.phylogeny.fr
2014-04-04 11:32:31,www.phylogeny.fr
2014-04-04 11:32:32,annotathon.org
2014-04-04 11:32:33,www.phylogeny.fr
2014-04-04 11:32:35,www.phylogeny.fr
2014-04-04 11:32:38,www.phylogeny.fr
2014-04-04 11:32:40,www.phylogeny.fr
2014-04-04 11:32:42,www.phylogeny.fr
2014-04-04 11:32:45,www.phylogeny.fr
2014-04-04 11:32:47,www.phylogeny.fr
2014-04-04 11:32:50,www.phylogeny.fr
2014-04-04 11:32:52,www.phylogeny.fr
2014-04-04 11:32:54,www.phylogeny.fr
2014-04-04 11:32:57,www.phylogeny.fr
2014-04-04 11:32:59,www.phylogeny.fr
2014-04-04 11:33:02,annotathon.org
2014-04-04 11:33:06,www.phylogeny.fr
2014-04-04 11:33:26,www.phylogeny.fr
2014-04-04 11:33:31,www.phylogeny.fr
2014-04-04 11:33:32,annotathon.org
2014-04-04 11:33:36,www.phylogeny.fr
2014-04-04 11:33:46,www.phylogeny.fr
2014-04-04 11:33:48,www.phylogeny.fr
2014-04-04 11:33:49,www.phylogeny.fr
2014-04-04 11:33:57,www.phylogeny.fr
2014-04-04 11:34:01,www.phylogeny.fr
2014-04-04 11:34:02,annotathon.org
2014-04-04 11:34:13,www.phylogeny.fr
2014-04-04 11:34:16,www.phylogeny.fr
2014-04-04 11:34:25,www.phylogeny.fr
2014-04-04 11:34:32,annotathon.org
2014-04-04 11:34:52,www.phylogeny.fr
2014-04-04 11:35:02,annotathon.org
2014-04-04 11:35:31,www.phylogeny.fr
2014-04-04 11:35:32,annotathon.org
2014-04-04 11:35:40,www.phylogeny.fr
2014-04-04 11:35:46,www.phylogeny.fr
2014-04-04 11:35:52,www.phylogeny.fr
2014-04-04 11:35:55,www.phylogeny.fr
2014-04-04 11:35:57,www.phylogeny.fr
2014-04-04 11:35:59,www.phylogeny.fr
2014-04-04 11:36:02,annotathon.org
2014-04-04 11:36:02,www.phylogeny.fr
2014-04-04 11:36:04,www.phylogeny.fr
2014-04-04 11:36:07,www.phylogeny.fr
2014-04-04 11:36:09,www.phylogeny.fr
2014-04-04 11:36:11,www.phylogeny.fr
2014-04-04 11:36:14,www.phylogeny.fr
2014-04-04 11:36:16,www.phylogeny.fr
2014-04-04 11:36:19,www.phylogeny.fr
2014-04-04 11:36:21,www.phylogeny.fr
2014-04-04 11:36:23,www.phylogeny.fr
2014-04-04 11:36:26,www.phylogeny.fr
2014-04-04 11:36:29,www.phylogeny.fr
2014-04-04 11:36:31,www.phylogeny.fr
2014-04-04 11:36:32,annotathon.org
2014-04-04 11:36:34,www.phylogeny.fr
2014-04-04 11:36:36,www.phylogeny.fr
2014-04-04 11:36:38,www.phylogeny.fr
2014-04-04 11:36:41,www.phylogeny.fr
2014-04-04 11:36:43,www.phylogeny.fr
2014-04-04 11:36:45,www.phylogeny.fr
2014-04-04 11:36:48,www.phylogeny.fr
2014-04-04 11:36:50,www.phylogeny.fr
2014-04-04 11:36:53,www.phylogeny.fr
2014-04-04 11:36:55,www.phylogeny.fr
2014-04-04 11:36:57,www.phylogeny.fr
2014-04-04 11:37:00,www.phylogeny.fr
2014-04-04 11:37:02,www.phylogeny.fr
2014-04-04 11:37:02,annotathon.org
2014-04-04 11:37:05,www.phylogeny.fr
2014-04-04 11:37:07,www.phylogeny.fr
2014-04-04 11:37:09,www.phylogeny.fr
2014-04-04 11:37:12,www.phylogeny.fr
2014-04-04 11:37:14,www.phylogeny.fr
2014-04-04 11:37:17,www.phylogeny.fr
2014-04-04 11:37:19,www.phylogeny.fr
2014-04-04 11:37:21,www.phylogeny.fr
2014-04-04 11:37:24,www.phylogeny.fr
2014-04-04 11:37:26,www.phylogeny.fr
2014-04-04 11:37:29,www.phylogeny.fr
2014-04-04 11:37:31,www.phylogeny.fr
2014-04-04 11:37:32,annotathon.org
2014-04-04 11:37:34,www.phylogeny.fr
2014-04-04 11:37:36,www.phylogeny.fr
2014-04-04 11:37:38,www.phylogeny.fr
2014-04-04 11:37:41,www.phylogeny.fr
2014-04-04 11:37:43,www.phylogeny.fr
2014-04-04 11:37:46,www.phylogeny.fr
2014-04-04 11:37:48,www.phylogeny.fr
2014-04-04 11:37:50,www.phylogeny.fr
2014-04-04 11:37:53,www.phylogeny.fr
2014-04-04 11:37:56,www.phylogeny.fr
2014-04-04 11:37:58,www.phylogeny.fr
2014-04-04 11:38:01,www.phylogeny.fr
2014-04-04 11:38:02,annotathon.org
2014-04-04 11:38:03,www.phylogeny.fr
2014-04-04 11:38:05,www.phylogeny.fr
2014-04-04 11:38:08,www.phylogeny.fr
2014-04-04 11:38:10,www.phylogeny.fr
2014-04-04 11:38:13,www.phylogeny.fr
2014-04-04 11:38:15,www.phylogeny.fr
2014-04-04 11:38:18,www.phylogeny.fr
2014-04-04 11:38:20,www.phylogeny.fr
2014-04-04 11:38:23,www.phylogeny.fr
2014-04-04 11:38:25,www.phylogeny.fr
2014-04-04 11:38:28,www.phylogeny.fr
2014-04-04 11:38:30,www.phylogeny.fr
2014-04-04 11:38:32,annotathon.org
2014-04-04 11:38:33,www.phylogeny.fr
2014-04-04 11:38:35,www.phylogeny.fr
2014-04-04 11:38:37,www.phylogeny.fr
2014-04-04 11:38:40,www.phylogeny.fr
2014-04-04 11:38:42,www.phylogeny.fr
2014-04-04 11:38:45,www.phylogeny.fr
2014-04-04 11:38:47,www.phylogeny.fr
2014-04-04 11:38:49,www.phylogeny.fr
2014-04-04 11:38:52,www.phylogeny.fr
2014-04-04 11:38:54,www.phylogeny.fr
2014-04-04 11:38:57,www.phylogeny.fr
2014-04-04 11:38:59,www.phylogeny.fr
2014-04-04 11:39:01,www.phylogeny.fr
2014-04-04 11:39:02,annotathon.org
2014-04-04 11:39:04,www.phylogeny.fr
2014-04-04 11:39:06,www.phylogeny.fr
2014-04-04 11:39:09,www.phylogeny.fr
2014-04-04 11:39:11,www.phylogeny.fr
2014-04-04 11:39:13,www.phylogeny.fr
2014-04-04 11:39:16,www.phylogeny.fr
2014-04-04 11:39:18,www.phylogeny.fr
2014-04-04 11:39:21,www.phylogeny.fr
2014-04-04 11:39:23,www.phylogeny.fr
2014-04-04 11:39:25,www.phylogeny.fr
2014-04-04 11:39:28,www.phylogeny.fr
2014-04-04 11:39:30,www.phylogeny.fr
2014-04-04 11:39:32,annotathon.org
2014-04-04 11:39:32,www.phylogeny.fr
2014-04-04 11:39:35,www.phylogeny.fr
2014-04-04 11:39:37,www.phylogeny.fr
2014-04-04 11:39:40,www.phylogeny.fr
2014-04-04 11:39:45,www.phylogeny.fr
2014-04-04 11:39:46,www.phylogeny.fr
2014-04-04 11:40:02,annotathon.org
2014-04-04 11:40:19,annotathon.org
2014-04-04 11:40:27,www.phylogeny.fr
2014-04-04 11:40:33,www.phylogeny.fr
2014-04-04 11:40:40,www.phylogeny.fr
2014-04-04 11:40:49,annotathon.org
2014-04-04 11:40:49,www.phylogeny.fr
2014-04-04 11:40:50,www.phylogeny.fr
2014-04-04 11:40:54,www.phylogeny.fr
2014-04-04 11:40:58,www.phylogeny.fr
2014-04-04 11:41:05,www.phylogeny.fr
2014-04-04 11:41:06,www.phylogeny.fr
2014-04-04 11:41:13,www.phylogeny.fr
2014-04-04 11:41:19,annotathon.org
2014-04-04 11:41:49,annotathon.org
2014-04-04 11:42:19,annotathon.org
2014-04-04 11:42:49,annotathon.org
2014-04-04 11:43:19,annotathon.org
2014-04-04 11:43:49,annotathon.org
2014-04-04 11:44:20,annotathon.org
2014-04-04 11:44:49,annotathon.org
2014-04-04 11:45:19,annotathon.org
2014-04-04 11:45:46,www.phylogeny.fr
2014-04-04 11:45:49,annotathon.org
2014-04-04 11:45:51,www.phylogeny.fr
2014-04-04 11:45:54,www.phylogeny.fr
2014-04-04 11:46:02,www.phylogeny.fr
2014-04-04 11:46:03,www.phylogeny.fr
2014-04-04 11:46:06,www.phylogeny.fr
2014-04-04 11:46:08,www.phylogeny.fr
2014-04-04 11:46:11,www.phylogeny.fr
2014-04-04 11:46:13,www.phylogeny.fr
2014-04-04 11:46:16,www.phylogeny.fr
2014-04-04 11:46:18,www.phylogeny.fr
2014-04-04 11:46:19,annotathon.org
2014-04-04 11:46:20,www.phylogeny.fr
2014-04-04 11:46:23,www.phylogeny.fr
2014-04-04 11:46:25,www.phylogeny.fr
2014-04-04 11:46:29,www.phylogeny.fr
2014-04-04 11:46:32,www.phylogeny.fr
2014-04-04 11:46:34,www.phylogeny.fr
2014-04-04 11:46:36,www.phylogeny.fr
2014-04-04 11:46:39,www.phylogeny.fr
2014-04-04 11:46:41,www.phylogeny.fr
2014-04-04 11:46:44,www.phylogeny.fr
2014-04-04 11:46:46,www.phylogeny.fr
2014-04-04 11:46:49,annotathon.org
2014-04-04 11:46:49,www.phylogeny.fr
2014-04-04 11:46:51,www.phylogeny.fr
2014-04-04 11:46:54,www.phylogeny.fr
2014-04-04 11:46:56,www.phylogeny.fr
2014-04-04 11:46:58,annotathon.org
2014-04-04 11:46:59,www.phylogeny.fr
2014-04-04 11:47:01,www.phylogeny.fr
2014-04-04 11:47:04,www.phylogeny.fr
2014-04-04 11:47:06,www.phylogeny.fr
2014-04-04 11:47:08,www.phylogeny.fr
2014-04-04 11:47:11,www.phylogeny.fr
2014-04-04 11:47:14,www.phylogeny.fr
2014-04-04 11:47:16,www.phylogeny.fr
2014-04-04 11:47:19,www.phylogeny.fr
2014-04-04 11:47:21,www.phylogeny.fr
2014-04-04 11:47:24,www.phylogeny.fr
2014-04-04 11:47:27,www.phylogeny.fr
2014-04-04 11:47:28,annotathon.org
2014-04-04 11:47:29,www.phylogeny.fr
2014-04-04 11:47:32,www.phylogeny.fr
2014-04-04 11:47:34,www.phylogeny.fr
2014-04-04 11:47:37,www.phylogeny.fr
2014-04-04 11:47:39,www.phylogeny.fr
2014-04-04 11:47:42,www.phylogeny.fr
2014-04-04 11:47:44,www.phylogeny.fr
2014-04-04 11:47:47,www.phylogeny.fr
2014-04-04 11:47:55,www.phylogeny.fr
2014-04-04 11:47:58,annotathon.org
2014-04-04 11:48:19,annotathon.org
2014-04-04 11:48:49,annotathon.org
2014-04-04 11:49:15,www.phylogeny.fr
2014-04-04 11:49:19,annotathon.org
2014-04-04 11:49:22,www.phylogeny.fr
2014-04-04 11:49:27,www.phylogeny.fr
2014-04-04 11:49:36,www.phylogeny.fr
2014-04-04 11:49:37,www.phylogeny.fr
2014-04-04 11:49:38,www.phylogeny.fr
2014-04-04 11:49:49,annotathon.org
2014-04-04 11:50:17,www.phylogeny.fr
2014-04-04 11:50:19,annotathon.org
2014-04-04 11:50:21,www.phylogeny.fr
2014-04-04 11:50:28,www.phylogeny.fr
2014-04-04 11:50:32,www.phylogeny.fr
2014-04-04 11:50:39,www.phylogeny.fr
2014-04-04 11:50:49,annotathon.org
2014-04-04 11:51:19,annotathon.org
2014-04-04 11:51:49,annotathon.org
2014-04-04 11:51:54,www.phylogeny.fr
2014-04-04 11:52:00,www.phylogeny.fr
2014-04-04 11:52:01,www.phylogeny.fr
2014-04-04 11:52:07,www.phylogeny.fr
2014-04-04 11:52:15,www.phylogeny.fr
2014-04-04 11:52:19,annotathon.org
2014-04-04 11:52:24,www.phylogeny.fr
2014-04-04 11:52:47,www.phylogeny.fr
2014-04-04 11:52:49,annotathon.org
2014-04-04 11:52:54,www.phylogeny.fr
2014-04-04 11:53:02,www.phylogeny.fr
2014-04-04 11:53:12,www.phylogeny.fr
2014-04-04 11:53:19,annotathon.org
2014-04-04 11:53:20,www.phylogeny.fr
2014-04-04 11:53:30,www.phylogeny.fr
2014-04-04 11:53:38,www.phylogeny.fr
2014-04-04 11:53:40,www.phylogeny.fr
2014-04-04 11:53:48,www.phylogeny.fr
2014-04-04 11:53:49,www.phylogeny.fr
2014-04-04 11:53:49,annotathon.org
2014-04-04 11:53:58,www.phylogeny.fr
2014-04-04 11:54:03,www.phylogeny.fr
2014-04-04 11:54:09,www.phylogeny.fr
2014-04-04 11:54:10,www.phylogeny.fr
2014-04-04 11:54:12,annotathon.org
2014-04-04 11:54:42,annotathon.org
2014-04-04 11:54:48,www.phylogeny.fr
2014-04-04 11:54:56,www.phylogeny.fr
2014-04-04 11:55:06,www.phylogeny.fr
2014-04-04 11:55:08,www.phylogeny.fr
2014-04-04 11:55:12,annotathon.org
2014-04-04 11:55:20,www.phylogeny.fr
2014-04-04 11:55:32,annotathon.org
2014-04-04 11:55:55,annotathon.org
