timestamp,site
2014-04-14 10:08:12,api.bing.com
2014-04-14 10:08:13,www.bing.com
2014-04-14 10:08:14,www.bing.com
2014-04-14 10:08:15,cms.abmr.net
2014-04-14 10:08:15,www.bing.com
2014-04-14 10:08:24,www.bing.com
2014-04-14 10:08:36,www.outlook.com
2014-04-14 10:08:37,www.outlook.com
2014-04-14 10:08:38,www.outlook.com
2014-04-14 10:08:47,login.live.com
2014-04-14 10:08:57,www.outlook.com
2014-04-14 10:09:07,login.live.com
2014-04-14 10:09:14,login.live.com
2014-04-14 10:09:20,dub129.mail.live.com
2014-04-14 10:09:20,mail.live.com
2014-04-14 10:09:25,login.live.com
2014-04-14 10:09:27,dub129.mail.live.com
2014-04-14 10:09:36,dub129.mail.live.com
2014-04-14 10:09:44,people.directory.live.com
2014-04-14 10:09:44,dub129.mail.live.com
2014-04-14 10:09:45,dub129.mail.live.com
2014-04-14 10:09:46,dub129.mail.live.com
2014-04-14 10:09:47,dub129.mail.live.com
2014-04-14 10:09:52,h.live.com
2014-04-14 10:09:52,cid-0a42ec3339184941.users.storage.live.com
2014-04-14 10:09:52,people.directory.live.com
2014-04-14 10:09:54,cid-0a42ec3339184941.users.storage.live.com
2014-04-14 10:09:55,h.live.com
2014-04-14 10:10:00,h.live.com
2014-04-14 10:10:03,dub129.mail.live.com
2014-04-14 10:10:06,js.live.net
2014-04-14 10:10:08,dub129.mail.live.com
2014-04-14 10:10:09,storage.live.com
2014-04-14 10:10:10,go.trouter.io
2014-04-14 10:10:10,dub129.mail.live.com
2014-04-14 10:10:11,storage.live.com
2014-04-14 10:10:12,dub129.mail.live.com
2014-04-14 10:10:13,secure.shared.live.com
2014-04-14 10:10:13,h.bing.com
2014-04-14 10:10:14,secure.shared.live.com
2014-04-14 10:10:14,h.bing.com
2014-04-14 10:10:15,h.bing.com
2014-04-14 10:10:15,h.live.com
2014-04-14 10:10:15,dub129.afx.ms
2014-04-14 10:11:28,dub129.mail.live.com
2014-04-14 10:13:21,go.trouter.io
2014-04-14 10:16:06,proxy-blu-people.directory.live.com
2014-04-14 10:16:07,dub129.mail.live.com
2014-04-14 10:18:55,download.foxitsoftware.com
2014-04-14 10:18:56,www.foxitsoftware.com
2014-04-14 10:19:30,www.google.com
2014-04-14 10:19:31,clients1.google.com
2014-04-14 10:19:31,gtglobal-ocsp.geotrust.com
2014-04-14 10:19:33,outlook.com
2014-04-14 10:19:33,www.google.fr
2014-04-14 10:19:34,login.live.com
2014-04-14 10:19:34,evintl-ocsp.verisign.com
2014-04-14 10:19:34,evsecure-ocsp.verisign.com
2014-04-14 10:19:35,login.live.com
2014-04-14 10:19:35,ocsp.digicert.com
2014-04-14 10:19:36,ocsp.digicert.com
2014-04-14 10:19:45,login.live.com
2014-04-14 10:19:46,login.live.com
2014-04-14 10:19:46,windowslive.tt.omtrdc.net
2014-04-14 10:19:47,evintl-ocsp.verisign.com
2014-04-14 10:19:49,ocsp.verisign.com
2014-04-14 10:19:50,dub129.mail.live.com
2014-04-14 10:19:51,dub129.mail.live.com
2014-04-14 10:20:29,gtssl-ocsp.geotrust.com
2014-04-14 10:20:47,mail.live.com
2014-04-14 10:20:47,h.bing.com
2014-04-14 10:20:51,cid-0a42ec3339184941.users.storage.live.com
2014-04-14 10:20:51,h.live.com
2014-04-14 10:20:51,h.bing.com
2014-04-14 10:20:52,storage.live.com
2014-04-14 10:20:52,people.directory.live.com
2014-04-14 10:20:52,dub129.afx.ms
2014-04-14 10:20:57,dub129.mail.live.com
2014-04-14 10:21:29,www.outlook.com
2014-04-14 10:21:45,js.live.net
2014-04-14 10:21:47,dub129.mail.live.com
2014-04-14 10:21:50,go.trouter.io
2014-04-14 10:21:51,secure.shared.live.com
2014-04-14 10:22:14,safebrowsing.clients.google.com
2014-04-14 10:22:14,safebrowsing-cache.google.com
2014-04-14 10:22:29,www.google.fr
2014-04-14 10:22:29,www.google.com
2014-04-14 10:22:29,apis.google.com
2014-04-14 10:22:57,dub129.mail.live.com
2014-04-14 10:25:09,sb-ssl.google.com
2014-04-14 10:25:26,ocsp.thawte.com
2014-04-14 10:25:50,people.directory.live.com
2014-04-14 10:25:52,dub129.mail.live.com
2014-04-14 10:27:26,ocsp.verisign.com
2014-04-14 10:27:33,dub129.mail.live.com
2014-04-14 10:27:33,go.trouter.io
2014-04-14 10:27:33,login.live.com
2014-04-14 10:27:33,g.live.com
2014-04-14 10:27:35,fr.msn.com
2014-04-14 10:27:35,www.bing.com
2014-04-14 10:27:36,windowslive.tt.omtrdc.net
2014-04-14 10:27:36,cid-0a42ec3339184941.users.storage.live.com
2014-04-14 10:27:36,api.bing.com
2014-04-14 10:27:36,h2.msn.com
2014-04-14 10:27:36,www.bing.com
2014-04-14 10:27:36,c.fr.msn.com
2014-04-14 10:38:09,h.live.com
2014-04-14 10:39:13,proxy-blu-people.directory.live.com
2014-04-14 10:39:16,dub129.mail.live.com
2014-04-14 10:39:17,dub129.mail.live.com
2014-04-14 10:39:56,dub129.mail.live.com
2014-04-14 10:41:02,dub129.mail.live.com
2014-04-14 10:42:23,h.live.com
2014-04-14 10:42:28,dub129.mail.live.com
2014-04-14 10:44:15,dub129.mail.live.com
2014-04-14 10:44:15,proxy-blu-people.directory.live.com
2014-04-14 10:44:16,dub129.mail.live.com
2014-04-14 10:44:18,dub129.mail.live.com
2014-04-14 10:44:19,h.live.com
2014-04-14 10:44:20,dub129.mail.live.com
2014-04-14 10:44:26,p.sfx.ms
2014-04-14 10:45:21,dub129.afx.ms
2014-04-14 10:47:39,cid-0a42ec3339184941.users.storage.live.com
2014-04-14 10:47:52,login.live.com
2014-04-14 10:47:57,dub129.mail.live.com
2014-04-14 10:47:57,g.live.com
2014-04-14 10:48:01,www.senat.fr
2014-04-14 10:48:10,windowslive.tt.omtrdc.net
2014-04-14 10:48:25,windowslive.tt.omtrdc.net
2014-04-14 10:48:26,www.senat.fr
2014-04-14 10:48:27,www.senat.fr
2014-04-14 10:48:32,www.senat.fr
2014-04-14 10:48:33,www.senat.fr
2014-04-14 10:48:36,www.senat.fr
2014-04-14 10:48:37,www.senat.fr
2014-04-14 10:49:08,www.lefigaro.fr
2014-04-14 10:49:10,assets4.lefigaro.fr
2014-04-14 10:49:10,www.lefigaro.fr
2014-04-14 10:49:10,assets5.lefigaro.fr
2014-04-14 10:49:10,ajax.googleapis.com
2014-04-14 10:49:11,assets3.lefigaro.fr
2014-04-14 10:49:11,assets2.lefigaro.fr
2014-04-14 10:49:11,assets5.lefigaro.fr
2014-04-14 10:49:11,plus.lefigaro.fr
2014-04-14 10:49:12,plus.lefigaro.fr
2014-04-14 10:49:12,assets2.lefigaro.fr
2014-04-14 10:49:12,assets4.lefigaro.fr
2014-04-14 10:49:12,assets1.lefigaro.fr
2014-04-14 10:49:12,assets5.lefigaro.fr
2014-04-14 10:49:13,assets1.lefigaro.fr
2014-04-14 10:49:14,www.legifrance.gouv.fr
2014-04-14 10:49:14,videosfr.s3.amazonaws.com
2014-04-14 10:49:14,assets-data.lefigaro.fr
2014-04-14 10:49:14,plus.lefigaro.fr
2014-04-14 10:49:15,assets5.lefigaro.fr
2014-04-14 10:49:15,assets-pub.lefigaro.fr
2014-04-14 10:49:15,www.lefigaro.fr
2014-04-14 10:49:15,assets4.lefigaro.fr
2014-04-14 10:49:15,connect.facebook.net
2014-04-14 10:49:16,www.lefigaro.fr
2014-04-14 10:49:16,static.ak.facebook.com
2014-04-14 10:49:16,s-static.ak.facebook.com
2014-04-14 10:49:16,api.fidji.lefigaro.fr
2014-04-14 10:49:16,www.facebook.com
2014-04-14 10:49:16,plus.lefigaro.fr
2014-04-14 10:49:16,www.legifrance.gouv.fr
2014-04-14 10:49:17,www.legifrance.gouv.fr
2014-04-14 10:49:17,www.lefigaro.fr
2014-04-14 10:49:17,assets6.lefigaro.fr
2014-04-14 10:49:18,www.legifrance.gouv.fr
2014-04-14 10:49:19,www.legifrance.gouv.fr
2014-04-14 10:49:21,assets5.lefigaro.fr
2014-04-14 10:49:22,www.legifrance.gouv.fr
2014-04-14 10:49:23,assets5.lefigaro.fr
2014-04-14 10:49:23,plus.lefigaro.fr
2014-04-14 10:49:23,assets6.lefigaro.fr
2014-04-14 10:49:23,video.lefigaro.fr
2014-04-14 10:49:24,assets6.lefigaro.fr
2014-04-14 10:49:24,plus.lefigaro.fr
2014-04-14 10:49:24,foglio.basilic.io
2014-04-14 10:49:24,www.ccne-ethique.fr
2014-04-14 10:49:28,assets5.lefigaro.fr
2014-04-14 10:49:28,www.ticketac.com
2014-04-14 10:49:28,lefigaro.fr
2014-04-14 10:49:28,www.lefigaro.fr
2014-04-14 10:49:29,assets5.lefigaro.fr
2014-04-14 10:49:29,www.google.com
2014-04-14 10:49:29,www.lefigaro.fr
2014-04-14 10:49:29,platform.linkedin.com
2014-04-14 10:49:29,dnn506yrbagrg.cloudfront.net
2014-04-14 10:49:30,plus.lefigaro.fr
2014-04-14 10:49:30,platform.linkedin.com
2014-04-14 10:49:30,api.fidji.lefigaro.fr
2014-04-14 10:49:30,www.linkedin.com
2014-04-14 10:49:31,assets5.lefigaro.fr
2014-04-14 10:49:33,i1-js-14-3-01-10036-180895315-i.init.cedexis-radar.net
2014-04-14 10:49:34,sita-sin.bench.cedexis.com
2014-04-14 10:49:34,www.sante.gouv.fr
2014-04-14 10:49:35,sita-sin.bench.cedexis.com
2014-04-14 10:49:36,sita-sin.bench.cedexis.com
2014-04-14 10:49:38,www.lefigaro.fr
2014-04-14 10:49:39,www.lefigaro.fr
2014-04-14 10:49:40,www.sante.gouv.fr
2014-04-14 10:49:41,www.sante.gouv.fr
2014-04-14 10:49:41,sante.gouv.fr
2014-04-14 10:49:44,www.sante.gouv.fr
2014-04-14 10:49:45,platform.twitter.com
2014-04-14 10:49:45,eregie.premier-ministre.gouv.fr
2014-04-14 10:49:45,www.sante.gouv.fr
2014-04-14 10:49:47,www.sante.gouv.fr
2014-04-14 10:49:47,www.honcode.ch
2014-04-14 10:49:49,apis.google.com
2014-04-14 10:49:50,apis.google.com
2014-04-14 10:49:52,accounts.google.com
2014-04-14 10:49:53,twitter.com
2014-04-14 10:50:24,twitter.com
2014-04-14 10:50:55,accounts.google.com
2014-04-14 10:58:23,assets1.lefigaro.fr
2014-04-14 11:08:48,www.sante.gouv.fr
2014-04-14 11:08:55,api.bing.com
2014-04-14 11:08:59,api.bing.com
2014-04-14 11:09:00,www.bing.com
2014-04-14 11:09:02,www.bing.com
2014-04-14 11:09:03,www.bing.com
2014-04-14 11:09:05,www.bing.com
2014-04-14 11:09:06,www.bing.com
2014-04-14 11:09:07,www.bing.com
2014-04-14 11:09:08,www.bing.com
2014-04-14 11:09:09,www.bing.com
2014-04-14 11:09:10,www.bing.com
2014-04-14 11:09:14,www.bing.com
2014-04-14 11:09:15,www.bing.com
2014-04-14 11:09:17,www.bing.com
2014-04-14 11:09:24,www.bing.com
2014-04-14 11:09:26,www.bing.com
2014-04-14 11:09:27,www.bing.com
2014-04-14 11:09:28,www.bing.com
2014-04-14 11:09:39,www.bing.com
2014-04-14 11:15:04,www.bing.com
2014-04-14 11:15:05,www.bing.com
2014-04-14 11:15:06,www.bing.com
2014-04-14 11:15:07,www.bing.com
2014-04-14 11:15:08,www.bing.com
2014-04-14 11:15:09,www.bing.com
2014-04-14 11:15:09,fr.wikipedia.org
2014-04-14 11:15:09,bits.wikimedia.org
2014-04-14 11:15:10,bits.wikimedia.org
2014-04-14 11:15:10,login.wikimedia.org
2014-04-14 11:15:11,bits.wikimedia.org
2014-04-14 11:15:12,meta.wikimedia.org
2014-04-14 11:15:12,bits.wikimedia.org
2014-04-14 11:15:12,fr.wikipedia.org
2014-04-14 11:15:13,meta.wikimedia.org
2014-04-14 11:15:13,bits.wikimedia.org
2014-04-14 11:15:13,fr.wikipedia.org
2014-04-14 11:15:22,www.bing.com
2014-04-14 11:15:23,www.bing.com
2014-04-14 11:15:24,code.jquery.com
2014-04-14 11:15:24,connect.facebook.net
2014-04-14 11:15:24,www.laviedesidees.fr
2014-04-14 11:15:25,www.laviedesidees.fr
2014-04-14 11:15:25,platform.twitter.com
2014-04-14 11:15:27,www.laviedesidees.fr
2014-04-14 11:15:28,platform.twitter.com
2014-04-14 11:15:28,static.ak.facebook.com
2014-04-14 11:15:28,s-static.ak.facebook.com
2014-04-14 11:15:29,www.facebook.com
2014-04-14 11:15:46,api.bing.com
2014-04-14 11:15:47,www.bing.com
2014-04-14 11:15:48,www.bing.com
2014-04-14 11:15:49,www.bing.com
2014-04-14 11:15:50,platform.twitter.com
2014-04-14 11:15:50,www.google.fr
2014-04-14 11:15:50,www.techno-science.net
2014-04-14 11:15:55,twitter.com
2014-04-14 11:16:01,apis.google.com
2014-04-14 11:16:02,www.facebook.com
2014-04-14 11:16:02,platform.twitter.com
2014-04-14 11:16:02,www.techno-science.net
2014-04-14 11:16:02,apis.google.com
2014-04-14 11:16:03,ecx.images-amazon.com
2014-04-14 11:16:03,www.techno-science.net
2014-04-14 11:16:04,www.techno-science.net
2014-04-14 11:16:04,hal9000.redintelligence.net
2014-04-14 11:16:05,hal9000.redintelligence.net
2014-04-14 11:16:05,www.techno-science.net
2014-04-14 11:16:05,images.eveiletjeux.net
2014-04-14 11:16:06,banniere.reussissonsensemble.fr
2014-04-14 11:16:06,ea.numericable.fr
2014-04-14 11:16:08,www.techno-science.net
2014-04-14 11:16:09,apis.google.com
2014-04-14 11:16:17,twitter.com
2014-04-14 11:16:19,twitter.com
2014-04-14 11:16:21,accounts.google.com
2014-04-14 11:17:10,www.legifrance.gouv.fr
2014-04-14 11:17:11,www.legifrance.gouv.fr
2014-04-14 11:17:12,www.legifrance.gouv.fr
2014-04-14 11:17:24,www.legifrance.gouv.fr
2014-04-14 11:21:34,api.bing.com
2014-04-14 11:21:36,api.bing.com
2014-04-14 11:21:39,api.bing.com
2014-04-14 11:21:41,www.bing.com
2014-04-14 11:21:49,www.bing.com
2014-04-14 11:21:50,www.bing.com
2014-04-14 11:21:51,www.bing.com
2014-04-14 11:21:57,admi.net
2014-04-14 11:21:57,www.admi.net
2014-04-14 11:21:57,www.bing.com
2014-04-14 11:22:01,www.bing.com
2014-04-14 11:22:06,www.senat.fr
2014-04-14 11:22:06,www.bing.com
2014-04-14 11:22:07,www.senat.fr
2014-04-14 11:22:13,www.bing.com
2014-04-14 11:22:23,www.bing.com
2014-04-14 11:22:24,www.bing.com
2014-04-14 11:22:24,www.admi.net
2014-04-14 11:27:59,api.bing.com
2014-04-14 11:28:00,api.bing.com
2014-04-14 11:28:01,api.bing.com
2014-04-14 11:28:02,api.bing.com
2014-04-14 11:28:03,www.bing.com
2014-04-14 11:28:13,www.bing.com
2014-04-14 11:29:03,www.legifrance.gouv.fr
2014-04-14 11:29:14,www.legifrance.gouv.fr
2014-04-14 11:29:16,www.legifrance.gouv.fr
2014-04-14 11:36:56,www.legifrance.gouv.fr
2014-04-14 11:37:54,www.legifrance.gouv.fr
2014-04-14 11:37:55,www.legifrance.gouv.fr
2014-04-14 11:40:11,www.legifrance.gouv.fr
2014-04-14 11:40:14,www.legifrance.gouv.fr
2014-04-14 11:42:40,www.legifrance.gouv.fr
2014-04-14 11:47:55,www.legifrance.gouv.fr
2014-04-14 11:49:56,office14client.microsoft.com
2014-04-14 11:49:57,rr.office.microsoft.com
2014-04-14 11:49:59,services.highbeam.com
2014-04-14 11:49:59,www.microsofttranslator.com
2014-04-14 11:49:59,www.worldlingo.com
2014-04-14 11:49:59,integrate.factiva.com
2014-04-14 11:57:46,www.legifrance.gouv.fr
2014-04-14 11:57:47,www.legifrance.gouv.fr
2014-04-14 11:57:53,www.legifrance.gouv.fr
2014-04-14 11:57:54,www.legifrance.gouv.fr
2014-04-14 12:07:08,www.sante.gouv.fr
2014-04-14 12:07:34,www.bing.com
2014-04-14 12:07:37,www.bing.com
2014-04-14 12:07:39,assembly.coe.int
2014-04-14 12:07:39,www.bing.com
2014-04-14 12:07:40,assembly.coe.int
2014-04-14 12:10:48,www.sante.gouv.fr
2014-04-14 12:22:49,www.senat.fr
2014-04-14 12:22:50,www.senat.fr
2014-04-14 12:22:51,www.senat.fr
2014-04-14 12:22:52,www.senat.fr
2014-04-14 12:37:22,assets2.lefigaro.fr
2014-04-14 12:37:26,api.bing.com
2014-04-14 12:37:28,api.bing.com
2014-04-14 12:37:29,api.bing.com
2014-04-14 12:37:30,api.bing.com
2014-04-14 12:37:33,api.bing.com
2014-04-14 12:37:35,api.bing.com
2014-04-14 12:37:36,api.bing.com
2014-04-14 12:37:37,api.bing.com
2014-04-14 12:37:38,api.bing.com
2014-04-14 12:37:39,api.bing.com
2014-04-14 12:37:39,www.bing.com
2014-04-14 12:37:40,www.bing.com
2014-04-14 12:37:50,www.bing.com
2014-04-14 12:38:11,www.bing.com
2014-04-14 12:38:11,api.bing.com
2014-04-14 12:38:22,www.bing.com
2014-04-14 12:38:23,www.bing.com
2014-04-14 12:38:24,www.bing.com
2014-04-14 12:38:25,www.bing.com
2014-04-14 12:38:26,www.bing.com
2014-04-14 12:38:27,www.bing.com
2014-04-14 12:38:28,www.bing.com
2014-04-14 12:38:29,www.bing.com
2014-04-14 12:38:35,www.bing.com
2014-04-14 12:38:37,www.admd.net
2014-04-14 12:38:37,www.bing.com
2014-04-14 12:38:38,yui.yahooapis.com
2014-04-14 12:38:38,www.lepost.fr
2014-04-14 12:38:38,www.admd.net
2014-04-14 12:38:38,archives-lepost.huffingtonpost.fr
2014-04-14 12:38:39,archives-lepost.huffingtonpost.fr
2014-04-14 12:38:39,www.admd.net
2014-04-14 12:38:39,www.lepost.fr
2014-04-14 12:38:40,www.admd.net
2014-04-14 12:38:40,www.lepost.fr
2014-04-14 12:38:40,archives-lepost.huffingtonpost.fr
2014-04-14 12:38:41,www.dailymotion.com
2014-04-14 12:38:41,archives-lepost.huffingtonpost.fr
2014-04-14 12:38:41,medias.lepost.fr
2014-04-14 12:38:41,s.huffpost.com
2014-04-14 12:38:41,www.lepost.fr
2014-04-14 12:38:41,i.huffpost.com
2014-04-14 12:38:43,archives-lepost.huffingtonpost.fr
2014-04-14 12:38:43,medias.lepost.fr
2014-04-14 12:38:58,www.admd.net
2014-04-14 12:39:21,archives-lepost.huffingtonpost.fr
2014-04-14 12:48:19,www.bing.com
2014-04-14 12:48:20,www.bing.com
2014-04-14 12:48:20,archives-lepost.huffingtonpost.fr
2014-04-14 12:48:21,www.bing.com
2014-04-14 12:48:30,www.bing.com
2014-04-14 12:48:31,www.linkedin.com
2014-04-14 12:48:39,www.outlook.com
2014-04-14 12:48:49,login.live.com
2014-04-14 12:48:50,login.live.com
2014-04-14 12:48:58,www.outlook.com
2014-04-14 12:49:11,login.live.com
2014-04-14 12:49:37,windowslive.tt.omtrdc.net
2014-04-14 12:49:47,login.live.com
2014-04-14 12:49:56,mail.live.com
2014-04-14 12:49:58,dub129.mail.live.com
2014-04-14 12:50:05,cid-0a42ec3339184941.users.storage.live.com
2014-04-14 12:50:05,dub129.mail.live.com
2014-04-14 12:50:06,people.directory.live.com
2014-04-14 12:50:10,dub129.mail.live.com
2014-04-14 12:50:10,h.live.com
2014-04-14 12:50:13,h.live.com
2014-04-14 12:50:13,dub129.mail.live.com
2014-04-14 12:50:14,dub129.mail.live.com
2014-04-14 12:50:15,js.live.net
2014-04-14 12:50:17,storage.live.com
2014-04-14 12:50:18,dub129.mail.live.com
2014-04-14 12:50:19,go.trouter.io
2014-04-14 12:50:19,secure.shared.live.com
2014-04-14 12:50:21,storage.live.com
2014-04-14 12:50:25,secure.shared.live.com
2014-04-14 12:50:40,dub129.mail.live.com
2014-04-14 12:50:42,dub129.mail.live.com
2014-04-14 12:50:47,h.live.com
2014-04-14 12:50:50,dub129.mail.live.com
2014-04-14 12:50:50,h.live.com
2014-04-14 12:50:50,h2.msn.com
2014-04-14 12:50:51,g.msn.com
2014-04-14 12:50:51,h2.msn.com
2014-04-14 12:50:52,dub129.mail.live.com
2014-04-14 12:50:52,h2.msn.com
2014-04-14 12:50:53,cid-0a42ec3339184941.users.storage.live.com
2014-04-14 12:51:02,dub129.mail.live.com
2014-04-14 12:51:02,g.msn.com
2014-04-14 12:51:04,login.live.com
2014-04-15 13:21:14,gtglobal-ocsp.geotrust.com
2014-04-15 13:21:14,clients1.google.com
2014-04-15 13:21:16,www.google.fr
2014-04-15 13:21:16,outlook.com
2014-04-15 13:21:17,evsecure-ocsp.verisign.com
2014-04-15 13:21:17,login.live.com
2014-04-15 13:21:17,evintl-ocsp.verisign.com
2014-04-15 13:21:18,ocsp.digicert.com
2014-04-15 13:21:18,login.live.com
2014-04-15 13:21:19,ocsp.digicert.com
2014-04-15 13:21:29,login.live.com
2014-04-15 13:21:30,evintl-ocsp.verisign.com
2014-04-15 13:21:30,login.live.com
2014-04-15 13:21:32,ocsp.verisign.com
2014-04-15 13:21:32,windowslive.tt.omtrdc.net
2014-04-15 13:21:45,safebrowsing-cache.google.com
2014-04-15 13:21:45,safebrowsing.clients.google.com
2014-04-15 13:21:46,safebrowsing-cache.google.com
2014-04-15 13:22:07,g.msn.com
2014-04-15 13:22:12,gtssl-ocsp.geotrust.com
2014-04-15 13:22:30,mail.live.com
2014-04-15 13:22:32,h.live.com
2014-04-15 13:22:34,people.directory.live.com
2014-04-15 13:22:35,h.bing.com
2014-04-15 13:22:36,storage.live.com
2014-04-15 13:22:37,cid-0a42ec3339184941.users.storage.live.com
2014-04-15 13:22:37,dub129.mail.live.com
2014-04-15 13:22:39,dub129.mail.live.com
2014-04-15 13:22:41,dub129.mail.live.com
2014-04-15 13:22:41,dub129.afx.ms
2014-04-15 13:22:42,dub129.mail.live.com
2014-04-15 13:23:12,www.outlook.com
2014-04-15 13:23:28,go.trouter.io
2014-04-15 13:23:28,h2.msn.com
2014-04-15 13:23:29,secure.shared.live.com
2014-04-15 13:23:29,p.sfx.ms
2014-04-15 13:23:33,js.live.net
2014-04-15 13:23:33,dub129.mail.live.com
2014-04-15 13:23:48,cid-0a42ec3339184941.users.storage.live.com
2014-04-15 13:24:11,apis.google.com
2014-04-15 13:24:12,www.google.fr
2014-04-15 13:24:12,www.google.com
2014-04-15 13:24:38,dub129.mail.live.com
2014-04-15 13:24:41,sb-ssl.google.com
2014-04-16 13:05:19,clients1.google.com
2014-04-16 13:05:19,gtglobal-ocsp.geotrust.com
2014-04-16 13:05:20,clients1.google.com
2014-04-16 13:05:21,clients1.google.com
2014-04-16 13:05:22,www.google.fr
2014-04-16 13:05:22,outlook.com
2014-04-16 13:05:23,evsecure-ocsp.verisign.com
2014-04-16 13:05:23,login.live.com
2014-04-16 13:05:23,sb.symcd.com
2014-04-16 13:05:24,ocsp.digicert.com
2014-04-16 13:05:24,login.live.com
2014-04-16 13:05:25,ocsp.digicert.com
2014-04-16 13:05:35,windowslive.tt.omtrdc.net
2014-04-16 13:05:36,login.live.com
2014-04-16 13:05:37,evintl-ocsp.verisign.com
2014-04-16 13:05:39,ocsp.verisign.com
2014-04-16 13:05:40,gtssl2-ocsp.geotrust.com
2014-04-16 13:05:41,dub129.mail.live.com
2014-04-16 13:06:18,gtssl-ocsp.geotrust.com
2014-04-16 13:06:36,mail.live.com
2014-04-16 13:06:38,h.live.com
2014-04-16 13:06:41,cid-0a42ec3339184941.users.storage.live.com
2014-04-16 13:06:41,people.directory.live.com
2014-04-16 13:06:42,h.bing.com
2014-04-16 13:06:43,storage.live.com
2014-04-16 13:06:50,dub129.mail.live.com
2014-04-16 13:07:01,safebrowsing-cache.google.com
2014-04-16 13:07:01,safebrowsing.clients.google.com
2014-04-16 13:07:02,safebrowsing-cache.google.com
2014-04-16 13:07:06,dub129.afx.ms
2014-04-16 13:07:18,www.outlook.com
2014-04-16 13:07:40,js.live.net
2014-04-16 13:07:41,go.trouter.io
2014-04-16 13:07:42,secure.shared.live.com
2014-04-16 13:08:02,h.live.com
2014-04-16 13:08:17,apis.google.com
2014-04-16 13:08:18,www.google.com
2014-04-16 13:08:18,www.google.fr
2014-04-16 13:08:42,p.sfx.ms
2014-04-16 13:08:46,dub129.mail.live.com
2014-04-16 13:08:52,fr-fr.facebook.com
2014-04-16 13:08:53,fr-fr.facebook.com
2014-04-16 13:08:59,fr-fr.facebook.com
2014-04-16 13:09:57,sb-ssl.google.com
2014-04-16 13:11:15,ocsp.thawte.com
2014-04-16 13:11:42,people.directory.live.com
2014-04-16 13:11:43,dub129.mail.live.com
2014-04-16 13:11:51,www.google.com
2014-04-16 13:11:54,www.google.fr
2014-04-16 13:13:15,ocsp.verisign.com
2014-04-16 13:13:46,g.msn.com
2014-04-16 13:13:46,dub129.mail.live.com
2014-04-16 13:13:46,cid-0a42ec3339184941.users.storage.live.com
2014-04-16 13:13:46,h.live.com
2014-04-16 13:13:46,h2.msn.com
2014-04-16 13:14:06,clients1.google.com
2014-04-16 13:14:06,gtglobal-ocsp.geotrust.com
2014-04-16 13:14:08,clients1.google.com
2014-04-16 13:14:10,ocsp.usertrust.com
2014-04-16 13:14:10,clients1.google.com
2014-04-16 13:14:10,www.google.fr
2014-04-16 13:14:10,ocsp.tcs.terena.org
2014-04-16 13:14:11,clients1.google.com
2014-04-16 13:15:06,gtssl-ocsp.geotrust.com
2014-04-16 13:16:13,safebrowsing-cache.google.com
2014-04-16 13:16:13,safebrowsing.clients.google.com
2014-04-16 13:16:14,safebrowsing-cache.google.com
2014-04-16 13:17:04,www.google.fr
2014-04-16 13:17:04,www.google.com
2014-04-16 13:17:04,apis.google.com
2014-04-16 13:19:08,sb-ssl.google.com
2014-04-16 13:20:03,ocsp.thawte.com
2014-04-16 13:22:03,ocsp.verisign.com
2014-04-16 13:24:03,ocsp.digicert.com
2014-04-16 13:28:19,gtglobal-ocsp.geotrust.com
2014-04-16 13:28:19,clients1.google.com
2014-04-16 13:28:22,clients1.google.com
2014-04-16 13:28:23,clients1.google.com
2014-04-16 13:28:24,www.google.fr
2014-04-16 13:28:24,outlook.com
2014-04-16 13:28:25,evsecure-ocsp.verisign.com
2014-04-16 13:28:25,sb.symcd.com
2014-04-16 13:28:25,login.live.com
2014-04-16 13:28:26,login.live.com
2014-04-16 13:28:26,ocsp.digicert.com
2014-04-16 13:28:27,ocsp.digicert.com
2014-04-16 13:28:38,windowslive.tt.omtrdc.net
2014-04-16 13:28:49,login.live.com
2014-04-16 13:28:50,evintl-ocsp.verisign.com
2014-04-16 13:28:52,gtssl2-ocsp.geotrust.com
2014-04-16 13:28:52,ocsp.verisign.com
2014-04-16 13:28:53,dub129.mail.live.com
2014-04-16 13:28:58,clients1.google.com
2014-04-16 13:28:59,ocsp.verisign.com
2014-04-16 13:28:59,compose.mail.yahoo.com
2014-04-16 13:28:59,login.yahoo.com
2014-04-16 13:29:20,gtssl-ocsp.geotrust.com
2014-04-16 13:29:23,g.msn.com
2014-04-16 13:29:27,g.live.com
2014-04-16 13:29:52,h.bing.com
2014-04-16 13:29:53,people.directory.live.com
2014-04-16 13:29:54,mail.live.com
2014-04-16 13:29:55,storage.live.com
2014-04-16 13:29:56,cid-0a42ec3339184941.users.storage.live.com
2014-04-16 13:29:59,dub129.mail.live.com
2014-04-16 13:30:00,dub129.mail.live.com
2014-04-16 13:30:01,dub129.mail.live.com
2014-04-16 13:30:08,h.live.com
2014-04-16 13:30:20,www.outlook.com
2014-04-16 13:30:48,go.trouter.io
2014-04-16 13:30:49,secure.shared.live.com
2014-04-16 13:30:49,h2.msn.com
2014-04-16 13:30:53,js.live.net
2014-04-16 13:31:20,apis.google.com
2014-04-16 13:31:20,www.google.com
2014-04-16 13:31:20,www.google.fr
2014-04-16 13:31:55,mail.google.com
2014-04-16 13:32:30,cid-0a42ec3339184941.users.storage.live.com
2014-04-16 13:32:40,safebrowsing-cache.google.com
2014-04-16 13:32:40,safebrowsing.clients.google.com
2014-04-16 13:32:41,safebrowsing-cache.google.com
2014-04-16 13:32:44,dub129.mail.live.com
2014-04-16 13:33:11,h.live.com
2014-04-16 13:33:11,dub129.mail.live.com
2014-04-16 13:33:11,sb-ssl.google.com
2014-04-17 09:48:51,ocsp.thawte.com
2014-04-17 09:48:55,clients1.google.com
2014-04-17 09:48:55,gtglobal-ocsp.geotrust.com
2014-04-17 09:48:59,clients1.google.com
2014-04-17 09:49:16,www.google.fr
2014-04-17 09:49:16,outlook.com
2014-04-17 09:49:17,sb.symcd.com
2014-04-17 09:49:17,login.live.com
2014-04-17 09:49:17,evsecure-ocsp.verisign.com
2014-04-17 09:49:18,ocsp.digicert.com
2014-04-17 09:49:18,login.live.com
2014-04-17 09:49:31,windowslive.tt.omtrdc.net
2014-04-17 09:49:33,login.live.com
2014-04-17 09:49:34,evintl-ocsp.verisign.com
2014-04-17 09:49:36,ocsp.verisign.com
2014-04-17 09:49:37,gtssl2-ocsp.geotrust.com
2014-04-17 09:49:37,dub129.mail.live.com
2014-04-17 09:49:53,gtssl-ocsp.geotrust.com
2014-04-17 09:50:34,mail.live.com
2014-04-17 09:50:36,h.bing.com
2014-04-17 09:50:37,cid-0a42ec3339184941.users.storage.live.com
2014-04-17 09:50:37,g.msn.com
2014-04-17 09:50:39,people.directory.live.com
2014-04-17 09:50:40,storage.live.com
2014-04-17 09:50:41,dub129.mail.live.com
2014-04-17 09:50:42,dub129.mail.live.com
2014-04-17 09:50:47,go.trouter.io
2014-04-17 09:50:47,h2.msn.com
2014-04-17 09:50:47,js.live.net
2014-04-17 09:50:47,p.sfx.ms
2014-04-17 09:50:47,www.outlook.com
2014-04-17 09:50:47,www.google.fr
2014-04-17 09:50:47,www.google.com
2014-04-17 09:50:47,cid-0a42ec3339184941.users.storage.live.com
2014-04-17 09:50:47,h.live.com
2014-04-17 09:50:47,secure.shared.live.com
2014-04-17 09:50:47,apis.google.com
2014-04-17 09:50:47,dub129.mail.live.com
2014-04-17 09:51:13,ocsp.thawte.com
2014-04-17 09:51:18,clients1.google.com
2014-04-17 09:51:19,gtglobal-ocsp.geotrust.com
2014-04-17 09:51:24,clients1.google.com
2014-04-17 09:51:26,clients1.google.com
2014-04-17 09:51:27,clients1.google.com
2014-04-17 09:52:15,gtssl-ocsp.geotrust.com
2014-04-17 09:52:40,safebrowsing.clients.google.com
2014-04-17 09:52:41,safebrowsing-cache.google.com
2014-04-17 09:52:44,sb-ssl.google.com
2014-04-17 09:52:44,www.google.com
2014-04-17 09:52:44,www.google.fr
2014-04-17 09:52:44,apis.google.com
2014-04-17 09:52:44,docs.google.com
2014-04-17 09:52:44,accounts.google.com
2014-04-17 09:52:44,accounts.youtube.com
2014-04-17 09:53:04,www.ccne-ethique.fr
2014-04-17 09:53:26,www.bing.com
2014-04-17 09:56:10,go.microsoft.com
2014-04-17 09:56:10,ieonline.microsoft.com
2014-04-17 10:08:31,www.bing.com
2014-04-17 10:08:32,www.bing.com
2014-04-17 10:08:32,cms.abmr.net
2014-04-17 10:08:33,www.bing.com
2014-04-17 10:08:37,platform.twitter.com
2014-04-17 10:08:37,platform.linkedin.com
2014-04-17 10:08:37,connect.facebook.net
2014-04-17 10:08:37,www.franceinfo.fr
2014-04-17 10:08:38,pixel.alephd.com
2014-04-17 10:08:38,fpdownload2.macromedia.com
2014-04-17 10:08:38,www.franceinfo.fr
2014-04-17 10:08:39,pixel.alephd.com
2014-04-17 10:08:39,platform.twitter.com
2014-04-17 10:08:39,semiocast.com
2014-04-17 10:08:39,static.ak.facebook.com
2014-04-17 10:08:39,www.facebook.com
2014-04-17 10:08:39,ajax.googleapis.com
2014-04-17 10:08:39,mm.eulerian.net
2014-04-17 10:08:39,www.dailymotion.com
2014-04-17 10:08:39,s-static.ak.facebook.com
2014-04-17 10:08:39,www.franceinfo.fr
2014-04-17 10:08:40,dnn506yrbagrg.cloudfront.net
2014-04-17 10:08:40,www.linkedin.com
2014-04-17 10:08:40,www.franceinfo.fr
2014-04-17 10:08:40,www.dailymotion.com
2014-04-17 10:08:41,adventori.com
2014-04-17 10:08:43,login.live.com
2014-04-17 10:08:47,twitter.com
2014-04-17 10:08:48,www.franceinfo.fr
2014-04-17 10:08:49,twitter.com
2014-04-17 10:08:49,apis.google.com
2014-04-17 10:08:50,apis.google.com
2014-04-17 10:08:51,accounts.google.com
2014-04-17 10:08:52,apis.google.com
2014-04-17 10:08:54,www.franceinfo.fr
2014-04-17 10:08:54,accounts.google.com
2014-04-17 10:08:54,www.facebook.com
2014-04-17 10:08:54,apis.google.com
2014-04-17 10:08:56,dps.bing.com
2014-04-17 10:08:56,i1-js-14-3-01-11987-382103466-i.init.cedexis-radar.net
2014-04-17 10:08:56,limelight.cedexis.com
2014-04-17 10:08:57,us-east1.joyent.bench.cedexis.com
2014-04-17 10:08:57,limelight.cedexis.com
2014-04-17 10:08:58,www.linkedin.com
2014-04-17 10:08:58,www.bing.com
2014-04-17 10:08:59,www.bing.com
2014-04-17 10:09:00,www.bing.com
2014-04-17 10:09:00,login.live.com
2014-04-17 10:09:04,www.francetvinfo.fr
2014-04-17 10:09:04,static.francetv.fr
2014-04-17 10:09:04,www.facebook.com
2014-04-17 10:09:04,d1447tq2m68ekg.cloudfront.net
2014-04-17 10:09:05,apis.google.com
2014-04-17 10:09:05,www.francetvinfo.fr
2014-04-17 10:09:05,static.francetv.fr
2014-04-17 10:09:05,srv.francetv.fr
2014-04-17 10:09:05,www.facebook.com
2014-04-17 10:09:05,s-static.ak.facebook.com
2014-04-17 10:09:05,accounts.google.com
2014-04-17 10:09:09,platform.twitter.com
2014-04-17 10:09:09,www.francetvinfo.fr
2014-04-17 10:09:10,ftvi.disqus.com
2014-04-17 10:09:10,twitter.com
2014-04-17 10:09:10,platform.twitter.com
2014-04-17 10:09:10,www.francetvinfo.fr
2014-04-17 10:09:11,www.francetvinfo.fr
2014-04-17 10:09:11,go.disqus.com
2014-04-17 10:09:11,disqus.com
2014-04-17 10:09:12,disqus.com
2014-04-17 10:09:19,www.francetvinfo.fr
2014-04-17 10:09:21,www.francetvinfo.fr
2014-04-17 10:11:42,www.bing.com
2014-04-17 10:11:46,www.bing.com
2014-04-17 10:11:48,www.lueur.org
2014-04-17 10:11:49,www.lueur.org
2014-04-17 10:11:53,login.live.com
2014-04-17 10:12:19,www.bing.com
2014-04-17 10:12:23,immobilier.lepoint.fr
2014-04-17 10:12:23,static1.shopoon.fr
2014-04-17 10:12:23,c.visuels.poliris.com
2014-04-17 10:12:23,b.visuels.poliris.com
2014-04-17 10:12:23,ajax.googleapis.com
2014-04-17 10:12:23,www.lepoint.fr
2014-04-17 10:12:23,www.bing.com
2014-04-17 10:12:23,d.visuels.poliris.com
2014-04-17 10:12:24,pixel.alephd.com
2014-04-17 10:12:24,videosfr.s3.amazonaws.com
2014-04-17 10:12:24,www.lepoint.fr
2014-04-17 10:12:24,player.mediabong.com
2014-04-17 10:12:25,pixel.alephd.com
2014-04-17 10:12:25,s374.meetrics.net
2014-04-17 10:12:25,www.lepoint.fr
2014-04-17 10:12:25,static1.shopoon.fr
2014-04-17 10:12:26,kweb.videostep.com
2014-04-17 10:12:26,u.videostep.com
2014-04-17 10:12:26,www.lepoint.fr
2014-04-17 10:12:26,player.mediabong.com
2014-04-17 10:12:26,static.videostep.com
2014-04-17 10:12:27,s.videostep.com
2014-04-17 10:12:27,www.google.com
2014-04-17 10:12:27,www.lepoint.fr
2014-04-17 10:12:30,login.live.com
2014-04-17 10:12:34,u.videostep.com
2014-04-17 10:12:35,u.videostep.com
2014-04-17 10:12:36,s.videostep.com
2014-04-17 10:12:37,choices.truste.com
2014-04-17 10:12:38,choices.truste.com
2014-04-17 10:12:40,i1-js-14-3-01-10334-425609165-i.init.cedexis-radar.net
2014-04-17 10:12:43,www.lepoint.fr
2014-04-17 10:12:44,www.lepoint.fr
2014-04-17 10:12:46,s.videostep.com
2014-04-17 10:13:01,pixel2368.everesttech.net
2014-04-17 10:13:06,s.videostep.com
2014-04-17 10:13:46,s.videostep.com
2014-04-17 10:14:04,www.francetvinfo.fr
2014-04-17 10:14:14,www.bing.com
2014-04-17 10:14:17,ajax.googleapis.com
2014-04-17 10:14:17,www.bing.com
2014-04-17 10:14:17,www.ccne-ethique.fr
2014-04-17 10:14:18,www.ccne-ethique.fr
2014-04-17 10:14:23,www.ccne-ethique.fr
2014-04-17 10:14:25,login.live.com
2014-04-17 10:14:26,pixel2368.everesttech.net
2014-04-17 10:16:46,office14client.microsoft.com
2014-04-17 10:16:46,rr.office.microsoft.com
2014-04-17 10:24:19,www.bing.com
2014-04-17 10:24:21,www.bing.com
2014-04-17 10:24:21,login.live.com
2014-04-17 10:24:27,www.bing.com
2014-04-17 10:24:28,www.outlook.com
2014-04-17 10:24:29,www.bing.com
2014-04-17 10:24:29,www.outlook.com
2014-04-17 10:24:39,login.live.com
2014-04-17 10:24:58,login.live.com
2014-04-17 10:25:05,login.live.com
2014-04-17 10:25:23,login.live.com
2014-04-17 10:25:24,login.live.com
2014-04-17 10:25:24,www.outlook.com
2014-04-17 10:25:32,dub129.mail.live.com
2014-04-17 10:25:32,mail.live.com
2014-04-17 10:25:32,cid-0a42ec3339184941.users.storage.live.com
2014-04-17 10:25:37,people.directory.live.com
2014-04-17 10:25:38,dub129.mail.live.com
2014-04-17 10:25:39,h.live.com
2014-04-17 10:25:39,js.live.net
2014-04-17 10:25:40,go.trouter.io
2014-04-17 10:25:40,dub129.mail.live.com
2014-04-17 10:25:40,h.bing.com
2014-04-17 10:25:40,secure.shared.live.com
2014-04-17 10:25:41,storage.live.com
2014-04-17 10:25:41,h.bing.com
2014-04-17 10:25:41,h.live.com
2014-04-17 10:25:41,secure.shared.live.com
2014-04-17 10:26:12,ieonline.microsoft.com
2014-04-17 10:26:44,dub129.mail.live.com
2014-04-17 10:27:29,dub129.mail.live.com
2014-04-17 10:27:34,h.live.com
2014-04-17 10:27:59,www.bing.com
2014-04-17 10:28:00,www.bing.com
2014-04-17 10:28:00,login.live.com
2014-04-17 10:28:01,www.bing.com
2014-04-17 10:28:02,www.bing.com
2014-04-17 10:28:02,www.lavie.fr
2014-04-17 10:28:03,s-static.ak.facebook.com
2014-04-17 10:28:03,connect.facebook.net
2014-04-17 10:28:03,platform.twitter.com
2014-04-17 10:28:03,www.lavie.fr
2014-04-17 10:28:04,www.lavie.fr
2014-04-17 10:28:06,www.lavie.fr
2014-04-17 10:28:07,www.lavie.fr
2014-04-17 10:28:07,www.facebook.com
2014-04-17 10:28:07,platform.twitter.com
2014-04-17 10:28:14,s-static.ak.facebook.com
2014-04-17 10:28:14,www.lavie.fr
2014-04-17 10:28:14,static.ak.facebook.com
2014-04-17 10:28:14,connect.facebook.net
2014-04-17 10:28:14,platform.twitter.com
2014-04-17 10:28:15,www.lavie.fr
2014-04-17 10:28:15,www.facebook.com
2014-04-17 10:28:17,twitter.com
2014-04-17 10:28:18,twitter.com
2014-04-17 10:28:34,dub129.mail.live.com
2014-04-17 10:28:35,dub129.mail.live.com
2014-04-17 10:28:46,dub129.mail.live.com
2014-04-17 10:28:46,dub129.afx.ms
2014-04-17 10:28:48,www.bing.com
2014-04-17 10:28:49,twitter.com
2014-04-17 10:28:51,www.bing.com
2014-04-17 10:28:52,informations.handicap.fr
2014-04-17 10:28:52,www.handicap.fr
2014-04-17 10:28:59,login.live.com
2014-04-17 10:29:03,apis.google.com
2014-04-17 10:29:03,accounts.google.com
2014-04-17 10:29:04,www.handicap.fr
2014-04-17 10:29:16,www.bing.com
2014-04-17 10:29:18,apis.google.com
2014-04-17 10:29:18,www.lavie.fr
2014-04-17 10:29:18,www.bing.com
2014-04-17 10:29:18,s-static.ak.facebook.com
2014-04-17 10:29:18,accounts.google.com
2014-04-17 10:29:19,www.facebook.com
2014-04-17 10:29:19,www.lavie.fr
2014-04-17 10:29:38,cid-0a42ec3339184941.users.storage.live.com
2014-04-17 10:29:50,twitter.com
2014-04-17 10:29:59,www.bing.com
2014-04-17 10:30:00,www.bing.com
2014-04-17 10:30:10,www.bing.com
2014-04-17 10:30:11,login.live.com
2014-04-17 10:30:13,www.bing.com
2014-04-17 10:30:58,www.bing.com
2014-04-17 10:30:59,ssl.bing.com
2014-04-17 10:30:59,www.lopinion.fr
2014-04-17 10:30:59,cid-0a42ec3339184941.users.storage.live.com
2014-04-17 10:31:00,www.lopinion.fr
2014-04-17 10:31:00,www.google.com
2014-04-17 10:31:00,www.google.fr
2014-04-17 10:31:41,dub129.mail.live.com
2014-04-17 10:31:41,proxy-blu-people.directory.live.com
2014-04-17 10:32:04,s-static.ak.facebook.com
2014-04-17 10:32:04,www.bing.com
2014-04-17 10:32:04,www.lavie.fr
2014-04-17 10:32:04,www.facebook.com
2014-04-17 10:32:05,www.lavie.fr
2014-04-17 10:32:35,twitter.com
2014-04-17 10:35:04,go.trouter.io
2014-04-17 10:35:34,www.bing.com
2014-04-17 10:35:35,www.bing.com
2014-04-17 10:35:36,www.ccne-ethique.fr
2014-04-17 10:35:37,www.ccne-ethique.fr
2014-04-17 10:35:40,p.sfx.ms
2014-04-17 10:35:42,www.ccne-ethique.fr
2014-04-17 10:35:48,www.ccne-ethique.fr
2014-04-17 10:35:54,www.bing.com
2014-04-17 10:35:57,www.bing.com
2014-04-17 10:35:58,www.aleteia.org
2014-04-17 10:35:58,ajax.googleapis.com
2014-04-17 10:35:58,www.youtube.com
2014-04-17 10:35:58,res.cloudinary.com
2014-04-17 10:35:59,s.ytimg.com
2014-04-17 10:35:59,www.youtube.com
2014-04-17 10:35:59,www.aleteia.org
2014-04-17 10:35:59,ajax.googleapis.com
2014-04-17 10:36:00,adethic.net
2014-04-17 10:36:00,www.youtube.com
2014-04-17 10:36:00,www.aleteia.org
2014-04-17 10:36:01,partners.aleteia.org
2014-04-17 10:36:01,www.aleteia.org
2014-04-17 10:36:06,cdns.gigya.com
2014-04-17 10:36:07,www.facebook.com
2014-04-17 10:36:07,www.aleteia.org
2014-04-17 10:36:07,res.cloudinary.com
2014-04-17 10:36:07,cdns.gigya.com
2014-04-17 10:36:07,graph.facebook.com
2014-04-17 10:36:07,s-static.ak.facebook.com
2014-04-17 10:36:08,comments.us1.gigya.com
2014-04-17 10:36:08,www.aleteia.org
2014-04-17 10:36:25,www.aleteia.org
2014-04-17 10:36:25,comments.us1.gigya.com
2014-04-17 10:36:26,www.aleteia.org
2014-04-17 10:36:29,www.aleteia.org
2014-04-17 10:36:30,www.aleteia.org
2014-04-17 10:36:30,res.cloudinary.com
2014-04-17 10:40:12,www.bing.com
2014-04-17 10:40:13,www.bing.com
2014-04-17 10:40:17,www.bing.com
2014-04-17 10:40:20,www.sfap.org
2014-04-17 10:46:04,www.bing.com
2014-04-17 10:46:06,www.aleteia.org
2014-04-17 10:46:06,s-static.ak.facebook.com
2014-04-17 10:46:06,www.facebook.com
2014-04-17 10:46:07,www.youtube.com
2014-04-17 10:46:07,www.aleteia.org
2014-04-17 10:46:07,graph.facebook.com
2014-04-17 10:46:08,s-static.ak.facebook.com
2014-04-17 10:46:08,www.facebook.com
2014-04-17 10:46:08,www.aleteia.org
2014-04-17 10:48:40,ocsp.thawte.com
2014-04-17 10:48:42,gtglobal-ocsp.geotrust.com
2014-04-17 10:48:42,clients1.google.com
2014-04-17 10:48:43,clients1.google.com
2014-04-17 10:48:46,www.u-clermont1.fr
2014-04-17 10:48:46,ent.u-clermont1.fr
2014-04-17 10:48:46,www.google.fr
2014-04-17 10:48:49,ocsp.usertrust.com
2014-04-17 10:48:49,ocsp.tcs.terena.org
2014-04-17 10:49:10,ent.u-clermont1.fr
2014-04-17 10:49:11,ent.u-clermont1.fr
2014-04-17 10:49:16,ent.udamail.fr
2014-04-17 10:49:16,ocsp.tcs.terena.org
2014-04-17 10:49:18,ent.udamail.fr
2014-04-17 10:49:27,safebrowsing.clients.google.com
2014-04-17 10:49:27,safebrowsing-cache.google.com
2014-04-17 10:49:28,safebrowsing-cache.google.com
2014-04-17 10:49:33,ent.u-clermont1.fr
2014-04-17 10:49:39,clients1.google.com
2014-04-17 10:49:40,clients1.google.com
2014-04-17 10:49:43,gtssl-ocsp.geotrust.com
2014-04-17 10:49:49,clients1.google.com
2014-04-17 10:50:31,ent.udamail.fr
2014-04-17 10:50:43,ent.udamail.fr
2014-04-17 10:51:05,ent.udamail.fr
2014-04-17 10:52:24,sb-ssl.google.com
2014-04-17 10:52:36,www.google.com
2014-04-17 10:52:36,www.google.fr
2014-04-17 10:52:40,www.ccne-ethique.fr
2014-04-17 10:52:44,accounts.youtube.com
2014-04-17 10:52:44,accounts.google.fr
2014-04-17 10:52:49,lh6.google.com
2014-04-17 10:52:52,clients2.google.com
2014-04-17 10:52:54,accounts.google.com
2014-04-17 10:52:55,apis.google.com
2014-04-17 10:52:56,clients6.google.com
2014-04-17 10:53:06,drive.google.com
2014-04-17 10:53:44,gg.google.com
2014-04-17 10:55:00,0.drive.google.com
2014-04-17 10:55:48,ieonline.microsoft.com
2014-04-17 10:55:51,docs.google.com
2014-04-17 10:56:02,s1.lemde.fr
2014-04-17 10:56:02,www.google.fr
2014-04-17 10:56:02,www.lemonde.fr
2014-04-17 10:56:03,s1.lemde.fr
2014-04-17 10:56:03,www.lemonde.fr
2014-04-17 10:56:03,live.lemde.fr
2014-04-17 10:56:03,videosfr.s3.amazonaws.com
2014-04-17 10:56:04,player.mediabong.com
2014-04-17 10:56:04,www.lemonde.fr
2014-04-17 10:56:04,kweb.videostep.com
2014-04-17 10:56:04,s1.lemde.fr
2014-04-17 10:56:04,audienceinsights.net
2014-04-17 10:56:04,pixel.alephd.com
2014-04-17 10:56:04,static.videostep.com
2014-04-17 10:56:04,www.facebook.com
2014-04-17 10:56:05,s.videostep.com
2014-04-17 10:56:05,ce.lijit.com
2014-04-17 10:56:05,pixel.alephd.com
2014-04-17 10:56:05,static.videostep.com
2014-04-17 10:56:06,pixel.alephd.com
2014-04-17 10:56:06,www.facebook.com
2014-04-17 10:56:06,s.videostep.com
2014-04-17 10:56:06,static.videostep.com
2014-04-17 10:56:06,cm.adgrx.com
2014-04-17 10:56:06,its.tradelab.fr
2014-04-17 10:56:06,hal9000.redintelligence.net
2014-04-17 10:56:07,casale-match.dotomi.com
2014-04-17 10:56:07,ocsp2.globalsign.com
2014-04-17 10:56:07,cimg.leguide.com
2014-04-17 10:56:07,csm2waycm-atl.netmng.com
2014-04-17 10:56:07,hal9000.redintelligence.net
2014-04-17 10:56:07,cshoppingbox.partner.leguide.com
2014-04-17 10:56:08,connect.facebook.net
2014-04-17 10:56:08,affiliation.service-voyages.com
2014-04-17 10:56:08,static.ak.facebook.com
2014-04-17 10:56:08,www.facebook.com
2014-04-17 10:56:08,s1.lemde.fr
2014-04-17 10:56:08,banniere.reussissonsensemble.fr
2014-04-17 10:56:08,n28.hal9000.redintelligence.net
2014-04-17 10:56:08,its.tradelab.fr
2014-04-17 10:56:08,dps.bing.com
2014-04-17 10:56:08,code.jquery.com
2014-04-17 10:56:08,cimg.leguide.com
2014-04-17 10:56:08,ajax.googleapis.com
2014-04-17 10:56:08,cdnjs.cloudflare.com
2014-04-17 10:56:08,s-static.ak.facebook.com
2014-04-17 10:56:08,dtm.bergdorfgoodman.com
2014-04-17 10:56:09,banniere.reussissonsensemble.fr
2014-04-17 10:56:09,listener.ezakus.net
2014-04-17 10:56:10,s.videostep.com
2014-04-17 10:56:10,www.facebook.com
2014-04-17 10:56:10,i1-js-14-3-01-10013-848698950-i.init.cedexis-radar.net
2014-04-17 10:56:11,clients1.google.com
2014-04-17 10:56:11,ec2-us-west-2a.cedexis.com
2014-04-17 10:56:12,ocsp.comodoca.com
2014-04-17 10:56:12,ec2-us-west-2a.cedexis.com
2014-04-17 10:56:12,u.videostep.com
2014-04-17 10:56:12,cloudfront.cedexis.com
2014-04-17 10:56:13,cloudfront.cedexis.com
2014-04-17 10:56:15,live.lemde.fr
2014-04-17 10:56:20,s.videostep.com
2014-04-17 10:56:27,pixel2368.everesttech.net
2014-04-17 10:56:27,live.lemde.fr
2014-04-17 10:56:39,ocsp.verisign.com
2014-04-17 10:56:40,s.videostep.com
2014-04-17 10:56:40,live.lemde.fr
2014-04-17 10:56:49,s.videostep.com
2014-04-17 10:56:49,static.videostep.com
2014-04-17 10:56:50,static.videostep.com
2014-04-17 10:56:50,s.videostep.com
2014-04-17 10:56:50,kwebstat.videostep.com
2014-04-17 10:56:51,live.lemde.fr
2014-04-17 10:57:03,live.lemde.fr
2014-04-17 10:57:07,its.tradelab.fr
2014-04-17 10:57:15,live.lemde.fr
2014-04-17 10:57:20,s.videostep.com
2014-04-17 10:57:27,live.lemde.fr
2014-04-17 10:57:39,live.lemde.fr
2014-04-17 10:57:51,live.lemde.fr
2014-04-17 10:57:57,www.google.fr
2014-04-17 10:57:58,www.google.fr
2014-04-17 10:57:58,cache.20minutes.fr
2014-04-17 10:57:58,www.20minutes.fr
2014-04-17 10:57:58,audienceinsights.net
2014-04-17 10:57:58,player.mediabong.com
2014-04-17 10:57:59,cache.20minutes.fr
2014-04-17 10:57:59,endor.mediabong.com
2014-04-17 10:57:59,static.mediabong.com
2014-04-17 10:57:59,player.mediabong.net
2014-04-17 10:58:00,clients1.google.com
2014-04-17 10:58:00,code.jquery.com
2014-04-17 10:58:00,cimg.leguide.com
2014-04-17 10:58:00,codeorigin.jquery.com
2014-04-17 10:58:00,match.rtbidder.net
2014-04-17 10:58:00,www.facebook.com
2014-04-17 10:58:00,cshoppingbox.partner.leguide.com
2014-04-17 10:58:00,rbp.mxptint.net
2014-04-17 10:58:00,cache.20minutes.fr
2014-04-17 10:58:01,ibeu2.mookie1.com
2014-04-17 10:58:01,pr.ybp.yahoo.com
2014-04-17 10:58:01,cache.20minutes.fr
2014-04-17 10:58:01,c1.adform.net
2014-04-17 10:58:02,s-static.ak.facebook.com
2014-04-17 10:58:02,platform.twitter.com
2014-04-17 10:58:02,connect.facebook.net
2014-04-17 10:58:02,static.mediabong.com
2014-04-17 10:58:02,www.facebook.com
2014-04-17 10:58:02,static.ak.facebook.com
2014-04-17 10:58:02,um.simpli.fi
2014-04-17 10:58:02,www.google.com
2014-04-17 10:58:02,evsecure-ocsp.verisign.com
2014-04-17 10:58:03,www.facebook.com
2014-04-17 10:58:03,live.lemde.fr
2014-04-17 10:58:03,evsecure-ocsp.verisign.com
2014-04-17 10:58:03,cache.20minutes.fr
2014-04-17 10:58:04,measure.20mn.fr
2014-04-17 10:58:04,www.facebook.com
2014-04-17 10:58:07,www.google.fr
2014-04-17 10:58:08,media.rtl.fr
2014-04-17 10:58:08,www.rtl.fr
2014-04-17 10:58:08,static.rtl.fr
2014-04-17 10:58:08,cshoppingbox.partner.leguide.com
2014-04-17 10:58:09,broadcast.piximedia.fr
2014-04-17 10:58:09,platform.twitter.com
2014-04-17 10:58:09,www.rtl.fr
2014-04-17 10:58:09,static.rtl.fr
2014-04-17 10:58:09,cimg.leguide.com
2014-04-17 10:58:09,loadr.exelator.com
2014-04-17 10:58:09,cshoppingbox.partner.leguide.com
2014-04-17 10:58:10,media.rtl.fr
2014-04-17 10:58:10,s-static.ak.facebook.com
2014-04-17 10:58:10,broadcast.piximedia.fr
2014-04-17 10:58:10,static.rtl.fr
2014-04-17 10:58:10,static.ak.facebook.com
2014-04-17 10:58:11,www.facebook.com
2014-04-17 10:58:11,static.rtl.fr
2014-04-17 10:58:11,www.google.com
2014-04-17 10:58:14,www.google.fr
2014-04-17 10:58:14,www.rtl.fr
2014-04-17 10:58:14,static.rtl.fr
2014-04-17 10:58:15,www.facebook.com
2014-04-17 10:58:15,static.rtl.fr
2014-04-17 10:58:15,pixel.alephd.com
2014-04-17 10:58:15,live.lemde.fr
2014-04-17 10:58:16,s-static.ak.facebook.com
2014-04-17 10:58:16,adventori.com
2014-04-17 10:58:16,platform.twitter.com
2014-04-17 10:58:16,static.ak.facebook.com
2014-04-17 10:58:16,static.rtl.fr
2014-04-17 10:58:16,pixel.alephd.com
2014-04-17 10:58:16,www.rtl.fr
2014-04-17 10:58:17,www.facebook.com
2014-04-17 10:58:17,www.google.com
2014-04-17 10:58:17,www.rtl.fr
2014-04-17 10:58:18,um.simpli.fi
2014-04-17 10:58:20,c1.adform.net
2014-04-17 10:58:20,cm.adgrx.com
2014-04-17 10:58:27,live.lemde.fr
2014-04-17 10:58:39,ocsp.digicert.com
2014-04-17 10:58:39,live.lemde.fr
2014-04-17 10:58:46,www.rtl.fr
2014-04-17 10:58:47,twitter.com
2014-04-17 10:58:51,live.lemde.fr
2014-04-17 10:59:03,live.lemde.fr
2014-04-17 10:59:11,www.google.fr
2014-04-17 10:59:11,tpe-eutha2012.e-monsite.com
2014-04-17 10:59:11,static.e-monsite.com
2014-04-17 10:59:11,www.gravatar.com
2014-04-17 10:59:11,api.captchme.net
2014-04-17 10:59:12,static.e-monsite.com
2014-04-17 10:59:12,i1.ytimg.com
2014-04-17 10:59:12,shea.swelen.com
2014-04-17 10:59:12,tpe-eutha2012.e-monsite.com
2014-04-17 10:59:12,www.gravatar.com
2014-04-17 10:59:15,live.lemde.fr
2014-04-17 10:59:27,live.lemde.fr
2014-04-17 10:59:30,tpe-eutha2012.e-monsite.com
2014-04-17 10:59:30,static.e-monsite.com
2014-04-17 10:59:30,api.captchme.net
2014-04-17 10:59:32,www.facebook.com
2014-04-17 10:59:32,api.captchme.net
2014-04-17 10:59:32,tpe-eutha2012.e-monsite.com
2014-04-17 10:59:32,ajax.googleapis.com
2014-04-17 10:59:33,nb-commons.storage.googleapis.com
2014-04-17 10:59:33,tpe-eutha2012.e-monsite.com
2014-04-17 10:59:33,i1.ytimg.com
2014-04-17 10:59:33,api.captchme.net
2014-04-17 10:59:34,user-disp.tidaltv.com
2014-04-17 10:59:34,rapidssl-ocsp.geotrust.com
2014-04-17 10:59:34,banniere.reussissonsensemble.fr
2014-04-17 10:59:34,static.veoxa.com
2014-04-17 10:59:34,tracking.veoxa.com
2014-04-17 10:59:35,a.nonstoppartner.net
2014-04-17 10:59:35,rapidssl-ocsp.geotrust.com
2014-04-17 10:59:35,js.socialike-me.com
2014-04-17 10:59:35,tpe-eutha2012.e-monsite.com
2014-04-17 10:59:36,offres.numericable.fr
2014-04-17 10:59:36,www.numericable.fr
2014-04-17 10:59:36,ea.numericable.fr
2014-04-17 10:59:36,tpe-eutha2012.e-monsite.com
2014-04-17 10:59:36,js.socialike-me.com
2014-04-17 10:59:37,offres.numericable.fr
2014-04-17 10:59:37,ea.numericable.fr
2014-04-17 10:59:37,emailretargeting.com
2014-04-17 10:59:37,rapidssl-ocsp.geotrust.com
2014-04-17 10:59:37,dc1w54.wysistat.com
2014-04-17 10:59:38,code.jquery.com
2014-04-17 10:59:38,mfr.meteofrance.com
2014-04-17 10:59:38,smart2.allocine.fr
2014-04-17 10:59:38,s.cogmatch.net
2014-04-17 10:59:38,www.google.com
2014-04-17 10:59:38,ocsp.digicert.com
2014-04-17 10:59:38,gtssl2-ocsp.geotrust.com
2014-04-17 10:59:38,ocsp.godaddy.com
2014-04-17 10:59:38,ocsp.comodoca.com
2014-04-17 10:59:38,gtssl-ocsp.geotrust.com
2014-04-17 10:59:38,halc.iadvize.com
2014-04-17 10:59:38,clients1.google.com
2014-04-17 10:59:38,ocsp.usertrust.com
2014-04-17 10:59:39,offres.numericable.fr
2014-04-17 10:59:39,fstatic.iadvize.com
2014-04-17 10:59:39,live.lemde.fr
2014-04-17 10:59:39,ocsp.verisign.com
2014-04-17 10:59:39,ocsp.digicert.com
2014-04-17 10:59:39,ocsp.thawte.com
2014-04-17 10:59:39,js.socialike-me.com
2014-04-17 10:59:39,halc.iadvize.com
2014-04-17 10:59:40,gtssl-ocsp.geotrust.com
2014-04-17 10:59:40,numericable.inq.com
2014-04-17 10:59:40,ajax.googleapis.com
2014-04-17 10:59:40,offres.numericable.fr
2014-04-17 10:59:40,www.ebuyclub.com
2014-04-17 10:59:40,api.zanox.ws
2014-04-17 10:59:40,rainbow-fr.mythings.com
2014-04-17 10:59:40,halc.iadvize.com
2014-04-17 10:59:40,ocsp2.globalsign.com
2014-04-17 10:59:41,rapidssl-ocsp.geotrust.com
2014-04-17 10:59:41,numericable.inq.com
2014-04-17 10:59:41,ocsp.digicert.com
2014-04-17 10:59:41,ocsp.comodoca.com
2014-04-17 10:59:41,gtssl-ocsp.geotrust.com
2014-04-17 10:59:42,halc.iadvize.com
2014-04-17 10:59:51,live.lemde.fr
2014-04-17 11:00:01,service.centraltag.com
2014-04-17 11:00:03,live.lemde.fr
2014-04-17 11:00:04,twitter.com
2014-04-17 11:00:15,live.lemde.fr
2014-04-17 11:00:27,live.lemde.fr
2014-04-17 11:00:34,i.ssix.io
2014-04-17 11:00:39,live.lemde.fr
2014-04-17 11:00:40,halc.iadvize.com
2014-04-17 11:00:48,fstatic.iadvize.com
2014-04-17 11:00:49,courses.carrefour.fr
2014-04-17 11:00:49,tracking.veoxa.com
2014-04-17 11:00:50,medserv.carrefour.com
2014-04-17 11:00:50,courses.carrefour.fr
2014-04-17 11:00:51,live.lemde.fr
2014-04-17 11:00:51,courses.carrefour.fr
2014-04-17 11:00:51,ee89ce.r.axf8.net
2014-04-17 11:00:59,www.westernunion.fr
2014-04-17 11:01:03,live.lemde.fr
2014-04-17 11:01:15,live.lemde.fr
2014-04-17 11:01:27,live.lemde.fr
2014-04-17 11:01:34,mpp2.vindicosuite.com
2014-04-17 11:01:35,b12.myspace.com
2014-04-17 11:01:37,numericable.inq.com
2014-04-17 11:01:39,live.lemde.fr
2014-04-17 11:01:40,halc.iadvize.com
2014-04-17 11:01:51,live.lemde.fr
2014-04-17 11:02:01,clients1.google.fr
2014-04-17 11:02:03,live.lemde.fr
2014-04-17 11:02:05,www.google.fr
2014-04-17 11:02:15,live.lemde.fr
2014-04-17 11:02:27,apis.google.com
2014-04-17 11:02:27,live.lemde.fr
2014-04-17 11:02:29,accounts.google.com
2014-04-17 11:02:36,www.google.com
2014-04-17 11:02:39,live.lemde.fr
2014-04-17 11:02:40,halc.iadvize.com
2014-04-17 11:02:51,live.lemde.fr
2014-04-17 11:03:03,live.lemde.fr
2014-04-17 11:03:15,live.lemde.fr
2014-04-17 11:03:27,live.lemde.fr
2014-04-17 11:03:33,api.captchme.net
2014-04-17 11:03:39,live.lemde.fr
2014-04-17 11:03:40,halc.iadvize.com
2014-04-17 11:03:51,live.lemde.fr
2014-04-17 11:04:03,live.lemde.fr
2014-04-17 11:04:15,www.google.fr
2014-04-17 11:04:15,live.lemde.fr
2014-04-17 11:04:16,www.rtl.fr
2014-04-17 11:04:16,static.rtl.fr
2014-04-17 11:04:17,pixel.alephd.com
2014-04-17 11:04:17,www.rtl.fr
2014-04-17 11:04:17,media.rtl.fr
2014-04-17 11:04:17,static.rtl.fr
2014-04-17 11:04:18,static.rtl.fr
2014-04-17 11:04:18,connect.facebook.net
2014-04-17 11:04:18,www.rtl.fr
2014-04-17 11:04:18,media.rtl.fr
2014-04-17 11:04:18,static.ak.facebook.com
2014-04-17 11:04:19,www.facebook.com
2014-04-17 11:04:19,s-static.ak.facebook.com
2014-04-17 11:04:19,ea.numericable.fr
2014-04-17 11:04:19,rapidssl-ocsp.geotrust.com
2014-04-17 11:04:20,www.google.com
2014-04-17 11:04:27,live.lemde.fr
2014-04-17 11:04:39,live.lemde.fr
2014-04-17 11:04:48,www.rtl.fr
2014-04-17 11:04:49,halc.iadvize.com
2014-04-17 11:04:50,twitter.com
2014-04-17 11:04:51,live.lemde.fr
2014-04-17 11:05:03,live.lemde.fr
2014-04-17 11:05:15,live.lemde.fr
2014-04-17 11:05:18,www.rtl.fr
2014-04-17 11:05:27,live.lemde.fr
2014-04-17 11:05:39,live.lemde.fr
2014-04-17 11:05:48,www.rtl.fr
2014-04-17 11:05:51,live.lemde.fr
2014-04-17 11:06:03,live.lemde.fr
2014-04-17 11:06:15,live.lemde.fr
2014-04-17 11:06:18,www.rtl.fr
2014-04-17 11:06:27,live.lemde.fr
2014-04-17 11:06:39,live.lemde.fr
2014-04-17 11:06:48,www.rtl.fr
2014-04-17 11:06:51,live.lemde.fr
2014-04-17 11:07:03,live.lemde.fr
2014-04-17 11:07:14,apis.google.com
2014-04-17 11:07:15,live.lemde.fr
2014-04-17 11:07:18,www.rtl.fr
2014-04-17 11:07:27,live.lemde.fr
2014-04-17 11:07:39,live.lemde.fr
2014-04-17 11:07:48,www.rtl.fr
2014-04-17 11:07:51,live.lemde.fr
2014-04-17 11:08:03,live.lemde.fr
2014-04-17 11:08:15,live.lemde.fr
2014-04-17 11:08:18,www.rtl.fr
2014-04-17 11:08:27,live.lemde.fr
2014-04-17 11:08:39,live.lemde.fr
2014-04-17 11:08:42,docs.google.com
2014-04-17 11:08:48,www.rtl.fr
2014-04-17 11:08:51,live.lemde.fr
2014-04-17 11:09:03,live.lemde.fr
2014-04-17 11:09:15,live.lemde.fr
2014-04-17 11:09:18,www.rtl.fr
2014-04-17 11:09:27,live.lemde.fr
2014-04-17 11:09:39,live.lemde.fr
2014-04-17 11:09:48,www.rtl.fr
2014-04-17 11:09:51,live.lemde.fr
2014-04-17 11:10:03,live.lemde.fr
2014-04-17 11:10:15,live.lemde.fr
2014-04-17 11:10:18,www.rtl.fr
2014-04-17 11:10:27,live.lemde.fr
2014-04-17 11:10:39,live.lemde.fr
2014-04-17 11:10:48,www.rtl.fr
2014-04-17 11:10:51,live.lemde.fr
2014-04-17 11:10:51,www.google.com
2014-04-17 11:11:03,live.lemde.fr
2014-04-17 11:11:09,live.lemde.fr
2014-04-17 11:11:11,www.google.fr
2014-04-17 11:11:11,www.lemonde.fr
2014-04-17 11:11:11,s1.lemde.fr
2014-04-17 11:11:12,api.adyoulike.com
2014-04-17 11:11:12,kweb.videostep.com
2014-04-17 11:11:12,outlook.com
2014-04-17 11:11:12,s1.lemde.fr
2014-04-17 11:11:12,pixel.alephd.com
2014-04-17 11:11:12,videosfr.s3.amazonaws.com
2014-04-17 11:11:12,static.videostep.com
2014-04-17 11:11:12,evsecure-ocsp.verisign.com
2014-04-17 11:11:12,www.lemonde.fr
2014-04-17 11:11:12,live.lemde.fr
2014-04-17 11:11:13,login.live.com
2014-04-17 11:11:13,sb.symcd.com
2014-04-17 11:11:13,ocsp.thawte.com
2014-04-17 11:11:13,static.videostep.com
2014-04-17 11:11:13,s.videostep.com
2014-04-17 11:11:13,ea.numericable.fr
2014-04-17 11:11:14,login.live.com
2014-04-17 11:11:14,ocsp.digicert.com
2014-04-17 11:11:14,www.lemonde.fr
2014-04-17 11:11:14,s1.lemde.fr
2014-04-17 11:11:15,s-static.ak.facebook.com
2014-04-17 11:11:15,static.ak.facebook.com
2014-04-17 11:11:15,www.facebook.com
2014-04-17 11:11:17,s.videostep.com
2014-04-17 11:11:18,www.rtl.fr
2014-04-17 11:11:18,limelight.cedexis.com
2014-04-17 11:11:18,i1-js-14-3-01-10013-212612066-i.init.cedexis-radar.net
2014-04-17 11:11:19,limelight.cedexis.com
2014-04-17 11:11:24,live.lemde.fr
2014-04-17 11:11:24,login.live.com
2014-04-17 11:11:25,windowslive.tt.omtrdc.net
2014-04-17 11:11:25,evintl-ocsp.verisign.com
2014-04-17 11:11:25,login.live.com
2014-04-17 11:11:27,s.videostep.com
2014-04-17 11:11:28,ocsp.verisign.com
2014-04-17 11:11:29,dub129.mail.live.com
2014-04-17 11:11:36,live.lemde.fr
2014-04-17 11:11:47,s.videostep.com
2014-04-17 11:11:48,live.lemde.fr
2014-04-17 11:11:48,www.rtl.fr
2014-04-17 11:11:55,go.trouter.io
2014-04-17 11:11:59,0.docs.google.com
2014-04-17 11:11:59,www.google.com
2014-04-17 11:11:59,www.google.fr
2014-04-17 11:11:59,www.outlook.com
2014-04-17 11:11:59,mail.live.com
2014-04-17 11:11:59,people.directory.live.com
2014-04-17 11:11:59,h.bing.com
2014-04-17 11:11:59,docs.google.com
2014-04-17 11:11:59,js.live.net
2014-04-17 11:11:59,storage.live.com
2014-04-17 11:11:59,cid-0a42ec3339184941.users.storage.live.com
2014-04-17 11:11:59,h2.msn.com
2014-04-17 11:11:59,secure.shared.live.com
2014-04-17 11:11:59,g.msn.com
2014-04-17 11:11:59,dub129.mail.live.com
2014-04-17 11:11:59,h.live.com
2014-04-24 13:20:55,sci.sciences.univ-bpclermont.fr
2014-04-24 13:20:55,ocsp.thawte.com
2014-04-24 13:20:58,clients1.google.com
2014-04-24 13:20:59,gtglobal-ocsp.geotrust.com
2014-04-24 13:20:59,clients1.google.com
2014-04-24 13:21:00,www.google.fr
2014-04-24 13:21:00,outlook.com
2014-04-24 13:21:01,evsecure-ocsp.verisign.com
2014-04-24 13:21:01,sb.symcd.com
2014-04-24 13:21:01,login.live.com
2014-04-24 13:21:02,ocsp.digicert.com
2014-04-24 13:21:02,login.live.com
2014-04-24 13:21:03,ocsp.digicert.com
2014-04-24 13:21:13,login.live.com
2014-04-24 13:21:14,evintl-ocsp.verisign.com
2014-04-24 13:21:14,windowslive.tt.omtrdc.net
2014-04-24 13:21:16,ocsp.verisign.com
2014-04-24 13:21:17,gtssl2-ocsp.geotrust.com
2014-04-24 13:21:17,dub129.mail.live.com
2014-04-24 13:21:49,g.msn.com
2014-04-24 13:21:57,gtssl-ocsp.geotrust.com
2014-04-24 13:22:15,mail.live.com
2014-04-24 13:22:15,h.bing.com
2014-04-24 13:22:19,storage.live.com
2014-04-24 13:22:20,h.live.com
2014-04-24 13:22:20,cid-0a42ec3339184941.users.storage.live.com
2014-04-24 13:22:22,dub129.mail.live.com
2014-04-24 13:22:23,dub129.mail.live.com
2014-04-24 13:22:23,people.directory.live.com
2014-04-24 13:22:54,g.msn.com
2014-04-24 13:22:56,dub129.afx.ms
2014-04-24 13:22:56,www.outlook.com
2014-04-24 13:22:58,secure.shared.live.com
2014-04-24 13:23:17,js.live.net
2014-04-24 13:23:22,mail.live.com
2014-04-24 13:23:24,storage.live.com
2014-04-24 13:23:24,h.live.com
2014-04-24 13:23:25,proxy-blu-people.directory.live.com
2014-04-24 13:23:27,dub129.mail.live.com
2014-04-24 13:23:27,blufiles.storage.msn.com
2014-04-24 13:23:32,dub129.mail.live.com
2014-04-24 13:23:33,dub129.mail.live.com
2014-04-24 13:23:38,safebrowsing-cache.google.com
2014-04-24 13:23:38,safebrowsing.clients.google.com
2014-04-24 13:23:39,safebrowsing-cache.google.com
2014-04-24 13:23:55,apis.google.com
2014-04-24 13:23:55,www.google.com
2014-04-24 13:23:56,www.google.fr
2014-04-24 13:24:19,go.trouter.io
2014-04-24 13:24:20,h2.msn.com
2014-04-24 13:24:24,dub129.mail.live.com
2014-04-24 13:25:29,dub129.mail.live.com
2014-04-24 13:26:34,sb-ssl.google.com
2014-04-24 13:27:19,dub129.mail.live.com
2014-04-24 13:27:22,proxy-blu-people.directory.live.com
2014-04-24 13:28:24,proxy-blu-people.directory.live.com
2014-04-24 13:28:28,dub129.mail.live.com
2014-04-24 13:28:43,dub129.mail.live.com
2014-04-25 09:47:14,ocsp.thawte.com
2014-04-25 09:47:14,sci.sciences.univ-bpclermont.fr
2014-04-25 09:47:25,sci.sciences.univ-bpclermont.fr
2014-04-25 09:47:28,gtglobal-ocsp.geotrust.com
2014-04-25 09:47:28,clients1.google.com
2014-04-25 09:47:30,outlook.com
2014-04-25 09:47:30,www.google.fr
2014-04-25 09:47:31,login.live.com
2014-04-25 09:47:31,sb.symcd.com
2014-04-25 09:47:31,evsecure-ocsp.verisign.com
2014-04-25 09:47:32,login.live.com
2014-04-25 09:47:32,ocsp.digicert.com
2014-04-25 09:47:33,ocsp.digicert.com
2014-04-25 09:47:43,windowslive.tt.omtrdc.net
2014-04-25 09:48:15,login.live.com
2014-04-25 09:48:16,login.live.com
2014-04-25 09:48:16,gtssl-ocsp.geotrust.com
2014-04-25 09:48:16,evintl-ocsp.verisign.com
2014-04-25 09:48:18,ocsp.verisign.com
2014-04-25 09:48:19,gtssl2-ocsp.geotrust.com
2014-04-25 09:48:51,sci.sciences.univ-bpclermont.fr
2014-04-25 09:48:54,g.msn.com
2014-04-25 09:49:17,mail.live.com
2014-04-25 09:49:18,h.bing.com
2014-04-25 09:49:21,people.directory.live.com
2014-04-25 09:49:21,storage.live.com
2014-04-25 09:49:23,dub129.mail.live.com
2014-04-25 09:49:24,cid-0a42ec3339184941.users.storage.live.com
2014-04-25 09:49:24,dub129.mail.live.com
2014-04-25 09:49:25,www.outlook.com
2014-04-25 09:49:25,h.live.com
2014-04-25 09:49:25,dub129.mail.live.com
2014-04-25 09:49:28,dub129.afx.ms
2014-04-25 09:50:01,ent.univ-bpclermont.fr
2014-04-25 09:50:01,www.google.fr
2014-04-25 09:50:02,clients1.google.com
2014-04-25 09:50:02,ocsp.tcs.terena.org
2014-04-25 09:50:02,www.univ-bpclermont.fr
2014-04-25 09:50:02,ent.univ-bpclermont.fr
2014-04-25 09:50:02,ocsp.usertrust.com
2014-04-25 09:50:03,www.univ-bpclermont.fr
2014-04-25 09:50:13,ent.univ-bpclermont.fr
2014-04-25 09:50:14,go.trouter.io
2014-04-25 09:50:14,ent.univ-bpclermont.fr
2014-04-25 09:50:14,www.univ-bpclermont.fr
2014-04-25 09:50:15,secure.shared.live.com
2014-04-25 09:50:15,ent.univ-bpclermont.fr
2014-04-25 09:50:16,www.univ-bpclermont.fr
2014-04-25 09:50:16,ent.univ-bpclermont.fr
2014-04-25 09:50:19,dub129.mail.live.com
2014-04-25 09:50:19,h2.msn.com
2014-04-25 09:50:19,js.live.net
2014-04-25 09:50:24,apis.google.com
2014-04-25 09:50:58,www.google.fr
2014-04-25 09:50:58,www.google.com
2014-04-25 09:51:18,safebrowsing.clients.google.com
2014-04-25 09:51:18,safebrowsing-cache.google.com
2014-04-25 09:51:19,safebrowsing-cache.google.com
2014-04-25 09:51:20,safebrowsing-cache.google.com
2014-04-25 09:51:55,dub129.mail.live.com
2014-04-25 09:54:13,sb-ssl.google.com
2014-04-25 09:55:14,ocsp.verisign.com
2014-04-25 09:55:32,sci.sciences.univ-bpclermont.fr
2014-04-25 09:55:57,ent.univ-bpclermont.fr
2014-04-25 09:56:55,proxy-blu-people.directory.live.com
2014-04-25 09:56:57,dub129.mail.live.com
2014-04-25 09:57:14,ocsp.digicert.com
2014-04-25 09:57:50,go.trouter.io
2014-04-25 09:58:23,ent.univ-bpclermont.fr
2014-04-25 09:58:27,h.live.com
2014-04-25 09:58:29,dub129.mail.live.com
2014-04-25 09:59:02,g.msn.com
2014-04-25 09:59:27,h.live.com
2014-04-25 09:59:29,proxy-blu-people.directory.live.com
2014-04-25 09:59:32,storage.live.com
2014-04-25 09:59:33,dub129.mail.live.com
2014-04-25 09:59:34,dub129.mail.live.com
2014-04-25 09:59:35,dub129.mail.live.com
2014-04-25 09:59:38,dub129.mail.live.com
2014-04-25 10:00:24,go.trouter.io
2014-04-25 10:00:25,h2.msn.com
2014-04-25 10:01:58,proxy-blu-people.directory.live.com
2014-04-25 10:04:29,proxy-blu-people.directory.live.com
2014-04-25 10:05:08,ent.univ-bpclermont.fr
2014-04-25 10:05:21,maps.google.fr
2014-04-25 10:05:26,g.msn.com
2014-04-25 10:05:51,dub129.mail.live.com
2014-04-25 10:06:00,h.live.com
2014-04-25 10:06:01,dub129.mail.live.com
2014-04-25 10:06:53,h2.msn.com
2014-04-25 10:07:14,go.trouter.io
2014-04-25 10:08:15,www.google.com
2014-04-25 10:08:16,maps.google.fr
2014-04-25 10:08:21,mts0.google.com
2014-04-25 10:09:35,www.google.fr
2014-04-25 10:09:36,connect.facebook.net
2014-04-25 10:09:36,www.automobile-magazine.fr
2014-04-25 10:09:36,www.motorpresse-france.fr
2014-04-25 10:09:37,www.automobile-magazine.fr
2014-04-25 10:09:37,static.ak.facebook.com
2014-04-25 10:09:37,s-static.ak.facebook.com
2014-04-25 10:09:37,commondatastorage.googleapis.com
2014-04-25 10:09:38,www.automobile-magazine.fr
2014-04-25 10:09:38,www.facebook.com
2014-04-25 10:09:39,www.automobile-magazine.fr
2014-04-25 10:09:54,clients1.google.com
2014-04-25 10:10:22,www.google.fr
2014-04-25 10:10:22,www.google.com
2014-04-25 10:10:22,mts0.google.com
2014-04-25 10:10:22,geo0.ggpht.com
2014-04-25 10:26:51,sci.sciences.univ-bpclermont.fr
2014-04-25 10:26:52,ocsp.thawte.com
2014-04-25 10:26:52,sci.sciences.univ-bpclermont.fr
2014-04-25 10:26:58,www.google.com
2014-04-25 10:26:59,www.google.com
2014-04-25 10:27:00,clients1.google.com
2014-04-25 10:27:00,gtglobal-ocsp.geotrust.com
2014-04-25 10:27:04,clients1.google.com
2014-04-25 10:27:23,clients1.google.com
2014-04-25 10:27:29,maps.google.fr
2014-04-25 10:27:52,gtssl-ocsp.geotrust.com
2014-04-25 10:28:02,clients1.google.com
2014-04-25 10:28:47,sci.sciences.univ-bpclermont.fr
2014-04-25 10:29:41,www.google.fr
2014-04-25 10:29:41,www.feuvert.fr
2014-04-25 10:29:41,clients1.google.com
2014-04-25 10:29:42,www.feuvert.fr
2014-04-25 10:29:43,www.feuvert.fr
2014-04-25 10:29:44,www.feuvert.fr
2014-04-25 10:29:44,www.google.com
2014-04-25 10:29:44,www.google.fr
2014-04-25 10:29:53,www.feuvert.fr
2014-04-25 10:29:54,www.feuvert.fr
2014-04-25 10:29:55,www.google.fr
2014-04-25 10:29:55,www.google.com
2014-04-25 10:29:55,emailretargeting.com
2014-04-25 10:29:55,deliv.leboncoin.fr
2014-04-25 10:29:55,www.feuvert.fr
2014-04-25 10:29:55,dc1w54.wysistat.com
2014-04-25 10:29:56,www.feuvert.fr
2014-04-25 10:29:56,ocsp.comodoca.com
2014-04-25 10:29:56,dc1w54.wysistat.com
2014-04-25 10:29:56,clients1.google.com
2014-04-25 10:29:57,gtssl2-ocsp.geotrust.com
2014-04-25 10:30:02,ocsp.digicert.com
2014-04-25 10:30:03,deliv.leboncoin.fr
2014-04-25 10:30:03,retargeting.veoxa.com
2014-04-25 10:30:03,www.facebook.com
2014-04-25 10:30:03,ocsp.digicert.com
2014-04-25 10:30:05,www.feuvert.fr
2014-04-25 10:30:21,revision.feuvert.fr
2014-04-25 10:30:22,revision.feuvert.fr
2014-04-25 10:30:23,revision.feuvert.fr
2014-04-25 10:30:25,maps.google.fr
2014-04-25 10:30:28,geo0.ggpht.com
2014-04-25 10:30:43,mts0.google.com
2014-04-25 10:30:47,revision.feuvert.fr
2014-04-25 10:30:48,apis.google.com
2014-04-25 10:30:49,mts0.google.com
2014-04-25 10:31:04,revision.feuvert.fr
2014-04-25 10:31:10,www.feuvert.fr
2014-04-25 10:31:11,www.google.com
2014-04-25 10:31:11,www.feuvert.fr
2014-04-25 10:31:12,safebrowsing-cache.google.com
2014-04-25 10:31:12,safebrowsing.clients.google.com
2014-04-25 10:31:12,geo3.ggpht.com
2014-04-25 10:31:12,www.google.fr
2014-04-25 10:31:13,safebrowsing-cache.google.com
2014-04-25 10:31:14,geo3.ggpht.com
2014-04-25 10:31:14,safebrowsing-cache.google.com
2014-04-25 10:31:15,geo1.ggpht.com
2014-04-25 10:31:16,geo0.ggpht.com
2014-04-25 10:31:16,geo2.ggpht.com
2014-04-25 10:31:50,plus.google.com
2014-04-25 10:32:27,www.google.com
2014-04-25 10:32:34,www.google.fr
2014-04-25 10:33:00,maps.google.fr
2014-04-25 10:34:07,sb-ssl.google.com
2014-04-25 10:34:13,maps.googleapis.com
2014-04-25 10:34:51,ocsp.verisign.com
2014-04-25 10:35:20,www.google.fr
2014-04-25 10:35:21,ajax.googleapis.com
2014-04-25 10:35:21,shop.euromaster.fr
2014-04-25 10:35:21,www.euromaster.fr
2014-04-25 10:35:22,www.euromaster.fr
2014-04-25 10:35:22,euromaster.fr
2014-04-25 10:35:24,www.euromaster.fr
2014-04-25 10:35:24,shop.euromaster.fr
2014-04-25 10:35:27,www.euromaster.fr
2014-04-25 10:35:28,www.euromaster.fr
2014-04-25 10:35:30,www.euromaster.fr
2014-04-25 10:35:31,www.euromaster.fr
2014-04-25 10:35:32,shop.euromaster.fr
2014-04-25 10:35:32,www.euromaster.fr
2014-04-25 10:35:54,maps.google.fr
2014-04-25 10:36:40,maps.googleapis.com
2014-04-25 10:36:40,www.points.fr
2014-04-25 10:36:40,www.google.fr
2014-04-25 10:36:41,www.points.fr
2014-04-25 10:36:42,www.points.fr
2014-04-25 10:36:42,static.ak.facebook.com
2014-04-25 10:36:42,www.facebook.com
2014-04-25 10:36:42,connect.facebook.net
2014-04-25 10:36:43,www.points.fr
2014-04-25 10:36:45,www.points.fr
2014-04-25 10:36:46,www.points.fr
2014-04-25 10:36:51,maps.googleapis.com
2014-04-25 10:37:09,mts0.google.com
2014-04-25 10:37:14,geo0.ggpht.com
2014-04-25 10:37:18,mts0.google.com
2014-04-25 10:37:44,www.euromaster.fr
2014-04-25 10:38:12,plus.google.com
2014-04-25 10:38:46,www.google.fr
2014-04-25 10:38:48,dlive.pagesjaunes.fr
2014-04-25 10:38:48,cpm.pagesjaunes.fr
2014-04-25 10:38:48,media3.annoncesjaunes.fr
2014-04-25 10:38:48,www.pagesjaunes.fr
2014-04-25 10:38:48,static4.pagesjaunes.fr
2014-04-25 10:38:48,static2.pagesjaunes.fr
2014-04-25 10:38:48,static.pagesjaunes.fr
2014-04-25 10:38:49,static.pagesjaunes.fr
2014-04-25 10:38:49,logc257.at.pagesjaunes.fr
2014-04-25 10:38:49,dlive.pagesjaunes.fr
2014-04-25 10:38:50,www.pagesjaunes.fr
2014-04-25 10:38:53,pjo-env.elasticbeanstalk.com
2014-04-25 10:38:53,www.pagesjaunes.fr
2014-04-25 10:38:55,www.pagesjaunes.fr
2014-04-25 10:38:57,logc257.at.pagesjaunes.fr
2014-04-25 10:38:58,www.pagesjaunes.fr
2014-04-25 10:38:59,www.pagesjaunes.fr
2014-04-25 10:39:01,www.pagesjaunes.fr
2014-04-25 10:39:02,www.pagesjaunes.fr
2014-04-25 10:39:03,www.pagesjaunes.fr
2014-04-25 10:39:04,www.pagesjaunes.fr
2014-04-25 10:39:05,www.pagesjaunes.fr
2014-04-25 10:39:06,www.pagesjaunes.fr
2014-04-25 10:39:07,www.pagesjaunes.fr
2014-04-25 10:39:11,www.pagesjaunes.fr
2014-04-25 10:39:12,www.pagesjaunes.fr
2014-04-25 10:39:13,www.pagesjaunes.fr
2014-04-25 10:39:14,www.pagesjaunes.fr
2014-04-25 10:39:16,static2.pagesjaunes.fr
2014-04-25 10:39:16,www.pagesjaunes.fr
2014-04-25 10:39:17,logc257.at.pagesjaunes.fr
2014-04-25 10:39:21,www.pagesjaunes.fr
2014-04-25 10:39:21,media3.annoncesjaunes.fr
2014-04-25 10:39:21,static4.pagesjaunes.fr
2014-04-25 10:39:21,dlive.pagesjaunes.fr
2014-04-25 10:39:21,logc257.at.pagesjaunes.fr
2014-04-25 10:39:22,static4.pagesjaunes.fr
2014-04-25 10:39:22,dlive.pagesjaunes.fr
2014-04-25 10:39:22,logc257.at.pagesjaunes.fr
2014-04-25 10:39:23,www.pagesjaunes.fr
2014-04-25 10:39:24,www.pagesjaunes.fr
2014-04-25 10:39:25,pjo-env.elasticbeanstalk.com
2014-04-25 10:39:25,www.pagesjaunes.fr
2014-04-25 10:39:26,www.pagesjaunes.fr
2014-04-25 10:39:26,logc257.at.pagesjaunes.fr
2014-04-25 10:39:27,www.pagesjaunes.fr
2014-04-25 10:39:28,www.pagesjaunes.fr
2014-04-25 10:39:29,www.pagesjaunes.fr
2014-04-25 10:39:30,www.pagesjaunes.fr
2014-04-25 10:39:32,www.pagesjaunes.fr
2014-04-25 10:39:34,www.pagesjaunes.fr
2014-04-25 10:39:35,www.pagesjaunes.fr
2014-04-25 10:39:36,www.pagesjaunes.fr
2014-04-25 10:39:37,www.pagesjaunes.fr
2014-04-25 10:39:38,www.pagesjaunes.fr
2014-04-25 10:39:39,www.pagesjaunes.fr
2014-04-25 10:39:40,www.pagesjaunes.fr
2014-04-25 10:39:44,static2.pagesjaunes.fr
2014-04-25 10:39:46,www.pagesjaunes.fr
2014-04-25 10:39:47,www.pagesjaunes.fr
2014-04-25 10:39:52,dlive.pagesjaunes.fr
2014-04-25 10:39:52,static4.pagesjaunes.fr
2014-04-25 10:39:52,www.pagesjaunes.fr
2014-04-25 10:39:52,logc257.at.pagesjaunes.fr
2014-04-25 10:39:53,logc257.at.pagesjaunes.fr
2014-04-25 10:39:53,www.pagesjaunes.fr
2014-04-25 10:39:53,static2.pagesjaunes.fr
2014-04-25 10:39:53,static.pagesjaunes.fr
2014-04-25 10:39:53,dlive.pagesjaunes.fr
2014-04-25 10:39:53,static4.pagesjaunes.fr
2014-04-25 10:39:55,static4.pagesjaunes.fr
2014-04-25 10:39:56,www.pagesjaunes.fr
2014-04-25 10:39:56,static.pagesjaunes.fr
2014-04-25 10:39:57,www.pagesjaunes.fr
2014-04-25 10:39:58,pjo-env.elasticbeanstalk.com
2014-04-25 10:40:02,www.pagesjaunes.fr
2014-04-25 10:40:02,logc257.at.pagesjaunes.fr
2014-04-25 10:40:03,static4.pagesjaunes.fr
2014-04-25 10:40:03,dlive.pagesjaunes.fr
2014-04-25 10:40:03,media3.annoncesjaunes.fr
2014-04-25 10:40:03,cpm.pagesjaunes.fr
2014-04-25 10:40:03,www.pagesjaunes.fr
2014-04-25 10:40:04,logc257.at.pagesjaunes.fr
2014-04-25 10:40:05,www.pagesjaunes.fr
2014-04-25 10:40:05,ocsp.thawte.com
2014-04-25 10:40:07,pjo-env.elasticbeanstalk.com
2014-04-25 10:40:08,i1-js-14-3-01-10077-309318728-i.init.cedexis-radar.net
2014-04-25 10:40:08,www.pagesjaunes.fr
2014-04-25 10:40:12,logc257.at.pagesjaunes.fr
2014-04-25 10:40:12,www.pagesjaunes.fr
2014-04-25 10:40:13,static2.pagesjaunes.fr
2014-04-25 10:40:13,static.ak.facebook.com
2014-04-25 10:40:13,www.pagesjaunes.fr
2014-04-25 10:40:13,dlive.pagesjaunes.fr
2014-04-25 10:40:13,logc257.at.pagesjaunes.fr
2014-04-25 10:40:13,static.pagesjaunes.fr
2014-04-25 10:40:14,static.pagesjaunes.fr
2014-04-25 10:40:14,logc257.at.pagesjaunes.fr
2014-04-25 10:40:14,www.pagesjaunes.fr
2014-04-25 10:40:14,s-static.ak.facebook.com
2014-04-25 10:40:15,axe.mappy.com
2014-04-25 10:40:15,static.pagesjaunes.fr
2014-04-25 10:40:16,poi.pagesjaunes.fr
2014-04-25 10:40:16,www.facebook.com
2014-04-25 10:40:18,axe.mappy.com
2014-04-25 10:40:19,poi.pagesjaunes.fr
2014-04-25 10:40:22,poi.pagesjaunes.fr
2014-04-25 10:40:23,poi.pagesjaunes.fr
2014-04-25 10:40:31,poi.pagesjaunes.fr
2014-04-25 10:40:37,poi.pagesjaunes.fr
2014-04-25 10:40:40,poi.pagesjaunes.fr
2014-04-25 10:40:44,poi.pagesjaunes.fr
2014-04-25 10:40:46,poi.pagesjaunes.fr
2014-04-25 10:40:57,poi.pagesjaunes.fr
2014-04-25 10:41:04,poi.pagesjaunes.fr
2014-04-25 10:41:05,www.pagesjaunes.fr
2014-04-25 10:41:07,poi.pagesjaunes.fr
2014-04-25 10:41:11,www.google.fr
2014-04-25 10:41:11,www.google.com
2014-04-25 10:45:08,sci.sciences.univ-bpclermont.fr
2014-04-25 10:45:09,sci.sciences.univ-bpclermont.fr
2014-04-25 10:45:09,ocsp.thawte.com
2014-04-25 10:45:19,gtglobal-ocsp.geotrust.com
2014-04-25 10:45:19,clients1.google.com
2014-04-25 10:45:22,maps.google.fr
2014-04-25 10:45:25,clients1.google.com
2014-04-25 10:45:54,clients1.google.com
2014-04-25 10:46:11,gtssl-ocsp.geotrust.com
2014-04-25 10:48:17,maps.google.fr
2014-04-25 10:48:17,safebrowsing.clients.google.com
2014-04-25 10:48:17,safebrowsing-cache.google.com
2014-04-25 10:48:18,safebrowsing-cache.google.com
2014-04-25 10:48:44,apis.google.com
2014-04-25 10:48:46,www.google.com
2014-04-25 10:49:45,plus.google.com
2014-04-25 10:49:50,mts0.google.com
2014-04-25 10:49:50,geo0.ggpht.com
2014-04-25 10:49:55,www.univ-bpclermont.fr
2014-04-25 10:49:56,www.univ-bpclermont.fr
2014-04-25 10:51:13,sb-ssl.google.com
2014-04-25 10:51:23,www.univ-bpclermont.fr
2014-04-25 10:51:31,sci.sciences.univ-bpclermont.fr
2014-04-25 10:51:37,www.t2c.fr
2014-04-25 10:51:37,www.google.fr
2014-04-25 10:51:38,www.t2c.fr
2014-04-25 10:51:43,www.t2c.fr
2014-04-25 10:51:44,www.t2c.fr
2014-04-25 10:51:45,www.t2c.fr
2014-04-25 10:51:46,www.t2c.fr
2014-04-25 10:51:47,www.t2c.fr
2014-04-25 10:51:48,www.t2c.fr
2014-04-25 10:51:52,www.t2c.fr
2014-04-25 10:52:08,www.t2c.fr
2014-04-25 10:52:09,www.t2c.fr
2014-04-25 10:52:10,www.t2c.fr
2014-04-25 10:52:11,www.t2c.fr
2014-04-25 10:52:12,www.t2c.fr
2014-04-25 10:52:13,www.t2c.fr
2014-04-25 10:53:09,ocsp.verisign.com
2014-04-25 10:53:17,www.google.fr
2014-04-25 10:53:18,www.points.fr
2014-04-25 10:53:18,maps.googleapis.com
2014-04-25 10:53:19,connect.facebook.net
2014-04-25 10:53:19,www.points.fr
2014-04-25 10:53:19,s-static.ak.facebook.com
2014-04-25 10:53:19,www.facebook.com
2014-04-25 10:53:19,static.ak.facebook.com
2014-04-25 10:53:20,www.points.fr
2014-04-25 10:53:23,maps.googleapis.com
2014-04-25 10:53:24,www.points.fr
2014-04-25 10:53:29,maps.googleapis.com
2014-04-25 10:54:00,www.google.fr
2014-04-25 10:54:01,images.forum-auto.com
2014-04-25 10:54:01,staticclub.caradisiac.com
2014-04-25 10:54:01,www.forum-auto.com
2014-04-25 10:54:02,ocsp.thawte.com
2014-04-25 10:54:02,c1.adform.net
2014-04-25 10:54:02,images.caradisiac.com
2014-04-25 10:54:02,images.forum-auto.com
2014-04-25 10:54:02,staticclub.caradisiac.com
2014-04-25 10:54:03,www.facebook.com
2014-04-25 10:54:03,casale-match.dotomi.com
2014-04-25 10:54:03,ce.lijit.com
2014-04-25 10:54:03,platform.twitter.com
2014-04-25 10:54:03,staticclub.caradisiac.com
2014-04-25 10:54:03,dtm.bergdorfgoodman.com
2014-04-25 10:54:04,evsecure-ocsp.verisign.com
2014-04-25 10:54:04,platform.twitter.com
2014-04-25 10:54:04,staticclub.caradisiac.com
2014-04-25 10:54:04,club.caradisiac.com
2014-04-25 10:54:05,clients1.google.com
2014-04-25 10:54:06,www.forum-auto.com
2014-04-25 10:54:24,mw2.google.com
2014-04-25 10:54:35,twitter.com
2014-04-25 10:55:08,ocsp.digicert.com
2014-04-25 10:56:56,www.google.fr
2014-04-25 10:57:01,apis.google.com
2014-04-25 10:57:01,accounts.google.com
2014-04-25 10:57:23,www.points.fr
2014-04-25 10:57:24,www.points.fr
2014-04-25 10:57:24,mt1.googleapis.com
2014-04-25 10:57:24,mt0.googleapis.com
2014-04-25 10:57:24,maps.googleapis.com
2014-04-25 10:57:25,mt0.googleapis.com
2014-04-25 10:57:25,mt1.googleapis.com
2014-04-25 10:57:25,maps.googleapis.com
2014-04-25 10:57:26,maps.googleapis.com
2014-04-25 10:57:26,mt0.googleapis.com
2014-04-25 10:57:27,maps.googleapis.com
2014-04-25 10:57:29,mt1.googleapis.com
2014-04-25 10:57:29,mt0.googleapis.com
2014-04-25 10:57:29,maps.googleapis.com
2014-04-25 10:57:30,mt1.googleapis.com
2014-04-25 10:57:30,maps.googleapis.com
2014-04-25 10:57:31,mt0.googleapis.com
2014-04-25 10:57:31,maps.googleapis.com
2014-04-25 10:57:31,mt1.googleapis.com
2014-04-25 10:57:32,mt0.googleapis.com
2014-04-25 10:57:32,mt1.googleapis.com
2014-04-25 10:57:32,maps.googleapis.com
2014-04-25 10:57:33,mt0.googleapis.com
2014-04-25 10:57:33,maps.googleapis.com
2014-04-25 10:57:33,mt1.googleapis.com
2014-04-25 10:57:34,maps.googleapis.com
2014-04-25 10:57:35,maps.googleapis.com
2014-04-25 10:57:35,mt1.googleapis.com
2014-04-25 10:57:35,mt0.googleapis.com
2014-04-25 10:57:36,mt0.googleapis.com
2014-04-25 10:57:36,maps.googleapis.com
2014-04-25 10:57:37,maps.googleapis.com
2014-04-25 10:58:52,www.google.fr
2014-04-25 10:58:52,www.t2c.fr
2014-04-25 10:58:53,www.t2c.fr
2014-04-25 10:58:55,www.t2c.fr
2014-04-25 10:58:56,www.t2c.fr
2014-04-25 10:59:36,www.t2c.fr
2014-04-25 10:59:37,www.t2c.fr
2014-04-25 10:59:40,www.t2c.fr
2014-04-25 10:59:41,www.t2c.fr
2014-04-25 10:59:52,www.t2c.fr
2014-04-25 10:59:53,www.t2c.fr
2014-04-25 10:59:54,www.t2c.fr
2014-04-25 11:00:22,www.t2c.fr
2014-04-25 11:00:23,www.t2c.fr
2014-04-25 11:00:54,www.t2c.fr
2014-04-25 11:00:55,www.t2c.fr
2014-04-25 11:00:56,www.t2c.fr
2014-04-25 11:01:34,www.univ-bpclermont.fr
2014-04-25 11:01:35,www.univ-bpclermont.fr
2014-04-25 11:01:36,ent.univ-bpclermont.fr
2014-04-25 11:01:37,ocsp.usertrust.com
2014-04-25 11:01:37,ent.univ-bpclermont.fr
2014-04-25 11:01:37,clients1.google.com
2014-04-25 11:01:37,www.univ-bpclermont.fr
2014-04-25 11:01:37,ocsp.tcs.terena.org
2014-04-25 11:01:38,www.univ-bpclermont.fr
2014-04-25 11:01:40,www.google.com
2014-04-25 11:01:41,www.google.fr
2014-04-25 11:01:47,ent.univ-bpclermont.fr
2014-04-25 11:01:48,www.univ-bpclermont.fr
2014-04-25 11:01:48,ent.univ-bpclermont.fr
2014-04-25 11:01:51,www.univ-bpclermont.fr
2014-04-25 11:01:51,edt.univ-bpclermont.fr
2014-04-25 11:01:51,ent.univ-bpclermont.fr
2014-04-25 11:01:52,edt.univ-bpclermont.fr
2014-04-25 11:01:53,edt.univ-bpclermont.fr
2014-04-25 11:02:10,edt.univ-bpclermont.fr
2014-04-25 11:02:11,edt.univ-bpclermont.fr
2014-04-25 11:02:15,ent.univ-bpclermont.fr
2014-04-25 11:02:30,ent.univ-bpclermont.fr
2014-04-25 11:02:33,edt.univ-bpclermont.fr
2014-04-25 11:02:34,edt.univ-bpclermont.fr
2014-04-25 11:02:36,edt.univ-bpclermont.fr
2014-04-25 11:02:48,edt.univ-bpclermont.fr
2014-04-25 11:04:03,www.google.fr
2014-04-25 11:04:03,outlook.com
2014-04-25 11:04:04,login.live.com
2014-04-25 11:04:04,sb.symcd.com
2014-04-25 11:04:04,evsecure-ocsp.verisign.com
2014-04-25 11:04:05,login.live.com
2014-04-25 11:04:05,ocsp.digicert.com
2014-04-25 11:04:16,windowslive.tt.omtrdc.net
2014-04-25 11:04:19,login.live.com
2014-04-25 11:04:20,evintl-ocsp.verisign.com
2014-04-25 11:04:22,ocsp.verisign.com
2014-04-25 11:04:23,gtssl2-ocsp.geotrust.com
2014-04-25 11:04:55,g.msn.com
2014-04-25 11:05:21,h.bing.com
2014-04-25 11:05:24,mail.live.com
2014-04-25 11:05:24,people.directory.live.com
2014-04-25 11:05:25,storage.live.com
2014-04-25 11:05:26,h.live.com
2014-04-25 11:05:26,cid-0a42ec3339184941.users.storage.live.com
2014-04-25 11:05:27,dub129.mail.live.com
2014-04-25 11:05:28,dub129.mail.live.com
2014-04-25 11:05:30,dub129.mail.live.com
2014-04-25 11:05:31,dub129.mail.live.com
2014-04-25 11:05:32,dub129.mail.live.com
2014-04-25 11:05:54,fr-fr.facebook.com
2014-04-25 11:05:56,js.live.net
2014-04-25 11:05:59,www.outlook.com
2014-04-25 11:06:09,dub129.mail.live.com
2014-04-25 11:06:09,www.google.fr
2014-04-25 11:06:09,h2.msn.com
2014-04-25 11:06:09,secure.shared.live.com
2014-04-25 11:06:09,www.google.com
2014-04-25 11:06:09,go.trouter.io
