timestamp,site
2014-02-21 10:07:08,www.bing.com
2014-02-21 10:07:09,www.bing.com
2014-02-21 10:07:10,www.bing.com
2014-02-21 10:07:10,cms.abmr.net
2014-02-21 10:08:16,player.vimeo.com
2014-02-21 10:09:43,office14client.microsoft.com
2014-02-21 10:09:43,office.microsoft.com
2014-02-21 10:09:44,office.microsoft.com
2014-02-21 10:10:35,javadl-esd.sun.com
2014-02-21 10:13:54,static.pubmed.gov
2014-02-21 10:13:54,www.ncbi.nlm.nih.gov
2014-02-21 10:13:55,www.ncbi.nlm.nih.gov
2014-02-21 10:13:55,static.pubmed.gov
2014-02-21 10:15:44,www.ncbi.nlm.nih.gov
2014-02-21 10:15:50,www.ncbi.nlm.nih.gov
2014-02-21 10:15:51,static.pubmed.gov
2014-02-21 10:15:51,www.ncbi.nlm.nih.gov
2014-02-21 10:15:52,www.ncbi.nlm.nih.gov
2014-02-21 10:15:54,www.ncbi.nlm.nih.gov
2014-02-21 10:15:55,www.ncbi.nlm.nih.gov
2014-02-21 10:16:19,www.ncbi.nlm.nih.gov
2014-02-21 10:16:20,www.ncbi.nlm.nih.gov
2014-02-21 10:16:20,static.pubmed.gov
2014-02-21 10:16:25,www.ncbi.nlm.nih.gov
2014-02-21 10:16:26,www.ncbi.nlm.nih.gov
2014-02-21 10:16:33,www.ncbi.nlm.nih.gov
2014-02-21 10:16:34,www.bing.com
2014-02-21 10:16:35,www.bing.com
2014-02-21 10:16:41,www.bing.com
2014-02-21 10:16:42,blast.ncbi.nlm.nih.gov
2014-02-21 10:16:42,www.ncbi.nlm.nih.gov
2014-02-21 10:16:47,login.live.com
2014-02-21 10:16:48,www.ncbi.nlm.nih.gov
2014-02-21 10:16:48,blast.ncbi.nlm.nih.gov
2014-02-21 10:16:49,www.ncbi.nlm.nih.gov
2014-02-21 10:16:49,blast.ncbi.nlm.nih.gov
2014-02-21 10:18:07,blast.ncbi.nlm.nih.gov
2014-02-21 10:18:16,blast.ncbi.nlm.nih.gov
2014-02-21 10:18:17,blast.ncbi.nlm.nih.gov
2014-02-21 10:19:57,blast.ncbi.nlm.nih.gov
2014-02-21 10:19:58,blast.ncbi.nlm.nih.gov
2014-02-21 10:20:03,blast.ncbi.nlm.nih.gov
2014-02-21 10:20:05,blast.ncbi.nlm.nih.gov
2014-02-21 10:20:05,www.ncbi.nlm.nih.gov
2014-02-21 10:20:06,blast.ncbi.nlm.nih.gov
2014-02-21 10:20:08,www.ncbi.nlm.nih.gov
2014-02-21 10:20:08,blast.ncbi.nlm.nih.gov
2014-02-21 10:20:09,blast.ncbi.nlm.nih.gov
2014-02-21 10:23:05,blast.ncbi.nlm.nih.gov
2014-02-21 10:23:07,blast.ncbi.nlm.nih.gov
2014-02-21 10:23:08,blast.ncbi.nlm.nih.gov
2014-02-21 10:23:25,blast.ncbi.nlm.nih.gov
2014-02-21 10:23:28,blast.ncbi.nlm.nih.gov
2014-02-21 10:23:31,blast.ncbi.nlm.nih.gov
2014-02-21 10:23:33,blast.ncbi.nlm.nih.gov
2014-02-21 10:23:34,blast.ncbi.nlm.nih.gov
2014-02-21 10:23:37,blast.ncbi.nlm.nih.gov
2014-02-21 10:23:42,blast.ncbi.nlm.nih.gov
2014-02-21 10:24:21,blast.ncbi.nlm.nih.gov
2014-02-21 10:24:22,blast.ncbi.nlm.nih.gov
2014-02-21 10:26:05,dl.javafx.com
2014-02-21 10:26:18,blast.ncbi.nlm.nih.gov
2014-02-21 10:26:19,blast.ncbi.nlm.nih.gov
2014-02-21 10:26:24,blast.ncbi.nlm.nih.gov
2014-02-21 10:26:25,blast.ncbi.nlm.nih.gov
2014-02-21 10:26:26,blast.ncbi.nlm.nih.gov
2014-02-21 10:26:30,blast.ncbi.nlm.nih.gov
2014-02-21 10:30:27,blast.ncbi.nlm.nih.gov
2014-02-21 10:33:20,blast.ncbi.nlm.nih.gov
2014-02-21 10:34:36,blast.ncbi.nlm.nih.gov
2014-02-21 10:34:37,static.pubmed.gov
2014-02-21 10:34:37,www.ncbi.nlm.nih.gov
2014-02-21 10:34:38,www.ncbi.nlm.nih.gov
2014-02-21 10:34:38,static.pubmed.gov
2014-02-21 10:34:39,www.ncbi.nlm.nih.gov
2014-02-21 10:34:39,static.pubmed.gov
2014-02-21 10:41:01,blast.ncbi.nlm.nih.gov
2014-02-21 10:41:02,blast.ncbi.nlm.nih.gov
2014-02-21 10:41:03,blast.ncbi.nlm.nih.gov
2014-02-21 10:41:05,blast.ncbi.nlm.nih.gov
2014-02-21 10:41:05,www.ncbi.nlm.nih.gov
2014-02-21 10:41:06,blast.ncbi.nlm.nih.gov
2014-02-21 10:41:07,blast.ncbi.nlm.nih.gov
2014-02-21 10:41:09,blast.ncbi.nlm.nih.gov
2014-02-21 10:41:09,www.ncbi.nlm.nih.gov
2014-02-21 10:41:10,blast.ncbi.nlm.nih.gov
2014-02-21 10:42:47,blast.ncbi.nlm.nih.gov
2014-02-21 10:42:50,blast.ncbi.nlm.nih.gov
2014-02-21 10:43:28,blast.ncbi.nlm.nih.gov
2014-02-21 10:43:46,www.google.fr
2014-02-21 10:43:47,apis.google.com
2014-02-21 10:43:49,www.google.com
2014-02-21 10:43:53,apis.google.com
2014-02-21 10:43:53,www.google.fr
2014-02-21 10:43:53,www.google.com
2014-02-21 10:43:54,static.pubmed.gov
2014-02-21 10:43:54,www.google.fr
2014-02-21 10:43:54,www.ncbi.nlm.nih.gov
2014-02-21 10:43:55,www.ncbi.nlm.nih.gov
2014-02-21 10:44:04,www.ncbi.nlm.nih.gov
2014-02-21 10:44:08,www.google.fr
2014-02-21 10:44:09,www.ncbi.nlm.nih.gov
2014-02-21 10:44:09,www.google.fr
2014-02-21 10:44:14,www.ncbi.nlm.nih.gov
2014-02-21 10:44:15,www.ncbi.nlm.nih.gov
2014-02-21 10:44:15,www.google.fr
2014-02-21 10:44:16,www.ncbi.nlm.nih.gov
2014-02-21 10:44:17,www.ncbi.nlm.nih.gov
2014-02-21 10:44:21,www.ncbi.nlm.nih.gov
2014-02-21 10:44:22,www.ncbi.nlm.nih.gov
2014-02-21 10:44:23,www.ncbi.nlm.nih.gov
2014-02-21 10:44:35,www.google.fr
2014-02-21 10:44:36,www.google.fr
2014-02-21 10:44:36,www.ncbi.nlm.nih.gov
2014-02-21 10:44:58,blast.ncbi.nlm.nih.gov
2014-02-21 10:44:59,blast.ncbi.nlm.nih.gov
2014-02-21 10:45:00,blast.ncbi.nlm.nih.gov
2014-02-21 10:45:01,blast.ncbi.nlm.nih.gov
2014-02-21 10:45:02,blast.ncbi.nlm.nih.gov
2014-02-21 10:45:06,blast.ncbi.nlm.nih.gov
2014-02-21 10:48:24,www.google.fr
2014-02-21 10:50:52,blast.ncbi.nlm.nih.gov
2014-02-21 10:50:52,www.ncbi.nlm.nih.gov
2014-02-21 10:50:53,www.ncbi.nlm.nih.gov
2014-02-21 10:50:53,static.pubmed.gov
2014-02-21 10:50:54,www.ncbi.nlm.nih.gov
2014-02-21 10:50:55,www.ncbi.nlm.nih.gov
2014-02-21 10:50:56,www.ncbi.nlm.nih.gov
2014-02-21 10:50:57,www.ncbi.nlm.nih.gov
2014-02-21 10:50:58,www.ncbi.nlm.nih.gov
2014-02-21 10:50:59,www.ncbi.nlm.nih.gov
2014-02-21 10:51:07,www.ncbi.nlm.nih.gov
2014-02-21 10:51:08,www.ncbi.nlm.nih.gov
2014-02-21 10:51:09,www.ncbi.nlm.nih.gov
2014-02-21 10:51:59,static.pubmed.gov
2014-02-21 10:56:02,blast.ncbi.nlm.nih.gov
2014-02-21 11:01:20,www.ncbi.nlm.nih.gov
2014-02-21 11:01:31,www.ncbi.nlm.nih.gov
2014-02-21 11:01:32,blast.ncbi.nlm.nih.gov
2014-02-21 11:01:33,blast.ncbi.nlm.nih.gov
2014-02-21 11:01:35,blast.ncbi.nlm.nih.gov
2014-02-21 11:01:36,blast.ncbi.nlm.nih.gov
2014-02-21 11:01:59,blast.ncbi.nlm.nih.gov
2014-02-21 11:02:03,blast.ncbi.nlm.nih.gov
2014-02-21 11:02:05,blast.ncbi.nlm.nih.gov
2014-02-21 11:02:07,blast.ncbi.nlm.nih.gov
2014-02-21 11:02:07,www.ncbi.nlm.nih.gov
2014-02-21 11:02:09,www.ncbi.nlm.nih.gov
2014-02-21 11:02:10,blast.ncbi.nlm.nih.gov
2014-02-21 11:02:12,blast.ncbi.nlm.nih.gov
2014-02-21 11:02:12,www.ncbi.nlm.nih.gov
2014-02-21 11:02:14,www.ncbi.nlm.nih.gov
2014-02-21 11:02:15,blast.ncbi.nlm.nih.gov
2014-02-21 11:02:17,www.ncbi.nlm.nih.gov
2014-02-21 11:02:23,blast.ncbi.nlm.nih.gov
2014-02-21 11:02:33,www.ncbi.nlm.nih.gov
2014-02-21 11:02:36,blast.ncbi.nlm.nih.gov
2014-02-21 11:02:37,www.ncbi.nlm.nih.gov
2014-02-21 11:02:37,blast.ncbi.nlm.nih.gov
2014-02-21 11:02:38,blast.ncbi.nlm.nih.gov
2014-02-21 11:03:03,blast.ncbi.nlm.nih.gov
2014-02-21 11:03:05,blast.ncbi.nlm.nih.gov
2014-02-21 11:03:50,blast.ncbi.nlm.nih.gov
2014-02-21 11:04:42,blast.ncbi.nlm.nih.gov
2014-02-21 11:04:43,blast.ncbi.nlm.nih.gov
2014-02-21 11:04:44,blast.ncbi.nlm.nih.gov
2014-02-21 11:04:45,blast.ncbi.nlm.nih.gov
2014-02-21 11:04:45,www.ncbi.nlm.nih.gov
2014-02-21 11:04:49,blast.ncbi.nlm.nih.gov
2014-02-21 11:04:50,blast.ncbi.nlm.nih.gov
2014-02-21 11:04:51,blast.ncbi.nlm.nih.gov
2014-02-21 11:07:36,blast.ncbi.nlm.nih.gov
2014-02-21 11:08:17,blast.ncbi.nlm.nih.gov
2014-02-21 11:08:41,blast.ncbi.nlm.nih.gov
2014-02-21 11:10:45,blast.ncbi.nlm.nih.gov
2014-02-21 11:10:47,static.pubmed.gov
2014-02-21 11:10:47,www.ncbi.nlm.nih.gov
2014-02-21 11:10:48,www.ncbi.nlm.nih.gov
2014-02-21 11:11:01,www.ncbi.nlm.nih.gov
2014-02-21 11:11:04,blast.ncbi.nlm.nih.gov
2014-02-21 11:11:05,www.ncbi.nlm.nih.gov
2014-02-21 11:11:06,www.ncbi.nlm.nih.gov
2014-02-21 11:11:48,www.ncbi.nlm.nih.gov
2014-02-21 11:11:49,blast.ncbi.nlm.nih.gov
2014-02-21 11:11:49,www.ncbi.nlm.nih.gov
2014-02-21 11:14:53,player.vimeo.com
2014-02-21 11:17:27,www.google.fr
2014-02-21 11:17:28,apis.google.com
2014-02-21 11:17:30,www.google.com
2014-02-21 11:19:05,apis.google.com
2014-02-21 11:19:05,www.google.com
2014-02-21 11:19:05,www.google.fr
2014-02-21 11:25:59,blast.ncbi.nlm.nih.gov
2014-02-21 11:26:00,blast.ncbi.nlm.nih.gov
2014-02-21 11:26:01,blast.ncbi.nlm.nih.gov
2014-02-21 11:26:02,www.ncbi.nlm.nih.gov
2014-02-21 11:26:03,blast.ncbi.nlm.nih.gov
2014-02-21 11:26:04,blast.ncbi.nlm.nih.gov
2014-02-21 11:26:10,blast.ncbi.nlm.nih.gov
2014-02-21 11:26:11,blast.ncbi.nlm.nih.gov
2014-02-21 11:26:12,blast.ncbi.nlm.nih.gov
2014-02-21 11:26:14,www.ncbi.nlm.nih.gov
2014-02-21 11:26:14,blast.ncbi.nlm.nih.gov
2014-02-21 11:26:15,blast.ncbi.nlm.nih.gov
2014-02-21 11:26:49,blast.ncbi.nlm.nih.gov
2014-02-21 11:26:50,blast.ncbi.nlm.nih.gov
2014-02-21 11:26:51,blast.ncbi.nlm.nih.gov
2014-02-21 11:26:52,blast.ncbi.nlm.nih.gov
2014-02-21 11:26:53,blast.ncbi.nlm.nih.gov
2014-02-21 11:26:54,blast.ncbi.nlm.nih.gov
2014-02-21 11:26:54,www.ncbi.nlm.nih.gov
2014-02-21 11:26:55,blast.ncbi.nlm.nih.gov
2014-02-21 11:27:16,blast.ncbi.nlm.nih.gov
2014-02-21 11:27:23,blast.ncbi.nlm.nih.gov
2014-02-21 11:27:32,blast.ncbi.nlm.nih.gov
2014-02-21 11:27:34,www.ncbi.nlm.nih.gov
2014-02-21 11:27:34,static.pubmed.gov
2014-02-21 11:27:35,www.ncbi.nlm.nih.gov
2014-02-21 11:28:00,blast.ncbi.nlm.nih.gov
2014-02-21 11:28:01,blast.ncbi.nlm.nih.gov
2014-02-21 11:28:03,blast.ncbi.nlm.nih.gov
2014-02-21 11:28:04,blast.ncbi.nlm.nih.gov
2014-02-21 11:28:05,www.ncbi.nlm.nih.gov
2014-02-21 11:28:05,blast.ncbi.nlm.nih.gov
2014-02-21 11:28:06,blast.ncbi.nlm.nih.gov
2014-02-21 11:28:10,blast.ncbi.nlm.nih.gov
2014-02-21 11:28:11,blast.ncbi.nlm.nih.gov
2014-02-21 11:28:12,blast.ncbi.nlm.nih.gov
2014-02-21 11:28:13,blast.ncbi.nlm.nih.gov
2014-02-21 11:28:14,blast.ncbi.nlm.nih.gov
2014-02-21 11:28:14,www.ncbi.nlm.nih.gov
2014-02-21 11:28:15,blast.ncbi.nlm.nih.gov
2014-02-21 11:28:18,blast.ncbi.nlm.nih.gov
2014-02-21 11:28:20,blast.ncbi.nlm.nih.gov
2014-02-21 11:29:05,blast.ncbi.nlm.nih.gov
2014-02-21 11:29:39,blast.ncbi.nlm.nih.gov
2014-02-21 11:29:42,blast.ncbi.nlm.nih.gov
2014-02-21 11:29:42,www.ncbi.nlm.nih.gov
2014-02-21 11:29:43,www.ncbi.nlm.nih.gov
2014-02-21 11:36:00,blast.ncbi.nlm.nih.gov
2014-02-21 11:36:00,www.ncbi.nlm.nih.gov
2014-02-21 11:36:01,www.ncbi.nlm.nih.gov
2014-02-21 11:36:02,www.ncbi.nlm.nih.gov
2014-02-21 11:36:28,blast.ncbi.nlm.nih.gov
2014-02-21 11:36:29,blast.ncbi.nlm.nih.gov
2014-02-21 11:36:35,blast.ncbi.nlm.nih.gov
2014-02-21 11:36:35,www.ncbi.nlm.nih.gov
2014-02-21 11:36:37,www.ncbi.nlm.nih.gov
2014-02-21 11:39:43,blast.ncbi.nlm.nih.gov
2014-02-21 11:39:43,www.ncbi.nlm.nih.gov
2014-02-28 10:09:53,www.bing.com
2014-02-28 10:09:54,www.bing.com
2014-02-28 10:09:55,cms.abmr.net
2014-02-28 10:09:55,www.bing.com
2014-02-28 10:10:07,login.live.com
2014-02-28 10:11:46,pis.foxitsoftware.com
2014-02-28 10:11:47,ad.foxitsoftware.com
2014-02-28 10:12:08,office14client.microsoft.com
2014-02-28 10:12:09,office.microsoft.com
2014-02-28 10:12:10,office.microsoft.com
2014-02-28 10:12:12,office.microsoft.com
2014-02-28 10:14:02,javadl-esd.sun.com
2014-02-28 10:17:05,www.google.fr
2014-02-28 10:17:19,www.google.fr
2014-02-28 10:17:20,apis.google.com
2014-02-28 10:17:22,www.google.com
2014-02-28 10:17:43,www.google.fr
2014-02-28 10:17:45,apis.google.com
2014-02-28 10:17:45,www.google.com
2014-02-28 10:17:45,www.google.fr
2014-02-28 10:17:45,www.ncbi.nlm.nih.gov
2014-02-28 10:17:45,blast.ncbi.nlm.nih.gov
2014-02-28 10:17:46,blast.ncbi.nlm.nih.gov
2014-02-28 10:19:06,blast.ncbi.nlm.nih.gov
2014-02-28 10:19:06,www.ncbi.nlm.nih.gov
2014-02-28 10:19:07,blast.ncbi.nlm.nih.gov
2014-02-28 10:19:08,www.ncbi.nlm.nih.gov
2014-02-28 10:19:09,blast.ncbi.nlm.nih.gov
2014-02-28 10:19:24,blast.ncbi.nlm.nih.gov
2014-02-28 10:19:30,www.google.fr
2014-02-28 10:19:31,blast.ncbi.nlm.nih.gov
2014-02-28 10:19:31,www.ncbi.nlm.nih.gov
2014-02-28 10:19:31,www.google.fr
2014-02-28 10:20:10,blast.ncbi.nlm.nih.gov
2014-02-28 10:20:11,blast.ncbi.nlm.nih.gov
2014-02-28 10:20:12,blast.ncbi.nlm.nih.gov
2014-02-28 10:20:22,blast.ncbi.nlm.nih.gov
2014-02-28 10:20:24,blast.ncbi.nlm.nih.gov
2014-02-28 10:20:29,blast.ncbi.nlm.nih.gov
2014-02-28 10:20:30,blast.ncbi.nlm.nih.gov
2014-02-28 10:20:32,www.ncbi.nlm.nih.gov
2014-02-28 10:20:33,blast.ncbi.nlm.nih.gov
2014-02-28 10:20:35,www.ncbi.nlm.nih.gov
2014-02-28 10:20:35,blast.ncbi.nlm.nih.gov
2014-02-28 10:20:37,www.ncbi.nlm.nih.gov
2014-02-28 10:20:39,blast.ncbi.nlm.nih.gov
2014-02-28 10:20:40,www.ncbi.nlm.nih.gov
2014-02-28 10:20:41,blast.ncbi.nlm.nih.gov
2014-02-28 10:20:43,www.ncbi.nlm.nih.gov
2014-02-28 10:20:48,www.google.fr
2014-02-28 10:20:49,blast.ncbi.nlm.nih.gov
2014-02-28 10:20:51,www.ncbi.nlm.nih.gov
2014-02-28 10:21:02,blast.ncbi.nlm.nih.gov
2014-02-28 10:21:03,www.ncbi.nlm.nih.gov
2014-02-28 10:21:19,blast.ncbi.nlm.nih.gov
2014-02-28 10:21:21,www.ncbi.nlm.nih.gov
2014-02-28 10:21:42,blast.ncbi.nlm.nih.gov
2014-02-28 10:21:43,www.ncbi.nlm.nih.gov
2014-02-28 10:22:09,blast.ncbi.nlm.nih.gov
2014-02-28 10:22:11,www.ncbi.nlm.nih.gov
2014-02-28 10:22:40,blast.ncbi.nlm.nih.gov
2014-02-28 10:22:42,www.ncbi.nlm.nih.gov
2014-02-28 10:23:10,blast.ncbi.nlm.nih.gov
2014-02-28 10:23:12,www.ncbi.nlm.nih.gov
2014-02-28 10:23:41,blast.ncbi.nlm.nih.gov
2014-02-28 10:23:42,www.ncbi.nlm.nih.gov
2014-02-28 10:24:11,blast.ncbi.nlm.nih.gov
2014-02-28 10:24:13,www.ncbi.nlm.nih.gov
2014-02-28 10:24:42,blast.ncbi.nlm.nih.gov
2014-02-28 10:24:43,www.ncbi.nlm.nih.gov
2014-02-28 10:25:12,blast.ncbi.nlm.nih.gov
2014-02-28 10:25:14,www.ncbi.nlm.nih.gov
2014-02-28 10:25:43,blast.ncbi.nlm.nih.gov
2014-02-28 10:25:44,www.ncbi.nlm.nih.gov
2014-02-28 10:26:05,dl.javafx.com
2014-02-28 10:26:13,blast.ncbi.nlm.nih.gov
2014-02-28 10:26:17,www.ncbi.nlm.nih.gov
2014-02-28 10:26:44,blast.ncbi.nlm.nih.gov
2014-02-28 10:26:46,www.ncbi.nlm.nih.gov
2014-02-28 10:27:15,blast.ncbi.nlm.nih.gov
2014-02-28 10:27:16,www.ncbi.nlm.nih.gov
2014-02-28 10:27:45,blast.ncbi.nlm.nih.gov
2014-02-28 10:27:45,www.ncbi.nlm.nih.gov
2014-02-28 10:27:46,blast.ncbi.nlm.nih.gov
2014-02-28 10:27:47,blast.ncbi.nlm.nih.gov
2014-02-28 10:27:47,www.ncbi.nlm.nih.gov
2014-02-28 10:27:48,blast.ncbi.nlm.nih.gov
2014-02-28 10:29:25,blast.ncbi.nlm.nih.gov
2014-02-28 10:29:34,blast.ncbi.nlm.nih.gov
2014-02-28 10:29:35,blast.ncbi.nlm.nih.gov
2014-02-28 10:29:36,blast.ncbi.nlm.nih.gov
2014-02-28 10:29:37,blast.ncbi.nlm.nih.gov
2014-02-28 10:38:21,blast.ncbi.nlm.nih.gov
2014-02-28 10:38:22,blast.ncbi.nlm.nih.gov
2014-02-28 10:38:23,blast.ncbi.nlm.nih.gov
2014-02-28 10:38:24,blast.ncbi.nlm.nih.gov
2014-02-28 10:38:29,blast.ncbi.nlm.nih.gov
2014-02-28 10:38:40,blast.ncbi.nlm.nih.gov
2014-02-28 10:38:45,blast.ncbi.nlm.nih.gov
2014-02-28 10:38:46,blast.ncbi.nlm.nih.gov
2014-02-28 10:38:48,www.ncbi.nlm.nih.gov
2014-02-28 10:38:49,blast.ncbi.nlm.nih.gov
2014-02-28 10:38:50,www.ncbi.nlm.nih.gov
2014-02-28 10:38:51,blast.ncbi.nlm.nih.gov
2014-02-28 10:38:52,www.ncbi.nlm.nih.gov
2014-02-28 10:38:54,blast.ncbi.nlm.nih.gov
2014-02-28 10:38:55,www.ncbi.nlm.nih.gov
2014-02-28 10:38:56,blast.ncbi.nlm.nih.gov
2014-02-28 10:38:58,www.ncbi.nlm.nih.gov
2014-02-28 10:39:04,blast.ncbi.nlm.nih.gov
2014-02-28 10:39:05,www.ncbi.nlm.nih.gov
2014-02-28 10:39:16,blast.ncbi.nlm.nih.gov
2014-02-28 10:39:17,www.ncbi.nlm.nih.gov
2014-02-28 10:39:18,blast.ncbi.nlm.nih.gov
2014-02-28 10:39:19,www.ncbi.nlm.nih.gov
2014-02-28 10:39:19,blast.ncbi.nlm.nih.gov
2014-02-28 10:39:20,www.ncbi.nlm.nih.gov
2014-02-28 10:39:21,blast.ncbi.nlm.nih.gov
2014-02-28 10:39:22,www.ncbi.nlm.nih.gov
2014-02-28 10:39:22,blast.ncbi.nlm.nih.gov
2014-02-28 10:39:23,www.ncbi.nlm.nih.gov
2014-02-28 10:39:24,blast.ncbi.nlm.nih.gov
2014-02-28 10:39:25,www.ncbi.nlm.nih.gov
2014-02-28 10:39:54,blast.ncbi.nlm.nih.gov
2014-02-28 10:40:00,www.ncbi.nlm.nih.gov
2014-02-28 10:40:25,blast.ncbi.nlm.nih.gov
2014-02-28 10:40:27,www.ncbi.nlm.nih.gov
2014-02-28 10:40:35,blast.ncbi.nlm.nih.gov
2014-02-28 10:40:36,blast.ncbi.nlm.nih.gov
2014-02-28 10:40:37,blast.ncbi.nlm.nih.gov
2014-02-28 10:42:06,blast.ncbi.nlm.nih.gov
2014-02-28 10:42:07,blast.ncbi.nlm.nih.gov
2014-02-28 10:42:12,blast.ncbi.nlm.nih.gov
2014-02-28 10:42:37,blast.ncbi.nlm.nih.gov
2014-02-28 10:42:38,blast.ncbi.nlm.nih.gov
2014-02-28 10:42:40,blast.ncbi.nlm.nih.gov
2014-02-28 10:42:41,blast.ncbi.nlm.nih.gov
2014-02-28 10:42:42,blast.ncbi.nlm.nih.gov
2014-02-28 10:42:54,blast.ncbi.nlm.nih.gov
2014-02-28 10:42:58,blast.ncbi.nlm.nih.gov
2014-02-28 10:42:59,blast.ncbi.nlm.nih.gov
2014-02-28 10:43:01,www.ncbi.nlm.nih.gov
2014-02-28 10:43:02,blast.ncbi.nlm.nih.gov
2014-02-28 10:43:04,www.ncbi.nlm.nih.gov
2014-02-28 10:43:04,blast.ncbi.nlm.nih.gov
2014-02-28 10:43:06,www.ncbi.nlm.nih.gov
2014-02-28 10:43:07,blast.ncbi.nlm.nih.gov
2014-02-28 10:43:08,www.ncbi.nlm.nih.gov
2014-02-28 10:43:09,blast.ncbi.nlm.nih.gov
2014-02-28 10:43:11,www.ncbi.nlm.nih.gov
2014-02-28 10:43:17,blast.ncbi.nlm.nih.gov
2014-02-28 10:43:18,www.ncbi.nlm.nih.gov
2014-02-28 10:43:29,blast.ncbi.nlm.nih.gov
2014-02-28 10:43:30,www.ncbi.nlm.nih.gov
2014-02-28 10:43:31,blast.ncbi.nlm.nih.gov
2014-02-28 10:43:32,www.ncbi.nlm.nih.gov
2014-02-28 10:43:33,blast.ncbi.nlm.nih.gov
2014-02-28 10:43:34,blast.ncbi.nlm.nih.gov
2014-02-28 10:43:34,www.ncbi.nlm.nih.gov
2014-02-28 10:43:35,www.ncbi.nlm.nih.gov
2014-02-28 10:43:36,blast.ncbi.nlm.nih.gov
2014-02-28 10:43:37,www.ncbi.nlm.nih.gov
2014-02-28 10:43:37,blast.ncbi.nlm.nih.gov
2014-02-28 10:43:38,www.ncbi.nlm.nih.gov
2014-02-28 10:43:39,blast.ncbi.nlm.nih.gov
2014-02-28 10:43:40,www.ncbi.nlm.nih.gov
2014-02-28 10:43:40,blast.ncbi.nlm.nih.gov
2014-02-28 10:43:41,www.ncbi.nlm.nih.gov
2014-02-28 10:43:42,blast.ncbi.nlm.nih.gov
2014-02-28 10:43:43,www.ncbi.nlm.nih.gov
2014-02-28 10:43:43,blast.ncbi.nlm.nih.gov
2014-02-28 10:43:44,www.ncbi.nlm.nih.gov
2014-02-28 10:43:45,blast.ncbi.nlm.nih.gov
2014-02-28 10:43:46,blast.ncbi.nlm.nih.gov
2014-02-28 10:43:46,www.ncbi.nlm.nih.gov
2014-02-28 10:43:47,www.ncbi.nlm.nih.gov
2014-02-28 10:43:48,blast.ncbi.nlm.nih.gov
2014-02-28 10:43:49,www.ncbi.nlm.nih.gov
2014-02-28 10:43:49,blast.ncbi.nlm.nih.gov
2014-02-28 10:43:50,www.ncbi.nlm.nih.gov
2014-02-28 10:43:51,blast.ncbi.nlm.nih.gov
2014-02-28 10:43:52,blast.ncbi.nlm.nih.gov
2014-02-28 10:43:52,www.ncbi.nlm.nih.gov
2014-02-28 10:43:53,www.ncbi.nlm.nih.gov
2014-02-28 10:43:54,blast.ncbi.nlm.nih.gov
2014-02-28 10:43:55,www.ncbi.nlm.nih.gov
2014-02-28 10:43:55,blast.ncbi.nlm.nih.gov
2014-02-28 10:43:56,www.ncbi.nlm.nih.gov
2014-02-28 10:43:57,blast.ncbi.nlm.nih.gov
2014-02-28 10:43:58,www.ncbi.nlm.nih.gov
2014-02-28 10:43:58,blast.ncbi.nlm.nih.gov
2014-02-28 10:43:59,www.ncbi.nlm.nih.gov
2014-02-28 10:44:00,blast.ncbi.nlm.nih.gov
2014-02-28 10:44:01,www.ncbi.nlm.nih.gov
2014-02-28 10:44:01,blast.ncbi.nlm.nih.gov
2014-02-28 10:44:02,www.ncbi.nlm.nih.gov
2014-02-28 10:44:03,blast.ncbi.nlm.nih.gov
2014-02-28 10:44:04,www.ncbi.nlm.nih.gov
2014-02-28 10:44:05,blast.ncbi.nlm.nih.gov
2014-02-28 10:44:06,blast.ncbi.nlm.nih.gov
2014-02-28 10:44:06,www.ncbi.nlm.nih.gov
2014-02-28 10:44:07,www.ncbi.nlm.nih.gov
2014-02-28 10:44:07,blast.ncbi.nlm.nih.gov
2014-02-28 10:44:09,www.ncbi.nlm.nih.gov
2014-02-28 10:44:09,blast.ncbi.nlm.nih.gov
2014-02-28 10:44:10,www.ncbi.nlm.nih.gov
2014-02-28 10:44:10,blast.ncbi.nlm.nih.gov
2014-02-28 10:44:11,www.ncbi.nlm.nih.gov
2014-02-28 10:44:12,blast.ncbi.nlm.nih.gov
2014-02-28 10:44:13,blast.ncbi.nlm.nih.gov
2014-02-28 10:44:13,www.ncbi.nlm.nih.gov
2014-02-28 10:44:14,www.ncbi.nlm.nih.gov
2014-02-28 10:44:15,blast.ncbi.nlm.nih.gov
2014-02-28 10:44:16,www.ncbi.nlm.nih.gov
2014-02-28 10:44:17,blast.ncbi.nlm.nih.gov
2014-02-28 10:44:18,www.ncbi.nlm.nih.gov
2014-02-28 10:44:19,blast.ncbi.nlm.nih.gov
2014-02-28 10:44:20,blast.ncbi.nlm.nih.gov
2014-02-28 10:44:20,www.ncbi.nlm.nih.gov
2014-02-28 10:44:21,www.ncbi.nlm.nih.gov
2014-02-28 10:44:22,blast.ncbi.nlm.nih.gov
2014-02-28 10:44:23,www.ncbi.nlm.nih.gov
2014-02-28 10:44:23,blast.ncbi.nlm.nih.gov
2014-02-28 10:44:24,www.ncbi.nlm.nih.gov
2014-02-28 10:44:25,blast.ncbi.nlm.nih.gov
2014-02-28 10:44:26,www.ncbi.nlm.nih.gov
2014-02-28 10:44:26,blast.ncbi.nlm.nih.gov
2014-02-28 10:44:27,www.ncbi.nlm.nih.gov
2014-02-28 10:44:28,blast.ncbi.nlm.nih.gov
2014-02-28 10:44:29,www.ncbi.nlm.nih.gov
2014-02-28 10:44:29,blast.ncbi.nlm.nih.gov
2014-02-28 10:44:30,www.ncbi.nlm.nih.gov
2014-02-28 10:44:31,blast.ncbi.nlm.nih.gov
2014-02-28 10:44:32,www.ncbi.nlm.nih.gov
2014-02-28 10:44:32,blast.ncbi.nlm.nih.gov
2014-02-28 10:44:33,www.ncbi.nlm.nih.gov
2014-02-28 10:44:34,blast.ncbi.nlm.nih.gov
2014-02-28 10:44:35,blast.ncbi.nlm.nih.gov
2014-02-28 10:44:35,www.ncbi.nlm.nih.gov
2014-02-28 10:44:36,www.ncbi.nlm.nih.gov
2014-02-28 10:44:37,blast.ncbi.nlm.nih.gov
2014-02-28 10:44:38,www.ncbi.nlm.nih.gov
2014-02-28 10:44:38,blast.ncbi.nlm.nih.gov
2014-02-28 10:44:39,www.ncbi.nlm.nih.gov
2014-02-28 10:44:40,blast.ncbi.nlm.nih.gov
2014-02-28 10:44:41,www.ncbi.nlm.nih.gov
2014-02-28 10:44:41,blast.ncbi.nlm.nih.gov
2014-02-28 10:44:42,www.ncbi.nlm.nih.gov
2014-02-28 10:44:43,blast.ncbi.nlm.nih.gov
2014-02-28 10:44:44,www.ncbi.nlm.nih.gov
2014-02-28 10:44:44,blast.ncbi.nlm.nih.gov
2014-02-28 10:44:45,www.ncbi.nlm.nih.gov
2014-02-28 10:44:46,blast.ncbi.nlm.nih.gov
2014-02-28 10:44:47,www.ncbi.nlm.nih.gov
2014-02-28 10:44:47,blast.ncbi.nlm.nih.gov
2014-02-28 10:44:48,www.ncbi.nlm.nih.gov
2014-02-28 10:44:49,blast.ncbi.nlm.nih.gov
2014-02-28 10:44:50,www.ncbi.nlm.nih.gov
2014-02-28 10:44:50,blast.ncbi.nlm.nih.gov
2014-02-28 10:44:51,www.ncbi.nlm.nih.gov
2014-02-28 10:44:52,blast.ncbi.nlm.nih.gov
2014-02-28 10:44:53,www.ncbi.nlm.nih.gov
2014-02-28 10:44:54,blast.ncbi.nlm.nih.gov
2014-02-28 10:44:55,www.ncbi.nlm.nih.gov
2014-02-28 10:44:55,blast.ncbi.nlm.nih.gov
2014-02-28 10:44:56,www.ncbi.nlm.nih.gov
2014-02-28 10:44:57,blast.ncbi.nlm.nih.gov
2014-02-28 10:44:58,www.ncbi.nlm.nih.gov
2014-02-28 10:44:58,blast.ncbi.nlm.nih.gov
2014-02-28 10:44:59,www.ncbi.nlm.nih.gov
2014-02-28 10:45:00,blast.ncbi.nlm.nih.gov
2014-02-28 10:45:01,www.ncbi.nlm.nih.gov
2014-02-28 10:45:01,blast.ncbi.nlm.nih.gov
2014-02-28 10:45:20,blast.ncbi.nlm.nih.gov
2014-02-28 10:45:21,blast.ncbi.nlm.nih.gov
2014-02-28 10:45:22,blast.ncbi.nlm.nih.gov
2014-02-28 10:45:24,blast.ncbi.nlm.nih.gov
2014-02-28 10:45:25,blast.ncbi.nlm.nih.gov
2014-02-28 10:45:26,blast.ncbi.nlm.nih.gov
2014-02-28 10:46:39,blast.ncbi.nlm.nih.gov
2014-02-28 10:46:43,www.ncbi.nlm.nih.gov
2014-02-28 10:46:43,blast.ncbi.nlm.nih.gov
2014-02-28 10:46:44,www.ncbi.nlm.nih.gov
2014-02-28 10:46:45,static.pubmed.gov
2014-02-28 10:46:45,www.ncbi.nlm.nih.gov
2014-02-28 10:46:46,static.pubmed.gov
2014-02-28 10:46:46,www.ncbi.nlm.nih.gov
2014-02-28 10:46:51,static.pubmed.gov
2014-02-28 10:46:58,www.ncbi.nlm.nih.gov
2014-02-28 10:46:58,static.pubmed.gov
2014-02-28 10:47:03,static.pubmed.gov
2014-02-28 10:47:25,www.ncbi.nlm.nih.gov
2014-02-28 10:47:30,www.ncbi.nlm.nih.gov
2014-02-28 10:47:31,static.pubmed.gov
2014-02-28 10:47:31,www.ncbi.nlm.nih.gov
2014-02-28 10:47:32,www.ncbi.nlm.nih.gov
2014-02-28 10:47:32,static.pubmed.gov
2014-02-28 10:52:37,www.ncbi.nlm.nih.gov
2014-02-28 10:52:42,www.ncbi.nlm.nih.gov
2014-02-28 10:52:43,www.ncbi.nlm.nih.gov
2014-02-28 10:52:44,www.ncbi.nlm.nih.gov
2014-02-28 10:53:16,www.ncbi.nlm.nih.gov
2014-02-28 10:53:18,www.ncbi.nlm.nih.gov
2014-02-28 10:53:18,static.pubmed.gov
2014-02-28 10:53:54,www.ncbi.nlm.nih.gov
2014-02-28 10:53:55,www.ncbi.nlm.nih.gov
2014-02-28 10:54:01,www.ncbi.nlm.nih.gov
2014-02-28 10:54:36,www.ncbi.nlm.nih.gov
2014-02-28 10:57:02,www.ncbi.nlm.nih.gov
2014-02-28 10:57:07,www.ncbi.nlm.nih.gov
2014-02-28 10:57:08,www.ncbi.nlm.nih.gov
2014-02-28 11:00:49,www.google.fr
2014-02-28 11:00:49,www.ncbi.nlm.nih.gov
2014-02-28 11:00:50,blast.ncbi.nlm.nih.gov
2014-02-28 11:01:00,www.squid-cache.org
2014-02-28 11:01:00,blast.ncbi.nlm.nih.gov
2014-02-28 11:01:06,www.google.fr
2014-02-28 11:01:20,www.google.fr
2014-02-28 11:01:21,apis.google.com
2014-02-28 11:01:23,www.google.com
2014-02-28 11:01:26,www.google.fr
2014-02-28 11:01:26,www.google.com
2014-02-28 11:01:26,apis.google.com
2014-02-28 11:01:26,www.phylogeny.fr
2014-02-28 11:01:42,www.phylogeny.fr
2014-02-28 11:01:52,www.phylogeny.fr
2014-02-28 11:02:22,www.phylogeny.fr
2014-02-28 11:02:25,www.phylogeny.fr
2014-02-28 11:03:26,www.phylogeny.fr
2014-02-28 11:03:54,www.phylogeny.fr
2014-02-28 11:05:14,www.phylogeny.fr
2014-02-28 11:05:17,www.phylogeny.fr
2014-02-28 11:05:21,www.phylogeny.fr
2014-02-28 11:05:27,www.phylogeny.fr
2014-02-28 11:05:28,www.phylogeny.fr
2014-02-28 11:05:32,www.phylogeny.fr
2014-02-28 11:05:33,www.phylogeny.fr
2014-02-28 11:05:34,www.phylogeny.fr
2014-02-28 11:07:36,www.phylogeny.fr
2014-02-28 11:07:40,www.phylogeny.fr
2014-02-28 11:07:43,www.phylogeny.fr
2014-02-28 11:07:47,www.phylogeny.fr
2014-02-28 11:07:48,www.phylogeny.fr
2014-02-28 11:07:49,www.phylogeny.fr
2014-02-28 11:07:50,www.phylogeny.fr
2014-02-28 11:07:51,www.phylogeny.fr
2014-02-28 11:09:43,www.phylogeny.fr
2014-02-28 11:09:51,www.phylogeny.fr
2014-02-28 11:10:09,www.phylogeny.fr
2014-02-28 11:12:31,www.phylogeny.fr
2014-02-28 11:13:27,www.phylogeny.fr
2014-02-28 11:13:36,www.phylogeny.fr
2014-02-28 11:13:37,www.phylogeny.fr
2014-02-28 11:13:51,www.phylogeny.fr
2014-02-28 11:18:07,www.google.fr
2014-02-28 11:18:08,www.ncbi.nlm.nih.gov
2014-02-28 11:18:08,blast.ncbi.nlm.nih.gov
2014-02-28 11:18:09,blast.ncbi.nlm.nih.gov
2014-02-28 11:18:12,blast.ncbi.nlm.nih.gov
2014-02-28 11:18:18,www.ncbi.nlm.nih.gov
2014-02-28 11:18:18,www.google.fr
2014-02-28 11:18:19,blast.ncbi.nlm.nih.gov
2014-02-28 11:18:20,blast.ncbi.nlm.nih.gov
2014-02-28 11:18:24,www.google.fr
2014-02-28 11:18:39,www.google.fr
2014-02-28 11:18:40,apis.google.com
2014-02-28 11:18:42,www.google.com
2014-02-28 11:18:49,www.google.com
2014-02-28 11:18:49,apis.google.com
2014-02-28 11:18:49,www.google.fr
2014-02-28 11:18:51,www.phylogeny.fr
2014-02-28 11:19:05,blast.ncbi.nlm.nih.gov
2014-02-28 11:19:19,www.phylogeny.fr
2014-02-28 11:19:20,www.phylogeny.fr
2014-02-28 11:19:43,www.phylogeny.fr
2014-02-28 11:19:44,www.phylogeny.fr
2014-02-28 11:19:51,www.google.fr
2014-02-28 11:20:56,www.phylogeny.fr
2014-02-28 11:20:57,www.phylogeny.fr
2014-02-28 11:30:05,www.phylogeny.fr
2014-02-28 11:30:06,www.phylogeny.fr
2014-02-28 11:30:17,www.phylogeny.fr
2014-02-28 11:30:19,www.phylogeny.fr
2014-02-28 11:30:42,www.phylogeny.fr
2014-02-28 11:30:46,www.phylogeny.fr
2014-02-28 11:30:50,www.phylogeny.fr
2014-02-28 11:31:02,www.phylogeny.fr
2014-02-28 11:31:32,www.bing.com
2014-02-28 11:31:34,www.bing.com
2014-02-28 11:31:34,atgc.lirmm.fr
2014-02-28 11:31:34,www.atgc-montpellier.fr
2014-02-28 11:31:40,www.bing.com
2014-02-28 11:31:42,www.bing.com
2014-02-28 11:31:42,login.live.com
2014-02-28 11:31:43,www.phylogeny.fr
2014-02-28 11:31:47,login.live.com
2014-02-28 11:32:18,www.phylogeny.fr
2014-02-28 11:32:22,www.phylogeny.fr
2014-02-28 11:33:57,www.phylogeny.fr
2014-02-28 11:34:01,www.phylogeny.fr
2014-02-28 11:34:02,www.phylogeny.fr
2014-02-28 11:34:06,www.phylogeny.fr
2014-02-28 11:34:07,www.phylogeny.fr
2014-02-28 11:34:10,www.phylogeny.fr
2014-02-28 11:34:11,www.phylogeny.fr
2014-02-28 11:34:34,www.phylogeny.fr
2014-02-28 11:35:35,www.phylogeny.fr
2014-02-28 11:35:47,www.phylogeny.fr
2014-02-28 11:35:59,www.phylogeny.fr
2014-02-28 11:36:05,www.phylogeny.fr
2014-02-28 11:36:06,www.phylogeny.fr
2014-02-28 11:36:16,www.phylogeny.fr
2014-02-28 11:36:31,www.phylogeny.fr
2014-02-28 11:36:41,www.phylogeny.fr
2014-02-28 11:36:42,www.phylogeny.fr
2014-02-28 11:36:45,www.phylogeny.fr
2014-02-28 11:36:47,www.phylogeny.fr
2014-02-28 11:36:50,www.phylogeny.fr
2014-02-28 11:36:53,www.phylogeny.fr
2014-02-28 11:36:55,www.phylogeny.fr
2014-02-28 11:36:58,www.phylogeny.fr
2014-02-28 11:37:00,www.phylogeny.fr
2014-02-28 11:37:03,www.phylogeny.fr
2014-02-28 11:37:06,www.phylogeny.fr
2014-02-28 11:37:08,www.phylogeny.fr
2014-02-28 11:37:10,www.phylogeny.fr
2014-02-28 11:37:14,www.phylogeny.fr
2014-02-28 11:37:16,www.phylogeny.fr
2014-02-28 11:37:19,www.phylogeny.fr
2014-02-28 11:37:21,www.phylogeny.fr
2014-02-28 11:37:24,www.phylogeny.fr
2014-02-28 11:37:26,www.phylogeny.fr
2014-02-28 11:37:28,www.phylogeny.fr
2014-02-28 11:37:31,www.phylogeny.fr
2014-02-28 11:37:33,www.phylogeny.fr
2014-02-28 11:37:36,www.phylogeny.fr
2014-02-28 11:37:38,www.phylogeny.fr
2014-02-28 11:37:40,www.phylogeny.fr
2014-02-28 11:37:43,www.phylogeny.fr
2014-02-28 11:37:45,www.phylogeny.fr
2014-02-28 11:37:48,www.phylogeny.fr
2014-02-28 11:37:50,www.phylogeny.fr
2014-02-28 11:37:53,www.phylogeny.fr
2014-02-28 11:37:55,www.phylogeny.fr
2014-02-28 11:37:58,www.phylogeny.fr
2014-02-28 11:38:00,www.phylogeny.fr
2014-02-28 11:38:03,www.phylogeny.fr
2014-02-28 11:38:05,www.phylogeny.fr
2014-02-28 11:38:08,www.phylogeny.fr
2014-02-28 11:38:10,www.phylogeny.fr
2014-02-28 11:38:13,www.phylogeny.fr
2014-02-28 11:38:15,www.phylogeny.fr
2014-02-28 11:38:18,www.phylogeny.fr
2014-02-28 11:38:20,www.phylogeny.fr
2014-02-28 11:38:23,www.phylogeny.fr
2014-02-28 11:38:27,www.phylogeny.fr
2014-02-28 11:38:30,www.phylogeny.fr
2014-02-28 11:38:32,www.phylogeny.fr
2014-02-28 11:38:35,www.phylogeny.fr
2014-02-28 11:38:38,www.phylogeny.fr
2014-02-28 11:38:40,www.phylogeny.fr
2014-02-28 11:38:42,www.phylogeny.fr
2014-02-28 11:38:45,www.phylogeny.fr
2014-02-28 11:38:47,www.phylogeny.fr
2014-02-28 11:38:53,www.phylogeny.fr
2014-02-28 11:39:08,www.phylogeny.fr
2014-02-28 11:39:20,www.phylogeny.fr
2014-02-28 11:39:30,www.phylogeny.fr
2014-02-28 11:39:31,www.phylogeny.fr
2014-02-28 11:42:44,www.phylogeny.fr
2014-02-28 11:43:18,www.phylogeny.fr
2014-02-28 11:43:22,www.phylogeny.fr
2014-02-28 11:43:26,www.phylogeny.fr
2014-02-28 11:43:34,www.phylogeny.fr
2014-02-28 11:43:35,www.phylogeny.fr
2014-02-28 11:43:38,www.phylogeny.fr
2014-02-28 11:43:40,www.phylogeny.fr
2014-02-28 11:43:42,www.phylogeny.fr
2014-02-28 11:43:45,www.phylogeny.fr
2014-02-28 11:43:50,www.phylogeny.fr
2014-02-28 11:43:51,www.phylogeny.fr
2014-02-28 11:44:00,www.phylogeny.fr
2014-02-28 11:44:13,www.phylogeny.fr
2014-02-28 11:44:21,www.phylogeny.fr
2014-02-28 11:44:22,www.phylogeny.fr
2014-02-28 11:44:31,www.phylogeny.fr
2014-02-28 11:48:42,www.phylogeny.fr
2014-02-28 11:48:47,www.phylogeny.fr
2014-02-28 11:51:06,www.phylogeny.fr
2014-02-28 11:51:11,www.phylogeny.fr
2014-02-28 11:51:16,www.phylogeny.fr
2014-02-28 11:51:21,www.phylogeny.fr
2014-02-28 11:51:22,www.phylogeny.fr
2014-02-28 11:51:24,www.phylogeny.fr
2014-02-28 11:51:27,www.phylogeny.fr
2014-02-28 11:51:30,www.phylogeny.fr
2014-02-28 11:51:32,www.phylogeny.fr
2014-02-28 11:51:34,www.phylogeny.fr
2014-02-28 11:51:37,www.phylogeny.fr
2014-02-28 11:51:39,www.phylogeny.fr
2014-02-28 11:51:42,www.phylogeny.fr
2014-02-28 11:51:44,www.phylogeny.fr
2014-02-28 11:51:47,www.phylogeny.fr
2014-02-28 11:51:49,www.phylogeny.fr
2014-02-28 11:51:51,www.phylogeny.fr
2014-02-28 11:51:54,www.phylogeny.fr
2014-02-28 11:51:56,www.phylogeny.fr
2014-02-28 11:51:59,www.phylogeny.fr
2014-02-28 11:52:01,www.phylogeny.fr
2014-02-28 11:52:03,www.phylogeny.fr
2014-02-28 11:52:06,www.phylogeny.fr
2014-02-28 11:52:08,www.phylogeny.fr
2014-02-28 11:52:11,www.phylogeny.fr
2014-02-28 11:52:13,www.phylogeny.fr
2014-02-28 11:52:15,www.phylogeny.fr
2014-02-28 11:52:18,www.phylogeny.fr
2014-02-28 11:52:20,www.phylogeny.fr
2014-02-28 11:52:23,www.phylogeny.fr
2014-02-28 11:52:25,www.phylogeny.fr
2014-02-28 11:52:27,www.phylogeny.fr
2014-02-28 11:52:30,www.phylogeny.fr
2014-02-28 11:52:32,www.phylogeny.fr
2014-02-28 11:52:35,www.phylogeny.fr
2014-02-28 11:52:37,www.phylogeny.fr
2014-02-28 11:52:39,www.phylogeny.fr
2014-02-28 11:52:42,www.phylogeny.fr
2014-02-28 11:52:44,www.phylogeny.fr
2014-02-28 11:52:47,www.phylogeny.fr
2014-02-28 11:52:49,www.phylogeny.fr
2014-02-28 11:52:52,www.phylogeny.fr
2014-02-28 11:52:54,www.phylogeny.fr
2014-02-28 11:52:56,www.phylogeny.fr
2014-02-28 11:52:59,www.phylogeny.fr
2014-02-28 11:53:01,www.phylogeny.fr
2014-02-28 11:53:04,www.phylogeny.fr
2014-02-28 11:53:06,www.phylogeny.fr
2014-02-28 11:53:08,www.phylogeny.fr
2014-02-28 11:53:11,www.phylogeny.fr
2014-02-28 11:53:13,www.phylogeny.fr
2014-02-28 11:53:16,www.phylogeny.fr
2014-02-28 11:53:18,www.phylogeny.fr
2014-02-28 11:53:21,www.phylogeny.fr
2014-02-28 11:53:23,www.phylogeny.fr
2014-02-28 11:53:25,www.phylogeny.fr
2014-02-28 11:53:28,www.phylogeny.fr
2014-02-28 11:53:30,www.phylogeny.fr
2014-02-28 11:53:33,www.phylogeny.fr
2014-02-28 11:53:39,www.phylogeny.fr
2014-02-28 11:53:40,www.phylogeny.fr
2014-02-28 11:53:41,www.phylogeny.fr
2014-02-28 11:53:42,www.phylogeny.fr
2014-02-28 11:53:47,www.phylogeny.fr
2014-02-28 11:53:53,www.phylogeny.fr
2014-02-28 11:54:02,www.phylogeny.fr
2014-02-28 11:54:22,www.phylogeny.fr
2014-03-21 10:04:59,windows.microsoft.com
2014-03-21 10:04:59,ajax.microsoft.com
2014-03-21 10:04:59,js.microsoft.com
2014-03-21 10:04:59,res1.windows.microsoft.com
2014-03-21 10:04:59,res2.windows.microsoft.com
2014-03-21 10:04:59,go.microsoft.com
2014-03-21 10:05:03,www.bing.com
2014-03-21 10:05:05,api.bing.com
2014-03-21 10:05:06,api.bing.com
2014-03-21 10:05:06,www.bing.com
2014-03-21 10:05:07,www.bing.com
2014-03-21 10:05:08,www.bing.com
2014-03-21 10:05:08,cms.abmr.net
2014-03-21 10:05:15,www.bing.com
2014-03-21 10:05:47,api.bing.com
2014-03-21 10:05:48,api.bing.com
2014-03-21 10:05:48,www.google.fr
2014-03-21 10:05:53,www.google.fr
2014-03-21 10:05:54,www.google.com
2014-03-21 10:05:54,apis.google.com
2014-03-21 10:05:57,mail.google.com
2014-03-21 10:05:57,accounts.google.com
2014-03-21 10:05:57,apis.google.com
2014-03-21 10:05:57,accounts.youtube.com
2014-03-21 10:05:58,www.google.fr
2014-03-21 10:06:15,www.google.fr
2014-03-21 10:06:15,accounts.google.fr
2014-03-21 10:06:17,www.google.fr
2014-03-21 10:06:17,www.google.com
2014-03-21 10:06:19,mail.google.com
2014-03-21 10:06:19,clients2.google.com
2014-03-21 10:06:19,accounts.youtube.com
2014-03-21 10:06:19,accounts.google.fr
2014-03-21 10:06:19,www.google.com
2014-03-21 10:06:19,accounts.google.com
2014-03-21 10:06:20,mail.google.com
2014-03-21 10:06:21,mail.google.com
2014-03-21 10:06:21,chatenabled.mail.google.com
2014-03-21 10:06:27,clients2.google.com
2014-03-21 10:06:29,mail.google.com
2014-03-21 10:06:29,accounts.google.com
2014-03-21 10:06:29,chatenabled.mail.google.com
2014-03-21 10:06:29,apis.google.com
2014-03-21 10:06:30,plus.google.com
2014-03-21 10:06:40,apis.google.com
2014-03-21 10:06:48,apis.google.com
2014-03-21 10:06:53,go.microsoft.com
2014-03-21 10:06:53,ieonline.microsoft.com
2014-03-21 10:07:00,drive.google.com
2014-03-21 10:07:02,0.drive.google.com
2014-03-21 10:07:02,drive.google.com
2014-03-21 10:07:02,apis.google.com
2014-03-21 10:07:03,0.drive.google.com
2014-03-21 10:07:04,apis.google.com
2014-03-21 10:07:07,drive.google.com
2014-03-21 10:07:07,docs.google.com
2014-03-21 10:07:08,docs.google.com
2014-03-21 10:07:09,docs.google.com
2014-03-21 10:07:12,docs.google.com
2014-03-21 10:07:17,docs.google.com
2014-03-21 10:07:26,docs.google.com
2014-03-21 10:07:30,docs.google.com
2014-03-21 10:07:31,docs.google.com
2014-03-21 10:07:31,accounts.google.com
2014-03-21 10:07:31,clients6.google.com
2014-03-21 10:07:31,www.google.com
2014-03-21 10:07:31,0.docs.google.com
2014-03-21 10:07:31,apis.google.com
2014-03-21 10:07:32,0.docs.google.com
2014-03-21 10:07:42,docs.google.com
2014-03-21 10:07:58,mail.google.com
2014-03-21 10:08:01,docs.google.com
2014-03-21 10:08:01,ieonline.microsoft.com
2014-03-21 10:08:02,gg.google.com
2014-03-21 10:08:29,docs.google.com
2014-03-21 10:08:40,drive.google.com
2014-03-21 10:08:41,0.drive.google.com
2014-03-21 10:08:47,www.google.com
2014-03-21 10:08:48,mail.google.com
2014-03-21 10:08:50,docs.google.com
2014-03-21 10:08:52,www.google.fr
2014-03-21 10:08:52,plus.google.com
2014-03-21 10:08:52,www.google.com
2014-03-21 10:09:04,api.bing.com
2014-03-21 10:09:05,api.bing.com
2014-03-21 10:09:06,www.google.com
2014-03-21 10:09:06,accounts.google.fr
2014-03-21 10:09:06,accounts.google.com
2014-03-21 10:09:06,blast.ncbi.nlm.nih.gov
2014-03-21 10:09:07,www.ncbi.nlm.nih.gov
2014-03-21 10:09:07,blast.ncbi.nlm.nih.gov
2014-03-21 10:09:07,accounts.youtube.com
2014-03-21 10:09:07,mail.google.com
2014-03-21 10:09:21,api.bing.com
2014-03-21 10:09:22,api.bing.com
2014-03-21 10:09:24,gg.google.com
2014-03-21 10:09:24,www.bing.com
2014-03-21 10:09:25,www.bing.com
2014-03-21 10:09:26,clients6.google.com
2014-03-21 10:09:26,apis.google.com
2014-03-21 10:09:26,accounts.google.com
2014-03-21 10:09:26,www.google.com
2014-03-21 10:09:26,www.bing.com
2014-03-21 10:09:27,www.bing.com
2014-03-21 10:09:28,www.bing.com
2014-03-21 10:09:28,login.live.com
2014-03-21 10:09:29,ssl.bing.com
2014-03-21 10:09:29,annotathon.org
2014-03-21 10:09:30,annotathon.org
2014-03-21 10:09:39,annotathon.org
2014-03-21 10:09:39,0.docs.google.com
2014-03-21 10:09:39,docs.google.com
2014-03-21 10:09:51,annotathon.org
2014-03-21 10:09:54,annotathon.org
2014-03-21 10:09:55,annotathon.org
2014-03-21 10:09:55,annotathon.univ-mrs.fr
2014-03-21 10:10:25,annotathon.org
2014-03-21 10:10:55,annotathon.org
2014-03-21 10:11:25,annotathon.org
2014-03-21 10:11:55,annotathon.org
2014-03-21 10:12:25,annotathon.org
2014-03-21 10:12:49,mail.google.com
2014-03-21 10:12:55,annotathon.org
2014-03-21 10:13:25,annotathon.org
2014-03-21 10:13:26,annotathon.org
2014-03-21 10:14:25,annotathon.org
2014-03-21 10:14:55,annotathon.org
2014-03-21 10:15:25,annotathon.org
2014-03-21 10:15:55,annotathon.org
2014-03-21 10:16:25,annotathon.org
2014-03-21 10:16:55,annotathon.org
2014-03-21 10:17:26,annotathon.org
2014-03-21 10:17:55,annotathon.org
2014-03-21 10:18:25,annotathon.org
2014-03-21 10:18:55,annotathon.org
2014-03-21 10:19:09,annotathon.org
2014-03-21 10:19:10,annotathon.org
2014-03-21 10:19:39,api.bing.com
2014-03-21 10:19:40,api.bing.com
2014-03-21 10:19:40,annotathon.org
2014-03-21 10:19:41,api.bing.com
2014-03-21 10:19:42,api.bing.com
2014-03-21 10:19:49,www.bing.com
2014-03-21 10:19:50,www.bing.com
2014-03-21 10:20:10,annotathon.org
2014-03-21 10:20:40,annotathon.org
2014-03-21 10:21:10,annotathon.org
2014-03-21 10:21:40,annotathon.org
2014-03-21 10:22:10,annotathon.org
2014-03-21 10:22:40,annotathon.org
2014-03-21 10:23:10,annotathon.org
2014-03-21 10:23:40,annotathon.org
2014-03-21 10:24:10,annotathon.org
2014-03-21 10:24:40,annotathon.org
2014-03-21 10:25:11,annotathon.org
2014-03-21 10:25:27,platform.twitter.com
2014-03-21 10:25:41,annotathon.org
2014-03-21 10:26:11,annotathon.org
2014-03-21 10:26:41,annotathon.org
2014-03-21 10:27:11,annotathon.org
2014-03-21 10:27:41,annotathon.org
2014-03-21 10:28:11,annotathon.org
2014-03-21 10:28:41,annotathon.org
2014-03-21 10:29:11,annotathon.org
2014-03-21 10:29:41,annotathon.org
2014-03-21 10:30:11,annotathon.org
2014-03-21 10:30:41,annotathon.org
2014-03-21 10:31:11,annotathon.org
2014-03-21 10:31:41,annotathon.org
2014-03-21 10:32:11,annotathon.org
2014-03-21 10:32:41,annotathon.org
2014-03-21 10:33:11,annotathon.org
2014-03-21 10:33:41,annotathon.org
2014-03-21 10:34:11,annotathon.org
2014-03-21 10:34:41,annotathon.org
2014-03-21 10:35:11,annotathon.org
2014-03-21 10:35:41,annotathon.org
2014-03-21 10:36:11,annotathon.org
2014-03-21 10:36:41,annotathon.org
2014-03-21 10:37:11,annotathon.org
2014-03-21 10:37:41,annotathon.org
2014-03-21 10:38:11,annotathon.org
2014-03-21 10:38:21,annotathon.org
2014-03-21 10:38:51,annotathon.org
2014-03-21 10:39:14,platform.twitter.com
2014-03-21 10:39:19,platform.twitter.com
2014-03-21 10:39:21,annotathon.org
2014-03-21 10:39:51,annotathon.org
2014-03-21 10:40:22,annotathon.org
2014-03-21 10:40:51,annotathon.org
2014-03-21 10:41:21,annotathon.org
2014-03-21 10:41:51,annotathon.org
2014-03-21 10:42:21,annotathon.org
2014-03-21 10:42:51,annotathon.org
2014-03-21 10:43:21,annotathon.org
2014-03-21 10:43:51,annotathon.org
2014-03-21 10:44:14,api.bing.com
2014-03-21 10:44:15,api.bing.com
2014-03-21 10:44:16,www.bing.com
2014-03-21 10:44:17,www.bing.com
2014-03-21 10:44:20,www.bing.com
2014-03-21 10:44:21,annotathon.org
2014-03-21 10:44:21,www.bing.com
2014-03-21 10:44:21,ts3.mm.bing.net
2014-03-21 10:44:21,ts4.mm.bing.net
2014-03-21 10:44:21,ts2.mm.bing.net
2014-03-21 10:44:21,ts1.mm.bing.net
2014-03-21 10:44:21,api.bing.com
2014-03-21 10:44:22,ts4.mm.bing.net
2014-03-21 10:44:22,ts2.mm.bing.net
2014-03-21 10:44:22,ts3.mm.bing.net
2014-03-21 10:44:22,www.bing.com
2014-03-21 10:44:22,ts1.mm.bing.net
2014-03-21 10:44:23,login.live.com
2014-03-21 10:44:23,www.bing.com
2014-03-21 10:44:25,api.bing.com
2014-03-21 10:44:26,api.bing.com
2014-03-21 10:44:27,api.bing.com
2014-03-21 10:44:28,api.bing.com
2014-03-21 10:44:30,api.bing.com
2014-03-21 10:44:31,api.bing.com
2014-03-21 10:44:32,api.bing.com
2014-03-21 10:44:33,api.bing.com
2014-03-21 10:44:34,api.bing.com
2014-03-21 10:44:35,api.bing.com
2014-03-21 10:44:36,api.bing.com
2014-03-21 10:44:37,api.bing.com
2014-03-21 10:44:38,api.bing.com
2014-03-21 10:44:39,ssl.bing.com
2014-03-21 10:44:39,www.bing.com
2014-03-21 10:44:39,ts4.mm.bing.net
2014-03-21 10:44:39,ts1.mm.bing.net
2014-03-21 10:44:39,ts2.mm.bing.net
2014-03-21 10:44:39,ts3.mm.bing.net
2014-03-21 10:44:40,www.bing.com
2014-03-21 10:44:40,ts4.mm.bing.net
2014-03-21 10:44:40,ts1.mm.bing.net
2014-03-21 10:44:40,api.bing.com
2014-03-21 10:44:40,ts3.mm.bing.net
2014-03-21 10:44:40,ts2.mm.bing.net
2014-03-21 10:44:41,ts2.mm.bing.net
2014-03-21 10:44:41,ts4.mm.bing.net
2014-03-21 10:44:41,ts3.mm.bing.net
2014-03-21 10:44:41,ts1.mm.bing.net
2014-03-21 10:44:41,www.bing.com
2014-03-21 10:44:42,www.bing.com
2014-03-21 10:44:42,ts2.mm.bing.net
2014-03-21 10:44:42,ts4.mm.bing.net
2014-03-21 10:44:42,ts1.mm.bing.net
2014-03-21 10:44:42,login.live.com
2014-03-21 10:44:42,ts3.mm.bing.net
2014-03-21 10:44:44,www.bing.com
2014-03-21 10:44:45,ts1.mm.bing.net
2014-03-21 10:44:45,www.bing.com
2014-03-21 10:44:46,ts2.mm.bing.net
2014-03-21 10:44:46,ts4.mm.bing.net
2014-03-21 10:44:46,ssl.bing.com
2014-03-21 10:44:46,www.bing.com
2014-03-21 10:44:46,ts1.mm.bing.net
2014-03-21 10:44:46,ts3.mm.bing.net
2014-03-21 10:44:47,ts3.mm.bing.net
2014-03-21 10:44:47,ts2.mm.bing.net
2014-03-21 10:44:47,ts4.mm.bing.net
2014-03-21 10:44:47,ts1.mm.bing.net
2014-03-21 10:44:50,www.bing.com
2014-03-21 10:44:51,annotathon.org
2014-03-21 10:44:51,www.bing.com
2014-03-21 10:44:52,www.bing.com
2014-03-21 10:44:52,ia.media-imdb.com
2014-03-21 10:44:53,www.amazon.com
2014-03-21 10:44:53,platform.twitter.com
2014-03-21 10:44:53,i.media-imdb.com
2014-03-21 10:44:53,www.facebook.com
2014-03-21 10:44:53,fls-na.amazon.com
2014-03-21 10:44:53,g-ecx.images-amazon.com
2014-03-21 10:44:53,s.media-imdb.com
2014-03-21 10:44:53,i.imdb.com
2014-03-21 10:44:53,z-ecx.images-amazon.com
2014-03-21 10:44:53,ia.media-imdb.com
2014-03-21 10:44:53,www.imdb.com
2014-03-21 10:44:54,fls-na.amazon.com
2014-03-21 10:44:54,s.media-imdb.com
2014-03-21 10:44:54,www.facebook.com
2014-03-21 10:44:54,twitter.com
2014-03-21 10:44:55,ia.media-imdb.com
2014-03-21 10:44:55,fls-na.amazon.com
2014-03-21 10:45:01,ia.media-imdb.com
2014-03-21 10:45:01,www.imdb.com
2014-03-21 10:45:02,fls-na.amazon.com
2014-03-21 10:45:02,www.amazon.com
2014-03-21 10:45:02,www.facebook.com
2014-03-21 10:45:02,twitter.com
2014-03-21 10:45:02,s.media-imdb.com
2014-03-21 10:45:03,fls-na.amazon.com
2014-03-21 10:45:03,s.media-imdb.com
2014-03-21 10:45:05,ia.media-imdb.com
2014-03-21 10:45:06,ia.media-imdb.com
2014-03-21 10:45:10,df9v6ngw2bw7n.cloudfront.net
2014-03-21 10:45:10,platform.twitter.com
2014-03-21 10:45:10,www.amazon.com
2014-03-21 10:45:10,fls-na.amazon.com
2014-03-21 10:45:10,s.media-imdb.com
2014-03-21 10:45:10,www.imdb.com
2014-03-21 10:45:10,ia.media-imdb.com
2014-03-21 10:45:10,www.facebook.com
2014-03-21 10:45:11,www.facebook.com
2014-03-21 10:45:11,s.media-imdb.com
2014-03-21 10:45:11,fls-na.amazon.com
2014-03-21 10:45:21,annotathon.org
2014-03-21 10:45:26,www.imdb.com
2014-03-21 10:45:26,ia.media-imdb.com
2014-03-21 10:45:26,twitter.com
2014-03-21 10:45:27,www.imdb.com
2014-03-21 10:45:27,twitter.com
2014-03-21 10:45:27,www.amazon.com
2014-03-21 10:45:27,www.facebook.com
2014-03-21 10:45:27,fls-na.amazon.com
2014-03-21 10:45:27,ia.media-imdb.com
2014-03-21 10:45:27,s.media-imdb.com
2014-03-21 10:45:27,df9v6ngw2bw7n.cloudfront.net
2014-03-21 10:45:28,fls-na.amazon.com
2014-03-21 10:45:30,s.media-imdb.com
2014-03-21 10:45:51,annotathon.org
2014-03-21 10:45:58,annotathon.org
2014-03-21 10:45:59,annotathon.org
2014-03-21 10:46:29,annotathon.org
2014-03-21 10:46:59,annotathon.org
2014-03-21 10:47:29,annotathon.org
2014-03-21 10:47:58,annotathon.org
2014-03-21 10:48:28,annotathon.org
2014-03-21 10:48:59,annotathon.org
2014-03-21 10:49:28,annotathon.org
2014-03-21 10:49:59,annotathon.org
2014-03-21 10:50:29,annotathon.org
2014-03-21 10:50:58,annotathon.org
2014-03-21 10:51:28,annotathon.org
2014-03-21 10:51:59,annotathon.org
2014-03-21 10:52:28,annotathon.org
2014-03-21 10:52:59,annotathon.org
2014-03-21 10:53:21,platform.twitter.com
2014-03-21 10:53:29,annotathon.org
2014-03-21 10:53:38,platform.twitter.com
2014-03-21 10:53:59,annotathon.org
2014-03-21 10:54:29,annotathon.org
2014-03-21 10:54:59,annotathon.org
2014-03-21 10:55:28,annotathon.org
2014-03-21 10:55:58,annotathon.org
2014-03-21 10:56:03,platform.twitter.com
2014-03-21 10:56:13,platform.twitter.com
2014-03-21 10:56:18,platform.twitter.com
2014-03-21 10:56:25,platform.twitter.com
2014-03-21 10:56:28,annotathon.org
2014-03-21 10:56:37,platform.twitter.com
2014-03-21 10:56:39,platform.twitter.com
2014-03-21 10:56:43,platform.twitter.com
2014-03-21 10:56:58,annotathon.org
2014-03-21 10:57:29,annotathon.org
2014-03-21 10:57:32,annotathon.org
2014-03-21 10:57:35,annotathon.org
2014-03-21 10:58:05,api.bing.com
2014-03-21 10:58:05,annotathon.org
2014-03-21 10:58:06,blast.ncbi.nlm.nih.gov
2014-03-21 10:58:06,api.bing.com
2014-03-21 10:58:07,blast.ncbi.nlm.nih.gov
2014-03-21 10:58:11,www.ncbi.nlm.nih.gov
2014-03-21 10:58:11,blast.ncbi.nlm.nih.gov
2014-03-21 10:58:12,blast.ncbi.nlm.nih.gov
2014-03-21 10:58:12,www.ncbi.nlm.nih.gov
2014-03-21 10:58:15,blast.ncbi.nlm.nih.gov
2014-03-21 10:58:16,blast.ncbi.nlm.nih.gov
2014-03-21 10:58:17,blast.ncbi.nlm.nih.gov
2014-03-21 10:58:21,blast.ncbi.nlm.nih.gov
2014-03-21 10:58:23,blast.ncbi.nlm.nih.gov
2014-03-21 10:58:24,www.ncbi.nlm.nih.gov
2014-03-21 10:58:25,blast.ncbi.nlm.nih.gov
2014-03-21 10:58:27,www.ncbi.nlm.nih.gov
2014-03-21 10:58:28,blast.ncbi.nlm.nih.gov
2014-03-21 10:58:30,www.ncbi.nlm.nih.gov
2014-03-21 10:58:31,blast.ncbi.nlm.nih.gov
2014-03-21 10:58:32,www.ncbi.nlm.nih.gov
2014-03-21 10:58:33,blast.ncbi.nlm.nih.gov
2014-03-21 10:58:33,www.ncbi.nlm.nih.gov
2014-03-21 10:58:34,blast.ncbi.nlm.nih.gov
2014-03-21 10:58:35,blast.ncbi.nlm.nih.gov
2014-03-21 10:58:35,annotathon.org
2014-03-21 10:58:36,blast.ncbi.nlm.nih.gov
2014-03-21 10:58:37,www.ncbi.nlm.nih.gov
2014-03-21 10:58:38,blast.ncbi.nlm.nih.gov
2014-03-21 10:59:05,annotathon.org
2014-03-21 10:59:35,annotathon.org
2014-03-21 11:00:05,annotathon.org
2014-03-21 11:00:35,annotathon.org
2014-03-21 11:01:05,annotathon.org
2014-03-21 11:01:07,blast.ncbi.nlm.nih.gov
2014-03-21 11:01:08,static.pubmed.gov
2014-03-21 11:01:08,www.ncbi.nlm.nih.gov
2014-03-21 11:01:09,www.ncbi.nlm.nih.gov
2014-03-21 11:01:10,static.pubmed.gov
2014-03-21 11:01:35,annotathon.org
2014-03-21 11:02:05,annotathon.org
2014-03-21 11:02:35,annotathon.org
2014-03-21 11:03:05,annotathon.org
2014-03-21 11:03:35,annotathon.org
2014-03-21 11:04:01,blast.ncbi.nlm.nih.gov
2014-03-21 11:04:05,annotathon.org
2014-03-21 11:04:07,blast.ncbi.nlm.nih.gov
2014-03-21 11:04:08,blast.ncbi.nlm.nih.gov
2014-03-21 11:04:09,blast.ncbi.nlm.nih.gov
2014-03-21 11:04:10,blast.ncbi.nlm.nih.gov
2014-03-21 11:04:11,blast.ncbi.nlm.nih.gov
2014-03-21 11:04:12,blast.ncbi.nlm.nih.gov
2014-03-21 11:04:13,blast.ncbi.nlm.nih.gov
2014-03-21 11:04:15,blast.ncbi.nlm.nih.gov
2014-03-21 11:04:16,blast.ncbi.nlm.nih.gov
2014-03-21 11:04:17,blast.ncbi.nlm.nih.gov
2014-03-21 11:04:19,blast.ncbi.nlm.nih.gov
2014-03-21 11:04:20,blast.ncbi.nlm.nih.gov
2014-03-21 11:04:21,blast.ncbi.nlm.nih.gov
2014-03-21 11:04:22,blast.ncbi.nlm.nih.gov
2014-03-21 11:04:24,blast.ncbi.nlm.nih.gov
2014-03-21 11:04:25,blast.ncbi.nlm.nih.gov
2014-03-21 11:04:27,blast.ncbi.nlm.nih.gov
2014-03-21 11:04:28,blast.ncbi.nlm.nih.gov
2014-03-21 11:04:29,blast.ncbi.nlm.nih.gov
2014-03-21 11:04:30,blast.ncbi.nlm.nih.gov
2014-03-21 11:04:31,blast.ncbi.nlm.nih.gov
2014-03-21 11:04:32,blast.ncbi.nlm.nih.gov
2014-03-21 11:04:34,blast.ncbi.nlm.nih.gov
2014-03-21 11:04:35,annotathon.org
2014-03-21 11:04:35,blast.ncbi.nlm.nih.gov
2014-03-21 11:04:36,blast.ncbi.nlm.nih.gov
2014-03-21 11:04:37,blast.ncbi.nlm.nih.gov
2014-03-21 11:04:38,blast.ncbi.nlm.nih.gov
2014-03-21 11:04:39,blast.ncbi.nlm.nih.gov
2014-03-21 11:05:05,annotathon.org
2014-03-21 11:05:33,blast.ncbi.nlm.nih.gov
2014-03-21 11:05:35,annotathon.org
2014-03-21 11:05:40,blast.ncbi.nlm.nih.gov
2014-03-21 11:05:55,www.ncbi.nlm.nih.gov
2014-03-21 11:06:05,annotathon.org
2014-03-21 11:06:35,annotathon.org
2014-03-21 11:07:05,annotathon.org
2014-03-21 11:07:35,annotathon.org
2014-03-21 11:08:05,annotathon.org
2014-03-21 11:08:35,annotathon.org
2014-03-21 11:09:05,annotathon.org
2014-03-21 11:09:35,annotathon.org
2014-03-21 11:09:50,annotathon.org
2014-03-21 11:09:51,annotathon.org
2014-03-21 11:10:04,annotathon.org
2014-03-21 11:10:34,annotathon.org
2014-03-21 11:11:04,annotathon.org
2014-03-21 11:11:34,annotathon.org
2014-03-21 11:12:04,annotathon.org
2014-03-21 11:12:34,blast.ncbi.nlm.nih.gov
2014-03-21 11:12:34,www.ncbi.nlm.nih.gov
2014-03-21 11:12:34,annotathon.org
2014-03-21 11:12:35,static.pubmed.gov
2014-03-21 11:12:35,www.ncbi.nlm.nih.gov
2014-03-21 11:13:04,annotathon.org
2014-03-21 11:13:28,www.ncbi.nlm.nih.gov
2014-03-21 11:13:28,static.pubmed.gov
2014-03-21 11:13:29,www.ncbi.nlm.nih.gov
2014-03-21 11:13:34,annotathon.org
2014-03-21 11:13:59,annotathon.org
2014-03-21 11:14:00,annotathon.org
2014-03-21 11:14:30,annotathon.org
2014-03-21 11:14:40,office14client.microsoft.com
2014-03-21 11:14:41,office.microsoft.com
2014-03-21 11:15:00,annotathon.org
2014-03-21 11:15:30,annotathon.org
2014-03-21 11:16:00,annotathon.org
2014-03-21 11:16:30,annotathon.org
2014-03-21 11:17:00,annotathon.org
2014-03-21 11:17:30,annotathon.org
2014-03-21 11:18:00,annotathon.org
2014-03-21 11:18:30,annotathon.org
2014-03-21 11:19:00,annotathon.org
2014-03-21 11:19:30,annotathon.org
2014-03-21 11:20:30,annotathon.org
2014-03-21 11:21:00,annotathon.org
2014-03-21 11:21:30,annotathon.org
2014-03-21 11:22:00,annotathon.org
2014-03-21 11:22:30,annotathon.org
2014-03-21 11:23:00,annotathon.org
2014-03-21 11:23:30,annotathon.org
2014-03-21 11:24:00,annotathon.org
2014-03-21 11:24:30,annotathon.org
2014-03-21 11:25:00,annotathon.org
2014-03-21 11:25:30,annotathon.org
2014-03-21 11:25:57,annotathon.org
2014-03-21 11:26:27,annotathon.org
2014-03-21 11:26:57,annotathon.org
2014-03-21 11:27:27,annotathon.org
2014-03-21 11:27:57,annotathon.org
2014-03-21 11:28:27,annotathon.org
2014-03-21 11:28:57,annotathon.org
2014-03-21 11:29:57,annotathon.org
2014-03-21 11:30:28,annotathon.org
2014-03-21 11:30:57,annotathon.org
2014-03-21 11:31:13,annotathon.org
2014-03-21 11:31:14,annotathon.org
2014-03-21 11:31:44,annotathon.org
2014-03-21 11:32:14,annotathon.org
2014-03-21 11:32:44,annotathon.org
2014-03-21 11:33:14,annotathon.org
2014-03-21 11:33:44,annotathon.org
2014-03-21 11:34:14,annotathon.org
2014-03-21 11:34:44,annotathon.org
2014-03-21 11:35:14,annotathon.org
2014-03-21 11:35:44,annotathon.org
2014-03-21 11:36:14,annotathon.org
2014-03-21 11:36:44,annotathon.org
2014-03-21 11:37:14,annotathon.org
2014-03-21 11:37:44,annotathon.org
2014-03-21 11:38:14,annotathon.org
2014-03-21 11:38:44,annotathon.org
2014-03-21 11:39:14,annotathon.org
2014-03-21 11:39:44,annotathon.org
2014-03-21 11:40:14,annotathon.org
2014-03-21 11:40:44,annotathon.org
2014-03-21 11:41:14,annotathon.org
2014-03-21 11:41:44,annotathon.org
2014-03-21 11:42:14,annotathon.org
2014-03-21 11:42:44,annotathon.org
2014-03-21 11:43:14,annotathon.org
2014-03-21 11:43:44,annotathon.org
2014-03-21 11:43:47,annotathon.org
2014-03-21 11:43:48,annotathon.org
2014-03-21 11:43:50,annotathon.org
2014-03-21 11:43:51,annotathon.org
2014-03-21 11:44:21,annotathon.org
2014-03-21 11:44:51,annotathon.org
2014-03-21 11:45:21,annotathon.org
2014-03-21 11:45:51,annotathon.org
2014-03-21 11:46:21,annotathon.org
2014-03-21 11:46:51,annotathon.org
2014-03-21 11:47:21,annotathon.org
2014-03-21 11:47:51,annotathon.org
2014-03-21 11:48:21,annotathon.org
2014-03-21 11:48:51,annotathon.org
2014-03-21 11:49:21,annotathon.org
2014-03-21 11:49:51,annotathon.org
2014-03-21 11:50:21,annotathon.org
2014-03-21 11:50:51,annotathon.org
2014-03-21 11:51:21,annotathon.org
2014-03-21 11:51:51,annotathon.org
2014-03-21 11:52:21,annotathon.org
2014-03-21 11:52:51,annotathon.org
2014-03-21 11:52:55,annotathon.org
2014-03-21 11:52:56,annotathon.org
2014-03-21 11:53:25,annotathon.org
2014-03-21 11:53:30,annotathon.org
2014-03-21 11:53:36,www.ncbi.nlm.nih.gov
2014-03-21 11:53:36,blast.ncbi.nlm.nih.gov
2014-03-28 10:08:29,api.bing.com
2014-03-28 10:08:30,api.bing.com
2014-03-28 10:08:31,www.bing.com
2014-03-28 10:08:32,cms.abmr.net
2014-03-28 10:08:32,www.bing.com
2014-03-28 10:08:33,www.bing.com
2014-03-28 10:10:04,api.bing.com
2014-03-28 10:10:05,api.bing.com
2014-03-28 10:10:06,api.bing.com
2014-03-28 10:10:07,api.bing.com
2014-03-28 10:10:12,annotathon.org
2014-03-28 10:10:23,annotathon.org
2014-03-28 10:10:28,annotathon.org
2014-03-28 10:10:33,annotathon.org
2014-03-28 10:10:35,annotathon.org
2014-03-28 10:10:36,annotathon.org
2014-03-28 10:10:37,annotathon.org
2014-03-28 10:11:07,annotathon.org
2014-03-28 10:11:19,ieonline.microsoft.com
2014-03-28 10:11:37,annotathon.org
2014-03-28 10:12:07,annotathon.org
2014-03-28 10:12:37,annotathon.org
2014-03-28 10:13:07,annotathon.org
2014-03-28 10:13:37,annotathon.org
2014-03-28 10:14:07,annotathon.org
2014-03-28 10:14:37,annotathon.org
2014-03-28 10:15:07,annotathon.org
2014-03-28 10:15:37,annotathon.org
2014-03-28 10:16:07,annotathon.org
2014-03-28 10:16:37,annotathon.org
2014-03-28 10:17:07,annotathon.org
2014-03-28 10:17:37,annotathon.org
2014-03-28 10:18:07,annotathon.org
2014-03-28 10:18:37,annotathon.org
2014-03-28 10:19:07,annotathon.org
2014-03-28 10:19:37,annotathon.org
2014-03-28 10:20:07,annotathon.org
2014-03-28 10:20:37,annotathon.org
2014-03-28 10:21:37,annotathon.org
2014-03-28 10:22:07,annotathon.org
2014-03-28 10:22:37,annotathon.org
2014-03-28 10:23:07,annotathon.org
2014-03-28 10:23:37,annotathon.org
2014-03-28 10:24:07,annotathon.org
2014-03-28 10:24:37,annotathon.org
2014-03-28 10:25:07,annotathon.org
2014-03-28 10:25:37,annotathon.org
2014-03-28 10:26:06,annotathon.org
2014-03-28 10:26:36,annotathon.org
2014-03-28 10:27:07,annotathon.org
2014-03-28 10:27:13,api.bing.com
2014-03-28 10:27:14,www.ncbi.nlm.nih.gov
2014-03-28 10:27:14,blast.ncbi.nlm.nih.gov
2014-03-28 10:27:15,blast.ncbi.nlm.nih.gov
2014-03-28 10:27:17,blast.ncbi.nlm.nih.gov
2014-03-28 10:27:17,www.ncbi.nlm.nih.gov
2014-03-28 10:27:18,blast.ncbi.nlm.nih.gov
2014-03-28 10:27:18,www.ncbi.nlm.nih.gov
2014-03-28 10:27:31,blast.ncbi.nlm.nih.gov
2014-03-28 10:27:36,annotathon.org
2014-03-28 10:27:38,blast.ncbi.nlm.nih.gov
2014-03-28 10:27:42,blast.ncbi.nlm.nih.gov
2014-03-28 10:27:44,blast.ncbi.nlm.nih.gov
2014-03-28 10:27:44,www.ncbi.nlm.nih.gov
2014-03-28 10:27:45,blast.ncbi.nlm.nih.gov
2014-03-28 10:27:46,blast.ncbi.nlm.nih.gov
2014-03-28 10:27:46,www.ncbi.nlm.nih.gov
2014-03-28 10:27:47,blast.ncbi.nlm.nih.gov
2014-03-28 10:28:06,annotathon.org
2014-03-28 10:28:08,blast.ncbi.nlm.nih.gov
2014-03-28 10:28:13,blast.ncbi.nlm.nih.gov
2014-03-28 10:28:14,static.pubmed.gov
2014-03-28 10:28:14,www.ncbi.nlm.nih.gov
2014-03-28 10:28:15,static.pubmed.gov
2014-03-28 10:28:15,www.ncbi.nlm.nih.gov
2014-03-28 10:28:36,annotathon.org
2014-03-28 10:29:06,annotathon.org
2014-03-28 10:29:31,blast.ncbi.nlm.nih.gov
2014-03-28 10:29:36,annotathon.org
2014-03-28 10:30:06,annotathon.org
2014-03-28 10:30:36,annotathon.org
2014-03-28 10:31:06,annotathon.org
2014-03-28 10:31:30,www.ncbi.nlm.nih.gov
2014-03-28 10:31:30,blast.ncbi.nlm.nih.gov
2014-03-28 10:31:33,static.pubmed.gov
2014-03-28 10:31:33,www.ncbi.nlm.nih.gov
2014-03-28 10:31:36,annotathon.org
2014-03-28 10:32:06,annotathon.org
2014-03-28 10:32:36,annotathon.org
2014-03-28 10:33:06,annotathon.org
2014-03-28 10:33:36,annotathon.org
2014-03-28 10:34:06,annotathon.org
2014-03-28 10:34:36,annotathon.org
2014-03-28 10:35:06,annotathon.org
2014-03-28 10:35:36,annotathon.org
2014-03-28 10:36:06,annotathon.org
2014-03-28 10:36:36,annotathon.org
2014-03-28 10:37:06,annotathon.org
2014-03-28 10:37:36,annotathon.org
2014-03-28 10:38:06,annotathon.org
2014-03-28 10:38:36,annotathon.org
2014-03-28 10:39:06,annotathon.org
2014-03-28 10:39:36,annotathon.org
2014-03-28 10:40:06,annotathon.org
2014-03-28 10:40:36,annotathon.org
2014-03-28 10:41:06,annotathon.org
2014-03-28 10:41:36,annotathon.org
2014-03-28 10:42:06,annotathon.org
2014-03-28 10:42:36,annotathon.org
2014-03-28 10:43:06,annotathon.org
2014-03-28 10:44:06,annotathon.org
2014-03-28 10:44:36,annotathon.org
2014-03-28 10:45:06,annotathon.org
2014-03-28 10:45:36,annotathon.org
2014-03-28 10:46:06,annotathon.org
2014-03-28 10:46:36,annotathon.org
2014-03-28 10:47:06,annotathon.org
2014-03-28 10:47:36,annotathon.org
2014-03-28 10:48:06,annotathon.org
2014-03-28 10:48:36,annotathon.org
2014-03-28 10:49:06,annotathon.org
2014-03-28 10:49:36,annotathon.org
2014-03-28 10:50:06,annotathon.org
2014-03-28 10:50:36,annotathon.org
2014-03-28 10:51:06,annotathon.org
2014-03-28 10:51:08,annotathon.org
2014-03-28 10:51:09,annotathon.org
2014-03-28 10:51:38,annotathon.org
2014-03-28 10:52:08,annotathon.org
2014-03-28 10:52:38,annotathon.org
2014-03-28 10:53:08,annotathon.org
2014-03-28 10:53:38,annotathon.org
2014-03-28 10:54:08,annotathon.org
2014-03-28 10:54:38,annotathon.org
2014-03-28 10:55:08,annotathon.org
2014-03-28 10:55:38,annotathon.org
2014-03-28 10:56:08,annotathon.org
2014-03-28 10:56:38,annotathon.org
2014-03-28 10:57:08,annotathon.org
2014-03-28 10:57:38,annotathon.org
2014-03-28 10:58:08,annotathon.org
2014-03-28 10:58:38,annotathon.org
2014-03-28 10:59:08,annotathon.org
2014-03-28 10:59:35,api.bing.com
2014-03-28 10:59:36,www.google.fr
2014-03-28 10:59:36,api.bing.com
2014-03-28 10:59:37,www.google.com
2014-03-28 10:59:37,apis.google.com
2014-03-28 10:59:38,annotathon.org
2014-03-28 11:00:08,annotathon.org
2014-03-28 11:00:38,annotathon.org
2014-03-28 11:00:42,www.google.fr
2014-03-28 11:00:42,annotathon.org
2014-03-28 11:00:42,apis.google.com
2014-03-28 11:00:42,www.google.com
2014-03-28 11:00:43,annotathon.org
2014-03-28 11:00:43,annotathon.univ-mrs.fr
2014-03-28 11:00:44,annotathon.org
2014-03-28 11:01:08,annotathon.org
2014-03-28 11:01:38,annotathon.org
2014-03-28 11:02:08,annotathon.org
2014-03-28 11:02:38,annotathon.org
2014-03-28 11:03:08,annotathon.org
2014-03-28 11:03:26,www.google.fr
2014-03-28 11:03:38,annotathon.org
2014-03-28 11:04:08,annotathon.org
2014-03-28 11:04:38,annotathon.org
2014-03-28 11:05:08,annotathon.org
2014-03-28 11:05:39,annotathon.org
2014-03-28 11:06:08,annotathon.org
2014-03-28 11:06:38,annotathon.org
2014-03-28 11:07:08,annotathon.org
2014-03-28 11:07:25,annotathon.org
2014-03-28 11:13:10,annotathon.org
2014-03-28 11:13:13,annotathon.org
2014-03-28 11:13:15,annotathon.org
2014-03-28 11:13:16,annotathon.org
2014-03-28 11:13:23,annotathon.org
2014-03-28 11:13:24,annotathon.org
2014-03-28 11:13:53,annotathon.org
2014-03-28 11:14:05,annotathon.org
2014-03-28 11:14:35,annotathon.org
2014-03-28 11:15:05,annotathon.org
2014-03-28 11:15:35,annotathon.org
2014-03-28 11:16:05,annotathon.org
2014-03-28 11:16:35,annotathon.org
2014-03-28 11:17:05,annotathon.org
2014-03-28 11:17:35,annotathon.org
2014-03-28 11:18:05,annotathon.org
2014-03-28 11:18:35,annotathon.org
2014-03-28 11:19:05,annotathon.org
2014-03-28 11:19:35,annotathon.org
2014-03-28 11:20:05,annotathon.org
2014-03-28 11:20:35,annotathon.org
2014-03-28 11:21:05,annotathon.org
2014-03-28 11:21:35,annotathon.org
2014-03-28 11:22:05,annotathon.org
2014-03-28 11:22:35,annotathon.org
2014-03-28 11:23:05,annotathon.org
2014-03-28 11:23:35,annotathon.org
2014-03-28 11:24:05,annotathon.org
2014-03-28 11:24:35,annotathon.org
2014-03-28 11:25:05,annotathon.org
2014-03-28 11:25:35,annotathon.org
2014-03-28 11:26:05,annotathon.org
2014-03-28 11:26:35,annotathon.org
2014-03-28 11:26:58,annotathon.org
2014-03-28 11:27:28,annotathon.org
2014-03-28 11:27:58,annotathon.org
2014-03-28 11:28:28,annotathon.org
2014-03-28 11:28:58,annotathon.org
2014-03-28 11:29:28,annotathon.org
2014-03-28 11:29:58,annotathon.org
2014-03-28 11:30:28,annotathon.org
2014-03-28 11:30:58,annotathon.org
2014-03-28 11:31:28,annotathon.org
2014-03-28 11:31:58,annotathon.org
2014-03-28 11:32:28,annotathon.org
2014-03-28 11:32:58,annotathon.org
2014-03-28 11:33:28,annotathon.org
2014-03-28 11:33:58,annotathon.org
2014-03-28 11:34:08,annotathon.org
2014-03-28 11:34:35,annotathon.org
2014-03-28 11:35:13,annotathon.org
2014-03-28 11:35:14,annotathon.org
2014-03-28 11:35:25,annotathon.org
2014-03-28 11:35:35,annotathon.org
2014-03-28 11:35:55,annotathon.org
2014-03-28 11:36:05,annotathon.org
2014-03-28 11:36:35,annotathon.org
2014-03-28 11:36:38,blast.ncbi.nlm.nih.gov
2014-03-28 11:36:38,www.ncbi.nlm.nih.gov
2014-03-28 11:36:39,blast.ncbi.nlm.nih.gov
2014-03-28 11:36:49,blast.ncbi.nlm.nih.gov
2014-03-28 11:36:52,blast.ncbi.nlm.nih.gov
2014-03-28 11:36:54,blast.ncbi.nlm.nih.gov
2014-03-28 11:36:55,blast.ncbi.nlm.nih.gov
2014-03-28 11:37:05,annotathon.org
2014-03-28 11:37:29,api.bing.com
2014-03-28 11:37:30,blast.ncbi.nlm.nih.gov
2014-03-28 11:37:31,blast.ncbi.nlm.nih.gov
2014-03-28 11:37:33,blast.ncbi.nlm.nih.gov
2014-03-28 11:37:34,blast.ncbi.nlm.nih.gov
2014-03-28 11:37:35,annotathon.org
2014-03-28 11:37:59,blast.ncbi.nlm.nih.gov
2014-03-28 11:38:05,blast.ncbi.nlm.nih.gov
2014-03-28 11:38:05,annotathon.org
2014-03-28 11:38:06,blast.ncbi.nlm.nih.gov
2014-03-28 11:38:08,www.ncbi.nlm.nih.gov
2014-03-28 11:38:09,blast.ncbi.nlm.nih.gov
2014-03-28 11:38:11,www.ncbi.nlm.nih.gov
2014-03-28 11:38:12,blast.ncbi.nlm.nih.gov
2014-03-28 11:38:13,www.ncbi.nlm.nih.gov
2014-03-28 11:38:14,blast.ncbi.nlm.nih.gov
2014-03-28 11:38:16,www.ncbi.nlm.nih.gov
2014-03-28 11:38:17,blast.ncbi.nlm.nih.gov
2014-03-28 11:38:19,www.ncbi.nlm.nih.gov
2014-03-28 11:38:20,blast.ncbi.nlm.nih.gov
2014-03-28 11:38:22,blast.ncbi.nlm.nih.gov
2014-03-28 11:38:23,blast.ncbi.nlm.nih.gov
2014-03-28 11:38:23,www.ncbi.nlm.nih.gov
2014-03-28 11:38:24,blast.ncbi.nlm.nih.gov
2014-03-28 11:38:26,blast.ncbi.nlm.nih.gov
2014-03-28 11:38:27,blast.ncbi.nlm.nih.gov
2014-03-28 11:38:35,annotathon.org
2014-03-28 11:39:05,annotathon.org
2014-03-28 11:39:35,annotathon.org
2014-03-28 11:40:05,annotathon.org
2014-03-28 11:40:35,annotathon.org
2014-03-28 11:41:05,annotathon.org
2014-03-28 11:41:35,annotathon.org
2014-03-28 11:42:05,annotathon.org
2014-03-28 11:42:35,annotathon.org
2014-03-28 11:43:05,annotathon.org
2014-03-28 11:43:35,annotathon.org
2014-03-28 11:44:05,annotathon.org
2014-03-28 11:44:35,annotathon.org
2014-03-28 11:45:01,annotathon.org
2014-03-28 11:45:31,annotathon.org
2014-03-28 11:45:36,annotathon.org
2014-04-04 10:06:48,www.google.fr
2014-04-04 10:06:50,www.google.fr
2014-04-04 10:06:51,apis.google.com
2014-04-04 10:06:51,www.google.com
2014-04-04 10:07:00,www.google.com
2014-04-04 10:07:00,www.google.fr
2014-04-04 10:07:00,entauvergne.fr
2014-04-04 10:07:01,www.google.fr
2014-04-04 10:07:01,entauvergne.fr
2014-04-04 10:07:01,apis.google.com
2014-04-04 10:07:01,code.jquery.com
2014-04-04 10:07:18,statics.itslearning.com
2014-04-04 10:07:18,www.google.fr
2014-04-04 10:08:09,api.bing.com
2014-04-04 10:08:10,api.bing.com
2014-04-04 10:08:11,api.bing.com
2014-04-04 10:08:12,api.bing.com
2014-04-04 10:08:18,annotathon.org
2014-04-04 10:08:19,annotathon.org
2014-04-04 10:08:26,annotathon.org
2014-04-04 10:08:33,annotathon.org
2014-04-04 10:08:41,annotathon.org
2014-04-04 10:08:43,annotathon.org
2014-04-04 10:08:45,annotathon.org
2014-04-04 10:09:15,annotathon.org
2014-04-04 10:09:31,blast.ncbi.nlm.nih.gov
2014-04-04 10:09:32,blast.ncbi.nlm.nih.gov
2014-04-04 10:09:37,www.ncbi.nlm.nih.gov
2014-04-04 10:09:37,blast.ncbi.nlm.nih.gov
2014-04-04 10:09:38,blast.ncbi.nlm.nih.gov
2014-04-04 10:09:38,www.ncbi.nlm.nih.gov
2014-04-04 10:09:45,annotathon.org
2014-04-04 10:10:15,annotathon.org
2014-04-04 10:10:18,blast.ncbi.nlm.nih.gov
2014-04-04 10:10:19,blast.ncbi.nlm.nih.gov
2014-04-04 10:10:22,blast.ncbi.nlm.nih.gov
2014-04-04 10:10:23,blast.ncbi.nlm.nih.gov
2014-04-04 10:10:24,www.ncbi.nlm.nih.gov
2014-04-04 10:10:26,blast.ncbi.nlm.nih.gov
2014-04-04 10:10:27,www.ncbi.nlm.nih.gov
2014-04-04 10:10:28,blast.ncbi.nlm.nih.gov
2014-04-04 10:10:29,www.ncbi.nlm.nih.gov
2014-04-04 10:10:31,blast.ncbi.nlm.nih.gov
2014-04-04 10:10:32,www.ncbi.nlm.nih.gov
2014-04-04 10:10:33,blast.ncbi.nlm.nih.gov
2014-04-04 10:10:34,www.ncbi.nlm.nih.gov
2014-04-04 10:10:41,blast.ncbi.nlm.nih.gov
2014-04-04 10:10:42,www.ncbi.nlm.nih.gov
2014-04-04 10:10:45,annotathon.org
2014-04-04 10:10:54,blast.ncbi.nlm.nih.gov
2014-04-04 10:10:57,blast.ncbi.nlm.nih.gov
2014-04-04 10:10:58,blast.ncbi.nlm.nih.gov
2014-04-04 10:10:58,www.ncbi.nlm.nih.gov
2014-04-04 10:11:12,blast.ncbi.nlm.nih.gov
2014-04-04 10:11:13,blast.ncbi.nlm.nih.gov
2014-04-04 10:11:15,annotathon.org
2014-04-04 10:11:15,blast.ncbi.nlm.nih.gov
2014-04-04 10:11:16,blast.ncbi.nlm.nih.gov
2014-04-04 10:11:45,annotathon.org
2014-04-04 10:12:15,annotathon.org
2014-04-04 10:12:45,annotathon.org
2014-04-04 10:13:15,annotathon.org
2014-04-04 10:13:45,annotathon.org
2014-04-04 10:14:15,annotathon.org
2014-04-04 10:14:45,annotathon.org
2014-04-04 10:15:15,annotathon.org
2014-04-04 10:15:45,annotathon.org
2014-04-04 10:16:15,annotathon.org
2014-04-04 10:16:45,annotathon.org
2014-04-04 10:17:15,annotathon.org
2014-04-04 10:17:45,annotathon.org
2014-04-04 10:18:15,annotathon.org
2014-04-04 10:18:24,blast.ncbi.nlm.nih.gov
2014-04-04 10:18:27,blast.ncbi.nlm.nih.gov
2014-04-04 10:18:28,www.ncbi.nlm.nih.gov
2014-04-04 10:18:28,blast.ncbi.nlm.nih.gov
2014-04-04 10:18:29,www.ncbi.nlm.nih.gov
2014-04-04 10:18:31,static.pubmed.gov
2014-04-04 10:18:31,www.ncbi.nlm.nih.gov
2014-04-04 10:18:32,static.pubmed.gov
2014-04-04 10:18:32,www.ncbi.nlm.nih.gov
2014-04-04 10:18:38,static.pubmed.gov
2014-04-04 10:18:38,www.ncbi.nlm.nih.gov
2014-04-04 10:18:45,annotathon.org
2014-04-04 10:19:15,annotathon.org
2014-04-04 10:19:20,static.pubmed.gov
2014-04-04 10:19:21,www.ncbi.nlm.nih.gov
2014-04-04 10:19:24,www.ncbi.nlm.nih.gov
2014-04-04 10:19:25,www.ncbi.nlm.nih.gov
2014-04-04 10:19:26,www.ncbi.nlm.nih.gov
2014-04-04 10:19:27,static.pubmed.gov
2014-04-04 10:19:28,static.pubmed.gov
2014-04-04 10:19:28,www.ncbi.nlm.nih.gov
2014-04-04 10:19:35,www.ncbi.nlm.nih.gov
2014-04-04 10:19:42,www.ncbi.nlm.nih.gov
2014-04-04 10:19:44,www.ncbi.nlm.nih.gov
2014-04-04 10:19:45,annotathon.org
2014-04-04 10:20:15,annotathon.org
2014-04-04 10:20:35,www.ncbi.nlm.nih.gov
2014-04-04 10:20:38,www.ncbi.nlm.nih.gov
2014-04-04 10:20:43,www.ncbi.nlm.nih.gov
2014-04-04 10:20:44,www.ncbi.nlm.nih.gov
2014-04-04 10:20:46,annotathon.org
2014-04-04 10:20:47,www.ncbi.nlm.nih.gov
2014-04-04 10:20:47,static.pubmed.gov
2014-04-04 10:20:48,www.ncbi.nlm.nih.gov
2014-04-04 10:20:52,www.ncbi.nlm.nih.gov
2014-04-04 10:20:59,www.ncbi.nlm.nih.gov
2014-04-04 10:21:15,annotathon.org
2014-04-04 10:21:45,annotathon.org
2014-04-04 10:22:15,annotathon.org
2014-04-04 10:22:45,annotathon.org
2014-04-04 10:23:15,annotathon.org
2014-04-04 10:23:45,annotathon.org
2014-04-04 10:24:15,annotathon.org
2014-04-04 10:24:45,annotathon.org
2014-04-04 10:25:02,www.ncbi.nlm.nih.gov
2014-04-04 10:25:15,annotathon.org
2014-04-04 10:25:45,annotathon.org
2014-04-04 10:26:04,www.ncbi.nlm.nih.gov
2014-04-04 10:26:15,annotathon.org
2014-04-04 10:26:45,annotathon.org
2014-04-04 10:27:15,annotathon.org
2014-04-04 10:27:45,annotathon.org
2014-04-04 10:27:52,annotathon.org
2014-04-04 10:27:55,annotathon.org
2014-04-04 10:28:25,annotathon.org
2014-04-04 10:28:55,annotathon.org
2014-04-04 10:29:25,annotathon.org
2014-04-04 10:29:55,annotathon.org
2014-04-04 10:30:25,annotathon.org
2014-04-04 10:30:55,annotathon.org
2014-04-04 10:31:25,annotathon.org
2014-04-04 10:31:40,api.bing.com
2014-04-04 10:31:41,api.bing.com
2014-04-04 10:31:42,api.bing.com
2014-04-04 10:31:44,www.bing.com
2014-04-04 10:31:45,www.bing.com
2014-04-04 10:31:46,www.phylogeny.fr
2014-04-04 10:31:46,cms.abmr.net
2014-04-04 10:31:46,www.bing.com
2014-04-04 10:31:55,annotathon.org
2014-04-04 10:32:25,annotathon.org
2014-04-04 10:32:53,www.ncbi.nlm.nih.gov
2014-04-04 10:32:55,annotathon.org
2014-04-04 10:32:57,www.ncbi.nlm.nih.gov
2014-04-04 10:32:59,www.ncbi.nlm.nih.gov
2014-04-04 10:33:00,www.ncbi.nlm.nih.gov
2014-04-04 10:33:10,www.ncbi.nlm.nih.gov
2014-04-04 10:33:25,annotathon.org
2014-04-04 10:33:37,www.ncbi.nlm.nih.gov
2014-04-04 10:33:39,www.ncbi.nlm.nih.gov
2014-04-04 10:33:40,www.ncbi.nlm.nih.gov
2014-04-04 10:33:41,www.ncbi.nlm.nih.gov
2014-04-04 10:33:42,www.ncbi.nlm.nih.gov
2014-04-04 10:33:44,www.ncbi.nlm.nih.gov
2014-04-04 10:33:45,www.ncbi.nlm.nih.gov
2014-04-04 10:33:55,annotathon.org
2014-04-04 10:34:25,annotathon.org
2014-04-04 10:34:55,annotathon.org
2014-04-04 10:35:25,annotathon.org
2014-04-04 10:35:46,www.phylogeny.fr
2014-04-04 10:35:53,www.phylogeny.fr
2014-04-04 10:35:55,annotathon.org
2014-04-04 10:35:58,www.phylogeny.fr
2014-04-04 10:36:01,www.phylogeny.fr
2014-04-04 10:36:02,www.phylogeny.fr
2014-04-04 10:36:25,annotathon.org
2014-04-04 10:36:55,annotathon.org
2014-04-04 10:37:11,www.phylogeny.fr
2014-04-04 10:37:13,www.phylogeny.fr
2014-04-04 10:37:25,annotathon.org
2014-04-04 10:37:41,www.phylogeny.fr
2014-04-04 10:37:45,www.phylogeny.fr
2014-04-04 10:37:55,annotathon.org
2014-04-04 10:38:25,annotathon.org
2014-04-04 10:38:55,annotathon.org
2014-04-04 10:39:25,annotathon.org
2014-04-04 10:39:55,annotathon.org
2014-04-04 10:40:25,annotathon.org
2014-04-04 10:40:55,annotathon.org
2014-04-04 10:41:20,www.phylogeny.fr
2014-04-04 10:41:25,www.phylogeny.fr
2014-04-04 10:41:25,annotathon.org
2014-04-04 10:41:55,annotathon.org
2014-04-04 10:42:13,www.phylogeny.fr
2014-04-04 10:42:25,www.phylogeny.fr
2014-04-04 10:42:25,annotathon.org
2014-04-04 10:42:55,annotathon.org
2014-04-04 10:43:25,annotathon.org
2014-04-04 10:43:44,javadl-esd-secure.oracle.com
2014-04-04 10:43:55,annotathon.org
2014-04-04 10:44:25,annotathon.org
2014-04-04 10:44:55,annotathon.org
2014-04-04 10:45:25,annotathon.org
2014-04-04 10:45:55,annotathon.org
2014-04-04 10:46:25,annotathon.org
2014-04-04 10:46:55,annotathon.org
2014-04-04 10:47:20,www.phylogeny.fr
2014-04-04 10:47:25,annotathon.org
2014-04-04 10:47:55,annotathon.org
2014-04-04 10:48:07,www.phylogeny.fr
2014-04-04 10:48:18,www.phylogeny.fr
2014-04-04 10:48:23,www.phylogeny.fr
2014-04-04 10:48:24,www.phylogeny.fr
2014-04-04 10:48:25,annotathon.org
2014-04-04 10:48:55,annotathon.org
2014-04-04 10:49:06,www.phylogeny.fr
2014-04-04 10:49:25,annotathon.org
2014-04-04 10:49:42,annotathon.org
2014-04-04 10:50:12,annotathon.org
2014-04-04 10:50:42,annotathon.org
2014-04-04 10:51:12,annotathon.org
2014-04-04 10:51:42,annotathon.org
2014-04-04 10:52:12,annotathon.org
2014-04-04 10:52:42,annotathon.org
2014-04-04 10:53:12,annotathon.org
2014-04-04 10:53:42,annotathon.org
2014-04-04 10:54:12,annotathon.org
2014-04-04 10:54:42,annotathon.org
2014-04-04 10:55:12,annotathon.org
2014-04-04 10:55:43,annotathon.org
2014-04-04 10:56:12,annotathon.org
2014-04-04 10:56:42,annotathon.org
2014-04-04 10:57:12,annotathon.org
2014-04-04 10:57:42,annotathon.org
2014-04-04 10:58:12,annotathon.org
2014-04-04 10:58:42,annotathon.org
2014-04-04 10:59:12,annotathon.org
2014-04-04 10:59:42,annotathon.org
2014-04-04 11:00:12,annotathon.org
2014-04-04 11:00:42,annotathon.org
2014-04-04 11:01:06,annotathon.org
2014-04-04 11:01:36,annotathon.org
2014-04-04 11:01:45,www.phylogeny.fr
2014-04-04 11:02:06,annotathon.org
2014-04-04 11:02:16,www.phylogeny.fr
2014-04-04 11:02:21,www.phylogeny.fr
2014-04-04 11:02:22,www.phylogeny.fr
2014-04-04 11:02:24,www.phylogeny.fr
2014-04-04 11:02:27,www.phylogeny.fr
2014-04-04 11:02:29,www.phylogeny.fr
2014-04-04 11:02:32,www.phylogeny.fr
2014-04-04 11:02:35,www.phylogeny.fr
2014-04-04 11:02:36,annotathon.org
2014-04-04 11:02:37,www.phylogeny.fr
2014-04-04 11:02:40,www.phylogeny.fr
2014-04-04 11:02:42,www.phylogeny.fr
2014-04-04 11:02:45,www.phylogeny.fr
2014-04-04 11:02:47,www.phylogeny.fr
2014-04-04 11:02:50,www.phylogeny.fr
2014-04-04 11:02:52,www.phylogeny.fr
2014-04-04 11:02:55,www.phylogeny.fr
2014-04-04 11:02:57,www.phylogeny.fr
2014-04-04 11:03:00,www.phylogeny.fr
2014-04-04 11:03:02,www.phylogeny.fr
2014-04-04 11:03:06,annotathon.org
2014-04-04 11:03:08,www.phylogeny.fr
2014-04-04 11:03:09,www.phylogeny.fr
2014-04-04 11:03:36,annotathon.org
2014-04-04 11:04:06,annotathon.org
2014-04-04 11:04:36,annotathon.org
2014-04-04 11:05:06,annotathon.org
2014-04-04 11:05:36,annotathon.org
2014-04-04 11:06:06,annotathon.org
2014-04-04 11:06:36,annotathon.org
2014-04-04 11:07:06,annotathon.org
2014-04-04 11:07:36,annotathon.org
2014-04-04 11:08:06,annotathon.org
2014-04-04 11:08:36,annotathon.org
2014-04-04 11:09:06,annotathon.org
2014-04-04 11:09:36,annotathon.org
2014-04-04 11:10:06,annotathon.org
2014-04-04 11:10:10,www.phylogeny.fr
2014-04-04 11:10:21,www.phylogeny.fr
2014-04-04 11:10:30,www.phylogeny.fr
2014-04-04 11:10:36,annotathon.org
2014-04-04 11:10:37,www.phylogeny.fr
2014-04-04 11:11:06,annotathon.org
2014-04-04 11:11:36,annotathon.org
2014-04-04 11:11:40,www.phylogeny.fr
2014-04-04 11:11:41,www.phylogeny.fr
2014-04-04 11:11:45,www.phylogeny.fr
2014-04-04 11:11:51,www.phylogeny.fr
2014-04-04 11:11:52,www.phylogeny.fr
2014-04-04 11:12:06,annotathon.org
2014-04-04 11:12:27,gtssl-ocsp.geotrust.com
2014-04-04 11:12:36,annotathon.org
2014-04-04 11:13:06,annotathon.org
2014-04-04 11:13:36,annotathon.org
2014-04-04 11:14:06,annotathon.org
2014-04-04 11:14:17,clients1.google.com
2014-04-04 11:14:18,gtglobal-ocsp.geotrust.com
2014-04-04 11:14:18,safebrowsing.clients.google.com
2014-04-04 11:14:18,safebrowsing-cache.google.com
2014-04-04 11:14:36,annotathon.org
2014-04-04 11:15:06,annotathon.org
2014-04-04 11:15:36,annotathon.org
2014-04-04 11:16:06,annotathon.org
2014-04-04 11:16:36,annotathon.org
2014-04-04 11:17:06,annotathon.org
2014-04-04 11:17:14,sb-ssl.google.com
2014-04-04 11:17:25,ocsp.thawte.com
2014-04-04 11:17:36,annotathon.org
2014-04-04 11:18:06,annotathon.org
2014-04-04 11:18:36,annotathon.org
2014-04-04 11:19:06,annotathon.org
2014-04-04 11:19:25,ocsp.verisign.com
2014-04-04 11:19:36,annotathon.org
2014-04-04 11:20:06,annotathon.org
2014-04-04 11:20:36,annotathon.org
2014-04-04 11:21:06,annotathon.org
2014-04-04 11:21:25,ocsp.digicert.com
2014-04-04 11:21:36,annotathon.org
2014-04-04 11:21:47,www.phylogeny.fr
2014-04-04 11:21:57,www.phylogeny.fr
2014-04-04 11:22:06,annotathon.org
2014-04-04 11:22:30,www.phylogeny.fr
2014-04-04 11:22:36,annotathon.org
2014-04-04 11:22:44,www.phylogeny.fr
2014-04-04 11:22:52,www.phylogeny.fr
2014-04-04 11:22:54,www.phylogeny.fr
2014-04-04 11:23:00,www.phylogeny.fr
2014-04-04 11:23:06,annotathon.org
2014-04-04 11:23:06,www.phylogeny.fr
2014-04-04 11:23:36,annotathon.org
2014-04-04 11:23:55,annotathon.org
2014-04-04 11:24:25,annotathon.org
2014-04-04 11:24:49,www.phylogeny.fr
2014-04-04 11:24:55,annotathon.org
2014-04-04 11:25:00,www.phylogeny.fr
2014-04-04 11:25:07,www.phylogeny.fr
2014-04-04 11:25:17,www.phylogeny.fr
2014-04-04 11:25:25,annotathon.org
2014-04-04 11:25:32,www.phylogeny.fr
2014-04-04 11:25:48,www.phylogeny.fr
2014-04-04 11:25:55,annotathon.org
2014-04-04 11:26:25,annotathon.org
2014-04-04 11:26:55,annotathon.org
2014-04-04 11:27:25,annotathon.org
2014-04-04 11:27:55,annotathon.org
2014-04-04 11:28:09,annotathon.org
2014-04-04 11:28:39,annotathon.org
2014-04-04 11:29:09,annotathon.org
2014-04-04 11:29:39,annotathon.org
2014-04-04 11:30:09,annotathon.org
2014-04-04 11:30:39,annotathon.org
2014-04-04 11:31:09,annotathon.org
2014-04-04 11:31:39,annotathon.org
2014-04-04 11:32:09,annotathon.org
2014-04-04 11:32:39,annotathon.org
2014-04-04 11:33:09,annotathon.org
2014-04-04 11:33:39,annotathon.org
2014-04-04 11:34:09,annotathon.org
2014-04-04 11:34:39,annotathon.org
2014-04-04 11:35:09,annotathon.org
2014-04-04 11:35:39,annotathon.org
2014-04-04 11:36:09,annotathon.org
2014-04-04 11:36:39,annotathon.org
2014-04-04 11:37:09,annotathon.org
2014-04-04 11:37:39,annotathon.org
2014-04-04 11:38:09,annotathon.org
2014-04-04 11:38:39,annotathon.org
2014-04-04 11:39:09,annotathon.org
2014-04-04 11:39:39,annotathon.org
2014-04-04 11:39:43,ieonline.microsoft.com
2014-04-04 11:40:09,annotathon.org
2014-04-04 11:40:39,annotathon.org
2014-04-04 11:41:09,annotathon.org
2014-04-04 11:41:39,annotathon.org
2014-04-04 11:42:09,annotathon.org
2014-04-04 11:42:39,annotathon.org
2014-04-04 11:43:09,annotathon.org
2014-04-04 11:43:10,annotathon.org
2014-04-04 11:43:40,annotathon.org
2014-04-04 11:44:10,annotathon.org
2014-04-04 11:44:40,annotathon.org
2014-04-04 11:45:10,annotathon.org
2014-04-04 11:45:40,annotathon.org
2014-04-04 11:45:59,safebrowsing.clients.google.com
2014-04-04 11:45:59,safebrowsing-cache.google.com
2014-04-04 11:46:00,safebrowsing-cache.google.com
2014-04-04 11:46:10,annotathon.org
2014-04-04 11:46:40,annotathon.org
2014-04-04 11:47:10,annotathon.org
2014-04-04 11:47:40,annotathon.org
2014-04-04 11:48:10,annotathon.org
2014-04-04 11:48:40,annotathon.org
2014-04-04 11:49:10,annotathon.org
2014-04-04 11:49:40,annotathon.org
2014-04-04 11:50:01,annotathon.org
2014-04-04 11:50:20,blast.ncbi.nlm.nih.gov
2014-04-04 11:50:20,www.ncbi.nlm.nih.gov
2014-04-04 11:50:21,www.ncbi.nlm.nih.gov
2014-04-04 11:50:21,static.pubmed.gov
2014-04-04 11:50:22,static.pubmed.gov
2014-04-04 11:50:22,www.ncbi.nlm.nih.gov
2014-04-04 11:50:23,static.pubmed.gov
2014-04-04 11:50:31,annotathon.org
2014-04-04 11:51:01,annotathon.org
2014-04-04 11:51:31,annotathon.org
2014-04-04 11:52:01,annotathon.org
2014-04-04 11:52:31,annotathon.org
2014-04-04 11:52:53,www.ncbi.nlm.nih.gov
2014-04-04 11:53:01,annotathon.org
2014-04-04 11:53:18,blast.ncbi.nlm.nih.gov
2014-04-04 11:53:19,www.ncbi.nlm.nih.gov
2014-04-04 11:53:20,www.ncbi.nlm.nih.gov
2014-04-04 11:53:31,www.ncbi.nlm.nih.gov
2014-04-04 11:53:31,annotathon.org
2014-04-04 11:53:32,www.ncbi.nlm.nih.gov
2014-04-04 11:53:33,www.ncbi.nlm.nih.gov
2014-04-04 11:53:35,www.ncbi.nlm.nih.gov
2014-04-04 11:53:58,static.pubmed.gov
2014-04-04 11:54:01,annotathon.org
2014-04-04 11:54:03,www.ncbi.nlm.nih.gov
2014-04-04 11:54:04,blast.ncbi.nlm.nih.gov
2014-04-04 11:54:05,blast.ncbi.nlm.nih.gov
2014-04-04 11:54:06,blast.ncbi.nlm.nih.gov
2014-04-04 11:54:07,www.ncbi.nlm.nih.gov
2014-04-04 11:54:31,annotathon.org
2014-04-04 11:54:46,www.ncbi.nlm.nih.gov
2014-04-04 11:54:47,www.ncbi.nlm.nih.gov
2014-04-04 11:54:47,static.pubmed.gov
2014-04-04 11:54:48,www.ncbi.nlm.nih.gov
2014-04-04 11:55:01,annotathon.org
2014-04-04 11:55:31,annotathon.org
2014-04-04 11:55:42,www.ncbi.nlm.nih.gov
2014-04-04 11:55:45,www.ncbi.nlm.nih.gov
2014-04-04 11:55:45,static.pubmed.gov
2014-04-04 11:55:46,www.ncbi.nlm.nih.gov
2014-04-04 11:55:46,static.pubmed.gov
2014-04-04 11:55:53,www.ncbi.nlm.nih.gov
2014-04-04 11:55:54,www.ncbi.nlm.nih.gov
2014-04-04 11:55:56,www.ncbi.nlm.nih.gov
2014-04-04 11:55:57,static.pubmed.gov
2014-04-04 11:55:57,www.ncbi.nlm.nih.gov
2014-04-04 11:55:58,www.ncbi.nlm.nih.gov
2014-04-04 11:56:01,annotathon.org
2014-04-04 11:56:28,www.ncbi.nlm.nih.gov
2014-04-04 11:56:31,annotathon.org
2014-04-04 11:57:01,annotathon.org
2014-04-04 11:57:01,blast.ncbi.nlm.nih.gov
2014-04-04 11:57:05,blast.ncbi.nlm.nih.gov
2014-04-04 11:57:05,www.ncbi.nlm.nih.gov
2014-04-04 11:57:07,www.ncbi.nlm.nih.gov
2014-04-04 11:57:28,blast.ncbi.nlm.nih.gov
2014-04-04 11:57:28,www.ncbi.nlm.nih.gov
2014-04-04 11:57:29,www.ncbi.nlm.nih.gov
2014-04-04 11:57:30,www.ncbi.nlm.nih.gov
2014-04-04 11:57:31,annotathon.org
2014-04-04 11:58:01,annotathon.org
2014-04-04 11:58:21,annotathon.org
2014-04-04 11:58:24,www.ncbi.nlm.nih.gov
