timestamp,site
2014-02-04 08:06:58,www.google.de
2014-02-04 08:07:13,www.google.de
2014-02-04 08:07:27,www.squid-cache.org
2014-02-04 08:07:36,www.google.com
2014-02-04 08:07:37,www.google.com
2014-02-04 08:07:37,gtglobal-ocsp.geotrust.com
2014-02-04 08:07:37,clients1.google.com
2014-02-04 08:07:38,clients1.google.com
2014-02-04 08:07:42,apis.google.com
2014-02-04 08:07:42,www.google.com
2014-02-04 08:07:42,ieonline.microsoft.com
2014-02-04 08:07:53,clients1.google.com
2014-02-04 08:07:55,apis.google.com
2014-02-04 08:07:55,www.google.de
2014-02-04 08:07:55,ieonline.microsoft.com
2014-02-04 08:07:55,www.google.com
2014-02-04 08:07:57,www.google.fr
2014-02-04 08:07:59,annotathon.org
2014-02-04 08:08:16,annotathon.org
2014-02-04 08:08:28,annotathon.org
2014-02-04 08:08:29,gtssl-ocsp.geotrust.com
2014-02-04 08:08:58,annotathon.org
2014-02-04 08:09:21,safebrowsing.clients.google.com
2014-02-04 08:09:21,safebrowsing-cache.google.com
2014-02-04 08:09:22,safebrowsing-cache.google.com
2014-02-04 08:09:28,annotathon.org
2014-02-04 08:09:58,annotathon.org
2014-02-04 08:10:28,annotathon.org
2014-02-04 08:10:33,www.google.com
2014-02-04 08:10:37,apis.google.com
2014-02-04 08:10:37,www.google.fr
2014-02-04 08:10:58,annotathon.org
2014-02-04 08:11:28,annotathon.org
2014-02-04 08:11:58,annotathon.org
2014-02-04 08:12:16,sb-ssl.google.com
2014-02-04 08:12:28,annotathon.org
2014-02-04 08:12:58,annotathon.org
2014-02-04 08:13:04,ocsp.thawte.com
2014-02-04 08:13:28,annotathon.org
2014-02-04 08:13:55,annotathon.org
2014-02-04 08:13:56,annotathon.org
2014-02-04 08:13:58,annotathon.org
2014-02-04 08:14:22,annotathon.org
2014-02-04 08:14:22,annotathon.univ-mrs.fr
2014-02-04 08:14:52,annotathon.org
2014-02-04 08:15:02,annotathon.org
2014-02-04 08:15:03,annotathon.org
2014-02-04 08:15:04,ocsp.verisign.com
2014-02-04 08:15:33,annotathon.org
2014-02-04 08:16:03,annotathon.org
2014-02-04 08:16:27,www.google.com
2014-02-04 08:16:33,annotathon.org
2014-02-04 08:16:34,www.ncbi.nlm.nih.gov
2014-02-04 08:16:34,www.google.fr
2014-02-04 08:16:35,www.ncbi.nlm.nih.gov
2014-02-04 08:16:35,blast.ncbi.nlm.nih.gov
2014-02-04 08:16:36,blast.ncbi.nlm.nih.gov
2014-02-04 08:16:55,blast.ncbi.nlm.nih.gov
2014-02-04 08:16:56,blast.ncbi.nlm.nih.gov
2014-02-04 08:16:56,www.ncbi.nlm.nih.gov
2014-02-04 08:17:03,annotathon.org
2014-02-04 08:17:04,ocsp.digicert.com
2014-02-04 08:17:25,blast.ncbi.nlm.nih.gov
2014-02-04 08:17:26,blast.ncbi.nlm.nih.gov
2014-02-04 08:17:32,blast.ncbi.nlm.nih.gov
2014-02-04 08:17:33,blast.ncbi.nlm.nih.gov
2014-02-04 08:17:33,annotathon.org
2014-02-04 08:17:36,blast.ncbi.nlm.nih.gov
2014-02-04 08:17:36,www.ncbi.nlm.nih.gov
2014-02-04 08:17:39,www.ncbi.nlm.nih.gov
2014-02-04 08:17:40,blast.ncbi.nlm.nih.gov
2014-02-04 08:17:43,blast.ncbi.nlm.nih.gov
2014-02-04 08:17:43,www.ncbi.nlm.nih.gov
2014-02-04 08:17:44,blast.ncbi.nlm.nih.gov
2014-02-04 08:17:50,www.ncbi.nlm.nih.gov
2014-02-04 08:17:51,blast.ncbi.nlm.nih.gov
2014-02-04 08:17:54,www.ncbi.nlm.nih.gov
2014-02-04 08:17:56,blast.ncbi.nlm.nih.gov
2014-02-04 08:17:57,blast.ncbi.nlm.nih.gov
2014-02-04 08:17:57,www.ncbi.nlm.nih.gov
2014-02-04 08:17:58,blast.ncbi.nlm.nih.gov
2014-02-04 08:18:00,blast.ncbi.nlm.nih.gov
2014-02-04 08:18:01,blast.ncbi.nlm.nih.gov
2014-02-04 08:18:03,annotathon.org
2014-02-04 08:18:04,blast.ncbi.nlm.nih.gov
2014-02-04 08:18:05,www.ncbi.nlm.nih.gov
2014-02-04 08:18:07,blast.ncbi.nlm.nih.gov
2014-02-04 08:18:08,blast.ncbi.nlm.nih.gov
2014-02-04 08:18:33,annotathon.org
2014-02-04 08:19:03,annotathon.org
2014-02-04 08:19:23,www.google.com
2014-02-04 08:19:24,www.google.fr
2014-02-04 08:19:33,annotathon.org
2014-02-04 08:20:04,annotathon.org
2014-02-04 08:20:13,blast.ncbi.nlm.nih.gov
2014-02-04 08:20:24,blast.ncbi.nlm.nih.gov
2014-02-04 08:20:26,blast.ncbi.nlm.nih.gov
2014-02-04 08:20:32,blast.ncbi.nlm.nih.gov
2014-02-04 08:20:34,annotathon.org
2014-02-04 08:20:36,blast.ncbi.nlm.nih.gov
2014-02-04 08:20:36,www.ncbi.nlm.nih.gov
2014-02-04 08:20:37,www.ncbi.nlm.nih.gov
2014-02-04 08:20:37,blast.ncbi.nlm.nih.gov
2014-02-04 08:20:38,blast.ncbi.nlm.nih.gov
2014-02-04 08:20:38,www.ncbi.nlm.nih.gov
2014-02-04 08:20:39,www.ncbi.nlm.nih.gov
2014-02-04 08:20:40,blast.ncbi.nlm.nih.gov
2014-02-04 08:20:43,blast.ncbi.nlm.nih.gov
2014-02-04 08:20:44,www.ncbi.nlm.nih.gov
2014-02-04 08:20:45,www.ncbi.nlm.nih.gov
2014-02-04 08:21:04,annotathon.org
2014-02-04 08:21:17,blast.ncbi.nlm.nih.gov
2014-02-04 08:21:18,blast.ncbi.nlm.nih.gov
2014-02-04 08:21:19,blast.ncbi.nlm.nih.gov
2014-02-04 08:21:20,blast.ncbi.nlm.nih.gov
2014-02-04 08:21:21,blast.ncbi.nlm.nih.gov
2014-02-04 08:21:22,blast.ncbi.nlm.nih.gov
2014-02-04 08:21:26,www.ncbi.nlm.nih.gov
2014-02-04 08:21:27,www.ncbi.nlm.nih.gov
2014-02-04 08:21:28,www.ncbi.nlm.nih.gov
2014-02-04 08:21:34,annotathon.org
2014-02-04 08:21:36,blast.ncbi.nlm.nih.gov
2014-02-04 08:21:38,www.ncbi.nlm.nih.gov
2014-02-04 08:21:41,www.ncbi.nlm.nih.gov
2014-02-04 08:21:49,blast.ncbi.nlm.nih.gov
2014-02-04 08:21:50,blast.ncbi.nlm.nih.gov
2014-02-04 08:21:51,blast.ncbi.nlm.nih.gov
2014-02-04 08:22:01,blast.ncbi.nlm.nih.gov
2014-02-04 08:22:02,blast.ncbi.nlm.nih.gov
2014-02-04 08:22:03,blast.ncbi.nlm.nih.gov
2014-02-04 08:22:04,annotathon.org
2014-02-04 08:22:34,annotathon.org
2014-02-04 08:23:04,annotathon.org
2014-02-04 08:23:24,blast.ncbi.nlm.nih.gov
2014-02-04 08:23:34,annotathon.org
2014-02-04 08:24:04,annotathon.org
2014-02-04 08:24:34,annotathon.org
2014-02-04 08:25:04,annotathon.org
2014-02-04 08:25:11,annotathon.org
2014-02-04 08:25:13,annotathon.org
2014-02-04 08:25:14,annotathon.org
2014-02-04 08:30:39,api.bing.com
2014-02-04 08:30:40,api.bing.com
2014-02-04 08:30:41,api.bing.com
2014-02-04 08:30:42,www.bing.com
2014-02-04 08:30:43,cms.abmr.net
2014-02-04 08:30:43,www.bing.com
2014-02-04 08:30:44,www.bing.com
2014-02-04 08:30:44,login.live.com
2014-02-04 08:30:49,annotathon.org
2014-02-04 08:31:02,annotathon.org
2014-02-04 08:31:05,annotathon.org
2014-02-04 08:31:06,annotathon.org
2014-02-04 08:31:07,annotathon.org
2014-02-04 08:31:10,annotathon.org
2014-02-04 08:31:10,annotathon.univ-mrs.fr
2014-02-04 08:31:40,annotathon.org
2014-02-04 08:32:00,api.bing.com
2014-02-04 08:32:01,api.bing.com
2014-02-04 08:32:02,www.bing.com
2014-02-04 08:32:09,www.bing.com
2014-02-04 08:32:10,annotathon.org
2014-02-04 08:32:10,www.ncbi.nlm.nih.gov
2014-02-04 08:32:10,blast.ncbi.nlm.nih.gov
2014-02-04 08:32:11,blast.ncbi.nlm.nih.gov
2014-02-04 08:32:16,login.live.com
2014-02-04 08:32:27,www.ncbi.nlm.nih.gov
2014-02-04 08:32:27,blast.ncbi.nlm.nih.gov
2014-02-04 08:32:28,blast.ncbi.nlm.nih.gov
2014-02-04 08:32:29,blast.ncbi.nlm.nih.gov
2014-02-04 08:32:29,www.ncbi.nlm.nih.gov
2014-02-04 08:32:30,blast.ncbi.nlm.nih.gov
2014-02-04 08:32:35,blast.ncbi.nlm.nih.gov
2014-02-04 08:32:36,blast.ncbi.nlm.nih.gov
2014-02-04 08:32:37,blast.ncbi.nlm.nih.gov
2014-02-04 08:32:40,annotathon.org
2014-02-04 08:32:41,blast.ncbi.nlm.nih.gov
2014-02-04 08:32:51,blast.ncbi.nlm.nih.gov
2014-02-04 08:32:52,blast.ncbi.nlm.nih.gov
2014-02-04 08:32:57,blast.ncbi.nlm.nih.gov
2014-02-04 08:32:58,blast.ncbi.nlm.nih.gov
2014-02-04 08:33:00,www.ncbi.nlm.nih.gov
2014-02-04 08:33:09,www.ncbi.nlm.nih.gov
2014-02-04 08:33:10,www.ncbi.nlm.nih.gov
2014-02-04 08:33:10,blast.ncbi.nlm.nih.gov
2014-02-04 08:33:10,annotathon.org
2014-02-04 08:33:11,blast.ncbi.nlm.nih.gov
2014-02-04 08:33:12,blast.ncbi.nlm.nih.gov
2014-02-04 08:33:13,blast.ncbi.nlm.nih.gov
2014-02-04 08:33:13,www.ncbi.nlm.nih.gov
2014-02-04 08:33:16,blast.ncbi.nlm.nih.gov
2014-02-04 08:33:40,annotathon.org
2014-02-04 08:34:10,annotathon.org
2014-02-04 08:34:40,annotathon.org
2014-02-04 08:35:10,annotathon.org
2014-02-04 08:35:40,annotathon.org
2014-02-04 08:35:48,blast.ncbi.nlm.nih.gov
2014-02-04 08:35:59,blast.ncbi.nlm.nih.gov
2014-02-04 08:36:10,annotathon.org
2014-02-04 08:36:40,annotathon.org
2014-02-04 08:37:10,annotathon.org
2014-02-04 08:37:40,annotathon.org
2014-02-04 08:38:10,annotathon.org
2014-02-04 08:38:40,annotathon.org
2014-02-04 08:39:10,annotathon.org
2014-02-04 08:39:40,annotathon.org
2014-02-04 08:40:10,annotathon.org
2014-02-04 08:40:40,annotathon.org
2014-02-04 08:41:10,annotathon.org
2014-02-04 08:41:40,annotathon.org
2014-02-04 08:42:10,annotathon.org
2014-02-04 08:42:40,annotathon.org
2014-02-04 08:43:10,annotathon.org
2014-02-04 08:43:40,annotathon.org
2014-02-04 08:44:10,annotathon.org
2014-02-04 08:44:40,annotathon.org
2014-02-04 08:45:10,annotathon.org
2014-02-04 08:45:40,annotathon.org
2014-02-04 08:46:10,annotathon.org
2014-02-04 08:46:40,annotathon.org
2014-02-04 08:47:10,annotathon.org
2014-02-04 08:47:40,annotathon.org
2014-02-04 08:48:10,annotathon.org
2014-02-04 08:48:40,annotathon.org
2014-02-04 08:49:10,annotathon.org
2014-02-04 08:49:40,annotathon.org
2014-02-04 08:50:10,annotathon.org
2014-02-04 08:50:40,annotathon.org
2014-02-04 08:51:10,annotathon.org
2014-02-04 08:51:26,blast.ncbi.nlm.nih.gov
2014-02-04 08:51:27,blast.ncbi.nlm.nih.gov
2014-02-04 08:51:28,blast.ncbi.nlm.nih.gov
2014-02-04 08:51:40,annotathon.org
2014-02-04 08:52:10,annotathon.org
2014-02-04 08:52:40,annotathon.org
2014-02-04 08:53:11,annotathon.org
2014-02-04 08:53:41,annotathon.org
2014-02-04 08:54:11,annotathon.org
2014-02-04 08:54:41,annotathon.org
2014-02-04 08:55:11,annotathon.org
2014-02-04 08:55:43,annotathon.org
2014-02-04 08:56:11,annotathon.org
2014-02-04 08:56:41,annotathon.org
2014-02-04 08:57:11,annotathon.org
2014-02-04 08:57:41,annotathon.org
2014-02-04 08:58:11,annotathon.org
2014-02-04 08:58:41,annotathon.org
2014-02-04 08:59:11,annotathon.org
2014-02-04 08:59:41,annotathon.org
2014-02-04 09:00:03,blast.ncbi.nlm.nih.gov
2014-02-04 09:00:11,annotathon.org
2014-02-04 09:00:12,www.ncbi.nlm.nih.gov
2014-02-04 09:00:13,www.ncbi.nlm.nih.gov
2014-02-04 09:00:14,www.ncbi.nlm.nih.gov
2014-02-04 09:00:24,www.ncbi.nlm.nih.gov
2014-02-04 09:00:25,www.ncbi.nlm.nih.gov
2014-02-04 09:00:26,www.ncbi.nlm.nih.gov
2014-02-04 09:00:27,www.ncbi.nlm.nih.gov
2014-02-04 09:00:36,blast.ncbi.nlm.nih.gov
2014-02-04 09:00:39,blast.ncbi.nlm.nih.gov
2014-02-04 09:00:40,blast.ncbi.nlm.nih.gov
2014-02-04 09:00:41,annotathon.org
2014-02-04 09:00:54,blast.ncbi.nlm.nih.gov
2014-02-04 09:01:02,blast.ncbi.nlm.nih.gov
2014-02-04 09:01:03,blast.ncbi.nlm.nih.gov
2014-02-04 09:01:04,blast.ncbi.nlm.nih.gov
2014-02-04 09:01:05,blast.ncbi.nlm.nih.gov
2014-02-04 09:01:11,annotathon.org
2014-02-04 09:01:25,blast.ncbi.nlm.nih.gov
2014-02-04 09:01:26,blast.ncbi.nlm.nih.gov
2014-02-04 09:01:31,blast.ncbi.nlm.nih.gov
2014-02-04 09:01:33,blast.ncbi.nlm.nih.gov
2014-02-04 09:01:35,www.ncbi.nlm.nih.gov
2014-02-04 09:01:36,blast.ncbi.nlm.nih.gov
2014-02-04 09:01:38,blast.ncbi.nlm.nih.gov
2014-02-04 09:01:41,annotathon.org
2014-02-04 09:01:41,blast.ncbi.nlm.nih.gov
2014-02-04 09:01:43,blast.ncbi.nlm.nih.gov
2014-02-04 09:01:51,blast.ncbi.nlm.nih.gov
2014-02-04 09:02:05,blast.ncbi.nlm.nih.gov
2014-02-04 09:02:06,blast.ncbi.nlm.nih.gov
2014-02-04 09:02:07,blast.ncbi.nlm.nih.gov
2014-02-04 09:02:09,blast.ncbi.nlm.nih.gov
2014-02-04 09:02:10,blast.ncbi.nlm.nih.gov
2014-02-04 09:02:11,annotathon.org
2014-02-04 09:02:41,annotathon.org
2014-02-04 09:03:11,annotathon.org
2014-02-04 09:03:33,blast.ncbi.nlm.nih.gov
2014-02-04 09:03:38,blast.ncbi.nlm.nih.gov
2014-02-04 09:03:41,annotathon.org
2014-02-04 09:04:11,annotathon.org
2014-02-04 09:04:21,blast.ncbi.nlm.nih.gov
2014-02-04 09:04:23,blast.ncbi.nlm.nih.gov
2014-02-04 09:04:24,blast.ncbi.nlm.nih.gov
2014-02-04 09:04:32,blast.ncbi.nlm.nih.gov
2014-02-04 09:04:33,blast.ncbi.nlm.nih.gov
2014-02-04 09:04:36,blast.ncbi.nlm.nih.gov
2014-02-04 09:04:37,blast.ncbi.nlm.nih.gov
2014-02-04 09:04:41,annotathon.org
2014-02-04 09:04:49,blast.ncbi.nlm.nih.gov
2014-02-04 09:05:11,annotathon.org
2014-02-04 09:05:41,annotathon.org
2014-02-04 09:06:11,annotathon.org
2014-02-04 09:06:41,annotathon.org
2014-02-04 09:07:11,annotathon.org
2014-02-04 09:07:41,annotathon.org
2014-02-04 09:08:11,annotathon.org
2014-02-04 09:08:41,annotathon.org
2014-02-04 09:09:11,annotathon.org
2014-02-04 09:09:41,annotathon.org
2014-02-04 09:10:11,annotathon.org
2014-02-04 09:10:41,annotathon.org
2014-02-04 09:11:11,annotathon.org
2014-02-04 09:11:41,annotathon.org
2014-02-04 09:12:11,annotathon.org
2014-02-04 09:12:41,annotathon.org
2014-02-04 09:13:11,annotathon.org
2014-02-04 09:13:41,annotathon.org
2014-02-04 09:14:11,annotathon.org
2014-02-04 09:14:41,annotathon.org
2014-02-04 09:15:11,annotathon.org
2014-02-04 09:15:41,annotathon.org
2014-02-04 09:16:11,annotathon.org
2014-02-04 09:16:41,annotathon.org
2014-02-04 09:17:11,annotathon.org
2014-02-04 09:17:41,annotathon.org
2014-02-04 09:18:11,annotathon.org
2014-02-04 09:18:41,annotathon.org
2014-02-04 09:18:56,annotathon.org
2014-02-04 09:18:57,annotathon.org
2014-02-04 09:19:11,annotathon.org
2014-02-04 09:19:27,annotathon.org
2014-02-04 09:19:41,annotathon.org
2014-02-04 09:19:57,annotathon.org
2014-02-04 09:20:11,annotathon.org
2014-02-04 09:20:27,annotathon.org
2014-02-04 09:20:41,annotathon.org
2014-02-04 09:20:57,annotathon.org
2014-02-04 09:21:11,annotathon.org
2014-02-04 09:21:27,annotathon.org
2014-02-04 09:21:41,annotathon.org
2014-02-04 09:22:11,annotathon.org
2014-02-04 09:22:41,annotathon.org
2014-02-04 09:23:11,annotathon.univ-mrs.fr
2014-02-04 09:23:11,annotathon.org
2014-02-04 09:23:41,annotathon.org
2014-02-04 09:24:11,annotathon.org
2014-02-04 09:24:31,blast.ncbi.nlm.nih.gov
2014-02-04 09:24:34,www.ncbi.nlm.nih.gov
2014-02-04 09:24:34,static.pubmed.gov
2014-02-04 09:24:35,static.pubmed.gov
2014-02-04 09:24:35,www.ncbi.nlm.nih.gov
2014-02-04 09:24:36,static.pubmed.gov
2014-02-04 09:24:37,static.pubmed.gov
2014-02-04 09:24:38,www.ncbi.nlm.nih.gov
2014-02-04 09:24:41,annotathon.org
2014-02-04 09:24:51,static.pubmed.gov
2014-02-04 09:25:11,annotathon.org
2014-02-04 09:25:42,annotathon.org
2014-02-04 09:26:11,annotathon.org
2014-02-04 09:26:41,annotathon.org
2014-02-04 09:27:12,annotathon.org
2014-02-04 09:27:42,annotathon.org
2014-02-04 09:28:12,annotathon.org
2014-02-04 09:28:42,annotathon.org
2014-02-04 09:29:12,annotathon.org
2014-02-04 09:29:42,annotathon.org
2014-02-04 09:30:12,annotathon.org
2014-02-04 09:30:42,annotathon.org
2014-02-04 09:30:55,blast.ncbi.nlm.nih.gov
2014-02-04 09:31:12,annotathon.org
2014-02-04 09:31:42,annotathon.org
2014-02-04 09:32:12,annotathon.org
2014-02-04 09:32:42,annotathon.org
2014-02-04 09:33:12,annotathon.org
2014-02-04 09:33:42,annotathon.org
2014-02-04 09:34:12,annotathon.org
2014-02-04 09:34:42,annotathon.org
2014-02-04 09:35:12,annotathon.org
2014-02-04 09:35:42,annotathon.org
2014-02-04 09:36:12,annotathon.org
2014-02-04 09:36:42,annotathon.org
2014-02-04 09:37:12,annotathon.org
2014-02-04 09:37:42,annotathon.org
2014-02-04 09:38:12,annotathon.org
2014-02-04 09:38:42,annotathon.org
2014-02-04 09:39:12,annotathon.org
2014-02-04 09:39:42,annotathon.org
2014-02-04 09:40:04,blast.ncbi.nlm.nih.gov
2014-02-04 09:40:05,blast.ncbi.nlm.nih.gov
2014-02-04 09:40:06,www.ncbi.nlm.nih.gov
2014-02-04 09:40:07,www.ncbi.nlm.nih.gov
2014-02-04 09:40:08,www.ncbi.nlm.nih.gov
2014-02-04 09:40:10,www.ncbi.nlm.nih.gov
2014-02-04 09:40:11,www.ncbi.nlm.nih.gov
2014-02-04 09:40:12,annotathon.org
2014-02-04 09:40:12,blast.ncbi.nlm.nih.gov
2014-02-04 09:40:16,blast.ncbi.nlm.nih.gov
2014-02-04 09:40:17,blast.ncbi.nlm.nih.gov
2014-02-04 09:40:20,blast.ncbi.nlm.nih.gov
2014-02-04 09:40:21,blast.ncbi.nlm.nih.gov
2014-02-04 09:40:42,annotathon.org
2014-02-04 09:40:43,blast.ncbi.nlm.nih.gov
2014-02-04 09:40:47,blast.ncbi.nlm.nih.gov
2014-02-04 09:40:49,blast.ncbi.nlm.nih.gov
2014-02-04 09:40:53,blast.ncbi.nlm.nih.gov
2014-02-04 09:40:54,blast.ncbi.nlm.nih.gov
2014-02-04 09:41:04,blast.ncbi.nlm.nih.gov
2014-02-04 09:41:05,blast.ncbi.nlm.nih.gov
2014-02-04 09:41:06,blast.ncbi.nlm.nih.gov
2014-02-04 09:41:07,www.ncbi.nlm.nih.gov
2014-02-04 09:41:08,www.ncbi.nlm.nih.gov
2014-02-04 09:41:08,blast.ncbi.nlm.nih.gov
2014-02-04 09:41:10,www.ncbi.nlm.nih.gov
2014-02-04 09:41:11,blast.ncbi.nlm.nih.gov
2014-02-04 09:41:12,annotathon.org
2014-02-04 09:41:13,www.ncbi.nlm.nih.gov
2014-02-04 09:41:13,blast.ncbi.nlm.nih.gov
2014-02-04 09:41:14,blast.ncbi.nlm.nih.gov
2014-02-04 09:41:16,blast.ncbi.nlm.nih.gov
2014-02-04 09:41:23,blast.ncbi.nlm.nih.gov
2014-02-04 09:41:36,blast.ncbi.nlm.nih.gov
2014-02-04 09:41:37,blast.ncbi.nlm.nih.gov
2014-02-04 09:41:38,blast.ncbi.nlm.nih.gov
2014-02-04 09:41:40,blast.ncbi.nlm.nih.gov
2014-02-04 09:41:41,blast.ncbi.nlm.nih.gov
2014-02-04 09:41:42,annotathon.org
2014-02-04 09:41:45,blast.ncbi.nlm.nih.gov
2014-02-04 09:42:12,annotathon.org
2014-02-04 09:42:38,blast.ncbi.nlm.nih.gov
2014-02-04 09:42:39,blast.ncbi.nlm.nih.gov
2014-02-04 09:42:40,blast.ncbi.nlm.nih.gov
2014-02-04 09:42:42,annotathon.org
2014-02-04 09:42:45,blast.ncbi.nlm.nih.gov
2014-02-04 09:42:46,blast.ncbi.nlm.nih.gov
2014-02-04 09:42:51,blast.ncbi.nlm.nih.gov
2014-02-04 09:42:52,blast.ncbi.nlm.nih.gov
2014-02-04 09:42:53,blast.ncbi.nlm.nih.gov
2014-02-04 09:42:56,blast.ncbi.nlm.nih.gov
2014-02-04 09:42:59,blast.ncbi.nlm.nih.gov
2014-02-04 09:43:02,www.ncbi.nlm.nih.gov
2014-02-04 09:43:03,blast.ncbi.nlm.nih.gov
2014-02-04 09:43:04,blast.ncbi.nlm.nih.gov
2014-02-04 09:43:06,www.ncbi.nlm.nih.gov
2014-02-04 09:43:07,blast.ncbi.nlm.nih.gov
2014-02-04 09:43:09,www.ncbi.nlm.nih.gov
2014-02-04 09:43:10,blast.ncbi.nlm.nih.gov
2014-02-04 09:43:12,blast.ncbi.nlm.nih.gov
2014-02-04 09:43:12,www.ncbi.nlm.nih.gov
2014-02-04 09:43:12,annotathon.org
2014-02-04 09:43:14,www.ncbi.nlm.nih.gov
2014-02-04 09:43:15,blast.ncbi.nlm.nih.gov
2014-02-04 09:43:19,www.ncbi.nlm.nih.gov
2014-02-04 09:43:23,blast.ncbi.nlm.nih.gov
2014-02-04 09:43:35,blast.ncbi.nlm.nih.gov
2014-02-04 09:43:36,blast.ncbi.nlm.nih.gov
2014-02-04 09:43:37,blast.ncbi.nlm.nih.gov
2014-02-04 09:43:39,blast.ncbi.nlm.nih.gov
2014-02-04 09:43:40,blast.ncbi.nlm.nih.gov
2014-02-04 09:43:42,annotathon.org
2014-02-04 09:44:03,blast.ncbi.nlm.nih.gov
2014-02-04 09:44:12,annotathon.org
2014-02-04 09:44:16,blast.ncbi.nlm.nih.gov
2014-02-04 09:44:17,blast.ncbi.nlm.nih.gov
2014-02-04 09:44:27,blast.ncbi.nlm.nih.gov
2014-02-04 09:44:28,blast.ncbi.nlm.nih.gov
2014-02-04 09:44:29,blast.ncbi.nlm.nih.gov
2014-02-04 09:44:41,blast.ncbi.nlm.nih.gov
2014-02-04 09:44:42,annotathon.org
2014-02-04 09:45:12,annotathon.org
2014-02-04 09:45:42,annotathon.org
2014-02-04 09:46:12,annotathon.org
2014-02-04 09:46:42,annotathon.org
2014-02-04 09:47:12,annotathon.org
2014-02-04 09:47:42,annotathon.org
2014-02-04 09:47:57,annotathon.org
2014-02-04 09:47:58,annotathon.org
2014-02-04 09:48:12,annotathon.org
2014-02-04 09:48:28,annotathon.org
2014-02-04 09:48:42,annotathon.org
2014-02-04 09:48:58,annotathon.org
2014-02-04 09:49:12,annotathon.org
2014-02-04 09:49:42,annotathon.org
2014-02-04 09:50:12,annotathon.org
2014-02-04 09:50:24,blast.ncbi.nlm.nih.gov
2014-02-04 09:50:28,blast.ncbi.nlm.nih.gov
2014-02-04 09:50:32,blast.ncbi.nlm.nih.gov
2014-02-04 09:50:35,blast.ncbi.nlm.nih.gov
2014-02-04 09:50:37,blast.ncbi.nlm.nih.gov
2014-02-04 09:50:39,www.ncbi.nlm.nih.gov
2014-02-04 09:50:39,blast.ncbi.nlm.nih.gov
2014-02-04 09:50:40,blast.ncbi.nlm.nih.gov
2014-02-04 09:50:42,blast.ncbi.nlm.nih.gov
2014-02-04 09:50:42,www.ncbi.nlm.nih.gov
2014-02-04 09:50:42,annotathon.org
2014-02-04 09:50:44,www.ncbi.nlm.nih.gov
2014-02-04 09:50:45,blast.ncbi.nlm.nih.gov
2014-02-04 09:50:46,blast.ncbi.nlm.nih.gov
2014-02-04 09:50:47,www.ncbi.nlm.nih.gov
2014-02-04 09:50:48,blast.ncbi.nlm.nih.gov
2014-02-04 09:50:49,annotathon.org
2014-02-04 09:50:49,annotathon.univ-mrs.fr
2014-02-04 09:50:50,blast.ncbi.nlm.nih.gov
2014-02-04 09:50:50,www.ncbi.nlm.nih.gov
2014-02-04 09:50:52,www.ncbi.nlm.nih.gov
2014-02-04 09:50:53,blast.ncbi.nlm.nih.gov
2014-02-04 09:50:55,www.ncbi.nlm.nih.gov
2014-02-04 09:50:57,blast.ncbi.nlm.nih.gov
2014-02-04 09:51:03,annotathon.org
2014-02-04 09:51:03,annotathon.univ-mrs.fr
2014-02-04 09:51:04,blast.ncbi.nlm.nih.gov
2014-02-04 09:51:06,blast.ncbi.nlm.nih.gov
2014-02-04 09:51:07,blast.ncbi.nlm.nih.gov
2014-02-04 09:51:09,blast.ncbi.nlm.nih.gov
2014-02-04 09:51:11,blast.ncbi.nlm.nih.gov
2014-02-04 09:51:12,blast.ncbi.nlm.nih.gov
2014-02-04 09:51:13,blast.ncbi.nlm.nih.gov
2014-02-04 09:51:17,blast.ncbi.nlm.nih.gov
2014-02-04 09:51:19,blast.ncbi.nlm.nih.gov
2014-02-04 09:51:28,blast.ncbi.nlm.nih.gov
2014-02-04 09:51:29,blast.ncbi.nlm.nih.gov
2014-02-04 09:51:38,blast.ncbi.nlm.nih.gov
2014-02-04 09:51:39,annotathon.org
2014-02-04 09:51:39,blast.ncbi.nlm.nih.gov
2014-02-04 09:51:42,blast.ncbi.nlm.nih.gov
2014-02-04 09:51:43,blast.ncbi.nlm.nih.gov
2014-02-04 09:51:55,blast.ncbi.nlm.nih.gov
2014-02-04 09:51:58,blast.ncbi.nlm.nih.gov
2014-02-04 09:52:03,annotathon.org
2014-02-04 09:52:33,annotathon.org
2014-02-04 09:53:03,annotathon.org
2014-02-04 09:53:34,annotathon.org
2014-02-04 09:54:04,annotathon.org
2014-02-04 09:54:34,annotathon.org
2014-02-04 09:55:04,annotathon.org
2014-02-04 09:55:06,annotathon.org
2014-02-04 09:55:06,annotathon.univ-mrs.fr
2014-02-04 09:55:16,blast.ncbi.nlm.nih.gov
2014-02-04 09:55:36,annotathon.org
2014-02-04 09:56:06,annotathon.org
2014-02-04 09:56:36,annotathon.org
2014-02-04 09:56:59,blast.ncbi.nlm.nih.gov
2014-02-04 09:57:02,www.ncbi.nlm.nih.gov
2014-02-04 09:57:04,www.ncbi.nlm.nih.gov
2014-02-04 09:57:06,annotathon.org
2014-02-04 09:57:07,www.ncbi.nlm.nih.gov
2014-02-04 09:57:36,annotathon.org
2014-02-04 09:57:53,www.ncbi.nlm.nih.gov
2014-02-04 09:57:55,blast.ncbi.nlm.nih.gov
2014-02-04 09:58:06,annotathon.org
2014-02-04 09:58:34,blast.ncbi.nlm.nih.gov
2014-02-04 09:58:35,blast.ncbi.nlm.nih.gov
2014-02-17 15:36:22,www.iegallery.com
2014-02-17 15:36:22,go.microsoft.com
2014-02-17 15:36:23,www.iegallery.com
2014-02-17 15:36:24,www.iegallery.com
2014-02-17 15:36:25,www.iegallery.com
2014-02-17 15:50:47,www.ncbi.nlm.nih.gov
2014-02-17 15:50:48,www.ncbi.nlm.nih.gov
2014-02-17 15:50:49,www.ncbi.nlm.nih.gov
2014-02-17 15:50:50,www.ncbi.nlm.nih.gov
2014-02-17 15:50:51,www.ncbi.nlm.nih.gov
2014-02-17 15:51:37,www.bing.com
2014-02-17 15:51:38,www.bing.com
2014-02-17 15:51:39,cms.abmr.net
2014-02-17 15:51:39,www.bing.com
2014-02-17 15:51:45,www.bing.com
2014-02-17 15:51:46,static.pubmed.gov
2014-02-17 15:51:46,www.ncbi.nlm.nih.gov
2014-02-17 15:51:47,www.ncbi.nlm.nih.gov
2014-02-17 15:51:48,www.ncbi.nlm.nih.gov
2014-02-17 15:51:49,www.ncbi.nlm.nih.gov
2014-02-17 15:51:53,blast.ncbi.nlm.nih.gov
2014-02-17 15:51:53,www.ncbi.nlm.nih.gov
2014-02-17 15:51:54,blast.ncbi.nlm.nih.gov
2014-02-17 15:51:54,www.ncbi.nlm.nih.gov
2014-02-17 15:51:55,blast.ncbi.nlm.nih.gov
2014-02-17 15:52:04,login.live.com
2014-02-17 15:53:22,blast.ncbi.nlm.nih.gov
2014-02-17 15:53:22,www.ncbi.nlm.nih.gov
2014-02-17 15:53:23,blast.ncbi.nlm.nih.gov
2014-02-17 15:53:23,www.ncbi.nlm.nih.gov
2014-02-17 15:53:25,www.ncbi.nlm.nih.gov
2014-02-17 15:53:26,blast.ncbi.nlm.nih.gov
2014-02-17 15:53:44,blast.ncbi.nlm.nih.gov
2014-02-17 15:53:54,blast.ncbi.nlm.nih.gov
2014-02-17 15:53:55,blast.ncbi.nlm.nih.gov
2014-02-17 15:55:18,blast.ncbi.nlm.nih.gov
2014-02-17 15:56:04,blast.ncbi.nlm.nih.gov
2014-02-17 15:56:10,blast.ncbi.nlm.nih.gov
2014-02-17 15:56:11,blast.ncbi.nlm.nih.gov
2014-02-17 15:56:18,blast.ncbi.nlm.nih.gov
2014-02-17 15:56:19,blast.ncbi.nlm.nih.gov
2014-02-17 15:56:22,www.ncbi.nlm.nih.gov
2014-02-17 15:56:22,blast.ncbi.nlm.nih.gov
2014-02-17 15:56:23,blast.ncbi.nlm.nih.gov
2014-02-17 15:56:24,blast.ncbi.nlm.nih.gov
2014-02-17 15:56:25,www.ncbi.nlm.nih.gov
2014-02-17 15:56:25,blast.ncbi.nlm.nih.gov
2014-02-17 15:56:28,blast.ncbi.nlm.nih.gov
2014-02-17 15:56:29,blast.ncbi.nlm.nih.gov
2014-02-17 15:56:30,blast.ncbi.nlm.nih.gov
2014-02-17 15:57:25,blast.ncbi.nlm.nih.gov
2014-02-17 15:57:35,blast.ncbi.nlm.nih.gov
2014-02-17 15:57:39,blast.ncbi.nlm.nih.gov
2014-02-17 15:57:58,blast.ncbi.nlm.nih.gov
2014-02-17 15:58:00,blast.ncbi.nlm.nih.gov
2014-02-17 15:58:01,blast.ncbi.nlm.nih.gov
2014-02-17 15:58:02,blast.ncbi.nlm.nih.gov
2014-02-17 15:58:03,blast.ncbi.nlm.nih.gov
2014-02-17 15:58:04,blast.ncbi.nlm.nih.gov
2014-02-17 15:58:06,blast.ncbi.nlm.nih.gov
2014-02-17 15:58:30,blast.ncbi.nlm.nih.gov
2014-02-17 15:58:40,blast.ncbi.nlm.nih.gov
2014-02-17 15:59:20,blast.ncbi.nlm.nih.gov
2014-02-17 15:59:23,blast.ncbi.nlm.nih.gov
2014-02-17 15:59:54,blast.ncbi.nlm.nih.gov
2014-02-17 16:04:39,blast.ncbi.nlm.nih.gov
2014-02-17 16:04:42,blast.ncbi.nlm.nih.gov
2014-02-17 16:04:43,blast.ncbi.nlm.nih.gov
2014-02-17 16:04:45,blast.ncbi.nlm.nih.gov
2014-02-17 16:04:46,blast.ncbi.nlm.nih.gov
2014-02-17 16:04:48,blast.ncbi.nlm.nih.gov
2014-02-17 16:05:04,blast.ncbi.nlm.nih.gov
2014-02-17 16:05:05,blast.ncbi.nlm.nih.gov
2014-02-17 16:05:07,www.ncbi.nlm.nih.gov
2014-02-17 16:05:09,blast.ncbi.nlm.nih.gov
2014-02-17 16:05:10,blast.ncbi.nlm.nih.gov
2014-02-17 16:05:11,blast.ncbi.nlm.nih.gov
2014-02-17 16:05:12,blast.ncbi.nlm.nih.gov
2014-02-17 16:05:13,www.ncbi.nlm.nih.gov
2014-02-17 16:05:16,blast.ncbi.nlm.nih.gov
2014-02-17 16:05:17,blast.ncbi.nlm.nih.gov
2014-02-17 16:06:39,blast.ncbi.nlm.nih.gov
2014-02-17 16:06:40,blast.ncbi.nlm.nih.gov
2014-02-17 16:06:46,blast.ncbi.nlm.nih.gov
2014-02-17 16:06:47,blast.ncbi.nlm.nih.gov
2014-02-17 16:06:48,blast.ncbi.nlm.nih.gov
2014-02-17 16:06:49,www.ncbi.nlm.nih.gov
2014-02-17 16:06:50,blast.ncbi.nlm.nih.gov
2014-02-17 16:06:51,www.ncbi.nlm.nih.gov
2014-02-17 16:06:53,blast.ncbi.nlm.nih.gov
2014-02-17 16:06:54,blast.ncbi.nlm.nih.gov
2014-02-17 16:06:55,blast.ncbi.nlm.nih.gov
2014-02-17 16:06:57,blast.ncbi.nlm.nih.gov
2014-02-17 16:07:00,blast.ncbi.nlm.nih.gov
2014-02-17 16:12:00,blast.ncbi.nlm.nih.gov
2014-02-17 16:26:49,blast.ncbi.nlm.nih.gov
2014-02-17 16:31:13,blast.ncbi.nlm.nih.gov
2014-02-17 16:31:21,static.pubmed.gov
2014-02-17 16:31:21,www.ncbi.nlm.nih.gov
2014-02-17 16:31:22,static.pubmed.gov
2014-02-17 16:31:22,www.ncbi.nlm.nih.gov
2014-02-17 16:31:24,static.pubmed.gov
2014-02-17 16:31:26,www.ncbi.nlm.nih.gov
2014-02-17 16:31:27,static.pubmed.gov
2014-02-17 16:33:35,static.pubmed.gov
2014-02-17 16:34:06,www.ncbi.nlm.nih.gov
2014-02-17 16:34:07,blast.ncbi.nlm.nih.gov
2014-02-17 16:34:08,blast.ncbi.nlm.nih.gov
2014-02-17 16:34:09,blast.ncbi.nlm.nih.gov
2014-02-17 16:34:10,blast.ncbi.nlm.nih.gov
2014-02-17 16:34:11,blast.ncbi.nlm.nih.gov
2014-02-17 16:42:08,blast.ncbi.nlm.nih.gov
2014-02-17 16:42:09,www.ncbi.nlm.nih.gov
2014-02-17 16:42:10,www.ncbi.nlm.nih.gov
2014-02-17 16:42:11,www.ncbi.nlm.nih.gov
2014-02-17 16:44:41,www.ncbi.nlm.nih.gov
2014-02-17 16:44:43,blast.ncbi.nlm.nih.gov
2014-02-17 16:44:50,blast.ncbi.nlm.nih.gov
2014-02-17 16:44:51,blast.ncbi.nlm.nih.gov
2014-02-17 16:44:58,blast.ncbi.nlm.nih.gov
2014-02-17 16:44:59,blast.ncbi.nlm.nih.gov
2014-02-17 16:45:01,www.ncbi.nlm.nih.gov
2014-02-17 16:45:02,blast.ncbi.nlm.nih.gov
2014-02-17 16:45:04,www.ncbi.nlm.nih.gov
2014-02-17 16:45:05,blast.ncbi.nlm.nih.gov
2014-02-17 16:45:07,www.ncbi.nlm.nih.gov
2014-02-17 16:45:07,blast.ncbi.nlm.nih.gov
2014-02-17 16:45:09,www.ncbi.nlm.nih.gov
2014-02-17 16:45:10,blast.ncbi.nlm.nih.gov
2014-02-17 16:45:12,www.ncbi.nlm.nih.gov
2014-02-17 16:45:13,blast.ncbi.nlm.nih.gov
2014-02-17 16:45:15,www.ncbi.nlm.nih.gov
2014-02-17 16:45:15,blast.ncbi.nlm.nih.gov
2014-02-17 16:45:18,www.ncbi.nlm.nih.gov
2014-02-17 16:45:20,blast.ncbi.nlm.nih.gov
2014-02-17 16:45:21,blast.ncbi.nlm.nih.gov
2014-02-17 16:45:22,blast.ncbi.nlm.nih.gov
2014-02-17 16:45:25,blast.ncbi.nlm.nih.gov
2014-02-17 16:45:26,blast.ncbi.nlm.nih.gov
2014-02-17 16:46:44,blast.ncbi.nlm.nih.gov
2014-02-17 16:49:05,blast.ncbi.nlm.nih.gov
2014-02-17 16:49:07,blast.ncbi.nlm.nih.gov
2014-02-17 16:49:08,blast.ncbi.nlm.nih.gov
2014-02-17 16:49:10,blast.ncbi.nlm.nih.gov
2014-02-17 16:49:11,blast.ncbi.nlm.nih.gov
2014-02-17 16:49:18,blast.ncbi.nlm.nih.gov
2014-02-17 16:49:19,blast.ncbi.nlm.nih.gov
2014-02-17 16:49:23,blast.ncbi.nlm.nih.gov
2014-02-17 16:49:25,blast.ncbi.nlm.nih.gov
2014-02-17 16:49:26,blast.ncbi.nlm.nih.gov
2014-02-17 16:49:27,blast.ncbi.nlm.nih.gov
2014-02-17 16:49:38,blast.ncbi.nlm.nih.gov
2014-02-17 16:49:43,blast.ncbi.nlm.nih.gov
2014-02-17 16:49:44,blast.ncbi.nlm.nih.gov
2014-02-17 16:49:50,blast.ncbi.nlm.nih.gov
2014-02-17 16:49:54,www.ncbi.nlm.nih.gov
2014-02-17 16:49:54,static.pubmed.gov
2014-02-17 16:49:55,www.ncbi.nlm.nih.gov
2014-02-17 16:49:59,www.ncbi.nlm.nih.gov
2014-02-17 16:50:08,www.ncbi.nlm.nih.gov
2014-02-17 16:50:16,blast.ncbi.nlm.nih.gov
2014-02-17 16:50:26,blast.ncbi.nlm.nih.gov
2014-02-17 16:50:28,static.pubmed.gov
2014-02-17 16:50:28,www.ncbi.nlm.nih.gov
2014-02-17 16:50:29,www.ncbi.nlm.nih.gov
2014-02-17 16:50:34,www.ncbi.nlm.nih.gov
2014-02-17 16:51:08,blast.ncbi.nlm.nih.gov
2014-02-17 16:51:10,blast.ncbi.nlm.nih.gov
2014-02-17 16:51:10,www.ncbi.nlm.nih.gov
2014-02-17 16:51:12,www.ncbi.nlm.nih.gov
2014-02-17 16:51:13,static.pubmed.gov
2014-02-17 16:51:13,www.ncbi.nlm.nih.gov
2014-02-17 16:51:14,www.ncbi.nlm.nih.gov
2014-02-17 16:51:18,www.ncbi.nlm.nih.gov
2014-02-17 16:51:25,www.ncbi.nlm.nih.gov
2014-02-17 16:52:02,blast.ncbi.nlm.nih.gov
2014-02-17 16:57:55,blast.ncbi.nlm.nih.gov
2014-02-17 16:57:57,www.ncbi.nlm.nih.gov
2014-02-17 16:57:58,www.ncbi.nlm.nih.gov
2014-02-17 16:57:59,www.ncbi.nlm.nih.gov
2014-02-17 16:58:02,www.ncbi.nlm.nih.gov
2014-02-17 17:04:00,blast.ncbi.nlm.nih.gov
2014-02-17 17:04:00,www.ncbi.nlm.nih.gov
2014-02-17 17:04:02,blast.ncbi.nlm.nih.gov
2014-02-17 17:04:04,blast.ncbi.nlm.nih.gov
2014-02-17 17:04:05,blast.ncbi.nlm.nih.gov
2014-02-17 17:04:06,blast.ncbi.nlm.nih.gov
2014-02-17 17:04:07,blast.ncbi.nlm.nih.gov
2014-02-17 17:06:01,blast.ncbi.nlm.nih.gov
2014-02-17 17:06:02,www.ncbi.nlm.nih.gov
2014-02-17 17:06:10,blast.ncbi.nlm.nih.gov
2014-02-17 17:06:11,blast.ncbi.nlm.nih.gov
2014-02-17 17:06:11,www.ncbi.nlm.nih.gov
2014-02-17 17:06:12,www.ncbi.nlm.nih.gov
2014-02-17 17:06:13,www.ncbi.nlm.nih.gov
2014-02-17 17:06:14,www.ncbi.nlm.nih.gov
2014-02-17 17:23:49,www.ncbi.nlm.nih.gov
2014-02-17 17:23:49,blast.ncbi.nlm.nih.gov
2014-02-17 17:23:50,blast.ncbi.nlm.nih.gov
2014-03-20 08:04:22,gtssl-ocsp.geotrust.com
2014-03-20 08:04:52,ocsp.tcs.terena.org
2014-03-20 08:05:04,safebrowsing-cache.google.com
2014-03-20 08:05:04,safebrowsing.clients.google.com
2014-03-20 08:05:04,www.squid-cache.org
2014-03-20 08:05:05,safebrowsing-cache.google.com
2014-03-20 08:05:14,ocsp.verisign.com
2014-03-20 08:06:02,www.google.fr
2014-03-20 08:06:03,annotathon.org
2014-03-20 08:06:20,apis.google.com
2014-03-20 08:07:15,ocsp.digicert.com
2014-03-20 08:08:54,www.google.com
2014-03-20 08:08:55,www.google.fr
2014-03-20 08:13:14,ocsp.thawte.com
2014-03-20 08:14:54,annotathon.org
2014-03-20 08:15:28,annotathon.org
2014-03-20 08:15:37,annotathon.org
2014-03-20 08:20:39,annotathon.org
2014-03-20 08:20:50,annotathon.org
2014-03-20 08:21:20,annotathon.org
2014-03-20 08:21:50,annotathon.org
2014-03-20 08:22:20,annotathon.org
2014-03-20 08:22:50,annotathon.org
2014-03-20 08:23:01,annotathon.org
2014-03-20 08:23:11,annotathon.univ-mrs.fr
2014-03-20 08:23:11,annotathon.org
2014-03-20 08:23:34,annotathon.org
2014-03-20 08:23:38,annotathon.org
2014-03-20 08:24:08,annotathon.org
2014-03-20 08:24:16,annotathon.org
2014-03-20 08:24:46,annotathon.org
2014-03-20 08:25:16,annotathon.org
2014-03-20 08:25:40,annotathon.org
2014-03-20 08:25:41,annotathon.org
2014-03-20 08:26:11,annotathon.org
2014-03-20 08:26:23,annotathon.org
2014-03-20 08:26:23,annotathon.univ-mrs.fr
2014-03-20 08:27:03,annotathon.org
2014-03-20 08:27:21,annotathon.org
2014-03-20 08:27:51,annotathon.org
2014-03-20 08:28:21,annotathon.org
2014-03-20 08:28:51,annotathon.org
2014-03-20 08:29:11,annotathon.org
2014-03-20 08:29:15,annotathon.org
2014-03-20 08:29:32,annotathon.org
2014-03-20 08:29:33,annotathon.org
2014-03-20 08:29:38,annotathon.org
2014-03-20 08:30:08,annotathon.org
2014-03-20 08:30:18,annotathon.org
2014-03-20 08:30:19,annotathon.org
2014-03-20 08:30:49,annotathon.org
2014-03-20 08:31:19,annotathon.org
2014-03-20 08:31:38,annotathon.org
2014-03-20 08:31:46,annotathon.org
2014-03-20 08:32:10,annotathon.org
2014-03-20 08:32:34,www.google.fr
2014-03-20 08:32:34,www.ncbi.nlm.nih.gov
2014-03-20 08:32:40,annotathon.org
2014-03-20 08:33:08,www.ncbi.nlm.nih.gov
2014-03-20 08:33:09,www.ncbi.nlm.nih.gov
2014-03-20 08:33:10,annotathon.org
2014-03-20 08:33:40,annotathon.org
2014-03-20 08:34:10,annotathon.org
2014-03-20 08:34:40,annotathon.org
2014-03-20 08:34:47,safebrowsing-cache.google.com
2014-03-20 08:34:47,safebrowsing.clients.google.com
2014-03-20 08:35:10,annotathon.org
2014-03-20 08:35:27,www.google.com
2014-03-20 08:35:28,www.google.fr
2014-03-20 08:35:40,annotathon.org
2014-03-20 08:36:10,annotathon.org
2014-03-20 08:36:40,annotathon.org
2014-03-20 08:37:10,annotathon.org
2014-03-20 08:37:40,annotathon.org
2014-03-20 08:37:47,www.ncbi.nlm.nih.gov
2014-03-20 08:38:10,annotathon.org
2014-03-20 08:38:40,annotathon.org
2014-03-20 08:39:10,annotathon.org
2014-03-20 08:39:40,annotathon.org
2014-03-20 08:40:10,annotathon.org
2014-03-20 08:40:13,www.google.fr
2014-03-20 08:40:13,www.ncbi.nlm.nih.gov
2014-03-20 08:40:13,blast.ncbi.nlm.nih.gov
2014-03-20 08:40:14,blast.ncbi.nlm.nih.gov
2014-03-20 08:40:28,blast.ncbi.nlm.nih.gov
2014-03-20 08:40:29,www.ncbi.nlm.nih.gov
2014-03-20 08:40:30,www.ncbi.nlm.nih.gov
2014-03-20 08:40:36,blast.ncbi.nlm.nih.gov
2014-03-20 08:40:40,annotathon.org
2014-03-20 08:41:10,annotathon.org
2014-03-20 08:41:30,www.ncbi.nlm.nih.gov
2014-03-20 08:41:40,annotathon.org
2014-03-20 08:41:50,www.ncbi.nlm.nih.gov
2014-03-20 08:42:10,annotathon.org
2014-03-20 08:42:19,blast.ncbi.nlm.nih.gov
2014-03-20 08:42:19,www.ncbi.nlm.nih.gov
2014-03-20 08:42:31,blast.ncbi.nlm.nih.gov
2014-03-20 08:42:40,annotathon.org
2014-03-20 08:42:47,blast.ncbi.nlm.nih.gov
2014-03-20 08:42:48,blast.ncbi.nlm.nih.gov
2014-03-20 08:42:48,www.ncbi.nlm.nih.gov
2014-03-20 08:42:49,blast.ncbi.nlm.nih.gov
2014-03-20 08:43:06,www.google.com
2014-03-20 08:43:07,www.google.fr
2014-03-20 08:43:10,annotathon.org
2014-03-20 08:43:40,annotathon.org
2014-03-20 08:44:10,annotathon.org
2014-03-20 08:44:32,blast.ncbi.nlm.nih.gov
2014-03-20 08:44:33,blast.ncbi.nlm.nih.gov
2014-03-20 08:44:40,annotathon.org
2014-03-20 08:44:47,blast.ncbi.nlm.nih.gov
2014-03-20 08:45:10,annotathon.org
2014-03-20 08:45:40,annotathon.org
2014-03-20 08:45:57,www.ncbi.nlm.nih.gov
2014-03-20 08:46:00,www.ncbi.nlm.nih.gov
2014-03-20 08:46:04,www.ncbi.nlm.nih.gov
2014-03-20 08:46:08,www.ncbi.nlm.nih.gov
2014-03-20 08:46:10,annotathon.org
2014-03-20 08:46:20,www.ncbi.nlm.nih.gov
2014-03-20 08:46:40,annotathon.org
2014-03-20 08:46:53,blast.ncbi.nlm.nih.gov
2014-03-20 08:47:01,blast.ncbi.nlm.nih.gov
2014-03-20 08:47:03,blast.ncbi.nlm.nih.gov
2014-03-20 08:47:05,www.ncbi.nlm.nih.gov
2014-03-20 08:47:05,blast.ncbi.nlm.nih.gov
2014-03-20 08:47:08,www.ncbi.nlm.nih.gov
2014-03-20 08:47:08,blast.ncbi.nlm.nih.gov
2014-03-20 08:47:09,www.ncbi.nlm.nih.gov
2014-03-20 08:47:10,annotathon.org
2014-03-20 08:47:10,blast.ncbi.nlm.nih.gov
2014-03-20 08:47:13,blast.ncbi.nlm.nih.gov
2014-03-20 08:47:13,www.ncbi.nlm.nih.gov
2014-03-20 08:47:15,www.ncbi.nlm.nih.gov
2014-03-20 08:47:20,blast.ncbi.nlm.nih.gov
2014-03-20 08:47:21,blast.ncbi.nlm.nih.gov
2014-03-20 08:47:22,blast.ncbi.nlm.nih.gov
2014-03-20 08:47:23,www.ncbi.nlm.nih.gov
2014-03-20 08:47:24,blast.ncbi.nlm.nih.gov
2014-03-20 08:47:24,www.ncbi.nlm.nih.gov
2014-03-20 08:47:25,blast.ncbi.nlm.nih.gov
2014-03-20 08:47:28,www.ncbi.nlm.nih.gov
2014-03-20 08:47:29,blast.ncbi.nlm.nih.gov
2014-03-20 08:47:40,annotathon.org
2014-03-20 08:48:10,annotathon.org
2014-03-20 08:48:40,annotathon.org
2014-03-20 08:49:10,annotathon.org
2014-03-20 08:49:40,annotathon.org
2014-03-20 08:50:10,annotathon.org
2014-03-20 08:50:40,annotathon.org
2014-03-20 08:51:10,annotathon.org
2014-03-20 08:51:23,blast.ncbi.nlm.nih.gov
2014-03-20 08:51:40,annotathon.org
2014-03-20 08:52:10,annotathon.org
2014-03-20 08:52:40,annotathon.org
2014-03-20 08:53:10,annotathon.org
2014-03-20 08:53:40,annotathon.org
2014-03-20 08:54:10,annotathon.org
2014-03-20 08:54:40,annotathon.org
2014-03-20 08:55:10,annotathon.org
2014-03-20 08:55:40,annotathon.org
2014-03-20 08:56:10,annotathon.org
2014-03-20 08:56:40,annotathon.org
2014-03-20 08:57:10,annotathon.org
2014-03-20 08:57:40,annotathon.org
2014-03-20 08:58:10,annotathon.org
2014-03-20 08:58:40,annotathon.org
2014-03-20 08:58:48,blast.ncbi.nlm.nih.gov
2014-03-20 08:58:49,blast.ncbi.nlm.nih.gov
2014-03-20 08:58:50,blast.ncbi.nlm.nih.gov
2014-03-20 08:58:58,blast.ncbi.nlm.nih.gov
2014-03-20 08:58:59,blast.ncbi.nlm.nih.gov
2014-03-20 08:59:10,annotathon.org
2014-03-20 08:59:40,annotathon.org
2014-03-20 09:00:10,annotathon.org
2014-03-20 09:00:40,annotathon.org
2014-03-20 09:01:10,annotathon.org
2014-03-20 09:01:40,annotathon.org
2014-03-20 09:02:10,annotathon.org
2014-03-20 09:02:40,annotathon.org
2014-03-20 09:02:54,blast.ncbi.nlm.nih.gov
2014-03-20 09:03:10,annotathon.org
2014-03-20 09:03:40,annotathon.org
2014-03-20 09:03:41,safebrowsing.clients.google.com
2014-03-20 09:03:41,safebrowsing-cache.google.com
2014-03-20 09:04:10,annotathon.org
2014-03-20 09:04:35,blast.ncbi.nlm.nih.gov
2014-03-20 09:04:40,annotathon.org
2014-03-20 09:04:41,blast.ncbi.nlm.nih.gov
2014-03-20 09:05:10,annotathon.org
2014-03-20 09:05:40,annotathon.org
2014-03-20 09:06:10,annotathon.org
2014-03-20 09:06:40,annotathon.org
2014-03-20 09:07:10,annotathon.org
2014-03-20 09:07:40,annotathon.org
2014-03-20 09:08:10,annotathon.org
2014-03-20 09:08:40,annotathon.org
2014-03-20 09:09:10,annotathon.org
2014-03-20 09:09:40,annotathon.org
2014-03-20 09:10:10,annotathon.org
2014-03-20 09:10:40,annotathon.org
2014-03-20 09:11:10,annotathon.org
2014-03-20 09:11:40,annotathon.org
2014-03-20 09:12:10,annotathon.org
2014-03-20 09:12:40,annotathon.org
2014-03-20 09:13:10,annotathon.org
2014-03-20 09:13:40,annotathon.org
2014-03-20 09:14:10,annotathon.org
2014-03-20 09:14:40,annotathon.org
2014-03-20 09:15:10,annotathon.org
2014-03-20 09:15:40,annotathon.org
2014-03-20 09:16:10,annotathon.org
2014-03-20 09:16:30,annotathon.org
2014-03-20 09:16:36,annotathon.org
2014-03-20 09:16:40,annotathon.org
2014-03-20 09:17:10,annotathon.org
2014-03-20 09:17:40,annotathon.org
2014-03-20 09:18:10,annotathon.org
2014-03-20 09:18:40,annotathon.org
2014-03-20 09:19:10,annotathon.org
2014-03-20 09:19:40,annotathon.org
2014-03-20 09:20:10,annotathon.org
2014-03-20 09:20:40,annotathon.org
2014-03-20 09:21:10,annotathon.org
2014-03-20 09:21:40,annotathon.org
2014-03-20 09:22:10,annotathon.org
2014-03-20 09:22:40,annotathon.org
2014-03-20 09:23:10,annotathon.org
2014-03-20 09:23:40,annotathon.org
2014-03-20 09:24:10,annotathon.org
2014-03-20 09:24:40,annotathon.org
2014-03-20 09:25:10,annotathon.org
2014-03-20 09:25:19,www.ncbi.nlm.nih.gov
2014-03-20 09:25:40,annotathon.org
2014-03-20 09:25:56,www.ncbi.nlm.nih.gov
2014-03-20 09:26:10,annotathon.org
2014-03-20 09:26:40,annotathon.org
2014-03-20 09:27:11,annotathon.org
2014-03-20 09:27:41,annotathon.org
2014-03-20 09:28:11,annotathon.org
2014-03-20 09:28:41,annotathon.org
2014-03-20 09:29:11,annotathon.org
2014-03-20 09:29:41,annotathon.org
2014-03-20 09:30:11,annotathon.org
2014-03-20 09:30:41,annotathon.org
2014-03-20 09:31:11,annotathon.org
2014-03-20 09:31:41,annotathon.org
2014-03-20 09:32:11,annotathon.org
2014-03-20 09:32:41,annotathon.org
2014-03-20 09:33:11,annotathon.org
2014-03-20 09:33:41,annotathon.org
2014-03-20 09:34:11,annotathon.org
2014-03-20 09:34:41,annotathon.org
2014-03-20 09:34:57,safebrowsing-cache.google.com
2014-03-20 09:34:57,safebrowsing.clients.google.com
2014-03-20 09:35:11,annotathon.org
2014-03-20 09:35:41,annotathon.org
2014-03-20 09:36:11,annotathon.org
2014-03-20 09:36:41,annotathon.org
2014-03-20 09:37:11,annotathon.org
2014-03-20 09:37:41,annotathon.org
2014-03-20 09:38:11,annotathon.org
2014-03-20 09:38:41,annotathon.org
2014-03-20 09:39:17,annotathon.org
2014-03-20 09:39:41,annotathon.org
2014-03-20 09:39:56,www.ncbi.nlm.nih.gov
2014-03-20 09:40:11,annotathon.org
2014-03-20 09:40:41,annotathon.org
2014-03-20 09:41:11,annotathon.org
2014-03-20 09:41:41,annotathon.org
2014-03-20 09:41:54,platform.twitter.com
2014-03-20 09:42:11,annotathon.org
2014-03-20 09:42:41,annotathon.org
2014-03-20 09:43:11,annotathon.org
2014-03-20 09:43:41,annotathon.org
2014-03-20 09:44:11,annotathon.org
2014-03-20 09:44:41,annotathon.org
2014-03-20 09:45:11,annotathon.org
2014-03-20 09:45:41,annotathon.org
2014-03-20 09:46:00,ocsp.tcs.terena.org
2014-03-20 09:46:00,ocsp.usertrust.com
2014-03-20 09:46:11,annotathon.org
2014-03-20 09:46:41,annotathon.org
2014-03-20 09:47:11,annotathon.org
2014-03-20 09:47:41,annotathon.org
2014-03-20 09:48:11,annotathon.org
2014-03-20 09:48:42,annotathon.org
2014-03-20 09:49:12,annotathon.org
2014-03-20 09:49:42,annotathon.org
2014-03-20 09:50:12,annotathon.org
2014-03-20 09:50:42,annotathon.org
2014-03-20 09:51:12,annotathon.org
2014-03-20 09:51:42,annotathon.org
2014-03-20 09:52:12,annotathon.org
2014-03-20 09:52:42,annotathon.org
2014-03-20 09:53:12,annotathon.org
2014-03-20 09:53:42,annotathon.org
2014-03-20 09:54:12,annotathon.org
2014-03-20 09:54:29,www.ncbi.nlm.nih.gov
2014-03-20 09:54:42,annotathon.org
2014-03-20 09:54:48,www.ncbi.nlm.nih.gov
2014-03-20 09:54:54,www.ncbi.nlm.nih.gov
2014-03-20 09:54:55,www.ncbi.nlm.nih.gov
2014-03-20 09:55:12,annotathon.org
2014-03-20 09:55:42,annotathon.org
2014-03-20 09:56:12,annotathon.org
2014-03-20 09:56:18,annotathon.org
2014-03-20 09:56:25,annotathon.org
2014-03-20 10:52:15,www.google.de
2014-03-20 10:52:24,www.google.fr
2014-03-20 10:52:35,api.bing.com
2014-03-20 10:52:36,www.google.de
2014-03-20 10:52:36,www.google.fr
2014-03-20 10:52:43,www.bing.com
2014-03-20 10:52:43,www.google.fr
2014-03-20 10:52:44,www.bing.com
2014-03-20 10:52:45,clients1.google.fr
2014-03-20 10:52:45,cms.abmr.net
2014-03-20 10:52:45,www.bing.com
2014-03-20 10:52:46,www.bing.com
2014-03-20 10:52:46,www.google.fr
2014-03-20 10:52:53,www.google.fr
2014-03-20 10:52:55,login.live.com
2014-03-20 10:52:56,clients1.google.fr
2014-03-20 10:52:57,clients1.google.fr
2014-03-20 10:52:57,www.google.fr
2014-03-20 10:52:58,clients1.google.fr
2014-03-20 10:53:00,docs.google.com
2014-03-20 10:53:02,www.google.com
2014-03-20 10:53:05,www.google.fr
2014-03-20 10:53:05,docs.google.com
2014-03-20 10:53:05,accounts.google.com
2014-03-20 10:53:05,www.google.com
2014-03-20 10:53:11,accounts.youtube.com
2014-03-20 10:54:20,accounts.google.fr
2014-03-20 10:54:24,accounts.youtube.com
2014-03-20 10:54:24,accounts.google.com
2014-03-20 10:54:24,drive.google.com
2014-03-20 10:54:25,accounts.google.fr
2014-03-20 10:54:25,drive.google.com
2014-03-20 10:54:25,docs.google.com
2014-03-20 10:54:26,apis.google.com
2014-03-20 10:54:26,drive.google.com
2014-03-20 10:54:28,apis.google.com
2014-03-20 10:54:28,drive.google.com
2014-03-20 10:54:29,apis.google.com
2014-03-20 10:54:30,drive.google.com
2014-03-20 10:54:31,apis.google.com
2014-03-20 10:54:32,drive.google.com
2014-03-20 10:54:33,0.drive.google.com
2014-03-20 10:54:35,drive.google.com
2014-03-20 10:54:41,docs.google.com
2014-03-20 10:54:42,drive.google.com
2014-03-20 10:54:49,drive.google.com
2014-03-20 10:55:12,docs.google.com
2014-03-20 10:55:14,docs.google.com
2014-03-20 10:55:21,docs.google.com
2014-03-20 10:55:28,gg.google.com
2014-03-20 10:55:46,drive.google.com
2014-03-20 10:55:49,www.google.com
2014-03-20 10:55:49,drive.google.com
2014-03-20 10:55:57,docs.google.com
2014-03-20 10:56:01,docs.google.com
2014-03-20 10:56:01,0.docs.google.com
2014-03-20 10:56:01,www.google.com
2014-03-20 10:56:06,0.docs.google.com
2014-03-20 10:56:07,docs.google.com
2014-03-20 10:56:08,docs.google.com
2014-03-20 10:56:09,docs.google.com
2014-03-20 10:56:10,apis.google.com
2014-03-20 10:56:13,docs.google.com
2014-03-20 10:56:14,0.docs.google.com
2014-03-20 10:56:15,docs.google.com
2014-03-20 10:56:17,docs.google.com
2014-03-20 10:56:30,gg.google.com
2014-03-20 10:56:31,apis.google.com
2014-03-20 10:56:34,0.docs.google.com
2014-03-20 10:56:34,docs.google.com
2014-03-20 10:56:52,docs.google.com
2014-03-20 10:56:53,docs.google.com
2014-03-20 10:57:10,www.google.com
2014-03-20 10:57:26,apis.google.com
2014-03-20 10:57:29,apis.google.com
2014-03-20 10:57:30,apis.google.com
2014-03-20 10:57:30,docs.google.com
2014-03-20 10:57:30,drive.google.com
2014-03-20 10:57:30,www.google.com
2014-03-20 10:57:32,apis.google.com
2014-03-20 10:57:32,www.google.com
2014-03-20 10:57:37,docs.google.com
2014-03-20 10:57:38,apis.google.com
2014-03-20 10:57:38,docs.google.com
2014-03-20 10:57:39,docs.google.com
2014-03-20 10:57:39,www.google.com
2014-03-20 10:57:40,www.google.com
2014-03-20 10:57:41,www.google.com
2014-03-20 10:57:42,accounts.google.com
2014-03-20 10:57:42,www.google.com
2014-03-20 10:57:42,apis.google.com
2014-03-20 10:57:44,apis.google.com
2014-03-20 10:57:45,1.docs.google.com
2014-03-20 10:57:45,apis.google.com
2014-03-20 10:57:49,apis.google.com
2014-03-20 10:57:51,1.docs.google.com
2014-03-20 10:57:54,apis.google.com
2014-03-20 10:58:01,docs.google.com
2014-03-20 10:59:05,www.google.com
2014-03-20 10:59:06,www.google.com
2014-03-20 10:59:07,www.socialmediaexaminer.com
2014-03-20 10:59:08,platform.twitter.com
2014-03-20 10:59:08,www.socialmediaexaminer.com
2014-03-20 10:59:13,player.vimeo.com
2014-03-20 10:59:13,0.drive.google.com
2014-03-20 10:59:13,www.youtube.com
2014-03-20 10:59:15,connect.facebook.net
2014-03-20 10:59:15,s.ytimg.com
2014-03-20 10:59:15,platform.linkedin.com
2014-03-20 10:59:15,static.bufferapp.com
2014-03-20 10:59:15,www.stumbleupon.com
2014-03-20 10:59:15,assets.pinterest.com
2014-03-20 10:59:17,platform.linkedin.com
2014-03-20 10:59:18,platform.stumbleupon.com
2014-03-20 10:59:19,www.google.com
2014-03-20 10:59:20,www.linkedin.com
2014-03-20 10:59:20,1.gravatar.com
2014-03-20 10:59:20,www.facebook.com
2014-03-20 10:59:23,support.google.com
2014-03-20 10:59:23,apis.google.com
2014-03-20 10:59:24,support.google.com
2014-03-20 10:59:25,smexaminer.disqus.com
2014-03-20 10:59:25,www.google.com
2014-03-20 10:59:25,s.ytimg.com
2014-03-20 10:59:26,platform.twitter.com
2014-03-20 10:59:26,forms.aweber.com
2014-03-20 10:59:26,s.ytimg.com
2014-03-20 10:59:26,i1.ytimg.com
2014-03-20 10:59:27,i1.ytimg.com
2014-03-20 10:59:27,static.ak.facebook.com
2014-03-20 10:59:27,www.facebook.com
2014-03-20 10:59:27,apis.google.com
2014-03-20 10:59:27,s-static.ak.facebook.com
2014-03-20 10:59:31,assets.pinterest.com
2014-03-20 10:59:31,go.disqus.com
2014-03-20 10:59:31,www.google.com
2014-03-20 10:59:31,accounts.google.com
2014-03-20 10:59:31,apis.google.com
2014-03-20 10:59:32,forms.aweber.com
2014-03-20 10:59:33,disqus.com
2014-03-20 10:59:33,player.soundcloud.com
2014-03-20 10:59:34,old.hellobar.com
2014-03-20 10:59:34,apis.google.com
2014-03-20 10:59:34,www.google.com
2014-03-20 10:59:35,clients1.google.com
2014-03-20 10:59:35,support.google.com
2014-03-20 10:59:35,apis.google.com
2014-03-20 10:59:35,www.google.com
2014-03-20 10:59:35,widgets.pinterest.com
2014-03-20 10:59:36,clients1.google.com
2014-03-20 10:59:36,www.google.com
2014-03-20 10:59:38,apis.google.com
2014-03-20 10:59:38,accounts.google.com
2014-03-20 10:59:40,hb-assets.s3.amazonaws.com
2014-03-20 10:59:41,accounts.google.com
2014-03-20 10:59:41,clients6.google.com
2014-03-20 10:59:42,player.soundcloud.com
2014-03-20 10:59:42,www.facebook.com
2014-03-20 10:59:45,d389zggrogs7qo.cloudfront.net
2014-03-20 10:59:45,platform.twitter.com
2014-03-20 10:59:46,platform.twitter.com
2014-03-20 10:59:46,www.googleapis.com
2014-03-20 10:59:46,forms.aweber.com
2014-03-20 10:59:46,passets.pinterest.com
2014-03-20 10:59:47,forms.aweber.com
2014-03-20 10:59:47,www.google.com
2014-03-20 10:59:47,www.socialmediaexaminer.com
2014-03-20 10:59:48,platform.twitter.com
2014-03-20 10:59:48,clients1.google.com
2014-03-20 10:59:48,www.google.com
2014-03-20 10:59:48,p1.soundcloud.com
2014-03-20 10:59:49,d389zggrogs7qo.cloudfront.net
2014-03-20 10:59:52,soundcloud.com
2014-03-20 10:59:52,api.soundcloud.com
2014-03-20 10:59:53,soundcloud.com
2014-03-20 11:00:03,www.google.com
2014-03-20 11:00:03,twitter.com
2014-03-20 11:00:04,www.googleapis.com
2014-03-20 11:00:04,twitter.com
2014-03-20 11:00:05,www.google.com
2014-03-20 11:00:06,platform.linkedin.com
2014-03-20 11:00:06,www.socialmediaexaminer.com
2014-03-20 11:00:06,twitter.com
2014-03-20 11:00:07,twitter.com
2014-03-20 11:00:07,disqus.com
2014-03-20 11:00:08,0.drive.google.com
2014-03-20 11:00:12,pbs.twimg.com
2014-03-20 11:00:13,pbs.twimg.com
2014-03-20 11:00:14,pbs.twimg.com
2014-03-20 11:00:14,www.socialmediaexaminer.com
2014-03-20 11:00:21,pbs.twimg.com
2014-03-20 11:00:40,www.linkedin.com
2014-03-20 11:00:42,disqus.com
2014-03-20 11:00:44,disqus.com
2014-03-20 11:00:44,twitter.com
2014-03-20 11:00:45,platform.twitter.com
2014-03-20 11:00:45,disqus.com
2014-03-20 11:01:00,syndication.twitter.com
2014-03-20 11:01:14,www.linkedin.com
2014-03-20 11:01:31,syndication.twitter.com
2014-03-20 11:01:34,support.google.com
2014-03-20 11:01:34,clients6.google.com
2014-03-20 11:01:34,apis.google.com
2014-03-20 11:03:20,1.docs.google.com
2014-03-20 11:03:29,docs.google.com
2014-03-20 11:04:20,drive.google.com
2014-03-20 11:04:22,gg.google.com
2014-03-20 11:04:22,drive.google.com
2014-03-20 11:04:27,plus.google.com
2014-03-20 11:04:51,0.drive.google.com
2014-03-20 11:04:51,plus.google.com
2014-03-20 11:04:52,plus.google.com
2014-03-20 11:05:18,plus.google.com
2014-03-20 11:05:18,maps-api-ssl.google.com
2014-03-20 11:05:19,maps-api-ssl.google.com
2014-03-20 11:05:41,maps-api-ssl.google.com
2014-03-20 11:05:45,apis.google.com
2014-03-20 11:05:45,maps-api-ssl.google.com
2014-03-20 11:05:57,plus.google.com
2014-03-20 11:06:03,plus.google.com
2014-03-20 11:06:05,plus.google.com
2014-03-20 11:06:07,talkgadget.google.com
2014-03-20 11:06:07,plus.google.com
2014-03-20 11:06:11,talkgadget.google.com
2014-03-20 11:06:12,plus.google.com
2014-03-20 11:06:13,plus.google.com
2014-03-20 11:06:21,plus.google.com
2014-03-20 11:06:29,plus.google.com
2014-03-20 11:06:32,talkgadget.google.com
2014-03-20 11:06:32,clients6.google.com
2014-03-20 11:06:33,talkgadget.google.com
2014-03-20 11:06:34,apis.google.com
2014-03-20 11:06:34,accounts.google.com
2014-03-20 11:06:34,plus.google.com
2014-03-20 11:06:37,clients6.google.com
2014-03-20 11:06:42,clients6.google.com
2014-03-20 11:08:21,clients6.google.com
2014-03-20 11:09:42,talkgadget.google.com
2014-03-20 11:09:42,clients6.google.com
2014-03-20 11:09:42,plus.google.com
2014-03-20 11:18:09,api.bing.com
2014-03-20 11:18:10,api.bing.com
2014-03-20 11:18:12,api.bing.com
2014-03-20 11:18:22,www.bing.com
2014-03-20 11:18:23,www.bing.com
2014-03-20 11:18:24,www.bing.com
2014-03-20 11:18:25,docs.google.com
2014-03-20 11:18:25,cms.abmr.net
2014-03-20 11:18:25,www.bing.com
2014-03-20 11:18:25,login.live.com
2014-03-20 11:18:26,www.google.com
2014-03-20 11:18:27,accounts.google.com
2014-03-20 11:18:27,www.google.com
2014-03-20 11:18:29,accounts.youtube.com
2014-03-20 11:18:49,accounts.google.fr
2014-03-20 11:18:49,docs.google.com
2014-03-20 11:18:50,drive.google.com
2014-03-20 11:18:51,accounts.google.fr
2014-03-20 11:18:51,docs.google.com
2014-03-20 11:18:51,accounts.youtube.com
2014-03-20 11:18:51,drive.google.com
2014-03-20 11:18:51,accounts.google.com
2014-03-20 11:18:52,apis.google.com
2014-03-20 11:18:53,drive.google.com
2014-03-20 11:18:54,0.drive.google.com
2014-03-20 11:18:54,apis.google.com
2014-03-20 11:18:54,drive.google.com
2014-03-20 11:18:55,drive.google.com
2014-03-20 11:18:55,apis.google.com
2014-03-20 11:18:58,drive.google.com
2014-03-20 11:18:59,drive.google.com
2014-03-20 11:18:59,docs.google.com
2014-03-20 11:19:03,docs.google.com
2014-03-20 11:19:04,docs.google.com
2014-03-20 11:19:05,docs.google.com
2014-03-20 11:19:11,www.google.fr
2014-03-20 11:19:11,drive.google.com
2014-03-20 11:19:11,www.google.com
2014-03-20 11:19:12,www.google.com
2014-03-20 11:19:12,www.google.fr
2014-03-20 11:19:20,mail.google.com
2014-03-20 11:19:21,accounts.google.com
2014-03-20 11:19:23,mail.google.com
2014-03-20 11:19:24,mail.google.com
2014-03-20 11:19:25,mail.google.com
2014-03-20 11:19:25,clients2.google.com
2014-03-20 11:19:26,www.google.com
2014-03-20 11:19:26,0.drive.google.com
2014-03-20 11:19:27,clients2.google.com
2014-03-20 11:19:27,mail.google.com
2014-03-20 11:19:27,plus.google.com
2014-03-20 11:19:27,apis.google.com
2014-03-20 11:19:28,accounts.google.com
2014-03-20 11:19:28,mail.google.com
2014-03-20 11:19:28,plus.google.com
2014-03-20 11:19:29,apis.google.com
2014-03-20 11:19:29,plus.google.com
2014-03-20 11:19:29,mail.google.com
2014-03-20 11:19:30,mail.google.com
2014-03-20 11:19:30,chatenabled.mail.google.com
2014-03-20 11:19:30,b.mail.google.com
2014-03-20 11:19:58,drive.google.com
2014-03-20 11:20:05,www.google.com
2014-03-20 11:20:06,www.google.com
2014-03-20 11:20:07,www.google.com
2014-03-20 11:20:08,www.google.com
2014-03-20 11:20:09,www.google.com
2014-03-20 11:20:09,apis.google.com
2014-03-20 11:20:10,accounts.google.com
2014-03-20 11:20:10,tools.google.com
2014-03-20 11:20:10,www.google.com
2014-03-20 11:20:10,apis.google.com
2014-03-20 11:20:11,accounts.google.com
2014-03-20 11:20:11,apis.google.com
2014-03-20 11:20:27,chatenabled.mail.google.com
2014-03-20 11:20:47,plus.google.com
2014-03-20 11:20:47,mail.google.com
2014-03-20 11:20:48,mail.google.com
2014-03-20 11:20:59,mail.google.com
2014-03-20 11:21:07,plus.google.com
2014-03-20 11:21:11,apis.google.com
2014-03-20 11:21:13,mail.google.com
2014-03-20 11:21:13,drive.google.com
2014-03-20 11:21:14,drive.google.com
2014-03-20 11:21:17,drive.google.com
2014-03-20 11:21:18,drive.google.com
2014-03-20 11:21:19,1.drive.google.com
2014-03-20 11:21:23,drive.google.com
2014-03-20 11:21:23,docs.google.com
2014-03-20 11:21:24,docs.google.com
2014-03-20 11:21:25,docs.google.com
2014-03-20 11:21:25,apis.google.com
2014-03-20 11:21:26,apis.google.com
2014-03-20 11:21:27,docs.google.com
2014-03-20 11:21:28,docs.google.com
2014-03-20 11:21:30,docs.google.com
2014-03-20 11:21:35,docs.google.com
2014-03-20 11:21:56,drive.google.com
2014-03-20 11:22:16,gg.google.com
2014-03-20 11:22:18,gg.google.com
2014-03-20 11:22:20,drive.google.com
2014-03-20 11:22:30,mail.google.com
2014-03-20 11:22:49,drive.google.com
2014-03-20 11:22:54,apis.google.com
2014-03-20 11:22:54,support.google.com
2014-03-20 11:22:55,plus.google.com
2014-03-20 11:22:55,mail.google.com
2014-03-20 11:22:55,support.google.com
2014-03-20 11:22:55,www.google.com
2014-03-20 11:22:56,www.google.com
2014-03-20 11:22:57,www.google.com
2014-03-20 11:22:57,clients1.google.com
2014-03-20 11:23:21,drive.google.com
2014-03-20 11:23:21,plus.google.com
2014-03-20 11:23:23,plus.google.com
2014-03-20 11:23:27,accounts.google.com
2014-03-20 11:23:32,apis.google.com
2014-03-20 11:23:36,apis.google.com
2014-03-20 11:23:36,support.google.com
2014-03-20 11:23:38,b.mail.google.com
2014-03-20 11:23:39,support.google.com
2014-03-20 11:23:40,www.google.com
2014-03-20 11:23:40,www.google.fr
2014-03-20 11:23:40,mail.google.com
2014-03-20 11:23:40,accounts.google.com
2014-03-20 11:23:41,accounts.google.fr
2014-03-20 11:23:41,docs.google.com
2014-03-20 11:23:41,accounts.google.com
2014-03-20 11:23:41,accounts.youtube.com
2014-03-20 11:23:41,www.google.com
2014-03-20 11:23:42,accounts.youtube.com
2014-03-20 11:24:28,1.drive.google.com
2014-03-20 11:24:29,plus.google.com
2014-03-20 11:24:43,mail.google.com
2014-03-20 11:25:42,www.bing.com
2014-03-20 11:25:43,www.bing.com
2014-03-20 11:25:45,login.live.com
2014-03-20 11:25:45,www.bing.com
2014-03-20 11:25:48,www.bing.com
2014-03-20 11:25:49,www.bing.com
2014-03-20 11:25:50,www.bing.com
2014-03-20 11:25:52,www.bing.com
2014-03-20 11:26:06,www.linguee.fr
2014-03-20 11:27:10,www.squid-cache.org
2014-03-20 11:27:10,www.linguee.fr
2014-03-20 11:27:16,www.bing.com
2014-03-20 11:27:18,ssl.bing.com
2014-03-20 11:27:18,mail.google.com
2014-03-20 11:27:18,login.live.com
2014-03-20 11:27:19,www.bing.com
2014-03-20 11:27:26,www.bing.com
2014-03-20 11:27:33,www.bing.com
2014-03-20 11:27:52,www.bing.com
2014-03-20 11:28:00,api.bing.com
2014-03-20 11:28:01,api.bing.com
2014-03-20 11:28:02,www.linguee.fr
2014-03-20 11:28:03,www.bing.com
2014-03-20 11:28:04,www.bing.com
2014-03-20 11:28:04,www.google.fr
2014-03-20 11:28:05,login.live.com
2014-03-20 11:28:05,www.google.fr
2014-03-20 11:28:05,ssl.bing.com
2014-03-20 11:28:06,clients1.google.fr
2014-03-20 11:28:06,www.google.fr
2014-03-20 11:28:07,www.google.fr
2014-03-20 11:28:13,www.linguee.fr
2014-03-20 11:29:19,www.linguee.fr
2014-03-20 11:29:22,clients1.google.fr
2014-03-20 11:29:22,www.google.fr
2014-03-20 11:35:57,www.bing.com
2014-03-20 11:35:58,www.bing.com
2014-03-20 11:36:05,login.live.com
2014-03-20 11:36:05,www.bing.com
2014-03-20 11:36:08,www.bing.com
2014-03-20 11:36:30,www.google.fr
2014-03-20 11:36:30,www.bing.com
2014-03-20 11:36:30,ssl.bing.com
2014-03-20 11:36:31,clients1.google.fr
2014-03-20 11:36:40,fr-fr.facebook.com
2014-03-20 11:36:48,fr-fr.facebook.com
2014-03-20 11:37:03,fr-fr.facebook.com
2014-03-20 11:37:09,clients1.google.fr
2014-03-20 11:37:09,www.google.fr
2014-03-26 10:07:04,go.microsoft.com
2014-03-26 10:07:05,windows.microsoft.com
2014-03-26 10:07:05,res2.windows.microsoft.com
2014-03-26 10:07:05,res1.windows.microsoft.com
2014-03-26 10:07:05,ajax.microsoft.com
2014-03-26 10:07:05,js.microsoft.com
2014-03-26 10:07:09,www.bing.com
2014-03-26 10:07:13,api.bing.com
2014-03-26 10:07:14,api.bing.com
2014-03-26 10:07:16,api.bing.com
2014-03-26 10:07:17,api.bing.com
2014-03-26 10:07:18,www.bing.com
2014-03-26 10:07:19,www.bing.com
2014-03-26 10:07:19,cms.abmr.net
2014-03-26 10:07:20,www.bing.com
2014-03-26 10:07:21,login.live.com
2014-03-26 10:07:26,www.bing.com
2014-03-26 10:07:27,www.bing.com
2014-03-26 10:07:29,www.bing.com
2014-03-26 10:07:32,annotathon.org
2014-03-26 10:07:32,ssl.bing.com
2014-03-26 10:07:33,annotathon.org
2014-03-26 10:09:03,ieonline.microsoft.com
2014-03-26 10:09:04,ieonline.microsoft.com
2014-03-26 10:09:04,go.microsoft.com
2014-03-26 10:13:05,annotathon.org
2014-03-26 10:13:35,annotathon.org
2014-03-26 10:13:44,annotathon.org
2014-03-26 10:13:48,annotathon.org
2014-03-26 10:13:51,annotathon.org
2014-03-26 10:13:54,annotathon.org
2014-03-26 10:13:55,annotathon.org
2014-03-26 10:14:00,annotathon.org
2014-03-26 10:14:04,annotathon.org
2014-03-26 10:14:04,annotathon.univ-mrs.fr
2014-03-26 10:14:26,annotathon.org
2014-03-26 10:14:31,annotathon.org
2014-03-26 10:15:01,annotathon.org
2014-03-26 10:15:31,annotathon.org
2014-03-26 10:16:01,annotathon.org
2014-03-26 10:16:13,api.bing.com
2014-03-26 10:16:14,api.bing.com
2014-03-26 10:16:15,api.bing.com
2014-03-26 10:16:17,api.bing.com
2014-03-26 10:16:18,api.bing.com
2014-03-26 10:16:19,api.bing.com
2014-03-26 10:16:22,api.bing.com
2014-03-26 10:16:24,www.bing.com
2014-03-26 10:16:26,login.live.com
2014-03-26 10:16:31,annotathon.org
2014-03-26 10:16:31,www.bing.com
2014-03-26 10:16:32,www.bing.com
2014-03-26 10:16:32,ssl.bing.com
2014-03-26 10:17:01,annotathon.org
2014-03-26 10:17:31,annotathon.org
2014-03-26 10:18:01,annotathon.org
2014-03-26 10:18:31,annotathon.org
2014-03-26 10:18:53,platform.twitter.com
2014-03-26 10:19:01,annotathon.org
2014-03-26 10:19:31,annotathon.org
2014-03-26 10:19:47,annotathon.org
2014-03-26 10:19:54,annotathon.org
2014-03-26 10:19:54,annotathon.univ-mrs.fr
2014-03-26 10:19:55,annotathon.org
2014-03-26 10:20:01,annotathon.org
2014-03-26 10:20:31,annotathon.org
2014-03-26 10:21:01,annotathon.org
2014-03-26 10:21:31,annotathon.org
2014-03-26 10:22:11,annotathon.org
2014-03-26 10:22:31,annotathon.org
2014-03-26 10:23:01,annotathon.org
2014-03-26 10:23:31,annotathon.org
2014-03-26 10:24:01,annotathon.org
2014-03-26 10:24:31,annotathon.org
2014-03-26 10:25:01,annotathon.org
2014-03-26 10:25:31,annotathon.org
2014-03-26 10:26:01,annotathon.org
2014-03-26 10:26:31,annotathon.org
2014-03-26 10:27:01,annotathon.org
2014-03-26 10:27:31,annotathon.org
2014-03-26 10:28:01,annotathon.org
2014-03-26 10:28:31,annotathon.org
2014-03-26 10:29:01,annotathon.org
2014-03-26 10:29:31,annotathon.org
2014-03-26 10:30:01,annotathon.org
2014-03-26 10:30:31,annotathon.org
2014-03-26 10:31:01,annotathon.org
2014-03-26 10:31:31,annotathon.org
2014-03-26 10:32:01,annotathon.org
2014-03-26 10:32:31,annotathon.org
2014-03-26 10:33:01,annotathon.org
2014-03-26 10:33:31,annotathon.org
2014-03-26 10:34:01,annotathon.org
2014-03-26 10:34:31,annotathon.org
2014-03-26 10:34:56,annotathon.org
2014-03-26 10:34:57,annotathon.org
2014-03-26 10:35:02,annotathon.org
2014-03-26 10:35:33,annotathon.org
2014-03-26 10:36:02,annotathon.org
2014-03-26 10:36:32,annotathon.org
2014-03-26 10:36:35,annotathon.org
2014-03-26 10:36:40,annotathon.org
2014-03-26 10:36:58,annotathon.org
2014-03-26 10:37:27,annotathon.org
2014-03-26 10:37:57,annotathon.org
2014-03-26 10:38:09,annotathon.org
2014-03-26 10:38:39,annotathon.org
2014-03-26 10:39:09,annotathon.org
2014-03-26 10:39:39,annotathon.org
2014-03-26 10:40:09,annotathon.org
2014-03-26 10:40:39,annotathon.org
2014-03-26 10:41:09,annotathon.org
2014-03-26 10:41:39,annotathon.org
2014-03-26 10:42:09,annotathon.org
2014-03-26 10:42:39,annotathon.org
2014-03-26 10:43:09,annotathon.org
2014-03-26 10:43:39,annotathon.org
2014-03-26 10:44:09,annotathon.org
2014-03-26 10:44:39,annotathon.org
2014-03-26 10:45:09,annotathon.org
2014-03-26 10:45:39,annotathon.org
2014-03-26 10:46:09,annotathon.org
2014-03-26 10:46:21,api.bing.com
2014-03-26 10:46:26,www.bing.com
2014-03-26 10:46:28,login.live.com
2014-03-26 10:46:32,www.bing.com
2014-03-26 10:46:36,www.bing.com
2014-03-26 10:46:39,annotathon.org
2014-03-26 10:46:45,www.bing.com
2014-03-26 10:46:48,www.bing.com
2014-03-26 10:46:49,www.bing.com
2014-03-26 10:46:50,www.bing.com
2014-03-26 10:46:51,ssl.bing.com
2014-03-26 10:46:51,www.bing.com
2014-03-26 10:46:51,www.ncbi.nlm.nih.gov
2014-03-26 10:47:09,annotathon.org
2014-03-26 10:47:13,www.ncbi.nlm.nih.gov
2014-03-26 10:47:19,www.ncbi.nlm.nih.gov
2014-03-26 10:47:20,www.ncbi.nlm.nih.gov
2014-03-26 10:47:32,www.ncbi.nlm.nih.gov
2014-03-26 10:47:39,annotathon.org
2014-03-26 10:47:50,www.ncbi.nlm.nih.gov
2014-03-26 10:47:51,www.ncbi.nlm.nih.gov
2014-03-26 10:47:58,www.ncbi.nlm.nih.gov
2014-03-26 10:48:00,www.ncbi.nlm.nih.gov
2014-03-26 10:48:01,www.ncbi.nlm.nih.gov
2014-03-26 10:48:06,www.ncbi.nlm.nih.gov
2014-03-26 10:48:09,annotathon.org
2014-03-26 10:48:39,annotathon.org
2014-03-26 10:48:48,www.ncbi.nlm.nih.gov
2014-03-26 10:49:02,www.ncbi.nlm.nih.gov
2014-03-26 10:49:02,blast.ncbi.nlm.nih.gov
2014-03-26 10:49:09,annotathon.org
2014-03-26 10:49:12,www.ncbi.nlm.nih.gov
2014-03-26 10:49:13,www.ncbi.nlm.nih.gov
2014-03-26 10:49:14,www.ncbi.nlm.nih.gov
2014-03-26 10:49:16,www.ncbi.nlm.nih.gov
2014-03-26 10:49:17,www.ncbi.nlm.nih.gov
2014-03-26 10:49:19,www.ncbi.nlm.nih.gov
2014-03-26 10:49:21,www.ncbi.nlm.nih.gov
2014-03-26 10:49:22,www.ncbi.nlm.nih.gov
2014-03-26 10:49:24,www.ncbi.nlm.nih.gov
2014-03-26 10:49:30,www.ncbi.nlm.nih.gov
2014-03-26 10:49:31,www.ncbi.nlm.nih.gov
2014-03-26 10:49:39,annotathon.org
2014-03-26 10:49:42,www.ncbi.nlm.nih.gov
2014-03-26 10:49:44,www.ncbi.nlm.nih.gov
2014-03-26 10:49:50,www.ncbi.nlm.nih.gov
2014-03-26 10:49:53,www.ncbi.nlm.nih.gov
2014-03-26 10:49:55,www.ncbi.nlm.nih.gov
2014-03-26 10:49:58,www.ncbi.nlm.nih.gov
2014-03-26 10:50:05,www.ncbi.nlm.nih.gov
2014-03-26 10:50:08,www.ncbi.nlm.nih.gov
2014-03-26 10:50:09,annotathon.org
2014-03-26 10:50:10,www.ncbi.nlm.nih.gov
2014-03-26 10:50:19,www.ncbi.nlm.nih.gov
2014-03-26 10:50:39,api.bing.com
2014-03-26 10:50:39,annotathon.org
2014-03-26 10:50:40,api.bing.com
2014-03-26 10:50:41,www.bing.com
2014-03-26 10:50:44,www.bing.com
2014-03-26 10:50:44,login.live.com
2014-03-26 10:50:45,www.bing.com
2014-03-26 10:50:46,www.bing.com
2014-03-26 10:50:47,www.bing.com
2014-03-26 10:50:48,www.bing.com
2014-03-26 10:50:49,ssl.bing.com
2014-03-26 10:50:49,www.ncbi.nlm.nih.gov
2014-03-26 10:50:49,login.live.com
2014-03-26 10:50:49,blast.ncbi.nlm.nih.gov
2014-03-26 10:50:56,blast.ncbi.nlm.nih.gov
2014-03-26 10:50:56,www.ncbi.nlm.nih.gov
2014-03-26 10:50:57,blast.ncbi.nlm.nih.gov
2014-03-26 10:50:57,www.ncbi.nlm.nih.gov
2014-03-26 10:50:58,blast.ncbi.nlm.nih.gov
2014-03-26 10:51:00,blast.ncbi.nlm.nih.gov
2014-03-26 10:51:02,blast.ncbi.nlm.nih.gov
2014-03-26 10:51:03,blast.ncbi.nlm.nih.gov
2014-03-26 10:51:07,blast.ncbi.nlm.nih.gov
2014-03-26 10:51:08,blast.ncbi.nlm.nih.gov
2014-03-26 10:51:09,annotathon.org
2014-03-26 10:51:10,www.ncbi.nlm.nih.gov
2014-03-26 10:51:11,blast.ncbi.nlm.nih.gov
2014-03-26 10:51:13,www.ncbi.nlm.nih.gov
2014-03-26 10:51:14,blast.ncbi.nlm.nih.gov
2014-03-26 10:51:16,www.ncbi.nlm.nih.gov
2014-03-26 10:51:16,blast.ncbi.nlm.nih.gov
2014-03-26 10:51:19,www.ncbi.nlm.nih.gov
2014-03-26 10:51:19,blast.ncbi.nlm.nih.gov
2014-03-26 10:51:21,www.ncbi.nlm.nih.gov
2014-03-26 10:51:22,blast.ncbi.nlm.nih.gov
2014-03-26 10:51:24,www.ncbi.nlm.nih.gov
2014-03-26 10:51:25,blast.ncbi.nlm.nih.gov
2014-03-26 10:51:25,annotathon.org
2014-03-26 10:51:29,blast.ncbi.nlm.nih.gov
2014-03-26 10:51:29,www.ncbi.nlm.nih.gov
2014-03-26 10:51:30,blast.ncbi.nlm.nih.gov
2014-03-26 10:51:31,blast.ncbi.nlm.nih.gov
2014-03-26 10:51:55,annotathon.org
2014-03-26 10:52:00,www.ncbi.nlm.nih.gov
2014-03-26 10:52:01,blast.ncbi.nlm.nih.gov
2014-03-26 10:52:25,annotathon.org
2014-03-26 10:52:55,annotathon.org
2014-03-26 10:53:25,annotathon.org
2014-03-26 10:53:55,annotathon.org
2014-03-26 10:54:56,annotathon.org
2014-03-26 10:55:25,annotathon.org
2014-03-26 10:55:55,annotathon.org
2014-03-26 10:56:25,annotathon.org
2014-03-26 10:56:55,annotathon.org
2014-03-26 10:57:27,annotathon.org
2014-03-26 10:58:25,annotathon.org
2014-03-26 10:58:56,annotathon.org
2014-03-26 10:59:25,annotathon.org
2014-03-26 10:59:55,annotathon.org
2014-03-26 11:00:25,annotathon.org
2014-03-26 11:00:55,annotathon.org
2014-03-26 11:01:25,annotathon.org
2014-03-26 11:01:55,annotathon.org
2014-03-26 11:02:25,annotathon.org
2014-03-26 11:02:55,annotathon.org
2014-03-26 11:03:25,annotathon.org
2014-03-26 11:03:55,annotathon.org
2014-03-26 11:04:25,annotathon.org
2014-03-26 11:04:55,annotathon.org
2014-03-26 11:05:25,annotathon.org
2014-03-26 11:05:55,annotathon.org
2014-03-26 11:06:25,annotathon.org
2014-03-26 11:06:55,annotathon.org
2014-03-26 11:07:26,annotathon.org
2014-03-26 11:07:55,annotathon.org
2014-03-26 11:08:25,annotathon.org
2014-03-26 11:08:55,annotathon.org
2014-03-26 11:09:25,annotathon.org
2014-03-26 11:09:55,annotathon.org
2014-03-26 11:10:25,annotathon.org
2014-03-26 11:10:55,annotathon.org
2014-03-26 11:11:25,annotathon.org
2014-03-26 11:11:55,annotathon.org
2014-03-26 11:12:25,annotathon.org
2014-03-26 11:12:55,annotathon.org
2014-03-26 11:13:25,annotathon.org
2014-03-26 11:13:55,annotathon.org
2014-03-26 11:14:25,annotathon.org
2014-03-26 11:14:55,annotathon.org
2014-03-26 11:15:25,annotathon.org
2014-03-26 11:15:55,annotathon.org
2014-03-26 11:16:25,annotathon.org
2014-03-26 11:16:55,annotathon.org
2014-03-26 11:17:25,annotathon.org
2014-03-26 11:17:55,annotathon.org
2014-03-26 11:18:25,annotathon.org
2014-03-26 11:18:55,annotathon.org
2014-03-26 11:19:25,annotathon.org
2014-03-26 11:19:55,annotathon.org
2014-03-26 11:20:25,annotathon.org
2014-03-26 11:20:55,annotathon.org
2014-03-26 11:21:25,annotathon.org
2014-03-26 11:21:55,annotathon.org
2014-03-26 11:22:24,annotathon.org
2014-03-26 11:22:54,annotathon.org
2014-03-26 11:23:24,annotathon.org
2014-03-26 11:23:43,supfam.org
2014-03-26 11:23:55,annotathon.org
2014-03-26 11:23:56,platform.twitter.com
2014-03-26 11:24:24,annotathon.org
2014-03-26 11:24:54,annotathon.org
2014-03-26 11:25:24,annotathon.org
2014-03-26 11:25:54,annotathon.org
2014-03-26 11:26:24,annotathon.org
2014-03-26 11:26:54,annotathon.org
2014-03-26 11:27:24,annotathon.org
2014-03-26 11:27:54,annotathon.org
2014-03-26 11:28:24,annotathon.org
2014-03-26 11:28:54,annotathon.org
2014-03-26 11:29:24,annotathon.org
2014-03-26 11:29:54,annotathon.org
2014-03-26 11:30:24,annotathon.org
2014-03-26 11:30:54,annotathon.org
2014-03-26 11:31:24,annotathon.org
2014-03-26 11:31:54,annotathon.org
2014-03-26 11:32:24,annotathon.org
2014-03-26 11:32:55,annotathon.org
2014-03-26 11:33:24,annotathon.org
2014-03-26 11:33:54,annotathon.org
2014-03-26 11:34:24,annotathon.org
2014-03-26 11:34:54,annotathon.org
2014-03-26 11:35:24,annotathon.org
2014-03-26 11:35:54,annotathon.org
2014-03-26 11:36:24,annotathon.org
2014-03-26 11:36:54,annotathon.org
2014-03-26 11:37:24,annotathon.org
2014-03-26 11:37:33,annotathon.org
2014-03-26 11:37:34,annotathon.org
2014-03-26 11:38:04,annotathon.org
2014-03-26 11:38:17,blast.ncbi.nlm.nih.gov
2014-03-26 11:38:18,blast.ncbi.nlm.nih.gov
2014-03-26 11:38:34,annotathon.org
2014-03-26 11:38:56,blast.ncbi.nlm.nih.gov
2014-03-26 11:38:57,blast.ncbi.nlm.nih.gov
2014-03-26 11:38:58,blast.ncbi.nlm.nih.gov
2014-03-26 11:39:04,annotathon.org
2014-03-26 11:39:34,annotathon.org
2014-03-26 11:40:04,annotathon.org
2014-03-26 11:40:18,blast.ncbi.nlm.nih.gov
2014-03-26 11:40:23,blast.ncbi.nlm.nih.gov
2014-03-26 11:40:25,blast.ncbi.nlm.nih.gov
2014-03-26 11:40:27,www.ncbi.nlm.nih.gov
2014-03-26 11:40:28,blast.ncbi.nlm.nih.gov
2014-03-26 11:40:34,annotathon.org
2014-03-26 11:41:04,annotathon.org
2014-03-26 11:41:34,annotathon.org
2014-03-26 11:42:04,annotathon.org
2014-03-26 11:42:21,blast.ncbi.nlm.nih.gov
2014-03-26 11:42:23,blast.ncbi.nlm.nih.gov
2014-03-26 11:42:24,blast.ncbi.nlm.nih.gov
2014-03-26 11:42:34,annotathon.org
2014-03-26 11:43:04,annotathon.org
2014-03-26 11:43:34,annotathon.org
2014-03-26 11:44:04,annotathon.org
2014-03-26 11:44:34,annotathon.org
2014-03-26 11:45:04,annotathon.org
2014-03-26 11:45:08,blast.ncbi.nlm.nih.gov
2014-03-26 11:45:25,blast.ncbi.nlm.nih.gov
2014-03-26 11:45:34,annotathon.org
2014-03-26 11:46:03,annotathon.org
2014-03-26 11:46:33,annotathon.org
2014-03-26 11:47:03,annotathon.org
2014-03-26 11:47:33,annotathon.org
2014-03-26 11:48:03,annotathon.org
2014-03-26 11:48:33,annotathon.org
2014-03-26 11:49:03,annotathon.org
2014-03-26 11:49:10,blast.ncbi.nlm.nih.gov
2014-03-26 11:49:33,annotathon.org
2014-03-26 11:50:03,annotathon.org
2014-03-26 11:50:33,annotathon.org
2014-03-26 11:51:03,annotathon.org
2014-03-26 11:51:33,annotathon.org
2014-03-26 11:52:03,annotathon.org
2014-03-26 11:52:33,annotathon.org
2014-03-26 11:53:03,annotathon.org
2014-03-26 11:53:33,annotathon.org
2014-03-26 11:53:58,annotathon.org
2014-03-26 11:53:59,annotathon.org
2014-03-26 11:54:29,annotathon.org
2014-03-26 11:54:59,annotathon.org
2014-03-26 11:55:29,annotathon.org
2014-03-26 11:55:58,annotathon.org
2014-03-26 11:56:28,annotathon.org
2014-03-26 11:56:58,annotathon.org
2014-03-26 11:57:29,annotathon.org
2014-03-26 11:57:58,annotathon.org
2014-03-26 11:58:28,annotathon.org
2014-03-26 11:58:59,annotathon.org
2014-03-26 11:59:08,annotathon.org
2014-03-26 11:59:15,api.bing.com
2014-03-26 11:59:18,www.bing.com
2014-03-26 11:59:19,www.bing.com
2014-03-26 11:59:38,annotathon.org
2014-03-26 12:00:08,annotathon.org
2014-03-26 12:00:32,www.facebook.com
2014-03-26 12:00:32,windows.microsoft.com
2014-03-26 12:00:32,res2.windows.microsoft.com
2014-03-26 12:00:32,res1.windows.microsoft.com
2014-03-26 12:00:32,js.microsoft.com
2014-03-26 12:00:32,go.microsoft.com
2014-03-26 12:00:33,login.live.com
2014-03-26 12:00:33,windows.microsoft.com
2014-03-26 12:00:38,annotathon.org
2014-03-26 12:01:08,annotathon.org
2014-03-26 12:01:38,annotathon.org
2014-03-28 11:31:02,ieonline.microsoft.com
2014-04-25 15:18:01,sci.sciences.univ-bpclermont.fr
2014-04-25 15:18:02,sci.sciences.univ-bpclermont.fr
2014-04-25 15:18:02,ocsp.thawte.com
2014-04-25 15:18:03,gtglobal-ocsp.geotrust.com
2014-04-25 15:18:03,clients1.google.com
2014-04-25 15:18:07,evsecure-ocsp.verisign.com
2014-04-25 15:18:07,login.live.com
2014-04-25 15:18:07,hotmail.fr
2014-04-25 15:18:08,sb.symcd.com
2014-04-25 15:18:08,ocsp.digicert.com
2014-04-25 15:18:09,ocsp.digicert.com
2014-04-25 15:18:09,login.live.com
2014-04-25 15:18:20,windowslive.tt.omtrdc.net
2014-04-25 15:18:21,login.live.com
2014-04-25 15:18:22,login.live.com
2014-04-25 15:18:22,evintl-ocsp.verisign.com
2014-04-25 15:18:24,ocsp.verisign.com
2014-04-25 15:18:25,gtssl2-ocsp.geotrust.com
2014-04-25 15:18:32,sci.sciences.univ-bpclermont.fr
2014-04-25 15:18:42,clients1.google.com
2014-04-25 15:18:58,g.msn.com
2014-04-25 15:19:02,gtssl-ocsp.geotrust.com
2014-04-25 15:19:22,clients1.google.com
2014-04-25 15:19:22,h.live.com
2014-04-25 15:19:22,mail.live.com
2014-04-25 15:19:25,people.directory.live.com
2014-04-25 15:19:26,h.bing.com
2014-04-25 15:19:28,cid-eaae8d4d61597c31.users.storage.live.com
2014-04-25 15:19:28,storage.live.com
2014-04-25 15:19:29,dub115.mail.live.com
2014-04-25 15:19:31,dub115.mail.live.com
2014-04-25 15:19:31,byfiles.storage.msn.com
2014-04-25 15:19:35,dub115.mail.live.com
2014-04-25 15:19:37,dub115.mail.live.com
2014-04-25 15:20:20,js.live.net
2014-04-25 15:20:20,safebrowsing.clients.google.com
2014-04-25 15:20:20,safebrowsing-cache.google.com
2014-04-25 15:20:21,safebrowsing-cache.google.com
2014-04-25 15:20:21,h2.msn.com
2014-04-25 15:20:21,go.trouter.io
2014-04-25 15:20:22,dub115.mail.live.com
2014-04-25 15:20:22,secure.shared.live.com
2014-04-25 15:20:27,clients1.google.com
2014-04-25 15:20:58,sb-ssl.google.com
2014-04-25 15:22:18,www.google.fr
2014-04-25 15:22:44,accounts.youtube.com
2014-04-25 15:23:13,www.google.com
2014-04-25 15:23:18,accounts.google.com
2014-04-25 15:23:21,accounts.google.fr
2014-04-25 15:23:22,plus.google.com
2014-04-25 15:23:22,apis.google.com
2014-04-25 15:23:25,dub115.mail.live.com
2014-04-25 15:23:26,docs.google.com
2014-04-25 15:23:26,clients1.google.com
2014-04-25 15:23:41,drive.google.com
2014-04-25 15:24:20,gg.google.com
2014-04-25 15:24:27,people.directory.live.com
2014-04-25 15:24:28,dub115.mail.live.com
2014-04-25 15:25:28,clients1.google.com
2014-04-25 15:26:01,ocsp.verisign.com
2014-04-25 15:26:24,clients2.google.com
2014-04-25 15:26:28,accounts.google.com
2014-04-25 15:28:01,ocsp.digicert.com
2014-04-25 15:29:23,clients6.google.com
2014-04-25 15:29:24,drive.google.com
2014-04-25 15:29:25,apis.google.com
2014-04-25 15:29:28,plus.google.com
2014-04-25 15:29:32,docs.google.com
2014-04-25 15:30:27,www.google.com
2014-04-25 15:31:15,plus.google.com
2014-04-25 15:31:15,mail.google.com
2014-04-25 15:31:15,0.drive.google.com
2014-04-25 15:31:15,talkgadget.google.com
2014-04-25 15:31:15,drive.google.com
2014-04-25 15:31:15,0.docs.google.com
2014-04-25 15:31:15,0.talkgadget.google.com
2014-04-25 15:39:11,api.bing.com
2014-04-25 15:39:11,gmail.com
2014-04-25 15:39:17,mail.google.com
2014-04-25 15:39:17,accounts.google.com
2014-04-25 15:39:21,accounts.youtube.com
2014-04-25 15:40:03,accounts.google.fr
2014-04-25 15:40:11,accounts.google.com
2014-04-25 15:40:11,accounts.youtube.com
2014-04-25 15:40:14,accounts.google.fr
2014-04-25 15:40:14,clients2.google.com
2014-04-25 15:40:15,www.google.com
2014-04-25 15:40:15,mail.google.com
2014-04-25 15:40:19,apis.google.com
2014-04-25 15:40:20,plus.google.com
2014-04-25 15:40:22,clients2.google.com
2014-04-25 15:40:22,mail.google.com
2014-04-25 15:40:23,www.google.com
2014-04-25 15:40:23,mail.google.com
2014-04-25 15:40:23,clients6.google.com
2014-04-25 15:40:27,mail.google.com
2014-04-25 15:40:27,talkgadget.google.com
2014-04-25 15:40:28,mail.google.com
2014-04-25 15:40:33,plus.google.com
2014-04-25 15:40:33,talkgadget.google.com
2014-04-25 15:40:35,apis.google.com
2014-04-25 15:40:36,mail.google.com
2014-04-25 15:40:37,plus.google.com
2014-04-25 15:40:37,talkgadget.google.com
2014-04-25 15:40:40,accounts.google.com
2014-04-25 15:41:27,ieonline.microsoft.com
2014-04-25 15:41:45,apis.google.com
2014-04-25 15:41:46,mail.google.com
2014-04-25 15:41:48,talkgadget.google.com
2014-04-25 15:41:50,talkgadget.google.com
2014-04-25 15:41:50,clients6.google.com
2014-04-25 15:41:50,plus.google.com
2014-04-25 15:41:50,mail.google.com
