timestamp,site
2014-01-22 08:19:12,www.google.com
2014-01-22 08:19:33,www.google.fr
2014-01-22 08:19:34,www.google.fr
2014-01-22 08:19:35,apis.google.com
2014-01-22 08:19:36,www.google.com
2014-01-22 08:20:32,www.google.fr
2014-01-22 08:20:32,www.google.com
2014-01-22 08:20:32,apis.google.com
2014-01-22 08:20:32,www.leboncoin.fr
2014-01-22 08:20:32,static.leboncoin.fr
2014-01-22 08:20:32,deliv.leboncoin.fr
2014-01-22 08:20:33,static.leboncoin.fr
2014-01-22 08:20:33,www.leboncoin.fr
2014-01-22 08:20:35,www.leboncoin.fr
2014-01-22 08:20:35,deliv.leboncoin.fr
2014-01-22 08:20:35,193.164.196.30
2014-01-22 08:20:35,static.leboncoin.fr
2014-01-22 08:20:35,193.164.196.50
2014-01-22 08:20:35,193.164.197.50
2014-01-22 08:20:35,193.164.197.60
2014-01-22 08:20:35,193.164.196.40
2014-01-22 08:20:35,193.164.197.40
2014-01-22 08:20:35,193.164.196.60
2014-01-22 08:20:36,193.164.196.30
2014-01-22 08:20:36,193.164.197.30
2014-01-22 08:20:36,static.leboncoin.fr
2014-01-22 08:20:37,compteperso.leboncoin.fr
2014-01-22 08:20:37,deliv.leboncoin.fr
2014-01-22 08:20:42,compteperso.leboncoin.fr
2014-01-22 08:20:54,static.leboncoin.fr
2014-01-22 08:20:54,www.leboncoin.fr
2014-01-22 08:20:54,deliv.leboncoin.fr
2014-01-22 08:20:54,193.164.197.40
2014-01-22 08:20:54,193.164.197.60
2014-01-22 08:20:54,193.164.197.50
2014-01-22 08:20:54,193.164.196.30
2014-01-22 08:20:54,193.164.196.60
2014-01-22 08:20:54,193.164.196.40
2014-01-22 08:20:54,193.164.197.30
2014-01-22 08:20:54,www.google.com
2014-01-22 08:20:55,static.leboncoin.fr
2014-01-22 08:20:55,deliv.leboncoin.fr
2014-01-22 08:20:55,r.kelkoo.com
2014-01-22 08:20:55,www.google.com
2014-01-22 08:21:12,go.microsoft.com
2014-01-22 08:21:12,ieonline.microsoft.com
2014-01-22 08:21:37,deliv.leboncoin.fr
2014-01-22 08:21:37,www.leboncoin.fr
2014-01-22 08:21:37,static.leboncoin.fr
2014-01-22 08:21:37,www.google.com
2014-01-22 08:22:18,www.leboncoin.fr
2014-01-22 08:22:18,static.leboncoin.fr
2014-01-22 08:22:18,193.164.197.60
2014-01-22 08:22:18,deliv.leboncoin.fr
2014-01-22 08:22:18,193.164.196.60
2014-01-22 08:22:19,r.kelkoo.com
2014-01-22 08:22:19,193.164.196.60
2014-01-22 08:22:19,static.leboncoin.fr
2014-01-22 08:22:19,deliv.leboncoin.fr
2014-01-22 08:22:23,193.164.196.60
2014-01-22 08:22:43,www.leboncoin.fr
2014-01-22 08:22:43,www2.leboncoin.fr
2014-01-22 08:23:34,www.google.fr
2014-01-22 08:23:46,www.google.fr
2014-01-22 08:30:07,www.google.fr
2014-01-22 08:31:02,www.google.fr
2014-01-22 08:31:02,k.keyade.com
2014-01-22 08:31:02,www.laredoute.fr
2014-01-22 08:31:03,www.laredoute.fr
2014-01-22 08:31:04,lr.iadvize.com
2014-01-22 08:31:05,www.laredoute.fr
2014-01-22 08:31:05,lr.iadvize.com
2014-01-22 08:31:05,col001.ip-label.net
2014-01-22 08:31:05,fstatic.iadvize.com
2014-01-22 08:31:06,lr.iadvize.com
2014-01-22 08:31:19,www.laredoute.fr
2014-01-22 08:31:21,www.laredoute.fr
2014-01-22 08:31:21,service.avail.net
2014-01-22 08:31:22,emailretargeting.com
2014-01-22 08:31:22,fstatic.iadvize.com
2014-01-22 08:31:22,lr.iadvize.com
2014-01-22 08:31:22,col001.ip-label.net
2014-01-22 08:31:22,dc1w226.wysistat.com
2014-01-22 08:31:22,www.google.com
2014-01-22 08:31:23,www.google.fr
2014-01-22 08:31:23,listener.ezakus.net
2014-01-22 08:31:33,www.laredoute.fr
2014-01-22 08:31:33,lr.iadvize.com
2014-01-22 08:31:57,lr.iadvize.com
2014-01-22 08:32:02,platform.twitter.com
2014-01-22 08:32:02,connect.facebook.net
2014-01-22 08:32:02,www.laredoute.fr
2014-01-22 08:32:03,apis.google.com
2014-01-22 08:32:03,www.facebook.com
2014-01-22 08:32:03,lr.iadvize.com
2014-01-22 08:32:03,s-static.ak.facebook.com
2014-01-22 08:32:03,static.ak.facebook.com
2014-01-22 08:32:04,lr.iadvize.com
2014-01-22 08:32:04,apis.google.com
2014-01-22 08:32:04,accounts.google.com
2014-01-22 08:32:04,www.facebook.com
2014-01-22 08:32:04,platform.twitter.com
2014-01-22 08:32:04,manager.tagcommander.com
2014-01-22 08:32:04,service.avail.net
2014-01-22 08:32:05,twitter.com
2014-01-22 08:32:05,apis.google.com
2014-01-22 08:32:05,www.laredoute.fr
2014-01-22 08:32:06,accounts.google.com
2014-01-22 08:32:06,lr.iadvize.com
2014-01-22 08:32:10,col001.ip-label.net
2014-01-22 08:32:10,www.google.fr
2014-01-22 08:32:10,twitter.com
2014-01-22 08:32:10,www.google.com
2014-01-22 08:32:13,service.avail.net
2014-01-22 08:32:14,lr.iadvize.com
2014-01-22 08:32:14,dc1w226.wysistat.com
2014-01-22 08:32:14,www.google.com
2014-01-22 08:32:14,www.google.fr
2014-01-22 08:32:14,col001.ip-label.net
2014-01-22 08:32:15,www.laredoute.fr
2014-01-22 08:32:15,lr.iadvize.com
2014-01-22 08:32:16,dc1w226.wysistat.com
2014-01-22 08:32:16,col001.ip-label.net
2014-01-22 08:32:16,www.google.com
2014-01-22 08:32:16,www.google.fr
2014-01-22 08:32:16,lr.iadvize.com
2014-01-22 08:32:41,www.laredoute.fr
2014-01-22 08:32:50,www.laredoute.fr
2014-01-22 08:32:50,lr.iadvize.com
2014-01-22 08:32:51,lr.iadvize.com
2014-01-22 08:33:00,www.laredoute.fr
2014-01-22 08:33:01,lr.iadvize.com
2014-01-22 08:33:02,www.google.com
2014-01-22 08:33:02,www.google.fr
2014-01-22 08:33:02,www.laredoute.fr
2014-01-22 08:33:02,col001.ip-label.net
2014-01-22 08:33:02,lr.iadvize.com
2014-01-22 08:33:03,www.laredoute.fr
2014-01-22 08:33:04,www.laredoute.fr
2014-01-22 08:33:06,col001.ip-label.net
2014-01-22 08:33:06,lr.iadvize.com
2014-01-22 08:33:07,www.google.fr
2014-01-22 08:33:21,www.google.fr
2014-01-22 08:33:21,eulerian.3suisses.fr
2014-01-22 08:33:22,media.3suisses.fr
2014-01-22 08:33:22,www.google.fr
2014-01-22 08:33:22,www.3suisses.fr
2014-01-22 08:33:22,lr.iadvize.com
2014-01-22 08:33:23,hc-3suisses.55labs.com
2014-01-22 08:33:23,media.3suisses.fr
2014-01-22 08:33:23,eulerian.3suisses.fr
2014-01-22 08:33:24,www.facebook.com
2014-01-22 08:33:24,www.3suisses.fr
2014-01-22 08:33:24,eulerian.3suisses.fr
2014-01-22 08:33:24,secmedia.3suisses.fr
2014-01-22 08:33:25,media.3suisses.fr
2014-01-22 08:33:25,www.google.com
2014-01-22 08:33:25,www.google.fr
2014-01-22 08:33:26,www.google.com
2014-01-22 08:33:26,www.google.fr
2014-01-22 08:33:26,www.3suisses.fr
2014-01-22 08:33:26,media.3suisses.fr
2014-01-22 08:33:27,media.3suisses.fr
2014-01-22 08:33:27,eulerian.3suisses.fr
2014-01-22 08:33:27,secmedia.3suisses.fr
2014-01-22 08:33:27,www.facebook.com
2014-01-22 08:33:28,www.google.com
2014-01-22 08:33:28,media.3suisses.fr
2014-01-22 08:33:28,production.digibonus.com
2014-01-22 08:33:28,www.google.fr
2014-01-22 08:33:29,production.digibonus.com
2014-01-22 08:33:29,s3.amazonaws.com
2014-01-22 08:33:30,production.digibonus.com
2014-01-22 08:33:31,production.digibonus.com
2014-01-22 08:33:31,js.sddan.com
2014-01-22 08:33:31,static.ak.facebook.com
2014-01-22 08:33:31,s3.amazonaws.com
2014-01-22 08:33:31,s-static.ak.facebook.com
2014-01-22 08:33:31,www.facebook.com
2014-01-22 08:33:35,media.3suisses.fr
2014-01-22 08:33:35,www.3suisses.fr
2014-01-22 08:33:36,www.google.com
2014-01-22 08:33:36,www.google.fr
2014-01-22 08:33:36,media.3suisses.fr
2014-01-22 08:33:36,www.3suisses.fr
2014-01-22 08:33:36,eulerian.3suisses.fr
2014-01-22 08:33:38,media.3suisses.fr
2014-01-22 08:33:45,media.3suisses.fr
2014-01-22 08:33:45,www.3suisses.fr
2014-01-22 08:33:46,media.3suisses.fr
2014-01-22 08:33:46,www.3suisses.fr
2014-01-22 08:33:47,eulerian.3suisses.fr
2014-01-22 08:33:47,hc-3suisses.55labs.com
2014-01-22 08:33:47,deliv.leboncoin.fr
2014-01-22 08:33:47,retargeting.veoxa.com
2014-01-22 08:33:47,mfr.meteofrance.com
2014-01-22 08:33:47,deliv.bayard-pub.com
2014-01-22 08:33:47,media.3suisses.fr
2014-01-22 08:33:48,media.3suisses.fr
2014-01-22 08:33:48,www.facebook.com
2014-01-22 08:33:49,media.3suisses.fr
2014-01-22 08:33:51,media.3suisses.fr
2014-01-22 08:33:55,media.3suisses.fr
2014-01-22 08:33:59,media.3suisses.fr
2014-01-22 08:34:01,media.3suisses.fr
2014-01-22 08:34:02,media.3suisses.fr
2014-01-22 08:34:05,media.3suisses.fr
2014-01-22 08:34:06,media.3suisses.fr
2014-01-22 08:34:07,media.3suisses.fr
2014-01-22 08:34:09,media.3suisses.fr
2014-01-22 08:34:10,media.3suisses.fr
2014-01-22 08:34:21,media.3suisses.fr
2014-01-22 08:34:21,3suisses.reviews.bazaarvoice.com
2014-01-22 08:34:21,www.3suisses.fr
2014-01-22 08:34:22,ajax.googleapis.com
2014-01-22 08:34:22,3suisses.reviews.bazaarvoice.com
2014-01-22 08:34:22,www.3suisses.fr
2014-01-22 08:34:22,media.3suisses.fr
2014-01-22 08:34:22,www.facebook.com
2014-01-22 08:34:23,hc-3suisses.55labs.com
2014-01-22 08:34:23,apis.google.com
2014-01-22 08:34:23,secmedia.3suisses.fr
2014-01-22 08:34:24,deliv.bayard-pub.com
2014-01-22 08:34:24,accounts.google.com
2014-01-22 08:34:24,apis.google.com
2014-01-22 08:34:24,magpie-static.ugc.bazaarvoice.com
2014-01-22 08:34:24,eulerian.3suisses.fr
2014-01-22 08:34:24,secmedia.3suisses.fr
2014-01-22 08:34:24,mfr.meteofrance.com
2014-01-22 08:34:24,retargeting.veoxa.com
2014-01-22 08:34:24,deliv.leboncoin.fr
2014-01-22 08:34:24,media.3suisses.fr
2014-01-22 08:34:24,3suisses.reviews.bazaarvoice.com
2014-01-22 08:34:25,mfr.meteofrance.com
2014-01-22 08:34:25,www.facebook.com
2014-01-22 08:34:26,deliv.leboncoin.fr
2014-01-22 08:34:26,mfr.meteofrance.com
2014-01-22 08:34:26,smart2.allocine.fr
2014-01-22 08:34:30,media.3suisses.fr
2014-01-22 08:34:30,www.3suisses.fr
2014-01-22 08:34:31,www.3suisses.fr
2014-01-22 08:34:31,media.3suisses.fr
2014-01-22 08:34:32,hc-3suisses.55labs.com
2014-01-22 08:34:32,eulerian.3suisses.fr
2014-01-22 08:34:33,deliv.leboncoin.fr
2014-01-22 08:34:33,smart2.allocine.fr
2014-01-22 08:34:33,mfr.meteofrance.com
2014-01-22 08:35:08,www.3suisses.fr
2014-01-22 08:35:09,www.3suisses.fr
2014-01-22 08:35:09,media.3suisses.fr
2014-01-22 08:35:09,hc-3suisses.55labs.com
2014-01-22 08:35:10,eulerian.3suisses.fr
2014-01-22 08:35:19,media.3suisses.fr
2014-01-22 08:35:19,www.3suisses.fr
2014-01-22 08:35:20,media.3suisses.fr
2014-01-22 08:35:20,www.3suisses.fr
2014-01-22 08:35:21,eulerian.3suisses.fr
2014-01-22 08:35:21,hc-3suisses.55labs.com
2014-01-22 08:35:21,media.3suisses.fr
2014-01-22 08:35:22,media.3suisses.fr
2014-01-22 08:35:22,mfr.meteofrance.com
2014-01-22 08:35:24,media.3suisses.fr
2014-01-22 08:35:27,media.3suisses.fr
2014-01-22 08:35:34,www.3suisses.fr
2014-01-22 08:35:34,media.3suisses.fr
2014-01-22 08:35:34,hc-3suisses.55labs.com
2014-01-22 08:35:34,eulerian.3suisses.fr
2014-01-22 08:35:34,secmedia.3suisses.fr
2014-01-22 08:35:35,mfr.meteofrance.com
2014-01-22 08:35:38,media.3suisses.fr
2014-01-22 08:35:42,www.3suisses.fr
2014-01-22 08:35:43,www.3suisses.fr
2014-01-22 08:35:43,hc-3suisses.55labs.com
2014-01-22 08:35:43,eulerian.3suisses.fr
2014-01-22 08:35:44,mpp2.vindicosuite.com
2014-01-22 08:35:44,eprofile.uimserv.net
2014-01-22 08:35:44,mfr.meteofrance.com
2014-01-22 08:35:44,deliv.bayard-pub.com
2014-01-22 08:35:45,media.3suisses.fr
2014-01-22 08:35:49,media.3suisses.fr
2014-01-22 08:35:49,www.3suisses.fr
2014-01-22 08:35:50,hc-3suisses.55labs.com
2014-01-22 08:35:50,eulerian.3suisses.fr
2014-01-22 08:35:51,deliv.bayard-pub.com
2014-01-22 08:35:51,mpp2.vindicosuite.com
2014-01-22 08:35:51,mfr.meteofrance.com
2014-01-22 08:35:52,b12.myspace.com
2014-01-22 08:35:57,media.3suisses.fr
2014-01-22 08:35:58,media.3suisses.fr
2014-01-22 08:35:59,media.3suisses.fr
2014-01-22 08:36:00,media.3suisses.fr
2014-01-22 08:36:01,media.3suisses.fr
2014-01-22 08:36:02,media.3suisses.fr
2014-01-22 08:36:03,media.3suisses.fr
2014-01-22 08:36:56,b12.myspace.com
2014-01-22 08:36:57,www.3suisses.fr
2014-01-22 08:36:57,media.3suisses.fr
2014-01-22 08:36:58,www.3suisses.fr
2014-01-22 08:36:58,hc-3suisses.55labs.com
2014-01-22 08:36:58,eulerian.3suisses.fr
2014-01-22 08:36:58,media.3suisses.fr
2014-01-22 08:36:59,media.3suisses.fr
2014-01-22 08:37:12,media.3suisses.fr
2014-01-22 08:37:22,media.3suisses.fr
2014-01-22 08:37:24,media.3suisses.fr
2014-01-22 08:37:28,media.3suisses.fr
2014-01-22 08:37:29,media.3suisses.fr
2014-01-22 08:37:31,media.3suisses.fr
2014-01-22 08:37:33,media.3suisses.fr
2014-01-22 08:37:34,media.3suisses.fr
2014-01-22 08:37:35,media.3suisses.fr
2014-01-22 08:37:42,media.3suisses.fr
2014-01-22 08:37:42,www.3suisses.fr
2014-01-22 08:37:43,media.3suisses.fr
2014-01-22 08:37:43,www.3suisses.fr
2014-01-22 08:37:44,hc-3suisses.55labs.com
2014-01-22 08:37:44,eulerian.3suisses.fr
2014-01-22 08:37:45,media.3suisses.fr
2014-01-22 08:37:48,media.3suisses.fr
2014-01-22 08:37:49,media.3suisses.fr
2014-01-22 08:38:11,media.3suisses.fr
2014-01-22 08:38:12,www.3suisses.fr
2014-01-22 08:38:12,media.3suisses.fr
2014-01-22 08:38:13,secmedia.3suisses.fr
2014-01-22 08:38:13,media.3suisses.fr
2014-01-22 08:38:13,www.3suisses.fr
2014-01-22 08:38:13,eulerian.3suisses.fr
2014-01-22 08:38:16,www.3suisses.fr
2014-01-22 08:38:16,www.google.com
2014-01-22 08:38:16,media.3suisses.fr
2014-01-22 08:38:16,www.google.fr
2014-01-22 08:38:16,secmedia.3suisses.fr
2014-01-22 08:38:17,eulerian.3suisses.fr
2014-01-22 08:38:32,secmedia.3suisses.fr
2014-01-22 08:38:32,media.3suisses.fr
2014-01-22 08:38:32,www.3suisses.fr
2014-01-22 08:38:33,media.3suisses.fr
2014-01-22 08:38:33,www.3suisses.fr
2014-01-22 08:38:33,hc-3suisses.55labs.com
2014-01-22 08:38:33,eulerian.3suisses.fr
2014-01-22 08:38:34,media.3suisses.fr
2014-01-22 08:38:35,media.3suisses.fr
2014-01-22 08:38:54,www.3suisses.fr
2014-01-22 08:38:54,media.3suisses.fr
2014-01-22 08:38:55,media.3suisses.fr
2014-01-22 08:38:55,www.facebook.com
2014-01-22 08:38:55,www.3suisses.fr
2014-01-22 08:38:55,eulerian.3suisses.fr
2014-01-22 08:38:55,3suisses.reviews.bazaarvoice.com
2014-01-22 08:38:56,hc-3suisses.55labs.com
2014-01-22 08:38:56,media.3suisses.fr
2014-01-22 08:38:56,secmedia.3suisses.fr
2014-01-22 08:38:57,3suisses.reviews.bazaarvoice.com
2014-01-22 08:38:57,apis.google.com
2014-01-22 08:38:57,secmedia.3suisses.fr
2014-01-22 08:39:19,www.3suisses.fr
2014-01-22 08:39:20,hc-3suisses.55labs.com
2014-01-22 08:39:20,media.3suisses.fr
2014-01-22 08:39:20,www.3suisses.fr
2014-01-22 08:39:21,eulerian.3suisses.fr
2014-01-22 08:39:33,media.3suisses.fr
2014-01-22 08:39:33,www.3suisses.fr
2014-01-22 08:39:34,www.3suisses.fr
2014-01-22 08:39:34,media.3suisses.fr
2014-01-22 08:39:35,hc-3suisses.55labs.com
2014-01-22 08:39:35,eulerian.3suisses.fr
2014-01-22 08:39:36,media.3suisses.fr
2014-01-22 08:39:43,media.3suisses.fr
2014-01-22 08:39:48,media.3suisses.fr
2014-01-22 08:39:50,media.3suisses.fr
2014-01-22 08:39:51,media.3suisses.fr
2014-01-22 08:39:54,media.3suisses.fr
2014-01-22 08:39:59,www.3suisses.fr
2014-01-22 08:40:00,media.3suisses.fr
2014-01-22 08:40:00,www.3suisses.fr
2014-01-22 08:40:00,3suisses.reviews.bazaarvoice.com
2014-01-22 08:40:01,eulerian.3suisses.fr
2014-01-22 08:40:01,hc-3suisses.55labs.com
2014-01-22 08:40:01,www.3suisses.fr
2014-01-22 08:40:01,media.3suisses.fr
2014-01-22 08:40:01,www.facebook.com
2014-01-22 08:40:02,secmedia.3suisses.fr
2014-01-22 08:40:04,media.3suisses.fr
2014-01-22 08:40:04,3suisses.reviews.bazaarvoice.com
2014-01-22 08:40:11,eulerian.3suisses.fr
2014-01-22 08:40:11,www.3suisses.fr
2014-01-22 08:40:11,media.3suisses.fr
2014-01-22 08:40:12,www.3suisses.fr
2014-01-22 08:40:12,3suisses.reviews.bazaarvoice.com
2014-01-22 08:40:12,media.3suisses.fr
2014-01-22 08:40:12,apis.google.com
2014-01-22 08:40:13,hc-3suisses.55labs.com
2014-01-22 08:40:13,eulerian.3suisses.fr
2014-01-22 08:40:13,www.facebook.com
2014-01-22 08:40:13,media.3suisses.fr
2014-01-22 08:40:13,secmedia.3suisses.fr
2014-01-22 08:40:14,secmedia.3suisses.fr
2014-01-22 08:40:15,3suisses.reviews.bazaarvoice.com
2014-01-22 08:40:19,www.3suisses.fr
2014-01-22 08:40:20,apis.google.com
2014-01-22 08:40:20,www.3suisses.fr
2014-01-22 08:40:20,3suisses.reviews.bazaarvoice.com
2014-01-22 08:40:20,www.facebook.com
2014-01-22 08:40:20,media.3suisses.fr
2014-01-22 08:40:21,eulerian.3suisses.fr
2014-01-22 08:40:21,hc-3suisses.55labs.com
2014-01-22 08:40:23,3suisses.reviews.bazaarvoice.com
2014-01-22 08:40:23,www.3suisses.fr
2014-01-22 08:40:25,www.3suisses.fr
2014-01-22 08:40:25,media.3suisses.fr
2014-01-22 08:40:25,eulerian.3suisses.fr
2014-01-22 08:40:25,hc-3suisses.55labs.com
2014-01-22 08:40:27,www.3suisses.fr
2014-01-22 08:40:28,media.3suisses.fr
2014-01-22 08:40:28,www.3suisses.fr
2014-01-22 08:40:29,apis.google.com
2014-01-22 08:40:29,eulerian.3suisses.fr
2014-01-22 08:40:29,hc-3suisses.55labs.com
2014-01-22 08:42:13,www.3suisses.fr
2014-01-22 08:42:14,hc-3suisses.55labs.com
2014-01-22 08:42:14,eulerian.3suisses.fr
2014-01-22 08:42:56,www.google.fr
2014-01-22 08:42:56,www.zalando.fr
2014-01-22 08:42:57,media.ztat.net
2014-01-22 08:42:57,skin.ztat.net
2014-01-22 08:42:57,i1.ztat.net
2014-01-22 08:42:57,a1276.ztat.net
2014-01-22 08:42:57,www.facebook.com
2014-01-22 08:42:57,www.zalando.fr
2014-01-22 08:42:58,www.google.fr
2014-01-22 08:42:58,assets.pinterest.com
2014-01-22 08:42:58,i1.ztat.net
2014-01-22 08:42:58,skin.ztat.net
2014-01-22 08:42:58,www.google.com
2014-01-22 08:42:58,i2.ztat.net
2014-01-22 08:42:59,s-static.ak.facebook.com
2014-01-22 08:42:59,www.facebook.com
2014-01-22 08:42:59,assets.pinterest.com
2014-01-22 08:42:59,track.zalando.fr
2014-01-22 08:42:59,i2.ztat.net
2014-01-22 08:42:59,i1.ztat.net
2014-01-22 08:42:59,static.ak.facebook.com
2014-01-22 08:43:00,www.facebook.com
2014-01-22 08:43:01,i1.ztat.net
2014-01-22 08:43:01,www.google.com
2014-01-22 08:43:01,www.google.fr
2014-01-22 08:43:03,i2.ztat.net
2014-01-22 08:43:03,i1.ztat.net
2014-01-22 08:43:05,i1.ztat.net
2014-01-22 08:43:05,i2.ztat.net
2014-01-22 08:43:09,i1.ztat.net
2014-01-22 08:43:10,i1.ztat.net
2014-01-22 08:43:10,i2.ztat.net
2014-01-22 08:43:11,i1.ztat.net
2014-01-22 08:43:14,i1.ztat.net
2014-01-22 08:43:16,i1.ztat.net
2014-01-22 08:43:17,i2.ztat.net
2014-01-22 08:43:17,i1.ztat.net
2014-01-22 08:43:18,skin.ztat.net
2014-01-22 08:43:19,www.facebook.com
2014-01-22 08:43:19,i2.ztat.net
2014-01-22 08:43:19,i1.ztat.net
2014-01-22 08:43:20,i2.ztat.net
2014-01-22 08:43:20,i1.ztat.net
2014-01-22 08:43:22,i1.ztat.net
2014-01-22 08:43:23,i1.ztat.net
2014-01-22 08:43:25,i1.ztat.net
2014-01-22 08:43:25,i2.ztat.net
2014-01-22 08:43:29,i1.ztat.net
2014-01-22 08:43:39,i1.ztat.net
2014-01-22 08:43:40,i1.ztat.net
2014-01-22 08:44:00,i1.ztat.net
2014-01-22 08:44:01,i1.ztat.net
2014-01-22 08:44:05,i2.ztat.net
2014-01-22 08:44:05,i1.ztat.net
2014-01-22 08:44:06,i2.ztat.net
2014-01-22 08:44:06,i1.ztat.net
2014-01-22 08:44:08,i1.ztat.net
2014-01-22 08:44:10,i1.ztat.net
2014-01-22 08:44:11,i1.ztat.net
2014-01-22 08:44:13,i1.ztat.net
2014-01-22 08:44:14,i2.ztat.net
2014-01-22 08:44:14,i1.ztat.net
2014-01-22 08:44:16,i1.ztat.net
2014-01-22 08:44:17,i2.ztat.net
2014-01-22 08:44:20,i1.ztat.net
2014-01-22 08:44:24,i1.ztat.net
2014-01-22 08:44:24,i2.ztat.net
2014-01-22 08:44:25,i1.ztat.net
2014-01-22 08:44:27,i1.ztat.net
2014-01-22 08:44:28,i1.ztat.net
2014-01-22 08:44:29,i2.ztat.net
2014-01-22 08:44:29,i1.ztat.net
2014-01-22 08:44:30,i2.ztat.net
2014-01-22 08:44:30,i1.ztat.net
2014-01-22 08:44:31,i1.ztat.net
2014-01-22 08:44:35,i2.ztat.net
2014-01-22 08:44:36,i1.ztat.net
2014-01-22 08:44:42,i1.ztat.net
2014-01-22 08:44:44,i1.ztat.net
2014-01-22 08:44:44,i2.ztat.net
2014-01-22 08:44:46,i1.ztat.net
2014-01-22 08:44:53,i2.ztat.net
2014-01-22 08:44:54,www.zalando.fr
2014-01-22 08:44:55,www.zalando.fr
2014-01-22 08:44:55,i2.ztat.net
2014-01-22 08:44:55,www.facebook.com
2014-01-22 08:44:55,i1.ztat.net
2014-01-22 08:44:56,www.google.fr
2014-01-22 08:44:56,s-static.ak.facebook.com
2014-01-22 08:44:56,static.ak.facebook.com
2014-01-22 08:44:56,www.google.com
2014-01-22 08:44:57,i1.ztat.net
2014-01-22 08:44:57,track.zalando.fr
2014-01-22 08:44:57,static.ak.facebook.com
2014-01-22 08:44:57,www.facebook.com
2014-01-22 08:44:57,www.google.com
2014-01-22 08:44:57,www.google.fr
2014-01-22 08:44:57,s-static.ak.facebook.com
2014-01-22 08:44:57,i2.ztat.net
2014-01-22 08:44:58,www.google.fr
2014-01-22 08:45:00,i2.ztat.net
2014-01-22 08:45:00,i1.ztat.net
2014-01-22 08:45:01,i1.ztat.net
2014-01-22 08:45:02,pixel2368.everesttech.net
2014-01-22 08:45:05,i1.ztat.net
2014-01-22 08:45:08,i1.ztat.net
2014-01-22 08:45:08,i2.ztat.net
2014-01-22 08:45:08,pixel2368.everesttech.net
2014-01-22 08:45:09,i1.ztat.net
2014-01-22 08:45:10,i1.ztat.net
2014-01-22 08:45:10,i2.ztat.net
2014-01-22 08:45:16,i1.ztat.net
2014-01-22 08:45:21,i1.ztat.net
2014-01-22 08:45:22,i1.ztat.net
2014-01-22 08:45:23,i1.ztat.net
2014-01-22 08:45:26,i2.ztat.net
2014-01-22 08:45:26,i1.ztat.net
2014-01-22 08:45:27,i1.ztat.net
2014-01-22 08:45:28,i1.ztat.net
2014-01-22 08:45:29,i1.ztat.net
2014-01-22 08:45:30,i1.ztat.net
2014-01-22 08:45:34,i1.ztat.net
2014-01-22 08:45:35,i1.ztat.net
2014-01-22 08:45:36,i1.ztat.net
2014-01-22 08:45:37,i1.ztat.net
2014-01-22 08:45:37,i2.ztat.net
2014-01-22 08:45:38,i1.ztat.net
2014-01-22 08:45:45,i1.ztat.net
2014-01-22 08:45:46,i2.ztat.net
2014-01-22 08:45:46,i1.ztat.net
2014-01-22 08:45:50,media.ztat.net
2014-01-22 08:45:50,www.zalando.fr
2014-01-22 08:45:51,www.facebook.com
2014-01-22 08:45:51,skin.ztat.net
2014-01-22 08:45:51,i2.ztat.net
2014-01-22 08:45:51,i1.ztat.net
2014-01-22 08:45:52,s-static.ak.facebook.com
2014-01-22 08:45:52,apis.google.com
2014-01-22 08:45:52,accounts.google.com
2014-01-22 08:45:52,widgets.pinterest.com
2014-01-22 08:45:52,static.ak.facebook.com
2014-01-22 08:45:52,www.google.fr
2014-01-22 08:45:52,www.google.com
2014-01-22 08:45:52,skin.ztat.net
2014-01-22 08:45:52,passets.pinterest.com
2014-01-22 08:45:53,www.zalando.fr
2014-01-22 08:45:53,track.zalando.fr
2014-01-22 08:45:53,www.facebook.com
2014-01-22 08:45:54,www.google.com
2014-01-22 08:45:54,calotag.com
2014-01-22 08:45:54,i2.ztat.net
2014-01-22 08:45:54,i1.ztat.net
2014-01-22 08:45:54,www.facebook.com
2014-01-22 08:45:54,www.google.fr
2014-01-22 08:45:54,cookieb.mythings.com
2014-01-22 08:45:55,calotag.com
2014-01-22 08:45:55,sync.uuidcshmg.com
2014-01-22 08:45:55,track.zalando.fr
2014-01-22 08:45:55,www.google.com
2014-01-22 08:45:55,www.google.fr
2014-01-22 08:45:55,id.impressiondesk.com
2014-01-22 08:45:58,sync.uuidcshmg.com
2014-01-22 08:45:58,www.facebook.com
2014-01-22 08:45:58,apnx-match.dotomi.com
2014-01-22 08:45:59,dtm.ccs.com
2014-01-22 08:46:00,adventori.com
2014-01-22 08:46:03,i2.ztat.net
2014-01-22 08:46:04,www.zalando.fr
2014-01-22 08:46:04,i1.ztat.net
2014-01-22 08:46:04,i2.ztat.net
2014-01-22 08:46:04,www.facebook.com
2014-01-22 08:46:04,track.zalando.fr
2014-01-22 08:46:05,s-static.ak.facebook.com
2014-01-22 08:46:05,www.facebook.com
2014-01-22 08:46:05,www.zalando.fr
2014-01-22 08:46:05,www.google.com
2014-01-22 08:46:05,www.google.fr
2014-01-22 08:46:05,static.ak.facebook.com
2014-01-22 08:46:05,track.zalando.fr
2014-01-22 08:46:05,apis.google.com
2014-01-22 08:46:05,widgets.pinterest.com
2014-01-22 08:46:06,track.zalando.fr
2014-01-22 08:46:06,www.google.com
2014-01-22 08:46:06,www.google.fr
2014-01-22 08:46:06,i1.ztat.net
2014-01-22 08:46:06,i2.ztat.net
2014-01-22 08:46:06,id.impressiondesk.com
2014-01-22 08:46:06,calotag.com
2014-01-22 08:46:06,sync.uuidcshmg.com
2014-01-22 08:46:06,www.facebook.com
2014-01-22 08:46:08,www.facebook.com
2014-01-22 08:46:23,i2.ztat.net
2014-01-22 08:46:23,i1.ztat.net
2014-01-22 08:46:24,i2.ztat.net
2014-01-22 08:46:25,i2.ztat.net
2014-01-22 08:46:28,i1.ztat.net
2014-01-22 08:46:28,i2.ztat.net
2014-01-22 08:46:38,track.zalando.fr
2014-01-22 08:46:57,track.zalando.fr
2014-01-22 08:46:57,i1.ztat.net
2014-01-22 08:46:57,www.zalando.fr
2014-01-22 08:46:58,s-static.ak.facebook.com
2014-01-22 08:46:58,i2.ztat.net
2014-01-22 08:46:58,www.facebook.com
2014-01-22 08:46:58,static.ak.facebook.com
2014-01-22 08:46:58,i1.ztat.net
2014-01-22 08:46:59,www.facebook.com
2014-01-22 08:46:59,www.google.fr
2014-01-22 08:46:59,www.google.com
2014-01-22 08:46:59,widgets.pinterest.com
2014-01-22 08:46:59,www.zalando.fr
2014-01-22 08:46:59,track.zalando.fr
2014-01-22 08:46:59,apis.google.com
2014-01-22 08:46:59,calotag.com
2014-01-22 08:47:00,id.impressiondesk.com
2014-01-22 08:47:00,www.zalando.fr
2014-01-22 08:47:00,www.google.com
2014-01-22 08:47:00,i2.ztat.net
2014-01-22 08:47:00,i1.ztat.net
2014-01-22 08:47:00,www.google.fr
2014-01-22 08:47:00,track.zalando.fr
2014-01-22 08:47:00,sync.uuidcshmg.com
2014-01-22 08:47:00,calotag.com
2014-01-22 08:47:01,www.facebook.com
2014-01-22 08:47:01,i2.ztat.net
2014-01-22 08:47:01,i1.ztat.net
2014-01-22 08:47:02,track.zalando.fr
2014-01-22 08:47:02,apis.google.com
2014-01-22 08:47:02,static.ak.facebook.com
2014-01-22 08:47:02,s-static.ak.facebook.com
2014-01-22 08:47:02,calotag.com
2014-01-22 08:47:02,www.google.com
2014-01-22 08:47:02,widgets.pinterest.com
2014-01-22 08:47:02,www.google.fr
2014-01-22 08:47:02,www.zalando.fr
2014-01-22 08:47:02,www.facebook.com
2014-01-22 08:47:03,sync.uuidcshmg.com
2014-01-22 08:47:03,track.zalando.fr
2014-01-22 08:47:03,calotag.com
2014-01-22 08:47:03,www.google.fr
2014-01-22 08:47:03,i1.ztat.net
2014-01-22 08:47:04,id.impressiondesk.com
2014-01-22 08:47:04,www.google.fr
2014-01-22 08:47:04,www.google.com
2014-01-22 08:47:05,www.facebook.com
2014-01-22 08:47:10,www.zalando.fr
2014-01-22 08:47:11,i1.ztat.net
2014-01-22 08:47:11,www.facebook.com
2014-01-22 08:47:11,i2.ztat.net
2014-01-22 08:47:11,track.zalando.fr
2014-01-22 08:47:12,widgets.pinterest.com
2014-01-22 08:47:12,s-static.ak.facebook.com
2014-01-22 08:47:12,www.google.com
2014-01-22 08:47:12,static.ak.facebook.com
2014-01-22 08:47:12,www.google.fr
2014-01-22 08:47:13,www.zalando.fr
2014-01-22 08:47:13,www.facebook.com
2014-01-22 08:47:13,www.google.com
2014-01-22 08:47:13,www.google.fr
2014-01-22 08:47:13,apis.google.com
2014-01-22 08:47:13,calotag.com
2014-01-22 08:47:13,track.zalando.fr
2014-01-22 08:47:14,www.google.fr
2014-01-22 08:47:14,www.google.com
2014-01-22 08:47:14,i1.ztat.net
2014-01-22 08:47:14,sync.uuidcshmg.com
2014-01-22 08:47:15,id.impressiondesk.com
2014-01-22 08:47:15,track.zalando.fr
2014-01-22 08:47:16,i1.ztat.net
2014-01-22 08:47:16,www.zalando.fr
2014-01-22 08:47:17,i2.ztat.net
2014-01-22 08:47:17,i1.ztat.net
2014-01-22 08:47:17,www.facebook.com
2014-01-22 08:47:18,www.facebook.com
2014-01-22 08:47:18,www.google.fr
2014-01-22 08:47:18,widgets.pinterest.com
2014-01-22 08:47:18,www.google.com
2014-01-22 08:47:18,www.zalando.fr
2014-01-22 08:47:18,static.ak.facebook.com
2014-01-22 08:47:18,s-static.ak.facebook.com
2014-01-22 08:47:19,www.facebook.com
2014-01-22 08:47:19,apis.google.com
2014-01-22 08:47:19,track.zalando.fr
2014-01-22 08:47:19,www.google.com
2014-01-22 08:47:19,www.google.fr
2014-01-22 08:47:20,calotag.com
2014-01-22 08:47:20,sync.uuidcshmg.com
2014-01-22 08:47:20,www.google.com
2014-01-22 08:47:20,www.google.fr
2014-01-22 08:47:20,i1.ztat.net
2014-01-22 08:47:21,track.zalando.fr
2014-01-22 08:47:21,id.impressiondesk.com
2014-01-22 08:47:22,www.facebook.com
2014-01-22 08:47:33,www.facebook.com
2014-01-22 08:47:36,www.facebook.com
2014-01-22 08:47:38,www.facebook.com
2014-01-22 08:47:39,www.facebook.com
2014-01-22 08:47:40,www.facebook.com
2014-01-22 08:47:41,www.facebook.com
2014-01-22 08:47:42,www.facebook.com
2014-01-22 08:47:47,track.zalando.fr
2014-01-22 08:47:56,www.zalando.fr
2014-01-22 08:47:57,i1.ztat.net
2014-01-22 08:47:57,www.zalando.fr
2014-01-22 08:47:57,i2.ztat.net
2014-01-22 08:47:57,track.zalando.fr
2014-01-22 08:47:58,connect.facebook.net
2014-01-22 08:47:58,www.facebook.com
2014-01-22 08:47:58,i2.ztat.net
2014-01-22 08:47:58,assets.pinterest.com
2014-01-22 08:47:58,i1.ztat.net
2014-01-22 08:47:59,www.google.com
2014-01-22 08:47:59,s-static.ak.facebook.com
2014-01-22 08:47:59,www.google.fr
2014-01-22 08:47:59,widgets.pinterest.com
2014-01-22 08:47:59,static.ak.facebook.com
2014-01-22 08:48:00,www.google.fr
2014-01-22 08:48:00,www.google.com
2014-01-22 08:48:00,www.facebook.com
2014-01-22 08:48:00,www.zalando.fr
2014-01-22 08:48:00,track.zalando.fr
2014-01-22 08:48:00,apis.google.com
2014-01-22 08:48:01,calotag.com
2014-01-22 08:48:02,id.impressiondesk.com
2014-01-22 08:48:02,sync.uuidcshmg.com
2014-01-22 08:48:02,www.facebook.com
2014-01-22 08:48:02,track.zalando.fr
2014-01-22 08:48:02,calotag.com
2014-01-22 08:48:02,www.google.com
2014-01-22 08:48:02,www.google.fr
2014-01-22 08:48:03,www.facebook.com
2014-01-22 08:48:10,www.zalando.fr
2014-01-22 08:48:11,www.facebook.com
2014-01-22 08:48:11,i2.ztat.net
2014-01-22 08:48:11,track.zalando.fr
2014-01-22 08:48:11,i1.ztat.net
2014-01-22 08:48:12,static.ak.facebook.com
2014-01-22 08:48:12,assets.pinterest.com
2014-01-22 08:48:12,widgets.pinterest.com
2014-01-22 08:48:12,www.google.com
2014-01-22 08:48:12,www.google.fr
2014-01-22 08:48:12,s-static.ak.facebook.com
2014-01-22 08:48:13,track.zalando.fr
2014-01-22 08:48:13,www.zalando.fr
2014-01-22 08:48:13,apis.google.com
2014-01-22 08:48:13,www.facebook.com
2014-01-22 08:48:14,calotag.com
2014-01-22 08:48:14,www.google.com
2014-01-22 08:48:14,www.facebook.com
2014-01-22 08:48:14,www.google.fr
2014-01-22 08:48:15,id.impressiondesk.com
2014-01-22 08:48:15,sync.uuidcshmg.com
2014-01-22 08:48:15,www.google.com
2014-01-22 08:48:15,i1.ztat.net
2014-01-22 08:48:15,www.google.fr
2014-01-22 08:48:16,www.facebook.com
2014-01-22 08:48:16,track.zalando.fr
2014-01-22 08:48:16,i1.ztat.net
2014-01-22 08:48:22,www.facebook.com
2014-01-22 08:48:23,www.facebook.com
2014-01-22 08:48:24,www.facebook.com
2014-01-22 08:48:25,www.facebook.com
2014-01-22 08:48:34,www.facebook.com
2014-01-22 08:48:34,track.zalando.fr
2014-01-22 08:48:35,www.facebook.com
2014-01-22 08:48:43,www.zalando.fr
2014-01-22 08:48:44,apis.google.com
2014-01-22 08:48:44,track.zalando.fr
2014-01-22 08:48:44,www.facebook.com
2014-01-22 08:48:44,static.ak.facebook.com
2014-01-22 08:48:44,widgets.pinterest.com
2014-01-22 08:48:44,www.google.com
2014-01-22 08:48:44,www.google.fr
2014-01-22 08:48:44,s-static.ak.facebook.com
2014-01-22 08:48:45,track.zalando.fr
2014-01-22 08:48:45,calotag.com
2014-01-22 08:48:45,sync.uuidcshmg.com
2014-01-22 08:48:45,www.facebook.com
2014-01-22 08:48:45,www.google.com
2014-01-22 08:48:45,www.google.fr
2014-01-22 08:48:45,id.impressiondesk.com
2014-01-22 08:48:48,track.zalando.fr
2014-01-22 08:48:48,www.facebook.com
2014-01-22 08:48:54,track.zalando.fr
2014-01-22 08:48:54,media.ztat.net
2014-01-22 08:48:54,a1276.ztat.net
2014-01-22 08:48:54,i1.ztat.net
2014-01-22 08:48:54,www.facebook.com
2014-01-22 08:48:54,www.zalando.fr
2014-01-22 08:48:55,s-static.ak.facebook.com
2014-01-22 08:48:55,i2.ztat.net
2014-01-22 08:48:55,static.ak.facebook.com
2014-01-22 08:48:56,track.zalando.fr
2014-01-22 08:48:56,www.facebook.com
2014-01-22 08:48:56,www.google.com
2014-01-22 08:48:56,www.google.fr
2014-01-22 08:48:58,www.google.com
2014-01-22 08:48:58,www.google.fr
2014-01-22 08:49:00,calotag.com
2014-01-22 08:49:19,www.zalando.fr
2014-01-22 08:49:19,a1276.ztat.net
2014-01-22 08:49:19,www.facebook.com
2014-01-22 08:49:20,static.ak.facebook.com
2014-01-22 08:49:20,s-static.ak.facebook.com
2014-01-22 08:49:20,www.google.com
2014-01-22 08:49:21,www.google.fr
2014-01-22 08:49:21,www.facebook.com
2014-01-22 08:49:30,www.zalando.fr
2014-01-22 08:49:30,i1.ztat.net
2014-01-22 08:49:30,www.facebook.com
2014-01-22 08:49:31,static.ak.facebook.com
2014-01-22 08:49:31,s-static.ak.facebook.com
2014-01-22 08:49:32,track.zalando.fr
2014-01-22 08:49:32,www.google.com
2014-01-22 08:49:32,i2.ztat.net
2014-01-22 08:49:32,i1.ztat.net
2014-01-22 08:49:32,www.google.fr
2014-01-22 08:49:33,www.google.fr
2014-01-22 08:49:33,track.zalando.fr
2014-01-22 08:49:33,www.facebook.com
2014-01-22 08:49:33,id.impressiondesk.com
2014-01-22 08:49:33,www.google.com
2014-01-22 08:49:34,i2.ztat.net
2014-01-22 08:49:34,www.google.fr
2014-01-22 08:49:34,www.google.com
2014-01-22 08:49:34,i1.ztat.net
2014-01-22 08:49:35,www.facebook.com
2014-01-22 08:49:36,i2.ztat.net
2014-01-22 08:49:36,i1.ztat.net
2014-01-22 08:49:37,i1.ztat.net
2014-01-22 08:49:38,i1.ztat.net
2014-01-22 08:49:39,i1.ztat.net
2014-01-22 08:49:40,i1.ztat.net
2014-01-22 08:49:41,i1.ztat.net
2014-01-22 08:49:42,i1.ztat.net
2014-01-22 08:49:43,i1.ztat.net
2014-01-22 08:49:44,i1.ztat.net
2014-01-22 08:49:45,i1.ztat.net
2014-01-22 08:49:48,i1.ztat.net
2014-01-22 08:49:49,i1.ztat.net
2014-01-22 08:49:54,i1.ztat.net
2014-01-22 08:49:55,i2.ztat.net
2014-01-22 08:49:55,i1.ztat.net
2014-01-22 08:50:11,www.zalando.fr
2014-01-22 08:50:12,www.facebook.com
2014-01-22 08:50:13,static.ak.facebook.com
2014-01-22 08:50:13,track.zalando.fr
2014-01-22 08:50:13,s-static.ak.facebook.com
2014-01-22 08:50:14,www.google.fr
2014-01-22 08:50:14,www.google.com
2014-01-22 08:50:14,i1.ztat.net
2014-01-22 08:50:15,www.facebook.com
2014-01-22 08:50:16,www.google.fr
2014-01-22 08:50:16,www.google.com
2014-01-22 08:50:16,www.facebook.com
2014-01-22 08:50:16,id.impressiondesk.com
2014-01-22 08:50:16,track.zalando.fr
2014-01-22 08:50:18,i2.ztat.net
2014-01-22 08:50:22,www.facebook.com
2014-01-22 08:50:27,i2.ztat.net
2014-01-22 08:50:28,i1.ztat.net
2014-01-22 08:50:29,i1.ztat.net
2014-01-22 08:50:34,i2.ztat.net
2014-01-22 08:50:35,i1.ztat.net
2014-01-22 08:50:36,i1.ztat.net
2014-01-22 08:50:36,i2.ztat.net
2014-01-22 08:50:39,i1.ztat.net
2014-01-22 08:50:41,i2.ztat.net
2014-01-22 08:50:41,i1.ztat.net
2014-01-22 08:50:55,i1.ztat.net
2014-01-22 08:50:59,i1.ztat.net
2014-01-22 08:51:00,i1.ztat.net
2014-01-22 08:51:01,i1.ztat.net
2014-01-22 08:51:02,i2.ztat.net
2014-01-22 08:51:09,i1.ztat.net
2014-01-22 08:51:18,i1.ztat.net
2014-01-22 08:51:19,www.zalando.fr
2014-01-22 08:51:20,www.facebook.com
2014-01-22 08:51:21,static.ak.facebook.com
2014-01-22 08:51:21,s-static.ak.facebook.com
2014-01-22 08:51:22,www.google.com
2014-01-22 08:51:22,www.google.fr
2014-01-22 08:51:22,i1.ztat.net
2014-01-22 08:51:23,track.zalando.fr
2014-01-22 08:51:23,www.facebook.com
2014-01-22 08:51:23,id.impressiondesk.com
2014-01-22 08:51:24,www.facebook.com
2014-01-22 08:51:24,www.google.fr
2014-01-22 08:51:24,www.google.com
2014-01-22 08:51:25,www.google.fr
2014-01-22 08:51:25,www.google.com
2014-01-22 08:51:25,www.facebook.com
2014-01-22 08:51:26,i1.ztat.net
2014-01-22 08:51:30,i1.ztat.net
2014-01-22 08:51:32,i1.ztat.net
2014-01-22 08:51:41,i1.ztat.net
2014-01-22 08:51:41,i2.ztat.net
2014-01-22 08:51:44,i1.ztat.net
2014-01-22 08:51:44,i2.ztat.net
2014-01-22 08:51:50,i2.ztat.net
2014-01-22 08:51:52,i1.ztat.net
2014-01-22 08:51:52,i2.ztat.net
2014-01-22 08:52:10,i2.ztat.net
2014-01-22 08:52:10,i1.ztat.net
2014-01-22 08:52:14,i1.ztat.net
2014-01-22 08:52:15,i1.ztat.net
2014-01-22 08:52:15,i2.ztat.net
2014-01-22 08:52:16,i1.ztat.net
2014-01-22 08:52:17,i1.ztat.net
2014-01-22 08:52:18,i2.ztat.net
2014-01-22 08:52:18,i1.ztat.net
2014-01-22 08:52:19,i2.ztat.net
2014-01-22 08:52:19,i1.ztat.net
2014-01-22 08:52:20,i1.ztat.net
2014-01-22 08:52:20,i2.ztat.net
2014-01-22 08:52:21,i1.ztat.net
2014-01-22 08:52:22,i2.ztat.net
2014-01-22 08:52:22,i1.ztat.net
2014-01-22 08:52:43,i2.ztat.net
2014-01-22 08:52:43,i1.ztat.net
2014-01-22 08:52:44,i1.ztat.net
2014-01-22 08:52:46,i1.ztat.net
2014-01-22 08:52:59,i1.ztat.net
2014-01-22 08:53:00,i1.ztat.net
2014-01-22 08:53:30,www.zalando.fr
2014-01-22 08:53:31,www.zalando.fr
2014-01-22 08:53:31,www.facebook.com
2014-01-22 08:53:31,i1.ztat.net
2014-01-22 08:53:31,i2.ztat.net
2014-01-22 08:53:32,assets.pinterest.com
2014-01-22 08:53:32,s-static.ak.facebook.com
2014-01-22 08:53:32,www.google.fr
2014-01-22 08:53:32,static.ak.facebook.com
2014-01-22 08:53:32,www.google.com
2014-01-22 08:53:33,i1.ztat.net
2014-01-22 08:53:33,i2.ztat.net
2014-01-22 08:53:34,www.facebook.com
2014-01-22 08:53:34,www.google.com
2014-01-22 08:53:34,www.google.fr
2014-01-22 08:53:34,id.impressiondesk.com
2014-01-22 08:53:34,track.zalando.fr
2014-01-22 08:53:35,www.google.com
2014-01-22 08:53:36,i1.ztat.net
2014-01-22 08:53:36,www.google.fr
2014-01-22 08:53:36,i2.ztat.net
2014-01-22 08:53:37,i2.ztat.net
2014-01-22 08:53:37,i1.ztat.net
2014-01-22 08:53:41,i2.ztat.net
2014-01-22 08:53:41,i1.ztat.net
2014-01-22 08:53:41,www.facebook.com
2014-01-22 08:53:42,i1.ztat.net
2014-01-22 08:53:43,i1.ztat.net
2014-01-22 08:53:43,i2.ztat.net
2014-01-22 08:53:44,i1.ztat.net
2014-01-22 08:53:45,i1.ztat.net
2014-01-22 08:53:45,i2.ztat.net
2014-01-22 08:53:46,i1.ztat.net
2014-01-22 08:53:46,i2.ztat.net
2014-01-22 08:53:47,i2.ztat.net
2014-01-22 08:53:48,i2.ztat.net
2014-01-22 08:53:48,i1.ztat.net
2014-01-22 08:53:49,i2.ztat.net
2014-01-22 08:53:49,i1.ztat.net
2014-01-22 08:53:50,i2.ztat.net
2014-01-22 08:53:53,i1.ztat.net
2014-01-22 08:53:53,i2.ztat.net
2014-01-22 08:53:54,i1.ztat.net
2014-01-22 08:53:55,i1.ztat.net
2014-01-22 08:53:55,i2.ztat.net
2014-01-22 08:53:56,i1.ztat.net
2014-01-22 08:54:03,i1.ztat.net
2014-01-22 08:54:04,i1.ztat.net
2014-01-22 08:54:05,i1.ztat.net
2014-01-22 08:54:05,i2.ztat.net
2014-01-22 08:54:06,i1.ztat.net
2014-01-22 08:54:07,i1.ztat.net
2014-01-22 08:54:09,i2.ztat.net
2014-01-22 08:54:10,i1.ztat.net
2014-01-22 08:54:13,i1.ztat.net
2014-01-22 08:54:27,www.zalando.fr
2014-01-22 08:54:28,www.facebook.com
2014-01-22 08:54:28,i1.ztat.net
2014-01-22 08:54:29,static.ak.facebook.com
2014-01-22 08:54:29,www.google.com
2014-01-22 08:54:29,s-static.ak.facebook.com
2014-01-22 08:54:30,www.google.fr
2014-01-22 08:54:30,i1.ztat.net
2014-01-22 08:54:30,www.facebook.com
2014-01-22 08:54:31,id.impressiondesk.com
2014-01-22 08:54:31,track.zalando.fr
2014-01-22 08:54:31,www.google.com
2014-01-22 08:54:31,www.facebook.com
2014-01-22 08:54:31,www.google.fr
2014-01-22 08:54:32,i1.ztat.net
2014-01-22 08:54:32,www.google.com
2014-01-22 08:54:32,www.google.fr
2014-01-22 08:54:33,www.facebook.com
2014-01-22 08:54:33,i1.ztat.net
2014-01-22 08:54:34,i1.ztat.net
2014-01-22 08:54:34,i2.ztat.net
2014-01-22 08:54:35,i1.ztat.net
2014-01-22 08:54:38,i1.ztat.net
2014-01-22 08:54:39,i1.ztat.net
2014-01-22 08:54:42,i1.ztat.net
2014-01-22 08:54:43,i1.ztat.net
2014-01-22 08:54:44,i1.ztat.net
2014-01-22 08:54:46,i1.ztat.net
2014-01-22 08:54:49,i1.ztat.net
2014-01-22 08:54:50,i1.ztat.net
2014-01-22 08:54:51,i1.ztat.net
2014-01-22 08:54:52,i1.ztat.net
2014-01-22 08:54:53,i1.ztat.net
2014-01-22 08:54:54,i1.ztat.net
2014-01-22 08:54:57,i1.ztat.net
2014-01-22 08:54:58,i1.ztat.net
2014-01-22 08:55:00,i1.ztat.net
2014-01-22 08:55:01,i1.ztat.net
2014-01-22 08:55:02,i2.ztat.net
2014-01-22 08:55:02,i1.ztat.net
2014-01-22 08:55:03,i1.ztat.net
2014-01-22 08:55:04,i1.ztat.net
2014-01-22 08:55:05,i1.ztat.net
2014-01-22 08:55:08,i2.ztat.net
2014-01-22 08:55:08,i1.ztat.net
2014-01-22 08:55:09,i1.ztat.net
2014-01-22 08:55:10,i1.ztat.net
2014-01-22 08:55:11,i1.ztat.net
2014-01-22 08:55:16,i1.ztat.net
2014-01-22 08:55:17,i1.ztat.net
2014-01-22 08:55:17,i2.ztat.net
2014-01-22 08:55:18,i2.ztat.net
2014-01-22 08:55:18,i1.ztat.net
2014-01-22 08:55:19,i1.ztat.net
2014-01-22 08:55:22,i1.ztat.net
2014-01-22 08:55:24,www.zalando.fr
2014-01-22 08:55:25,i1.ztat.net
2014-01-22 08:55:25,www.facebook.com
2014-01-22 08:55:26,static.ak.facebook.com
2014-01-22 08:55:26,s-static.ak.facebook.com
2014-01-22 08:55:27,www.google.com
2014-01-22 08:55:27,www.google.fr
2014-01-22 08:55:27,i1.ztat.net
2014-01-22 08:55:27,i2.ztat.net
2014-01-22 08:55:28,track.zalando.fr
2014-01-22 08:55:28,id.impressiondesk.com
2014-01-22 08:55:28,www.google.com
2014-01-22 08:55:28,www.facebook.com
2014-01-22 08:55:28,www.google.fr
2014-01-22 08:55:29,www.google.com
2014-01-22 08:55:29,www.google.fr
2014-01-22 08:55:29,ce.lijit.com
2014-01-22 08:55:30,i2.ztat.net
2014-01-22 08:55:30,i1.ztat.net
2014-01-22 08:55:31,i1.ztat.net
2014-01-22 08:55:31,www.facebook.com
2014-01-22 08:55:32,i1.ztat.net
2014-01-22 08:55:32,i2.ztat.net
2014-01-22 08:55:38,i1.ztat.net
2014-01-22 08:55:39,i1.ztat.net
2014-01-22 08:55:40,i1.ztat.net
2014-01-22 08:55:41,i1.ztat.net
2014-01-22 08:55:41,i2.ztat.net
2014-01-22 08:55:42,i1.ztat.net
2014-01-22 08:55:43,i2.ztat.net
2014-01-22 08:55:43,i1.ztat.net
2014-01-22 08:55:44,i1.ztat.net
2014-01-22 08:55:44,i2.ztat.net
2014-01-22 08:55:45,i1.ztat.net
2014-01-22 08:55:51,i1.ztat.net
2014-01-22 08:55:52,i1.ztat.net
2014-01-22 08:56:12,www.zalando.fr
2014-01-22 08:56:13,i1.ztat.net
2014-01-22 08:56:13,i2.ztat.net
2014-01-22 08:56:13,www.facebook.com
2014-01-22 08:56:14,s-static.ak.facebook.com
2014-01-22 08:56:14,track.zalando.fr
2014-01-22 08:56:14,www.facebook.com
2014-01-22 08:56:14,widgets.pinterest.com
2014-01-22 08:56:14,www.google.fr
2014-01-22 08:56:14,apis.google.com
2014-01-22 08:56:14,www.google.com
2014-01-22 08:56:14,www.zalando.fr
2014-01-22 08:56:14,static.ak.facebook.com
2014-01-22 08:56:15,calotag.com
2014-01-22 08:56:15,track.zalando.fr
2014-01-22 08:56:15,www.google.fr
2014-01-22 08:56:15,www.google.com
2014-01-22 08:56:15,i1.ztat.net
2014-01-22 08:56:15,www.facebook.com
2014-01-22 08:56:15,i2.ztat.net
2014-01-22 08:56:16,sync.uuidcshmg.com
2014-01-22 08:56:16,id.impressiondesk.com
2014-01-22 08:56:16,i2.ztat.net
2014-01-22 08:56:17,www.facebook.com
2014-01-22 08:56:31,track.zalando.fr
2014-01-22 08:56:31,www.zalando.fr
2014-01-22 08:56:31,i1.ztat.net
2014-01-22 08:56:31,www.facebook.com
2014-01-22 08:56:31,i2.ztat.net
2014-01-22 08:56:32,i1.ztat.net
2014-01-22 08:56:33,s-static.ak.facebook.com
2014-01-22 08:56:33,static.ak.facebook.com
2014-01-22 08:56:33,widgets.pinterest.com
2014-01-22 08:56:33,www.google.fr
2014-01-22 08:56:33,www.google.com
2014-01-22 08:56:34,calotag.com
2014-01-22 08:56:34,apis.google.com
2014-01-22 08:56:34,track.zalando.fr
2014-01-22 08:56:34,www.facebook.com
2014-01-22 08:56:34,www.google.com
2014-01-22 08:56:34,www.google.fr
2014-01-22 08:56:34,www.zalando.fr
2014-01-22 08:56:35,i1.ztat.net
2014-01-22 08:56:36,sync.uuidcshmg.com
2014-01-22 08:56:36,www.google.fr
2014-01-22 08:56:36,id.impressiondesk.com
2014-01-22 08:56:36,www.google.com
2014-01-22 08:56:36,track.zalando.fr
2014-01-22 08:56:37,www.facebook.com
2014-01-22 08:56:41,www.facebook.com
2014-01-22 08:56:46,www.facebook.com
2014-01-22 08:56:48,www.facebook.com
2014-01-22 08:56:49,www.facebook.com
2014-01-22 08:56:50,www.facebook.com
2014-01-22 08:56:51,www.facebook.com
2014-01-22 08:56:52,www.facebook.com
2014-01-22 08:56:53,www.facebook.com
2014-01-22 08:56:54,www.facebook.com
2014-01-22 08:56:56,www.facebook.com
2014-01-22 08:56:57,www.facebook.com
2014-01-22 08:57:04,www.zalando.fr
2014-01-22 08:57:05,i2.ztat.net
2014-01-22 08:57:05,i1.ztat.net
2014-01-22 08:57:05,www.facebook.com
2014-01-22 08:57:05,track.zalando.fr
2014-01-22 08:57:07,static.ak.facebook.com
2014-01-22 08:57:07,s-static.ak.facebook.com
2014-01-22 08:57:08,i1.ztat.net
2014-01-22 08:57:08,i2.ztat.net
2014-01-22 08:57:08,www.google.com
2014-01-22 08:57:08,www.google.fr
2014-01-22 08:57:09,www.facebook.com
2014-01-22 08:57:09,id.impressiondesk.com
2014-01-22 08:57:09,www.google.com
2014-01-22 08:57:09,www.google.fr
2014-01-22 08:57:09,track.zalando.fr
2014-01-22 08:57:10,www.google.fr
2014-01-22 08:57:10,i1.ztat.net
2014-01-22 08:57:10,www.google.com
2014-01-22 08:57:10,i2.ztat.net
2014-01-22 08:57:11,i1.ztat.net
2014-01-22 08:57:11,www.facebook.com
2014-01-22 08:57:16,www.facebook.com
2014-01-22 09:12:12,office14client.microsoft.com
2014-01-22 09:12:13,office.microsoft.com
2014-01-22 09:12:15,office.microsoft.com
2014-01-22 09:12:16,office.microsoft.com
2014-01-22 09:25:44,www.google.fr
2014-01-22 09:25:57,clients1.google.fr
2014-01-22 09:25:58,clients1.google.fr
2014-01-22 09:25:58,www.google.fr
2014-01-22 09:26:05,www.google.fr
2014-01-22 09:26:07,www.google.fr
2014-01-22 09:26:08,didac2b.files.wordpress.com
2014-01-22 09:26:17,profmarzin.com
2014-01-22 09:26:17,www.google.fr
2014-01-22 09:26:18,profmarzin.com
2014-01-22 09:26:18,platform.twitter.com
2014-01-22 09:26:18,parlonsfls.files.wordpress.com
2014-01-22 09:26:19,platform.twitter.com
2014-01-22 09:26:19,profmarzin.com
2014-01-22 09:26:20,pbs.twimg.com
2014-01-22 09:26:20,www.google.fr
2014-01-22 09:26:21,twitter.com
2014-01-22 09:26:52,twitter.com
2014-01-22 09:26:52,pbs.twimg.com
2014-01-22 09:26:52,platform.twitter.com
2014-01-22 09:26:52,www.google.fr
2014-01-22 09:26:52,clients1.google.fr
2014-01-22 09:26:58,www.google.fr
2014-01-22 09:27:29,www.google.fr
2014-01-22 09:27:51,www.google.fr
2014-01-29 08:13:40,www.google.com
2014-01-29 08:15:35,ieonline.microsoft.com
2014-01-29 08:16:31,ieonline.microsoft.com
2014-01-29 08:16:42,go.microsoft.com
2014-01-29 08:43:41,www.google.fr
2014-01-29 08:43:42,www.google.com
2014-01-29 08:43:42,apis.google.com
2014-01-29 08:43:50,www.google.com
2014-01-29 08:43:50,apis.google.com
2014-01-29 08:43:50,www.google.fr
2014-01-29 08:43:50,www.leboncoin.fr
2014-01-29 08:43:50,deliv.leboncoin.fr
2014-01-29 08:43:50,static.leboncoin.fr
2014-01-29 08:43:51,static.leboncoin.fr
2014-01-29 08:43:51,www.leboncoin.fr
2014-01-29 08:43:52,193.164.196.60
2014-01-29 08:43:52,static.leboncoin.fr
2014-01-29 08:43:52,www.leboncoin.fr
2014-01-29 08:43:52,193.164.196.40
2014-01-29 08:43:52,193.164.196.50
2014-01-29 08:43:52,compteperso.leboncoin.fr
2014-01-29 08:43:52,193.164.197.50
2014-01-29 08:43:52,deliv.leboncoin.fr
2014-01-29 08:43:52,193.164.197.40
2014-01-29 08:43:52,193.164.197.30
2014-01-29 08:43:52,193.164.197.60
2014-01-29 08:43:52,193.164.196.30
2014-01-29 08:43:53,static.leboncoin.fr
2014-01-29 08:43:53,deliv.leboncoin.fr
2014-01-29 08:43:53,fpdownload2.macromedia.com
2014-01-29 08:43:58,compteperso.leboncoin.fr
2014-01-29 08:44:13,193.164.197.50
2014-01-29 08:44:13,www.google.com
2014-01-29 08:44:13,193.164.196.30
2014-01-29 08:44:13,193.164.196.60
2014-01-29 08:44:13,193.164.197.30
2014-01-29 08:44:13,193.164.197.60
2014-01-29 08:44:13,193.164.196.50
2014-01-29 08:44:13,static.leboncoin.fr
2014-01-29 08:44:13,www.leboncoin.fr
2014-01-29 08:44:13,deliv.leboncoin.fr
2014-01-29 08:44:13,193.164.196.40
2014-01-29 08:44:14,www.google.com
2014-01-29 08:44:14,r.kelkoo.com
2014-01-29 08:44:39,static.leboncoin.fr
2014-01-29 08:44:39,www.leboncoin.fr
2014-01-29 08:44:39,deliv.leboncoin.fr
2014-01-29 08:44:40,static.leboncoin.fr
2014-01-29 08:44:41,www.leboncoin.fr
2014-01-29 08:44:41,static.leboncoin.fr
2014-01-29 08:44:41,deliv.leboncoin.fr
2014-01-29 08:44:41,193.164.197.40
2014-01-29 08:44:41,193.164.197.60
2014-01-29 08:44:51,193.164.196.30
2014-01-29 08:44:51,www.leboncoin.fr
2014-01-29 08:44:51,static.leboncoin.fr
2014-01-29 08:44:51,193.164.197.40
2014-01-29 08:44:51,193.164.196.60
2014-01-29 08:44:51,193.164.197.60
2014-01-29 08:44:51,193.164.197.30
2014-01-29 08:44:51,www.facebook.com
2014-01-29 08:44:51,www.google.com
2014-01-29 08:44:51,deliv.leboncoin.fr
2014-01-29 08:44:51,193.164.196.40
2014-01-29 08:44:51,193.164.197.50
2014-01-29 08:44:51,193.164.196.50
2014-01-29 08:45:04,193.164.196.30
2014-01-29 08:45:04,193.164.197.60
2014-01-29 08:45:04,www.leboncoin.fr
2014-01-29 08:45:05,193.164.196.30
2014-01-29 08:45:05,www.leboncoin.fr
2014-01-29 08:45:05,static.leboncoin.fr
2014-01-29 08:45:05,deliv.leboncoin.fr
2014-01-29 08:45:05,mm.eulerian.net
2014-01-29 08:45:09,www2.leboncoin.fr
2014-01-29 08:45:09,www.leboncoin.fr
2014-01-29 08:45:44,193.164.197.60
2014-01-29 08:46:37,www.google.com
2014-01-29 08:46:37,static.leboncoin.fr
2014-01-29 08:46:37,deliv.leboncoin.fr
2014-01-29 08:46:49,mm.eulerian.net
2014-01-29 08:46:49,static.leboncoin.fr
2014-01-29 08:46:49,www.leboncoin.fr
2014-01-29 08:46:49,193.164.197.60
2014-01-29 08:46:49,deliv.leboncoin.fr
2014-01-29 08:46:51,www2.leboncoin.fr
2014-01-29 08:46:51,www.leboncoin.fr
2014-01-29 08:47:00,static.leboncoin.fr
2014-01-29 08:47:00,deliv.leboncoin.fr
2014-01-29 09:00:31,go.microsoft.com
2014-01-29 09:00:31,t.fr.msn.com
2014-01-29 09:00:31,api.bing.com
2014-01-29 09:00:31,www.bing.com
2014-01-29 09:00:33,api.bing.com
2014-01-29 09:00:36,api.bing.com
2014-01-29 09:04:47,api.bing.com
2014-01-29 09:16:57,www.google.fr
2014-01-29 09:17:20,www.jeux.fr
2014-01-29 09:17:20,www.google.fr
2014-01-29 09:17:21,www.jeux.fr
2014-01-29 09:17:21,api.spilgames.com
2014-01-29 09:17:21,www.google.com
2014-01-29 09:17:21,www.google.fr
2014-01-29 09:17:22,logs.spilgames.com
2014-01-29 09:17:22,api.spilgames.com
2014-01-29 09:17:22,www.jeux.fr
2014-01-29 09:17:22,www3.boago.com
2014-01-29 09:17:22,apis.google.com
2014-01-29 09:17:23,api.spilgames.com
2014-01-29 09:17:23,www.jeux.fr
2014-01-29 09:17:23,logs.spilgames.com
2014-01-29 09:17:23,cdns.gigya.com
2014-01-29 09:17:23,apis.google.com
2014-01-29 09:17:24,cdns.gigya.com
2014-01-29 09:17:24,accounts.google.com
2014-01-29 09:17:24,apis.google.com
2014-01-29 09:17:25,logs.spilgames.com
2014-01-29 09:17:25,www.jeux.fr
2014-01-29 09:17:25,d6tizftlrpuof.cloudfront.net
2014-01-29 09:17:36,i1-js-14-3-01-10281-161652437-i.init.cedexis-radar.net
2014-01-29 09:17:37,static.ams1.spil.cdnperf.spilcloud.com
2014-01-29 09:17:38,static.ams1.spil.cdnperf.spilcloud.com
2014-01-29 09:17:46,api.spilgames.com
2014-01-29 09:17:55,www.jeux.fr
2014-01-29 09:17:55,static.ams1.spil.cdnperf.spilcloud.com
2014-01-29 09:17:55,static.level3.cdnperf.spilcloud.com
2014-01-29 09:18:04,www.jeux.fr
2014-01-29 09:18:05,www.jeux.fr
2014-01-29 09:18:05,s-static.ak.facebook.com
2014-01-29 09:18:05,www.facebook.com
2014-01-29 09:18:05,connect.facebook.net
2014-01-29 09:18:05,logs.spilgames.com
2014-01-29 09:18:05,api.spilgames.com
2014-01-29 09:18:05,static.ak.facebook.com
2014-01-29 09:18:05,apis.google.com
2014-01-29 09:18:06,apis.google.com
2014-01-29 09:18:06,api.spilgames.com
2014-01-29 09:18:06,www.facebook.com
2014-01-29 09:18:06,logs.spilgames.com
2014-01-29 09:18:07,cpm1.affiz.net
2014-01-29 09:18:07,api.spilgames.com
2014-01-29 09:18:07,apis.google.com
2014-01-29 09:18:07,d6tizftlrpuof.cloudfront.net
2014-01-29 09:18:07,logs.spilgames.com
2014-01-29 09:18:08,cpm1.affiz.net
2014-01-29 09:18:09,www.facebook.com
2014-01-29 09:18:09,www.google.com
2014-01-29 09:18:09,c1.adform.net
2014-01-29 09:18:22,www.jeux.fr
2014-01-29 09:18:23,s-static.ak.facebook.com
2014-01-29 09:18:23,www.jeux.fr
2014-01-29 09:18:23,logs.spilgames.com
2014-01-29 09:18:23,static.ak.facebook.com
2014-01-29 09:18:24,logs.spilgames.com
2014-01-29 09:18:24,apis.google.com
2014-01-29 09:18:24,api.spilgames.com
2014-01-29 09:18:24,www.facebook.com
2014-01-29 09:18:25,cpm1.affiz.net
2014-01-29 09:18:25,logs.spilgames.com
2014-01-29 09:18:26,logs.spilgames.com
2014-01-29 09:18:26,cpm1.affiz.net
2014-01-29 09:18:26,api.spilgames.com
2014-01-29 09:18:32,www.jeux.fr
2014-01-29 09:18:33,logs.spilgames.com
2014-01-29 09:18:33,api.spilgames.com
2014-01-29 09:18:33,www.jeux.fr
2014-01-29 09:18:33,w.sharethis.com
2014-01-29 09:18:34,logs.spilgames.com
2014-01-29 09:18:34,www.jeux.fr
2014-01-29 09:18:34,api.spilgames.com
2014-01-29 09:18:34,payments.spilgames.com
2014-01-29 09:18:35,www.facebook.com
2014-01-29 09:18:35,s-static.ak.facebook.com
2014-01-29 09:18:35,logs.spilgames.com
2014-01-29 09:18:35,w.sharethis.com
2014-01-29 09:18:35,static.ak.facebook.com
2014-01-29 09:18:35,www.jeux.fr
2014-01-29 09:18:35,payments.spilgames.com
2014-01-29 09:18:36,www.facebook.com
2014-01-29 09:18:36,apis.google.com
2014-01-29 09:18:36,api.viewar.org
2014-01-29 09:18:36,api.spilgames.com
2014-01-29 09:18:37,api.spilgames.com
2014-01-29 09:18:37,edge.sharethis.com
2014-01-29 09:18:37,www8.agame.com
2014-01-29 09:18:38,api.spilgames.com
2014-01-29 09:18:38,w.sharethis.com
2014-01-29 09:18:38,www.facebook.com
2014-01-29 09:18:38,logs.spilgames.com
2014-01-29 09:18:39,www8.agame.com
2014-01-29 09:18:39,logs.spilgames.com
2014-01-29 09:18:40,pixel2368.everesttech.net
2014-01-29 09:18:40,hiroservers.appspot.com
2014-01-29 09:18:40,vast.bp3854853.btrll.com
2014-01-29 09:18:41,logs.spilgames.com
2014-01-29 09:18:41,www.jeux.fr
2014-01-29 09:18:42,dtm.bonton.com
2014-01-29 09:18:42,liverail.api.peer39.net
2014-01-29 09:18:42,apnx-match.dotomi.com
2014-01-29 09:18:43,logs.spilgames.com
2014-01-29 09:18:45,adventori.com
2014-01-29 09:18:47,logs.spilgames.com
2014-01-29 09:18:51,logs.spilgames.com
2014-01-29 09:18:57,logs.spilgames.com
2014-01-29 09:19:02,www.jeux.fr
2014-01-29 09:19:02,logs.spilgames.com
2014-01-29 09:19:05,logs.spilgames.com
2014-01-29 09:19:05,cpm1.affiz.net
2014-01-29 09:19:06,www.jeux.fr
2014-01-29 09:19:08,www.jeux.fr
2014-01-29 09:19:15,logs.spilgames.com
2014-01-29 09:20:33,logs.spilgames.com
2014-01-29 09:20:48,www.jeux.fr
2014-01-29 09:20:49,api.spilgames.com
2014-01-29 09:20:49,logs.spilgames.com
2014-01-29 09:20:49,www.jeux.fr
2014-01-29 09:20:49,apis.google.com
2014-01-29 09:20:50,api.viewar.org
2014-01-29 09:20:50,s-static.ak.facebook.com
2014-01-29 09:20:50,www.facebook.com
2014-01-29 09:20:50,static.ak.facebook.com
2014-01-29 09:20:51,api.spilgames.com
2014-01-29 09:20:51,www.facebook.com
2014-01-29 09:20:51,www.jeux.fr
2014-01-29 09:20:51,logs.spilgames.com
2014-01-29 09:20:52,api.spilgames.com
2014-01-29 09:20:52,apis.google.com
2014-01-29 09:20:53,i4.ytimg.com
2014-01-29 09:20:53,logs.spilgames.com
2014-01-29 09:20:54,vast.bp3854853.btrll.com
2014-01-29 09:20:54,logs.spilgames.com
2014-01-29 09:20:55,logs.spilgames.com
2014-01-29 09:20:55,www.jeux.fr
2014-01-29 09:20:59,logs.spilgames.com
2014-01-29 09:21:03,logs.spilgames.com
2014-01-29 09:21:11,logs.spilgames.com
2014-01-29 09:21:18,logs.spilgames.com
2014-01-29 09:21:26,logs.spilgames.com
2014-01-29 09:21:26,www.jeux.fr
2014-01-29 09:21:27,www8.agame.com
2014-01-29 09:21:27,logs.spilgames.com
2014-01-29 09:21:27,webplayer.unity3d.com
2014-01-29 09:21:27,www.jeux.fr
2014-01-29 09:21:28,www.rvty.net
2014-01-29 09:21:29,logs.spilgames.com
2014-01-29 09:21:32,www.jeux.fr
2014-01-29 09:21:33,www.jeux.fr
2014-01-29 09:21:38,webplayer.unity3d.com
2014-01-29 09:21:42,webplayer.unity3d.com
2014-01-29 09:21:45,webplayer.unity3d.com
2014-01-29 09:21:49,www.jeux.fr
2014-01-29 09:21:50,www.jeux.fr
2014-01-29 09:21:50,logs.spilgames.com
2014-01-29 09:21:50,www.google.com
2014-01-29 09:21:50,www.google.fr
2014-01-29 09:21:51,apis.google.com
2014-01-29 09:21:51,api.spilgames.com
2014-01-29 09:21:51,logs.spilgames.com
2014-01-29 09:21:52,logs.spilgames.com
2014-01-29 09:21:53,logs.spilgames.com
2014-01-29 09:21:53,hal9000.redintelligence.net
2014-01-29 09:21:53,apis.google.com
2014-01-29 09:21:53,api.spilgames.com
2014-01-29 09:21:54,www.outiror.com
2014-01-29 09:21:54,hal9000.redintelligence.net
2014-01-29 09:22:00,www.jeux.fr
2014-01-29 09:22:01,logs.spilgames.com
2014-01-29 09:22:01,www.jeux.fr
2014-01-29 09:22:02,api.spilgames.com
2014-01-29 09:22:02,logs.spilgames.com
2014-01-29 09:22:02,www.jeux.fr
2014-01-29 09:22:03,static.ak.facebook.com
2014-01-29 09:22:03,api.viewar.org
2014-01-29 09:22:03,s-static.ak.facebook.com
2014-01-29 09:22:03,www.facebook.com
2014-01-29 09:22:04,www.facebook.com
2014-01-29 09:22:04,apis.google.com
2014-01-29 09:22:04,api.spilgames.com
2014-01-29 09:22:05,rp.gwallet.com
2014-01-29 09:22:05,logs.spilgames.com
2014-01-29 09:22:06,www8.agame.com
2014-01-29 09:22:06,logs.spilgames.com
2014-01-29 09:22:06,api.spilgames.com
2014-01-29 09:22:07,vast.bp3854853.btrll.com
2014-01-29 09:22:08,logs.spilgames.com
2014-01-29 09:22:08,n.dyntrk.com
2014-01-29 09:22:08,www.jeux.fr
2014-01-29 09:22:09,logs.spilgames.com
2014-01-29 09:22:15,logs.spilgames.com
2014-01-29 09:22:19,logs.spilgames.com
2014-01-29 09:22:24,logs.spilgames.com
2014-01-29 09:22:30,www.jeux.fr
2014-01-29 09:22:30,logs.spilgames.com
2014-01-29 09:22:31,logs.spilgames.com
2014-01-29 09:22:32,www.jeux.fr
2014-01-29 09:22:32,www8.agame.com
2014-01-29 09:22:39,logs.spilgames.com
2014-01-29 09:22:40,www.gamesonly.com
2014-01-29 09:23:00,www.google.fr
2014-01-29 09:23:13,static.jeux-gratuits.com
2014-01-29 09:23:13,www.google.fr
2014-01-29 09:23:14,www.facebook.com
2014-01-29 09:23:14,static.jeux-gratuits.com
2014-01-29 09:23:15,static.jeux-gratuits.com
2014-01-29 09:23:15,s-static.ak.facebook.com
2014-01-29 09:23:15,static.ak.facebook.com
2014-01-29 09:23:15,apis.google.com
2014-01-29 09:23:15,platform.twitter.com
2014-01-29 09:23:16,accounts.google.com
2014-01-29 09:23:16,platform.twitter.com
2014-01-29 09:23:16,www.facebook.com
2014-01-29 09:23:17,apis.google.com
2014-01-29 09:23:17,twitter.com
2014-01-29 09:23:17,accounts.google.com
2014-01-29 09:23:17,www.facebook.com
2014-01-29 09:23:17,static.jeux-gratuits.com
2014-01-29 09:23:23,twitter.com
2014-01-29 09:23:23,apis.google.com
2014-01-29 09:23:23,static.jeux-gratuits.com
2014-01-29 09:23:24,static.jeux-gratuits.com
2014-01-29 09:23:25,account.goodgamestudios.com
2014-01-29 09:23:25,um.simpli.fi
2014-01-29 09:23:25,media.goodgamestudios.com
2014-01-29 09:23:25,ncookie.ranch.goodgamestudios.com
2014-01-29 09:23:26,www.facebook.com
2014-01-29 09:23:26,static.jeux-gratuits.com
2014-01-29 09:23:27,www.facebook.com
2014-01-29 09:23:28,www.facebook.com
2014-01-29 09:23:28,static.ak.facebook.com
2014-01-29 09:23:28,apis.google.com
2014-01-29 09:23:28,s-static.ak.facebook.com
2014-01-29 09:23:29,www.facebook.com
2014-01-29 09:23:30,twitter.com
2014-01-29 09:23:30,static.jeux-gratuits.com
2014-01-29 09:23:31,www.facebook.com
2014-01-29 09:23:31,apis.google.com
2014-01-29 09:23:31,twitter.com
2014-01-29 09:23:31,static.jeux-gratuits.com
2014-01-29 09:23:32,um.simpli.fi
2014-01-29 09:23:32,static.jeux-gratuits.com
2014-01-29 09:23:32,c1.adform.net
2014-01-29 09:23:33,rbp.mxptint.net
2014-01-29 09:23:33,rubicon-match.dotomi.com
2014-01-29 09:23:34,www.facebook.com
2014-01-29 09:23:34,rubicon-match.dotomi.com
2014-01-29 09:23:34,dtm.gap.com
2014-01-29 09:23:34,static.ak.facebook.com
2014-01-29 09:23:34,s-static.ak.facebook.com
2014-01-29 09:23:35,apis.google.com
2014-01-29 09:23:35,static.jeux-gratuits.com
2014-01-29 09:23:35,www.facebook.com
2014-01-29 09:23:36,static.jeux-gratuits.com
2014-01-29 09:23:37,twitter.com
2014-01-29 09:23:37,www.facebook.com
2014-01-29 09:23:37,static.jeux-gratuits.com
2014-01-29 09:23:38,static.jeux-gratuits.com
2014-01-29 09:23:38,apis.google.com
2014-01-29 09:23:38,twitter.com
2014-01-29 09:23:51,static.jeux-gratuits.com
2014-01-29 09:24:05,logs.spilgames.com
2014-01-29 09:24:10,static.jeux-gratuits.com
2014-01-29 09:24:11,static.jeux-gratuits.com
2014-01-29 09:24:22,static.jeux-gratuits.com
2014-01-29 09:24:22,pr.ybp.yahoo.com
2014-01-29 09:24:23,s-static.ak.facebook.com
2014-01-29 09:24:23,static.ak.facebook.com
2014-01-29 09:24:23,www.facebook.com
2014-01-29 09:24:24,apis.google.com
2014-01-29 09:24:24,www.facebook.com
2014-01-29 09:24:24,choices.truste.com
2014-01-29 09:24:25,twitter.com
2014-01-29 09:24:25,choices.truste.com
2014-01-29 09:24:25,adventori.com
2014-01-29 09:24:26,cpm1.affiz.net
2014-01-29 09:24:26,apis.google.com
2014-01-29 09:24:26,twitter.com
2014-01-29 09:24:26,static.jeux-gratuits.com
2014-01-29 09:24:27,cpm1.affiz.net
2014-01-29 09:24:28,static.jeux-gratuits.com
2014-01-29 09:24:28,cpm1.affiz.net
2014-01-29 09:24:29,match.rtbidder.net
2014-01-29 09:24:30,static.jeux-gratuits.com
2014-01-29 09:26:05,logs.spilgames.com
2014-01-29 09:27:05,logs.spilgames.com
2014-01-29 09:27:06,logs.spilgames.com
2014-01-29 09:27:06,tags.qservz.com
2014-01-29 09:27:07,www.groupon.fr
2014-01-29 09:27:19,www.armorgames.com
2014-01-29 09:27:20,quests.armorgames.com
2014-01-29 09:27:20,cache.armorgames.com
2014-01-29 09:27:20,gamemedia.armorgames.com
2014-01-29 09:27:20,armorgames.com
2014-01-29 09:27:20,files.armorgames.com
2014-01-29 09:27:20,assets.pinterest.com
2014-01-29 09:27:20,connect.facebook.net
2014-01-29 09:27:21,assets.pinterest.com
2014-01-29 09:27:21,armorgames.com
2014-01-29 09:27:21,choices.truste.com
2014-01-29 09:27:21,cache.armorgames.com
2014-01-29 09:27:21,gamemedia.armorgames.com
2014-01-29 09:27:21,s-static.ak.facebook.com
2014-01-29 09:27:21,static.ak.facebook.com
2014-01-29 09:27:21,www.facebook.com
2014-01-29 09:27:22,static.jeux-gratuits.com
2014-01-29 09:27:22,cpm1.affiz.net
2014-01-29 09:27:23,um.simpli.fi
2014-01-29 09:27:23,c1.adform.net
2014-01-29 09:27:23,cpm1.affiz.net
2014-01-29 09:27:25,static.jeux-gratuits.com
2014-01-29 09:27:26,cpm1.affiz.net
2014-01-29 09:27:34,logs.spilgames.com
2014-01-29 09:27:35,logs.spilgames.com
2014-01-29 09:27:35,tags.qservz.com
2014-01-29 09:27:36,choices.truste.com
2014-01-29 09:28:05,logs.spilgames.com
2014-01-29 09:30:05,logs.spilgames.com
2014-01-29 09:30:55,static.jeux-gratuits.com
2014-01-29 09:30:56,www.facebook.com
2014-01-29 09:30:56,static.jeux-gratuits.com
2014-01-29 09:30:57,apis.google.com
2014-01-29 09:30:57,www.facebook.com
2014-01-29 09:30:57,match.rtbidder.net
2014-01-29 09:30:57,static.ak.facebook.com
2014-01-29 09:30:57,rubicon-match.dotomi.com
2014-01-29 09:30:57,s-static.ak.facebook.com
2014-01-29 09:30:58,affiliation.service-voyages.com
2014-01-29 09:30:58,www.facebook.com
2014-01-29 09:30:58,twitter.com
2014-01-29 09:31:01,static.jeux-gratuits.com
2014-01-29 09:31:01,twitter.com
2014-01-29 09:31:01,apis.google.com
2014-01-29 09:31:02,rp.gwallet.com
2014-01-29 09:31:02,www.facebook.com
2014-01-29 09:31:03,rbp.mxptint.net
2014-01-29 09:31:04,www.facebook.com
2014-01-29 09:31:04,s-static.ak.facebook.com
2014-01-29 09:31:04,static.jeux-gratuits.com
2014-01-29 09:31:04,static.ak.facebook.com
2014-01-29 09:31:05,www.facebook.com
2014-01-29 09:31:05,static.jeux-gratuits.com
2014-01-29 09:31:05,apis.google.com
2014-01-29 09:31:06,twitter.com
2014-01-29 09:31:06,static.jeux-gratuits.com
2014-01-29 09:31:17,static.jeux-gratuits.com
2014-01-29 09:31:18,static.jeux-gratuits.com
2014-01-29 09:31:19,static.jeux-gratuits.com
2014-01-29 09:31:22,static.jeux-gratuits.com
2014-01-29 09:31:26,static.jeux-gratuits.com
2014-01-29 09:31:27,static.jeux-gratuits.com
2014-01-29 09:31:28,static.jeux-gratuits.com
2014-01-29 09:31:49,static.jeux-gratuits.com
2014-01-29 09:32:05,logs.spilgames.com
2014-01-29 09:32:06,logs.spilgames.com
2014-01-29 09:32:06,tags.qservz.com
2014-01-29 09:32:17,static.jeux-gratuits.com
2014-01-29 09:32:18,static.jeux-gratuits.com
2014-01-29 09:32:18,www.facebook.com
2014-01-29 09:32:19,s-static.ak.facebook.com
2014-01-29 09:32:19,static.ak.facebook.com
2014-01-29 09:32:20,www.facebook.com
2014-01-29 09:32:20,apis.google.com
2014-01-29 09:32:21,apis.google.com
2014-01-29 09:32:25,www.jeux.fr
2014-01-29 09:32:26,www.jeux.fr
2014-01-29 09:32:34,logs.spilgames.com
2014-01-29 09:32:35,logs.spilgames.com
2014-01-29 09:32:35,tags.qservz.com
2014-01-29 09:32:51,twitter.com
2014-01-29 09:32:55,apis.google.com
2014-01-29 09:32:55,cpm1.affiz.net
2014-01-29 09:32:55,static.jeux-gratuits.com
2014-01-29 09:32:56,cpm1.affiz.net
2014-01-29 09:32:57,static.jeux-gratuits.com
2014-01-29 09:32:57,cpm1.affiz.net
2014-01-29 09:33:53,www.gameseverytime.com
2014-01-29 09:33:53,code.jquery.com
2014-01-29 09:33:54,www.gameseverytime.com
2014-01-29 09:34:05,logs.spilgames.com
2014-01-29 09:34:14,www.google.fr
2014-01-29 09:34:15,www.jeux.fm
2014-01-29 09:34:15,ajax.googleapis.com
2014-01-29 09:34:15,www.google.fr
2014-01-29 09:34:15,connect.facebook.net
2014-01-29 09:34:16,platform.twitter.com
2014-01-29 09:34:16,www.facebook.com
2014-01-29 09:34:16,www.jeux.fm
2014-01-29 09:34:17,platform.twitter.com
2014-01-29 09:34:17,apis.google.com
2014-01-29 09:34:17,accounts.google.com
2014-01-29 09:34:17,www.jeux.fm
2014-01-29 09:34:17,jeux.fm
2014-01-29 09:34:18,twitter.com
2014-01-29 09:34:18,s3-eu-west-1.amazonaws.com
2014-01-29 09:34:18,platform.twitter.com
2014-01-29 09:34:18,apis.google.com
2014-01-29 09:34:19,twitter.com
2014-01-29 09:34:19,apis.google.com
2014-01-29 09:34:19,accounts.google.com
2014-01-29 09:34:19,s3-eu-west-1.amazonaws.com
2014-01-29 09:34:20,s-static.ak.facebook.com
2014-01-29 09:34:20,s3-eu-west-1.amazonaws.com
2014-01-29 09:34:20,twitter.com
2014-01-29 09:34:20,www.facebook.com
2014-01-29 09:34:20,www.jeux.fm
2014-01-29 09:34:20,static.ak.facebook.com
2014-01-29 09:36:42,www.google.fr
2014-01-29 09:36:42,www.coolbuddy.com
2014-01-29 09:36:43,www.squid-cache.org
2014-01-29 09:36:50,www.jeux.fm
2014-01-29 09:36:50,www.google.fr
2014-01-29 09:36:51,www.google.fr
2014-01-29 09:36:52,static.ak.facebook.com
2014-01-29 09:36:52,www.facebook.com
2014-01-29 09:36:52,platform.twitter.com
2014-01-29 09:36:52,s-static.ak.facebook.com
2014-01-29 09:36:52,apis.google.com
2014-01-29 09:36:52,twitter.com
2014-01-29 09:36:53,www.facebook.com
2014-01-29 09:36:53,www.jeux.fm
2014-01-29 09:36:53,twitter.com
2014-01-29 09:38:07,www.jeux.fm
2014-01-29 09:38:08,www.jeux.fm
2014-01-29 09:38:09,www.facebook.com
2014-01-29 09:38:09,platform.twitter.com
2014-01-29 09:38:09,s-static.ak.facebook.com
2014-01-29 09:38:09,apis.google.com
2014-01-29 09:38:09,static.ak.facebook.com
2014-01-29 09:38:09,www.jeux.fm
2014-01-29 09:38:10,www.jeux.fm
2014-01-29 09:38:10,www.jeu-a-telecharger.com
2014-01-29 09:38:10,atout.email-match.com
2014-01-29 09:38:10,eagle.email-match.com
2014-01-29 09:38:10,twitter.com
2014-01-29 09:38:11,atout.email-match.com
2014-01-29 09:38:11,eagle.email-match.com
2014-01-29 09:38:11,asset.email-match.com
2014-01-29 09:38:12,www.jeu-a-telecharger.com
2014-01-29 09:38:16,www.jeux.fm
2014-01-29 09:38:17,www.facebook.com
2014-01-29 09:38:17,static.ak.facebook.com
2014-01-29 09:38:17,platform.twitter.com
2014-01-29 09:38:17,twitter.com
2014-01-29 09:38:17,s-static.ak.facebook.com
2014-01-29 09:38:18,twitter.com
2014-01-29 09:38:18,www.jeux.fm
2014-01-29 09:38:18,www.facebook.com
2014-01-29 09:38:18,apis.google.com
2014-01-29 09:38:19,www.facebook.com
2014-01-29 09:38:19,www.jeux.fm
2014-02-04 08:41:48,clients1.google.com
2014-02-04 08:41:48,gtglobal-ocsp.geotrust.com
2014-02-04 08:41:50,clients1.google.com
2014-02-04 08:41:52,www.google.fr
2014-02-04 08:41:53,ocsp.tcs.terena.org
2014-02-04 08:41:53,clients1.google.com
2014-02-04 08:41:53,ocsp.usertrust.com
2014-02-04 08:41:54,clients1.google.com
2014-02-04 08:41:57,safebrowsing.clients.google.com
2014-02-04 08:41:57,safebrowsing-cache.google.com
2014-02-04 08:42:43,gtssl-ocsp.geotrust.com
2014-02-04 08:44:45,apis.google.com
2014-02-04 08:44:46,www.google.com
2014-02-04 08:44:47,www.google.fr
2014-02-04 08:44:51,sb-ssl.google.com
2014-02-04 08:44:53,ieonline.microsoft.com
2014-02-04 08:47:43,ocsp.thawte.com
2014-02-04 08:49:43,ocsp.verisign.com
2014-02-04 08:51:43,ocsp.digicert.com
2014-02-04 09:12:48,safebrowsing.clients.google.com
2014-02-04 09:12:48,safebrowsing-cache.google.com
2014-02-04 09:26:28,www.google.fr
2014-02-04 09:26:29,qceablog.wordpress.com
2014-02-04 09:26:29,assets.pinterest.com
2014-02-04 09:26:29,qceablog.files.wordpress.com
2014-02-04 09:26:29,s0.wp.com
2014-02-04 09:26:29,s2.wp.com
2014-02-04 09:26:29,s1.wp.com
2014-02-04 09:26:29,1.gravatar.com
2014-02-04 09:26:30,widgets.pinterest.com
2014-02-04 09:26:30,passets.pinterest.com
2014-02-04 09:26:30,s0.wp.com
2014-02-04 09:26:30,platform.linkedin.com
2014-02-04 09:26:30,www.stumbleupon.com
2014-02-04 09:26:30,qceablog.files.wordpress.com
2014-02-04 09:26:30,s1.wp.com
2014-02-04 09:26:30,assets.pinterest.com
2014-02-04 09:26:30,widgets.wp.com
2014-02-04 09:26:30,www.facebook.com
2014-02-04 09:26:30,platform.twitter.com
2014-02-04 09:26:30,platform.tumblr.com
2014-02-04 09:26:30,use.typekit.net
2014-02-04 09:26:30,0.gravatar.com
2014-02-04 09:26:30,s2.wp.com
2014-02-04 09:26:30,1.gravatar.com
2014-02-04 09:26:30,p.typekit.net
2014-02-04 09:26:31,i.huffpost.com
2014-02-04 09:26:31,qceablog.wordpress.com
2014-02-04 09:26:31,www.linkedin.com
2014-02-04 09:26:31,s0.wp.com
2014-02-04 09:26:31,evsecure-ocsp.verisign.com
2014-02-04 09:26:31,widgets.wp.com
2014-02-04 09:26:31,clients1.google.com
2014-02-04 09:26:32,images.newsmax.com
2014-02-04 09:26:32,qceablog.wordpress.com
2014-02-04 09:26:33,widgets.wp.com
2014-02-04 09:26:33,s0.wp.com
2014-02-04 09:27:02,twitter.com
2014-02-04 09:27:53,www.google.fr
2014-02-04 09:27:53,s.olweb.fr
2014-02-04 09:27:55,s.olweb.fr
2014-02-04 09:27:55,www.olweb.fr
2014-02-04 09:27:55,assets.pinterest.com
2014-02-04 09:27:56,connect.facebook.net
2014-02-04 09:27:56,platform.twitter.com
2014-02-04 09:27:56,www.olweb.fr
2014-02-04 09:27:56,static.ak.facebook.com
2014-02-04 09:27:56,www.google.com
2014-02-04 09:27:56,widgets.pinterest.com
2014-02-04 09:27:56,www.google.fr
2014-02-04 09:27:57,www.facebook.com
2014-02-04 09:27:57,ocsp.verisign.com
2014-02-04 09:28:27,s0.wp.com
2014-02-04 09:28:27,twitter.com
2014-02-04 09:29:06,www.google.com
2014-02-04 09:29:07,www.olweb.fr
2014-02-04 09:29:08,www.google.fr
2014-02-04 09:29:08,www.google.com
2014-02-04 09:29:08,widgets.pinterest.com
2014-02-04 09:29:09,www.facebook.com
2014-02-04 09:29:33,public-api.wordpress.com
2014-02-04 09:29:38,twitter.com
2014-02-04 09:29:52,s-static.ak.facebook.com
2014-02-04 09:30:21,clients1.google.fr
2014-02-04 09:30:51,accounts.google.com
2014-02-04 09:30:58,www.facebook.com
2014-02-04 09:31:28,www.google.fr
2014-02-04 09:31:28,www.lepoint.fr
2014-02-04 09:31:43,www.google.fr
2014-02-04 09:31:46,worldcup-in-brazil.com
2014-02-04 09:31:46,w.sharethis.com
2014-02-04 09:31:47,i1.wp.com
2014-02-04 09:31:47,farm3.staticflickr.com
2014-02-04 09:31:47,farm4.staticflickr.com
2014-02-04 09:31:47,s.gravatar.com
2014-02-04 09:31:47,platform.twitter.com
2014-02-04 09:31:47,s0.wp.com
2014-02-04 09:31:47,i0.wp.com
2014-02-04 09:31:47,www.fifa.com
2014-02-04 09:31:47,3.bp.blogspot.com
2014-02-04 09:31:47,www.fussballtempel.net
2014-02-04 09:31:47,sites.duke.edu
2014-02-04 09:31:47,i2.wp.com
2014-02-04 09:31:48,platform.twitter.com
2014-02-04 09:31:48,farm1.staticflickr.com
2014-02-04 09:31:48,sites.duke.edu
2014-02-04 09:31:48,www.copa2014.gov.br
2014-02-04 09:31:48,www.v-brazil.com
2014-02-04 09:31:48,www.soccercappers.com
2014-02-04 09:31:48,s.gravatar.com
2014-02-04 09:31:48,farm5.staticflickr.com
2014-02-04 09:31:48,farm6.staticflickr.com
2014-02-04 09:31:49,ocsp.usertrust.com
2014-02-04 09:31:49,duke.edu
2014-02-04 09:31:49,www.rentanapartmentinrio.com
2014-02-04 09:31:49,www.jornalgrandebahia.com.br
2014-02-04 09:31:49,ocsp.incommon.org
2014-02-04 09:31:49,gtssl-ocsp.geotrust.com
2014-02-04 09:31:50,edge.sharethis.com
2014-02-04 09:31:50,w.sharethis.com
2014-02-04 09:31:50,www.portalamazonia.com.br
2014-02-04 09:31:55,www.abividro.org.br
2014-02-04 09:31:56,sites.duke.edu
2014-02-04 09:32:03,apis.google.com
2014-02-04 09:32:19,twitter.com
2014-02-04 09:32:24,sites.duke.edu
2014-02-04 09:32:24,farm3.staticflickr.com
2014-02-04 09:32:24,www.copa2014.gov.br
2014-02-04 09:32:24,www.fussballtempel.net
2014-02-04 09:32:24,farm6.staticflickr.com
2014-02-04 09:32:24,s.gravatar.com
2014-02-04 09:32:25,www.jornalgrandebahia.com.br
2014-02-04 09:32:25,sites.duke.edu
2014-02-04 09:32:25,s.gravatar.com
2014-02-04 09:32:25,platform.twitter.com
2014-02-04 09:32:25,farm8.staticflickr.com
2014-02-04 09:32:25,farm9.staticflickr.com
2014-02-04 09:32:26,sites.duke.edu
2014-02-04 09:32:57,twitter.com
2014-02-04 09:33:44,pbs.twimg.com
2014-02-04 09:33:45,pbs.twimg.com
2014-02-04 09:33:45,platform.twitter.com
2014-02-04 09:33:54,www.google.fr
2014-02-04 09:33:54,www.metronews.fr
2014-02-04 09:33:59,www.metronews.fr
2014-02-04 09:34:06,www.metronews.fr
2014-02-04 09:34:06,connect.facebook.net
2014-02-04 09:34:06,microreporting.metronews.fr
2014-02-04 09:34:07,www.metronews.fr
2014-02-04 09:34:08,www.metronews.fr
2014-02-04 09:34:08,dnn506yrbagrg.cloudfront.net
2014-02-04 09:34:08,metrofrance.disqus.com
2014-02-04 09:34:08,go.disqus.com
2014-02-04 09:34:08,microreporting.metronews.fr
2014-02-04 09:34:08,undefined.disqus.com
2014-02-04 09:34:08,platform.twitter.com
2014-02-04 09:34:09,www.metronews.fr
2014-02-04 09:34:10,www.metronews.fr
2014-02-04 09:34:10,microreporting.metronews.fr
2014-02-04 09:34:11,www.metronews.fr
2014-02-04 09:34:12,www.metronews.fr
2014-02-04 09:34:13,go.disqus.com
2014-02-04 09:34:13,microreporting.metronews.fr
2014-02-04 09:34:13,platform.twitter.com
2014-02-04 09:34:13,www.metronews.fr
2014-02-04 09:34:13,dnn506yrbagrg.cloudfront.net
2014-02-04 09:34:44,ocsp.digicert.com
2014-02-04 09:34:44,twitter.com
2014-02-04 09:35:14,syndication.twitter.com
2014-02-04 09:36:02,platform.twitter.com
2014-02-04 09:36:05,pbs.twimg.com
2014-02-04 09:36:29,www.google.fr
2014-02-04 09:36:29,www.lyonpoleimmo.com
2014-02-04 09:36:32,www.lyonpoleimmo.com
2014-02-04 09:36:45,syndication.twitter.com
2014-02-04 09:36:47,clients1.google.fr
2014-02-04 09:37:04,accounts.google.com
2014-02-04 09:37:07,apis.google.com
2014-02-04 09:37:13,graph.facebook.com
2014-02-04 09:37:13,www.facebook.com
2014-02-04 09:39:14,www.google.fr
2014-02-04 09:39:15,joomla-gtranslate.googlecode.com
2014-02-04 09:39:15,s.gravatar.com
2014-02-04 09:39:15,www.airdumboa.com
2014-02-04 09:39:15,tdn.gtranslate.net
2014-02-04 09:39:15,translate.google.com
2014-02-04 09:39:16,www.airdumboa.com
2014-02-04 09:39:16,hosted.musesradioplayer.com
2014-02-04 09:39:16,www.youtube.com
2014-02-04 09:39:16,joomla-gtranslate.googlecode.com
2014-02-04 09:39:16,www.facebook.com
2014-02-04 09:39:16,s.ytimg.com
2014-02-04 09:39:17,www.airdumboa.com
2014-02-04 09:39:17,ocsp.starfieldtech.com
2014-02-04 09:39:17,www.google.com
2014-02-04 09:39:17,s.ytimg.com
2014-02-04 09:39:17,www.youtube.com
2014-02-04 09:39:18,46.28.49.180
2014-02-04 09:39:18,www.airdumboa.com
2014-02-04 09:39:18,www.youtube.com
2014-02-04 09:39:18,i1.ytimg.com
2014-02-04 09:39:18,s.ytimg.com
2014-02-04 09:39:25,www.google.fr
2014-02-04 09:39:25,actu.orange.fr
2014-02-04 09:39:25,iz.orange.fr
2014-02-04 09:39:25,c.woopic.com
2014-02-04 09:39:25,media.actu.woopic.com
2014-02-04 09:39:26,c.woopic.com
2014-02-04 09:39:26,media.actu.woopic.com
2014-02-04 09:39:26,actu.orange.fr
2014-02-04 09:39:26,programme-tv.orange.fr
2014-02-04 09:39:26,media.acturevue.woopic.com
2014-02-04 09:39:27,code.jquery.com
2014-02-04 09:39:27,cimg.leguide.com
2014-02-04 09:39:27,shoppingbox.shopping.orange.fr
2014-02-04 09:39:27,media.actu.woopic.com
2014-02-04 09:39:27,actu.orange.fr
2014-02-04 09:39:27,www.facebook.com
2014-02-04 09:39:27,c.woopic.com
2014-02-04 09:39:27,c.orange.fr
2014-02-04 09:39:28,c.woopic.com
2014-02-04 09:39:28,actu.orange.fr
2014-02-04 09:39:28,media.actu.woopic.com
2014-02-04 09:39:28,c.orange.fr
2014-02-04 09:39:28,cimg.leguide.com
2014-02-04 09:39:28,csimg.leguide.com
2014-02-04 09:39:28,images.orangepublicite.fr
2014-02-04 09:39:29,actu.orange.fr
2014-02-04 09:39:29,c.woopic.com
2014-02-04 09:39:29,media.actu.woopic.com
2014-02-04 09:39:29,iapref.orange.fr
2014-02-04 09:39:29,clients1.google.com
2014-02-04 09:39:30,ap.orange.fr
2014-02-04 09:39:31,dps.bing.com
2014-02-04 09:40:08,communaute.lexpress.fr
2014-02-04 09:40:08,www.google.fr
2014-02-04 09:40:08,static.lexpress.fr
2014-02-04 09:40:08,www.lexpress.fr
2014-02-04 09:40:08,admin.brightcove.com
2014-02-04 09:40:08,ajax.googleapis.com
2014-02-04 09:40:09,static.lexpress.fr
2014-02-04 09:40:09,assets.ebz.io
2014-02-04 09:40:09,www.youtube.com
2014-02-04 09:40:09,platform.twitter.com
2014-02-04 09:40:09,player.mediabong.com
2014-02-04 09:40:09,www.facebook.com
2014-02-04 09:40:10,cshoppingbox.partner.leguide.com
2014-02-04 09:40:10,static.mediabong.com
2014-02-04 09:40:10,static.lexpress.fr
2014-02-04 09:40:10,endor.mediabong.com
2014-02-04 09:40:11,static.mediabong.com
2014-02-04 09:40:12,cdnjs.cloudflare.com
2014-02-04 09:40:12,static.mediabong.com
2014-02-04 09:40:12,player.mediabong.net
2014-02-04 09:40:12,cimg.leguide.com
2014-02-04 09:40:12,www.youtube.com
2014-02-04 09:40:12,pixel.alephd.com
2014-02-04 09:40:12,i1.ytimg.com
2014-02-04 09:40:12,images.eplayer.performgroup.com
2014-02-04 09:40:12,static.eplayer.performgroup.com
2014-02-04 09:40:12,ajax.googleapis.com
2014-02-04 09:40:12,cshoppingbox.partner.leguide.com
2014-02-04 09:40:12,codeorigin.jquery.com
2014-02-04 09:40:13,ocsp.verisign.com
2014-02-04 09:40:13,www.youtube.com
2014-02-04 09:40:13,code.jquery.com
2014-02-04 09:40:13,i1.ytimg.com
2014-02-04 09:40:14,pixel.alephd.com
2014-02-04 09:40:14,images.orangepublicite.fr
2014-02-04 09:40:14,www.lexpress.fr
2014-02-04 09:40:14,static.lexpress.fr
2014-02-04 09:40:14,photo.lacentrale.fr
2014-02-04 09:40:15,pixel.alephd.com
2014-02-04 09:40:15,www.facebook.com
2014-02-04 09:40:15,listener.ezakus.net
2014-02-04 09:40:15,www.lexpress.fr
2014-02-04 09:40:16,clients1.google.com
2014-02-04 09:40:16,ocsp.comodoca.com
2014-02-04 09:40:19,pixel.alephd.com
2014-02-04 09:40:20,apnx-match.dotomi.com
2014-02-04 09:40:21,um.simpli.fi
2014-02-04 09:40:22,cm.adgrx.com
2014-02-04 09:40:31,pixel2368.everesttech.net
2014-02-04 09:40:41,twitter.com
2014-02-04 09:41:10,clients1.google.fr
2014-02-04 09:41:11,pbs.twimg.com
2014-02-04 09:41:13,tc.airfrance.com
2014-02-04 09:41:51,safebrowsing.clients.google.com
2014-02-04 09:41:51,safebrowsing-cache.google.com
2014-02-04 09:42:11,apis.google.com
2014-02-04 09:42:13,translate.googleapis.com
2014-02-04 09:42:13,accounts.google.com
2014-02-04 09:43:01,www.google.fr
2014-02-04 09:43:15,www.facebook.com
2014-02-04 09:43:34,ocsp.tcs.terena.org
2014-02-04 09:43:34,ocsp.usertrust.com
