timestamp,site
2013-02-12 13:43:41,clients1.google.com
2013-02-12 13:43:41,gtglobal-ocsp.geotrust.com
2013-02-12 13:43:42,clients1.google.com
2013-02-12 13:43:44,ocsp.tcs.terena.org
2013-02-12 13:43:44,ocsp.usertrust.com
2013-02-12 13:47:57,safebrowsing.clients.google.com
2013-02-12 13:47:57,safebrowsing-cache.google.com
2013-02-12 13:47:58,safebrowsing-cache.google.com
2013-02-12 13:48:25,ocsp.thawte.com
2013-02-12 13:50:25,ocsp.verisign.com
2013-02-12 13:50:26,ocsp.verisign.com
2013-02-12 13:52:25,ocsp.digicert.com
2013-02-12 13:52:26,ocsp.digicert.com
2013-02-12 14:11:19,www.sonarqube.org
2013-02-12 14:11:20,www.sonarqube.org
2013-02-12 14:11:21,www.sonarqube.org
2013-02-12 14:11:22,www.sonarqube.org
2013-02-12 14:16:17,safebrowsing-cache.google.com
2013-02-12 14:16:17,safebrowsing.clients.google.com
2013-02-12 14:16:18,safebrowsing-cache.google.com
2013-02-12 14:51:16,clients1.google.com
2013-02-12 14:51:17,gtglobal-ocsp.geotrust.com
2013-02-12 14:51:17,clients1.google.com
2013-02-12 14:51:44,gtssl-ocsp.geotrust.com
2013-02-12 14:51:52,www.google.fr
2013-02-12 14:51:53,junit.org
2013-02-12 14:51:54,junit.org
2013-02-12 14:52:00,ocsp.digicert.com
2013-02-12 14:52:01,ocsp.digicert.com
2013-02-12 14:52:02,safebrowsing-cache.google.com
2013-02-12 14:52:02,safebrowsing.clients.google.com
2013-02-12 14:52:02,clients1.google.com
2013-02-12 14:52:02,ocsp.digicert.com
2013-02-12 14:52:03,safebrowsing-cache.google.com
2013-02-12 14:52:08,search.maven.org
2013-02-12 14:52:11,github.global.ssl.fastly.net
2013-02-12 14:52:12,github.global.ssl.fastly.net
2013-02-12 14:52:13,search.maven.org
2013-02-12 14:52:13,github.com
2013-02-12 14:52:13,feeds.feedburner.com
2013-02-12 14:52:14,search.maven.org
2013-02-12 14:52:14,feedburner.google.com
2013-02-12 14:52:14,s3.amazonaws.com
2013-02-12 14:52:15,search.maven.org
2013-02-12 14:52:15,ocsp.digicert.com
2013-02-12 14:52:17,search.maven.org
2013-02-12 14:52:29,search.maven.org
2013-02-12 14:54:10,d1xklv3tn7qmp2.cloudfront.net
2013-02-12 14:54:14,id.google.fr
2013-02-12 14:54:14,apis.google.com
2013-02-12 14:54:15,www.google.fr
2013-02-12 14:54:15,www.google.com
2013-02-12 15:25:56,snippets-stats.mozilla.org
2013-02-12 15:25:59,www.squid-cache.org
2013-02-12 15:26:38,safebrowsing.clients.google.com
2013-03-12 08:11:29,clients1.google.com
2013-03-12 08:11:29,ocsp.tcs.terena.org
2013-03-12 08:11:29,ocsp.usertrust.com
2013-03-12 08:11:29,gtglobal-ocsp.geotrust.com
2013-03-12 08:11:44,clients1.google.com
2013-03-12 08:14:37,safebrowsing.clients.google.com
2013-03-12 08:14:37,safebrowsing-cache.google.com
2013-03-12 08:14:38,safebrowsing-cache.google.com
2013-03-12 08:15:08,javadl-esd-secure.oracle.com
2013-03-12 08:16:30,javadl-esd-secure.oracle.com
2013-03-12 08:16:44,dl.javafx.com
2013-03-12 08:41:53,www.eclipse.org
2013-03-12 08:42:04,www.eclipse.org
2013-03-12 08:42:24,www.eclipse.org
2013-03-12 08:42:40,download.eclipse.org
2013-03-12 08:46:17,safebrowsing.clients.google.com
2013-03-12 08:46:17,safebrowsing-cache.google.com
2013-03-12 08:46:18,safebrowsing-cache.google.com
2013-03-12 08:48:05,www.google.com
2013-03-12 08:48:05,clients1.google.com
2013-03-12 08:48:07,clients1.google.com
2013-03-12 08:48:14,www.google.fr
2013-03-12 08:48:14,docs.oracle.com
2013-03-12 08:48:14,www.oracle.com
2013-03-12 08:48:15,docs.oracle.com
2013-03-12 08:51:02,apis.google.com
2013-03-12 08:51:04,www.google.fr
2013-03-12 08:51:04,www.google.com
2013-03-12 08:51:07,www-igm.univ-mlv.fr
2013-03-12 08:51:07,perso0.free.fr
2013-03-12 08:51:07,www.google.fr
2013-03-12 08:51:08,igm.univ-mlv.fr
2013-03-12 08:51:08,igm.u-pem.fr
2013-03-12 08:51:08,www-igm.univ-mlv.fr
2013-03-12 08:54:45,docs.oracle.com
2013-03-12 08:54:45,download.oracle.com
2013-03-12 08:59:19,www.google.fr
2013-03-12 08:59:20,www.google.fr
2013-03-12 08:59:20,www.jmdoudoux.fr
2013-03-12 08:59:21,clients1.google.com
2013-03-12 08:59:23,www.jmdoudoux.fr
2013-03-12 09:00:32,www.google.fr
2013-03-12 09:00:33,docs.oracle.com
2013-03-12 09:00:34,docs.oracle.com
2013-03-12 09:01:08,docs.oracle.com
2013-03-12 09:01:09,docs.oracle.com
2013-03-12 09:02:16,accounts.google.com
2013-03-12 09:02:16,apis.google.com
2013-03-12 09:02:17,docs.oracle.com
2013-03-12 09:02:18,docs.oracle.com
2013-03-12 09:02:25,docs.oracle.com
2013-03-12 09:03:25,www.google.fr
2013-03-12 09:03:45,www.google.fr
2013-03-12 09:03:46,docs.oracle.com
2013-03-12 09:03:47,docs.oracle.com
2013-03-12 09:04:00,docs.oracle.com
2013-03-12 09:04:05,docs.oracle.com
2013-03-12 09:06:33,www.google.com
2013-03-12 09:06:35,id.google.fr
2013-03-12 09:06:38,www.google.fr
2013-03-12 09:07:23,docs.oracle.com
2013-03-12 09:07:24,docs.oracle.com
2013-03-12 09:07:47,docs.oracle.com
2013-03-12 09:08:37,docs.oracle.com
2013-03-12 09:08:38,docs.oracle.com
2013-03-12 09:08:50,docs.oracle.com
2013-03-12 09:08:51,docs.oracle.com
2013-03-12 09:08:58,docs.oracle.com
2013-03-12 09:09:18,www.google.fr
2013-03-12 09:09:18,docs.oracle.com
2013-03-12 09:09:24,www.google.fr
2013-03-12 09:09:25,www.google.fr
2013-03-12 09:09:25,docs.oracle.com
2013-03-12 09:09:26,docs.oracle.com
2013-03-12 09:09:39,www.google.fr
2013-03-12 09:09:40,docs.oracle.com
2013-03-12 09:09:52,www.google.fr
2013-03-12 09:09:53,docs.jboss.org
2013-03-12 09:09:54,docs.jboss.org
2013-03-12 09:09:57,docs.jboss.org
2013-03-12 09:11:04,jean-luc.massat.perso.luminy.univmed.fr
2013-03-12 09:11:04,www.google.fr
2013-03-12 09:11:05,jean-luc.massat.perso.luminy.univmed.fr
2013-03-12 09:11:05,pages-perso.luminy.univmed.fr
2013-03-12 09:11:16,docs.oracle.com
2013-03-12 09:11:16,download.oracle.com
2013-03-12 09:11:17,www.oracle.com
2013-03-12 09:11:17,docs.oracle.com
2013-03-12 09:11:25,www.oracle.com
2013-03-12 09:11:25,docs.oracle.com
2013-03-12 09:11:26,docs.oracle.com
2013-03-12 09:11:29,docs.oracle.com
2013-03-12 09:12:31,www.google.fr
2013-03-12 09:14:30,download.oracle.com
2013-03-12 09:14:30,docs.oracle.com
2013-03-12 09:14:33,download.oracle.com
2013-03-12 09:14:34,docs.oracle.com
2013-03-12 09:14:35,download.oracle.com
2013-03-12 09:14:35,docs.oracle.com
2013-03-12 09:14:38,download.oracle.com
2013-03-12 09:14:38,docs.oracle.com
2013-03-12 09:15:24,safebrowsing.clients.google.com
2013-03-12 09:15:24,safebrowsing-cache.google.com
2013-03-12 09:16:56,download.oracle.com
2013-03-12 09:16:56,docs.oracle.com
2013-03-12 09:17:33,docs.oracle.com
2013-03-12 09:17:33,download.oracle.com
2013-03-12 09:17:42,download.oracle.com
2013-03-12 09:21:02,docs.oracle.com
2013-03-12 09:21:02,download.oracle.com
2013-03-12 09:21:13,download.oracle.com
2013-03-12 09:21:13,docs.oracle.com
2013-03-12 09:21:17,download.oracle.com
2013-03-12 09:21:17,docs.oracle.com
2013-03-12 09:25:05,download.oracle.com
2013-03-12 09:25:06,docs.oracle.com
2013-03-12 09:28:27,www.google.fr
2013-03-12 09:28:28,www.google.fr
2013-03-12 09:28:29,docs.oracle.com
2013-03-12 09:34:52,www.google.fr
2013-03-12 09:34:53,www.google.fr
2013-03-12 09:34:54,docs.oracle.com
2013-03-12 09:34:59,docs.oracle.com
2013-03-12 09:35:07,docs.oracle.com
2013-03-12 09:35:08,docs.oracle.com
2013-03-12 09:37:56,www.google.fr
2013-03-12 09:37:57,www.google.fr
2013-03-12 09:37:58,www.mohanarun.com
2013-03-12 09:37:59,www.mohanarun.com
2013-03-12 09:37:59,mohanarun.com
2013-03-12 09:38:00,www.mohanarun.com
2013-03-12 09:38:01,www.mohanarun.com
2013-03-12 09:38:04,ocsp.digicert.com
2013-03-12 09:38:04,ocsp.comodoca.com
2013-03-12 09:38:06,clients1.google.com
2013-03-12 09:38:06,gtglobal-ocsp.geotrust.com
2013-03-12 09:38:06,ocsp.verisign.com
2013-03-12 09:38:07,www.mohanarun.com
2013-03-12 09:38:07,s3.amazonaws.com
2013-03-12 09:39:17,docs.oracle.com
2013-03-12 09:39:20,docs.oracle.com
2013-03-12 09:40:00,use.typekit.com
2013-03-12 09:40:01,p.typekit.net
2013-03-12 09:40:44,www.google.com
2013-03-12 09:40:45,www.google.fr
2013-03-12 09:43:57,safebrowsing.clients.google.com
2013-03-12 09:43:57,safebrowsing-cache.google.com
2013-03-12 09:43:58,safebrowsing-cache.google.com
2013-03-12 09:47:17,www.oracle.com
2013-03-12 09:47:18,www.oracle.com
2013-03-12 09:47:18,apex.oracle.com
2013-03-12 13:38:36,pierre.colomb.me
2013-03-12 13:38:43,pierre.colomb.me
2013-03-12 13:38:51,pierre.colomb.me
2013-03-12 13:38:52,pierre.colomb.me
2013-03-12 13:39:02,pierre.colomb.me
2013-03-12 13:40:13,pierre.colomb.me
2013-03-12 13:44:49,pierre.colomb.me
2013-03-12 13:52:39,office14client.microsoft.com
2013-03-12 13:52:40,office.microsoft.com
2013-03-12 13:52:45,office.microsoft.com
2013-03-12 13:52:46,office.microsoft.com
2013-03-12 14:02:58,pierre.colomb.me
2013-03-12 14:03:04,www.foxitsoftware.com
2013-03-12 14:03:05,ad.foxitsoftware.com
2013-03-12 14:04:02,pierre.colomb.me
2013-03-12 14:04:03,www.foxitsoftware.com
2013-03-12 14:04:03,ad.foxitsoftware.com
2013-03-12 14:50:47,api.bing.com
2013-03-12 14:50:48,api.bing.com
2013-03-12 14:50:49,api.bing.com
2013-03-12 14:50:53,api.bing.com
2013-03-12 14:50:55,www.bing.com
2013-03-12 14:50:56,www.bing.com
2013-03-12 14:50:57,www.bing.com
2013-03-12 14:50:57,cms.abmr.net
2013-03-12 14:51:00,www.bing.com
2013-03-12 14:51:00,jfod.cnam.fr
2013-03-12 14:51:01,jfod.cnam.fr
2013-03-12 14:51:13,login.live.com
2013-03-12 14:52:27,api.bing.com
2013-03-12 14:52:28,api.bing.com
2013-03-12 14:52:29,www.bing.com
2013-03-12 14:52:33,www.bing.com
2013-03-12 14:52:33,fr.wikipedia.org
2013-03-12 14:52:33,bits.wikimedia.org
2013-03-12 14:52:34,bits.wikimedia.org
2013-03-12 14:52:34,fr.wikipedia.org
2013-03-12 14:52:35,meta.wikimedia.org
2013-03-12 14:52:35,bits.wikimedia.org
2013-03-12 14:52:35,fr.wikipedia.org
2013-03-12 14:52:44,login.live.com
2013-03-12 14:52:48,fr.wikipedia.org
2013-03-12 14:52:49,bits.wikimedia.org
2013-03-12 14:52:49,login.wikimedia.org
2013-03-12 14:52:50,fr.wikipedia.org
2013-03-12 14:52:50,bits.wikimedia.org
2013-03-12 14:53:49,login.wikimedia.org
2013-03-12 14:53:49,fr.wikipedia.org
2013-03-12 14:53:50,bits.wikimedia.org
2013-05-12 13:40:18,pis.foxitsoftware.com
2013-05-12 13:40:19,ad.foxitsoftware.com
2013-05-12 13:41:49,javadl-esd.sun.com
2013-05-12 15:17:42,geai.univ-brest.fr
2013-05-12 16:48:11,fpdownload2.macromedia.com
2013-05-12 16:48:17,www.google.fr
2013-05-12 16:48:29,www.google.fr
2013-05-12 16:48:29,apis.google.com
2013-05-12 16:48:32,www.google.com
2013-05-12 16:48:51,mail.google.com
2013-05-12 16:48:54,www.google.fr
2013-05-12 16:48:54,accounts.google.com
2013-05-12 16:48:54,apis.google.com
2013-05-12 16:48:56,www.google.com
2013-05-12 16:48:56,www.google.fr
2013-05-12 16:48:59,accounts.youtube.com
2013-05-12 16:49:45,plus.google.com
2013-05-12 16:49:47,accounts.google.fr
2013-05-12 16:49:48,accounts.youtube.com
2013-05-12 16:49:49,accounts.google.fr
2013-05-12 16:49:49,accounts.google.com
2013-05-12 16:49:49,apis.google.com
2013-05-12 16:49:50,mail.google.com
2013-05-12 16:49:50,plus.google.com
2013-05-12 16:49:50,clients2.google.com
2013-05-12 16:49:50,www.google.com
2013-05-12 16:49:51,clients2.google.com
2013-05-12 16:49:53,plus.google.com
2013-05-12 16:49:53,b.mail.google.com
2013-05-12 16:49:53,chatenabled.mail.google.com
2013-05-12 16:50:03,apis.google.com
2013-05-12 16:50:26,accounts.google.com
2013-05-12 16:50:26,chatenabled.mail.google.com
2013-05-12 16:50:42,plus.google.com
2013-05-12 16:50:58,apis.google.com
2013-05-12 16:51:32,apis.google.com
2013-05-12 16:51:51,plus.google.com
2013-05-12 16:52:05,drive.google.com
2013-05-12 16:52:06,drive.google.com
2013-05-12 16:52:07,drive.google.com
2013-05-12 16:52:07,apis.google.com
2013-05-12 16:52:09,drive.google.com
2013-05-12 16:52:10,drive.google.com
2013-05-12 16:52:10,0.drive.google.com
2013-05-12 16:52:15,drive.google.com
2013-05-12 16:52:24,www.google.com
2013-05-12 16:52:24,docs.google.com
2013-05-12 16:52:24,plus.google.com
2013-05-12 16:52:26,docs.google.com
2013-05-12 16:52:51,mail.google.com
2013-05-12 16:53:36,0.drive.google.com
2013-05-12 16:53:36,drive.google.com
2013-05-12 16:53:36,docs.google.com
2013-05-12 16:53:41,mail.google.com
2013-05-12 16:53:41,b.mail.google.com
2013-05-12 16:53:41,www.google.com
2013-09-12 21:24:07,armmf.adobe.com
2013-09-12 21:24:09,armmf.adobe.com
2013-09-12 21:24:11,armdl.adobe.com
2013-09-12 21:24:45,gtssl-ocsp.geotrust.com
2013-09-12 21:25:45,gtssl-ocsp.geotrust.com
2013-09-12 21:26:51,ocsp.usertrust.com
2013-09-12 21:26:51,ocsp.tcs.terena.org
2013-09-12 21:26:51,clients1.google.com
2013-09-12 21:26:52,gtglobal-ocsp.geotrust.com
2013-09-12 21:26:53,clients1.google.com
2013-09-12 21:27:49,safebrowsing.clients.google.com
2013-09-12 21:27:49,safebrowsing-cache.google.com
2013-09-12 21:27:50,safebrowsing-cache.google.com
2013-09-12 21:28:44,ocsp.thawte.com
2013-09-12 21:28:57,javadl-esd-secure.oracle.com
2013-09-12 21:32:43,ocsp.verisign.com
2013-09-12 21:33:11,javadl-esd-secure.oracle.com
2013-09-12 21:33:25,dl.javafx.com
2013-09-12 21:34:43,ocsp.digicert.com
2013-09-12 21:57:00,safebrowsing.clients.google.com
2013-09-12 21:57:00,safebrowsing-cache.google.com
2013-09-12 21:57:01,safebrowsing-cache.google.com
2013-09-12 22:10:40,www.oracle.com
2013-09-12 22:10:41,apex.oracle.com
2013-09-12 22:10:41,www.oracle.com
2013-09-12 22:27:53,safebrowsing.clients.google.com
2013-09-12 22:27:53,safebrowsing-cache.google.com
2013-09-12 22:27:54,safebrowsing-cache.google.com
2013-09-12 22:59:12,safebrowsing.clients.google.com
2013-09-12 22:59:12,safebrowsing-cache.google.com
2013-09-12 23:11:20,docs.oracle.com
2013-09-12 23:11:20,download.oracle.com
2013-09-12 23:23:29,clients1.google.com
2013-09-12 23:23:29,gtglobal-ocsp.geotrust.com
2013-09-12 23:23:33,clients1.google.com
2013-09-12 23:23:59,www.google.fr
2013-09-12 23:23:59,www.oracle.com
2013-09-12 23:23:59,docs.oracle.com
2013-09-12 23:24:00,docs.oracle.com
2013-09-12 23:24:01,docs.oracle.com
2013-09-12 23:26:30,apis.google.com
2013-09-12 23:26:30,www.google.com
2013-09-12 23:26:30,www.google.fr
2013-09-12 23:30:42,safebrowsing.clients.google.com
2013-09-12 23:30:42,safebrowsing-cache.google.com
2013-09-12 23:30:43,safebrowsing-cache.google.com
2013-09-12 23:52:10,javadl-esd-secure.oracle.com
2013-09-12 23:52:17,javadl-esd-secure.oracle.com
2013-10-12 14:12:59,api.bing.com
2013-10-12 14:13:00,www.bing.com
2013-10-12 14:13:01,www.bing.com
2013-10-12 14:13:02,cms.abmr.net
2013-10-12 14:13:02,www.bing.com
2013-10-12 14:13:03,www.bing.com
2013-10-12 14:13:05,www.bing.com
2013-10-12 14:13:05,fr.wikipedia.org
2013-10-12 14:13:05,bits.wikimedia.org
2013-10-12 14:13:06,bits.wikimedia.org
2013-10-12 14:13:07,bits.wikimedia.org
2013-10-12 14:13:07,login.wikimedia.org
2013-10-12 14:13:07,fr.wikipedia.org
2013-10-12 14:13:08,meta.wikimedia.org
2013-10-12 14:13:08,bits.wikimedia.org
2013-10-12 14:13:08,fr.wikipedia.org
2013-10-12 14:13:17,login.live.com
2013-10-12 14:13:22,bits.wikimedia.org
2013-10-12 14:13:23,fr.wikipedia.org
2013-10-12 14:14:08,www.bing.com
2013-10-12 14:14:22,login.live.com
2013-10-12 14:14:22,bits.wikimedia.org
2013-10-12 14:14:27,www.bing.com
2013-10-12 14:14:28,www.bing.com
2013-10-12 14:14:36,ssl.bing.com
2013-10-12 14:14:37,www.bing.com
2013-10-12 14:17:06,www.bing.com
2013-10-12 14:17:11,ssl.bing.com
2013-10-12 14:17:14,www.bing.com
2013-10-12 14:17:21,www.google.fr
2013-10-12 14:17:35,www.google.fr
2013-10-12 14:17:36,www.google.fr
2013-10-12 14:17:39,www.google.com
2013-10-12 14:18:38,www.google.fr
2013-10-12 14:18:44,www.google.com
2013-10-12 14:22:39,www.google.fr
2013-10-12 14:25:10,www.google.fr
2013-10-12 14:25:15,www.google.fr
2013-10-12 14:25:47,ad.foxitsoftware.com
2013-10-12 14:25:47,www.foxitsoftware.com
2013-10-12 14:25:49,www.labri.fr
2013-10-12 14:29:06,www.foxitsoftware.com
2013-10-12 15:09:23,pierre.colomb.me
2013-10-12 15:09:24,pierre.colomb.me
2013-10-12 15:09:27,pierre.colomb.me
2013-10-12 15:09:31,pierre.colomb.me
2013-10-12 15:13:51,pierre.colomb.me
2013-11-18 13:37:15,www.mozilla.org
2013-11-18 13:37:16,www.mozilla.org
2013-11-18 13:41:03,www.google.com
2013-11-18 13:44:00,apis.google.com
2013-11-18 13:44:29,www.google.com
2013-11-18 13:44:31,www.google.fr
2013-11-18 13:59:25,s-static.ak.facebook.com
2013-11-18 13:59:27,www.facebook.com
2013-11-18 13:59:29,www.facebook.com
2013-11-18 13:59:59,twitter.com
2013-11-18 14:01:56,www.google.com
2013-11-18 14:01:59,www.google.fr
2013-11-18 14:02:15,ajax.googleapis.com
2013-11-18 14:04:51,s-static.ak.facebook.com
2013-11-18 14:04:52,www.facebook.com
2013-11-18 14:05:22,twitter.com
2013-11-18 14:08:13,s-static.ak.facebook.com
2013-11-18 14:08:16,www.facebook.com
2013-11-18 14:08:46,twitter.com
2013-11-18 14:09:19,s-static.ak.facebook.com
2013-11-18 14:09:22,www.facebook.com
2013-11-18 14:09:39,pixel2368.everesttech.net
2013-11-18 14:09:51,twitter.com
2013-11-18 14:11:01,www.google.fr
2013-11-18 14:11:06,apis.google.com
2013-11-18 14:11:07,accounts.google.com
2013-11-18 14:25:53,www.google.com
2013-11-18 14:25:55,www.google.fr
2013-11-18 14:46:07,github.global.ssl.fastly.net
2013-11-18 14:46:08,github.global.ssl.fastly.net
2013-11-18 14:46:09,github.global.ssl.fastly.net
2013-11-18 14:46:16,github.com
2013-11-18 14:47:35,github.com
2013-11-18 14:47:53,1.gravatar.com
2013-11-18 14:49:15,2.gravatar.com
2013-11-18 14:49:21,0.gravatar.com
2013-11-18 14:51:12,github.global.ssl.fastly.net
2013-11-18 14:51:13,github.com
2013-11-18 14:52:57,1.gravatar.com
2013-11-18 14:55:49,github.com
2013-11-18 14:56:24,github.com
2013-11-18 14:56:45,github.com
2013-11-18 14:57:05,github.com
2013-11-18 14:57:12,github.global.ssl.fastly.net
2013-11-18 14:57:22,github.global.ssl.fastly.net
2013-11-18 14:57:35,2.gravatar.com
2013-11-18 14:57:53,github.com
2013-11-18 14:58:10,0.gravatar.com
2013-11-18 15:00:05,github.com
2013-11-18 15:00:51,github.com
2013-11-18 15:01:23,github.com
2013-11-18 19:42:26,armmf.adobe.com
2013-11-18 19:44:35,geo.mozilla.org
2013-11-18 19:47:16,javadl-esd-secure.oracle.com
2013-11-18 19:49:30,javadl-esd-secure.oracle.com
2013-11-18 21:02:12,javadl-esd-secure.oracle.com
2013-11-18 21:04:15,javadl-esd-secure.oracle.com
2013-11-18 22:03:05,s-static.ak.facebook.com
2013-11-18 22:03:36,twitter.com
2013-11-18 22:05:52,www.google.fr
2013-11-18 22:05:52,www.google.com
2013-11-18 22:06:00,apis.google.com
2013-11-18 22:06:01,accounts.google.com
2013-11-18 22:30:38,www.facebook.com
2013-11-18 22:33:28,www.google.com
2013-11-18 22:33:29,www.google.fr
2013-11-18 22:40:19,adzerk-www.s3.amazonaws.com
2013-11-18 22:40:33,stackauth.com
2013-11-18 22:42:12,www.gravatar.com
2013-11-18 22:57:20,www.google.com
2013-11-18 22:57:21,www.google.fr
2013-11-18 22:57:29,apis.google.com
2013-11-18 22:57:29,accounts.google.com
2013-11-18 23:15:30,www.google.com
2013-11-18 23:16:13,www.google.fr
2013-11-18 23:22:04,apis.google.com
2013-11-18 23:27:41,apis.google.com
2013-11-19 08:07:00,clients1.google.com
2013-11-19 08:07:00,ocsp.tcs.terena.org
2013-11-19 08:07:00,ocsp.usertrust.com
2013-11-19 08:07:00,gtglobal-ocsp.geotrust.com
2013-11-19 08:07:25,clients1.google.com
2013-11-19 08:09:22,safebrowsing-cache.google.com
2013-11-19 08:09:22,safebrowsing.clients.google.com
2013-11-19 08:09:23,safebrowsing-cache.google.com
2013-11-19 08:11:19,javadl-esd-secure.oracle.com
2013-11-19 08:11:28,clients1.google.com
2013-11-19 08:11:39,clients1.google.com
2013-11-19 08:11:56,www.commentcamarche.net
2013-11-19 08:11:56,www.google.fr
2013-11-19 08:11:57,static.ccm2.net
2013-11-19 08:11:57,www.commentcamarche.net
2013-11-19 08:11:57,ba.commentcamarche.net
2013-11-19 08:11:57,r.ccm2.net
2013-11-19 08:11:58,ba.commentcamarche.net
2013-11-19 08:11:58,static.ccm2.net
2013-11-19 08:11:58,www.commentcamarche.net
2013-11-19 08:11:58,www.facebook.com
2013-11-19 08:11:58,connect.facebook.net
2013-11-19 08:11:58,platform.twitter.com
2013-11-19 08:11:58,static.ak.facebook.com
2013-11-19 08:11:59,s-static.ak.facebook.com
2013-11-19 08:11:59,evsecure-ocsp.verisign.com
2013-11-19 08:11:59,ba.commentcamarche.net
2013-11-19 08:11:59,clients1.google.com
2013-11-19 08:12:00,broadcast.piximedia.fr
2013-11-19 08:12:01,broadcast.piximedia.fr
2013-11-19 08:12:01,rm.piximedia.fr
2013-11-19 08:12:01,static.ccm2.net
2013-11-19 08:12:01,platform.twitter.com
2013-11-19 08:12:01,static.ccmbg.com
2013-11-19 08:12:01,www.facebook.com
2013-11-19 08:12:02,www.facebook.com
2013-11-19 08:12:03,www.commentcamarche.net
2013-11-19 08:12:32,twitter.com
2013-11-19 08:13:28,javadl-esd-secure.oracle.com
2013-11-19 08:14:30,www.squid-cache.org
2013-11-19 08:14:35,id.google.fr
2013-11-19 08:14:35,www.google.com
2013-11-19 08:14:36,www.google.fr
2013-11-19 08:14:52,ajax.googleapis.com
2013-11-19 08:14:54,accounts.google.com
2013-11-19 08:14:54,apis.google.com
2013-11-19 08:23:48,www.google.fr
2013-11-19 08:23:49,www.oracle.com
2013-11-19 08:23:49,docs.oracle.com
2013-11-19 08:23:49,download.oracle.com
2013-11-19 08:23:50,docs.oracle.com
2013-11-19 08:24:19,logging.windows.microsoft.com
2013-11-19 08:24:25,logging.windows.microsoft.com
2013-11-19 08:26:36,www.google.com
2013-11-19 08:26:37,www.google.fr
2013-11-19 08:26:37,id.google.fr
2013-11-19 08:31:31,www.google.fr
2013-11-19 08:31:31,www.commentcamarche.net
2013-11-19 08:31:31,static.ccm2.net
2013-11-19 08:31:32,static.commentcamarche.net
2013-11-19 08:31:32,r.ccm2.net
2013-11-19 08:31:32,www.facebook.com
2013-11-19 08:31:32,ba.commentcamarche.net
2013-11-19 08:31:32,static.ccm2.net
2013-11-19 08:31:33,connect.facebook.net
2013-11-19 08:31:33,www.facebook.com
2013-11-19 08:31:34,static.ak.facebook.com
2013-11-19 08:31:34,s-static.ak.facebook.com
2013-11-19 08:31:36,media.kpsule.me
2013-11-19 08:31:37,www.facebook.com
2013-11-19 08:31:38,www.facebook.com
2013-11-19 08:31:49,r.ccm2.net
2013-11-19 08:31:49,www.google.fr
2013-11-19 08:31:49,www.commentcamarche.net
2013-11-19 08:31:49,static.ccm2.net
2013-11-19 08:31:49,ba.commentcamarche.net
2013-11-19 08:31:50,kh6qrx0f8h.s.ad6media.fr
2013-11-19 08:31:50,style2.ad6.fr
2013-11-19 08:31:51,crea.cofinoga.fr
2013-11-19 08:31:51,static.ccm2.net
2013-11-19 08:31:52,static.ak.facebook.com
2013-11-19 08:31:52,media.kpsule.me
2013-11-19 08:31:52,www.facebook.com
2013-11-19 08:31:52,s-static.ak.facebook.com
2013-11-19 08:31:53,www.facebook.com
2013-11-19 08:31:55,kh6qrx0f8h.s.ad6media.fr
2013-11-19 08:32:22,twitter.com
2013-11-19 08:33:21,www.baudelet.net
2013-11-19 08:33:21,www.google.fr
2013-11-19 08:33:21,apis.google.com
2013-11-19 08:33:22,www.baudelet.net
2013-11-19 08:33:22,www.google.fr
2013-11-19 08:33:25,www.baudelet.net
2013-11-19 08:34:18,www.google.com
2013-11-19 08:34:37,www.google.fr
2013-11-19 08:36:17,apis.google.com
2013-11-19 08:36:18,accounts.google.com
2013-11-19 08:37:43,safebrowsing-cache.google.com
2013-11-19 08:37:43,safebrowsing.clients.google.com
2013-11-19 08:37:44,safebrowsing-cache.google.com
2013-11-19 09:09:41,safebrowsing-cache.google.com
2013-11-19 09:09:41,safebrowsing.clients.google.com
2013-11-19 09:10:48,ocsp.thawte.com
2013-11-19 09:19:02,ocsp.usertrust.com
2013-11-19 09:19:02,ocsp.tcs.terena.org
2013-11-19 09:40:18,safebrowsing-cache.google.com
2013-11-19 09:40:18,safebrowsing.clients.google.com
2013-11-19 09:40:19,safebrowsing-cache.google.com
2013-11-21 12:42:09,www.google.fr
2013-11-21 12:42:21,www.google.fr
2013-11-21 12:42:21,apis.google.com
2013-11-21 12:42:24,www.google.com
2013-11-21 12:42:33,www.rpg-maker.fr
2013-11-21 12:42:33,www.google.fr
2013-11-21 12:42:33,apis.google.com
2013-11-21 12:42:33,www.google.com
2013-11-21 12:42:34,www.100ballesprod.com
2013-11-21 12:42:34,www.rpg-maker.fr
2013-11-21 12:42:43,www.100ballesprod.com
2013-11-21 12:42:43,www.rpg-maker.fr
2013-11-21 12:42:44,www.warparadise.com
2013-11-21 12:42:44,www.rpg-maker.fr
2013-11-21 12:45:56,www.rpg-maker.fr
2013-11-21 12:45:56,www.100ballesprod.com
2013-11-21 12:46:50,www.100ballesprod.com
2013-11-21 12:46:50,www.rpg-maker.fr
2013-11-21 12:46:51,www.rpg-maker.fr
2013-11-21 12:46:51,www.warparadise.com
2013-11-21 12:49:03,www.100ballesprod.com
2013-11-21 12:49:03,www.rpg-maker.fr
2013-11-21 12:49:04,www.rpg-maker.fr
2013-11-21 12:49:08,www.rpg-maker.fr
2013-11-21 12:49:09,www.warparadise.com
2013-11-21 12:49:09,www.rpg-maker.fr
2013-11-21 12:49:09,www.100ballesprod.com
2013-11-21 12:49:18,www.rpg-maker.fr
2013-11-21 12:49:18,www.100ballesprod.com
2013-11-21 12:49:19,www.rpg-maker.fr
2013-11-21 12:49:21,www.rpg-maker.fr
2013-11-21 12:49:49,www.google.fr
2013-11-21 12:49:58,www.google.fr
2013-11-21 12:49:59,www.telerama.fr
2013-11-21 12:49:59,statique.telerama.fr
2013-11-21 12:49:59,s-static.ak.facebook.com
2013-11-21 12:49:59,static.ak.facebook.com
2013-11-21 12:49:59,images.telerama.fr
2013-11-21 12:49:59,www.google.fr
2013-11-21 12:49:59,icon.telerama.fr
2013-11-21 12:49:59,connect.facebook.net
2013-11-21 12:50:00,www.telerama.fr
2013-11-21 12:50:00,icon-telerama.sdv.fr
2013-11-21 12:50:00,images.telerama.fr
2013-11-21 12:50:00,icon.telerama.fr
2013-11-21 12:50:00,television.telerama.fr
2013-11-21 12:50:01,www.facebook.com
2013-11-21 12:50:01,icon.telerama.fr
2013-11-21 12:50:01,www.telerama.fr
2013-11-21 12:50:01,statique.telerama.fr
2013-11-21 12:50:01,images.telerama.fr
2013-11-21 12:50:01,platform.twitter.com
2013-11-21 12:50:04,statique.telerama.fr
2013-11-21 12:50:04,platform.twitter.com
2013-11-21 12:50:04,www.facebook.com
2013-11-21 12:50:04,www.telerama.fr
2013-11-21 12:50:04,television.telerama.fr
2013-11-21 12:50:04,icon.telerama.fr
2013-11-21 12:50:05,icon.telerama.fr
2013-11-21 12:50:05,statique.telerama.fr
2013-11-21 12:50:05,www.squid-cache.org
2013-11-21 12:50:09,www.telerama.fr
2013-11-21 12:50:09,statique.telerama.fr
2013-11-21 12:50:10,www.telerama.fr
2013-11-21 12:50:10,images.telerama.fr
2013-11-21 12:50:10,s-static.ak.facebook.com
2013-11-21 12:50:10,apis.google.com
2013-11-21 12:50:10,stats-telerama.sdv.fr
2013-11-21 12:50:10,statique.telerama.fr
2013-11-21 12:50:10,listener.ezakus.net
2013-11-21 12:50:10,platform.twitter.com
2013-11-21 12:50:10,icon.telerama.fr
2013-11-21 12:50:10,static.ak.facebook.com
2013-11-21 12:50:10,admin.brightcove.com
2013-11-21 12:50:10,captcha.sdv.fr
2013-11-21 12:50:10,www.facebook.com
2013-11-21 12:50:11,platform.twitter.com
2013-11-21 12:50:11,apis.google.com
2013-11-21 12:50:11,www.facebook.com
2013-11-21 12:50:11,admin.brightcove.com
2013-11-21 12:50:11,www.telerama.fr
2013-11-21 12:50:12,accounts.google.com
2013-11-21 12:50:12,www.telerama.fr
2013-11-21 12:50:12,television.telerama.fr
2013-11-21 12:50:13,v42bfubh2h.s.ad6media.fr
2013-11-21 12:50:13,its.tradelab.fr
2013-11-21 12:50:13,admin.brightcove.com
2013-11-21 12:50:13,www.hollywoodreporter.com
2013-11-21 12:50:13,accounts.google.com
2013-11-21 12:50:14,twitter.com
2013-11-21 12:50:14,admin.brightcove.com
2013-11-21 12:50:15,api.dailymotion.com
2013-11-21 12:50:15,twitter.com
2013-11-21 12:50:15,brightcove01.brightcove.com
2013-11-21 12:50:16,twitter.com
2013-11-21 12:50:21,api.dailymotion.com
2013-11-21 12:50:24,api.dailymotion.com
2013-11-21 12:50:25,publisher.dailymotion.com
2013-11-21 12:50:25,publishers.dailymotion.com
2013-11-21 12:51:14,its.tradelab.fr
2013-11-21 12:51:38,www.telerama.fr
2013-11-21 12:51:38,www.google.fr
2013-11-21 12:51:39,connect.facebook.net
2013-11-21 12:51:39,statique.telerama.fr
2013-11-21 12:51:39,www.telerama.fr
2013-11-21 12:51:39,static.ak.facebook.com
2013-11-21 12:51:39,s-static.ak.facebook.com
2013-11-21 12:51:40,www.facebook.com
2013-11-21 12:51:40,platform.twitter.com
2013-11-21 12:51:40,www.telerama.fr
2013-11-21 12:51:41,television.telerama.fr
2013-11-21 12:51:41,its.tradelab.fr
2013-11-21 12:51:41,mm.eulerian.net
2013-11-21 12:51:41,www.telerama.fr
2013-11-21 12:51:41,www.facebook.com
2013-11-21 12:51:41,api.dailymotion.com
2013-11-21 12:51:54,its.tradelab.fr
2013-11-21 12:51:55,icon.telerama.fr
2013-11-21 12:51:55,s-static.ak.facebook.com
2013-11-21 12:51:55,www.telerama.fr
2013-11-21 12:51:55,statique.telerama.fr
2013-11-21 12:51:55,twitter.com
2013-11-21 12:51:55,static.ak.facebook.com
2013-11-21 12:51:55,icon-telerama.sdv.fr
2013-11-21 12:51:56,api.dailymotion.com
2013-11-21 12:51:56,mm.eulerian.net
2013-11-21 12:51:56,its.tradelab.fr
2013-11-21 12:51:56,television.telerama.fr
2013-11-21 12:51:56,www.facebook.com
2013-11-21 12:51:56,www.telerama.fr
2013-11-21 12:51:56,platform.twitter.com
2013-11-21 12:51:56,icon-telerama.sdv.fr
2013-11-21 12:51:57,ce.lijit.com
2013-11-21 12:51:57,www.facebook.com
2013-11-21 12:51:57,twitter.com
2013-11-21 12:51:58,icon.telerama.fr
2013-11-21 12:51:58,icon-telerama.sdv.fr
2013-11-21 12:52:56,icon.telerama.fr
2013-11-21 12:52:57,its.tradelab.fr
2013-11-21 12:52:58,icon.telerama.fr
2013-11-21 12:53:44,icon.telerama.fr
2013-11-21 12:54:15,www.telerama.fr
2013-11-21 12:54:16,platform.twitter.com
2013-11-21 12:54:16,static.ak.facebook.com
2013-11-21 12:54:16,statique.telerama.fr
2013-11-21 12:54:16,www.telerama.fr
2013-11-21 12:54:16,www.facebook.com
2013-11-21 12:54:16,s-static.ak.facebook.com
2013-11-21 12:54:17,api.dailymotion.com
2013-11-21 12:54:17,www.facebook.com
2013-11-21 12:54:17,www.telerama.fr
2013-11-21 12:54:17,television.telerama.fr
2013-11-21 12:54:38,www.google.fr
2013-11-21 12:54:39,apis.google.com
2013-11-21 12:54:41,www.google.com
2013-11-21 12:55:21,www.google.com
2013-11-21 12:55:21,apis.google.com
2013-11-21 12:55:21,www.20minutes.fr
2013-11-21 12:55:21,www.google.fr
2013-11-21 12:55:21,cache.20minutes.fr
2013-11-21 12:55:22,cache.20minutes.fr
2013-11-21 12:55:23,cache.20minutes.fr
2013-11-21 12:55:23,www.rci-jeux.com
2013-11-21 12:55:23,www.beead.fr
2013-11-21 12:55:23,static.beead.net
2013-11-21 12:55:23,platform.twitter.com
2013-11-21 12:55:24,static.ak.facebook.com
2013-11-21 12:55:24,static.beead.net
2013-11-21 12:55:24,www.facebook.com
2013-11-21 12:55:24,eulerian.telechargement.fr
2013-11-21 12:55:24,www.rci-jeux.com
2013-11-21 12:55:24,s-static.ak.facebook.com
2013-11-21 12:55:24,apis.google.com
2013-11-21 12:55:25,www.rci-jeux.com
2013-11-21 12:55:25,s.ytimg.com
2013-11-21 12:55:25,www.youtube.com
2013-11-21 12:55:25,static.ebz.io
2013-11-21 12:55:25,i1.ytimg.com
2013-11-21 12:55:30,static.ebz.io
2013-11-21 12:55:31,www.20minutes.fr
2013-11-21 12:55:31,accounts.google.com
2013-11-21 12:55:33,twitter.com
2013-11-21 12:55:35,i1-js-14-3-01-10005-429861762-i.init.cedexis-radar.net
2013-11-21 12:55:35,limelightperf.cedexis.com
2013-11-21 12:55:35,twitter.com
2013-11-21 12:55:36,limelightperf.cedexis.com
2013-11-21 12:55:36,origin-www.20minutes.fr
2013-11-21 12:55:37,origin-www.20minutes.fr
2013-11-21 12:55:45,www.facebook.com
2013-11-21 12:55:45,s-static.ak.facebook.com
2013-11-21 12:55:45,static.ak.facebook.com
2013-11-21 12:55:46,origin-www.20minutes.fr
2013-11-21 12:56:06,www.rci-jeux.com
2013-11-21 12:56:08,cache.20minutes.fr
2013-11-21 13:02:16,www.20minutes.fr
2013-11-21 13:02:17,cache.20minutes.fr
2013-11-21 13:02:17,www.rci-jeux.com
2013-11-21 13:02:18,pr.ybp.yahoo.com
2013-11-21 13:02:18,s-static.ak.facebook.com
2013-11-21 13:02:18,www.rci-jeux.com
2013-11-21 13:02:18,platform.twitter.com
2013-11-21 13:02:18,static.ak.facebook.com
2013-11-21 13:02:19,apis.google.com
2013-11-21 13:02:19,www.facebook.com
2013-11-21 13:02:23,i1.ytimg.com
2013-11-21 13:02:23,static.ebz.io
2013-11-21 13:02:23,www.youtube.com
2013-11-21 13:02:23,i1-js-14-3-01-10005-617563348-i.init.cedexis-radar.net
2013-11-21 13:02:23,www.rci-jeux.com
2013-11-21 13:02:23,twitter.com
2013-11-21 13:02:24,origin-www.20minutes.fr
2013-11-21 13:02:24,ak.c.ooyala.com
2013-11-21 13:02:25,r4---sn-gxo5uxg-jqbe.googlevideo.com
2013-11-21 13:02:25,static.ebz.io
2013-11-21 13:02:25,s.youtube.com
2013-11-21 13:02:25,www.youtube.com
2013-11-21 13:02:28,origin-www.20minutes.fr
2013-11-21 13:02:28,s.youtube.com
2013-11-21 13:02:35,s.youtube.com
2013-11-21 13:02:38,s.youtube.com
2013-11-21 13:02:48,s.youtube.com
2013-11-21 13:02:49,www.youtube.com
2013-11-21 13:02:55,s.youtube.com
2013-11-21 13:02:57,s.youtube.com
2013-11-21 13:02:59,s.youtube.com
2013-11-21 13:05:43,www.rci-jeux.com
2013-11-21 13:05:51,www.google.fr
2013-11-21 13:06:02,www.rpg-maker.fr
2013-11-21 13:06:02,www.google.fr
2013-11-21 13:06:03,www.google.fr
2013-11-21 13:06:03,www.rpg-maker.fr
2013-11-21 13:06:03,www.100ballesprod.com
2013-11-21 13:06:08,www.100ballesprod.com
2013-11-21 13:06:08,www.rpg-maker.fr
2013-11-21 13:06:08,www.warparadise.com
2013-11-21 13:06:14,www.100ballesprod.com
2013-11-21 13:06:14,www.rpg-maker.fr
2013-11-21 13:06:15,www.rpg-maker.fr
2013-11-21 13:06:19,www.rpg-maker.fr
2013-11-21 13:06:20,www.100ballesprod.com
2013-11-21 13:06:20,www.rpg-maker.fr
2013-11-21 13:06:20,www.warparadise.com
2013-11-21 13:06:20,image.noelshack.com
2013-11-21 13:06:20,img98.xooimage.com
2013-11-21 13:06:20,img96.xooimage.com
2013-11-21 13:06:20,img95.xooimage.com
2013-11-21 13:06:21,img690.imageshack.us
2013-11-21 13:06:21,img189.imageshack.us
2013-11-21 13:06:22,img35.imageshack.us
2013-11-21 13:06:25,www.rpg-maker.fr
2013-11-21 13:06:26,www.rpg-maker.fr
2013-11-21 13:06:26,www.100ballesprod.com
2013-11-21 13:37:49,fpdownload2.macromedia.com
2013-11-25 13:33:51,gtssl-ocsp.geotrust.com
2013-11-25 13:33:53,gtssl-ocsp.geotrust.com
2013-11-25 13:33:59,geo.mozilla.org
2013-11-25 13:34:32,www.google.com
2013-11-25 13:34:32,clients1.google.com
2013-11-25 13:34:32,gtglobal-ocsp.geotrust.com
2013-11-25 13:34:39,clients1.google.com
2013-11-25 13:34:42,www.google.fr
2013-11-25 13:34:43,ocsp.usertrust.com
2013-11-25 13:34:43,clients1.google.com
2013-11-25 13:34:43,ocsp.tcs.terena.org
2013-11-25 13:34:46,clients1.google.com
2013-11-25 13:34:47,safebrowsing.clients.google.com
2013-11-25 13:34:50,safebrowsing-cache.google.com
2013-11-25 13:35:59,safebrowsing-cache.google.com
2013-11-25 13:37:19,safebrowsing-cache.google.com
2013-11-25 13:37:30,safebrowsing-cache.google.com
2013-11-25 13:37:36,apis.google.com
2013-11-25 13:37:36,www.google.com
2013-11-25 13:37:37,www.google.fr
2013-11-25 13:37:41,sb-ssl.google.com
2013-11-25 13:37:55,safebrowsing-cache.google.com
2013-11-25 13:39:12,safebrowsing-cache.google.com
2013-11-25 13:39:31,safebrowsing-cache.google.com
2013-11-25 13:39:40,ocsp.thawte.com
2013-11-25 13:40:37,safebrowsing-cache.google.com
2013-11-25 13:41:33,safebrowsing-cache.google.com
2013-11-25 13:41:38,safebrowsing-cache.google.com
2013-11-25 13:41:45,ocsp.verisign.com
2013-11-25 13:42:22,safebrowsing-cache.google.com
2013-11-25 13:42:48,safebrowsing-cache.google.com
2013-11-25 13:42:50,safebrowsing-cache.google.com
2013-11-25 13:42:57,safebrowsing-cache.google.com
2013-11-25 13:43:00,safebrowsing-cache.google.com
2013-11-25 13:43:02,safebrowsing-cache.google.com
2013-11-25 13:43:04,safebrowsing-cache.google.com
2013-11-25 13:43:05,safebrowsing-cache.google.com
2013-11-25 13:43:08,safebrowsing-cache.google.com
2013-11-25 13:43:45,ocsp.digicert.com
2013-11-25 13:46:29,docs.codehaus.org
2013-11-25 13:46:29,i.creativecommons.org
2013-11-25 13:46:30,docs.codehaus.org
2013-11-25 13:46:32,docs.codehaus.org
2013-11-25 13:46:34,docs.codehaus.org
2013-11-25 13:46:35,docs.codehaus.org
2013-11-25 13:46:54,docs.codehaus.org
2013-11-25 13:47:14,docs.codehaus.org
2013-11-25 13:47:34,docs.codehaus.org
2013-11-25 13:47:54,docs.codehaus.org
2013-11-25 13:48:14,docs.codehaus.org
2013-11-25 13:48:34,docs.codehaus.org
2013-11-25 13:48:54,docs.codehaus.org
2013-11-25 13:49:22,docs.codehaus.org
2013-11-25 13:50:03,docs.codehaus.org
2013-11-25 13:52:26,docs.codehaus.org
2013-11-25 13:53:33,docs.codehaus.org
2013-11-25 13:53:51,docs.codehaus.org
2013-11-25 13:55:21,docs.codehaus.org
2013-11-25 13:56:26,docs.codehaus.org
2013-11-25 13:56:39,docs.codehaus.org
2013-11-25 13:56:42,docs.codehaus.org
2013-11-25 13:57:02,docs.codehaus.org
2013-11-25 13:57:31,docs.codehaus.org
2013-11-25 13:57:50,docs.codehaus.org
2013-11-25 13:58:10,docs.codehaus.org
2013-11-25 13:58:30,docs.codehaus.org
2013-11-25 13:58:50,docs.codehaus.org
2013-11-25 13:59:10,docs.codehaus.org
2013-11-25 13:59:31,docs.codehaus.org
2013-11-25 13:59:50,docs.codehaus.org
2013-11-25 14:00:10,docs.codehaus.org
2013-11-25 14:00:31,docs.codehaus.org
2013-11-25 14:00:51,docs.codehaus.org
2013-11-25 14:01:13,docs.codehaus.org
2013-11-25 14:01:33,docs.codehaus.org
2013-11-25 14:01:53,docs.codehaus.org
2013-11-25 14:02:13,docs.codehaus.org
2013-11-25 14:02:53,docs.codehaus.org
2013-11-25 14:03:25,docs.codehaus.org
2013-11-25 14:03:48,docs.codehaus.org
2013-11-25 14:04:03,docs.codehaus.org
2013-11-25 14:04:23,docs.codehaus.org
2013-11-25 14:04:43,docs.codehaus.org
2013-11-25 14:05:03,docs.codehaus.org
2013-11-25 14:05:23,docs.codehaus.org
2013-11-25 14:05:43,docs.codehaus.org
2013-11-25 14:06:03,docs.codehaus.org
2013-11-25 14:06:23,docs.codehaus.org
2013-11-25 14:06:43,docs.codehaus.org
2013-11-25 14:07:03,docs.codehaus.org
2013-11-25 14:07:23,docs.codehaus.org
2013-11-25 14:07:43,docs.codehaus.org
2013-11-25 14:08:05,docs.codehaus.org
2013-11-25 14:08:24,docs.codehaus.org
2013-11-25 14:08:48,docs.codehaus.org
2013-11-25 14:09:06,docs.codehaus.org
2013-11-25 14:09:26,docs.codehaus.org
2013-11-25 14:09:49,docs.codehaus.org
2013-11-25 14:10:06,docs.codehaus.org
2013-11-25 14:10:26,docs.codehaus.org
2013-11-25 14:10:46,docs.codehaus.org
2013-11-25 14:11:16,docs.codehaus.org
2013-11-25 14:11:19,www.google.fr
2013-11-25 14:11:21,www.commentcamarche.net
2013-11-25 14:11:22,r.ccm2.net
2013-11-25 14:11:22,ba.commentcamarche.net
2013-11-25 14:11:22,static.ccm2.net
2013-11-25 14:11:23,static.ccm2.net
2013-11-25 14:11:25,ba.commentcamarche.net
2013-11-25 14:11:26,ba.commentcamarche.net
2013-11-25 14:11:26,clients1.google.com
2013-11-25 14:11:26,static.ccm2.net
2013-11-25 14:11:27,static.ccm2.net
2013-11-25 14:11:28,www.google.fr
2013-11-25 14:11:29,ba.commentcamarche.net
2013-11-25 14:11:29,static.ccm2.net
2013-11-25 14:11:30,static.ccm2.net
2013-11-25 14:11:32,broadcast.piximedia.fr
2013-11-25 14:11:32,rm.piximedia.fr
2013-11-25 14:11:34,broadcast.piximedia.fr
2013-11-25 14:11:34,connect.facebook.net
2013-11-25 14:11:36,broadcast.piximedia.fr
2013-11-25 14:11:38,docs.codehaus.org
2013-11-25 14:11:38,broadcast.piximedia.fr
2013-11-25 14:11:38,static.ak.facebook.com
2013-11-25 14:11:38,s-static.ak.facebook.com
2013-11-25 14:11:40,www.facebook.com
2013-11-25 14:11:40,static.ccm2.net
2013-11-25 14:11:40,static.ccmbg.com
2013-11-25 14:11:40,platform.twitter.com
2013-11-25 14:11:43,www.facebook.com
2013-11-25 14:11:45,evsecure-ocsp.verisign.com
2013-11-25 14:11:46,evsecure-ocsp.verisign.com
2013-11-25 14:11:48,www.facebook.com
2013-11-25 14:11:48,www.commentcamarche.net
2013-11-25 14:11:55,docs.codehaus.org
2013-11-25 14:12:15,docs.codehaus.org
2013-11-25 14:12:17,twitter.com
2013-11-25 14:12:35,docs.codehaus.org
2013-11-25 14:12:59,docs.codehaus.org
2013-11-25 14:13:28,static.ccm2.net
2013-11-25 14:13:28,docs.codehaus.org
2013-11-25 14:13:45,docs.codehaus.org
2013-11-25 14:13:53,www.google.com
2013-11-25 14:14:01,static.ccm2.net
2013-11-25 14:14:08,docs.codehaus.org
2013-11-25 14:14:12,www.google.fr
2013-11-25 14:14:22,ajax.googleapis.com
2013-11-25 14:14:34,docs.codehaus.org
2013-11-25 14:14:54,docs.codehaus.org
2013-11-25 14:15:31,docs.codehaus.org
2013-11-25 14:15:31,lea-linux.org
2013-11-25 14:15:43,docs.codehaus.org
2013-11-25 14:15:45,lea-linux.org
2013-11-25 14:15:58,docs.codehaus.org
2013-11-25 14:16:31,docs.codehaus.org
2013-11-25 14:17:14,docs.codehaus.org
2013-11-25 14:19:24,docs.codehaus.org
2013-11-25 14:20:26,docs.codehaus.org
2013-11-25 14:21:07,docs.codehaus.org
2013-11-25 14:22:07,docs.codehaus.org
2013-11-25 14:24:02,docs.codehaus.org
2013-11-25 14:24:16,docs.codehaus.org
2013-11-25 14:25:16,docs.codehaus.org
2013-11-25 14:26:16,docs.codehaus.org
2013-11-25 14:27:33,docs.codehaus.org
2013-11-25 14:28:02,docs.codehaus.org
2013-11-25 14:28:57,safebrowsing.clients.google.com
2013-11-25 14:36:53,docs.codehaus.org
2013-11-25 14:37:01,docs.codehaus.org
2013-11-25 14:37:02,docs.codehaus.org
2013-11-25 14:37:03,docs.codehaus.org
2013-11-25 14:37:37,docs.codehaus.org
2013-11-25 14:38:12,docs.codehaus.org
2013-11-25 14:39:10,docs.codehaus.org
2013-11-25 14:40:05,docs.codehaus.org
2013-11-25 14:40:24,docs.codehaus.org
2013-11-25 14:41:29,docs.codehaus.org
2013-11-25 14:41:50,docs.codehaus.org
2013-11-25 14:42:08,docs.codehaus.org
2013-11-25 14:42:40,docs.codehaus.org
2013-11-25 14:43:34,docs.codehaus.org
2013-11-25 14:43:54,docs.codehaus.org
2013-11-25 14:44:37,docs.codehaus.org
2013-11-25 14:44:57,docs.codehaus.org
2013-11-25 14:45:16,docs.codehaus.org
2013-11-25 14:45:36,docs.codehaus.org
2013-11-25 14:46:01,docs.codehaus.org
2013-11-25 14:46:22,docs.codehaus.org
2013-11-25 14:46:40,docs.codehaus.org
2013-11-25 14:47:51,docs.codehaus.org
2013-11-25 14:49:56,docs.codehaus.org
2013-11-25 14:50:25,docs.codehaus.org
2013-11-25 14:50:26,docs.codehaus.org
2013-11-25 14:50:27,docs.codehaus.org
2013-11-25 14:52:41,docs.codehaus.org
2013-11-25 14:53:07,docs.codehaus.org
2013-11-25 14:53:08,docs.codehaus.org
2013-11-25 14:53:26,docs.codehaus.org
2013-11-25 14:53:46,docs.codehaus.org
2013-11-25 14:54:06,docs.codehaus.org
2013-11-25 14:54:48,docs.codehaus.org
2013-11-25 14:55:06,docs.codehaus.org
2013-11-25 14:55:26,docs.codehaus.org
2013-11-25 14:56:41,docs.codehaus.org
2013-11-25 14:56:53,docs.codehaus.org
2013-11-25 14:57:16,docs.codehaus.org
2013-11-25 14:57:29,docs.codehaus.org
2013-11-25 14:57:49,docs.codehaus.org
2013-11-25 14:58:09,docs.codehaus.org
2013-11-25 14:58:35,docs.codehaus.org
2013-11-25 14:58:55,docs.codehaus.org
2013-11-25 14:59:12,docs.codehaus.org
2013-11-25 14:59:40,docs.codehaus.org
2013-11-25 14:59:59,docs.codehaus.org
2013-11-25 15:00:19,docs.codehaus.org
2013-11-25 15:00:39,docs.codehaus.org
2013-11-25 15:00:59,docs.codehaus.org
2013-11-25 15:01:19,docs.codehaus.org
2013-11-25 15:01:39,docs.codehaus.org
2013-11-25 15:01:59,docs.codehaus.org
2013-11-25 15:02:19,docs.codehaus.org
2013-11-25 15:02:39,docs.codehaus.org
2013-11-25 15:02:59,docs.codehaus.org
2013-11-25 15:03:19,docs.codehaus.org
2013-11-25 15:03:39,docs.codehaus.org
2013-11-25 15:03:59,docs.codehaus.org
2013-11-25 15:04:19,docs.codehaus.org
2013-11-25 15:04:39,docs.codehaus.org
2013-11-25 15:04:59,docs.codehaus.org
2013-11-25 15:05:19,docs.codehaus.org
2013-11-25 15:05:39,docs.codehaus.org
2013-11-25 15:06:19,docs.codehaus.org
2013-11-25 15:06:48,docs.codehaus.org
2013-11-25 15:07:08,docs.codehaus.org
2013-11-25 15:07:28,docs.codehaus.org
2013-11-25 15:07:47,docs.codehaus.org
2013-11-25 15:08:08,docs.codehaus.org
2013-11-25 15:08:27,docs.codehaus.org
2013-11-25 15:08:48,docs.codehaus.org
2013-11-25 15:09:08,docs.codehaus.org
2013-11-25 15:09:16,safebrowsing-cache.google.com
2013-11-25 15:09:16,safebrowsing.clients.google.com
2013-11-25 15:09:17,safebrowsing-cache.google.com
2013-11-25 15:09:27,docs.codehaus.org
2013-11-25 15:09:47,docs.codehaus.org
2013-11-25 15:10:08,docs.codehaus.org
2013-11-25 15:10:29,docs.codehaus.org
2013-11-25 15:10:48,docs.codehaus.org
2013-11-25 15:11:08,docs.codehaus.org
2013-11-25 15:11:28,docs.codehaus.org
2013-11-25 15:11:49,docs.codehaus.org
2013-11-25 15:12:08,docs.codehaus.org
2013-11-25 15:12:28,docs.codehaus.org
2013-11-25 15:12:48,docs.codehaus.org
2013-11-25 15:13:28,docs.codehaus.org
2013-11-25 15:13:55,docs.codehaus.org
2013-11-25 15:14:15,docs.codehaus.org
2013-11-25 15:14:35,docs.codehaus.org
2013-11-25 15:14:55,docs.codehaus.org
2013-11-25 15:15:15,docs.codehaus.org
2013-11-25 15:15:35,docs.codehaus.org
2013-11-25 15:15:55,docs.codehaus.org
2013-11-25 15:16:15,docs.codehaus.org
2013-11-25 15:16:35,docs.codehaus.org
2013-11-25 15:16:55,docs.codehaus.org
2013-11-25 15:17:15,docs.codehaus.org
2013-11-25 15:17:35,docs.codehaus.org
2013-11-25 15:17:55,docs.codehaus.org
2013-11-25 15:18:15,docs.codehaus.org
2013-11-25 15:18:35,docs.codehaus.org
2013-11-25 15:18:55,docs.codehaus.org
2013-11-25 15:19:15,docs.codehaus.org
2013-11-25 15:19:35,docs.codehaus.org
2013-11-25 15:19:55,docs.codehaus.org
2013-11-25 15:20:15,docs.codehaus.org
2013-11-25 15:20:35,docs.codehaus.org
2013-11-25 15:20:55,docs.codehaus.org
2013-11-25 15:21:15,docs.codehaus.org
2013-11-25 15:21:35,docs.codehaus.org
2013-11-25 15:21:55,docs.codehaus.org
2013-11-25 15:22:15,docs.codehaus.org
2013-11-25 15:22:35,docs.codehaus.org
2013-11-25 15:22:55,docs.codehaus.org
2013-11-25 15:23:15,docs.codehaus.org
2013-11-25 15:23:55,docs.codehaus.org
2013-11-25 15:24:35,docs.codehaus.org
2013-11-25 15:24:45,www.google.com
2013-11-25 15:24:56,clients1.google.com
2013-11-25 15:24:57,gtglobal-ocsp.geotrust.com
2013-11-25 15:25:07,www.google.fr
2013-11-25 15:25:08,sonarqube.15.x6.nabble.com
2013-11-25 15:25:09,sonarqube.15.x6.nabble.com
2013-11-25 15:25:09,www.adbayes.com
2013-11-25 15:25:09,www.gravatar.com
2013-11-25 15:25:09,i2.wp.com
2013-11-25 15:25:10,sonarqube.15.x6.nabble.com
2013-11-25 15:25:13,sonarqube.15.x6.nabble.com
2013-11-25 15:25:13,hal9000.redintelligence.net
2013-11-25 15:25:14,hal9000.redintelligence.net
2013-11-25 15:25:14,www.google.com
2013-11-25 15:25:15,clients1.google.com
2013-11-25 15:25:15,ocsp.digicert.com
2013-11-25 15:25:15,ad.publicidees.com
2013-11-25 15:25:15,ea.numericable.fr
2013-11-25 15:25:15,ocsp.verisign.com
2013-11-25 15:25:15,docs.codehaus.org
2013-11-25 15:25:16,ocsp.verisign.com
2013-11-25 15:25:16,ocsp.digicert.com
2013-11-25 15:25:16,sonarqube.15.x6.nabble.com
2013-11-25 15:25:55,docs.codehaus.org
2013-11-25 15:26:35,docs.codehaus.org
2013-11-25 15:27:15,docs.codehaus.org
2013-11-25 15:27:50,www.google.com
2013-11-25 15:27:50,www.google.fr
2013-11-25 20:24:09,armmf.adobe.com
2013-11-25 20:24:11,armmf.adobe.com
2013-11-25 20:24:13,armdl.adobe.com
2013-11-25 20:28:16,go.microsoft.com
2013-11-25 20:28:17,windows.microsoft.com
2013-11-25 20:28:17,js.microsoft.com
2013-11-25 20:28:17,ajax.microsoft.com
2013-11-25 20:28:17,res1.windows.microsoft.com
2013-11-25 20:28:17,res2.windows.microsoft.com
2013-11-25 20:28:21,www.bing.com
2013-11-25 20:28:59,javadl-esd-secure.oracle.com
2013-11-25 20:31:14,ieonline.microsoft.com
2013-11-25 20:31:14,go.microsoft.com
2013-11-25 20:38:04,javadl-esd-secure.oracle.com
2013-11-25 20:38:20,dl.javafx.com
2013-11-25 21:55:41,javadl-esd-secure.oracle.com
2013-11-25 21:55:43,javadl-esd-secure.oracle.com
2013-11-25 21:58:59,gtssl-ocsp.geotrust.com
2013-11-25 22:00:01,gtssl-ocsp.geotrust.com
2013-11-25 22:00:07,safebrowsing.clients.google.com
2013-11-25 22:00:08,safebrowsing-cache.google.com
2013-11-25 22:04:57,ocsp.verisign.com
2013-11-25 22:06:57,ocsp.digicert.com
2013-11-25 22:08:57,ocsp.thawte.com
2013-11-25 22:30:39,safebrowsing-cache.google.com
2013-11-25 22:30:39,safebrowsing.clients.google.com
2013-11-25 23:01:40,safebrowsing-cache.google.com
2013-11-25 23:01:40,safebrowsing.clients.google.com
2013-11-25 23:01:41,safebrowsing-cache.google.com
2013-11-25 23:21:33,www.caucho.com
2013-11-25 23:21:34,download.jboss.org
2013-11-25 23:21:34,download.eclipse.org
2013-11-25 23:21:34,www.caucho.com
2013-11-25 23:21:35,download.jboss.org
2013-11-25 23:21:35,jope.ow2.org
2013-11-25 23:21:36,download.jboss.org
2013-11-25 23:21:37,www.webtide.com
2013-11-25 23:21:37,download.jboss.org
2013-11-25 23:21:38,www.webtide.com
2013-11-25 23:21:38,www.apache.org
2013-11-25 23:21:38,download.jboss.org
2013-11-25 23:21:39,public.dhe.ibm.com
2013-11-25 23:21:39,download.jboss.org
2013-11-25 23:21:39,www.apache.org
2013-11-25 23:21:39,www.webtide.com
2013-11-25 23:21:40,download.jboss.org
2013-11-25 23:21:40,download.oracle.com
2013-11-25 23:21:40,public.dhe.ibm.com
2013-11-25 23:21:40,www.apache.org
2013-11-25 23:21:40,www.webtide.com
2013-11-25 23:21:40,download.eclipse.org
2013-11-25 23:21:41,www.apache.org
2013-11-25 23:21:41,public.dhe.ibm.com
2013-11-25 23:21:41,download.oracle.com
2013-11-25 23:21:41,master.dl.sourceforge.net
2013-11-25 23:21:42,public.dhe.ibm.com
2013-11-25 23:21:42,master.dl.sourceforge.net
2013-11-25 23:21:42,www.apache.org
2013-11-25 23:21:43,www.apache.org
2013-11-25 23:21:43,public.dhe.ibm.com
2013-11-25 23:21:44,www.apache.org
2013-11-25 23:21:44,kent.dl.sourceforge.net
2013-11-25 23:21:44,freefr.dl.sourceforge.net
2013-11-25 23:21:44,public.dhe.ibm.com
2013-11-25 23:21:45,public.dhe.ibm.com
2013-11-25 23:21:45,www.apache.org
2013-11-25 23:21:46,www.apache.org
2013-11-25 23:21:46,public.dhe.ibm.com
2013-11-25 23:21:46,netcologne.dl.sourceforge.net
2013-11-25 23:21:46,freefr.dl.sourceforge.net
2013-11-25 23:21:47,www.apache.org
2013-11-25 23:21:47,heanet.dl.sourceforge.net
2013-11-25 23:21:47,public.dhe.ibm.com
2013-11-25 23:21:48,public.dhe.ibm.com
2013-11-25 23:21:48,www.apache.org
2013-11-25 23:21:48,dfn.dl.sourceforge.net
2013-11-25 23:21:49,www.apache.org
2013-11-25 23:21:49,public.dhe.ibm.com
2013-11-25 23:21:50,freefr.dl.sourceforge.net
2013-11-25 23:21:50,download.oracle.com
2013-11-25 23:21:50,www.apache.org
2013-11-25 23:21:50,public.dhe.ibm.com
2013-11-25 23:21:50,dfn.dl.sourceforge.net
2013-11-25 23:21:51,heanet.dl.sourceforge.net
2013-11-25 23:21:51,www.apache.org
2013-11-25 23:21:52,www.apache.org
2013-11-25 23:21:53,www.apache.org
2013-11-25 23:21:54,www.apache.org
2013-11-25 23:21:55,www.apache.org
2013-11-25 23:21:56,www.apache.org
2013-11-25 23:21:57,www.apache.org
2013-11-25 23:21:58,www.apache.org
2013-11-25 23:21:59,www.apache.org
2013-11-25 23:22:00,www.apache.org
2013-11-25 23:22:01,www.apache.org
2013-11-25 23:22:02,www.apache.org
2013-11-25 23:22:08,download.oracle.com
2013-11-25 23:22:09,download.oracle.com
2013-11-25 23:22:10,download.oracle.com
2013-11-25 23:22:22,download.eclipse.org
2013-11-25 23:47:17,glassfish.org
2013-11-25 23:47:18,glassfish.java.net
2013-11-25 23:47:19,glassfish.java.net
2013-11-25 23:47:20,glassfish.java.net
2013-11-25 23:51:25,docs.oracle.com
2013-11-25 23:51:36,gtssl-ocsp.geotrust.com
2013-11-25 23:51:37,gtssl-ocsp.geotrust.com
2013-11-25 23:51:43,geo.mozilla.org
2013-11-25 23:51:55,clients1.google.com
2013-11-25 23:51:56,clients1.google.com
2013-11-25 23:51:56,gtglobal-ocsp.geotrust.com
2013-11-25 23:52:00,www.google.fr
2013-11-25 23:52:01,www.commentcamarche.net
2013-11-25 23:52:01,static.ccm2.net
2013-11-25 23:52:01,r.ccm2.net
2013-11-25 23:52:01,ba.commentcamarche.net
2013-11-25 23:52:01,clients1.google.com
2013-11-25 23:52:02,static.ccm2.net
2013-11-25 23:52:02,ba.commentcamarche.net
2013-11-25 23:52:03,static.ccm2.net
2013-11-25 23:52:03,rapidssl-ocsp.geotrust.com
2013-11-25 23:52:03,connect.facebook.net
2013-11-25 23:52:04,static.ak.facebook.com
2013-11-25 23:52:04,static.ccm2.net
2013-11-25 23:52:04,www.facebook.com
2013-11-25 23:52:04,platform.twitter.com
2013-11-25 23:52:04,static.ccmbg.com
2013-11-25 23:52:04,s-static.ak.facebook.com
2013-11-25 23:52:04,clients1.google.com
2013-11-25 23:52:06,www.facebook.com
2013-11-25 23:52:06,static.ccm2.net
2013-11-25 23:52:07,www.facebook.com
2013-11-25 23:52:07,www.commentcamarche.net
2013-11-25 23:52:07,evsecure-ocsp.verisign.com
2013-11-25 23:52:37,twitter.com
2013-11-25 23:52:51,download.oracle.com
2013-11-25 23:52:52,docs.oracle.com
2013-11-25 23:52:52,download.oracle.com
2013-11-25 23:53:09,docs.oracle.com
2013-11-25 23:54:52,apis.google.com
2013-11-25 23:54:53,www.google.com
2013-11-25 23:54:54,www.google.fr
2013-11-25 23:54:56,ajax.googleapis.com
2013-11-25 23:55:02,safebrowsing-cache.google.com
2013-11-25 23:55:02,safebrowsing.clients.google.com
2013-11-25 23:55:13,www.google.fr
2013-11-25 23:55:14,s.ytimg.com
2013-11-25 23:55:14,static0.viadeo-static.com
2013-11-25 23:55:14,ajax.googleapis.com
2013-11-25 23:55:14,i1.ytimg.com
2013-11-25 23:55:14,www.youtube.com
2013-11-25 23:57:43,download.oracle.com
2013-11-25 23:57:43,docs.oracle.com
2013-11-25 23:58:02,download.oracle.com
2013-11-25 23:58:02,docs.oracle.com
2013-11-25 23:58:03,download.oracle.com
2013-11-25 23:58:03,docs.oracle.com
2013-11-25 23:58:16,docs.oracle.com
2013-11-25 23:58:16,download.oracle.com
2013-11-25 23:58:17,download.oracle.com
2013-11-25 23:58:17,docs.oracle.com
2013-11-25 23:58:18,download.oracle.com
2013-11-25 23:58:18,docs.oracle.com
2013-12-12 13:12:34,www.google.fr
2013-12-12 13:12:46,www.google.fr
2013-12-12 13:12:46,apis.google.com
2013-12-12 13:12:49,www.google.com
2013-12-12 13:13:03,www.20minutes.fr
2013-12-12 13:13:03,www.google.com
2013-12-12 13:13:03,www.google.fr
2013-12-12 13:13:03,apis.google.com
2013-12-12 13:13:03,cache.20minutes.fr
2013-12-12 13:13:04,www.rci-jeux.com
2013-12-12 13:13:04,cache.20minutes.fr
2013-12-12 13:13:04,www.beead.fr
2013-12-12 13:13:05,apis.google.com
2013-12-12 13:13:05,www.rci-jeux.com
2013-12-12 13:13:05,www.facebook.com
2013-12-12 13:13:05,platform.twitter.com
2013-12-12 13:13:05,pr.ybp.yahoo.com
2013-12-12 13:13:05,static.ak.facebook.com
2013-12-12 13:13:05,rubicon-match.dotomi.com
2013-12-12 13:13:05,connect.facebook.net
2013-12-12 13:13:05,s-static.ak.facebook.com
2013-12-12 13:13:06,dtm.potterybarn.com
2013-12-12 13:13:06,www.facebook.com
2013-12-12 13:13:06,apis.google.com
2013-12-12 13:13:06,www.rci-jeux.com
2013-12-12 13:13:14,accounts.google.com
2013-12-12 13:13:15,www.20minutes.fr
2013-12-12 13:13:15,twitter.com
2013-12-12 13:13:15,accounts.google.com
2013-12-12 13:13:18,i1-js-14-3-01-10005-355103755-i.init.cedexis-radar.net
2013-12-12 13:13:18,twitter.com
2013-12-12 13:13:19,edgecast-adn.cedexis.com
2013-12-12 13:13:20,edgecast-adn.cedexis.com
2013-12-12 13:13:23,origin-www.20minutes.fr
2013-12-12 13:13:27,origin-www.20minutes.fr
2013-12-12 13:15:40,www.rci-jeux.com
2013-12-12 13:15:50,www.beead.fr
2013-12-12 13:15:50,www.rci-jeux.com
2013-12-12 13:15:50,cache.20minutes.fr
2013-12-12 13:15:50,www.20minutes.fr
2013-12-12 13:15:51,rbp.mxptint.net
2013-12-12 13:15:51,static.ak.facebook.com
2013-12-12 13:15:51,connect.facebook.net
2013-12-12 13:15:51,platform.twitter.com
2013-12-12 13:15:51,accounts.google.com
2013-12-12 13:15:51,apis.google.com
2013-12-12 13:15:51,s-static.ak.facebook.com
2013-12-12 13:15:51,www.facebook.com
2013-12-12 13:15:52,www.facebook.com
2013-12-12 13:15:55,i1-js-14-3-01-10005-832876573-i.init.cedexis-radar.net
2013-12-12 13:15:56,twitter.com
2013-12-12 13:15:56,edgecast-adn.cedexis.com
2013-12-12 13:15:57,www.20minutes.fr
2013-12-12 13:15:57,cache.20minutes.fr
2013-12-12 13:15:57,0.gravatar.com
2013-12-12 13:15:58,www.20minutes.fr
2013-12-12 13:15:58,player.qualifio.com
2013-12-12 13:15:58,www.facebook.com
2013-12-12 13:15:58,cache.20minutes.fr
2013-12-12 13:15:59,player.qualifio.com
2013-12-12 13:16:06,edgecast-adn.cedexis.com
2013-12-12 13:16:06,origin-www.20minutes.fr
2013-12-12 13:16:07,origin-www.20minutes.fr
2013-12-12 13:16:10,ajax.googleapis.com
2013-12-12 13:16:16,www.20minutes.fr
2013-12-12 13:16:17,cache.20minutes.fr
2013-12-12 13:16:17,www.rci-jeux.com
2013-12-12 13:16:17,um.simpli.fi
2013-12-12 13:16:18,static.ak.facebook.com
2013-12-12 13:16:18,www.facebook.com
2013-12-12 13:16:18,s-static.ak.facebook.com
2013-12-12 13:16:18,apis.google.com
2013-12-12 13:16:21,twitter.com
2013-12-12 13:16:22,i1-js-14-3-01-10077-174662587-i.init.cedexis-radar.net
2013-12-12 13:16:22,i1-js-14-3-01-10005-572440317-i.init.cedexis-radar.net
2013-12-12 13:16:33,ec2-eu-west-1a.cedexis.com
2013-12-12 13:16:34,cloudfront.cedexis.com
2013-12-12 13:16:35,origin-www.20minutes.fr
2013-12-12 13:16:35,cloudfront.cedexis.com
2013-12-12 13:16:44,origin-www.20minutes.fr
2013-12-12 13:16:45,us-east1.joyent.bench.cedexis.com
2013-12-12 13:16:45,origin-www.20minutes.fr
2013-12-12 13:16:46,us-east1.joyent.bench.cedexis.com
2013-12-12 13:16:47,www.20minutes.fr
2013-12-12 13:16:48,cache.20minutes.fr
2013-12-12 13:16:48,match.rtbidder.net
2013-12-12 13:16:49,s-static.ak.facebook.com
2013-12-12 13:16:49,ea.histoiredor.com
2013-12-12 13:16:49,static.ak.facebook.com
2013-12-12 13:16:49,www.facebook.com
2013-12-12 13:16:51,twitter.com
2013-12-12 13:16:51,apis.google.com
2013-12-12 13:16:52,i1-js-14-3-01-10005-553672689-i.init.cedexis-radar.net
2013-12-12 13:16:53,aws-ap-southeast-2a.bench.cedexis.com
2013-12-12 13:16:54,origin-www.20minutes.fr
2013-12-12 13:16:54,aws-ap-southeast-2a.bench.cedexis.com
2013-12-12 13:16:54,www.20minutes.fr
2013-12-12 13:16:55,cache.20minutes.fr
2013-12-12 13:16:55,www.rci-jeux.com
2013-12-12 13:16:56,static.ak.facebook.com
2013-12-12 13:16:56,www.facebook.com
2013-12-12 13:16:56,s-static.ak.facebook.com
2013-12-12 13:16:58,www.rci-jeux.com
2013-12-12 13:16:58,twitter.com
2013-12-12 13:16:58,apis.google.com
2013-12-12 13:16:59,ce.lijit.com
2013-12-12 13:17:00,i1-js-14-3-01-10005-642440892-i.init.cedexis-radar.net
2013-12-12 13:17:01,probe.cedexis.org
2013-12-12 13:17:02,origin-www.20minutes.fr
2013-12-12 13:17:57,www.20minutes.fr
2013-12-12 13:17:58,pool-eu-ie.creative-serving.com
2013-12-12 13:17:58,cache.20minutes.fr
2013-12-12 13:18:13,www.20minutes.fr
2013-12-12 13:18:13,cache.20minutes.fr
2013-12-12 13:18:14,ajax.googleapis.com
2013-12-12 13:18:14,cache.20minutes.fr
2013-12-12 13:18:14,apis.google.com
2013-12-12 13:18:14,www.beead.fr
2013-12-12 13:18:14,www.rci-jeux.com
2013-12-12 13:18:15,static.ak.facebook.com
2013-12-12 13:18:15,platform.twitter.com
2013-12-12 13:18:15,connect.facebook.net
2013-12-12 13:18:15,www.facebook.com
2013-12-12 13:18:15,apis.google.com
2013-12-12 13:18:15,accounts.google.com
2013-12-12 13:18:15,twitter.com
2013-12-12 13:18:15,s-static.ak.facebook.com
2013-12-12 13:18:15,rp.gwallet.com
2013-12-12 13:18:19,cache.20minutes.fr
2013-12-12 13:18:20,i1-js-14-3-01-10005-323018259-i.init.cedexis-radar.net
2013-12-12 13:18:24,origin-www.20minutes.fr
2013-12-12 13:18:25,origin-www.20minutes.fr
2013-12-12 13:18:44,pixel2368.everesttech.net
2013-12-12 13:19:49,pixel2368.everesttech.net
2013-12-12 14:55:22,javadl-esd-secure.oracle.com
2013-12-12 14:55:33,javadl-esd-secure.oracle.com
2013-12-12 15:28:43,lib.stat.cmu.edu
2013-12-12 15:28:45,gtglobal-ocsp.geotrust.com
2013-12-12 15:28:45,clients1.google.com
2013-12-12 15:29:10,lib.stat.cmu.edu
2013-12-12 15:29:29,www.w3.org
2013-12-12 15:29:29,lib.stat.cmu.edu
2013-12-12 15:29:46,gtssl-ocsp.geotrust.com
2013-12-12 15:30:04,lib.stat.cmu.edu
2013-12-12 15:30:24,safebrowsing-cache.google.com
2013-12-12 15:30:24,safebrowsing.clients.google.com
2013-12-12 15:30:25,safebrowsing-cache.google.com
2013-12-12 15:30:53,lib.stat.cmu.edu
2013-12-12 15:31:01,sb-ssl.google.com
2013-12-13 08:27:09,fpdownload2.macromedia.com
2013-12-13 08:28:21,us-request.foxitservice.com
2013-12-13 08:30:12,ieonline.microsoft.com
2013-12-19 14:06:14,www.google.com
2013-12-19 14:06:14,eric.univ-lyon2.fr
2013-12-19 14:06:15,eric.univ-lyon2.fr
2013-12-19 14:06:48,eric.univ-lyon2.fr
2013-12-19 14:07:59,www.google.fr
2013-12-19 14:08:10,www.google.fr
2013-12-19 14:08:11,apis.google.com
2013-12-19 14:08:13,www.google.com
2013-12-19 14:08:19,apis.google.com
2013-12-19 14:08:19,www.google.com
2013-12-19 14:08:19,login.wikimedia.org
2013-12-19 14:08:19,bits.wikimedia.org
2013-12-19 14:08:19,fr.wikipedia.org
2013-12-19 14:08:19,www.google.fr
2013-12-19 14:08:19,meta.wikimedia.org
2013-12-19 14:08:20,meta.wikimedia.org
2013-12-19 14:08:20,fr.wikipedia.org
2013-12-19 14:08:20,bits.wikimedia.org
2013-12-19 14:08:34,bits.wikimedia.org
2013-12-19 14:09:34,bits.wikimedia.org
2013-12-24 13:45:07,armmf.adobe.com
2013-12-24 13:45:09,armmf.adobe.com
2013-12-24 13:45:13,armdl.adobe.com
2013-12-24 13:47:35,fpdownload2.macromedia.com
2013-12-24 13:47:38,go.microsoft.com
2013-12-24 13:47:39,windows.microsoft.com
2013-12-24 13:47:39,js.microsoft.com
2013-12-24 13:47:39,res2.windows.microsoft.com
2013-12-24 13:47:40,js.microsoft.com
2013-12-24 13:47:40,windows.microsoft.com
2013-12-24 13:47:40,res2.windows.microsoft.com
2013-12-24 13:47:40,res1.windows.microsoft.com
2013-12-24 13:47:40,ajax.microsoft.com
2013-12-24 13:47:41,res1.windows.microsoft.com
2013-12-24 13:47:43,www.bing.com
2013-12-24 13:49:33,ieonline.microsoft.com
2013-12-24 13:49:33,go.microsoft.com
2013-12-24 13:49:59,javadl-esd-secure.oracle.com
2013-12-24 13:50:35,ieonline.microsoft.com
2013-12-24 14:02:32,javadl-esd-secure.oracle.com
2013-12-24 14:02:35,dl.javafx.com
2013-12-24 14:24:04,javadl-esd-secure.oracle.com
2013-12-24 14:24:09,javadl-esd-secure.oracle.com
2013-12-24 14:34:18,gtssl-ocsp.geotrust.com
2013-12-24 14:35:18,gtssl-ocsp.geotrust.com
2013-12-24 14:36:14,gtglobal-ocsp.geotrust.com
2013-12-24 14:36:14,ocsp.tcs.terena.org
2013-12-24 14:36:14,ocsp.usertrust.com
2013-12-24 14:36:14,clients1.google.com
2013-12-24 14:36:20,clients1.google.com
2013-12-24 14:37:59,safebrowsing-cache.google.com
2013-12-24 14:37:59,safebrowsing.clients.google.com
2013-12-24 14:38:00,safebrowsing-cache.google.com
2013-12-24 14:38:21,ocsp.thawte.com
2013-12-24 14:40:21,ocsp.verisign.com
2013-12-24 14:42:20,ocsp.digicert.com
2013-12-24 14:42:21,ocsp.digicert.com
2013-12-24 15:08:26,safebrowsing-cache.google.com
2013-12-24 15:08:26,safebrowsing.clients.google.com
2014-01-03 15:21:55,javadl-esd-secure.oracle.com
2014-01-03 16:35:03,javadl-esd-secure.oracle.com
2014-01-03 16:36:03,javadl-esd-secure.oracle.com
2014-01-03 17:17:06,javadl-esd-secure.oracle.com
2014-01-03 17:36:04,javadl-esd-secure.oracle.com
2014-01-03 18:37:14,ocsp.thawte.com
2014-01-03 18:37:14,gtssl-ocsp.geotrust.com
2014-01-03 18:37:26,snippets-stats.mozilla.org
2014-01-03 18:38:16,gtssl-ocsp.geotrust.com
2014-01-03 18:41:15,sndlib.zib.de
2014-01-03 18:41:16,sndlib.zib.de
2014-01-03 18:41:46,sndlib.zib.de
2014-01-03 18:41:58,safebrowsing-cache.google.com
2014-01-03 18:41:58,safebrowsing.clients.google.com
2014-01-03 18:41:59,safebrowsing-cache.google.com
2014-01-03 18:42:21,sndlib.zib.de
2014-01-03 18:42:50,sndlib.zib.de
2014-01-03 18:43:01,sndlib.zib.de
2014-01-03 18:44:14,dl.powerarchiver.com
2014-01-03 18:44:14,www.powerarchiver.com
2014-01-03 18:44:16,ajax.googleapis.com
2014-01-03 18:44:16,www.powerarchiver.com
2014-01-03 18:44:16,dl.powerarchiver.com
2014-01-03 18:44:17,dl.powerarchiver.com
2014-01-03 18:44:17,www.powerarchiver.com
2014-01-03 18:44:17,static.olark.com
2014-01-03 18:46:21,clients1.google.com
2014-01-03 18:46:21,gtglobal-ocsp.geotrust.com
2014-01-03 18:46:22,clients1.google.com
2014-01-03 18:46:30,www.google.fr
2014-01-03 18:46:31,ba.commentcamarche.net
2014-01-03 18:46:31,clients1.google.com
2014-01-03 18:46:31,r.ccm2.net
2014-01-03 18:46:31,static.ccm2.net
2014-01-03 18:46:31,www.commentcamarche.net
2014-01-03 18:46:32,static.ccm2.net
2014-01-03 18:46:32,ba.commentcamarche.net
2014-01-03 18:46:32,www.facebook.com
2014-01-03 18:46:32,platform.twitter.com
2014-01-03 18:46:33,platform.twitter.com
2014-01-03 18:46:33,clients1.google.com
2014-01-03 18:46:33,evsecure-ocsp.verisign.com
2014-01-03 18:46:33,www.facebook.com
2014-01-03 18:46:34,static.ak.facebook.com
2014-01-03 18:46:34,s-static.ak.facebook.com
2014-01-03 18:46:34,connect.facebook.net
2014-01-03 18:46:35,pixel.alephd.com
2014-01-03 18:46:35,www.facebook.com
2014-01-03 18:46:35,loadr.exelator.com
2014-01-03 18:46:35,static.ccmbg.com
2014-01-03 18:46:35,static.ccm2.net
2014-01-03 18:46:35,www.commentcamarche.net
2014-01-03 18:46:36,clients1.google.com
2014-01-03 18:46:36,www.commentcamarche.net
2014-01-03 18:46:36,www.facebook.com
2014-01-03 18:46:36,ba.commentcamarche.net
2014-01-03 18:46:36,www.google.com
2014-01-03 18:46:36,static.ccmbg.com
2014-01-03 18:46:36,platform.twitter.com
2014-01-03 18:46:36,static.ccm2.net
2014-01-03 18:47:03,twitter.com
2014-01-03 18:47:06,twitter.com
2014-01-03 18:49:18,www.google.fr
2014-01-03 18:49:18,www.google.com
2014-01-03 18:49:18,plus.google.com
2014-01-03 18:49:27,ajax.googleapis.com
2014-01-03 18:49:29,apis.google.com
2014-01-03 18:49:31,accounts.google.com
2014-01-03 19:13:07,safebrowsing.clients.google.com
2014-01-03 19:13:07,safebrowsing-cache.google.com
2014-01-03 19:13:08,safebrowsing-cache.google.com
2014-01-03 19:25:57,www.google.fr
2014-01-03 19:25:57,www.lamsade.dauphine.fr
2014-01-03 19:27:53,www.google.com
2014-01-03 19:27:54,www.google.fr
2014-01-03 19:27:55,plus.google.com
2014-01-03 19:39:13,ocsp.digicert.com
2014-01-03 19:41:13,ocsp.verisign.com
2014-01-03 19:43:35,safebrowsing.clients.google.com
2014-01-03 19:43:35,safebrowsing-cache.google.com
2014-01-03 20:12:54,safebrowsing.clients.google.com
2014-01-03 20:12:54,safebrowsing-cache.google.com
2014-01-03 20:39:49,ocsp.thawte.com
2014-01-03 20:40:13,safebrowsing.clients.google.com
2014-01-03 20:40:13,safebrowsing-cache.google.com
2014-01-03 20:40:14,safebrowsing-cache.google.com
2014-01-03 20:40:17,javadl-esd-secure.oracle.com
2014-01-03 20:42:37,javadl-esd-secure.oracle.com
2014-01-03 20:42:59,clients1.google.com
2014-01-03 20:42:59,gtglobal-ocsp.geotrust.com
2014-01-03 20:43:00,clients1.google.com
2014-01-03 20:45:57,www.google.com
2014-01-03 20:45:57,www.google.fr
2014-01-03 20:45:58,plus.google.com
2014-01-03 20:45:58,apis.google.com
2014-01-03 21:05:12,javadl-esd-secure.oracle.com
2014-01-03 21:05:31,ocsp.thawte.com
2014-01-03 21:05:55,www.lamsade.dauphine.fr
2014-01-03 21:05:56,www.lamsade.dauphine.fr
2014-01-03 21:06:13,javadl-esd-secure.oracle.com
2014-01-03 21:06:59,safebrowsing-cache.google.com
2014-01-03 21:06:59,safebrowsing.clients.google.com
2014-01-03 21:07:00,safebrowsing-cache.google.com
2014-01-03 21:17:35,gtglobal-ocsp.geotrust.com
2014-01-03 21:17:35,clients1.google.com
2014-01-03 21:20:32,www.google.com
2014-01-03 21:20:33,plus.google.com
2014-01-03 21:20:33,apis.google.com
2014-01-03 21:20:33,www.google.fr
2014-01-22 12:09:25,fpdownload2.macromedia.com
2014-01-22 12:09:27,go.microsoft.com
2014-01-22 12:09:28,windows.microsoft.com
2014-01-22 12:09:28,js.microsoft.com
2014-01-22 12:09:28,ajax.microsoft.com
2014-01-22 12:09:28,res2.windows.microsoft.com
2014-01-22 12:09:28,res1.windows.microsoft.com
2014-01-22 12:09:41,www.google.fr
2014-01-22 12:09:44,www.bing.com
2014-01-22 12:09:53,www.google.fr
2014-01-22 12:09:56,www.google.com
2014-01-22 12:09:56,apis.google.com
2014-01-22 12:10:05,www.google.fr
2014-01-22 12:10:05,www.google.com
2014-01-22 12:10:05,apis.google.com
2014-01-22 12:10:05,www.rpg-maker.fr
2014-01-22 12:10:06,www.rpg-maker.fr
2014-01-22 12:10:06,www.100ballesprod.com
2014-01-22 12:10:12,www.rpg-maker.fr
2014-01-22 12:10:13,www.warparadise.com
2014-01-22 12:10:13,www.rpg-maker.fr
2014-01-22 12:10:13,www.100ballesprod.com
2014-01-22 12:10:40,www.100ballesprod.com
2014-01-22 12:10:40,www.rpg-maker.fr
2014-01-22 12:10:43,www.warparadise.com
2014-01-22 12:10:43,www.100ballesprod.com
2014-01-22 12:10:43,www.rpg-maker.fr
2014-01-22 12:11:44,www.rpg-maker.fr
2014-01-22 12:11:44,www.100ballesprod.com
2014-01-22 12:11:53,www.rpg-maker.fr
2014-01-22 12:11:53,www.100ballesprod.com
2014-01-22 12:11:54,img99.xooimage.com
2014-01-22 12:11:54,img95.xooimage.com
2014-01-22 12:11:54,www.rpg-maker.fr
2014-01-22 12:11:54,www.warparadise.com
2014-01-22 12:11:55,zareldyn.fr
2014-01-22 12:11:55,image.noelshack.com
2014-01-22 12:12:14,www.100ballesprod.com
2014-01-22 12:12:14,www.rpg-maker.fr
2014-01-22 12:12:15,www.rpg-maker.fr
2014-01-22 12:12:21,www.rpg-maker.fr
2014-01-22 12:12:21,www.100ballesprod.com
2014-01-22 12:12:21,img97.xooimage.com
2014-01-22 12:12:21,www.warparadise.com
2014-01-22 12:12:21,www.meido-rando.net
2014-01-22 12:12:27,ieonline.microsoft.com
2014-01-22 12:12:27,go.microsoft.com
2014-01-22 12:12:48,www.100ballesprod.com
2014-01-22 12:12:48,www.rpg-maker.fr
2014-01-22 12:12:49,www.rpg-maker.fr
2014-01-22 12:13:06,www.google.fr
2014-01-22 12:13:12,www.20minutes.fr
2014-01-22 12:13:12,cache.20minutes.fr
2014-01-22 12:13:12,images.20minutes.fr
2014-01-22 12:13:12,viralvideochart.unrulymedia.com
2014-01-22 12:13:12,www.google.fr
2014-01-22 12:13:13,www.facebook.com
2014-01-22 12:13:13,ce.lijit.com
2014-01-22 12:13:13,cache.20minutes.fr
2014-01-22 12:13:14,cache.20minutes.fr
2014-01-22 12:13:16,wtpn.twenga.fr
2014-01-22 12:13:16,um.simpli.fi
2014-01-22 12:13:16,rbx-cdn-tpn.c4tw.net
2014-01-22 12:13:16,i1.ytimg.com
2014-01-22 12:13:17,i11.twenga.com
2014-01-22 12:13:17,www.20minutes.fr
2014-01-22 12:13:17,measure.20mn.fr
2014-01-22 12:13:17,rbx-cdn-tpn.c4tw.net
2014-01-22 12:13:20,i1-js-14-3-01-10005-373759141-i.init.cedexis-radar.net
2014-01-22 12:13:20,cloudfront.cedexis.com
2014-01-22 12:13:21,cloudfront.cedexis.com
2014-01-22 12:13:22,origin-www.20minutes.fr
2014-01-22 12:13:23,origin-www.20minutes.fr
2014-01-22 12:13:31,www.20minutes.fr
2014-01-22 12:13:31,cache.20minutes.fr
2014-01-22 12:13:32,apis.google.com
2014-01-22 12:13:32,cache.20minutes.fr
2014-01-22 12:13:32,connect.facebook.net
2014-01-22 12:13:32,platform.twitter.com
2014-01-22 12:13:33,s-static.ak.facebook.com
2014-01-22 12:13:33,www.facebook.com
2014-01-22 12:13:33,static.ak.facebook.com
2014-01-22 12:13:36,cache.20minutes.fr
2014-01-22 12:13:36,www.20minutes.fr
2014-01-22 12:13:40,www.rci-jeux.com
2014-01-22 12:13:40,cache.20minutes.fr
2014-01-22 12:13:41,www.rci-jeux.com
2014-01-22 12:13:41,static.ak.facebook.com
2014-01-22 12:13:41,rbx-cdn-tpn.c4tw.net
2014-01-22 12:13:41,wtpn.twenga.fr
2014-01-22 12:13:41,www.facebook.com
2014-01-22 12:13:41,i10.twenga.com
2014-01-22 12:13:41,s-static.ak.facebook.com
2014-01-22 12:13:41,apis.google.com
2014-01-22 12:13:41,platform.twitter.com
2014-01-22 12:13:41,s0r.c4tw.net
2014-01-22 12:13:42,www.rci-jeux.com
2014-01-22 12:13:42,www.beead.fr
2014-01-22 12:13:43,www.rci-jeux.com
2014-01-22 12:13:45,accounts.google.com
2014-01-22 12:13:51,twitter.com
2014-01-22 12:13:52,i1-js-14-3-01-10005-525069292-i.init.cedexis-radar.net
2014-01-22 12:13:59,origin-www.20minutes.fr
2014-01-22 12:14:00,origin-www.20minutes.fr
2014-01-22 12:14:22,twitter.com
2014-01-22 12:16:03,accounts.google.com
2014-01-22 12:16:03,www.rci-jeux.com
2014-01-22 12:16:08,www.20minutes.fr
2014-01-22 12:16:08,cache.20minutes.fr
2014-01-22 12:16:09,cache.20minutes.fr
2014-01-22 12:16:10,cache.20minutes.fr
2014-01-22 12:16:10,www.rci-jeux.com
2014-01-22 12:16:10,as.beead.net
2014-01-22 12:16:11,apis.google.com
2014-01-22 12:16:11,s-static.ak.facebook.com
2014-01-22 12:16:11,rubicon-match.dotomi.com
2014-01-22 12:16:11,www.facebook.com
2014-01-22 12:16:11,i10.twenga.com
2014-01-22 12:16:11,as.beead.net
2014-01-22 12:16:11,www.rci-jeux.com
2014-01-22 12:16:11,static.ak.facebook.com
2014-01-22 12:16:11,wtpn.twenga.fr
2014-01-22 12:16:11,s0r.c4tw.net
2014-01-22 12:16:11,rp.gwallet.com
2014-01-22 12:16:12,twitter.com
2014-01-22 12:16:12,dtm.crateandbarrel.com
2014-01-22 12:16:12,static.ebz.io
2014-01-22 12:16:12,www.rci-jeux.com
2014-01-22 12:16:12,rubicon-match.dotomi.com
2014-01-22 12:16:12,as.beead.net
2014-01-22 12:16:15,static.ebz.io
2014-01-22 12:16:15,i1-js-14-3-01-10005-587474151-i.init.cedexis-radar.net
2014-01-22 12:16:16,static.ebz.io
2014-01-22 12:16:17,ak.c.ooyala.com
2014-01-22 12:16:18,origin-www.20minutes.fr
2014-01-22 12:16:19,origin-www.20minutes.fr
2014-01-22 12:16:51,www.rci-jeux.com
2014-01-22 12:16:53,cache.20minutes.fr
2014-01-22 12:31:29,www.rci-jeux.com
2014-01-22 12:31:31,cache.20minutes.fr
2014-02-03 21:42:38,javadl-esd-secure.oracle.com
2014-02-03 21:46:42,javadl-esd-secure.oracle.com
2014-02-03 22:05:28,gtssl-ocsp.geotrust.com
2014-02-03 22:05:28,ocsp.thawte.com
2014-02-03 22:06:30,gtssl-ocsp.geotrust.com
2014-02-03 22:08:05,safebrowsing-cache.google.com
2014-02-03 22:08:05,safebrowsing.clients.google.com
2014-02-03 22:08:06,safebrowsing-cache.google.com
2014-02-03 22:39:22,javadl-esd-secure.oracle.com
2014-02-03 23:21:24,javadl-esd-secure.oracle.com
2014-02-03 23:21:29,ocsp.thawte.com
2014-02-03 23:23:28,ocsp.digicert.com
2014-02-03 23:23:29,ocsp.digicert.com
2014-02-03 23:24:46,safebrowsing.clients.google.com
2014-02-03 23:24:46,safebrowsing-cache.google.com
2014-02-03 23:25:29,ocsp.verisign.com
2014-02-03 23:34:09,clients1.google.com
2014-02-03 23:34:10,gtglobal-ocsp.geotrust.com
2014-02-03 23:34:13,clients1.google.com
2014-02-03 23:34:15,clients1.google.com
2014-02-03 23:34:16,clients1.google.com
2014-02-03 23:37:08,clients2.google.com
2014-02-03 23:37:08,www.google.com
2014-02-03 23:37:10,accounts.google.com
2014-02-03 23:37:10,apis.google.com
2014-02-03 23:37:10,plus.google.com
2014-02-03 23:37:11,chatenabled.mail.google.com
2014-02-03 23:37:11,drive.google.com
2014-02-03 23:47:21,plus.google.com
2014-02-03 23:55:39,safebrowsing-cache.google.com
2014-02-03 23:55:39,safebrowsing.clients.google.com
2014-02-03 23:55:40,safebrowsing-cache.google.com
2014-02-04 18:37:25,armmf.adobe.com
2014-02-04 18:37:27,armmf.adobe.com
2014-02-04 18:38:10,armmf.adobe.com
2014-02-04 18:38:12,armmf.adobe.com
2014-02-04 18:41:45,dl.javafx.com
2014-02-04 18:50:57,dl.patchbeam.com
2014-02-04 18:51:18,dl.patchbeam.com
2014-02-04 18:51:18,www.powerarchiver.com
2014-02-13 08:05:41,www.google.fr
2014-02-13 08:05:55,www.google.fr
2014-02-13 08:05:56,apis.google.com
2014-02-13 08:05:59,www.google.com
2014-02-13 08:07:59,www.google.com
2014-02-13 08:07:59,www.google.fr
2014-02-13 08:07:59,apis.google.com
2014-02-13 08:08:28,ieonline.microsoft.com
2014-02-13 08:10:41,www.google.fr
2014-02-13 08:11:52,ovh.to
2014-02-13 08:12:03,hubic.com
2014-02-13 08:13:43,hubic.com
2014-02-13 08:15:43,hubic.com
2014-02-13 08:22:01,hubic.com
2014-02-13 08:44:01,hubic.com
2014-02-13 08:46:12,hubic.com
2014-02-19 08:18:42,armmf.adobe.com
2014-02-19 08:18:44,armmf.adobe.com
2014-02-19 08:19:27,armmf.adobe.com
2014-02-19 08:19:30,armmf.adobe.com
2014-02-19 08:22:45,javadl-esd-secure.oracle.com
2014-02-19 08:27:24,javadl-esd-secure.oracle.com
2014-02-19 08:27:37,dl.javafx.com
2014-02-19 08:30:30,ieonline.microsoft.com
2014-02-19 08:33:24,ieonline.microsoft.com
2014-02-19 08:33:25,res2.windows.microsoft.com
2014-02-19 08:33:25,go.microsoft.com
2014-02-19 08:33:25,windows.microsoft.com
2014-02-19 08:33:25,res1.windows.microsoft.com
2014-02-19 08:33:25,js.microsoft.com
2014-02-19 08:33:25,ajax.microsoft.com
2014-02-19 08:33:26,js.microsoft.com
2014-02-19 08:33:26,windows.microsoft.com
2014-02-19 08:33:26,res1.windows.microsoft.com
2014-02-19 08:33:26,res2.windows.microsoft.com
2014-02-19 08:33:29,www.bing.com
2014-02-19 08:33:34,api.bing.com
2014-02-19 08:33:36,api.bing.com
2014-02-19 08:33:37,api.bing.com
2014-02-19 08:33:38,api.bing.com
2014-02-19 08:33:39,api.bing.com
2014-02-19 08:33:41,api.bing.com
2014-02-19 08:33:42,api.bing.com
2014-02-19 08:33:43,api.bing.com
2014-02-19 08:33:48,api.bing.com
2014-02-19 08:33:50,api.bing.com
2014-02-19 08:33:51,api.bing.com
2014-02-19 08:33:52,api.bing.com
2014-02-19 08:33:54,api.bing.com
2014-02-19 08:33:55,api.bing.com
2014-02-19 08:33:57,api.bing.com
2014-02-19 08:33:59,api.bing.com
2014-02-19 08:34:00,api.bing.com
2014-02-19 08:34:04,api.bing.com
2014-02-19 08:34:05,api.bing.com
2014-02-19 08:34:06,api.bing.com
2014-02-19 08:34:08,api.bing.com
2014-02-19 08:34:09,api.bing.com
2014-02-19 08:34:10,sndlib.zib.de
2014-02-19 08:34:38,sndlib.zib.de
2014-02-19 08:35:24,ieonline.microsoft.com
2014-02-19 08:35:24,go.microsoft.com
2014-02-19 08:35:56,api.bing.com
2014-02-19 08:35:57,www.pagesjaunes.fr
2014-02-19 08:35:57,www.bing.com
2014-02-19 08:35:58,logc258.at.pagesjaunes.fr
2014-02-19 08:35:58,ecn.api.tiles.virtualearth.net
2014-02-19 08:35:58,www.bing.com
2014-02-19 08:35:59,www.bing.com
2014-02-19 08:36:00,www.bing.com
2014-02-19 08:36:00,cms.abmr.net
2014-02-19 08:36:01,www.bing.com
2014-02-19 08:36:02,www.ibm.com
2014-02-19 08:36:02,www.bing.com
2014-02-19 08:36:02,1.www.s81c.com
2014-02-19 08:36:03,1.www.s81c.com
2014-02-19 08:36:03,www.ibm.com
2014-02-19 08:36:04,1.www.s81c.com
2014-02-19 08:36:05,pt200204.unica.com
2014-02-19 08:36:05,www.ibm.com
2014-02-19 08:36:05,1.www.s81c.com
2014-02-19 08:36:06,1.www.s81c.com
2014-02-19 08:36:06,www.ibm.com
2014-02-19 08:36:06,pt200204.unica.com
2014-02-19 08:36:07,pt200204.unica.com
2014-02-19 08:36:07,www.ibm.com
2014-02-19 08:36:08,ajax.googleapis.com
2014-02-19 08:36:08,www.ibm.com
2014-02-19 08:36:13,pt200204.unica.com
2014-02-19 08:36:13,1.www.s81c.com
2014-02-19 08:36:15,pt200204.unica.com
2014-02-19 08:36:17,pt200204.unica.com
2014-02-19 08:36:20,pt200204.unica.com
2014-02-19 08:36:44,pt200204.unica.com
2014-02-19 08:36:44,www.ibm.com
2014-02-19 08:36:46,1.www.s81c.com
2014-02-19 08:36:46,www.ibm.com
2014-02-19 08:36:46,www-947.ibm.com
2014-02-19 08:36:47,www-947.ibm.com
2014-02-19 08:36:47,pt200204.unica.com
2014-02-19 08:36:47,1.www.s81c.com
2014-02-19 08:36:56,www-947.ibm.com
2014-02-19 08:37:01,www-947.ibm.com
2014-02-19 08:37:02,www-947.ibm.com
2014-02-19 08:37:03,www.ibm.com
2014-02-19 08:37:03,www-947.ibm.com
2014-02-19 08:37:03,1.www.s81c.com
2014-02-19 08:37:04,1.www.s81c.com
2014-02-19 08:37:04,www-947.ibm.com
2014-02-19 08:37:04,pt200204.unica.com
2014-02-19 08:37:05,1.www.s81c.com
2014-02-19 08:37:05,www-947.ibm.com
2014-02-19 08:37:06,www-947.ibm.com
2014-02-19 08:37:06,1.www.s81c.com
2014-02-19 08:37:06,www.ibm.com
2014-02-19 08:37:09,www.ibm.com
2014-02-19 08:37:10,pt200204.unica.com
2014-02-19 08:37:10,1.www.s81c.com
2014-02-19 08:37:11,www-947.ibm.com
2014-02-28 12:00:06,armmf.adobe.com
2014-02-28 12:00:09,armmf.adobe.com
2014-02-28 12:00:52,armmf.adobe.com
2014-02-28 12:00:54,armmf.adobe.com
2014-02-28 12:04:11,javadl-esd-secure.oracle.com
2014-02-28 12:04:19,javadl-esd-secure.oracle.com
2014-02-28 13:45:28,javadl-esd-secure.oracle.com
2014-02-28 14:04:59,javadl-esd-secure.oracle.com
2014-02-28 14:45:51,ocsp.thawte.com
2014-02-28 14:45:51,gtssl-ocsp.geotrust.com
2014-02-28 14:45:55,www.google.com
2014-02-28 14:45:56,www.google.com
2014-02-28 14:45:56,clients1.google.com
2014-02-28 14:45:56,gtglobal-ocsp.geotrust.com
2014-02-28 14:45:57,clients1.google.com
2014-02-28 14:46:00,clients1.google.com
2014-02-28 14:46:00,mail.google.com
2014-02-28 14:46:00,www.google.fr
2014-02-28 14:46:02,clients1.google.com
2014-02-28 14:46:53,gtssl-ocsp.geotrust.com
2014-02-28 14:47:50,ocsp.digicert.com
2014-02-28 14:48:35,clients1.google.com
2014-02-28 14:48:54,www.google.fr
2014-02-28 14:49:34,www.google.fr
2014-02-28 14:49:35,ocsp.usertrust.com
2014-02-28 14:49:35,ocsp.tcs.terena.org
2014-02-28 14:49:51,accounts.youtube.com
2014-02-28 14:50:24,safebrowsing-cache.google.com
2014-02-28 14:50:24,safebrowsing.clients.google.com
2014-02-28 14:50:25,safebrowsing-cache.google.com
2014-02-28 14:51:23,accounts.google.fr
2014-02-28 14:51:24,accounts.google.com
2014-02-28 14:51:28,apis.google.com
2014-02-28 14:51:28,clients2.google.com
2014-02-28 14:51:31,chatenabled.mail.google.com
2014-02-28 14:51:33,drive.google.com
2014-02-28 14:52:25,www.google.com
2014-02-28 14:52:26,www.google.fr
2014-02-28 14:52:29,plus.google.com
2014-02-28 14:55:04,apis.google.com
2014-02-28 15:01:39,plus.google.com
2014-02-28 15:08:38,mail.google.com
2014-02-28 15:09:51,gtglobal-ocsp.geotrust.com
2014-02-28 15:09:51,clients1.google.com
2014-02-28 15:09:54,clients1.google.com
2014-02-28 15:09:57,www.google.fr
2014-02-28 15:09:58,ocsp.tcs.terena.org
2014-02-28 15:09:58,ocsp.usertrust.com
2014-02-28 15:11:44,ocsp.verisign.com
2014-02-28 15:12:40,safebrowsing.clients.google.com
2014-02-28 15:12:40,safebrowsing-cache.google.com
2014-02-28 15:12:41,safebrowsing-cache.google.com
2014-02-28 15:12:43,www.google.fr
2014-02-28 15:12:43,plus.google.com
2014-02-28 15:12:43,www.google.com
2014-02-28 15:12:43,id.google.fr
2014-02-28 17:32:06,ocsp.thawte.com
2014-02-28 17:32:09,clients1.google.com
2014-02-28 17:32:09,gtglobal-ocsp.geotrust.com
2014-02-28 17:32:09,www.google.com
2014-02-28 17:32:12,clients1.google.com
2014-02-28 17:32:13,clients1.google.com
2014-02-28 17:33:27,safebrowsing.clients.google.com
2014-02-28 17:33:27,safebrowsing-cache.google.com
2014-02-28 17:33:28,safebrowsing-cache.google.com
2014-02-28 17:35:00,javadl-esd-secure.oracle.com
2014-02-28 17:35:09,www.google.fr
2014-02-28 17:35:09,www.google.com
2014-02-28 17:35:10,apis.google.com
2014-02-28 17:35:10,plus.google.com
2014-02-28 17:36:55,www.google.fr
2014-02-28 17:36:55,clients1.google.com
2014-02-28 17:36:55,ocsp.tcs.terena.org
2014-02-28 17:36:55,ocsp.usertrust.com
2014-02-28 17:36:58,javadl-esd-secure.oracle.com
2014-02-28 17:37:10,dl.javafx.com
2014-02-28 17:38:49,ovh.to
2014-02-28 17:38:49,ocsp.globalsign.com
2014-02-28 17:38:49,ocsp2.globalsign.com
2014-02-28 17:38:50,ocsp2.globalsign.com
2014-02-28 17:40:44,hubic.com
2014-02-28 17:40:45,hubic.com
2014-02-28 17:41:07,hubic.com
2014-02-28 18:03:47,safebrowsing.clients.google.com
2014-02-28 18:03:48,safebrowsing-cache.google.com
2014-02-28 18:35:09,safebrowsing.clients.google.com
2014-02-28 18:35:09,safebrowsing-cache.google.com
2014-03-14 11:36:06,armmf.adobe.com
2014-03-14 11:36:08,armmf.adobe.com
2014-03-14 11:36:50,armmf.adobe.com
2014-03-14 11:36:53,armmf.adobe.com
2014-03-14 11:40:56,javadl-esd-secure.oracle.com
2014-03-14 12:23:08,javadl-esd-secure.oracle.com
2014-03-14 14:10:05,javadl-esd-secure.oracle.com
2014-03-18 12:13:28,gtglobal-ocsp.geotrust.com
2014-03-18 12:13:28,clients1.google.com
2014-03-18 12:13:29,ocsp.thawte.com
2014-03-18 12:15:16,clients1.google.com
2014-03-18 12:15:16,ocsp.usertrust.com
2014-03-18 12:15:16,ocsp.tcs.terena.org
2014-03-18 12:15:17,clients1.google.com
2014-03-18 12:16:23,sb-ssl.google.com
2014-03-18 12:17:26,safebrowsing.clients.google.com
2014-03-18 12:17:26,safebrowsing-cache.google.com
2014-03-18 12:17:27,safebrowsing-cache.google.com
2014-03-18 12:21:05,ocsp.verisign.com
2014-03-18 13:54:20,www.google.com
2014-03-18 13:57:21,www.google.fr
2014-03-18 13:58:24,accounts.youtube.com
2014-03-18 13:58:25,accounts.google.com
2014-03-18 13:58:25,accounts.google.fr
2014-03-18 13:58:36,chatenabled.mail.google.com
2014-03-18 13:58:36,drive.google.com
2014-03-18 13:58:36,plus.google.com
2014-03-18 13:58:36,clients6.google.com
2014-03-18 13:58:36,clients2.google.com
2014-03-18 13:58:36,mail.google.com
2014-03-18 13:58:36,apis.google.com
2014-03-18 13:58:36,www.google.com
2014-04-03 21:14:53,armmf.adobe.com
2014-04-03 21:14:55,armmf.adobe.com
2014-04-03 21:15:38,armmf.adobe.com
2014-04-03 21:15:40,armmf.adobe.com
2014-04-03 21:18:50,javadl-esd-secure.oracle.com
2014-04-03 23:31:51,ocsp.thawte.com
2014-04-03 23:31:51,gtssl-ocsp.geotrust.com
2014-04-03 23:32:42,safebrowsing.clients.google.com
2014-04-03 23:32:42,safebrowsing-cache.google.com
2014-04-03 23:32:43,safebrowsing-cache.google.com
2014-04-03 23:32:51,gtssl-ocsp.geotrust.com
2014-04-03 23:33:13,clients1.google.com
2014-04-03 23:33:13,gtglobal-ocsp.geotrust.com
2014-04-03 23:33:19,clients1.google.com
2014-04-03 23:33:20,clients1.google.com
2014-04-03 23:33:22,clients1.google.com
2014-04-03 23:33:23,clients1.google.com
2014-04-03 23:36:14,www.google.com
2014-04-03 23:36:14,clients2.google.com
2014-04-03 23:36:17,accounts.google.com
2014-04-03 23:36:18,chatenabled.mail.google.com
2014-04-03 23:38:28,drive.google.com
2014-04-03 23:38:28,apis.google.com
2014-04-03 23:38:49,clients6.google.com
2014-04-03 23:39:16,plus.google.com
2014-04-03 23:42:33,ocsp.usertrust.com
2014-04-03 23:42:33,ocsp.tcs.terena.org
2014-04-03 23:42:33,clients1.google.com
2014-04-03 23:45:29,mail.google.com
2014-04-23 14:06:48,sqm.telemetry.microsoft.com
2014-04-23 14:07:16,login.live.com
2014-04-23 14:07:58,login.live.com
2014-04-23 14:08:16,ssl.bing.com
2014-04-23 14:08:22,login.live.com
2014-04-23 14:08:31,www.google.com
2014-04-23 14:08:37,ssl.bing.com
2014-04-23 14:08:39,seal-newyork.bbb.org
2014-04-23 14:08:40,dw26xg4lubooo.cloudfront.net
2014-04-23 14:08:40,api.nanigans.com
2014-04-23 14:08:40,www.verasafe.com
2014-04-23 14:08:40,www.facebook.com
2014-04-23 14:08:41,go.microsoft.com
2014-04-23 14:08:41,ieonline.microsoft.com
2014-04-23 14:08:41,dnn506yrbagrg.cloudfront.net
2014-04-23 14:08:41,seal-newyork.bbb.org
2014-04-23 14:08:42,www.verasafe.com
2014-04-23 14:08:42,api.nanigans.com
2014-04-23 14:08:44,www.google.com
2014-04-23 14:08:49,platform.twitter.com
2014-04-23 14:08:49,dnn506yrbagrg.cloudfront.net
2014-04-23 14:09:21,mail.google.com
2014-04-23 14:09:41,connect.facebook.net
2014-04-23 14:09:53,mail.google.com
2014-04-23 14:09:59,ssl.bing.com
2014-04-23 14:10:00,mail.google.com
2014-04-23 14:10:00,accounts.google.com
2014-04-23 14:10:01,accounts.youtube.com
2014-04-23 14:10:43,accounts.google.fr
2014-04-23 14:10:48,accounts.google.com
2014-04-23 14:10:49,accounts.youtube.com
2014-04-23 14:10:50,accounts.google.fr
2014-04-23 14:10:50,mail.google.com
2014-04-23 14:10:50,clients2.google.com
2014-04-23 14:10:50,www.google.com
2014-04-23 14:10:53,apis.google.com
2014-04-23 14:10:53,plus.google.com
2014-04-23 14:10:54,plus.google.com
2014-04-23 14:10:55,www.google.com
2014-04-23 14:10:55,clients2.google.com
2014-04-23 14:10:56,mail.google.com
2014-04-23 14:10:56,clients6.google.com
2014-04-23 14:10:58,plus.google.com
2014-04-23 14:10:59,mail.google.com
2014-04-23 14:10:59,accounts.google.com
2014-04-23 14:11:01,clients6.google.com
2014-04-23 14:11:01,apis.google.com
2014-04-23 14:11:02,chatenabled.mail.google.com
2014-04-23 14:11:02,mail.google.com
2014-04-23 14:11:16,chatenabled.mail.google.com
2014-04-23 14:11:16,plus.google.com
2014-04-23 14:11:16,clients6.google.com
2014-04-23 14:11:17,clients6.google.com
2014-04-23 14:11:19,mail.google.com
2014-04-23 14:11:19,s3-eu-west-1.amazonaws.com
2014-04-23 14:11:20,s3-eu-west-1.amazonaws.com
2014-04-23 14:11:20,apis.google.com
2014-04-23 14:11:21,s3-eu-west-1.amazonaws.com
2014-04-23 14:11:22,s3-eu-west-1.amazonaws.com
2014-04-23 14:11:23,s3-eu-west-1.amazonaws.com
2014-04-23 14:11:24,s3-eu-west-1.amazonaws.com
2014-04-23 14:11:25,s-static.ak.facebook.com
2014-04-23 14:11:25,apis.google.com
2014-04-23 14:11:26,s3-eu-west-1.amazonaws.com
2014-04-23 14:11:26,apis.google.com
2014-04-23 14:11:27,s3-eu-west-1.amazonaws.com
2014-04-23 14:11:27,mail.google.com
2014-04-23 14:11:28,s3-eu-west-1.amazonaws.com
2014-04-23 14:11:28,apis.google.com
2014-04-23 14:11:29,plus.google.com
2014-04-23 14:11:29,mail.google.com
2014-04-23 14:11:29,s3-eu-west-1.amazonaws.com
2014-04-23 14:11:30,s3-eu-west-1.amazonaws.com
2014-04-23 14:11:30,accounts.google.com
2014-04-23 14:11:31,s3-eu-west-1.amazonaws.com
2014-04-23 14:11:31,mail.google.com
2014-04-23 14:11:31,drive.google.com
2014-04-23 14:11:32,s3-eu-west-1.amazonaws.com
2014-04-23 14:11:32,apis.google.com
2014-04-23 14:11:33,mail.google.com
2014-04-23 14:11:33,clients6.google.com
2014-04-23 14:11:33,plus.google.com
2014-04-23 14:11:33,drive.google.com
2014-04-23 14:11:34,s3-eu-west-1.amazonaws.com
2014-04-23 14:11:35,s3-eu-west-1.amazonaws.com
2014-04-23 14:11:35,twitter.com
2014-04-23 14:11:36,s3-eu-west-1.amazonaws.com
2014-04-23 14:11:37,s3-eu-west-1.amazonaws.com
2014-04-23 14:11:38,s3-eu-west-1.amazonaws.com
2014-04-23 14:11:39,s3-eu-west-1.amazonaws.com
2014-04-23 14:11:40,s3-eu-west-1.amazonaws.com
2014-04-23 14:12:00,twitter.com
2014-04-23 14:13:18,services.lmde.com
2014-04-23 14:13:20,services.lmde.com
2014-04-23 14:13:24,services.lmde.com
2014-04-23 14:13:25,services.lmde.com
2014-04-23 14:13:26,services.lmde.com
2014-04-23 14:13:39,services.lmde.com
2014-04-23 14:13:58,services.lmde.com
2014-04-23 14:14:00,drive.google.com
2014-04-23 14:14:26,services.lmde.com
2014-04-23 14:14:42,services.lmde.com
2014-04-23 14:14:53,plus.google.com
2014-04-23 14:15:00,mail.google.com
2014-04-23 14:15:38,clients6.google.com
2014-04-23 14:15:48,clients6.google.com
2014-04-23 14:16:12,mail.google.com
2014-04-23 14:16:12,drive.google.com
2014-04-23 14:17:48,plus.google.com
2014-04-23 14:17:54,plus.google.com
2014-04-23 14:17:54,mail.google.com
2014-04-23 14:17:54,clients6.google.com
2014-04-23 14:18:00,www.google.com
2014-04-23 14:18:25,services.lmde.com
2014-04-23 14:18:25,apis.google.com
2014-04-23 14:18:25,accounts.google.fr
2014-04-23 14:18:37,mail.google.com
2014-04-23 14:18:38,mail.google.com
2014-04-23 14:18:38,accounts.youtube.com
2014-04-23 14:18:38,accounts.google.com
