timestamp,site
2014-01-04 09:39:07,api.bing.com
2014-01-04 09:42:23,api.bing.com
2014-01-04 09:42:24,api.bing.com
2014-01-04 09:42:25,api.bing.com
2014-01-04 09:42:27,api.bing.com
2014-01-04 09:42:28,api.bing.com
2014-01-04 09:42:30,api.bing.com
2014-01-04 09:42:31,www.bing.com
2014-01-04 09:42:32,www.bing.com
2014-01-04 09:42:32,cms.abmr.net
2014-01-04 09:42:33,www.bing.com
2014-01-04 09:42:34,media8.canal-plus.net
2014-01-04 09:42:34,media.canal-plus.com
2014-01-04 09:42:34,www.canalplus.fr
2014-01-04 09:42:34,www.bing.com
2014-01-04 09:42:35,platform.twitter.com
2014-01-04 09:42:35,player.canalplus.fr
2014-01-04 09:42:35,broadcast.piximedia.fr
2014-01-04 09:42:35,media8.canal-plus.net
2014-01-04 09:42:35,media.canal-plus.com
2014-01-04 09:42:35,media7.canal-plus.net
2014-01-04 09:42:35,www.canalplus.fr
2014-01-04 09:42:35,apis.google.com
2014-01-04 09:42:36,media.canal-plus.com
2014-01-04 09:42:36,connect.facebook.net
2014-01-04 09:42:36,media8.canal-plus.net
2014-01-04 09:42:37,www.facebook.com
2014-01-04 09:42:37,media.canal-plus.com
2014-01-04 09:42:37,broadcast.piximedia.fr
2014-01-04 09:42:37,www.canalplus.fr
2014-01-04 09:42:37,static.ak.facebook.com
2014-01-04 09:42:37,media8.canal-plus.net
2014-01-04 09:42:37,rm.piximedia.fr
2014-01-04 09:42:37,accounts.google.com
2014-01-04 09:42:38,player.canalplus.fr
2014-01-04 09:42:38,s-static.ak.facebook.com
2014-01-04 09:42:38,apis.google.com
2014-01-04 09:42:40,media8.canal-plus.net
2014-01-04 09:42:40,media.canal-plus.com
2014-01-04 09:42:40,s-static.ak.facebook.com
2014-01-04 09:42:40,media7.canal-plus.net
2014-01-04 09:42:40,apis.google.com
2014-01-04 09:42:41,apis.google.com
2014-01-04 09:42:41,www.facebook.com
2014-01-04 09:42:41,accounts.google.com
2014-01-04 09:42:41,www.canalplus.fr
2014-01-04 09:42:42,pass.canal-plus.com
2014-01-04 09:42:42,www.facebook.com
2014-01-04 09:42:42,platform.twitter.com
2014-01-04 09:42:42,media8.canal-plus.net
2014-01-04 09:42:42,media.canal-plus.com
2014-01-04 09:42:42,media7.canal-plus.net
2014-01-04 09:42:42,player.canalplus.fr
2014-01-04 09:42:43,platform.twitter.com
2014-01-04 09:42:43,www.facebook.com
2014-01-04 09:42:44,www.facebook.com
2014-01-04 09:42:44,pass.canal-plus.com
2014-01-04 09:42:44,player.canalplus.fr
2014-01-04 09:42:44,media.canal-plus.com
2014-01-04 09:42:45,twitter.com
2014-01-04 09:42:45,fbstatic-a.akamaihd.net
2014-01-04 09:42:45,www.facebook.com
2014-01-04 09:42:45,media.canal-plus.com
2014-01-04 09:42:45,player.canalplus.fr
2014-01-04 09:42:46,fbstatic-a.akamaihd.net
2014-01-04 09:42:46,twitter.com
2014-01-04 09:42:46,media7.canal-plus.net
2014-01-04 09:42:47,stat.canal-plus.com
2014-01-04 09:42:47,player.canalplus.fr
2014-01-04 09:42:47,fbstatic-a.akamaihd.net
2014-01-04 09:42:50,player.canalplus.fr
2014-01-04 09:42:50,i1-js-14-3-01-10006-937083317-i.init.cedexis-radar.net
2014-01-04 09:42:51,netdna.cedexis.com
2014-01-04 09:42:51,fr-canalplus.videoplaza.tv
2014-01-04 09:42:52,fr-canalplus.videoplaza.tv
2014-01-04 09:42:52,netdna.cedexis.com
2014-01-04 09:42:52,vod-flash.canalplus.fr
2014-01-04 09:42:53,media.canal-plus.com
2014-01-04 09:42:53,hss-live-m1-l3.canal-plus.com
2014-01-04 09:42:53,vod-flash.canalplus.fr
2014-01-04 09:42:54,hss-live-m1-l3.canal-plus.com
2014-01-04 09:42:55,fr-canalplus.videoplaza.tv
2014-01-04 09:42:57,hss-live-m1-l3.canal-plus.com
2014-01-04 09:42:57,hss-live-m1-aka.canal-plus.com
2014-01-04 09:42:58,hss-live-m1-aka.canal-plus.com
2014-01-04 09:42:58,sfr.cedexis.com
2014-01-04 09:42:59,trp.numergy.bench.cedexis.com
2014-01-04 09:42:59,fastly.bench.cedexis.com.global.prod.fastly.net
2014-01-04 09:42:59,fastly.bench.cedexis.com
2014-01-04 09:43:00,trp.numergy.bench.cedexis.com
2014-01-04 09:43:00,hls-live-m1-l3.canal-plus.com
2014-01-04 09:43:01,hls-live-m1-sjg.canal-plus.com
2014-01-04 09:43:02,chinacache.cedexis.com
2014-01-04 09:43:02,hls-live-m1-aka.canal-plus.com
2014-01-04 09:43:10,broadcast.piximedia.fr
2014-01-04 09:43:10,rm.piximedia.fr
2014-01-04 09:43:43,broadcast.piximedia.fr
2014-01-04 09:43:43,rm.piximedia.fr
2014-01-04 09:44:15,broadcast.piximedia.fr
2014-01-04 09:44:15,rm.piximedia.fr
2014-01-04 09:45:32,media.canal-plus.com
2014-01-04 09:45:33,media.canal-plus.com
2014-01-04 09:45:36,rm.piximedia.fr
2014-01-04 09:45:36,broadcast.piximedia.fr
2014-01-04 09:45:37,static2.canalplus.fr
2014-01-04 09:45:37,rm.piximedia.fr
2014-01-04 09:53:12,api.bing.com
2014-01-04 09:53:13,api.bing.com
2014-01-04 09:53:14,api.bing.com
2014-01-04 09:53:15,www.bing.com
2014-01-04 09:53:16,www.bing.com
2014-01-04 09:53:17,www.bing.com
2014-01-04 09:53:18,www.bing.com
2014-01-04 09:53:19,www.bing.com
2014-01-04 09:53:20,www.bing.com
2014-01-04 09:53:20,ts2.mm.bing.net
2014-01-04 09:53:20,ts4.mm.bing.net
2014-01-04 09:53:20,ts3.mm.bing.net
2014-01-04 09:53:20,ts1.mm.bing.net
2014-01-04 09:53:21,ts3.mm.bing.net
2014-01-04 09:53:21,ts2.mm.bing.net
2014-01-04 09:53:21,ts1.mm.bing.net
2014-01-04 09:53:21,www.bing.com
2014-01-04 09:53:21,api.bing.com
2014-01-04 09:53:21,ts4.mm.bing.net
2014-01-04 09:53:22,ts3.mm.bing.net
2014-01-04 09:53:22,ts4.mm.bing.net
2014-01-04 09:53:22,ts1.mm.bing.net
2014-01-04 09:53:22,www.bing.com
2014-01-04 09:53:22,ts2.mm.bing.net
2014-01-04 09:53:23,ts3.mm.bing.net
2014-01-04 09:53:23,ts1.mm.bing.net
2014-01-04 09:53:23,ts4.mm.bing.net
2014-01-04 09:53:24,www.bing.com
2014-01-04 09:53:24,ts1.mm.bing.net
2014-01-04 09:53:24,login.live.com
2014-01-04 09:53:25,www.bing.com
2014-01-04 09:53:27,www.bing.com
2014-01-04 09:53:28,www.bing.com
2014-01-04 09:53:28,ts1.mm.bing.net
2014-01-04 09:53:29,ts2.mm.bing.net
2014-01-04 09:53:29,ts4.mm.bing.net
2014-01-04 09:53:29,ts3.mm.bing.net
2014-01-04 09:53:29,ssl.bing.com
2014-01-04 09:53:29,ts1.mm.bing.net
2014-01-04 09:53:29,www.bing.com
2014-01-04 09:53:30,ts3.mm.bing.net
2014-01-04 09:53:30,ts1.mm.bing.net
2014-01-04 09:53:30,ts2.mm.bing.net
2014-01-04 09:53:30,ts4.mm.bing.net
2014-01-04 09:53:31,www.bing.com
2014-01-04 09:53:33,www.bing.com
2014-01-04 09:53:34,ts1.mm.bing.net
2014-01-04 09:53:34,ts3.mm.bing.net
2014-01-04 09:53:34,www.bing.com
2014-01-04 09:53:36,lasersinmedicine.com
2014-01-04 09:53:43,ts1.mm.bing.net
2014-01-04 09:53:43,www.castanet.net
2014-01-04 09:53:43,digivisionmedia.com
2014-01-04 09:53:44,www.carlinecole.com
2014-01-04 09:53:44,santadagny.files.wordpress.com
2014-01-04 09:53:44,ts1.mm.bing.net
2014-01-04 09:53:44,www.healthrelatedinfos.com
2014-01-04 09:53:44,www.spavelous.com
2014-01-04 09:55:12,secure.clovers.ca
2014-01-04 09:58:56,www.pharmacorama.com
2014-01-04 09:58:57,www.pharmacorama.com
2014-01-04 09:58:57,www.google.com
2014-01-04 09:58:58,www.google.com
2014-01-04 09:58:58,www.pharmacorama.com
2014-01-04 09:59:01,apis.google.com
2014-01-04 09:59:01,connect.facebook.net
2014-01-04 09:59:01,platform.twitter.com
2014-01-04 09:59:03,accounts.google.com
2014-01-04 09:59:03,apis.google.com
2014-01-04 09:59:03,twitter.com
2014-01-04 09:59:05,accounts.google.com
2014-01-04 09:59:06,twitter.com
2014-01-04 09:59:06,apis.google.com
2014-01-04 09:59:06,www.facebook.com
2014-01-04 09:59:06,platform.twitter.com
2014-01-04 09:59:06,www.google.com
2014-01-04 09:59:07,www.facebook.com
2014-01-04 09:59:07,www.pharmacorama.com
2014-01-04 10:00:56,www.facebook.com
2014-01-04 10:02:06,www.ncbi.nlm.nih.gov
2014-01-04 10:02:07,www.ncbi.nlm.nih.gov
2014-01-04 10:02:07,static.pubmed.gov
2014-01-04 10:02:08,www.ncbi.nlm.nih.gov
2014-01-04 10:02:10,www.ncbi.nlm.nih.gov
2014-01-04 10:02:11,www.ncbi.nlm.nih.gov
2014-01-04 10:03:49,www.ncbi.nlm.nih.gov
2014-01-04 10:03:50,www.ncbi.nlm.nih.gov
2014-01-04 10:03:51,www.ncbi.nlm.nih.gov
2014-01-04 10:03:51,static.pubmed.gov
2014-01-04 10:03:52,www.ncbi.nlm.nih.gov
2014-01-04 10:07:25,www.fao.org
2014-01-04 10:07:32,www.fao.org
2014-01-04 10:07:39,www.fao.org
2014-01-04 10:07:44,www.fao.org
2014-01-04 10:07:45,www.fao.org
2014-01-04 10:08:06,www.fao.org
2014-01-04 10:08:24,www.fao.org
2014-01-04 10:09:19,www.fao.org
2014-01-04 10:09:32,api.bing.com
2014-01-04 10:09:34,www.fao.org
2014-01-04 10:09:34,www.google.com
2014-01-04 10:09:35,www.fao.org
2014-01-04 10:09:35,www.google.com
2014-01-04 10:09:44,www.fao.org
2014-01-04 10:09:54,api.bing.com
2014-01-04 10:09:57,www.fao.org
2014-01-04 10:10:44,www.fao.org
2014-01-04 10:10:45,www.fao.org
2014-01-04 10:22:25,www.fao.org
2014-01-04 10:22:26,www.fao.org
2014-01-04 10:23:03,www.fao.org
2014-01-04 10:23:12,www.fao.org
2014-01-04 10:23:13,www.fao.org
2014-01-04 10:25:41,ajcn.nutrition.org
2014-01-04 10:25:43,ajcn.nutrition.org
2014-01-04 10:25:44,ajcn.nutrition.org
2014-01-04 10:25:45,ajcn.nutrition.org
2014-01-04 10:25:46,ajcn.nutrition.org
2014-01-04 10:25:47,ajcn.nutrition.org
2014-01-04 10:25:47,apis.google.com
2014-01-04 10:25:48,accounts.google.com
2014-01-04 10:25:48,ajcn.nutrition.org
2014-01-04 10:27:01,ajcn.nutrition.org
2014-01-04 10:28:05,apis.google.com
2014-01-04 10:28:05,accounts.google.com
2014-01-04 10:30:20,www.nestlenutrition-institute.org
2014-01-04 10:40:56,api.bing.com
2014-01-04 10:40:57,www.bing.com
2014-01-04 10:40:58,www.bing.com
2014-01-04 10:40:59,fr-fr.facebook.com
2014-01-04 10:40:59,www.bing.com
2014-01-04 10:41:00,fbstatic-a.akamaihd.net
2014-01-04 10:41:34,fbstatic-a.akamaihd.net
2014-01-04 10:41:35,fr-fr.facebook.com
2014-01-04 10:41:35,fbstatic-a.akamaihd.net
2014-01-04 10:41:36,www.facebook.com
2014-01-04 10:41:36,fbexternal-a.akamaihd.net
2014-01-04 10:41:36,fbstatic-a.akamaihd.net
2014-01-04 10:41:37,www.facebook.com
2014-01-04 10:41:37,fbstatic-a.akamaihd.net
2014-01-04 10:41:38,www.facebook.com
2014-01-04 10:41:38,fbcdn-photos-a-a.akamaihd.net
2014-01-04 10:41:38,fbcdn-sphotos-c-a.akamaihd.net
2014-01-04 10:41:38,fbcdn-photos-f-a.akamaihd.net
2014-01-04 10:41:38,fbexternal-a.akamaihd.net
2014-01-04 10:41:38,fbcdn-photos-h-a.akamaihd.net
2014-01-04 10:41:38,fbstatic-a.akamaihd.net
2014-01-04 10:41:38,fbcdn-photos-c-a.akamaihd.net
2014-01-04 10:41:39,fbcdn-photos-c-a.akamaihd.net
2014-01-04 10:41:39,fbcdn-photos-a-a.akamaihd.net
2014-01-04 10:41:39,fbcdn-sphotos-c-a.akamaihd.net
2014-01-04 10:41:39,fbcdn-photos-g-a.akamaihd.net
2014-01-04 10:41:39,fbcdn-photos-e-a.akamaihd.net
2014-01-04 10:41:39,fbcdn-photos-d-a.akamaihd.net
2014-01-04 10:41:39,fbcdn-photos-b-a.akamaihd.net
2014-01-04 10:41:39,fbstatic-a.akamaihd.net
2014-01-04 10:41:39,fbcdn-photos-h-a.akamaihd.net
2014-01-04 10:41:40,fbcdn-photos-f-a.akamaihd.net
2014-01-04 10:41:40,fbcdn-photos-h-a.akamaihd.net
2014-01-04 10:41:40,fbstatic-a.akamaihd.net
2014-01-04 10:41:41,fbcdn-photos-e-a.akamaihd.net
2014-01-04 10:41:41,fbcdn-sphotos-f-a.akamaihd.net
2014-01-04 10:41:41,fbcdn-sphotos-e-a.akamaihd.net
2014-01-04 10:41:41,www.facebook.com
2014-01-04 10:41:41,fbcdn-photos-g-a.akamaihd.net
2014-01-04 10:41:41,fbexternal-a.akamaihd.net
2014-01-04 10:41:41,fbstatic-a.akamaihd.net
2014-01-04 10:41:41,fbcdn-photos-d-a.akamaihd.net
2014-01-04 10:41:41,fbcdn-photos-b-a.akamaihd.net
2014-01-04 10:41:42,fbstatic-a.akamaihd.net
2014-01-04 10:41:43,fbstatic-a.akamaihd.net
2014-01-04 10:41:43,fbcdn-photos-e-a.akamaihd.net
2014-01-04 10:41:43,fbcdn-photos-g-a.akamaihd.net
2014-01-04 10:41:44,fbcdn-photos-b-a.akamaihd.net
2014-01-04 10:41:44,fbcdn-photos-a-a.akamaihd.net
2014-01-04 10:41:44,fbcdn-photos-g-a.akamaihd.net
2014-01-04 10:41:44,fbcdn-photos-f-a.akamaihd.net
2014-01-04 10:41:44,www.facebook.com
2014-01-04 10:41:44,fbstatic-a.akamaihd.net
2014-01-04 10:41:44,fbcdn-photos-e-a.akamaihd.net
2014-01-04 10:41:44,fbcdn-photos-d-a.akamaihd.net
2014-01-04 10:41:45,fbcdn-photos-f-a.akamaihd.net
2014-01-04 10:41:45,fbcdn-photos-b-a.akamaihd.net
2014-01-04 10:41:45,fbcdn-sphotos-f-a.akamaihd.net
2014-01-04 10:41:45,fbstatic-a.akamaihd.net
2014-01-04 10:41:46,fbcdn-sphotos-e-a.akamaihd.net
2014-01-04 10:41:46,www.facebook.com
2014-01-04 10:41:46,fbstatic-a.akamaihd.net
2014-01-04 10:42:03,www.facebook.com
2014-01-04 10:42:03,fbstatic-a.akamaihd.net
2014-01-04 10:42:05,www.facebook.com
2014-01-04 10:42:05,fbstatic-a.akamaihd.net
2014-01-04 10:42:06,static.asm-rugby.com
2014-01-04 10:42:06,www.asm-rugby.com
2014-01-04 10:42:06,w.sharethis.com
2014-01-04 10:42:07,fbstatic-a.akamaihd.net
2014-01-04 10:42:09,fbstatic-a.akamaihd.net
2014-01-04 10:42:12,www.facebook.com
2014-01-04 10:42:12,fbstatic-a.akamaihd.net
2014-01-04 10:42:25,fbcdn-photos-h-a.akamaihd.net
2014-01-04 10:42:26,fbcdn-dragon-a.akamaihd.net
2014-01-04 10:42:26,www.facebook.com
2014-01-04 10:42:31,www.facebook.com
2014-01-04 10:42:31,fbcdn-photos-h-a.akamaihd.net
2014-01-04 10:42:32,fbcdn-sphotos-h-a.akamaihd.net
2014-01-04 10:43:28,fbstatic-a.akamaihd.net
2014-01-04 10:43:28,fbcdn-sphotos-h-a.akamaihd.net
2014-01-04 10:43:28,fbcdn-dragon-a.akamaihd.net
2014-01-04 10:43:28,fbcdn-photos-h-a.akamaihd.net
2014-01-04 10:44:00,fbcdn-sphotos-h-a.akamaihd.net
2014-01-04 10:44:05,fbcdn-vthumb-a.akamaihd.net
2014-01-04 10:44:07,www.facebook.com
2014-01-04 10:44:08,fbcdn-vthumb-a.akamaihd.net
2014-01-04 10:44:09,fbexternal-a.akamaihd.net
2014-01-04 10:44:09,fbstatic-a.akamaihd.net
2014-01-04 10:44:11,fbstatic-a.akamaihd.net
2014-01-04 10:44:43,fbcdn-photos-b-a.akamaihd.net
2014-01-04 10:44:44,fbcdn-photos-e-a.akamaihd.net
2014-01-04 10:44:52,www.facebook.com
2014-01-04 10:44:52,fbstatic-a.akamaihd.net
2014-01-04 10:44:52,fbexternal-a.akamaihd.net
2014-01-04 10:44:52,api.bing.com
2014-01-04 10:44:52,fbcdn-photos-b-a.akamaihd.net
2014-01-04 10:44:53,www.facebook.com
2014-01-04 10:44:53,fbstatic-a.akamaihd.net
2014-01-04 10:44:53,www.bing.com
2014-01-04 10:44:54,www.bing.com
2014-01-04 10:44:54,www.youtube.com
2014-01-04 10:44:55,www.bing.com
2014-01-04 10:44:55,s.ytimg.com
2014-01-04 10:44:55,i1.ytimg.com
2014-01-04 10:44:57,s.ytimg.com
2014-01-04 10:44:59,s.ytimg.com
2014-01-04 10:44:59,i1.ytimg.com
2014-01-04 10:45:00,i1.ytimg.com
2014-01-04 10:45:00,apis.google.com
2014-01-04 10:45:01,yt3.ggpht.com
2014-01-04 10:45:06,apis.google.com
2014-01-04 10:45:06,s.ytimg.com
2014-01-04 10:45:07,yt3.ggpht.com
2014-01-04 10:45:07,s.ytimg.com
2014-01-04 10:45:09,yt3.ggpht.com
2014-01-04 10:45:09,s.ytimg.com
2014-01-04 10:45:10,yt3.ggpht.com
2014-01-04 10:45:11,clients1.google.com
2014-01-04 10:45:11,www.youtube.com
2014-01-04 10:45:12,www.youtube.com
2014-01-04 10:45:13,clients1.google.com
2014-01-04 10:45:13,s.ytimg.com
2014-01-04 10:45:13,www.youtube.com
2014-01-04 10:45:13,apis.google.com
2014-01-04 10:45:13,accounts.google.com
2014-01-04 10:45:13,s.youtube.com
2014-01-04 10:45:13,r1---sn-gxo5uxg-jqbe.googlevideo.com
2014-01-04 10:45:14,r1---sn-gxo5uxg-jqbe.googlevideo.com
2014-01-04 10:45:14,clients1.google.com
2014-01-04 10:45:15,r1---sn-gxo5uxg-jqbe.googlevideo.com
2014-01-04 10:45:15,clients1.google.com
2014-01-04 10:45:15,s.ytimg.com
2014-01-04 10:45:15,s.youtube.com
2014-01-04 10:45:17,www.google.com
2014-01-04 10:45:17,www.youtube.com
2014-01-04 10:45:18,i1.ytimg.com
2014-01-04 10:45:18,s.ytimg.com
2014-01-04 10:45:19,s.ytimg.com
2014-01-04 10:45:20,i4.ytimg.com
2014-01-04 10:45:20,i2.ytimg.com
2014-01-04 10:45:21,s.ytimg.com
2014-01-04 10:45:27,www.youtube.com
2014-01-04 10:45:27,s.ytimg.com
2014-01-04 10:45:27,r4---sn-gxo5uxg-jqbe.googlevideo.com
2014-01-04 10:45:27,www.youtube-nocookie.com
2014-01-04 10:45:28,www.youtube.com
2014-01-04 10:45:28,s.ytimg.com
2014-01-04 10:45:28,lh3.ggpht.com
2014-01-04 10:45:29,plus.googleapis.com
2014-01-04 10:45:30,apis.google.com
2014-01-04 10:45:30,lh3.ggpht.com
2014-01-04 10:45:30,yt3.ggpht.com
2014-01-04 10:45:30,plus.googleapis.com
2014-01-04 10:48:26,plus.googleapis.com
2014-01-04 11:05:38,api.bing.com
2014-01-04 11:05:39,www.bing.com
2014-01-04 11:05:42,www.bing.com
2014-01-04 11:05:44,fr-fr.facebook.com
2014-01-04 11:06:11,fbexternal-a.akamaihd.net
2014-01-04 11:06:11,fbcdn-sphotos-a-a.akamaihd.net
2014-01-04 11:06:12,fbcdn-photos-e-a.akamaihd.net
2014-01-04 11:06:12,fbcdn-photos-h-a.akamaihd.net
2014-01-04 11:06:12,www.facebook.com
2014-01-04 11:06:12,fr-fr.facebook.com
2014-01-04 11:06:12,fbstatic-a.akamaihd.net
2014-01-04 11:06:13,fbcdn-photos-h-a.akamaihd.net
2014-01-04 11:06:13,fbcdn-photos-e-a.akamaihd.net
2014-01-04 11:06:13,fbcdn-sphotos-a-a.akamaihd.net
2014-01-04 11:06:13,fbexternal-a.akamaihd.net
2014-01-04 11:06:13,fbstatic-a.akamaihd.net
2014-01-04 11:06:14,fbcdn-sphotos-g-a.akamaihd.net
2014-01-04 11:06:17,fbstatic-a.akamaihd.net
2014-01-04 11:06:17,fbexternal-a.akamaihd.net
2014-01-04 11:06:18,fbcdn-sphotos-g-a.akamaihd.net
2014-01-04 11:06:31,attachment.fbsbx.com
2014-01-04 11:07:29,www.facebook.com
2014-01-04 11:08:31,attachment.fbsbx.com
2014-01-04 11:08:51,www.facebook.com
2014-01-04 11:18:05,api.bing.com
2014-01-04 11:18:06,api.bing.com
2014-01-04 11:18:08,www.bing.com
2014-01-04 11:18:14,www.bing.com
2014-01-04 11:18:21,www.bing.com
2014-01-04 11:18:28,www.bing.com
2014-01-04 11:18:29,www.bing.com
2014-01-04 11:18:32,www.bing.com
2014-01-04 11:18:52,www.bing.com
2014-01-04 11:19:00,common.sensagent.eu
2014-01-04 11:19:00,ajax.googleapis.com
2014-01-04 11:19:00,common-en.sensagent.com
2014-01-04 11:19:00,common-fr.sensagent.com
2014-01-04 11:19:00,dictionnaire.sensagent.com
2014-01-04 11:19:00,www.bing.com
2014-01-04 11:19:01,common.sensagent.eu
2014-01-04 11:19:01,thumbs3.ebaystatic.com
2014-01-04 11:19:01,thumbs2.ebaystatic.com
2014-01-04 11:19:01,thumbs1.ebaystatic.com
2014-01-04 11:19:01,thumbs4.ebaystatic.com
2014-01-04 11:19:02,common.sensagent.eu
2014-01-04 11:19:03,www.sensagent.com
2014-01-04 11:19:04,www.sensagent.com
2014-01-04 11:19:06,www.sensagent.com
2014-01-04 11:19:07,connect.facebook.net
2014-01-04 11:19:07,apis.google.com
2014-01-04 11:19:08,platform.twitter.com
2014-01-04 11:19:11,twitter.com
2014-01-04 11:19:11,apis.google.com
2014-01-04 11:19:11,platform.twitter.com
2014-01-04 11:19:11,accounts.google.com
2014-01-04 11:19:12,media.wow-europe.com
2014-01-04 11:19:13,dictionnaire.sensagent.com
2014-01-04 11:19:13,www.facebook.com
2014-01-04 11:19:14,media.wow-europe.com
2014-01-04 11:19:14,dps.bing.com
2014-01-04 11:20:15,platform.twitter.com
2014-01-04 11:20:15,www.facebook.com
2014-01-04 11:46:43,api.bing.com
2014-01-04 11:46:44,api.bing.com
2014-01-04 11:46:45,api.bing.com
2014-01-04 11:46:46,www.bing.com
2014-01-04 11:46:58,www.bing.com
2014-01-04 11:46:59,www.bing.com
2014-01-04 11:46:59,bits.wikimedia.org
2014-01-04 11:46:59,fr.wikipedia.org
2014-01-04 11:47:00,login.wikimedia.org
2014-01-04 11:47:00,meta.wikimedia.org
2014-01-04 11:47:01,fr.wikipedia.org
2014-01-04 11:47:01,bits.wikimedia.org
2014-01-04 11:47:01,meta.wikimedia.org
2014-01-04 15:52:30,www.bing.com
2014-01-04 15:52:31,www.bing.com
2014-01-04 15:52:31,ts4.mm.bing.net
2014-01-04 15:52:32,www.bing.com
2014-01-04 15:52:32,cms.abmr.net
2014-01-04 15:52:33,www.bing.com
2014-01-04 15:52:34,ts1.mm.bing.net
2014-01-04 15:52:42,www.bing.com
2014-01-04 15:52:43,login.live.com
2014-01-04 15:52:48,www.bing.com
2014-01-04 15:52:52,www.bing.com
2014-01-04 15:52:54,ssl.bing.com
2014-01-04 15:52:55,www.bing.com
2014-01-04 15:52:55,bits.wikimedia.org
2014-01-04 15:52:55,fr.wikipedia.org
2014-01-04 15:52:56,fr.wikipedia.org
2014-01-04 15:52:56,login.wikimedia.org
2014-01-04 15:52:56,bits.wikimedia.org
2014-01-04 15:52:56,meta.wikimedia.org
2014-01-04 15:53:03,login.live.com
2014-01-04 15:55:13,ieonline.microsoft.com
2014-01-04 16:05:38,www.bing.com
2014-01-04 16:05:48,www.bing.com
2014-01-04 16:05:50,login.live.com
2014-01-04 16:05:52,www.bing.com
2014-01-04 16:07:52,ssl.bing.com
2014-01-04 16:09:00,ajax.microsoft.com
2014-01-04 16:09:00,res1.windows.microsoft.com
2014-01-04 16:09:00,res2.windows.microsoft.com
2014-01-04 16:09:00,windows.microsoft.com
2014-01-04 16:09:00,go.microsoft.com
2014-01-04 16:09:00,js.microsoft.com
2014-01-04 16:09:00,www.facebook.com
2014-01-04 16:09:10,login.live.com
2014-01-04 16:46:49,www.bing.com
2014-01-04 16:46:51,login.live.com
2014-01-04 16:46:51,www.bing.com
2014-01-04 16:46:52,www.bing.com
2014-01-04 16:46:52,ts4.mm.bing.net
2014-01-04 16:46:52,ts3.mm.bing.net
2014-01-04 16:46:52,ts1.mm.bing.net
2014-01-04 16:46:52,ts2.mm.bing.net
2014-01-04 16:46:53,ts4.mm.bing.net
2014-01-04 16:46:53,ts3.mm.bing.net
2014-01-04 16:46:53,www.bing.com
2014-01-04 16:46:53,ts1.mm.bing.net
2014-01-04 16:46:53,api.bing.com
2014-01-04 16:46:53,ts2.mm.bing.net
2014-01-04 16:46:54,www.bing.com
2014-01-04 16:46:55,www.bing.com
2014-01-04 16:46:56,www.bing.com
2014-01-04 16:46:56,ts2.mm.bing.net
2014-01-04 16:46:56,ts3.mm.bing.net
2014-01-04 16:46:56,ts4.mm.bing.net
2014-01-04 16:46:56,ts1.mm.bing.net
2014-01-04 16:46:57,ts2.mm.bing.net
2014-01-04 16:46:57,ts3.mm.bing.net
2014-01-04 16:46:57,ts4.mm.bing.net
2014-01-04 16:46:57,www.bing.com
2014-01-04 16:46:59,api.bing.com
2014-01-04 16:47:00,api.bing.com
2014-01-04 16:47:01,api.bing.com
2014-01-04 16:47:02,api.bing.com
2014-01-04 16:47:04,login.live.com
2014-01-04 16:47:06,api.bing.com
2014-01-04 16:47:07,www.bing.com
2014-01-04 16:47:07,api.bing.com
2014-01-04 16:47:08,api.bing.com
2014-01-04 16:47:09,api.bing.com
2014-01-04 16:47:10,api.bing.com
2014-01-04 16:47:11,api.bing.com
2014-01-04 16:47:12,api.bing.com
2014-01-04 16:47:13,ts1.mm.bing.net
2014-01-04 16:47:13,ts3.mm.bing.net
2014-01-04 16:47:13,www.bing.com
2014-01-04 16:47:13,ssl.bing.com
2014-01-04 16:47:13,ts4.mm.bing.net
2014-01-04 16:47:13,ts2.mm.bing.net
2014-01-04 16:47:14,ts4.mm.bing.net
2014-01-04 16:47:14,ts2.mm.bing.net
2014-01-04 16:47:14,ts1.mm.bing.net
2014-01-04 16:47:14,www.bing.com
2014-01-04 16:47:14,ts3.mm.bing.net
2014-01-04 16:47:14,api.bing.com
2014-01-04 16:47:17,ts1.mm.bing.net
2014-01-04 16:47:18,ts2.mm.bing.net
2014-01-04 16:47:18,ts4.mm.bing.net
2014-01-04 16:47:18,ts1.mm.bing.net
2014-01-04 16:47:18,www.bing.com
2014-01-04 16:47:18,ts3.mm.bing.net
2014-01-04 16:47:19,ts1.mm.bing.net
2014-01-04 16:47:19,www.bing.com
2014-01-04 16:47:20,www.bing.com
2014-01-04 16:47:22,www.bing.com
2014-01-04 16:47:25,www.bing.com
2014-01-04 16:47:25,ts1.mm.bing.net
2014-01-04 16:47:25,login.live.com
2014-01-04 16:47:26,www.bing.com
2014-01-04 16:47:26,ts1.mm.bing.net
2014-01-04 16:47:27,ssl.bing.com
2014-01-04 16:47:27,www.musees-haute-normandie.fr
2014-01-04 16:47:27,www.bing.com
2014-01-04 16:47:27,ts1.mm.bing.net
2014-01-04 16:47:28,www.bing.com
2014-01-04 16:47:28,www.cotemaison.fr
2014-01-04 16:47:29,ts1.mm.bing.net
2014-01-04 16:47:29,www.bing.com
2014-01-04 16:47:29,imganuncios.mitula.net
2014-01-04 16:47:29,fr.worldtop.org
2014-01-04 16:47:29,renovertdesign.files.wordpress.com
2014-01-04 16:47:29,www.richelieu.com
2014-01-04 16:47:29,cuisifab.com
2014-01-04 16:47:30,www.learningtoys.ca
2014-01-04 16:47:31,www.bing.com
2014-01-04 16:47:32,www.bing.com
2014-01-04 16:47:32,img4.hostingpics.net
2014-01-04 16:47:32,i61.servimg.com
2014-01-04 16:47:32,ajax.googleapis.com
2014-01-04 16:47:32,coa-hordes.forumactif.org
2014-01-04 16:47:33,r17.imgfast.net
2014-01-04 16:47:33,ts1.mm.bing.net
2014-01-04 16:47:33,coa-hordes.forumactif.org
2014-01-04 16:47:33,www.allochat.fr
2014-01-04 16:47:33,4.bp.blogspot.com
2014-01-04 16:47:33,nsa25.casimages.com
2014-01-04 16:47:33,illiweb.com
2014-01-04 16:47:33,img4.hostingpics.net
2014-01-04 16:47:33,hitskin.com
2014-01-04 16:47:34,img4.hostingpics.net
2014-01-04 16:47:34,illiweb.com
2014-01-04 16:47:35,www.icone-gif.com
2014-01-04 16:47:54,www.bing.com
2014-01-04 16:47:57,www.bing.com
2014-01-04 16:47:58,coa-hordes.forumactif.org
2014-01-04 16:47:59,www.icone-gif.com
2014-01-04 16:48:43,www.bing.com
2014-01-04 16:48:43,ts1.mm.bing.net
2014-01-04 16:48:44,ts1.mm.bing.net
2014-01-04 16:48:46,www.bing.com
2014-01-04 16:48:46,ts1.mm.bing.net
2014-01-04 16:48:47,ts1.mm.bing.net
2014-01-04 16:48:48,www.bing.com
2014-01-04 16:48:49,ts1.mm.bing.net
2014-01-04 16:48:49,www.bing.com
2014-01-04 16:48:50,www.bing.com
2014-01-04 16:48:50,ts1.mm.bing.net
2014-01-04 16:48:52,www.bing.com
2014-01-04 16:48:52,ts2.mm.bing.net
2014-01-04 16:48:52,ts3.mm.bing.net
2014-01-04 16:48:52,ts4.mm.bing.net
2014-01-04 16:48:52,ts1.mm.bing.net
2014-01-04 16:48:53,ts1.mm.bing.net
2014-01-04 16:48:53,www.bing.com
2014-01-04 16:48:54,www.bing.com
2014-01-04 16:48:54,ts1.mm.bing.net
2014-01-04 16:48:56,www.bing.com
2014-01-04 16:48:59,www.bing.com
2014-01-04 16:49:02,ts2.mm.bing.net
2014-01-04 16:49:02,www.bing.com
2014-01-04 16:49:02,ts4.mm.bing.net
2014-01-04 16:49:02,ts3.mm.bing.net
2014-01-04 16:49:02,ts1.mm.bing.net
2014-01-04 16:49:03,ts1.mm.bing.net
2014-01-04 16:49:03,www.bing.com
2014-01-04 16:49:04,ts2.mm.bing.net
2014-01-04 16:49:04,ts4.mm.bing.net
2014-01-04 16:49:04,www.bing.com
2014-01-04 16:49:04,ts1.mm.bing.net
2014-01-04 16:49:04,ts3.mm.bing.net
2014-01-04 16:49:05,www.bing.com
2014-01-04 16:49:05,ts2.mm.bing.net
2014-01-04 16:49:05,ts3.mm.bing.net
2014-01-04 16:49:05,ts4.mm.bing.net
2014-01-04 16:49:05,ts1.mm.bing.net
2014-01-04 16:49:06,ts1.mm.bing.net
2014-01-04 16:49:06,ts2.mm.bing.net
2014-01-04 16:49:06,ts3.mm.bing.net
2014-01-04 16:49:06,www.bing.com
2014-01-04 16:49:06,ts4.mm.bing.net
2014-01-04 16:49:07,ts4.mm.bing.net
2014-01-04 16:49:07,ts3.mm.bing.net
2014-01-04 16:49:07,ts1.mm.bing.net
2014-01-04 16:49:08,ts1.mm.bing.net
2014-01-04 16:49:09,ts1.mm.bing.net
2014-01-04 16:49:11,api.bing.com
2014-01-04 16:49:12,www.bing.com
2014-01-04 16:49:12,ts4.mm.bing.net
2014-01-04 16:49:12,ts2.mm.bing.net
2014-01-04 16:49:12,ts3.mm.bing.net
2014-01-04 16:49:12,ts1.mm.bing.net
2014-01-04 16:49:12,api.bing.com
2014-01-04 16:49:13,www.bing.com
2014-01-04 16:49:13,ts3.mm.bing.net
2014-01-04 16:49:13,ts2.mm.bing.net
2014-01-04 16:49:13,ts4.mm.bing.net
2014-01-04 16:49:13,ts1.mm.bing.net
2014-01-04 16:49:14,ts1.mm.bing.net
2014-01-04 16:49:17,www.bing.com
2014-01-04 16:49:18,ts1.mm.bing.net
2014-01-04 16:49:18,www.bing.com
2014-01-04 16:49:19,ts1.mm.bing.net
2014-01-04 16:49:19,www.bing.com
2014-01-04 16:49:21,www.bing.com
2014-01-04 16:49:23,login.live.com
2014-01-04 16:49:24,ts1.mm.bing.net
2014-01-04 16:49:24,www.bing.com
2014-01-04 16:49:25,ts1.mm.bing.net
2014-01-04 16:49:26,ts1.mm.bing.net
2014-01-04 16:49:26,www.bing.com
2014-01-04 16:49:26,ssl.bing.com
2014-01-04 16:49:27,ts2.mm.bing.net
2014-01-04 16:49:27,ts3.mm.bing.net
2014-01-04 16:49:27,ts1.mm.bing.net
2014-01-04 16:49:27,ts4.mm.bing.net
2014-01-04 16:49:30,ts1.mm.bing.net
2014-01-04 16:49:31,api.bing.com
2014-01-04 16:49:32,api.bing.com
2014-01-04 16:49:32,www.bing.com
2014-01-04 16:49:33,api.bing.com
2014-01-04 16:49:34,www.bing.com
2014-01-04 16:49:34,ts4.mm.bing.net
2014-01-04 16:49:34,ts2.mm.bing.net
2014-01-04 16:49:34,ts3.mm.bing.net
2014-01-04 16:49:34,ts1.mm.bing.net
2014-01-04 16:49:35,ts3.mm.bing.net
2014-01-04 16:49:35,ts1.mm.bing.net
2014-01-04 16:49:35,www.bing.com
2014-01-04 16:49:35,api.bing.com
2014-01-04 16:49:35,ts2.mm.bing.net
2014-01-04 16:49:35,ts4.mm.bing.net
2014-01-04 16:49:36,ts1.mm.bing.net
2014-01-04 16:49:36,ts4.mm.bing.net
2014-01-04 16:49:36,ts3.mm.bing.net
2014-01-04 16:49:36,ts2.mm.bing.net
2014-01-04 16:49:37,login.live.com
2014-01-04 16:49:37,www.bing.com
2014-01-04 16:49:39,ssl.bing.com
2014-01-04 16:49:39,ts3.mm.bing.net
2014-01-04 16:49:39,www.bing.com
2014-01-04 16:49:39,ts4.mm.bing.net
2014-01-04 16:49:39,ts2.mm.bing.net
2014-01-04 16:49:39,ts1.mm.bing.net
2014-01-04 16:49:40,ts1.mm.bing.net
2014-01-04 16:49:41,ts1.mm.bing.net
2014-01-04 16:49:41,www.bing.com
2014-01-04 16:49:41,login.live.com
2014-01-04 16:49:42,www.bing.com
2014-01-04 16:49:42,ts1.mm.bing.net
2014-01-04 16:49:44,www.bing.com
2014-01-04 16:49:45,ts2.mm.bing.net
2014-01-04 16:49:45,ts1.mm.bing.net
2014-01-04 16:49:45,www.bing.com
2014-01-04 16:49:46,www.reporters-de-leau.com
2014-01-04 16:49:46,www.eau21.ch
2014-01-04 16:49:46,www.enil.fr
2014-01-04 16:49:46,www.bourg-les-valence.fr
2014-01-04 16:49:46,www.restaurateurarestaurateur.com
2014-01-04 16:49:46,ssl.bing.com
2014-01-04 16:49:46,ts1.mm.bing.net
2014-01-04 16:49:46,www.bing.com
2014-01-04 16:49:46,ts3.mm.bing.net
2014-01-04 16:49:46,www.topbis.com
2014-01-04 16:49:46,cfi.insa-rouen.fr
2014-01-04 16:49:46,devenir-estheticienne-masseuse.com
2014-01-04 16:49:47,oranmetropole.blogvie.com
2014-01-04 16:49:47,teksystem-dz.com
2014-01-04 16:49:50,www.bing.com
2014-01-04 16:49:50,cfi.insa-rouen.fr
2014-01-04 16:49:51,www.bing.com
2014-01-04 16:49:51,ts1.mm.bing.net
2014-01-04 16:49:52,ts1.mm.bing.net
2014-01-04 16:49:52,www.bing.com
2014-01-04 16:49:53,www.bing.com
2014-01-04 16:49:53,ts1.mm.bing.net
2014-01-04 16:49:54,thumbs.dreamstime.com
2014-01-04 16:49:54,www.bing.com
2014-01-04 16:49:54,www.usinenouvelle.com
2014-01-04 16:49:54,www.danielfournier.ch
2014-01-04 16:49:54,ts1.mm.bing.net
2014-01-04 16:49:54,laboratoire.vendee.fr
2014-01-04 16:49:54,www.enil.fr
2014-01-04 16:49:54,www.sparadrap.org
2014-01-04 16:49:54,www.vendee.fr
2014-01-04 16:49:56,www.bing.com
2014-01-04 16:49:57,www.bing.com
2014-01-04 16:49:58,www.bing.com
2014-01-04 16:50:00,medias.lepost.fr
2014-01-04 16:50:00,www.les-photos-gratuites.net
2014-01-04 16:50:02,www.bing.com
2014-01-04 16:50:03,www.bing.com
2014-01-04 16:50:04,www.bing.com
2014-01-04 16:50:04,ts1.mm.bing.net
2014-01-04 16:50:05,www.bing.com
2014-01-04 16:50:06,www.bing.com
2014-01-04 16:50:06,ts1.mm.bing.net
2014-01-04 16:50:07,laboratoire.vendee.fr
2014-01-04 16:50:07,www.vendee.fr
2014-01-04 16:50:07,www.bing.com
2014-01-04 16:50:07,ts1.mm.bing.net
2014-01-04 16:50:09,www.bing.com
2014-01-04 16:50:10,www.bing.com
2014-01-04 16:50:11,www.bing.com
2014-01-04 16:50:11,ts1.mm.bing.net
2014-01-04 16:50:12,ts1.mm.bing.net
2014-01-04 16:50:12,www.bing.com
2014-01-04 16:50:13,www.bing.com
2014-01-04 16:50:14,www.bing.com
2014-01-04 16:50:14,ts1.mm.bing.net
2014-01-04 16:50:14,www.seraingautrefois.org
2014-01-04 16:50:15,www.bing.com
2014-01-04 16:50:15,ts1.mm.bing.net
2014-01-04 16:50:16,www.la-clau.net
2014-01-04 16:50:16,www.bing.com
2014-01-04 16:50:16,3.bp.blogspot.com
2014-01-04 16:50:17,lyc-perrin-soa.ac-versailles.fr
2014-01-04 16:50:17,ts1.mm.bing.net
2014-01-04 16:50:17,www.3dvf.com
2014-01-04 16:50:17,www.telelogos.com
2014-01-04 16:50:17,www.location-longue-duree.net
2014-01-04 16:50:17,www.poleplasturgie.net
2014-01-04 16:50:17,thumbs.dreamstime.com
2014-01-04 16:50:17,www.laboratoire-marachlian.fr
2014-01-04 16:50:18,www.bing.com
2014-01-04 16:50:18,www.merieuxnutrisciences.fr
2014-01-04 16:50:19,ts1.mm.bing.net
2014-01-04 16:50:19,www.bing.com
2014-01-04 16:50:20,ts1.mm.bing.net
2014-01-04 16:50:21,ts1.mm.bing.net
2014-01-04 16:50:21,ts4.mm.bing.net
2014-01-04 16:50:21,ts3.mm.bing.net
2014-01-04 16:50:21,ts2.mm.bing.net
2014-01-04 16:50:21,www.bing.com
2014-01-04 16:50:22,www.bing.com
2014-01-04 16:50:22,ts1.mm.bing.net
2014-01-04 16:50:23,ts1.mm.bing.net
2014-01-04 16:50:23,www.bing.com
2014-01-04 16:50:24,www.bing.com
2014-01-04 16:50:24,ts1.mm.bing.net
2014-01-04 16:50:24,psychologie.univ-fcomte.fr
2014-01-04 16:50:25,www.bing.com
2014-01-04 16:50:25,ts1.mm.bing.net
2014-01-04 16:50:25,www.enil.fr
2014-01-04 16:50:27,www.sdm-protect.com
2014-01-04 16:50:27,www.bing.com
2014-01-04 16:50:27,noveal.fr
2014-01-04 16:50:27,ts1.mm.bing.net
2014-01-04 16:50:28,plateforme-technologie-agroalimentaire.cirad.fr
2014-01-04 16:50:28,www.bing.com
2014-01-04 16:50:28,www.marketing-professionnel.fr
2014-01-04 16:50:29,www.laboratoire-controle.fr
2014-01-04 16:50:29,www.reporters-de-leau.com
2014-01-04 16:50:29,www.lamaisondefrance.it
2014-01-04 16:50:30,www.agitateur-vmi.com
2014-01-04 16:50:30,www.cnes-csg.fr
2014-01-04 16:50:30,9d.img.v4.skyrock.net
2014-01-04 16:50:30,ts1.mm.bing.net
2014-01-04 16:50:35,ts1.mm.bing.net
2014-01-04 16:50:36,www.bing.com
2014-01-04 16:50:59,www.google.fr
2014-01-04 16:51:11,www.google.fr
2014-01-04 16:51:12,apis.google.com
2014-01-04 16:51:14,www.google.com
2014-01-04 16:51:57,www.bing.com
2014-01-04 16:52:23,ts1.mm.bing.net
2014-01-04 16:52:23,www.bing.com
2014-01-04 16:52:23,www.livet-histoire.fr
2014-01-04 16:52:23,id-mediterraneo.com
2014-01-04 16:52:23,www1.univ-metz.fr
2014-01-04 16:52:23,ts4.mm.bing.net
2014-01-04 16:52:23,ts2.mm.bing.net
2014-01-04 16:52:23,ts3.mm.bing.net
2014-01-04 16:52:23,ibnsina-labo.com
2014-01-04 16:52:24,www.bing.com
2014-01-04 16:52:24,ts4.mm.bing.net
2014-01-04 16:52:24,ts3.mm.bing.net
2014-01-04 16:52:24,ts2.mm.bing.net
2014-01-04 16:52:24,api.bing.com
2014-01-04 16:52:24,ts1.mm.bing.net
2014-01-04 16:52:36,login.live.com
2014-01-04 16:52:39,www.bing.com
2014-01-04 16:53:54,www.google.com
2014-01-04 16:53:54,apis.google.com
2014-01-04 16:53:54,www.google.fr
2014-01-04 16:54:37,ssl.bing.com
2014-01-04 17:02:57,ts1.mm.bing.net
2014-01-04 17:02:58,www.bing.com
2014-01-04 17:02:58,ts1.mm.bing.net
2014-01-04 17:02:59,www.bing.com
2014-01-04 17:03:05,www.google.fr
2014-01-04 17:03:07,www.bing.com
2014-01-04 17:03:08,www.bing.com
2014-01-04 17:03:08,ts1.mm.bing.net
2014-01-04 17:03:10,www.bing.com
2014-01-04 17:03:16,www.google.fr
2014-01-04 17:03:23,www.google.fr
2014-01-04 17:03:25,www.fao.org
2014-01-04 17:03:26,www.fao.org
2014-01-04 17:03:27,www.fao.org
2014-01-04 17:03:57,www.google.fr
2014-01-04 17:03:57,www.fao.org
2014-01-04 17:03:58,www.fao.org
2014-01-04 17:04:37,www.fao.org
2014-01-04 17:04:38,www.fao.org
2014-01-04 17:05:59,www.google.fr
2014-01-04 17:06:02,www.google.fr
2014-01-04 17:26:35,www.bing.com
2014-01-04 17:26:36,www.bing.com
2014-01-04 17:26:43,www.bing.com
2014-01-04 17:26:44,office.microsoft.com
2014-01-04 17:26:45,js.microsoft.com
2014-01-04 17:26:45,office.microsoft.com
2014-01-04 17:26:45,c.msn.com
2014-01-04 17:26:46,login.live.com
2014-03-25 09:11:31,clients1.google.com
2014-03-25 09:11:31,gtglobal-ocsp.geotrust.com
2014-03-25 09:11:32,clients1.google.com
2014-03-25 09:11:32,ocsp.tcs.terena.org
2014-03-25 09:11:32,ocsp.usertrust.com
2014-03-25 09:12:28,gtssl-ocsp.geotrust.com
2014-03-25 09:13:09,clients1.google.com
2014-03-25 09:13:12,www.google.fr
2014-03-25 09:13:13,www.fao.org
2014-03-25 09:13:26,ocsp.verisign.com
2014-03-25 09:13:28,www.fao.org
2014-03-25 09:13:30,www.fao.org
2014-03-25 09:13:31,www.fao.org
2014-03-25 09:13:36,www.fao.org
2014-03-25 09:13:39,www.fao.org
2014-03-25 09:13:40,www.fao.org
2014-03-25 09:13:41,www.fao.org
2014-03-25 09:13:42,www.fao.org
2014-03-25 09:13:43,www.fao.org
2014-03-25 09:13:44,www.fao.org
2014-03-25 09:13:45,www.fao.org
2014-03-25 09:13:46,www.fao.org
2014-03-25 09:13:47,www.fao.org
2014-03-25 09:13:50,www.fao.org
2014-03-25 09:14:57,office14client.microsoft.com
2014-03-25 09:14:58,office.microsoft.com
2014-03-25 09:14:59,office.microsoft.com
2014-03-25 09:15:26,ocsp.digicert.com
2014-03-25 09:16:03,safebrowsing-cache.google.com
2014-03-25 09:16:03,safebrowsing.clients.google.com
2014-03-25 09:16:07,www.google.com
2014-03-25 09:16:07,apis.google.com
2014-03-25 09:16:09,www.google.fr
2014-03-25 09:18:58,sb-ssl.google.com
2014-03-25 09:21:26,ocsp.thawte.com
2014-03-25 09:30:45,www.fao.org
2014-03-25 09:34:10,www.fao.org
2014-03-25 09:36:42,www.fao.org
2014-03-25 09:46:19,safebrowsing.clients.google.com
2014-03-25 09:46:19,safebrowsing-cache.google.com
2014-03-25 09:58:56,clients1.google.com
2014-03-25 09:58:56,gtglobal-ocsp.geotrust.com
2014-03-25 09:58:56,ocsp.usertrust.com
2014-03-25 09:58:56,ocsp.tcs.terena.org
2014-03-25 10:02:48,clients1.google.com
2014-03-25 10:02:48,gtglobal-ocsp.geotrust.com
2014-03-25 10:02:49,clients1.google.com
2014-03-25 10:03:37,gtssl-ocsp.geotrust.com
2014-03-25 10:04:16,www.google.com
2014-03-25 10:04:16,www.google.fr
2014-03-25 10:04:16,apis.google.com
2014-03-25 10:05:07,clients1.google.com
2014-03-25 10:05:07,gtglobal-ocsp.geotrust.com
2014-03-25 10:05:07,ocsp.tcs.terena.org
2014-03-25 10:05:07,ocsp.usertrust.com
2014-03-25 10:05:21,www.google.com
2014-03-25 10:05:21,clients1.google.com
2014-03-25 10:05:22,www.google.com
2014-03-25 10:05:26,clients1.google.com
2014-03-25 10:05:47,safebrowsing.clients.google.com
2014-03-25 10:05:47,safebrowsing-cache.google.com
2014-03-25 10:05:58,www.google.fr
2014-03-25 10:05:59,player.canalplus.fr
2014-03-25 10:05:59,media8.canal-plus.net
2014-03-25 10:05:59,broadcast.piximedia.fr
2014-03-25 10:05:59,gtssl-ocsp.geotrust.com
2014-03-25 10:05:59,www.canalplus.fr
2014-03-25 10:05:59,media7.canal-plus.net
2014-03-25 10:05:59,platform.twitter.com
2014-03-25 10:05:59,media.canal-plus.com
2014-03-25 10:06:00,rm.piximedia.fr
2014-03-25 10:06:00,media.canal-plus.com
2014-03-25 10:06:00,media8.canal-plus.net
2014-03-25 10:06:00,www.facebook.com
2014-03-25 10:06:00,broadcast.piximedia.fr
2014-03-25 10:06:00,www.canalplus.fr
2014-03-25 10:06:00,player.canalplus.fr
2014-03-25 10:06:00,connect.facebook.net
2014-03-25 10:06:00,media7.canal-plus.net
2014-03-25 10:06:01,s-static.ak.facebook.com
2014-03-25 10:06:01,static.ak.facebook.com
2014-03-25 10:06:01,www.canalplus.fr
2014-03-25 10:06:01,clients1.google.com
2014-03-25 10:06:01,ocsp.comodoca.com
2014-03-25 10:06:01,ocsp.usertrust.com
2014-03-25 10:06:01,platform.twitter.com
2014-03-25 10:06:01,media.canal-plus.com
2014-03-25 10:06:01,media7.canal-plus.net
2014-03-25 10:06:01,player.canalplus.fr
2014-03-25 10:06:01,media8.canal-plus.net
2014-03-25 10:06:02,evsecure-ocsp.verisign.com
2014-03-25 10:06:02,ocsp.thawte.com
2014-03-25 10:06:02,media.canal-plus.com
2014-03-25 10:06:02,media7.canal-plus.net
2014-03-25 10:06:02,stat.canal-plus.com
2014-03-25 10:06:02,player.canalplus.fr
2014-03-25 10:06:03,www.facebook.com
2014-03-25 10:06:03,stat.canal-plus.com
2014-03-25 10:06:05,gtssl-ocsp.geotrust.com
2014-03-25 10:06:05,www.google.fr
2014-03-25 10:06:05,www.canalplus.fr
2014-03-25 10:06:05,broadcast.piximedia.fr
2014-03-25 10:06:05,player.canalplus.fr
2014-03-25 10:06:06,static.ak.facebook.com
2014-03-25 10:06:06,s-static.ak.facebook.com
2014-03-25 10:06:07,www.canalplus.fr
2014-03-25 10:06:07,rm.piximedia.fr
2014-03-25 10:06:07,static.ak.facebook.com
2014-03-25 10:06:07,broadcast.piximedia.fr
2014-03-25 10:06:07,www.facebook.com
2014-03-25 10:06:07,pass.canal-plus.com
2014-03-25 10:06:07,s-static.ak.facebook.com
2014-03-25 10:06:08,platform.twitter.com
2014-03-25 10:06:08,media.canal-plus.com
2014-03-25 10:06:08,www.canalplus.fr
2014-03-25 10:06:08,www.facebook.com
2014-03-25 10:06:10,www.google.fr
2014-03-25 10:06:10,stat.canal-plus.com
2014-03-25 10:06:11,malle-environnement.org
2014-03-25 10:06:12,malle-environnement.org
2014-03-25 10:06:13,i1-js-14-3-01-10006-435515049-i.init.cedexis-radar.net
2014-03-25 10:06:13,malle-environnement.org
2014-03-25 10:06:14,malle-environnement.org
2014-03-25 10:06:14,pass.canal-plus.com
2014-03-25 10:06:15,hss-live-m1-sjg.canal-plus.com
2014-03-25 10:06:15,ak.c.ooyala.com
2014-03-25 10:06:16,hss-live-m1-sjg.canal-plus.com
2014-03-25 10:06:16,bitgravity.cedexis.com
2014-03-25 10:06:17,bitgravity.cedexis.com
2014-03-25 10:06:17,ec2-us-west-1a.cedexis.com
2014-03-25 10:06:18,hss-live-m1-aka.canal-plus.com
2014-03-25 10:06:19,hss-live-m1-l3.canal-plus.com
2014-03-25 10:06:21,hss-live-m1-l3.canal-plus.com
2014-03-25 10:06:21,cloudfront.cedexis.com
2014-03-25 10:06:24,player.canalplus.fr
2014-03-25 10:06:25,player.canalplus.fr
2014-03-25 10:06:35,ocsp.digicert.com
2014-03-25 10:06:36,fpdownload2.macromedia.com
2014-03-25 10:06:39,twitter.com
2014-03-25 10:07:04,ocsp.verisign.com
2014-03-25 10:07:18,download.macromedia.com
2014-03-25 10:07:37,media.canal-plus.com
2014-03-25 10:07:37,player.canalplus.fr
2014-03-25 10:07:37,www.canalplus.fr
2014-03-25 10:07:37,broadcast.piximedia.fr
2014-03-25 10:07:37,media7.canal-plus.net
2014-03-25 10:07:37,platform.twitter.com
2014-03-25 10:07:37,media8.canal-plus.net
2014-03-25 10:07:38,s-static.ak.facebook.com
2014-03-25 10:07:38,broadcast.piximedia.fr
2014-03-25 10:07:38,connect.facebook.net
2014-03-25 10:07:38,media8.canal-plus.net
2014-03-25 10:07:38,media.canal-plus.com
2014-03-25 10:07:38,static.ak.facebook.com
2014-03-25 10:07:38,platform.twitter.com
2014-03-25 10:07:38,www.facebook.com
2014-03-25 10:07:38,www.canalplus.fr
2014-03-25 10:07:38,media7.canal-plus.net
2014-03-25 10:07:38,player.canalplus.fr
2014-03-25 10:07:39,stat.canal-plus.com
2014-03-25 10:07:39,www.facebook.com
2014-03-25 10:07:39,media8.canal-plus.net
2014-03-25 10:07:39,platform.twitter.com
2014-03-25 10:07:39,www.canalplus.fr
2014-03-25 10:07:39,media.canal-plus.com
2014-03-25 10:07:39,rm.piximedia.fr
2014-03-25 10:07:39,media7.canal-plus.net
2014-03-25 10:07:39,player.canalplus.fr
2014-03-25 10:07:40,static.ak.facebook.com
2014-03-25 10:07:40,player.canalplus.fr
2014-03-25 10:07:40,media.canal-plus.com
2014-03-25 10:07:40,s-static.ak.facebook.com
2014-03-25 10:07:42,www.facebook.com
2014-03-25 10:07:42,player.canalplus.fr
2014-03-25 10:07:45,pass.canal-plus.com
2014-03-25 10:07:45,i1-js-14-3-01-10006-332023453-i.init.cedexis-radar.net
2014-03-25 10:07:45,hss-live-m1-sjg.canal-plus.com
2014-03-25 10:07:46,hss-live-m1-sjg.canal-plus.com
2014-03-25 10:07:48,ec2-eu-west-1a.cedexis.com
2014-03-25 10:07:49,chinacache.cedexis.com
2014-03-25 10:07:50,gce-us-central1-a.bench.cedexis.com
2014-03-25 10:07:50,hss-live-m1-l3.canal-plus.com
2014-03-25 10:07:51,hss-live-m1-l3.canal-plus.com
2014-03-25 10:07:52,hss-live-m1-aka.canal-plus.com
2014-03-25 10:07:56,platform.twitter.com
2014-03-25 10:08:10,twitter.com
2014-03-25 10:08:21,www.google.com
2014-03-25 10:08:42,sb-ssl.google.com
2014-03-25 10:08:58,www.google.fr
2014-03-25 10:08:58,accounts.google.com
2014-03-25 10:09:03,ocsp.digicert.com
2014-03-25 10:09:04,ocsp.digicert.com
2014-03-25 10:09:56,www.google.fr
2014-03-25 10:09:57,www.maisons-pour-la-science.org
2014-03-25 10:09:58,www.maisons-pour-la-science.org
2014-03-25 10:09:59,www.maisons-pour-la-science.org
2014-03-25 10:10:00,www.maisons-pour-la-science.org
2014-03-25 10:10:01,maps.googleapis.com
2014-03-25 10:10:01,www.maisons-pour-la-science.org
2014-03-25 10:10:34,apis.google.com
2014-03-25 10:12:43,www.google.com
2014-03-25 10:12:44,www.google.fr
2014-03-25 10:15:04,ocsp.thawte.com
2014-03-25 10:21:19,www.google.fr
2014-03-25 10:21:20,us.cdn3.123rf.com
2014-03-25 10:21:20,www.google.fr
2014-03-25 10:21:22,d3fqh47ho4rujh.cloudfront.net
2014-03-25 10:21:22,us.cdn4.123rf.com
2014-03-25 10:21:22,us.cdn2.123rf.com
2014-03-25 10:21:22,us.cdn3.123rf.com
2014-03-25 10:21:22,fr.123rf.com
2014-03-25 10:21:22,us.cdn1.123rf.com
2014-03-25 10:21:23,d3fqh47ho4rujh.cloudfront.net
2014-03-25 10:21:23,seal-chicago.bbb.org
2014-03-25 10:21:23,fr.123rf.com
2014-03-25 10:21:23,www.123rf.com
2014-03-25 10:21:23,www.google.fr
2014-03-25 10:21:23,us.cdn4.123rf.com
2014-03-25 10:21:35,www.google.fr
2014-03-25 10:21:37,thumbs.dreamstime.com
2014-03-25 10:21:37,fr.dreamstime.com
2014-03-25 10:21:37,www.facebook.com
2014-03-25 10:21:38,thumbs.dreamstime.com
2014-03-25 10:21:38,platform.twitter.com
2014-03-25 10:21:38,www.google.com
2014-03-25 10:21:38,www.google.fr
2014-03-25 10:21:38,dnn506yrbagrg.cloudfront.net
2014-03-25 10:21:38,fr.dreamstime.com
2014-03-25 10:21:53,www.google.fr
2014-03-25 10:21:54,fr.dreamstime.com
2014-03-25 10:21:54,thumbs.dreamstime.com
2014-03-25 10:21:54,www.facebook.com
2014-03-25 10:21:54,dnn506yrbagrg.cloudfront.net
2014-03-25 10:21:54,www.google.fr
2014-03-25 10:22:23,twitter.com
2014-03-25 10:22:24,fr.dreamstime.com
2014-03-25 10:22:24,www.google.fr
2014-03-25 10:22:24,thumbs.dreamstime.com
2014-03-25 10:22:25,www.google.fr
2014-03-25 10:22:25,thumbs.dreamstime.com
2014-03-25 10:22:25,www.facebook.com
2014-03-25 10:22:25,www.google.com
2014-03-25 10:22:25,fr.dreamstime.com
2014-03-25 10:22:26,www.google.fr
2014-03-25 10:22:38,www.google.fr
2014-03-25 10:22:39,www.pubzi.com
2014-03-25 10:22:40,www.pubzi.com
2014-03-25 10:22:40,code.jquery.com
2014-03-25 10:22:41,www.pubzi.com
2014-03-25 10:22:41,www.google.com
2014-03-25 10:22:41,www.google.fr
2014-03-25 10:22:42,www.google.com
2014-03-25 10:22:42,clients1.google.com
2014-03-25 10:22:55,twitter.com
2014-03-25 10:23:54,www.google.fr
2014-03-25 10:23:55,www.pubzi.com
2014-03-25 10:23:55,www.google.fr
2014-03-25 10:23:56,www.google.com
2014-03-25 10:24:00,www.google.fr
2014-03-25 10:24:01,fr.dreamstime.com
2014-03-25 10:24:01,thumbs.dreamstime.com
2014-03-25 10:24:01,www.facebook.com
2014-03-25 10:24:02,www.google.fr
2014-03-25 10:24:02,fr.dreamstime.com
2014-03-25 10:24:02,www.google.com
2014-03-25 10:24:02,thumbs.dreamstime.com
2014-03-25 10:24:10,www.google.fr
2014-03-25 10:24:11,www.google.com
2014-03-25 10:24:11,www.facebook.com
2014-03-25 10:24:11,fr.dreamstime.com
2014-03-25 10:24:11,thumbs.dreamstime.com
2014-03-25 10:24:12,www.google.fr
2014-03-25 10:24:33,ajax.googleapis.com
2014-03-25 10:24:34,accounts.google.com
2014-03-25 10:24:41,twitter.com
2014-03-25 10:24:45,clients1.google.fr
2014-03-25 10:27:05,www.google.fr
2014-03-25 10:27:06,apis.google.com
2014-03-25 10:33:46,fr.dreamstime.com
2014-03-25 10:33:47,fr.dreamstime.com
2014-03-25 10:33:49,www.google.fr
2014-03-25 10:33:50,fr.dreamstime.com
2014-03-25 10:33:50,www.google.fr
2014-03-25 10:36:03,safebrowsing.clients.google.com
2014-03-25 10:36:03,safebrowsing-cache.google.com
2014-03-25 10:36:48,www.google.fr
2014-03-25 10:42:25,www.google.fr
2014-03-25 10:42:25,tpe-lacuisine-moleculaire.e-monsite.com
2014-03-25 10:42:25,static.e-monsite.com
2014-03-25 10:42:26,shea.swelen.com
2014-03-25 10:42:26,i1.ytimg.com
2014-03-25 10:42:26,tpe-lacuisine-moleculaire.e-monsite.com
2014-03-25 10:42:26,lewebpedagogique.com
2014-03-25 10:42:26,static.e-monsite.com
2014-03-25 10:43:10,www.squid-cache.org
2014-03-25 10:43:29,imagesup.org
2014-03-25 10:43:30,nb-commons.storage.googleapis.com
2014-03-25 10:43:30,tracking.veoxa.com
2014-03-25 10:43:30,banniere.reussissonsensemble.fr
2014-03-25 10:43:30,urpix.fr
2014-03-25 10:43:31,rapidssl-ocsp.geotrust.com
2014-03-25 10:43:31,www.google.fr
2014-03-25 10:43:31,boutique-online.orange.fr
2014-03-25 10:44:07,www.google.fr
2014-03-25 10:44:07,sitecon.free.fr
2014-03-25 10:44:17,www.google.fr
2014-03-25 10:44:18,www.informatique-pour-debutant.com
2014-03-25 10:44:19,www.informatique-pour-debutant.com
2014-03-25 10:44:20,informatique-pour-debutant.com
2014-03-25 10:44:20,www.google.fr
2014-03-25 10:44:20,yarpp.org
2014-03-25 10:44:20,forms.aweber.com
2014-03-25 10:44:20,dtym7iokkjlif.cloudfront.net
2014-03-25 10:44:20,www.informatique-pour-debutant.com
2014-03-25 10:44:21,www.informatique-pour-debutant.com
2014-03-25 10:44:22,www.google.fr
2014-03-25 10:44:23,www.informatique-pour-debutant.com
2014-03-25 10:44:23,dtym7iokkjlif.cloudfront.net
2014-03-25 10:44:23,forms.aweber.com
2014-03-25 10:44:23,ajax.googleapis.com
2014-03-25 10:44:23,informatique-pour-debutant.com
2014-03-25 10:44:23,yarpp.org
2014-03-25 10:44:24,dsms0mj1bbhn4.cloudfront.net
2014-03-25 10:44:24,dtym7iokkjlif.cloudfront.net
2014-03-25 10:44:24,www.informatique-pour-debutant.com
2014-03-25 10:44:24,forms.aweber.com
2014-03-25 10:44:25,rapidssl-ocsp.geotrust.com
2014-03-25 10:44:25,feeds.delicious.com
2014-03-25 10:44:27,www.informatique-pour-debutant.com
2014-03-25 10:44:28,www.informatique-pour-debutant.com
2014-03-25 10:44:29,www.informatique-pour-debutant.com
2014-03-25 10:45:23,www.google.fr
2014-03-25 10:45:24,www.cyclotourisme-grenoble-ctg.fr
2014-03-25 10:45:25,platform.twitter.com
2014-03-25 10:45:25,www.cyclotourisme-grenoble-ctg.fr
2014-03-25 10:45:25,static.ak.facebook.com
2014-03-25 10:45:25,connect.facebook.net
2014-03-25 10:45:26,s-static.ak.facebook.com
2014-03-25 10:45:26,www.cyclotourisme-grenoble-ctg.fr
2014-03-25 10:45:27,www.facebook.com
2014-03-25 10:45:27,www.cyclotourisme-grenoble-ctg.fr
2014-03-25 10:45:33,www.google.fr
2014-03-25 10:45:33,us.123rf.com
2014-03-25 10:45:35,d3fqh47ho4rujh.cloudfront.net
2014-03-25 10:45:35,us.cdn3.123rf.com
2014-03-25 10:45:35,us.cdn1.123rf.com
2014-03-25 10:45:35,fr.123rf.com
2014-03-25 10:45:39,www.google.fr
2014-03-25 10:45:40,img2.wikia.nocookie.net
2014-03-25 10:45:40,img4.wikia.nocookie.net
2014-03-25 10:45:40,images1.wikia.nocookie.net
2014-03-25 10:45:40,slot1.images4.wikia.nocookie.net
2014-03-25 10:45:40,slot1.images1.wikia.nocookie.net
2014-03-25 10:45:40,slot1.images.wikia.nocookie.net
2014-03-25 10:45:40,slot1.images2.wikia.nocookie.net
2014-03-25 10:45:40,desencyclopedie.wikia.com
2014-03-25 10:45:41,images2.wikia.nocookie.net
2014-03-25 10:45:41,slot1.images4.wikia.nocookie.net
2014-03-25 10:45:41,desencyclopedie.wikia.com
2014-03-25 10:45:41,slot1.images.wikia.nocookie.net
2014-03-25 10:45:41,images1.wikia.nocookie.net
2014-03-25 10:45:41,static3.wikia.nocookie.net
2014-03-25 10:45:44,img4.wikia.nocookie.net
2014-03-25 10:45:51,www.google.fr
2014-03-25 10:45:52,astronomienfolie.free.fr
2014-03-25 10:45:56,twitter.com
2014-03-25 10:46:15,www.google.com
2014-03-25 10:47:31,clients1.google.fr
2014-03-25 10:48:22,apis.google.com
2014-03-25 10:48:23,accounts.google.com
2014-03-25 10:48:47,www.google.fr
2014-03-25 11:07:33,safebrowsing-cache.google.com
2014-03-25 11:07:33,safebrowsing.clients.google.com
2014-03-25 11:10:52,www.google.com
2014-03-25 11:10:59,clients1.google.com
2014-03-25 11:10:59,gtglobal-ocsp.geotrust.com
2014-03-25 11:11:12,www.facebook.com
2014-03-25 11:11:12,platform.twitter.com
2014-03-25 11:11:12,www.google.fr
2014-03-25 11:11:12,www.commentcamarche.net
2014-03-25 11:11:12,static.ccm2.net
2014-03-25 11:11:12,r.ccmbg.com
2014-03-25 11:11:12,ba.commentcamarche.net
2014-03-25 11:11:13,static.ccm2.net
2014-03-25 11:11:13,ba.commentcamarche.net
2014-03-25 11:11:13,clients1.google.com
2014-03-25 11:11:14,platform.twitter.com
2014-03-25 11:11:14,www.facebook.com
2014-03-25 11:11:14,static.ccm2.net
2014-03-25 11:11:14,static.ccmbg.com
2014-03-25 11:11:14,its.tradelab.fr
2014-03-25 11:11:14,s-static.ak.facebook.com
2014-03-25 11:11:14,loadr.exelator.com
2014-03-25 11:11:14,connect.facebook.net
2014-03-25 11:11:14,static.ak.facebook.com
2014-03-25 11:11:14,ba.commentcamarche.net
2014-03-25 11:11:15,static.ccmbg.com
2014-03-25 11:11:15,www.facebook.com
2014-03-25 11:11:15,static.ccm2.net
2014-03-25 11:11:15,gtssl-ocsp.geotrust.com
2014-03-25 11:11:16,www.commentcamarche.net
2014-03-25 11:11:16,www.facebook.com
2014-03-25 11:11:45,twitter.com
2014-03-25 11:13:55,www.google.com
2014-03-25 11:13:57,www.google.fr
2014-03-25 11:14:09,ajax.googleapis.com
2014-03-25 11:23:47,www.google.fr
2014-03-25 11:30:26,ocsp.tcs.terena.org
2014-03-25 11:30:27,ocsp.usertrust.com
2014-03-25 11:30:27,ocsp.tcs.terena.org
2014-03-25 11:30:36,www.google.fr
2014-03-27 14:03:01,go.microsoft.com
2014-03-27 14:03:02,res1.windows.microsoft.com
2014-03-27 14:03:02,res2.windows.microsoft.com
2014-03-27 14:03:02,windows.microsoft.com
2014-03-27 14:03:03,ajax.microsoft.com
2014-03-27 14:03:03,windows.microsoft.com
2014-03-27 14:03:03,res1.windows.microsoft.com
2014-03-27 14:03:03,js.microsoft.com
2014-03-27 14:03:03,res2.windows.microsoft.com
2014-03-27 14:03:04,res2.windows.microsoft.com
2014-03-27 14:03:05,windows.microsoft.com
2014-03-27 14:03:05,res2.windows.microsoft.com
2014-03-27 14:03:06,res1.windows.microsoft.com
2014-03-27 14:03:06,www.bing.com
2014-03-27 14:03:07,res1.windows.microsoft.com
2014-03-27 14:03:07,js.microsoft.com
2014-03-27 14:03:23,api.bing.com
2014-03-27 14:03:24,api.bing.com
2014-03-27 14:03:30,www.bing.com
2014-03-27 14:03:31,www.bing.com
2014-03-27 14:03:32,www.bing.com
2014-03-27 14:03:32,cms.abmr.net
2014-03-27 14:03:46,www.bing.com
2014-03-27 14:03:47,www.bing.com
2014-03-27 14:05:00,ieonline.microsoft.com
2014-03-27 14:05:00,go.microsoft.com
2014-03-27 14:12:03,api.bing.com
2014-03-27 14:12:04,api.bing.com
2014-03-27 14:12:05,api.bing.com
2014-03-27 14:12:07,api.bing.com
2014-03-27 14:12:09,api.bing.com
2014-03-27 14:12:10,api.bing.com
2014-03-27 14:12:11,api.bing.com
2014-03-27 14:12:12,api.bing.com
2014-03-27 14:12:13,api.bing.com
2014-03-27 14:12:14,api.bing.com
2014-03-27 14:12:15,www.bing.com
2014-03-27 14:12:16,www.bing.com
2014-03-27 14:13:41,www.bing.com
2014-03-27 14:13:43,www.fao.org
2014-03-27 14:13:44,www.fao.org
2014-03-27 14:14:16,www.bing.com
2014-03-27 14:16:16,www.bing.com
2014-03-27 14:16:17,www.bing.com
2014-03-27 14:16:18,login.live.com
2014-03-27 14:16:26,www.bing.com
2014-03-27 14:17:41,ssl.bing.com
2014-03-27 14:17:41,www.bing.com
2014-03-27 14:17:46,api.bing.com
2014-03-27 14:17:47,api.bing.com
2014-03-27 14:17:48,api.bing.com
2014-03-27 14:17:49,api.bing.com
2014-03-27 14:17:51,www.bing.com
2014-03-27 14:17:55,bits.wikimedia.org
2014-03-27 14:17:55,fr.wikipedia.org
2014-03-27 14:17:55,www.bing.com
2014-03-27 14:17:56,bits.wikimedia.org
2014-03-27 14:17:56,login.wikimedia.org
2014-03-27 14:17:57,meta.wikimedia.org
2014-03-27 14:17:57,bits.wikimedia.org
2014-03-27 14:17:57,fr.wikipedia.org
2014-03-27 14:17:58,bits.wikimedia.org
2014-03-27 14:19:02,fr.wikipedia.org
2014-03-27 14:19:02,bits.wikimedia.org
2014-03-27 14:19:03,fr.wikipedia.org
2014-03-27 14:19:03,bits.wikimedia.org
2014-03-27 14:19:03,meta.wikimedia.org
2014-03-27 14:21:57,www.fao.org
2014-03-27 14:21:58,www.fao.org
2014-03-27 14:22:17,www.fao.org
2014-03-27 14:22:30,www.fao.org
2014-03-27 14:22:31,www.fao.org
2014-03-27 14:22:35,www.fao.org
2014-03-27 14:27:57,bits.wikimedia.org
2014-03-27 14:27:57,fr.wikipedia.org
2014-03-27 14:27:58,fr.wikipedia.org
2014-03-27 14:27:58,meta.wikimedia.org
2014-03-27 14:29:15,fr.wikipedia.org
2014-03-27 14:29:15,bits.wikimedia.org
2014-03-27 14:29:16,meta.wikimedia.org
2014-03-27 14:29:16,fr.wikipedia.org
2014-03-27 14:39:32,api.bing.com
2014-03-27 14:39:33,api.bing.com
2014-03-27 14:39:35,api.bing.com
2014-03-27 14:39:37,api.bing.com
2014-03-27 14:39:38,api.bing.com
2014-03-27 14:39:39,api.bing.com
2014-03-27 14:39:40,api.bing.com
2014-03-27 14:39:41,api.bing.com
2014-03-27 14:39:42,www.bing.com
2014-03-27 14:39:57,www.larousse.fr
2014-03-27 14:39:57,www.bing.com
2014-03-27 14:39:58,www.larousse.fr
2014-03-27 14:39:58,connect.facebook.net
2014-03-27 14:39:59,www.facebook.com
2014-03-27 14:39:59,www.aldaniti.net
2014-03-27 14:39:59,static.ak.facebook.com
2014-03-27 14:39:59,www.larousse.fr
2014-03-27 14:39:59,s-static.ak.facebook.com
2014-03-27 14:39:59,apis.google.com
2014-03-27 14:40:01,www.facebook.com
2014-03-27 14:40:02,platform.twitter.com
2014-03-27 14:40:02,x2.vindicosuite.com
2014-03-27 14:40:02,www.facebook.com
2014-03-27 14:40:02,apis.google.com
2014-03-27 14:40:03,apis.google.com
2014-03-27 14:40:03,www.facebook.com
2014-03-27 14:40:04,apis.google.com
2014-03-27 14:40:05,b12.myspace.com
2014-03-27 14:40:05,apis.google.com
2014-03-27 14:40:05,twitter.com
2014-03-27 14:40:05,accounts.google.com
2014-03-27 14:40:06,platform.twitter.com
2014-03-27 14:40:07,platform.twitter.com
2014-03-27 14:40:08,twitter.com
2014-03-27 14:40:08,platform.twitter.com
2014-03-27 14:40:09,apis.google.com
2014-03-27 14:40:09,ksvzyt5fp1.s.ad6media.fr
2014-03-27 14:40:10,platform.twitter.com
2014-03-27 14:40:10,accounts.google.com
2014-03-27 14:40:11,fpdownload2.macromedia.com
2014-03-27 14:40:11,b12.myspace.com
2014-03-27 14:40:11,www.google.com
2014-03-27 14:40:17,www.aldaniti.net
2014-03-27 14:40:18,apis.google.com
2014-03-27 14:40:18,pbs.twimg.com
2014-03-27 14:40:18,www.fao.org
2014-03-27 14:40:19,www.fao.org
2014-03-27 14:58:21,www.fao.org
2014-03-27 14:58:22,www.fao.org
2014-03-27 14:58:25,www.fao.org
2014-03-27 14:58:26,www.fao.org
2014-03-27 15:01:37,api.bing.com
2014-03-27 15:01:38,api.bing.com
2014-03-27 15:01:39,api.bing.com
2014-03-27 15:01:40,api.bing.com
2014-03-27 15:01:41,api.bing.com
2014-03-27 15:01:42,api.bing.com
2014-03-27 15:01:43,api.bing.com
2014-03-27 15:01:44,www.bing.com
2014-03-27 15:01:45,www.bing.com
2014-03-27 15:01:46,www.bing.com
2014-03-27 15:01:47,ts2.mm.bing.net
2014-03-27 15:01:47,ts3.mm.bing.net
2014-03-27 15:01:47,ts4.mm.bing.net
2014-03-27 15:01:47,ts1.mm.bing.net
2014-03-27 15:01:47,www.bing.com
2014-03-27 15:01:48,ts1.mm.bing.net
2014-03-27 15:01:48,www.bing.com
2014-03-27 15:01:48,ts4.mm.bing.net
2014-03-27 15:01:48,ts2.mm.bing.net
2014-03-27 15:01:48,ts3.mm.bing.net
2014-03-27 15:01:49,ts3.mm.bing.net
2014-03-27 15:01:49,ts4.mm.bing.net
2014-03-27 15:01:49,ts1.mm.bing.net
2014-03-27 15:01:49,ts2.mm.bing.net
2014-03-27 15:01:49,api.bing.com
2014-03-27 15:01:50,ts4.mm.bing.net
2014-03-27 15:01:50,ts3.mm.bing.net
2014-03-27 15:01:50,www.bing.com
2014-03-27 15:01:50,ts1.mm.bing.net
2014-03-27 15:01:51,www.bing.com
2014-03-27 15:01:51,login.live.com
2014-03-27 15:01:54,ts1.mm.bing.net
2014-03-27 15:01:54,www.bing.com
2014-03-27 15:01:55,ts1.mm.bing.net
2014-03-27 15:02:00,ts2.mm.bing.net
2014-03-27 15:02:00,www.bing.com
2014-03-27 15:02:00,ssl.bing.com
2014-03-27 15:02:01,www.bing.com
2014-03-27 15:02:01,ts1.mm.bing.net
2014-03-27 15:02:01,ts4.mm.bing.net
2014-03-27 15:02:01,ts3.mm.bing.net
2014-03-27 15:02:01,ts2.mm.bing.net
2014-03-27 15:02:02,ts2.mm.bing.net
2014-03-27 15:02:02,ts4.mm.bing.net
2014-03-27 15:02:02,ts3.mm.bing.net
2014-03-27 15:02:02,ts1.mm.bing.net
2014-03-27 15:02:02,api.bing.com
2014-03-27 15:02:03,ts4.mm.bing.net
2014-03-27 15:02:03,ts1.mm.bing.net
2014-03-27 15:02:03,ts3.mm.bing.net
2014-03-27 15:02:03,ts2.mm.bing.net
2014-03-27 15:02:03,www.bing.com
2014-03-27 15:02:04,ts1.mm.bing.net
2014-03-27 15:02:04,ts2.mm.bing.net
2014-03-27 15:02:04,login.live.com
2014-03-27 15:02:04,www.bing.com
2014-03-27 15:02:04,www.clg-arausio.ac-aix-marseille.fr
2014-03-27 15:02:07,www.bing.com
2014-03-27 15:02:07,www.articque.com
2014-03-27 15:02:07,ssl.bing.com
2014-03-27 15:02:08,ts1.mm.bing.net
2014-03-27 15:02:08,www.agenceecofin.com
2014-03-27 15:02:08,www.bing.com
2014-03-27 15:02:08,www.psychoenfants.fr
2014-03-27 15:02:08,www.economiesolidaire.com
2014-03-27 15:02:08,www.fao.org
2014-03-27 15:02:08,2.bp.blogspot.com
2014-03-27 15:02:09,malnutrition.tpe.free.fr
2014-03-27 15:02:09,www.bing.com
2014-03-27 15:02:27,api.bing.com
2014-03-27 15:02:28,api.bing.com
2014-03-27 15:02:29,api.bing.com
2014-03-27 15:02:30,api.bing.com
2014-03-27 15:02:32,api.bing.com
2014-03-27 15:02:33,www.bing.com
2014-03-27 15:02:34,www.bing.com
2014-03-27 15:02:35,ts2.mm.bing.net
2014-03-27 15:02:35,ts1.mm.bing.net
2014-03-27 15:02:35,ts3.mm.bing.net
2014-03-27 15:02:35,ts4.mm.bing.net
2014-03-27 15:02:35,www.bing.com
2014-03-27 15:02:36,www.bing.com
2014-03-27 15:02:36,api.bing.com
2014-03-27 15:02:37,www.bing.com
2014-03-27 15:02:37,ts1.mm.bing.net
2014-03-27 15:02:38,www.bing.com
2014-03-27 15:02:38,ts1.mm.bing.net
2014-03-27 15:02:39,login.live.com
2014-03-27 15:02:41,ts1.mm.bing.net
2014-03-27 15:02:41,www.bing.com
2014-03-27 15:02:42,www.bing.com
2014-03-27 15:02:42,ts1.mm.bing.net
2014-03-27 15:02:42,ts4.mm.bing.net
2014-03-27 15:02:42,www.fao.org
2014-03-27 15:02:43,ssl.bing.com
2014-03-27 15:02:43,www.fao.org
2014-03-27 15:02:43,www.medespace.fr
2014-03-27 15:02:44,www.passeportsante.net
2014-03-27 15:02:44,www.legeneraliste.com
2014-03-27 15:02:44,www.femina.ch
2014-03-27 15:02:44,ts1.mm.bing.net
2014-03-27 15:02:44,titan.medhyg.ch
2014-03-27 15:02:45,www.sante-dz.com
2014-03-27 15:02:45,www.meanomadis.com
2014-03-27 15:02:46,www.bing.com
2014-03-27 15:02:47,www.bing.com
2014-03-27 15:02:50,ts1.mm.bing.net
2014-03-27 15:03:02,www.bing.com
2014-03-27 15:03:04,www.bing.com
2014-03-27 15:03:05,www.bing.com
2014-03-27 15:03:06,www.bing.com
2014-03-27 15:03:06,ts1.mm.bing.net
2014-03-27 15:03:09,www.bing.com
2014-03-27 15:03:11,www.bing.com
2014-03-27 15:03:12,www.fao.org
2014-03-27 15:03:13,www.fao.org
2014-03-27 15:16:08,api.bing.com
2014-03-27 15:16:09,api.bing.com
2014-03-27 15:16:10,api.bing.com
2014-03-27 15:16:11,api.bing.com
2014-03-27 15:16:12,api.bing.com
2014-03-27 15:16:14,api.bing.com
2014-03-27 15:16:16,www.bing.com
2014-03-27 15:16:16,api.bing.com
2014-03-27 15:16:17,www.bing.com
2014-03-27 15:16:26,www.bing.com
2014-03-27 15:16:27,www.muehlenchemie.de
2014-03-27 15:16:29,www.bing.com
2014-03-27 15:16:29,www.who.int
2014-03-27 15:18:17,www.who.int
2014-03-27 15:18:24,www.who.int
2014-03-27 15:20:19,login.live.com
2014-03-27 15:20:27,www.bing.com
2014-03-27 15:21:35,ssl.bing.com
2014-03-27 15:21:35,www.bing.com
2014-03-27 15:22:25,www.bing.com
2014-03-27 15:30:19,api.bing.com
2014-03-27 15:30:20,api.bing.com
2014-03-27 15:30:21,api.bing.com
2014-03-27 15:30:23,api.bing.com
2014-03-27 15:30:25,api.bing.com
2014-03-27 15:30:26,api.bing.com
2014-03-27 15:30:28,api.bing.com
2014-03-27 15:30:30,api.bing.com
2014-03-27 15:30:31,api.bing.com
2014-03-27 15:30:32,www.bing.com
2014-03-27 15:30:33,www.bing.com
2014-03-27 15:30:55,www.bing.com
2014-03-27 15:30:56,www.ncbi.nlm.nih.gov
2014-03-27 15:30:56,static.pubmed.gov
2014-03-27 15:30:57,static.pubmed.gov
2014-03-27 15:30:58,www.ncbi.nlm.nih.gov
2014-03-27 15:30:58,static.pubmed.gov
2014-03-27 15:30:59,www.ncbi.nlm.nih.gov
2014-03-27 15:30:59,static.pubmed.gov
2014-03-27 15:31:05,static.pubmed.gov
2014-03-27 15:34:32,api.bing.com
2014-03-27 15:34:33,www.google.fr
2014-03-27 15:34:36,www.google.fr
2014-03-27 15:34:39,apis.google.com
2014-03-27 15:34:39,www.google.com
2014-03-27 15:34:42,translate.google.fr
2014-03-27 15:35:34,translate.google.fr
2014-03-27 15:36:33,apis.google.com
2014-03-27 15:36:33,www.google.fr
2014-03-27 15:36:33,www.google.com
2014-03-27 15:36:33,translate.google.fr
2014-03-27 15:47:52,api.bing.com
2014-03-27 15:47:54,api.bing.com
2014-03-27 15:47:56,www.bing.com
2014-03-27 15:48:02,www.bing.com
2014-03-27 15:48:06,www.bing.com
2014-03-27 15:48:28,www.bing.com
2014-03-27 15:48:29,www.bing.com
2014-03-27 15:48:31,tuhsphysics.ttsd.k12.or.us
2014-03-27 15:48:31,login.live.com
2014-03-27 15:48:32,tuhsphysics.ttsd.k12.or.us
2014-03-27 15:51:26,translate.google.fr
2014-03-27 15:55:33,api.bing.com
2014-04-04 15:43:10,gtglobal-ocsp.geotrust.com
2014-04-04 15:43:10,clients1.google.com
2014-04-04 15:43:10,www.google.com
2014-04-04 15:43:11,clients1.google.com
2014-04-04 15:43:13,www.google.fr
2014-04-04 15:43:13,clients1.google.com
2014-04-04 15:43:13,ocsp.tcs.terena.org
2014-04-04 15:43:14,clients1.google.com
2014-04-04 15:43:14,ocsp.usertrust.com
2014-04-04 15:43:14,ocsp.tcs.terena.org
2014-04-04 15:44:09,gtssl-ocsp.geotrust.com
2014-04-04 15:44:51,safebrowsing-cache.google.com
2014-04-04 15:44:51,safebrowsing.clients.google.com
2014-04-04 15:44:52,safebrowsing-cache.google.com
2014-04-04 15:45:01,emulsion.over-blog.com
2014-04-04 15:45:02,a395.idata.over-blog.com
2014-04-04 15:45:02,a392.idata.over-blog.com
2014-04-04 15:45:02,a142.idata.over-blog.com
2014-04-04 15:45:02,yui.yahooapis.com
2014-04-04 15:45:02,a141.idata.over-blog.com
2014-04-04 15:45:02,img.over-blog.com
2014-04-04 15:45:02,emulsion.over-blog.com
2014-04-04 15:45:02,a54.idata.over-blog.com
2014-04-04 15:45:02,fdata.over-blog.net
2014-04-04 15:45:02,a407.idata.over-blog.com
2014-04-04 15:45:02,a136.idata.over-blog.com
2014-04-04 15:45:02,www.anonymousdmp.com
2014-04-04 15:45:02,a404.idata.over-blog.com
2014-04-04 15:45:02,a406.idata.over-blog.com
2014-04-04 15:45:02,a405.idata.over-blog.com
2014-04-04 15:45:02,a402.idata.over-blog.com
2014-04-04 15:45:02,a401.idata.over-blog.com
2014-04-04 15:45:02,a398.idata.over-blog.com
2014-04-04 15:45:02,www.audienceinsights.net
2014-04-04 15:45:02,sync.uuidcshmg.com
2014-04-04 15:45:02,a133.idata.over-blog.com
2014-04-04 15:45:03,fdata.over-blog.net
2014-04-04 15:45:03,emulsion.over-blog.com
2014-04-04 15:45:03,www.dailymotion.com
2014-04-04 15:45:03,fpdownload2.macromedia.com
2014-04-04 15:45:04,connect.facebook.net
2014-04-04 15:45:04,fdata.over-blog.net
2014-04-04 15:45:04,vyt3l67i3p.s.ad6media.fr
2014-04-04 15:45:04,mm.eulerian.net
2014-04-04 15:45:04,it3yv1v73b.s.ad6media.fr
2014-04-04 15:45:04,platform.twitter.com
2014-04-04 15:45:04,platform.linkedin.com
2014-04-04 15:45:05,static.ak.facebook.com
2014-04-04 15:45:05,platform.linkedin.com
2014-04-04 15:45:05,platform.twitter.com
2014-04-04 15:45:07,www.facebook.com
2014-04-04 15:45:08,www.facebook.com
2014-04-04 15:45:09,www.facebook.com
2014-04-04 15:45:10,www.facebook.com
2014-04-04 15:45:12,s-static.ak.facebook.com
2014-04-04 15:45:12,www.facebook.com
2014-04-04 15:45:14,twitter.com
2014-04-04 15:45:14,www.facebook.com
2014-04-04 15:45:15,twitter.com
2014-04-04 15:45:15,s-static.ak.facebook.com
2014-04-04 15:45:15,www.facebook.com
2014-04-04 15:45:16,www.linkedin.com
2014-04-04 15:45:16,platform.twitter.com
2014-04-04 15:45:16,apis.google.com
2014-04-04 15:45:17,www.facebook.com
2014-04-04 15:45:17,twitter.com
2014-04-04 15:45:17,dps.bing.com
2014-04-04 15:45:18,www.facebook.com
2014-04-04 15:45:20,cm.adgrx.com
2014-04-04 15:45:21,adventori.com
2014-04-04 15:45:22,user-disp.tidaltv.com
2014-04-04 15:45:23,dtm.venus.com
2014-04-04 15:45:23,apnx-match.dotomi.com
2014-04-04 15:45:35,it3yv1v73b.s.ad6media.fr
2014-04-04 15:45:35,m.ad6media.fr
2014-04-04 15:45:35,tracking.s.ad6media.fr
2014-04-04 15:45:36,www.homair-villages.com
2014-04-04 15:45:36,ajax.googleapis.com
2014-04-04 15:45:36,homair-villages.com
2014-04-04 15:45:37,style2.ad6.fr
2014-04-04 15:45:37,www.google.com
2014-04-04 15:45:37,it3yv1v73b.s.ad6media.fr
2014-04-04 15:45:40,m.ad6media.fr
2014-04-04 15:46:07,apis.google.com
2014-04-04 15:46:08,www.google.com
2014-04-04 15:46:09,www.google.fr
2014-04-04 15:46:48,www.bing.com
2014-04-04 15:46:48,www.linkedin.com
2014-04-04 15:46:49,www.bing.com
2014-04-04 15:46:50,login.live.com
2014-04-04 15:46:50,www.bing.com
2014-04-04 15:46:50,cms.abmr.net
2014-04-04 15:46:51,ts2.mm.bing.net
2014-04-04 15:46:51,ts3.mm.bing.net
2014-04-04 15:46:51,ts1.mm.bing.net
2014-04-04 15:46:51,ts4.mm.bing.net
2014-04-04 15:46:51,www.bing.com
2014-04-04 15:46:52,www.bing.com
2014-04-04 15:46:52,ts4.mm.bing.net
2014-04-04 15:46:52,api.bing.com
2014-04-04 15:46:52,ts3.mm.bing.net
2014-04-04 15:46:52,ts1.mm.bing.net
2014-04-04 15:46:52,ts2.mm.bing.net
2014-04-04 15:46:53,ts1.mm.bing.net
2014-04-04 15:46:53,www.bing.com
2014-04-04 15:46:53,ts2.mm.bing.net
2014-04-04 15:46:53,ts3.mm.bing.net
2014-04-04 15:46:54,ts1.mm.bing.net
2014-04-04 15:46:54,www.bing.com
2014-04-04 15:46:55,ts1.mm.bing.net
2014-04-04 15:46:55,www.bing.com
2014-04-04 15:46:56,www.bing.com
2014-04-04 15:46:56,ts1.mm.bing.net
2014-04-04 15:46:57,ts1.mm.bing.net
2014-04-04 15:46:57,www.bing.com
2014-04-04 15:46:58,ts1.mm.bing.net
2014-04-04 15:46:58,www.bing.com
2014-04-04 15:46:59,www.bing.com
2014-04-04 15:47:01,www.bing.com
2014-04-04 15:47:01,ts1.mm.bing.net
2014-04-04 15:47:01,login.live.com
2014-04-04 15:47:10,www.bing.com
2014-04-04 15:47:10,ts1.mm.bing.net
2014-04-04 15:47:10,ssl.bing.com
2014-04-04 15:47:11,www.bing.com
2014-04-04 15:47:11,ts2.mm.bing.net
2014-04-04 15:47:11,ts1.mm.bing.net
2014-04-04 15:47:11,www.cegep-ste-foy.qc.ca
2014-04-04 15:47:12,www.personal.psu.edu
2014-04-04 15:47:12,ts1.mm.bing.net
2014-04-04 15:47:12,s3.amazonaws.com
2014-04-04 15:47:12,www.bettycjung.net
2014-04-04 15:47:13,www.ihcbesthealth.com
2014-04-04 15:47:13,www.natural-homeremedies.org
2014-04-04 15:47:13,www.brooklyn.cuny.edu
2014-04-04 15:47:13,healthyomega3.com
2014-04-04 15:47:13,www.phyzio.com
2014-04-04 15:47:13,www.indiana.edu
2014-04-04 15:47:13,www.bing.com
2014-04-04 15:47:16,www.bing.com
2014-04-04 15:47:16,www.cegep-ste-foy.qc.ca
2014-04-04 15:47:46,sb-ssl.google.com
2014-04-04 15:48:13,ieonline.microsoft.com
2014-04-04 15:49:07,ocsp.thawte.com
2014-04-04 17:06:23,clients1.google.com
2014-04-04 17:06:23,ocsp.tcs.terena.org
2014-04-04 17:06:23,gtglobal-ocsp.geotrust.com
2014-04-04 17:06:23,ocsp.usertrust.com
2014-04-04 17:06:24,clients1.google.com
2014-04-04 17:07:14,gtssl-ocsp.geotrust.com
2014-04-04 17:10:53,safebrowsing.clients.google.com
2014-04-04 17:10:53,clients1.google.com
2014-04-04 17:10:54,safebrowsing-cache.google.com
2014-04-04 17:11:52,clients1.google.com
2014-04-04 17:12:12,ocsp.thawte.com
2014-04-04 17:12:31,www.google.fr
2014-04-04 17:12:31,fr.wikipedia.org
2014-04-04 17:12:31,bits.wikimedia.org
2014-04-04 17:12:31,login.wikimedia.org
2014-04-04 17:12:31,meta.wikimedia.org
2014-04-04 17:12:35,www.google.fr
2014-04-04 17:12:35,www.lano.asso.fr
2014-04-04 17:12:53,www.lano.asso.fr
2014-04-04 17:13:29,www.ineris.fr
2014-04-04 17:13:29,www.google.fr
2014-04-04 17:13:48,sb-ssl.google.com
2014-04-04 17:14:12,ocsp.verisign.com
2014-04-04 17:15:21,www.google.com
2014-04-04 17:15:22,apis.google.com
2014-04-04 17:15:27,www.google.fr
2014-04-04 17:15:28,meta.wikimedia.org
2014-04-04 17:15:28,fr.wikipedia.org
2014-04-04 17:15:28,bits.wikimedia.org
2014-04-04 17:16:12,ocsp.digicert.com
2014-04-04 17:16:33,www.google.fr
2014-04-04 17:16:34,www.integrativepractitioner.com
2014-04-04 17:16:35,www.integrativepractitioner.com
2014-04-04 17:16:35,oascentral.integrativepractitioner.com
2014-04-04 17:16:36,www.integrativepractitioner.com
2014-04-04 17:16:36,oascentral.integrativepractitioner.com
2014-04-04 17:16:36,www.youtube.com
2014-04-04 17:16:36,integrativepractitioner.disqus.com
2014-04-04 17:16:36,disqus.com
2014-04-04 17:16:36,go.disqus.com
2014-04-04 17:16:37,disqus.com
2014-04-04 17:16:38,disqus.com
2014-04-04 17:16:38,www.integrativepractitioner.com
2014-04-04 17:16:56,www.google.fr
2014-04-04 17:16:58,f.fontdeck.com
2014-04-04 17:16:59,code.jquery.com
2014-04-04 17:16:59,f.fontdeck.com
2014-04-04 17:17:00,s3-eu-west-1.amazonaws.com
2014-04-04 17:17:00,crossmark.crossref.org
2014-04-04 17:17:01,s3-eu-west-1.amazonaws.com
2014-04-04 17:17:21,www.google.com
2014-04-04 17:17:21,patentimages.storage.googleapis.com
2014-04-04 17:17:21,www.google.fr
2014-04-04 17:17:27,www.google.com
2014-04-04 17:17:27,translate.google.com
2014-04-04 17:17:28,www.google.com
2014-04-04 17:17:28,patentimages.storage.googleapis.com
2014-04-04 17:17:29,translate.google.com
2014-04-04 17:17:32,translate.google.com
2014-04-04 17:19:26,clients1.google.fr
2014-04-04 17:19:39,www.google.fr
2014-04-04 17:19:43,www.bkherb.com
2014-04-04 17:19:44,www.bkherb.com
2014-04-04 17:19:46,icon.ajiang.net
2014-04-04 17:19:49,www.bkherb.com
2014-04-04 17:20:22,translate.googleapis.com
2014-04-04 17:20:55,www.bkherb.com
2014-04-04 17:21:00,www.chemicalregister.com
2014-04-04 17:21:00,www.google.fr
2014-04-04 17:21:01,connect.facebook.net
2014-04-04 17:21:01,www.google.com
2014-04-04 17:21:01,w.sharethis.com
2014-04-04 17:21:01,safebrowsing.clients.google.com
2014-04-04 17:21:01,www.chemicalregister.com
2014-04-04 17:21:01,edge.sharethis.com
2014-04-04 17:21:01,apis.google.com
2014-04-04 17:21:01,platform.twitter.com
2014-04-04 17:21:02,www.chemicalregister.com
2014-04-04 17:21:02,platform.twitter.com
2014-04-04 17:21:02,w.sharethis.com
2014-04-04 17:21:02,static.ak.facebook.com
2014-04-04 17:21:02,clients1.google.com
2014-04-04 17:21:03,evsecure-ocsp.verisign.com
2014-04-04 17:21:03,ocsp.verisign.com
2014-04-04 17:21:03,www.facebook.com
2014-04-04 17:21:04,platform.twitter.com
2014-04-04 17:21:08,www.chemicalregister.com
2014-04-04 17:21:09,www.facebook.com
2014-04-04 17:21:10,pubchem.ncbi.nlm.nih.gov
2014-04-04 17:21:11,pubchem.ncbi.nlm.nih.gov
2014-04-04 17:21:11,platform.twitter.com
2014-04-04 17:21:11,static.pubmed.gov
2014-04-04 17:21:12,pubchem.ncbi.nlm.nih.gov
2014-04-04 17:21:12,static.pubmed.gov
2014-04-04 17:21:13,static.pubmed.gov
2014-04-04 17:21:13,pubchem.ncbi.nlm.nih.gov
2014-04-04 17:21:14,pubchem.ncbi.nlm.nih.gov
2014-04-04 17:21:15,pubchem.ncbi.nlm.nih.gov
2014-04-04 17:21:16,pubchem.ncbi.nlm.nih.gov
2014-04-04 17:21:16,ajax.googleapis.com
2014-04-04 17:21:17,ajax.googleapis.com
2014-04-04 17:21:17,pubchem.ncbi.nlm.nih.gov
2014-04-04 17:21:18,pubchem.ncbi.nlm.nih.gov
2014-04-04 17:21:19,pubchem.ncbi.nlm.nih.gov
2014-04-04 17:21:22,pubchem.ncbi.nlm.nih.gov
2014-04-04 17:21:27,pubchem.ncbi.nlm.nih.gov
2014-04-04 17:21:39,twitter.com
2014-04-04 17:22:16,pubchem.ncbi.nlm.nih.gov
2014-04-04 17:22:29,www.google.com
2014-04-04 17:22:33,clients1.google.fr
2014-04-04 17:22:34,www.google.fr
2014-04-04 17:22:58,s-static.ak.facebook.com
2014-04-04 17:23:00,platform.twitter.com
2014-04-04 17:23:58,accounts.google.com
2014-04-04 17:24:04,apis.google.com
2014-04-04 17:24:09,www.facebook.com
2014-04-04 17:31:04,pubchem.ncbi.nlm.nih.gov
2014-04-04 17:40:07,safebrowsing.clients.google.com
2014-04-04 17:40:07,safebrowsing-cache.google.com
2014-04-04 17:53:43,www.google.fr
2014-04-04 17:53:43,www.israelactu.com
2014-04-04 17:53:47,www.israelactu.com
2014-04-04 17:56:30,www.google.com
2014-04-04 17:56:31,www.google.fr
2014-04-04 18:11:17,safebrowsing-cache.google.com
2014-04-04 18:11:17,safebrowsing.clients.google.com
2014-04-16 08:03:39,api.bing.com
2014-04-16 08:03:40,api.bing.com
2014-04-16 08:03:41,www.bing.com
2014-04-16 08:03:42,cms.abmr.net
2014-04-16 08:03:42,www.bing.com
2014-04-16 08:06:32,ieonline.microsoft.com
2014-04-23 09:13:12,sci.sciences.univ-bpclermont.fr
2014-04-23 09:13:13,ocsp.thawte.com
2014-04-23 09:13:47,sci.sciences.univ-bpclermont.fr
2014-04-23 09:14:24,o2i.univ-bpclermont.fr
2014-04-23 09:14:24,c2i.univ-bpclermont.fr
2014-04-23 09:15:05,o2i.univ-bpclermont.fr
2014-04-23 09:15:27,o2i.univ-bpclermont.fr
2014-04-23 09:15:49,o2i.univ-bpclermont.fr
2014-04-23 09:16:51,ieonline.microsoft.com
2014-04-23 09:38:54,o2i.univ-bpclermont.fr
2014-04-23 09:38:55,o2i.univ-bpclermont.fr
2014-04-23 09:39:00,o2i.univ-bpclermont.fr
2014-04-23 09:39:16,o2i.univ-bpclermont.fr
2014-04-23 09:39:16,c2i.univ-bpclermont.fr
