timestamp,site
2013-03-12 08:21:44,cnfg.toolbarservices.com
2013-03-12 08:21:45,www.squid-cache.org
2013-03-12 08:21:45,utils.delta-search.com
2013-03-12 08:21:52,www.google.fr
2013-03-12 08:21:53,www.google.fr
2013-03-12 08:21:53,www.google.com
2013-03-12 08:21:54,apis.google.com
2013-03-12 08:21:55,www.google.com
2013-03-12 08:21:59,maps.google.fr
2013-03-12 08:22:00,mts1.google.com
2013-03-12 08:22:00,www.google.com
2013-03-12 08:22:00,maps.google.fr
2013-03-12 08:22:00,apis.google.com
2013-03-12 08:22:00,mts0.google.com
2013-03-12 08:22:00,www.google.fr
2013-03-12 08:22:01,mts0.google.com
2013-03-12 08:22:01,mts1.google.com
2013-03-12 08:22:02,mts1.google.com
2013-03-12 08:22:02,mts0.google.com
2013-03-12 08:22:03,mts0.google.com
2013-03-12 08:22:04,mts0.google.com
2013-03-12 08:22:05,mts1.google.com
2013-03-12 08:22:36,mts0.google.com
2013-03-12 08:22:36,maps.google.fr
2013-03-12 08:22:36,mts1.google.com
2013-03-12 08:22:37,mts0.google.com
2013-03-12 08:22:37,mts1.google.com
2013-03-12 08:22:38,mts1.google.com
2013-03-12 08:22:38,mts0.google.com
2013-03-12 08:22:39,mts1.google.com
2013-03-12 08:22:39,maps.google.fr
2013-03-12 08:22:39,mts0.google.com
2013-03-12 08:23:29,dl.javafx.com
2013-03-12 08:24:36,go.microsoft.com
2013-03-12 08:24:36,ieonline.microsoft.com
2013-03-12 08:24:40,mts1.google.com
2013-03-12 08:24:40,mts0.google.com
2013-03-12 08:29:00,javadl-esd-secure.oracle.com
2013-03-12 08:37:17,mts1.google.com
2013-03-12 08:37:17,mts0.google.com
2013-03-12 08:37:18,mts0.google.com
2013-03-12 08:37:18,mts1.google.com
2013-03-12 08:37:26,mts1.google.com
2013-03-12 08:37:38,mts1.google.com
2013-03-12 08:37:40,mts1.google.com
2013-03-12 08:37:40,maps.google.fr
2013-03-12 08:37:40,mts0.google.com
2013-03-12 08:37:41,mts1.google.com
2013-03-12 08:37:41,mts0.google.com
2013-03-12 08:37:43,mts1.google.com
2013-03-12 08:37:43,maps.google.fr
2013-03-12 08:37:43,mts0.google.com
2013-03-12 08:37:46,maps.google.fr
2013-03-12 08:37:46,mts1.google.com
2013-03-12 08:37:46,mts0.google.com
2013-03-12 08:37:47,mts1.google.com
2013-03-12 08:37:47,mts0.google.com
2013-03-12 08:37:50,mts1.google.com
2013-03-12 08:37:50,maps.google.fr
2013-03-12 08:37:50,mts0.google.com
2013-03-12 08:37:51,mts0.google.com
2013-03-12 08:37:55,mts1.google.com
2013-03-12 08:37:55,mts0.google.com
2013-03-12 08:37:55,maps.google.fr
2013-03-12 08:37:56,mts0.google.com
2013-03-12 08:37:56,mts1.google.com
2013-03-12 08:38:06,mts0.google.com
2013-03-12 08:40:09,mts0.google.com
2013-03-12 08:40:09,mts1.google.com
2013-03-12 08:40:09,maps.google.fr
2013-03-12 08:41:53,javadl-esd-secure.oracle.com
2013-03-12 10:47:29,mts1.google.com
2013-03-12 10:47:29,mts0.google.com
2013-03-12 10:47:29,maps.google.fr
2013-03-12 10:47:30,mts0.google.com
2013-03-12 10:47:30,mts1.google.com
2013-03-12 10:47:32,khms1.google.fr
2013-03-12 10:47:32,khms0.google.fr
2013-03-12 10:47:33,khms0.google.fr
2013-03-12 10:47:33,khms1.google.fr
2013-03-12 10:47:33,mts1.google.com
2013-03-12 10:47:33,mts0.google.com
2013-03-12 10:47:34,mts1.google.com
2013-03-12 10:47:34,khms1.google.fr
2013-03-12 10:47:34,khms0.google.fr
2013-03-12 10:47:34,mts0.google.com
2013-03-12 10:47:35,khms1.google.fr
2013-03-12 10:47:35,mts1.google.com
2013-03-12 10:47:35,khms0.google.fr
2013-03-12 10:47:35,mts0.google.com
2013-03-12 10:47:36,mts0.google.com
2013-03-12 10:47:36,mts1.google.com
2013-03-12 10:47:37,khms1.google.fr
2013-03-12 10:47:37,mts0.google.com
2013-03-12 10:47:37,mts1.google.com
2013-03-12 10:47:38,mts1.google.com
2013-03-12 10:47:38,khms0.google.fr
2013-03-12 10:47:38,khms1.google.fr
2013-03-12 10:47:38,mts0.google.com
2013-03-12 10:47:39,khms0.google.fr
2013-03-12 10:47:39,mts1.google.com
2013-03-12 10:47:39,mts0.google.com
2013-03-12 10:47:39,khms1.google.fr
2013-03-12 10:47:40,mts0.google.com
2013-03-12 10:47:40,mts1.google.com
2013-03-12 10:47:41,khms0.google.fr
2013-03-12 10:47:41,khms1.google.fr
2013-03-12 10:47:41,mts1.google.com
2013-03-12 10:47:42,mts1.google.com
2013-03-12 10:47:42,mts0.google.com
2013-03-12 10:47:42,khms0.google.fr
2013-03-12 10:47:42,khms1.google.fr
2013-03-12 10:47:43,khms1.google.fr
2013-03-12 10:47:43,mts1.google.com
2013-03-12 10:47:43,mts0.google.com
2013-03-12 10:47:44,khms1.google.fr
2013-03-12 10:47:44,khms0.google.fr
2013-03-12 10:47:45,mts1.google.com
2013-03-12 10:47:45,mts0.google.com
2013-03-12 10:47:45,khms1.google.fr
2013-03-12 10:47:45,khms0.google.fr
2013-03-12 10:47:45,maps.google.fr
2013-03-12 10:47:46,mts0.google.com
2013-03-12 10:47:46,mts1.google.com
2013-03-12 10:47:47,khms1.google.fr
2013-03-12 10:47:47,mts1.google.com
2013-03-12 10:47:47,khms0.google.fr
2013-03-12 10:47:48,khms0.google.fr
2013-03-12 10:47:48,khms1.google.fr
2013-03-12 10:47:48,mts1.google.com
2013-03-12 10:47:48,mts0.google.com
2013-03-12 10:47:49,mts0.google.com
2013-03-12 10:47:49,maps.google.fr
2013-03-12 10:47:49,khms0.google.fr
2013-03-12 10:47:49,khms1.google.fr
2013-03-12 10:47:49,mts1.google.com
2013-03-12 10:47:50,mts0.google.com
2013-03-12 10:47:50,maps.google.fr
2013-03-12 10:47:50,mts1.google.com
2013-03-12 10:47:50,khms0.google.fr
2013-03-12 10:47:51,mts0.google.com
2013-03-12 10:47:51,khms1.google.fr
2013-03-12 10:47:51,khms0.google.fr
2013-03-12 10:47:51,mts1.google.com
2013-03-12 10:47:53,maps.google.fr
2013-03-12 10:47:53,mts0.google.com
2013-03-12 10:47:53,khms1.google.fr
2013-03-12 10:47:53,khms0.google.fr
2013-03-12 10:47:54,khms1.google.fr
2013-03-12 10:47:54,mts0.google.com
2013-03-12 10:47:54,mts1.google.com
2013-03-12 10:47:55,khms1.google.fr
2013-03-12 10:47:55,khms0.google.fr
2013-03-12 10:47:58,mts0.google.com
2013-03-12 10:47:58,mts1.google.com
2013-03-12 10:47:59,mts0.google.com
2013-03-12 10:48:19,mts1.google.com
2013-03-12 10:48:19,khms0.google.fr
2013-03-12 10:48:19,khms1.google.fr
2013-03-12 10:48:19,maps.google.fr
2013-03-12 10:48:19,mts0.google.com
2013-03-12 10:48:20,mts0.google.com
2013-03-12 10:48:20,mts1.google.com
2013-03-12 10:48:21,mts0.google.com
2013-03-12 10:48:21,khms1.google.fr
2013-03-12 10:48:21,khms0.google.fr
2013-03-12 10:48:21,mts1.google.com
2013-03-12 10:48:22,maps.google.fr
2013-03-12 10:48:22,mts0.google.com
2013-03-12 10:48:22,mts1.google.com
2013-03-12 10:48:23,mts1.google.com
2013-03-12 10:48:23,mts0.google.com
2013-03-12 10:48:23,khms0.google.fr
2013-03-12 10:48:23,khms1.google.fr
2013-03-12 10:48:24,khms1.google.fr
2013-03-12 10:48:24,khms0.google.fr
2013-03-12 10:48:25,khms0.google.fr
2013-03-12 10:48:25,khms1.google.fr
2013-03-12 10:48:26,khms0.google.fr
2013-03-12 10:48:37,khms1.google.fr
2013-03-12 10:48:39,khms0.google.fr
2013-03-12 10:48:39,khms1.google.fr
2013-03-12 10:48:40,mts1.google.com
2013-03-12 10:48:40,mts0.google.com
2013-03-12 10:48:40,maps.google.fr
2013-03-12 10:48:40,khms0.google.fr
2013-03-12 10:48:40,khms1.google.fr
2013-03-12 10:48:41,khms1.google.fr
2013-03-12 10:48:41,khms0.google.fr
2013-03-12 10:48:41,mts1.google.com
2013-03-12 10:48:41,mts0.google.com
2013-03-12 10:48:42,khms0.google.fr
2013-03-12 10:48:42,khms1.google.fr
2013-03-12 10:48:43,khms1.google.fr
2013-03-12 10:48:43,khms0.google.fr
2013-03-12 10:48:44,khms1.google.fr
2013-03-12 10:48:44,khms0.google.fr
2013-03-12 10:49:04,khms1.google.fr
2013-03-12 10:49:07,khms1.google.fr
2013-03-12 10:49:07,maps.google.fr
2013-03-12 10:49:07,mts1.google.com
2013-03-12 10:49:07,khms0.google.fr
2013-03-12 10:49:22,maps.google.fr
2013-03-12 10:49:22,khms0.google.fr
2013-03-12 10:49:22,mts0.google.com
2013-03-12 10:49:23,mts1.google.com
2013-03-12 10:49:23,mts0.google.com
2013-03-12 10:49:24,mts0.google.com
2013-03-12 10:49:24,mts1.google.com
2013-03-12 10:49:25,mts0.google.com
2013-03-12 10:49:25,khms1.google.fr
2013-03-12 10:49:25,maps.google.fr
2013-03-12 10:49:25,khms0.google.fr
2013-03-12 10:49:26,khms0.google.fr
2013-03-12 10:49:26,khms1.google.fr
2013-03-12 10:49:29,khms0.google.fr
2013-03-12 10:49:30,khms0.google.fr
2013-03-12 10:49:33,khms0.google.fr
2013-03-12 10:49:42,khms1.google.fr
2013-03-12 10:49:42,khms0.google.fr
2013-03-12 10:49:42,maps.google.fr
2013-03-12 10:49:42,mts0.google.com
2013-03-12 10:49:42,mts1.google.com
2013-03-12 10:49:53,mts0.google.com
2013-03-12 10:49:59,mts1.google.com
2013-03-12 10:50:02,khms0.google.fr
2013-03-12 10:50:02,khms1.google.fr
2013-03-12 10:50:03,khms0.google.fr
2013-03-12 10:50:03,maps.google.fr
2013-03-12 10:50:03,mts1.google.com
2013-03-12 10:50:03,mts0.google.com
2013-03-12 10:50:04,mts0.google.com
2013-03-12 10:50:04,mts1.google.com
2013-03-12 10:50:04,khms1.google.fr
2013-03-12 10:50:04,khms0.google.fr
2013-03-12 10:50:05,khms1.google.fr
2013-03-12 10:50:05,mts0.google.com
2013-03-12 10:50:05,khms0.google.fr
2013-03-12 10:50:06,mts1.google.com
2013-03-12 10:50:06,khms0.google.fr
2013-03-12 10:50:06,khms1.google.fr
2013-03-12 10:50:07,khms1.google.fr
2013-03-12 10:50:07,khms0.google.fr
2013-03-12 10:50:31,khms0.google.fr
2013-03-12 10:50:31,khms1.google.fr
2013-03-12 10:50:31,maps.google.fr
2013-03-12 10:50:31,mts0.google.com
2013-03-12 10:50:31,mts1.google.com
2013-03-12 10:50:32,mts1.google.com
2013-03-12 10:50:32,khms1.google.fr
2013-03-12 10:50:32,mts0.google.com
2013-03-12 10:50:33,mts0.google.com
2013-03-12 10:50:33,khms0.google.fr
2013-03-12 10:50:33,khms1.google.fr
2013-03-12 10:50:34,maps.google.fr
2013-03-12 10:50:34,khms0.google.fr
2013-03-12 10:50:34,khms1.google.fr
2013-03-12 10:50:34,mts0.google.com
2013-03-12 10:50:35,khms1.google.fr
2013-03-12 10:51:06,maps.google.fr
2013-03-12 10:51:06,khms1.google.fr
2013-03-12 10:51:06,khms0.google.fr
2013-03-12 10:51:07,mts0.google.com
2013-03-12 10:51:07,mts1.google.com
2013-03-12 10:51:08,maps.google.fr
2013-03-12 10:51:08,khms1.google.fr
2013-03-12 10:51:08,mts0.google.com
2013-03-12 10:51:08,mts1.google.com
2013-03-12 10:51:09,khms1.google.fr
2013-03-12 10:51:09,mts1.google.com
2013-03-12 10:51:09,khms0.google.fr
2013-03-12 10:51:10,khms0.google.fr
2013-03-12 10:51:10,khms1.google.fr
2013-03-12 10:51:11,khms0.google.fr
2013-03-12 10:51:11,khms1.google.fr
2013-03-12 10:51:20,khms1.google.fr
2013-03-12 10:51:37,khms1.google.fr
2013-03-12 10:52:55,khms0.google.fr
2013-03-12 10:52:55,mts1.google.com
2013-03-12 10:52:55,khms1.google.fr
2013-03-12 10:53:04,khms0.google.fr
2013-03-12 10:53:04,khms1.google.fr
2013-03-12 10:53:04,maps.google.fr
2013-03-12 10:53:05,mts0.google.com
2013-03-12 10:53:05,khms1.google.fr
2013-03-12 10:53:05,khms0.google.fr
2013-03-12 10:53:05,maps.google.fr
2013-03-12 10:53:05,mts1.google.com
2013-03-12 10:53:06,khms0.google.fr
2013-03-12 10:53:06,mts1.google.com
2013-03-12 10:53:06,khms1.google.fr
2013-03-12 10:53:06,mts0.google.com
2013-03-12 10:53:08,khms1.google.fr
2013-03-12 10:53:15,khms1.google.fr
2013-03-12 10:53:15,khms0.google.fr
2013-03-12 10:53:16,mts1.google.com
2013-03-12 10:53:16,mts0.google.com
2013-03-12 10:53:16,khms1.google.fr
2013-03-12 10:53:17,mts1.google.com
2013-03-12 10:53:17,mts0.google.com
2013-03-12 10:53:17,khms0.google.fr
2013-03-12 10:53:17,maps.google.fr
2013-03-12 10:53:17,khms1.google.fr
2013-03-12 10:53:18,khms1.google.fr
2013-03-12 10:53:18,khms0.google.fr
2013-03-12 10:53:18,mts1.google.com
2013-03-12 10:53:18,mts0.google.com
2013-03-12 10:53:19,mts0.google.com
2013-03-12 10:53:19,mts1.google.com
2013-03-12 10:53:19,khms0.google.fr
2013-03-12 10:53:19,khms1.google.fr
2013-03-12 10:53:20,khms1.google.fr
2013-03-12 10:53:20,khms0.google.fr
2013-03-12 10:53:21,khms0.google.fr
2013-03-12 10:53:21,mts1.google.com
2013-03-12 10:53:21,mts0.google.com
2013-03-12 10:53:21,khms1.google.fr
2013-03-12 10:53:48,khms1.google.fr
2013-03-12 10:53:48,khms0.google.fr
2013-03-12 10:53:49,mts1.google.com
2013-03-12 10:53:49,khms0.google.fr
2013-03-12 10:53:49,khms1.google.fr
2013-03-12 10:53:49,mts0.google.com
2013-03-12 10:53:52,khms1.google.fr
2013-03-12 10:54:18,khms1.google.fr
2013-03-12 10:54:38,mts1.google.com
2013-03-12 10:54:54,mts1.google.com
2013-03-12 10:54:54,khms0.google.fr
2013-03-12 10:54:54,mts0.google.com
2013-03-12 10:54:54,khms1.google.fr
2013-03-12 10:54:54,maps.google.fr
2013-03-12 10:54:55,khms1.google.fr
2013-03-12 10:54:55,mts0.google.com
2013-03-12 10:54:55,khms0.google.fr
2013-03-12 10:54:55,maps.google.fr
2013-03-12 10:54:56,khms0.google.fr
2013-03-12 10:54:56,mts1.google.com
2013-03-12 10:54:56,mts0.google.com
2013-03-12 10:54:56,khms1.google.fr
2013-03-12 10:54:57,mts1.google.com
2013-03-12 10:54:57,khms0.google.fr
2013-03-12 10:54:57,mts0.google.com
2013-03-12 10:54:57,khms1.google.fr
2013-03-12 10:54:58,khms0.google.fr
2013-03-12 10:54:58,khms1.google.fr
2013-03-12 10:54:59,khms0.google.fr
2013-03-12 10:54:59,khms1.google.fr
2013-03-12 10:55:00,khms1.google.fr
2013-03-12 10:55:00,khms0.google.fr
2013-03-12 10:55:00,mts0.google.com
2013-03-12 10:55:00,mts1.google.com
2013-03-12 10:55:06,khms0.google.fr
2013-03-12 10:55:06,khms1.google.fr
2013-03-12 10:55:50,mts1.google.com
2013-03-12 10:55:50,khms1.google.fr
2013-03-12 10:55:50,mts0.google.com
2013-03-12 10:55:50,maps.google.fr
2013-03-12 10:55:51,mts1.google.com
2013-03-12 10:55:51,khms0.google.fr
2013-03-12 10:55:51,khms1.google.fr
2013-03-12 10:55:51,mts0.google.com
2013-03-12 10:57:54,khms0.google.fr
2013-03-12 10:57:54,khms1.google.fr
2013-03-12 10:57:54,mts0.google.com
2013-03-12 10:57:54,mts1.google.com
2013-03-12 10:58:13,mts0.google.com
2013-03-12 10:58:13,maps.google.fr
2013-03-12 10:58:13,khms1.google.fr
2013-03-12 10:58:13,khms0.google.fr
2013-03-12 10:58:13,mts1.google.com
2013-03-12 10:58:16,mts0.google.com
2013-03-12 10:58:17,khms0.google.fr
2013-03-12 10:58:17,khms1.google.fr
2013-03-12 10:58:33,khms0.google.fr
2013-03-12 10:59:46,mts1.google.com
2013-03-12 10:59:46,khms1.google.fr
2013-03-12 10:59:48,mts0.google.com
2013-03-12 10:59:51,maps.google.fr
2013-03-12 11:00:51,maps.google.fr
2013-03-12 11:00:51,mts1.google.com
2013-03-12 11:00:51,khms1.google.fr
2013-03-12 11:00:51,mts0.google.com
2013-03-12 11:00:52,khms0.google.fr
2013-03-12 11:00:52,khms1.google.fr
2013-03-12 11:00:52,maps.google.fr
2013-03-12 11:00:52,mts0.google.com
2013-03-12 11:00:52,mts1.google.com
2013-03-12 11:00:53,mts0.google.com
2013-03-12 11:00:53,mts1.google.com
2013-03-12 11:00:53,khms0.google.fr
2013-03-12 11:00:53,khms1.google.fr
2013-03-12 11:00:57,khms0.google.fr
2013-03-12 11:00:57,khms1.google.fr
2013-03-12 11:02:46,mts1.google.com
2013-03-12 11:02:47,khms0.google.fr
2013-03-12 11:02:47,khms1.google.fr
2013-03-12 11:02:49,khms0.google.fr
2013-03-12 11:02:49,khms1.google.fr
2013-03-12 11:02:49,mts0.google.com
2013-03-12 11:02:49,mts1.google.com
2013-03-12 11:02:50,mts1.google.com
2013-03-12 11:02:50,mts0.google.com
2013-03-12 11:02:50,khms1.google.fr
2013-03-12 11:02:50,khms0.google.fr
2013-03-12 11:02:51,mts1.google.com
2013-03-12 11:02:51,khms0.google.fr
2013-03-12 11:02:51,mts0.google.com
2013-03-12 11:02:51,khms1.google.fr
2013-03-12 11:02:52,mts0.google.com
2013-03-12 11:02:52,mts1.google.com
2013-03-12 11:02:52,maps.google.fr
2013-03-12 11:02:52,khms0.google.fr
2013-03-12 11:02:52,khms1.google.fr
2013-03-12 11:02:53,khms0.google.fr
2013-03-12 11:02:53,khms1.google.fr
2013-03-12 11:02:53,mts0.google.com
2013-03-12 11:02:53,mts1.google.com
2013-03-12 11:02:54,khms0.google.fr
2013-03-12 11:02:54,khms1.google.fr
2013-03-12 11:03:17,mts0.google.com
2013-03-12 11:06:19,mts1.google.com
2013-03-12 11:06:19,khms1.google.fr
2013-03-12 11:06:19,mts0.google.com
2013-03-12 11:06:19,khms0.google.fr
2013-03-12 11:06:19,maps.google.fr
2013-03-12 11:10:49,mts1.google.com
2013-03-12 11:10:49,mts0.google.com
2013-03-12 11:10:50,mts0.google.com
2013-03-12 11:10:50,mts1.google.com
2013-03-12 11:10:51,mts0.google.com
2013-03-12 11:10:51,maps.google.fr
2013-03-12 11:10:51,mts1.google.com
2013-03-12 11:10:52,mts1.google.com
2013-03-12 11:10:52,mts0.google.com
2013-03-12 11:10:53,maps.google.fr
2013-03-12 11:10:53,mts0.google.com
2013-03-12 11:10:53,khms1.google.fr
2013-03-12 11:10:53,mts1.google.com
2013-03-12 11:10:54,mts0.google.com
2013-03-12 11:10:54,khms1.google.fr
2013-03-12 11:10:54,khms0.google.fr
2013-03-12 11:10:55,mts1.google.com
2013-03-12 11:10:55,khms1.google.fr
2013-03-12 11:10:55,khms0.google.fr
2013-03-12 11:10:55,mts0.google.com
2013-03-12 11:11:00,mts1.google.com
2013-03-12 11:11:00,mts0.google.com
2013-03-12 11:11:00,khms0.google.fr
2013-03-12 11:11:00,khms1.google.fr
2013-03-12 11:11:00,maps.google.fr
2013-03-12 11:11:02,khms0.google.fr
2013-03-12 11:11:04,khms1.google.fr
2013-03-12 11:11:05,mts1.google.com
2013-03-12 11:11:05,khms0.google.fr
2013-03-12 11:11:05,mts0.google.com
2013-03-12 11:11:06,mts0.google.com
2013-03-12 11:11:06,mts1.google.com
2013-03-12 11:11:06,khms0.google.fr
2013-03-12 11:11:06,khms1.google.fr
2013-03-12 11:11:07,khms1.google.fr
2013-03-12 11:11:07,mts0.google.com
2013-03-12 11:11:07,mts1.google.com
2013-03-12 11:11:07,khms0.google.fr
2013-03-12 11:11:08,mts0.google.com
2013-03-12 11:11:11,mts0.google.com
2013-03-12 11:11:11,khms0.google.fr
2013-03-12 11:11:12,mts0.google.com
2013-03-12 11:11:12,khms1.google.fr
2013-03-12 11:11:12,khms0.google.fr
2013-03-12 11:11:12,maps.google.fr
2013-03-12 11:11:13,khms1.google.fr
2013-03-12 11:11:13,khms0.google.fr
2013-03-12 11:11:13,mts0.google.com
2013-03-12 11:11:13,mts1.google.com
2013-03-12 11:11:14,khms1.google.fr
2013-03-12 11:11:14,mts1.google.com
2013-03-12 11:11:14,mts0.google.com
2013-03-12 11:11:14,khms0.google.fr
2013-03-12 11:11:14,maps.google.fr
2013-03-12 11:11:15,khms0.google.fr
2013-03-12 11:11:15,khms1.google.fr
2013-03-12 11:11:16,mts0.google.com
2013-03-12 11:11:16,khms0.google.fr
2013-03-12 11:11:17,khms0.google.fr
2013-03-12 11:11:17,mts1.google.com
2013-03-12 11:11:17,khms1.google.fr
2013-03-12 11:11:18,maps.google.fr
2013-03-12 11:11:18,khms0.google.fr
2013-03-12 11:11:18,mts1.google.com
2013-03-12 11:11:18,mts0.google.com
2013-03-12 11:11:18,khms1.google.fr
2013-03-12 11:11:19,mts0.google.com
2013-03-12 11:11:19,mts1.google.com
2013-03-12 11:11:21,khms1.google.fr
2013-03-12 11:11:26,mts0.google.com
2013-03-12 11:11:26,khms1.google.fr
2013-03-12 11:11:26,khms0.google.fr
2013-03-12 11:11:26,mts1.google.com
2013-03-12 11:11:28,khms0.google.fr
2013-03-12 11:11:28,mts1.google.com
2013-03-12 11:11:28,mts0.google.com
2013-03-12 11:11:35,khms0.google.fr
2013-03-12 11:11:35,khms1.google.fr
2013-03-12 11:11:35,maps.google.fr
2013-03-12 11:11:36,mts0.google.com
2013-03-12 11:11:36,mts1.google.com
2013-03-12 11:11:37,mts0.google.com
2013-03-12 11:11:37,mts1.google.com
2013-03-12 11:11:38,khms0.google.fr
2013-03-12 11:11:38,mts0.google.com
2013-03-12 11:11:38,khms1.google.fr
2013-03-12 11:11:38,maps.google.fr
2013-03-12 11:11:38,mts1.google.com
2013-03-12 11:11:39,khms1.google.fr
2013-03-12 11:11:39,khms0.google.fr
2013-03-12 11:11:40,mts0.google.com
2013-03-12 11:11:40,mts1.google.com
2013-03-12 11:11:40,khms1.google.fr
2013-03-12 11:11:40,khms0.google.fr
2013-03-12 11:11:41,khms0.google.fr
2013-03-12 11:11:41,khms1.google.fr
2013-03-12 11:11:41,mts0.google.com
2013-03-12 11:11:41,mts1.google.com
2013-03-12 11:11:42,khms1.google.fr
2013-03-12 11:11:42,khms0.google.fr
2013-03-12 11:11:43,khms1.google.fr
2013-03-12 11:11:43,khms0.google.fr
2013-03-12 11:11:44,khms0.google.fr
2013-03-12 11:11:44,khms1.google.fr
2013-03-12 11:11:44,mts0.google.com
2013-03-12 11:11:44,mts1.google.com
2013-03-12 11:11:45,mts0.google.com
2013-03-12 11:11:45,mts1.google.com
2013-03-12 11:11:46,mts1.google.com
2013-03-12 11:11:46,mts0.google.com
2013-03-12 11:11:46,khms0.google.fr
2013-03-12 11:11:46,khms1.google.fr
2013-03-12 11:11:47,khms0.google.fr
2013-03-12 11:11:47,mts1.google.com
2013-03-12 11:11:47,mts0.google.com
2013-03-12 11:11:47,maps.google.fr
2013-03-12 11:11:48,mts0.google.com
2013-03-12 11:11:48,khms1.google.fr
2013-03-12 11:11:48,khms0.google.fr
2013-03-12 11:11:48,mts1.google.com
2013-03-12 11:11:52,khms0.google.fr
2013-03-12 11:11:52,khms1.google.fr
2013-03-12 11:11:53,khms1.google.fr
2013-03-12 11:11:53,khms0.google.fr
2013-03-12 11:11:53,maps.google.fr
2013-03-12 11:11:53,mts1.google.com
2013-03-12 11:11:53,mts0.google.com
2013-03-12 11:11:54,mts0.google.com
2013-03-12 11:11:54,khms1.google.fr
2013-03-12 11:11:54,mts1.google.com
2013-03-12 11:11:55,khms1.google.fr
2013-03-12 11:11:55,mts1.google.com
2013-03-12 11:11:55,mts0.google.com
2013-03-12 11:11:56,khms0.google.fr
2013-03-12 11:11:56,khms1.google.fr
2013-03-12 11:12:00,mts1.google.com
2013-03-12 11:12:01,khms0.google.fr
2013-03-12 11:12:01,mts0.google.com
2013-03-12 11:12:01,khms1.google.fr
2013-03-12 11:12:01,mts1.google.com
2013-03-12 11:12:01,maps.google.fr
2013-03-12 11:12:02,khms0.google.fr
2013-03-12 11:12:02,mts0.google.com
2013-03-12 11:12:02,khms1.google.fr
2013-03-12 11:12:02,mts1.google.com
2013-03-12 11:12:03,mts0.google.com
2013-03-12 11:12:03,khms1.google.fr
2013-03-12 11:12:03,mts1.google.com
2013-03-12 11:12:03,khms0.google.fr
2013-03-12 11:12:04,mts0.google.com
2013-03-12 11:12:04,khms1.google.fr
2013-03-12 11:12:04,mts1.google.com
2013-03-12 11:12:04,khms0.google.fr
2013-03-12 11:12:05,mts1.google.com
2013-03-12 11:12:05,khms1.google.fr
2013-03-12 11:12:05,khms0.google.fr
2013-03-12 11:12:06,khms0.google.fr
2013-03-12 11:12:06,khms1.google.fr
2013-03-12 11:12:07,khms0.google.fr
2013-03-12 11:12:07,khms1.google.fr
2013-03-12 11:12:08,khms1.google.fr
2013-03-12 11:12:08,khms0.google.fr
2013-03-12 11:12:09,khms0.google.fr
2013-03-12 11:12:09,khms1.google.fr
2013-03-12 11:12:09,mts0.google.com
2013-03-12 11:12:10,khms0.google.fr
2013-03-12 11:12:10,khms1.google.fr
2013-03-12 11:12:10,mts0.google.com
2013-03-12 11:12:15,mts0.google.com
2013-03-12 11:12:15,mts1.google.com
2013-03-12 11:12:16,mts1.google.com
2013-03-12 11:12:16,khms1.google.fr
2013-03-12 11:12:16,khms0.google.fr
2013-03-12 11:12:16,mts0.google.com
2013-03-12 11:12:17,khms0.google.fr
2013-03-12 11:12:17,khms1.google.fr
2013-03-12 11:12:17,mts1.google.com
2013-03-12 11:12:17,mts0.google.com
2013-03-12 11:12:18,khms0.google.fr
2013-03-12 11:12:18,mts1.google.com
2013-03-12 11:12:18,mts0.google.com
2013-03-12 11:12:19,mts0.google.com
2013-03-12 11:12:19,khms0.google.fr
2013-03-12 11:12:19,khms1.google.fr
2013-03-12 11:12:19,mts1.google.com
2013-03-12 11:12:20,khms1.google.fr
2013-03-12 11:12:20,mts0.google.com
2013-03-12 11:12:21,khms0.google.fr
2013-03-12 11:12:21,mts0.google.com
2013-03-12 11:12:21,maps.google.fr
2013-03-12 11:12:22,mts1.google.com
2013-03-12 11:12:23,khms1.google.fr
2013-03-12 11:12:23,mts1.google.com
2013-03-12 11:12:23,mts0.google.com
2013-03-12 11:12:24,khms1.google.fr
2013-03-12 11:12:24,khms0.google.fr
2013-03-12 11:12:24,mts1.google.com
2013-03-12 11:12:24,mts0.google.com
2013-03-12 11:12:26,khms1.google.fr
2013-03-12 11:12:26,maps.google.fr
2013-03-12 11:12:26,mts0.google.com
2013-03-12 11:12:26,mts1.google.com
2013-03-12 11:12:26,khms0.google.fr
2013-03-12 11:12:27,mts0.google.com
2013-03-12 11:12:27,khms1.google.fr
2013-03-12 11:12:27,khms0.google.fr
2013-03-12 11:12:27,mts1.google.com
2013-03-12 11:12:28,mts1.google.com
2013-03-12 11:12:28,mts0.google.com
2013-03-12 11:12:28,khms1.google.fr
2013-03-12 11:12:28,khms0.google.fr
2013-03-12 11:12:30,khms1.google.fr
2013-03-12 11:12:30,maps.google.fr
2013-03-12 11:12:30,mts1.google.com
2013-03-12 11:12:31,khms1.google.fr
2013-03-12 11:12:31,khms0.google.fr
2013-03-12 11:12:31,mts0.google.com
2013-03-12 11:12:31,mts1.google.com
2013-03-12 11:12:32,khms1.google.fr
2013-03-12 11:12:33,khms1.google.fr
2013-03-12 11:12:33,khms0.google.fr
2013-03-12 11:12:33,mts0.google.com
2013-03-12 11:12:33,maps.google.fr
2013-03-12 11:12:34,mts0.google.com
2013-03-12 11:12:34,mts1.google.com
2013-03-12 11:12:38,khms1.google.fr
2013-03-12 11:12:38,maps.google.fr
2013-03-12 11:12:39,khms0.google.fr
2013-03-12 11:12:41,mts1.google.com
2013-03-12 11:12:42,khms1.google.fr
2013-03-12 11:12:42,maps.google.fr
2013-03-12 11:12:42,mts0.google.com
2013-03-12 11:12:42,mts1.google.com
2013-03-12 11:12:42,khms0.google.fr
2013-03-12 11:12:43,khms1.google.fr
2013-03-12 11:12:45,mts0.google.com
2013-03-12 11:12:46,khms0.google.fr
2013-03-12 11:12:50,khms0.google.fr
2013-03-12 11:12:52,khms0.google.fr
2013-03-12 11:13:00,mts0.google.com
2013-03-12 11:13:00,khms1.google.fr
2013-03-12 11:13:00,khms0.google.fr
2013-03-12 11:13:00,maps.google.fr
2013-03-12 11:13:01,mts1.google.com
2013-03-12 11:13:01,mts0.google.com
2013-03-12 11:13:01,khms0.google.fr
2013-03-12 11:13:01,khms1.google.fr
2013-03-12 11:13:02,mts1.google.com
2013-03-12 11:13:02,khms1.google.fr
2013-03-12 11:13:02,mts0.google.com
2013-03-12 11:13:02,khms0.google.fr
2013-03-12 11:13:03,mts0.google.com
2013-03-12 11:13:03,mts1.google.com
2013-03-12 11:13:03,khms1.google.fr
2013-03-12 11:13:03,khms0.google.fr
2013-03-12 11:13:04,mts1.google.com
2013-03-12 11:13:04,mts0.google.com
2013-03-12 11:13:04,khms0.google.fr
2013-03-12 11:13:04,maps.google.fr
2013-03-12 11:13:05,mts0.google.com
2013-03-12 11:13:05,khms1.google.fr
2013-03-12 11:13:05,mts1.google.com
2013-03-12 11:13:05,khms0.google.fr
2013-03-12 11:13:06,mts1.google.com
2013-03-12 11:13:06,khms0.google.fr
2013-03-12 11:13:06,khms1.google.fr
2013-03-12 11:13:06,mts0.google.com
2013-03-12 11:13:07,khms1.google.fr
2013-03-12 11:13:07,mts1.google.com
2013-03-12 11:13:07,mts0.google.com
2013-03-12 11:13:07,khms0.google.fr
2013-03-12 11:13:08,mts0.google.com
2013-03-12 11:13:08,mts1.google.com
2013-03-12 11:13:08,khms0.google.fr
2013-03-12 11:13:08,khms1.google.fr
2013-03-12 11:13:09,maps.google.fr
2013-03-12 11:13:09,mts1.google.com
2013-03-12 11:13:09,khms0.google.fr
2013-03-12 11:13:09,mts0.google.com
2013-03-12 11:13:09,khms1.google.fr
2013-03-12 11:13:10,mts1.google.com
2013-03-12 11:13:11,mts1.google.com
2013-03-12 11:13:24,khms0.google.fr
2013-03-12 11:13:24,khms1.google.fr
2013-03-12 11:13:24,maps.google.fr
2013-03-12 11:13:24,mts0.google.com
2013-03-12 11:13:24,mts1.google.com
2013-03-12 11:13:25,mts1.google.com
2013-03-12 11:13:25,khms0.google.fr
2013-03-12 11:13:25,khms1.google.fr
2013-03-12 11:13:33,khms0.google.fr
2013-03-12 11:13:33,mts1.google.com
2013-03-12 11:13:33,mts0.google.com
2013-03-12 11:13:33,maps.google.fr
2013-03-12 11:13:33,khms1.google.fr
2013-03-12 11:13:34,khms1.google.fr
2013-03-12 11:13:34,mts0.google.com
2013-03-12 11:13:34,mts1.google.com
2013-03-12 11:13:34,khms0.google.fr
2013-03-12 11:13:35,mts0.google.com
2013-03-12 11:13:35,khms1.google.fr
2013-03-12 11:13:35,mts1.google.com
2013-03-12 11:13:35,khms0.google.fr
2013-03-12 11:13:36,mts1.google.com
2013-03-12 11:13:36,mts0.google.com
2013-03-12 11:13:36,khms1.google.fr
2013-03-12 11:13:36,khms0.google.fr
2013-03-12 11:13:37,mts1.google.com
2013-03-12 11:13:37,khms1.google.fr
2013-03-12 11:13:37,maps.google.fr
2013-03-12 11:13:37,mts0.google.com
2013-03-12 11:13:37,khms0.google.fr
2013-03-12 11:13:38,khms1.google.fr
2013-03-12 11:13:38,mts0.google.com
2013-03-12 11:13:38,khms0.google.fr
2013-03-12 11:13:38,mts1.google.com
2013-03-12 11:13:39,khms1.google.fr
2013-03-12 11:13:39,khms0.google.fr
2013-03-12 11:13:40,khms0.google.fr
2013-03-12 11:13:40,khms1.google.fr
2013-03-12 11:13:40,mts1.google.com
2013-03-12 11:13:40,mts0.google.com
2013-03-12 11:13:40,maps.google.fr
2013-03-12 11:13:41,mts0.google.com
2013-03-12 11:13:41,mts1.google.com
2013-03-12 11:13:41,khms1.google.fr
2013-03-12 11:13:41,khms0.google.fr
2013-03-12 11:13:42,khms1.google.fr
2013-03-12 11:13:42,khms0.google.fr
2013-03-12 11:13:43,khms1.google.fr
2013-03-12 11:13:46,khms1.google.fr
2013-03-12 11:13:46,khms0.google.fr
2013-03-12 11:13:47,mts0.google.com
2013-03-12 11:13:47,khms0.google.fr
2013-03-12 11:13:49,mts0.google.com
2013-03-12 11:13:49,maps.google.fr
2013-03-12 11:13:49,mts1.google.com
2013-03-12 11:13:50,mts1.google.com
2013-03-12 11:13:50,khms1.google.fr
2013-03-12 11:13:51,khms1.google.fr
2013-03-12 11:13:51,khms0.google.fr
2013-03-12 11:13:51,mts0.google.com
2013-03-12 11:13:55,khms1.google.fr
2013-03-12 11:13:58,mts0.google.com
2013-03-12 11:13:58,khms0.google.fr
2013-03-12 11:13:58,maps.google.fr
2013-03-12 11:13:58,khms1.google.fr
2013-03-12 11:13:58,mts1.google.com
2013-03-12 11:13:59,khms1.google.fr
2013-03-12 11:13:59,mts1.google.com
2013-03-12 11:13:59,mts0.google.com
2013-03-12 11:13:59,khms0.google.fr
2013-03-12 11:14:00,khms1.google.fr
2013-03-12 11:14:00,khms0.google.fr
2013-03-12 11:14:00,mts0.google.com
2013-03-12 11:14:00,maps.google.fr
2013-03-12 11:14:00,mts1.google.com
2013-03-12 11:14:01,mts1.google.com
2013-03-12 11:14:02,mts0.google.com
2013-03-12 11:16:02,khms0.google.fr
2013-03-12 11:16:02,khms1.google.fr
2013-03-12 11:16:02,mts1.google.com
2013-03-12 11:16:02,mts0.google.com
2013-10-12 08:12:50,javadl-esd-secure.oracle.com
2013-10-12 09:10:22,cnfg.toolbarservices.com
2013-10-12 09:10:23,utils.delta-search.com
2013-10-12 09:10:25,fpdownload2.macromedia.com
2013-10-12 09:10:32,www.google.com
2013-10-12 09:13:26,ieonline.microsoft.com
2013-10-12 09:13:26,go.microsoft.com
2013-10-12 09:24:22,dl.javafx.com
2013-10-12 09:45:20,www.google.fr
2013-10-12 09:45:22,apis.google.com
2013-10-12 09:45:23,www.google.com
2013-10-12 09:45:26,maps.google.fr
2013-10-12 09:45:27,mts1.google.com
2013-10-12 09:45:27,mts0.google.com
2013-10-12 09:45:27,www.google.fr
2013-10-12 09:45:27,apis.google.com
2013-10-12 09:45:27,www.google.com
2013-10-12 09:45:28,mts1.google.com
2013-10-12 09:45:28,mts0.google.com
2013-10-12 09:45:28,maps.google.fr
2013-10-12 09:45:29,mts1.google.com
2013-10-12 09:45:29,mts0.google.com
2013-10-12 09:45:30,mts0.google.com
2013-10-12 09:45:30,mts1.google.com
2013-10-12 09:45:33,mts1.google.com
2013-10-12 09:45:33,gg.google.com
2013-10-12 09:45:36,mts1.google.com
2013-10-12 09:45:44,maps.google.fr
2013-10-12 09:45:45,mts0.google.com
2013-10-12 09:45:45,mts1.google.com
2013-10-12 09:45:46,mts1.google.com
2013-10-12 09:45:46,gg.google.com
2013-10-12 09:45:46,mts0.google.com
2013-10-12 09:45:46,maps.google.fr
2013-10-12 09:45:47,mts1.google.com
2013-10-12 09:45:48,mts0.google.com
2013-10-12 09:45:54,mts0.google.com
2013-10-12 09:45:55,mts0.google.com
2013-10-12 09:45:55,gg.google.com
2013-10-12 09:45:55,maps.google.fr
2013-10-12 09:45:55,mts1.google.com
2013-10-12 09:45:56,mts1.google.com
2013-10-12 09:45:56,mts0.google.com
2013-10-12 09:45:56,maps.google.fr
2013-10-12 09:45:57,maps.google.fr
2013-10-12 09:45:57,mts0.google.com
2013-10-12 09:45:57,mts1.google.com
2013-10-12 09:45:58,mts1.google.com
2013-10-12 09:45:58,mts0.google.com
2013-10-12 09:45:59,mts0.google.com
2013-10-12 09:45:59,maps.google.fr
2013-10-12 09:45:59,mts1.google.com
2013-10-12 09:45:59,gg.google.com
2013-10-12 09:46:00,maps.google.fr
2013-10-12 09:46:00,mts1.google.com
2013-10-12 09:46:00,mts0.google.com
2013-10-12 09:46:01,mts0.google.com
2013-10-12 09:46:01,mts1.google.com
2013-10-12 09:46:02,mts1.google.com
2013-10-12 09:46:02,mts0.google.com
2013-10-12 09:46:04,gg.google.com
2013-10-12 09:46:04,mts0.google.com
2013-10-12 09:46:04,mts1.google.com
2013-10-12 09:46:04,maps.google.fr
2013-10-12 09:46:05,mts1.google.com
2013-10-12 09:46:05,mts0.google.com
2013-10-12 09:46:06,mts0.google.com
2013-10-12 09:46:06,mts1.google.com
2013-10-12 09:46:06,gg.google.com
2013-10-12 09:46:06,maps.google.fr
2013-10-12 09:46:07,mts0.google.com
2013-10-12 09:46:07,mts1.google.com
2013-10-12 09:46:07,gg.google.com
2013-10-12 09:46:07,maps.google.fr
2013-10-12 09:46:09,mts0.google.com
2013-10-12 09:46:09,mts1.google.com
2013-10-12 09:46:10,mts0.google.com
2013-10-12 09:46:10,mts1.google.com
2013-10-12 09:46:11,mts0.google.com
2013-10-12 09:46:17,mts0.google.com
2013-10-12 09:46:20,mts0.google.com
2013-10-12 09:46:23,mts0.google.com
2013-10-12 09:46:24,mts0.google.com
2013-10-12 09:46:24,gg.google.com
2013-10-12 09:46:24,mts1.google.com
2013-10-12 09:46:24,maps.google.fr
2013-10-12 09:46:25,mts1.google.com
2013-10-12 09:46:25,mts0.google.com
2013-10-12 09:46:26,mts0.google.com
2013-10-12 09:46:32,maps.google.fr
2013-10-12 09:46:32,mts1.google.com
2013-10-12 09:46:32,mts0.google.com
2013-10-12 09:46:32,gg.google.com
2013-10-12 09:46:33,mts0.google.com
2013-10-12 09:46:33,mts1.google.com
2013-10-12 09:46:33,maps.google.fr
2013-10-12 09:46:34,mts1.google.com
2013-10-12 09:46:35,khms0.google.fr
2013-10-12 09:46:35,khms1.google.fr
2013-10-12 09:46:36,khms0.google.fr
2013-10-12 09:46:36,khms1.google.fr
2013-10-12 09:46:36,mts1.google.com
2013-10-12 09:46:37,khms0.google.fr
2013-10-12 09:46:37,khms1.google.fr
2013-10-12 09:46:38,khms1.google.fr
2013-10-12 09:46:40,mts0.google.com
2013-10-12 09:46:40,maps.google.fr
2013-10-12 09:46:40,gg.google.com
2013-10-12 09:46:40,khms0.google.fr
2013-10-12 09:46:40,khms1.google.fr
2013-10-12 09:46:40,mts1.google.com
2013-10-12 09:46:41,mts0.google.com
2013-10-12 09:46:41,khms0.google.fr
2013-10-12 09:46:41,mts1.google.com
2013-10-12 09:46:42,mts0.google.com
2013-10-12 09:46:42,mts1.google.com
2013-10-12 09:46:42,khms0.google.fr
2013-10-12 09:46:42,khms1.google.fr
2013-10-12 09:46:42,gg.google.com
2013-10-12 09:46:42,maps.google.fr
2013-10-12 09:46:43,mts1.google.com
2013-10-12 09:46:43,mts0.google.com
2013-10-12 09:46:44,khms0.google.fr
2013-10-12 09:46:44,khms1.google.fr
2013-10-12 09:46:44,mts1.google.com
2013-10-12 09:46:44,mts0.google.com
2013-10-12 09:46:45,mts1.google.com
2013-10-12 09:46:45,khms0.google.fr
2013-10-12 09:46:45,mts0.google.com
2013-10-12 09:46:45,khms1.google.fr
2013-10-12 09:46:46,khms1.google.fr
2013-10-12 09:46:46,khms0.google.fr
2013-10-12 09:46:59,gg.google.com
2013-10-12 09:46:59,maps.google.fr
2013-10-12 09:46:59,khms0.google.fr
2013-10-12 09:46:59,mts0.google.com
2013-10-12 09:46:59,mts1.google.com
2013-10-12 09:47:00,khms1.google.fr
2013-10-12 09:47:00,khms0.google.fr
2013-10-12 09:47:02,khms1.google.fr
2013-10-12 09:47:02,khms0.google.fr
2013-10-12 09:47:11,khms1.google.fr
2013-10-12 09:47:12,khms1.google.fr
2013-10-12 09:47:14,khms0.google.fr
2013-10-12 09:47:14,gg.google.com
2013-10-12 09:47:14,mts1.google.com
2013-10-12 09:47:14,khms1.google.fr
2013-10-12 09:47:14,maps.google.fr
2013-10-12 09:47:15,khms0.google.fr
2013-10-12 09:47:15,khms1.google.fr
2013-10-12 09:47:15,mts1.google.com
2013-10-12 09:47:15,gg.google.com
2013-10-12 09:47:15,mts0.google.com
2013-10-12 09:47:16,mts1.google.com
2013-10-12 09:47:16,mts0.google.com
2013-10-12 09:47:16,khms1.google.fr
2013-10-12 09:47:16,khms0.google.fr
2013-10-12 09:47:17,maps.google.fr
2013-10-12 09:47:17,mts1.google.com
2013-10-12 09:47:17,khms1.google.fr
2013-10-12 09:47:17,khms0.google.fr
2013-10-12 09:47:17,mts0.google.com
2013-10-12 09:47:18,mts0.google.com
2013-10-12 09:47:18,mts1.google.com
2013-10-12 09:47:18,khms0.google.fr
2013-10-12 09:47:18,khms1.google.fr
2013-10-12 09:47:19,khms1.google.fr
2013-10-12 09:47:19,mts0.google.com
2013-10-12 09:47:19,mts1.google.com
2013-10-12 09:47:19,khms0.google.fr
2013-10-12 09:47:20,khms0.google.fr
2013-10-12 09:47:20,khms1.google.fr
2013-10-12 09:47:21,mts0.google.com
2013-10-12 09:47:21,khms0.google.fr
2013-10-12 09:47:21,khms1.google.fr
2013-10-12 09:47:21,mts1.google.com
2013-10-12 09:47:33,gg.google.com
2013-10-12 09:47:33,maps.google.fr
2013-10-12 09:47:33,khms0.google.fr
2013-10-12 09:47:33,mts1.google.com
2013-10-12 09:47:33,mts0.google.com
2013-10-12 09:47:33,khms1.google.fr
2013-10-12 09:47:34,mts0.google.com
2013-10-12 09:47:34,khms0.google.fr
2013-10-12 09:47:34,khms1.google.fr
2013-10-12 09:47:36,khms0.google.fr
2013-10-12 09:47:37,khms1.google.fr
2013-10-12 09:47:38,khms1.google.fr
2013-10-12 09:47:38,khms0.google.fr
2013-10-12 09:47:52,mts0.google.com
2013-10-12 09:47:55,khms1.google.fr
2013-10-12 09:47:55,khms0.google.fr
2013-10-12 09:47:56,khms0.google.fr
2013-10-12 09:47:56,khms1.google.fr
2013-10-12 09:47:56,gg.google.com
2013-10-12 09:47:56,mts0.google.com
2013-10-12 09:47:56,mts1.google.com
2013-10-12 09:47:56,maps.google.fr
2013-10-12 09:47:57,khms0.google.fr
2013-10-12 09:47:57,mts0.google.com
2013-10-12 09:47:57,khms1.google.fr
2013-10-12 09:47:58,khms0.google.fr
2013-10-12 09:47:58,khms1.google.fr
2013-10-12 09:47:58,mts0.google.com
2013-10-12 09:47:59,khms0.google.fr
2013-10-12 09:47:59,gg.google.com
2013-10-12 09:47:59,khms1.google.fr
2013-10-12 09:47:59,mts0.google.com
2013-10-12 09:47:59,mts1.google.com
2013-10-12 09:48:00,khms1.google.fr
2013-10-12 09:48:00,khms0.google.fr
2013-10-12 09:48:00,maps.google.fr
2013-10-12 09:48:00,mts1.google.com
2013-10-12 09:48:00,mts0.google.com
2013-10-12 09:48:01,khms0.google.fr
2013-10-12 09:48:01,khms1.google.fr
2013-10-12 09:48:02,khms0.google.fr
2013-10-12 09:48:04,khms0.google.fr
2013-10-12 09:48:05,khms0.google.fr
2013-10-12 09:48:11,khms0.google.fr
2013-10-12 09:48:11,maps.google.fr
2013-10-12 09:48:11,mts0.google.com
2013-10-12 09:48:12,mts0.google.com
2013-10-12 09:48:12,mts1.google.com
2013-10-12 09:48:12,khms1.google.fr
2013-10-12 09:48:12,maps.google.fr
2013-10-12 09:48:12,khms0.google.fr
2013-10-12 09:48:12,gg.google.com
2013-10-12 09:48:13,mts0.google.com
2013-10-12 09:48:13,mts1.google.com
2013-10-12 09:48:13,khms1.google.fr
2013-10-12 09:48:13,khms0.google.fr
2013-10-12 09:48:14,maps.google.fr
2013-10-12 09:48:14,gg.google.com
2013-10-12 09:48:15,mts0.google.com
2013-10-12 09:48:15,khms1.google.fr
2013-10-12 09:48:15,khms0.google.fr
2013-10-12 09:48:15,mts1.google.com
2013-10-12 09:48:16,khms1.google.fr
2013-10-12 09:48:16,khms0.google.fr
2013-10-12 09:48:16,mts1.google.com
2013-10-12 09:48:16,mts0.google.com
2013-10-12 09:48:17,mts1.google.com
2013-10-12 09:48:17,khms1.google.fr
2013-10-12 09:48:17,khms0.google.fr
2013-10-12 09:48:18,mts1.google.com
2013-10-12 09:48:18,gg.google.com
2013-10-12 09:48:18,mts0.google.com
2013-10-12 09:48:18,maps.google.fr
2013-10-12 09:48:19,khms1.google.fr
2013-10-12 09:48:19,mts1.google.com
2013-10-12 09:48:19,khms0.google.fr
2013-10-12 09:48:19,mts0.google.com
2013-10-12 09:48:20,gg.google.com
2013-10-12 09:48:20,khms1.google.fr
2013-10-12 09:48:20,mts0.google.com
2013-10-12 09:48:20,mts1.google.com
2013-10-12 09:48:20,maps.google.fr
2013-10-12 09:48:20,khms0.google.fr
2013-10-12 09:48:21,mts1.google.com
2013-10-12 09:48:21,mts0.google.com
2013-10-12 09:48:21,khms0.google.fr
2013-10-12 09:48:21,khms1.google.fr
2013-10-12 09:48:22,khms0.google.fr
2013-10-12 09:48:22,khms1.google.fr
2013-10-12 09:48:25,khms1.google.fr
2013-10-12 09:48:25,khms0.google.fr
2013-10-12 09:48:25,gg.google.com
2013-10-12 09:48:28,mts1.google.com
2013-10-12 09:48:33,khms0.google.fr
2013-10-12 09:48:33,mts0.google.com
2013-10-12 09:49:13,mts0.google.com
2013-10-12 09:49:31,khms0.google.fr
2013-10-12 09:49:31,maps.google.fr
2013-10-12 09:49:31,gg.google.com
2013-10-12 09:49:31,mts0.google.com
2013-10-12 09:49:31,mts1.google.com
2013-10-12 09:49:31,khms1.google.fr
2013-10-12 09:49:32,mts1.google.com
2013-10-12 09:49:32,mts0.google.com
2013-10-12 09:49:32,maps.google.fr
2013-10-12 09:49:32,khms0.google.fr
2013-10-12 09:49:32,khms1.google.fr
2013-10-12 09:49:34,khms0.google.fr
2013-10-12 09:49:40,khms0.google.fr
2013-10-12 09:49:44,khms0.google.fr
2013-10-12 09:49:46,khms0.google.fr
2013-10-12 09:49:48,gg.google.com
2013-10-12 09:49:48,maps.google.fr
2013-10-12 09:49:48,mts0.google.com
2013-10-12 09:49:49,khms0.google.fr
2013-10-12 09:49:50,gg.google.com
2013-10-12 09:49:50,mts1.google.com
2013-10-12 09:49:50,maps.google.fr
2013-10-12 09:49:50,khms1.google.fr
2013-10-12 09:49:50,khms0.google.fr
2013-10-12 09:49:51,mts0.google.com
2013-10-12 09:49:51,mts1.google.com
2013-10-12 09:49:51,khms0.google.fr
2013-10-12 09:49:51,khms1.google.fr
2013-10-12 09:49:52,mts0.google.com
2013-10-12 09:49:52,khms1.google.fr
2013-10-12 09:49:52,mts1.google.com
2013-10-12 09:49:53,mts1.google.com
2013-10-12 09:49:53,gg.google.com
2013-10-12 09:49:53,khms0.google.fr
2013-10-12 09:49:53,khms1.google.fr
2013-10-12 09:49:54,mts1.google.com
2013-10-12 09:49:54,mts0.google.com
2013-10-12 09:49:54,maps.google.fr
2013-10-12 09:49:54,khms0.google.fr
2013-10-12 09:49:54,khms1.google.fr
2013-10-12 09:49:55,khms0.google.fr
2013-10-12 09:49:55,khms1.google.fr
2013-10-12 09:49:59,khms1.google.fr
2013-10-12 09:50:00,khms1.google.fr
2013-10-12 09:50:13,khms0.google.fr
2013-10-12 09:50:13,maps.google.fr
2013-10-12 09:50:13,gg.google.com
2013-10-12 09:50:13,khms1.google.fr
2013-10-12 09:50:17,khms1.google.fr
2013-10-12 09:50:18,mts1.google.com
2013-10-12 09:50:19,mts0.google.com
2013-10-12 09:50:20,mts1.google.com
2013-10-12 09:50:20,khms1.google.fr
2013-10-12 09:50:20,maps.google.fr
2013-10-12 09:50:20,gg.google.com
2013-10-12 09:50:21,mts0.google.com
2013-10-12 09:50:23,khms0.google.fr
2013-10-12 09:50:23,maps.google.fr
2013-10-12 09:50:23,gg.google.com
2013-10-12 09:50:23,khms1.google.fr
2013-10-12 09:50:26,khms1.google.fr
2013-10-12 09:50:26,mts1.google.com
2013-10-12 09:50:33,maps.google.fr
2013-10-12 09:50:33,khms0.google.fr
2013-10-12 09:50:33,gg.google.com
2013-10-12 09:50:33,mts1.google.com
2013-10-12 09:50:33,khms1.google.fr
2013-10-12 09:50:33,mts0.google.com
2013-10-12 09:50:34,mts1.google.com
2013-10-12 09:50:34,mts0.google.com
2013-10-12 09:50:34,khms0.google.fr
2013-10-12 09:50:34,khms1.google.fr
2013-10-12 09:50:35,mts1.google.com
2013-10-12 09:50:35,mts0.google.com
2013-10-12 09:50:35,khms0.google.fr
2013-10-12 09:50:35,khms1.google.fr
2013-10-12 09:50:36,khms1.google.fr
2013-10-12 09:50:36,khms0.google.fr
2013-10-12 09:50:37,khms1.google.fr
2013-10-12 09:50:38,khms0.google.fr
2013-10-12 09:50:38,gg.google.com
2013-10-12 09:50:38,maps.google.fr
2013-10-12 09:50:38,mts0.google.com
2013-10-12 09:50:38,mts1.google.com
2013-10-12 09:50:38,khms1.google.fr
2013-10-12 09:50:39,mts1.google.com
2013-10-12 09:50:39,khms0.google.fr
2013-10-12 09:50:39,khms1.google.fr
2013-10-12 09:50:40,khms0.google.fr
2013-10-12 09:50:40,gg.google.com
2013-10-12 09:50:40,khms1.google.fr
2013-10-12 09:50:40,mts0.google.com
2013-10-12 09:50:40,mts1.google.com
2013-10-12 09:50:42,mts1.google.com
2013-10-12 09:50:43,mts1.google.com
2013-10-12 09:50:43,gg.google.com
2013-10-12 09:50:43,khms0.google.fr
2013-10-12 09:50:43,khms1.google.fr
2013-10-12 09:50:43,mts0.google.com
2013-10-12 09:50:44,khms1.google.fr
2013-10-12 09:50:44,mts1.google.com
2013-10-12 09:50:44,khms0.google.fr
2013-10-12 09:50:44,mts0.google.com
2013-10-12 09:50:45,khms1.google.fr
2013-10-12 09:50:45,khms0.google.fr
2013-10-12 09:50:45,mts0.google.com
2013-10-12 09:50:45,mts1.google.com
2013-10-12 09:50:46,khms0.google.fr
2013-10-12 09:51:05,maps.google.fr
2013-10-12 09:51:05,gg.google.com
2013-10-12 09:51:05,mts0.google.com
2013-10-12 09:51:05,khms1.google.fr
2013-10-12 09:51:05,mts1.google.com
2013-10-12 09:51:05,khms0.google.fr
2013-10-12 09:51:10,mts1.google.com
2013-10-12 09:51:10,khms1.google.fr
2013-10-12 09:51:13,mts1.google.com
2013-10-12 09:51:13,gg.google.com
2013-10-12 09:51:13,khms0.google.fr
2013-10-12 09:51:13,mts0.google.com
2013-10-12 09:51:13,khms1.google.fr
2013-10-12 09:51:13,maps.google.fr
2013-10-12 09:51:14,khms1.google.fr
2013-10-12 09:51:14,khms0.google.fr
2013-10-12 09:51:14,mts1.google.com
2013-10-12 09:51:14,gg.google.com
2013-10-12 09:51:14,mts0.google.com
2013-10-12 09:51:14,maps.google.fr
2013-10-12 09:51:15,khms0.google.fr
2013-10-12 09:51:15,khms1.google.fr
2013-10-12 09:51:16,khms0.google.fr
2013-10-12 09:51:16,khms1.google.fr
2013-10-12 09:51:18,khms0.google.fr
2013-10-12 09:51:18,khms1.google.fr
2013-10-12 09:54:04,mts0.google.com
2013-10-12 09:54:04,mts1.google.com
2013-10-12 09:54:04,khms0.google.fr
2013-10-12 09:54:04,khms1.google.fr
2013-10-12 09:54:04,maps.google.fr
2013-10-12 09:54:06,gg.google.com
2013-10-12 09:55:06,mts0.google.com
2013-10-12 09:55:06,mts1.google.com
2013-10-12 09:55:07,maps.google.fr
2013-10-12 09:55:07,khms1.google.fr
2013-10-12 09:55:07,khms0.google.fr
2013-10-12 09:55:07,gg.google.com
2013-10-12 09:55:07,mts0.google.com
2013-10-12 09:55:07,mts1.google.com
2013-10-12 09:55:10,khms0.google.fr
2013-10-12 09:55:10,khms1.google.fr
2013-10-12 09:57:10,khms1.google.fr
2013-10-12 09:57:10,khms0.google.fr
2013-10-12 09:57:10,gg.google.com
2013-10-12 09:57:10,mts1.google.com
2013-10-12 09:57:10,mts0.google.com
2013-10-12 09:58:16,maps.google.fr
2013-10-12 09:58:16,gg.google.com
2013-10-12 09:58:19,mts0.google.com
2013-10-12 09:58:19,mts1.google.com
2013-10-12 09:58:38,khms0.google.fr
2013-10-12 09:58:38,khms1.google.fr
2013-10-12 09:58:38,gg.google.com
2013-10-12 09:58:38,maps.google.fr
2013-10-12 09:58:38,mts1.google.com
2013-10-12 09:58:38,mts0.google.com
2013-10-12 09:58:39,khms0.google.fr
2013-10-12 09:58:39,khms1.google.fr
2013-10-12 09:58:39,mts1.google.com
2013-10-12 09:58:39,maps.google.fr
2013-10-12 09:58:39,mts0.google.com
2013-10-12 09:58:40,mts0.google.com
2013-10-12 09:58:40,mts1.google.com
2013-10-12 09:58:40,khms1.google.fr
2013-10-12 09:58:40,khms0.google.fr
2013-10-12 09:58:41,khms0.google.fr
2013-10-12 09:58:41,khms1.google.fr
2013-10-12 09:58:42,khms0.google.fr
2013-10-12 09:58:43,mts1.google.com
2013-10-12 09:58:43,mts0.google.com
2013-10-12 09:58:43,khms1.google.fr
2013-10-12 09:58:43,gg.google.com
2013-10-12 09:58:43,khms0.google.fr
2013-10-12 09:58:44,khms0.google.fr
2013-10-12 09:58:44,mts0.google.com
2013-10-12 09:58:44,khms1.google.fr
2013-10-12 09:58:44,mts1.google.com
2013-10-12 09:58:44,maps.google.fr
2013-10-12 09:58:45,khms0.google.fr
2013-10-12 09:58:45,mts0.google.com
2013-10-12 09:58:45,khms1.google.fr
2013-10-12 09:58:45,mts1.google.com
2013-10-12 09:58:46,khms0.google.fr
2013-10-12 09:58:46,khms1.google.fr
2013-10-12 09:58:47,khms0.google.fr
2013-10-12 09:58:47,khms1.google.fr
2013-10-12 09:58:48,khms1.google.fr
2013-10-12 09:58:48,khms0.google.fr
2013-10-12 09:58:48,gg.google.com
2013-10-12 09:58:48,mts0.google.com
2013-10-12 09:58:48,mts1.google.com
2013-10-12 09:58:49,mts1.google.com
2013-10-12 09:58:49,mts0.google.com
2013-10-12 09:58:49,khms0.google.fr
2013-10-12 09:58:50,khms0.google.fr
2013-10-12 09:58:50,khms1.google.fr
2013-10-12 09:58:50,mts0.google.com
2013-10-12 09:58:51,mts0.google.com
2013-10-12 09:58:51,khms0.google.fr
2013-10-12 09:58:51,khms1.google.fr
2013-10-12 09:58:51,mts1.google.com
2013-10-12 09:58:51,maps.google.fr
2013-10-12 09:58:51,gg.google.com
2013-10-12 09:58:52,mts0.google.com
2013-10-12 09:58:52,khms1.google.fr
2013-10-12 09:58:52,mts1.google.com
2013-10-12 09:58:52,gg.google.com
2013-10-12 09:58:52,khms0.google.fr
2013-10-12 09:58:53,mts1.google.com
2013-10-12 09:58:53,mts0.google.com
2013-10-12 09:58:54,mts1.google.com
2013-10-12 09:58:56,mts0.google.com
2013-10-12 09:58:56,mts1.google.com
2013-10-12 09:58:57,mts1.google.com
2013-10-12 09:59:26,mts1.google.com
2013-10-12 09:59:26,khms0.google.fr
2013-10-12 09:59:26,mts0.google.com
2013-10-12 09:59:27,khms0.google.fr
2013-10-12 09:59:27,khms1.google.fr
2013-10-12 09:59:27,mts0.google.com
2013-10-12 09:59:27,gg.google.com
2013-10-12 09:59:27,maps.google.fr
2013-10-12 09:59:27,mts3.google.com
2013-10-12 09:59:27,mts2.google.com
2013-10-12 09:59:27,mts1.google.com
2013-10-12 09:59:28,mw2.google.com
2013-10-12 09:59:28,mts3.google.com
2013-10-12 09:59:28,mts2.google.com
2013-10-12 09:59:28,mts0.google.com
2013-10-12 09:59:38,maps.google.fr
2013-10-12 09:59:49,mts3.google.com
2013-10-12 09:59:49,mts1.google.com
2013-10-12 09:59:49,mts0.google.com
2013-10-12 09:59:49,maps.google.fr
2013-10-12 09:59:49,gg.google.com
2013-10-12 09:59:49,mts2.google.com
2013-10-12 09:59:49,mw2.google.com
2013-10-12 09:59:49,khms0.google.fr
2013-10-12 09:59:50,mts1.google.com
2013-10-12 09:59:50,khms1.google.fr
2013-10-12 09:59:50,mts0.google.com
2013-10-12 09:59:50,khms0.google.fr
2013-10-12 09:59:51,khms0.google.fr
2013-10-12 09:59:51,khms1.google.fr
2013-10-12 09:59:52,khms1.google.fr
2013-10-12 09:59:52,khms0.google.fr
2013-10-12 09:59:53,maps.google.fr
2013-10-12 09:59:53,mts0.google.com
2013-10-12 09:59:53,mts1.google.com
2013-10-12 09:59:53,khms0.google.fr
2013-10-12 09:59:53,khms1.google.fr
2013-10-12 09:59:53,gg.google.com
2013-10-12 09:59:54,khms0.google.fr
2013-10-12 09:59:55,mts1.google.com
2013-10-12 09:59:56,khms0.google.fr
2013-10-12 09:59:56,mts1.google.com
2013-10-12 09:59:56,khms1.google.fr
2013-10-12 09:59:59,khms1.google.fr
2013-10-12 09:59:59,mts1.google.com
2013-10-12 09:59:59,khms0.google.fr
2013-10-12 09:59:59,gg.google.com
2013-10-12 09:59:59,mts0.google.com
2013-10-12 09:59:59,maps.google.fr
2013-10-12 10:00:00,khms0.google.fr
2013-10-12 10:00:00,khms1.google.fr
2013-10-12 10:00:01,khms0.google.fr
2013-10-12 10:00:01,khms1.google.fr
2013-10-12 10:00:02,khms0.google.fr
2013-10-12 10:00:04,khms1.google.fr
2013-10-12 10:00:04,khms0.google.fr
2013-10-12 10:00:04,maps.google.fr
2013-10-12 10:00:04,gg.google.com
2013-10-12 10:00:04,mts1.google.com
2013-10-12 10:00:04,mts0.google.com
2013-10-12 10:00:05,khms0.google.fr
2013-10-12 10:00:05,khms1.google.fr
2013-10-12 10:00:05,mts1.google.com
2013-10-12 10:00:06,khms0.google.fr
2013-10-12 10:00:06,khms1.google.fr
2013-10-12 10:00:15,khms1.google.fr
2013-10-12 10:00:43,khms1.google.fr
2013-10-12 10:00:44,gg.google.com
2013-10-12 10:00:44,khms1.google.fr
2013-10-12 10:00:44,mts0.google.com
2013-10-12 10:00:44,khms0.google.fr
2013-10-12 10:00:44,mts1.google.com
2013-10-12 10:00:44,maps.google.fr
2013-10-12 10:00:45,khms0.google.fr
2013-10-12 10:00:45,khms1.google.fr
2013-10-12 10:00:46,khms1.google.fr
2013-10-12 10:00:58,khms0.google.fr
2013-10-12 10:00:58,khms1.google.fr
2013-10-12 10:00:58,gg.google.com
2013-10-12 10:00:58,mts0.google.com
2013-10-12 10:00:58,mts1.google.com
2013-10-12 10:00:59,mts0.google.com
2013-10-12 10:00:59,mts1.google.com
2013-10-12 10:00:59,khms1.google.fr
2013-10-12 10:00:59,khms0.google.fr
2013-10-12 10:01:00,mts1.google.com
2013-10-12 10:01:00,khms0.google.fr
2013-10-12 10:01:00,mts0.google.com
2013-10-12 10:01:00,khms1.google.fr
2013-10-12 10:01:02,khms0.google.fr
2013-10-12 10:01:22,maps.google.fr
2013-10-12 10:01:22,khms0.google.fr
2013-10-12 10:01:22,gg.google.com
2013-10-12 10:01:22,mts0.google.com
2013-10-12 10:01:22,khms1.google.fr
2013-10-12 10:01:22,mts1.google.com
2013-10-12 10:01:23,mts0.google.com
2013-10-12 10:01:23,mts1.google.com
2013-10-12 10:01:23,khms0.google.fr
2013-10-12 10:01:23,khms1.google.fr
2013-10-12 10:01:24,khms1.google.fr
2013-10-12 10:01:24,khms0.google.fr
2013-10-12 10:01:24,mts1.google.com
2013-10-12 10:03:30,maps.google.fr
2013-10-12 10:03:30,gg.google.com
2013-10-12 10:03:30,mts0.google.com
2013-10-12 10:03:30,mts1.google.com
2013-10-12 10:03:30,khms1.google.fr
2013-10-12 10:03:30,khms0.google.fr
2013-11-19 08:10:03,javadl-esd-secure.oracle.com
2013-11-19 09:17:43,javadl-esd-secure.oracle.com
2013-11-19 09:24:47,cnfg.toolbarservices.com
2013-11-19 09:25:04,www.google.fr
2013-11-19 09:25:06,apis.google.com
2013-11-19 09:25:07,www.google.com
2013-11-19 09:27:10,www.google.fr
2013-11-19 09:27:10,apis.google.com
2013-11-19 09:27:10,www.google.com
2013-11-19 09:27:25,ieonline.microsoft.com
2013-11-19 11:43:59,javadl-esd-secure.oracle.com
2013-11-26 08:59:59,cnfg.toolbarservices.com
2013-11-26 09:00:00,utils.delta-search.com
2013-11-26 09:00:11,www.google.com
2013-11-26 09:01:07,ad.foxitsoftware.com
2013-11-26 09:02:49,ieonline.microsoft.com
2013-11-26 09:02:51,go.microsoft.com
2013-11-26 09:04:24,javadl-esd-secure.oracle.com
2013-11-26 09:04:27,javadl-esd-secure.oracle.com
2013-11-26 09:10:03,fpdownload2.macromedia.com
2013-12-18 16:21:43,javadl-esd-secure.oracle.com
2013-12-18 16:21:48,javadl-esd-secure.oracle.com
2013-12-18 16:24:30,cnfg.toolbarservices.com
2013-12-18 16:24:31,utils.delta-search.com
2013-12-18 16:24:34,fpdownload2.macromedia.com
2013-12-18 16:24:39,www.google.fr
2013-12-18 16:24:40,www.google.fr
2013-12-18 16:24:41,www.google.com
2013-12-18 16:24:43,apis.google.com
2013-12-18 16:24:43,www.google.com
2013-12-18 16:25:07,www.google.fr
2013-12-18 16:25:10,www.google.fr
2013-12-18 16:25:11,fr.wikipedia.org
2013-12-18 16:25:11,apis.google.com
2013-12-18 16:25:11,www.google.com
2013-12-18 16:25:11,www.google.fr
2013-12-18 16:25:11,bits.wikimedia.org
2013-12-18 16:25:12,bits.wikimedia.org
2013-12-18 16:25:12,meta.wikimedia.org
2013-12-18 16:25:12,login.wikimedia.org
2013-12-18 16:25:13,bits.wikimedia.org
2013-12-18 16:25:13,fr.wikipedia.org
2013-12-18 16:26:13,bits.wikimedia.org
2013-12-18 16:27:32,ieonline.microsoft.com
2013-12-18 16:27:34,go.microsoft.com
2013-12-18 16:55:46,www.google.fr
2013-12-18 16:56:47,www.google.fr
2013-12-18 16:56:47,yui.yahooapis.com
2013-12-18 16:56:47,www.wordreference.com
2013-12-18 16:56:48,www.wordreference.com
2013-12-18 16:56:57,www.wordreference.com
2013-12-18 16:56:59,www.wordreference.com
2013-12-18 16:57:00,www.wordreference.com
2013-12-18 16:57:00,www.google.com
2013-12-18 16:57:00,www.google.fr
2013-12-18 16:57:00,apis.google.com
2013-12-18 16:57:01,www.facebook.com
2013-12-18 16:57:01,http.tidaltv.com
2013-12-18 16:57:02,www.wordreference.com
2013-12-18 16:57:02,apis.google.com
2013-12-18 16:57:03,www2.wordreference.com
2013-12-18 17:00:00,www.wordreference.com
2013-12-18 17:00:02,www.wordreference.com
2013-12-18 17:00:03,www.wordreference.com
2013-12-18 17:00:04,www.wordreference.com
2013-12-18 17:00:04,www.google.com
2013-12-18 17:00:04,www.google.fr
2013-12-18 17:00:05,choices.truste.com
2013-12-18 17:00:05,http.tidaltv.com
2013-12-18 17:00:05,www.wordreference.com
2013-12-18 17:00:06,www.wordreference.com
2013-12-18 17:00:06,www.facebook.com
2013-12-18 17:00:07,www2.wordreference.com
2013-12-18 17:00:07,choices.truste.com
2013-12-18 17:00:08,www.google.com
2013-12-18 17:00:08,adventori.com
2013-12-18 17:00:08,www2.wordreference.com
2013-12-18 17:00:08,um.simpli.fi
2013-12-18 17:00:09,choices.truste.com
2013-12-18 17:00:41,www.google.fr
2013-12-18 17:00:48,www.google.fr
2013-12-18 17:00:49,www.google.fr
2013-12-18 17:00:49,apis.google.com
2013-12-18 17:00:49,www.facebook.com
2013-12-18 17:00:49,www.synonymes.com
2013-12-18 17:00:50,accounts.google.com
2013-12-18 17:00:52,apis.google.com
2013-12-18 17:00:52,www.synonymes.com
2013-12-18 17:00:57,www.synonymes.com
2013-12-18 17:00:57,accounts.google.com
2013-12-18 17:00:58,www.synonymes.com
2013-12-18 17:01:00,www.synonymes.com
2013-12-18 17:01:09,www.synonymes.com
2013-12-18 17:01:35,www.wordreference.com
2013-12-18 17:01:35,www.google.com
2013-12-18 17:01:35,www.google.fr
2013-12-18 17:01:36,www.facebook.com
2013-12-18 17:01:36,www.wordreference.com
2013-12-18 17:01:36,http.tidaltv.com
2013-12-18 17:01:37,www2.wordreference.com
2013-12-18 17:01:38,www2.wordreference.com
2013-12-18 17:02:39,choices.truste.com
2013-12-18 17:09:37,www.google.fr
2013-12-18 17:09:38,www.google.fr
2013-12-18 17:12:36,www.google.fr
2013-12-18 17:17:25,www.google.fr
2013-12-18 17:17:26,bits.wikimedia.org
2013-12-18 17:17:26,fr.wikipedia.org
2013-12-18 17:17:27,meta.wikimedia.org
2013-12-18 17:17:27,bits.wikimedia.org
2013-12-18 17:17:27,fr.wikipedia.org
2013-12-18 17:18:24,www.google.fr
2013-12-18 17:18:25,mars.nasa.gov
2013-12-18 17:18:25,www.google.fr
2013-12-18 17:18:25,ajax.googleapis.com
2013-12-18 17:18:26,mars.nasa.gov
2013-12-18 17:18:26,metrics.jpl.nasa.gov
2013-12-18 17:18:26,mars.jpl.nasa.gov
2013-12-18 17:18:27,mars.nasa.gov
2013-12-18 17:18:57,mars.nasa.gov
2013-12-18 17:18:58,metrics.jpl.nasa.gov
2013-12-18 17:18:58,mars.nasa.gov
2013-12-18 17:18:59,mars.nasa.gov
2013-12-18 17:20:02,mars.nasa.gov
2013-12-18 17:20:02,metrics.jpl.nasa.gov
2013-12-18 17:20:03,mars.nasa.gov
2013-12-18 17:20:09,mars.nasa.gov
2013-12-18 17:20:09,metrics.jpl.nasa.gov
2013-12-18 17:20:18,mars.nasa.gov
2013-12-18 17:20:18,metrics.jpl.nasa.gov
2013-12-18 17:20:19,mars.nasa.gov
2013-12-18 17:21:28,mars.nasa.gov
2013-12-18 17:21:29,metrics.jpl.nasa.gov
2013-12-18 17:21:33,mars.nasa.gov
2013-12-18 17:21:33,metrics.jpl.nasa.gov
2013-12-18 17:21:35,mars.nasa.gov
2013-12-18 17:21:35,metrics.jpl.nasa.gov
2013-12-18 17:21:36,mars.nasa.gov
2013-12-18 17:21:37,cab.inta-csic.es
2013-12-18 17:21:38,cab.inta-csic.es
2013-12-18 17:21:39,cab.inta-csic.es
2013-12-18 17:21:40,cab.inta-csic.es
2013-12-18 17:21:41,cab.inta-csic.es
2013-12-18 17:21:58,metrics.jpl.nasa.gov
2013-12-18 17:22:01,mars.nasa.gov
2013-12-18 17:22:01,metrics.jpl.nasa.gov
2013-12-18 17:22:02,mars.nasa.gov
2013-12-18 17:27:50,www.google.fr
2013-12-18 17:27:59,www.google.fr
2013-12-18 17:28:00,bits.wikimedia.org
2013-12-18 17:28:00,meta.wikimedia.org
2013-12-18 17:28:00,www.google.fr
2013-12-18 17:28:00,fr.wikipedia.org
2013-12-18 17:28:01,meta.wikimedia.org
2013-12-18 17:28:01,fr.wikipedia.org
2013-12-18 17:29:27,www.google.fr
2013-12-18 17:29:27,fr.wikipedia.org
2013-12-18 17:29:28,meta.wikimedia.org
2013-12-18 17:29:29,fr.wikipedia.org
2013-12-18 17:31:32,www.google.fr
2013-12-18 17:31:34,www.google.fr
2013-12-18 17:31:34,planet-terre.ens-lyon.fr
2013-12-18 17:31:35,planet-terre.ens-lyon.fr
2013-12-18 17:31:41,www.google.com
2013-12-18 17:31:54,www.google.com
2013-12-18 17:31:54,bits.wikimedia.org
2013-12-18 17:31:54,fr.wikipedia.org
2013-12-18 17:31:54,www.google.fr
2013-12-18 17:31:55,fr.wikipedia.org
2013-12-18 17:31:55,meta.wikimedia.org
2013-12-18 17:31:55,bits.wikimedia.org
2013-12-18 17:32:16,fr.wikipedia.org
2013-12-18 17:32:16,bits.wikimedia.org
2013-12-18 17:32:17,meta.wikimedia.org
2013-12-18 17:32:17,www.google.fr
2013-12-18 17:32:18,fr.wikipedia.org
2013-12-18 17:32:18,meta.wikimedia.org
2013-12-18 17:32:21,meta.wikimedia.org
2013-12-18 17:33:17,bits.wikimedia.org
2013-12-18 17:33:18,bits.wikimedia.org
2013-12-18 17:33:21,fr.wikipedia.org
2013-12-18 17:33:21,meta.wikimedia.org
2013-12-18 17:33:41,clients1.google.fr
2013-12-18 17:33:42,www.google.fr
2013-12-18 17:33:42,clients1.google.fr
2013-12-18 17:33:44,www.google.fr
2013-12-18 17:33:57,www.google.fr
2013-12-18 17:34:01,www.google.fr
2013-12-18 17:34:01,planet-terre.ens-lyon.fr
2013-12-18 17:34:03,planet-terre.ens-lyon.fr
2013-12-18 17:34:04,planet-terre.ens-lyon.fr
2013-12-18 17:34:04,www.google.fr
2013-12-18 17:34:33,www.google.fr
2013-12-18 17:34:33,aurelienb.pagesperso-orange.fr
2013-12-18 17:34:33,clients1.google.fr
2013-12-18 17:34:34,aurelienb.pagesperso-orange.fr
2013-12-18 17:34:34,perso.orange.fr
2013-12-18 17:34:34,pagesperso-orange.fr
2013-12-18 17:35:23,www.google.fr
2013-12-18 17:35:24,aurelienb.pagesperso-orange.fr
2013-12-18 17:37:03,www.google.fr
2013-12-18 17:37:03,clients1.google.fr
2013-12-18 17:37:07,www.cosmovisions.com
2013-12-18 17:37:07,www.google.fr
2013-12-18 17:37:08,www.cosmovisions.com
2013-12-18 17:37:08,apis.google.com
2013-12-18 17:37:09,www.audienceinsights.net
2013-12-18 17:37:09,apis.google.com
2013-12-18 17:37:09,www.cosmovisions.com
2013-12-18 17:37:10,www.assoc-amazon.fr
2013-12-18 17:37:10,wms.assoc-amazon.fr
2013-12-18 17:37:11,www.amazon.fr
2013-12-18 17:37:11,www.google.fr
2013-12-18 17:37:11,z-ecx.images-amazon.com
2013-12-18 17:37:11,www.cosmovisions.com
2013-12-18 17:37:12,www.audienceinsights.net
2013-12-18 17:37:13,www.amazon.fr
2013-12-18 17:37:13,www.assoc-amazon.fr
2013-12-18 17:37:13,z-ecx.images-amazon.com
2013-12-18 17:37:14,z-ecx.images-amazon.com
2013-12-18 17:37:14,hal9000.redintelligence.net
2013-12-18 17:37:15,www.uaredesign.com
2013-12-18 17:37:15,www.news-parfums.com
2013-12-18 17:37:15,hal9000.redintelligence.net
2013-12-18 17:37:15,www.cosmovisions.com
2013-12-18 17:37:15,n19.hal9000.redintelligence.net
2013-12-18 17:37:16,ea.numericable.fr
2013-12-18 17:37:39,clients1.google.fr
2013-12-18 17:37:39,www.google.fr
2013-12-18 17:37:45,www.google.fr
2013-12-18 17:37:45,astro2009.futura-sciences.com
2013-12-18 17:37:46,astro2009.futura-sciences.com
2013-12-18 17:37:46,www.google.fr
2013-12-18 17:37:47,astro2009.futura-sciences.com
2013-12-18 17:37:48,www.futura-sciences.com
2013-12-18 17:37:48,legacy.futura-sciences.com
2013-12-18 17:37:48,astro2009.futura-sciences.com
2013-12-18 17:38:03,www.google.fr
2013-12-18 17:38:13,www.howitworksdaily.com
2013-12-18 17:38:14,www.google.fr
2013-12-18 17:38:14,www.howitworksdaily.com
2013-12-18 17:38:16,www.google.fr
2013-12-18 17:38:16,clients1.google.fr
2013-12-18 17:38:16,www.howitworksdaily.com
2013-12-18 17:38:16,w.sharethis.com
2013-12-18 17:38:17,www.howitworksdaily.com
2013-12-18 17:38:24,www.howitworksdaily.com
2013-12-18 17:38:26,www.howitworksdaily.com
2013-12-18 17:38:27,www.howitworksdaily.com
2013-12-18 17:38:27,www.stumbleupon.com
2013-12-18 17:38:27,reddit.com
2013-12-18 17:38:27,www.reddit.com
2013-12-18 17:38:27,www.imagine-publishing.co.uk
2013-12-18 17:38:28,www.howitworksdaily.com
2013-12-18 17:38:28,play-mag.co.uk
2013-12-18 17:38:29,www.howitworksdaily.com
2013-12-18 17:38:37,www.google.fr
2013-12-18 17:38:39,www.google.fr
2013-12-18 17:38:39,www.nasa.gov
2013-12-18 17:38:40,www.nasa.gov
2013-12-18 17:38:41,platform.twitter.com
2013-12-18 17:38:41,cmsdev.nasa.gov.s3.amazonaws.com
2013-12-18 17:38:41,www.nasa.gov
2013-12-18 17:38:42,platform.twitter.com
2013-12-18 17:38:42,www.nasa.gov
2013-12-18 17:38:43,gdata.youtube.com
2013-12-18 17:38:43,www.nasa.gov
2013-12-18 17:38:44,www.nasa.gov
2013-12-18 17:38:44,platform.twitter.com
2013-12-18 17:38:44,searchstats.usa.gov
2013-12-18 17:38:45,www.nasa.gov
2013-12-18 17:38:45,platform.twitter.com
2013-12-18 17:38:45,pbs.twimg.com
2013-12-18 17:38:45,twitter.com
2013-12-18 17:38:45,gdata.youtube.com
2013-12-18 17:38:46,pbs.twimg.com
2013-12-18 17:38:47,pbs.twimg.com
2013-12-18 17:38:52,www.nasa.gov
2013-12-18 17:38:52,pbs.twimg.com
2013-12-18 17:38:53,www.usa.gov
2013-12-18 17:38:53,twitter.com
2013-12-18 17:38:59,www.nasa.gov
2013-12-18 17:39:00,www.nasa.gov
2013-12-18 17:39:00,log.www.nasa.gov
2013-12-18 17:39:05,apod.nasa.gov
2013-12-18 17:39:06,apod.nasa.gov
2013-12-18 17:39:08,platform.twitter.com
2013-12-18 17:39:08,photojournal.jpl.nasa.gov
2013-12-18 17:39:09,apod.nasa.gov
2013-12-18 17:39:09,photojournal.jpl.nasa.gov
2013-12-18 17:39:10,photojournal.jpl.nasa.gov
2013-12-18 17:39:10,metrics.jpl.nasa.gov
2013-12-18 17:39:11,photojournal.jpl.nasa.gov
2013-12-18 17:39:12,photojournal.jpl.nasa.gov
2013-12-18 17:41:31,www.nasa.gov
2013-12-18 17:41:32,www.nasa.gov
2013-12-18 17:41:32,log.www.nasa.gov
2013-12-18 17:41:33,www.nasa.gov
2013-12-18 17:42:13,www.nasa.gov
2013-12-18 17:42:14,log.www.nasa.gov
2013-12-18 17:42:14,www.nasa.gov
2013-12-18 17:42:15,www.nasa.gov
2013-12-18 17:42:16,www.nasa.gov
2013-12-18 17:42:19,www.nasa.gov
2013-12-18 17:43:36,www.google.fr
2013-12-18 17:43:48,www.google.fr
2013-12-18 17:43:48,bits.wikimedia.org
2013-12-18 17:43:48,en.wikipedia.org
2013-12-18 17:43:49,meta.wikimedia.org
2013-12-18 17:43:49,bits.wikimedia.org
2013-12-18 17:43:49,login.wikimedia.org
2013-12-18 17:43:50,bits.wikimedia.org
2013-12-18 17:43:50,meta.wikimedia.org
2013-12-18 17:43:50,en.wikipedia.org
2013-12-18 17:45:09,en.wikipedia.org
2013-12-18 17:45:09,bits.wikimedia.org
2013-12-18 17:45:10,meta.wikimedia.org
2013-12-18 17:45:11,en.wikipedia.org
2013-12-18 17:47:47,www.google.fr
2013-12-18 17:47:51,www.google.fr
2013-12-18 17:48:14,www.google.fr
2013-12-18 17:48:15,www.google.fr
2013-12-18 17:48:15,fr.wikipedia.org
2013-12-18 17:48:15,bits.wikimedia.org
2013-12-18 17:48:16,fr.wikipedia.org
2013-12-18 17:48:16,meta.wikimedia.org
2013-12-18 17:49:21,bits.wikimedia.org
2013-12-18 17:49:21,fr.wikipedia.org
2013-12-18 17:49:21,meta.wikimedia.org
2013-12-18 17:49:44,fr.wikipedia.org
2013-12-18 17:49:45,meta.wikimedia.org
2013-12-18 17:49:45,fr.wikipedia.org
2013-12-18 17:49:46,fr.wikipedia.org
2013-12-18 17:49:46,meta.wikimedia.org
2013-12-18 17:49:47,meta.wikimedia.org
2013-12-18 17:49:47,fr.wikipedia.org
2013-12-18 17:50:34,commons.wikimedia.org
2013-12-18 17:50:34,bits.wikimedia.org
2013-12-18 17:50:34,login.wikimedia.org
2013-12-18 17:50:34,meta.wikimedia.org
2013-12-18 17:50:35,commons.wikimedia.org
2013-12-18 17:50:35,meta.wikimedia.org
2013-12-18 17:50:35,bits.wikimedia.org
2013-12-18 17:50:36,bits.wikimedia.org
2013-12-18 17:50:36,commons.wikimedia.org
2013-12-18 17:50:37,bits.wikimedia.org
2013-12-18 17:50:37,commons.wikimedia.org
2013-12-18 17:50:55,commons.wikimedia.org
2013-12-18 17:50:55,meta.wikimedia.org
2013-12-18 17:50:55,bits.wikimedia.org
2013-12-18 17:50:56,meta.wikimedia.org
2013-12-18 17:50:56,commons.wikimedia.org
2013-12-18 17:50:57,commons.wikimedia.org
2013-12-18 17:51:13,commons.wikimedia.org
2013-12-18 17:51:13,meta.wikimedia.org
2013-12-18 17:51:14,commons.wikimedia.org
2013-12-18 17:51:15,commons.wikimedia.org
2013-12-18 17:51:16,fr.wikipedia.org
2013-12-18 17:51:20,commons.wikimedia.org
2013-12-18 17:51:20,bits.wikimedia.org
2013-12-18 17:51:20,meta.wikimedia.org
2013-12-18 17:51:21,meta.wikimedia.org
2013-12-18 17:51:21,commons.wikimedia.org
2013-12-18 17:51:22,commons.wikimedia.org
2013-12-18 17:51:23,fr.wikipedia.org
2013-12-18 17:51:24,meta.wikimedia.org
2013-12-18 17:51:25,commons.wikimedia.org
2013-12-18 17:51:26,meta.wikimedia.org
2013-12-18 17:51:26,commons.wikimedia.org
2013-12-18 17:51:27,commons.wikimedia.org
2013-12-18 17:51:35,meta.wikimedia.org
2013-12-18 17:51:35,fr.wikipedia.org
2013-12-18 17:52:50,en.wikipedia.org
2013-12-18 17:52:50,bits.wikimedia.org
2013-12-18 17:52:50,commons.wikimedia.org
2013-12-18 17:52:51,bits.wikimedia.org
2013-12-18 17:52:51,meta.wikimedia.org
2013-12-18 17:52:51,en.wikipedia.org
2013-12-18 17:53:37,en.wikipedia.org
2013-12-18 17:53:37,meta.wikimedia.org
2013-12-18 17:53:43,en.wikipedia.org
2013-12-18 17:53:43,commons.wikimedia.org
2013-12-18 17:53:43,bits.wikimedia.org
2013-12-18 17:53:44,meta.wikimedia.org
2013-12-18 17:53:44,bits.wikimedia.org
2013-12-18 17:53:44,en.wikipedia.org
2013-12-18 17:54:36,en.wikipedia.org
2013-12-18 17:54:36,meta.wikimedia.org
2013-12-18 17:54:58,commons.wikimedia.org
2013-12-18 17:54:58,bits.wikimedia.org
2013-12-18 17:54:58,meta.wikimedia.org
2013-12-18 17:54:58,en.wikipedia.org
2013-12-18 17:54:59,meta.wikimedia.org
2013-12-18 17:54:59,en.wikipedia.org
2013-12-18 17:55:40,www.google.fr
2013-12-18 17:55:48,www.google.fr
2013-12-18 17:55:49,www.google.fr
2013-12-18 17:55:49,fr.wikipedia.org
2013-12-18 17:55:49,bits.wikimedia.org
2013-12-18 17:55:50,meta.wikimedia.org
2013-12-18 17:55:50,fr.wikipedia.org
2013-12-18 17:55:50,bits.wikimedia.org
2013-12-18 17:56:50,bits.wikimedia.org
2013-12-18 17:57:10,fr.wikipedia.org
2013-12-18 17:57:10,bits.wikimedia.org
2013-12-18 17:57:10,meta.wikimedia.org
2013-12-18 17:57:11,fr.wikipedia.org
2013-12-18 17:57:11,meta.wikimedia.org
2013-12-18 17:57:19,meta.wikimedia.org
2013-12-18 17:57:19,fr.wikipedia.org
2013-12-18 17:59:05,commons.wikimedia.org
2013-12-18 17:59:06,bits.wikimedia.org
2013-12-18 17:59:06,meta.wikimedia.org
2013-12-18 17:59:06,commons.wikimedia.org
2013-12-18 17:59:07,commons.wikimedia.org
2013-12-18 17:59:19,fr.wikipedia.org
2013-12-18 17:59:19,meta.wikimedia.org
2013-12-18 17:59:32,fr.wikipedia.org
2013-12-18 17:59:32,bits.wikimedia.org
2013-12-18 17:59:32,meta.wikimedia.org
2013-12-18 17:59:33,meta.wikimedia.org
2013-12-18 17:59:34,fr.wikipedia.org
2013-12-18 18:00:31,commons.wikimedia.org
2013-12-18 18:00:31,bits.wikimedia.org
2013-12-18 18:00:31,meta.wikimedia.org
2013-12-18 18:00:32,commons.wikimedia.org
2013-12-18 18:02:37,www.google.fr
2013-12-18 18:02:54,www.google.fr
2013-12-18 18:02:55,www.nasa.gov
2013-12-18 18:02:55,www.google.fr
2013-12-18 18:02:56,www.nasa.gov
2013-12-18 18:02:56,platform.twitter.com
2013-12-18 18:02:57,www.nasa.gov
2013-12-18 18:02:58,twitter.com
2013-12-18 18:02:58,www.nasa.gov
2013-12-18 18:02:59,i1.ytimg.com
2013-12-18 18:02:59,platform.twitter.com
2013-12-18 18:02:59,www.nasa.gov
2013-12-18 18:02:59,gdata.youtube.com
2013-12-18 18:03:00,gdata.youtube.com
2013-12-18 18:03:30,syndication.twitter.com
2013-12-18 18:03:30,twitter.com
2013-12-18 18:03:38,www.nasa.gov
2013-12-18 18:03:39,platform.twitter.com
2013-12-18 18:03:39,syndication.twitter.com
2013-12-18 18:03:39,www.nasa.gov
2013-12-18 18:03:40,www.nasa.gov
2013-12-18 18:03:41,www.nasa.gov
2013-12-18 18:03:41,searchstats.usa.gov
2013-12-18 18:03:42,gdata.youtube.com
2013-12-18 18:03:42,www.youtube.com
2013-12-18 18:03:42,s.ytimg.com
2013-12-18 18:03:42,www.nasa.gov
2013-12-18 18:03:43,www.nasa.gov
2013-12-18 18:03:43,s.ytimg.com
2013-12-18 18:03:45,s.ytimg.com
2013-12-18 18:03:45,i1.ytimg.com
2013-12-18 18:03:46,i1.ytimg.com
2013-12-18 18:04:02,www.nasa.gov
2013-12-18 18:04:03,www.nasa.gov
2013-12-18 18:04:04,searchstats.usa.gov
2013-12-18 18:04:04,www.nasa.gov
2013-12-18 18:04:05,gdata.youtube.com
2013-12-18 18:04:34,www.nasa.gov
2013-12-18 18:04:35,www.nasa.gov
2013-12-18 18:04:36,www.nasa.gov
2013-12-18 18:04:36,searchstats.usa.gov
2013-12-18 18:04:37,www.nasa.gov
2013-12-18 18:04:37,gdata.youtube.com
2013-12-18 18:04:38,events.foreseeresults.com
2013-12-18 18:04:40,events.foreseeresults.com
2013-12-18 18:04:47,hubblesite.org
2013-12-18 18:04:48,hubblesite.org
2013-12-18 18:04:49,hubblesite.org
2013-12-18 18:04:50,hubblesite.org
2013-12-18 18:04:59,hubblesite.org
2013-12-18 18:05:00,hubblesite.org
2013-12-18 18:05:03,hubblesite.org
2013-12-18 18:05:04,hubblesite.org
2013-12-18 18:05:07,api.flickr.com
2013-12-18 18:05:08,farm3.staticflickr.com
2013-12-18 18:05:08,farm4.staticflickr.com
2013-12-18 18:05:08,farm8.staticflickr.com
2013-12-18 18:05:09,farm4.staticflickr.com
2013-12-18 18:05:09,farm6.staticflickr.com
2013-12-18 18:05:09,farm3.staticflickr.com
2013-12-18 18:05:09,farm8.staticflickr.com
2013-12-18 18:05:09,hubblesite.org
2013-12-18 18:05:10,hubblesite.org
2013-12-18 18:05:10,farm8.staticflickr.com
2013-12-18 18:05:47,farm4.staticflickr.com
2013-12-18 18:05:47,farm8.staticflickr.com
2013-12-18 18:06:00,hubblesite.org
2013-12-18 18:06:06,hubblesite.org
2013-12-18 18:06:07,hubblesite.org
2013-12-18 18:06:08,hubblesite.org
2013-12-18 18:06:09,hubblesite.org
2013-12-18 18:06:11,hubblesite.org
2013-12-18 18:06:12,hubblesite.org
2013-12-18 18:06:31,hubblesite.org
2013-12-18 18:06:32,hubblesite.org
2013-12-18 18:06:42,hubblesite.org
2013-12-18 18:06:54,hubblesite.org
2013-12-18 18:06:59,hubblesite.org
2013-12-18 18:07:06,hubblesite.org
2013-12-18 18:07:07,hubblesite.org
2013-12-18 18:07:08,hubblesite.org
2013-12-18 18:07:19,hubblesite.org
2013-12-18 18:07:25,hubblesite.org
2013-12-18 18:07:34,hubblesite.org
2013-12-18 18:07:51,hubblesite.org
2013-12-18 18:08:08,hubblesite.org
2013-12-18 18:08:21,hubblesite.org
2013-12-18 18:08:42,www.wordreference.com
2013-12-18 18:08:48,www.wordreference.com
2013-12-18 18:08:49,www.wordreference.com
2013-12-18 18:08:49,www.google.com
2013-12-18 18:08:49,www.google.fr
2013-12-18 18:08:50,apis.google.com
2013-12-18 18:08:50,www.facebook.com
2013-12-18 18:08:50,www.wordreference.com
2013-12-18 18:08:50,http.tidaltv.com
2013-12-18 18:08:51,http.tidaltv.com
2013-12-18 18:08:51,www2.wordreference.com
2013-12-18 18:08:53,www2.wordreference.com
2013-12-18 18:09:09,www.wordreference.com
2013-12-18 18:09:10,www.wordreference.com
2013-12-18 18:09:11,www.wordreference.com
2013-12-18 18:09:11,www.google.com
2013-12-18 18:09:11,www.google.fr
2013-12-18 18:09:12,www2.wordreference.com
2013-12-18 18:09:12,http.tidaltv.com
2013-12-18 18:09:12,www.wordreference.com
2013-12-18 18:09:12,www.facebook.com
2013-12-18 18:09:13,www.wordreference.com
2013-12-18 18:09:13,http.tidaltv.com
2013-12-18 18:09:15,www2.wordreference.com
2013-12-18 18:10:14,www.nasa.gov
2013-12-18 18:10:15,www.nasa.gov
2013-12-18 18:10:16,www.nasa.gov
2013-12-18 18:10:16,searchstats.usa.gov
2013-12-18 18:10:17,www.nasa.gov
2013-12-18 18:10:17,gdata.youtube.com
2013-12-18 18:10:21,www.nasa.gov
2013-12-18 18:10:22,www.nasa.gov
2013-12-18 18:10:23,www.nasa.gov
2013-12-18 18:10:23,searchstats.usa.gov
2013-12-18 18:10:24,gdata.youtube.com
2013-12-18 18:10:24,www.youtube.com
2013-12-18 18:10:25,i1.ytimg.com
2013-12-18 18:10:26,i1.ytimg.com
2013-12-18 18:10:49,pluto.jhuapl.edu
2013-12-18 18:10:50,pluto.jhuapl.edu
2013-12-18 18:10:51,pluto.jhuapl.edu
2013-12-18 18:11:11,pluto.jhuapl.edu
2013-12-18 18:11:12,pluto.jhuapl.edu
2013-12-18 18:11:13,pluto.jhuapl.edu
2013-12-18 18:11:14,pluto.jhuapl.edu
2013-12-18 18:11:16,pluto.jhuapl.edu
2013-12-18 18:11:17,pluto.jhuapl.edu
2013-12-18 18:11:18,pluto.jhuapl.edu
2013-12-18 18:12:13,pluto.jhuapl.edu
2013-12-18 18:12:14,pluto.jhuapl.edu
2013-12-18 18:12:16,pluto.jhuapl.edu
2013-12-18 18:12:17,pluto.jhuapl.edu
2013-12-18 18:12:18,pluto.jhuapl.edu
2013-12-18 18:12:19,pluto.jhuapl.edu
2013-12-18 18:12:20,pluto.jhuapl.edu
2013-12-18 18:12:35,pluto.jhuapl.edu
2013-12-18 18:12:36,pluto.jhuapl.edu
2013-12-18 18:15:18,i.ytimg.com
2013-12-18 18:15:18,www.nasa.gov
2013-12-18 18:15:24,www.nasa.gov
2013-12-18 18:15:24,log.www.nasa.gov
2013-12-18 18:15:25,www.nasa.gov
2013-12-18 18:15:27,www.nasa.gov
2013-12-18 18:15:46,www2.jpl.nasa.gov
2013-12-18 18:15:47,solarsystem.nasa.gov
2013-12-18 18:15:53,solarsystem.nasa.gov
2013-12-18 18:15:54,solarsystem.nasa.gov
2013-12-18 18:15:55,solarsystem.nasa.gov
2013-12-18 18:15:56,solarsystem.nasa.gov
2013-12-18 18:15:56,dnn506yrbagrg.cloudfront.net
2013-12-18 18:15:57,solarsystem.nasa.gov
2013-12-18 18:15:58,solarsystem.nasa.gov
2013-12-18 18:16:02,dnn506yrbagrg.cloudfront.net
2013-12-18 18:16:02,solarsystem.nasa.gov
2013-12-18 18:16:03,solarsystem.nasa.gov
2013-12-18 18:16:04,solarsystem.nasa.gov
2013-12-18 18:16:12,solarsystem.nasa.gov
2013-12-18 18:16:23,solarsystem.nasa.gov
2013-12-18 18:16:34,solarsystem.nasa.gov
2013-12-18 18:16:46,solarsystem.nasa.gov
2013-12-18 18:16:47,solarsystem.nasa.gov
2013-12-18 18:17:07,solarsystem.nasa.gov
2013-12-18 18:17:08,solarsystem.nasa.gov
2013-12-18 18:17:09,solarsystem.nasa.gov
2013-12-18 18:17:10,solarsystem.nasa.gov
2013-12-18 18:17:11,solarsystem.nasa.gov
2013-12-18 18:17:14,solarsystem.nasa.gov
2013-12-18 18:17:15,solarsystem.nasa.gov
2013-12-18 18:17:17,solarsystem.nasa.gov
2013-12-18 18:17:21,solarsystem.nasa.gov
2013-12-18 18:17:29,solarsystem.nasa.gov
2013-12-18 18:17:30,solarsystem.nasa.gov
2013-12-18 18:17:31,solarsystem.nasa.gov
2013-12-18 18:17:41,solarsystem.nasa.gov
2013-12-18 18:17:47,solarsystem.nasa.gov
2013-12-18 18:17:48,solarsystem.nasa.gov
2013-12-18 18:17:49,www.facebook.com
2013-12-18 18:17:49,static.ak.facebook.com
2013-12-18 18:17:49,s-static.ak.facebook.com
2013-12-18 18:17:49,solarsystem.nasa.gov
2013-12-18 18:17:49,connect.facebook.net
2013-12-18 18:17:50,www.facebook.com
2013-12-18 18:18:02,solarsystem.nasa.gov
2013-12-18 18:18:03,solarsystem.nasa.gov
2013-12-18 18:18:04,solarsystem.nasa.gov
2013-12-18 18:18:11,solarsystem.nasa.gov
2013-12-18 18:18:13,solarsystem.nasa.gov
2013-12-18 18:18:14,solarsystem.nasa.gov
2013-12-18 18:18:16,solarsystem.nasa.gov
2013-12-18 18:18:17,solarsystem.nasa.gov
2013-12-18 18:18:18,solarsystem.nasa.gov
2013-12-18 18:18:19,solarsystem.nasa.gov
2013-12-18 18:18:21,solarsystem.nasa.gov
2013-12-18 18:18:23,solarsystem.nasa.gov
2013-12-18 18:18:27,solarsystem.nasa.gov
2013-12-18 18:18:28,www.facebook.com
2013-12-18 18:18:28,static.ak.facebook.com
2013-12-18 18:18:28,solarsystem.nasa.gov
2013-12-18 18:18:28,s-static.ak.facebook.com
2013-12-18 18:18:51,solarsystem.nasa.gov
2013-12-18 18:18:52,solarsystem.nasa.gov
2013-12-18 18:18:54,solarsystem.nasa.gov
2013-12-18 18:18:55,solarsystem.nasa.gov
2013-12-18 18:18:56,solarsystem.nasa.gov
2013-12-18 18:18:57,solarsystem.nasa.gov
2013-12-18 18:18:58,solarsystem.nasa.gov
2013-12-18 18:18:59,solarsystem.nasa.gov
2013-12-18 18:19:00,solarsystem.nasa.gov
2013-12-18 18:19:02,solarsystem.nasa.gov
2013-12-18 18:19:03,solarsystem.nasa.gov
2013-12-18 18:19:13,solarsystem.nasa.gov
2013-12-18 18:19:14,solarsystem.nasa.gov
2013-12-18 18:19:42,pluto.jhuapl.edu
2013-12-18 18:19:43,pluto.jhuapl.edu
2013-12-18 18:19:54,pluto.jhuapl.edu
2013-12-18 18:19:55,pluto.jhuapl.edu
2013-12-18 18:20:55,pluto.jhuapl.edu
2013-12-18 18:20:56,pluto.jhuapl.edu
2013-12-18 18:20:59,pluto.jhuapl.edu
2013-12-18 18:21:00,pluto.jhuapl.edu
2013-12-18 18:21:01,pluto.jhuapl.edu
2013-12-18 18:21:03,pluto.jhuapl.edu
2013-12-18 18:21:04,pluto.jhuapl.edu
2013-12-18 18:21:05,pluto.jhuapl.edu
2013-12-18 18:21:40,pluto.jhuapl.edu
2013-12-18 18:21:42,pluto.jhuapl.edu
2013-12-18 18:21:43,pluto.jhuapl.edu
2013-12-18 18:21:49,pluto.jhuapl.edu
2013-12-18 18:22:06,pluto.jhuapl.edu
2013-12-18 18:22:06,video.google.com
2013-12-18 18:22:17,pluto.jhuapl.edu
2013-12-18 18:22:20,pluto.jhuapl.edu
2013-12-18 18:22:21,pluto.jhuapl.edu
2013-12-18 18:22:32,pluto.jhuapl.edu
2013-12-18 18:22:59,pluto.jhuapl.edu
2013-12-18 18:24:28,solarsystem.nasa.gov
2013-12-18 18:24:39,solarsystem.nasa.gov
2013-12-18 18:24:40,solarsystem.nasa.gov
2013-12-18 18:24:47,solarsystem.nasa.gov
2013-12-18 18:25:05,solarsystem.nasa.gov
2014-02-13 16:04:34,www.google.com
2014-02-13 16:05:22,ieonline.microsoft.com
2014-02-13 16:05:22,go.microsoft.com
2014-03-20 16:15:30,ieonline.microsoft.com
2014-03-20 16:15:30,go.microsoft.com
2014-03-20 16:57:25,www.google.fr
2014-03-20 16:57:26,apis.google.com
2014-03-20 16:57:27,www.google.com
2014-03-20 16:59:24,www.google.com
2014-03-20 16:59:24,apis.google.com
2014-03-20 16:59:24,www.google.fr
2014-03-20 17:40:15,mw2.google.com
2014-03-20 17:40:35,www.google.fr
2014-03-20 17:40:35,maps.google.fr
2014-03-20 17:40:37,mw2.google.com
2014-03-20 17:40:37,maps.google.fr
2014-03-20 17:40:38,www.google.fr
2014-03-20 17:40:39,www.google.fr
2014-03-20 17:40:40,www.google.fr
2014-03-20 17:40:41,www.google.fr
2014-03-20 17:40:43,www.google.fr
2014-03-20 17:40:43,mt.google.com
2014-03-20 17:40:44,mts0.google.com
2014-03-20 17:40:45,mts0.google.com
2014-03-20 17:40:45,www.google.fr
2014-03-20 17:40:45,storage.googleapis.com
2014-03-20 17:40:45,geo0.ggpht.com
2014-03-20 17:40:46,mts0.google.com
2014-03-20 17:40:56,mts0.google.com
2014-03-20 17:41:03,mts0.google.com
2014-03-20 17:41:04,www.google.fr
2014-03-20 17:41:04,www.google.com
2014-03-20 18:00:36,www.google.fr
2014-03-20 18:00:45,www.google.fr
2014-03-20 18:50:30,www.google.fr
2014-03-20 18:50:32,www.google.com
2014-03-20 18:50:35,translate.google.fr
2014-03-20 18:50:59,translate.google.fr
2014-03-20 18:50:59,www.google.com
2014-03-20 18:50:59,www.google.fr
2014-04-17 10:39:16,www.google.fr
2014-04-17 10:39:17,www.google.com
2014-04-17 10:39:18,www.google.fr
2014-04-17 10:39:19,apis.google.com
2014-04-17 10:39:20,www.google.com
2014-04-17 10:39:31,apis.google.com
2014-04-17 10:39:31,www.google.fr
2014-04-17 10:39:31,www.google.com
2014-04-17 10:39:33,editions.brgm.fr
2014-04-17 10:39:33,www.google.fr
2014-04-17 10:39:34,wwwstats.brgm.fr
2014-04-17 10:39:34,editions.brgm.fr
2014-04-17 10:39:35,mapdmz.brgm.fr
2014-04-17 10:39:35,editions.brgm.fr
2014-04-17 10:39:50,mapdmz.brgm.fr
2014-04-17 10:39:50,editions.brgm.fr
2014-04-17 10:39:50,wwwstats.brgm.fr
2014-04-17 10:39:52,mapdmz.brgm.fr
2014-04-17 10:39:54,wwwstats.brgm.fr
2014-04-17 10:39:54,editions.brgm.fr
2014-04-17 10:40:02,www.google.fr
2014-04-17 10:40:02,www.google.com
2014-04-17 10:40:03,clients1.google.fr
2014-04-17 10:40:04,clients1.google.fr
2014-04-17 10:40:14,www.google.fr
2014-04-17 10:40:15,www.google.fr
2014-04-17 10:40:15,infoterre.brgm.fr
2014-04-17 10:40:15,wwwstats.brgm.fr
2014-04-17 10:40:16,infoterre.brgm.fr
2014-04-17 10:40:17,infoterre.brgm.fr
2014-04-17 10:40:18,wwwstats.brgm.fr
2014-04-17 10:40:18,infoterre.brgm.fr
2014-04-17 10:40:19,infoterre.brgm.fr
2014-04-17 10:40:20,mapdmz.brgm.fr
2014-04-17 10:40:20,mapsref.brgm.fr
2014-04-17 10:40:20,infoterre.brgm.fr
2014-04-17 10:40:28,infoterre.brgm.fr
2014-04-17 10:40:29,infoterre.brgm.fr
2014-04-17 10:40:30,mapsref.brgm.fr
2014-04-17 10:40:30,infoterre.brgm.fr
2014-04-17 10:40:30,mapdmz.brgm.fr
2014-04-17 10:40:31,mapsref.brgm.fr
2014-04-17 10:40:31,mapdmz.brgm.fr
2014-04-17 10:40:33,mapdmz.brgm.fr
2014-04-17 10:40:39,mapdmz.brgm.fr
2014-04-17 10:40:39,mapsref.brgm.fr
2014-04-17 10:40:39,infoterre.brgm.fr
2014-04-17 10:40:40,mapdmz.brgm.fr
2014-04-17 10:40:46,infoterre.brgm.fr
2014-04-17 10:40:47,mapdmz.brgm.fr
2014-04-17 10:40:47,mapsref.brgm.fr
2014-04-17 10:40:54,infoterre.brgm.fr
2014-04-17 10:40:59,infoterre.brgm.fr
2014-04-17 10:41:00,infoterre.brgm.fr
2014-04-17 10:41:03,infoterre.brgm.fr
2014-04-17 10:41:04,infoterre.brgm.fr
2014-04-17 10:41:06,infoterre.brgm.fr
2014-04-17 10:41:08,infoterre.brgm.fr
2014-04-17 10:41:12,go.microsoft.com
2014-04-17 10:41:12,ieonline.microsoft.com
2014-04-17 10:41:13,infoterre.brgm.fr
2014-04-17 10:41:13,ficheinfoterre.brgm.fr
2014-04-17 10:41:14,ficheinfoterre.brgm.fr
2014-04-17 10:42:27,infoterre.brgm.fr
2014-04-17 10:42:28,mapsref.brgm.fr
2014-04-17 10:42:29,mapdmz.brgm.fr
2014-04-17 10:42:33,infoterre.brgm.fr
2014-04-17 10:42:33,ficheinfoterre.brgm.fr
2014-04-17 10:42:34,ficheinfoterre.brgm.fr
2014-04-17 10:42:46,infoterre.brgm.fr
2014-04-17 10:42:47,infoterre.brgm.fr
2014-04-17 10:42:55,infoterre.brgm.fr
2014-04-17 10:43:07,infoterre.brgm.fr
2014-04-17 10:43:07,mapsref.brgm.fr
2014-04-17 10:43:08,mapdmz.brgm.fr
2014-04-17 10:43:10,infoterre.brgm.fr
2014-04-17 10:43:11,infoterre.brgm.fr
2014-04-17 10:43:11,mapdmz.brgm.fr
2014-04-17 10:43:11,mapsref.brgm.fr
2014-04-17 10:43:14,mapdmz.brgm.fr
2014-04-17 10:43:26,infoterre.brgm.fr
2014-04-29 11:23:35,sci.sciences.univ-bpclermont.fr
2014-04-29 11:23:36,sci.sciences.univ-bpclermont.fr
2014-04-29 11:23:37,sci.sciences.univ-bpclermont.fr
2014-04-29 11:23:43,ent.univ-bpclermont.fr
2014-04-29 11:23:43,www.univ-bpclermont.fr
2014-04-29 11:23:44,www.univ-bpclermont.fr
2014-04-29 11:23:44,ent.univ-bpclermont.fr
2014-04-29 11:23:44,www.google.com
2014-04-29 11:23:45,ent.univ-bpclermont.fr
2014-04-29 11:23:51,www.univ-bpclermont.fr
2014-04-29 11:23:52,www.univ-bpclermont.fr
2014-04-29 11:23:59,ent.univ-bpclermont.fr
2014-04-29 11:24:00,ent.univ-bpclermont.fr
2014-04-29 11:24:00,www.univ-bpclermont.fr
2014-04-29 11:24:01,ent.univ-bpclermont.fr
2014-04-29 11:24:05,www.univ-bpclermont.fr
2014-04-29 11:24:05,ent.univ-bpclermont.fr
2014-04-29 11:24:06,ent.univ-bpclermont.fr
2014-04-29 11:24:06,claroline.univ-bpclermont.fr
2014-04-29 11:24:07,claroline.univ-bpclermont.fr
2014-04-29 11:24:17,claroline.univ-bpclermont.fr
2014-04-29 11:24:18,claroline.univ-bpclermont.fr
2014-04-29 11:24:22,claroline.univ-bpclermont.fr
2014-04-29 11:25:39,go.microsoft.com
2014-04-29 11:25:39,ieonline.microsoft.com
2014-04-29 11:26:48,ent.univ-bpclermont.fr
2014-04-29 11:26:48,claroline.univ-bpclermont.fr
2014-04-29 11:27:49,ent.univ-bpclermont.fr
2014-04-29 11:28:32,claroline.univ-bpclermont.fr
2014-04-29 11:28:34,ent.univ-bpclermont.fr
2014-04-29 11:28:58,claroline.univ-bpclermont.fr
2014-04-29 11:29:03,ent.univ-bpclermont.fr
2014-04-29 11:29:06,ent.univ-bpclermont.fr
2014-04-29 11:31:19,ad.foxitsoftware.com
2014-04-29 11:31:31,sci.sciences.univ-bpclermont.fr
2014-04-29 11:31:32,sci.sciences.univ-bpclermont.fr
2014-04-29 11:31:36,ent.univ-bpclermont.fr
2014-04-29 11:31:36,www.univ-bpclermont.fr
2014-04-29 11:31:37,ent.univ-bpclermont.fr
2014-04-29 11:31:37,www.univ-bpclermont.fr
2014-04-29 11:31:40,www.univ-bpclermont.fr
2014-04-29 11:31:47,ent.univ-bpclermont.fr
2014-04-29 11:31:48,ent.univ-bpclermont.fr
2014-04-29 11:31:48,www.univ-bpclermont.fr
2014-04-29 11:31:54,www.univ-bpclermont.fr
2014-04-29 11:31:54,ent.univ-bpclermont.fr
