timestamp,site
2013-04-12 10:22:42,armmf.adobe.com
2013-04-12 10:22:44,armmf.adobe.com
2013-04-12 10:22:46,armdl.adobe.com
2013-04-12 10:23:42,gtssl-ocsp.geotrust.com
2013-04-12 10:27:32,javadl-esd-secure.oracle.com
2013-04-12 10:27:35,clients1.google.com
2013-04-12 10:27:36,gtglobal-ocsp.geotrust.com
2013-04-12 10:27:36,clients1.google.com
2013-04-12 10:28:08,safebrowsing.clients.google.com
2013-04-12 10:28:08,safebrowsing-cache.google.com
2013-04-12 10:28:09,safebrowsing-cache.google.com
2013-04-12 10:29:41,ocsp.thawte.com
2013-04-12 10:29:54,clients1.google.com
2013-04-12 10:29:58,clients1.google.com
2013-04-12 10:29:59,clients1.google.com
2013-04-12 10:30:03,javadl-esd-secure.oracle.com
2013-04-12 10:30:17,dl.javafx.com
2013-04-12 10:30:19,clients1.google.com
2013-04-12 10:30:19,ocsp.tcs.terena.org
2013-04-12 10:30:19,www.google.fr
2013-04-12 10:30:19,ocsp.usertrust.com
2013-04-12 10:31:40,ocsp.verisign.com
2013-04-12 10:31:41,ocsp.verisign.com
2013-04-12 10:32:52,clients2.google.com
2013-04-12 10:32:52,apis.google.com
2013-04-12 10:32:54,accounts.google.com
2013-04-12 10:32:54,chatenabled.mail.google.com
2013-04-12 10:33:11,plus.google.com
2013-04-12 10:33:12,www.google.com
2013-04-12 10:33:13,www.google.fr
2013-04-12 10:33:41,ocsp.digicert.com
2013-04-12 10:36:09,accounts.google.com
2013-04-12 10:36:54,mail.google.com
2013-04-12 10:36:54,accounts.google.com
2013-04-12 10:36:54,accounts.youtube.com
2013-04-12 10:52:34,mail.google.com
2013-04-12 11:00:05,safebrowsing.clients.google.com
2013-04-12 11:00:05,safebrowsing-cache.google.com
2013-04-12 11:03:59,www.google.com
2013-04-12 11:04:17,www.lri.fr
2013-04-12 11:04:17,ocsp.tcs.terena.org
2013-04-12 11:04:33,www.lri.fr
2013-04-12 11:04:51,www.google.fr
2013-04-12 11:04:59,liris.cnrs.fr
2013-04-12 11:05:01,liris.cnrs.fr
2013-04-12 11:06:56,www.google.com
2013-04-12 11:07:37,plus.google.com
2013-04-12 11:07:43,meta.wikimedia.org
2013-04-12 11:07:43,www.google.fr
2013-04-12 11:07:43,fr.wikipedia.org
2013-04-12 11:07:43,bits.wikimedia.org
2013-04-12 11:07:44,ocsp.digicert.com
2013-04-12 11:07:44,meta.wikimedia.org
2013-04-12 11:07:44,fr.wikipedia.org
2013-04-12 11:07:44,www.google.fr
2013-04-12 11:08:44,login.wikimedia.org
2013-04-12 11:08:44,fr.wikipedia.org
2013-04-12 11:08:44,bits.wikimedia.org
2013-04-12 11:31:32,safebrowsing-cache.google.com
2013-04-12 11:31:32,safebrowsing.clients.google.com
2013-04-12 11:31:33,safebrowsing-cache.google.com
2013-10-12 08:16:17,fpdownload2.macromedia.com
2013-10-12 08:16:26,www.google.com
2013-10-12 08:19:08,go.microsoft.com
2013-10-12 08:19:08,ieonline.microsoft.com
2013-10-12 08:32:58,www.oracleimg.com
2013-10-12 08:32:58,www.oracle.com
2013-10-12 08:32:59,www.oracleimg.com
2013-10-12 08:32:59,www.oracle.com
2013-10-12 08:33:00,www.oracle.com
2013-10-12 08:33:01,www.oracleimg.com
2013-10-12 08:33:01,ajax.googleapis.com
2013-10-12 08:33:01,www.oracle.com
2013-10-12 08:33:01,img03.en25.com
2013-10-12 08:33:03,s1973398186.t.eloqua.com
2013-10-12 08:33:04,www.oracle.com
2013-10-12 08:33:12,www.oracleimg.com
2013-10-12 08:42:03,armmf.adobe.com
2013-10-12 08:42:05,armmf.adobe.com
2013-10-12 08:42:08,armdl.adobe.com
2013-10-12 08:43:30,www.oracle.com
2013-10-12 08:43:31,apex.oracle.com
2013-10-12 08:43:31,www.oracle.com
2013-10-12 08:46:31,gtssl-ocsp.geotrust.com
2013-10-12 08:46:37,clients1.google.com
2013-10-12 08:46:37,gtglobal-ocsp.geotrust.com
2013-10-12 08:46:37,www.google.com
2013-10-12 08:46:41,clients1.google.com
2013-10-12 08:46:42,clients1.google.com
2013-10-12 08:46:44,www.google.fr
2013-10-12 08:46:45,ocsp.usertrust.com
2013-10-12 08:46:45,clients1.google.com
2013-10-12 08:46:45,ocsp.tcs.terena.org
2013-10-12 08:46:56,clients1.google.com
2013-10-12 08:46:56,javadl-esd-secure.oracle.com
2013-10-12 08:46:56,accounts.google.com
2013-10-12 08:46:59,clients1.google.com
2013-10-12 08:47:12,safebrowsing.clients.google.com
2013-10-12 08:47:12,safebrowsing-cache.google.com
2013-10-12 08:47:13,safebrowsing-cache.google.com
2013-10-12 08:47:22,clients1.google.com
2013-10-12 08:47:33,clients1.google.com
2013-10-12 08:49:37,id.google.fr
2013-10-12 08:49:52,www.google.fr
2013-10-12 08:50:16,accounts.youtube.com
2013-10-12 08:50:16,accounts.google.fr
2013-10-12 08:50:16,accounts.google.co.ma
2013-10-12 08:50:23,www.google.com
2013-10-12 08:50:24,plus.google.com
2013-10-12 08:50:24,clients2.google.com
2013-10-12 08:50:25,apis.google.com
2013-10-12 08:50:25,accounts.google.com
2013-10-12 08:50:28,chatenabled.mail.google.com
2013-10-12 08:52:16,ocsp.thawte.com
2013-10-12 08:52:16,ocsp.digicert.com
2013-10-12 08:52:20,ocsp.digicert.com
2013-10-12 08:52:28,ocsp.thawte.com
2013-10-12 08:53:03,dl.patchbeam.com
2013-10-12 08:54:28,ocsp.verisign.com
2013-10-12 08:55:07,apis.google.com
2013-10-12 08:55:12,ajax.googleapis.com
2013-10-12 08:55:19,www.dropbox.com
2013-10-12 08:55:26,plus.google.com
2013-10-12 08:56:02,dl.patchbeam.com
2013-10-12 08:56:24,www.powerarchiver.com
2013-10-12 08:56:24,dl.patchbeam.com
2013-10-12 08:56:28,ocsp.digicert.com
2013-10-12 09:00:07,accounts.google.com
2013-10-12 09:00:07,apis.google.com
2013-10-12 09:01:03,www.google.com
2013-10-12 09:01:03,clients2.google.com
2013-10-12 09:01:04,plus.google.com
2013-10-12 09:01:06,chatenabled.mail.google.com
2013-10-12 09:08:59,www.oracle.com
2013-10-12 09:08:59,apex.oracle.com
2013-10-12 09:09:00,www.oracle.com
2013-10-12 09:10:28,apis.google.com
2013-10-12 09:12:03,plus.google.com
2013-10-12 09:15:09,www.oracle.com
2013-10-12 09:15:10,www.oracle.com
2013-10-12 09:15:10,apex.oracle.com
2013-10-12 09:16:55,safebrowsing.clients.google.com
2013-10-12 09:16:55,safebrowsing-cache.google.com
2013-10-12 09:16:56,safebrowsing-cache.google.com
2013-10-12 09:21:16,plus.google.com
2013-10-12 09:31:16,plus.google.com
2013-10-12 09:41:17,plus.google.com
2013-10-12 09:43:45,www.oracle.com
2013-10-12 09:43:46,apex.oracle.com
2013-10-12 09:43:46,www.oracle.com
2013-10-12 09:44:49,www.oracle.com
2013-10-12 09:44:50,www.oracle.com
2013-10-12 09:44:50,apex.oracle.com
2013-10-12 09:47:32,mail.google.com
2013-10-12 09:48:06,safebrowsing.clients.google.com
2013-10-12 09:48:06,plus.google.com
2013-10-12 09:48:06,safebrowsing-cache.google.com
2013-10-12 09:48:07,safebrowsing-cache.google.com
2013-10-12 09:49:40,gtglobal-ocsp.geotrust.com
2013-10-12 09:49:40,clients1.google.com
2013-10-12 09:52:34,www.google.com
2013-10-12 09:52:40,plus.google.com
2013-10-12 09:52:40,clients1.google.fr
2013-10-12 09:52:44,www.google.fr
2013-10-12 09:55:41,mail.google.com
2013-11-15 15:10:37,armmf.adobe.com
2013-11-15 15:10:39,armmf.adobe.com
2013-11-15 15:10:41,armdl.adobe.com
2013-11-15 15:11:33,www.oracle.com
2013-11-15 15:11:34,apex.oracle.com
2013-11-15 15:11:34,www.oracle.com
2013-11-15 15:18:04,www.oracle.com
2013-11-15 15:18:05,www.oracle.com
2013-11-15 15:18:05,apex.oracle.com
2013-11-15 15:22:12,javadl-esd-secure.oracle.com
2013-11-15 15:32:32,javadl-esd-secure.oracle.com
2013-11-15 15:32:48,gtssl-ocsp.geotrust.com
2013-11-15 15:32:48,dl.javafx.com
2013-11-15 15:33:03,clients1.google.com
2013-11-15 15:33:03,gtglobal-ocsp.geotrust.com
2013-11-15 15:33:04,clients1.google.com
2013-11-15 15:33:07,www.google.fr
2013-11-15 15:33:07,clients1.google.com
2013-11-15 15:33:07,ocsp.usertrust.com
2013-11-15 15:33:07,ocsp.tcs.terena.org
2013-11-15 15:34:59,safebrowsing-cache.google.com
2013-11-15 15:34:59,safebrowsing.clients.google.com
2013-11-15 15:35:00,safebrowsing-cache.google.com
2013-11-15 15:36:00,www.google.com
2013-11-15 15:36:00,id.google.fr
2013-11-15 15:36:01,apis.google.com
2013-11-15 15:36:01,www.google.fr
2013-11-15 15:36:01,plus.google.com
2013-11-15 16:04:11,www.google.fr
2013-11-15 16:04:11,www.google.com
2013-11-15 16:04:30,www.google.fr
2013-11-15 16:04:31,oracle.su
2013-11-15 16:04:31,evsecure-ocsp.verisign.com
2013-11-15 16:04:31,safebrowsing-cache.google.com
2013-11-15 16:04:31,safebrowsing.clients.google.com
2013-11-15 16:04:32,evsecure-ocsp.verisign.com
2013-11-15 16:04:32,safebrowsing-cache.google.com
2013-11-15 16:04:32,oracle.su
2013-11-15 16:06:28,www.paypalobjects.com
2013-11-15 16:07:08,plus.google.com
2013-11-15 16:07:24,www.google.fr
2013-11-15 16:09:04,www.google.fr
2013-11-15 16:09:04,ajax.googleapis.com
2013-11-15 16:09:04,stackoverflow.com
2013-11-15 16:09:05,ocsp.godaddy.com
2013-11-15 16:09:05,cdn-careers.sstatic.net
2013-11-15 16:09:06,stackoverflow.com
2013-11-15 16:09:06,careers.stackoverflow.com
2013-11-15 16:09:06,ocsp.digicert.com
2013-11-15 16:09:06,cdn-careers.sstatic.net
2013-11-15 16:09:22,stackauth.com
2013-11-15 16:09:33,ocsp.digicert.com
2013-11-15 16:09:34,adzerk-www.s3.amazonaws.com
2013-11-15 16:11:01,www.gravatar.com
2013-11-15 16:11:28,www.google.fr
2013-11-15 16:11:30,forum-images.hardware.fr
2013-11-15 16:11:30,forum.hardware.fr
2013-11-15 16:11:30,wtpn.twenga.fr
2013-11-15 16:11:31,forum-images.hardware.fr
2013-11-15 16:11:32,clients1.google.com
2013-11-15 16:11:32,www.google.com
2013-11-15 16:11:32,fr.primary.affinitad.com
2013-11-15 16:11:35,wtpn.twenga.fr
2013-11-15 16:11:35,forum.hardware.fr
2013-11-15 16:11:35,rbx-cdn-tpn.c4tw.net
2013-11-15 16:11:35,i11.twenga.com
2013-11-15 16:11:35,i10.twenga.com
2013-11-15 16:11:35,fr.primary.affinitad.com
2013-11-15 16:14:20,www.google.fr
2013-11-15 16:14:28,accounts.google.com
2013-11-15 16:19:11,www.google.fr
2013-11-15 16:19:11,docs.oracle.com
2013-11-15 16:19:12,docs.oracle.com
2013-11-15 16:19:52,www.google.fr
2013-11-15 16:21:58,www.google.fr
2013-11-15 16:33:28,safebrowsing.clients.google.com
2013-11-15 16:33:28,safebrowsing-cache.google.com
2013-11-15 16:59:34,www.squid-cache.org
2013-11-15 16:59:40,facebook.com
2013-11-15 16:59:53,www.facebook.com
2013-11-15 17:05:06,safebrowsing.clients.google.com
2013-11-15 17:05:07,safebrowsing-cache.google.com
2013-11-15 17:33:33,safebrowsing-cache.google.com
2013-11-15 17:33:33,safebrowsing.clients.google.com
2013-11-15 17:33:34,safebrowsing-cache.google.com
2013-11-15 17:47:40,www.google.fr
2013-11-15 17:47:40,www.trading-school.eu
2013-11-15 17:47:41,www.trading-school.eu
2013-11-15 17:47:41,www.pro-at.com
2013-11-15 17:47:41,ww1.univers-bourse.com
2013-11-15 17:47:42,www.trading-school.eu
2013-11-15 17:47:43,www.pro-at.com
2013-11-15 17:47:44,www.trading-school.eu
2013-11-15 17:50:35,www.google.fr
2013-11-15 18:02:01,safebrowsing.clients.google.com
2013-11-15 18:02:01,safebrowsing-cache.google.com
2013-11-15 18:34:03,safebrowsing-cache.google.com
2013-11-15 18:34:03,safebrowsing.clients.google.com
2013-11-15 18:50:45,ocsp.usertrust.com
2013-11-15 18:50:45,ocsp.tcs.terena.org
2013-11-15 18:51:01,www.google.com
2013-11-15 18:51:01,gtglobal-ocsp.geotrust.com
2013-11-15 18:51:01,clients1.google.com
2013-11-15 18:51:01,www.google.fr
2013-11-15 18:51:07,www.google.fr
2013-11-15 18:51:08,clients1.google.com
2013-11-15 18:51:08,mail.google.com
2013-11-15 18:51:08,www.google.fr
2013-11-15 18:51:09,clients1.google.com
2013-11-15 18:51:15,www.google.com
2013-11-15 18:51:16,www.google.co.ma
2013-11-15 18:51:16,www.google.fr
2013-11-15 18:51:16,www.google.com
2013-11-15 18:51:17,www.google.co.ma
2013-11-15 18:51:17,clients1.google.com
2013-11-15 18:51:36,clients1.google.com
2013-11-15 18:51:41,clients1.google.com
2013-11-15 18:52:18,www.google.fr
2013-11-15 18:52:20,clients2.google.com
2013-11-15 18:52:20,chatenabled.mail.google.com
2013-11-15 18:52:20,apis.google.com
2013-11-15 18:52:20,www.google.com
2013-11-15 18:52:20,accounts.google.co.ma
2013-11-15 18:52:20,accounts.google.fr
2013-11-15 18:52:20,mail.google.com
2013-11-15 18:52:20,accounts.youtube.com
2013-11-15 18:52:20,accounts.google.com
2013-11-15 18:52:20,www.google.fr
2013-11-15 18:52:20,plus.google.com
2013-11-15 21:00:18,www.oracle.com
2013-11-15 21:00:19,www.oracle.com
2013-11-15 21:00:19,apex.oracle.com
2013-11-15 21:03:07,javadl-esd-secure.oracle.com
2013-11-15 21:32:25,www.oracle.com
2013-11-15 21:32:26,apex.oracle.com
2013-11-15 21:32:26,www.oracle.com
2013-11-15 21:32:27,www.oracle.com
2013-11-15 21:32:27,apex.oracle.com
2013-11-15 21:34:44,javadl-esd-secure.oracle.com
2013-11-15 21:46:53,javadl-esd-secure.oracle.com
2013-11-17 10:32:47,gtssl-ocsp.geotrust.com
2013-11-17 10:32:49,gtglobal-ocsp.geotrust.com
2013-11-17 10:32:49,clients1.google.com
2013-11-17 10:32:51,clients1.google.com
2013-11-17 10:32:58,www.google.fr
2013-11-17 10:33:00,clients1.google.com
2013-11-17 10:33:01,clients1.google.com
2013-11-17 10:33:04,clients1.google.com
2013-11-17 10:33:15,clients1.google.com
2013-11-17 10:33:19,clients1.google.com
2013-11-17 10:35:06,safebrowsing-cache.google.com
2013-11-17 10:35:06,safebrowsing.clients.google.com
2013-11-17 10:35:07,safebrowsing-cache.google.com
2013-11-17 10:35:44,sb-ssl.google.com
2013-11-17 10:35:54,www.google.fr
2013-11-17 10:36:09,accounts.youtube.com
2013-11-17 10:36:10,accounts.google.co.ma
2013-11-17 10:36:10,accounts.google.fr
2013-11-17 10:36:12,clients2.google.com
2013-11-17 10:36:13,www.google.com
2013-11-17 10:36:14,accounts.google.com
2013-11-17 10:36:14,chatenabled.mail.google.com
2013-11-17 10:36:52,drive.google.com
2013-11-17 10:36:52,clients6.google.com
2013-11-17 10:36:52,plus.google.com
2013-11-17 10:36:52,apis.google.com
2013-11-17 10:36:52,mail.google.com
2013-11-17 21:06:50,clients1.google.com
2013-11-17 21:06:51,gtglobal-ocsp.geotrust.com
2013-11-17 21:06:55,clients1.google.com
2013-11-17 21:06:58,www.google.fr
2013-11-17 21:07:04,clients1.google.com
2013-11-17 21:07:07,clients1.google.com
2013-11-17 21:08:15,ocsp.thawte.com
2013-11-17 21:09:50,id.google.fr
2013-11-17 21:09:55,www.google.fr
2013-11-17 21:10:00,clients2.google.com
2013-11-17 21:10:02,www.google.com
2013-11-17 21:10:03,accounts.google.com
2013-11-17 21:10:03,chatenabled.mail.google.com
2013-11-17 21:10:06,safebrowsing.clients.google.com
2013-11-17 21:10:06,safebrowsing-cache.google.com
2013-11-17 21:10:15,ocsp.verisign.com
2013-11-17 21:10:29,javadl-esd-secure.oracle.com
2013-11-17 21:11:32,drive.google.com
2013-11-17 21:12:03,plus.google.com
2013-11-17 21:12:04,clients6.google.com
2013-11-17 21:12:07,apis.google.com
2013-11-17 21:12:14,ocsp.digicert.com
2013-11-17 21:12:15,ocsp.digicert.com
2013-11-17 21:20:13,plus.google.com
2013-11-17 21:30:14,plus.google.com
2013-11-17 21:32:59,mail.google.com
2013-11-18 22:54:00,armmf.adobe.com
2013-11-18 22:58:44,javadl-esd-secure.oracle.com
2013-11-19 08:14:53,gtssl-ocsp.geotrust.com
2013-11-19 08:15:05,ocsp.thawte.com
2013-11-19 08:15:05,ocsp.digicert.com
2013-11-19 08:15:06,ocsp.digicert.com
2013-11-19 08:15:07,clients1.google.com
2013-11-19 08:15:08,gtglobal-ocsp.geotrust.com
2013-11-19 08:15:11,ocsp.digicert.com
2013-11-19 08:15:52,dl.patchbeam.com
2013-11-19 08:15:53,safebrowsing-cache.google.com
2013-11-19 08:15:53,safebrowsing.clients.google.com
2013-11-19 08:15:54,safebrowsing-cache.google.com
2013-11-19 08:16:13,dl.patchbeam.com
2013-11-19 08:16:13,www.powerarchiver.com
2013-11-19 08:16:57,javadl-esd-secure.oracle.com
2013-11-19 08:17:06,javadl-esd-secure.oracle.com
2013-11-19 08:18:03,ajax.googleapis.com
2013-11-19 08:18:10,www.dropbox.com
2013-11-19 08:20:50,ocsp.thawte.com
2013-11-19 08:22:05,www.oracle.com
2013-11-19 08:22:06,www.oracle.com
2013-11-19 08:22:06,apex.oracle.com
2013-11-19 08:22:50,ocsp.verisign.com
2013-11-19 08:24:50,ocsp.digicert.com
2013-11-19 08:45:01,safebrowsing.clients.google.com
2013-11-19 08:45:01,safebrowsing-cache.google.com
2013-11-19 08:45:02,safebrowsing-cache.google.com
2013-11-19 09:02:07,www.oracle.com
2013-11-19 09:02:08,apex.oracle.com
2013-11-19 09:02:08,www.oracle.com
2013-11-19 09:08:40,www.google.com
2013-11-19 09:08:41,clients1.google.com
2013-11-19 09:08:44,clients1.google.com
2013-11-19 09:08:46,clients1.google.com
2013-11-19 09:08:48,www.google.fr
2013-11-19 09:08:49,ocsp.tcs.terena.org
2013-11-19 09:08:49,ocsp.usertrust.com
2013-11-19 09:11:40,www.google.com
2013-11-19 09:11:41,www.google.fr
2013-11-19 09:11:42,apis.google.com
2013-11-19 09:11:42,plus.google.com
2013-11-19 09:15:37,safebrowsing-cache.google.com
2013-11-19 09:15:37,safebrowsing.clients.google.com
2013-11-19 09:15:38,safebrowsing-cache.google.com
2013-11-19 09:31:09,www.google.com
2013-11-19 09:31:10,www.google.com
2013-11-19 09:31:12,www.google.com
2013-11-19 09:31:27,www.gecif.net
2013-11-19 09:31:27,www.google.fr
2013-11-19 09:31:28,www.gecif.net
2013-11-19 09:31:29,www.gecif.net
2013-11-19 09:31:30,gecif.simply-webspace.fr
2013-11-19 09:31:30,www.gecif.net
2013-11-19 09:31:37,clients1.google.com
2013-11-19 09:31:37,gtglobal-ocsp.geotrust.com
2013-11-19 09:31:40,clients1.google.com
2013-11-19 09:31:51,clients1.google.com
2013-11-19 09:33:33,www.google.fr
2013-11-19 09:33:34,www.google.co.ma
2013-11-19 09:33:34,clients1.google.com
2013-11-19 09:34:32,www.google.fr
2013-11-19 09:34:43,clients2.google.com
2013-11-19 09:34:47,chatenabled.mail.google.com
2013-11-19 09:35:21,clients6.google.com
2013-11-19 09:35:50,apis.google.com
2013-11-19 09:36:25,plus.google.com
2013-11-19 09:36:28,www.google.com
2013-11-19 09:36:29,mail.google.com
2013-11-19 09:36:29,accounts.youtube.com
2013-11-19 09:36:30,accounts.google.co.ma
2013-11-19 09:36:30,accounts.google.fr
2013-11-19 09:36:32,accounts.google.com
2013-11-19 09:43:32,gecif.simply-webspace.fr
2013-11-19 09:43:37,gecif.simply-webspace.fr
2013-11-19 09:44:06,safebrowsing-cache.google.com
2013-11-19 09:44:06,safebrowsing.clients.google.com
2013-11-19 09:44:07,safebrowsing-cache.google.com
2013-11-19 09:44:45,www.google.fr
2013-11-19 09:44:46,www.polymorphe.org
2013-11-19 09:44:46,ajax.googleapis.com
2013-11-19 09:44:46,platform.twitter.com
2013-11-19 09:44:46,platform.linkedin.com
2013-11-19 09:44:47,www.polymorphe.org
2013-11-19 09:44:47,platform.linkedin.com
2013-11-19 09:44:47,www.facebook.com
2013-11-19 09:44:48,www.linkedin.com
2013-11-19 09:44:48,platform.twitter.com
2013-11-19 09:44:48,www.polymorphe.org
2013-11-19 09:44:50,clients1.google.com
2013-11-19 09:44:50,www.google.com
2013-11-19 09:44:50,evsecure-ocsp.verisign.com
2013-11-19 09:45:20,twitter.com
2013-11-19 09:45:35,www.google.fr
2013-11-19 09:45:36,www.google.fr
2013-11-19 09:45:36,fr.wikipedia.org
2013-11-19 09:45:36,bits.wikimedia.org
2013-11-19 09:45:37,meta.wikimedia.org
2013-11-19 09:45:37,bits.wikimedia.org
2013-11-19 09:45:37,fr.wikipedia.org
2013-11-19 09:45:38,meta.wikimedia.org
2013-11-19 09:45:38,ocsp.digicert.com
2013-11-19 09:46:01,www.orafaq.com
2013-11-19 09:46:02,www.orafaq.com
2013-11-19 09:46:18,fr.wikipedia.org
2013-11-19 09:46:18,bits.wikimedia.org
2013-11-19 09:46:38,bits.wikimedia.org
2013-11-19 09:46:38,fr.wikipedia.org
2013-11-19 09:46:38,login.wikimedia.org
2013-11-19 09:46:44,www.google.fr
2013-11-19 09:46:44,docs.oracle.com
2013-11-19 09:46:45,docs.oracle.com
2013-11-19 09:47:44,apis.google.com
2013-11-19 09:47:45,accounts.google.com
2013-11-19 09:49:59,www.google.fr
2013-11-19 09:50:00,apis.google.com
2013-11-19 09:50:00,psoug.org
2013-11-19 09:50:00,www.google.fr
2013-11-19 09:50:01,psoug.org
2013-11-19 09:50:02,psoug.org
2013-11-19 09:50:03,psoug.org
2013-11-19 09:50:04,tmx.technoratimedia.com
2013-11-19 09:50:05,ce.lijit.com
2013-11-19 09:50:05,choices.truste.com
2013-11-19 09:50:05,www.facebook.com
2013-11-19 09:50:06,gcm.chango.com
2013-11-19 09:50:06,ocsp.godaddy.com
2013-11-19 09:50:06,match.rtbidder.net
2013-11-19 09:50:06,um.simpli.fi
2013-11-19 09:50:06,gtssl-ocsp.geotrust.com
2013-11-19 09:50:07,choices.truste.com
2013-11-19 09:50:08,www.facebook.com
2013-11-19 09:52:44,www.google.com
2013-11-19 09:52:45,id.google.fr
2013-11-19 09:52:46,www.google.fr
2013-11-19 09:52:59,accounts.google.com
2013-11-19 09:52:59,apis.google.com
2013-11-20 10:31:49,gtssl-ocsp.geotrust.com
2013-11-20 10:31:50,gtssl-ocsp.geotrust.com
2013-11-20 10:31:56,www.google.com
2013-11-20 10:31:56,geo.mozilla.org
2013-11-20 10:31:56,clients1.google.com
2013-11-20 10:31:56,gtglobal-ocsp.geotrust.com
2013-11-20 10:31:57,clients1.google.com
2013-11-20 10:32:03,clients1.google.com
2013-11-20 10:32:12,clients1.google.com
2013-11-20 10:32:15,clients1.google.com
2013-11-20 10:32:32,clients1.google.com
2013-11-20 10:32:41,clients1.google.com
2013-11-20 10:33:03,www.google.fr
2013-11-20 10:33:04,ocsp.usertrust.com
2013-11-20 10:33:04,ocsp.tcs.terena.org
2013-11-20 10:35:27,accounts.google.fr
2013-11-20 10:35:27,accounts.youtube.com
2013-11-20 10:35:27,accounts.google.co.ma
2013-11-20 10:35:32,clients2.google.com
2013-11-20 10:35:32,drive.google.com
2013-11-20 10:35:34,accounts.google.com
2013-11-20 10:35:36,chatenabled.mail.google.com
2013-11-20 10:35:40,apis.google.com
2013-11-20 10:35:55,javadl-esd-secure.oracle.com
2013-11-20 10:35:55,www.google.com
2013-11-20 10:35:56,www.google.fr
2013-11-20 10:35:56,plus.google.com
2013-11-20 10:36:18,safebrowsing.clients.google.com
2013-11-20 10:36:18,safebrowsing-cache.google.com
2013-11-20 10:36:19,safebrowsing-cache.google.com
2013-11-20 10:37:01,javadl-esd-secure.oracle.com
2013-11-20 10:37:47,ocsp.thawte.com
2013-11-20 10:37:58,www.google.fr
2013-11-20 10:38:00,www.cs.waikato.ac.nz
2013-11-20 10:38:01,www.cs.waikato.ac.nz
2013-11-20 10:38:08,images.sourceforge.net
2013-11-20 10:38:08,a.fsdn.com
2013-11-20 10:38:08,sourceforge.net
2013-11-20 10:38:09,sourceforge.net
2013-11-20 10:38:09,a.fsdn.com
2013-11-20 10:38:09,d.delivery49.com
2013-11-20 10:38:25,optimate.dl.sourceforge.net
2013-11-20 10:39:17,sourceforge.net
2013-11-20 10:39:18,a.fsdn.com
2013-11-20 10:39:19,d.delivery49.com
2013-11-20 10:39:19,sourceforge.net
2013-11-20 10:39:47,ocsp.verisign.com
2013-11-20 10:40:51,www.google.com
2013-11-20 10:40:53,plus.google.com
2013-11-20 10:40:53,www.google.fr
2013-11-20 10:41:47,ocsp.digicert.com
2013-11-20 10:45:44,plus.google.com
2013-11-20 10:55:44,plus.google.com
2013-11-20 11:05:44,plus.google.com
2013-11-20 11:07:42,safebrowsing.clients.google.com
2013-11-20 11:07:42,safebrowsing-cache.google.com
2013-11-20 11:07:43,safebrowsing-cache.google.com
2013-11-20 11:15:45,plus.google.com
2013-11-20 11:25:45,plus.google.com
2013-11-20 11:35:45,plus.google.com
2013-11-20 11:37:15,safebrowsing-cache.google.com
2013-11-20 11:37:15,safebrowsing.clients.google.com
2013-11-20 11:41:17,ocsp.usertrust.com
2013-11-20 11:41:17,ocsp.tcs.terena.org
2013-11-20 11:45:45,plus.google.com
2013-11-20 11:55:46,plus.google.com
2013-11-20 12:03:22,mail.google.com
2013-11-20 12:03:22,plus.google.com
2013-11-20 15:45:39,clients1.google.com
2013-11-20 15:45:39,gtglobal-ocsp.geotrust.com
2013-11-20 15:45:40,clients1.google.com
2013-11-20 15:45:42,clients1.google.com
2013-11-20 15:45:50,clients1.google.com
2013-11-20 15:45:57,clients1.google.com
2013-11-20 15:45:59,clients1.google.com
2013-11-20 15:46:07,www.google.com
2013-11-20 15:46:07,www.google.fr
2013-11-20 15:46:16,www.google.fr
2013-11-20 15:46:17,ocsp.usertrust.com
2013-11-20 15:46:17,ocsp.tcs.terena.org
2013-11-20 15:46:17,clients1.google.com
2013-11-20 15:48:50,www.google.com
2013-11-20 15:48:51,clients2.google.com
2013-11-20 15:48:54,chatenabled.mail.google.com
2013-11-20 15:48:54,apis.google.com
2013-11-20 15:48:54,accounts.google.com
2013-11-20 15:49:09,www.google.fr
2013-11-20 15:49:46,plus.google.com
2013-11-20 15:50:05,javadl-esd-secure.oracle.com
2013-11-20 15:50:18,drive.google.com
2013-11-20 15:50:20,mail.google.com
2013-11-20 15:50:24,safebrowsing.clients.google.com
2013-11-20 15:50:24,safebrowsing-cache.google.com
2013-11-20 15:50:25,safebrowsing-cache.google.com
2013-11-20 15:55:24,www.squid-cache.org
2013-11-20 16:12:48,www.google.com
2013-11-20 16:12:49,www.google.fr
2013-11-20 16:13:51,www.google.fr
2013-11-20 16:13:51,oracle.developpez.com
2013-11-20 16:13:51,www.developpez.com
2013-11-20 16:13:52,oracle.developpez.com
2013-11-20 16:13:52,www.developpez.com
2013-11-20 16:13:52,www.google.com
2013-11-20 16:13:52,premium.hi-mediaserver.com
2013-11-20 16:13:53,oracle.developpez.com
2013-11-20 16:13:53,premium.hi-mediaserver.com
2013-11-20 16:13:53,www.developpez.com
2013-11-20 16:13:54,www.facebook.com
2013-11-20 16:15:46,plus.google.com
2013-11-20 16:16:34,www.google.fr
2013-11-20 16:22:15,safebrowsing.clients.google.com
2013-11-20 16:22:15,safebrowsing-cache.google.com
2013-11-20 16:22:16,safebrowsing-cache.google.com
2013-11-20 16:26:33,www.google.com
2013-11-20 16:26:33,www.google.fr
2013-11-20 16:27:02,www.google.fr
2013-11-20 16:27:03,karl.vansteelandt.free.fr
2013-11-20 16:27:12,karl.vansteelandt.free.fr
2013-11-20 16:27:13,karl.vansteelandt.free.fr
2013-11-20 16:29:29,plus.google.com
2013-11-20 16:29:47,www.google.fr
2013-11-20 16:31:37,www.google.fr
2013-11-20 16:31:49,www.google.fr
2013-11-20 16:31:50,www.jcolibri.com
2013-11-20 16:31:51,www.jcolibri.com
2013-11-20 16:31:52,www.jcolibri.com
2013-11-20 16:32:26,www.google.fr
2013-11-20 16:32:27,ajax.googleapis.com
2013-11-20 16:32:27,www.developpez.net
2013-11-20 16:32:28,www.developpez.net
2013-11-20 16:32:28,premium.hi-mediaserver.com
2013-11-20 16:32:29,www.developpez.net
2013-11-20 16:32:29,premium.hi-mediaserver.com
2013-11-20 16:32:48,www.google.fr
2013-11-20 16:32:49,www.commentcamarche.net
2013-11-20 16:32:49,static.ccm2.net
2013-11-20 16:32:49,r.ccm2.net
2013-11-20 16:32:49,ba.commentcamarche.net
2013-11-20 16:32:49,kh6qrx0f8h.s.ad6media.fr
2013-11-20 16:32:50,static.ccm2.net
2013-11-20 16:32:50,ba.commentcamarche.net
2013-11-20 16:32:50,connect.facebook.net
2013-11-20 16:32:51,s-static.ak.facebook.com
2013-11-20 16:32:51,static.ccm2.net
2013-11-20 16:32:51,static.ccmbg.com
2013-11-20 16:32:51,www.facebook.com
2013-11-20 16:32:51,static.ak.facebook.com
2013-11-20 16:32:51,platform.twitter.com
2013-11-20 16:32:52,www.facebook.com
2013-11-20 16:32:52,evsecure-ocsp.verisign.com
2013-11-20 16:32:53,www.commentcamarche.net
2013-11-20 16:32:53,evsecure-ocsp.verisign.com
2013-11-20 16:33:00,www.commentcamarche.net
2013-11-20 16:33:00,static.ccm2.net
2013-11-20 16:33:00,ba.commentcamarche.net
2013-11-20 16:33:01,static.ccm2.net
2013-11-20 16:33:01,ba.commentcamarche.net
2013-11-20 16:33:02,www.facebook.com
2013-11-20 16:33:02,platform.twitter.com
2013-11-20 16:33:02,ba.commentcamarche.net
2013-11-20 16:33:02,static.ak.facebook.com
2013-11-20 16:33:02,static.ccm2.net
2013-11-20 16:33:02,its.tradelab.fr
2013-11-20 16:33:02,s-static.ak.facebook.com
2013-11-20 16:33:05,www.facebook.com
2013-11-20 16:33:07,id.impressiondesk.com
2013-11-20 16:33:08,www.facebook.com
2013-11-20 16:33:33,twitter.com
2013-11-20 16:34:03,its.tradelab.fr
2013-11-20 16:34:33,plus.google.com
2013-11-20 16:35:15,www.google.fr
2013-11-20 16:35:44,ajax.googleapis.com
2013-11-20 16:35:58,apis.google.com
2013-11-20 16:35:58,accounts.google.com
2013-11-20 16:51:06,safebrowsing.clients.google.com
2013-11-20 16:51:06,safebrowsing-cache.google.com
2013-11-20 16:51:07,safebrowsing-cache.google.com
2013-11-20 16:54:19,www.google.fr
2013-11-20 17:00:12,plus.google.com
2013-11-20 17:00:26,www.google.fr
2013-11-20 17:00:29,www.google.fr
2013-11-20 17:00:30,www.google.fr
2013-11-20 17:00:31,www.google.fr
2013-11-20 17:00:32,www.google.fr
2013-11-20 17:00:33,www.google.fr
2013-11-20 17:00:34,www.google.fr
2013-11-20 17:00:35,www.google.fr
2013-11-20 17:00:36,www.google.fr
2013-11-20 17:00:37,www.google.fr
2013-11-20 17:00:38,www.google.fr
2013-11-20 17:14:40,www.google.fr
2013-11-20 17:14:42,docs.oracle.com
2013-11-20 17:14:43,docs.oracle.com
2013-11-20 17:15:25,www.google.com
2013-11-20 17:15:25,www.google.fr
2013-11-20 17:15:33,www.google.fr
2013-11-20 17:15:34,docs.oracle.com
2013-11-20 17:15:34,www.google.fr
2013-11-20 17:15:35,www.oracle.com
2013-11-20 17:15:35,docs.oracle.com
2013-11-20 17:15:36,docs.oracle.com
2013-11-20 17:15:46,www.google.fr
2013-11-20 17:15:46,www.google.com
2013-11-20 17:18:42,plus.google.com
2013-11-20 17:18:44,www.google.fr
2013-11-20 17:19:33,docs.oracle.com
2013-11-20 17:19:33,www.google.fr
2013-11-20 17:19:33,www.oracle.com
2013-11-20 17:19:40,safebrowsing-cache.google.com
2013-11-20 17:19:40,safebrowsing.clients.google.com
2013-11-20 17:19:41,safebrowsing-cache.google.com
2013-11-20 17:22:27,www.google.fr
2013-11-20 17:25:12,javadl-esd-secure.oracle.com
2013-11-23 13:25:13,armmf.adobe.com
2013-11-23 13:25:15,armmf.adobe.com
2013-11-23 13:25:17,armdl.adobe.com
2013-11-23 13:29:58,javadl-esd-secure.oracle.com
2013-11-23 13:31:13,javadl-esd-secure.oracle.com
2013-11-23 15:29:36,javadl-esd-secure.oracle.com
2013-11-23 20:31:29,javadl-esd-secure.oracle.com
2013-11-23 20:31:42,javadl-esd-secure.oracle.com
2013-11-24 10:54:36,javadl-esd-secure.oracle.com
2013-11-24 14:27:11,gtssl-ocsp.geotrust.com
2013-11-24 14:27:18,gtglobal-ocsp.geotrust.com
2013-11-24 14:27:18,clients1.google.com
2013-11-24 14:27:19,clients1.google.com
2013-11-24 14:27:21,clients1.google.com
2013-11-24 14:27:27,clients1.google.com
2013-11-24 14:27:29,clients1.google.com
2013-11-24 14:29:05,safebrowsing.clients.google.com
2013-11-24 14:29:05,safebrowsing-cache.google.com
2013-11-24 14:29:06,safebrowsing-cache.google.com
2013-11-24 14:29:58,clients1.google.com
2013-11-24 14:30:15,www.google.fr
2013-11-24 14:30:20,clients2.google.com
2013-11-24 14:30:24,chatenabled.mail.google.com
2013-11-24 14:31:51,www.google.com
2013-11-24 14:32:21,drive.google.com
2013-11-24 14:32:21,accounts.google.com
2013-11-24 14:32:21,talkgadget.google.com
2013-11-24 14:32:21,plus.google.com
2013-11-24 14:32:21,apis.google.com
2013-11-24 14:32:21,mail.google.com
2013-11-24 14:32:21,clients6.google.com
2013-11-24 14:42:05,snippets-stats.mozilla.org
2013-11-24 14:43:51,ocsp.thawte.com
2013-11-24 14:45:00,javadl-esd-secure.oracle.com
2013-11-24 14:45:04,javadl-esd-secure.oracle.com
2013-11-24 14:45:52,ocsp.verisign.com
2013-11-24 14:47:16,safebrowsing.clients.google.com
2013-11-24 14:47:16,safebrowsing-cache.google.com
2013-11-24 14:47:17,safebrowsing-cache.google.com
2013-11-24 14:47:51,ocsp.digicert.com
2013-11-24 15:15:44,safebrowsing-cache.google.com
2013-11-24 15:15:44,safebrowsing.clients.google.com
2013-11-24 15:15:45,safebrowsing-cache.google.com
2013-11-24 15:45:41,safebrowsing-cache.google.com
2013-11-24 15:45:41,safebrowsing.clients.google.com
2013-11-24 16:15:11,safebrowsing-cache.google.com
2013-11-24 16:15:11,safebrowsing.clients.google.com
2013-11-24 16:15:12,safebrowsing-cache.google.com
2013-11-24 16:45:43,safebrowsing.clients.google.com
2013-11-24 16:45:44,safebrowsing-cache.google.com
2013-11-24 17:02:49,gtglobal-ocsp.geotrust.com
2013-11-24 17:02:49,clients1.google.com
2013-11-24 17:02:50,clients1.google.com
2013-11-24 17:02:51,clients1.google.com
2013-11-24 17:02:55,clients1.google.com
2013-11-24 17:02:57,clients1.google.com
2013-11-24 17:05:48,www.google.fr
2013-11-24 17:05:51,www.google.com
2013-11-24 17:05:51,clients2.google.com
2013-11-24 17:05:51,plus.google.com
2013-11-24 17:05:52,chatenabled.mail.google.com
2013-11-24 17:05:52,accounts.google.com
2013-11-24 17:06:24,apis.google.com
2013-11-24 17:14:41,safebrowsing-cache.google.com
2013-11-24 17:14:41,safebrowsing.clients.google.com
2013-11-24 17:16:02,plus.google.com
2013-11-24 17:26:01,plus.google.com
2013-11-24 17:36:01,plus.google.com
2013-11-24 17:43:04,safebrowsing.clients.google.com
2013-11-24 17:43:04,safebrowsing-cache.google.com
2013-11-24 17:46:01,plus.google.com
2013-11-24 17:56:01,plus.google.com
2013-11-24 18:06:02,plus.google.com
2013-11-24 18:13:06,safebrowsing-cache.google.com
2013-11-24 18:13:06,safebrowsing.clients.google.com
2013-11-24 18:16:02,plus.google.com
2013-11-24 18:18:35,mail.google.com
2013-11-29 23:15:52,armmf.adobe.com
2013-11-29 23:15:54,armmf.adobe.com
2013-11-29 23:15:56,armdl.adobe.com
2013-11-29 23:20:38,javadl-esd-secure.oracle.com
2013-11-29 23:23:34,javadl-esd-secure.oracle.com
2013-12-13 11:52:29,armmf.adobe.com
2013-12-13 11:52:31,armmf.adobe.com
2013-12-13 11:52:33,armdl.adobe.com
2013-12-13 11:53:13,www.oracle.com
2013-12-13 11:53:14,apex.oracle.com
2013-12-13 11:53:14,www.oracle.com
2013-12-13 12:27:45,javadl-esd-secure.oracle.com
2013-12-13 12:32:12,javadl-esd-secure.oracle.com
2013-12-13 12:35:24,gtssl-ocsp.geotrust.com
2013-12-13 12:35:39,www.google.com
2013-12-13 12:35:39,oracle.developpez.com
2013-12-13 12:35:40,premium.hi-mediaserver.com
2013-12-13 12:35:40,www.developpez.com
2013-12-13 12:35:41,www.developpez.com
2013-12-13 12:35:42,rp.gwallet.com
2013-12-13 12:35:42,ocsp.digicert.com
2013-12-13 12:35:42,www.facebook.com
2013-12-13 12:38:36,safebrowsing.clients.google.com
2013-12-13 12:38:36,safebrowsing-cache.google.com
2013-12-13 12:38:37,safebrowsing-cache.google.com
2013-12-13 12:41:21,ocsp.thawte.com
2013-12-13 12:43:21,ocsp.verisign.com
2013-12-13 12:45:21,ocsp.digicert.com
2013-12-13 13:02:00,clients1.google.com
2013-12-13 13:02:01,clients1.google.com
2013-12-13 13:02:01,gtglobal-ocsp.geotrust.com
2013-12-13 13:02:02,clients1.google.com
2013-12-13 13:02:06,clients1.google.com
2013-12-13 13:02:07,clients1.google.com
2013-12-13 13:02:13,clients1.google.com
2013-12-13 13:02:22,clients1.google.com
2013-12-13 13:02:33,clients1.google.com
2013-12-13 13:04:57,www.google.fr
2013-12-13 13:05:07,accounts.google.fr
2013-12-13 13:05:07,accounts.google.co.ma
2013-12-13 13:05:07,accounts.youtube.com
2013-12-13 13:05:12,www.google.com
2013-12-13 13:05:13,clients2.google.com
2013-12-13 13:05:14,apis.google.com
2013-12-13 13:05:14,plus.google.com
2013-12-13 13:05:14,accounts.google.com
2013-12-13 13:05:16,chatenabled.mail.google.com
2013-12-13 13:07:18,safebrowsing-cache.google.com
2013-12-13 13:07:18,safebrowsing.clients.google.com
2013-12-13 13:16:46,www.oracle.com
2013-12-13 13:16:47,apex.oracle.com
2013-12-13 13:16:47,www.oracle.com
2013-12-13 13:17:25,plus.google.com
2013-12-13 13:17:29,apis.google.com
2013-12-13 13:17:45,ocsp.thawte.com
2013-12-13 13:17:46,ocsp.digicert.com
2013-12-13 13:17:56,ocsp.digicert.com
2013-12-13 13:18:54,dl.patchbeam.com
2013-12-13 13:19:15,dl.patchbeam.com
2013-12-13 13:19:15,www.powerarchiver.com
2013-12-13 13:19:44,drive.google.com
2013-12-13 13:19:55,clients6.google.com
2013-12-13 13:20:41,ajax.googleapis.com
2013-12-13 13:20:49,www.dropbox.com
2013-12-13 13:25:26,plus.google.com
2013-12-13 13:35:25,plus.google.com
2013-12-13 13:37:17,safebrowsing.clients.google.com
2013-12-13 13:37:17,safebrowsing-cache.google.com
2013-12-13 13:37:18,safebrowsing-cache.google.com
2013-12-13 13:45:26,plus.google.com
2013-12-13 13:55:26,plus.google.com
2013-12-13 14:03:27,mail.google.com
2013-12-13 14:05:27,plus.google.com
2013-12-13 14:06:55,gtglobal-ocsp.geotrust.com
2013-12-13 14:06:55,clients1.google.com
2013-12-13 14:07:18,www.google.fr
2013-12-13 14:07:19,ocsp.usertrust.com
2013-12-13 14:07:19,ocsp.tcs.terena.org
2013-12-13 14:07:35,safebrowsing-cache.google.com
2013-12-13 14:07:35,safebrowsing.clients.google.com
2013-12-13 14:07:36,safebrowsing-cache.google.com
2013-12-13 14:09:57,clients2.google.com
2013-12-13 14:10:00,chatenabled.mail.google.com
2013-12-13 14:10:10,www.google.com
2013-12-13 14:10:12,plus.google.com
2013-12-13 14:10:12,www.google.fr
2013-12-13 14:15:27,plus.google.com
2013-12-13 14:25:27,plus.google.com
2013-12-13 14:35:29,plus.google.com
2013-12-13 14:35:55,safebrowsing.clients.google.com
2013-12-13 14:35:55,safebrowsing-cache.google.com
2013-12-13 14:45:28,plus.google.com
2013-12-13 14:55:28,plus.google.com
2013-12-13 14:57:16,dl.javafx.com
2013-12-13 15:04:10,safebrowsing-cache.google.com
2013-12-13 15:04:10,safebrowsing.clients.google.com
2013-12-13 15:05:28,plus.google.com
2013-12-13 15:07:02,mail.google.com
2013-12-13 15:14:39,plus.google.com
2013-12-13 15:15:27,mail.google.com
2013-12-13 15:25:29,plus.google.com
2013-12-13 15:33:11,safebrowsing-cache.google.com
2013-12-13 15:33:11,safebrowsing.clients.google.com
2013-12-13 15:33:12,safebrowsing-cache.google.com
2013-12-13 15:35:29,plus.google.com
2013-12-13 15:45:30,plus.google.com
2013-12-13 15:47:04,clients1.google.com
2013-12-13 15:47:04,gtglobal-ocsp.geotrust.com
2013-12-13 15:47:07,www.google.fr
2013-12-13 15:47:07,fr.wikipedia.org
2013-12-13 15:47:07,bits.wikimedia.org
2013-12-13 15:47:08,login.wikimedia.org
2013-12-13 15:47:08,meta.wikimedia.org
2013-12-13 15:47:08,fr.wikipedia.org
2013-12-13 15:47:08,bits.wikimedia.org
2013-12-13 15:47:09,meta.wikimedia.org
2013-12-13 15:47:09,ocsp.digicert.com
2013-12-13 15:48:09,bits.wikimedia.org
2013-12-13 15:49:40,www.google.fr
2013-12-13 15:49:41,ajax.googleapis.com
2013-12-13 15:49:41,www.developpez.net
2013-12-13 15:49:41,www.google.com
2013-12-13 15:49:42,www.google.com
2013-12-13 15:49:42,www.developpez.net
2013-12-13 15:49:43,www.developpez.net
2013-12-13 15:49:45,clients1.google.com
2013-12-13 15:49:46,ocsp.comodoca.com
2013-12-13 15:49:47,apnx-match.dotomi.com
2013-12-13 15:50:01,pixel2368.everesttech.net
2013-12-13 15:50:30,www.google.fr
2013-12-13 15:50:31,docs.oracle.com
2013-12-13 15:50:35,docs.oracle.com
2013-12-13 15:52:28,www.google.com
2013-12-13 15:52:29,plus.google.com
2013-12-13 15:52:30,www.google.fr
2013-12-13 15:55:30,plus.google.com
2013-12-13 16:02:35,safebrowsing-cache.google.com
2013-12-13 16:02:35,safebrowsing.clients.google.com
2013-12-13 16:02:36,safebrowsing-cache.google.com
2013-12-13 16:05:30,plus.google.com
2013-12-13 16:15:30,plus.google.com
2013-12-13 16:16:16,mail.google.com
2013-12-13 16:25:31,plus.google.com
2013-12-13 16:30:53,safebrowsing.clients.google.com
2013-12-13 16:30:53,safebrowsing-cache.google.com
2013-12-13 16:31:42,www.google.fr
2013-12-13 16:31:43,fr.openclassrooms.com
2013-12-13 16:31:44,www.google.com
2013-12-13 16:31:44,fr.openclassrooms.com
2013-12-13 16:31:45,cip.gagnoo.com
2013-12-13 16:31:45,ssl14.ovh.net
2013-12-13 16:31:45,www.google.com
2013-12-13 16:31:46,fr.openclassrooms.com
2013-12-13 16:31:46,cip.gagnoo.com
2013-12-13 16:31:46,dnn506yrbagrg.cloudfront.net
2013-12-13 16:31:47,clients1.google.com
2013-12-13 16:31:47,cip.gagnoo.com
2013-12-13 16:31:47,fr.openclassrooms.com
2013-12-13 16:31:48,www.darty.com
2013-12-13 16:31:48,fr.openclassrooms.com
2013-12-13 16:31:48,images.orangepublicite.fr
2013-12-13 16:31:49,www.darty.com
2013-12-13 16:31:49,image.darty.com
2013-12-13 16:31:49,img.publicidees.com
2013-12-13 16:31:49,www.xl.com
2013-12-13 16:31:50,image.darty.com
2013-12-13 16:31:50,ad.publicidees.com
2013-12-13 16:31:50,halc.iadvize.com
2013-12-13 16:31:50,connect.facebook.net
2013-12-13 16:31:51,s-static.ak.facebook.com
2013-12-13 16:31:51,www.xl.com
2013-12-13 16:31:51,static.ak.facebook.com
2013-12-13 16:31:51,www.darty.com
2013-12-13 16:31:51,metrics.darty.com
2013-12-13 16:31:52,www.xl.com
2013-12-13 16:31:52,www.adobe.com
2013-12-13 16:31:52,mediaxft.frampro.fr
2013-12-13 16:31:52,back.heliades.orchestra-platform.com
2013-12-13 16:31:52,photos.marmara.com
2013-12-13 16:31:52,metrics.darty.com
2013-12-13 16:31:52,wwwimages.adobe.com
2013-12-13 16:31:52,rapidssl-ocsp.geotrust.com
2013-12-13 16:31:53,halc.iadvize.com
2013-12-13 16:31:53,fstatic.iadvize.com
2013-12-13 16:31:53,www.google.com
2013-12-13 16:31:53,rainbow-fr.mythings.com
2013-12-13 16:31:53,ocsp.gandi.net
2013-12-13 16:31:53,ocsp.usertrust.com
2013-12-13 16:31:53,ocsp.comodoca.com
2013-12-13 16:31:53,s3.amazonaws.com
2013-12-13 16:31:53,www.xl.com
2013-12-13 16:31:54,ocsp.comodoca.com
2013-12-13 16:31:55,calotag.com
2013-12-13 16:32:53,halc.iadvize.com
2013-12-13 16:32:55,www.google.com
2013-12-13 16:32:57,www.google.fr
2013-12-13 16:33:03,halc.iadvize.com
2013-12-13 16:33:46,cdns.gigya.com
2013-12-13 16:33:53,halc.iadvize.com
2013-12-13 16:34:42,www.googleapis.com
2013-12-13 16:34:44,i1.ytimg.com
2013-12-13 16:34:53,halc.iadvize.com
2013-12-13 16:35:30,plus.google.com
2013-12-13 16:35:53,halc.iadvize.com
2013-12-13 16:36:53,halc.iadvize.com
2013-12-13 16:37:53,halc.iadvize.com
2013-12-13 16:38:53,halc.iadvize.com
2013-12-13 16:39:11,www.google.com
2013-12-13 16:39:17,www.google.fr
2013-12-13 16:39:17,didier.deleglise.free.fr
2013-12-13 16:39:18,didier.deleglise.free.fr
2013-12-13 16:42:07,www.google.com
2013-12-13 16:42:09,www.google.fr
2013-12-13 16:42:09,plus.google.com
2013-12-13 16:45:31,plus.google.com
2013-12-13 16:55:31,plus.google.com
2013-12-13 17:01:10,safebrowsing.clients.google.com
2013-12-13 17:01:10,safebrowsing-cache.google.com
2013-12-13 17:02:53,clients1.google.com
2013-12-13 17:02:54,gtglobal-ocsp.geotrust.com
2013-12-13 17:06:25,id.google.fr
2013-12-13 17:08:32,www.google.com
2013-12-13 17:08:34,plus.google.com
2013-12-13 17:08:37,www.google.fr
2013-12-13 17:15:32,plus.google.com
2013-12-13 17:17:12,mail.google.com
2013-12-13 17:19:32,plus.google.com
2013-12-13 17:25:32,plus.google.com
2013-12-13 17:28:45,plus.google.com
2013-12-13 17:30:45,safebrowsing-cache.google.com
2013-12-13 17:30:45,safebrowsing.clients.google.com
2013-12-13 17:35:32,plus.google.com
2013-12-13 17:38:45,plus.google.com
2013-12-13 17:43:40,www.google.fr
2013-12-13 17:43:41,didier.deleglise.free.fr
2013-12-13 17:43:41,www.google.fr
2013-12-13 17:43:42,didier.deleglise.free.fr
2013-12-13 17:47:59,www.google.fr
2013-12-13 17:48:00,plus.google.com
2013-12-13 17:49:09,docs.oracle.com
2013-12-13 17:49:09,www.google.fr
2013-12-13 17:49:10,docs.oracle.com
2013-12-13 17:49:10,www.oracle.com
2013-12-13 17:50:51,www.google.fr
2013-12-13 17:50:52,wikiora.com
2013-12-13 17:50:53,wikiora.com
2013-12-13 17:50:53,facebook.com
2013-12-13 17:50:53,google.com
2013-12-13 17:50:53,translate.google.com
2013-12-13 17:50:53,www.google.com
2013-12-13 17:50:53,www.lemonde.fr
2013-12-13 17:50:53,clients1.google.com
2013-12-13 17:50:53,evsecure-ocsp.verisign.com
2013-12-13 17:50:53,www.facebook.com
2013-12-13 17:50:54,evsecure-ocsp.verisign.com
2013-12-13 17:50:54,www.google.com
2013-12-13 17:50:54,hal9000.redintelligence.net
2013-12-13 17:50:54,clients1.google.com
2013-12-13 17:50:55,ocsp.thawte.com
2013-12-13 17:50:55,ea.numericable.fr
2013-12-13 17:50:55,boutique-online.orange.fr
2013-12-13 17:50:55,hal9000.redintelligence.net
2013-12-13 17:50:57,wikiora.com
2013-12-13 17:50:57,hal9000.redintelligence.net
2013-12-13 17:50:58,n21.hal9000.redintelligence.net
2013-12-13 17:50:58,banniere.reussissonsensemble.fr
2013-12-13 17:50:58,translate.google.com
2013-12-13 17:50:58,www.prizee.com
2013-12-13 17:50:58,www.shirtinator.fr
2013-12-13 17:50:58,promotion.shirtinator.net
2013-12-13 17:51:01,translate.google.com
2013-12-13 17:51:14,id.google.fr
2013-12-13 17:51:24,twitter.com
2013-12-13 17:52:49,www.paypal.com
2013-12-13 17:53:44,www.google.fr
2013-12-13 17:53:50,translate.googleapis.com
2013-12-13 17:53:51,accounts.google.com
2013-12-13 17:53:55,www.google.com
2013-12-13 17:55:39,plus.google.com
2013-12-13 17:59:47,safebrowsing-cache.google.com
2013-12-13 17:59:47,safebrowsing.clients.google.com
2013-12-13 17:59:48,safebrowsing-cache.google.com
2013-12-13 17:59:50,safebrowsing-cache.google.com
2013-12-13 18:05:39,plus.google.com
2013-12-13 18:11:51,gtglobal-ocsp.geotrust.com
2013-12-13 18:11:51,clients1.google.com
2013-12-13 18:12:05,clients1.google.com
2013-12-13 18:14:54,www.google.fr
2013-12-13 18:14:59,apis.google.com
2013-12-13 18:15:07,www.google.com
2013-12-13 18:15:37,plus.google.com
2013-12-13 18:16:02,inputtools.google.com
2013-12-13 18:17:58,mail.google.com
2013-12-13 18:19:00,www.google.fr
2013-12-13 18:19:01,www.arkzoyd.com
2013-12-13 18:19:03,www.arkzoyd.com
2013-12-13 18:19:04,s0.wp.com
2013-12-13 18:19:04,www.arkzoyd.com
2013-12-13 18:19:05,www.arkzoyd.com
2013-12-13 18:19:06,www.arkzoyd.com
2013-12-13 18:19:07,www.arkzoyd.com
2013-12-13 18:19:07,blog.arkzoyd.com
2013-12-13 18:19:08,api.facebook.com
2013-12-13 18:19:08,platform.twitter.com
2013-12-13 18:19:08,www.linkedin.com
2013-12-13 18:19:08,www.arkzoyd.com
2013-12-13 18:19:09,ocsp.verisign.com
2013-12-13 18:20:25,inputtools.google.com
2013-12-13 18:20:26,translate.google.fr
2013-12-13 18:20:29,plus.google.com
2013-12-13 18:21:04,pbs.twimg.com
2013-12-13 18:21:51,www.google.fr
2013-12-13 18:26:55,www.google.com
2013-12-13 18:26:58,plus.google.com
2013-12-13 18:28:00,translate.google.fr
2013-12-13 18:30:53,safebrowsing.clients.google.com
2013-12-13 18:30:53,safebrowsing-cache.google.com
2013-12-13 18:35:37,plus.google.com
2013-12-13 18:41:59,mail.google.com
2013-12-14 11:59:01,clients1.google.com
2013-12-14 11:59:02,clients1.google.com
2013-12-14 11:59:02,gtglobal-ocsp.geotrust.com
2013-12-14 11:59:03,clients1.google.com
2013-12-14 12:00:05,javadl-esd-secure.oracle.com
2013-12-14 12:00:40,clients1.google.com
2013-12-14 12:00:43,clients1.google.com
2013-12-14 12:00:44,clients1.google.com
2013-12-14 12:02:00,www.google.fr
2013-12-14 12:02:35,safebrowsing.clients.google.com
2013-12-14 12:02:35,safebrowsing-cache.google.com
2013-12-14 12:02:36,safebrowsing-cache.google.com
2013-12-14 12:03:20,ocsp.thawte.com
2013-12-14 12:03:21,ocsp.digicert.com
2013-12-14 12:03:21,clients1.google.com
2013-12-14 12:03:24,ocsp.digicert.com
2013-12-14 12:03:37,clients2.google.com
2013-12-14 12:03:38,www.google.com
2013-12-14 12:03:39,accounts.google.com
2013-12-14 12:03:39,chatenabled.mail.google.com
2013-12-14 12:03:50,apis.google.com
2013-12-14 12:04:13,dl.patchbeam.com
2013-12-14 12:04:34,www.powerarchiver.com
2013-12-14 12:04:34,dl.patchbeam.com
2013-12-14 12:04:36,plus.google.com
2013-12-14 12:04:56,ocsp.thawte.com
2013-12-14 12:05:56,drive.google.com
2013-12-14 12:06:18,ajax.googleapis.com
2013-12-14 12:06:19,clients6.google.com
2013-12-14 12:06:23,www.dropbox.com
2013-12-14 12:09:06,javadl-esd-secure.oracle.com
2013-12-14 12:14:40,plus.google.com
2013-12-14 12:23:48,plus.google.com
2013-12-14 12:26:00,www.google.fr
2013-12-14 12:26:00,ocsp.usertrust.com
2013-12-14 12:26:00,ocsp.tcs.terena.org
2013-12-14 12:26:12,www.oracle.com
2013-12-14 12:26:13,www.oracle.com
2013-12-14 12:26:13,apex.oracle.com
2013-12-14 12:28:49,www.google.com
2013-12-14 12:28:50,id.google.fr
2013-12-14 12:28:51,plus.google.com
2013-12-14 12:28:53,www.google.fr
2013-12-14 12:32:48,safebrowsing-cache.google.com
2013-12-14 12:32:48,safebrowsing.clients.google.com
2013-12-14 12:33:48,plus.google.com
2013-12-14 12:43:21,ocsp.verisign.com
2013-12-14 12:43:49,plus.google.com
2013-12-14 12:45:21,ocsp.digicert.com
2013-12-14 12:50:02,www.google.fr
2013-12-14 12:50:03,liris.cnrs.fr
2013-12-14 12:50:03,www.google.fr
2013-12-14 12:50:04,liris.cnrs.fr
2013-12-14 12:50:20,www.google.fr
2013-12-14 12:50:22,www.developpez.net
2013-12-14 12:50:22,www.google.com
2013-12-14 12:50:22,ajax.googleapis.com
2013-12-14 12:50:23,www.developpez.net
2013-12-14 12:50:23,ajax.googleapis.com
2013-12-14 12:50:23,www.google.com
2013-12-14 12:50:24,www.facebook.com
2013-12-14 12:50:24,www.developpez.net
2013-12-14 12:50:24,premium.hi-mediaserver.com
2013-12-14 12:50:25,ocsp.digicert.com
2013-12-14 12:50:50,www.google.fr
2013-12-14 12:50:51,hal.archives-ouvertes.fr
2013-12-14 12:51:20,www.google.fr
2013-12-14 12:51:20,tel.archives-ouvertes.fr
2013-12-14 12:51:21,tel.archives-ouvertes.fr
2013-12-14 12:51:21,piwik-hal.ccsd.cnrs.fr
2013-12-14 12:51:34,tel.archives-ouvertes.fr
2013-12-14 12:52:07,www.google.fr
2013-12-14 12:52:08,eric.univ-lyon2.fr
2013-12-14 12:52:21,www.google.fr
2013-12-14 12:52:22,dnn506yrbagrg.cloudfront.net
2013-12-14 12:52:22,www.google.com
2013-12-14 12:52:22,ssl14.ovh.net
2013-12-14 12:52:22,fr.openclassrooms.com
2013-12-14 12:52:23,www.google.com
2013-12-14 12:52:23,cip.gagnoo.com
2013-12-14 12:52:24,ce.lijit.com
2013-12-14 12:52:24,cip.gagnoo.com
2013-12-14 12:52:24,fr.openclassrooms.com
2013-12-14 12:52:24,www.facebook.com
2013-12-14 12:52:26,ocsp.godaddy.com
2013-12-14 12:52:26,ocsp.verisign.com
2013-12-14 12:53:29,www.google.fr
2013-12-14 12:53:30,fr.wikipedia.org
2013-12-14 12:53:30,bits.wikimedia.org
2013-12-14 12:53:30,www.google.fr
2013-12-14 12:53:31,ocsp.digicert.com
2013-12-14 12:53:31,meta.wikimedia.org
2013-12-14 12:53:31,fr.wikipedia.org
2013-12-14 12:53:31,bits.wikimedia.org
2013-12-14 12:54:31,bits.wikimedia.org
2013-12-14 12:55:11,www.google.com
2013-12-14 12:55:12,plus.google.com
2013-12-14 12:55:12,www.google.fr
2013-12-14 12:55:18,www.googleapis.com
2013-12-14 12:55:59,clients1.google.com
2013-12-14 12:58:46,www.google.fr
2013-12-14 12:58:54,plus.google.com
2013-12-14 12:58:54,apis.google.com
2013-12-14 12:58:55,www.google.com
2013-12-14 13:00:10,translate.google.fr
2013-12-14 13:02:29,mail.google.com
2013-12-14 13:03:33,safebrowsing-cache.google.com
2013-12-14 13:03:33,safebrowsing.clients.google.com
2013-12-14 13:03:50,plus.google.com
2013-12-14 13:09:57,plus.google.com
2013-12-14 13:10:41,bloodangelteam.free.fr
2013-12-14 13:10:41,www.google.fr
2013-12-14 13:11:00,shell.windows.com
2013-12-14 13:11:00,go.microsoft.com
2013-12-14 13:11:01,shell.windows.com
2013-12-14 13:12:23,bloodangelteam.free.fr
2013-12-14 13:12:23,www.google.fr
2013-12-14 13:13:10,www.google.fr
2013-12-14 13:13:11,didier.deleglise.free.fr
2013-12-14 13:13:11,www.google.fr
2013-12-14 13:13:49,plus.google.com
2013-12-14 13:15:24,www.google.fr
2013-12-14 13:23:50,plus.google.com
2013-12-14 13:31:38,safebrowsing.clients.google.com
2013-12-14 13:31:38,safebrowsing-cache.google.com
2013-12-14 13:31:39,safebrowsing-cache.google.com
2013-12-14 13:33:50,plus.google.com
2013-12-14 13:36:14,clients1.google.com
2013-12-14 13:36:15,gtglobal-ocsp.geotrust.com
2013-12-14 13:36:19,edms-sgde.sourceforge.net
2013-12-14 13:36:19,www.google.fr
2013-12-14 13:37:26,wtpn.twenga.fr
2013-12-14 13:37:26,www.google.fr
2013-12-14 13:37:26,memoireonline.com
2013-12-14 13:37:26,www.memoireonline.com
2013-12-14 13:37:27,www.memoireonline.com
2013-12-14 13:37:27,connect.facebook.net
2013-12-14 13:37:27,s-static.ak.facebook.com
2013-12-14 13:37:27,static.ak.facebook.com
2013-12-14 13:37:28,wtpn.twenga.fr
2013-12-14 13:37:28,www.facebook.com
2013-12-14 13:37:28,hal9000.redintelligence.net
2013-12-14 13:37:29,hal9000.redintelligence.net
2013-12-14 13:37:29,www.effiliation-hebergement.com
2013-12-14 13:37:29,www.news-parfums.com
2013-12-14 13:39:13,id.google.fr
2013-12-14 13:40:06,plus.google.com
2013-12-14 13:40:07,www.google.com
2013-12-14 13:40:08,www.google.fr
2013-12-14 13:40:23,apis.google.com
2013-12-14 13:40:25,accounts.google.com
2013-12-14 13:43:50,plus.google.com
2013-12-14 13:53:51,plus.google.com
2013-12-14 13:58:33,docs.postgresql.fr
2013-12-14 13:58:33,www.google.fr
2013-12-14 13:59:21,www.google.fr
2013-12-14 13:59:21,www.aide-oracle.net
2013-12-14 13:59:21,frise.aide-oracle.net
2013-12-14 13:59:21,www.google.com
2013-12-14 13:59:21,clients1.google.com
2013-12-14 13:59:22,clients1.google.com
2013-12-14 13:59:22,s.cdiscount.widgetvillage.com
2013-12-14 13:59:22,frise.aide-oracle.net
2013-12-14 13:59:22,translate.google.com
2013-12-14 13:59:22,www.google.com
2013-12-14 13:59:22,lh6.ggpht.com
2013-12-14 13:59:22,www.aide-oracle.net
2013-12-14 13:59:22,www.google.fr
2013-12-14 13:59:22,www.blogger.com
2013-12-14 13:59:23,s.cdiscount.widgetvillage.com
2013-12-14 13:59:23,ak.cdiscount.com
2013-12-14 13:59:23,avis.cdiscount.com
2013-12-14 13:59:24,www.google.com
2013-12-14 13:59:24,clients1.google.com
2013-12-14 13:59:24,translate.google.com
2013-12-14 13:59:24,avis.cdiscount.com
2013-12-14 13:59:27,translate.google.com
2013-12-14 13:59:37,ak.cdiscount.com
2013-12-14 13:59:37,avis.cdiscount.com
2013-12-14 13:59:41,ak.cdiscount.com
2013-12-14 13:59:46,ak.cdiscount.com
2013-12-14 13:59:46,avis.cdiscount.com
2013-12-14 13:59:50,ak.cdiscount.com
2013-12-14 13:59:55,ak.cdiscount.com
2013-12-14 13:59:55,avis.cdiscount.com
2013-12-14 13:59:59,ak.cdiscount.com
2013-12-14 13:59:59,avis.cdiscount.com
2013-12-14 14:00:04,ak.cdiscount.com
2013-12-14 14:00:04,avis.cdiscount.com
2013-12-14 14:00:09,s.cdiscount.widgetvillage.com
2013-12-14 14:00:09,ak.cdiscount.com
2013-12-14 14:00:13,avis.cdiscount.com
2013-12-14 14:00:13,ak.cdiscount.com
2013-12-14 14:00:17,ak.cdiscount.com
2013-12-14 14:00:22,ak.cdiscount.com
2013-12-14 14:00:26,avis.cdiscount.com
2013-12-14 14:00:26,ak.cdiscount.com
2013-12-14 14:00:31,ak.cdiscount.com
2013-12-14 14:00:35,ak.cdiscount.com
2013-12-14 14:00:40,ak.cdiscount.com
2013-12-14 14:00:40,avis.cdiscount.com
2013-12-14 14:00:44,ak.cdiscount.com
2013-12-14 14:00:44,avis.cdiscount.com
2013-12-14 14:00:49,ak.cdiscount.com
2013-12-14 14:00:58,ak.cdiscount.com
2013-12-14 14:00:58,s.cdiscount.widgetvillage.com
2013-12-14 14:01:02,ak.cdiscount.com
2013-12-14 14:01:07,avis.cdiscount.com
2013-12-14 14:01:07,ak.cdiscount.com
2013-12-14 14:01:07,s.cdiscount.widgetvillage.com
2013-12-14 14:01:11,ak.cdiscount.com
2013-12-14 14:01:16,avis.cdiscount.com
2013-12-14 14:01:16,ak.cdiscount.com
2013-12-14 14:01:20,ak.cdiscount.com
2013-12-14 14:01:20,avis.cdiscount.com
2013-12-14 14:01:25,ak.cdiscount.com
2013-12-14 14:01:25,avis.cdiscount.com
2013-12-14 14:01:29,avis.cdiscount.com
2013-12-14 14:01:29,ak.cdiscount.com
2013-12-14 14:01:34,ak.cdiscount.com
2013-12-14 14:01:38,ak.cdiscount.com
2013-12-14 14:01:38,avis.cdiscount.com
2013-12-14 14:01:43,s.cdiscount.widgetvillage.com
2013-12-14 14:01:43,ak.cdiscount.com
2013-12-14 14:01:47,ak.cdiscount.com
2013-12-14 14:01:52,ak.cdiscount.com
2013-12-14 14:01:56,ak.cdiscount.com
2013-12-14 14:01:56,avis.cdiscount.com
2013-12-14 14:02:08,www.google.fr
2013-12-14 14:02:09,www.oracle.com
2013-12-14 14:02:09,www.oracleimg.com
2013-12-14 14:02:10,www.oracle.com
2013-12-14 14:02:10,www.oracleimg.com
2013-12-14 14:02:10,img03.en25.com
2013-12-14 14:02:11,www.oracle.com
2013-12-14 14:02:11,www.oracleimg.com
2013-12-14 14:02:11,s1973398186.t.eloqua.com
2013-12-14 14:02:11,ajax.googleapis.com
2013-12-14 14:02:12,www.google.fr
2013-12-14 14:02:16,www.blogger.com
2013-12-14 14:02:18,apis.google.com
2013-12-14 14:02:18,www.googleapis.com
2013-12-14 14:02:18,accounts.google.com
2013-12-14 14:02:18,www.google.com
2013-12-14 14:02:21,translate.googleapis.com
2013-12-14 14:03:21,safebrowsing.clients.google.com
2013-12-14 14:03:21,safebrowsing-cache.google.com
2013-12-14 14:03:50,plus.google.com
2013-12-14 14:05:19,mail.google.com
2013-12-14 14:13:51,plus.google.com
2013-12-14 14:23:51,plus.google.com
2013-12-14 14:31:43,safebrowsing-cache.google.com
2013-12-14 14:31:43,safebrowsing.clients.google.com
2013-12-14 14:31:44,safebrowsing-cache.google.com
2013-12-14 14:33:52,plus.google.com
2013-12-14 14:40:50,clients1.google.com
2013-12-14 14:40:50,gtglobal-ocsp.geotrust.com
2013-12-14 14:40:58,www.google.fr
2013-12-14 14:41:01,0.gravatar.com
2013-12-14 14:41:01,www.dbnewz.com
2013-12-14 14:41:04,www.dbnewz.com
2013-12-14 14:41:44,www.google.fr
2013-12-14 14:41:44,jpg.developpez.com
2013-12-14 14:41:44,www.developpez.com
2013-12-14 14:41:44,www.google.com
2013-12-14 14:41:45,jpg.developpez.com
2013-12-14 14:44:31,www.google.com
2013-12-14 14:44:32,plus.google.com
2013-12-14 14:44:32,www.google.fr
2013-12-14 14:47:26,www.google.com
2013-12-14 14:47:27,www.google.com
2013-12-14 14:47:54,docs.oracle.com
2013-12-14 14:47:54,www.google.fr
2013-12-14 14:47:55,docs.oracle.com
2013-12-14 14:47:56,docs.oracle.com
2013-12-14 14:49:03,www.google.fr
2013-12-14 14:49:03,epublications.unilim.fr
2013-12-14 14:49:04,epublications.unilim.fr
2013-12-14 14:49:09,epublications.unilim.fr
2013-12-14 14:52:22,www.google.com
2013-12-14 14:52:24,www.google.fr
2013-12-14 14:53:53,plus.google.com
2013-12-14 14:56:50,www.google.fr
2013-12-14 14:56:51,www.oracleimg.com
2013-12-14 14:56:51,www.oracle.com
2013-12-14 14:56:52,www.oracle.com
2013-12-14 14:56:52,img03.en25.com
2013-12-14 14:56:52,www.oracleimg.com
2013-12-14 14:56:52,s1973398186.t.eloqua.com
2013-12-14 14:57:08,www.google.fr
2013-12-14 14:57:08,www.commentcamarche.net
2013-12-14 14:57:09,static.ccm2.net
2013-12-14 14:57:09,ba.commentcamarche.net
2013-12-14 14:57:09,r.ccm2.net
2013-12-14 14:57:09,www.facebook.com
2013-12-14 14:57:10,ba.commentcamarche.net
2013-12-14 14:57:10,connect.facebook.net
2013-12-14 14:57:10,platform.twitter.com
2013-12-14 14:57:10,static.ccm2.net
2013-12-14 14:57:10,www.facebook.com
2013-12-14 14:57:11,s-static.ak.facebook.com
2013-12-14 14:57:11,evsecure-ocsp.verisign.com
2013-12-14 14:57:11,static.ccmbg.com
2013-12-14 14:57:11,ba.commentcamarche.net
2013-12-14 14:57:11,platform.twitter.com
2013-12-14 14:57:11,www.facebook.com
2013-12-14 14:57:11,static.ak.facebook.com
2013-12-14 14:57:12,www.commentcamarche.net
2013-12-14 14:57:12,evsecure-ocsp.verisign.com
2013-12-14 14:57:42,twitter.com
2013-12-14 15:00:00,www.google.com
2013-12-14 15:00:01,www.google.fr
2013-12-14 15:00:05,apis.google.com
2013-12-14 15:00:06,ajax.googleapis.com
2013-12-14 15:00:07,accounts.google.com
2013-12-14 15:01:39,www.google.fr
2013-12-14 15:01:40,www.google.fr
2013-12-14 15:01:40,www.techonthenet.com
2013-12-14 15:01:41,www.techonthenet.com
2013-12-14 15:01:41,www.google.com
2013-12-14 15:01:42,www.techonthenet.com
2013-12-14 15:01:42,clients1.google.com
2013-12-14 15:01:43,www.techonthenet.com
2013-12-14 15:01:44,www.techonthenet.com
2013-12-14 15:01:46,safebrowsing-cache.google.com
2013-12-14 15:01:46,safebrowsing.clients.google.com
2013-12-14 15:04:32,plus.google.com
2013-12-14 15:04:33,www.google.com
2013-12-14 15:04:34,www.google.fr
2013-12-14 15:04:36,apis.google.com
2013-12-14 15:04:37,accounts.google.com
2013-12-14 15:05:30,www.google.fr
2013-12-14 15:05:32,www.google.com
2013-12-14 15:05:32,www.dba-oracle.com
2013-12-14 15:05:33,www.google.com
2013-12-14 15:05:33,dba-oracle.com
2013-12-14 15:05:33,www.dba-oracle.com
2013-12-14 15:05:33,www.fast-track.cc
2013-12-14 15:06:47,www.google.fr
2013-12-14 15:06:47,www.linternaute.com
2013-12-14 15:06:47,static.ccmbg.com
2013-12-14 15:06:47,r.ccmbg.com
2013-12-14 15:06:47,ajax.googleapis.com
2013-12-14 15:06:47,cab.linternaute.com
2013-12-14 15:06:48,p.ccmbg.com
2013-12-14 15:06:48,www.linternaute.com
2013-12-14 15:06:48,cab.linternaute.com
2013-12-14 15:06:48,static.ccmbg.com
2013-12-14 15:06:49,r.ccmbg.com
2013-12-14 15:06:49,www.facebook.com
2013-12-14 15:06:49,video.journaldesfemmes.com
2013-12-14 15:06:49,static.ccmbg.com
2013-12-14 15:06:49,i-linter.linternaute.com
2013-12-14 15:06:49,player.ooyala.com
2013-12-14 15:06:49,p.ccmbg.com
2013-12-14 15:06:50,player.ooyala.com
2013-12-14 15:06:50,l.ooyala.com
2013-12-14 15:06:50,www.linternaute.com
2013-12-14 15:06:50,ak.c.ooyala.com
2013-12-14 15:06:51,api.ooyala.com
2013-12-14 15:06:51,ak.c.ooyala.com
2013-12-14 15:06:51,r.ccmbg.com
2013-12-14 15:06:52,l.ooyala.com
2013-12-14 15:07:16,mail.google.com
2013-12-14 15:08:43,www.google.fr
2013-12-14 15:08:44,docs.oracle.com
2013-12-14 15:08:45,docs.oracle.com
2013-12-14 15:08:46,docs.oracle.com
2013-12-14 15:08:49,docs.oracle.com
2013-12-14 15:08:50,docs.oracle.com
2013-12-14 15:08:53,docs.oracle.com
2013-12-14 15:11:35,www.google.com
2013-12-14 15:11:36,www.google.fr
2013-12-14 15:13:54,plus.google.com
2013-12-14 15:23:53,plus.google.com
2013-12-14 15:31:30,safebrowsing.clients.google.com
2013-12-14 15:31:30,safebrowsing-cache.google.com
2013-12-14 15:33:54,plus.google.com
2013-12-14 15:36:03,www.google.fr
2013-12-14 15:36:04,www.developpez.net
2013-12-14 15:36:05,www.google.com
2013-12-14 15:36:05,www.developpez.net
2013-12-14 15:36:06,www.facebook.com
2013-12-14 15:36:06,ocsp.digicert.com
2013-12-14 15:38:53,www.google.com
2013-12-14 15:38:54,www.google.fr
2013-12-14 15:38:55,plus.google.com
2013-12-14 15:43:53,plus.google.com
2013-12-14 15:53:53,plus.google.com
2013-12-14 15:54:57,clients1.google.com
2013-12-14 15:54:58,gtglobal-ocsp.geotrust.com
2013-12-14 15:55:10,www.google.fr
2013-12-14 15:55:11,r.ccm2.net
2013-12-14 15:55:11,static.ccm2.net
2013-12-14 15:55:11,www.commentcamarche.net
2013-12-14 15:55:11,ba.commentcamarche.net
2013-12-14 15:55:11,www.facebook.com
2013-12-14 15:55:12,s-static.ak.facebook.com
2013-12-14 15:55:12,connect.facebook.net
2013-12-14 15:55:12,static.ccm2.net
2013-12-14 15:55:12,ba.commentcamarche.net
2013-12-14 15:55:12,static.ak.facebook.com
2013-12-14 15:55:12,www.facebook.com
2013-12-14 15:55:12,platform.twitter.com
2013-12-14 15:55:42,twitter.com
2013-12-14 15:57:53,id.google.fr
2013-12-14 15:57:58,www.google.com
2013-12-14 15:57:59,www.google.fr
2013-12-14 15:57:59,plus.google.com
2013-12-14 16:02:53,safebrowsing.clients.google.com
2013-12-14 16:02:53,safebrowsing-cache.google.com
2013-12-14 16:03:53,plus.google.com
2013-12-14 16:11:09,mail.google.com
2013-12-14 16:13:53,plus.google.com
2013-12-14 16:23:55,plus.google.com
2013-12-14 16:31:40,safebrowsing.clients.google.com
2013-12-14 16:31:40,safebrowsing-cache.google.com
2013-12-14 16:33:54,plus.google.com
2013-12-14 16:43:57,plus.google.com
2013-12-14 16:53:55,plus.google.com
2013-12-14 17:00:17,safebrowsing-cache.google.com
2013-12-14 17:00:17,safebrowsing.clients.google.com
2013-12-14 17:00:49,gtglobal-ocsp.geotrust.com
2013-12-14 17:00:49,clients1.google.com
2013-12-14 17:03:46,www.google.fr
2013-12-14 17:03:52,www.google.com
2013-12-14 17:03:55,plus.google.com
2013-12-14 17:04:01,translate.google.fr
2013-12-14 17:11:29,mail.google.com
2013-12-14 17:14:56,plus.google.com
2013-12-14 17:24:01,plus.google.com
2013-12-14 17:24:46,ocsp.tcs.terena.org
2013-12-14 17:24:47,ocsp.usertrust.com
2013-12-14 17:29:29,safebrowsing-cache.google.com
2013-12-14 17:29:29,safebrowsing.clients.google.com
2013-12-14 17:32:32,www.google.com
2013-12-14 17:32:33,www.google.com
2013-12-14 17:32:43,www.google.fr
2013-12-14 17:32:43,sylvainveller.free.fr
2013-12-14 17:32:46,sylvainveller.free.fr
2013-12-14 17:33:34,www.google.fr
2013-12-14 17:33:35,www.developpez.net
2013-12-14 17:33:36,www.developpez.net
2013-12-14 17:33:36,www.google.com
2013-12-14 17:33:37,ocsp.digicert.com
2013-12-14 17:35:34,www.google.com
2013-12-14 17:35:35,plus.google.com
2013-12-14 17:35:35,www.google.fr
2013-12-14 17:37:48,www.google.fr
2013-12-14 17:37:49,www.cocktail.org
2013-12-14 17:37:50,www.cocktail.org
2013-12-14 17:42:13,www.google.fr
2013-12-14 17:42:14,www.aide-oracle.net
2013-12-14 17:42:14,s.easystore.widgetvillage.com
2013-12-14 17:42:14,www.google.fr
2013-12-14 17:42:14,s.cdiscount.widgetvillage.com
2013-12-14 17:42:14,translate.google.com
2013-12-14 17:42:14,www.google.com
2013-12-14 17:42:14,www.blogger.com
2013-12-14 17:42:15,s.cdiscount.widgetvillage.com
2013-12-14 17:42:15,ak.cdiscount.com
2013-12-14 17:42:16,clients1.google.com
2013-12-14 17:42:16,ak.cdiscount.com
2013-12-14 17:42:16,avis.cdiscount.com
2013-12-14 17:42:16,www.google.com
2013-12-14 17:42:16,translate.google.com
2013-12-14 17:42:19,translate.google.com
2013-12-14 17:42:29,avis.cdiscount.com
2013-12-14 17:42:29,ak.cdiscount.com
2013-12-14 17:42:33,ak.cdiscount.com
2013-12-14 17:42:38,ak.cdiscount.com
2013-12-14 17:42:38,avis.cdiscount.com
2013-12-14 17:42:42,ak.cdiscount.com
2013-12-14 17:42:47,ak.cdiscount.com
2013-12-14 17:42:47,avis.cdiscount.com
2013-12-14 17:43:03,avis.cdiscount.com
2013-12-14 17:43:03,ak.cdiscount.com
2013-12-14 17:43:07,avis.cdiscount.com
2013-12-14 17:43:07,ak.cdiscount.com
2013-12-14 17:43:17,avis.cdiscount.com
2013-12-14 17:43:17,ak.cdiscount.com
2013-12-14 17:43:17,s.cdiscount.widgetvillage.com
2013-12-14 17:43:20,ak.cdiscount.com
2013-12-14 17:43:20,s.cdiscount.widgetvillage.com
2013-12-14 17:43:21,ak.cdiscount.com
2013-12-14 17:43:25,ak.cdiscount.com
2013-12-14 17:43:30,avis.cdiscount.com
2013-12-14 17:43:30,ak.cdiscount.com
2013-12-14 17:43:34,ak.cdiscount.com
2013-12-14 17:43:39,ak.cdiscount.com
2013-12-14 17:43:43,ak.cdiscount.com
2013-12-14 17:43:43,avis.cdiscount.com
2013-12-14 17:43:48,avis.cdiscount.com
2013-12-14 17:43:48,ak.cdiscount.com
2013-12-14 17:43:52,ak.cdiscount.com
2013-12-14 17:43:57,ak.cdiscount.com
2013-12-14 17:44:01,plus.google.com
2013-12-14 17:44:02,s.cdiscount.widgetvillage.com
2013-12-14 17:44:02,ak.cdiscount.com
2013-12-14 17:44:06,ak.cdiscount.com
2013-12-14 17:44:10,ak.cdiscount.com
2013-12-14 17:44:10,avis.cdiscount.com
2013-12-14 17:44:15,ak.cdiscount.com
2013-12-14 17:44:19,ak.cdiscount.com
2013-12-14 17:44:19,avis.cdiscount.com
2013-12-14 17:44:24,ak.cdiscount.com
2013-12-14 17:44:24,avis.cdiscount.com
2013-12-14 17:44:28,ak.cdiscount.com
2013-12-14 17:44:28,avis.cdiscount.com
2013-12-14 17:44:33,ak.cdiscount.com
2013-12-14 17:44:33,avis.cdiscount.com
2013-12-14 17:44:37,ak.cdiscount.com
2013-12-14 17:44:42,avis.cdiscount.com
2013-12-14 17:44:42,ak.cdiscount.com
2013-12-14 17:44:47,s.cdiscount.widgetvillage.com
2013-12-14 17:44:47,ak.cdiscount.com
2013-12-14 17:44:51,ak.cdiscount.com
2013-12-14 17:44:55,ak.cdiscount.com
2013-12-14 17:45:00,ak.cdiscount.com
2013-12-14 17:45:00,avis.cdiscount.com
2013-12-14 17:45:04,ak.cdiscount.com
2013-12-14 17:45:09,ak.cdiscount.com
2013-12-14 17:45:09,apis.google.com
2013-12-14 17:45:11,www.googleapis.com
2013-12-14 17:45:11,translate.googleapis.com
2013-12-14 17:45:13,ak.cdiscount.com
2013-12-14 17:45:18,ak.cdiscount.com
2013-12-14 17:45:22,avis.cdiscount.com
2013-12-14 17:45:22,ak.cdiscount.com
2013-12-14 17:45:27,ak.cdiscount.com
2013-12-14 17:45:32,ak.cdiscount.com
2013-12-14 17:45:32,s.cdiscount.widgetvillage.com
2013-12-14 17:45:36,ak.cdiscount.com
2013-12-14 17:45:40,ak.cdiscount.com
2013-12-14 17:45:45,ak.cdiscount.com
2013-12-14 17:45:45,avis.cdiscount.com
2013-12-14 17:45:49,ak.cdiscount.com
2013-12-14 17:45:54,ak.cdiscount.com
2013-12-14 17:45:58,ak.cdiscount.com
2013-12-14 17:46:03,ak.cdiscount.com
2013-12-14 17:46:03,avis.cdiscount.com
2013-12-14 17:46:07,ak.cdiscount.com
2013-12-14 17:46:07,avis.cdiscount.com
2013-12-14 17:46:12,ak.cdiscount.com
2013-12-14 17:46:17,s.cdiscount.widgetvillage.com
2013-12-14 17:46:17,ak.cdiscount.com
2013-12-14 17:46:21,ak.cdiscount.com
2013-12-14 17:46:21,avis.cdiscount.com
2013-12-14 17:46:25,ak.cdiscount.com
2013-12-14 17:46:30,ak.cdiscount.com
2013-12-14 17:46:34,ak.cdiscount.com
2013-12-14 17:46:39,ak.cdiscount.com
2013-12-14 17:46:43,avis.cdiscount.com
2013-12-14 17:46:43,ak.cdiscount.com
2013-12-14 17:46:48,ak.cdiscount.com
2013-12-14 17:46:52,ak.cdiscount.com
2013-12-14 17:46:57,ak.cdiscount.com
2013-12-14 17:47:02,s.cdiscount.widgetvillage.com
2013-12-14 17:47:02,ak.cdiscount.com
2013-12-14 17:47:06,avis.cdiscount.com
2013-12-14 17:47:06,ak.cdiscount.com
2013-12-14 17:47:10,ak.cdiscount.com
2013-12-14 17:47:15,ak.cdiscount.com
2013-12-14 17:47:19,ak.cdiscount.com
2013-12-14 17:47:24,avis.cdiscount.com
2013-12-14 17:47:24,ak.cdiscount.com
2013-12-14 17:47:33,www.google.fr
2013-12-14 17:47:38,librairie.immateriel.fr
2013-12-14 17:47:39,librairie.immateriel.fr
2013-12-14 17:49:44,www.google.fr
2013-12-14 17:49:45,www.cocktail.org
2013-12-14 17:50:03,www.google.fr
2013-12-14 17:50:04,tcosnuau.free.fr
2013-12-14 17:50:23,www.google.com
2013-12-14 17:50:23,plus.google.com
2013-12-14 17:50:25,www.google.fr
2013-12-14 17:51:49,perso.limsi.fr
2013-12-14 17:51:49,www.google.fr
2013-12-14 17:51:50,perso.limsi.fr
2013-12-14 17:54:02,plus.google.com
2013-12-14 17:58:37,www.google.fr
2013-12-14 18:00:17,safebrowsing.clients.google.com
2013-12-14 18:00:17,safebrowsing-cache.google.com
2013-12-14 18:04:01,plus.google.com
2013-12-14 18:09:05,plus.google.com
2013-12-14 18:11:23,clients1.google.com
2013-12-14 18:11:23,gtglobal-ocsp.geotrust.com
2013-12-14 18:11:28,www.google.fr
2013-12-14 18:11:29,ajax.googleapis.com
2013-12-14 18:11:29,1.gravatar.com
2013-12-14 18:11:29,0.gravatar.com
2013-12-14 18:11:29,www.guiregcapitaine.com
2013-12-14 18:11:30,www.guiregcapitaine.com
2013-12-14 18:13:12,mail.google.com
2013-12-14 18:14:23,offre-emploi.monster.fr
2013-12-14 18:14:24,media.newjobs.com
2013-12-14 18:14:24,counter.adcourier.com
2013-12-14 18:14:24,nexus.ensighten.com
2013-12-14 18:14:24,css-seeker.newjobs.com
2013-12-14 18:14:24,js-seeker.newjobs.com
2013-12-14 18:14:24,media.monster.com
2013-12-14 18:14:24,leadgenservice.monster.com
2013-12-14 18:14:25,www.google.com
2013-12-14 18:14:25,img-seeker.newjobs.com
2013-12-14 18:14:25,media.newjobs.com
2013-12-14 18:14:25,nexus.ensighten.com
2013-12-14 18:14:25,media.monster.com
2013-12-14 18:14:26,jdn.monster.com
2013-12-14 18:14:26,media.monster.com
2013-12-14 18:14:26,www.google.com
2013-12-14 18:14:26,media.newjobs.com
2013-12-14 18:14:39,js-seeker.newjobs.com
2013-12-14 18:14:39,offre-emploi.monster.fr
2013-12-14 18:14:39,css-seeker.newjobs.com
2013-12-14 18:14:40,offre-emploi.monster.fr
2013-12-14 18:14:40,www.google.com
2013-12-14 18:14:40,nexus.ensighten.com
2013-12-14 18:14:40,media.newjobs.com
2013-12-14 18:14:41,media.newjobs.com
2013-12-14 18:14:42,offre-emploi.monster.fr
2013-12-14 18:14:59,media.newjobs.com
2013-12-14 18:14:59,offre-emploi.monster.fr
2013-12-14 18:16:31,www.google.fr
2013-12-14 18:16:34,clients2.google.com
2013-12-14 18:16:35,www.google.com
2013-12-14 18:16:35,chatenabled.mail.google.com
2013-12-14 18:18:11,plus.google.com
2013-12-14 18:18:42,apis.google.com
2013-12-14 18:28:13,plus.google.com
2013-12-14 18:29:29,safebrowsing-cache.google.com
2013-12-14 18:29:29,safebrowsing.clients.google.com
2013-12-14 18:38:13,plus.google.com
2013-12-14 18:48:13,plus.google.com
2013-12-14 18:58:14,plus.google.com
2013-12-14 18:59:00,safebrowsing.clients.google.com
2013-12-14 18:59:00,safebrowsing-cache.google.com
2013-12-14 19:08:12,plus.google.com
2013-12-14 19:18:12,plus.google.com
2013-12-14 19:28:14,plus.google.com
2013-12-14 19:29:10,safebrowsing-cache.google.com
2013-12-14 19:29:10,safebrowsing.clients.google.com
2013-12-14 19:38:13,plus.google.com
2013-12-14 19:48:13,plus.google.com
2013-12-14 19:57:48,safebrowsing-cache.google.com
2013-12-14 19:57:48,safebrowsing.clients.google.com
2013-12-14 19:58:14,plus.google.com
2013-12-14 20:00:34,gtssl-ocsp.geotrust.com
2013-12-14 20:08:13,plus.google.com
2013-12-14 20:18:15,plus.google.com
2013-12-14 20:28:13,plus.google.com
2013-12-14 20:28:39,safebrowsing-cache.google.com
2013-12-14 20:28:39,safebrowsing.clients.google.com
2013-12-14 20:38:14,plus.google.com
2013-12-14 20:48:13,plus.google.com
2013-12-14 20:58:14,plus.google.com
2013-12-14 20:59:32,safebrowsing.clients.google.com
2013-12-14 20:59:32,safebrowsing-cache.google.com
2013-12-14 21:08:14,plus.google.com
2013-12-14 21:18:14,plus.google.com
2013-12-14 21:28:13,safebrowsing.clients.google.com
2013-12-14 21:28:13,safebrowsing-cache.google.com
2013-12-14 21:28:14,plus.google.com
2013-12-14 21:38:15,plus.google.com
2013-12-14 21:48:16,plus.google.com
2013-12-14 21:53:20,plus.google.com
2013-12-14 21:53:20,mail.google.com
2013-12-18 08:55:36,armmf.adobe.com
2013-12-18 08:55:38,armmf.adobe.com
2013-12-18 08:55:40,armdl.adobe.com
2013-12-18 08:57:52,gtssl-ocsp.geotrust.com
2013-12-18 08:57:53,gtssl-ocsp.geotrust.com
2013-12-18 08:57:54,clients1.google.com
2013-12-18 08:57:54,gtglobal-ocsp.geotrust.com
2013-12-18 08:58:00,geo.mozilla.org
2013-12-18 08:59:43,clients1.google.com
2013-12-18 08:59:47,clients1.google.com
2013-12-18 08:59:49,www.google.fr
2013-12-18 08:59:50,ocsp.usertrust.com
2013-12-18 08:59:50,clients1.google.com
2013-12-18 08:59:50,ocsp.tcs.terena.org
2013-12-18 09:00:22,javadl-esd-secure.oracle.com
2013-12-18 09:00:50,sb-ssl.google.com
2013-12-18 09:02:25,safebrowsing.clients.google.com
2013-12-18 09:02:25,safebrowsing-cache.google.com
2013-12-18 09:02:26,safebrowsing-cache.google.com
2013-12-18 09:02:43,www.google.fr
2013-12-18 09:02:43,id.google.fr
2013-12-18 09:02:43,plus.google.com
2013-12-18 09:02:43,apis.google.com
2013-12-18 09:03:28,drive.google.com
2013-12-18 09:03:28,www.google.com
2013-12-18 09:03:39,javadl-esd-secure.oracle.com
2013-12-18 09:03:49,ocsp.thawte.com
2013-12-18 09:05:49,ocsp.verisign.com
2013-12-18 09:07:48,ocsp.digicert.com
2013-12-18 09:07:49,ocsp.digicert.com
2013-12-18 09:34:05,safebrowsing.clients.google.com
2013-12-18 09:34:05,safebrowsing-cache.google.com
2013-12-18 15:58:52,javadl-esd-secure.oracle.com
2013-12-18 16:05:15,javadl-esd-secure.oracle.com
2013-12-18 17:08:59,www.google.com
2013-12-18 17:08:59,clients1.google.com
2013-12-18 17:08:59,gtglobal-ocsp.geotrust.com
2013-12-18 17:09:00,gtglobal-ocsp.geotrust.com
2013-12-18 17:09:01,clients1.google.com
2013-12-18 17:09:02,clients1.google.com
2013-12-18 17:09:47,www.google.fr
2013-12-18 17:09:48,clients1.google.com
2013-12-18 17:09:48,ocsp.tcs.terena.org
2013-12-18 17:09:51,ocsp.usertrust.com
2013-12-18 17:10:04,safebrowsing-cache.google.com
2013-12-18 17:10:04,safebrowsing.clients.google.com
2013-12-18 17:11:58,www.google.com
2013-12-18 17:11:59,plus.google.com
2013-12-18 17:11:59,apis.google.com
2013-12-18 17:12:38,www.google.fr
2013-12-18 17:18:26,www.developpez.be
2013-12-18 17:18:26,www.google.com
2013-12-18 17:18:26,www.developpez.com
2013-12-18 17:18:26,oracle.developpez.com
2013-12-18 17:18:26,www.google.fr
2013-12-18 17:18:27,premium.hi-mediaserver.com
2013-12-18 17:18:27,jigsaw.w3.org
2013-12-18 17:18:27,www.w3.org
2013-12-18 17:18:27,www.google.com
2013-12-18 17:18:27,www.developpez.be
2013-12-18 17:18:27,oracle.developpez.com
2013-12-18 17:18:28,oracle.developpez.com
2013-12-18 17:18:28,www.facebook.com
2013-12-18 17:21:04,www.google.com
2013-12-18 17:21:06,www.google.fr
2013-12-18 17:21:07,plus.google.com
2013-12-23 10:51:26,armmf.adobe.com
2013-12-23 10:51:29,armmf.adobe.com
2013-12-23 10:51:34,armdl.adobe.com
2013-12-23 10:51:58,gtssl-ocsp.geotrust.com
2013-12-23 10:53:31,clients1.google.com
2013-12-23 10:53:31,gtglobal-ocsp.geotrust.com
2013-12-23 10:53:31,www.google.com
2013-12-23 10:53:34,clients1.google.com
2013-12-23 10:53:36,clients1.google.com
2013-12-23 10:55:14,safebrowsing.clients.google.com
2013-12-23 10:55:15,safebrowsing-cache.google.com
2013-12-23 10:55:16,safebrowsing-cache.google.com
2013-12-23 10:55:17,safebrowsing-cache.google.com
2013-12-23 10:55:18,safebrowsing-cache.google.com
2013-12-23 10:55:19,safebrowsing-cache.google.com
2013-12-23 10:55:20,safebrowsing-cache.google.com
2013-12-23 10:55:21,safebrowsing-cache.google.com
2013-12-23 10:55:22,safebrowsing-cache.google.com
2013-12-23 10:55:23,safebrowsing-cache.google.com
2013-12-23 10:55:24,safebrowsing-cache.google.com
2013-12-23 10:55:25,safebrowsing-cache.google.com
2013-12-23 10:55:26,safebrowsing-cache.google.com
2013-12-23 10:56:12,javadl-esd-secure.oracle.com
2013-12-23 10:56:32,www.google.com
2013-12-23 10:56:33,id.google.fr
2013-12-23 10:56:33,plus.google.com
2013-12-23 10:56:33,apis.google.com
2013-12-23 10:56:34,www.google.fr
2013-12-23 10:57:55,ocsp.thawte.com
2013-12-23 10:59:55,ocsp.verisign.com
2013-12-23 11:01:55,ocsp.digicert.com
2013-12-23 11:07:31,plus.google.com
2013-12-23 11:16:44,plus.google.com
2013-12-23 11:23:57,safebrowsing-cache.google.com
2013-12-23 11:23:57,safebrowsing.clients.google.com
2013-12-23 11:23:58,safebrowsing-cache.google.com
2013-12-23 11:23:59,safebrowsing-cache.google.com
2013-12-23 11:24:00,safebrowsing-cache.google.com
2013-12-23 11:26:44,plus.google.com
2013-12-23 11:36:45,plus.google.com
2013-12-23 11:46:45,plus.google.com
2013-12-23 11:55:16,safebrowsing.clients.google.com
2013-12-23 11:55:16,safebrowsing-cache.google.com
2013-12-23 11:55:17,safebrowsing-cache.google.com
2013-12-23 11:56:45,plus.google.com
2013-12-23 12:06:45,plus.google.com
2013-12-23 12:16:46,plus.google.com
2013-12-23 12:26:38,safebrowsing.clients.google.com
2013-12-23 12:26:39,safebrowsing-cache.google.com
2013-12-23 12:26:40,safebrowsing-cache.google.com
2013-12-23 12:26:41,safebrowsing-cache.google.com
2013-12-23 12:26:46,plus.google.com
2013-12-23 12:36:46,plus.google.com
2013-12-23 12:46:46,plus.google.com
2013-12-23 12:56:47,plus.google.com
2013-12-23 12:56:57,safebrowsing-cache.google.com
2013-12-23 12:56:57,safebrowsing.clients.google.com
2013-12-23 12:56:58,safebrowsing-cache.google.com
2013-12-23 13:06:47,plus.google.com
2013-12-23 13:16:47,plus.google.com
2013-12-23 13:26:21,safebrowsing.clients.google.com
2013-12-23 13:26:21,safebrowsing-cache.google.com
2013-12-23 13:26:22,safebrowsing-cache.google.com
2013-12-23 13:26:23,safebrowsing-cache.google.com
2013-12-23 13:26:47,plus.google.com
2013-12-23 13:36:48,plus.google.com
2013-12-23 13:46:48,plus.google.com
2013-12-23 13:56:48,plus.google.com
2013-12-23 13:57:10,safebrowsing-cache.google.com
2013-12-23 13:57:10,safebrowsing.clients.google.com
2013-12-23 14:06:49,plus.google.com
2013-12-23 14:16:49,plus.google.com
2013-12-23 14:25:21,safebrowsing.clients.google.com
2013-12-23 14:25:22,safebrowsing-cache.google.com
2013-12-23 14:25:23,safebrowsing-cache.google.com
2013-12-23 14:25:24,safebrowsing-cache.google.com
2013-12-23 14:26:49,plus.google.com
2013-12-23 14:36:50,plus.google.com
2013-12-23 14:46:50,plus.google.com
2013-12-23 14:53:30,javadl-esd-secure.oracle.com
2013-12-23 14:53:42,dl.javafx.com
2013-12-23 14:55:22,safebrowsing-cache.google.com
2013-12-23 14:55:22,safebrowsing.clients.google.com
2013-12-23 14:55:23,safebrowsing-cache.google.com
2013-12-23 14:55:24,safebrowsing-cache.google.com
2013-12-23 15:24:43,safebrowsing-cache.google.com
2013-12-23 15:24:43,safebrowsing.clients.google.com
2014-01-18 11:51:34,armmf.adobe.com
2014-01-18 11:51:36,armmf.adobe.com
2014-01-18 11:51:37,armmf.adobe.com
2014-01-18 11:51:39,armmf.adobe.com
2014-01-18 11:51:42,armdl.adobe.com
2014-01-18 11:56:22,javadl-esd-secure.oracle.com
2014-01-18 12:03:37,javadl-esd-secure.oracle.com
2014-01-18 12:05:21,gtssl-ocsp.geotrust.com
2014-01-18 12:05:22,clients1.google.com
2014-01-18 12:05:22,gtglobal-ocsp.geotrust.com
2014-01-18 12:05:23,gtssl-ocsp.geotrust.com
2014-01-18 12:05:24,clients1.google.com
2014-01-18 12:05:25,clients1.google.com
2014-01-18 12:05:28,geo.mozilla.org
2014-01-18 12:05:28,clients1.google.com
2014-01-18 12:05:36,clients1.google.com
2014-01-18 12:05:44,clients1.google.com
2014-01-18 12:06:48,safebrowsing.clients.google.com
2014-01-18 12:06:48,safebrowsing-cache.google.com
2014-01-18 12:08:17,sb-ssl.google.com
2014-01-18 12:08:21,www.google.fr
2014-01-18 12:08:30,accounts.google.fr
2014-01-18 12:08:30,accounts.youtube.com
2014-01-18 12:08:31,accounts.google.co.ma
2014-01-18 12:08:35,www.google.com
2014-01-18 12:08:36,clients2.google.com
2014-01-18 12:08:37,accounts.google.com
2014-01-18 12:08:37,plus.google.com
2014-01-18 12:08:38,apis.google.com
2014-01-18 12:08:39,chatenabled.mail.google.com
2014-01-18 12:11:18,ocsp.thawte.com
2014-01-18 12:13:18,ocsp.verisign.com
2014-01-18 12:15:19,ocsp.digicert.com
2014-01-18 12:19:40,plus.google.com
2014-01-18 12:28:48,plus.google.com
2014-01-18 12:38:42,safebrowsing.clients.google.com
2014-01-18 12:38:43,safebrowsing-cache.google.com
2014-01-18 12:38:44,safebrowsing-cache.google.com
2014-01-18 12:38:49,plus.google.com
2014-01-18 12:48:48,plus.google.com
2014-01-18 12:58:49,plus.google.com
2014-01-18 13:07:01,mail.google.com
2014-01-18 13:08:49,plus.google.com
2014-01-18 13:09:15,safebrowsing.clients.google.com
2014-01-18 13:09:15,safebrowsing-cache.google.com
2014-01-18 13:18:49,plus.google.com
2014-01-18 13:28:50,plus.google.com
2014-01-18 13:31:58,mail.google.com
2014-01-18 14:22:10,javadl-esd-secure.oracle.com
2014-01-18 14:22:14,javadl-esd-secure.oracle.com
2014-01-18 14:24:32,gtglobal-ocsp.geotrust.com
2014-01-18 14:24:32,clients1.google.com
2014-01-18 14:24:33,clients1.google.com
2014-01-18 14:24:35,clients1.google.com
2014-01-18 14:24:42,clients1.google.com
2014-01-18 14:24:43,clients1.google.com
2014-01-18 14:27:29,www.google.fr
2014-01-18 14:27:34,clients2.google.com
2014-01-18 14:27:34,www.google.com
2014-01-18 14:27:35,plus.google.com
2014-01-18 14:27:37,accounts.google.com
2014-01-18 14:27:37,apis.google.com
2014-01-18 14:27:38,chatenabled.mail.google.com
2014-01-18 14:27:53,safebrowsing.clients.google.com
2014-01-18 14:27:53,safebrowsing-cache.google.com
2014-01-18 14:37:47,plus.google.com
2014-01-18 14:44:10,apis.google.com
2014-01-18 14:47:46,plus.google.com
2014-01-18 14:57:47,plus.google.com
2014-01-18 14:59:42,safebrowsing.clients.google.com
2014-01-18 14:59:43,safebrowsing-cache.google.com
2014-01-18 14:59:44,safebrowsing-cache.google.com
2014-01-18 15:07:48,plus.google.com
2014-01-18 15:17:47,plus.google.com
2014-01-18 15:24:49,mail.google.com
2014-01-18 15:27:48,plus.google.com
2014-01-18 15:27:58,safebrowsing-cache.google.com
2014-01-18 15:27:58,safebrowsing.clients.google.com
2014-01-18 15:27:59,safebrowsing-cache.google.com
2014-01-18 15:37:48,plus.google.com
2014-01-18 15:47:48,plus.google.com
2014-01-18 15:56:54,safebrowsing.clients.google.com
2014-01-18 15:56:54,safebrowsing-cache.google.com
2014-01-18 15:56:55,safebrowsing-cache.google.com
2014-01-18 15:57:48,plus.google.com
2014-01-18 16:07:49,plus.google.com
2014-01-18 16:17:49,plus.google.com
2014-01-18 16:25:06,safebrowsing.clients.google.com
2014-01-18 16:25:06,safebrowsing-cache.google.com
2014-01-18 16:25:22,mail.google.com
2014-01-18 16:27:49,plus.google.com
2014-01-18 16:27:59,mail.google.com
2014-01-29 13:39:19,armmf.adobe.com
2014-01-29 13:39:21,armmf.adobe.com
2014-01-29 13:39:23,armmf.adobe.com
2014-01-29 13:39:27,armdl.adobe.com
2014-01-29 13:42:57,gtssl-ocsp.geotrust.com
2014-01-29 13:43:04,www.google.com
2014-01-29 13:43:04,clients1.google.com
2014-01-29 13:43:05,gtglobal-ocsp.geotrust.com
2014-01-29 13:43:06,clients1.google.com
2014-01-29 13:43:09,www.google.fr
2014-01-29 13:43:09,ocsp.tcs.terena.org
2014-01-29 13:43:09,clients1.google.com
2014-01-29 13:43:09,ocsp.usertrust.com
2014-01-29 13:44:10,javadl-esd-secure.oracle.com
2014-01-29 13:44:16,javadl-esd-secure.oracle.com
2014-01-29 13:44:21,dl.javafx.com
2014-01-29 13:44:25,clients1.google.com
2014-01-29 13:44:43,clients1.google.com
2014-01-29 13:44:44,clients1.google.com
2014-01-29 13:46:02,mw2.google.com
2014-01-29 13:47:11,www.google.fr
2014-01-29 13:47:22,accounts.google.com
2014-01-29 13:47:23,safebrowsing.clients.google.com
2014-01-29 13:47:24,safebrowsing-cache.google.com
2014-01-29 13:47:25,safebrowsing-cache.google.com
2014-01-29 13:47:40,plus.google.com
2014-01-29 13:47:40,apis.google.com
2014-01-29 13:48:34,www.google.com
2014-01-29 13:48:56,ocsp.thawte.com
2014-01-29 13:50:56,ocsp.verisign.com
2014-01-29 13:52:56,ocsp.digicert.com
2014-01-29 13:57:50,plus.google.com
2014-01-29 13:58:14,www.talend.com
2014-01-29 14:07:51,plus.google.com
2014-01-29 14:15:39,safebrowsing.clients.google.com
2014-01-29 14:15:39,safebrowsing-cache.google.com
2014-01-29 14:17:50,plus.google.com
2014-01-29 14:27:51,plus.google.com
2014-01-29 14:37:51,plus.google.com
2014-01-29 14:43:55,safebrowsing.clients.google.com
2014-01-29 14:43:55,safebrowsing-cache.google.com
2014-01-29 14:43:56,safebrowsing-cache.google.com
2014-01-29 14:45:54,gtglobal-ocsp.geotrust.com
2014-01-29 14:45:54,clients1.google.com
2014-01-29 14:46:11,clients1.google.com
2014-01-29 14:46:14,clients1.google.com
2014-01-29 14:46:16,clients1.google.com
2014-01-29 14:48:51,www.google.fr
2014-01-29 14:49:08,www.google.com
2014-01-29 14:49:09,clients2.google.com
2014-01-29 14:49:09,plus.google.com
2014-01-29 14:49:09,accounts.google.com
2014-01-29 14:49:11,chatenabled.mail.google.com
2014-01-29 14:49:23,drive.google.com
2014-01-29 14:52:36,apis.google.com
2014-01-29 14:52:47,drive.google.com
2014-01-29 14:52:52,clients6.google.com
2014-01-29 14:53:19,plus.google.com
2014-01-29 14:59:19,plus.google.com
2014-01-29 15:09:20,plus.google.com
2014-01-29 15:15:11,safebrowsing.clients.google.com
2014-01-29 15:15:11,safebrowsing-cache.google.com
2014-01-29 15:19:19,plus.google.com
2014-01-29 15:23:18,ocsp.tcs.terena.org
2014-01-29 15:23:18,ocsp.usertrust.com
2014-01-29 15:29:09,go.microsoft.com
2014-01-29 15:29:09,shell.windows.com
2014-01-29 15:29:10,shell.windows.com
2014-01-29 15:29:11,shell.windows.com
2014-01-29 15:29:20,plus.google.com
2014-01-29 15:30:01,logging.windows.microsoft.com
2014-01-29 15:30:15,search.windows.microsoft.com
2014-01-29 15:30:21,logging.windows.microsoft.com
2014-01-29 15:33:03,shell.windows.com
2014-01-29 15:33:03,go.microsoft.com
2014-01-29 15:33:04,shell.windows.com
2014-01-29 15:37:48,java.sun.com
2014-01-29 15:37:50,download.oracle.com
2014-01-29 15:37:50,docs.oracle.com
2014-01-29 15:39:20,plus.google.com
2014-01-29 15:44:15,safebrowsing.clients.google.com
2014-01-29 15:44:15,safebrowsing-cache.google.com
2014-01-29 15:45:45,java.sun.com
2014-01-29 15:45:47,download.oracle.com
2014-01-29 15:45:48,docs.oracle.com
2014-01-29 15:46:59,mail.google.com
2014-01-29 15:49:20,plus.google.com
2014-01-29 15:59:20,plus.google.com
2014-01-29 16:09:21,plus.google.com
2014-01-29 16:13:32,safebrowsing.clients.google.com
2014-01-29 16:13:32,safebrowsing-cache.google.com
2014-01-29 16:19:21,plus.google.com
2014-01-29 16:29:21,plus.google.com
2014-01-29 16:32:06,www.oracle.com
2014-01-29 16:32:07,apex.oracle.com
2014-01-29 16:32:07,www.oracle.com
2014-01-29 16:39:21,plus.google.com
2014-01-29 16:42:12,safebrowsing-cache.google.com
2014-01-29 16:42:12,safebrowsing.clients.google.com
2014-01-29 16:42:13,safebrowsing-cache.google.com
2014-01-29 16:43:37,www.talend.com
2014-01-29 16:43:38,www.talend.com
2014-01-29 16:44:46,www.oracle.com
2014-01-29 16:44:47,apex.oracle.com
2014-01-29 16:44:47,www.oracle.com
2014-01-29 16:45:32,apex.oracle.com
2014-01-29 16:45:33,www.oracleimg.com
2014-01-29 16:46:49,www.oracle.com
2014-01-29 16:46:50,www.oracle.com
2014-01-29 16:46:50,apex.oracle.com
2014-01-29 16:47:55,plus.google.com
2014-01-29 16:48:41,mail.google.com
2014-01-29 16:49:33,www.oracle.com
2014-01-29 16:49:34,www.oracle.com
2014-01-29 16:49:34,apex.oracle.com
2014-01-29 16:49:35,www.oracle.com
2014-01-29 17:02:29,www.talend.com
2014-01-29 17:03:25,www.talendforge.org
2014-01-29 17:04:53,www.oracle.com
2014-01-29 17:04:53,consent-st.truste.com
2014-01-29 17:04:53,www.oracleimg.com
2014-01-29 17:04:54,consent-st.truste.com
2014-01-29 17:04:54,www.oracleimg.com
2014-01-29 17:04:54,www.oracle.com
2014-01-29 17:04:54,img03.en25.com
2014-01-29 17:04:55,s1973398186.t.eloqua.com
2014-01-29 17:04:55,www.oracle.com
2014-01-29 17:04:55,ajax.googleapis.com
2014-01-29 17:08:14,www.talendforge.org
2014-01-29 17:08:17,www.talendforge.org
2014-01-29 17:11:50,safebrowsing-cache.google.com
2014-01-29 17:11:50,safebrowsing.clients.google.com
2014-01-29 17:17:19,www.oracleimg.com
2014-01-29 17:29:06,www.google.com
2014-01-29 17:29:07,www.google.com
2014-01-29 17:29:07,gtglobal-ocsp.geotrust.com
2014-01-29 17:29:07,clients1.google.com
2014-01-29 17:29:09,clients1.google.com
2014-01-29 17:29:10,clients1.google.com
2014-01-29 17:29:11,www.google.fr
2014-01-29 17:29:12,ocsp.tcs.terena.org
2014-01-29 17:29:14,ocsp.usertrust.com
2014-01-29 17:29:38,safebrowsing-cache.google.com
2014-01-29 17:29:38,safebrowsing.clients.google.com
2014-01-29 17:30:01,ocsp.godaddy.com
2014-01-29 17:30:02,clients1.google.com
2014-01-29 17:30:02,ocsp.digicert.com
2014-01-29 17:30:13,ocsp.digicert.com
2014-01-29 17:32:03,www.google.com
2014-01-29 17:32:05,plus.google.com
2014-01-29 17:32:05,www.google.fr
2014-01-29 17:32:57,ajax.googleapis.com
2014-01-29 17:33:10,www.dropbox.com
2014-02-22 16:22:09,armmf.adobe.com
2014-02-22 16:22:11,armmf.adobe.com
2014-02-22 16:22:51,www.oracle.com
2014-02-22 16:22:52,www.oracle.com
2014-02-22 16:22:52,apex.oracle.com
2014-02-22 16:22:54,armmf.adobe.com
2014-02-22 16:22:56,armmf.adobe.com
2014-02-22 16:26:16,javadl-esd-secure.oracle.com
2014-02-22 17:33:19,www.oracle.com
2014-02-22 17:33:20,apex.oracle.com
2014-02-22 17:33:20,www.oracle.com
2014-02-22 17:34:04,ocsp.thawte.com
2014-02-22 17:34:05,gtssl-ocsp.geotrust.com
2014-02-22 17:34:06,gtssl-ocsp.geotrust.com
2014-02-22 17:34:12,geo.mozilla.org
2014-02-22 17:35:21,gtglobal-ocsp.geotrust.com
2014-02-22 17:35:21,clients1.google.com
2014-02-22 17:35:23,clients1.google.com
2014-02-22 17:35:24,clients1.google.com
2014-02-22 17:35:26,clients1.google.com
2014-02-22 17:35:30,clients1.google.com
2014-02-22 17:35:31,clients1.google.com
2014-02-22 17:36:43,javadl-esd-secure.oracle.com
2014-02-22 17:37:03,javadl-esd-secure.oracle.com
2014-02-22 17:38:16,sb-ssl.google.com
2014-02-22 17:38:19,www.google.fr
2014-02-22 17:38:21,safebrowsing-cache.google.com
2014-02-22 17:38:21,safebrowsing.clients.google.com
2014-02-22 17:38:22,safebrowsing-cache.google.com
2014-02-22 17:38:23,www.google.com
2014-02-22 17:38:24,apis.google.com
2014-02-22 17:38:24,clients2.google.com
2014-02-22 17:38:24,accounts.google.com
2014-02-22 17:38:25,chatenabled.mail.google.com
2014-02-22 17:39:17,drive.google.com
2014-02-22 17:40:22,plus.google.com
2014-02-22 17:42:03,ocsp.verisign.com
2014-02-22 17:44:03,ocsp.digicert.com
2014-02-22 17:48:35,plus.google.com
2014-02-22 17:58:36,plus.google.com
2014-02-22 18:08:35,plus.google.com
2014-02-22 18:08:41,safebrowsing.clients.google.com
2014-02-22 18:08:41,safebrowsing-cache.google.com
2014-02-22 18:08:42,safebrowsing-cache.google.com
2014-02-22 18:18:36,plus.google.com
2014-02-22 18:28:36,plus.google.com
2014-02-22 18:37:42,mail.google.com
2014-02-22 18:38:36,plus.google.com
2014-02-22 18:40:08,safebrowsing-cache.google.com
2014-02-22 18:40:08,safebrowsing.clients.google.com
2014-02-22 18:40:09,safebrowsing-cache.google.com
2014-02-22 18:48:37,plus.google.com
2014-02-22 18:54:43,plus.google.com
2014-02-22 18:54:43,mail.google.com
2014-02-22 20:56:54,ocsp.thawte.com
2014-02-22 20:56:59,gtglobal-ocsp.geotrust.com
2014-02-22 20:56:59,clients1.google.com
2014-02-22 20:57:02,clients1.google.com
2014-02-22 20:57:05,clients1.google.com
2014-02-22 20:57:06,clients1.google.com
2014-02-22 20:57:12,javadl-esd-secure.oracle.com
2014-02-22 20:59:55,www.google.fr
2014-02-22 20:59:59,www.google.com
2014-02-22 20:59:59,clients2.google.com
2014-02-22 21:00:00,accounts.google.com
2014-02-22 21:00:01,chatenabled.mail.google.com
2014-02-22 21:00:50,safebrowsing.clients.google.com
2014-02-22 21:00:50,safebrowsing-cache.google.com
2014-02-22 21:00:51,safebrowsing-cache.google.com
2014-02-22 21:01:57,www.oracle.com
2014-02-22 21:01:58,apex.oracle.com
2014-02-22 21:01:58,www.oracle.com
2014-02-22 21:02:05,apis.google.com
2014-02-22 21:03:03,drive.google.com
2014-02-22 21:04:00,plus.google.com
2014-02-22 21:10:11,plus.google.com
2014-02-22 21:20:11,plus.google.com
2014-02-22 21:30:13,plus.google.com
2014-02-22 21:31:23,safebrowsing.clients.google.com
2014-02-22 21:31:23,safebrowsing-cache.google.com
2014-02-22 21:31:26,www.google.fr
2014-02-22 21:31:26,sqlpro.developpez.com
2014-02-22 21:31:27,www.developpez.com
2014-02-22 21:31:27,sqlpro.developpez.com
2014-02-22 21:31:27,www.google.com
2014-02-22 21:31:28,sqlpro.developpez.com
2014-02-22 21:31:28,www.developpez.com
2014-02-22 21:31:29,www.google.com
2014-02-22 21:31:29,www.developpez.com
2014-02-22 21:31:29,sqlpro.developpez.com
2014-02-22 21:31:30,sqlpro.developpez.com
2014-02-22 21:31:30,premium.hi-mediaserver.com
2014-02-22 21:31:30,www.developpez.com
2014-02-22 21:31:31,www.facebook.com
2014-02-22 21:33:49,sqlpro.developpez.com
2014-02-22 21:34:06,www.google.com
2014-02-22 21:34:07,plus.google.com
2014-02-22 21:34:17,www.google.fr
2014-02-22 21:40:14,plus.google.com
2014-02-22 21:50:14,plus.google.com
2014-02-22 21:57:53,mail.google.com
2014-02-22 22:00:14,plus.google.com
2014-02-22 22:01:15,safebrowsing.clients.google.com
2014-02-22 22:01:15,safebrowsing-cache.google.com
2014-02-22 22:10:15,plus.google.com
2014-02-22 22:20:16,plus.google.com
2014-02-22 22:30:16,plus.google.com
2014-02-22 22:31:11,safebrowsing-cache.google.com
2014-02-22 22:31:11,safebrowsing.clients.google.com
2014-02-22 22:40:16,plus.google.com
2014-02-22 22:50:16,plus.google.com
2014-02-22 22:58:59,mail.google.com
2014-02-22 23:00:16,plus.google.com
2014-02-22 23:01:18,safebrowsing.clients.google.com
2014-02-22 23:01:18,safebrowsing-cache.google.com
2014-02-22 23:10:16,plus.google.com
2014-02-22 23:20:17,plus.google.com
2014-02-22 23:30:17,plus.google.com
2014-02-22 23:30:57,safebrowsing.clients.google.com
2014-02-22 23:30:57,safebrowsing-cache.google.com
2014-02-22 23:40:54,plus.google.com
2014-02-22 23:45:03,mail.google.com
2014-04-03 18:32:50,armmf.adobe.com
2014-04-03 18:32:52,armmf.adobe.com
2014-04-03 18:33:34,armmf.adobe.com
2014-04-03 18:33:37,armmf.adobe.com
2014-04-03 18:36:57,javadl-esd-secure.oracle.com
